open_time,open,high,low,close,volume
2026-07-26T22:00:00+00:00,84.61000061,85.02999878,83.87999725,84.37000275,5408
2026-07-26T22:30:00+00:00,84.34999847,84.87999725,84.26000214,84.80000305,2943
2026-07-26T23:00:00+00:00,84.80999756,85.13999939,84.77999878,84.91999817,3495
2026-07-26T23:30:00+00:00,84.98000336,85,84.48000336,84.61000061,2822
2026-07-27T00:00:00+00:00,84.61000061,85,84.04000092,84.48000336,4998
2026-07-27T00:30:00+00:00,84.5,84.87999725,84.38999939,84.77999878,2288
2026-07-27T01:00:00+00:00,84.77999878,85.45999908,84.61000061,85.12000275,4373
2026-07-27T01:30:00+00:00,85.12000275,85.37000275,84.93000031,85.26999664,1952
2026-07-27T02:00:00+00:00,85.26000214,85.66000366,85.16999817,85.62999725,2491
2026-07-27T02:30:00+00:00,85.62999725,85.69999695,85.33000183,85.58000183,2291
2026-07-27T03:00:00+00:00,85.58999634,85.58999634,85.20999908,85.29000092,1953
2026-07-27T03:30:00+00:00,85.30000305,85.40000153,85.01999664,85.20999908,1306
2026-07-27T04:00:00+00:00,85.23000336,85.23000336,84.77999878,84.84999847,1974
2026-07-27T04:30:00+00:00,84.83999634,84.87000275,84.48000336,84.84999847,1699
2026-07-27T05:00:00+00:00,84.86000061,84.97000122,84.58000183,84.66999817,1337
2026-07-27T05:30:00+00:00,84.66000366,84.87999725,84.36000061,84.58000183,2168
2026-07-27T06:00:00+00:00,84.56999969,84.62999725,83.48999786,83.86000061,6234
2026-07-27T06:30:00+00:00,83.84999847,83.98000336,83.37999725,83.48000336,3990
2026-07-27T07:00:00+00:00,83.48999786,84.19000244,83.33999634,84.18000031,3363
2026-07-27T07:30:00+00:00,84.19000244,84.59999847,83.91000366,84.58999634,4154
2026-07-27T08:00:00+00:00,84.58999634,84.86000061,83.58000183,83.70999908,5974
2026-07-27T08:30:00+00:00,83.69999695,83.97000122,82.87999725,82.94000244,7012
2026-07-27T09:00:00+00:00,82.95999908,83.30000305,82.56999969,82.76000214,5170
2026-07-27T09:30:00+00:00,82.76000214,82.91999817,82.12999725,82.34999847,6507
2026-07-27T10:00:00+00:00,82.37000275,83.55999756,82.31999969,83.01999664,7311
2026-07-27T10:30:00+00:00,83.01000214,83.31999969,82.93000031,83.26999664,1973
2026-07-27T11:00:00+00:00,83.25,83.81999969,83.12999725,83.77999878,3129
2026-07-27T11:30:00+00:00,83.79000092,83.94999695,83.02999878,83.36000061,4035
2026-07-27T12:00:00+00:00,83.38999939,84.23999786,83.37999725,84.08999634,6417
2026-07-27T12:30:00+00:00,84.12000275,84.33999634,83.80999756,84.02999878,5747
2026-07-27T13:00:00+00:00,84.01000214,84.55000305,83.87000275,84.48999786,5076
2026-07-27T13:30:00+00:00,84.48000336,84.51000214,83.68000031,84.22000122,6812
2026-07-27T14:00:00+00:00,84.23000336,84.27999878,83.44999695,83.65000153,5670
2026-07-27T14:30:00+00:00,83.63999939,83.84999847,83.48000336,83.55999756,3553
2026-07-27T15:00:00+00:00,83.58000183,83.84999847,83.01000214,83.16999817,6539
2026-07-27T15:30:00+00:00,83.16000366,83.44000244,82.98000336,83.40000153,3580
2026-07-27T16:00:00+00:00,83.38999939,83.77999878,82.83000183,83.05000305,8482
2026-07-27T16:30:00+00:00,83.04000092,83.26000214,82.33000183,82.83000183,6794
2026-07-27T17:00:00+00:00,82.86000061,82.88999939,82.51000214,82.66999817,2521
2026-07-27T17:30:00+00:00,82.63999939,83,82.58000183,82.62000275,2583
2026-07-27T18:00:00+00:00,82.62000275,82.68000031,81.98000336,82.63999939,6247
2026-07-27T18:30:00+00:00,82.65000153,82.95999908,82.09999847,82.09999847,4332
2026-07-27T19:00:00+00:00,82.15000153,82.44999695,82.04000092,82.31999969,2128
2026-07-27T19:30:00+00:00,82.31999969,82.41000366,81.88999939,81.94999695,3009
2026-07-27T20:00:00+00:00,81.93000031,82.01999664,81.66000366,81.87000275,2842
2026-07-27T20:30:00+00:00,81.86000061,82.08999634,81.62000275,81.91000366,2219
2026-07-27T22:00:00+00:00,81.91000366,82.12999725,81.68000031,81.98000336,744
2026-07-27T22:30:00+00:00,81.98000336,82.19000244,81.5,82.15000153,1635
2026-07-27T23:00:00+00:00,82.13999939,82.19000244,81.97000122,82.05000305,759
2026-07-27T23:30:00+00:00,82.02999878,82.23000336,82,82.04000092,716
2026-07-28T00:00:00+00:00,82.04000092,82.05000305,81.41000366,81.66000366,3321
2026-07-28T00:30:00+00:00,81.66000366,82.19000244,81.65000153,82.11000061,2117
2026-07-28T01:00:00+00:00,82.11000061,82.29000092,81.45999908,81.58000183,3654
2026-07-28T01:30:00+00:00,81.75,82.04000092,81.62000275,81.62999725,2161
2026-07-28T02:00:00+00:00,81.62999725,81.80000305,81.18000031,81.29000092,3702
2026-07-28T02:30:00+00:00,81.27999878,81.33000183,80.69000244,80.81999969,5163
2026-07-28T03:00:00+00:00,80.83999634,81.36000061,80.61000061,81.36000061,3319
2026-07-28T03:30:00+00:00,81.34999847,81.59999847,81.30000305,81.55999756,1674
2026-07-28T04:00:00+00:00,81.58000183,81.94999695,81.52999878,81.63999939,2025
2026-07-28T04:30:00+00:00,81.65000153,81.76000214,81.55999756,81.61000061,860
2026-07-28T05:00:00+00:00,81.62999725,81.69999695,81.47000122,81.65000153,1306
2026-07-28T05:30:00+00:00,81.66999817,82.47000122,81.66999817,82.12999725,4716
2026-07-28T06:00:00+00:00,82.13999939,82.33999634,81.95999908,82.04000092,1910
2026-07-28T06:30:00+00:00,82.61000061,82.61000061,80.61000061,80.81999969,7750
2026-07-28T07:00:00+00:00,80.80999756,81.41999817,80.66999817,81.25,3957
2026-07-28T07:30:00+00:00,81.25,81.55000305,80.55000305,80.79000092,3847
2026-07-28T08:00:00+00:00,80.79000092,80.86000061,80.26000214,80.27999878,6071
2026-07-28T08:30:00+00:00,80.26999664,80.55000305,79.80999756,80.20999908,5869
2026-07-28T09:00:00+00:00,80.19999695,81.22000122,80.19999695,80.47000122,4706
2026-07-28T09:30:00+00:00,80.47000122,80.87000275,80.41000366,80.62000275,2372
2026-07-28T10:00:00+00:00,80.63999939,81.25,80.58000183,81.16000366,2136
2026-07-28T10:30:00+00:00,81.19000244,81.47000122,80.87999725,81.13999939,2908
2026-07-28T11:00:00+00:00,81.16000366,81.40000153,80.68000031,81.38999939,3716
2026-07-28T11:30:00+00:00,81.40000153,81.91000366,81.26999664,81.70999908,3813
2026-07-28T12:00:00+00:00,81.70999908,81.73999786,81.29000092,81.58000183,3016
2026-07-28T12:30:00+00:00,81.56999969,81.68000031,80.62999725,80.80999756,5613
2026-07-28T13:00:00+00:00,80.80999756,81.40000153,80.80999756,81.19999695,4360
2026-07-28T13:30:00+00:00,81.23000336,81.66000366,80.73000336,81.44000244,5773
2026-07-28T14:00:00+00:00,81.44000244,81.83999634,81.05999756,81.12999725,5745
2026-07-28T14:30:00+00:00,81.13999939,81.66999817,80.87999725,81.43000031,4306
2026-07-28T15:00:00+00:00,81.44000244,81.58000183,79.20999908,79.43000031,19802
2026-07-28T15:30:00+00:00,79.41999817,79.61000061,78.27999878,78.37000275,17233
2026-07-28T16:00:00+00:00,78.37000275,78.65000153,78.01999664,78.25,9450
2026-07-28T16:30:00+00:00,78.26000214,78.86000061,77.77999878,78.66000366,11404
2026-07-28T17:00:00+00:00,78.66999817,79.19999695,78.30999756,79.16000366,10129
2026-07-28T17:30:00+00:00,79.15000153,79.65000153,78.97000122,79.38999939,5096
2026-07-28T18:00:00+00:00,79.41999817,79.44000244,78.79000092,79.31999969,4881
2026-07-28T18:30:00+00:00,79.31999969,79.48999786,78.94000244,79.19999695,2823
2026-07-28T19:00:00+00:00,79.22000122,79.23000336,78.87999725,78.93000031,1835
2026-07-28T19:30:00+00:00,78.91000366,79.15000153,78.90000153,79.12999725,1905
2026-07-28T20:00:00+00:00,79.15000153,79.30000305,78.97000122,79.16999817,1551
2026-07-28T20:30:00+00:00,79.16999817,79.26000214,78.80999756,79.12000275,2403
2026-07-28T22:00:00+00:00,79.84999847,82.87000275,79.84999847,82.65000153,8211
2026-07-28T22:30:00+00:00,82.69000244,83.25,82.41000366,82.66999817,6976
2026-07-28T23:00:00+00:00,82.66999817,83.31999969,82.37999725,82.51000214,5130
2026-07-28T23:30:00+00:00,82.51999664,82.75,81.80999756,81.87999725,5423
2026-07-29T00:00:00+00:00,81.87999725,82.31999969,81.62000275,81.83000183,6306
2026-07-29T00:30:00+00:00,81.84999847,82.59999847,81.84999847,82.45999908,4147
2026-07-29T01:00:00+00:00,82.45999908,82.91000366,82.30999756,82.44000244,4822
2026-07-29T01:30:00+00:00,82.44999695,83.05999756,82.44000244,82.76000214,3531
2026-07-29T02:00:00+00:00,82.75,82.83999634,82.43000031,82.44999695,1980
2026-07-29T02:30:00+00:00,82.44000244,82.44000244,82.05999756,82.30999756,3199
2026-07-29T03:00:00+00:00,82.33999634,82.61000061,82.30999756,82.38999939,2144
2026-07-29T03:30:00+00:00,82.40000153,82.79000092,82.38999939,82.70999908,1242
2026-07-29T04:00:00+00:00,82.69000244,82.69000244,82.43000031,82.44000244,896
2026-07-29T04:30:00+00:00,82.43000031,82.44999695,81.87999725,82.05999756,2589
2026-07-29T05:00:00+00:00,82.04000092,82.16000366,81.80000305,81.88999939,2044
2026-07-29T05:30:00+00:00,81.87000275,82.26999664,81.83000183,82.25,2265
2026-07-29T06:00:00+00:00,82.25,82.43000031,82,82.33000183,2674
2026-07-29T06:30:00+00:00,82.33999634,82.37999725,81.79000092,82.11000061,2597
2026-07-29T07:00:00+00:00,82.11000061,82.37000275,81.70999908,82.22000122,3148
2026-07-29T07:30:00+00:00,82.22000122,82.30999756,81.70999908,82.01999664,2474
2026-07-29T08:00:00+00:00,82.02999878,82.37999725,81.84999847,82.20999908,4003
2026-07-29T08:30:00+00:00,82.20999908,82.37000275,81.5,81.88999939,3825
2026-07-29T09:00:00+00:00,81.87999725,82.16000366,81.69999695,81.94000244,1944
2026-07-29T09:30:00+00:00,81.91999817,82.30999756,81.87999725,82.11000061,2296
2026-07-29T10:00:00+00:00,82.12000275,82.83000183,81.94999695,82.72000122,5067
2026-07-29T10:30:00+00:00,82.73000336,83.27999878,82.58999634,83.19999695,3712
2026-07-29T11:00:00+00:00,83.18000031,83.34999847,82.81999969,82.87000275,2999
2026-07-29T11:30:00+00:00,82.87999725,83.08000183,82.34999847,82.51999664,4851
2026-07-29T12:00:00+00:00,82.54000092,84.65000153,82.5,84.45999908,14842
2026-07-29T12:30:00+00:00,84.48999786,84.75,84.04000092,84.54000092,7183
2026-07-29T13:00:00+00:00,84.55000305,84.83000183,84.12000275,84.33000183,7308
2026-07-29T13:30:00+00:00,84.33000183,84.94999695,84.22000122,84.84999847,6598
2026-07-29T14:00:00+00:00,84.83999634,85.05999756,84.33000183,84.95999908,6946
2026-07-29T14:30:00+00:00,84.98999786,85.47000122,84.83999634,85.36000061,9021
2026-07-29T15:00:00+00:00,85.36000061,85.58000183,84.76999664,84.87999725,8086
2026-07-29T15:30:00+00:00,84.83999634,85.01000214,84.36000061,84.98999786,7092
2026-07-29T16:00:00+00:00,84.98999786,85.23000336,84.16999817,84.19000244,6940
2026-07-29T16:30:00+00:00,84.20999908,84.68000031,84.19000244,84.58000183,2723
2026-07-29T17:00:00+00:00,84.58999634,84.83999634,84.33999634,84.47000122,3326
2026-07-29T17:30:00+00:00,84.45999908,84.75,84.26000214,84.58000183,2969
2026-07-29T18:00:00+00:00,84.62999725,84.91999817,84.36000061,84.48000336,5960
2026-07-29T18:30:00+00:00,84.48999786,84.94000244,84.30000305,84.41999817,4021
2026-07-29T19:00:00+00:00,84.44999695,84.73999786,84.02999878,84.63999939,6604
2026-07-29T19:30:00+00:00,84.66999817,85.25,84.58000183,84.88999939,5745
2026-07-29T20:00:00+00:00,84.88999939,85.04000092,84.58999634,84.91000366,2655
2026-07-29T20:30:00+00:00,84.91000366,84.91000366,84.51000214,84.66000366,2225
2026-07-29T22:00:00+00:00,84.72000122,84.75,84.23000336,84.44000244,1428
2026-07-29T22:30:00+00:00,84.45999908,84.54000092,84.31999969,84.41999817,778
2026-07-29T23:00:00+00:00,84.41999817,84.73999786,84.11000061,84.43000031,2148
2026-07-29T23:30:00+00:00,84.41999817,84.51000214,84.15000153,84.20999908,1270
2026-07-30T00:00:00+00:00,84.20999908,84.30999756,83.02999878,83.98000336,6926
2026-07-30T00:30:00+00:00,83.97000122,84.62000275,83.87999725,84.51999664,3623
2026-07-30T01:00:00+00:00,84.51999664,84.51999664,83.73999786,83.94999695,4749
2026-07-30T01:30:00+00:00,83.98000336,84.06999969,83.63999939,83.79000092,2187
2026-07-30T02:00:00+00:00,83.76999664,83.80999756,83.43000031,83.47000122,2463
2026-07-30T02:30:00+00:00,83.44999695,83.73999786,83.25,83.43000031,3464
2026-07-30T03:00:00+00:00,83.44000244,83.66999817,83.23000336,83.62999725,1592
2026-07-30T03:30:00+00:00,83.63999939,83.76000214,83.48999786,83.66000366,942
2026-07-30T04:00:00+00:00,83.65000153,83.87000275,83.62000275,83.79000092,870
2026-07-30T04:30:00+00:00,83.77999878,84.16999817,83.65000153,84.06999969,1613
2026-07-30T05:00:00+00:00,84.06999969,84.79000092,83.98000336,84.54000092,3606
2026-07-30T05:30:00+00:00,84.54000092,85.40000153,84.52999878,85.23000336,7048
2026-07-30T06:00:00+00:00,85.20999908,85.88999939,85.08999634,85.83000183,6842
2026-07-30T06:30:00+00:00,85.81999969,85.94000244,85.30000305,85.31999969,4157
2026-07-30T07:00:00+00:00,85.30000305,85.40000153,84.58000183,85.30000305,5804
2026-07-30T07:30:00+00:00,85.30000305,85.94999695,84.94000244,85.19999695,5100
2026-07-30T08:00:00+00:00,85.16999817,85.37999725,84.61000061,84.95999908,5287
2026-07-30T08:30:00+00:00,84.97000122,85.06999969,84.30999756,84.73000336,4583
2026-07-30T09:00:00+00:00,84.73999786,84.86000061,83.84999847,84.05000305,6125
2026-07-30T09:30:00+00:00,84.04000092,84.51999664,83.91999817,84.47000122,3104
2026-07-30T10:00:00+00:00,84.48000336,84.65000153,84.11000061,84.23000336,2814
2026-07-30T10:30:00+00:00,84.25,84.29000092,83.26999664,83.76999664,5574
2026-07-30T11:00:00+00:00,83.76999664,83.94000244,83.44999695,83.65000153,2913
2026-07-30T11:30:00+00:00,83.63999939,83.73000336,83.26000214,83.54000092,2856
2026-07-30T12:00:00+00:00,83.55999756,84.38999939,83.40000153,84.25,4766
2026-07-30T12:30:00+00:00,84.20999908,84.5,83.59999847,84.47000122,5611
2026-07-30T13:00:00+00:00,84.47000122,84.5,82.91999817,83.47000122,11442
2026-07-30T13:30:00+00:00,83.48000336,83.91000366,83.30000305,83.72000122,5476
2026-07-30T14:00:00+00:00,83.76000214,84.30000305,83.62999725,83.95999908,7914
2026-07-30T14:30:00+00:00,83.94999695,84.47000122,83.93000031,84.22000122,5095
2026-07-30T15:00:00+00:00,84.20999908,84.86000061,84.05000305,84.29000092,7958
2026-07-30T15:30:00+00:00,84.30000305,84.52999878,83.58000183,84.08000183,5597
2026-07-30T16:00:00+00:00,84.08999634,84.30000305,83.51000214,83.62000275,4086
2026-07-30T16:30:00+00:00,83.62000275,84.13999939,83.54000092,84.11000061,3295
2026-07-30T17:00:00+00:00,84.09999847,84.19999695,83.72000122,83.83999634,2968
2026-07-30T17:30:00+00:00,83.84999847,84.40000153,83.62999725,84.06999969,3517
2026-07-30T18:00:00+00:00,84.08000183,84.30000305,83.47000122,83.55000305,4239
2026-07-30T18:30:00+00:00,83.55999756,83.83000183,83.48000336,83.54000092,1912
2026-07-30T19:00:00+00:00,83.54000092,83.73999786,83.44999695,83.54000092,1480
2026-07-30T19:30:00+00:00,83.52999878,83.83000183,83.44999695,83.66000366,1715
2026-07-30T20:00:00+00:00,83.65000153,84.16999817,83.58999634,84.11000061,2124
2026-07-30T20:30:00+00:00,84.09999847,84.22000122,83.86000061,83.94000244,2029
2026-07-30T22:00:00+00:00,83.90000153,84.30999756,83.86000061,84.16000366,1178
2026-07-30T22:30:00+00:00,84.15000153,84.18000031,83.93000031,84.06999969,876
2026-07-30T23:00:00+00:00,84.05999756,84.09999847,83.91999817,84.06999969,487
2026-07-30T23:30:00+00:00,84.06999969,84.13999939,83.98000336,84.06999969,607
2026-07-31T00:00:00+00:00,84.06999969,84.19999695,83.93000031,84.12999725,1275
2026-07-31T00:30:00+00:00,84.12000275,84.15000153,83.54000092,83.55999756,2161
2026-07-31T01:00:00+00:00,83.52999878,83.52999878,82.08999634,82.80000305,8135
2026-07-31T01:30:00+00:00,82.77999878,82.88999939,82.26999664,82.48000336,4101
2026-07-31T02:00:00+00:00,82.48000336,82.48000336,81.59999847,82.16999817,6842
2026-07-31T02:30:00+00:00,82.16999817,82.47000122,82.02999878,82.27999878,2523
2026-07-31T03:00:00+00:00,82.27999878,82.37999725,82.06999969,82.20999908,1525
2026-07-31T03:30:00+00:00,82.19999695,82.5,82.12999725,82.37000275,1173
2026-07-31T04:00:00+00:00,82.33999634,82.40000153,81.97000122,82.13999939,1655
2026-07-31T04:30:00+00:00,82.13999939,82.16999817,81.62999725,81.66000366,1958
2026-07-31T05:00:00+00:00,81.65000153,81.98999786,81.54000092,81.65000153,2678
2026-07-31T05:30:00+00:00,81.63999939,81.69000244,81.08000183,81.68000031,4342
2026-07-31T06:00:00+00:00,81.69000244,82.23999786,81.61000061,82.01000214,3366
2026-07-31T06:30:00+00:00,82.01999664,82.12000275,81.79000092,82.01999664,2012
2026-07-31T07:00:00+00:00,82.01000214,82.62999725,81.98999786,82.56999969,2809
2026-07-31T07:30:00+00:00,82.54000092,82.69000244,82.05000305,82.16999817,2954
2026-07-31T08:00:00+00:00,82.16999817,82.76000214,81.91999817,82.73999786,3794
2026-07-31T08:30:00+00:00,82.75,82.88999939,82.23000336,82.58000183,3232
2026-07-31T09:00:00+00:00,82.58000183,83.23999786,82.54000092,82.87999725,4335
2026-07-31T09:30:00+00:00,82.90000153,83.79000092,82.84999847,83.70999908,4126
2026-07-31T10:00:00+00:00,83.73000336,84.19000244,83.72000122,84.09999847,4235
2026-07-31T10:30:00+00:00,84.12999725,84.48999786,83.97000122,84.27999878,3391
2026-07-31T11:00:00+00:00,84.29000092,84.91999817,84.08000183,84.77999878,5854
2026-07-31T11:30:00+00:00,84.79000092,85.08999634,84.62000275,84.86000061,3611
2026-07-31T12:00:00+00:00,84.87000275,85.5,84.86000061,85.22000122,4987
2026-07-31T12:30:00+00:00,85.23000336,86.44000244,84.91999817,85.87999725,8096
2026-07-31T13:00:00+00:00,85.88999939,85.98000336,85.26999664,85.48000336,6984
2026-07-31T13:30:00+00:00,85.5,85.91999817,85.29000092,85.51999664,6045
2026-07-31T14:00:00+00:00,85.5,85.56999969,84.73999786,85.23999786,8189
2026-07-31T14:30:00+00:00,85.23000336,85.93000031,85.19000244,85.77999878,4956
2026-07-31T15:00:00+00:00,85.77999878,86,85.37000275,85.52999878,6874
2026-07-31T15:30:00+00:00,85.51999664,85.58999634,83.98999786,84.06999969,10630
2026-07-31T16:00:00+00:00,84.06999969,84.79000092,84.05999756,84.51000214,6034
2026-07-31T16:30:00+00:00,84.51999664,84.83999634,84.51999664,84.70999908,2953
2026-07-31T17:00:00+00:00,84.73000336,85.09999847,84.51999664,84.79000092,4215
2026-07-31T17:30:00+00:00,84.79000092,85.09999847,84.62000275,84.69000244,4000
2026-07-31T18:00:00+00:00,84.68000031,85.15000153,84.5,84.55999756,5513
2026-07-31T18:30:00+00:00,84.56999969,84.75,84.44000244,84.59999847,2854
2026-07-31T19:00:00+00:00,84.59999847,84.95999908,84.54000092,84.79000092,1795
2026-07-31T19:30:00+00:00,84.80000305,84.88999939,84.70999908,84.76000214,1418
2026-07-31T20:00:00+00:00,84.75,84.80000305,84.45999908,84.61000061,1566
2026-07-31T20:30:00+00:00,84.62999725,86.91000366,84.47000122,84.66999817,6911
2026-08-02T22:00:00+00:00,80.04000092,81.05000305,79.83000183,80.65000153,7411
2026-08-02T22:30:00+00:00,80.65000153,81.33000183,80.54000092,81.25,3932
2026-08-02T23:00:00+00:00,81.23000336,81.30000305,80.75,80.83999634,3363
2026-08-02T23:30:00+00:00,80.83999634,80.87000275,80.41000366,80.72000122,3222
2026-08-03T00:00:00+00:00,80.70999908,81.01000214,80.43000031,80.48000336,2768
2026-08-03T00:30:00+00:00,80.45999908,80.76999664,80.30000305,80.62000275,2163
2026-08-03T01:00:00+00:00,80.62999725,80.80000305,80.37999725,80.41000366,3566
2026-08-03T01:30:00+00:00,80.40000153,80.59999847,80.01999664,80.11000061,3443
2026-08-03T02:00:00+00:00,80.11000061,80.29000092,79.90000153,80.12999725,2319
2026-08-03T02:30:00+00:00,80.13999939,80.37999725,79.56999969,79.70999908,3963
2026-08-03T03:00:00+00:00,79.69999695,79.97000122,79.63999939,79.90000153,2416
2026-08-03T03:30:00+00:00,79.88999939,80.16000366,79.77999878,79.79000092,1911
2026-08-03T04:00:00+00:00,79.73000336,79.83999634,79.58000183,79.66999817,1592
2026-08-03T04:30:00+00:00,79.66000366,79.83000183,79.5,79.51999664,1482
2026-08-03T05:00:00+00:00,79.51999664,79.61000061,79.34999847,79.48000336,1667
2026-08-03T05:30:00+00:00,79.44999695,79.88999939,79.37999725,79.66000366,1940
2026-08-03T06:00:00+00:00,79.65000153,79.72000122,79.20999908,79.26000214,2571
2026-08-03T06:30:00+00:00,79.25,79.37999725,78.87999725,79.09999847,3389
2026-08-03T07:00:00+00:00,79.09999847,80.43000031,79.06999969,79.73000336,7505
2026-08-03T07:30:00+00:00,79.75,80.05999756,79.33999634,79.70999908,4155
2026-08-03T08:00:00+00:00,79.68000031,80.05999756,79.56999969,79.79000092,3097
2026-08-03T08:30:00+00:00,79.77999878,80.66000366,79.72000122,80.27999878,4539
2026-08-03T09:00:00+00:00,80.26999664,80.33000183,79.66999817,79.81999969,3010
2026-08-03T09:30:00+00:00,79.81999969,80.08000183,79.47000122,80.02999878,3345
2026-08-03T10:00:00+00:00,80.04000092,80.04000092,79.51000214,79.70999908,2840
2026-08-03T10:30:00+00:00,79.73999786,79.76000214,79.30999756,79.48999786,2132
2026-08-03T11:00:00+00:00,79.5,79.90000153,79.34999847,79.84999847,2320
2026-08-03T11:30:00+00:00,79.81999969,79.87999725,79.01000214,79.05000305,3514
2026-08-03T12:00:00+00:00,79.05999756,79.20999908,78.80000305,79.15000153,5978
2026-08-03T12:30:00+00:00,79.12999725,79.38999939,78.83000183,79.01000214,5880
2026-08-03T13:00:00+00:00,79.01000214,79.41000366,78.61000061,79.30000305,10422
2026-08-03T13:30:00+00:00,79.30999756,79.37999725,78.44000244,79.12000275,10369
2026-08-03T14:00:00+00:00,79.12999725,79.48000336,79.01999664,79.23000336,5809
2026-08-03T14:30:00+00:00,79.23999786,79.68000031,79.23999786,79.66000366,5452
2026-08-03T15:00:00+00:00,79.66999817,80.16999817,79.40000153,79.98999786,7461
2026-08-03T15:30:00+00:00,80,80,79.38999939,79.63999939,4780
2026-08-03T16:00:00+00:00,79.62999725,79.80000305,79.26000214,79.44999695,4181
2026-08-03T16:30:00+00:00,79.48999786,79.90000153,79.41000366,79.56999969,3575
2026-08-03T17:00:00+00:00,79.58999634,80.20999908,79.56999969,80,4996
2026-08-03T17:30:00+00:00,80,80.30999756,79.84999847,80.02999878,3142
2026-08-03T18:00:00+00:00,80,80.41000366,79.45999908,80.33000183,8688
2026-08-03T18:30:00+00:00,80.34999847,80.65000153,80.15000153,80.37999725,3794
2026-08-03T19:00:00+00:00,80.37999725,80.58999634,80.19999695,80.47000122,2471
2026-08-03T19:30:00+00:00,80.45999908,80.5,80.11000061,80.16000366,1996
2026-08-03T20:00:00+00:00,80.13999939,80.23999786,80.05000305,80.08999634,1319
2026-08-03T20:30:00+00:00,80.08999634,80.08999634,79.83999634,80.06999969,1799
2026-08-03T22:00:00+00:00,80.06999969,80.23000336,79.94999695,79.98000336,467
2026-08-03T22:30:00+00:00,79.98000336,80.16000366,79.63999939,80.09999847,1718
2026-08-03T23:00:00+00:00,80.08999634,80.30999756,79.80999756,79.87000275,1728
2026-08-03T23:30:00+00:00,79.86000061,80.34999847,79.83999634,80.26000214,1689
2026-08-04T00:00:00+00:00,80.23000336,80.84999847,80.23000336,80.62999725,3481
2026-08-04T00:30:00+00:00,80.63999939,81.18000031,80.59999847,81,2789
2026-08-04T01:00:00+00:00,81.02999878,81.20999908,80.65000153,80.84999847,2726
2026-08-04T01:30:00+00:00,80.86000061,81.08999634,80.73000336,80.98000336,2490
2026-08-04T02:00:00+00:00,80.98999786,81.08000183,80.76000214,81.05000305,2287
2026-08-04T02:30:00+00:00,81.01999664,81.26000214,80.97000122,81.16999817,1763
2026-08-04T03:00:00+00:00,81.15000153,81.27999878,80.94000244,80.94999695,1635
2026-08-04T03:30:00+00:00,80.94999695,81.23999786,80.87999725,81.19000244,1495
2026-08-04T04:00:00+00:00,81.19000244,81.26000214,81.05000305,81.08000183,1112
2026-08-04T04:30:00+00:00,81.08999634,81.29000092,81.06999969,81.22000122,866
2026-08-04T05:00:00+00:00,81.23999786,81.44000244,81.16999817,81.34999847,1508
2026-08-04T05:30:00+00:00,81.33999634,81.44999695,80.87999725,80.90000153,2869
2026-08-04T06:00:00+00:00,80.90000153,81.08000183,80.70999908,80.81999969,2591
2026-08-04T06:30:00+00:00,80.81999969,80.98999786,80.41000366,80.44999695,3389
2026-08-04T07:00:00+00:00,80.43000031,81.02999878,80.22000122,80.95999908,3648
2026-08-04T07:30:00+00:00,80.94000244,81.04000092,80.66999817,80.73000336,2028
2026-08-04T08:00:00+00:00,80.76000214,80.97000122,80.45999908,80.77999878,2752
2026-08-04T08:30:00+00:00,80.79000092,82.26999664,80.79000092,82.11000061,7915
2026-08-04T09:00:00+00:00,82.12000275,82.34999847,82.01999664,82.05999756,3489
2026-08-04T09:30:00+00:00,82.06999969,82.33000183,81.68000031,81.83999634,4087
2026-08-04T10:00:00+00:00,81.83000183,82.04000092,81.48000336,81.98999786,3692
2026-08-04T10:30:00+00:00,81.98000336,81.98000336,80.51999664,80.83999634,8811
2026-08-04T11:00:00+00:00,80.84999847,80.98000336,79.62000275,79.65000153,9203
2026-08-04T11:30:00+00:00,79.62999725,80,76.58000183,76.68000031,23439
2026-08-04T12:00:00+00:00,76.66999817,78.13999939,76.66000366,77.87999725,15789
2026-08-04T12:30:00+00:00,77.87999725,78.12999725,77.23000336,77.5,7406
2026-08-04T13:00:00+00:00,77.51000214,77.87999725,76.26000214,76.45999908,19141
2026-08-04T13:30:00+00:00,76.45999908,76.62999725,75.76000214,75.97000122,15496
2026-08-04T14:00:00+00:00,75.98000336,76.47000122,75.80000305,76.47000122,9860
2026-08-04T14:30:00+00:00,76.48000336,77.01000214,76.15000153,76.88999939,9861
2026-08-04T15:00:00+00:00,76.90000153,77.05000305,76.29000092,76.31999969,7373
2026-08-04T15:30:00+00:00,76.31999969,76.41000366,75.16000366,75.73000336,14923
2026-08-04T16:00:00+00:00,75.75,76.26999664,75.70999908,76.01000214,5273
2026-08-04T16:30:00+00:00,76.02999878,76.31999969,76.01000214,76.22000122,3388
2026-08-04T17:00:00+00:00,76.22000122,76.26999664,75.58000183,75.93000031,4521
2026-08-04T17:30:00+00:00,75.94000244,76.01000214,75.56999969,75.87000275,3275
2026-08-04T18:00:00+00:00,75.88999939,75.98000336,75.54000092,75.73000336,4412
2026-08-04T18:30:00+00:00,75.73000336,75.91999817,75.62999725,75.80999756,1563
2026-08-04T19:00:00+00:00,75.80000305,75.90000153,75.68000031,75.73000336,1497
2026-08-04T19:30:00+00:00,75.73000336,76.02999878,75.66000366,75.77999878,2063
2026-08-04T20:00:00+00:00,75.76999664,75.83000183,75.16999817,75.41000366,3775
2026-08-04T20:30:00+00:00,75.41000366,75.63999939,75.05999756,75.12999725,2923
2026-08-04T22:00:00+00:00,75.15000153,75.41999817,75.13999939,75.30999756,486
2026-08-04T22:30:00+00:00,75.30999756,75.41000366,75.15000153,75.36000061,846
2026-08-04T23:00:00+00:00,75.34999847,75.41999817,75.08000183,75.12999725,1052
2026-08-04T23:30:00+00:00,75.12999725,75.30999756,75.08999634,75.23999786,896
2026-08-05T00:00:00+00:00,75.22000122,75.41999817,74.26000214,75.38999939,4930
2026-08-05T00:30:00+00:00,75.37999725,75.51000214,75.30000305,75.40000153,1563
2026-08-05T01:00:00+00:00,75.38999939,76.04000092,75.38999939,76.01000214,3741
2026-08-05T01:30:00+00:00,76,76.06999969,75.83000183,75.97000122,1958
2026-08-05T02:00:00+00:00,75.98000336,76.02999878,74.73000336,74.86000061,5614
2026-08-05T02:30:00+00:00,74.86000061,74.91000366,74.22000122,74.73999786,5723
2026-08-05T03:00:00+00:00,74.73000336,74.77999878,74.43000031,74.72000122,2373
2026-08-05T03:30:00+00:00,74.69999695,74.84999847,74.44999695,74.56999969,1546
2026-08-05T04:00:00+00:00,74.55999756,75.09999847,74.5,74.94999695,2093
2026-08-05T04:30:00+00:00,74.94999695,75.29000092,74.88999939,75.16000366,1498
2026-08-05T05:00:00+00:00,75.18000031,75.37000275,75.05999756,75.22000122,1508
2026-08-05T05:30:00+00:00,75.22000122,75.23999786,74.73000336,75.05000305,2564
2026-08-05T06:00:00+00:00,75.05999756,75.43000031,74.94000244,75.19000244,2906
2026-08-05T06:30:00+00:00,75.18000031,75.48999786,75,75.01999664,2946
2026-08-05T07:00:00+00:00,75.01000214,76.12999725,74.88999939,76.09999847,5507
2026-08-05T07:30:00+00:00,76.08000183,76.27999878,75.86000061,76.01000214,3580
2026-08-05T08:00:00+00:00,76.01999664,76.33000183,75.75,76.01000214,3878
2026-08-05T08:30:00+00:00,76.01999664,76.40000153,75.86000061,76.23000336,3472
2026-08-05T09:00:00+00:00,76.20999908,76.40000153,75.84999847,76.26999664,2719
2026-08-05T09:30:00+00:00,76.26999664,76.55000305,76.11000061,76.51000214,2347
2026-08-05T10:00:00+00:00,76.51999664,76.69999695,76.33000183,76.63999939,2708
2026-08-05T10:30:00+00:00,76.65000153,76.68000031,76.12000275,76.23000336,3073
2026-08-05T11:00:00+00:00,76.23000336,76.38999939,75.98000336,76.19999695,2602
2026-08-05T11:30:00+00:00,76.19000244,76.22000122,75.80999756,76.05999756,3386
2026-08-05T12:00:00+00:00,76.05999756,76.37999725,75.80000305,76.37000275,4542
2026-08-05T12:30:00+00:00,76.36000061,76.59999847,76.05000305,76.51000214,4833
2026-08-05T13:00:00+00:00,76.52999878,76.55000305,75.66000366,75.83999634,6652
2026-08-05T13:30:00+00:00,75.84999847,75.87999725,74.91999817,75.51000214,10738
2026-08-05T14:00:00+00:00,75.51000214,75.58999634,74.66999817,75.09999847,13469
2026-08-05T14:30:00+00:00,74.94999695,75.37000275,74.77999878,75.15000153,5890
2026-08-05T15:00:00+00:00,75.13999939,75.83000183,74.51000214,75.16000366,11633
2026-08-05T15:30:00+00:00,75.16000366,75.63999939,75.05999756,75.61000061,5368
2026-08-05T16:00:00+00:00,75.61000061,75.79000092,75.45999908,75.65000153,3439
2026-08-05T16:30:00+00:00,75.65000153,75.69000244,74.75,74.90000153,4941
2026-08-05T17:00:00+00:00,74.91000366,75.01000214,74.44999695,74.55999756,5086
2026-08-05T17:30:00+00:00,74.52999878,74.87000275,74.45999908,74.87000275,2981
2026-08-05T18:00:00+00:00,74.87999725,75.40000153,74.86000061,75.18000031,4200
2026-08-05T18:30:00+00:00,75.18000031,75.44000244,75.05000305,75.30000305,2346
2026-08-05T19:00:00+00:00,75.33000183,75.40000153,75.11000061,75.26999664,1354
2026-08-05T19:30:00+00:00,75.26999664,75.26999664,75.01000214,75.16000366,1172
2026-08-05T20:00:00+00:00,75.15000153,75.16999817,74.86000061,75.08999634,1447
2026-08-05T20:30:00+00:00,75.08999634,75.12000275,74.90000153,75.05000305,1345
2026-08-05T22:00:00+00:00,74.94000244,75.22000122,74.91000366,75.11000061,590
2026-08-05T22:30:00+00:00,75.11000061,75.18000031,75.01999664,75.05000305,380
2026-08-05T23:00:00+00:00,75.05000305,75.13999939,74.91999817,75.06999969,380
2026-08-05T23:30:00+00:00,75.04000092,75.06999969,74.83000183,74.87999725,566
2026-08-06T00:00:00+00:00,74.87999725,75.04000092,74.63999939,75.01999664,2022
2026-08-06T00:30:00+00:00,75,75.16999817,74.73999786,74.93000031,1951
2026-08-06T01:00:00+00:00,74.94999695,76.02999878,74.91999817,75.69999695,5303
2026-08-06T01:30:00+00:00,75.70999908,75.87999725,75.62000275,75.76000214,2776
2026-08-06T02:00:00+00:00,75.76000214,75.80999756,75.44000244,75.5,1814
2026-08-06T02:30:00+00:00,75.51999664,75.69000244,75.40000153,75.48000336,1308
2026-08-06T03:00:00+00:00,75.48000336,75.56999969,75.16999817,75.23999786,1725
2026-08-06T03:30:00+00:00,75.25,75.26000214,74.90000153,75.02999878,1768
2026-08-06T04:00:00+00:00,74.91999817,74.95999908,74.70999908,74.76000214,1515
2026-08-06T04:30:00+00:00,74.77999878,74.84999847,74.62000275,74.81999969,1157
2026-08-06T05:00:00+00:00,74.80999756,74.97000122,74.62000275,74.65000153,1396
2026-08-06T05:30:00+00:00,74.66000366,74.97000122,74.58000183,74.87000275,1562
2026-08-06T06:00:00+00:00,74.87000275,75.48000336,74.83000183,75.25,3308
2026-08-06T06:30:00+00:00,75.23999786,75.62999725,75.23000336,75.26999664,2642
2026-08-06T07:00:00+00:00,75.25,75.44000244,74.98000336,75.19000244,2723
2026-08-06T07:30:00+00:00,75.16999817,75.52999878,75.06999969,75.40000153,1951
2026-08-06T08:00:00+00:00,75.43000031,75.80999756,75.08000183,75.15000153,3513
2026-08-06T08:30:00+00:00,75.15000153,75.31999969,74.91000366,75.18000031,3196
2026-08-06T09:00:00+00:00,75.16000366,75.55000305,75.09999847,75.19000244,2696
2026-08-06T09:30:00+00:00,75.18000031,75.48000336,75.06999969,75.15000153,1495
2026-08-06T10:00:00+00:00,75.15000153,75.95999908,75.11000061,75.73999786,3278
2026-08-06T10:30:00+00:00,75.75,76.05999756,75.69999695,75.87000275,2241
2026-08-06T11:00:00+00:00,75.88999939,76,75.73999786,75.84999847,1774
2026-08-06T11:30:00+00:00,75.86000061,76.22000122,75.65000153,75.69000244,3331
2026-08-06T12:00:00+00:00,75.68000031,76.33999634,75.56999969,76.20999908,4761
2026-08-06T12:30:00+00:00,76.23000336,76.41999817,76.09999847,76.22000122,3152
2026-08-06T13:00:00+00:00,76.19999695,76.91000366,76.12000275,76.18000031,7435
2026-08-06T13:30:00+00:00,76.19000244,76.27999878,75.90000153,76.12000275,4842
2026-08-06T14:00:00+00:00,76.11000061,76.47000122,75.91999817,76.40000153,3639
2026-08-06T14:30:00+00:00,76.41000366,76.76999664,76.19000244,76.56999969,5021
2026-08-06T15:00:00+00:00,76.58000183,77.19999695,76.5,76.83999634,7508
2026-08-06T15:30:00+00:00,76.83999634,78.15000153,76.76999664,77.75,11578
2026-08-06T16:00:00+00:00,77.73000336,78.05000305,77.56999969,77.66999817,7000
2026-08-06T16:30:00+00:00,77.68000031,78.08999634,77.59999847,77.87000275,4349
2026-08-06T17:00:00+00:00,77.87000275,77.90000153,77.56999969,77.63999939,3221
2026-08-06T17:30:00+00:00,77.62000275,77.70999908,77.13999939,77.31999969,4061
2026-08-06T18:00:00+00:00,77.30999756,77.5,77.11000061,77.27999878,3797
2026-08-06T18:30:00+00:00,77.27999878,77.44000244,77.13999939,77.41000366,1701
2026-08-06T19:00:00+00:00,77.43000031,78.33000183,77.43000031,78.15000153,4724
2026-08-06T19:30:00+00:00,78.16000366,78.30000305,77.41000366,77.69999695,4751
2026-08-06T20:00:00+00:00,77.69000244,78.18000031,77.59999847,78.08999634,2696
2026-08-06T20:30:00+00:00,78.08999634,78.52999878,77.97000122,78.25,2665
2026-08-06T22:00:00+00:00,78.19999695,78.23999786,77.80000305,78.08000183,951
2026-08-06T22:30:00+00:00,78.08000183,78.16000366,78.01999664,78.09999847,545
2026-08-06T23:00:00+00:00,78.11000061,78.12999725,78,78.05000305,522
2026-08-06T23:30:00+00:00,78.05999756,78.11000061,77.94000244,77.97000122,716
2026-08-07T00:00:00+00:00,77.97000122,78.36000061,77.90000153,78.27999878,2127
2026-08-07T00:30:00+00:00,78.29000092,78.41999817,77.84999847,77.93000031,2066
2026-08-07T01:00:00+00:00,77.91000366,78.04000092,77.69999695,77.83999634,2545
2026-08-07T01:30:00+00:00,77.84999847,78,77.73999786,77.91999817,1415
2026-08-07T02:00:00+00:00,77.94999695,78.16999817,77.93000031,78.11000061,1322
2026-08-07T02:30:00+00:00,78.11000061,78.20999908,77.97000122,78.01000214,1342
2026-08-07T03:00:00+00:00,78,78.26999664,77.87999725,78.06999969,1343
2026-08-07T03:30:00+00:00,78.05000305,78.11000061,77.95999908,78.05000305,690
2026-08-07T04:00:00+00:00,78.05000305,78.70999908,77.98000336,78.66000366,3370
2026-08-07T04:30:00+00:00,78.62999725,78.76999664,78.23999786,78.33000183,2395
2026-08-07T05:00:00+00:00,78.31999969,78.37000275,78.20999908,78.33000183,749
2026-08-07T05:30:00+00:00,78.34999847,78.38999939,78.05999756,78.05999756,1598
2026-08-07T06:00:00+00:00,78.05999756,78.15000153,77.55999756,77.58000183,3001
2026-08-07T06:30:00+00:00,77.58000183,78.11000061,77.55000305,77.86000061,2791
2026-08-07T07:00:00+00:00,77.87000275,78.05000305,77.5,77.54000092,2308
2026-08-07T07:30:00+00:00,77.55000305,77.95999908,77.51000214,77.76000214,2018
2026-08-07T08:00:00+00:00,77.76000214,77.97000122,77.44999695,77.83999634,2751
2026-08-07T08:30:00+00:00,77.84999847,78.04000092,77.58999634,77.72000122,2210
2026-08-07T09:00:00+00:00,77.73999786,77.83000183,77.51000214,77.51999664,2408
2026-08-07T09:30:00+00:00,77.52999878,77.58999634,77.05000305,77.26000214,4145
2026-08-07T10:00:00+00:00,77.25,77.31999969,76.90000153,77.09999847,3264
2026-08-07T10:30:00+00:00,77.09999847,77.09999847,76.76000214,76.83000183,2590
2026-08-07T11:00:00+00:00,76.83999634,77.08000183,76.68000031,76.77999878,3233
2026-08-07T11:30:00+00:00,76.77999878,76.84999847,76.55999756,76.75,1933
2026-08-07T12:00:00+00:00,76.75,77.51999664,76.62999725,77.41000366,4005
2026-08-07T12:30:00+00:00,77.34999847,77.38999939,76.56999969,76.73999786,5039
2026-08-07T13:00:00+00:00,76.73000336,77.13999939,76.51000214,76.93000031,4726
2026-08-07T13:30:00+00:00,76.93000031,77.33999634,76.83999634,77.33000183,4036
2026-08-07T14:00:00+00:00,77.31999969,77.97000122,77.16999817,77.63999939,8454
2026-08-07T14:30:00+00:00,77.65000153,78.11000061,77.41000366,78.08000183,4586
2026-08-07T15:00:00+00:00,78.06999969,78.44000244,77.95999908,78.15000153,7020
2026-08-07T15:30:00+00:00,78.16000366,78.48999786,77.94000244,78.40000153,4344
2026-08-07T16:00:00+00:00,78.41000366,78.48999786,78.18000031,78.37999725,3907
2026-08-07T16:30:00+00:00,78.41000366,78.45999908,78.12999725,78.36000061,2236
2026-08-07T17:00:00+00:00,78.36000061,78.37999725,77.86000061,77.98999786,2908
2026-08-07T17:30:00+00:00,77.98999786,78.13999939,77.73999786,78.08000183,2901
2026-08-07T18:00:00+00:00,78.06999969,78.37000275,77.93000031,78.18000031,3142
2026-08-07T18:30:00+00:00,78.18000031,78.29000092,78.01999664,78.08999634,1333
2026-08-07T19:00:00+00:00,78.08999634,78.08999634,76.81999969,76.91000366,7431
2026-08-07T19:30:00+00:00,76.88999939,77.06999969,76.83000183,77.04000092,3315
2026-08-07T20:00:00+00:00,77.02999878,77.19000244,76.83000183,77.04000092,2348
2026-08-07T20:30:00+00:00,77.05000305,78.18000031,77.01999664,78.18000031,2380
2026-08-09T22:00:00+00:00,79.23000336,79.29000092,78.76000214,78.87999725,2180
2026-08-09T22:30:00+00:00,78.88999939,78.93000031,78.55999756,78.83999634,2147
2026-08-09T23:00:00+00:00,78.86000061,78.86000061,78.61000061,78.76999664,1114
2026-08-09T23:30:00+00:00,78.73999786,78.94000244,78.69999695,78.77999878,985
2026-08-10T00:00:00+00:00,78.76999664,78.91000366,78.51000214,78.88999939,1898
2026-08-10T00:30:00+00:00,78.88999939,78.97000122,78.62999725,78.66000366,1421
2026-08-10T01:00:00+00:00,78.65000153,79.05000305,78.16999817,78.97000122,4365
2026-08-10T01:30:00+00:00,78.98000336,79.15000153,78.80000305,78.86000061,2057
2026-08-10T02:00:00+00:00,78.87000275,79,78.65000153,78.69999695,1277
2026-08-10T02:30:00+00:00,78.69000244,78.91999817,78.56999969,78.81999969,1624
2026-08-10T03:00:00+00:00,78.84999847,78.87000275,78.55000305,78.63999939,1053
2026-08-10T03:30:00+00:00,78.63999939,78.86000061,78.62999725,78.76999664,750
2026-08-10T04:00:00+00:00,78.76999664,78.86000061,78.68000031,78.76999664,713
2026-08-10T04:30:00+00:00,78.77999878,78.77999878,78.31999969,78.44000244,1735
2026-08-10T05:00:00+00:00,78.45999908,78.61000061,78.37000275,78.44999695,1020
2026-08-10T05:30:00+00:00,78.45999908,78.5,77.77999878,77.83999634,2575
2026-08-10T06:00:00+00:00,77.83999634,78.30999756,77.79000092,78.04000092,2436
2026-08-10T06:30:00+00:00,78.04000092,78.19999695,77.83999634,77.93000031,1925
2026-08-10T07:00:00+00:00,77.94000244,78.66000366,77.87999725,78.05000305,3028
2026-08-10T07:30:00+00:00,78.05999756,78.34999847,77.80999756,78.19999695,2512
2026-08-10T08:00:00+00:00,78.19000244,78.62000275,78.16999817,78.51999664,2099
2026-08-10T08:30:00+00:00,78.51999664,79.36000061,78.37999725,79.12000275,4629
2026-08-10T09:00:00+00:00,79.12999725,79.12999725,78.65000153,78.76000214,1978
2026-08-10T09:30:00+00:00,78.77999878,79.12999725,78.68000031,79.01000214,1618
2026-08-10T10:00:00+00:00,79.04000092,79.04000092,78.44999695,78.80999756,2069
2026-08-10T10:30:00+00:00,78.81999969,79.58000183,78.77999878,79.44000244,3703
2026-08-10T11:00:00+00:00,79.45999908,79.59999847,78.97000122,79.08000183,1953
2026-08-10T11:30:00+00:00,79.06999969,79.65000153,79.01000214,79.55999756,3611
2026-08-10T12:00:00+00:00,79.56999969,79.63999939,79.25,79.31999969,2182
2026-08-10T12:30:00+00:00,79.30999756,79.97000122,79.30000305,79.73000336,3864
2026-08-10T13:00:00+00:00,79.73999786,79.73999786,79.16999817,79.65000153,5506
2026-08-10T13:30:00+00:00,79.66000366,80.98000336,79.61000061,80.84999847,13343
2026-08-10T14:00:00+00:00,80.84999847,80.90000153,80.27999878,80.30999756,7210
2026-08-10T14:30:00+00:00,80.33000183,80.90000153,80.27999878,80.76000214,4176
2026-08-10T15:00:00+00:00,80.76000214,81.30999756,80.63999939,81.16999817,6426
2026-08-10T15:30:00+00:00,81.18000031,81.38999939,81.01000214,81.02999878,4386
2026-08-10T16:00:00+00:00,81.04000092,81.23000336,80.83000183,81.13999939,3266
2026-08-10T16:30:00+00:00,81.13999939,81.62000275,81.05000305,81.41000366,5151
2026-08-10T17:00:00+00:00,81.43000031,81.66000366,81.41999817,81.59999847,3044
2026-08-10T17:30:00+00:00,81.59999847,81.95999908,81.51999664,81.94000244,4509
2026-08-10T18:00:00+00:00,81.94000244,82.33000183,81.75,82.16999817,5652
2026-08-10T18:30:00+00:00,82.19000244,82.30000305,81.87000275,81.87999725,2935
2026-08-10T19:00:00+00:00,81.88999939,82,81.65000153,81.98000336,3224
2026-08-10T19:30:00+00:00,81.97000122,82.15000153,81.94000244,82.12999725,1784
2026-08-10T20:00:00+00:00,82.13999939,82.33999634,82.06999969,82.29000092,2087
2026-08-10T20:30:00+00:00,82.30000305,82.38999939,82.23000336,82.29000092,2337
2026-08-10T22:00:00+00:00,82.30000305,82.30999756,82.01000214,82.15000153,946
2026-08-10T22:30:00+00:00,82.15000153,82.19000244,82.06999969,82.12000275,406
2026-08-10T23:00:00+00:00,82.12000275,82.12999725,81.97000122,82.08000183,801
2026-08-10T23:30:00+00:00,82.06999969,82.19000244,82.06999969,82.11000061,598
2026-08-11T00:00:00+00:00,82.12000275,82.33000183,82.01999664,82.19000244,2227
2026-08-11T00:30:00+00:00,82.19000244,82.48000336,82.13999939,82.20999908,1386
2026-08-11T01:00:00+00:00,82.20999908,82.38999939,81.98000336,82.19000244,2309
2026-08-11T01:30:00+00:00,82.16999817,82.55999756,82.16999817,82.41000366,2006
2026-08-11T02:00:00+00:00,82.38999939,82.44999695,82.20999908,82.27999878,1062
2026-08-11T02:30:00+00:00,82.30000305,82.44999695,82.16000366,82.34999847,1859
2026-08-11T03:00:00+00:00,82.34999847,82.41000366,82.23000336,82.25,1387
2026-08-11T03:30:00+00:00,82.23999786,82.25,82.08000183,82.09999847,902
2026-08-11T04:00:00+00:00,82.08999634,82.11000061,81.91999817,82.01000214,1390
2026-08-11T04:30:00+00:00,82,82.33000183,81.94999695,82.25,1389
2026-08-11T05:00:00+00:00,82.25,82.55999756,82.22000122,82.40000153,1507
2026-08-11T05:30:00+00:00,82.38999939,82.54000092,82.15000153,82.45999908,2230
2026-08-11T06:00:00+00:00,82.44999695,82.81999969,82.30999756,82.80999756,2856
2026-08-11T06:30:00+00:00,82.81999969,83.72000122,82.73999786,83.44999695,7242
2026-08-11T07:00:00+00:00,83.45999908,83.98999786,83.23000336,83.70999908,5017
2026-08-11T07:30:00+00:00,83.73000336,84.05999756,83.65000153,83.95999908,2913
2026-08-11T08:00:00+00:00,83.95999908,84.44999695,83.72000122,84.34999847,3756
2026-08-11T08:30:00+00:00,84.36000061,84.55999756,84.18000031,84.52999878,3329
2026-08-11T09:00:00+00:00,84.52999878,84.63999939,84.20999908,84.20999908,3147
2026-08-11T09:30:00+00:00,84.22000122,84.44999695,83.97000122,84.23000336,3160
2026-08-11T10:00:00+00:00,84.20999908,84.34999847,83.37000275,83.62000275,4327
2026-08-11T10:30:00+00:00,83.62000275,83.83000183,83.25,83.48000336,3992
2026-08-11T11:00:00+00:00,83.45999908,83.51000214,81.68000031,82.33000183,13814
2026-08-11T11:30:00+00:00,82.30000305,82.47000122,81.84999847,82.16000366,4377
2026-08-11T12:00:00+00:00,82.16000366,82.76999664,81.80999756,82.47000122,6736
2026-08-11T12:30:00+00:00,82.47000122,82.62999725,82.27999878,82.55999756,3798
2026-08-11T13:00:00+00:00,82.55000305,82.55999756,81.37999725,81.55999756,9978
2026-08-11T13:30:00+00:00,81.52999878,81.94999695,81.26999664,81.62000275,6326
2026-08-11T14:00:00+00:00,81.63999939,82.26999664,81.62000275,82.22000122,6604
2026-08-11T14:30:00+00:00,82.23000336,82.69999695,82.11000061,82.55999756,4849
2026-08-11T15:00:00+00:00,82.56999969,82.73000336,82.26000214,82.58999634,5148
2026-08-11T15:30:00+00:00,82.59999847,83.34999847,82.58000183,83.27999878,8477
2026-08-11T16:00:00+00:00,83.26000214,83.26999664,82.76999664,82.77999878,3863
2026-08-11T16:30:00+00:00,82.79000092,83.22000122,82.77999878,83.13999939,2913
2026-08-11T17:00:00+00:00,83.12999725,83.33999634,82.97000122,83.25,2270
2026-08-11T17:30:00+00:00,83.25,83.31999969,83,83.29000092,1885
2026-08-11T18:00:00+00:00,83.26999664,83.38999939,82.91000366,83.16999817,2619
2026-08-11T18:30:00+00:00,83.16000366,83.29000092,83.01000214,83.15000153,1378
2026-08-11T19:00:00+00:00,83.16000366,83.48999786,83.12999725,83.47000122,1768
2026-08-11T19:30:00+00:00,83.48000336,83.62000275,83.31999969,83.41999817,2322
2026-08-11T20:00:00+00:00,83.41999817,83.52999878,83.27999878,83.37000275,1399
2026-08-11T20:30:00+00:00,83.37999725,83.51999664,83.19000244,83.23999786,1427
2026-08-11T22:00:00+00:00,83.5,83.58000183,83.30999756,83.5,671
2026-08-11T22:30:00+00:00,83.51999664,83.59999847,83.41999817,83.55000305,429
2026-08-11T23:00:00+00:00,83.5,83.55000305,83.45999908,83.5,361
2026-08-11T23:30:00+00:00,83.48000336,83.51999664,83.37000275,83.43000031,372
2026-08-12T00:00:00+00:00,83.43000031,83.79000092,83.37000275,83.73000336,2179
2026-08-12T00:30:00+00:00,83.70999908,83.94999695,83.65000153,83.80000305,2209
2026-08-12T01:00:00+00:00,83.81999969,84.01999664,83.73999786,83.91999817,2136
2026-08-12T01:30:00+00:00,83.91999817,84.01999664,83.68000031,83.77999878,1964
2026-08-12T02:00:00+00:00,83.77999878,83.91000366,83.77999878,83.83000183,864
2026-08-12T02:30:00+00:00,83.83000183,84.15000153,83.76999664,84.05000305,2094
2026-08-12T03:00:00+00:00,84.06999969,84.19000244,83.93000031,84.01999664,1298
2026-08-12T03:30:00+00:00,83.98999786,84.33000183,83.91000366,84.23999786,2054
2026-08-12T04:00:00+00:00,84.27999878,84.34999847,83.97000122,84,2550
2026-08-12T04:30:00+00:00,84,84.05000305,83.65000153,83.69000244,2337
2026-08-12T05:00:00+00:00,83.69000244,83.94000244,83.68000031,83.79000092,1676
2026-08-12T05:30:00+00:00,83.77999878,84.08000183,83.51000214,84.02999878,2684
2026-08-12T06:00:00+00:00,84.04000092,84.05999756,83.73999786,83.91000366,1889
2026-08-12T06:30:00+00:00,83.87999725,83.94000244,83.41999817,83.75,3342
2026-08-12T07:00:00+00:00,83.72000122,84.04000092,83.69000244,83.86000061,2244
2026-08-12T07:30:00+00:00,83.86000061,84.08999634,83.76000214,83.83999634,1748
2026-08-12T08:00:00+00:00,83.83999634,83.91999817,83.31999969,83.44000244,3377
2026-08-12T08:30:00+00:00,83.44999695,83.76999664,83.20999908,83.56999969,3307
2026-08-12T09:00:00+00:00,83.56999969,83.58999634,82.68000031,82.76000214,4613
2026-08-12T09:30:00+00:00,82.73999786,83.22000122,82.44999695,83,5173
2026-08-12T10:00:00+00:00,83.01999664,83.16999817,82.81999969,83.16999817,1991
2026-08-12T10:30:00+00:00,83.13999939,83.73999786,82.98000336,83.40000153,5673
2026-08-12T11:00:00+00:00,83.38999939,83.66999817,83.25,83.41999817,2233
2026-08-12T11:30:00+00:00,83.41000366,83.77999878,83.13999939,83.75,2509
2026-08-12T12:00:00+00:00,83.73000336,83.80999756,83.5,83.76000214,1960
2026-08-12T12:30:00+00:00,83.72000122,83.88999939,83,83,4895
2026-08-12T13:00:00+00:00,82.98999786,83.08000183,82.62000275,82.88999939,5658
2026-08-12T13:30:00+00:00,82.90000153,83.08000183,82.55000305,82.69000244,4313
2026-08-12T14:00:00+00:00,82.69999695,83.01999664,82.47000122,83,4181
2026-08-12T14:30:00+00:00,83,83.11000061,82.34999847,83,7442
2026-08-12T15:00:00+00:00,83,83.33000183,82.88999939,83.12000275,4699
2026-08-12T15:30:00+00:00,83.12000275,83.45999908,83.08999634,83.33999634,3380
2026-08-12T16:00:00+00:00,83.30999756,83.34999847,82.93000031,83.12000275,2987
2026-08-12T16:30:00+00:00,83.12999725,83.25,82.86000061,82.87999725,1849
2026-08-12T17:00:00+00:00,82.87999725,83.37999725,82.76000214,83.01999664,3803
2026-08-12T17:30:00+00:00,83.01000214,83.23000336,82.90000153,83.12999725,2315
2026-08-12T18:00:00+00:00,83.13999939,83.40000153,82.81999969,83.37000275,3070
2026-08-12T18:30:00+00:00,83.37999725,83.40000153,83.13999939,83.19999695,1425
2026-08-12T19:00:00+00:00,83.20999908,83.23999786,83.01999664,83.06999969,892
2026-08-12T19:30:00+00:00,83.06999969,83.08000183,82.87000275,82.98999786,1185
2026-08-12T20:00:00+00:00,83.01000214,83.02999878,82.77999878,82.87999725,815
2026-08-12T20:30:00+00:00,82.87999725,82.88999939,82.51000214,82.58999634,1962
2026-08-12T22:00:00+00:00,82.72000122,82.86000061,82.61000061,82.73000336,483
2026-08-12T22:30:00+00:00,82.73999786,82.73999786,82.66000366,82.69999695,328
2026-08-12T23:00:00+00:00,82.72000122,82.80000305,82.69999695,82.76000214,340
2026-08-12T23:30:00+00:00,82.76000214,82.80000305,82.62000275,82.66000366,350
2026-08-13T00:00:00+00:00,82.65000153,82.65000153,82.19000244,82.36000061,2556
2026-08-13T00:30:00+00:00,82.34999847,82.41000366,82.05000305,82.08999634,1753
2026-08-13T01:00:00+00:00,82.08000183,82.34999847,81.91000366,82.33999634,2786
2026-08-13T01:30:00+00:00,82.34999847,82.44999695,82.15000153,82.26000214,1400
2026-08-13T02:00:00+00:00,82.25,82.31999969,82.06999969,82.16000366,936
2026-08-13T02:30:00+00:00,82.16999817,82.30999756,82.09999847,82.26999664,993
2026-08-13T03:00:00+00:00,82.26000214,82.44000244,82.01999664,82.43000031,1483
2026-08-13T03:30:00+00:00,82.41000366,82.69000244,82.40000153,82.63999939,1538
2026-08-13T04:00:00+00:00,82.61000061,82.98000336,82.61000061,82.95999908,1672
2026-08-13T04:30:00+00:00,82.95999908,83.01999664,82.86000061,83,1063
2026-08-13T05:00:00+00:00,83.01000214,83.18000031,82.90000153,83.01000214,1332
2026-08-13T05:30:00+00:00,82.98000336,83.23999786,82.87999725,83.11000061,1979
2026-08-13T06:00:00+00:00,83.11000061,83.18000031,82.94000244,83.05000305,1062
2026-08-13T06:30:00+00:00,83.05999756,83.30999756,82.69000244,82.73999786,2927
2026-08-13T07:00:00+00:00,82.75,83.13999939,82.55999756,82.59999847,2376
2026-08-13T07:30:00+00:00,82.58999634,82.61000061,81.80999756,82.22000122,4812
2026-08-13T08:00:00+00:00,82.20999908,82.47000122,81.83999634,82.08999634,3406
2026-08-13T08:30:00+00:00,82.08999634,82.15000153,81.63999939,81.80999756,2595
2026-08-13T09:00:00+00:00,81.77999878,81.83999634,81.22000122,81.72000122,4449
2026-08-13T09:30:00+00:00,81.72000122,81.88999939,81.58000183,81.87999725,1599
2026-08-13T10:00:00+00:00,81.87999725,82.16999817,81.5,81.51000214,2912
2026-08-13T10:30:00+00:00,81.5,81.62000275,81.36000061,81.44000244,2211
2026-08-13T11:00:00+00:00,81.47000122,81.66999817,81.25,81.58999634,1963
2026-08-13T11:30:00+00:00,81.58999634,81.73000336,81.43000031,81.59999847,1538
2026-08-13T12:00:00+00:00,81.61000061,81.65000153,81.08000183,81.51000214,4054
2026-08-13T12:30:00+00:00,81.51000214,81.58999634,81.12000275,81.22000122,2691
2026-08-13T13:00:00+00:00,81.23000336,81.36000061,80.77999878,81.04000092,6571
2026-08-13T13:30:00+00:00,81.04000092,81.37000275,80.29000092,80.63999939,7641
2026-08-13T14:00:00+00:00,80.63999939,80.81999969,80.08999634,80.80000305,8124
2026-08-13T14:30:00+00:00,80.81999969,81.29000092,80.73999786,81.23000336,5687
2026-08-13T15:00:00+00:00,81.23000336,82.73999786,81.19999695,82.61000061,14215
2026-08-13T15:30:00+00:00,82.61000061,82.69999695,82.01999664,82.55000305,7636
2026-08-13T16:00:00+00:00,82.55999756,82.68000031,82.22000122,82.30000305,3452
2026-08-13T16:30:00+00:00,82.30000305,82.31999969,81.80000305,81.95999908,4098
2026-08-13T17:00:00+00:00,81.94999695,82.15000153,81.83000183,81.84999847,2280
2026-08-13T17:30:00+00:00,81.86000061,82.09999847,81.80000305,81.81999969,1772
2026-08-13T18:00:00+00:00,81.80000305,81.80000305,81.05999756,81.16000366,6270
2026-08-13T18:30:00+00:00,81.18000031,81.23000336,80.84999847,81.15000153,3121
2026-08-13T19:00:00+00:00,81.16999817,81.31999969,81.04000092,81.23000336,1419
2026-08-13T19:30:00+00:00,81.23000336,81.33999634,81.11000061,81.27999878,1094
2026-08-13T20:00:00+00:00,81.27999878,81.31999969,81.05999756,81.30999756,1170
2026-08-13T20:30:00+00:00,81.26999664,81.33000183,81.09999847,81.19999695,1280
2026-08-13T22:00:00+00:00,81.26000214,81.36000061,81.01000214,81.08999634,475
2026-08-13T22:30:00+00:00,81.08000183,81.12999725,81.05999756,81.09999847,257
2026-08-13T23:00:00+00:00,81.08000183,81.25,81.05999756,81.23999786,488
2026-08-13T23:30:00+00:00,81.23000336,81.37999725,81.19999695,81.34999847,632
2026-08-14T00:00:00+00:00,81.31999969,81.44000244,81.18000031,81.20999908,1797
2026-08-14T00:30:00+00:00,81.20999908,81.26999664,81.02999878,81.05999756,880
2026-08-14T01:00:00+00:00,81.05999756,81.41000366,80.98999786,81.29000092,2154
2026-08-14T01:30:00+00:00,81.30999756,81.33999634,80.81999969,80.93000031,1906
2026-08-14T02:00:00+00:00,80.91999817,80.98000336,80.69999695,80.83000183,1458
2026-08-14T02:30:00+00:00,80.81999969,81.40000153,80.81999969,81.36000061,1774
2026-08-14T03:00:00+00:00,81.36000061,81.37999725,81.18000031,81.30000305,646
2026-08-14T03:30:00+00:00,81.33999634,81.48000336,81.30000305,81.34999847,1001
2026-08-14T04:00:00+00:00,81.33999634,81.44999695,81.19999695,81.29000092,622
2026-08-14T04:30:00+00:00,81.30000305,81.41999817,81.27999878,81.38999939,457
2026-08-14T05:00:00+00:00,81.37999725,81.44000244,81.26999664,81.41000366,631
2026-08-14T05:30:00+00:00,81.41000366,81.98999786,81.41000366,81.95999908,2678
2026-08-14T06:00:00+00:00,81.98999786,82.23999786,81.80000305,82.19000244,2192
2026-08-14T06:30:00+00:00,82.20999908,82.26999664,81.98000336,82.16999817,1853
2026-08-14T07:00:00+00:00,82.16999817,82.98000336,82.16000366,82.73000336,4326
2026-08-14T07:30:00+00:00,82.73000336,82.93000031,82.65000153,82.87999725,1626
2026-08-14T08:00:00+00:00,82.86000061,82.97000122,82.44999695,82.52999878,3139
2026-08-14T08:30:00+00:00,82.52999878,82.72000122,82.23000336,82.55999756,2921
2026-08-14T09:00:00+00:00,82.55000305,82.59999847,82.08999634,82.13999939,2045
2026-08-14T09:30:00+00:00,82.15000153,82.47000122,82.01999664,82.08999634,2721
2026-08-14T10:00:00+00:00,82.09999847,82.09999847,81.72000122,81.83000183,2939
2026-08-14T10:30:00+00:00,81.83999634,81.90000153,81.41000366,81.51999664,3130
2026-08-14T11:00:00+00:00,81.51999664,81.86000061,81.48000336,81.69999695,2475
2026-08-14T11:30:00+00:00,81.68000031,81.73000336,81.44000244,81.56999969,1754
2026-08-14T12:00:00+00:00,81.55999756,82.18000031,81.51999664,81.77999878,4019
2026-08-14T12:30:00+00:00,81.76000214,81.80999756,81.12000275,81.12999725,4760
2026-08-14T13:00:00+00:00,81.15000153,81.51999664,81.05999756,81.29000092,4570
2026-08-14T13:30:00+00:00,81.29000092,81.29000092,80.75,81.18000031,6837
2026-08-14T14:00:00+00:00,81.18000031,81.55000305,81.12999725,81.37000275,7580
2026-08-14T14:30:00+00:00,81.37000275,81.87000275,81.33000183,81.70999908,5909
2026-08-14T15:00:00+00:00,81.70999908,81.88999939,81.33000183,81.72000122,6043
2026-08-14T15:30:00+00:00,81.73000336,81.91999817,81.5,81.66000366,3445
2026-08-14T16:00:00+00:00,81.66999817,81.98999786,81.51000214,81.94000244,2602
2026-08-14T16:30:00+00:00,81.93000031,82.02999878,81.76000214,81.91999817,2244
2026-08-14T17:00:00+00:00,81.93000031,82.29000092,81.83000183,82.16999817,3585
2026-08-14T17:30:00+00:00,82.18000031,82.40000153,82.12000275,82.29000092,2222
2026-08-14T18:00:00+00:00,82.29000092,82.44999695,82.08000183,82.40000153,3465
2026-08-14T18:30:00+00:00,82.40000153,82.66999817,82.30000305,82.40000153,2539
2026-08-14T19:00:00+00:00,82.40000153,82.43000031,82.19000244,82.30999756,1767
2026-08-14T19:30:00+00:00,82.31999969,82.41000366,82.22000122,82.37999725,1017
2026-08-14T20:00:00+00:00,82.38999939,82.54000092,82.25,82.26000214,1582
2026-08-14T20:30:00+00:00,82.23999786,82.44999695,82.22000122,82.40000153,1566
2026-08-16T22:00:00+00:00,82.62000275,82.68000031,82.47000122,82.5,662
2026-08-16T22:30:00+00:00,82.51000214,82.52999878,82.25,82.37999725,1220
2026-08-16T23:00:00+00:00,82.37999725,82.48999786,82.31999969,82.48000336,597
2026-08-16T23:30:00+00:00,82.48000336,82.51000214,82.27999878,82.33000183,792
2026-08-17T00:00:00+00:00,82.31999969,82.33999634,82.02999878,82.16000366,1691
2026-08-17T00:30:00+00:00,82.18000031,82.30000305,81.83999634,81.90000153,1276
2026-08-17T01:00:00+00:00,81.90000153,82.41000366,81.72000122,82.40000153,2364
2026-08-17T01:30:00+00:00,82.40000153,82.94000244,82.37999725,82.59999847,2894
2026-08-17T02:00:00+00:00,82.58999634,83.04000092,82.56999969,82.84999847,1851
2026-08-17T02:30:00+00:00,82.83000183,82.95999908,82.26999664,82.41999817,2087
2026-08-17T03:00:00+00:00,82.41999817,82.48000336,82.29000092,82.41999817,893
2026-08-17T03:30:00+00:00,82.47000122,82.59999847,82.23000336,82.23999786,916
2026-08-17T04:00:00+00:00,82.16000366,82.34999847,81.95999908,82.33999634,1909
2026-08-17T04:30:00+00:00,82.30999756,82.38999939,82.12999725,82.16999817,755
2026-08-17T05:00:00+00:00,82.15000153,82.22000122,82.05000305,82.11000061,752
2026-08-17T05:30:00+00:00,82.12999725,82.19999695,81.76999664,81.84999847,1428
2026-08-17T06:00:00+00:00,81.87000275,81.98000336,81.63999939,81.76999664,1891
2026-08-17T06:30:00+00:00,81.80000305,81.87999725,81.68000031,81.87000275,898
2026-08-17T07:00:00+00:00,81.84999847,81.98000336,81.5,81.80999756,1570
2026-08-17T07:30:00+00:00,81.83000183,82.20999908,81.56999969,81.98000336,1857
2026-08-17T08:00:00+00:00,81.94999695,82.33999634,81.81999969,82.11000061,1763
2026-08-17T08:30:00+00:00,82.09999847,82.38999939,82.01999664,82.37999725,1525
2026-08-17T09:00:00+00:00,82.37000275,82.77999878,82.33000183,82.56999969,2247
2026-08-17T09:30:00+00:00,82.54000092,83.15000153,82.48999786,82.95999908,2879
2026-08-17T10:00:00+00:00,82.95999908,83.22000122,82,82.12999725,3033
2026-08-17T10:30:00+00:00,82.13999939,82.98999786,81.86000061,82.79000092,4831
2026-08-17T11:00:00+00:00,82.83999634,82.90000153,82.51999664,82.62000275,1554
2026-08-17T11:30:00+00:00,82.63999939,82.65000153,82.31999969,82.37999725,2248
2026-08-17T12:00:00+00:00,82.36000061,83.15000153,82.19999695,82.80999756,4838
2026-08-17T12:30:00+00:00,82.83000183,83.13999939,82.58000183,83.01000214,3428
2026-08-17T13:00:00+00:00,82.98000336,83.12000275,82.44000244,82.77999878,3914
2026-08-17T13:30:00+00:00,82.76999664,82.90000153,82.55000305,82.61000061,2958
2026-08-17T14:00:00+00:00,82.62999725,82.69999695,82.18000031,82.38999939,3703
2026-08-17T14:30:00+00:00,82.38999939,82.59999847,82.08999634,82.18000031,3162
2026-08-17T15:00:00+00:00,82.18000031,82.83000183,82.18000031,82.58999634,4316
2026-08-17T15:30:00+00:00,82.58999634,82.91999817,82.44999695,82.80999756,3098
2026-08-17T16:00:00+00:00,82.83000183,82.90000153,82.31999969,82.55999756,2329
2026-08-17T16:30:00+00:00,82.56999969,82.87000275,82.56999969,82.83000183,2089
2026-08-17T17:00:00+00:00,82.86000061,83.98999786,82.80000305,83.87999725,5378
2026-08-17T17:30:00+00:00,83.91000366,84.86000061,83.87000275,84.77999878,6195
2026-08-17T18:00:00+00:00,84.76999664,84.87000275,84.38999939,84.44000244,4110
2026-08-17T18:30:00+00:00,84.45999908,84.5,84.11000061,84.27999878,2451
2026-08-17T19:00:00+00:00,84.25,84.48000336,84.20999908,84.37999725,1083
2026-08-17T19:30:00+00:00,84.40000153,84.68000031,84.23999786,84.62999725,1162
2026-08-17T20:00:00+00:00,84.62999725,84.84999847,84.5,84.83999634,1263
2026-08-17T20:30:00+00:00,84.83999634,85.04000092,84.81999969,84.94999695,1651
2026-08-17T21:00:00+00:00,84.94999695,84.94999695,84.94999695,84.94999695,2
2026-08-17T22:00:00+00:00,84.90000153,85.37000275,84.81999969,85.08999634,851
2026-08-17T22:30:00+00:00,85.05999756,85.16000366,84.94000244,84.97000122,417
2026-08-17T23:00:00+00:00,84.98000336,85.08000183,84.95999908,85.05000305,314
2026-08-17T23:30:00+00:00,85.01999664,85.04000092,84.83999634,84.90000153,455
2026-08-18T00:00:00+00:00,84.90000153,85.01000214,84.83999634,84.87999725,428
2026-08-18T00:30:00+00:00,84.88999939,84.94999695,84.72000122,84.75,699
2026-08-18T01:00:00+00:00,84.75,85.02999878,84.61000061,84.87000275,718
2026-08-18T01:30:00+00:00,84.87000275,85.15000153,84.77999878,84.91999817,462
2026-08-18T02:00:00+00:00,84.91999817,85.08000183,84.88999939,84.94000244,337
2026-08-18T02:30:00+00:00,84.94999695,85.12000275,84.87999725,85.02999878,295
2026-08-18T03:00:00+00:00,85.04000092,85.22000122,84.97000122,85.02999878,361
2026-08-18T03:30:00+00:00,85.02999878,85.26000214,85.01999664,85.23999786,372
2026-08-18T04:00:00+00:00,85.27999878,85.37999725,85.12000275,85.19000244,572
2026-08-18T04:30:00+00:00,85.20999908,85.25,85.11000061,85.15000153,192
2026-08-18T05:00:00+00:00,85.16999817,85.37000275,85.16999817,85.23000336,356
2026-08-18T05:30:00+00:00,85.23000336,85.33000183,84.95999908,85.12000275,416
2026-08-18T06:00:00+00:00,85.13999939,85.54000092,85.13999939,85.45999908,705
2026-08-18T06:30:00+00:00,85.48000336,85.69000244,85.16999817,85.19999695,560
2026-08-18T07:00:00+00:00,85.16999817,85.33999634,84.83000183,84.90000153,611
2026-08-18T07:30:00+00:00,84.87000275,85.05000305,84.05999756,84.37000275,19303
2026-08-18T08:00:00+00:00,84.36000061,84.66000366,84.26999664,84.33999634,2162
2026-08-18T08:30:00+00:00,84.34999847,84.44000244,84,84.12000275,1968
2026-08-18T09:00:00+00:00,84.12000275,84.26000214,84.01999664,84.20999908,1051
2026-08-18T09:30:00+00:00,84.16999817,84.29000092,83.91000366,84.04000092,1477
2026-08-18T10:00:00+00:00,84.04000092,84.40000153,83.95999908,84.19999695,1381
2026-08-18T10:30:00+00:00,84.23999786,84.26000214,83.86000061,83.98000336,2097
2026-08-18T11:00:00+00:00,83.98000336,84.15000153,83.84999847,84.01999664,1253
2026-08-18T11:30:00+00:00,84.04000092,84.23999786,83.93000031,84.15000153,1204
2026-08-18T12:00:00+00:00,84.13999939,84.44999695,83.98000336,84.26999664,2746
2026-08-18T12:30:00+00:00,84.26000214,84.43000031,84.13999939,84.36000061,1864
2026-08-18T13:00:00+00:00,84.37000275,84.83999634,84.29000092,84.72000122,4124
2026-08-18T13:30:00+00:00,84.70999908,85.12999725,84.04000092,84.55999756,7720
2026-08-18T14:00:00+00:00,84.56999969,84.61000061,83.90000153,83.94000244,4519
2026-08-18T14:30:00+00:00,83.94999695,84.54000092,83.76999664,84.52999878,6611
2026-08-18T15:00:00+00:00,84.51000214,84.81999969,84.05000305,84.79000092,6500
2026-08-18T15:30:00+00:00,84.80000305,85.01000214,84.55000305,84.73999786,5484
2026-08-18T16:00:00+00:00,84.73000336,84.73000336,84.19999695,84.44000244,3396
2026-08-18T16:30:00+00:00,84.47000122,84.61000061,84.08999634,84.20999908,3015
2026-08-18T17:00:00+00:00,84.22000122,84.36000061,84.01999664,84.19999695,2391
2026-08-18T17:30:00+00:00,84.18000031,84.31999969,84.02999878,84.04000092,1027
2026-08-18T18:00:00+00:00,84.05000305,84.23000336,83.91999817,84,2014
2026-08-18T18:30:00+00:00,83.98000336,84.16000366,83.91999817,84.06999969,943
2026-08-18T19:00:00+00:00,84.06999969,84.20999908,84.02999878,84.08999634,734
2026-08-18T19:30:00+00:00,84.08999634,84.16999817,84.01000214,84.08999634,571
2026-08-18T20:00:00+00:00,84.08000183,84.26000214,84.05000305,84.23999786,836
2026-08-18T20:30:00+00:00,84.20999908,84.52999878,84.19999695,84.37999725,1829
2026-08-18T22:00:00+00:00,84.5,84.56999969,84.36000061,84.45999908,792
2026-08-18T22:30:00+00:00,84.45999908,84.55000305,84.41000366,84.44999695,478
2026-08-18T23:00:00+00:00,84.47000122,84.52999878,84.44999695,84.48999786,391
2026-08-18T23:30:00+00:00,84.48000336,84.55000305,84.45999908,84.51999664,637
2026-08-19T00:00:00+00:00,84.51000214,84.86000061,84.34999847,84.80999756,1987
2026-08-19T00:30:00+00:00,84.80999756,84.94999695,84.61000061,84.73999786,2117
2026-08-19T01:00:00+00:00,84.76000214,85.05999756,84.70999908,84.91999817,2895
2026-08-19T01:30:00+00:00,84.90000153,85.13999939,84.76999664,85,2281
2026-08-19T02:00:00+00:00,85.01000214,85.08999634,84.83000183,84.84999847,1689
2026-08-19T02:30:00+00:00,84.83000183,84.94999695,84.65000153,84.73999786,1804
2026-08-19T03:00:00+00:00,84.75,84.91000366,84.70999908,84.77999878,1007
2026-08-19T03:30:00+00:00,84.80000305,84.80000305,84.58999634,84.68000031,1043
2026-08-19T04:00:00+00:00,84.69999695,84.87000275,84.65000153,84.69999695,923
2026-08-19T04:30:00+00:00,84.69999695,84.75,84.52999878,84.62000275,802
2026-08-19T05:00:00+00:00,84.61000061,84.68000031,84.54000092,84.59999847,1243
2026-08-19T05:30:00+00:00,84.59999847,84.79000092,84.52999878,84.79000092,1253
2026-08-19T06:00:00+00:00,84.79000092,85.02999878,84.54000092,84.56999969,2305
2026-08-19T06:30:00+00:00,84.58000183,84.75,84.41000366,84.55999756,2306
2026-08-19T07:00:00+00:00,84.55999756,84.97000122,84.43000031,84.48999786,2304
2026-08-19T07:30:00+00:00,84.5,84.73000336,84.30000305,84.69000244,2148
2026-08-19T08:00:00+00:00,84.69999695,84.73999786,84.23999786,84.26000214,2677
2026-08-19T08:30:00+00:00,84.26000214,85.05000305,84.26000214,85,3847
2026-08-19T09:00:00+00:00,84.98999786,85.41000366,84.80999756,84.91999817,5512
2026-08-19T09:30:00+00:00,84.91999817,85.08000183,84.68000031,85.01999664,3018
2026-08-19T10:00:00+00:00,85.01999664,85.16000366,84.87000275,85.13999939,1898
2026-08-19T10:30:00+00:00,85.13999939,85.23999786,84.87000275,84.91999817,1895
2026-08-19T11:00:00+00:00,84.91000366,85,84.61000061,84.68000031,2419
2026-08-19T11:30:00+00:00,84.69000244,84.98000336,84.55000305,84.65000153,2096
2026-08-19T12:00:00+00:00,84.66999817,84.73000336,84.26999664,84.38999939,3728
2026-08-19T12:30:00+00:00,84.41000366,84.48999786,83.44000244,83.97000122,11297
2026-08-19T13:00:00+00:00,83.97000122,84.55999756,83.94000244,84.43000031,7065
2026-08-19T13:30:00+00:00,84.44000244,84.69999695,84.23999786,84.52999878,4090
2026-08-19T14:00:00+00:00,84.54000092,84.84999847,84.37000275,84.81999969,4625
2026-08-19T14:30:00+00:00,84.84999847,85.12000275,84.55000305,84.88999939,6926
2026-08-19T15:00:00+00:00,84.88999939,85.48999786,84.83000183,85.31999969,6747
2026-08-19T15:30:00+00:00,85.33000183,85.40000153,85.01999664,85.23000336,4334
2026-08-19T16:00:00+00:00,85.23999786,85.58000183,85.22000122,85.31999969,4012
2026-08-19T16:30:00+00:00,85.30999756,85.66000366,85.23999786,85.59999847,3302
2026-08-19T17:00:00+00:00,85.59999847,85.83000183,85.30000305,85.37000275,4766
2026-08-19T17:30:00+00:00,85.37000275,85.41999817,84.83999634,85.13999939,3942
2026-08-19T18:00:00+00:00,85.13999939,85.29000092,84.25,84.26000214,5653
2026-08-19T18:30:00+00:00,84.26999664,84.41999817,84.15000153,84.34999847,4202
2026-08-19T19:00:00+00:00,84.36000061,84.40000153,83.93000031,84.01999664,3130
2026-08-19T19:30:00+00:00,84,84.31999969,83.94000244,84.26000214,2271
2026-08-19T20:00:00+00:00,84.27999878,84.33000183,84.16999817,84.31999969,1033
2026-08-19T20:30:00+00:00,84.30000305,84.48999786,84.20999908,84.41000366,1533
2026-08-19T22:00:00+00:00,84.41000366,84.66999817,84.30000305,84.37000275,917
2026-08-19T22:30:00+00:00,84.36000061,84.59999847,84.25,84.54000092,1029
2026-08-19T23:00:00+00:00,84.48999786,84.69999695,84.41000366,84.51999664,1318
2026-08-19T23:30:00+00:00,84.52999878,84.55000305,84.26999664,84.30000305,819
2026-08-20T00:00:00+00:00,84.30999756,84.58999634,84.22000122,84.55999756,1571
2026-08-20T00:30:00+00:00,84.55999756,84.65000153,84.48000336,84.61000061,763
2026-08-20T01:00:00+00:00,84.62000275,84.91999817,84.58000183,84.59999847,2737
2026-08-20T01:30:00+00:00,84.59999847,84.83000183,84.45999908,84.77999878,1449
2026-08-20T02:00:00+00:00,84.77999878,84.81999969,84.54000092,84.59999847,1227
2026-08-20T02:30:00+00:00,84.59999847,84.66999817,84.29000092,84.45999908,2706
2026-08-20T03:00:00+00:00,84.45999908,84.52999878,84.33999634,84.34999847,978
2026-08-20T03:30:00+00:00,84.34999847,84.62999725,84.33999634,84.5,740
2026-08-20T04:00:00+00:00,84.48000336,84.62000275,84.43000031,84.61000061,354
2026-08-20T04:30:00+00:00,84.59999847,84.66000366,84.36000061,84.48000336,701
2026-08-20T05:00:00+00:00,84.47000122,84.5,84.31999969,84.36000061,690
2026-08-20T05:30:00+00:00,84.36000061,84.69000244,84.33999634,84.55000305,1101
2026-08-20T06:00:00+00:00,84.54000092,84.69000244,84.43000031,84.69000244,1130
2026-08-20T06:30:00+00:00,84.69000244,84.91999817,84.58999634,84.90000153,1627
2026-08-20T07:00:00+00:00,84.91000366,85.59999847,84.91000366,85.58000183,4358
2026-08-20T07:30:00+00:00,85.59999847,85.87000275,85.5,85.62000275,3480
2026-08-20T08:00:00+00:00,85.62000275,86.23999786,85.25,86.11000061,5029
2026-08-20T08:30:00+00:00,86.12999725,86.47000122,86.08999634,86.37000275,3468
2026-08-20T09:00:00+00:00,86.36000061,86.59999847,86.26000214,86.55000305,2885
2026-08-20T09:30:00+00:00,86.56999969,86.81999969,86.26000214,86.76999664,2798
2026-08-20T10:00:00+00:00,86.76999664,86.83999634,86.44999695,86.58000183,2208
2026-08-20T10:30:00+00:00,86.59999847,86.79000092,86.5,86.72000122,1754
2026-08-20T11:00:00+00:00,86.73999786,87.08999634,86.68000031,87.05000305,2600
2026-08-20T11:30:00+00:00,87.05000305,87.25,86.97000122,87.23000336,2886
2026-08-20T12:00:00+00:00,87.23000336,87.69000244,87.16999817,87.56999969,5015
2026-08-20T12:30:00+00:00,87.58000183,87.58999634,86.66000366,86.68000031,6881
2026-08-20T13:00:00+00:00,86.69000244,86.88999939,86.31999969,86.66999817,7154
2026-08-20T13:30:00+00:00,86.66999817,87,86.19999695,86.5,6645
2026-08-20T14:00:00+00:00,86.51000214,86.76999664,85.69000244,85.88999939,8100
2026-08-20T14:30:00+00:00,85.88999939,86.25,85.87999725,86.02999878,4475
2026-08-20T15:00:00+00:00,86.04000092,86.58999634,85.76999664,86.52999878,6352
2026-08-20T15:30:00+00:00,86.52999878,86.87000275,86.40000153,86.51000214,4147
2026-08-20T16:00:00+00:00,86.5,86.73999786,86.31999969,86.44000244,2810
2026-08-20T16:30:00+00:00,86.47000122,86.66000366,86.02999878,86.11000061,2466
2026-08-20T17:00:00+00:00,86.11000061,86.52999878,85.87000275,86.48000336,2986
2026-08-20T17:30:00+00:00,86.48999786,86.73999786,86.47000122,86.51999664,2254
2026-08-20T18:00:00+00:00,86.54000092,86.97000122,86.36000061,86.94000244,3009
2026-08-20T18:30:00+00:00,86.94000244,86.98000336,86.73999786,86.87000275,2104
2026-08-20T19:00:00+00:00,86.84999847,86.86000061,86.63999939,86.69999695,1112
2026-08-20T19:30:00+00:00,86.69999695,86.69999695,86.55000305,86.59999847,919
2026-08-20T20:00:00+00:00,86.59999847,86.68000031,86.47000122,86.58000183,984
2026-08-20T20:30:00+00:00,86.56999969,86.59999847,86.16999817,86.20999908,1549
2026-08-20T22:00:00+00:00,86.20999908,86.44999695,86.15000153,86.26999664,622
2026-08-20T22:30:00+00:00,86.26999664,86.34999847,86.25,86.30999756,302
2026-08-20T23:00:00+00:00,86.30000305,86.36000061,86.23999786,86.33999634,483
2026-08-20T23:30:00+00:00,86.30999756,86.33000183,86.19999695,86.19999695,280
2026-08-21T00:00:00+00:00,86.20999908,86.29000092,86.06999969,86.19000244,1113
2026-08-21T00:30:00+00:00,86.19999695,86.45999908,86.18000031,86.38999939,1228
2026-08-21T01:00:00+00:00,86.38999939,86.69000244,86.25,86.59999847,2126
2026-08-21T01:30:00+00:00,86.61000061,86.94000244,86.54000092,86.73999786,2224
2026-08-21T02:00:00+00:00,86.72000122,86.80000305,86.63999939,86.76000214,1250
2026-08-21T02:30:00+00:00,86.75,86.76999664,86.48000336,86.51000214,1256
2026-08-21T03:00:00+00:00,86.51999664,86.55000305,86.33999634,86.37000275,1351
2026-08-21T03:30:00+00:00,86.37000275,86.61000061,86.37000275,86.47000122,895
2026-08-21T04:00:00+00:00,86.48000336,86.52999878,86.37999725,86.51999664,518
2026-08-21T04:30:00+00:00,86.51000214,86.55000305,86.20999908,86.23000336,796
2026-08-21T05:00:00+00:00,86.23999786,86.47000122,86.12999725,86.44999695,1397
2026-08-21T05:30:00+00:00,86.45999908,86.51000214,86.13999939,86.16999817,1197
2026-08-21T06:00:00+00:00,86.18000031,86.44000244,86.09999847,86.38999939,1377
2026-08-21T06:30:00+00:00,86.38999939,86.5,86.27999878,86.30000305,1454
2026-08-21T07:00:00+00:00,86.33000183,86.44000244,86.08999634,86.43000031,1906
2026-08-21T07:30:00+00:00,86.43000031,86.5,86.13999939,86.34999847,1846
2026-08-21T08:00:00+00:00,86.36000061,86.79000092,86,86.12000275,3952
2026-08-21T08:30:00+00:00,86.12000275,86.37000275,85.91999817,85.94000244,2084
2026-08-21T09:00:00+00:00,85.94000244,86.26999664,85.80000305,86.22000122,2083
2026-08-21T09:30:00+00:00,86.22000122,86.58999634,86.05999756,86.54000092,1882
2026-08-21T10:00:00+00:00,86.55000305,87.51000214,86.55000305,86.62000275,7992
2026-08-21T10:30:00+00:00,86.61000061,87.19000244,86.59999847,87.05000305,2988
2026-08-21T11:00:00+00:00,87.06999969,87.29000092,86.33000183,86.44999695,4566
2026-08-21T11:30:00+00:00,86.44999695,86.97000122,86.12000275,86.95999908,4779
2026-08-21T12:00:00+00:00,86.95999908,87.34999847,86.77999878,87.04000092,4199
2026-08-21T12:30:00+00:00,87.05000305,87.15000153,86.76000214,86.87000275,2985
2026-08-21T13:00:00+00:00,86.87000275,87.09999847,86.58000183,86.90000153,4826
2026-08-21T13:30:00+00:00,86.90000153,87.11000061,86.41999817,86.48000336,5205
2026-08-21T14:00:00+00:00,86.47000122,86.65000153,86.23999786,86.43000031,4267
2026-08-21T14:30:00+00:00,86.41999817,86.79000092,86.31999969,86.51999664,3841
2026-08-21T15:00:00+00:00,86.52999878,86.86000061,86.15000153,86.43000031,6213
2026-08-21T15:30:00+00:00,86.44000244,87.05999756,86.37999725,86.80999756,5005
2026-08-21T16:00:00+00:00,86.81999969,87.01000214,86.5,86.58000183,4772
2026-08-21T16:30:00+00:00,86.58000183,86.94999695,86.5,86.91999817,2577
2026-08-21T17:00:00+00:00,86.94000244,87.26999664,86.84999847,87.25,4319
2026-08-21T17:30:00+00:00,87.25,87.44999695,87.15000153,87.31999969,3427
2026-08-21T18:00:00+00:00,87.31999969,87.33000183,86.93000031,87.06999969,3221
2026-08-21T18:30:00+00:00,87.08000183,87.16999817,86.87000275,87.01000214,2479
2026-08-21T19:00:00+00:00,87.01999664,87.01999664,86.77999878,86.81999969,1376
2026-08-21T19:30:00+00:00,86.80999756,86.93000031,86.59999847,86.65000153,1973
2026-08-21T20:00:00+00:00,86.63999939,86.88999939,86.59999847,86.87000275,1488
2026-08-21T20:30:00+00:00,86.84999847,86.87000275,86.63999939,86.65000153,1679
2026-08-23T22:00:00+00:00,86.40000153,86.47000122,86.34999847,86.37999725,498
2026-08-23T22:30:00+00:00,86.37999725,86.40000153,86.23000336,86.26000214,1107
2026-08-23T23:00:00+00:00,86.25,86.27999878,86.08999634,86.12999725,1218
2026-08-23T23:30:00+00:00,86.13999939,86.23999786,85.95999908,86.01999664,1206
2026-08-24T00:00:00+00:00,86.01000214,86.23999786,85.90000153,85.94999695,1839
2026-08-24T00:30:00+00:00,85.94000244,85.95999908,85.59999847,85.83000183,2822
2026-08-24T01:00:00+00:00,85.81999969,85.84999847,84.84999847,85.16999817,6095
2026-08-24T01:30:00+00:00,85.15000153,85.45999908,85.09999847,85.37999725,2961
2026-08-24T02:00:00+00:00,85.34999847,85.52999878,85.19999695,85.52999878,1641
2026-08-24T02:30:00+00:00,85.51999664,85.73999786,85.48000336,85.69999695,2284
2026-08-24T03:00:00+00:00,85.69000244,85.80000305,85.62999725,85.69000244,1248
2026-08-24T03:30:00+00:00,85.69999695,85.79000092,85.56999969,85.62000275,911
2026-08-24T04:00:00+00:00,85.61000061,85.77999878,85.47000122,85.61000061,1668
2026-08-24T04:30:00+00:00,85.62000275,85.75,85.54000092,85.62000275,652
2026-08-24T05:00:00+00:00,85.62000275,85.69000244,85.51000214,85.58000183,635
2026-08-24T05:30:00+00:00,85.55999756,85.77999878,85.48000336,85.56999969,1193
2026-08-24T06:00:00+00:00,85.58999634,85.65000153,85.23000336,85.44000244,1855
2026-08-24T06:30:00+00:00,85.43000031,85.45999908,85.13999939,85.19000244,1416
2026-08-24T07:00:00+00:00,85.19999695,85.37999725,85.05000305,85.30000305,1573
2026-08-24T07:30:00+00:00,85.27999878,85.70999908,85.05000305,85.66000366,2817
2026-08-24T08:00:00+00:00,85.65000153,85.80999756,85.37000275,85.55999756,2672
2026-08-24T08:30:00+00:00,85.55999756,85.59999847,84.69999695,84.97000122,3868
2026-08-24T09:00:00+00:00,84.98000336,85.47000122,84.76000214,85.38999939,2409
2026-08-24T09:30:00+00:00,85.36000061,85.41000366,84.98000336,85.16000366,1618
2026-08-24T10:00:00+00:00,85.16000366,85.23000336,84.94000244,85,1057
2026-08-24T10:30:00+00:00,84.98999786,85.38999939,84.87000275,85.37000275,1429
2026-08-24T11:00:00+00:00,85.37999725,85.52999878,85.08999634,85.48000336,1672
2026-08-24T11:30:00+00:00,85.47000122,85.58999634,85.01000214,85.40000153,2576
2026-08-24T12:00:00+00:00,85.37000275,85.61000061,85.25,85.45999908,2459
2026-08-24T12:30:00+00:00,85.48000336,86.23999786,85.08999634,85.52999878,6450
2026-08-24T13:00:00+00:00,85.52999878,85.94000244,85.33000183,85.91000366,4956
2026-08-24T13:30:00+00:00,85.90000153,86.05000305,85.30000305,85.37000275,6969
2026-08-24T14:00:00+00:00,85.37999725,85.58000183,84.76000214,84.91999817,5735
2026-08-24T14:30:00+00:00,84.90000153,85.23999786,84.81999969,85.01000214,4104
2026-08-24T15:00:00+00:00,85,85.16000366,84.41000366,84.48000336,6337
2026-08-24T15:30:00+00:00,84.48000336,84.87999725,84.37000275,84.80000305,5885
2026-08-24T16:00:00+00:00,84.81999969,85.36000061,84.72000122,85.27999878,3914
2026-08-24T16:30:00+00:00,85.29000092,85.43000031,85.08000183,85.22000122,2223
2026-08-24T17:00:00+00:00,85.22000122,85.23000336,84.69000244,84.86000061,5030
2026-08-24T17:30:00+00:00,84.87000275,85.05999756,84.70999908,84.80999756,1505
2026-08-24T18:00:00+00:00,84.80999756,85.06999969,84.65000153,84.98000336,1997
2026-08-24T18:30:00+00:00,84.97000122,85.26000214,84.87999725,85.18000031,1536
2026-08-24T19:00:00+00:00,85.16999817,85.30000305,85.15000153,85.18000031,690
2026-08-24T19:30:00+00:00,85.19999695,85.20999908,84.98999786,85.04000092,1179
2026-08-24T20:00:00+00:00,85.05000305,85.08000183,84.94999695,84.97000122,750
2026-08-24T20:30:00+00:00,84.95999908,85,84.84999847,84.94999695,1210
2026-08-24T22:00:00+00:00,85,85.12000275,84.93000031,85.05000305,556
2026-08-24T22:30:00+00:00,85.06999969,85.13999939,85.05999756,85.12999725,403
2026-08-24T23:00:00+00:00,85.12999725,85.20999908,85.08999634,85.16999817,497
2026-08-24T23:30:00+00:00,85.16999817,85.23999786,85.12000275,85.19000244,501
2026-08-25T00:00:00+00:00,85.19000244,85.26000214,85.05999756,85.12000275,993
2026-08-25T00:30:00+00:00,85.12000275,85.12000275,84.75,84.77999878,1254
2026-08-25T01:00:00+00:00,84.76999664,85.34999847,84.73000336,85.25,2627
2026-08-25T01:30:00+00:00,85.23000336,85.5,85.11000061,85.45999908,1809
2026-08-25T02:00:00+00:00,85.47000122,85.83999634,85.41999817,85.68000031,2717
2026-08-25T02:30:00+00:00,85.69999695,85.79000092,85.47000122,85.55000305,2455
2026-08-25T03:00:00+00:00,85.55999756,85.58000183,85.13999939,85.36000061,2502
2026-08-25T03:30:00+00:00,85.34999847,85.44999695,85.31999969,85.41999817,454
2026-08-25T04:00:00+00:00,85.44999695,85.5,85.22000122,85.26000214,929
2026-08-25T04:30:00+00:00,85.27999878,85.27999878,85.06999969,85.08999634,990
2026-08-25T05:00:00+00:00,85.08000183,85.11000061,84.91999817,84.97000122,906
2026-08-25T05:30:00+00:00,84.97000122,85.08999634,84.29000092,84.45999908,3235
2026-08-25T06:00:00+00:00,84.48000336,84.54000092,84.13999939,84.22000122,2779
2026-08-25T06:30:00+00:00,84.22000122,84.58999634,84.09999847,84.25,2783
2026-08-25T07:00:00+00:00,84.26000214,84.54000092,84.09999847,84.44999695,2080
2026-08-25T07:30:00+00:00,84.44999695,84.59999847,84.26000214,84.54000092,1665
2026-08-25T08:00:00+00:00,84.55999756,84.70999908,83.5,83.91000366,6475
2026-08-25T08:30:00+00:00,83.91000366,84.11000061,82.84999847,83.01000214,6610
2026-08-25T09:00:00+00:00,83.01000214,83.08999634,82.44999695,82.69000244,4529
2026-08-25T09:30:00+00:00,82.69000244,82.75,82.05000305,82.12000275,4713
2026-08-25T10:00:00+00:00,82.12999725,82.61000061,82.11000061,82.43000031,2704
2026-08-25T10:30:00+00:00,82.38999939,82.58999634,82.26000214,82.44999695,1800
2026-08-25T11:00:00+00:00,82.44999695,82.70999908,82.30000305,82.48999786,2196
2026-08-25T11:30:00+00:00,82.44999695,82.44999695,81.80999756,81.97000122,4310
2026-08-25T12:00:00+00:00,81.95999908,82.58999634,81.88999939,82.33999634,4415
2026-08-25T12:30:00+00:00,82.33999634,82.55000305,82.12000275,82.19999695,2842
2026-08-25T13:00:00+00:00,82.19999695,82.62999725,81.80999756,82.41000366,6415
2026-08-25T13:30:00+00:00,82.40000153,82.63999939,82.13999939,82.44000244,4210
2026-08-25T14:00:00+00:00,82.45999908,82.87999725,82.30000305,82.59999847,5624
2026-08-25T14:30:00+00:00,82.59999847,83.30999756,82.27999878,82.48999786,6809
2026-08-25T15:00:00+00:00,82.44999695,82.69000244,82.12999725,82.41000366,3926
2026-08-25T15:30:00+00:00,82.41000366,82.43000031,81.51999664,82.08999634,10737
2026-08-25T16:00:00+00:00,82.09999847,82.37000275,82.02999878,82.33000183,3127
2026-08-25T16:30:00+00:00,82.30999756,82.41000366,82.12000275,82.16999817,1977
2026-08-25T17:00:00+00:00,82.19000244,82.41000366,82.06999969,82.23000336,1895
2026-08-25T17:30:00+00:00,82.22000122,82.30999756,82.09999847,82.12000275,1166
2026-08-25T18:00:00+00:00,82.12999725,82.45999908,82.06999969,82.31999969,1880
2026-08-25T18:30:00+00:00,82.30000305,82.44999695,82.23999786,82.30000305,1217
2026-08-25T19:00:00+00:00,82.26999664,82.38999939,82.15000153,82.23000336,970
2026-08-25T19:30:00+00:00,82.23000336,82.30000305,81.09999847,81.11000061,5395
2026-08-25T20:00:00+00:00,81.12999725,81.13999939,80.23000336,80.66999817,9529
2026-08-25T20:30:00+00:00,80.66999817,81.23000336,80.59999847,81.08999634,4984
2026-08-25T22:00:00+00:00,81.19999695,81.30000305,80.93000031,81,1114
2026-08-25T22:30:00+00:00,81.01999664,81.09999847,80.93000031,81.01999664,1165
2026-08-25T23:00:00+00:00,81.02999878,81.02999878,80.94999695,80.98000336,361
2026-08-25T23:30:00+00:00,81,81.15000153,80.95999908,80.98000336,839
2026-08-26T00:00:00+00:00,80.98000336,81.12000275,80.77999878,80.88999939,1621
2026-08-26T00:30:00+00:00,80.91999817,81,80.56999969,80.70999908,2046
2026-08-26T01:00:00+00:00,80.70999908,80.72000122,80.33000183,80.55999756,3155
2026-08-26T01:30:00+00:00,80.55000305,80.69999695,80.34999847,80.51999664,1824
2026-08-26T02:00:00+00:00,80.52999878,80.52999878,80.26000214,80.34999847,1800
2026-08-26T02:30:00+00:00,80.36000061,80.55999756,80.13999939,80.41999817,2074
2026-08-26T03:00:00+00:00,80.41000366,80.41000366,80.06999969,80.26000214,1349
2026-08-26T03:30:00+00:00,80.27999878,80.33000183,80.16999817,80.26999664,865
2026-08-26T04:00:00+00:00,80.27999878,80.44999695,80.25,80.33000183,1038
2026-08-26T04:30:00+00:00,80.31999969,80.63999939,80.25,80.59999847,1093
2026-08-26T05:00:00+00:00,80.61000061,80.77999878,80.43000031,80.76000214,1105
2026-08-26T05:30:00+00:00,80.75,80.91000366,80.62999725,80.76000214,1737
2026-08-26T06:00:00+00:00,80.77999878,80.93000031,80.69000244,80.83999634,1202
2026-08-26T06:30:00+00:00,80.80999756,80.83999634,80.26999664,80.47000122,2080
2026-08-26T07:00:00+00:00,80.48000336,80.62000275,80.16999817,80.27999878,1780
2026-08-26T07:30:00+00:00,80.27999878,80.33999634,79.83999634,79.90000153,3125
2026-08-26T08:00:00+00:00,79.88999939,80.52999878,79.87999725,80.04000092,2899
2026-08-26T08:30:00+00:00,80.06999969,80.25,79.68000031,79.84999847,4062
2026-08-26T09:00:00+00:00,79.84999847,80.20999908,79.62000275,80.19000244,3245
2026-08-26T09:30:00+00:00,80.18000031,80.26000214,79.80000305,80.12000275,1887
2026-08-26T10:00:00+00:00,80.12999725,80.33000183,79.95999908,80.12000275,1781
2026-08-26T10:30:00+00:00,80.19999695,80.41000366,80.08000183,80.23000336,1373
2026-08-26T11:00:00+00:00,80.22000122,80.36000061,80.09999847,80.16000366,1525
2026-08-26T11:30:00+00:00,80.22000122,80.69000244,80.13999939,80.55000305,2176
2026-08-26T12:00:00+00:00,80.55000305,80.65000153,80.20999908,80.22000122,1853
2026-08-26T12:30:00+00:00,80.23999786,80.73999786,80.18000031,80.66000366,3754
2026-08-26T13:00:00+00:00,80.66999817,81,80.51000214,80.69999695,5048
2026-08-26T13:30:00+00:00,80.69999695,81.73000336,80.66999817,81.5,8711
2026-08-26T14:00:00+00:00,81.48999786,81.69000244,81.30000305,81.68000031,3962
2026-08-26T14:30:00+00:00,81.69000244,81.97000122,81.66000366,81.91999817,4262
2026-08-26T15:00:00+00:00,81.91999817,82.44000244,81.83999634,82.37999725,5305
2026-08-26T15:30:00+00:00,82.37000275,82.87999725,82.16999817,82.76999664,6933
2026-08-26T16:00:00+00:00,82.76999664,83.30000305,82.69999695,83.08000183,6054
2026-08-26T16:30:00+00:00,83.06999969,83.19999695,82.73999786,82.76000214,4046
2026-08-26T17:00:00+00:00,82.77999878,82.83999634,82.56999969,82.68000031,3082
2026-08-26T17:30:00+00:00,82.66999817,82.70999908,82.48000336,82.54000092,1899
2026-08-26T18:00:00+00:00,82.54000092,82.56999969,82.06999969,82.25,3703
2026-08-26T18:30:00+00:00,82.25,82.40000153,81.97000122,81.98999786,2107
2026-08-26T19:00:00+00:00,82,82.06999969,81.81999969,81.98999786,1837
2026-08-26T19:30:00+00:00,81.98999786,82.08999634,81.90000153,81.91999817,1146
2026-08-26T20:00:00+00:00,81.91999817,81.94000244,81.79000092,81.80000305,1026
2026-08-26T20:30:00+00:00,81.79000092,82,81.73999786,81.91000366,1246
2026-08-26T22:00:00+00:00,81.98000336,82.15000153,81.77999878,81.84999847,568
2026-08-26T22:30:00+00:00,81.84999847,81.91000366,81.80999756,81.80999756,278
2026-08-26T23:00:00+00:00,81.81999969,81.87000275,81.73999786,81.81999969,583
2026-08-26T23:30:00+00:00,81.83000183,81.84999847,81.80000305,81.80999756,301
2026-08-27T00:00:00+00:00,81.80999756,81.81999969,81.54000092,81.54000092,1819
2026-08-27T00:30:00+00:00,81.54000092,81.90000153,81.52999878,81.79000092,1958
2026-08-27T01:00:00+00:00,81.80000305,82.19000244,81.70999908,81.98000336,3078
2026-08-27T01:30:00+00:00,81.98000336,82.01000214,81.56999969,81.59999847,1601
2026-08-27T02:00:00+00:00,81.61000061,81.69999695,81.55999756,81.59999847,931
2026-08-27T02:30:00+00:00,81.61000061,81.73000336,81.44000244,81.44000244,1433
2026-08-27T03:00:00+00:00,81.43000031,81.87999725,81.43000031,81.76999664,1608
2026-08-27T03:30:00+00:00,81.79000092,81.90000153,81.69999695,81.83000183,663
2026-08-27T04:00:00+00:00,81.83999634,81.91000366,81.76999664,81.87999725,410
2026-08-27T04:30:00+00:00,81.90000153,81.90000153,81.80000305,81.83000183,253
2026-08-27T05:00:00+00:00,81.83000183,81.87999725,81.56999969,81.59999847,683
2026-08-27T05:30:00+00:00,81.58999634,81.69000244,81.41000366,81.44000244,1425
2026-08-27T06:00:00+00:00,81.44000244,81.5,81.27999878,81.31999969,1305
2026-08-27T06:30:00+00:00,81.30999756,81.36000061,81.01000214,81.01999664,2373
2026-08-27T07:00:00+00:00,81.04000092,81.12000275,80.65000153,80.98999786,3127
2026-08-27T07:30:00+00:00,81.01999664,81.36000061,80.98999786,81.36000061,1938
2026-08-27T08:00:00+00:00,81.36000061,81.65000153,81.19999695,81.65000153,2843
2026-08-27T08:30:00+00:00,81.62999725,81.83000183,81.48000336,81.83000183,2205
2026-08-27T09:00:00+00:00,81.83000183,82.23000336,81.80999756,82.09999847,3625
2026-08-27T09:30:00+00:00,82.08999634,82.20999908,81.97000122,82.18000031,1429
2026-08-27T10:00:00+00:00,82.19999695,82.55000305,82.12999725,82.41999817,3050
2026-08-27T10:30:00+00:00,82.41999817,82.48000336,82.08000183,82.22000122,2329
2026-08-27T11:00:00+00:00,82.23999786,82.51000214,82.18000031,82.44999695,1845
2026-08-27T11:30:00+00:00,82.44999695,82.62000275,82.12000275,82.45999908,2696
2026-08-27T12:00:00+00:00,82.44999695,82.55000305,82.16999817,82.44000244,2325
2026-08-27T12:30:00+00:00,82.43000031,82.81999969,82.33000183,82.52999878,3795
2026-08-27T13:00:00+00:00,82.52999878,82.77999878,82.33000183,82.43000031,3882
2026-08-27T13:30:00+00:00,82.43000031,82.87999725,82.37000275,82.83999634,5903
2026-08-27T14:00:00+00:00,82.83999634,83.12999725,82.63999939,82.68000031,5252
2026-08-27T14:30:00+00:00,82.69000244,82.75,82,82.02999878,5839
2026-08-27T15:00:00+00:00,82.04000092,82.47000122,81.98000336,82.25,5067
2026-08-27T15:30:00+00:00,82.25,82.68000031,82.23999786,82.59999847,3135
2026-08-27T16:00:00+00:00,82.61000061,82.76999664,82.43000031,82.62000275,2528
2026-08-27T16:30:00+00:00,82.61000061,82.91000366,82.58000183,82.75,2459
2026-08-27T17:00:00+00:00,82.75,82.94999695,82.69999695,82.76999664,1110
2026-08-27T17:30:00+00:00,82.77999878,84.02999878,82.65000153,83.97000122,9332
2026-08-27T18:00:00+00:00,83.97000122,84.25,83.43000031,83.61000061,8917
2026-08-27T18:30:00+00:00,83.62000275,83.81999969,83.55000305,83.75,2621
2026-08-27T19:00:00+00:00,83.76999664,84.04000092,83.62999725,83.91000366,2596
2026-08-27T19:30:00+00:00,83.88999939,84,83.59999847,83.63999939,1565
2026-08-27T20:00:00+00:00,83.62999725,83.72000122,83.55000305,83.56999969,966
2026-08-27T20:30:00+00:00,83.55999756,83.59999847,83.45999908,83.51999664,1297
2026-08-27T22:00:00+00:00,83.5,83.79000092,83.45999908,83.62999725,1801
2026-08-27T22:30:00+00:00,83.62999725,83.65000153,83.58999634,83.58999634,276
2026-08-27T23:00:00+00:00,83.59999847,83.63999939,83.58000183,83.61000061,208
2026-08-27T23:30:00+00:00,83.59999847,83.62999725,83.48999786,83.48999786,439
2026-08-28T00:00:00+00:00,83.48999786,83.52999878,83.37000275,83.41000366,1003
2026-08-28T00:30:00+00:00,83.40000153,83.41999817,83.25,83.27999878,954
2026-08-28T01:00:00+00:00,83.27999878,83.52999878,83.20999908,83.22000122,1793
2026-08-28T01:30:00+00:00,83.23000336,83.23999786,83.02999878,83.05999756,2763
2026-08-28T02:00:00+00:00,83.06999969,83.37000275,83.05000305,83.36000061,1620
2026-08-28T02:30:00+00:00,83.37000275,83.47000122,83.08999634,83.11000061,1742
2026-08-28T03:00:00+00:00,83.09999847,83.25,83.05999756,83.19999695,723
2026-08-28T03:30:00+00:00,83.20999908,83.23000336,83.08000183,83.09999847,289
2026-08-28T04:00:00+00:00,83.11000061,83.13999939,83.05999756,83.12999725,352
2026-08-28T04:30:00+00:00,83.12999725,83.30999756,83.12999725,83.27999878,602
2026-08-28T05:00:00+00:00,83.27999878,83.37000275,83.18000031,83.22000122,655
2026-08-28T05:30:00+00:00,83.23000336,83.26000214,82.81999969,83.09999847,2397
2026-08-28T06:00:00+00:00,83.09999847,83.23999786,82.84999847,82.98000336,1712
2026-08-28T06:30:00+00:00,82.98000336,83.05999756,82.73999786,82.88999939,1991
2026-08-28T07:00:00+00:00,82.87000275,83.33999634,82.73999786,82.84999847,2477
2026-08-28T07:30:00+00:00,82.83999634,83.01999664,82.66999817,82.98000336,1533
2026-08-28T08:00:00+00:00,83,83.25,82.81999969,83.08999634,2495
2026-08-28T08:30:00+00:00,83.09999847,83.31999969,82.54000092,83.31999969,3736
2026-08-28T09:00:00+00:00,83.31999969,83.5,82.87000275,83,2869
2026-08-28T09:30:00+00:00,82.98999786,83.36000061,82.94999695,83.06999969,1841
2026-08-28T10:00:00+00:00,83.06999969,83.34999847,82.86000061,83.33999634,1761
2026-08-28T10:30:00+00:00,83.33000183,83.62000275,83.20999908,83.25,2504
2026-08-28T11:00:00+00:00,83.26999664,83.33999634,83.01000214,83.06999969,2036
2026-08-28T11:30:00+00:00,83.08999634,83.19000244,82.87000275,82.91999817,1838
2026-08-28T12:00:00+00:00,82.91000366,83.04000092,82.66000366,82.75,2086
2026-08-28T12:30:00+00:00,82.73999786,82.84999847,82.44000244,82.47000122,3875
2026-08-28T13:00:00+00:00,82.48000336,82.68000031,82.23000336,82.43000031,4704
2026-08-28T13:30:00+00:00,82.40000153,82.80999756,82.37999725,82.5,3804
2026-08-28T14:00:00+00:00,82.51000214,82.95999908,82.33000183,82.83000183,4441
2026-08-28T14:30:00+00:00,82.84999847,83.12999725,82.66000366,82.87000275,4435
2026-08-28T15:00:00+00:00,82.86000061,83.29000092,82.80000305,83.11000061,4443
2026-08-28T15:30:00+00:00,83.11000061,83.29000092,82.98000336,83.04000092,2903
2026-08-28T16:00:00+00:00,83.04000092,83.27999878,82.87999725,83.08999634,3209
2026-08-28T16:30:00+00:00,83.11000061,83.55000305,83.01999664,83.51999664,3334
2026-08-28T17:00:00+00:00,83.5,83.70999908,83.29000092,83.36000061,3443
2026-08-28T17:30:00+00:00,83.37000275,83.55999756,83.26999664,83.45999908,1479
2026-08-28T18:00:00+00:00,83.44999695,83.55000305,83.13999939,83.36000061,2966
2026-08-28T18:30:00+00:00,83.37000275,83.38999939,83.08999634,83.18000031,2077
2026-08-28T19:00:00+00:00,83.18000031,83.33999634,83.16000366,83.29000092,1308
2026-08-28T19:30:00+00:00,83.30000305,83.51999664,83.26999664,83.40000153,1686
2026-08-28T20:00:00+00:00,83.38999939,83.48000336,83.31999969,83.44000244,1050
2026-08-28T20:30:00+00:00,83.43000031,83.47000122,83.30999756,83.40000153,1672
2026-08-30T22:00:00+00:00,85.26000214,85.29000092,84.86000061,84.91999817,2283
2026-08-30T22:30:00+00:00,84.91999817,85.06999969,84.73999786,84.87000275,2462
2026-08-30T23:00:00+00:00,84.87999725,84.91000366,84.75,84.86000061,1162
2026-08-30T23:30:00+00:00,84.84999847,84.84999847,84.33999634,84.73999786,2224
2026-08-31T00:00:00+00:00,84.73000336,84.80000305,84.31999969,84.37999725,2264
2026-08-31T00:30:00+00:00,84.37000275,84.41999817,84.12000275,84.33999634,2096
2026-08-31T01:00:00+00:00,84.33999634,85.29000092,84.30999756,84.90000153,5563
2026-08-31T01:30:00+00:00,84.90000153,85.47000122,84.84999847,85.19999695,3602
2026-08-31T02:00:00+00:00,85.19999695,85.59999847,85.19000244,85.37000275,3480
2026-08-31T02:30:00+00:00,85.36000061,85.63999939,85.01000214,85.02999878,2615
2026-08-31T03:00:00+00:00,85.02999878,85.18000031,84.87000275,85,1920
2026-08-31T03:30:00+00:00,85,85.12000275,84.90000153,85.08000183,661
2026-08-31T04:00:00+00:00,85.11000061,85.38999939,85.02999878,85.34999847,1112
2026-08-31T04:30:00+00:00,85.34999847,85.40000153,85.13999939,85.34999847,961
2026-08-31T05:00:00+00:00,85.33999634,85.84999847,85.29000092,85.79000092,2799
2026-08-31T05:30:00+00:00,85.79000092,86.01000214,85.52999878,85.66000366,3082
2026-08-31T06:00:00+00:00,85.66000366,85.86000061,85.48000336,85.52999878,2052
2026-08-31T06:30:00+00:00,85.51000214,85.70999908,85.33999634,85.34999847,1611
2026-08-31T07:00:00+00:00,85.34999847,85.41000366,84.47000122,84.79000092,4381
2026-08-31T07:30:00+00:00,84.79000092,85.47000122,84.69999695,85.41999817,2568
2026-08-31T08:00:00+00:00,85.41999817,85.73999786,85.22000122,85.69999695,3162
2026-08-31T08:30:00+00:00,85.69000244,86.51999664,85.62000275,86.41000366,5401
2026-08-31T09:00:00+00:00,86.41000366,86.56999969,86.02999878,86.19000244,2988
2026-08-31T09:30:00+00:00,86.19999695,86.65000153,86.05999756,86.47000122,1994
2026-08-31T10:00:00+00:00,86.48000336,86.77999878,86.20999908,86.26000214,2641
2026-08-31T10:30:00+00:00,86.27999878,86.47000122,86.11000061,86.19999695,1914
2026-08-31T11:00:00+00:00,86.22000122,86.55000305,86.16000366,86.5,1262
2026-08-31T11:30:00+00:00,86.48000336,86.69000244,86.33000183,86.37999725,1888
2026-08-31T12:00:00+00:00,86.38999939,86.65000153,86.04000092,86.56999969,5561
2026-08-31T12:30:00+00:00,86.56999969,86.75,85.93000031,86.05999756,4845
2026-08-31T13:00:00+00:00,86.05999756,86.23999786,85.37999725,85.52999878,6915
2026-08-31T13:30:00+00:00,85.51000214,86.37999725,85.45999908,86,6218
2026-08-31T14:00:00+00:00,85.98000336,86.04000092,85.44999695,85.69000244,4015
2026-08-31T14:30:00+00:00,85.69000244,85.73000336,85.18000031,85.29000092,4805
2026-08-31T15:00:00+00:00,85.29000092,85.51999664,85.09999847,85.44999695,3069
2026-08-31T15:30:00+00:00,85.45999908,85.66000366,85.19999695,85.55999756,2724
2026-08-31T16:00:00+00:00,85.54000092,85.66000366,85.37000275,85.66000366,1571
2026-08-31T16:30:00+00:00,85.66000366,85.68000031,85.27999878,85.58999634,2196
2026-08-31T17:00:00+00:00,85.59999847,85.88999939,85.59999847,85.70999908,2338
2026-08-31T17:30:00+00:00,85.73999786,85.76999664,85.48999786,85.5,1621
2026-08-31T18:00:00+00:00,85.5,85.93000031,85.44999695,85.83999634,2400
2026-08-31T18:30:00+00:00,85.83000183,86,85.55000305,85.58000183,1711
2026-08-31T19:00:00+00:00,85.58999634,85.84999847,85.54000092,85.73999786,1056
2026-08-31T19:30:00+00:00,85.76999664,86.01999664,85.76000214,85.97000122,1824
2026-08-31T20:00:00+00:00,85.97000122,86.33999634,85.88999939,86.30000305,1533
2026-08-31T20:30:00+00:00,86.30000305,86.38999939,86.26999664,86.30999756,1362
2026-08-31T22:00:00+00:00,86.37000275,86.44000244,86.12000275,86.26999664,804
2026-08-31T22:30:00+00:00,86.26999664,86.41999817,86.19999695,86.41999817,856
2026-08-31T23:00:00+00:00,86.41999817,86.48999786,86.30000305,86.33000183,807
2026-08-31T23:30:00+00:00,86.33000183,86.45999908,86.33000183,86.40000153,426
2026-09-01T00:00:00+00:00,86.41999817,86.73000336,86.41000366,86.62000275,2299
2026-09-01T00:30:00+00:00,86.61000061,86.70999908,86.52999878,86.55000305,1132
2026-09-01T01:00:00+00:00,86.58999634,86.72000122,86.37999725,86.54000092,2107
2026-09-01T01:30:00+00:00,86.52999878,86.73000336,86.30999756,86.33000183,1592
2026-09-01T02:00:00+00:00,86.31999969,86.56999969,86.30000305,86.44999695,1053
2026-09-01T02:30:00+00:00,86.47000122,86.81999969,86.47000122,86.62999725,2283
2026-09-01T03:00:00+00:00,86.65000153,86.80999756,86.59999847,86.68000031,1228
2026-09-01T03:30:00+00:00,86.66999817,86.76999664,86.61000061,86.73000336,992
2026-09-01T04:00:00+00:00,86.75,86.77999878,86.63999939,86.73000336,785
2026-09-01T04:30:00+00:00,86.75,87.08000183,86.73000336,86.98000336,1954
2026-09-01T05:00:00+00:00,87.01000214,87.04000092,86.84999847,86.93000031,1031
2026-09-01T05:30:00+00:00,86.93000031,87.06999969,86.23000336,86.44000244,5072
2026-09-01T06:00:00+00:00,86.43000031,86.77999878,86.40000153,86.58999634,1914
2026-09-01T06:30:00+00:00,86.58000183,86.58999634,86.29000092,86.54000092,1575
2026-09-01T07:00:00+00:00,86.54000092,87.16999817,86.33999634,87.02999878,4560
2026-09-01T07:30:00+00:00,87.02999878,87.25,86.93000031,86.94000244,2331
2026-09-01T08:00:00+00:00,86.93000031,87.58999634,86.88999939,87.56999969,4744
2026-09-01T08:30:00+00:00,87.55999756,88.08999634,87.34999847,88.02999878,5168
2026-09-01T09:00:00+00:00,88.02999878,88.05999756,87.66999817,88.04000092,2275
2026-09-01T09:30:00+00:00,88.04000092,88.12000275,87.81999969,87.97000122,2006
2026-09-01T10:00:00+00:00,87.97000122,88.11000061,87.66999817,87.73999786,2471
2026-09-01T10:30:00+00:00,87.73999786,87.94999695,87.56999969,87.80999756,2407
2026-09-01T11:00:00+00:00,87.80000305,87.98000336,87.61000061,87.66999817,1314
2026-09-01T11:30:00+00:00,87.65000153,87.87999725,87.41000366,87.84999847,2965
2026-09-01T12:00:00+00:00,87.84999847,88.02999878,87.30000305,87.83000183,5237
2026-09-01T12:30:00+00:00,87.83999634,88.22000122,87.83000183,87.95999908,4647
2026-09-01T13:00:00+00:00,87.97000122,88.40000153,87.97000122,88.23999786,6052
2026-09-01T13:30:00+00:00,88.23000336,88.54000092,88.01000214,88.36000061,5878
2026-09-01T14:00:00+00:00,88.33999634,88.37999725,87.48999786,87.62000275,8427
2026-09-01T14:30:00+00:00,87.59999847,87.94999695,87.51000214,87.94999695,6929
2026-09-01T15:00:00+00:00,87.95999908,88.22000122,87.73000336,87.97000122,5479
2026-09-01T15:30:00+00:00,87.97000122,88.38999939,87.95999908,88.33999634,4159
2026-09-01T16:00:00+00:00,88.33000183,89.88999939,88.27999878,89.72000122,17720
2026-09-01T16:30:00+00:00,89.73000336,89.94999695,89.20999908,89.54000092,11264
2026-09-01T17:00:00+00:00,89.54000092,89.93000031,89.33000183,89.58999634,5200
2026-09-01T17:30:00+00:00,89.58999634,90.12999725,89.56999969,89.87000275,6085
2026-09-01T18:00:00+00:00,89.87000275,90.29000092,89.63999939,90.27999878,5481
2026-09-01T18:30:00+00:00,90.27999878,90.56999969,90.26000214,90.51000214,5285
2026-09-01T19:00:00+00:00,90.48999786,90.59999847,90.29000092,90.55000305,2945
2026-09-01T19:30:00+00:00,90.55999756,90.69000244,90.41000366,90.65000153,2585
2026-09-01T20:00:00+00:00,90.63999939,90.98000336,90.61000061,90.79000092,5453
2026-09-01T20:30:00+00:00,90.73999786,90.87999725,90.44000244,90.69999695,2833
2026-09-01T22:00:00+00:00,90.66999817,91.01999664,90.55000305,90.98000336,1863
2026-09-01T22:30:00+00:00,90.95999908,90.95999908,90.72000122,90.84999847,1304
2026-09-01T23:00:00+00:00,90.86000061,90.87999725,90.76000214,90.80000305,494
2026-09-01T23:30:00+00:00,90.79000092,90.83000183,90.65000153,90.77999878,1035
2026-09-02T00:00:00+00:00,90.76000214,91.33000183,90.66999817,91.13999939,4990
2026-09-02T00:30:00+00:00,91.13999939,92.08000183,91.13999939,92.05000305,6534
2026-09-02T01:00:00+00:00,92.05999756,92.30000305,91.37999725,91.69000244,7036
2026-09-02T01:30:00+00:00,91.72000122,91.98999786,91.25,91.30000305,4560
2026-09-02T02:00:00+00:00,91.30999756,91.55000305,90.84999847,90.86000061,4168
2026-09-02T02:30:00+00:00,90.86000061,90.98999786,90.72000122,90.75,2662
2026-09-02T03:00:00+00:00,90.76000214,90.88999939,90.58000183,90.69000244,2354
2026-09-02T03:30:00+00:00,90.68000031,90.81999969,90.59999847,90.69999695,1147
2026-09-02T04:00:00+00:00,90.69999695,90.80000305,90.55999756,90.58999634,932
2026-09-02T04:30:00+00:00,90.59999847,90.62000275,90.41999817,90.52999878,1296
2026-09-02T05:00:00+00:00,90.54000092,90.83999634,90.45999908,90.58999634,1923
2026-09-02T05:30:00+00:00,90.58999634,90.80999756,90.5,90.79000092,1393
2026-09-02T06:00:00+00:00,90.76999664,90.95999908,90.62000275,90.94000244,2081
2026-09-02T06:30:00+00:00,90.94999695,90.98000336,90.44999695,90.62000275,2442
2026-09-02T07:00:00+00:00,90.59999847,90.69000244,90.05000305,90.22000122,4075
2026-09-02T07:30:00+00:00,90.23000336,90.26999664,89.91000366,90.15000153,2705
2026-09-02T08:00:00+00:00,90.13999939,90.44999695,89.91000366,90.23000336,3595
2026-09-02T08:30:00+00:00,90.22000122,90.45999908,90.01999664,90.22000122,2423
2026-09-02T09:00:00+00:00,90.23000336,90.69999695,90.08999634,90.45999908,2167
2026-09-02T09:30:00+00:00,90.47000122,90.55000305,90.12999725,90.54000092,2051
2026-09-02T10:00:00+00:00,90.51999664,90.58000183,90.09999847,90.33000183,1987
2026-09-02T10:30:00+00:00,90.33000183,90.55000305,90.22000122,90.22000122,1507
2026-09-02T11:00:00+00:00,90.25,90.41999817,89.41999817,89.66999817,5986
2026-09-02T11:30:00+00:00,89.68000031,89.73000336,89.05999756,89.09999847,5188
2026-09-02T12:00:00+00:00,89.12000275,89.70999908,89.02999878,89.70999908,4357
2026-09-02T12:30:00+00:00,89.69999695,89.93000031,89.45999908,89.84999847,2823
2026-09-02T13:00:00+00:00,89.84999847,89.87000275,89.41000366,89.63999939,3861
2026-09-02T13:30:00+00:00,89.63999939,89.76999664,89.04000092,89.08000183,4555
2026-09-02T14:00:00+00:00,89.08000183,89.98000336,88.94999695,89.98000336,6378
2026-09-02T14:30:00+00:00,89.98000336,90.58000183,89.81999969,90.56999969,6865
2026-09-02T15:00:00+00:00,90.56999969,90.84999847,90.36000061,90.58000183,6126
2026-09-02T15:30:00+00:00,90.58000183,90.97000122,90.51000214,90.55999756,3899
2026-09-02T16:00:00+00:00,90.61000061,90.93000031,90.51000214,90.91000366,3250
2026-09-02T16:30:00+00:00,90.91000366,91.19000244,90.73999786,90.93000031,4174
2026-09-02T17:00:00+00:00,90.93000031,91.23000336,90.69999695,91.05000305,3438
2026-09-02T17:30:00+00:00,91.08000183,91.29000092,90.76999664,90.88999939,3052
2026-09-02T18:00:00+00:00,90.90000153,91.48000336,90.61000061,90.94000244,8880
2026-09-02T18:30:00+00:00,90.95999908,90.98999786,90.62999725,90.84999847,3338
2026-09-02T19:00:00+00:00,90.83999634,91.01999664,90.75,90.93000031,1524
2026-09-02T19:30:00+00:00,90.91000366,91.01000214,90.72000122,90.79000092,1200
2026-09-02T20:00:00+00:00,90.77999878,90.77999878,90.30999756,90.69000244,2703
2026-09-02T20:30:00+00:00,90.69999695,90.80000305,90.56999969,90.62999725,1468
2026-09-02T22:00:00+00:00,90.69000244,90.80999756,90.63999939,90.77999878,442
2026-09-02T22:30:00+00:00,90.77999878,90.80999756,90.73999786,90.75,506
2026-09-02T23:00:00+00:00,90.75,90.76999664,90.63999939,90.69999695,647
2026-09-02T23:30:00+00:00,90.68000031,90.70999908,90.52999878,90.56999969,517
2026-09-03T00:00:00+00:00,90.58000183,90.88999939,90.51000214,90.75,1886
2026-09-03T00:30:00+00:00,90.75,90.84999847,90.68000031,90.73999786,594
2026-09-03T01:00:00+00:00,90.75,91.05000305,90.54000092,90.90000153,2115
2026-09-03T01:30:00+00:00,90.91000366,91.44999695,90.83000183,91.37000275,2880
2026-09-03T02:00:00+00:00,91.37000275,91.45999908,90.95999908,91.11000061,2312
2026-09-03T02:30:00+00:00,91.12999725,91.30000305,90.91000366,91.05999756,1838
2026-09-03T03:00:00+00:00,91.05000305,91.18000031,90.97000122,91.11000061,1306
2026-09-03T03:30:00+00:00,91.09999847,91.09999847,90.87000275,91.05000305,1040
2026-09-03T04:00:00+00:00,91.01999664,91.01999664,90.76000214,90.84999847,1360
2026-09-03T04:30:00+00:00,90.83999634,90.86000061,90.55000305,90.55000305,1085
2026-09-03T05:00:00+00:00,90.55999756,90.63999939,90.18000031,90.23000336,2293
2026-09-03T05:30:00+00:00,90.20999908,90.27999878,89.84999847,89.95999908,3900
2026-09-03T06:00:00+00:00,89.94999695,90.12000275,89.59999847,89.95999908,3163
2026-09-03T06:30:00+00:00,89.94999695,90.22000122,89.87999725,90.06999969,2215
2026-09-03T07:00:00+00:00,90.05999756,90.58999634,89.94000244,90.55000305,2411
2026-09-03T07:30:00+00:00,90.55999756,90.73000336,90.26999664,90.59999847,2234
2026-09-03T08:00:00+00:00,90.56999969,90.77999878,89.56999969,90.55000305,7562
2026-09-03T08:30:00+00:00,90.55000305,91.34999847,90.55000305,91.34999847,3518
2026-09-03T09:00:00+00:00,91.33999634,91.68000031,91.12999725,91.44999695,4616
2026-09-03T09:30:00+00:00,91.47000122,92.55999756,91.40000153,92.34999847,5318
2026-09-03T10:00:00+00:00,92.34999847,92.95999908,92.16999817,92.65000153,6117
2026-09-03T10:30:00+00:00,92.63999939,93.15000153,92.58000183,92.84999847,4311
2026-09-03T11:00:00+00:00,92.83999634,92.84999847,92.12000275,92.48000336,6212
2026-09-03T11:30:00+00:00,92.47000122,93.08000183,92.37999725,92.98999786,5446
2026-09-03T12:00:00+00:00,92.98999786,93.05000305,91.97000122,92.08999634,5782
2026-09-03T12:30:00+00:00,92.08000183,92.54000092,91.56999969,91.80000305,7359
2026-09-03T13:00:00+00:00,91.80999756,92.05999756,91.52999878,91.65000153,5600
2026-09-03T13:30:00+00:00,91.63999939,92.29000092,91.51999664,91.76999664,7355
2026-09-03T14:00:00+00:00,91.80000305,92.34999847,91.72000122,92.19999695,5566
2026-09-03T14:30:00+00:00,92.23000336,92.48999786,91.77999878,92.02999878,6588
2026-09-03T15:00:00+00:00,92.02999878,92.63999939,91.88999939,91.97000122,7343
2026-09-03T15:30:00+00:00,91.97000122,91.97000122,91.06999969,91.23999786,10002
2026-09-03T16:00:00+00:00,91.23999786,91.70999908,91.05000305,91.66999817,5031
2026-09-03T16:30:00+00:00,91.66999817,91.83999634,91.30999756,91.63999939,3471
2026-09-03T17:00:00+00:00,91.65000153,92.09999847,91.55999756,91.79000092,3449
2026-09-03T17:30:00+00:00,91.73000336,91.73999786,91.27999878,91.30999756,2364
2026-09-03T18:00:00+00:00,91.44999695,91.5,90.86000061,91.34999847,5068
2026-09-03T18:30:00+00:00,91.31999969,91.63999939,91.30000305,91.62000275,1951
2026-09-03T19:00:00+00:00,91.63999939,91.69999695,91.47000122,91.48000336,1302
2026-09-03T19:30:00+00:00,91.47000122,91.68000031,91.27999878,91.68000031,1685
2026-09-03T20:00:00+00:00,91.69000244,91.86000061,91.62999725,91.69000244,1335
2026-09-03T20:30:00+00:00,91.69999695,91.77999878,91.59999847,91.68000031,1086
2026-09-03T22:00:00+00:00,91.68000031,91.80999756,91.59999847,91.76000214,604
2026-09-03T22:30:00+00:00,91.73999786,91.83000183,91.72000122,91.81999969,351
2026-09-03T23:00:00+00:00,91.80999756,91.91000366,91.76000214,91.80000305,501
2026-09-03T23:30:00+00:00,91.80000305,91.90000153,91.75,91.84999847,636
2026-09-04T00:00:00+00:00,91.83999634,91.94000244,91.52999878,91.55999756,1581
2026-09-04T00:30:00+00:00,91.55999756,91.62999725,91.40000153,91.58000183,1331
2026-09-04T01:00:00+00:00,91.58000183,91.90000153,91.48999786,91.69999695,2615
2026-09-04T01:30:00+00:00,91.70999908,92.16000366,91.68000031,92.01000214,2810
2026-09-04T02:00:00+00:00,92,92.08999634,91.66000366,91.70999908,1510
2026-09-04T02:30:00+00:00,91.72000122,92.12000275,91.66000366,91.83000183,1902
2026-09-04T03:00:00+00:00,91.81999969,91.97000122,91.66000366,91.91000366,1014
2026-09-04T03:30:00+00:00,91.90000153,92.05000305,91.86000061,92.01000214,768
2026-09-04T04:00:00+00:00,92.04000092,92.13999939,91.83999634,91.86000061,1013
2026-09-04T04:30:00+00:00,91.87000275,91.87999725,91.58999634,91.58999634,1446
2026-09-04T05:00:00+00:00,91.58999634,91.66000366,91.37000275,91.41000366,1789
2026-09-04T05:30:00+00:00,91.41000366,91.72000122,91.30000305,91.41999817,2300
2026-09-04T06:00:00+00:00,91.41000366,91.70999908,91.30000305,91.44000244,1564
2026-09-04T06:30:00+00:00,91.41999817,91.65000153,91.31999969,91.43000031,1734
2026-09-04T07:00:00+00:00,91.41999817,91.75,91.37999725,91.48000336,2142
2026-09-04T07:30:00+00:00,91.47000122,91.5,90.63999939,90.73999786,4539
2026-09-04T08:00:00+00:00,90.73999786,91.05000305,90.44000244,90.69000244,4406
2026-09-04T08:30:00+00:00,90.68000031,90.94999695,90.37000275,90.73000336,3114
2026-09-04T09:00:00+00:00,90.70999908,91.04000092,90.66000366,90.66000366,2247
2026-09-04T09:30:00+00:00,90.66999817,91.16000366,90.61000061,91.12000275,1596
2026-09-04T10:00:00+00:00,91.11000061,91.12000275,90.51000214,90.61000061,2603
2026-09-04T10:30:00+00:00,90.62000275,90.72000122,90.30000305,90.38999939,2414
2026-09-04T11:00:00+00:00,90.40000153,90.79000092,90.40000153,90.70999908,1643
2026-09-04T11:30:00+00:00,90.72000122,90.88999939,90.61000061,90.75,1476
2026-09-04T12:00:00+00:00,90.75,90.79000092,90.25,90.31999969,2426
2026-09-04T12:30:00+00:00,90.26999664,90.65000153,89.86000061,89.88999939,6860
2026-09-04T13:00:00+00:00,89.91999817,90.44999695,89.88999939,90.11000061,5585
2026-09-04T13:30:00+00:00,90.11000061,90.16000366,88.73000336,89.01999664,13380
2026-09-04T14:00:00+00:00,89.02999878,89.73000336,89.01999664,89.65000153,8686
2026-09-04T14:30:00+00:00,89.63999939,90.90000153,89.62000275,90.86000061,8861
2026-09-04T15:00:00+00:00,90.87999725,90.98999786,90.16000366,90.65000153,6502
2026-09-04T15:30:00+00:00,90.65000153,91.12999725,90.56999969,90.97000122,5822
2026-09-04T16:00:00+00:00,90.95999908,91.05999756,90.48999786,90.59999847,3438
2026-09-04T16:30:00+00:00,90.61000061,91.19999695,90.52999878,91.16999817,2964
2026-09-04T17:00:00+00:00,91.18000031,91.33999634,90.66000366,90.98999786,4803
2026-09-04T17:30:00+00:00,90.98999786,91.08000183,90.80999756,90.80999756,3066
2026-09-04T18:00:00+00:00,90.80999756,91.59999847,90.76000214,91.48000336,4333
2026-09-04T18:30:00+00:00,91.48000336,91.77999878,91.36000061,91.5,4184
2026-09-04T19:00:00+00:00,91.51000214,91.52999878,91.36000061,91.48999786,1501
2026-09-04T19:30:00+00:00,91.48000336,91.52999878,91.25,91.34999847,1787
2026-09-04T20:00:00+00:00,91.34999847,91.5,91.23000336,91.25,1352
2026-09-04T20:30:00+00:00,91.25,91.48000336,91.12999725,91.48000336,1930
2026-09-08T04:00:00+00:00,92.88999939,93.05000305,92.83999634,93,954
2026-09-08T04:30:00+00:00,93.01999664,93.19999695,92.97000122,93.05999756,1411
2026-09-08T05:00:00+00:00,93.05999756,93.33999634,92.97000122,93.30999756,1881
2026-09-08T05:30:00+00:00,93.30000305,93.76999664,93.26000214,93.62000275,4339
2026-09-08T06:00:00+00:00,93.61000061,94.20999908,93.59999847,93.72000122,5945
2026-09-08T06:30:00+00:00,93.70999908,94.19000244,93.66999817,94.06999969,2894
2026-09-08T07:00:00+00:00,94.06999969,94.27999878,93.81999969,94.22000122,2842
2026-09-08T07:30:00+00:00,94.23999786,94.59999847,94.12000275,94.44999695,3004
2026-09-08T08:00:00+00:00,94.43000031,94.69000244,94.18000031,94.62999725,3492
2026-09-08T08:30:00+00:00,94.62000275,94.73000336,94.15000153,94.43000031,3028
2026-09-08T09:00:00+00:00,94.44000244,94.62999725,94.05999756,94.12000275,2726
2026-09-08T09:30:00+00:00,94.09999847,94.16999817,93.55999756,93.62999725,3663
2026-09-08T10:00:00+00:00,93.62000275,94.08999634,93.45999908,93.73999786,5805
2026-09-08T10:30:00+00:00,93.70999908,94.01000214,93.69000244,93.91000366,2265
2026-09-08T11:00:00+00:00,93.91000366,94.08000183,93.61000061,93.80000305,2811
2026-09-08T11:30:00+00:00,93.79000092,94.01999664,93.68000031,93.69000244,1881
2026-09-08T12:00:00+00:00,93.72000122,93.98999786,93.45999908,93.47000122,2737
2026-09-08T12:30:00+00:00,93.45999908,93.58000183,92.65000153,92.69999695,9633
2026-09-08T13:00:00+00:00,92.69000244,93.08999634,92.40000153,93.05000305,9292
2026-09-08T13:30:00+00:00,93.05000305,93.45999908,93.04000092,93.33000183,6663
2026-09-08T14:00:00+00:00,93.33000183,93.51999664,93.18000031,93.26999664,4555
2026-09-08T14:30:00+00:00,93.26999664,93.34999847,92.62000275,92.75,6612
2026-09-08T15:00:00+00:00,92.76000214,93.16000366,92.62000275,92.98999786,5499
2026-09-08T15:30:00+00:00,92.98999786,92.98999786,92.19999695,92.37000275,6631
2026-09-08T16:00:00+00:00,92.37999725,92.43000031,92.02999878,92.15000153,5698
2026-09-08T16:30:00+00:00,92.16000366,92.76000214,91.91999817,92.44000244,7477
2026-09-08T17:00:00+00:00,92.43000031,92.44999695,91.80999756,92.05999756,6347
2026-09-08T17:30:00+00:00,92.05999756,92.41000366,92.01999664,92.19999695,2224
2026-09-08T18:00:00+00:00,92.19999695,93.12000275,92.18000031,93.01999664,4510
2026-09-08T18:30:00+00:00,93.01999664,93.94000244,92.73000336,93.58000183,8573
2026-09-08T19:00:00+00:00,93.58999634,93.66999817,93.37999725,93.51999664,3399
2026-09-08T19:30:00+00:00,93.51999664,94,93.16999817,93.81999969,6164
2026-09-08T20:00:00+00:00,93.83000183,94.33999634,93.79000092,94.16999817,4788
2026-09-08T20:30:00+00:00,94.16999817,94.37999725,94.01000214,94.26999664,3509
2026-09-08T22:00:00+00:00,94.26999664,94.48000336,94.13999939,94.15000153,1543
2026-09-08T22:30:00+00:00,94.15000153,94.27999878,94.15000153,94.19999695,839
2026-09-08T23:00:00+00:00,94.20999908,94.37999725,94.19000244,94.33999634,698
2026-09-08T23:30:00+00:00,94.33999634,94.80999756,94.33999634,94.59999847,2606
2026-09-09T00:00:00+00:00,94.61000061,94.73999786,94.33000183,94.51000214,4468
2026-09-09T00:30:00+00:00,94.51000214,94.69000244,94.48000336,94.54000092,2149
2026-09-09T01:00:00+00:00,94.54000092,94.77999878,94.26000214,94.51999664,4228
2026-09-09T01:30:00+00:00,94.51999664,94.58000183,94.26000214,94.33000183,1634
2026-09-09T02:00:00+00:00,94.33999634,94.51999664,94.19999695,94.23999786,1665
2026-09-09T02:30:00+00:00,94.23000336,94.45999908,94.20999908,94.36000061,1442
2026-09-09T03:00:00+00:00,94.37000275,94.66999817,94.34999847,94.43000031,2411
2026-09-09T03:30:00+00:00,94.43000031,94.5,94.15000153,94.18000031,1894
2026-09-09T04:00:00+00:00,94.16999817,94.27999878,94.01000214,94.01999664,1426
2026-09-09T04:30:00+00:00,94.01999664,94.12000275,93.97000122,94,1227
2026-09-09T05:00:00+00:00,94,94.05999756,93.87000275,93.94000244,1109
2026-09-09T05:30:00+00:00,93.94000244,94.02999878,93.76000214,93.84999847,1908
2026-09-09T06:00:00+00:00,93.83999634,94.36000061,93.83000183,94.33000183,2710
2026-09-09T06:30:00+00:00,94.30999756,94.5,94.20999908,94.23000336,2894
2026-09-09T07:00:00+00:00,94.23000336,94.87999725,94.12999725,94.56999969,3715
2026-09-09T07:30:00+00:00,94.58000183,94.70999908,94.08000183,94.47000122,3416
2026-09-09T08:00:00+00:00,94.45999908,94.62000275,94.11000061,94.30000305,2608
2026-09-09T08:30:00+00:00,94.33000183,94.87000275,94.31999969,94.70999908,3647
2026-09-09T09:00:00+00:00,94.69000244,95.09999847,94.69000244,95.02999878,5029
2026-09-09T09:30:00+00:00,95.05999756,95.55999756,94.83000183,95.44999695,4808
2026-09-09T10:00:00+00:00,95.44999695,95.55999756,95.05000305,95.23000336,3025
2026-09-09T10:30:00+00:00,95.23999786,95.40000153,94.80999756,94.91000366,2908
2026-09-09T11:00:00+00:00,94.91000366,95.38999939,94.84999847,95.34999847,2440
2026-09-09T11:30:00+00:00,95.33999634,95.65000153,94.88999939,95.51999664,7641
2026-09-09T12:00:00+00:00,95.5,95.94999695,95.40000153,95.93000031,5823
2026-09-09T12:30:00+00:00,95.93000031,95.98000336,95.69999695,95.90000153,4076
2026-09-09T13:00:00+00:00,95.88999939,96.04000092,95.44999695,95.87999725,7020
2026-09-09T13:30:00+00:00,95.87999725,96.09999847,95.55999756,95.73000336,6345
2026-09-09T14:00:00+00:00,95.72000122,96.44999695,95.56999969,95.90000153,9152
2026-09-09T14:30:00+00:00,95.90000153,96.34999847,95.86000061,96.26000214,5081
2026-09-09T15:00:00+00:00,96.23999786,96.66999817,96.16000366,96.5,6392
2026-09-09T15:30:00+00:00,96.51000214,96.62999725,96.18000031,96.5,5516
2026-09-09T16:00:00+00:00,96.51999664,96.81999969,96.08000183,96.25,7868
2026-09-09T16:30:00+00:00,96.25,96.33000183,95.51999664,95.55000305,7285
2026-09-09T17:00:00+00:00,95.55999756,95.66999817,95.15000153,95.66000366,6857
2026-09-09T17:30:00+00:00,95.66000366,96.01999664,95.61000061,95.98000336,4732
2026-09-09T18:00:00+00:00,95.98000336,96.23000336,95.77999878,96.06999969,4523
2026-09-09T18:30:00+00:00,96.05999756,96.58999634,95.77999878,96.58000183,4444
2026-09-09T19:00:00+00:00,96.56999969,96.56999969,96.25,96.33999634,2138
2026-09-09T19:30:00+00:00,96.33999634,96.69000244,96.26000214,96.65000153,2814
2026-09-09T20:00:00+00:00,96.66000366,96.91999817,96.65000153,96.72000122,3314
2026-09-09T20:30:00+00:00,96.73000336,96.75,96.58999634,96.66000366,2000
2026-09-09T22:00:00+00:00,96.91000366,97.83000183,96.76999664,97.02999878,2473
2026-09-09T22:30:00+00:00,97.02999878,97.12999725,96.91999817,96.98000336,1005
2026-09-09T23:00:00+00:00,96.97000122,97.20999908,96.93000031,97.11000061,876
2026-09-09T23:30:00+00:00,97.08999634,97.19999695,96.98999786,97.02999878,848
2026-09-10T00:00:00+00:00,97.01999664,97.08999634,96.5,96.69999695,3043
2026-09-10T00:30:00+00:00,96.70999908,96.73999786,96.41000366,96.41000366,1768
2026-09-10T01:00:00+00:00,96.41000366,96.91000366,96.41000366,96.79000092,2730
2026-09-10T01:30:00+00:00,96.80000305,96.87999725,96.27999878,96.44000244,2782
2026-09-10T02:00:00+00:00,96.43000031,96.51999664,96.23000336,96.44000244,1895
2026-09-10T02:30:00+00:00,96.44000244,96.51000214,96.12000275,96.22000122,2270
2026-09-10T03:00:00+00:00,96.22000122,96.22000122,95.93000031,96.08000183,2228
2026-09-10T03:30:00+00:00,96.06999969,96.19000244,96,96.11000061,1200
2026-09-10T04:00:00+00:00,96.08000183,96.19000244,96.05999756,96.11000061,560
2026-09-10T04:30:00+00:00,96.15000153,96.19999695,96.06999969,96.09999847,640
2026-09-10T05:00:00+00:00,96.08999634,96.19999695,95.80000305,95.81999969,2336
2026-09-10T05:30:00+00:00,95.83000183,95.83000183,95.40000153,95.58000183,4433
2026-09-10T06:00:00+00:00,95.56999969,95.66999817,95.37999725,95.41999817,2477
2026-09-10T06:30:00+00:00,95.43000031,95.80000305,95.37999725,95.69000244,3578
2026-09-10T07:00:00+00:00,95.68000031,96.30000305,95.63999939,96.26000214,3423
2026-09-10T07:30:00+00:00,96.25,96.41999817,96.16999817,96.29000092,2760
2026-09-10T08:00:00+00:00,96.30000305,96.76999664,96.25,96.61000061,3670
2026-09-10T08:30:00+00:00,96.61000061,97.51000214,96.58000183,97.44999695,5516
2026-09-10T09:00:00+00:00,97.45999908,97.62000275,97.04000092,97.62000275,3491
2026-09-10T09:30:00+00:00,97.61000061,97.83000183,97.48999786,97.66999817,3326
2026-09-10T10:00:00+00:00,97.66000366,97.66000366,97.22000122,97.34999847,3007
2026-09-10T10:30:00+00:00,97.36000061,97.51000214,96.63999939,97.22000122,5269
2026-09-10T11:00:00+00:00,97.22000122,97.76999664,97.19999695,97.44999695,4024
2026-09-10T11:30:00+00:00,97.45999908,98.58999634,97.11000061,98.56999969,6710
2026-09-10T12:00:00+00:00,98.58000183,99.90000153,98.40000153,99.87999725,14533
2026-09-10T12:30:00+00:00,99.90000153,100.9000015,99.66999817,100.0699997,18996
2026-09-10T13:00:00+00:00,100.0599976,100.3000031,99.48999786,99.98999786,10216
2026-09-10T13:30:00+00:00,100.0199966,100.0500031,99.16999817,99.31999969,11619
2026-09-10T14:00:00+00:00,99.30000305,99.72000122,98.55000305,99,14562
2026-09-10T14:30:00+00:00,99,100.0800018,98.94000244,99.76999664,9284
2026-09-10T15:00:00+00:00,99.76999664,100.5299988,99.69999695,100.3499985,8013
2026-09-10T15:30:00+00:00,100.3600006,101.7300034,100.2399979,101.5800018,12366
2026-09-10T16:00:00+00:00,101.5500031,102.0999985,101.1999969,101.6200027,13277
2026-09-10T16:30:00+00:00,101.6399994,102.5899963,101.1500015,101.3799973,13452
2026-09-10T17:00:00+00:00,101.4100037,101.8899994,101.2600021,101.7399979,5817
2026-09-10T17:30:00+00:00,101.7399979,102.0400009,101.6299973,101.9700012,4744
2026-09-10T18:00:00+00:00,101.9599991,103.0699997,101.8899994,102.3899994,14116
2026-09-10T18:30:00+00:00,102.3899994,102.4100037,101.4000015,101.9800034,9430
2026-09-10T19:00:00+00:00,101.9700012,102.7099991,101.9700012,102.6999969,6915
2026-09-10T19:30:00+00:00,102.6800003,102.9400024,102.5599976,102.7699966,4383
2026-09-10T20:00:00+00:00,102.7600021,103.1500015,102.7300034,103.0800018,3910
2026-09-10T20:30:00+00:00,103.0899963,104.0599976,103.0800018,103.9400024,7727
2026-09-10T22:00:00+00:00,104.1999969,104.5,103.7200012,104.0599976,3017
2026-09-10T22:30:00+00:00,104.0599976,104.0599976,103.8099976,103.8600006,1925
2026-09-10T23:00:00+00:00,103.8700027,103.9000015,103.6100006,103.8700027,1661
2026-09-10T23:30:00+00:00,103.8600006,104.4800034,103.6900024,104.2799988,4051
2026-09-11T00:00:00+00:00,104.2799988,104.4100037,102.7600021,102.9899979,9192
2026-09-11T00:30:00+00:00,102.9899979,103.4899979,102.9400024,103.1800003,2746
2026-09-11T01:00:00+00:00,103.1699982,103.25,102.2399979,102.5899963,7099
2026-09-11T01:30:00+00:00,102.5800018,102.8700027,102.1699982,102.6100006,3856
2026-09-11T02:00:00+00:00,102.6100006,102.9599991,102.4599991,102.7200012,2673
2026-09-11T02:30:00+00:00,102.7200012,102.9100037,102.4800034,102.9100037,2536
2026-09-11T03:00:00+00:00,102.9199982,103.2399979,102.75,103.1299973,3187
2026-09-11T03:30:00+00:00,103.1200027,103.4599991,102.7799988,103.2099991,3116
2026-09-11T04:00:00+00:00,103.3099976,103.4599991,102.3199997,102.4000015,4355
2026-09-11T04:30:00+00:00,102.4000015,102.6900024,102.0500031,102.3300018,3102
2026-09-11T05:00:00+00:00,102.3199997,102.3499985,101.5699997,101.9199982,5710
2026-09-11T05:30:00+00:00,101.9000015,101.9000015,100.9000015,101.3799973,10468
2026-09-11T06:00:00+00:00,101.3700027,101.4300003,100.7300034,101.1200027,6637
2026-09-11T06:30:00+00:00,101.0899963,101.3499985,100.8799973,101.0800018,3708
2026-09-11T07:00:00+00:00,101.0699997,101.1100006,100.3799973,100.9800034,5602
2026-09-11T07:30:00+00:00,100.9899979,101.2900009,100.7799988,101.0500031,3488
2026-09-11T08:00:00+00:00,101.0299988,101.3600006,100.0699997,100.6399994,7685
2026-09-11T08:30:00+00:00,100.6200027,100.7200012,99.76000214,99.84999847,7223
2026-09-11T09:00:00+00:00,99.83000183,100.5199966,99.5,100.0800018,5835
2026-09-11T09:30:00+00:00,100.0899963,100.2099991,99.41000366,99.81999969,4531
2026-09-11T10:00:00+00:00,99.81999969,100.3000031,98.91999817,99.13999939,7321
2026-09-11T10:30:00+00:00,99.12000275,99.26000214,98.75,98.88999939,4316
2026-09-11T11:00:00+00:00,98.87000275,99.54000092,98.79000092,99.51000214,4261
2026-09-11T11:30:00+00:00,99.51999664,99.77999878,99.06999969,99.23000336,4252
2026-09-11T12:00:00+00:00,99.22000122,99.72000122,98.98000336,99.22000122,5462
2026-09-11T12:30:00+00:00,99.19999695,99.86000061,99.06999969,99.40000153,6581
2026-09-11T13:00:00+00:00,99.37999725,99.40000153,98.51999664,98.70999908,11959
2026-09-11T13:30:00+00:00,98.72000122,99.16000366,98.44999695,99.12000275,8907
2026-09-11T14:00:00+00:00,99.12999725,99.73000336,98.76999664,99.69000244,7748
2026-09-11T14:30:00+00:00,99.70999908,99.87999725,98.72000122,99.65000153,9642
2026-09-11T15:00:00+00:00,99.66000366,99.79000092,99.05000305,99.30999756,5471
2026-09-11T15:30:00+00:00,99.31999969,99.75,98.97000122,99.75,4905
2026-09-11T16:00:00+00:00,99.75,100.0199966,99.41000366,99.95999908,5788
2026-09-11T16:30:00+00:00,99.94999695,100.2799988,99.66999817,100.1100006,7675
2026-09-11T17:00:00+00:00,100.0999985,100.1600037,99.40000153,99.48999786,5453
2026-09-11T17:30:00+00:00,99.5,99.98999786,99.31999969,99.80999756,3494
2026-09-11T18:00:00+00:00,99.80000305,100.4899979,99.51000214,100.0699997,8164
2026-09-11T18:30:00+00:00,100.0800018,100.5800018,99.86000061,100.4700012,4479
2026-09-11T19:00:00+00:00,100.4700012,100.6399994,100.3899994,100.5899963,2217
2026-09-11T19:30:00+00:00,100.5899963,100.7799988,100.4400024,100.6100006,2406
2026-09-11T20:00:00+00:00,100.6200027,100.6600037,100.1900024,100.3000031,2285
2026-09-11T20:30:00+00:00,100.2799988,100.4000015,99.95999908,100.0500031,2381
2026-09-13T22:00:00+00:00,103.1100006,103.4499969,102.75,102.8300018,4165
2026-09-13T22:30:00+00:00,102.8199997,102.8300018,102.2399979,102.4400024,3930
2026-09-13T23:00:00+00:00,102.4400024,102.6299973,102.2600021,102.5500031,1748
2026-09-13T23:30:00+00:00,102.5599976,102.6100006,102.1699982,102.5500031,2405
2026-09-14T00:00:00+00:00,102.5400009,102.9499969,102.3000031,102.8300018,4000
2026-09-14T00:30:00+00:00,102.8300018,102.9499969,102.6500015,102.7699966,2248
2026-09-14T01:00:00+00:00,102.7799988,103.5999985,102.6399994,102.7900009,8648
2026-09-14T01:30:00+00:00,102.7900009,103.1500015,102.25,102.3399963,5194
2026-09-14T02:00:00+00:00,102.3399963,102.5899963,102.2099991,102.5,2700
2026-09-14T02:30:00+00:00,102.5,102.9599991,102.3799973,102.8099976,3243
2026-09-14T03:00:00+00:00,102.8099976,103.4199982,102.7699966,103.2399979,3547
2026-09-14T03:30:00+00:00,103.2300034,103.4800034,103.1399994,103.25,2794
2026-09-14T04:00:00+00:00,103.1999969,103.1999969,102.8000031,102.9100037,2252
2026-09-14T04:30:00+00:00,102.9100037,103.1600037,102.5500031,102.6900024,3508
2026-09-14T05:00:00+00:00,102.6800003,102.8199997,102.5199966,102.5999985,1816
2026-09-14T05:30:00+00:00,102.6100006,102.8199997,102.0500031,102.2300034,4750
2026-09-14T06:00:00+00:00,102.2200012,102.5199966,101.9499969,102.1200027,3771
2026-09-14T06:30:00+00:00,102.1200027,102.8799973,101.9499969,102.8600006,4227
2026-09-14T07:00:00+00:00,102.8700027,103.0899963,102.4599991,102.5800018,3126
2026-09-14T07:30:00+00:00,102.5699997,103.5199966,102.5,102.7699966,4948
2026-09-14T08:00:00+00:00,102.7799988,103.7300034,102.2200012,103.6699982,6918
2026-09-14T08:30:00+00:00,103.6900024,103.8000031,103.0400009,103.4300003,5504
2026-09-14T09:00:00+00:00,103.4199982,103.8399963,102.8199997,102.8600006,5304
2026-09-14T09:30:00+00:00,102.8700027,103.1500015,102.4000015,102.5999985,4452
2026-09-14T10:00:00+00:00,102.5999985,102.9800034,102.3300018,102.4300003,3126
2026-09-14T10:30:00+00:00,102.4300003,102.5400009,102.2600021,102.5299988,2169
2026-09-14T11:00:00+00:00,102.5299988,103.1100006,102.3199997,103.1100006,3262
2026-09-14T11:30:00+00:00,103.1200027,103.6500015,103.0500031,103.5199966,4327
2026-09-14T12:00:00+00:00,103.5100021,103.6900024,102.6299973,103.6500015,8185
2026-09-14T12:30:00+00:00,103.6699982,104.9499969,103.5999985,104.2200012,16080
2026-09-14T13:00:00+00:00,104.2099991,104.5500031,103.5400009,103.9499969,8325
2026-09-14T13:30:00+00:00,103.9400024,104.4700012,103.3300018,104.4100037,9493
2026-09-14T14:00:00+00:00,104.4000015,104.5100021,103.9300003,104.0999985,8160
2026-09-14T14:30:00+00:00,104.1100006,104.2300034,103.4199982,103.5199966,7246
2026-09-14T15:00:00+00:00,103.5299988,103.8499985,101.8799973,103.7600021,21402
2026-09-14T15:30:00+00:00,103.7699966,103.9300003,102.2300034,103.1200027,19250
2026-09-14T16:00:00+00:00,103.1299973,103.1800003,102.1100006,103.0500031,8983
2026-09-14T16:30:00+00:00,103.0599976,103.1299973,100.8000031,101.3499985,15076
2026-09-14T17:00:00+00:00,101.3600006,102.0899963,101.2900009,101.5100021,6784
2026-09-14T17:30:00+00:00,101.5199966,101.7200012,101.3000031,101.7099991,3984
2026-09-14T18:00:00+00:00,101.7200012,101.7399979,101.1200027,101.2300034,6642
2026-09-14T18:30:00+00:00,101.2200012,101.2399979,100.5299988,101.0699997,7065
2026-09-14T19:00:00+00:00,101.0599976,101.3199997,100.7099991,101.2699966,4186
2026-09-14T19:30:00+00:00,101.2799988,101.9000015,101.1500015,101.8399963,3800
2026-09-14T20:00:00+00:00,101.8499985,101.9700012,101.6800003,101.9000015,2703
2026-09-14T20:30:00+00:00,101.9100037,102.0899963,101.8300018,101.8799973,2064
2026-09-14T22:00:00+00:00,102,102.0899963,101.8199997,101.9400024,487
2026-09-14T22:30:00+00:00,101.9499969,101.9899979,101.8099976,101.9700012,598
2026-09-14T23:00:00+00:00,101.9599991,102.2399979,101.9300003,102.0999985,999
2026-09-14T23:30:00+00:00,102.0999985,102.1699982,102.0299988,102.1699982,550
2026-09-15T00:00:00+00:00,102.1500015,102.7200012,102.0500031,102.7200012,3707
2026-09-15T00:30:00+00:00,102.7099991,102.8000031,102.5,102.6699982,1842
2026-09-15T01:00:00+00:00,102.6800003,102.8499985,102.1100006,102.4899979,4086
2026-09-15T01:30:00+00:00,102.4899979,102.9700012,102.2399979,102.9199982,3627
2026-09-15T02:00:00+00:00,102.9400024,102.9400024,102.6600037,102.8199997,1859
2026-09-15T02:30:00+00:00,102.8199997,103.1600037,102.7200012,102.8899994,2781
2026-09-15T03:00:00+00:00,102.8799973,102.9700012,102.7399979,102.8399963,1629
2026-09-15T03:30:00+00:00,102.8399963,103.0100021,102.7600021,102.9199982,1133
2026-09-15T04:00:00+00:00,102.9499969,103.2300034,102.9000015,103.1999969,1336
2026-09-15T04:30:00+00:00,103.1999969,103.3399963,103.1200027,103.2399979,1384
2026-09-15T05:00:00+00:00,103.2300034,103.3399963,103.0500031,103.3099976,1760
2026-09-15T05:30:00+00:00,103.3300018,103.4100037,102.7099991,103.0100021,4337
2026-09-15T06:00:00+00:00,102.9899979,103.4499969,102.9100037,103.2799988,2897
2026-09-15T06:30:00+00:00,103.3000031,103.4899979,102.9800034,103.3700027,2560
2026-09-15T07:00:00+00:00,103.3300018,103.4800034,103.0100021,103.1600037,2347
2026-09-15T07:30:00+00:00,103.1399994,103.5899963,103.0599976,103.4499969,3292
2026-09-15T08:00:00+00:00,103.4499969,103.9700012,103.1999969,103.3199997,5088
2026-09-15T08:30:00+00:00,103.3300018,103.7900009,103.25,103.6399994,2653
2026-09-15T09:00:00+00:00,103.6500015,104.0899963,103.2200012,103.9700012,4595
2026-09-15T09:30:00+00:00,103.9599991,104.2099991,103.6299973,103.6299973,3693
2026-09-15T10:00:00+00:00,103.6299973,103.7300034,103.3099976,103.4499969,3242
2026-09-15T10:30:00+00:00,103.4599991,103.5,102.5,102.5800018,5197
2026-09-15T11:00:00+00:00,102.5800018,102.7200012,102.2099991,102.4899979,4675
2026-09-15T11:30:00+00:00,102.4800034,102.5699997,102.1299973,102.3600006,2972
2026-09-15T12:00:00+00:00,102.3499985,103.0599976,102.2699966,103.0100021,5151
2026-09-15T12:30:00+00:00,103.0199966,103.0599976,101.1999969,101.7799988,13014
2026-09-15T13:00:00+00:00,101.8099976,102.9899979,101.2799988,102.9199982,11378
2026-09-15T13:30:00+00:00,102.9199982,103.7600021,102.7600021,103.2600021,16867
2026-09-15T14:00:00+00:00,103.2799988,103.8399963,103.2399979,103.7699966,9217
2026-09-15T14:30:00+00:00,103.7399979,104.8000031,103.6299973,104.6999969,14828
2026-09-15T15:00:00+00:00,104.7099991,104.9700012,104.4899979,104.6800003,7992
2026-09-15T15:30:00+00:00,104.6699982,105.1500015,104.1299973,104.9700012,14447
2026-09-15T16:00:00+00:00,104.9400024,105.6500015,104.9000015,105.3399963,9970
2026-09-15T16:30:00+00:00,105.3700027,106.2200012,105.2300034,106.1500015,8307
2026-09-15T17:00:00+00:00,106.1500015,106.75,105.9100037,106.5,8457
2026-09-15T17:30:00+00:00,106.4899979,106.6699982,106.1999969,106.4599991,5901
2026-09-15T18:00:00+00:00,106.4499969,106.5299988,105.5999985,105.8199997,9272
2026-09-15T18:30:00+00:00,105.8300018,106.1500015,105.6200027,105.6800003,5688
2026-09-15T19:00:00+00:00,105.6800003,105.7399979,105.4100037,105.5599976,3600
2026-09-15T19:30:00+00:00,105.5800018,105.8899994,105.4700012,105.8700027,2929
2026-09-15T20:00:00+00:00,105.8799973,106.1399994,105.6600037,105.6699982,2969
2026-09-15T20:30:00+00:00,105.6699982,105.6999969,105.4300003,105.5199966,2756
2026-09-15T22:00:00+00:00,105.4700012,105.6699982,105.2099991,105.4100037,1476
2026-09-15T22:30:00+00:00,105.4000015,105.4199982,105.25,105.3600006,1112
2026-09-15T23:00:00+00:00,105.3300018,105.5,105.3099976,105.4700012,551
2026-09-15T23:30:00+00:00,105.4800034,105.4899979,105.3000031,105.3700027,792
2026-09-16T00:00:00+00:00,105.3700027,105.4400024,104.6900024,104.8600006,3830
2026-09-16T00:30:00+00:00,104.8600006,105.3899994,104.7799988,105.2399979,2711
2026-09-16T01:00:00+00:00,105.2399979,105.2600021,104.7600021,105.0400009,3007
2026-09-16T01:30:00+00:00,105.0599976,105.3399963,104.9100037,105.0500031,2697
2026-09-16T02:00:00+00:00,105.0500031,105.1200027,104.7900009,104.9199982,2242
2026-09-16T02:30:00+00:00,104.9199982,104.9199982,104.5199966,104.6500015,3058
2026-09-16T03:00:00+00:00,104.6500015,104.6800003,104.2399979,104.5299988,3620
2026-09-16T03:30:00+00:00,104.5299988,105.0299988,104.5100021,104.7799988,2854
2026-09-16T04:00:00+00:00,104.7399979,104.8000031,104.5299988,104.5899963,1261
2026-09-16T04:30:00+00:00,104.6100006,104.7600021,104.5400009,104.6399994,935
2026-09-16T05:00:00+00:00,104.6399994,104.8799973,104.5999985,104.8000031,1365
2026-09-16T05:30:00+00:00,104.8300018,104.9400024,104.5100021,104.8199997,2625
2026-09-16T06:00:00+00:00,104.8300018,104.8899994,104.4800034,104.7300034,1786
2026-09-16T06:30:00+00:00,104.7200012,104.8600006,104.0199966,104.0299988,3330
2026-09-16T07:00:00+00:00,104.0199966,104.3300018,103.7600021,104.1500015,4189
2026-09-16T07:30:00+00:00,104.1399994,104.3099976,103.9800034,104.2799988,1774
2026-09-16T08:00:00+00:00,104.25,104.7799988,104.1699982,104.4499969,4554
2026-09-16T08:30:00+00:00,104.4400024,104.8199997,104.2799988,104.5299988,2079
2026-09-16T09:00:00+00:00,104.5199966,105,104.2699966,104.4899979,3797
2026-09-16T09:30:00+00:00,104.5,104.5500031,103.9000015,104.1399994,3424
2026-09-16T10:00:00+00:00,104.1500015,104.2099991,103.5800018,103.9000015,4307
2026-09-16T10:30:00+00:00,103.8799973,104.0800018,103.2399979,103.2900009,3184
2026-09-16T11:00:00+00:00,103.2600021,103.5699997,102.8499985,103.2799988,5154
2026-09-16T11:30:00+00:00,103.25,103.5500031,103,103.1699982,4905
2026-09-16T12:00:00+00:00,103.1800003,103.9700012,102.9400024,103.6699982,6157
2026-09-16T12:30:00+00:00,103.6699982,104.2200012,103.6200027,104.0800018,6227
2026-09-16T13:00:00+00:00,104.0999985,104.1200027,103.5699997,104.0500031,5833
2026-09-16T13:30:00+00:00,104.0400009,104.0599976,103.1500015,103.3799973,6759
2026-09-16T14:00:00+00:00,103.3700027,103.9599991,103.0899963,103.2699966,7231
2026-09-16T14:30:00+00:00,103.3099976,103.5699997,102.2300034,102.25,11626
2026-09-16T15:00:00+00:00,102.2399979,102.2799988,101.1100006,101.8399963,21785
2026-09-16T15:30:00+00:00,101.8300018,102.7099991,101.0100021,101.9800034,18072
2026-09-16T16:00:00+00:00,101.9800034,102.5800018,101.8700027,102.5299988,5161
2026-09-16T16:30:00+00:00,102.5299988,102.7300034,102.4199982,102.5899963,2973
2026-09-16T17:00:00+00:00,102.5899963,102.8000031,102.4000015,102.4700012,2831
2026-09-16T17:30:00+00:00,102.4599991,102.6100006,102.2300034,102.3000031,3398
2026-09-16T18:00:00+00:00,102.3000031,102.5500031,102.0500031,102.4100037,5345
2026-09-16T18:30:00+00:00,102.4199982,102.8600006,102.2200012,102.6399994,4464
2026-09-16T19:00:00+00:00,102.6299973,102.8700027,102.0800018,102.1800003,2739
2026-09-16T19:30:00+00:00,102.1900024,102.2200012,101.7200012,102.0299988,3997
2026-09-16T20:00:00+00:00,102.0199966,102.3199997,101.9700012,102.0899963,1974
2026-09-16T20:30:00+00:00,102.1299973,102.25,101.9800034,102.0199966,1538
2026-09-16T22:00:00+00:00,102.1800003,102.2600021,101.8600006,101.9199982,621
2026-09-16T22:30:00+00:00,101.9199982,102.0400009,101.9100037,102.0299988,456
2026-09-16T23:00:00+00:00,102.0199966,102.0699997,101.9800034,102,343
2026-09-16T23:30:00+00:00,101.9899979,102.0100021,101.2799988,101.7699966,2525
2026-09-17T00:00:00+00:00,101.7799988,101.7799988,101.3700027,101.4700012,1675
2026-09-17T00:30:00+00:00,101.4700012,101.5100021,101.0800018,101.3199997,2398
2026-09-17T01:00:00+00:00,101.3099976,102.2200012,101.2099991,102.1900024,3750
2026-09-17T01:30:00+00:00,102.1699982,102.3499985,102.0899963,102.25,1870
2026-09-17T02:00:00+00:00,102.2699966,102.3799973,102.0699997,102.1600037,1029
2026-09-17T02:30:00+00:00,102.1500015,102.4300003,101.9199982,102.3099976,1770
2026-09-17T03:00:00+00:00,102.3300018,102.4700012,102.2300034,102.2399979,1046
2026-09-17T03:30:00+00:00,102.2300034,102.3899994,101.9800034,102.2900009,1130
2026-09-17T04:00:00+00:00,102.3199997,102.4599991,102.2399979,102.3499985,689
2026-09-17T04:30:00+00:00,102.3499985,102.4499969,102.1200027,102.1999969,811
2026-09-17T05:00:00+00:00,102.1999969,102.2600021,101.9899979,102.0199966,719
2026-09-17T05:30:00+00:00,102.0199966,102.1299973,101.3799973,101.4400024,2314
2026-09-17T06:00:00+00:00,101.4300003,101.4800034,100.8099976,100.8199997,3310
2026-09-17T06:30:00+00:00,100.8300018,101.1699982,100.3700027,100.9499969,4867
2026-09-17T07:00:00+00:00,100.9499969,101.3300018,100.6600037,100.9300003,2590
2026-09-17T07:30:00+00:00,100.8700027,101.8000031,100.8499985,101.5999985,2384
2026-09-17T08:00:00+00:00,101.5699997,101.9800034,101.2399979,101.4100037,2715
2026-09-17T08:30:00+00:00,101.4000015,101.5400009,101.0500031,101.4599991,2287
2026-09-17T09:00:00+00:00,101.4499969,102.1200027,101.3000031,102.0899963,2085
2026-09-17T09:30:00+00:00,102.0800018,102.0899963,101.0500031,101.3300018,2951
2026-09-17T10:00:00+00:00,101.3199997,101.3399963,100.4700012,100.6600037,4185
2026-09-17T10:30:00+00:00,100.6600037,100.9700012,100.5199966,100.6600037,2784
2026-09-17T11:00:00+00:00,100.6800003,100.8000031,100.3199997,100.6800003,2747
2026-09-17T11:30:00+00:00,100.6999969,100.9400024,99.58999634,99.97000122,4479
2026-09-17T12:00:00+00:00,99.97000122,100.2799988,99.09999847,99.20999908,10182
2026-09-17T12:30:00+00:00,99.19000244,100.1500015,99.16999817,99.97000122,5171
2026-09-17T13:00:00+00:00,99.97000122,100.6900024,99.59999847,100.5299988,6017
2026-09-17T13:30:00+00:00,100.5299988,101.2699966,100.3199997,100.5800018,7897
2026-09-17T14:00:00+00:00,100.5599976,100.8300018,100.25,100.5299988,3361
2026-09-17T14:30:00+00:00,100.5699997,101.2600021,100.4599991,101.1999969,4313
2026-09-17T15:00:00+00:00,101.1699982,101.2300034,100.4700012,100.7399979,4037
2026-09-17T15:30:00+00:00,100.7399979,101.2799988,100.5699997,100.9499969,3870
2026-09-17T16:00:00+00:00,100.9599991,101.3300018,100.7200012,101.2099991,3337
2026-09-17T16:30:00+00:00,101.1999969,102.3499985,101.1999969,102.0800018,8792
2026-09-17T17:00:00+00:00,102.0899963,102.4100037,101.9599991,102.1299973,4594
2026-09-17T17:30:00+00:00,102.1399994,102.1500015,101.7699966,101.9800034,3366
2026-09-17T18:00:00+00:00,101.9800034,102.1699982,101.6299973,102.0199966,3974
2026-09-17T18:30:00+00:00,102.0299988,102.1100006,101.75,101.8399963,1585
2026-09-17T19:00:00+00:00,101.8499985,101.8499985,101.0699997,101.1699982,2951
2026-09-17T19:30:00+00:00,101.1999969,101.3899994,101.1699982,101.25,1314
2026-09-17T20:00:00+00:00,101.25,101.3300018,101.0699997,101.1999969,1080
2026-09-17T20:30:00+00:00,101.1900024,101.3700027,100.9599991,101.0899963,1087
2026-09-17T22:00:00+00:00,101.0500031,101.5899963,100.8600006,101.2200012,845
2026-09-17T22:30:00+00:00,101.1999969,101.2600021,101.1200027,101.1200027,307
2026-09-17T23:00:00+00:00,101.1299973,101.2600021,101.0199966,101.0500031,337
2026-09-17T23:30:00+00:00,101.0800018,101.2300034,101.0400009,101.0800018,396
2026-09-18T00:00:00+00:00,101.0899963,101.2300034,100.7600021,100.8600006,1178
2026-09-18T00:30:00+00:00,100.8600006,101.2200012,100.8199997,101.1399994,647
2026-09-18T01:00:00+00:00,101.1399994,101.4100037,100.9400024,101.3799973,1056
2026-09-18T01:30:00+00:00,101.3499985,101.4499969,100.8300018,101.2900009,1385
2026-09-18T02:00:00+00:00,101.2799988,101.5800018,101.2600021,101.3300018,1110
2026-09-18T02:30:00+00:00,101.3499985,101.4400024,101.0899963,101.3700027,1002
2026-09-18T03:00:00+00:00,101.3799973,101.5,101.1800003,101.2200012,499
2026-09-18T03:30:00+00:00,101.1900024,101.2600021,100.9899979,101.1600037,523
2026-09-18T04:00:00+00:00,101.1699982,101.3499985,101.0899963,101.2699966,736
2026-09-18T04:30:00+00:00,101.2399979,101.2399979,100.7799988,100.9899979,968
2026-09-18T05:00:00+00:00,101,101.2200012,100.9300003,101.0199966,559
2026-09-18T05:30:00+00:00,101.0100021,101.0999985,100.7300034,100.9400024,1231
2026-09-18T06:00:00+00:00,100.8600006,101.1100006,100.2699966,100.2699966,1675
2026-09-18T06:30:00+00:00,100.2799988,100.3399963,99.87999725,100.0199966,2465
2026-09-18T07:00:00+00:00,100.0299988,100.3199997,99.51999664,99.59999847,1704
2026-09-18T07:30:00+00:00,99.58999634,99.61000061,94.81999969,95.33000183,14949
2026-09-18T08:00:00+00:00,95.33000183,95.75,95.22000122,95.75,2681
2026-09-18T08:30:00+00:00,95.73000336,95.87999725,95.43000031,95.55999756,2330
2026-09-18T09:00:00+00:00,95.58000183,95.79000092,95.19000244,95.69000244,2474
2026-09-18T09:30:00+00:00,95.68000031,96.51999664,95.66999817,96.38999939,4069
2026-09-18T10:00:00+00:00,96.40000153,96.44000244,95.65000153,95.65000153,2770
2026-09-18T10:30:00+00:00,95.66000366,95.93000031,95.52999878,95.63999939,2724
2026-09-18T11:00:00+00:00,95.62000275,96.41999817,95.38999939,96.20999908,5867
2026-09-18T11:30:00+00:00,96.20999908,96.40000153,95.91999817,96.20999908,2320
2026-09-18T12:00:00+00:00,96.20999908,96.81999969,95.62000275,96.68000031,6566
2026-09-18T12:30:00+00:00,96.68000031,96.94999695,96.59999847,96.91000366,3904
2026-09-18T13:00:00+00:00,96.90000153,97.65000153,96.87999725,97.61000061,8001
2026-09-18T13:30:00+00:00,97.58999634,97.98000336,97.51999664,97.76999664,6013
2026-09-18T14:00:00+00:00,97.79000092,98.01999664,97.37000275,97.87000275,6489
2026-09-18T14:30:00+00:00,97.87000275,97.88999939,96.84999847,97.04000092,8408
2026-09-18T15:00:00+00:00,97.06999969,97.23999786,96.80999756,97.18000031,4557
2026-09-18T15:30:00+00:00,97.19000244,97.37000275,96.75,96.81999969,4705
2026-09-18T16:00:00+00:00,96.83000183,96.84999847,96.23000336,96.33000183,5872
2026-09-18T16:30:00+00:00,96.33000183,96.5,95.81999969,96.01000214,6006
2026-09-18T17:00:00+00:00,96.01000214,96.18000031,95.69999695,95.88999939,3783
2026-09-18T17:30:00+00:00,95.91000366,96.16000366,95.80999756,96,3580
2026-09-18T18:00:00+00:00,95.98000336,96.13999939,95.76999664,96.04000092,4445
2026-09-18T18:30:00+00:00,96.02999878,96.04000092,95.44000244,95.51000214,3560
2026-09-18T19:00:00+00:00,95.51000214,95.65000153,95.40000153,95.65000153,2502
2026-09-18T19:30:00+00:00,95.65000153,95.75,95.56999969,95.69999695,1808
2026-09-18T20:00:00+00:00,95.69999695,95.72000122,95.16000366,95.30000305,3483
2026-09-18T20:30:00+00:00,95.30999756,96.08000183,95.15000153,96.08000183,2661
2026-09-20T22:00:00+00:00,96.76000214,96.76999664,96.44999695,96.45999908,1949
2026-09-20T22:30:00+00:00,96.48000336,96.55999756,95.87000275,95.88999939,3482
2026-09-20T23:00:00+00:00,95.91000366,96.34999847,95.86000061,96.11000061,3055
2026-09-20T23:30:00+00:00,96.09999847,96.09999847,95.62000275,95.66999817,2640
2026-09-21T00:00:00+00:00,95.66999817,95.87000275,95.16999817,95.34999847,3374
2026-09-21T00:30:00+00:00,95.36000061,95.37999725,94.31999969,94.62000275,6342
2026-09-21T01:00:00+00:00,94.61000061,94.61000061,93.58000183,93.79000092,9176
2026-09-21T01:30:00+00:00,93.80000305,94.11000061,93.68000031,93.94999695,4722
2026-09-21T02:00:00+00:00,93.94999695,94.13999939,93.87999725,93.94999695,2251
2026-09-21T02:30:00+00:00,93.97000122,94.11000061,93.73999786,94.06999969,2656
2026-09-21T03:00:00+00:00,94.05999756,94.08000183,93.83999634,93.93000031,1214
2026-09-21T03:30:00+00:00,93.93000031,94.05999756,93.75,93.98000336,1283
2026-09-21T04:00:00+00:00,93.98999786,94.25,93.84999847,93.91999817,1955
2026-09-21T04:30:00+00:00,93.91000366,94.15000153,93.87999725,94.06999969,1593
2026-09-21T05:00:00+00:00,94.08000183,94.40000153,94.08000183,94.19999695,2497
2026-09-21T05:30:00+00:00,94.19999695,94.70999908,94.12000275,94.61000061,3099
2026-09-21T06:00:00+00:00,94.62000275,94.79000092,93.87999725,94.12000275,3806
2026-09-21T06:30:00+00:00,94.09999847,94.37999725,93.95999908,94.15000153,2283
2026-09-21T07:00:00+00:00,94.12999725,94.23999786,93.77999878,93.94999695,2845
2026-09-21T07:30:00+00:00,93.94999695,94.31999969,93.75,94.18000031,2569
2026-09-21T08:00:00+00:00,94.18000031,94.33000183,93.44999695,93.75,4076
2026-09-21T08:30:00+00:00,93.76000214,94.33000183,93.62000275,94.19000244,3397
2026-09-21T09:00:00+00:00,94.20999908,94.58999634,94.15000153,94.33000183,3071
2026-09-21T09:30:00+00:00,94.30999756,94.37999725,93.48999786,93.70999908,3472
2026-09-21T10:00:00+00:00,93.73999786,93.87999725,93,93.01999664,5040
2026-09-21T10:30:00+00:00,93.01999664,93.31999969,92.69999695,93.30999756,4532
2026-09-21T11:00:00+00:00,93.30000305,93.63999939,93.30000305,93.56999969,3205
2026-09-21T11:30:00+00:00,93.55000305,93.72000122,93.27999878,93.48999786,3084
2026-09-21T12:00:00+00:00,93.48999786,93.80999756,93.09999847,93.58000183,5225
2026-09-21T12:30:00+00:00,93.58000183,93.70999908,92.76999664,93.70999908,6117
2026-09-21T13:00:00+00:00,93.70999908,93.76000214,92.51999664,92.62999725,10143
2026-09-21T13:30:00+00:00,92.61000061,93.13999939,92.48000336,92.58999634,8649
2026-09-21T14:00:00+00:00,92.58000183,92.66999817,91.68000031,91.73000336,11228
2026-09-21T14:30:00+00:00,91.72000122,92.33999634,91.58000183,92.23000336,10501
2026-09-21T15:00:00+00:00,92.22000122,92.51999664,92.05000305,92.30999756,6783
2026-09-21T15:30:00+00:00,92.31999969,92.37999725,91.69999695,92.30999756,7214
2026-09-21T16:00:00+00:00,92.33000183,92.34999847,91.30000305,91.76000214,10226
2026-09-21T16:30:00+00:00,91.77999878,91.83000183,91.18000031,91.44999695,4553
2026-09-21T17:00:00+00:00,91.44999695,91.75,91.44000244,91.73999786,3578
2026-09-21T17:30:00+00:00,91.73000336,92.30000305,91.73000336,92.18000031,4926
2026-09-21T18:00:00+00:00,92.18000031,92.51999664,92.05000305,92.37000275,4911
2026-09-21T18:30:00+00:00,92.36000061,92.58999634,92.09999847,92.48000336,3171
2026-09-21T19:00:00+00:00,92.48000336,92.58000183,92.01000214,92.04000092,2293
2026-09-21T19:30:00+00:00,92.05000305,92.23000336,91.93000031,92.15000153,2431
2026-09-21T20:00:00+00:00,92.12999725,92.16000366,91.81999969,91.94999695,2359
2026-09-21T20:30:00+00:00,91.94000244,92.18000031,91.88999939,92,1596
2026-09-21T22:00:00+00:00,91.91999817,92.02999878,91.69999695,91.98000336,761
2026-09-21T22:30:00+00:00,91.97000122,92.18000031,91.94000244,92.15000153,805
2026-09-21T23:00:00+00:00,92.16999817,92.33999634,92.02999878,92.30999756,894
2026-09-21T23:30:00+00:00,92.29000092,92.33000183,92.16999817,92.27999878,818
2026-09-22T00:00:00+00:00,92.26000214,92.54000092,92.11000061,92.51000214,2143
2026-09-22T00:30:00+00:00,92.5,92.76999664,92.48999786,92.73000336,2398
2026-09-22T01:00:00+00:00,92.75,92.91999817,92.70999908,92.80999756,2123
2026-09-22T01:30:00+00:00,92.80999756,93,92.73999786,92.98000336,2014
2026-09-22T02:00:00+00:00,92.98000336,93.01999664,92.69999695,92.86000061,1699
2026-09-22T02:30:00+00:00,92.84999847,93.16999817,92.83000183,93.12000275,2157
2026-09-22T03:00:00+00:00,93.12000275,93.26000214,93.08000183,93.15000153,2024
2026-09-22T03:30:00+00:00,93.11000061,93.13999939,92.87999725,93,1663
2026-09-22T04:00:00+00:00,92.98999786,93.40000153,92.95999908,93.20999908,1722
2026-09-22T04:30:00+00:00,93.20999908,93.44000244,93.16000366,93.38999939,913
2026-09-22T05:00:00+00:00,93.37999725,93.44000244,93.31999969,93.37999725,920
2026-09-22T05:30:00+00:00,93.37999725,93.58999634,93.36000061,93.54000092,2471
2026-09-22T06:00:00+00:00,93.52999878,93.80999756,93.5,93.66000366,2556
2026-09-22T06:30:00+00:00,93.66000366,93.73999786,93.40000153,93.62999725,2070
2026-09-22T07:00:00+00:00,93.63999939,93.83000183,93.02999878,93.06999969,3256
2026-09-22T07:30:00+00:00,93.08000183,93.31999969,92.90000153,93.25,3531
2026-09-22T08:00:00+00:00,93.23000336,93.26999664,92.51000214,93.01000214,4908
2026-09-22T08:30:00+00:00,93.01000214,93.13999939,90.20999908,90.43000031,15808
2026-09-22T09:00:00+00:00,90.44000244,91.54000092,90.29000092,91.20999908,9416
2026-09-22T09:30:00+00:00,91.16999817,91.33000183,89.66999817,89.75,13133
2026-09-22T10:00:00+00:00,89.75,90.02999878,89.25,89.94999695,8699
2026-09-22T10:30:00+00:00,89.94999695,89.95999908,89.16000366,89.55999756,5418
2026-09-22T11:00:00+00:00,89.56999969,90.76999664,89.56999969,90.19999695,10303
2026-09-22T11:30:00+00:00,90.18000031,90.19999695,89.73999786,89.95999908,4601
2026-09-22T12:00:00+00:00,89.95999908,90.83000183,89.91999817,90.33999634,6088
2026-09-22T12:30:00+00:00,90.37000275,90.52999878,90.12000275,90.38999939,3490
2026-09-22T13:00:00+00:00,90.38999939,90.55000305,89.48000336,90.41999817,13032
2026-09-22T13:30:00+00:00,90.43000031,90.80999756,90.20999908,90.51000214,10785
2026-09-22T14:00:00+00:00,90.51000214,91.12999725,90.37999725,90.80000305,9520
2026-09-22T14:30:00+00:00,90.80000305,91.86000061,90.25,91.01999664,17866
2026-09-22T15:00:00+00:00,91.01999664,91.45999908,90.94000244,91.41000366,8505
2026-09-22T15:30:00+00:00,91.41000366,91.80000305,91.33999634,91.66999817,4883
2026-09-22T16:00:00+00:00,91.68000031,92.08000183,91.51000214,91.75,6798
2026-09-22T16:30:00+00:00,91.76000214,91.76999664,91.02999878,91.40000153,6067
2026-09-22T17:00:00+00:00,91.37000275,91.38999939,91.02999878,91.08999634,3271
2026-09-22T17:30:00+00:00,91.08000183,91.12000275,89.47000122,89.61000061,14102
2026-09-22T18:00:00+00:00,89.59999847,90.65000153,89.51000214,90.62999725,11208
2026-09-22T18:30:00+00:00,90.62000275,90.93000031,90.48999786,90.62000275,4525
2026-09-22T19:00:00+00:00,90.62999725,90.66999817,89.81999969,89.81999969,5950
2026-09-22T19:30:00+00:00,89.83000183,89.87000275,88.66000366,89.59999847,14032
2026-09-22T20:00:00+00:00,89.59999847,90,89.51000214,89.87999725,2858
2026-09-22T20:30:00+00:00,89.87000275,90.08000183,89.72000122,89.88999939,2549
2026-09-22T22:00:00+00:00,89.91999817,89.98999786,89.59999847,89.66999817,1400
2026-09-22T22:30:00+00:00,89.66999817,89.70999908,89.59999847,89.63999939,589
