open_time,open,high,low,close,volume
2026-07-26T22:00:00+00:00,84.61000061,85.02999878,84.56999969,84.73999786,1435
2026-07-26T22:15:00+00:00,84.73999786,84.79000092,83.87999725,84.37000275,3973
2026-07-26T22:30:00+00:00,84.34999847,84.73999786,84.26000214,84.69999695,1493
2026-07-26T22:45:00+00:00,84.66999817,84.87999725,84.54000092,84.80000305,1450
2026-07-26T23:00:00+00:00,84.80999756,85.13999939,84.77999878,85.05999756,2485
2026-07-26T23:15:00+00:00,85.08000183,85.09999847,84.83999634,84.91999817,1010
2026-07-26T23:30:00+00:00,84.98000336,85,84.65000153,84.73000336,1177
2026-07-26T23:45:00+00:00,84.73999786,84.79000092,84.48000336,84.61000061,1645
2026-07-27T00:00:00+00:00,84.61000061,85,84.37000275,84.37999725,2323
2026-07-27T00:15:00+00:00,84.37000275,84.56999969,84.04000092,84.48000336,2675
2026-07-27T00:30:00+00:00,84.5,84.62999725,84.38999939,84.54000092,1135
2026-07-27T00:45:00+00:00,84.55000305,84.87999725,84.55000305,84.77999878,1153
2026-07-27T01:00:00+00:00,84.77999878,85.45999908,84.61000061,85.26000214,3259
2026-07-27T01:15:00+00:00,85.26000214,85.30000305,85.08000183,85.12000275,1114
2026-07-27T01:30:00+00:00,85.12000275,85.19000244,84.93000031,85.15000153,1093
2026-07-27T01:45:00+00:00,85.16999817,85.37000275,85.12000275,85.26999664,859
2026-07-27T02:00:00+00:00,85.26000214,85.66000366,85.16999817,85.44999695,1715
2026-07-27T02:15:00+00:00,85.44999695,85.66000366,85.31999969,85.62999725,776
2026-07-27T02:30:00+00:00,85.62999725,85.66000366,85.33000183,85.54000092,1298
2026-07-27T02:45:00+00:00,85.54000092,85.69999695,85.44000244,85.58000183,993
2026-07-27T03:00:00+00:00,85.58999634,85.58999634,85.20999908,85.41999817,1228
2026-07-27T03:15:00+00:00,85.41999817,85.41999817,85.20999908,85.29000092,725
2026-07-27T03:30:00+00:00,85.30000305,85.30000305,85.01999664,85.12999725,801
2026-07-27T03:45:00+00:00,85.11000061,85.40000153,85.08000183,85.20999908,505
2026-07-27T04:00:00+00:00,85.23000336,85.23000336,84.88999939,85.08999634,1088
2026-07-27T04:15:00+00:00,85.08000183,85.12999725,84.77999878,84.84999847,886
2026-07-27T04:30:00+00:00,84.83999634,84.87000275,84.48000336,84.55999756,1117
2026-07-27T04:45:00+00:00,84.55999756,84.86000061,84.55000305,84.84999847,582
2026-07-27T05:00:00+00:00,84.86000061,84.97000122,84.68000031,84.80000305,721
2026-07-27T05:15:00+00:00,84.79000092,84.97000122,84.58000183,84.66999817,616
2026-07-27T05:30:00+00:00,84.66000366,84.87999725,84.55999756,84.63999939,849
2026-07-27T05:45:00+00:00,84.61000061,84.73000336,84.36000061,84.58000183,1319
2026-07-27T06:00:00+00:00,84.56999969,84.62999725,83.76000214,83.77999878,3396
2026-07-27T06:15:00+00:00,83.77999878,83.94000244,83.48999786,83.86000061,2838
2026-07-27T06:30:00+00:00,83.84999847,83.98000336,83.68000031,83.73999786,1751
2026-07-27T06:45:00+00:00,83.73999786,83.87999725,83.37999725,83.48000336,2239
2026-07-27T07:00:00+00:00,83.48999786,83.97000122,83.33999634,83.69000244,1849
2026-07-27T07:15:00+00:00,83.69000244,84.19000244,83.58000183,84.18000031,1514
2026-07-27T07:30:00+00:00,84.19000244,84.38999939,84,84.31999969,1731
2026-07-27T07:45:00+00:00,84.31999969,84.59999847,83.91000366,84.58999634,2423
2026-07-27T08:00:00+00:00,84.58999634,84.86000061,84.11000061,84.29000092,3243
2026-07-27T08:15:00+00:00,84.29000092,84.41000366,83.58000183,83.70999908,2731
2026-07-27T08:30:00+00:00,83.69999695,83.97000122,83.33000183,83.47000122,2543
2026-07-27T08:45:00+00:00,83.45999908,83.62999725,82.87999725,82.94000244,4469
2026-07-27T09:00:00+00:00,82.95999908,83.27999878,82.95999908,83.19999695,1865
2026-07-27T09:15:00+00:00,83.20999908,83.30000305,82.56999969,82.76000214,3305
2026-07-27T09:30:00+00:00,82.76000214,82.91999817,82.47000122,82.62000275,2741
2026-07-27T09:45:00+00:00,82.61000061,82.66999817,82.12999725,82.34999847,3766
2026-07-27T10:00:00+00:00,82.37000275,83.55999756,82.31999969,83.26999664,5047
2026-07-27T10:15:00+00:00,83.26000214,83.40000153,82.83999634,83.01999664,2264
2026-07-27T10:30:00+00:00,83.01000214,83.16000366,82.97000122,83.05000305,767
2026-07-27T10:45:00+00:00,83.04000092,83.31999969,82.93000031,83.26999664,1206
2026-07-27T11:00:00+00:00,83.25,83.48999786,83.12999725,83.41999817,1533
2026-07-27T11:15:00+00:00,83.41000366,83.81999969,83.27999878,83.77999878,1596
2026-07-27T11:30:00+00:00,83.79000092,83.94999695,83.02999878,83.23999786,2813
2026-07-27T11:45:00+00:00,83.23000336,83.40000153,83.13999939,83.36000061,1222
2026-07-27T12:00:00+00:00,83.38999939,84.13999939,83.37999725,84.09999847,3706
2026-07-27T12:15:00+00:00,84.08000183,84.23999786,83.91000366,84.08999634,2711
2026-07-27T12:30:00+00:00,84.12000275,84.29000092,83.80999756,84.01999664,2505
2026-07-27T12:45:00+00:00,84.01999664,84.33999634,83.81999969,84.02999878,3242
2026-07-27T13:00:00+00:00,84.01000214,84.38999939,83.87000275,84.23000336,2923
2026-07-27T13:15:00+00:00,84.26000214,84.55000305,84.16000366,84.48999786,2153
2026-07-27T13:30:00+00:00,84.48000336,84.51000214,83.68000031,83.87999725,4121
2026-07-27T13:45:00+00:00,83.88999939,84.37000275,83.68000031,84.22000122,2691
2026-07-27T14:00:00+00:00,84.23000336,84.27999878,83.48000336,83.5,3194
2026-07-27T14:15:00+00:00,83.48999786,83.80000305,83.44999695,83.65000153,2476
2026-07-27T14:30:00+00:00,83.63999939,83.83000183,83.52999878,83.63999939,1813
2026-07-27T14:45:00+00:00,83.61000061,83.84999847,83.48000336,83.55999756,1740
2026-07-27T15:00:00+00:00,83.58000183,83.84999847,83.16000366,83.23000336,3625
2026-07-27T15:15:00+00:00,83.23999786,83.43000031,83.01000214,83.16999817,2914
2026-07-27T15:30:00+00:00,83.16000366,83.38999939,82.98000336,83.12999725,2305
2026-07-27T15:45:00+00:00,83.11000061,83.44000244,83.06999969,83.40000153,1275
2026-07-27T16:00:00+00:00,83.38999939,83.44000244,83.08000183,83.23000336,1372
2026-07-27T16:15:00+00:00,83.22000122,83.77999878,82.83000183,83.05000305,7110
2026-07-27T16:30:00+00:00,83.04000092,83.08999634,82.33000183,82.76999664,4683
2026-07-27T16:45:00+00:00,82.76999664,83.26000214,82.70999908,82.83000183,2111
2026-07-27T17:00:00+00:00,82.86000061,82.88999939,82.51000214,82.62000275,1656
2026-07-27T17:15:00+00:00,82.65000153,82.70999908,82.51999664,82.66999817,865
2026-07-27T17:30:00+00:00,82.63999939,83,82.58000183,82.94999695,1285
2026-07-27T17:45:00+00:00,83,83,82.58999634,82.62000275,1298
2026-07-27T18:00:00+00:00,82.62000275,82.62999725,82.23000336,82.36000061,2260
2026-07-27T18:15:00+00:00,82.37999725,82.68000031,81.98000336,82.63999939,3987
2026-07-27T18:30:00+00:00,82.65000153,82.95999908,82.22000122,82.37999725,3108
2026-07-27T18:45:00+00:00,82.37000275,82.44999695,82.09999847,82.09999847,1224
2026-07-27T19:00:00+00:00,82.15000153,82.44000244,82.04000092,82.41000366,1277
2026-07-27T19:15:00+00:00,82.40000153,82.44999695,82.25,82.31999969,851
2026-07-27T19:30:00+00:00,82.31999969,82.41000366,82.16999817,82.23000336,899
2026-07-27T19:45:00+00:00,82.19999695,82.27999878,81.88999939,81.94999695,2110
2026-07-27T20:00:00+00:00,81.93000031,82.01999664,81.66999817,81.73000336,1525
2026-07-27T20:15:00+00:00,81.73000336,81.97000122,81.66000366,81.87000275,1317
2026-07-27T20:30:00+00:00,81.86000061,82.08999634,81.83999634,82.04000092,834
2026-07-27T20:45:00+00:00,82.04000092,82.04000092,81.62000275,81.91000366,1385
2026-07-27T22:00:00+00:00,81.91000366,82.12999725,81.68000031,81.91999817,464
2026-07-27T22:15:00+00:00,81.91000366,81.98999786,81.87000275,81.98000336,280
2026-07-27T22:30:00+00:00,81.98000336,81.98999786,81.5,81.93000031,1047
2026-07-27T22:45:00+00:00,81.93000031,82.19000244,81.90000153,82.15000153,588
2026-07-27T23:00:00+00:00,82.13999939,82.19000244,81.97000122,82.01999664,440
2026-07-27T23:15:00+00:00,82.01999664,82.12999725,82.01999664,82.05000305,319
2026-07-27T23:30:00+00:00,82.02999878,82.16000366,82.02999878,82.15000153,221
2026-07-27T23:45:00+00:00,82.15000153,82.23000336,82,82.04000092,495
2026-07-28T00:00:00+00:00,82.04000092,82.05000305,81.63999939,81.84999847,1720
2026-07-28T00:15:00+00:00,81.86000061,81.86000061,81.41000366,81.66000366,1601
2026-07-28T00:30:00+00:00,81.66000366,82,81.65000153,81.94000244,1050
2026-07-28T00:45:00+00:00,81.94999695,82.19000244,81.93000031,82.11000061,1067
2026-07-28T01:00:00+00:00,82.11000061,82.29000092,81.58999634,81.70999908,2359
2026-07-28T01:15:00+00:00,81.69000244,81.90000153,81.45999908,81.58000183,1295
2026-07-28T01:30:00+00:00,81.75,81.88999939,81.68000031,81.81999969,817
2026-07-28T01:45:00+00:00,81.80999756,82.04000092,81.62000275,81.62999725,1344
2026-07-28T02:00:00+00:00,81.62999725,81.80000305,81.22000122,81.51999664,2096
2026-07-28T02:15:00+00:00,81.52999878,81.54000092,81.18000031,81.29000092,1606
2026-07-28T02:30:00+00:00,81.27999878,81.33000183,80.95999908,81.02999878,2403
2026-07-28T02:45:00+00:00,81.02999878,81.08999634,80.69000244,80.81999969,2760
2026-07-28T03:00:00+00:00,80.83999634,81,80.61000061,80.94000244,1618
2026-07-28T03:15:00+00:00,80.94999695,81.36000061,80.90000153,81.36000061,1701
2026-07-28T03:30:00+00:00,81.34999847,81.59999847,81.30000305,81.43000031,1102
2026-07-28T03:45:00+00:00,81.44000244,81.58000183,81.43000031,81.55999756,572
2026-07-28T04:00:00+00:00,81.58000183,81.87999725,81.52999878,81.84999847,1003
2026-07-28T04:15:00+00:00,81.86000061,81.94999695,81.55000305,81.63999939,1022
2026-07-28T04:30:00+00:00,81.65000153,81.76000214,81.55999756,81.66000366,488
2026-07-28T04:45:00+00:00,81.65000153,81.69999695,81.58000183,81.61000061,372
2026-07-28T05:00:00+00:00,81.62999725,81.69999695,81.51000214,81.61000061,549
2026-07-28T05:15:00+00:00,81.59999847,81.66000366,81.47000122,81.65000153,757
2026-07-28T05:30:00+00:00,81.66999817,82.47000122,81.66999817,82.09999847,3544
2026-07-28T05:45:00+00:00,82.09999847,82.30999756,81.94999695,82.12999725,1172
2026-07-28T06:00:00+00:00,82.13999939,82.33999634,81.95999908,82.15000153,1411
2026-07-28T06:15:00+00:00,82.13999939,82.19999695,82.01999664,82.04000092,499
2026-07-28T06:30:00+00:00,82.61000061,82.61000061,80.88999939,81.01999664,4773
2026-07-28T06:45:00+00:00,81,81.13999939,80.61000061,80.81999969,2977
2026-07-28T07:00:00+00:00,80.80999756,81.37999725,80.66999817,81.37999725,2244
2026-07-28T07:15:00+00:00,81.38999939,81.41999817,80.91000366,81.25,1713
2026-07-28T07:30:00+00:00,81.25,81.55000305,81.19000244,81.41999817,1411
2026-07-28T07:45:00+00:00,81.38999939,81.43000031,80.55000305,80.79000092,2436
2026-07-28T08:00:00+00:00,80.79000092,80.86000061,80.33999634,80.61000061,2751
2026-07-28T08:15:00+00:00,80.65000153,80.81999969,80.26000214,80.27999878,3320
2026-07-28T08:30:00+00:00,80.26999664,80.55000305,80.13999939,80.23999786,2156
2026-07-28T08:45:00+00:00,80.23999786,80.31999969,79.80999756,80.20999908,3713
2026-07-28T09:00:00+00:00,80.19999695,81.12999725,80.19999695,81.11000061,2675
2026-07-28T09:15:00+00:00,81.09999847,81.22000122,80.43000031,80.47000122,2031
2026-07-28T09:30:00+00:00,80.47000122,80.87000275,80.41000366,80.72000122,1308
2026-07-28T09:45:00+00:00,80.70999908,80.87000275,80.48000336,80.62000275,1064
2026-07-28T10:00:00+00:00,80.63999939,80.87000275,80.58000183,80.76999664,885
2026-07-28T10:15:00+00:00,80.76999664,81.25,80.76999664,81.16000366,1251
2026-07-28T10:30:00+00:00,81.19000244,81.47000122,80.87999725,81.12000275,2200
2026-07-28T10:45:00+00:00,81.09999847,81.19000244,80.91000366,81.13999939,708
2026-07-28T11:00:00+00:00,81.16000366,81.37999725,80.97000122,81.23999786,1090
2026-07-28T11:15:00+00:00,81.25,81.40000153,80.68000031,81.38999939,2626
2026-07-28T11:30:00+00:00,81.40000153,81.87999725,81.26999664,81.79000092,2351
2026-07-28T11:45:00+00:00,81.80999756,81.91000366,81.65000153,81.70999908,1462
2026-07-28T12:00:00+00:00,81.70999908,81.73999786,81.36000061,81.59999847,1617
2026-07-28T12:15:00+00:00,81.58000183,81.72000122,81.29000092,81.58000183,1399
2026-07-28T12:30:00+00:00,81.56999969,81.68000031,81.04000092,81.19000244,3000
2026-07-28T12:45:00+00:00,81.20999908,81.20999908,80.62999725,80.80999756,2613
2026-07-28T13:00:00+00:00,80.80999756,81.40000153,80.80999756,81.37000275,2736
2026-07-28T13:15:00+00:00,81.33999634,81.40000153,81,81.19999695,1624
2026-07-28T13:30:00+00:00,81.23000336,81.26000214,80.73000336,81.06999969,2829
2026-07-28T13:45:00+00:00,81.05999756,81.66000366,81.01999664,81.44000244,2944
2026-07-28T14:00:00+00:00,81.44000244,81.83999634,81.33999634,81.34999847,3093
2026-07-28T14:15:00+00:00,81.34999847,81.44000244,81.05999756,81.12999725,2652
2026-07-28T14:30:00+00:00,81.13999939,81.47000122,80.87999725,81.41000366,2683
2026-07-28T14:45:00+00:00,81.41999817,81.66999817,81.30999756,81.43000031,1623
2026-07-28T15:00:00+00:00,81.44000244,81.58000183,80.37999725,80.55999756,6063
2026-07-28T15:15:00+00:00,80.55000305,80.63999939,79.20999908,79.43000031,13739
2026-07-28T15:30:00+00:00,79.41999817,79.61000061,78.97000122,79.08999634,8362
2026-07-28T15:45:00+00:00,79.09999847,79.45999908,78.27999878,78.37000275,8871
2026-07-28T16:00:00+00:00,78.37000275,78.65000153,78.25,78.29000092,4911
2026-07-28T16:15:00+00:00,78.29000092,78.37000275,78.01999664,78.25,4539
2026-07-28T16:30:00+00:00,78.26000214,78.44000244,77.77999878,78.19000244,5973
2026-07-28T16:45:00+00:00,78.19000244,78.86000061,78.09999847,78.66000366,5431
2026-07-28T17:00:00+00:00,78.66999817,79.09999847,78.37999725,78.94999695,4606
2026-07-28T17:15:00+00:00,78.94999695,79.19999695,78.30999756,79.16000366,5523
2026-07-28T17:30:00+00:00,79.15000153,79.34999847,78.97000122,79.30000305,2183
2026-07-28T17:45:00+00:00,79.29000092,79.65000153,79.11000061,79.38999939,2913
2026-07-28T18:00:00+00:00,79.41999817,79.44000244,78.81999969,78.94999695,2398
2026-07-28T18:15:00+00:00,78.94000244,79.37000275,78.79000092,79.31999969,2483
2026-07-28T18:30:00+00:00,79.31999969,79.48999786,79.19000244,79.30000305,1598
2026-07-28T18:45:00+00:00,79.29000092,79.30999756,78.94000244,79.19999695,1225
2026-07-28T19:00:00+00:00,79.22000122,79.23000336,78.94999695,79.08000183,1033
2026-07-28T19:15:00+00:00,79.09999847,79.12000275,78.87999725,78.93000031,802
2026-07-28T19:30:00+00:00,78.91000366,79.09999847,78.90000153,79.05999756,979
2026-07-28T19:45:00+00:00,79.05999756,79.15000153,78.90000153,79.12999725,926
2026-07-28T20:00:00+00:00,79.15000153,79.30000305,79.04000092,79.13999939,866
2026-07-28T20:15:00+00:00,79.12999725,79.19000244,78.97000122,79.16999817,685
2026-07-28T20:30:00+00:00,79.16999817,79.26000214,78.80999756,79.06999969,1586
2026-07-28T20:45:00+00:00,79.08999634,79.23000336,79.01999664,79.12000275,817
2026-07-28T22:00:00+00:00,79.84999847,81.29000092,79.84999847,81.25,2236
2026-07-28T22:15:00+00:00,81.20999908,82.87000275,81.09999847,82.65000153,5975
2026-07-28T22:30:00+00:00,82.69000244,83.25,82.41000366,82.69999695,4946
2026-07-28T22:45:00+00:00,82.70999908,82.98999786,82.43000031,82.66999817,2030
2026-07-28T23:00:00+00:00,82.66999817,83.31999969,82.58999634,82.76000214,3412
2026-07-28T23:15:00+00:00,82.76000214,82.91999817,82.37999725,82.51000214,1718
2026-07-28T23:30:00+00:00,82.51999664,82.75,82.04000092,82.05000305,1997
2026-07-28T23:45:00+00:00,82.06999969,82.48000336,81.80999756,81.87999725,3426
2026-07-29T00:00:00+00:00,81.87999725,82.31999969,81.72000122,81.98999786,3976
2026-07-29T00:15:00+00:00,82,82.09999847,81.62000275,81.83000183,2330
2026-07-29T00:30:00+00:00,81.84999847,82.59999847,81.84999847,82.37999725,2830
2026-07-29T00:45:00+00:00,82.37999725,82.58999634,82.26999664,82.45999908,1317
2026-07-29T01:00:00+00:00,82.45999908,82.86000061,82.30999756,82.84999847,2714
2026-07-29T01:15:00+00:00,82.83000183,82.91000366,82.38999939,82.44000244,2108
2026-07-29T01:30:00+00:00,82.44999695,83.05999756,82.44000244,82.93000031,2023
2026-07-29T01:45:00+00:00,82.94999695,82.97000122,82.58999634,82.76000214,1508
2026-07-29T02:00:00+00:00,82.75,82.83999634,82.58000183,82.66000366,1049
2026-07-29T02:15:00+00:00,82.65000153,82.73000336,82.43000031,82.44999695,931
2026-07-29T02:30:00+00:00,82.44000244,82.44000244,82.05999756,82.30000305,2389
2026-07-29T02:45:00+00:00,82.30000305,82.34999847,82.12999725,82.30999756,810
2026-07-29T03:00:00+00:00,82.33999634,82.56999969,82.30999756,82.51999664,1143
2026-07-29T03:15:00+00:00,82.48999786,82.61000061,82.31999969,82.38999939,1001
2026-07-29T03:30:00+00:00,82.40000153,82.65000153,82.38999939,82.58000183,618
2026-07-29T03:45:00+00:00,82.56999969,82.79000092,82.48000336,82.70999908,624
2026-07-29T04:00:00+00:00,82.69000244,82.69000244,82.55999756,82.61000061,443
2026-07-29T04:15:00+00:00,82.59999847,82.62000275,82.43000031,82.44000244,453
2026-07-29T04:30:00+00:00,82.43000031,82.44999695,82.08999634,82.09999847,1154
2026-07-29T04:45:00+00:00,82.12000275,82.12999725,81.87999725,82.05999756,1435
2026-07-29T05:00:00+00:00,82.04000092,82.16000366,81.86000061,81.88999939,1117
2026-07-29T05:15:00+00:00,81.90000153,82.05999756,81.80000305,81.88999939,927
2026-07-29T05:30:00+00:00,81.87000275,82.22000122,81.83000183,81.97000122,1088
2026-07-29T05:45:00+00:00,81.95999908,82.26999664,81.91999817,82.25,1177
2026-07-29T06:00:00+00:00,82.25,82.43000031,82,82.31999969,1433
2026-07-29T06:15:00+00:00,82.30999756,82.37000275,82.12999725,82.33000183,1241
2026-07-29T06:30:00+00:00,82.33999634,82.37999725,81.79000092,81.81999969,1372
2026-07-29T06:45:00+00:00,81.83999634,82.12999725,81.81999969,82.11000061,1225
2026-07-29T07:00:00+00:00,82.11000061,82.22000122,81.70999908,81.88999939,1572
2026-07-29T07:15:00+00:00,81.87000275,82.37000275,81.84999847,82.22000122,1576
2026-07-29T07:30:00+00:00,82.22000122,82.30999756,81.70999908,81.83000183,1291
2026-07-29T07:45:00+00:00,81.83999634,82.30000305,81.80000305,82.01999664,1183
2026-07-29T08:00:00+00:00,82.02999878,82.30000305,81.84999847,81.90000153,1238
2026-07-29T08:15:00+00:00,81.95999908,82.37999725,81.94000244,82.20999908,2765
2026-07-29T08:30:00+00:00,82.20999908,82.37000275,81.75,81.84999847,1542
2026-07-29T08:45:00+00:00,81.84999847,81.93000031,81.5,81.88999939,2283
2026-07-29T09:00:00+00:00,81.87999725,82.16000366,81.87999725,81.95999908,1183
2026-07-29T09:15:00+00:00,81.91999817,82.01999664,81.69999695,81.94000244,761
2026-07-29T09:30:00+00:00,81.91999817,82.30999756,81.87999725,82.09999847,1174
2026-07-29T09:45:00+00:00,82.08000183,82.30000305,81.95999908,82.11000061,1122
2026-07-29T10:00:00+00:00,82.12000275,82.69999695,81.94999695,82.63999939,3008
2026-07-29T10:15:00+00:00,82.63999939,82.83000183,82.51999664,82.72000122,2059
2026-07-29T10:30:00+00:00,82.73000336,83.06999969,82.58999634,82.88999939,1922
2026-07-29T10:45:00+00:00,82.88999939,83.27999878,82.84999847,83.19999695,1790
2026-07-29T11:00:00+00:00,83.18000031,83.34999847,82.98000336,83.09999847,1635
2026-07-29T11:15:00+00:00,83.09999847,83.18000031,82.81999969,82.87000275,1364
2026-07-29T11:30:00+00:00,82.87999725,83.01999664,82.75,82.94000244,1250
2026-07-29T11:45:00+00:00,82.93000031,83.08000183,82.34999847,82.51999664,3601
2026-07-29T12:00:00+00:00,82.54000092,83.19000244,82.5,83.12999725,2653
2026-07-29T12:15:00+00:00,83.09999847,84.65000153,83.08999634,84.45999908,12189
2026-07-29T12:30:00+00:00,84.48999786,84.75,84.04000092,84.11000061,4279
2026-07-29T12:45:00+00:00,84.11000061,84.73999786,84.08999634,84.54000092,2904
2026-07-29T13:00:00+00:00,84.55000305,84.83000183,84.34999847,84.43000031,3723
2026-07-29T13:15:00+00:00,84.44000244,84.62000275,84.12000275,84.33000183,3585
2026-07-29T13:30:00+00:00,84.33000183,84.66999817,84.22000122,84.44000244,2668
2026-07-29T13:45:00+00:00,84.44000244,84.94999695,84.41999817,84.84999847,3930
2026-07-29T14:00:00+00:00,84.83999634,84.86000061,84.33000183,84.54000092,3630
2026-07-29T14:15:00+00:00,84.55000305,85.05999756,84.37000275,84.95999908,3316
2026-07-29T14:30:00+00:00,84.98999786,85.19999695,84.83999634,85.08999634,4590
2026-07-29T14:45:00+00:00,85.09999847,85.47000122,85.02999878,85.36000061,4431
2026-07-29T15:00:00+00:00,85.36000061,85.58000183,84.87000275,85.05999756,4812
2026-07-29T15:15:00+00:00,85.02999878,85.26999664,84.76999664,84.87999725,3274
2026-07-29T15:30:00+00:00,84.83999634,84.87000275,84.36000061,84.51000214,4465
2026-07-29T15:45:00+00:00,84.5,85.01000214,84.38999939,84.98999786,2627
2026-07-29T16:00:00+00:00,84.98999786,85.23000336,84.75,84.86000061,3094
2026-07-29T16:15:00+00:00,84.86000061,84.91999817,84.16999817,84.19000244,3846
2026-07-29T16:30:00+00:00,84.20999908,84.54000092,84.19000244,84.52999878,1732
2026-07-29T16:45:00+00:00,84.51999664,84.68000031,84.41999817,84.58000183,991
2026-07-29T17:00:00+00:00,84.58999634,84.73999786,84.33999634,84.55000305,1758
2026-07-29T17:15:00+00:00,84.55000305,84.83999634,84.43000031,84.47000122,1568
2026-07-29T17:30:00+00:00,84.45999908,84.75,84.31999969,84.37000275,1529
2026-07-29T17:45:00+00:00,84.37000275,84.68000031,84.26000214,84.58000183,1440
2026-07-29T18:00:00+00:00,84.62999725,84.91999817,84.44999695,84.61000061,2493
2026-07-29T18:15:00+00:00,84.59999847,84.91000366,84.36000061,84.48000336,3467
2026-07-29T18:30:00+00:00,84.48999786,84.94000244,84.48999786,84.61000061,2138
2026-07-29T18:45:00+00:00,84.62000275,84.73000336,84.30000305,84.41999817,1883
2026-07-29T19:00:00+00:00,84.44999695,84.51999664,84.20999908,84.43000031,1999
2026-07-29T19:15:00+00:00,84.41000366,84.73999786,84.02999878,84.63999939,4605
2026-07-29T19:30:00+00:00,84.66999817,85.25,84.63999939,84.86000061,3466
2026-07-29T19:45:00+00:00,84.84999847,85,84.58000183,84.88999939,2279
2026-07-29T20:00:00+00:00,84.88999939,84.95999908,84.58999634,84.73000336,1828
2026-07-29T20:15:00+00:00,84.76999664,85.04000092,84.73000336,84.91000366,827
2026-07-29T20:30:00+00:00,84.91000366,84.91000366,84.56999969,84.62999725,979
2026-07-29T20:45:00+00:00,84.62999725,84.69999695,84.51000214,84.66000366,1246
2026-07-29T22:00:00+00:00,84.72000122,84.75,84.31999969,84.43000031,489
2026-07-29T22:15:00+00:00,84.40000153,84.58999634,84.23000336,84.44000244,939
2026-07-29T22:30:00+00:00,84.45999908,84.5,84.31999969,84.47000122,452
2026-07-29T22:45:00+00:00,84.44999695,84.54000092,84.37999725,84.41999817,326
2026-07-29T23:00:00+00:00,84.41999817,84.70999908,84.11000061,84.61000061,1481
2026-07-29T23:15:00+00:00,84.59999847,84.73999786,84.37000275,84.43000031,667
2026-07-29T23:30:00+00:00,84.41999817,84.51000214,84.25,84.31999969,513
2026-07-29T23:45:00+00:00,84.34999847,84.36000061,84.15000153,84.20999908,757
2026-07-30T00:00:00+00:00,84.20999908,84.30999756,83.73999786,83.90000153,2464
2026-07-30T00:15:00+00:00,83.88999939,84,83.02999878,83.98000336,4462
2026-07-30T00:30:00+00:00,83.97000122,84.33999634,83.87999725,84.30999756,1867
2026-07-30T00:45:00+00:00,84.29000092,84.62000275,84.25,84.51999664,1756
2026-07-30T01:00:00+00:00,84.51999664,84.51999664,83.73999786,84.02999878,3250
2026-07-30T01:15:00+00:00,84.04000092,84.13999939,83.83999634,83.94999695,1499
2026-07-30T01:30:00+00:00,83.98000336,84.06999969,83.63999939,83.73000336,1446
2026-07-30T01:45:00+00:00,83.72000122,83.91000366,83.68000031,83.79000092,741
2026-07-30T02:00:00+00:00,83.76999664,83.80999756,83.56999969,83.58000183,973
2026-07-30T02:15:00+00:00,83.58000183,83.72000122,83.43000031,83.47000122,1490
2026-07-30T02:30:00+00:00,83.44999695,83.59999847,83.25,83.52999878,1982
2026-07-30T02:45:00+00:00,83.52999878,83.73999786,83.25,83.43000031,1482
2026-07-30T03:00:00+00:00,83.44000244,83.44999695,83.23000336,83.33000183,820
2026-07-30T03:15:00+00:00,83.36000061,83.66999817,83.30000305,83.62999725,772
2026-07-30T03:30:00+00:00,83.63999939,83.63999939,83.48999786,83.58000183,471
2026-07-30T03:45:00+00:00,83.58999634,83.76000214,83.58000183,83.66000366,471
2026-07-30T04:00:00+00:00,83.65000153,83.79000092,83.62000275,83.77999878,421
2026-07-30T04:15:00+00:00,83.76000214,83.87000275,83.66000366,83.79000092,449
2026-07-30T04:30:00+00:00,83.77999878,83.81999969,83.65000153,83.79000092,361
2026-07-30T04:45:00+00:00,83.79000092,84.16999817,83.68000031,84.06999969,1252
2026-07-30T05:00:00+00:00,84.06999969,84.48000336,83.98000336,84.45999908,1627
2026-07-30T05:15:00+00:00,84.48000336,84.79000092,84.38999939,84.54000092,1979
2026-07-30T05:30:00+00:00,84.54000092,85.18000031,84.52999878,84.95999908,3519
2026-07-30T05:45:00+00:00,84.97000122,85.40000153,84.62000275,85.23000336,3529
2026-07-30T06:00:00+00:00,85.20999908,85.73999786,85.08999634,85.69999695,3650
2026-07-30T06:15:00+00:00,85.70999908,85.88999939,85.54000092,85.83000183,3192
2026-07-30T06:30:00+00:00,85.81999969,85.94000244,85.5,85.63999939,2282
2026-07-30T06:45:00+00:00,85.65000153,85.69000244,85.30000305,85.31999969,1875
2026-07-30T07:00:00+00:00,85.30000305,85.31999969,84.58000183,84.94000244,3721
2026-07-30T07:15:00+00:00,84.93000031,85.40000153,84.90000153,85.30000305,2083
2026-07-30T07:30:00+00:00,85.30000305,85.94999695,85.25,85.47000122,2967
2026-07-30T07:45:00+00:00,85.47000122,85.47000122,84.94000244,85.19999695,2133
2026-07-30T08:00:00+00:00,85.16999817,85.37999725,84.61000061,84.81999969,2669
2026-07-30T08:15:00+00:00,84.83000183,85.37999725,84.66999817,84.95999908,2618
2026-07-30T08:30:00+00:00,84.97000122,85.06999969,84.30999756,84.76999664,2712
2026-07-30T08:45:00+00:00,84.77999878,85.06999969,84.66999817,84.73000336,1871
2026-07-30T09:00:00+00:00,84.73999786,84.86000061,84.05000305,84.37999725,3266
2026-07-30T09:15:00+00:00,84.30999756,84.52999878,83.84999847,84.05000305,2859
2026-07-30T09:30:00+00:00,84.04000092,84.37999725,83.91999817,84.11000061,1785
2026-07-30T09:45:00+00:00,84.12999725,84.51999664,83.94000244,84.47000122,1319
2026-07-30T10:00:00+00:00,84.48000336,84.65000153,84.38999939,84.58999634,1372
2026-07-30T10:15:00+00:00,84.56999969,84.58999634,84.11000061,84.23000336,1442
2026-07-30T10:30:00+00:00,84.25,84.29000092,83.26999664,83.63999939,3562
2026-07-30T10:45:00+00:00,83.63999939,83.79000092,83.30999756,83.76999664,2012
2026-07-30T11:00:00+00:00,83.76999664,83.94000244,83.62000275,83.70999908,1624
2026-07-30T11:15:00+00:00,83.69999695,83.94000244,83.44999695,83.65000153,1289
2026-07-30T11:30:00+00:00,83.63999939,83.73000336,83.33999634,83.48000336,1459
2026-07-30T11:45:00+00:00,83.48999786,83.55999756,83.26000214,83.54000092,1397
2026-07-30T12:00:00+00:00,83.55999756,83.86000061,83.40000153,83.69999695,2252
2026-07-30T12:15:00+00:00,83.69000244,84.38999939,83.62000275,84.25,2514
2026-07-30T12:30:00+00:00,84.20999908,84.23000336,83.59999847,83.77999878,2460
2026-07-30T12:45:00+00:00,83.76999664,84.5,83.69999695,84.47000122,3151
2026-07-30T13:00:00+00:00,84.47000122,84.5,82.91999817,83.01000214,7866
2026-07-30T13:15:00+00:00,83.01999664,83.66999817,83.01000214,83.47000122,3576
2026-07-30T13:30:00+00:00,83.48000336,83.73000336,83.30000305,83.63999939,2798
2026-07-30T13:45:00+00:00,83.62000275,83.91000366,83.51999664,83.72000122,2678
2026-07-30T14:00:00+00:00,83.76000214,84.19000244,83.62999725,83.86000061,4886
2026-07-30T14:15:00+00:00,83.87000275,84.30000305,83.72000122,83.95999908,3028
2026-07-30T14:30:00+00:00,83.94999695,84.27999878,83.93000031,84.08000183,2326
2026-07-30T14:45:00+00:00,84.08999634,84.47000122,84.06999969,84.22000122,2769
2026-07-30T15:00:00+00:00,84.20999908,84.86000061,84.16999817,84.61000061,4298
2026-07-30T15:15:00+00:00,84.61000061,84.69999695,84.05000305,84.29000092,3660
2026-07-30T15:30:00+00:00,84.30000305,84.52999878,83.58000183,83.70999908,3403
2026-07-30T15:45:00+00:00,83.70999908,84.09999847,83.61000061,84.08000183,2194
2026-07-30T16:00:00+00:00,84.08999634,84.30000305,83.90000153,84.01000214,2055
2026-07-30T16:15:00+00:00,84.04000092,84.18000031,83.51000214,83.62000275,2031
2026-07-30T16:30:00+00:00,83.62000275,83.98000336,83.54000092,83.88999939,1655
2026-07-30T16:45:00+00:00,83.88999939,84.13999939,83.76000214,84.11000061,1640
2026-07-30T17:00:00+00:00,84.09999847,84.16999817,83.83999634,83.95999908,1621
2026-07-30T17:15:00+00:00,83.94999695,84.19999695,83.72000122,83.83999634,1347
2026-07-30T17:30:00+00:00,83.84999847,84.40000153,83.62999725,83.87999725,2292
2026-07-30T17:45:00+00:00,83.87000275,84.12999725,83.87000275,84.06999969,1225
2026-07-30T18:00:00+00:00,84.08000183,84.30000305,83.91999817,84.12999725,1696
2026-07-30T18:15:00+00:00,84.13999939,84.18000031,83.47000122,83.55000305,2543
2026-07-30T18:30:00+00:00,83.55999756,83.83000183,83.48000336,83.72000122,1318
2026-07-30T18:45:00+00:00,83.72000122,83.76999664,83.51000214,83.54000092,594
2026-07-30T19:00:00+00:00,83.54000092,83.73999786,83.44999695,83.65000153,927
2026-07-30T19:15:00+00:00,83.65000153,83.68000031,83.51999664,83.54000092,553
2026-07-30T19:30:00+00:00,83.52999878,83.69999695,83.44999695,83.69999695,696
2026-07-30T19:45:00+00:00,83.69000244,83.83000183,83.65000153,83.66000366,1019
2026-07-30T20:00:00+00:00,83.65000153,83.88999939,83.58999634,83.87999725,938
2026-07-30T20:15:00+00:00,83.88999939,84.16999817,83.86000061,84.11000061,1186
2026-07-30T20:30:00+00:00,84.09999847,84.22000122,83.94999695,83.98999786,977
2026-07-30T20:45:00+00:00,83.97000122,84,83.86000061,83.94000244,1052
2026-07-30T22:00:00+00:00,83.90000153,84.30000305,83.86000061,84.18000031,704
2026-07-30T22:15:00+00:00,84.18000031,84.30999756,84.15000153,84.16000366,474
2026-07-30T22:30:00+00:00,84.15000153,84.18000031,84.01999664,84.05000305,379
2026-07-30T22:45:00+00:00,84.05000305,84.08999634,83.93000031,84.06999969,497
2026-07-30T23:00:00+00:00,84.05999756,84.05999756,83.91999817,83.94000244,198
2026-07-30T23:15:00+00:00,83.94000244,84.09999847,83.94000244,84.06999969,289
2026-07-30T23:30:00+00:00,84.06999969,84.11000061,83.98000336,84.09999847,275
2026-07-30T23:45:00+00:00,84.08999634,84.13999939,83.98000336,84.06999969,332
2026-07-31T00:00:00+00:00,84.06999969,84.19999695,83.94999695,84.13999939,608
2026-07-31T00:15:00+00:00,84.13999939,84.13999939,83.93000031,84.12999725,667
2026-07-31T00:30:00+00:00,84.12000275,84.15000153,83.73000336,83.73999786,1121
2026-07-31T00:45:00+00:00,83.72000122,83.88999939,83.54000092,83.55999756,1040
2026-07-31T01:00:00+00:00,83.52999878,83.52999878,82.08999634,82.98000336,6054
2026-07-31T01:15:00+00:00,82.98000336,82.98999786,82.54000092,82.80000305,2081
2026-07-31T01:30:00+00:00,82.77999878,82.88999939,82.26999664,82.62999725,2624
2026-07-31T01:45:00+00:00,82.61000061,82.83999634,82.38999939,82.48000336,1477
2026-07-31T02:00:00+00:00,82.48000336,82.48000336,81.59999847,82.06999969,4925
2026-07-31T02:15:00+00:00,82.08999634,82.34999847,82.02999878,82.16999817,1917
2026-07-31T02:30:00+00:00,82.16999817,82.33999634,82.02999878,82.15000153,1318
2026-07-31T02:45:00+00:00,82.13999939,82.47000122,82.05000305,82.27999878,1205
2026-07-31T03:00:00+00:00,82.27999878,82.37999725,82.06999969,82.22000122,924
2026-07-31T03:15:00+00:00,82.22000122,82.31999969,82.08999634,82.20999908,601
2026-07-31T03:30:00+00:00,82.19999695,82.36000061,82.12999725,82.33999634,598
2026-07-31T03:45:00+00:00,82.34999847,82.5,82.25,82.37000275,575
2026-07-31T04:00:00+00:00,82.33999634,82.40000153,81.97000122,82.12999725,1189
2026-07-31T04:15:00+00:00,82.15000153,82.22000122,82.08999634,82.13999939,466
2026-07-31T04:30:00+00:00,82.13999939,82.16999817,81.95999908,81.98000336,462
2026-07-31T04:45:00+00:00,81.98000336,82.02999878,81.62999725,81.66000366,1496
2026-07-31T05:00:00+00:00,81.65000153,81.98999786,81.56999969,81.90000153,1535
2026-07-31T05:15:00+00:00,81.91999817,81.94000244,81.54000092,81.65000153,1143
2026-07-31T05:30:00+00:00,81.63999939,81.63999939,81.08000183,81.44999695,3153
2026-07-31T05:45:00+00:00,81.47000122,81.69000244,81.37000275,81.68000031,1189
2026-07-31T06:00:00+00:00,81.69000244,82,81.61000061,81.83999634,1820
2026-07-31T06:15:00+00:00,81.83999634,82.23999786,81.80000305,82.01000214,1546
2026-07-31T06:30:00+00:00,82.01999664,82.12000275,81.79000092,82.05000305,1169
2026-07-31T06:45:00+00:00,82.01999664,82.12000275,81.94000244,82.01999664,843
2026-07-31T07:00:00+00:00,82.01000214,82.44999695,81.98999786,82.20999908,1652
2026-07-31T07:15:00+00:00,82.23000336,82.62999725,82.22000122,82.56999969,1157
2026-07-31T07:30:00+00:00,82.54000092,82.69000244,82.31999969,82.58000183,1404
2026-07-31T07:45:00+00:00,82.55999756,82.56999969,82.05000305,82.16999817,1550
2026-07-31T08:00:00+00:00,82.16999817,82.33000183,82.01000214,82.11000061,1359
2026-07-31T08:15:00+00:00,82.12000275,82.76000214,81.91999817,82.73999786,2435
2026-07-31T08:30:00+00:00,82.75,82.88999939,82.37999725,82.44999695,1900
2026-07-31T08:45:00+00:00,82.41000366,82.58999634,82.23000336,82.58000183,1332
2026-07-31T09:00:00+00:00,82.58000183,83.12000275,82.54000092,83.08000183,2189
2026-07-31T09:15:00+00:00,83.08999634,83.23999786,82.77999878,82.87999725,2146
2026-07-31T09:30:00+00:00,82.90000153,83.54000092,82.84999847,83.54000092,2407
2026-07-31T09:45:00+00:00,83.54000092,83.79000092,83.48000336,83.70999908,1719
2026-07-31T10:00:00+00:00,83.73000336,84.05999756,83.72000122,84.05999756,2350
2026-07-31T10:15:00+00:00,84.05999756,84.19000244,83.80999756,84.09999847,1885
2026-07-31T10:30:00+00:00,84.12999725,84.38999939,83.97000122,84.16999817,1840
2026-07-31T10:45:00+00:00,84.16000366,84.48999786,84.06999969,84.27999878,1551
2026-07-31T11:00:00+00:00,84.29000092,84.48999786,84.08000183,84.19000244,1474
2026-07-31T11:15:00+00:00,84.18000031,84.91999817,84.09999847,84.77999878,4380
2026-07-31T11:30:00+00:00,84.79000092,85.08999634,84.62000275,85.01000214,2258
2026-07-31T11:45:00+00:00,85,85.04000092,84.77999878,84.86000061,1353
2026-07-31T12:00:00+00:00,84.87000275,85.5,84.86000061,85.25,3503
2026-07-31T12:15:00+00:00,85.26999664,85.37999725,85.15000153,85.22000122,1484
2026-07-31T12:30:00+00:00,85.23000336,85.30000305,84.91999817,85.23000336,2746
2026-07-31T12:45:00+00:00,85.22000122,86.44000244,85.19000244,85.87999725,5350
2026-07-31T13:00:00+00:00,85.88999939,85.98000336,85.26999664,85.65000153,4571
2026-07-31T13:15:00+00:00,85.66999817,85.77999878,85.33000183,85.48000336,2413
2026-07-31T13:30:00+00:00,85.5,85.91999817,85.34999847,85.56999969,3456
2026-07-31T13:45:00+00:00,85.58000183,85.76999664,85.29000092,85.51999664,2589
2026-07-31T14:00:00+00:00,85.5,85.56999969,84.73999786,85.09999847,5829
2026-07-31T14:15:00+00:00,85.13999939,85.31999969,84.98999786,85.23999786,2360
2026-07-31T14:30:00+00:00,85.23000336,85.55999756,85.19000244,85.48000336,2139
2026-07-31T14:45:00+00:00,85.48000336,85.93000031,85.48000336,85.77999878,2817
2026-07-31T15:00:00+00:00,85.77999878,86,85.73999786,85.91000366,2541
2026-07-31T15:15:00+00:00,85.90000153,85.98000336,85.37000275,85.52999878,4333
2026-07-31T15:30:00+00:00,85.51999664,85.58999634,84.86000061,84.94999695,3926
2026-07-31T15:45:00+00:00,84.98000336,84.98000336,83.98999786,84.06999969,6704
2026-07-31T16:00:00+00:00,84.06999969,84.62999725,84.05999756,84.52999878,3738
2026-07-31T16:15:00+00:00,84.55000305,84.79000092,84.43000031,84.51000214,2296
2026-07-31T16:30:00+00:00,84.51999664,84.83999634,84.51999664,84.77999878,1528
2026-07-31T16:45:00+00:00,84.76999664,84.81999969,84.56999969,84.70999908,1425
2026-07-31T17:00:00+00:00,84.73000336,85.09999847,84.51999664,85.01000214,2266
2026-07-31T17:15:00+00:00,85,85.02999878,84.69999695,84.79000092,1949
2026-07-31T17:30:00+00:00,84.79000092,85.09999847,84.62000275,85.01999664,2216
2026-07-31T17:45:00+00:00,85.01999664,85.08000183,84.69000244,84.69000244,1784
2026-07-31T18:00:00+00:00,84.68000031,85.04000092,84.55000305,84.75,2426
2026-07-31T18:15:00+00:00,84.75,85.15000153,84.5,84.55999756,3087
2026-07-31T18:30:00+00:00,84.56999969,84.72000122,84.44000244,84.69000244,1951
2026-07-31T18:45:00+00:00,84.69999695,84.75,84.52999878,84.59999847,903
2026-07-31T19:00:00+00:00,84.59999847,84.73000336,84.54000092,84.65000153,556
2026-07-31T19:15:00+00:00,84.65000153,84.95999908,84.63999939,84.79000092,1239
2026-07-31T19:30:00+00:00,84.80000305,84.88999939,84.70999908,84.77999878,708
2026-07-31T19:45:00+00:00,84.77999878,84.86000061,84.72000122,84.76000214,710
2026-07-31T20:00:00+00:00,84.75,84.80000305,84.51000214,84.55999756,767
2026-07-31T20:15:00+00:00,84.55999756,84.65000153,84.45999908,84.61000061,799
2026-07-31T20:30:00+00:00,84.62999725,84.80000305,84.47000122,84.58999634,1120
2026-07-31T20:45:00+00:00,84.59999847,86.91000366,84.51999664,84.66999817,5791
2026-08-02T22:00:00+00:00,80.04000092,80.11000061,79.83000183,79.90000153,1000
2026-08-02T22:15:00+00:00,79.91999817,81.05000305,79.87999725,80.65000153,6411
2026-08-02T22:30:00+00:00,80.65000153,80.91000366,80.54000092,80.84999847,1697
2026-08-02T22:45:00+00:00,80.83000183,81.33000183,80.80000305,81.25,2235
2026-08-02T23:00:00+00:00,81.23000336,81.30000305,80.86000061,81.11000061,2194
2026-08-02T23:15:00+00:00,81.08000183,81.08999634,80.75,80.83999634,1169
2026-08-02T23:30:00+00:00,80.83999634,80.87000275,80.59999847,80.62000275,1418
2026-08-02T23:45:00+00:00,80.61000061,80.83000183,80.41000366,80.72000122,1804
2026-08-03T00:00:00+00:00,80.70999908,81.01000214,80.61000061,80.69999695,1656
2026-08-03T00:15:00+00:00,80.69999695,80.69999695,80.43000031,80.48000336,1112
2026-08-03T00:30:00+00:00,80.45999908,80.61000061,80.30000305,80.52999878,1134
2026-08-03T00:45:00+00:00,80.51000214,80.76999664,80.5,80.62000275,1029
2026-08-03T01:00:00+00:00,80.62999725,80.80000305,80.37999725,80.62999725,2553
2026-08-03T01:15:00+00:00,80.68000031,80.73000336,80.37999725,80.41000366,1013
2026-08-03T01:30:00+00:00,80.40000153,80.59999847,80.16999817,80.18000031,1761
2026-08-03T01:45:00+00:00,80.18000031,80.27999878,80.01999664,80.11000061,1682
2026-08-03T02:00:00+00:00,80.11000061,80.23000336,79.90000153,80.19000244,1641
2026-08-03T02:15:00+00:00,80.16999817,80.29000092,80.06999969,80.12999725,678
2026-08-03T02:30:00+00:00,80.13999939,80.37999725,80.04000092,80.26000214,1328
2026-08-03T02:45:00+00:00,80.25,80.26000214,79.56999969,79.70999908,2635
2026-08-03T03:00:00+00:00,79.69999695,79.97000122,79.63999939,79.87000275,1331
2026-08-03T03:15:00+00:00,79.86000061,79.94999695,79.65000153,79.90000153,1085
2026-08-03T03:30:00+00:00,79.88999939,80.15000153,79.88999939,80.12000275,1099
2026-08-03T03:45:00+00:00,80.12999725,80.16000366,79.77999878,79.79000092,812
2026-08-03T04:00:00+00:00,79.73000336,79.83999634,79.68000031,79.80999756,819
2026-08-03T04:15:00+00:00,79.79000092,79.80000305,79.58000183,79.66999817,773
2026-08-03T04:30:00+00:00,79.66000366,79.83000183,79.66000366,79.79000092,527
2026-08-03T04:45:00+00:00,79.79000092,79.79000092,79.5,79.51999664,955
2026-08-03T05:00:00+00:00,79.51999664,79.61000061,79.38999939,79.48000336,1089
2026-08-03T05:15:00+00:00,79.45999908,79.55000305,79.34999847,79.48000336,578
2026-08-03T05:30:00+00:00,79.44999695,79.65000153,79.37999725,79.62999725,878
2026-08-03T05:45:00+00:00,79.65000153,79.88999939,79.62999725,79.66000366,1062
2026-08-03T06:00:00+00:00,79.65000153,79.72000122,79.30999756,79.34999847,1208
2026-08-03T06:15:00+00:00,79.37000275,79.52999878,79.20999908,79.26000214,1363
2026-08-03T06:30:00+00:00,79.25,79.37999725,78.94999695,79.05999756,1765
2026-08-03T06:45:00+00:00,79.06999969,79.16000366,78.87999725,79.09999847,1624
2026-08-03T07:00:00+00:00,79.09999847,79.65000153,79.06999969,79.62000275,1968
2026-08-03T07:15:00+00:00,79.61000061,80.43000031,79.55999756,79.73000336,5537
2026-08-03T07:30:00+00:00,79.75,80.05999756,79.52999878,79.91000366,2543
2026-08-03T07:45:00+00:00,79.87999725,79.94000244,79.33999634,79.70999908,1612
2026-08-03T08:00:00+00:00,79.68000031,79.93000031,79.56999969,79.68000031,1379
2026-08-03T08:15:00+00:00,79.66999817,80.05999756,79.66000366,79.79000092,1718
2026-08-03T08:30:00+00:00,79.77999878,80.45999908,79.72000122,80.33000183,2347
2026-08-03T08:45:00+00:00,80.34999847,80.66000366,80.15000153,80.27999878,2192
2026-08-03T09:00:00+00:00,80.26999664,80.33000183,79.73000336,79.83999634,1846
2026-08-03T09:15:00+00:00,79.83000183,79.97000122,79.66999817,79.81999969,1164
2026-08-03T09:30:00+00:00,79.81999969,80.08000183,79.47000122,79.90000153,1838
2026-08-03T09:45:00+00:00,79.90000153,80.05000305,79.66999817,80.02999878,1507
2026-08-03T10:00:00+00:00,80.04000092,80.04000092,79.55999756,79.66000366,1224
2026-08-03T10:15:00+00:00,79.63999939,79.81999969,79.51000214,79.70999908,1616
2026-08-03T10:30:00+00:00,79.73999786,79.76000214,79.30999756,79.51999664,1281
2026-08-03T10:45:00+00:00,79.51999664,79.68000031,79.36000061,79.48999786,851
2026-08-03T11:00:00+00:00,79.5,79.61000061,79.34999847,79.59999847,977
2026-08-03T11:15:00+00:00,79.59999847,79.90000153,79.55000305,79.84999847,1343
2026-08-03T11:30:00+00:00,79.81999969,79.87999725,79.44999695,79.52999878,1168
2026-08-03T11:45:00+00:00,79.54000092,79.65000153,79.01000214,79.05000305,2346
2026-08-03T12:00:00+00:00,79.05999756,79.18000031,78.90000153,78.98000336,3274
2026-08-03T12:15:00+00:00,78.95999908,79.20999908,78.80000305,79.15000153,2704
2026-08-03T12:30:00+00:00,79.12999725,79.13999939,78.84999847,78.93000031,2183
2026-08-03T12:45:00+00:00,78.90000153,79.38999939,78.83000183,79.01000214,3697
2026-08-03T13:00:00+00:00,79.01000214,79.37000275,78.61000061,79.34999847,5754
2026-08-03T13:15:00+00:00,79.33999634,79.41000366,79.01000214,79.30000305,4668
2026-08-03T13:30:00+00:00,79.30999756,79.37999725,78.44000244,78.73999786,6360
2026-08-03T13:45:00+00:00,78.70999908,79.19999695,78.47000122,79.12000275,4009
2026-08-03T14:00:00+00:00,79.12999725,79.48000336,79.11000061,79.25,3539
2026-08-03T14:15:00+00:00,79.25,79.43000031,79.01999664,79.23000336,2270
2026-08-03T14:30:00+00:00,79.23999786,79.66999817,79.23999786,79.43000031,2963
2026-08-03T14:45:00+00:00,79.43000031,79.68000031,79.26000214,79.66000366,2489
2026-08-03T15:00:00+00:00,79.66999817,79.88999939,79.40000153,79.55000305,2901
2026-08-03T15:15:00+00:00,79.52999878,80.16999817,79.41999817,79.98999786,4560
2026-08-03T15:30:00+00:00,80,80,79.38999939,79.76999664,3092
2026-08-03T15:45:00+00:00,79.76999664,79.86000061,79.51999664,79.63999939,1688
2026-08-03T16:00:00+00:00,79.62999725,79.80000305,79.40000153,79.72000122,1864
2026-08-03T16:15:00+00:00,79.70999908,79.73999786,79.26000214,79.44999695,2317
2026-08-03T16:30:00+00:00,79.48999786,79.90000153,79.41000366,79.73000336,2212
2026-08-03T16:45:00+00:00,79.72000122,79.80999756,79.41000366,79.56999969,1363
2026-08-03T17:00:00+00:00,79.58999634,80.20999908,79.56999969,80.16000366,3170
2026-08-03T17:15:00+00:00,80.12999725,80.15000153,79.80999756,80,1826
2026-08-03T17:30:00+00:00,80,80.09999847,79.86000061,79.87000275,1043
2026-08-03T17:45:00+00:00,79.87000275,80.30999756,79.84999847,80.02999878,2099
2026-08-03T18:00:00+00:00,80,80.02999878,79.45999908,79.66999817,4350
2026-08-03T18:15:00+00:00,79.68000031,80.41000366,79.66000366,80.33000183,4338
2026-08-03T18:30:00+00:00,80.34999847,80.48999786,80.15000153,80.41999817,1985
2026-08-03T18:45:00+00:00,80.41000366,80.65000153,80.33999634,80.37999725,1809
2026-08-03T19:00:00+00:00,80.37999725,80.58999634,80.23999786,80.47000122,1458
2026-08-03T19:15:00+00:00,80.48000336,80.48000336,80.19999695,80.47000122,1013
2026-08-03T19:30:00+00:00,80.45999908,80.5,80.19999695,80.25,1055
2026-08-03T19:45:00+00:00,80.27999878,80.34999847,80.11000061,80.16000366,941
2026-08-03T20:00:00+00:00,80.13999939,80.23999786,80.05000305,80.18000031,875
2026-08-03T20:15:00+00:00,80.18000031,80.22000122,80.05000305,80.08999634,444
2026-08-03T20:30:00+00:00,80.08999634,80.08999634,79.83999634,79.94999695,881
2026-08-03T20:45:00+00:00,79.95999908,80.08999634,79.86000061,80.06999969,918
2026-08-03T22:00:00+00:00,80.06999969,80.23000336,79.94999695,79.95999908,267
2026-08-03T22:15:00+00:00,79.98000336,80.04000092,79.94999695,79.98000336,200
2026-08-03T22:30:00+00:00,79.98000336,80.08000183,79.91000366,79.94000244,400
2026-08-03T22:45:00+00:00,79.94000244,80.16000366,79.63999939,80.09999847,1318
2026-08-03T23:00:00+00:00,80.08999634,80.30999756,80.05000305,80.19000244,782
2026-08-03T23:15:00+00:00,80.19000244,80.19000244,79.80999756,79.87000275,946
2026-08-03T23:30:00+00:00,79.86000061,80.09999847,79.83999634,80.02999878,562
2026-08-03T23:45:00+00:00,80.04000092,80.34999847,80.02999878,80.26000214,1127
2026-08-04T00:00:00+00:00,80.23000336,80.72000122,80.23000336,80.62999725,2055
2026-08-04T00:15:00+00:00,80.62000275,80.84999847,80.51000214,80.62999725,1426
2026-08-04T00:30:00+00:00,80.63999939,80.84999847,80.59999847,80.72000122,947
2026-08-04T00:45:00+00:00,80.72000122,81.18000031,80.66999817,81,1842
2026-08-04T01:00:00+00:00,81.02999878,81.20999908,80.75,80.76000214,1659
2026-08-04T01:15:00+00:00,80.76999664,80.87999725,80.65000153,80.84999847,1067
2026-08-04T01:30:00+00:00,80.86000061,81.05000305,80.73000336,80.98000336,1257
2026-08-04T01:45:00+00:00,80.98999786,81.08999634,80.93000031,80.98000336,1233
2026-08-04T02:00:00+00:00,80.98999786,81.06999969,80.76000214,81.02999878,1487
2026-08-04T02:15:00+00:00,81.04000092,81.08000183,80.87000275,81.05000305,800
2026-08-04T02:30:00+00:00,81.01999664,81.26000214,80.97000122,81.13999939,1097
2026-08-04T02:45:00+00:00,81.12000275,81.19000244,81.06999969,81.16999817,666
2026-08-04T03:00:00+00:00,81.15000153,81.27999878,81.06999969,81.06999969,979
2026-08-04T03:15:00+00:00,81.05999756,81.15000153,80.94000244,80.94999695,656
2026-08-04T03:30:00+00:00,80.94999695,81.20999908,80.87999725,81.15000153,922
2026-08-04T03:45:00+00:00,81.13999939,81.23999786,81.01000214,81.19000244,573
2026-08-04T04:00:00+00:00,81.19000244,81.25,81.05000305,81.25,621
2026-08-04T04:15:00+00:00,81.25,81.26000214,81.05000305,81.08000183,491
2026-08-04T04:30:00+00:00,81.08999634,81.27999878,81.06999969,81.23000336,384
2026-08-04T04:45:00+00:00,81.25,81.29000092,81.19999695,81.22000122,482
2026-08-04T05:00:00+00:00,81.23999786,81.44000244,81.16999817,81.30999756,973
2026-08-04T05:15:00+00:00,81.30000305,81.37000275,81.25,81.34999847,535
2026-08-04T05:30:00+00:00,81.33999634,81.44999695,81.09999847,81.29000092,1409
2026-08-04T05:45:00+00:00,81.30000305,81.38999939,80.87999725,80.90000153,1460
2026-08-04T06:00:00+00:00,80.90000153,81.08000183,80.70999908,80.73999786,1435
2026-08-04T06:15:00+00:00,80.75,81.04000092,80.73999786,80.81999969,1156
2026-08-04T06:30:00+00:00,80.81999969,80.98999786,80.65000153,80.66000366,1184
2026-08-04T06:45:00+00:00,80.66000366,80.81999969,80.41000366,80.44999695,2205
2026-08-04T07:00:00+00:00,80.43000031,80.73000336,80.22000122,80.63999939,1979
2026-08-04T07:15:00+00:00,80.63999939,81.02999878,80.45999908,80.95999908,1669
2026-08-04T07:30:00+00:00,80.94000244,81.04000092,80.73999786,80.88999939,1074
2026-08-04T07:45:00+00:00,80.93000031,80.95999908,80.66999817,80.73000336,954
2026-08-04T08:00:00+00:00,80.76000214,80.97000122,80.45999908,80.76999664,1620
2026-08-04T08:15:00+00:00,80.79000092,80.94999695,80.73000336,80.77999878,1132
2026-08-04T08:30:00+00:00,80.79000092,81.76000214,80.79000092,81.63999939,4440
2026-08-04T08:45:00+00:00,81.65000153,82.26999664,81.65000153,82.11000061,3475
2026-08-04T09:00:00+00:00,82.12000275,82.34999847,82.01999664,82.23000336,1924
2026-08-04T09:15:00+00:00,82.23000336,82.30000305,82.01999664,82.05999756,1565
2026-08-04T09:30:00+00:00,82.06999969,82.18000031,81.68000031,82.05999756,2136
2026-08-04T09:45:00+00:00,82.05999756,82.33000183,81.83999634,81.83999634,1951
2026-08-04T10:00:00+00:00,81.83000183,81.90000153,81.48000336,81.86000061,2232
2026-08-04T10:15:00+00:00,81.83000183,82.04000092,81.66000366,81.98999786,1460
2026-08-04T10:30:00+00:00,81.98000336,81.98000336,81.26999664,81.51999664,2108
2026-08-04T10:45:00+00:00,81.5,81.5,80.51999664,80.83999634,6703
2026-08-04T11:00:00+00:00,80.84999847,80.98000336,80.05999756,80.25,4663
2026-08-04T11:15:00+00:00,80.23999786,80.27999878,79.62000275,79.65000153,4540
2026-08-04T11:30:00+00:00,79.62999725,80,78.5,78.55000305,7325
2026-08-04T11:45:00+00:00,78.55999756,78.79000092,76.58000183,76.68000031,16114
2026-08-04T12:00:00+00:00,76.66999817,78.01999664,76.66000366,77.98000336,10730
2026-08-04T12:15:00+00:00,77.97000122,78.13999939,77.66999817,77.87999725,5059
2026-08-04T12:30:00+00:00,77.87999725,78.12999725,77.66999817,77.93000031,3137
2026-08-04T12:45:00+00:00,77.93000031,77.98999786,77.23000336,77.5,4269
2026-08-04T13:00:00+00:00,77.51000214,77.87999725,77.40000153,77.48999786,4605
2026-08-04T13:15:00+00:00,77.5,77.69000244,76.26000214,76.45999908,14536
2026-08-04T13:30:00+00:00,76.45999908,76.62999725,75.94999695,76.34999847,9737
2026-08-04T13:45:00+00:00,76.36000061,76.41999817,75.76000214,75.97000122,5759
2026-08-04T14:00:00+00:00,75.98000336,76.41999817,75.80000305,75.98999786,6380
2026-08-04T14:15:00+00:00,76,76.47000122,75.88999939,76.47000122,3480
2026-08-04T14:30:00+00:00,76.48000336,76.87999725,76.15000153,76.83000183,6854
2026-08-04T14:45:00+00:00,76.83999634,77.01000214,76.56999969,76.88999939,3007
2026-08-04T15:00:00+00:00,76.90000153,77.05000305,76.69999695,76.87000275,3465
2026-08-04T15:15:00+00:00,76.84999847,76.84999847,76.29000092,76.31999969,3908
2026-08-04T15:30:00+00:00,76.31999969,76.41000366,75.16000366,75.37000275,11329
2026-08-04T15:45:00+00:00,75.37000275,75.86000061,75.27999878,75.73000336,3594
2026-08-04T16:00:00+00:00,75.75,76.20999908,75.70999908,76.18000031,2942
2026-08-04T16:15:00+00:00,76.19000244,76.26999664,75.83000183,76.01000214,2331
2026-08-04T16:30:00+00:00,76.02999878,76.29000092,76.01000214,76.08999634,1923
2026-08-04T16:45:00+00:00,76.08999634,76.31999969,76.01000214,76.22000122,1465
2026-08-04T17:00:00+00:00,76.22000122,76.26999664,75.58000183,75.59999847,2665
2026-08-04T17:15:00+00:00,75.61000061,76,75.58999634,75.93000031,1856
2026-08-04T17:30:00+00:00,75.94000244,76.01000214,75.56999969,75.62999725,1769
2026-08-04T17:45:00+00:00,75.62999725,75.91999817,75.62000275,75.87000275,1506
2026-08-04T18:00:00+00:00,75.88999939,75.98000336,75.68000031,75.70999908,2077
2026-08-04T18:15:00+00:00,75.73000336,75.84999847,75.54000092,75.73000336,2335
2026-08-04T18:30:00+00:00,75.73000336,75.91999817,75.62999725,75.80999756,996
2026-08-04T18:45:00+00:00,75.81999969,75.87999725,75.73999786,75.80999756,567
2026-08-04T19:00:00+00:00,75.80000305,75.87999725,75.68000031,75.80999756,849
2026-08-04T19:15:00+00:00,75.80999756,75.90000153,75.73000336,75.73000336,648
2026-08-04T19:30:00+00:00,75.73000336,75.80000305,75.66000366,75.80000305,716
2026-08-04T19:45:00+00:00,75.80999756,76.02999878,75.72000122,75.77999878,1347
2026-08-04T20:00:00+00:00,75.76999664,75.83000183,75.22000122,75.37000275,2350
2026-08-04T20:15:00+00:00,75.37999725,75.41999817,75.16999817,75.41000366,1425
2026-08-04T20:30:00+00:00,75.41000366,75.63999939,75.20999908,75.26000214,1628
2026-08-04T20:45:00+00:00,75.26000214,75.43000031,75.05999756,75.12999725,1295
2026-08-04T22:00:00+00:00,75.15000153,75.41999817,75.13999939,75.33999634,210
2026-08-04T22:15:00+00:00,75.33000183,75.41999817,75.26999664,75.30999756,276
2026-08-04T22:30:00+00:00,75.30999756,75.33000183,75.15000153,75.20999908,478
2026-08-04T22:45:00+00:00,75.23999786,75.41000366,75.22000122,75.36000061,368
2026-08-04T23:00:00+00:00,75.34999847,75.41999817,75.25,75.29000092,399
2026-08-04T23:15:00+00:00,75.25,75.25,75.08000183,75.12999725,653
2026-08-04T23:30:00+00:00,75.12999725,75.30000305,75.08999634,75.19000244,390
2026-08-04T23:45:00+00:00,75.20999908,75.30999756,75.16999817,75.23999786,506
2026-08-05T00:00:00+00:00,75.22000122,75.31999969,74.26000214,75.16000366,3853
2026-08-05T00:15:00+00:00,75.16999817,75.41999817,75.13999939,75.38999939,1077
2026-08-05T00:30:00+00:00,75.37999725,75.44999695,75.30000305,75.41999817,714
2026-08-05T00:45:00+00:00,75.41999817,75.51000214,75.31999969,75.40000153,849
2026-08-05T01:00:00+00:00,75.38999939,75.98999786,75.38999939,75.81999969,2590
2026-08-05T01:15:00+00:00,75.80999756,76.04000092,75.80000305,76.01000214,1151
2026-08-05T01:30:00+00:00,76,76.06999969,75.87999725,75.93000031,1002
2026-08-05T01:45:00+00:00,75.91999817,76.04000092,75.83000183,75.97000122,956
2026-08-05T02:00:00+00:00,75.98000336,76.02999878,75.12999725,75.19999695,3265
2026-08-05T02:15:00+00:00,75.16999817,75.33999634,74.73000336,74.86000061,2349
2026-08-05T02:30:00+00:00,74.86000061,74.91000366,74.22000122,74.27999878,3815
2026-08-05T02:45:00+00:00,74.29000092,74.77999878,74.29000092,74.73999786,1908
2026-08-05T03:00:00+00:00,74.73000336,74.77999878,74.5,74.58000183,1366
2026-08-05T03:15:00+00:00,74.58000183,74.72000122,74.43000031,74.72000122,1007
2026-08-05T03:30:00+00:00,74.69999695,74.84999847,74.44999695,74.65000153,1208
2026-08-05T03:45:00+00:00,74.63999939,74.73000336,74.56999969,74.56999969,338
2026-08-05T04:00:00+00:00,74.55999756,74.87999725,74.5,74.86000061,804
2026-08-05T04:15:00+00:00,74.86000061,75.09999847,74.84999847,74.94999695,1289
2026-08-05T04:30:00+00:00,74.94999695,75.23999786,74.88999939,75.13999939,840
2026-08-05T04:45:00+00:00,75.16999817,75.29000092,75.11000061,75.16000366,658
2026-08-05T05:00:00+00:00,75.18000031,75.37000275,75.08999634,75.23999786,618
2026-08-05T05:15:00+00:00,75.20999908,75.27999878,75.05999756,75.22000122,890
2026-08-05T05:30:00+00:00,75.22000122,75.23999786,74.73000336,75.01000214,1550
2026-08-05T05:45:00+00:00,75.02999878,75.12999725,74.80999756,75.05000305,1014
2026-08-05T06:00:00+00:00,75.05999756,75.43000031,74.94000244,75.20999908,1478
2026-08-05T06:15:00+00:00,75.23999786,75.30000305,74.94000244,75.19000244,1428
2026-08-05T06:30:00+00:00,75.18000031,75.48999786,75.12999725,75.19000244,1511
2026-08-05T06:45:00+00:00,75.16999817,75.33999634,75,75.01999664,1435
2026-08-05T07:00:00+00:00,75.01000214,75.87999725,74.88999939,75.79000092,3255
2026-08-05T07:15:00+00:00,75.76999664,76.12999725,75.59999847,76.09999847,2252
2026-08-05T07:30:00+00:00,76.08000183,76.27999878,75.94000244,76.01999664,2213
2026-08-05T07:45:00+00:00,76.01000214,76.20999908,75.86000061,76.01000214,1367
2026-08-05T08:00:00+00:00,76.01999664,76.33000183,75.75,76.26999664,2148
2026-08-05T08:15:00+00:00,76.26000214,76.30000305,75.88999939,76.01000214,1730
2026-08-05T08:30:00+00:00,76.01999664,76.33000183,75.86000061,76.15000153,1952
2026-08-05T08:45:00+00:00,76.15000153,76.40000153,76.08000183,76.23000336,1520
2026-08-05T09:00:00+00:00,76.20999908,76.30999756,75.88999939,75.90000153,1348
2026-08-05T09:15:00+00:00,75.90000153,76.40000153,75.84999847,76.26999664,1371
2026-08-05T09:30:00+00:00,76.26999664,76.37999725,76.11000061,76.23000336,995
2026-08-05T09:45:00+00:00,76.23999786,76.55000305,76.16999817,76.51000214,1352
2026-08-05T10:00:00+00:00,76.51999664,76.65000153,76.44999695,76.45999908,1247
2026-08-05T10:15:00+00:00,76.45999908,76.69999695,76.33000183,76.63999939,1461
2026-08-05T10:30:00+00:00,76.65000153,76.68000031,76.26999664,76.44000244,1692
2026-08-05T10:45:00+00:00,76.41999817,76.55000305,76.12000275,76.23000336,1381
2026-08-05T11:00:00+00:00,76.23000336,76.38999939,75.98000336,76.05000305,1474
2026-08-05T11:15:00+00:00,76.05000305,76.30999756,75.98999786,76.19999695,1128
2026-08-05T11:30:00+00:00,76.19000244,76.22000122,75.80999756,75.94999695,1968
2026-08-05T11:45:00+00:00,75.93000031,76.20999908,75.90000153,76.05999756,1418
2026-08-05T12:00:00+00:00,76.05999756,76.26999664,75.86000061,75.91000366,1646
2026-08-05T12:15:00+00:00,75.91000366,76.37999725,75.80000305,76.37000275,2896
2026-08-05T12:30:00+00:00,76.36000061,76.59999847,76.20999908,76.25,2549
2026-08-05T12:45:00+00:00,76.25,76.55999756,76.05000305,76.51000214,2284
2026-08-05T13:00:00+00:00,76.52999878,76.55000305,75.69999695,75.80999756,4227
2026-08-05T13:15:00+00:00,75.83000183,76.01999664,75.66000366,75.83999634,2425
2026-08-05T13:30:00+00:00,75.84999847,75.87999725,74.91999817,75.45999908,7058
2026-08-05T13:45:00+00:00,75.44999695,75.65000153,75.23999786,75.51000214,3680
2026-08-05T14:00:00+00:00,75.51000214,75.58999634,74.66999817,75,10226
2026-08-05T14:15:00+00:00,74.98999786,75.18000031,74.80000305,75.09999847,3243
2026-08-05T14:30:00+00:00,74.94999695,75.16999817,74.77999878,75.02999878,2738
2026-08-05T14:45:00+00:00,75.02999878,75.37000275,74.97000122,75.15000153,3152
2026-08-05T15:00:00+00:00,75.13999939,75.56999969,74.51000214,75.55999756,6254
2026-08-05T15:15:00+00:00,75.54000092,75.83000183,75,75.16000366,5379
2026-08-05T15:30:00+00:00,75.16000366,75.37000275,75.05999756,75.23999786,2616
2026-08-05T15:45:00+00:00,75.25,75.63999939,75.25,75.61000061,2752
2026-08-05T16:00:00+00:00,75.61000061,75.79000092,75.45999908,75.55000305,1959
2026-08-05T16:15:00+00:00,75.58000183,75.76000214,75.55000305,75.65000153,1480
2026-08-05T16:30:00+00:00,75.65000153,75.69000244,75.16000366,75.18000031,1842
2026-08-05T16:45:00+00:00,75.22000122,75.31999969,74.75,74.90000153,3099
2026-08-05T17:00:00+00:00,74.91000366,75.01000214,74.59999847,74.68000031,2673
2026-08-05T17:15:00+00:00,74.68000031,74.70999908,74.44999695,74.55999756,2413
2026-08-05T17:30:00+00:00,74.52999878,74.76000214,74.45999908,74.63999939,1759
2026-08-05T17:45:00+00:00,74.63999939,74.87000275,74.56999969,74.87000275,1222
2026-08-05T18:00:00+00:00,74.87999725,75.27999878,74.86000061,75.26999664,2019
2026-08-05T18:15:00+00:00,75.26999664,75.40000153,75.12000275,75.18000031,2181
2026-08-05T18:30:00+00:00,75.18000031,75.44000244,75.16999817,75.23000336,1341
2026-08-05T18:45:00+00:00,75.23000336,75.31999969,75.05000305,75.30000305,1005
2026-08-05T19:00:00+00:00,75.33000183,75.40000153,75.11000061,75.15000153,728
2026-08-05T19:15:00+00:00,75.15000153,75.31999969,75.15000153,75.26999664,626
2026-08-05T19:30:00+00:00,75.26999664,75.26999664,75.12999725,75.12999725,386
2026-08-05T19:45:00+00:00,75.13999939,75.18000031,75.01000214,75.16000366,786
2026-08-05T20:00:00+00:00,75.15000153,75.16999817,74.86000061,75.01000214,994
2026-08-05T20:15:00+00:00,75.01000214,75.11000061,74.97000122,75.08999634,453
2026-08-05T20:30:00+00:00,75.08999634,75.12000275,74.90000153,74.98999786,650
2026-08-05T20:45:00+00:00,74.98000336,75.11000061,74.94999695,75.05000305,695
2026-08-05T22:00:00+00:00,74.94000244,75.22000122,74.91000366,75.12000275,316
2026-08-05T22:15:00+00:00,75.13999939,75.19999695,75.02999878,75.11000061,274
2026-08-05T22:30:00+00:00,75.11000061,75.18000031,75.05000305,75.05999756,213
2026-08-05T22:45:00+00:00,75.05000305,75.12000275,75.01999664,75.05000305,167
2026-08-05T23:00:00+00:00,75.05000305,75.13999939,74.97000122,75,174
2026-08-05T23:15:00+00:00,74.98000336,75.08000183,74.91999817,75.06999969,206
2026-08-05T23:30:00+00:00,75.04000092,75.06999969,74.95999908,75.01000214,142
2026-08-05T23:45:00+00:00,74.98999786,75.04000092,74.83000183,74.87999725,424
2026-08-06T00:00:00+00:00,74.87999725,75.04000092,74.72000122,74.76999664,763
2026-08-06T00:15:00+00:00,74.73000336,75.02999878,74.63999939,75.01999664,1259
2026-08-06T00:30:00+00:00,75,75.16999817,74.91000366,75.04000092,1157
2026-08-06T00:45:00+00:00,75,75.01000214,74.73999786,74.93000031,794
2026-08-06T01:00:00+00:00,74.94999695,75.56999969,74.91999817,75.44999695,2358
2026-08-06T01:15:00+00:00,75.44000244,76.02999878,75.38999939,75.69999695,2945
2026-08-06T01:30:00+00:00,75.70999908,75.87999725,75.68000031,75.72000122,1515
2026-08-06T01:45:00+00:00,75.72000122,75.87999725,75.62000275,75.76000214,1261
2026-08-06T02:00:00+00:00,75.76000214,75.80999756,75.48000336,75.59999847,1191
2026-08-06T02:15:00+00:00,75.58000183,75.65000153,75.44000244,75.5,623
2026-08-06T02:30:00+00:00,75.51999664,75.69000244,75.48000336,75.54000092,566
2026-08-06T02:45:00+00:00,75.52999878,75.59999847,75.40000153,75.48000336,742
2026-08-06T03:00:00+00:00,75.48000336,75.51999664,75.34999847,75.48999786,681
2026-08-06T03:15:00+00:00,75.48999786,75.56999969,75.16999817,75.23999786,1044
2026-08-06T03:30:00+00:00,75.25,75.26000214,74.90000153,75.01000214,1284
2026-08-06T03:45:00+00:00,75.01999664,75.09999847,74.97000122,75.02999878,484
2026-08-06T04:00:00+00:00,74.91999817,74.95999908,74.73999786,74.80000305,957
2026-08-06T04:15:00+00:00,74.81999969,74.86000061,74.70999908,74.76000214,558
2026-08-06T04:30:00+00:00,74.77999878,74.81999969,74.62000275,74.80999756,695
2026-08-06T04:45:00+00:00,74.80000305,74.84999847,74.73000336,74.81999969,462
2026-08-06T05:00:00+00:00,74.80999756,74.97000122,74.79000092,74.81999969,833
2026-08-06T05:15:00+00:00,74.81999969,74.83000183,74.62000275,74.65000153,563
2026-08-06T05:30:00+00:00,74.66000366,74.97000122,74.58000183,74.90000153,1093
2026-08-06T05:45:00+00:00,74.88999939,74.94000244,74.80999756,74.87000275,469
2026-08-06T06:00:00+00:00,74.87000275,75.48000336,74.83000183,75.41000366,1856
2026-08-06T06:15:00+00:00,75.40000153,75.47000122,75.20999908,75.25,1452
2026-08-06T06:30:00+00:00,75.23999786,75.62999725,75.23000336,75.47000122,1354
2026-08-06T06:45:00+00:00,75.44999695,75.62999725,75.25,75.26999664,1288
2026-08-06T07:00:00+00:00,75.25,75.44000244,75.01999664,75.25,1684
2026-08-06T07:15:00+00:00,75.25,75.31999969,74.98000336,75.19000244,1039
2026-08-06T07:30:00+00:00,75.16999817,75.48000336,75.06999969,75.40000153,1016
2026-08-06T07:45:00+00:00,75.41999817,75.52999878,75.26000214,75.40000153,935
2026-08-06T08:00:00+00:00,75.43000031,75.66000366,75.26999664,75.65000153,1262
2026-08-06T08:15:00+00:00,75.66000366,75.80999756,75.08000183,75.15000153,2251
2026-08-06T08:30:00+00:00,75.15000153,75.31999969,74.91999817,75.08999634,2221
2026-08-06T08:45:00+00:00,75.06999969,75.22000122,74.91000366,75.18000031,975
2026-08-06T09:00:00+00:00,75.16000366,75.55000305,75.11000061,75.37999725,1460
2026-08-06T09:15:00+00:00,75.37999725,75.44999695,75.09999847,75.19000244,1236
2026-08-06T09:30:00+00:00,75.18000031,75.44999695,75.06999969,75.40000153,732
2026-08-06T09:45:00+00:00,75.41999817,75.48000336,75.11000061,75.15000153,763
2026-08-06T10:00:00+00:00,75.15000153,75.65000153,75.11000061,75.58999634,1364
2026-08-06T10:15:00+00:00,75.58999634,75.95999908,75.48999786,75.73999786,1914
2026-08-06T10:30:00+00:00,75.75,75.94000244,75.69999695,75.90000153,869
2026-08-06T10:45:00+00:00,75.91999817,76.05999756,75.79000092,75.87000275,1372
2026-08-06T11:00:00+00:00,75.88999939,76,75.73999786,75.90000153,1184
2026-08-06T11:15:00+00:00,75.91999817,75.98000336,75.81999969,75.84999847,590
2026-08-06T11:30:00+00:00,75.86000061,75.91000366,75.73999786,75.77999878,671
2026-08-06T11:45:00+00:00,75.77999878,76.22000122,75.65000153,75.69000244,2660
2026-08-06T12:00:00+00:00,75.68000031,76.18000031,75.56999969,75.86000061,2764
2026-08-06T12:15:00+00:00,75.86000061,76.33999634,75.81999969,76.20999908,1997
2026-08-06T12:30:00+00:00,76.23000336,76.41999817,76.12999725,76.27999878,1740
2026-08-06T12:45:00+00:00,76.27999878,76.34999847,76.09999847,76.22000122,1412
2026-08-06T13:00:00+00:00,76.19999695,76.91000366,76.15000153,76.63999939,4526
2026-08-06T13:15:00+00:00,76.61000061,76.62000275,76.12000275,76.18000031,2909
2026-08-06T13:30:00+00:00,76.19000244,76.27999878,75.94999695,75.98000336,2498
2026-08-06T13:45:00+00:00,76,76.26000214,75.90000153,76.12000275,2344
2026-08-06T14:00:00+00:00,76.11000061,76.23000336,75.91999817,76.15000153,1826
2026-08-06T14:15:00+00:00,76.16999817,76.47000122,76.12999725,76.40000153,1813
2026-08-06T14:30:00+00:00,76.41000366,76.52999878,76.19000244,76.41999817,2205
2026-08-06T14:45:00+00:00,76.41000366,76.76999664,76.40000153,76.56999969,2816
2026-08-06T15:00:00+00:00,76.58000183,76.87000275,76.5,76.70999908,2354
2026-08-06T15:15:00+00:00,76.72000122,77.19999695,76.72000122,76.83999634,5154
2026-08-06T15:30:00+00:00,76.83999634,77.09999847,76.76999664,76.84999847,2492
2026-08-06T15:45:00+00:00,76.83999634,78.15000153,76.83000183,77.75,9086
2026-08-06T16:00:00+00:00,77.73000336,77.95999908,77.56999969,77.86000061,3637
2026-08-06T16:15:00+00:00,77.87000275,78.05000305,77.66000366,77.66999817,3363
2026-08-06T16:30:00+00:00,77.68000031,78.06999969,77.59999847,78.05999756,2415
2026-08-06T16:45:00+00:00,78.04000092,78.08999634,77.77999878,77.87000275,1934
2026-08-06T17:00:00+00:00,77.87000275,77.87000275,77.63999939,77.75,1763
2026-08-06T17:15:00+00:00,77.75,77.90000153,77.56999969,77.63999939,1458
2026-08-06T17:30:00+00:00,77.62000275,77.70999908,77.22000122,77.36000061,2583
2026-08-06T17:45:00+00:00,77.34999847,77.41000366,77.13999939,77.31999969,1478
2026-08-06T18:00:00+00:00,77.30999756,77.5,77.11000061,77.30999756,1912
2026-08-06T18:15:00+00:00,77.29000092,77.45999908,77.18000031,77.27999878,1885
2026-08-06T18:30:00+00:00,77.27999878,77.34999847,77.13999939,77.27999878,990
2026-08-06T18:45:00+00:00,77.27999878,77.44000244,77.23000336,77.41000366,711
2026-08-06T19:00:00+00:00,77.43000031,77.69999695,77.43000031,77.58999634,1439
2026-08-06T19:15:00+00:00,77.59999847,78.33000183,77.48000336,78.15000153,3285
2026-08-06T19:30:00+00:00,78.16000366,78.30000305,77.84999847,77.94000244,2029
2026-08-06T19:45:00+00:00,77.95999908,78.06999969,77.41000366,77.69999695,2722
2026-08-06T20:00:00+00:00,77.69000244,77.84999847,77.59999847,77.76999664,1077
2026-08-06T20:15:00+00:00,77.76999664,78.18000031,77.65000153,78.08999634,1619
2026-08-06T20:30:00+00:00,78.08999634,78.29000092,77.97000122,78.15000153,1121
2026-08-06T20:45:00+00:00,78.13999939,78.52999878,78.12999725,78.25,1544
2026-08-06T22:00:00+00:00,78.19999695,78.23999786,77.80000305,78.11000061,271
2026-08-06T22:15:00+00:00,78.08000183,78.13999939,78.02999878,78.08000183,680
2026-08-06T22:30:00+00:00,78.08000183,78.16000366,78.05000305,78.11000061,235
2026-08-06T22:45:00+00:00,78.12000275,78.15000153,78.01999664,78.09999847,310
2026-08-06T23:00:00+00:00,78.11000061,78.12999725,78.05999756,78.08999634,236
2026-08-06T23:15:00+00:00,78.06999969,78.11000061,78,78.05000305,286
2026-08-06T23:30:00+00:00,78.05999756,78.11000061,78.02999878,78.05999756,265
2026-08-06T23:45:00+00:00,78.05999756,78.11000061,77.94000244,77.97000122,451
2026-08-07T00:00:00+00:00,77.97000122,78.26000214,77.90000153,78.15000153,1267
2026-08-07T00:15:00+00:00,78.15000153,78.36000061,78.12999725,78.27999878,860
2026-08-07T00:30:00+00:00,78.29000092,78.41999817,78.18000031,78.22000122,769
2026-08-07T00:45:00+00:00,78.22000122,78.23000336,77.84999847,77.93000031,1297
2026-08-07T01:00:00+00:00,77.91000366,78.02999878,77.69999695,77.81999969,1709
2026-08-07T01:15:00+00:00,77.83000183,78.04000092,77.79000092,77.83999634,836
2026-08-07T01:30:00+00:00,77.84999847,77.91999817,77.73999786,77.79000092,784
2026-08-07T01:45:00+00:00,77.80999756,78,77.80999756,77.91999817,631
2026-08-07T02:00:00+00:00,77.94999695,78.12999725,77.94000244,78.01999664,665
2026-08-07T02:15:00+00:00,78.01999664,78.16999817,77.93000031,78.11000061,657
2026-08-07T02:30:00+00:00,78.11000061,78.20999908,78.02999878,78.08999634,786
2026-08-07T02:45:00+00:00,78.08999634,78.11000061,77.97000122,78.01000214,556
2026-08-07T03:00:00+00:00,78,78.12999725,77.87999725,78.08999634,510
2026-08-07T03:15:00+00:00,78.08000183,78.26999664,78.02999878,78.06999969,833
2026-08-07T03:30:00+00:00,78.05000305,78.09999847,77.95999908,78.02999878,443
2026-08-07T03:45:00+00:00,78.01999664,78.11000061,78,78.05000305,247
2026-08-07T04:00:00+00:00,78.05000305,78.34999847,77.98000336,78.26999664,753
2026-08-07T04:15:00+00:00,78.29000092,78.70999908,78.26999664,78.66000366,2617
2026-08-07T04:30:00+00:00,78.62999725,78.76999664,78.26000214,78.47000122,1665
2026-08-07T04:45:00+00:00,78.44999695,78.51999664,78.23999786,78.33000183,730
2026-08-07T05:00:00+00:00,78.31999969,78.33999634,78.20999908,78.33000183,391
2026-08-07T05:15:00+00:00,78.33000183,78.37000275,78.23999786,78.33000183,358
2026-08-07T05:30:00+00:00,78.34999847,78.38999939,78.16000366,78.23999786,726
2026-08-07T05:45:00+00:00,78.25,78.34999847,78.05999756,78.05999756,872
2026-08-07T06:00:00+00:00,78.05999756,78.15000153,77.77999878,77.83000183,1438
2026-08-07T06:15:00+00:00,77.83000183,77.91999817,77.55999756,77.58000183,1563
2026-08-07T06:30:00+00:00,77.58000183,78.09999847,77.55000305,78.08000183,1616
2026-08-07T06:45:00+00:00,78.05999756,78.11000061,77.84999847,77.86000061,1175
2026-08-07T07:00:00+00:00,77.87000275,78.05000305,77.66000366,77.68000031,1137
2026-08-07T07:15:00+00:00,77.66000366,77.83000183,77.5,77.54000092,1171
2026-08-07T07:30:00+00:00,77.55000305,77.86000061,77.51000214,77.83000183,1147
2026-08-07T07:45:00+00:00,77.84999847,77.95999908,77.69000244,77.76000214,871
2026-08-07T08:00:00+00:00,77.76000214,77.80000305,77.44999695,77.66999817,1352
2026-08-07T08:15:00+00:00,77.68000031,77.97000122,77.65000153,77.83999634,1399
2026-08-07T08:30:00+00:00,77.84999847,78.01000214,77.58999634,77.83999634,1147
2026-08-07T08:45:00+00:00,77.86000061,78.04000092,77.69000244,77.72000122,1063
2026-08-07T09:00:00+00:00,77.73999786,77.83000183,77.52999878,77.61000061,1294
2026-08-07T09:15:00+00:00,77.59999847,77.76999664,77.51000214,77.51999664,1114
2026-08-07T09:30:00+00:00,77.52999878,77.58999634,77.08999634,77.25,2666
2026-08-07T09:45:00+00:00,77.22000122,77.37000275,77.05000305,77.26000214,1479
2026-08-07T10:00:00+00:00,77.25,77.25,76.90000153,77.02999878,1906
2026-08-07T10:15:00+00:00,77.01999664,77.31999969,77.01000214,77.09999847,1358
2026-08-07T10:30:00+00:00,77.09999847,77.09999847,76.81999969,76.87000275,1418
2026-08-07T10:45:00+00:00,76.87999725,77.01999664,76.76000214,76.83000183,1172
2026-08-07T11:00:00+00:00,76.83999634,76.98000336,76.70999908,76.98000336,1608
2026-08-07T11:15:00+00:00,76.98000336,77.08000183,76.68000031,76.77999878,1625
2026-08-07T11:30:00+00:00,76.77999878,76.84999847,76.58999634,76.70999908,1112
2026-08-07T11:45:00+00:00,76.72000122,76.76000214,76.55999756,76.75,821
2026-08-07T12:00:00+00:00,76.75,77.04000092,76.62999725,77.02999878,1307
2026-08-07T12:15:00+00:00,77.01999664,77.51999664,77,77.41000366,2698
2026-08-07T12:30:00+00:00,77.34999847,77.38999939,76.59999847,76.76000214,3326
2026-08-07T12:45:00+00:00,76.75,76.87000275,76.56999969,76.73999786,1713
2026-08-07T13:00:00+00:00,76.73000336,77.04000092,76.51000214,76.76999664,2928
2026-08-07T13:15:00+00:00,76.76999664,77.13999939,76.69999695,76.93000031,1798
2026-08-07T13:30:00+00:00,76.93000031,77.12000275,76.83999634,77.04000092,1670
2026-08-07T13:45:00+00:00,77.02999878,77.33999634,77,77.33000183,2366
2026-08-07T14:00:00+00:00,77.31999969,77.97000122,77.16999817,77.70999908,5167
2026-08-07T14:15:00+00:00,77.69999695,77.80000305,77.34999847,77.63999939,3287
2026-08-07T14:30:00+00:00,77.65000153,77.75,77.41000366,77.48999786,1622
2026-08-07T14:45:00+00:00,77.48999786,78.11000061,77.44999695,78.08000183,2964
2026-08-07T15:00:00+00:00,78.06999969,78.44000244,77.95999908,78.16999817,4261
2026-08-07T15:15:00+00:00,78.18000031,78.37000275,78.05999756,78.15000153,2759
2026-08-07T15:30:00+00:00,78.16000366,78.33999634,77.94999695,78.05999756,2256
2026-08-07T15:45:00+00:00,78.06999969,78.48999786,77.94000244,78.40000153,2088
2026-08-07T16:00:00+00:00,78.41000366,78.48999786,78.18000031,78.29000092,1644
2026-08-07T16:15:00+00:00,78.29000092,78.48999786,78.19000244,78.37999725,2263
2026-08-07T16:30:00+00:00,78.41000366,78.45999908,78.12999725,78.22000122,1311
2026-08-07T16:45:00+00:00,78.22000122,78.38999939,78.15000153,78.36000061,925
2026-08-07T17:00:00+00:00,78.36000061,78.37999725,77.97000122,77.98999786,1532
2026-08-07T17:15:00+00:00,77.98999786,78.08999634,77.86000061,77.98999786,1376
2026-08-07T17:30:00+00:00,77.98999786,78.02999878,77.73999786,77.93000031,1911
2026-08-07T17:45:00+00:00,77.93000031,78.13999939,77.91999817,78.08000183,990
2026-08-07T18:00:00+00:00,78.06999969,78.33000183,78.04000092,78.26000214,1090
2026-08-07T18:15:00+00:00,78.23999786,78.37000275,77.93000031,78.18000031,2052
2026-08-07T18:30:00+00:00,78.18000031,78.29000092,78.05000305,78.25,677
2026-08-07T18:45:00+00:00,78.23999786,78.26999664,78.01999664,78.08999634,656
2026-08-07T19:00:00+00:00,78.08999634,78.08999634,77.33000183,77.38999939,4104
2026-08-07T19:15:00+00:00,77.40000153,77.48000336,76.81999969,76.91000366,3327
2026-08-07T19:30:00+00:00,76.88999939,77.06999969,76.83000183,76.94000244,2078
2026-08-07T19:45:00+00:00,76.94000244,77.04000092,76.83000183,77.04000092,1237
2026-08-07T20:00:00+00:00,77.02999878,77.09999847,76.83000183,77.06999969,1521
2026-08-07T20:15:00+00:00,77.05000305,77.19000244,76.94000244,77.04000092,827
2026-08-07T20:30:00+00:00,77.05000305,77.19000244,77.01999664,77.16999817,604
2026-08-07T20:45:00+00:00,77.18000031,78.18000031,77.04000092,78.18000031,1776
2026-08-09T22:00:00+00:00,79.23000336,79.29000092,78.98999786,79.01999664,617
2026-08-09T22:15:00+00:00,79.01000214,79.09999847,78.76000214,78.87999725,1563
2026-08-09T22:30:00+00:00,78.88999939,78.91999817,78.55999756,78.84999847,1601
2026-08-09T22:45:00+00:00,78.84999847,78.93000031,78.76999664,78.83999634,546
2026-08-09T23:00:00+00:00,78.86000061,78.86000061,78.61000061,78.63999939,670
2026-08-09T23:15:00+00:00,78.66000366,78.80000305,78.65000153,78.76999664,444
2026-08-09T23:30:00+00:00,78.73999786,78.94000244,78.69999695,78.86000061,564
2026-08-09T23:45:00+00:00,78.83999634,78.91000366,78.72000122,78.77999878,421
2026-08-10T00:00:00+00:00,78.76999664,78.84999847,78.51000214,78.80999756,1232
2026-08-10T00:15:00+00:00,78.83000183,78.91000366,78.76999664,78.88999939,666
2026-08-10T00:30:00+00:00,78.88999939,78.97000122,78.73000336,78.83000183,772
2026-08-10T00:45:00+00:00,78.80999756,78.94000244,78.62999725,78.66000366,649
2026-08-10T01:00:00+00:00,78.65000153,79.05000305,78.16999817,78.97000122,3301
2026-08-10T01:15:00+00:00,78.98000336,79.04000092,78.77999878,78.97000122,1064
2026-08-10T01:30:00+00:00,78.98000336,79.15000153,78.94999695,79.02999878,1100
2026-08-10T01:45:00+00:00,79.02999878,79.09999847,78.80000305,78.86000061,957
2026-08-10T02:00:00+00:00,78.87000275,79,78.84999847,78.86000061,554
2026-08-10T02:15:00+00:00,78.84999847,78.90000153,78.65000153,78.69999695,723
2026-08-10T02:30:00+00:00,78.69000244,78.76999664,78.56999969,78.68000031,858
2026-08-10T02:45:00+00:00,78.66000366,78.91999817,78.63999939,78.81999969,766
2026-08-10T03:00:00+00:00,78.84999847,78.87000275,78.56999969,78.69000244,601
2026-08-10T03:15:00+00:00,78.69999695,78.70999908,78.55000305,78.63999939,452
2026-08-10T03:30:00+00:00,78.63999939,78.84999847,78.62999725,78.75,523
2026-08-10T03:45:00+00:00,78.76000214,78.86000061,78.73999786,78.76999664,227
2026-08-10T04:00:00+00:00,78.76999664,78.86000061,78.73000336,78.83000183,373
2026-08-10T04:15:00+00:00,78.83999634,78.83999634,78.68000031,78.76999664,340
2026-08-10T04:30:00+00:00,78.77999878,78.77999878,78.55999756,78.58999634,493
2026-08-10T04:45:00+00:00,78.58000183,78.59999847,78.31999969,78.44000244,1242
2026-08-10T05:00:00+00:00,78.45999908,78.61000061,78.40000153,78.51999664,604
2026-08-10T05:15:00+00:00,78.52999878,78.52999878,78.37000275,78.44999695,416
2026-08-10T05:30:00+00:00,78.45999908,78.5,78.37000275,78.38999939,462
2026-08-10T05:45:00+00:00,78.37999725,78.38999939,77.77999878,77.83999634,2113
2026-08-10T06:00:00+00:00,77.83999634,78.30999756,77.79000092,78.22000122,1688
2026-08-10T06:15:00+00:00,78.19999695,78.22000122,77.94999695,78.04000092,748
2026-08-10T06:30:00+00:00,78.04000092,78.08000183,77.83999634,78.01999664,919
2026-08-10T06:45:00+00:00,78.05999756,78.19999695,77.87999725,77.93000031,1006
2026-08-10T07:00:00+00:00,77.94000244,78.66000366,77.87999725,78.45999908,1713
2026-08-10T07:15:00+00:00,78.44999695,78.58999634,78,78.05000305,1315
2026-08-10T07:30:00+00:00,78.05999756,78.34999847,78.01000214,78.09999847,967
2026-08-10T07:45:00+00:00,78.08999634,78.34999847,77.80999756,78.19999695,1545
2026-08-10T08:00:00+00:00,78.19000244,78.37999725,78.16999817,78.27999878,636
2026-08-10T08:15:00+00:00,78.31999969,78.62000275,78.18000031,78.51999664,1463
2026-08-10T08:30:00+00:00,78.51999664,79.11000061,78.37999725,79.01000214,2611
2026-08-10T08:45:00+00:00,79.01000214,79.36000061,78.94000244,79.12000275,2018
2026-08-10T09:00:00+00:00,79.12999725,79.12999725,78.93000031,78.97000122,939
2026-08-10T09:15:00+00:00,78.95999908,79.08000183,78.65000153,78.76000214,1039
2026-08-10T09:30:00+00:00,78.77999878,79.08000183,78.68000031,79.04000092,941
2026-08-10T09:45:00+00:00,79.01999664,79.12999725,78.90000153,79.01000214,677
2026-08-10T10:00:00+00:00,79.04000092,79.04000092,78.73000336,78.84999847,757
2026-08-10T10:15:00+00:00,78.84999847,78.93000031,78.44999695,78.80999756,1312
2026-08-10T10:30:00+00:00,78.81999969,79.48999786,78.77999878,79.34999847,2276
2026-08-10T10:45:00+00:00,79.33999634,79.58000183,79.16000366,79.44000244,1427
2026-08-10T11:00:00+00:00,79.45999908,79.59999847,79.26999664,79.30000305,966
2026-08-10T11:15:00+00:00,79.30000305,79.36000061,78.97000122,79.08000183,987
2026-08-10T11:30:00+00:00,79.06999969,79.52999878,79.01000214,79.44999695,1459
2026-08-10T11:45:00+00:00,79.48000336,79.65000153,79.40000153,79.55999756,2152
2026-08-10T12:00:00+00:00,79.56999969,79.63999939,79.37000275,79.55999756,1245
2026-08-10T12:15:00+00:00,79.55000305,79.58000183,79.25,79.31999969,937
2026-08-10T12:30:00+00:00,79.30999756,79.77999878,79.30000305,79.73999786,1578
2026-08-10T12:45:00+00:00,79.75,79.97000122,79.55000305,79.73000336,2286
2026-08-10T13:00:00+00:00,79.73999786,79.73999786,79.23999786,79.47000122,3096
2026-08-10T13:15:00+00:00,79.47000122,79.69000244,79.16999817,79.65000153,2410
2026-08-10T13:30:00+00:00,79.66000366,80.18000031,79.61000061,80.06999969,5286
2026-08-10T13:45:00+00:00,80.08000183,80.98000336,80.08000183,80.84999847,8057
2026-08-10T14:00:00+00:00,80.84999847,80.90000153,80.58999634,80.73999786,3332
2026-08-10T14:15:00+00:00,80.73000336,80.75,80.27999878,80.30999756,3878
2026-08-10T14:30:00+00:00,80.33000183,80.65000153,80.27999878,80.63999939,1895
2026-08-10T14:45:00+00:00,80.63999939,80.90000153,80.52999878,80.76000214,2281
2026-08-10T15:00:00+00:00,80.76000214,81.05999756,80.63999939,80.88999939,2720
2026-08-10T15:15:00+00:00,80.87999725,81.30999756,80.80000305,81.16999817,3706
2026-08-10T15:30:00+00:00,81.18000031,81.38999939,81.01999664,81.30000305,2213
2026-08-10T15:45:00+00:00,81.30000305,81.37000275,81.01000214,81.02999878,2173
2026-08-10T16:00:00+00:00,81.04000092,81.12000275,80.83000183,81.04000092,2092
2026-08-10T16:15:00+00:00,81.04000092,81.23000336,80.94999695,81.13999939,1174
2026-08-10T16:30:00+00:00,81.13999939,81.62000275,81.05000305,81.47000122,3800
2026-08-10T16:45:00+00:00,81.48000336,81.55999756,81.31999969,81.41000366,1351
2026-08-10T17:00:00+00:00,81.43000031,81.66000366,81.41999817,81.51999664,1897
2026-08-10T17:15:00+00:00,81.51000214,81.62999725,81.44000244,81.59999847,1147
2026-08-10T17:30:00+00:00,81.59999847,81.83000183,81.51999664,81.81999969,2460
2026-08-10T17:45:00+00:00,81.80999756,81.95999908,81.72000122,81.94000244,2049
2026-08-10T18:00:00+00:00,81.94000244,81.97000122,81.75,81.80999756,1298
2026-08-10T18:15:00+00:00,81.80000305,82.33000183,81.80000305,82.16999817,4354
2026-08-10T18:30:00+00:00,82.19000244,82.30000305,82.08999634,82.12999725,1388
2026-08-10T18:45:00+00:00,82.12999725,82.12999725,81.87000275,81.87999725,1547
2026-08-10T19:00:00+00:00,81.88999939,81.91999817,81.65000153,81.76000214,2127
2026-08-10T19:15:00+00:00,81.76000214,82,81.75,81.98000336,1097
2026-08-10T19:30:00+00:00,81.97000122,82.09999847,81.94000244,82.01999664,1106
2026-08-10T19:45:00+00:00,82.02999878,82.15000153,81.98000336,82.12999725,678
2026-08-10T20:00:00+00:00,82.13999939,82.25,82.06999969,82.19000244,1059
2026-08-10T20:15:00+00:00,82.19999695,82.33999634,82.12000275,82.29000092,1028
2026-08-10T20:30:00+00:00,82.30000305,82.38999939,82.23000336,82.37000275,1113
2026-08-10T20:45:00+00:00,82.37999725,82.38999939,82.23999786,82.29000092,1224
2026-08-10T22:00:00+00:00,82.30000305,82.30999756,82.04000092,82.18000031,214
2026-08-10T22:15:00+00:00,82.19000244,82.20999908,82.01000214,82.15000153,732
2026-08-10T22:30:00+00:00,82.15000153,82.19000244,82.08000183,82.12999725,273
2026-08-10T22:45:00+00:00,82.12000275,82.15000153,82.06999969,82.12000275,133
2026-08-10T23:00:00+00:00,82.12000275,82.12999725,82.01000214,82.04000092,342
2026-08-10T23:15:00+00:00,82.04000092,82.11000061,81.97000122,82.08000183,459
2026-08-10T23:30:00+00:00,82.06999969,82.16000366,82.06999969,82.11000061,321
2026-08-10T23:45:00+00:00,82.09999847,82.19000244,82.08000183,82.11000061,277
2026-08-11T00:00:00+00:00,82.12000275,82.33000183,82.01999664,82.16999817,1534
2026-08-11T00:15:00+00:00,82.18000031,82.30000305,82.05999756,82.19000244,693
2026-08-11T00:30:00+00:00,82.19000244,82.26000214,82.13999939,82.16000366,377
2026-08-11T00:45:00+00:00,82.18000031,82.48000336,82.18000031,82.20999908,1009
2026-08-11T01:00:00+00:00,82.20999908,82.38999939,81.98000336,82.26000214,1699
2026-08-11T01:15:00+00:00,82.26000214,82.31999969,82.09999847,82.19000244,610
2026-08-11T01:30:00+00:00,82.16999817,82.55999756,82.16999817,82.41000366,1276
2026-08-11T01:45:00+00:00,82.40000153,82.5,82.34999847,82.41000366,730
2026-08-11T02:00:00+00:00,82.38999939,82.41000366,82.26999664,82.38999939,537
2026-08-11T02:15:00+00:00,82.37000275,82.44999695,82.20999908,82.27999878,525
2026-08-11T02:30:00+00:00,82.30000305,82.30000305,82.16000366,82.18000031,673
2026-08-11T02:45:00+00:00,82.19999695,82.44999695,82.16000366,82.34999847,1186
2026-08-11T03:00:00+00:00,82.34999847,82.41000366,82.23000336,82.26999664,641
2026-08-11T03:15:00+00:00,82.26999664,82.41000366,82.23000336,82.25,746
2026-08-11T03:30:00+00:00,82.23999786,82.25,82.08000183,82.12000275,609
2026-08-11T03:45:00+00:00,82.12000275,82.18000031,82.09999847,82.09999847,293
2026-08-11T04:00:00+00:00,82.08999634,82.11000061,82,82.01999664,687
2026-08-11T04:15:00+00:00,82.02999878,82.06999969,81.91999817,82.01000214,703
2026-08-11T04:30:00+00:00,82,82.26999664,81.94999695,82.26000214,773
2026-08-11T04:45:00+00:00,82.23999786,82.33000183,82.16000366,82.25,616
2026-08-11T05:00:00+00:00,82.25,82.41000366,82.22000122,82.38999939,564
2026-08-11T05:15:00+00:00,82.37999725,82.55999756,82.33999634,82.40000153,943
2026-08-11T05:30:00+00:00,82.38999939,82.54000092,82.15000153,82.26000214,1265
2026-08-11T05:45:00+00:00,82.27999878,82.51000214,82.25,82.45999908,965
2026-08-11T06:00:00+00:00,82.44999695,82.55000305,82.30999756,82.51999664,895
2026-08-11T06:15:00+00:00,82.51999664,82.81999969,82.48999786,82.80999756,1961
2026-08-11T06:30:00+00:00,82.81999969,83.66999817,82.73999786,83.61000061,4910
2026-08-11T06:45:00+00:00,83.62000275,83.72000122,83.44000244,83.44999695,2332
2026-08-11T07:00:00+00:00,83.45999908,83.63999939,83.23000336,83.59999847,2499
2026-08-11T07:15:00+00:00,83.59999847,83.98999786,83.54000092,83.70999908,2518
2026-08-11T07:30:00+00:00,83.73000336,83.95999908,83.65000153,83.65000153,1523
2026-08-11T07:45:00+00:00,83.66000366,84.05999756,83.66000366,83.95999908,1390
2026-08-11T08:00:00+00:00,83.95999908,84.26999664,83.72000122,84.19999695,1946
2026-08-11T08:15:00+00:00,84.18000031,84.44999695,84.16999817,84.34999847,1810
2026-08-11T08:30:00+00:00,84.36000061,84.47000122,84.18000031,84.20999908,1547
2026-08-11T08:45:00+00:00,84.23000336,84.55999756,84.19000244,84.52999878,1782
2026-08-11T09:00:00+00:00,84.52999878,84.63999939,84.31999969,84.55000305,1699
2026-08-11T09:15:00+00:00,84.55999756,84.58000183,84.20999908,84.20999908,1448
2026-08-11T09:30:00+00:00,84.22000122,84.44999695,83.97000122,84.44999695,2232
2026-08-11T09:45:00+00:00,84.44000244,84.44999695,84.08000183,84.23000336,928
2026-08-11T10:00:00+00:00,84.20999908,84.34999847,83.97000122,84.02999878,1162
2026-08-11T10:15:00+00:00,84.04000092,84.16000366,83.37000275,83.62000275,3165
2026-08-11T10:30:00+00:00,83.62000275,83.83000183,83.54000092,83.69000244,1806
2026-08-11T10:45:00+00:00,83.66000366,83.66999817,83.25,83.48000336,2186
2026-08-11T11:00:00+00:00,83.45999908,83.51000214,81.68000031,81.79000092,10202
2026-08-11T11:15:00+00:00,81.79000092,82.36000061,81.75,82.33000183,3612
2026-08-11T11:30:00+00:00,82.30000305,82.47000122,81.84999847,82.02999878,3047
2026-08-11T11:45:00+00:00,82.05000305,82.31999969,82,82.16000366,1330
2026-08-11T12:00:00+00:00,82.16000366,82.41999817,81.80999756,82.15000153,2789
2026-08-11T12:15:00+00:00,82.15000153,82.76999664,82.11000061,82.47000122,3947
2026-08-11T12:30:00+00:00,82.47000122,82.52999878,82.27999878,82.45999908,1581
2026-08-11T12:45:00+00:00,82.45999908,82.62999725,82.31999969,82.55999756,2217
2026-08-11T13:00:00+00:00,82.55000305,82.55999756,81.73000336,81.87000275,4961
2026-08-11T13:15:00+00:00,81.84999847,81.98999786,81.37999725,81.55999756,5017
2026-08-11T13:30:00+00:00,81.52999878,81.94999695,81.48999786,81.55000305,3266
2026-08-11T13:45:00+00:00,81.52999878,81.65000153,81.26999664,81.62000275,3060
2026-08-11T14:00:00+00:00,81.63999939,82.12999725,81.62000275,82.01000214,3702
2026-08-11T14:15:00+00:00,82.01999664,82.26999664,81.95999908,82.22000122,2902
2026-08-11T14:30:00+00:00,82.23000336,82.44999695,82.11000061,82.33000183,1960
2026-08-11T14:45:00+00:00,82.34999847,82.69999695,82.23000336,82.55999756,2889
2026-08-11T15:00:00+00:00,82.56999969,82.73000336,82.26000214,82.44000244,2965
2026-08-11T15:15:00+00:00,82.44000244,82.69999695,82.38999939,82.58999634,2183
2026-08-11T15:30:00+00:00,82.59999847,83.34999847,82.58000183,83.23000336,6905
2026-08-11T15:45:00+00:00,83.22000122,83.34999847,83.08999634,83.27999878,1572
2026-08-11T16:00:00+00:00,83.26000214,83.26999664,82.87999725,83.11000061,2247
2026-08-11T16:15:00+00:00,83.12000275,83.12999725,82.76999664,82.77999878,1616
2026-08-11T16:30:00+00:00,82.79000092,83.08999634,82.77999878,83,1576
2026-08-11T16:45:00+00:00,82.98999786,83.22000122,82.91999817,83.13999939,1337
2026-08-11T17:00:00+00:00,83.12999725,83.25,82.97000122,83.15000153,1015
2026-08-11T17:15:00+00:00,83.12999725,83.33999634,82.98000336,83.25,1255
2026-08-11T17:30:00+00:00,83.25,83.29000092,83,83.13999939,1072
2026-08-11T17:45:00+00:00,83.13999939,83.31999969,83.12000275,83.29000092,813
2026-08-11T18:00:00+00:00,83.26999664,83.38999939,82.98999786,83.01000214,1298
2026-08-11T18:15:00+00:00,83.04000092,83.26999664,82.91000366,83.16999817,1321
2026-08-11T18:30:00+00:00,83.16000366,83.29000092,83.01000214,83.15000153,884
2026-08-11T18:45:00+00:00,83.13999939,83.23999786,83.12000275,83.15000153,494
2026-08-11T19:00:00+00:00,83.16000366,83.29000092,83.12999725,83.25,572
2026-08-11T19:15:00+00:00,83.26000214,83.48999786,83.26000214,83.47000122,1196
2026-08-11T19:30:00+00:00,83.48000336,83.62000275,83.31999969,83.33999634,1539
2026-08-11T19:45:00+00:00,83.34999847,83.51999664,83.33000183,83.41999817,783
2026-08-11T20:00:00+00:00,83.41999817,83.52999878,83.27999878,83.5,1056
2026-08-11T20:15:00+00:00,83.48000336,83.48999786,83.33999634,83.37000275,343
2026-08-11T20:30:00+00:00,83.37999725,83.48999786,83.33999634,83.41999817,423
2026-08-11T20:45:00+00:00,83.45999908,83.51999664,83.19000244,83.23999786,1004
2026-08-11T22:00:00+00:00,83.5,83.55999756,83.30999756,83.51000214,355
2026-08-11T22:15:00+00:00,83.51000214,83.58000183,83.5,83.5,316
2026-08-11T22:30:00+00:00,83.51999664,83.55999756,83.47000122,83.52999878,148
2026-08-11T22:45:00+00:00,83.52999878,83.59999847,83.41999817,83.55000305,281
2026-08-11T23:00:00+00:00,83.5,83.55000305,83.47000122,83.51999664,179
2026-08-11T23:15:00+00:00,83.51000214,83.52999878,83.45999908,83.5,182
2026-08-11T23:30:00+00:00,83.48000336,83.51000214,83.44999695,83.51000214,140
2026-08-11T23:45:00+00:00,83.51000214,83.51999664,83.37000275,83.43000031,232
2026-08-12T00:00:00+00:00,83.43000031,83.76000214,83.37000275,83.59999847,1422
2026-08-12T00:15:00+00:00,83.59999847,83.79000092,83.56999969,83.73000336,757
2026-08-12T00:30:00+00:00,83.70999908,83.80999756,83.65000153,83.75,689
2026-08-12T00:45:00+00:00,83.76000214,83.94999695,83.76000214,83.80000305,1520
2026-08-12T01:00:00+00:00,83.81999969,84.01999664,83.73999786,83.83000183,1298
2026-08-12T01:15:00+00:00,83.83000183,84.01999664,83.80999756,83.91999817,838
2026-08-12T01:30:00+00:00,83.91999817,84.01999664,83.77999878,83.84999847,771
2026-08-12T01:45:00+00:00,83.83000183,83.83000183,83.68000031,83.77999878,1193
2026-08-12T02:00:00+00:00,83.77999878,83.91000366,83.77999878,83.79000092,553
2026-08-12T02:15:00+00:00,83.79000092,83.86000061,83.79000092,83.83000183,311
2026-08-12T02:30:00+00:00,83.83000183,84.02999878,83.76999664,83.98999786,1188
2026-08-12T02:45:00+00:00,84,84.15000153,83.95999908,84.05000305,906
2026-08-12T03:00:00+00:00,84.06999969,84.15000153,84.01000214,84.08000183,476
2026-08-12T03:15:00+00:00,84.08999634,84.19000244,83.93000031,84.01999664,822
2026-08-12T03:30:00+00:00,83.98999786,84.16000366,83.91000366,84.16000366,1036
2026-08-12T03:45:00+00:00,84.16999817,84.33000183,84.12999725,84.23999786,1018
2026-08-12T04:00:00+00:00,84.27999878,84.34999847,84.01999664,84.05000305,1087
2026-08-12T04:15:00+00:00,84.05999756,84.12000275,83.97000122,84,1463
2026-08-12T04:30:00+00:00,84,84.05000305,83.76000214,83.79000092,1342
2026-08-12T04:45:00+00:00,83.77999878,83.83000183,83.65000153,83.69000244,995
2026-08-12T05:00:00+00:00,83.69000244,83.94000244,83.68000031,83.87000275,894
2026-08-12T05:15:00+00:00,83.87000275,83.93000031,83.69999695,83.79000092,782
2026-08-12T05:30:00+00:00,83.77999878,83.79000092,83.51000214,83.72000122,1387
2026-08-12T05:45:00+00:00,83.69000244,84.08000183,83.62000275,84.02999878,1297
2026-08-12T06:00:00+00:00,84.04000092,84.05999756,83.83999634,83.91999817,1012
2026-08-12T06:15:00+00:00,83.94000244,84,83.73999786,83.91000366,877
2026-08-12T06:30:00+00:00,83.87999725,83.94000244,83.45999908,83.77999878,1950
2026-08-12T06:45:00+00:00,83.79000092,83.80999756,83.41999817,83.75,1392
2026-08-12T07:00:00+00:00,83.72000122,84.04000092,83.69000244,83.98999786,1558
2026-08-12T07:15:00+00:00,83.98000336,84.01999664,83.73999786,83.86000061,686
2026-08-12T07:30:00+00:00,83.86000061,83.95999908,83.76000214,83.81999969,688
2026-08-12T07:45:00+00:00,83.86000061,84.08999634,83.76999664,83.83999634,1060
2026-08-12T08:00:00+00:00,83.83999634,83.91999817,83.62999725,83.65000153,1477
2026-08-12T08:15:00+00:00,83.69999695,83.81999969,83.31999969,83.44000244,1900
2026-08-12T08:30:00+00:00,83.44999695,83.76999664,83.41000366,83.56999969,1435
2026-08-12T08:45:00+00:00,83.55999756,83.61000061,83.20999908,83.56999969,1872
2026-08-12T09:00:00+00:00,83.56999969,83.58999634,83.31999969,83.37999725,1085
2026-08-12T09:15:00+00:00,83.36000061,83.40000153,82.68000031,82.76000214,3528
2026-08-12T09:30:00+00:00,82.73999786,82.94000244,82.56999969,82.75,2194
2026-08-12T09:45:00+00:00,82.76000214,83.22000122,82.44999695,83,2979
2026-08-12T10:00:00+00:00,83.01999664,83.12999725,82.90000153,83.01000214,1167
2026-08-12T10:15:00+00:00,83.01000214,83.16999817,82.81999969,83.16999817,824
2026-08-12T10:30:00+00:00,83.13999939,83.23999786,83.01999664,83.08000183,1022
2026-08-12T10:45:00+00:00,83.11000061,83.73999786,82.98000336,83.40000153,4651
2026-08-12T11:00:00+00:00,83.38999939,83.66999817,83.25,83.40000153,1597
2026-08-12T11:15:00+00:00,83.41999817,83.56999969,83.30000305,83.41999817,636
2026-08-12T11:30:00+00:00,83.41000366,83.43000031,83.13999939,83.40000153,936
2026-08-12T11:45:00+00:00,83.41000366,83.77999878,83.40000153,83.75,1573
2026-08-12T12:00:00+00:00,83.73000336,83.80999756,83.5,83.73999786,1037
2026-08-12T12:15:00+00:00,83.73000336,83.77999878,83.59999847,83.76000214,923
2026-08-12T12:30:00+00:00,83.72000122,83.88999939,83.41999817,83.41999817,2330
2026-08-12T12:45:00+00:00,83.41999817,83.47000122,83,83,2565
2026-08-12T13:00:00+00:00,82.98999786,83.06999969,82.72000122,82.90000153,3038
2026-08-12T13:15:00+00:00,82.90000153,83.08000183,82.62000275,82.88999939,2620
2026-08-12T13:30:00+00:00,82.90000153,83.08000183,82.65000153,82.80000305,1998
2026-08-12T13:45:00+00:00,82.77999878,82.88999939,82.55000305,82.69000244,2315
2026-08-12T14:00:00+00:00,82.69999695,82.90000153,82.47000122,82.90000153,2431
2026-08-12T14:15:00+00:00,82.90000153,83.01999664,82.62000275,83,1750
2026-08-12T14:30:00+00:00,83,83.06999969,82.34999847,82.73999786,4887
2026-08-12T14:45:00+00:00,82.73999786,83.11000061,82.65000153,83,2555
2026-08-12T15:00:00+00:00,83,83.26000214,82.88999939,83.18000031,2198
2026-08-12T15:15:00+00:00,83.18000031,83.33000183,82.98000336,83.12000275,2501
2026-08-12T15:30:00+00:00,83.12000275,83.31999969,83.08999634,83.27999878,1717
2026-08-12T15:45:00+00:00,83.25,83.45999908,83.25,83.33999634,1663
2026-08-12T16:00:00+00:00,83.30999756,83.34999847,83.01000214,83.01999664,1680
2026-08-12T16:15:00+00:00,83.01000214,83.26999664,82.93000031,83.12000275,1307
2026-08-12T16:30:00+00:00,83.12999725,83.25,82.97000122,83.08000183,893
2026-08-12T16:45:00+00:00,83.06999969,83.12999725,82.86000061,82.87999725,956
2026-08-12T17:00:00+00:00,82.87999725,83.05000305,82.76000214,83,1502
2026-08-12T17:15:00+00:00,82.98999786,83.37999725,82.80999756,83.01999664,2301
2026-08-12T17:30:00+00:00,83.01000214,83.23000336,82.90000153,83.05999756,1362
2026-08-12T17:45:00+00:00,83.04000092,83.20999908,82.91999817,83.12999725,953
2026-08-12T18:00:00+00:00,83.13999939,83.16999817,82.81999969,82.91000366,1070
2026-08-12T18:15:00+00:00,82.91000366,83.40000153,82.88999939,83.37000275,2000
2026-08-12T18:30:00+00:00,83.37999725,83.40000153,83.22000122,83.25,1087
2026-08-12T18:45:00+00:00,83.23000336,83.26000214,83.13999939,83.19999695,338
2026-08-12T19:00:00+00:00,83.20999908,83.23999786,83.05000305,83.12000275,545
2026-08-12T19:15:00+00:00,83.12999725,83.15000153,83.01999664,83.06999969,347
2026-08-12T19:30:00+00:00,83.06999969,83.08000183,82.87000275,82.98999786,739
2026-08-12T19:45:00+00:00,82.97000122,83.02999878,82.94000244,82.98999786,446
2026-08-12T20:00:00+00:00,83.01000214,83.02999878,82.77999878,82.87999725,594
2026-08-12T20:15:00+00:00,82.90000153,82.91999817,82.83000183,82.87999725,221
2026-08-12T20:30:00+00:00,82.87999725,82.88999939,82.55000305,82.62000275,936
2026-08-12T20:45:00+00:00,82.62999725,82.66000366,82.51000214,82.58999634,1026
2026-08-12T22:00:00+00:00,82.72000122,82.86000061,82.61000061,82.75,305
2026-08-12T22:15:00+00:00,82.76000214,82.79000092,82.70999908,82.73000336,178
2026-08-12T22:30:00+00:00,82.73999786,82.73999786,82.66000366,82.69000244,174
2026-08-12T22:45:00+00:00,82.69000244,82.72000122,82.68000031,82.69999695,154
2026-08-12T23:00:00+00:00,82.72000122,82.75,82.69999695,82.72000122,107
2026-08-12T23:15:00+00:00,82.73000336,82.80000305,82.70999908,82.76000214,233
2026-08-12T23:30:00+00:00,82.76000214,82.80000305,82.70999908,82.73999786,121
2026-08-12T23:45:00+00:00,82.72000122,82.72000122,82.62000275,82.66000366,229
2026-08-13T00:00:00+00:00,82.65000153,82.65000153,82.19000244,82.44999695,1815
2026-08-13T00:15:00+00:00,82.44999695,82.51000214,82.27999878,82.36000061,741
2026-08-13T00:30:00+00:00,82.34999847,82.41000366,82.23999786,82.26999664,768
2026-08-13T00:45:00+00:00,82.27999878,82.33999634,82.05000305,82.08999634,985
2026-08-13T01:00:00+00:00,82.08000183,82.23000336,81.91000366,82.16000366,1826
2026-08-13T01:15:00+00:00,82.16999817,82.34999847,82.12999725,82.33999634,960
2026-08-13T01:30:00+00:00,82.34999847,82.44999695,82.25,82.26999664,776
2026-08-13T01:45:00+00:00,82.26999664,82.31999969,82.15000153,82.26000214,624
2026-08-13T02:00:00+00:00,82.25,82.31999969,82.11000061,82.12000275,458
2026-08-13T02:15:00+00:00,82.11000061,82.19000244,82.06999969,82.16000366,478
2026-08-13T02:30:00+00:00,82.16999817,82.25,82.09999847,82.23000336,621
2026-08-13T02:45:00+00:00,82.22000122,82.30999756,82.16000366,82.26999664,372
2026-08-13T03:00:00+00:00,82.26000214,82.27999878,82.01999664,82.05999756,628
2026-08-13T03:15:00+00:00,82.05999756,82.44000244,82.05999756,82.43000031,855
2026-08-13T03:30:00+00:00,82.41000366,82.62999725,82.40000153,82.41999817,976
2026-08-13T03:45:00+00:00,82.44999695,82.69000244,82.41999817,82.63999939,562
2026-08-13T04:00:00+00:00,82.61000061,82.87000275,82.61000061,82.86000061,932
2026-08-13T04:15:00+00:00,82.87000275,82.98000336,82.87000275,82.95999908,740
2026-08-13T04:30:00+00:00,82.95999908,83.01999664,82.86000061,82.91999817,686
2026-08-13T04:45:00+00:00,82.91999817,83.01000214,82.87000275,83,377
2026-08-13T05:00:00+00:00,83.01000214,83.18000031,83,83.04000092,689
2026-08-13T05:15:00+00:00,83.01000214,83.08999634,82.90000153,83.01000214,643
2026-08-13T05:30:00+00:00,82.98000336,83.22000122,82.87999725,82.93000031,1200
2026-08-13T05:45:00+00:00,82.93000031,83.23999786,82.93000031,83.11000061,779
2026-08-13T06:00:00+00:00,83.11000061,83.18000031,82.97000122,83.04000092,591
2026-08-13T06:15:00+00:00,83.04000092,83.12999725,82.94000244,83.05000305,471
2026-08-13T06:30:00+00:00,83.05999756,83.30999756,82.94999695,82.95999908,1399
2026-08-13T06:45:00+00:00,82.97000122,83.06999969,82.69000244,82.73999786,1528
2026-08-13T07:00:00+00:00,82.75,82.94999695,82.69999695,82.94000244,784
2026-08-13T07:15:00+00:00,82.93000031,83.13999939,82.55999756,82.59999847,1592
2026-08-13T07:30:00+00:00,82.58999634,82.61000061,81.80999756,81.88999939,3137
2026-08-13T07:45:00+00:00,81.86000061,82.27999878,81.86000061,82.22000122,1675
2026-08-13T08:00:00+00:00,82.20999908,82.47000122,82.04000092,82.15000153,1761
2026-08-13T08:15:00+00:00,82.15000153,82.26999664,81.83999634,82.08999634,1645
2026-08-13T08:30:00+00:00,82.08999634,82.15000153,81.63999939,81.84999847,1619
2026-08-13T08:45:00+00:00,81.83999634,81.91000366,81.72000122,81.80999756,976
2026-08-13T09:00:00+00:00,81.77999878,81.83000183,81.22000122,81.34999847,2891
2026-08-13T09:15:00+00:00,81.34999847,81.83999634,81.33999634,81.72000122,1558
2026-08-13T09:30:00+00:00,81.72000122,81.88999939,81.58000183,81.80999756,968
2026-08-13T09:45:00+00:00,81.79000092,81.87999725,81.63999939,81.87999725,631
2026-08-13T10:00:00+00:00,81.87999725,82.16999817,81.86000061,82.11000061,1519
2026-08-13T10:15:00+00:00,82.09999847,82.12999725,81.5,81.51000214,1393
2026-08-13T10:30:00+00:00,81.5,81.62000275,81.36000061,81.48999786,1343
2026-08-13T10:45:00+00:00,81.51000214,81.59999847,81.36000061,81.44000244,868
2026-08-13T11:00:00+00:00,81.47000122,81.58000183,81.25,81.43000031,997
2026-08-13T11:15:00+00:00,81.41999817,81.66999817,81.37000275,81.58999634,966
2026-08-13T11:30:00+00:00,81.58999634,81.73000336,81.43000031,81.62000275,942
2026-08-13T11:45:00+00:00,81.62000275,81.66000366,81.48000336,81.59999847,596
2026-08-13T12:00:00+00:00,81.61000061,81.65000153,81.08000183,81.52999878,3014
2026-08-13T12:15:00+00:00,81.54000092,81.65000153,81.41999817,81.51000214,1040
2026-08-13T12:30:00+00:00,81.51000214,81.58999634,81.12000275,81.27999878,1740
2026-08-13T12:45:00+00:00,81.29000092,81.34999847,81.18000031,81.22000122,951
2026-08-13T13:00:00+00:00,81.23000336,81.36000061,80.77999878,80.91999817,4885
2026-08-13T13:15:00+00:00,80.90000153,81.09999847,80.84999847,81.04000092,1686
2026-08-13T13:30:00+00:00,81.04000092,81.37000275,80.84999847,81.26999664,2742
2026-08-13T13:45:00+00:00,81.26999664,81.26999664,80.29000092,80.63999939,4899
2026-08-13T14:00:00+00:00,80.63999939,80.65000153,80.08999634,80.30999756,5153
2026-08-13T14:15:00+00:00,80.30999756,80.81999969,80.26999664,80.80000305,2971
2026-08-13T14:30:00+00:00,80.81999969,81.02999878,80.73999786,80.95999908,3335
2026-08-13T14:45:00+00:00,80.94000244,81.29000092,80.91000366,81.23000336,2352
2026-08-13T15:00:00+00:00,81.23000336,82.06999969,81.19999695,82.04000092,5329
2026-08-13T15:15:00+00:00,82.05000305,82.73999786,82,82.61000061,8886
2026-08-13T15:30:00+00:00,82.61000061,82.63999939,82.01999664,82.33999634,5095
2026-08-13T15:45:00+00:00,82.37000275,82.69999695,82.31999969,82.55000305,2541
2026-08-13T16:00:00+00:00,82.55999756,82.68000031,82.41000366,82.52999878,1778
2026-08-13T16:15:00+00:00,82.51999664,82.59999847,82.22000122,82.30000305,1674
2026-08-13T16:30:00+00:00,82.30000305,82.31999969,81.87999725,81.91999817,2422
2026-08-13T16:45:00+00:00,81.94000244,82.06999969,81.80000305,81.95999908,1676
2026-08-13T17:00:00+00:00,81.94999695,82.15000153,81.87000275,82.06999969,1326
2026-08-13T17:15:00+00:00,82.08999634,82.11000061,81.83000183,81.84999847,954
2026-08-13T17:30:00+00:00,81.86000061,82.05999756,81.83000183,82.04000092,826
2026-08-13T17:45:00+00:00,82.06999969,82.09999847,81.80000305,81.81999969,946
2026-08-13T18:00:00+00:00,81.80000305,81.80000305,81.06999969,81.22000122,3306
2026-08-13T18:15:00+00:00,81.22000122,81.59999847,81.05999756,81.16000366,2964
2026-08-13T18:30:00+00:00,81.18000031,81.20999908,80.84999847,81.01000214,2204
2026-08-13T18:45:00+00:00,81.01999664,81.23000336,80.91999817,81.15000153,917
2026-08-13T19:00:00+00:00,81.16999817,81.23999786,81.04000092,81.20999908,763
2026-08-13T19:15:00+00:00,81.22000122,81.31999969,81.15000153,81.23000336,656
2026-08-13T19:30:00+00:00,81.23000336,81.30000305,81.20999908,81.26999664,376
2026-08-13T19:45:00+00:00,81.26999664,81.33999634,81.11000061,81.27999878,718
2026-08-13T20:00:00+00:00,81.27999878,81.27999878,81.05999756,81.16000366,558
2026-08-13T20:15:00+00:00,81.16000366,81.31999969,81.12999725,81.30999756,612
2026-08-13T20:30:00+00:00,81.26999664,81.33000183,81.09999847,81.22000122,667
2026-08-13T20:45:00+00:00,81.22000122,81.23000336,81.09999847,81.19999695,613
2026-08-13T22:00:00+00:00,81.26000214,81.36000061,81.01000214,81.08999634,254
2026-08-13T22:15:00+00:00,81.08000183,81.12000275,81.04000092,81.08999634,221
2026-08-13T22:30:00+00:00,81.08000183,81.09999847,81.05999756,81.08999634,77
2026-08-13T22:45:00+00:00,81.06999969,81.12999725,81.05999756,81.09999847,180
2026-08-13T23:00:00+00:00,81.08000183,81.16999817,81.05999756,81.15000153,166
2026-08-13T23:15:00+00:00,81.16000366,81.25,81.16000366,81.23999786,322
2026-08-13T23:30:00+00:00,81.23000336,81.34999847,81.19999695,81.33000183,360
2026-08-13T23:45:00+00:00,81.31999969,81.37999725,81.26999664,81.34999847,272
2026-08-14T00:00:00+00:00,81.31999969,81.44000244,81.26000214,81.36000061,1084
2026-08-14T00:15:00+00:00,81.36000061,81.37999725,81.18000031,81.20999908,713
2026-08-14T00:30:00+00:00,81.20999908,81.26999664,81.12000275,81.12999725,393
2026-08-14T00:45:00+00:00,81.16000366,81.19999695,81.02999878,81.05999756,487
2026-08-14T01:00:00+00:00,81.05999756,81.38999939,80.98999786,81.20999908,1429
2026-08-14T01:15:00+00:00,81.20999908,81.41000366,81.12999725,81.29000092,725
2026-08-14T01:30:00+00:00,81.30999756,81.33999634,80.91000366,80.97000122,1128
2026-08-14T01:45:00+00:00,80.98999786,81.02999878,80.81999969,80.93000031,778
2026-08-14T02:00:00+00:00,80.91999817,80.95999908,80.69999695,80.91000366,1016
2026-08-14T02:15:00+00:00,80.91000366,80.98000336,80.79000092,80.83000183,442
2026-08-14T02:30:00+00:00,80.81999969,81.29000092,80.81999969,81.25,1053
2026-08-14T02:45:00+00:00,81.26000214,81.40000153,81.23999786,81.36000061,721
2026-08-14T03:00:00+00:00,81.36000061,81.37999725,81.18000031,81.30999756,446
2026-08-14T03:15:00+00:00,81.29000092,81.31999969,81.19999695,81.30000305,200
2026-08-14T03:30:00+00:00,81.33999634,81.48000336,81.31999969,81.34999847,813
2026-08-14T03:45:00+00:00,81.33999634,81.41000366,81.30000305,81.34999847,188
2026-08-14T04:00:00+00:00,81.33999634,81.44999695,81.31999969,81.33999634,275
2026-08-14T04:15:00+00:00,81.36000061,81.37000275,81.19999695,81.29000092,347
2026-08-14T04:30:00+00:00,81.30000305,81.37999725,81.27999878,81.33999634,225
2026-08-14T04:45:00+00:00,81.33000183,81.41999817,81.30000305,81.38999939,232
2026-08-14T05:00:00+00:00,81.37999725,81.44000244,81.26999664,81.29000092,377
2026-08-14T05:15:00+00:00,81.30000305,81.41999817,81.29000092,81.41000366,254
2026-08-14T05:30:00+00:00,81.41000366,81.75,81.41000366,81.62000275,1321
2026-08-14T05:45:00+00:00,81.62000275,81.98999786,81.54000092,81.95999908,1357
2026-08-14T06:00:00+00:00,81.98999786,82.08999634,81.80000305,81.87000275,1238
2026-08-14T06:15:00+00:00,81.87000275,82.23999786,81.86000061,82.19000244,954
2026-08-14T06:30:00+00:00,82.20999908,82.26999664,81.98000336,82.12999725,1196
2026-08-14T06:45:00+00:00,82.09999847,82.22000122,82.05999756,82.16999817,657
2026-08-14T07:00:00+00:00,82.16999817,82.98000336,82.16000366,82.95999908,2861
2026-08-14T07:15:00+00:00,82.95999908,82.98000336,82.63999939,82.73000336,1465
2026-08-14T07:30:00+00:00,82.73000336,82.84999847,82.68000031,82.80999756,797
2026-08-14T07:45:00+00:00,82.80000305,82.93000031,82.65000153,82.87999725,829
2026-08-14T08:00:00+00:00,82.86000061,82.97000122,82.66999817,82.83999634,1252
2026-08-14T08:15:00+00:00,82.84999847,82.87999725,82.44999695,82.52999878,1887
2026-08-14T08:30:00+00:00,82.52999878,82.72000122,82.23000336,82.55999756,2174
2026-08-14T08:45:00+00:00,82.56999969,82.62000275,82.43000031,82.55999756,747
2026-08-14T09:00:00+00:00,82.55000305,82.59999847,82.30000305,82.31999969,860
2026-08-14T09:15:00+00:00,82.33000183,82.40000153,82.08999634,82.13999939,1185
2026-08-14T09:30:00+00:00,82.15000153,82.47000122,82.01999664,82.26999664,1604
2026-08-14T09:45:00+00:00,82.29000092,82.36000061,82.02999878,82.08999634,1117
2026-08-14T10:00:00+00:00,82.09999847,82.09999847,81.76000214,81.84999847,1707
2026-08-14T10:15:00+00:00,81.83999634,81.94000244,81.72000122,81.83000183,1232
2026-08-14T10:30:00+00:00,81.83999634,81.90000153,81.68000031,81.73000336,960
2026-08-14T10:45:00+00:00,81.73999786,81.77999878,81.41000366,81.51999664,2170
2026-08-14T11:00:00+00:00,81.51999664,81.86000061,81.48000336,81.69000244,1685
2026-08-14T11:15:00+00:00,81.69999695,81.79000092,81.58000183,81.69999695,790
2026-08-14T11:30:00+00:00,81.68000031,81.73000336,81.44000244,81.51000214,877
2026-08-14T11:45:00+00:00,81.5,81.66999817,81.44000244,81.56999969,877
2026-08-14T12:00:00+00:00,81.55999756,82.18000031,81.51999664,81.90000153,2682
2026-08-14T12:15:00+00:00,81.90000153,82.06999969,81.76000214,81.77999878,1337
2026-08-14T12:30:00+00:00,81.76000214,81.80999756,81.30000305,81.34999847,2824
2026-08-14T12:45:00+00:00,81.34999847,81.37000275,81.12000275,81.12999725,1936
2026-08-14T13:00:00+00:00,81.15000153,81.45999908,81.08999634,81.40000153,2117
2026-08-14T13:15:00+00:00,81.38999939,81.51999664,81.05999756,81.29000092,2453
2026-08-14T13:30:00+00:00,81.29000092,81.29000092,80.75,80.90000153,4676
2026-08-14T13:45:00+00:00,80.88999939,81.22000122,80.81999969,81.18000031,2161
2026-08-14T14:00:00+00:00,81.18000031,81.52999878,81.12999725,81.22000122,3805
2026-08-14T14:15:00+00:00,81.19999695,81.55000305,81.15000153,81.37000275,3775
2026-08-14T14:30:00+00:00,81.37000275,81.77999878,81.37000275,81.72000122,2846
2026-08-14T14:45:00+00:00,81.69999695,81.87000275,81.33000183,81.70999908,3063
2026-08-14T15:00:00+00:00,81.70999908,81.86000061,81.54000092,81.66999817,2302
2026-08-14T15:15:00+00:00,81.66999817,81.88999939,81.33000183,81.72000122,3741
2026-08-14T15:30:00+00:00,81.73000336,81.91999817,81.5,81.59999847,2382
2026-08-14T15:45:00+00:00,81.58000183,81.76999664,81.54000092,81.66000366,1063
2026-08-14T16:00:00+00:00,81.66999817,81.83999634,81.51000214,81.70999908,1201
2026-08-14T16:15:00+00:00,81.69999695,81.98999786,81.68000031,81.94000244,1401
2026-08-14T16:30:00+00:00,81.93000031,82,81.76000214,81.98999786,1047
2026-08-14T16:45:00+00:00,81.98999786,82.02999878,81.84999847,81.91999817,1197
2026-08-14T17:00:00+00:00,81.93000031,82.29000092,81.83000183,82.20999908,1989
2026-08-14T17:15:00+00:00,82.20999908,82.27999878,82.05999756,82.16999817,1596
2026-08-14T17:30:00+00:00,82.18000031,82.30000305,82.12000275,82.29000092,1049
2026-08-14T17:45:00+00:00,82.29000092,82.40000153,82.22000122,82.29000092,1173
2026-08-14T18:00:00+00:00,82.29000092,82.31999969,82.08000183,82.23000336,1865
2026-08-14T18:15:00+00:00,82.23999786,82.44999695,82.22000122,82.40000153,1600
2026-08-14T18:30:00+00:00,82.40000153,82.66999817,82.40000153,82.51999664,1761
2026-08-14T18:45:00+00:00,82.51000214,82.52999878,82.30000305,82.40000153,778
2026-08-14T19:00:00+00:00,82.40000153,82.41000366,82.30000305,82.34999847,556
2026-08-14T19:15:00+00:00,82.33999634,82.43000031,82.19000244,82.30999756,1211
2026-08-14T19:30:00+00:00,82.31999969,82.34999847,82.25,82.30999756,343
2026-08-14T19:45:00+00:00,82.31999969,82.41000366,82.22000122,82.37999725,674
2026-08-14T20:00:00+00:00,82.38999939,82.54000092,82.25,82.43000031,942
2026-08-14T20:15:00+00:00,82.43000031,82.43000031,82.25,82.26000214,640
2026-08-14T20:30:00+00:00,82.23999786,82.41000366,82.22000122,82.34999847,628
2026-08-14T20:45:00+00:00,82.33999634,82.44999695,82.33999634,82.40000153,938
2026-08-16T22:00:00+00:00,82.62000275,82.68000031,82.58999634,82.62000275,146
2026-08-16T22:15:00+00:00,82.59999847,82.62000275,82.47000122,82.5,516
2026-08-16T22:30:00+00:00,82.51000214,82.52999878,82.25,82.30999756,705
2026-08-16T22:45:00+00:00,82.30000305,82.43000031,82.30000305,82.37999725,515
2026-08-16T23:00:00+00:00,82.37999725,82.45999908,82.31999969,82.40000153,338
2026-08-16T23:15:00+00:00,82.40000153,82.48999786,82.37999725,82.48000336,259
2026-08-16T23:30:00+00:00,82.48000336,82.51000214,82.37000275,82.40000153,338
2026-08-16T23:45:00+00:00,82.40000153,82.40000153,82.27999878,82.33000183,454
2026-08-17T00:00:00+00:00,82.31999969,82.33999634,82.08999634,82.08999634,981
2026-08-17T00:15:00+00:00,82.11000061,82.19000244,82.02999878,82.16000366,710
2026-08-17T00:30:00+00:00,82.18000031,82.30000305,82.11000061,82.16000366,544
2026-08-17T00:45:00+00:00,82.13999939,82.19000244,81.83999634,81.90000153,732
2026-08-17T01:00:00+00:00,81.90000153,82.37000275,81.72000122,82.18000031,1750
2026-08-17T01:15:00+00:00,82.16999817,82.41000366,82.06999969,82.40000153,614
2026-08-17T01:30:00+00:00,82.40000153,82.80000305,82.37999725,82.76999664,1641
2026-08-17T01:45:00+00:00,82.79000092,82.94000244,82.41000366,82.59999847,1253
2026-08-17T02:00:00+00:00,82.58999634,83.04000092,82.56999969,82.95999908,1291
2026-08-17T02:15:00+00:00,82.94000244,82.98000336,82.79000092,82.84999847,560
2026-08-17T02:30:00+00:00,82.83000183,82.95999908,82.45999908,82.55000305,1025
2026-08-17T02:45:00+00:00,82.55999756,82.66999817,82.26999664,82.41999817,1062
2026-08-17T03:00:00+00:00,82.41999817,82.45999908,82.29000092,82.33999634,428
2026-08-17T03:15:00+00:00,82.33999634,82.48000336,82.30000305,82.41999817,465
2026-08-17T03:30:00+00:00,82.47000122,82.59999847,82.47000122,82.55000305,427
2026-08-17T03:45:00+00:00,82.55999756,82.55999756,82.23000336,82.23999786,489
2026-08-17T04:00:00+00:00,82.16000366,82.19999695,81.95999908,82.08999634,1392
2026-08-17T04:15:00+00:00,82.09999847,82.34999847,82.05000305,82.33999634,517
2026-08-17T04:30:00+00:00,82.30999756,82.38999939,82.18000031,82.22000122,430
2026-08-17T04:45:00+00:00,82.22000122,82.26999664,82.12999725,82.16999817,325
2026-08-17T05:00:00+00:00,82.15000153,82.22000122,82.06999969,82.19000244,353
2026-08-17T05:15:00+00:00,82.19999695,82.20999908,82.05000305,82.11000061,399
2026-08-17T05:30:00+00:00,82.12999725,82.19999695,81.91999817,82.11000061,688
2026-08-17T05:45:00+00:00,82.12000275,82.13999939,81.76999664,81.84999847,740
2026-08-17T06:00:00+00:00,81.87000275,81.98000336,81.63999939,81.88999939,1200
2026-08-17T06:15:00+00:00,81.86000061,81.93000031,81.69000244,81.76999664,691
2026-08-17T06:30:00+00:00,81.80000305,81.87000275,81.70999908,81.80999756,417
2026-08-17T06:45:00+00:00,81.81999969,81.87999725,81.68000031,81.87000275,481
2026-08-17T07:00:00+00:00,81.84999847,81.98000336,81.69000244,81.79000092,677
2026-08-17T07:15:00+00:00,81.76999664,81.84999847,81.5,81.80999756,893
2026-08-17T07:30:00+00:00,81.83000183,82.05000305,81.56999969,81.73999786,863
2026-08-17T07:45:00+00:00,81.76999664,82.20999908,81.75,81.98000336,994
2026-08-17T08:00:00+00:00,81.94999695,82.26000214,81.81999969,82.18000031,865
2026-08-17T08:15:00+00:00,82.15000153,82.33999634,82.04000092,82.11000061,898
2026-08-17T08:30:00+00:00,82.09999847,82.33000183,82.01999664,82.19999695,803
2026-08-17T08:45:00+00:00,82.19999695,82.38999939,82.05000305,82.37999725,722
2026-08-17T09:00:00+00:00,82.37000275,82.77999878,82.34999847,82.61000061,1507
2026-08-17T09:15:00+00:00,82.58999634,82.62000275,82.33000183,82.56999969,740
2026-08-17T09:30:00+00:00,82.54000092,82.94000244,82.48999786,82.75,1033
2026-08-17T09:45:00+00:00,82.76000214,83.15000153,82.61000061,82.95999908,1846
2026-08-17T10:00:00+00:00,82.95999908,83.22000122,82.87999725,83.12999725,1241
2026-08-17T10:15:00+00:00,83.12000275,83.16000366,82,82.12999725,1792
2026-08-17T10:30:00+00:00,82.13999939,82.98999786,81.86000061,82.88999939,3070
2026-08-17T10:45:00+00:00,82.87999725,82.97000122,82.51999664,82.79000092,1761
2026-08-17T11:00:00+00:00,82.83999634,82.90000153,82.51999664,82.77999878,961
2026-08-17T11:15:00+00:00,82.75,82.77999878,82.55000305,82.62000275,593
2026-08-17T11:30:00+00:00,82.63999939,82.65000153,82.40000153,82.51000214,1070
2026-08-17T11:45:00+00:00,82.5,82.61000061,82.31999969,82.37999725,1178
2026-08-17T12:00:00+00:00,82.36000061,82.52999878,82.26999664,82.27999878,1179
2026-08-17T12:15:00+00:00,82.27999878,83.15000153,82.19999695,82.80999756,3659
2026-08-17T12:30:00+00:00,82.83000183,83.09999847,82.58000183,82.94999695,2357
2026-08-17T12:45:00+00:00,82.94999695,83.13999939,82.91000366,83.01000214,1071
2026-08-17T13:00:00+00:00,82.98000336,83.12000275,82.58999634,82.59999847,1849
2026-08-17T13:15:00+00:00,82.65000153,83.02999878,82.44000244,82.77999878,2065
2026-08-17T13:30:00+00:00,82.76999664,82.90000153,82.63999939,82.76000214,1693
2026-08-17T13:45:00+00:00,82.75,82.80000305,82.55000305,82.61000061,1265
2026-08-17T14:00:00+00:00,82.62999725,82.69999695,82.36000061,82.48999786,1874
2026-08-17T14:15:00+00:00,82.47000122,82.56999969,82.18000031,82.38999939,1829
2026-08-17T14:30:00+00:00,82.38999939,82.59999847,82.29000092,82.40000153,1433
2026-08-17T14:45:00+00:00,82.38999939,82.44999695,82.08999634,82.18000031,1729
2026-08-17T15:00:00+00:00,82.18000031,82.47000122,82.18000031,82.38999939,1537
2026-08-17T15:15:00+00:00,82.37999725,82.83000183,82.36000061,82.58999634,2779
2026-08-17T15:30:00+00:00,82.58999634,82.79000092,82.44999695,82.66000366,1820
2026-08-17T15:45:00+00:00,82.66999817,82.91999817,82.58999634,82.80999756,1278
2026-08-17T16:00:00+00:00,82.83000183,82.90000153,82.34999847,82.34999847,1484
2026-08-17T16:15:00+00:00,82.36000061,82.58999634,82.31999969,82.55999756,845
2026-08-17T16:30:00+00:00,82.56999969,82.80999756,82.56999969,82.77999878,1121
2026-08-17T16:45:00+00:00,82.76000214,82.87000275,82.72000122,82.83000183,968
2026-08-17T17:00:00+00:00,82.86000061,83.48000336,82.80000305,83.43000031,2763
2026-08-17T17:15:00+00:00,83.43000031,83.98999786,83.41000366,83.87999725,2615
2026-08-17T17:30:00+00:00,83.91000366,84.44000244,83.87000275,84.12999725,3233
2026-08-17T17:45:00+00:00,84.12999725,84.86000061,84.05999756,84.77999878,2962
2026-08-17T18:00:00+00:00,84.76999664,84.87000275,84.47000122,84.62000275,2511
2026-08-17T18:15:00+00:00,84.63999939,84.83000183,84.38999939,84.44000244,1599
2026-08-17T18:30:00+00:00,84.45999908,84.5,84.11000061,84.20999908,1842
2026-08-17T18:45:00+00:00,84.20999908,84.33999634,84.16000366,84.27999878,609
2026-08-17T19:00:00+00:00,84.25,84.48000336,84.20999908,84.31999969,776
2026-08-17T19:15:00+00:00,84.33000183,84.45999908,84.30999756,84.37999725,307
2026-08-17T19:30:00+00:00,84.40000153,84.41999817,84.23999786,84.40000153,416
2026-08-17T19:45:00+00:00,84.38999939,84.68000031,84.37000275,84.62999725,746
2026-08-17T20:00:00+00:00,84.62999725,84.76999664,84.5,84.65000153,782
2026-08-17T20:15:00+00:00,84.68000031,84.84999847,84.62999725,84.83999634,481
2026-08-17T20:30:00+00:00,84.83999634,85.04000092,84.81999969,84.93000031,1036
2026-08-17T20:45:00+00:00,84.94999695,85.01000214,84.87999725,84.94999695,615
2026-08-17T21:00:00+00:00,84.94999695,84.94999695,84.94999695,84.94999695,2
2026-08-17T22:00:00+00:00,84.90000153,85.37000275,84.81999969,85.29000092,507
2026-08-17T22:15:00+00:00,85.27999878,85.31999969,85.05999756,85.08999634,344
2026-08-17T22:30:00+00:00,85.05999756,85.16000366,85.01000214,85.11000061,177
2026-08-17T22:45:00+00:00,85.09999847,85.12999725,84.94000244,84.97000122,240
2026-08-17T23:00:00+00:00,84.98000336,85.05000305,84.95999908,85.04000092,187
2026-08-17T23:15:00+00:00,85,85.08000183,84.95999908,85.05000305,127
2026-08-17T23:30:00+00:00,85.01999664,85.04000092,84.91000366,84.93000031,204
2026-08-17T23:45:00+00:00,84.93000031,84.94999695,84.83999634,84.90000153,251
2026-08-18T00:00:00+00:00,84.90000153,85,84.83999634,84.90000153,274
2026-08-18T00:15:00+00:00,84.90000153,85.01000214,84.83999634,84.87999725,154
2026-08-18T00:30:00+00:00,84.88999939,84.94000244,84.77999878,84.81999969,399
2026-08-18T00:45:00+00:00,84.81999969,84.94999695,84.72000122,84.75,300
2026-08-18T01:00:00+00:00,84.75,85.02999878,84.61000061,84.73000336,563
2026-08-18T01:15:00+00:00,84.75,84.93000031,84.75,84.87000275,155
2026-08-18T01:30:00+00:00,84.87000275,85.15000153,84.77999878,85,302
2026-08-18T01:45:00+00:00,84.95999908,85.06999969,84.84999847,84.91999817,160
2026-08-18T02:00:00+00:00,84.91999817,85.08000183,84.91000366,84.98000336,173
2026-08-18T02:15:00+00:00,84.95999908,84.97000122,84.88999939,84.94000244,164
2026-08-18T02:30:00+00:00,84.94999695,85.09999847,84.87999725,85.04000092,170
2026-08-18T02:45:00+00:00,85.02999878,85.12000275,84.94000244,85.02999878,125
2026-08-18T03:00:00+00:00,85.04000092,85.22000122,84.97000122,85.15000153,224
2026-08-18T03:15:00+00:00,85.13999939,85.15000153,85,85.02999878,137
2026-08-18T03:30:00+00:00,85.02999878,85.19000244,85.01999664,85.02999878,164
2026-08-18T03:45:00+00:00,85.06999969,85.26000214,85.05999756,85.23999786,208
2026-08-18T04:00:00+00:00,85.27999878,85.37999725,85.20999908,85.25,285
2026-08-18T04:15:00+00:00,85.25,85.26999664,85.12000275,85.19000244,287
2026-08-18T04:30:00+00:00,85.20999908,85.25,85.13999939,85.15000153,127
2026-08-18T04:45:00+00:00,85.12999725,85.16999817,85.11000061,85.15000153,65
2026-08-18T05:00:00+00:00,85.16999817,85.27999878,85.16999817,85.22000122,105
2026-08-18T05:15:00+00:00,85.22000122,85.37000275,85.19000244,85.23000336,251
2026-08-18T05:30:00+00:00,85.23000336,85.33000183,85.05000305,85.13999939,214
2026-08-18T05:45:00+00:00,85.12999725,85.16000366,84.95999908,85.12000275,202
2026-08-18T06:00:00+00:00,85.13999939,85.54000092,85.13999939,85.37000275,485
2026-08-18T06:15:00+00:00,85.37999725,85.54000092,85.31999969,85.45999908,220
2026-08-18T06:30:00+00:00,85.48000336,85.69000244,85.44000244,85.55999756,264
2026-08-18T06:45:00+00:00,85.52999878,85.56999969,85.16999817,85.19999695,296
2026-08-18T07:00:00+00:00,85.16999817,85.33999634,84.94999695,85.09999847,351
2026-08-18T07:15:00+00:00,85.05999756,85.08999634,84.83000183,84.90000153,260
2026-08-18T07:30:00+00:00,84.87000275,85.05000305,84.05999756,84.26999664,18469
2026-08-18T07:45:00+00:00,84.26999664,84.44000244,84.19999695,84.37000275,834
2026-08-18T08:00:00+00:00,84.36000061,84.66000366,84.26999664,84.34999847,1082
2026-08-18T08:15:00+00:00,84.36000061,84.56999969,84.27999878,84.33999634,1080
2026-08-18T08:30:00+00:00,84.34999847,84.44000244,84,84.06999969,1262
2026-08-18T08:45:00+00:00,84.05999756,84.37000275,84.04000092,84.12000275,706
2026-08-18T09:00:00+00:00,84.12000275,84.20999908,84.01999664,84.12000275,489
2026-08-18T09:15:00+00:00,84.12999725,84.26000214,84.04000092,84.20999908,562
2026-08-18T09:30:00+00:00,84.16999817,84.26999664,83.98999786,84.08999634,609
2026-08-18T09:45:00+00:00,84.08000183,84.29000092,83.91000366,84.04000092,868
2026-08-18T10:00:00+00:00,84.04000092,84.27999878,83.95999908,84.18000031,634
2026-08-18T10:15:00+00:00,84.16999817,84.40000153,84.16000366,84.19999695,747
2026-08-18T10:30:00+00:00,84.23999786,84.26000214,83.86000061,83.91000366,1210
2026-08-18T10:45:00+00:00,83.91999817,84.06999969,83.87000275,83.98000336,887
2026-08-18T11:00:00+00:00,83.98000336,84.01999664,83.84999847,83.98999786,643
2026-08-18T11:15:00+00:00,83.98999786,84.15000153,83.93000031,84.01999664,610
2026-08-18T11:30:00+00:00,84.04000092,84.13999939,83.93000031,84,572
2026-08-18T11:45:00+00:00,84.04000092,84.23999786,83.98999786,84.15000153,632
2026-08-18T12:00:00+00:00,84.13999939,84.44000244,83.98000336,84.34999847,1706
2026-08-18T12:15:00+00:00,84.36000061,84.44999695,84.23000336,84.26999664,1040
2026-08-18T12:30:00+00:00,84.26000214,84.43000031,84.13999939,84.37000275,1108
2026-08-18T12:45:00+00:00,84.37000275,84.41999817,84.26000214,84.36000061,756
2026-08-18T13:00:00+00:00,84.37000275,84.56999969,84.29000092,84.33999634,1838
2026-08-18T13:15:00+00:00,84.31999969,84.83999634,84.31999969,84.72000122,2286
2026-08-18T13:30:00+00:00,84.70999908,85.12999725,84.20999908,84.30999756,4830
2026-08-18T13:45:00+00:00,84.31999969,84.62000275,84.04000092,84.55999756,2890
2026-08-18T14:00:00+00:00,84.56999969,84.61000061,84.06999969,84.13999939,2316
2026-08-18T14:15:00+00:00,84.12000275,84.19000244,83.90000153,83.94000244,2203
2026-08-18T14:30:00+00:00,83.94999695,84.12999725,83.76999664,84.02999878,2160
2026-08-18T14:45:00+00:00,84.01000214,84.54000092,83.87000275,84.52999878,4451
2026-08-18T15:00:00+00:00,84.51000214,84.54000092,84.05000305,84.20999908,2708
2026-08-18T15:15:00+00:00,84.23999786,84.81999969,84.23000336,84.79000092,3792
2026-08-18T15:30:00+00:00,84.80000305,85.01000214,84.66000366,84.86000061,3896
2026-08-18T15:45:00+00:00,84.86000061,84.90000153,84.55000305,84.73999786,1588
2026-08-18T16:00:00+00:00,84.73000336,84.73000336,84.34999847,84.41999817,1560
2026-08-18T16:15:00+00:00,84.41999817,84.54000092,84.19999695,84.44000244,1836
2026-08-18T16:30:00+00:00,84.47000122,84.61000061,84.31999969,84.37000275,1749
2026-08-18T16:45:00+00:00,84.37000275,84.38999939,84.08999634,84.20999908,1266
2026-08-18T17:00:00+00:00,84.22000122,84.30999756,84.12999725,84.30000305,818
2026-08-18T17:15:00+00:00,84.30000305,84.36000061,84.01999664,84.19999695,1573
2026-08-18T17:30:00+00:00,84.18000031,84.31999969,84.12000275,84.20999908,494
2026-08-18T17:45:00+00:00,84.19999695,84.19999695,84.02999878,84.04000092,533
2026-08-18T18:00:00+00:00,84.05000305,84.18000031,83.93000031,83.97000122,952
2026-08-18T18:15:00+00:00,83.98000336,84.23000336,83.91999817,84,1062
2026-08-18T18:30:00+00:00,83.98000336,84.13999939,83.91999817,84.11000061,544
2026-08-18T18:45:00+00:00,84.09999847,84.16000366,84.05999756,84.06999969,399
2026-08-18T19:00:00+00:00,84.06999969,84.20999908,84.06999969,84.13999939,330
2026-08-18T19:15:00+00:00,84.12999725,84.12999725,84.02999878,84.08999634,404
2026-08-18T19:30:00+00:00,84.08999634,84.08999634,84.01000214,84.05999756,244
2026-08-18T19:45:00+00:00,84.04000092,84.16999817,84.04000092,84.08999634,327
2026-08-18T20:00:00+00:00,84.08000183,84.25,84.05000305,84.23000336,427
2026-08-18T20:15:00+00:00,84.23000336,84.26000214,84.19999695,84.23999786,409
2026-08-18T20:30:00+00:00,84.20999908,84.44000244,84.19999695,84.41999817,917
2026-08-18T20:45:00+00:00,84.41999817,84.52999878,84.33999634,84.37999725,912
2026-08-18T22:00:00+00:00,84.5,84.56999969,84.41999817,84.52999878,396
2026-08-18T22:15:00+00:00,84.51999664,84.54000092,84.36000061,84.45999908,396
2026-08-18T22:30:00+00:00,84.45999908,84.55000305,84.41000366,84.47000122,308
2026-08-18T22:45:00+00:00,84.48999786,84.51000214,84.43000031,84.44999695,170
2026-08-18T23:00:00+00:00,84.47000122,84.52999878,84.44999695,84.48999786,220
2026-08-18T23:15:00+00:00,84.48000336,84.51000214,84.45999908,84.48999786,171
2026-08-18T23:30:00+00:00,84.48000336,84.55000305,84.45999908,84.48999786,293
2026-08-18T23:45:00+00:00,84.48999786,84.55000305,84.48999786,84.51999664,344
2026-08-19T00:00:00+00:00,84.51000214,84.52999878,84.34999847,84.5,813
2026-08-19T00:15:00+00:00,84.5,84.86000061,84.48999786,84.80999756,1174
2026-08-19T00:30:00+00:00,84.80999756,84.94999695,84.61000061,84.72000122,1549
2026-08-19T00:45:00+00:00,84.73999786,84.79000092,84.62000275,84.73999786,568
2026-08-19T01:00:00+00:00,84.76000214,84.97000122,84.70999908,84.87000275,1348
2026-08-19T01:15:00+00:00,84.86000061,85.05999756,84.75,84.91999817,1547
2026-08-19T01:30:00+00:00,84.90000153,84.98000336,84.76999664,84.87000275,942
2026-08-19T01:45:00+00:00,84.91000366,85.13999939,84.88999939,85,1339
2026-08-19T02:00:00+00:00,85.01000214,85.08999634,84.84999847,84.94000244,1134
2026-08-19T02:15:00+00:00,84.94000244,85.01999664,84.83000183,84.84999847,555
2026-08-19T02:30:00+00:00,84.83000183,84.94999695,84.65000153,84.75,1178
2026-08-19T02:45:00+00:00,84.73999786,84.84999847,84.65000153,84.73999786,626
2026-08-19T03:00:00+00:00,84.75,84.91000366,84.72000122,84.83000183,521
2026-08-19T03:15:00+00:00,84.83999634,84.84999847,84.70999908,84.77999878,486
2026-08-19T03:30:00+00:00,84.80000305,84.80000305,84.58999634,84.63999939,703
2026-08-19T03:45:00+00:00,84.63999939,84.73999786,84.62000275,84.68000031,340
2026-08-19T04:00:00+00:00,84.69999695,84.87000275,84.69999695,84.80999756,473
2026-08-19T04:15:00+00:00,84.80000305,84.80999756,84.65000153,84.69999695,450
2026-08-19T04:30:00+00:00,84.69999695,84.75,84.63999939,84.66000366,318
2026-08-19T04:45:00+00:00,84.66000366,84.69999695,84.52999878,84.62000275,484
2026-08-19T05:00:00+00:00,84.61000061,84.68000031,84.55000305,84.58000183,531
2026-08-19T05:15:00+00:00,84.58000183,84.68000031,84.54000092,84.59999847,712
2026-08-19T05:30:00+00:00,84.59999847,84.75,84.52999878,84.73000336,755
2026-08-19T05:45:00+00:00,84.73999786,84.79000092,84.65000153,84.79000092,498
2026-08-19T06:00:00+00:00,84.79000092,85.02999878,84.73999786,84.77999878,1200
2026-08-19T06:15:00+00:00,84.77999878,84.77999878,84.54000092,84.56999969,1105
2026-08-19T06:30:00+00:00,84.58000183,84.75,84.41000366,84.59999847,1625
2026-08-19T06:45:00+00:00,84.59999847,84.69999695,84.51999664,84.55999756,681
2026-08-19T07:00:00+00:00,84.55999756,84.83999634,84.55999756,84.73999786,911
2026-08-19T07:15:00+00:00,84.75,84.97000122,84.43000031,84.48999786,1393
2026-08-19T07:30:00+00:00,84.5,84.58000183,84.30000305,84.37999725,1299
2026-08-19T07:45:00+00:00,84.38999939,84.73000336,84.36000061,84.69000244,849
2026-08-19T08:00:00+00:00,84.69999695,84.73999786,84.52999878,84.62999725,634
2026-08-19T08:15:00+00:00,84.62999725,84.69000244,84.23999786,84.26000214,2043
2026-08-19T08:30:00+00:00,84.26000214,84.48000336,84.26000214,84.37000275,1010
2026-08-19T08:45:00+00:00,84.37999725,85.05000305,84.37999725,85,2837
2026-08-19T09:00:00+00:00,84.98999786,85.41000366,84.80999756,85.23999786,3768
2026-08-19T09:15:00+00:00,85.26999664,85.34999847,84.86000061,84.91999817,1744
2026-08-19T09:30:00+00:00,84.91999817,85.05000305,84.68000031,85,1956
2026-08-19T09:45:00+00:00,85.01000214,85.08000183,84.72000122,85.01999664,1062
2026-08-19T10:00:00+00:00,85.01999664,85.06999969,84.87000275,85.05000305,842
2026-08-19T10:15:00+00:00,85.04000092,85.16000366,84.88999939,85.13999939,1056
2026-08-19T10:30:00+00:00,85.13999939,85.23999786,85,85,1010
2026-08-19T10:45:00+00:00,85.01000214,85.02999878,84.87000275,84.91999817,885
2026-08-19T11:00:00+00:00,84.91000366,85,84.77999878,84.83000183,937
2026-08-19T11:15:00+00:00,84.83999634,84.88999939,84.61000061,84.68000031,1482
2026-08-19T11:30:00+00:00,84.69000244,84.98000336,84.66999817,84.84999847,872
2026-08-19T11:45:00+00:00,84.87999725,84.88999939,84.55000305,84.65000153,1224
2026-08-19T12:00:00+00:00,84.66999817,84.73000336,84.5,84.62000275,1390
2026-08-19T12:15:00+00:00,84.63999939,84.69999695,84.26999664,84.38999939,2338
2026-08-19T12:30:00+00:00,84.41000366,84.48999786,83.44000244,83.97000122,7616
2026-08-19T12:45:00+00:00,83.97000122,84.09999847,83.63999939,83.97000122,3681
2026-08-19T13:00:00+00:00,83.97000122,84.48000336,83.94000244,84.23999786,4785
2026-08-19T13:15:00+00:00,84.26000214,84.55999756,84.15000153,84.43000031,2280
2026-08-19T13:30:00+00:00,84.44000244,84.59999847,84.23999786,84.41000366,2144
2026-08-19T13:45:00+00:00,84.43000031,84.69999695,84.43000031,84.52999878,1946
2026-08-19T14:00:00+00:00,84.54000092,84.80999756,84.37000275,84.70999908,2799
2026-08-19T14:15:00+00:00,84.70999908,84.84999847,84.62999725,84.81999969,1826
2026-08-19T14:30:00+00:00,84.84999847,85.01999664,84.55000305,84.77999878,4256
2026-08-19T14:45:00+00:00,84.79000092,85.12000275,84.73999786,84.88999939,2670
2026-08-19T15:00:00+00:00,84.88999939,85.33000183,84.83000183,85.16000366,3363
2026-08-19T15:15:00+00:00,85.16000366,85.48999786,85.15000153,85.31999969,3384
2026-08-19T15:30:00+00:00,85.33000183,85.40000153,85.19000244,85.20999908,2090
2026-08-19T15:45:00+00:00,85.22000122,85.33000183,85.01999664,85.23000336,2244
2026-08-19T16:00:00+00:00,85.23999786,85.54000092,85.22000122,85.5,2355
2026-08-19T16:15:00+00:00,85.5,85.58000183,85.25,85.31999969,1657
2026-08-19T16:30:00+00:00,85.30999756,85.55999756,85.23999786,85.41000366,1426
2026-08-19T16:45:00+00:00,85.44000244,85.66000366,85.37000275,85.59999847,1876
2026-08-19T17:00:00+00:00,85.59999847,85.83000183,85.52999878,85.61000061,2611
2026-08-19T17:15:00+00:00,85.61000061,85.68000031,85.30000305,85.37000275,2155
2026-08-19T17:30:00+00:00,85.37000275,85.41999817,84.83999634,85.05999756,2469
2026-08-19T17:45:00+00:00,85.04000092,85.16000366,84.95999908,85.13999939,1473
2026-08-19T18:00:00+00:00,85.13999939,85.29000092,84.77999878,84.84999847,2129
2026-08-19T18:15:00+00:00,84.83999634,84.84999847,84.25,84.26000214,3524
2026-08-19T18:30:00+00:00,84.26999664,84.41999817,84.16000366,84.19000244,2496
2026-08-19T18:45:00+00:00,84.16999817,84.41000366,84.15000153,84.34999847,1706
2026-08-19T19:00:00+00:00,84.36000061,84.37999725,84.19999695,84.33000183,843
2026-08-19T19:15:00+00:00,84.33999634,84.40000153,83.93000031,84.01999664,2287
2026-08-19T19:30:00+00:00,84,84.08999634,83.94000244,83.98999786,1144
2026-08-19T19:45:00+00:00,83.98000336,84.31999969,83.97000122,84.26000214,1127
2026-08-19T20:00:00+00:00,84.27999878,84.29000092,84.16999817,84.19000244,505
2026-08-19T20:15:00+00:00,84.19999695,84.33000183,84.18000031,84.31999969,528
2026-08-19T20:30:00+00:00,84.30000305,84.37999725,84.20999908,84.33999634,477
2026-08-19T20:45:00+00:00,84.33000183,84.48999786,84.22000122,84.41000366,1056
2026-08-19T22:00:00+00:00,84.41000366,84.66999817,84.31999969,84.41000366,511
2026-08-19T22:15:00+00:00,84.41000366,84.44000244,84.30000305,84.37000275,406
2026-08-19T22:30:00+00:00,84.36000061,84.37999725,84.25,84.31999969,352
2026-08-19T22:45:00+00:00,84.30000305,84.59999847,84.25,84.54000092,677
2026-08-19T23:00:00+00:00,84.48999786,84.69999695,84.41000366,84.54000092,915
2026-08-19T23:15:00+00:00,84.52999878,84.59999847,84.48999786,84.51999664,403
2026-08-19T23:30:00+00:00,84.52999878,84.55000305,84.26999664,84.30999756,527
2026-08-19T23:45:00+00:00,84.33000183,84.40000153,84.27999878,84.30000305,292
2026-08-20T00:00:00+00:00,84.30999756,84.58999634,84.22000122,84.55000305,1062
2026-08-20T00:15:00+00:00,84.52999878,84.56999969,84.41000366,84.55999756,509
2026-08-20T00:30:00+00:00,84.55999756,84.59999847,84.48000336,84.55999756,295
2026-08-20T00:45:00+00:00,84.55999756,84.65000153,84.55000305,84.61000061,468
2026-08-20T01:00:00+00:00,84.62000275,84.90000153,84.58000183,84.83999634,1688
2026-08-20T01:15:00+00:00,84.86000061,84.91999817,84.58000183,84.59999847,1049
2026-08-20T01:30:00+00:00,84.59999847,84.77999878,84.45999908,84.69999695,1028
2026-08-20T01:45:00+00:00,84.69000244,84.83000183,84.62000275,84.77999878,421
2026-08-20T02:00:00+00:00,84.77999878,84.81999969,84.59999847,84.65000153,723
2026-08-20T02:15:00+00:00,84.65000153,84.69000244,84.54000092,84.59999847,504
2026-08-20T02:30:00+00:00,84.59999847,84.59999847,84.31999969,84.44999695,1299
2026-08-20T02:45:00+00:00,84.44000244,84.66999817,84.29000092,84.45999908,1407
2026-08-20T03:00:00+00:00,84.45999908,84.52999878,84.37000275,84.41999817,476
2026-08-20T03:15:00+00:00,84.44000244,84.45999908,84.33999634,84.34999847,502
2026-08-20T03:30:00+00:00,84.34999847,84.52999878,84.33999634,84.51999664,478
2026-08-20T03:45:00+00:00,84.51999664,84.62999725,84.44999695,84.5,262
2026-08-20T04:00:00+00:00,84.48000336,84.61000061,84.43000031,84.56999969,230
2026-08-20T04:15:00+00:00,84.55999756,84.62000275,84.54000092,84.61000061,124
2026-08-20T04:30:00+00:00,84.59999847,84.66000366,84.51999664,84.55999756,240
2026-08-20T04:45:00+00:00,84.55999756,84.56999969,84.36000061,84.48000336,461
2026-08-20T05:00:00+00:00,84.47000122,84.48000336,84.41000366,84.41000366,234
2026-08-20T05:15:00+00:00,84.40000153,84.5,84.31999969,84.36000061,456
2026-08-20T05:30:00+00:00,84.36000061,84.52999878,84.33999634,84.51999664,443
2026-08-20T05:45:00+00:00,84.52999878,84.69000244,84.51999664,84.55000305,658
2026-08-20T06:00:00+00:00,84.54000092,84.58999634,84.43000031,84.51999664,552
2026-08-20T06:15:00+00:00,84.5,84.69000244,84.48000336,84.69000244,578
2026-08-20T06:30:00+00:00,84.69000244,84.80999756,84.58999634,84.75,860
2026-08-20T06:45:00+00:00,84.73999786,84.91999817,84.73999786,84.90000153,767
2026-08-20T07:00:00+00:00,84.91000366,85.22000122,84.91000366,85.20999908,1891
2026-08-20T07:15:00+00:00,85.18000031,85.59999847,85.09999847,85.58000183,2467
2026-08-20T07:30:00+00:00,85.59999847,85.87000275,85.5,85.72000122,2584
2026-08-20T07:45:00+00:00,85.69999695,85.77999878,85.58000183,85.62000275,896
2026-08-20T08:00:00+00:00,85.62000275,85.62999725,85.25,85.54000092,1792
2026-08-20T08:15:00+00:00,85.54000092,86.23999786,85.51000214,86.11000061,3237
2026-08-20T08:30:00+00:00,86.12999725,86.37999725,86.08999634,86.31999969,2062
2026-08-20T08:45:00+00:00,86.30999756,86.47000122,86.25,86.37000275,1406
2026-08-20T09:00:00+00:00,86.36000061,86.58999634,86.26000214,86.52999878,1632
2026-08-20T09:15:00+00:00,86.55000305,86.59999847,86.37999725,86.55000305,1253
2026-08-20T09:30:00+00:00,86.56999969,86.59999847,86.26999664,86.29000092,1036
2026-08-20T09:45:00+00:00,86.30000305,86.81999969,86.26000214,86.76999664,1762
2026-08-20T10:00:00+00:00,86.76999664,86.83999634,86.44999695,86.65000153,1652
2026-08-20T10:15:00+00:00,86.65000153,86.73000336,86.54000092,86.58000183,556
2026-08-20T10:30:00+00:00,86.59999847,86.75,86.5,86.62999725,1038
2026-08-20T10:45:00+00:00,86.65000153,86.79000092,86.61000061,86.72000122,716
2026-08-20T11:00:00+00:00,86.73999786,86.94999695,86.68000031,86.87999725,1216
2026-08-20T11:15:00+00:00,86.87999725,87.08999634,86.84999847,87.05000305,1384
2026-08-20T11:30:00+00:00,87.05000305,87.23999786,87.04000092,87.11000061,1396
2026-08-20T11:45:00+00:00,87.08000183,87.25,86.97000122,87.23000336,1490
2026-08-20T12:00:00+00:00,87.23000336,87.5,87.16999817,87.44999695,1927
2026-08-20T12:15:00+00:00,87.44999695,87.69000244,87.41999817,87.56999969,3088
2026-08-20T12:30:00+00:00,87.58000183,87.58999634,86.97000122,87.12999725,3276
2026-08-20T12:45:00+00:00,87.12999725,87.15000153,86.66000366,86.68000031,3605
2026-08-20T13:00:00+00:00,86.69000244,86.88999939,86.48000336,86.61000061,3668
2026-08-20T13:15:00+00:00,86.58999634,86.76999664,86.31999969,86.66999817,3486
2026-08-20T13:30:00+00:00,86.66999817,87,86.56999969,86.62000275,3696
2026-08-20T13:45:00+00:00,86.62000275,86.63999939,86.19999695,86.5,2949
2026-08-20T14:00:00+00:00,86.51000214,86.76999664,86.37000275,86.44999695,2774
2026-08-20T14:15:00+00:00,86.48000336,86.5,85.69000244,85.88999939,5326
2026-08-20T14:30:00+00:00,85.88999939,86.25,85.87999725,86.12000275,2763
2026-08-20T14:45:00+00:00,86.12999725,86.23999786,85.94000244,86.02999878,1712
2026-08-20T15:00:00+00:00,86.04000092,86.41000366,85.76999664,86.26000214,3962
2026-08-20T15:15:00+00:00,86.27999878,86.58999634,86.27999878,86.52999878,2390
2026-08-20T15:30:00+00:00,86.52999878,86.87000275,86.40000153,86.79000092,2456
2026-08-20T15:45:00+00:00,86.79000092,86.83000183,86.48999786,86.51000214,1691
2026-08-20T16:00:00+00:00,86.5,86.73999786,86.31999969,86.61000061,1912
2026-08-20T16:15:00+00:00,86.61000061,86.68000031,86.44000244,86.44000244,898
2026-08-20T16:30:00+00:00,86.47000122,86.66000366,86.31999969,86.34999847,1141
2026-08-20T16:45:00+00:00,86.33999634,86.41000366,86.02999878,86.11000061,1325
2026-08-20T17:00:00+00:00,86.11000061,86.38999939,85.87000275,86.31999969,1848
2026-08-20T17:15:00+00:00,86.31999969,86.52999878,86.25,86.48000336,1138
2026-08-20T17:30:00+00:00,86.48999786,86.72000122,86.47000122,86.62000275,1322
2026-08-20T17:45:00+00:00,86.62999725,86.73999786,86.48000336,86.51999664,932
2026-08-20T18:00:00+00:00,86.54000092,86.58000183,86.36000061,86.47000122,1195
2026-08-20T18:15:00+00:00,86.48000336,86.97000122,86.36000061,86.94000244,1814
2026-08-20T18:30:00+00:00,86.94000244,86.97000122,86.73999786,86.90000153,1454
2026-08-20T18:45:00+00:00,86.88999939,86.98000336,86.80999756,86.87000275,650
2026-08-20T19:00:00+00:00,86.84999847,86.86000061,86.66999817,86.73000336,741
2026-08-20T19:15:00+00:00,86.73000336,86.79000092,86.63999939,86.69999695,371
2026-08-20T19:30:00+00:00,86.69999695,86.69999695,86.55000305,86.62000275,575
2026-08-20T19:45:00+00:00,86.62000275,86.66999817,86.58000183,86.59999847,344
2026-08-20T20:00:00+00:00,86.59999847,86.66000366,86.5,86.55999756,524
2026-08-20T20:15:00+00:00,86.52999878,86.68000031,86.47000122,86.58000183,460
2026-08-20T20:30:00+00:00,86.56999969,86.59999847,86.45999908,86.5,404
2026-08-20T20:45:00+00:00,86.48999786,86.51000214,86.16999817,86.20999908,1145
2026-08-20T22:00:00+00:00,86.20999908,86.44999695,86.15000153,86.33000183,360
2026-08-20T22:15:00+00:00,86.33000183,86.36000061,86.20999908,86.26999664,262
2026-08-20T22:30:00+00:00,86.26999664,86.33999634,86.25,86.26999664,163
2026-08-20T22:45:00+00:00,86.29000092,86.34999847,86.29000092,86.30999756,139
2026-08-20T23:00:00+00:00,86.30000305,86.36000061,86.23999786,86.31999969,264
2026-08-20T23:15:00+00:00,86.31999969,86.33999634,86.27999878,86.33999634,219
2026-08-20T23:30:00+00:00,86.30999756,86.33000183,86.27999878,86.30000305,78
2026-08-20T23:45:00+00:00,86.30000305,86.31999969,86.19999695,86.19999695,202
2026-08-21T00:00:00+00:00,86.20999908,86.29000092,86.08999634,86.27999878,605
2026-08-21T00:15:00+00:00,86.26999664,86.26999664,86.06999969,86.19000244,508
2026-08-21T00:30:00+00:00,86.19999695,86.34999847,86.18000031,86.30999756,558
2026-08-21T00:45:00+00:00,86.30000305,86.45999908,86.27999878,86.38999939,670
2026-08-21T01:00:00+00:00,86.38999939,86.62999725,86.25,86.62000275,1038
2026-08-21T01:15:00+00:00,86.61000061,86.69000244,86.5,86.59999847,1088
2026-08-21T01:30:00+00:00,86.61000061,86.84999847,86.54000092,86.83999634,865
2026-08-21T01:45:00+00:00,86.83999634,86.94000244,86.62999725,86.73999786,1359
2026-08-21T02:00:00+00:00,86.72000122,86.80000305,86.66000366,86.76999664,719
2026-08-21T02:15:00+00:00,86.75,86.80000305,86.63999939,86.76000214,531
2026-08-21T02:30:00+00:00,86.75,86.76999664,86.58000183,86.58999634,599
2026-08-21T02:45:00+00:00,86.58000183,86.69000244,86.48000336,86.51000214,657
2026-08-21T03:00:00+00:00,86.51999664,86.55000305,86.41000366,86.43000031,783
2026-08-21T03:15:00+00:00,86.41999817,86.51999664,86.33999634,86.37000275,568
2026-08-21T03:30:00+00:00,86.37000275,86.56999969,86.37000275,86.54000092,475
2026-08-21T03:45:00+00:00,86.54000092,86.61000061,86.47000122,86.47000122,420
2026-08-21T04:00:00+00:00,86.48000336,86.51999664,86.37999725,86.47000122,314
2026-08-21T04:15:00+00:00,86.48000336,86.52999878,86.43000031,86.51999664,204
2026-08-21T04:30:00+00:00,86.51000214,86.55000305,86.44000244,86.44999695,173
2026-08-21T04:45:00+00:00,86.44999695,86.45999908,86.20999908,86.23000336,623
2026-08-21T05:00:00+00:00,86.23999786,86.26999664,86.12999725,86.23000336,698
2026-08-21T05:15:00+00:00,86.23999786,86.47000122,86.23000336,86.44999695,699
2026-08-21T05:30:00+00:00,86.45999908,86.51000214,86.30999756,86.43000031,478
2026-08-21T05:45:00+00:00,86.41000366,86.47000122,86.13999939,86.16999817,719
2026-08-21T06:00:00+00:00,86.18000031,86.33000183,86.09999847,86.18000031,816
2026-08-21T06:15:00+00:00,86.19999695,86.44000244,86.15000153,86.38999939,561
2026-08-21T06:30:00+00:00,86.38999939,86.44000244,86.27999878,86.41999817,637
2026-08-21T06:45:00+00:00,86.40000153,86.5,86.27999878,86.30000305,817
2026-08-21T07:00:00+00:00,86.33000183,86.44000244,86.08999634,86.13999939,1276
2026-08-21T07:15:00+00:00,86.12999725,86.43000031,86.11000061,86.43000031,630
2026-08-21T07:30:00+00:00,86.43000031,86.44999695,86.26999664,86.44999695,723
2026-08-21T07:45:00+00:00,86.41999817,86.5,86.13999939,86.34999847,1123
2026-08-21T08:00:00+00:00,86.36000061,86.79000092,86.33000183,86.51000214,2005
2026-08-21T08:15:00+00:00,86.5,86.59999847,86,86.12000275,1947
2026-08-21T08:30:00+00:00,86.12000275,86.37000275,85.95999908,86.11000061,1364
2026-08-21T08:45:00+00:00,86.15000153,86.19999695,85.91999817,85.94000244,720
2026-08-21T09:00:00+00:00,85.94000244,86.12999725,85.80000305,86.06999969,1287
2026-08-21T09:15:00+00:00,86.08000183,86.26999664,86.06999969,86.22000122,796
2026-08-21T09:30:00+00:00,86.22000122,86.41999817,86.05999756,86.37999725,976
2026-08-21T09:45:00+00:00,86.38999939,86.58999634,86.34999847,86.54000092,906
2026-08-21T10:00:00+00:00,86.55000305,87.51000214,86.55000305,87.30999756,4788
2026-08-21T10:15:00+00:00,87.30999756,87.36000061,86.62000275,86.62000275,3204
2026-08-21T10:30:00+00:00,86.61000061,86.87000275,86.59999847,86.83000183,1355
2026-08-21T10:45:00+00:00,86.83000183,87.19000244,86.76000214,87.05000305,1633
2026-08-21T11:00:00+00:00,87.06999969,87.23999786,87,87.20999908,925
2026-08-21T11:15:00+00:00,87.22000122,87.29000092,86.33000183,86.44999695,3641
2026-08-21T11:30:00+00:00,86.44999695,86.55999756,86.12000275,86.45999908,2831
2026-08-21T11:45:00+00:00,86.48000336,86.97000122,86.41000366,86.95999908,1948
2026-08-21T12:00:00+00:00,86.95999908,87.13999939,86.77999878,87.12999725,2108
2026-08-21T12:15:00+00:00,87.12000275,87.34999847,87,87.04000092,2091
2026-08-21T12:30:00+00:00,87.05000305,87.06999969,86.76000214,86.80000305,1525
2026-08-21T12:45:00+00:00,86.81999969,87.15000153,86.77999878,86.87000275,1460
2026-08-21T13:00:00+00:00,86.87000275,86.94999695,86.58000183,86.80000305,2874
2026-08-21T13:15:00+00:00,86.76999664,87.09999847,86.70999908,86.90000153,1952
2026-08-21T13:30:00+00:00,86.90000153,87.11000061,86.69999695,86.76999664,2588
2026-08-21T13:45:00+00:00,86.80000305,86.80000305,86.41999817,86.48000336,2617
2026-08-21T14:00:00+00:00,86.47000122,86.61000061,86.26999664,86.58999634,2570
2026-08-21T14:15:00+00:00,86.61000061,86.65000153,86.23999786,86.43000031,1697
2026-08-21T14:30:00+00:00,86.41999817,86.79000092,86.31999969,86.43000031,2418
2026-08-21T14:45:00+00:00,86.43000031,86.69999695,86.36000061,86.51999664,1423
2026-08-21T15:00:00+00:00,86.52999878,86.69999695,86.15000153,86.63999939,2827
2026-08-21T15:15:00+00:00,86.66999817,86.86000061,86.41999817,86.43000031,3386
2026-08-21T15:30:00+00:00,86.44000244,87.05999756,86.37999725,86.84999847,3270
2026-08-21T15:45:00+00:00,86.87000275,86.94000244,86.72000122,86.80999756,1735
2026-08-21T16:00:00+00:00,86.81999969,87.01000214,86.75,86.84999847,1272
2026-08-21T16:15:00+00:00,86.87999725,86.98999786,86.5,86.58000183,3500
2026-08-21T16:30:00+00:00,86.58000183,86.91999817,86.5,86.83000183,1587
2026-08-21T16:45:00+00:00,86.83999634,86.94999695,86.68000031,86.91999817,990
2026-08-21T17:00:00+00:00,86.94000244,87.22000122,86.84999847,87.11000061,1951
2026-08-21T17:15:00+00:00,87.09999847,87.26999664,86.98999786,87.25,2368
2026-08-21T17:30:00+00:00,87.25,87.44999695,87.16000366,87.16999817,2336
2026-08-21T17:45:00+00:00,87.16000366,87.41000366,87.15000153,87.31999969,1091
2026-08-21T18:00:00+00:00,87.31999969,87.33000183,87.01999664,87.16000366,1306
2026-08-21T18:15:00+00:00,87.16999817,87.33000183,86.93000031,87.06999969,1915
2026-08-21T18:30:00+00:00,87.08000183,87.16999817,86.94000244,86.98000336,1049
2026-08-21T18:45:00+00:00,86.97000122,87.12999725,86.87000275,87.01000214,1430
2026-08-21T19:00:00+00:00,87.01999664,87.01999664,86.77999878,86.81999969,809
2026-08-21T19:15:00+00:00,86.81999969,86.94999695,86.80000305,86.81999969,567
2026-08-21T19:30:00+00:00,86.80999756,86.93000031,86.73000336,86.80999756,916
2026-08-21T19:45:00+00:00,86.80000305,86.86000061,86.59999847,86.65000153,1057
2026-08-21T20:00:00+00:00,86.63999939,86.69999695,86.59999847,86.68000031,588
2026-08-21T20:15:00+00:00,86.66000366,86.88999939,86.63999939,86.87000275,900
2026-08-21T20:30:00+00:00,86.84999847,86.87000275,86.75,86.84999847,517
2026-08-21T20:45:00+00:00,86.81999969,86.83999634,86.63999939,86.65000153,1162
2026-08-23T22:00:00+00:00,86.40000153,86.45999908,86.37000275,86.40000153,70
2026-08-23T22:15:00+00:00,86.41999817,86.47000122,86.34999847,86.37999725,428
2026-08-23T22:30:00+00:00,86.37999725,86.40000153,86.30000305,86.33999634,428
2026-08-23T22:45:00+00:00,86.34999847,86.36000061,86.23000336,86.26000214,679
2026-08-23T23:00:00+00:00,86.25,86.27999878,86.08999634,86.15000153,787
2026-08-23T23:15:00+00:00,86.15000153,86.16999817,86.09999847,86.12999725,431
2026-08-23T23:30:00+00:00,86.13999939,86.23999786,86.12999725,86.18000031,499
2026-08-23T23:45:00+00:00,86.16000366,86.18000031,85.95999908,86.01999664,707
2026-08-24T00:00:00+00:00,86.01000214,86.23999786,85.95999908,86.15000153,1041
2026-08-24T00:15:00+00:00,86.16000366,86.16999817,85.90000153,85.94999695,798
2026-08-24T00:30:00+00:00,85.94000244,85.95999908,85.59999847,85.62999725,1774
2026-08-24T00:45:00+00:00,85.62000275,85.87000275,85.61000061,85.83000183,1048
2026-08-24T01:00:00+00:00,85.81999969,85.84999847,85.31999969,85.40000153,2679
2026-08-24T01:15:00+00:00,85.38999939,85.41000366,84.84999847,85.16999817,3416
2026-08-24T01:30:00+00:00,85.15000153,85.45999908,85.09999847,85.29000092,1800
2026-08-24T01:45:00+00:00,85.30999756,85.41999817,85.22000122,85.37999725,1161
2026-08-24T02:00:00+00:00,85.34999847,85.45999908,85.19999695,85.33999634,966
2026-08-24T02:15:00+00:00,85.33000183,85.52999878,85.31999969,85.52999878,675
2026-08-24T02:30:00+00:00,85.51999664,85.73999786,85.51999664,85.58999634,1419
2026-08-24T02:45:00+00:00,85.59999847,85.73000336,85.48000336,85.69999695,865
2026-08-24T03:00:00+00:00,85.69000244,85.80000305,85.62999725,85.65000153,831
2026-08-24T03:15:00+00:00,85.66999817,85.76999664,85.65000153,85.69000244,417
2026-08-24T03:30:00+00:00,85.69999695,85.79000092,85.69000244,85.73000336,439
2026-08-24T03:45:00+00:00,85.69999695,85.69999695,85.56999969,85.62000275,472
2026-08-24T04:00:00+00:00,85.61000061,85.77999878,85.55999756,85.58999634,993
2026-08-24T04:15:00+00:00,85.59999847,85.63999939,85.47000122,85.61000061,675
2026-08-24T04:30:00+00:00,85.62000275,85.69000244,85.54000092,85.61000061,327
2026-08-24T04:45:00+00:00,85.61000061,85.75,85.59999847,85.62000275,325
2026-08-24T05:00:00+00:00,85.62000275,85.69000244,85.56999969,85.66000366,295
2026-08-24T05:15:00+00:00,85.66000366,85.66999817,85.51000214,85.58000183,340
2026-08-24T05:30:00+00:00,85.55999756,85.75,85.48000336,85.75,652
2026-08-24T05:45:00+00:00,85.75,85.77999878,85.54000092,85.56999969,541
2026-08-24T06:00:00+00:00,85.58999634,85.65000153,85.30000305,85.30000305,1178
2026-08-24T06:15:00+00:00,85.30000305,85.47000122,85.23000336,85.44000244,677
2026-08-24T06:30:00+00:00,85.43000031,85.45999908,85.13999939,85.22000122,773
2026-08-24T06:45:00+00:00,85.26000214,85.38999939,85.16000366,85.19000244,643
2026-08-24T07:00:00+00:00,85.19999695,85.27999878,85.05000305,85.22000122,980
2026-08-24T07:15:00+00:00,85.22000122,85.37999725,85.12999725,85.30000305,593
2026-08-24T07:30:00+00:00,85.27999878,85.69999695,85.05000305,85.52999878,1436
2026-08-24T07:45:00+00:00,85.52999878,85.70999908,85.37000275,85.66000366,1381
2026-08-24T08:00:00+00:00,85.65000153,85.80999756,85.37000275,85.52999878,1600
2026-08-24T08:15:00+00:00,85.55000305,85.75,85.41000366,85.55999756,1072
2026-08-24T08:30:00+00:00,85.55999756,85.59999847,85.09999847,85.18000031,1296
2026-08-24T08:45:00+00:00,85.19999695,85.33000183,84.69999695,84.97000122,2572
2026-08-24T09:00:00+00:00,84.98000336,85.09999847,84.76000214,85.08000183,1245
2026-08-24T09:15:00+00:00,85.08000183,85.47000122,85.04000092,85.38999939,1164
2026-08-24T09:30:00+00:00,85.36000061,85.41000366,85.08999634,85.31999969,670
2026-08-24T09:45:00+00:00,85.31999969,85.31999969,84.98000336,85.16000366,948
2026-08-24T10:00:00+00:00,85.16000366,85.23000336,84.94000244,85.08999634,584
2026-08-24T10:15:00+00:00,85.06999969,85.12999725,84.94999695,85,473
2026-08-24T10:30:00+00:00,84.98999786,85.20999908,84.87000275,85.19000244,623
2026-08-24T10:45:00+00:00,85.19999695,85.38999939,85.12000275,85.37000275,806
2026-08-24T11:00:00+00:00,85.37999725,85.43000031,85.08999634,85.20999908,759
2026-08-24T11:15:00+00:00,85.22000122,85.52999878,85.19000244,85.48000336,913
2026-08-24T11:30:00+00:00,85.47000122,85.58999634,85.01000214,85.16000366,1693
2026-08-24T11:45:00+00:00,85.15000153,85.41999817,85.06999969,85.40000153,883
2026-08-24T12:00:00+00:00,85.37000275,85.52999878,85.25,85.51000214,1163
2026-08-24T12:15:00+00:00,85.51999664,85.61000061,85.34999847,85.45999908,1296
2026-08-24T12:30:00+00:00,85.48000336,86.23999786,85.08999634,85.62999725,5291
2026-08-24T12:45:00+00:00,85.62000275,85.68000031,85.48000336,85.52999878,1159
2026-08-24T13:00:00+00:00,85.52999878,85.76999664,85.33000183,85.5,2659
2026-08-24T13:15:00+00:00,85.5,85.94000244,85.48000336,85.91000366,2297
2026-08-24T13:30:00+00:00,85.90000153,86.05000305,85.58000183,85.66000366,3573
2026-08-24T13:45:00+00:00,85.66999817,85.77999878,85.30000305,85.37000275,3396
2026-08-24T14:00:00+00:00,85.37999725,85.58000183,85.23000336,85.36000061,2647
2026-08-24T14:15:00+00:00,85.36000061,85.37999725,84.76000214,84.91999817,3088
2026-08-24T14:30:00+00:00,84.90000153,85.23999786,84.88999939,85.18000031,2119
2026-08-24T14:45:00+00:00,85.19000244,85.19999695,84.81999969,85.01000214,1985
2026-08-24T15:00:00+00:00,85,85.16000366,84.83999634,85.01000214,1613
2026-08-24T15:15:00+00:00,85,85.13999939,84.41000366,84.48000336,4724
2026-08-24T15:30:00+00:00,84.48000336,84.87999725,84.37000275,84.83000183,4505
2026-08-24T15:45:00+00:00,84.83999634,84.87999725,84.62999725,84.80000305,1380
2026-08-24T16:00:00+00:00,84.81999969,85.01000214,84.72000122,84.98999786,1476
2026-08-24T16:15:00+00:00,85.01000214,85.36000061,84.98000336,85.27999878,2438
2026-08-24T16:30:00+00:00,85.29000092,85.43000031,85.08000183,85.36000061,1511
2026-08-24T16:45:00+00:00,85.36000061,85.40000153,85.20999908,85.22000122,712
2026-08-24T17:00:00+00:00,85.22000122,85.23000336,84.72000122,84.91999817,2975
2026-08-24T17:15:00+00:00,84.93000031,85.16000366,84.69000244,84.86000061,2055
2026-08-24T17:30:00+00:00,84.87000275,85.05999756,84.81999969,84.87000275,716
2026-08-24T17:45:00+00:00,84.86000061,84.98000336,84.70999908,84.80999756,789
2026-08-24T18:00:00+00:00,84.80999756,84.84999847,84.65000153,84.81999969,635
2026-08-24T18:15:00+00:00,84.81999969,85.06999969,84.73000336,84.98000336,1362
2026-08-24T18:30:00+00:00,84.97000122,85.19999695,84.87999725,85.16999817,745
2026-08-24T18:45:00+00:00,85.16000366,85.26000214,85.13999939,85.18000031,791
2026-08-24T19:00:00+00:00,85.16999817,85.30000305,85.15000153,85.23999786,416
2026-08-24T19:15:00+00:00,85.22000122,85.25,85.18000031,85.18000031,274
2026-08-24T19:30:00+00:00,85.19999695,85.20999908,85.04000092,85.05000305,569
2026-08-24T19:45:00+00:00,85.01000214,85.05999756,84.98999786,85.04000092,610
2026-08-24T20:00:00+00:00,85.05000305,85.08000183,84.94999695,85.01000214,424
2026-08-24T20:15:00+00:00,85.01999664,85.06999969,84.94999695,84.97000122,326
2026-08-24T20:30:00+00:00,84.95999908,84.97000122,84.86000061,84.87999725,437
2026-08-24T20:45:00+00:00,84.87999725,85,84.84999847,84.94999695,773
2026-08-24T22:00:00+00:00,85,85.12000275,84.93000031,85.01000214,322
2026-08-24T22:15:00+00:00,85.01999664,85.08999634,84.98999786,85.05000305,234
2026-08-24T22:30:00+00:00,85.06999969,85.11000061,85.05999756,85.08000183,193
2026-08-24T22:45:00+00:00,85.09999847,85.13999939,85.06999969,85.12999725,210
2026-08-24T23:00:00+00:00,85.12999725,85.16000366,85.08999634,85.16000366,209
2026-08-24T23:15:00+00:00,85.16000366,85.20999908,85.15000153,85.16999817,288
2026-08-24T23:30:00+00:00,85.16999817,85.23999786,85.12000275,85.16999817,326
2026-08-24T23:45:00+00:00,85.19000244,85.22000122,85.16999817,85.19000244,175
2026-08-25T00:00:00+00:00,85.19000244,85.26000214,85.05999756,85.11000061,722
2026-08-25T00:15:00+00:00,85.15000153,85.16000366,85.05999756,85.12000275,271
2026-08-25T00:30:00+00:00,85.12000275,85.12000275,84.90000153,84.91000366,598
2026-08-25T00:45:00+00:00,84.90000153,84.95999908,84.75,84.77999878,656
2026-08-25T01:00:00+00:00,84.76999664,85.34999847,84.73000336,85.13999939,1835
2026-08-25T01:15:00+00:00,85.15000153,85.33999634,85.06999969,85.25,792
2026-08-25T01:30:00+00:00,85.23000336,85.38999939,85.11000061,85.36000061,831
2026-08-25T01:45:00+00:00,85.37999725,85.5,85.30999756,85.45999908,978
2026-08-25T02:00:00+00:00,85.47000122,85.83999634,85.41999817,85.76000214,1940
2026-08-25T02:15:00+00:00,85.76000214,85.80999756,85.66000366,85.68000031,777
2026-08-25T02:30:00+00:00,85.69999695,85.79000092,85.55999756,85.61000061,1183
2026-08-25T02:45:00+00:00,85.58999634,85.62000275,85.47000122,85.55000305,1272
2026-08-25T03:00:00+00:00,85.55999756,85.58000183,85.22000122,85.33999634,1456
2026-08-25T03:15:00+00:00,85.33000183,85.38999939,85.13999939,85.36000061,1046
2026-08-25T03:30:00+00:00,85.34999847,85.41999817,85.31999969,85.41999817,285
2026-08-25T03:45:00+00:00,85.41999817,85.44999695,85.37999725,85.41999817,169
2026-08-25T04:00:00+00:00,85.44999695,85.5,85.33999634,85.37000275,612
2026-08-25T04:15:00+00:00,85.34999847,85.37999725,85.22000122,85.26000214,317
2026-08-25T04:30:00+00:00,85.27999878,85.27999878,85.08000183,85.13999939,565
2026-08-25T04:45:00+00:00,85.12999725,85.13999939,85.06999969,85.08999634,425
2026-08-25T05:00:00+00:00,85.08000183,85.11000061,84.97000122,84.97000122,532
2026-08-25T05:15:00+00:00,84.97000122,85,84.91999817,84.97000122,374
2026-08-25T05:30:00+00:00,84.97000122,85.08999634,84.83000183,84.94999695,677
2026-08-25T05:45:00+00:00,84.93000031,84.98999786,84.29000092,84.45999908,2558
2026-08-25T06:00:00+00:00,84.48000336,84.54000092,84.19999695,84.26000214,1584
2026-08-25T06:15:00+00:00,84.27999878,84.36000061,84.13999939,84.22000122,1195
2026-08-25T06:30:00+00:00,84.22000122,84.58999634,84.09999847,84.45999908,1454
2026-08-25T06:45:00+00:00,84.47000122,84.58999634,84.13999939,84.25,1329
2026-08-25T07:00:00+00:00,84.26000214,84.44999695,84.09999847,84.41000366,1243
2026-08-25T07:15:00+00:00,84.40000153,84.54000092,84.25,84.44999695,837
2026-08-25T07:30:00+00:00,84.44999695,84.55000305,84.26000214,84.37000275,832
2026-08-25T07:45:00+00:00,84.37000275,84.59999847,84.31999969,84.54000092,833
2026-08-25T08:00:00+00:00,84.55999756,84.70999908,84.51999664,84.58000183,975
2026-08-25T08:15:00+00:00,84.58000183,84.62000275,83.5,83.91000366,5500
2026-08-25T08:30:00+00:00,83.91000366,84.11000061,83.41000366,83.41999817,2929
2026-08-25T08:45:00+00:00,83.41999817,83.51999664,82.84999847,83.01000214,3681
2026-08-25T09:00:00+00:00,83.01000214,83.08999634,82.66999817,82.87999725,1984
2026-08-25T09:15:00+00:00,82.90000153,82.98000336,82.44999695,82.69000244,2545
2026-08-25T09:30:00+00:00,82.69000244,82.75,82.19000244,82.31999969,2866
2026-08-25T09:45:00+00:00,82.31999969,82.40000153,82.05000305,82.12000275,1847
2026-08-25T10:00:00+00:00,82.12999725,82.61000061,82.11000061,82.5,1848
2026-08-25T10:15:00+00:00,82.48999786,82.58000183,82.37000275,82.43000031,856
2026-08-25T10:30:00+00:00,82.38999939,82.58000183,82.26000214,82.55999756,1091
2026-08-25T10:45:00+00:00,82.55999756,82.58999634,82.40000153,82.44999695,709
2026-08-25T11:00:00+00:00,82.44999695,82.70999908,82.30000305,82.44999695,1402
2026-08-25T11:15:00+00:00,82.44999695,82.66000366,82.41999817,82.48999786,794
2026-08-25T11:30:00+00:00,82.44999695,82.44999695,82.15000153,82.18000031,1279
2026-08-25T11:45:00+00:00,82.18000031,82.19999695,81.80999756,81.97000122,3031
2026-08-25T12:00:00+00:00,81.95999908,82.36000061,81.88999939,82.31999969,2345
2026-08-25T12:15:00+00:00,82.30999756,82.58999634,82.19999695,82.33999634,2070
2026-08-25T12:30:00+00:00,82.33999634,82.55000305,82.27999878,82.43000031,1292
2026-08-25T12:45:00+00:00,82.43000031,82.44999695,82.12000275,82.19999695,1550
2026-08-25T13:00:00+00:00,82.19999695,82.29000092,81.80999756,82.01999664,3203
2026-08-25T13:15:00+00:00,82.01000214,82.62999725,81.98999786,82.41000366,3212
2026-08-25T13:30:00+00:00,82.40000153,82.63999939,82.19000244,82.22000122,2413
2026-08-25T13:45:00+00:00,82.22000122,82.48999786,82.13999939,82.44000244,1797
2026-08-25T14:00:00+00:00,82.45999908,82.87999725,82.30000305,82.40000153,4044
2026-08-25T14:15:00+00:00,82.38999939,82.62999725,82.36000061,82.59999847,1580
2026-08-25T14:30:00+00:00,82.59999847,83.30999756,82.48999786,82.52999878,4699
2026-08-25T14:45:00+00:00,82.52999878,82.65000153,82.27999878,82.48999786,2110
2026-08-25T15:00:00+00:00,82.44999695,82.69000244,82.43000031,82.44000244,1504
2026-08-25T15:15:00+00:00,82.43000031,82.54000092,82.12999725,82.41000366,2422
2026-08-25T15:30:00+00:00,82.41000366,82.43000031,81.51999664,81.69000244,7790
2026-08-25T15:45:00+00:00,81.69000244,82.16000366,81.62999725,82.08999634,2947
2026-08-25T16:00:00+00:00,82.09999847,82.23999786,82.04000092,82.16999817,1437
2026-08-25T16:15:00+00:00,82.15000153,82.37000275,82.02999878,82.33000183,1690
2026-08-25T16:30:00+00:00,82.30999756,82.37000275,82.18000031,82.26999664,808
2026-08-25T16:45:00+00:00,82.26000214,82.41000366,82.12000275,82.16999817,1169
2026-08-25T17:00:00+00:00,82.19000244,82.23999786,82.06999969,82.16000366,1044
2026-08-25T17:15:00+00:00,82.18000031,82.41000366,82.13999939,82.23000336,851
2026-08-25T17:30:00+00:00,82.22000122,82.30999756,82.18000031,82.27999878,492
2026-08-25T17:45:00+00:00,82.26000214,82.29000092,82.09999847,82.12000275,674
2026-08-25T18:00:00+00:00,82.12999725,82.23000336,82.06999969,82.15000153,632
2026-08-25T18:15:00+00:00,82.12999725,82.45999908,82.06999969,82.31999969,1248
2026-08-25T18:30:00+00:00,82.30000305,82.44999695,82.26999664,82.37000275,694
2026-08-25T18:45:00+00:00,82.38999939,82.38999939,82.23999786,82.30000305,523
2026-08-25T19:00:00+00:00,82.26999664,82.38999939,82.23000336,82.33000183,404
2026-08-25T19:15:00+00:00,82.30000305,82.30000305,82.15000153,82.23000336,566
2026-08-25T19:30:00+00:00,82.23000336,82.30000305,81.94000244,82,1016
2026-08-25T19:45:00+00:00,81.98999786,82.05000305,81.09999847,81.11000061,4379
2026-08-25T20:00:00+00:00,81.12999725,81.13999939,80.44000244,80.52999878,5185
2026-08-25T20:15:00+00:00,80.54000092,80.80999756,80.23000336,80.66999817,4344
2026-08-25T20:30:00+00:00,80.66999817,80.93000031,80.59999847,80.86000061,2099
2026-08-25T20:45:00+00:00,80.84999847,81.23000336,80.80000305,81.08999634,2885
2026-08-25T22:00:00+00:00,81.19999695,81.30000305,81.08999634,81.19000244,270
2026-08-25T22:15:00+00:00,81.19999695,81.19999695,80.93000031,81,844
2026-08-25T22:30:00+00:00,81.01999664,81.04000092,80.93000031,80.97000122,330
2026-08-25T22:45:00+00:00,80.95999908,81.09999847,80.95999908,81.01999664,835
2026-08-25T23:00:00+00:00,81.02999878,81.02999878,80.94999695,80.95999908,220
2026-08-25T23:15:00+00:00,80.97000122,81,80.97000122,80.98000336,141
2026-08-25T23:30:00+00:00,81,81.05999756,81,81.04000092,249
2026-08-25T23:45:00+00:00,81.04000092,81.15000153,80.95999908,80.98000336,590
2026-08-26T00:00:00+00:00,80.98000336,81.12000275,80.81999969,80.90000153,1103
2026-08-26T00:15:00+00:00,80.90000153,80.97000122,80.77999878,80.88999939,518
2026-08-26T00:30:00+00:00,80.91999817,81,80.68000031,80.72000122,835
2026-08-26T00:45:00+00:00,80.72000122,80.83000183,80.56999969,80.70999908,1211
2026-08-26T01:00:00+00:00,80.70999908,80.72000122,80.33000183,80.40000153,2267
2026-08-26T01:15:00+00:00,80.37999725,80.58000183,80.36000061,80.55999756,888
2026-08-26T01:30:00+00:00,80.55000305,80.66000366,80.34999847,80.48000336,1024
2026-08-26T01:45:00+00:00,80.45999908,80.69999695,80.45999908,80.51999664,800
2026-08-26T02:00:00+00:00,80.52999878,80.52999878,80.26000214,80.30000305,1231
2026-08-26T02:15:00+00:00,80.31999969,80.41000366,80.27999878,80.34999847,569
2026-08-26T02:30:00+00:00,80.36000061,80.55999756,80.31999969,80.37999725,888
2026-08-26T02:45:00+00:00,80.40000153,80.41999817,80.13999939,80.41999817,1186
2026-08-26T03:00:00+00:00,80.41000366,80.41000366,80.19999695,80.26999664,477
2026-08-26T03:15:00+00:00,80.26999664,80.29000092,80.06999969,80.26000214,872
2026-08-26T03:30:00+00:00,80.27999878,80.31999969,80.16999817,80.27999878,520
2026-08-26T03:45:00+00:00,80.27999878,80.33000183,80.23999786,80.26999664,345
2026-08-26T04:00:00+00:00,80.27999878,80.43000031,80.26000214,80.41000366,677
2026-08-26T04:15:00+00:00,80.41000366,80.44999695,80.25,80.33000183,361
2026-08-26T04:30:00+00:00,80.31999969,80.36000061,80.26000214,80.30000305,159
2026-08-26T04:45:00+00:00,80.29000092,80.63999939,80.25,80.59999847,934
2026-08-26T05:00:00+00:00,80.61000061,80.62000275,80.43000031,80.61000061,512
2026-08-26T05:15:00+00:00,80.58999634,80.77999878,80.58999634,80.76000214,593
2026-08-26T05:30:00+00:00,80.75,80.91000366,80.62999725,80.87000275,1037
2026-08-26T05:45:00+00:00,80.88999939,80.91000366,80.72000122,80.76000214,700
2026-08-26T06:00:00+00:00,80.77999878,80.87999725,80.69000244,80.84999847,608
2026-08-26T06:15:00+00:00,80.87999725,80.93000031,80.75,80.83999634,594
2026-08-26T06:30:00+00:00,80.80999756,80.83999634,80.30999756,80.30999756,1126
2026-08-26T06:45:00+00:00,80.31999969,80.51000214,80.26999664,80.47000122,954
2026-08-26T07:00:00+00:00,80.48000336,80.62000275,80.19999695,80.27999878,1088
2026-08-26T07:15:00+00:00,80.26999664,80.36000061,80.16999817,80.27999878,692
2026-08-26T07:30:00+00:00,80.27999878,80.33999634,80.02999878,80.04000092,1401
2026-08-26T07:45:00+00:00,80.04000092,80.16000366,79.83999634,79.90000153,1724
2026-08-26T08:00:00+00:00,79.88999939,80.30000305,79.87999725,80.29000092,1286
2026-08-26T08:15:00+00:00,80.29000092,80.52999878,80.04000092,80.04000092,1613
2026-08-26T08:30:00+00:00,80.06999969,80.25,79.68000031,79.91000366,2446
2026-08-26T08:45:00+00:00,79.93000031,80.02999878,79.69000244,79.84999847,1616
2026-08-26T09:00:00+00:00,79.84999847,80,79.72000122,79.94000244,963
2026-08-26T09:15:00+00:00,79.93000031,80.20999908,79.62000275,80.19000244,2282
2026-08-26T09:30:00+00:00,80.18000031,80.26000214,79.80000305,79.83999634,1031
2026-08-26T09:45:00+00:00,79.84999847,80.12999725,79.83999634,80.12000275,856
2026-08-26T10:00:00+00:00,80.12999725,80.23000336,80.01999664,80.15000153,668
2026-08-26T10:15:00+00:00,80.13999939,80.33000183,79.95999908,80.12000275,1113
2026-08-26T10:30:00+00:00,80.19999695,80.27999878,80.08000183,80.18000031,542
2026-08-26T10:45:00+00:00,80.18000031,80.41000366,80.18000031,80.23000336,831
2026-08-26T11:00:00+00:00,80.22000122,80.33999634,80.09999847,80.20999908,905
2026-08-26T11:15:00+00:00,80.20999908,80.36000061,80.12000275,80.16000366,620
2026-08-26T11:30:00+00:00,80.22000122,80.45999908,80.13999939,80.40000153,882
2026-08-26T11:45:00+00:00,80.37999725,80.69000244,80.31999969,80.55000305,1294
2026-08-26T12:00:00+00:00,80.55000305,80.65000153,80.40000153,80.41000366,851
2026-08-26T12:15:00+00:00,80.41999817,80.44999695,80.20999908,80.22000122,1002
2026-08-26T12:30:00+00:00,80.23999786,80.37999725,80.20999908,80.29000092,1067
2026-08-26T12:45:00+00:00,80.23999786,80.73999786,80.18000031,80.66000366,2687
2026-08-26T13:00:00+00:00,80.66999817,81,80.51000214,80.77999878,3392
2026-08-26T13:15:00+00:00,80.76999664,80.91999817,80.61000061,80.69999695,1656
2026-08-26T13:30:00+00:00,80.69999695,81.33000183,80.66999817,81.26999664,3716
2026-08-26T13:45:00+00:00,81.26999664,81.73000336,81.25,81.5,4995
2026-08-26T14:00:00+00:00,81.48999786,81.56999969,81.30000305,81.5,1931
2026-08-26T14:15:00+00:00,81.5,81.69000244,81.44999695,81.68000031,2031
2026-08-26T14:30:00+00:00,81.69000244,81.91999817,81.66000366,81.80000305,2461
2026-08-26T14:45:00+00:00,81.79000092,81.97000122,81.69000244,81.91999817,1801
2026-08-26T15:00:00+00:00,81.91999817,82.23000336,81.83999634,82.20999908,2474
2026-08-26T15:15:00+00:00,82.22000122,82.44000244,82.05000305,82.37999725,2831
2026-08-26T15:30:00+00:00,82.37000275,82.48000336,82.20999908,82.30000305,2387
2026-08-26T15:45:00+00:00,82.30999756,82.87999725,82.16999817,82.76999664,4546
2026-08-26T16:00:00+00:00,82.76999664,82.94999695,82.69999695,82.88999939,1877
2026-08-26T16:15:00+00:00,82.88999939,83.30000305,82.86000061,83.08000183,4177
2026-08-26T16:30:00+00:00,83.06999969,83.19999695,83.01999664,83.05999756,1509
2026-08-26T16:45:00+00:00,83.04000092,83.06999969,82.73999786,82.76000214,2537
2026-08-26T17:00:00+00:00,82.77999878,82.83999634,82.58000183,82.69999695,1838
2026-08-26T17:15:00+00:00,82.70999908,82.76999664,82.56999969,82.68000031,1244
2026-08-26T17:30:00+00:00,82.66999817,82.70999908,82.52999878,82.55999756,967
2026-08-26T17:45:00+00:00,82.55999756,82.65000153,82.48000336,82.54000092,932
2026-08-26T18:00:00+00:00,82.54000092,82.56999969,82.27999878,82.37000275,1589
2026-08-26T18:15:00+00:00,82.37000275,82.37000275,82.06999969,82.25,2114
2026-08-26T18:30:00+00:00,82.25,82.40000153,82.11000061,82.12999725,1144
2026-08-26T18:45:00+00:00,82.12999725,82.15000153,81.97000122,81.98999786,963
2026-08-26T19:00:00+00:00,82,82.01999664,81.81999969,81.97000122,1121
2026-08-26T19:15:00+00:00,81.97000122,82.06999969,81.91999817,81.98999786,716
2026-08-26T19:30:00+00:00,81.98999786,82.08999634,81.91000366,81.98000336,694
2026-08-26T19:45:00+00:00,81.98000336,82.01000214,81.90000153,81.91999817,452
2026-08-26T20:00:00+00:00,81.91999817,81.94000244,81.86000061,81.86000061,460
2026-08-26T20:15:00+00:00,81.87999725,81.90000153,81.79000092,81.80000305,566
2026-08-26T20:30:00+00:00,81.79000092,81.83000183,81.73999786,81.80000305,411
2026-08-26T20:45:00+00:00,81.80999756,82,81.79000092,81.91000366,835
2026-08-26T22:00:00+00:00,81.98000336,82.15000153,81.77999878,81.77999878,360
2026-08-26T22:15:00+00:00,81.80000305,81.86000061,81.79000092,81.84999847,208
2026-08-26T22:30:00+00:00,81.84999847,81.91000366,81.83000183,81.87000275,174
2026-08-26T22:45:00+00:00,81.86000061,81.87000275,81.80999756,81.80999756,104
2026-08-26T23:00:00+00:00,81.81999969,81.86000061,81.73999786,81.86000061,356
2026-08-26T23:15:00+00:00,81.83999634,81.87000275,81.79000092,81.81999969,227
2026-08-26T23:30:00+00:00,81.83000183,81.83999634,81.80000305,81.80000305,152
2026-08-26T23:45:00+00:00,81.81999969,81.84999847,81.80000305,81.80999756,149
2026-08-27T00:00:00+00:00,81.80999756,81.81999969,81.55000305,81.62999725,1286
2026-08-27T00:15:00+00:00,81.65000153,81.69999695,81.54000092,81.54000092,533
2026-08-27T00:30:00+00:00,81.54000092,81.62000275,81.52999878,81.55999756,614
2026-08-27T00:45:00+00:00,81.56999969,81.90000153,81.55999756,81.79000092,1344
2026-08-27T01:00:00+00:00,81.80000305,82.19000244,81.72000122,81.80999756,1990
2026-08-27T01:15:00+00:00,81.83999634,82.08999634,81.70999908,81.98000336,1088
2026-08-27T01:30:00+00:00,81.98000336,82.01000214,81.72000122,81.80999756,877
2026-08-27T01:45:00+00:00,81.80999756,81.81999969,81.56999969,81.59999847,724
2026-08-27T02:00:00+00:00,81.61000061,81.69999695,81.58999634,81.68000031,447
2026-08-27T02:15:00+00:00,81.66000366,81.69000244,81.55999756,81.59999847,484
2026-08-27T02:30:00+00:00,81.61000061,81.73000336,81.44999695,81.5,838
2026-08-27T02:45:00+00:00,81.51000214,81.59999847,81.44000244,81.44000244,595
2026-08-27T03:00:00+00:00,81.43000031,81.73999786,81.43000031,81.73000336,803
2026-08-27T03:15:00+00:00,81.72000122,81.87999725,81.62999725,81.76999664,805
2026-08-27T03:30:00+00:00,81.79000092,81.90000153,81.69999695,81.87000275,456
2026-08-27T03:45:00+00:00,81.87000275,81.87999725,81.80000305,81.83000183,207
2026-08-27T04:00:00+00:00,81.83999634,81.84999847,81.76999664,81.83999634,212
2026-08-27T04:15:00+00:00,81.83000183,81.91000366,81.81999969,81.87999725,198
2026-08-27T04:30:00+00:00,81.90000153,81.90000153,81.80000305,81.83000183,156
2026-08-27T04:45:00+00:00,81.83000183,81.87000275,81.80999756,81.83000183,97
2026-08-27T05:00:00+00:00,81.83000183,81.87999725,81.80000305,81.83999634,187
2026-08-27T05:15:00+00:00,81.81999969,81.83000183,81.56999969,81.59999847,496
2026-08-27T05:30:00+00:00,81.58999634,81.65000153,81.44999695,81.59999847,668
2026-08-27T05:45:00+00:00,81.58999634,81.69000244,81.41000366,81.44000244,757
2026-08-27T06:00:00+00:00,81.44000244,81.5,81.33000183,81.33000183,739
2026-08-27T06:15:00+00:00,81.34999847,81.41999817,81.27999878,81.31999969,566
2026-08-27T06:30:00+00:00,81.30999756,81.36000061,81.02999878,81.09999847,1256
2026-08-27T06:45:00+00:00,81.09999847,81.23999786,81.01000214,81.01999664,1117
2026-08-27T07:00:00+00:00,81.04000092,81.05000305,80.65000153,80.76999664,1956
2026-08-27T07:15:00+00:00,80.76999664,81.12000275,80.76000214,80.98999786,1171
2026-08-27T07:30:00+00:00,81.01999664,81.26999664,81,81.08000183,1151
2026-08-27T07:45:00+00:00,81.05999756,81.36000061,80.98999786,81.36000061,787
2026-08-27T08:00:00+00:00,81.36000061,81.43000031,81.19999695,81.40000153,1115
2026-08-27T08:15:00+00:00,81.38999939,81.65000153,81.30000305,81.65000153,1728
2026-08-27T08:30:00+00:00,81.62999725,81.72000122,81.48999786,81.69000244,1201
2026-08-27T08:45:00+00:00,81.68000031,81.83000183,81.48000336,81.83000183,1004
2026-08-27T09:00:00+00:00,81.83000183,82.16999817,81.80999756,82.12000275,1997
2026-08-27T09:15:00+00:00,82.12000275,82.23000336,81.98999786,82.09999847,1628
2026-08-27T09:30:00+00:00,82.08999634,82.12999725,81.97000122,82.01999664,714
2026-08-27T09:45:00+00:00,82.02999878,82.20999908,81.98999786,82.18000031,715
2026-08-27T10:00:00+00:00,82.19999695,82.55000305,82.18000031,82.23000336,2107
2026-08-27T10:15:00+00:00,82.22000122,82.41999817,82.12999725,82.41999817,943
2026-08-27T10:30:00+00:00,82.41999817,82.48000336,82.12000275,82.13999939,1123
2026-08-27T10:45:00+00:00,82.12000275,82.44999695,82.08000183,82.22000122,1206
2026-08-27T11:00:00+00:00,82.23999786,82.44999695,82.20999908,82.23999786,867
2026-08-27T11:15:00+00:00,82.23999786,82.51000214,82.18000031,82.44999695,978
2026-08-27T11:30:00+00:00,82.44999695,82.51000214,82.12000275,82.47000122,1483
2026-08-27T11:45:00+00:00,82.45999908,82.62000275,82.43000031,82.45999908,1213
2026-08-27T12:00:00+00:00,82.44999695,82.55000305,82.36000061,82.45999908,753
2026-08-27T12:15:00+00:00,82.45999908,82.48000336,82.16999817,82.44000244,1572
2026-08-27T12:30:00+00:00,82.43000031,82.55000305,82.33000183,82.44999695,1069
2026-08-27T12:45:00+00:00,82.43000031,82.81999969,82.41000366,82.52999878,2726
2026-08-27T13:00:00+00:00,82.52999878,82.77999878,82.37999725,82.51999664,2353
2026-08-27T13:15:00+00:00,82.51999664,82.68000031,82.33000183,82.43000031,1529
2026-08-27T13:30:00+00:00,82.43000031,82.87999725,82.37000275,82.73000336,3547
2026-08-27T13:45:00+00:00,82.73000336,82.87000275,82.59999847,82.83999634,2356
2026-08-27T14:00:00+00:00,82.83999634,83.12999725,82.80999756,82.88999939,3156
2026-08-27T14:15:00+00:00,82.87000275,82.95999908,82.63999939,82.68000031,2096
2026-08-27T14:30:00+00:00,82.69000244,82.75,82.30000305,82.36000061,2920
2026-08-27T14:45:00+00:00,82.34999847,82.51000214,82,82.02999878,2919
2026-08-27T15:00:00+00:00,82.04000092,82.44000244,81.98000336,82.37999725,2843
2026-08-27T15:15:00+00:00,82.37000275,82.47000122,82.16000366,82.25,2224
2026-08-27T15:30:00+00:00,82.25,82.68000031,82.23999786,82.48999786,1893
2026-08-27T15:45:00+00:00,82.51000214,82.63999939,82.40000153,82.59999847,1242
2026-08-27T16:00:00+00:00,82.61000061,82.73999786,82.51000214,82.59999847,1266
2026-08-27T16:15:00+00:00,82.58000183,82.76999664,82.43000031,82.62000275,1262
2026-08-27T16:30:00+00:00,82.61000061,82.80000305,82.58000183,82.79000092,751
2026-08-27T16:45:00+00:00,82.79000092,82.91000366,82.69000244,82.75,1708
2026-08-27T17:00:00+00:00,82.75,82.91999817,82.69999695,82.80999756,580
2026-08-27T17:15:00+00:00,82.80999756,82.94999695,82.76000214,82.76999664,530
2026-08-27T17:30:00+00:00,82.77999878,83.06999969,82.65000153,82.94000244,1720
2026-08-27T17:45:00+00:00,82.94999695,84.02999878,82.90000153,83.97000122,7612
2026-08-27T18:00:00+00:00,83.97000122,84.25,83.83999634,83.88999939,4630
2026-08-27T18:15:00+00:00,83.88999939,83.90000153,83.43000031,83.61000061,4287
2026-08-27T18:30:00+00:00,83.62000275,83.81999969,83.55000305,83.76999664,1872
2026-08-27T18:45:00+00:00,83.76999664,83.80999756,83.68000031,83.75,749
2026-08-27T19:00:00+00:00,83.76999664,83.98000336,83.62999725,83.90000153,1663
2026-08-27T19:15:00+00:00,83.90000153,84.04000092,83.75,83.91000366,933
2026-08-27T19:30:00+00:00,83.88999939,84,83.81999969,83.84999847,692
2026-08-27T19:45:00+00:00,83.81999969,83.81999969,83.59999847,83.63999939,873
2026-08-27T20:00:00+00:00,83.62999725,83.72000122,83.56999969,83.58999634,582
2026-08-27T20:15:00+00:00,83.58000183,83.63999939,83.55000305,83.56999969,384
2026-08-27T20:30:00+00:00,83.55999756,83.58000183,83.48999786,83.51999664,475
2026-08-27T20:45:00+00:00,83.52999878,83.59999847,83.45999908,83.51999664,822
2026-08-27T22:00:00+00:00,83.5,83.79000092,83.45999908,83.61000061,673
2026-08-27T22:15:00+00:00,83.61000061,83.66000366,83.48999786,83.62999725,1128
2026-08-27T22:30:00+00:00,83.62999725,83.65000153,83.62000275,83.63999939,122
2026-08-27T22:45:00+00:00,83.62000275,83.62000275,83.58999634,83.58999634,154
2026-08-27T23:00:00+00:00,83.59999847,83.61000061,83.58000183,83.58999634,112
2026-08-27T23:15:00+00:00,83.61000061,83.63999939,83.58999634,83.61000061,96
2026-08-27T23:30:00+00:00,83.59999847,83.62999725,83.52999878,83.55000305,136
2026-08-27T23:45:00+00:00,83.56999969,83.56999969,83.48999786,83.48999786,303
2026-08-28T00:00:00+00:00,83.48999786,83.52999878,83.37000275,83.41000366,644
2026-08-28T00:15:00+00:00,83.41999817,83.48000336,83.37000275,83.41000366,359
2026-08-28T00:30:00+00:00,83.40000153,83.41999817,83.29000092,83.33999634,501
2026-08-28T00:45:00+00:00,83.36000061,83.37000275,83.25,83.27999878,453
2026-08-28T01:00:00+00:00,83.27999878,83.48000336,83.26000214,83.41999817,973
2026-08-28T01:15:00+00:00,83.41999817,83.52999878,83.20999908,83.22000122,820
2026-08-28T01:30:00+00:00,83.23000336,83.23999786,83.02999878,83.11000061,1520
2026-08-28T01:45:00+00:00,83.11000061,83.18000031,83.04000092,83.05999756,1243
2026-08-28T02:00:00+00:00,83.06999969,83.33999634,83.05000305,83.30999756,1312
2026-08-28T02:15:00+00:00,83.30999756,83.37000275,83.25,83.36000061,308
2026-08-28T02:30:00+00:00,83.37000275,83.47000122,83.18000031,83.26000214,1180
2026-08-28T02:45:00+00:00,83.25,83.44000244,83.08999634,83.11000061,562
2026-08-28T03:00:00+00:00,83.09999847,83.20999908,83.05999756,83.19999695,462
2026-08-28T03:15:00+00:00,83.19999695,83.25,83.15000153,83.19999695,261
2026-08-28T03:30:00+00:00,83.20999908,83.23000336,83.11000061,83.12000275,146
2026-08-28T03:45:00+00:00,83.13999939,83.16000366,83.08000183,83.09999847,143
2026-08-28T04:00:00+00:00,83.11000061,83.13999939,83.08999634,83.09999847,145
2026-08-28T04:15:00+00:00,83.08999634,83.13999939,83.05999756,83.12999725,207
2026-08-28T04:30:00+00:00,83.12999725,83.23999786,83.12999725,83.23999786,267
2026-08-28T04:45:00+00:00,83.23000336,83.30999756,83.22000122,83.27999878,335
2026-08-28T05:00:00+00:00,83.27999878,83.37000275,83.22000122,83.26999664,425
2026-08-28T05:15:00+00:00,83.30000305,83.30999756,83.18000031,83.22000122,230
2026-08-28T05:30:00+00:00,83.23000336,83.26000214,82.81999969,83.23000336,1789
2026-08-28T05:45:00+00:00,83.19999695,83.25,83.05000305,83.09999847,608
2026-08-28T06:00:00+00:00,83.09999847,83.23999786,82.93000031,83.05000305,821
2026-08-28T06:15:00+00:00,83.04000092,83.05999756,82.84999847,82.98000336,891
2026-08-28T06:30:00+00:00,82.98000336,83.05999756,82.79000092,82.83000183,1161
2026-08-28T06:45:00+00:00,82.83000183,82.94999695,82.73999786,82.88999939,830
2026-08-28T07:00:00+00:00,82.87000275,83.33999634,82.73999786,83.01000214,1633
2026-08-28T07:15:00+00:00,83,83.18000031,82.83000183,82.84999847,844
2026-08-28T07:30:00+00:00,82.83999634,82.98999786,82.66999817,82.84999847,1113
2026-08-28T07:45:00+00:00,82.83999634,83.01999664,82.80999756,82.98000336,420
2026-08-28T08:00:00+00:00,83,83.05999756,82.87999725,82.94000244,603
2026-08-28T08:15:00+00:00,82.94999695,83.25,82.81999969,83.08999634,1892
2026-08-28T08:30:00+00:00,83.09999847,83.19000244,82.54000092,82.93000031,2020
2026-08-28T08:45:00+00:00,82.94000244,83.31999969,82.93000031,83.31999969,1716
2026-08-28T09:00:00+00:00,83.31999969,83.5,83.19000244,83.31999969,1509
2026-08-28T09:15:00+00:00,83.30000305,83.36000061,82.87000275,83,1360
2026-08-28T09:30:00+00:00,82.98999786,83.36000061,82.97000122,83.05999756,898
2026-08-28T09:45:00+00:00,83.05999756,83.20999908,82.94999695,83.06999969,943
2026-08-28T10:00:00+00:00,83.06999969,83.22000122,82.86000061,83.08000183,953
2026-08-28T10:15:00+00:00,83.08999634,83.34999847,83.05999756,83.33999634,808
2026-08-28T10:30:00+00:00,83.33000183,83.58999634,83.20999908,83.58000183,1157
2026-08-28T10:45:00+00:00,83.58999634,83.62000275,83.22000122,83.25,1347
2026-08-28T11:00:00+00:00,83.26999664,83.33999634,83.09999847,83.12999725,920
2026-08-28T11:15:00+00:00,83.12999725,83.26000214,83.01000214,83.06999969,1116
2026-08-28T11:30:00+00:00,83.08999634,83.16999817,83.04000092,83.13999939,654
2026-08-28T11:45:00+00:00,83.16000366,83.19000244,82.87000275,82.91999817,1184
2026-08-28T12:00:00+00:00,82.91000366,83.04000092,82.76999664,82.80000305,959
2026-08-28T12:15:00+00:00,82.81999969,82.91000366,82.66000366,82.75,1127
2026-08-28T12:30:00+00:00,82.73999786,82.84999847,82.62000275,82.73000336,1682
2026-08-28T12:45:00+00:00,82.75,82.76999664,82.44000244,82.47000122,2193
2026-08-28T13:00:00+00:00,82.48000336,82.68000031,82.23000336,82.63999939,3253
2026-08-28T13:15:00+00:00,82.62000275,82.66999817,82.37999725,82.43000031,1451
2026-08-28T13:30:00+00:00,82.40000153,82.77999878,82.37999725,82.70999908,2396
2026-08-28T13:45:00+00:00,82.69000244,82.80999756,82.38999939,82.5,1408
2026-08-28T14:00:00+00:00,82.51000214,82.90000153,82.33000183,82.87000275,2690
2026-08-28T14:15:00+00:00,82.86000061,82.95999908,82.76000214,82.83000183,1751
2026-08-28T14:30:00+00:00,82.84999847,83.12999725,82.83000183,82.97000122,2011
2026-08-28T14:45:00+00:00,82.98000336,83.09999847,82.66000366,82.87000275,2424
2026-08-28T15:00:00+00:00,82.86000061,83.20999908,82.80000305,83.16000366,2665
2026-08-28T15:15:00+00:00,83.15000153,83.29000092,83.05999756,83.11000061,1778
2026-08-28T15:30:00+00:00,83.11000061,83.29000092,83.06999969,83.20999908,1605
2026-08-28T15:45:00+00:00,83.19999695,83.23999786,82.98000336,83.04000092,1298
2026-08-28T16:00:00+00:00,83.04000092,83.23000336,82.87999725,83.13999939,1561
2026-08-28T16:15:00+00:00,83.15000153,83.27999878,83.08000183,83.08999634,1648
2026-08-28T16:30:00+00:00,83.11000061,83.5,83.01999664,83.44999695,1904
2026-08-28T16:45:00+00:00,83.44000244,83.55000305,83.37000275,83.51999664,1430
2026-08-28T17:00:00+00:00,83.5,83.70999908,83.36000061,83.40000153,2418
2026-08-28T17:15:00+00:00,83.38999939,83.41999817,83.29000092,83.36000061,1025
2026-08-28T17:30:00+00:00,83.37000275,83.47000122,83.26999664,83.43000031,763
2026-08-28T17:45:00+00:00,83.41999817,83.55999756,83.37999725,83.45999908,716
2026-08-28T18:00:00+00:00,83.44999695,83.45999908,83.13999939,83.31999969,1217
2026-08-28T18:15:00+00:00,83.30000305,83.55000305,83.23999786,83.36000061,1749
2026-08-28T18:30:00+00:00,83.37000275,83.38999939,83.11000061,83.22000122,1365
2026-08-28T18:45:00+00:00,83.20999908,83.22000122,83.08999634,83.18000031,712
2026-08-28T19:00:00+00:00,83.18000031,83.33999634,83.16000366,83.30000305,963
2026-08-28T19:15:00+00:00,83.30000305,83.30999756,83.22000122,83.29000092,345
2026-08-28T19:30:00+00:00,83.30000305,83.51999664,83.26999664,83.47000122,1016
2026-08-28T19:45:00+00:00,83.45999908,83.47000122,83.33000183,83.40000153,670
2026-08-28T20:00:00+00:00,83.38999939,83.45999908,83.31999969,83.43000031,653
2026-08-28T20:15:00+00:00,83.43000031,83.48000336,83.41000366,83.44000244,397
2026-08-28T20:30:00+00:00,83.43000031,83.47000122,83.37000275,83.37999725,505
2026-08-28T20:45:00+00:00,83.37000275,83.47000122,83.30999756,83.40000153,1167
2026-08-30T22:00:00+00:00,85.26000214,85.29000092,84.94999695,85,823
2026-08-30T22:15:00+00:00,85.01999664,85.13999939,84.86000061,84.91999817,1460
2026-08-30T22:30:00+00:00,84.91999817,85.06999969,84.73999786,84.84999847,1681
2026-08-30T22:45:00+00:00,84.86000061,84.94000244,84.77999878,84.87000275,781
2026-08-30T23:00:00+00:00,84.87999725,84.91000366,84.75,84.81999969,728
2026-08-30T23:15:00+00:00,84.80000305,84.87000275,84.76999664,84.86000061,434
2026-08-30T23:30:00+00:00,84.84999847,84.84999847,84.69000244,84.69999695,638
2026-08-30T23:45:00+00:00,84.69999695,84.76000214,84.33999634,84.73999786,1586
2026-08-31T00:00:00+00:00,84.73000336,84.80000305,84.52999878,84.58000183,908
2026-08-31T00:15:00+00:00,84.55000305,84.55999756,84.31999969,84.37999725,1356
2026-08-31T00:30:00+00:00,84.37000275,84.41000366,84.12000275,84.33999634,1520
2026-08-31T00:45:00+00:00,84.33999634,84.41999817,84.26999664,84.33999634,576
2026-08-31T01:00:00+00:00,84.33999634,85.29000092,84.30999756,85.04000092,3643
2026-08-31T01:15:00+00:00,85.05999756,85.15000153,84.83000183,84.90000153,1920
2026-08-31T01:30:00+00:00,84.90000153,85.41999817,84.84999847,85.29000092,2146
2026-08-31T01:45:00+00:00,85.29000092,85.47000122,85.13999939,85.19999695,1456
2026-08-31T02:00:00+00:00,85.19999695,85.59999847,85.19000244,85.41000366,1909
2026-08-31T02:15:00+00:00,85.43000031,85.44000244,85.20999908,85.37000275,1571
2026-08-31T02:30:00+00:00,85.36000061,85.63999939,85.31999969,85.51999664,1247
2026-08-31T02:45:00+00:00,85.52999878,85.55000305,85.01000214,85.02999878,1368
2026-08-31T03:00:00+00:00,85.02999878,85.18000031,84.87000275,85.08999634,1379
2026-08-31T03:15:00+00:00,85.06999969,85.08000183,84.93000031,85,541
2026-08-31T03:30:00+00:00,85,85.12000275,84.90000153,85.08000183,466
2026-08-31T03:45:00+00:00,85.05000305,85.11000061,85.01000214,85.08000183,195
2026-08-31T04:00:00+00:00,85.11000061,85.15000153,85.02999878,85.09999847,371
2026-08-31T04:15:00+00:00,85.11000061,85.38999939,85.02999878,85.34999847,741
2026-08-31T04:30:00+00:00,85.34999847,85.40000153,85.16000366,85.18000031,635
2026-08-31T04:45:00+00:00,85.18000031,85.36000061,85.13999939,85.34999847,326
2026-08-31T05:00:00+00:00,85.33999634,85.61000061,85.29000092,85.5,921
2026-08-31T05:15:00+00:00,85.5,85.84999847,85.43000031,85.79000092,1878
2026-08-31T05:30:00+00:00,85.79000092,86.01000214,85.70999908,85.73000336,2153
2026-08-31T05:45:00+00:00,85.72000122,85.75,85.52999878,85.66000366,929
2026-08-31T06:00:00+00:00,85.66000366,85.86000061,85.61000061,85.69999695,1225
2026-08-31T06:15:00+00:00,85.66999817,85.73000336,85.48000336,85.52999878,827
2026-08-31T06:30:00+00:00,85.51000214,85.70999908,85.48999786,85.56999969,636
2026-08-31T06:45:00+00:00,85.55000305,85.61000061,85.33999634,85.34999847,975
2026-08-31T07:00:00+00:00,85.34999847,85.41000366,84.73000336,84.79000092,2185
2026-08-31T07:15:00+00:00,84.80999756,84.84999847,84.47000122,84.79000092,2196
2026-08-31T07:30:00+00:00,84.79000092,84.97000122,84.69999695,84.84999847,961
2026-08-31T07:45:00+00:00,84.84999847,85.47000122,84.81999969,85.41999817,1607
2026-08-31T08:00:00+00:00,85.41999817,85.58999634,85.22000122,85.51999664,1180
2026-08-31T08:15:00+00:00,85.51000214,85.73999786,85.37999725,85.69999695,1982
2026-08-31T08:30:00+00:00,85.69000244,86.51999664,85.62000275,86.38999939,3685
2026-08-31T08:45:00+00:00,86.38999939,86.47000122,86.05999756,86.41000366,1716
2026-08-31T09:00:00+00:00,86.41000366,86.48000336,86.19000244,86.31999969,1142
2026-08-31T09:15:00+00:00,86.33000183,86.56999969,86.02999878,86.19000244,1846
2026-08-31T09:30:00+00:00,86.19999695,86.30000305,86.05999756,86.23000336,687
2026-08-31T09:45:00+00:00,86.26000214,86.65000153,86.19999695,86.47000122,1307
2026-08-31T10:00:00+00:00,86.48000336,86.69000244,86.43000031,86.56999969,1099
2026-08-31T10:15:00+00:00,86.52999878,86.77999878,86.20999908,86.26000214,1542
2026-08-31T10:30:00+00:00,86.27999878,86.44999695,86.11000061,86.33999634,1148
2026-08-31T10:45:00+00:00,86.33000183,86.47000122,86.12999725,86.19999695,766
2026-08-31T11:00:00+00:00,86.22000122,86.38999939,86.16000366,86.33000183,521
2026-08-31T11:15:00+00:00,86.31999969,86.55000305,86.26000214,86.5,741
2026-08-31T11:30:00+00:00,86.48000336,86.69000244,86.41999817,86.54000092,1087
2026-08-31T11:45:00+00:00,86.55000305,86.66000366,86.33000183,86.37999725,801
2026-08-31T12:00:00+00:00,86.38999939,86.55999756,86.06999969,86.06999969,2715
2026-08-31T12:15:00+00:00,86.06999969,86.65000153,86.04000092,86.56999969,2846
2026-08-31T12:30:00+00:00,86.56999969,86.75,85.93000031,85.94000244,3292
2026-08-31T12:45:00+00:00,85.94000244,86.40000153,85.93000031,86.05999756,1553
2026-08-31T13:00:00+00:00,86.05999756,86.23999786,85.48000336,85.48999786,3953
2026-08-31T13:15:00+00:00,85.5,85.75,85.37999725,85.52999878,2962
2026-08-31T13:30:00+00:00,85.51000214,86.37999725,85.45999908,86.20999908,4391
2026-08-31T13:45:00+00:00,86.20999908,86.30999756,85.97000122,86,1827
2026-08-31T14:00:00+00:00,85.98000336,86.04000092,85.44999695,85.56999969,2567
2026-08-31T14:15:00+00:00,85.58999634,85.80000305,85.48999786,85.69000244,1448
2026-08-31T14:30:00+00:00,85.69000244,85.73000336,85.26000214,85.38999939,2858
2026-08-31T14:45:00+00:00,85.40000153,85.54000092,85.18000031,85.29000092,1947
2026-08-31T15:00:00+00:00,85.29000092,85.41999817,85.09999847,85.23000336,1793
2026-08-31T15:15:00+00:00,85.23000336,85.51999664,85.19000244,85.44999695,1276
2026-08-31T15:30:00+00:00,85.45999908,85.61000061,85.19999695,85.48999786,1692
2026-08-31T15:45:00+00:00,85.44999695,85.66000366,85.31999969,85.55999756,1032
2026-08-31T16:00:00+00:00,85.54000092,85.62999725,85.37000275,85.45999908,868
2026-08-31T16:15:00+00:00,85.47000122,85.66000366,85.41999817,85.66000366,703
2026-08-31T16:30:00+00:00,85.66000366,85.68000031,85.30000305,85.38999939,1229
2026-08-31T16:45:00+00:00,85.38999939,85.61000061,85.27999878,85.58999634,967
2026-08-31T17:00:00+00:00,85.59999847,85.88999939,85.59999847,85.70999908,1655
2026-08-31T17:15:00+00:00,85.70999908,85.76000214,85.61000061,85.70999908,683
2026-08-31T17:30:00+00:00,85.73999786,85.76999664,85.52999878,85.58999634,709
2026-08-31T17:45:00+00:00,85.56999969,85.69999695,85.48999786,85.5,912
2026-08-31T18:00:00+00:00,85.5,85.73000336,85.44999695,85.63999939,968
2026-08-31T18:15:00+00:00,85.63999939,85.93000031,85.58999634,85.83999634,1432
2026-08-31T18:30:00+00:00,85.83000183,86,85.80999756,85.83999634,967
2026-08-31T18:45:00+00:00,85.83999634,85.90000153,85.55000305,85.58000183,744
2026-08-31T19:00:00+00:00,85.58999634,85.84999847,85.54000092,85.70999908,798
2026-08-31T19:15:00+00:00,85.70999908,85.77999878,85.66999817,85.73999786,258
2026-08-31T19:30:00+00:00,85.76999664,86.01999664,85.76000214,85.95999908,762
2026-08-31T19:45:00+00:00,85.95999908,86.01999664,85.80000305,85.97000122,1062
2026-08-31T20:00:00+00:00,85.97000122,86.01000214,85.88999939,86,509
2026-08-31T20:15:00+00:00,85.98999786,86.33999634,85.98000336,86.30000305,1024
2026-08-31T20:30:00+00:00,86.30000305,86.37999725,86.26999664,86.30999756,675
2026-08-31T20:45:00+00:00,86.30000305,86.38999939,86.27999878,86.30999756,687
2026-08-31T22:00:00+00:00,86.37000275,86.44000244,86.12000275,86.26000214,466
2026-08-31T22:15:00+00:00,86.25,86.30000305,86.22000122,86.26999664,338
2026-08-31T22:30:00+00:00,86.26999664,86.29000092,86.20999908,86.22000122,165
2026-08-31T22:45:00+00:00,86.20999908,86.41999817,86.19999695,86.41999817,691
2026-08-31T23:00:00+00:00,86.41999817,86.48999786,86.33999634,86.36000061,509
2026-08-31T23:15:00+00:00,86.37000275,86.41999817,86.30000305,86.33000183,298
2026-08-31T23:30:00+00:00,86.33000183,86.44000244,86.33000183,86.37000275,204
2026-08-31T23:45:00+00:00,86.37999725,86.45999908,86.37000275,86.40000153,222
2026-09-01T00:00:00+00:00,86.41999817,86.73000336,86.41000366,86.51999664,1833
2026-09-01T00:15:00+00:00,86.52999878,86.63999939,86.51999664,86.62000275,466
2026-09-01T00:30:00+00:00,86.61000061,86.70999908,86.55999756,86.58000183,534
2026-09-01T00:45:00+00:00,86.58000183,86.69999695,86.52999878,86.55000305,598
2026-09-01T01:00:00+00:00,86.58999634,86.72000122,86.37999725,86.48999786,1510
2026-09-01T01:15:00+00:00,86.48999786,86.66000366,86.44999695,86.54000092,597
2026-09-01T01:30:00+00:00,86.52999878,86.73000336,86.51999664,86.55000305,661
2026-09-01T01:45:00+00:00,86.54000092,86.55000305,86.30999756,86.33000183,931
2026-09-01T02:00:00+00:00,86.31999969,86.44999695,86.30000305,86.41000366,586
2026-09-01T02:15:00+00:00,86.38999939,86.56999969,86.38999939,86.44999695,467
2026-09-01T02:30:00+00:00,86.47000122,86.77999878,86.47000122,86.73000336,1205
2026-09-01T02:45:00+00:00,86.72000122,86.81999969,86.58000183,86.62999725,1078
2026-09-01T03:00:00+00:00,86.65000153,86.80999756,86.62000275,86.76000214,659
2026-09-01T03:15:00+00:00,86.75,86.75,86.59999847,86.68000031,569
2026-09-01T03:30:00+00:00,86.66999817,86.72000122,86.61000061,86.69000244,363
2026-09-01T03:45:00+00:00,86.68000031,86.76999664,86.62999725,86.73000336,629
2026-09-01T04:00:00+00:00,86.75,86.76000214,86.63999939,86.69999695,397
2026-09-01T04:15:00+00:00,86.69999695,86.77999878,86.68000031,86.73000336,388
2026-09-01T04:30:00+00:00,86.75,87.08000183,86.73000336,87,1281
2026-09-01T04:45:00+00:00,87,87.06999969,86.91000366,86.98000336,673
2026-09-01T05:00:00+00:00,87.01000214,87.04000092,86.88999939,86.94000244,463
2026-09-01T05:15:00+00:00,86.94000244,86.98000336,86.84999847,86.93000031,568
2026-09-01T05:30:00+00:00,86.93000031,87.06999969,86.30000305,86.41999817,3018
2026-09-01T05:45:00+00:00,86.43000031,86.48000336,86.23000336,86.44000244,2054
2026-09-01T06:00:00+00:00,86.43000031,86.77999878,86.40000153,86.76000214,1321
2026-09-01T06:15:00+00:00,86.75,86.75,86.52999878,86.58999634,593
2026-09-01T06:30:00+00:00,86.58000183,86.58999634,86.29000092,86.45999908,821
2026-09-01T06:45:00+00:00,86.44000244,86.58000183,86.37999725,86.54000092,754
2026-09-01T07:00:00+00:00,86.54000092,87.02999878,86.33999634,86.68000031,2081
2026-09-01T07:15:00+00:00,86.66999817,87.16999817,86.66999817,87.02999878,2479
2026-09-01T07:30:00+00:00,87.02999878,87.12000275,86.93000031,87.06999969,814
2026-09-01T07:45:00+00:00,87.08000183,87.25,86.93000031,86.94000244,1517
2026-09-01T08:00:00+00:00,86.93000031,87.58999634,86.88999939,87.25,3189
2026-09-01T08:15:00+00:00,87.25,87.56999969,87.18000031,87.56999969,1555
2026-09-01T08:30:00+00:00,87.55999756,87.98000336,87.34999847,87.91999817,3174
2026-09-01T08:45:00+00:00,87.93000031,88.08999634,87.76000214,88.02999878,1994
2026-09-01T09:00:00+00:00,88.02999878,88.02999878,87.66999817,87.80999756,1329
2026-09-01T09:15:00+00:00,87.80999756,88.05999756,87.70999908,88.04000092,946
2026-09-01T09:30:00+00:00,88.04000092,88.12000275,87.83999634,87.87999725,1008
2026-09-01T09:45:00+00:00,87.88999939,88.11000061,87.81999969,87.97000122,998
2026-09-01T10:00:00+00:00,87.97000122,88.11000061,87.77999878,87.91000366,1287
2026-09-01T10:15:00+00:00,87.91000366,87.94000244,87.66999817,87.73999786,1184
2026-09-01T10:30:00+00:00,87.73999786,87.83000183,87.56999969,87.79000092,1244
2026-09-01T10:45:00+00:00,87.79000092,87.94999695,87.62999725,87.80999756,1163
2026-09-01T11:00:00+00:00,87.80000305,87.98000336,87.76000214,87.83000183,691
2026-09-01T11:15:00+00:00,87.83000183,87.83999634,87.61000061,87.66999817,623
2026-09-01T11:30:00+00:00,87.65000153,87.69000244,87.41000366,87.55000305,1396
2026-09-01T11:45:00+00:00,87.55000305,87.87999725,87.54000092,87.84999847,1569
2026-09-01T12:00:00+00:00,87.84999847,88.02999878,87.33000183,87.33000183,2605
2026-09-01T12:15:00+00:00,87.34999847,87.91999817,87.30000305,87.83000183,2632
2026-09-01T12:30:00+00:00,87.83999634,88.22000122,87.83000183,88.09999847,3029
2026-09-01T12:45:00+00:00,88.11000061,88.12000275,87.87999725,87.95999908,1618
2026-09-01T13:00:00+00:00,87.97000122,88.37999725,87.97000122,88.16000366,4005
2026-09-01T13:15:00+00:00,88.16000366,88.40000153,88.06999969,88.23999786,2047
2026-09-01T13:30:00+00:00,88.23000336,88.43000031,88.01000214,88.37000275,3037
2026-09-01T13:45:00+00:00,88.37999725,88.54000092,88.26999664,88.36000061,2841
2026-09-01T14:00:00+00:00,88.33999634,88.37999725,87.58999634,87.65000153,4655
2026-09-01T14:15:00+00:00,87.65000153,87.76000214,87.48999786,87.62000275,3772
2026-09-01T14:30:00+00:00,87.59999847,87.94999695,87.51000214,87.80999756,4201
2026-09-01T14:45:00+00:00,87.80999756,87.94999695,87.55999756,87.94999695,2728
2026-09-01T15:00:00+00:00,87.95999908,88.11000061,87.76000214,87.87000275,2522
2026-09-01T15:15:00+00:00,87.88999939,88.22000122,87.73000336,87.97000122,2957
2026-09-01T15:30:00+00:00,87.97000122,88.25,87.95999908,88.19999695,1923
2026-09-01T15:45:00+00:00,88.20999908,88.38999939,88.18000031,88.33999634,2236
2026-09-01T16:00:00+00:00,88.33000183,88.95999908,88.27999878,88.93000031,6615
2026-09-01T16:15:00+00:00,88.93000031,89.88999939,88.73000336,89.72000122,11105
2026-09-01T16:30:00+00:00,89.73000336,89.94999695,89.38999939,89.48000336,6830
2026-09-01T16:45:00+00:00,89.47000122,89.62000275,89.20999908,89.54000092,4434
2026-09-01T17:00:00+00:00,89.54000092,89.73999786,89.33000183,89.51999664,2697
2026-09-01T17:15:00+00:00,89.52999878,89.93000031,89.48000336,89.58999634,2503
2026-09-01T17:30:00+00:00,89.58999634,90.12999725,89.56999969,89.97000122,4201
2026-09-01T17:45:00+00:00,89.98999786,90.08999634,89.83000183,89.87000275,1884
2026-09-01T18:00:00+00:00,89.87000275,90.05999756,89.63999939,89.93000031,2199
2026-09-01T18:15:00+00:00,89.91000366,90.29000092,89.87000275,90.27999878,3282
2026-09-01T18:30:00+00:00,90.27999878,90.56999969,90.26000214,90.43000031,3551
2026-09-01T18:45:00+00:00,90.41999817,90.55000305,90.30999756,90.51000214,1734
2026-09-01T19:00:00+00:00,90.48999786,90.59999847,90.33999634,90.37999725,1399
2026-09-01T19:15:00+00:00,90.37000275,90.58999634,90.29000092,90.55000305,1546
2026-09-01T19:30:00+00:00,90.55999756,90.63999939,90.41000366,90.54000092,1402
2026-09-01T19:45:00+00:00,90.54000092,90.69000244,90.48000336,90.65000153,1183
2026-09-01T20:00:00+00:00,90.63999939,90.98000336,90.61000061,90.93000031,3735
2026-09-01T20:15:00+00:00,90.91000366,90.94000244,90.62000275,90.79000092,1718
2026-09-01T20:30:00+00:00,90.73999786,90.87999725,90.44000244,90.52999878,1849
2026-09-01T20:45:00+00:00,90.54000092,90.70999908,90.52999878,90.69999695,984
2026-09-01T22:00:00+00:00,90.66999817,91.01999664,90.55000305,90.94000244,1208
2026-09-01T22:15:00+00:00,90.94000244,91,90.80999756,90.98000336,655
2026-09-01T22:30:00+00:00,90.95999908,90.95999908,90.79000092,90.81999969,683
2026-09-01T22:45:00+00:00,90.83000183,90.87999725,90.72000122,90.84999847,621
2026-09-01T23:00:00+00:00,90.86000061,90.87999725,90.77999878,90.86000061,229
2026-09-01T23:15:00+00:00,90.86000061,90.86000061,90.76000214,90.80000305,265
2026-09-01T23:30:00+00:00,90.79000092,90.81999969,90.65000153,90.76000214,642
2026-09-01T23:45:00+00:00,90.73999786,90.83000183,90.72000122,90.77999878,393
2026-09-02T00:00:00+00:00,90.76000214,91.23000336,90.66999817,91.01000214,2401
2026-09-02T00:15:00+00:00,91.01999664,91.33000183,90.77999878,91.13999939,2589
2026-09-02T00:30:00+00:00,91.13999939,91.73999786,91.13999939,91.62999725,3383
2026-09-02T00:45:00+00:00,91.62999725,92.08000183,91.52999878,92.05000305,3151
2026-09-02T01:00:00+00:00,92.05999756,92.30000305,91.68000031,91.73000336,4659
2026-09-02T01:15:00+00:00,91.76999664,91.81999969,91.37999725,91.69000244,2377
2026-09-02T01:30:00+00:00,91.72000122,91.98999786,91.59999847,91.91999817,1870
2026-09-02T01:45:00+00:00,91.93000031,91.98999786,91.25,91.30000305,2690
2026-09-02T02:00:00+00:00,91.30999756,91.55000305,91,91.05999756,2667
2026-09-02T02:15:00+00:00,91.05000305,91.13999939,90.84999847,90.86000061,1501
2026-09-02T02:30:00+00:00,90.86000061,90.98999786,90.81999969,90.87999725,1357
2026-09-02T02:45:00+00:00,90.87000275,90.94000244,90.72000122,90.75,1305
2026-09-02T03:00:00+00:00,90.76000214,90.88999939,90.63999939,90.75,1309
2026-09-02T03:15:00+00:00,90.76000214,90.86000061,90.58000183,90.69000244,1045
2026-09-02T03:30:00+00:00,90.68000031,90.77999878,90.62000275,90.65000153,687
2026-09-02T03:45:00+00:00,90.66999817,90.81999969,90.59999847,90.69999695,460
2026-09-02T04:00:00+00:00,90.69999695,90.80000305,90.62999725,90.75,461
2026-09-02T04:15:00+00:00,90.76999664,90.77999878,90.55999756,90.58999634,471
2026-09-02T04:30:00+00:00,90.59999847,90.62000275,90.41999817,90.55000305,985
2026-09-02T04:45:00+00:00,90.55000305,90.61000061,90.5,90.52999878,311
2026-09-02T05:00:00+00:00,90.54000092,90.83999634,90.5,90.66000366,1158
2026-09-02T05:15:00+00:00,90.68000031,90.69000244,90.45999908,90.58999634,765
2026-09-02T05:30:00+00:00,90.58999634,90.76999664,90.5,90.62999725,786
2026-09-02T05:45:00+00:00,90.62000275,90.80999756,90.52999878,90.79000092,607
2026-09-02T06:00:00+00:00,90.76999664,90.87000275,90.63999939,90.83999634,1049
2026-09-02T06:15:00+00:00,90.83999634,90.95999908,90.62000275,90.94000244,1032
2026-09-02T06:30:00+00:00,90.94999695,90.98000336,90.44999695,90.69999695,1499
2026-09-02T06:45:00+00:00,90.69999695,90.87999725,90.56999969,90.62000275,943
2026-09-02T07:00:00+00:00,90.59999847,90.69000244,90.05000305,90.23000336,2950
2026-09-02T07:15:00+00:00,90.23999786,90.37000275,90.09999847,90.22000122,1125
2026-09-02T07:30:00+00:00,90.23000336,90.26999664,89.91000366,90.05999756,1722
2026-09-02T07:45:00+00:00,90.05000305,90.26000214,89.93000031,90.15000153,983
2026-09-02T08:00:00+00:00,90.13999939,90.19000244,89.91000366,90.08000183,1298
2026-09-02T08:15:00+00:00,90.08999634,90.44999695,89.98000336,90.23000336,2297
2026-09-02T08:30:00+00:00,90.22000122,90.41999817,90.01999664,90.33000183,1446
2026-09-02T08:45:00+00:00,90.31999969,90.45999908,90.12000275,90.22000122,977
2026-09-02T09:00:00+00:00,90.23000336,90.5,90.08999634,90.48999786,1012
2026-09-02T09:15:00+00:00,90.45999908,90.69999695,90.40000153,90.45999908,1155
2026-09-02T09:30:00+00:00,90.47000122,90.55000305,90.19000244,90.34999847,1106
2026-09-02T09:45:00+00:00,90.34999847,90.55000305,90.12999725,90.54000092,945
2026-09-02T10:00:00+00:00,90.51999664,90.58000183,90.16000366,90.16000366,1055
2026-09-02T10:15:00+00:00,90.16999817,90.34999847,90.09999847,90.33000183,932
2026-09-02T10:30:00+00:00,90.33000183,90.55000305,90.30000305,90.41999817,877
2026-09-02T10:45:00+00:00,90.41999817,90.5,90.22000122,90.22000122,630
2026-09-02T11:00:00+00:00,90.25,90.41999817,89.41999817,89.51999664,3334
2026-09-02T11:15:00+00:00,89.51999664,89.83000183,89.5,89.66999817,2652
2026-09-02T11:30:00+00:00,89.68000031,89.73000336,89.26999664,89.56999969,2146
2026-09-02T11:45:00+00:00,89.55999756,89.66000366,89.05999756,89.09999847,3042
2026-09-02T12:00:00+00:00,89.12000275,89.34999847,89.02999878,89.26000214,2312
2026-09-02T12:15:00+00:00,89.26999664,89.70999908,89.26999664,89.70999908,2045
2026-09-02T12:30:00+00:00,89.69999695,89.70999908,89.45999908,89.56999969,1020
2026-09-02T12:45:00+00:00,89.61000061,89.93000031,89.58000183,89.84999847,1803
2026-09-02T13:00:00+00:00,89.84999847,89.87000275,89.41000366,89.73999786,2304
2026-09-02T13:15:00+00:00,89.73000336,89.87000275,89.43000031,89.63999939,1557
2026-09-02T13:30:00+00:00,89.63999939,89.76999664,89.30000305,89.48000336,2330
2026-09-02T13:45:00+00:00,89.47000122,89.72000122,89.04000092,89.08000183,2225
2026-09-02T14:00:00+00:00,89.08000183,89.69999695,88.94999695,89.56999969,4132
2026-09-02T14:15:00+00:00,89.55000305,89.98000336,89.37999725,89.98000336,2246
2026-09-02T14:30:00+00:00,89.98000336,90.19000244,89.81999969,90.12999725,3383
2026-09-02T14:45:00+00:00,90.12000275,90.58000183,90.12000275,90.56999969,3482
2026-09-02T15:00:00+00:00,90.56999969,90.84999847,90.36000061,90.70999908,3808
2026-09-02T15:15:00+00:00,90.72000122,90.84999847,90.52999878,90.58000183,2318
2026-09-02T15:30:00+00:00,90.58000183,90.88999939,90.55000305,90.80999756,2186
2026-09-02T15:45:00+00:00,90.80000305,90.97000122,90.51000214,90.55999756,1713
2026-09-02T16:00:00+00:00,90.61000061,90.83000183,90.51000214,90.66999817,1720
2026-09-02T16:15:00+00:00,90.66999817,90.93000031,90.62000275,90.91000366,1530
2026-09-02T16:30:00+00:00,90.91000366,91.19000244,90.73999786,91.13999939,2315
2026-09-02T16:45:00+00:00,91.12999725,91.16000366,90.84999847,90.93000031,1859
2026-09-02T17:00:00+00:00,90.93000031,91.23000336,90.69999695,91.18000031,2168
2026-09-02T17:15:00+00:00,91.19000244,91.19999695,90.98999786,91.05000305,1270
2026-09-02T17:30:00+00:00,91.08000183,91.29000092,91.02999878,91.23000336,1253
2026-09-02T17:45:00+00:00,91.25,91.25,90.76999664,90.88999939,1799
2026-09-02T18:00:00+00:00,90.90000153,91.48000336,90.84999847,91.36000061,3187
2026-09-02T18:15:00+00:00,91.36000061,91.40000153,90.61000061,90.94000244,5693
2026-09-02T18:30:00+00:00,90.95999908,90.98999786,90.63999939,90.73000336,2323
2026-09-02T18:45:00+00:00,90.73000336,90.86000061,90.62999725,90.84999847,1015
2026-09-02T19:00:00+00:00,90.83999634,90.94999695,90.75,90.83000183,844
2026-09-02T19:15:00+00:00,90.84999847,91.01999664,90.83000183,90.93000031,680
2026-09-02T19:30:00+00:00,90.91000366,91.01000214,90.84999847,90.94999695,448
2026-09-02T19:45:00+00:00,90.94999695,91,90.72000122,90.79000092,752
2026-09-02T20:00:00+00:00,90.77999878,90.77999878,90.30999756,90.44999695,1825
2026-09-02T20:15:00+00:00,90.47000122,90.76000214,90.40000153,90.69000244,878
2026-09-02T20:30:00+00:00,90.69999695,90.80000305,90.56999969,90.72000122,606
2026-09-02T20:45:00+00:00,90.72000122,90.72000122,90.59999847,90.62999725,862
2026-09-02T22:00:00+00:00,90.69000244,90.77999878,90.63999939,90.73000336,155
2026-09-02T22:15:00+00:00,90.73000336,90.80999756,90.72000122,90.77999878,287
2026-09-02T22:30:00+00:00,90.77999878,90.80999756,90.73999786,90.75,366
2026-09-02T22:45:00+00:00,90.75,90.77999878,90.73999786,90.75,140
2026-09-02T23:00:00+00:00,90.75,90.76999664,90.66000366,90.66999817,436
2026-09-02T23:15:00+00:00,90.66000366,90.73000336,90.63999939,90.69999695,211
2026-09-02T23:30:00+00:00,90.68000031,90.70999908,90.58000183,90.59999847,239
2026-09-02T23:45:00+00:00,90.61000061,90.65000153,90.52999878,90.56999969,278
2026-09-03T00:00:00+00:00,90.58000183,90.75,90.51000214,90.68000031,1211
2026-09-03T00:15:00+00:00,90.68000031,90.88999939,90.66000366,90.75,675
2026-09-03T00:30:00+00:00,90.75,90.81999969,90.69000244,90.73000336,259
2026-09-03T00:45:00+00:00,90.73000336,90.84999847,90.68000031,90.73999786,335
2026-09-03T01:00:00+00:00,90.75,90.83000183,90.54000092,90.69999695,827
2026-09-03T01:15:00+00:00,90.72000122,91.05000305,90.72000122,90.90000153,1288
2026-09-03T01:30:00+00:00,90.91000366,91.22000122,90.83000183,91.19999695,1358
2026-09-03T01:45:00+00:00,91.19000244,91.44999695,91.08999634,91.37000275,1522
2026-09-03T02:00:00+00:00,91.37000275,91.45999908,91.05000305,91.06999969,1440
2026-09-03T02:15:00+00:00,91.08999634,91.16000366,90.95999908,91.11000061,872
2026-09-03T02:30:00+00:00,91.12999725,91.30000305,91.05999756,91.23000336,647
2026-09-03T02:45:00+00:00,91.23999786,91.25,90.91000366,91.05999756,1191
2026-09-03T03:00:00+00:00,91.05000305,91.18000031,91.04000092,91.05000305,703
2026-09-03T03:15:00+00:00,91.04000092,91.15000153,90.97000122,91.11000061,603
2026-09-03T03:30:00+00:00,91.09999847,91.09999847,90.93000031,91,424
2026-09-03T03:45:00+00:00,91,91.05000305,90.87000275,91.05000305,616
2026-09-03T04:00:00+00:00,91.01999664,91.01999664,90.88999939,90.88999939,450
2026-09-03T04:15:00+00:00,90.90000153,90.91000366,90.76000214,90.84999847,910
2026-09-03T04:30:00+00:00,90.83999634,90.86000061,90.65000153,90.66000366,482
2026-09-03T04:45:00+00:00,90.66000366,90.70999908,90.55000305,90.55000305,603
2026-09-03T05:00:00+00:00,90.55999756,90.63999939,90.48000336,90.48999786,581
2026-09-03T05:15:00+00:00,90.5,90.52999878,90.18000031,90.23000336,1712
2026-09-03T05:30:00+00:00,90.20999908,90.27999878,89.84999847,90.13999939,2760
2026-09-03T05:45:00+00:00,90.12999725,90.16999817,89.86000061,89.95999908,1140
2026-09-03T06:00:00+00:00,89.94999695,90.12000275,89.87000275,90.06999969,1046
2026-09-03T06:15:00+00:00,90.05999756,90.05999756,89.59999847,89.95999908,2117
2026-09-03T06:30:00+00:00,89.94999695,90.22000122,89.94999695,90.05999756,1202
2026-09-03T06:45:00+00:00,90.05000305,90.19000244,89.87999725,90.06999969,1013
2026-09-03T07:00:00+00:00,90.05999756,90.29000092,89.94000244,90.25,1077
2026-09-03T07:15:00+00:00,90.26000214,90.58999634,90.12999725,90.55000305,1334
2026-09-03T07:30:00+00:00,90.55999756,90.73000336,90.26999664,90.51999664,1515
2026-09-03T07:45:00+00:00,90.52999878,90.59999847,90.36000061,90.59999847,719
2026-09-03T08:00:00+00:00,90.56999969,90.73000336,89.56999969,90.30999756,5191
2026-09-03T08:15:00+00:00,90.33000183,90.77999878,90.26999664,90.55000305,2371
2026-09-03T08:30:00+00:00,90.55000305,90.93000031,90.55000305,90.84999847,1350
2026-09-03T08:45:00+00:00,90.86000061,91.34999847,90.76000214,91.34999847,2168
2026-09-03T09:00:00+00:00,91.33999634,91.68000031,91.26000214,91.31999969,2884
2026-09-03T09:15:00+00:00,91.30000305,91.61000061,91.12999725,91.44999695,1732
2026-09-03T09:30:00+00:00,91.47000122,91.76999664,91.40000153,91.63999939,1353
2026-09-03T09:45:00+00:00,91.63999939,92.55999756,91.62000275,92.34999847,3965
2026-09-03T10:00:00+00:00,92.34999847,92.68000031,92.16999817,92.5,3349
2026-09-03T10:15:00+00:00,92.5,92.95999908,92.5,92.65000153,2768
2026-09-03T10:30:00+00:00,92.63999939,93.15000153,92.58000183,92.90000153,2356
2026-09-03T10:45:00+00:00,92.88999939,93.09999847,92.73000336,92.84999847,1955
2026-09-03T11:00:00+00:00,92.83999634,92.84999847,92.12000275,92.29000092,3802
2026-09-03T11:15:00+00:00,92.30000305,92.62999725,92.16999817,92.48000336,2410
2026-09-03T11:30:00+00:00,92.47000122,92.93000031,92.37999725,92.90000153,2781
2026-09-03T11:45:00+00:00,92.91999817,93.08000183,92.87999725,92.98999786,2665
2026-09-03T12:00:00+00:00,92.98999786,93.05000305,92.40000153,92.41999817,2743
2026-09-03T12:15:00+00:00,92.41000366,92.41999817,91.97000122,92.08999634,3039
2026-09-03T12:30:00+00:00,92.08000183,92.54000092,91.91000366,92.48000336,3247
2026-09-03T12:45:00+00:00,92.45999908,92.5,91.56999969,91.80000305,4112
2026-09-03T13:00:00+00:00,91.80999756,92.05999756,91.62000275,91.69000244,2946
2026-09-03T13:15:00+00:00,91.69000244,92,91.52999878,91.65000153,2654
2026-09-03T13:30:00+00:00,91.63999939,92.01999664,91.51999664,91.94999695,3746
2026-09-03T13:45:00+00:00,91.91999817,92.29000092,91.68000031,91.76999664,3609
2026-09-03T14:00:00+00:00,91.80000305,92.26999664,91.72000122,91.98000336,3005
2026-09-03T14:15:00+00:00,91.98999786,92.34999847,91.98000336,92.19999695,2561
2026-09-03T14:30:00+00:00,92.23000336,92.48999786,92.05000305,92.08999634,2947
2026-09-03T14:45:00+00:00,92.09999847,92.48000336,91.77999878,92.02999878,3641
2026-09-03T15:00:00+00:00,92.02999878,92.63999939,91.88999939,92.48000336,3865
2026-09-03T15:15:00+00:00,92.47000122,92.58999634,91.94000244,91.97000122,3478
2026-09-03T15:30:00+00:00,91.97000122,91.97000122,91.37999725,91.55000305,5647
2026-09-03T15:45:00+00:00,91.55000305,91.77999878,91.06999969,91.23999786,4355
2026-09-03T16:00:00+00:00,91.23999786,91.45999908,91.05000305,91.34999847,3025
2026-09-03T16:15:00+00:00,91.34999847,91.70999908,91.18000031,91.66999817,2006
2026-09-03T16:30:00+00:00,91.66999817,91.83999634,91.36000061,91.48000336,2317
2026-09-03T16:45:00+00:00,91.48000336,91.65000153,91.30999756,91.63999939,1154
2026-09-03T17:00:00+00:00,91.65000153,92.01999664,91.55999756,91.95999908,2032
2026-09-03T17:15:00+00:00,91.94999695,92.09999847,91.75,91.79000092,1417
2026-09-03T17:30:00+00:00,91.73000336,91.73999786,91.34999847,91.48999786,1557
2026-09-03T17:45:00+00:00,91.5,91.59999847,91.27999878,91.30999756,807
2026-09-03T18:00:00+00:00,91.44999695,91.5,90.94000244,91.01999664,2088
2026-09-03T18:15:00+00:00,91.01999664,91.34999847,90.86000061,91.34999847,2980
2026-09-03T18:30:00+00:00,91.31999969,91.48000336,91.30000305,91.41000366,1030
2026-09-03T18:45:00+00:00,91.41000366,91.63999939,91.33000183,91.62000275,921
2026-09-03T19:00:00+00:00,91.63999939,91.69999695,91.5,91.62000275,741
2026-09-03T19:15:00+00:00,91.61000061,91.65000153,91.47000122,91.48000336,561
2026-09-03T19:30:00+00:00,91.47000122,91.48999786,91.27999878,91.41999817,784
2026-09-03T19:45:00+00:00,91.44000244,91.68000031,91.43000031,91.68000031,901
2026-09-03T20:00:00+00:00,91.69000244,91.86000061,91.62999725,91.72000122,992
2026-09-03T20:15:00+00:00,91.69000244,91.76999664,91.68000031,91.69000244,343
2026-09-03T20:30:00+00:00,91.69999695,91.77999878,91.59999847,91.65000153,522
2026-09-03T20:45:00+00:00,91.66000366,91.76999664,91.61000061,91.68000031,564
2026-09-03T22:00:00+00:00,91.68000031,91.80999756,91.59999847,91.76999664,400
2026-09-03T22:15:00+00:00,91.76999664,91.80000305,91.73000336,91.76000214,204
2026-09-03T22:30:00+00:00,91.73999786,91.83000183,91.72000122,91.75,217
2026-09-03T22:45:00+00:00,91.75,91.81999969,91.72000122,91.81999969,134
2026-09-03T23:00:00+00:00,91.80999756,91.88999939,91.76000214,91.84999847,251
2026-09-03T23:15:00+00:00,91.86000061,91.91000366,91.80000305,91.80000305,250
2026-09-03T23:30:00+00:00,91.80000305,91.90000153,91.75,91.87000275,243
2026-09-03T23:45:00+00:00,91.86000061,91.86000061,91.76999664,91.84999847,393
2026-09-04T00:00:00+00:00,91.83999634,91.94000244,91.55999756,91.58999634,1085
2026-09-04T00:15:00+00:00,91.59999847,91.66000366,91.52999878,91.55999756,496
2026-09-04T00:30:00+00:00,91.55999756,91.61000061,91.45999908,91.52999878,511
2026-09-04T00:45:00+00:00,91.54000092,91.62999725,91.40000153,91.58000183,820
2026-09-04T01:00:00+00:00,91.58000183,91.77999878,91.48999786,91.72000122,1371
2026-09-04T01:15:00+00:00,91.73000336,91.90000153,91.68000031,91.69999695,1244
2026-09-04T01:30:00+00:00,91.70999908,92.04000092,91.68000031,91.87999725,1406
2026-09-04T01:45:00+00:00,91.87000275,92.16000366,91.80999756,92.01000214,1404
2026-09-04T02:00:00+00:00,92,92.08999634,91.80999756,91.84999847,926
2026-09-04T02:15:00+00:00,91.83999634,91.84999847,91.66000366,91.70999908,584
2026-09-04T02:30:00+00:00,91.72000122,92.02999878,91.66000366,92,953
2026-09-04T02:45:00+00:00,91.98999786,92.12000275,91.76999664,91.83000183,949
2026-09-04T03:00:00+00:00,91.81999969,91.91000366,91.66000366,91.76999664,630
2026-09-04T03:15:00+00:00,91.73000336,91.97000122,91.73000336,91.91000366,384
2026-09-04T03:30:00+00:00,91.90000153,92.01999664,91.87000275,91.94000244,356
2026-09-04T03:45:00+00:00,91.94000244,92.05000305,91.86000061,92.01000214,412
2026-09-04T04:00:00+00:00,92.04000092,92.13999939,92,92.08000183,514
2026-09-04T04:15:00+00:00,92.08000183,92.08999634,91.83999634,91.86000061,499
2026-09-04T04:30:00+00:00,91.87000275,91.87999725,91.62999725,91.69999695,961
2026-09-04T04:45:00+00:00,91.69000244,91.69999695,91.58999634,91.58999634,485
2026-09-04T05:00:00+00:00,91.58999634,91.66000366,91.41000366,91.44999695,1021
2026-09-04T05:15:00+00:00,91.47000122,91.55999756,91.37000275,91.41000366,768
2026-09-04T05:30:00+00:00,91.41000366,91.56999969,91.33999634,91.5,1038
2026-09-04T05:45:00+00:00,91.51000214,91.72000122,91.30000305,91.41999817,1262
2026-09-04T06:00:00+00:00,91.41000366,91.70999908,91.40000153,91.48999786,886
2026-09-04T06:15:00+00:00,91.47000122,91.48999786,91.30000305,91.44000244,678
2026-09-04T06:30:00+00:00,91.41999817,91.58999634,91.31999969,91.33999634,838
2026-09-04T06:45:00+00:00,91.33999634,91.65000153,91.33000183,91.43000031,896
2026-09-04T07:00:00+00:00,91.41999817,91.68000031,91.41999817,91.56999969,826
2026-09-04T07:15:00+00:00,91.59999847,91.75,91.37999725,91.48000336,1316
2026-09-04T07:30:00+00:00,91.47000122,91.5,91.01999664,91.09999847,1712
2026-09-04T07:45:00+00:00,91.08000183,91.08999634,90.63999939,90.73999786,2827
2026-09-04T08:00:00+00:00,90.73999786,91.05000305,90.55999756,90.69000244,2153
2026-09-04T08:15:00+00:00,90.69999695,90.77999878,90.44000244,90.69000244,2253
2026-09-04T08:30:00+00:00,90.68000031,90.94999695,90.51000214,90.73999786,1769
2026-09-04T08:45:00+00:00,90.76000214,90.80000305,90.37000275,90.73000336,1345
2026-09-04T09:00:00+00:00,90.70999908,91.04000092,90.68000031,90.97000122,1355
2026-09-04T09:15:00+00:00,90.98000336,91,90.66000366,90.66000366,892
2026-09-04T09:30:00+00:00,90.66999817,90.93000031,90.61000061,90.91000366,562
2026-09-04T09:45:00+00:00,90.88999939,91.16000366,90.79000092,91.12000275,1034
2026-09-04T10:00:00+00:00,91.11000061,91.12000275,90.87000275,90.98000336,1025
2026-09-04T10:15:00+00:00,90.98000336,90.98000336,90.51000214,90.61000061,1578
2026-09-04T10:30:00+00:00,90.62000275,90.72000122,90.44999695,90.55999756,1251
2026-09-04T10:45:00+00:00,90.55999756,90.56999969,90.30000305,90.38999939,1163
2026-09-04T11:00:00+00:00,90.40000153,90.68000031,90.40000153,90.61000061,778
2026-09-04T11:15:00+00:00,90.62000275,90.79000092,90.55000305,90.70999908,865
2026-09-04T11:30:00+00:00,90.72000122,90.88999939,90.65000153,90.76999664,700
2026-09-04T11:45:00+00:00,90.76000214,90.86000061,90.61000061,90.75,776
2026-09-04T12:00:00+00:00,90.75,90.79000092,90.37000275,90.40000153,1266
2026-09-04T12:15:00+00:00,90.41999817,90.48999786,90.25,90.31999969,1160
2026-09-04T12:30:00+00:00,90.26999664,90.65000153,90.25,90.45999908,2839
2026-09-04T12:45:00+00:00,90.45999908,90.48999786,89.86000061,89.88999939,4021
2026-09-04T13:00:00+00:00,89.91999817,90.40000153,89.88999939,90.31999969,3267
2026-09-04T13:15:00+00:00,90.33000183,90.44999695,89.91000366,90.11000061,2318
2026-09-04T13:30:00+00:00,90.11000061,90.16000366,88.87000275,89.23000336,8633
2026-09-04T13:45:00+00:00,89.20999908,89.30999756,88.73000336,89.01999664,4747
2026-09-04T14:00:00+00:00,89.02999878,89.62999725,89.01999664,89.19999695,5531
2026-09-04T14:15:00+00:00,89.19999695,89.73000336,89.16999817,89.65000153,3155
2026-09-04T14:30:00+00:00,89.63999939,90.34999847,89.62000275,90.29000092,4215
2026-09-04T14:45:00+00:00,90.27999878,90.90000153,90.22000122,90.86000061,4646
2026-09-04T15:00:00+00:00,90.87999725,90.98999786,90.16000366,90.34999847,4722
2026-09-04T15:15:00+00:00,90.34999847,90.66000366,90.30999756,90.65000153,1780
2026-09-04T15:30:00+00:00,90.65000153,90.87999725,90.56999969,90.76000214,2725
2026-09-04T15:45:00+00:00,90.76000214,91.12999725,90.70999908,90.97000122,3097
2026-09-04T16:00:00+00:00,90.95999908,91.05999756,90.68000031,90.75,1981
2026-09-04T16:15:00+00:00,90.75,90.80000305,90.48999786,90.59999847,1457
2026-09-04T16:30:00+00:00,90.61000061,90.83000183,90.52999878,90.80000305,1043
2026-09-04T16:45:00+00:00,90.80999756,91.19999695,90.63999939,91.16999817,1921
2026-09-04T17:00:00+00:00,91.18000031,91.33999634,90.68000031,90.73999786,3341
2026-09-04T17:15:00+00:00,90.72000122,90.98999786,90.66000366,90.98999786,1462
2026-09-04T17:30:00+00:00,90.98999786,91.08000183,90.83000183,90.91999817,1646
2026-09-04T17:45:00+00:00,90.91999817,91.05000305,90.80999756,90.80999756,1420
2026-09-04T18:00:00+00:00,90.80999756,91.15000153,90.76000214,91.04000092,1773
2026-09-04T18:15:00+00:00,91.02999878,91.59999847,90.98999786,91.48000336,2560
2026-09-04T18:30:00+00:00,91.48000336,91.77999878,91.36000061,91.66000366,2778
2026-09-04T18:45:00+00:00,91.65000153,91.73999786,91.47000122,91.5,1406
2026-09-04T19:00:00+00:00,91.51000214,91.51999664,91.36000061,91.41999817,914
2026-09-04T19:15:00+00:00,91.41999817,91.52999878,91.41999817,91.48999786,587
2026-09-04T19:30:00+00:00,91.48000336,91.52999878,91.30999756,91.31999969,650
2026-09-04T19:45:00+00:00,91.31999969,91.43000031,91.25,91.34999847,1137
2026-09-04T20:00:00+00:00,91.34999847,91.5,91.30999756,91.31999969,712
2026-09-04T20:15:00+00:00,91.31999969,91.36000061,91.23000336,91.25,640
2026-09-04T20:30:00+00:00,91.25,91.33000183,91.13999939,91.26000214,673
2026-09-04T20:45:00+00:00,91.27999878,91.48000336,91.12999725,91.48000336,1257
2026-09-08T04:00:00+00:00,92.88999939,92.98000336,92.83999634,92.95999908,466
2026-09-08T04:15:00+00:00,92.95999908,93.05000305,92.91999817,93,488
2026-09-08T04:30:00+00:00,93.01999664,93.08000183,92.97000122,93.05000305,407
2026-09-08T04:45:00+00:00,93.06999969,93.19999695,93.01000214,93.05999756,1004
2026-09-08T05:00:00+00:00,93.05999756,93.13999939,92.97000122,93.13999939,519
2026-09-08T05:15:00+00:00,93.12999725,93.33999634,93.12000275,93.30999756,1362
2026-09-08T05:30:00+00:00,93.30000305,93.59999847,93.26000214,93.37000275,2406
2026-09-08T05:45:00+00:00,93.38999939,93.76999664,93.37000275,93.62000275,1933
2026-09-08T06:00:00+00:00,93.61000061,93.86000061,93.59999847,93.75,1699
2026-09-08T06:15:00+00:00,93.75,94.20999908,93.62000275,93.72000122,4246
2026-09-08T06:30:00+00:00,93.70999908,93.94999695,93.66999817,93.91999817,1213
2026-09-08T06:45:00+00:00,93.91999817,94.19000244,93.87999725,94.06999969,1681
2026-09-08T07:00:00+00:00,94.06999969,94.20999908,93.81999969,94.18000031,1560
2026-09-08T07:15:00+00:00,94.18000031,94.27999878,94.01999664,94.22000122,1282
2026-09-08T07:30:00+00:00,94.23999786,94.40000153,94.12000275,94.25,1447
2026-09-08T07:45:00+00:00,94.26999664,94.59999847,94.23999786,94.44999695,1557
2026-09-08T08:00:00+00:00,94.43000031,94.54000092,94.30000305,94.40000153,1515
2026-09-08T08:15:00+00:00,94.41000366,94.69000244,94.18000031,94.62999725,1977
2026-09-08T08:30:00+00:00,94.62000275,94.73000336,94.31999969,94.51999664,1504
2026-09-08T08:45:00+00:00,94.51999664,94.66000366,94.15000153,94.43000031,1524
2026-09-08T09:00:00+00:00,94.44000244,94.62999725,94.20999908,94.31999969,1212
2026-09-08T09:15:00+00:00,94.33000183,94.41999817,94.05999756,94.12000275,1514
2026-09-08T09:30:00+00:00,94.09999847,94.16999817,93.58000183,93.72000122,2266
2026-09-08T09:45:00+00:00,93.73000336,93.83000183,93.55999756,93.62999725,1397
2026-09-08T10:00:00+00:00,93.62000275,94.08999634,93.55999756,94.04000092,1828
2026-09-08T10:15:00+00:00,94.04000092,94.05999756,93.45999908,93.73999786,3977
2026-09-08T10:30:00+00:00,93.70999908,94,93.69000244,93.97000122,1372
2026-09-08T10:45:00+00:00,93.98999786,94.01000214,93.81999969,93.91000366,893
2026-09-08T11:00:00+00:00,93.91000366,94.08000183,93.61000061,93.88999939,1784
2026-09-08T11:15:00+00:00,93.87000275,93.88999939,93.66999817,93.80000305,1027
2026-09-08T11:30:00+00:00,93.79000092,94.01999664,93.79000092,93.84999847,914
2026-09-08T11:45:00+00:00,93.84999847,93.98000336,93.68000031,93.69000244,967
2026-09-08T12:00:00+00:00,93.72000122,93.93000031,93.62999725,93.83999634,975
2026-09-08T12:15:00+00:00,93.83999634,93.98999786,93.45999908,93.47000122,1762
2026-09-08T12:30:00+00:00,93.45999908,93.58000183,93,93,5034
2026-09-08T12:45:00+00:00,93.01000214,93.23000336,92.65000153,92.69999695,4599
2026-09-08T13:00:00+00:00,92.69000244,92.81999969,92.40000153,92.51000214,5341
2026-09-08T13:15:00+00:00,92.52999878,93.08999634,92.51000214,93.05000305,3951
2026-09-08T13:30:00+00:00,93.05000305,93.45999908,93.04000092,93.33999634,4202
2026-09-08T13:45:00+00:00,93.36000061,93.44000244,93.08000183,93.33000183,2461
2026-09-08T14:00:00+00:00,93.33000183,93.47000122,93.18000031,93.47000122,2574
2026-09-08T14:15:00+00:00,93.48000336,93.51999664,93.26000214,93.26999664,1981
2026-09-08T14:30:00+00:00,93.26999664,93.34999847,92.87999725,93.01999664,3488
2026-09-08T14:45:00+00:00,93.01000214,93.12000275,92.62000275,92.75,3124
2026-09-08T15:00:00+00:00,92.76000214,93.02999878,92.62000275,92.88999939,3140
2026-09-08T15:15:00+00:00,92.87999725,93.16000366,92.66999817,92.98999786,2359
2026-09-08T15:30:00+00:00,92.98999786,92.98999786,92.30000305,92.37999725,3893
2026-09-08T15:45:00+00:00,92.37999725,92.48999786,92.19999695,92.37000275,2738
2026-09-08T16:00:00+00:00,92.37999725,92.40000153,92.02999878,92.05000305,2797
2026-09-08T16:15:00+00:00,92.05000305,92.43000031,92.02999878,92.15000153,2901
2026-09-08T16:30:00+00:00,92.16000366,92.33999634,91.91999817,92.12999725,1866
2026-09-08T16:45:00+00:00,92.12000275,92.76000214,92.08000183,92.44000244,5611
2026-09-08T17:00:00+00:00,92.43000031,92.44999695,91.80999756,92.08000183,5057
2026-09-08T17:15:00+00:00,92.06999969,92.27999878,91.94999695,92.05999756,1290
2026-09-08T17:30:00+00:00,92.05999756,92.16999817,92.01999664,92.15000153,767
2026-09-08T17:45:00+00:00,92.12999725,92.41000366,92.12999725,92.19999695,1457
2026-09-08T18:00:00+00:00,92.19999695,92.48999786,92.18000031,92.38999939,1011
2026-09-08T18:15:00+00:00,92.37000275,93.12000275,92.23000336,93.01999664,3499
2026-09-08T18:30:00+00:00,93.01999664,93.08999634,92.73000336,92.81999969,1306
2026-09-08T18:45:00+00:00,92.84999847,93.94000244,92.76000214,93.58000183,7267
2026-09-08T19:00:00+00:00,93.58999634,93.66999817,93.37999725,93.54000092,2115
2026-09-08T19:15:00+00:00,93.54000092,93.66999817,93.43000031,93.51999664,1284
2026-09-08T19:30:00+00:00,93.51999664,93.54000092,93.16999817,93.30999756,2200
2026-09-08T19:45:00+00:00,93.30000305,94,93.26999664,93.81999969,3964
2026-09-08T20:00:00+00:00,93.83000183,94.13999939,93.79000092,94.02999878,2810
2026-09-08T20:15:00+00:00,94.02999878,94.33999634,93.91000366,94.16999817,1978
2026-09-08T20:30:00+00:00,94.16999817,94.37999725,94.05999756,94.08999634,1616
2026-09-08T20:45:00+00:00,94.08999634,94.33000183,94.01000214,94.26999664,1893
2026-09-08T22:00:00+00:00,94.26999664,94.44000244,94.16000366,94.37999725,799
2026-09-08T22:15:00+00:00,94.37000275,94.48000336,94.13999939,94.15000153,744
2026-09-08T22:30:00+00:00,94.15000153,94.27999878,94.15000153,94.25,508
2026-09-08T22:45:00+00:00,94.25,94.26999664,94.16000366,94.19999695,331
2026-09-08T23:00:00+00:00,94.20999908,94.30999756,94.19000244,94.30000305,347
2026-09-08T23:15:00+00:00,94.29000092,94.37999725,94.29000092,94.33999634,351
2026-09-08T23:30:00+00:00,94.33999634,94.54000092,94.33999634,94.51999664,905
2026-09-08T23:45:00+00:00,94.52999878,94.80999756,94.51999664,94.59999847,1701
2026-09-09T00:00:00+00:00,94.61000061,94.66000366,94.33000183,94.45999908,2369
2026-09-09T00:15:00+00:00,94.45999908,94.73999786,94.45999908,94.51000214,2099
2026-09-09T00:30:00+00:00,94.51000214,94.68000031,94.48999786,94.63999939,1250
2026-09-09T00:45:00+00:00,94.62000275,94.69000244,94.48000336,94.54000092,899
2026-09-09T01:00:00+00:00,94.54000092,94.77999878,94.38999939,94.45999908,2234
2026-09-09T01:15:00+00:00,94.45999908,94.55000305,94.26000214,94.51999664,1994
2026-09-09T01:30:00+00:00,94.51999664,94.58000183,94.38999939,94.40000153,754
2026-09-09T01:45:00+00:00,94.38999939,94.43000031,94.26000214,94.33000183,880
2026-09-09T02:00:00+00:00,94.33999634,94.51999664,94.30999756,94.41999817,855
2026-09-09T02:15:00+00:00,94.43000031,94.47000122,94.19999695,94.23999786,810
2026-09-09T02:30:00+00:00,94.23000336,94.45999908,94.20999908,94.36000061,944
2026-09-09T02:45:00+00:00,94.34999847,94.38999939,94.26000214,94.36000061,498
2026-09-09T03:00:00+00:00,94.37000275,94.66999817,94.34999847,94.56999969,1528
2026-09-09T03:15:00+00:00,94.55000305,94.63999939,94.37999725,94.43000031,883
2026-09-09T03:30:00+00:00,94.43000031,94.5,94.19999695,94.26000214,1262
2026-09-09T03:45:00+00:00,94.25,94.27999878,94.15000153,94.18000031,632
2026-09-09T04:00:00+00:00,94.16999817,94.27999878,94.15000153,94.18000031,562
2026-09-09T04:15:00+00:00,94.16999817,94.19000244,94.01000214,94.01999664,864
2026-09-09T04:30:00+00:00,94.01999664,94.12000275,93.97000122,94.08999634,831
2026-09-09T04:45:00+00:00,94.09999847,94.09999847,93.98999786,94,396
2026-09-09T05:00:00+00:00,94,94.05999756,93.87000275,93.94999695,721
2026-09-09T05:15:00+00:00,93.97000122,93.98999786,93.91000366,93.94000244,388
2026-09-09T05:30:00+00:00,93.94000244,94.02999878,93.76000214,93.90000153,1103
2026-09-09T05:45:00+00:00,93.88999939,93.94999695,93.77999878,93.84999847,805
2026-09-09T06:00:00+00:00,93.83999634,94.16999817,93.83000183,94.08000183,1239
2026-09-09T06:15:00+00:00,94.08000183,94.36000061,94.05999756,94.33000183,1471
2026-09-09T06:30:00+00:00,94.30999756,94.48000336,94.23999786,94.44000244,1928
2026-09-09T06:45:00+00:00,94.44000244,94.5,94.20999908,94.23000336,966
2026-09-09T07:00:00+00:00,94.23000336,94.41000366,94.12999725,94.37000275,1058
2026-09-09T07:15:00+00:00,94.37999725,94.87999725,94.37000275,94.56999969,2657
2026-09-09T07:30:00+00:00,94.58000183,94.70999908,94.08000183,94.26000214,2338
2026-09-09T07:45:00+00:00,94.25,94.55000305,94.23000336,94.47000122,1078
2026-09-09T08:00:00+00:00,94.45999908,94.62000275,94.16999817,94.29000092,1537
2026-09-09T08:15:00+00:00,94.26000214,94.37000275,94.11000061,94.30000305,1071
2026-09-09T08:30:00+00:00,94.33000183,94.87000275,94.31999969,94.84999847,2514
2026-09-09T08:45:00+00:00,94.83999634,94.84999847,94.54000092,94.70999908,1133
2026-09-09T09:00:00+00:00,94.69000244,95.09999847,94.69000244,94.75,3183
2026-09-09T09:15:00+00:00,94.76000214,95.08000183,94.73999786,95.02999878,1846
2026-09-09T09:30:00+00:00,95.05999756,95.18000031,94.83000183,95.11000061,1786
2026-09-09T09:45:00+00:00,95.11000061,95.55999756,95.01999664,95.44999695,3022
2026-09-09T10:00:00+00:00,95.44999695,95.55999756,95.08000183,95.18000031,1951
2026-09-09T10:15:00+00:00,95.19000244,95.29000092,95.05000305,95.23000336,1074
2026-09-09T10:30:00+00:00,95.23999786,95.40000153,95.09999847,95.23000336,1114
2026-09-09T10:45:00+00:00,95.23000336,95.26000214,94.80999756,94.91000366,1794
2026-09-09T11:00:00+00:00,94.91000366,95.05999756,94.84999847,95.01999664,833
2026-09-09T11:15:00+00:00,94.98999786,95.38999939,94.98999786,95.34999847,1607
2026-09-09T11:30:00+00:00,95.33999634,95.65000153,95.33999634,95.59999847,2156
2026-09-09T11:45:00+00:00,95.58999634,95.59999847,94.88999939,95.51999664,5485
2026-09-09T12:00:00+00:00,95.5,95.80000305,95.40000153,95.69999695,3093
2026-09-09T12:15:00+00:00,95.70999908,95.94999695,95.55000305,95.93000031,2730
2026-09-09T12:30:00+00:00,95.93000031,95.98000336,95.75,95.83000183,2436
2026-09-09T12:45:00+00:00,95.83000183,95.91000366,95.69999695,95.90000153,1640
2026-09-09T13:00:00+00:00,95.88999939,96.04000092,95.44999695,95.76000214,4258
2026-09-09T13:15:00+00:00,95.76000214,95.98000336,95.62000275,95.87999725,2762
2026-09-09T13:30:00+00:00,95.87999725,96.09999847,95.59999847,95.70999908,4016
2026-09-09T13:45:00+00:00,95.72000122,95.87999725,95.55999756,95.73000336,2329
2026-09-09T14:00:00+00:00,95.72000122,95.87999725,95.58000183,95.59999847,2087
2026-09-09T14:15:00+00:00,95.59999847,96.44999695,95.56999969,95.90000153,7065
2026-09-09T14:30:00+00:00,95.90000153,96.15000153,95.86000061,96.12999725,2511
2026-09-09T14:45:00+00:00,96.13999939,96.34999847,96.06999969,96.26000214,2570
2026-09-09T15:00:00+00:00,96.23999786,96.55000305,96.16000366,96.51999664,3398
2026-09-09T15:15:00+00:00,96.5,96.66999817,96.33000183,96.5,2994
2026-09-09T15:30:00+00:00,96.51000214,96.62999725,96.18000031,96.44000244,3617
2026-09-09T15:45:00+00:00,96.44999695,96.51999664,96.30000305,96.5,1899
2026-09-09T16:00:00+00:00,96.51999664,96.81999969,96.34999847,96.45999908,3240
2026-09-09T16:15:00+00:00,96.45999908,96.48999786,96.08000183,96.25,4628
2026-09-09T16:30:00+00:00,96.25,96.33000183,95.66000366,95.76000214,4104
2026-09-09T16:45:00+00:00,95.76000214,95.83999634,95.51999664,95.55000305,3181
2026-09-09T17:00:00+00:00,95.55999756,95.58000183,95.19000244,95.26999664,3385
2026-09-09T17:15:00+00:00,95.26000214,95.66999817,95.15000153,95.66000366,3472
2026-09-09T17:30:00+00:00,95.66000366,95.94000244,95.61000061,95.65000153,3031
2026-09-09T17:45:00+00:00,95.66999817,96.01999664,95.61000061,95.98000336,1701
2026-09-09T18:00:00+00:00,95.98000336,96.22000122,95.83000183,96.12000275,2134
2026-09-09T18:15:00+00:00,96.12999725,96.23000336,95.77999878,96.06999969,2389
2026-09-09T18:30:00+00:00,96.05999756,96.33000183,95.77999878,96.29000092,2435
2026-09-09T18:45:00+00:00,96.30999756,96.58999634,96.26000214,96.58000183,2009
2026-09-09T19:00:00+00:00,96.56999969,96.56999969,96.36000061,96.37999725,1300
2026-09-09T19:15:00+00:00,96.40000153,96.41999817,96.25,96.33999634,838
2026-09-09T19:30:00+00:00,96.33999634,96.5,96.26000214,96.47000122,1050
2026-09-09T19:45:00+00:00,96.45999908,96.69000244,96.45999908,96.65000153,1764
2026-09-09T20:00:00+00:00,96.66000366,96.91999817,96.65000153,96.86000061,2476
2026-09-09T20:15:00+00:00,96.87000275,96.88999939,96.70999908,96.72000122,838
2026-09-09T20:30:00+00:00,96.73000336,96.75,96.58999634,96.66000366,866
2026-09-09T20:45:00+00:00,96.65000153,96.75,96.62000275,96.66000366,1134
2026-09-09T22:00:00+00:00,96.91000366,97.83000183,96.76999664,97.22000122,1559
2026-09-09T22:15:00+00:00,97.23000336,97.23999786,96.94000244,97.02999878,914
2026-09-09T22:30:00+00:00,97.02999878,97.12999725,96.91999817,96.93000031,533
2026-09-09T22:45:00+00:00,96.94999695,97.08000183,96.91999817,96.98000336,472
2026-09-09T23:00:00+00:00,96.97000122,97.15000153,96.93000031,97.15000153,389
2026-09-09T23:15:00+00:00,97.15000153,97.20999908,97.08000183,97.11000061,487
2026-09-09T23:30:00+00:00,97.08999634,97.19999695,97.04000092,97.16999817,304
2026-09-09T23:45:00+00:00,97.16000366,97.19999695,96.98999786,97.02999878,544
2026-09-10T00:00:00+00:00,97.01999664,97.08999634,96.72000122,96.73999786,1226
2026-09-10T00:15:00+00:00,96.73999786,96.76999664,96.5,96.69999695,1817
2026-09-10T00:30:00+00:00,96.70999908,96.73999786,96.52999878,96.56999969,797
2026-09-10T00:45:00+00:00,96.58000183,96.73000336,96.41000366,96.41000366,971
2026-09-10T01:00:00+00:00,96.41000366,96.73000336,96.41000366,96.55000305,1211
2026-09-10T01:15:00+00:00,96.54000092,96.91000366,96.52999878,96.79000092,1519
2026-09-10T01:30:00+00:00,96.80000305,96.87999725,96.66000366,96.79000092,1094
2026-09-10T01:45:00+00:00,96.77999878,96.80000305,96.27999878,96.44000244,1688
2026-09-10T02:00:00+00:00,96.43000031,96.48000336,96.23000336,96.38999939,988
2026-09-10T02:15:00+00:00,96.38999939,96.51999664,96.37000275,96.44000244,907
2026-09-10T02:30:00+00:00,96.44000244,96.51000214,96.12000275,96.23999786,1260
2026-09-10T02:45:00+00:00,96.23999786,96.30000305,96.12000275,96.22000122,1010
2026-09-10T03:00:00+00:00,96.22000122,96.22000122,95.93000031,96.08000183,1354
2026-09-10T03:15:00+00:00,96.08000183,96.12000275,95.98000336,96.08000183,874
2026-09-10T03:30:00+00:00,96.06999969,96.19000244,96,96.16000366,705
2026-09-10T03:45:00+00:00,96.16000366,96.16999817,96.05000305,96.11000061,495
2026-09-10T04:00:00+00:00,96.08000183,96.19000244,96.05999756,96.08999634,383
2026-09-10T04:15:00+00:00,96.06999969,96.18000031,96.06999969,96.11000061,177
2026-09-10T04:30:00+00:00,96.15000153,96.19999695,96.06999969,96.18000031,401
2026-09-10T04:45:00+00:00,96.16999817,96.19999695,96.08999634,96.09999847,239
2026-09-10T05:00:00+00:00,96.08999634,96.19999695,95.91999817,95.94999695,1055
2026-09-10T05:15:00+00:00,95.94999695,96.06999969,95.80000305,95.81999969,1281
2026-09-10T05:30:00+00:00,95.83000183,95.83000183,95.40000153,95.69999695,2893
2026-09-10T05:45:00+00:00,95.68000031,95.79000092,95.48999786,95.58000183,1540
2026-09-10T06:00:00+00:00,95.56999969,95.66999817,95.41000366,95.52999878,1360
2026-09-10T06:15:00+00:00,95.51000214,95.65000153,95.37999725,95.41999817,1117
2026-09-10T06:30:00+00:00,95.43000031,95.59999847,95.37999725,95.51999664,922
2026-09-10T06:45:00+00:00,95.5,95.80000305,95.44000244,95.69000244,2656
2026-09-10T07:00:00+00:00,95.68000031,95.91000366,95.63999939,95.88999939,1543
2026-09-10T07:15:00+00:00,95.88999939,96.30000305,95.77999878,96.26000214,1880
2026-09-10T07:30:00+00:00,96.25,96.41999817,96.16999817,96.22000122,2034
2026-09-10T07:45:00+00:00,96.23000336,96.34999847,96.16999817,96.29000092,726
2026-09-10T08:00:00+00:00,96.30000305,96.58999634,96.25,96.54000092,1771
2026-09-10T08:15:00+00:00,96.54000092,96.76999664,96.47000122,96.61000061,1899
2026-09-10T08:30:00+00:00,96.61000061,97.02999878,96.58000183,96.97000122,2716
2026-09-10T08:45:00+00:00,96.94999695,97.51000214,96.87000275,97.44999695,2800
2026-09-10T09:00:00+00:00,97.45999908,97.45999908,97.04000092,97.19999695,1903
2026-09-10T09:15:00+00:00,97.20999908,97.62000275,97.12999725,97.62000275,1588
2026-09-10T09:30:00+00:00,97.61000061,97.83000183,97.56999969,97.58000183,2186
2026-09-10T09:45:00+00:00,97.58999634,97.76999664,97.48999786,97.66999817,1140
2026-09-10T10:00:00+00:00,97.66000366,97.66000366,97.34999847,97.44999695,1475
2026-09-10T10:15:00+00:00,97.48999786,97.51000214,97.22000122,97.34999847,1532
2026-09-10T10:30:00+00:00,97.36000061,97.51000214,96.91999817,97.01000214,1972
2026-09-10T10:45:00+00:00,97.02999878,97.30000305,96.63999939,97.22000122,3297
2026-09-10T11:00:00+00:00,97.22000122,97.76999664,97.19999695,97.51000214,2917
2026-09-10T11:15:00+00:00,97.51999664,97.61000061,97.33000183,97.44999695,1107
2026-09-10T11:30:00+00:00,97.45999908,97.51000214,97.11000061,97.43000031,1748
2026-09-10T11:45:00+00:00,97.44999695,98.58999634,97.37000275,98.56999969,4962
2026-09-10T12:00:00+00:00,98.58000183,99.30999756,98.40000153,99.26000214,7097
2026-09-10T12:15:00+00:00,99.23999786,99.90000153,98.81999969,99.87999725,7436
2026-09-10T12:30:00+00:00,99.90000153,100.9000015,99.66999817,100.5,11747
2026-09-10T12:45:00+00:00,100.5199966,100.6399994,99.98000336,100.0699997,7249
2026-09-10T13:00:00+00:00,100.0599976,100.2900009,99.48999786,100.2600021,7220
2026-09-10T13:15:00+00:00,100.2399979,100.3000031,99.93000031,99.98999786,2996
2026-09-10T13:30:00+00:00,100.0199966,100.0500031,99.30000305,99.5,6217
2026-09-10T13:45:00+00:00,99.5,99.52999878,99.16999817,99.31999969,5402
2026-09-10T14:00:00+00:00,99.30000305,99.69000244,99.13999939,99.62000275,3740
2026-09-10T14:15:00+00:00,99.59999847,99.72000122,98.55000305,99,10822
2026-09-10T14:30:00+00:00,99,99.77999878,98.94000244,99.65000153,4519
2026-09-10T14:45:00+00:00,99.68000031,100.0800018,99.63999939,99.76999664,4765
2026-09-10T15:00:00+00:00,99.76999664,100.1999969,99.69999695,100.0800018,3521
2026-09-10T15:15:00+00:00,100.0800018,100.5299988,100.0299988,100.3499985,4492
2026-09-10T15:30:00+00:00,100.3600006,100.9599991,100.2399979,100.75,4783
2026-09-10T15:45:00+00:00,100.7300034,101.7300034,100.7300034,101.5800018,7583
2026-09-10T16:00:00+00:00,101.5500031,101.8899994,101.1999969,101.8700027,6816
2026-09-10T16:15:00+00:00,101.8799973,102.0999985,101.5100021,101.6200027,6461
2026-09-10T16:30:00+00:00,101.6399994,102.5899963,101.3499985,101.3799973,8636
2026-09-10T16:45:00+00:00,101.3899994,101.6200027,101.1500015,101.3799973,4816
2026-09-10T17:00:00+00:00,101.4100037,101.7699966,101.2600021,101.6699982,3178
2026-09-10T17:15:00+00:00,101.6800003,101.8899994,101.4899979,101.7399979,2639
2026-09-10T17:30:00+00:00,101.7399979,102.0400009,101.6699982,101.7300034,2679
2026-09-10T17:45:00+00:00,101.7200012,102.0299988,101.6299973,101.9700012,2065
2026-09-10T18:00:00+00:00,101.9599991,102.9400024,101.8899994,102.9400024,6099
2026-09-10T18:15:00+00:00,102.9300003,103.0699997,102.3399963,102.3899994,8017
2026-09-10T18:30:00+00:00,102.3899994,102.4100037,101.9100037,101.9800034,4584
2026-09-10T18:45:00+00:00,101.9899979,102.1299973,101.4000015,101.9800034,4846
2026-09-10T19:00:00+00:00,101.9700012,102.3700027,101.9700012,102.25,4205
2026-09-10T19:15:00+00:00,102.2699966,102.7099991,102.1800003,102.6999969,2710
2026-09-10T19:30:00+00:00,102.6800003,102.8899994,102.6399994,102.8399963,1793
2026-09-10T19:45:00+00:00,102.8399963,102.9400024,102.5599976,102.7699966,2590
2026-09-10T20:00:00+00:00,102.7600021,103.0999985,102.7300034,102.8899994,2109
2026-09-10T20:15:00+00:00,102.8899994,103.1500015,102.8000031,103.0800018,1801
2026-09-10T20:30:00+00:00,103.0899963,103.9000015,103.0800018,103.8600006,4933
2026-09-10T20:45:00+00:00,103.8600006,104.0599976,103.7799988,103.9400024,2794
2026-09-10T22:00:00+00:00,104.1999969,104.5,103.8499985,104.0500031,1647
2026-09-10T22:15:00+00:00,104.0500031,104.0899963,103.7200012,104.0599976,1370
2026-09-10T22:30:00+00:00,104.0599976,104.0599976,103.8099976,103.9300003,1042
2026-09-10T22:45:00+00:00,103.9300003,104.0400009,103.8300018,103.8600006,883
2026-09-10T23:00:00+00:00,103.8700027,103.9000015,103.6100006,103.6399994,892
2026-09-10T23:15:00+00:00,103.6900024,103.9000015,103.6600037,103.8700027,769
2026-09-10T23:30:00+00:00,103.8600006,104.3600006,103.6900024,104.2699966,2077
2026-09-10T23:45:00+00:00,104.2799988,104.4800034,104.1399994,104.2799988,1974
2026-09-11T00:00:00+00:00,104.2799988,104.4100037,102.7600021,103.1900024,7088
2026-09-11T00:15:00+00:00,103.1900024,103.3099976,102.9700012,102.9899979,2104
2026-09-11T00:30:00+00:00,102.9899979,103.3600006,102.9400024,103.2900009,1378
2026-09-11T00:45:00+00:00,103.2900009,103.4899979,103.1200027,103.1800003,1368
2026-09-11T01:00:00+00:00,103.1699982,103.25,102.2399979,102.4300003,5459
2026-09-11T01:15:00+00:00,102.4199982,102.6399994,102.3099976,102.5899963,1640
2026-09-11T01:30:00+00:00,102.5800018,102.6100006,102.1699982,102.4400024,1947
2026-09-11T01:45:00+00:00,102.4499969,102.8700027,102.4400024,102.6100006,1909
2026-09-11T02:00:00+00:00,102.6100006,102.9599991,102.4599991,102.8399963,1828
2026-09-11T02:15:00+00:00,102.8300018,102.9100037,102.6299973,102.7200012,845
2026-09-11T02:30:00+00:00,102.7200012,102.8600006,102.4899979,102.75,1320
2026-09-11T02:45:00+00:00,102.7300034,102.9100037,102.4800034,102.9100037,1216
2026-09-11T03:00:00+00:00,102.9199982,103.2399979,102.75,102.9800034,2057
2026-09-11T03:15:00+00:00,102.9899979,103.2200012,102.9599991,103.1299973,1130
2026-09-11T03:30:00+00:00,103.1200027,103.2399979,102.7799988,103.0299988,1530
2026-09-11T03:45:00+00:00,103.0100021,103.4599991,103,103.2099991,1586
2026-09-11T04:00:00+00:00,103.3099976,103.4599991,102.3199997,102.3899994,3135
2026-09-11T04:15:00+00:00,102.3899994,102.6500015,102.3499985,102.4000015,1220
2026-09-11T04:30:00+00:00,102.4000015,102.6900024,102.3799973,102.5599976,973
2026-09-11T04:45:00+00:00,102.5500031,102.5500031,102.0500031,102.3300018,2129
2026-09-11T05:00:00+00:00,102.3199997,102.3499985,101.5899963,101.6299973,3755
2026-09-11T05:15:00+00:00,101.6200027,102.0500031,101.5699997,101.9199982,1955
2026-09-11T05:30:00+00:00,101.9000015,101.9000015,101.0599976,101.1500015,6166
2026-09-11T05:45:00+00:00,101.1299973,101.4300003,100.9000015,101.3799973,4302
2026-09-11T06:00:00+00:00,101.3700027,101.4300003,100.7300034,100.9400024,4313
2026-09-11T06:15:00+00:00,100.9300003,101.4199982,100.9300003,101.1200027,2324
2026-09-11T06:30:00+00:00,101.0899963,101.3499985,100.8799973,101.1800003,2243
2026-09-11T06:45:00+00:00,101.1999969,101.3000031,100.9000015,101.0800018,1465
2026-09-11T07:00:00+00:00,101.0699997,101.1100006,100.3799973,100.6600037,3687
2026-09-11T07:15:00+00:00,100.6600037,101.0199966,100.5599976,100.9800034,1915
2026-09-11T07:30:00+00:00,100.9899979,101.2399979,100.7799988,101.0199966,1858
2026-09-11T07:45:00+00:00,101.0199966,101.2900009,100.8899994,101.0500031,1630
2026-09-11T08:00:00+00:00,101.0299988,101.3600006,100.6500015,100.9000015,2744
2026-09-11T08:15:00+00:00,100.8700027,100.9100037,100.0699997,100.6399994,4941
2026-09-11T08:30:00+00:00,100.6200027,100.7200012,99.87999725,100.1100006,4611
2026-09-11T08:45:00+00:00,100.1100006,100.1299973,99.76000214,99.84999847,2612
2026-09-11T09:00:00+00:00,99.83000183,100.3899994,99.5,100.3799973,3754
2026-09-11T09:15:00+00:00,100.4000015,100.5199966,100,100.0800018,2081
2026-09-11T09:30:00+00:00,100.0899963,100.2099991,99.51000214,99.84999847,2565
2026-09-11T09:45:00+00:00,99.83000183,99.94999695,99.41000366,99.81999969,1966
2026-09-11T10:00:00+00:00,99.81999969,100.3000031,99.09999847,99.18000031,4795
2026-09-11T10:15:00+00:00,99.18000031,99.29000092,98.91999817,99.13999939,2526
2026-09-11T10:30:00+00:00,99.12000275,99.26000214,98.87999725,99.08000183,2263
2026-09-11T10:45:00+00:00,99.06999969,99.12999725,98.75,98.88999939,2053
2026-09-11T11:00:00+00:00,98.87000275,99.23999786,98.79000092,99.22000122,1969
2026-09-11T11:15:00+00:00,99.23000336,99.54000092,99.04000092,99.51000214,2292
2026-09-11T11:30:00+00:00,99.51999664,99.77999878,99.25,99.26000214,2548
2026-09-11T11:45:00+00:00,99.26999664,99.30000305,99.06999969,99.23000336,1704
2026-09-11T12:00:00+00:00,99.22000122,99.72000122,99.09999847,99.51999664,3053
2026-09-11T12:15:00+00:00,99.54000092,99.59999847,98.98000336,99.22000122,2409
2026-09-11T12:30:00+00:00,99.19999695,99.66999817,99.06999969,99.54000092,2942
2026-09-11T12:45:00+00:00,99.55000305,99.86000061,99.19000244,99.40000153,3639
2026-09-11T13:00:00+00:00,99.37999725,99.38999939,98.51999664,99,7179
2026-09-11T13:15:00+00:00,99.01000214,99.40000153,98.55000305,98.70999908,4780
2026-09-11T13:30:00+00:00,98.72000122,99.15000153,98.44999695,98.87999725,6057
2026-09-11T13:45:00+00:00,98.86000061,99.16000366,98.66999817,99.12000275,2850
2026-09-11T14:00:00+00:00,99.12999725,99.68000031,98.76999664,99.61000061,4599
2026-09-11T14:15:00+00:00,99.62000275,99.73000336,99.41000366,99.69000244,3149
2026-09-11T14:30:00+00:00,99.70999908,99.87999725,99.48000336,99.56999969,3499
2026-09-11T14:45:00+00:00,99.56999969,99.66000366,98.72000122,99.65000153,6143
2026-09-11T15:00:00+00:00,99.66000366,99.79000092,99.38999939,99.55999756,2408
2026-09-11T15:15:00+00:00,99.55000305,99.65000153,99.05000305,99.30999756,3063
2026-09-11T15:30:00+00:00,99.31999969,99.58999634,98.97000122,99.51999664,2894
2026-09-11T15:45:00+00:00,99.54000092,99.75,99.33000183,99.75,2011
2026-09-11T16:00:00+00:00,99.75,100.0199966,99.51999664,99.76999664,2761
2026-09-11T16:15:00+00:00,99.79000092,100,99.41000366,99.95999908,3027
2026-09-11T16:30:00+00:00,99.94999695,100.2799988,99.66999817,99.69999695,5404
2026-09-11T16:45:00+00:00,99.69999695,100.25,99.69000244,100.1100006,2271
2026-09-11T17:00:00+00:00,100.0999985,100.1600037,99.51000214,99.58000183,2852
2026-09-11T17:15:00+00:00,99.58000183,99.77999878,99.40000153,99.48999786,2601
2026-09-11T17:30:00+00:00,99.5,99.95999908,99.31999969,99.95999908,2058
2026-09-11T17:45:00+00:00,99.95999908,99.98999786,99.73999786,99.80999756,1436
2026-09-11T18:00:00+00:00,99.80000305,99.83999634,99.51000214,99.81999969,1654
2026-09-11T18:15:00+00:00,99.80000305,100.4899979,99.80000305,100.0699997,6510
2026-09-11T18:30:00+00:00,100.0800018,100.3499985,99.86000061,100.3199997,2359
2026-09-11T18:45:00+00:00,100.3399963,100.5800018,100.3300018,100.4700012,2120
2026-09-11T19:00:00+00:00,100.4700012,100.5599976,100.3899994,100.4899979,1051
2026-09-11T19:15:00+00:00,100.4800034,100.6399994,100.4400024,100.5899963,1166
2026-09-11T19:30:00+00:00,100.5899963,100.7799988,100.4400024,100.6800003,1454
2026-09-11T19:45:00+00:00,100.6800003,100.6999969,100.5199966,100.6100006,952
2026-09-11T20:00:00+00:00,100.6200027,100.6600037,100.2099991,100.2300034,1592
2026-09-11T20:15:00+00:00,100.2099991,100.4300003,100.1900024,100.3000031,693
2026-09-11T20:30:00+00:00,100.2799988,100.4000015,100.2399979,100.2900009,670
2026-09-11T20:45:00+00:00,100.2900009,100.3399963,99.95999908,100.0500031,1711
2026-09-13T22:00:00+00:00,103.1100006,103.3600006,103.0699997,103.1900024,1347
2026-09-13T22:15:00+00:00,103.1699982,103.4499969,102.75,102.8300018,2818
2026-09-13T22:30:00+00:00,102.8199997,102.8300018,102.3199997,102.3399963,2428
2026-09-13T22:45:00+00:00,102.3399963,102.4400024,102.2399979,102.4400024,1502
2026-09-13T23:00:00+00:00,102.4400024,102.4700012,102.2799988,102.3300018,668
2026-09-13T23:15:00+00:00,102.3300018,102.6299973,102.2600021,102.5500031,1080
2026-09-13T23:30:00+00:00,102.5599976,102.5599976,102.3799973,102.4499969,771
2026-09-13T23:45:00+00:00,102.4400024,102.6100006,102.1699982,102.5500031,1634
2026-09-14T00:00:00+00:00,102.5400009,102.8199997,102.3000031,102.4499969,2031
2026-09-14T00:15:00+00:00,102.4499969,102.9499969,102.4300003,102.8300018,1969
2026-09-14T00:30:00+00:00,102.8300018,102.9499969,102.6800003,102.8199997,1259
2026-09-14T00:45:00+00:00,102.8000031,102.8700027,102.6500015,102.7699966,989
2026-09-14T01:00:00+00:00,102.7799988,103.3600006,102.6399994,103.1399994,4109
2026-09-14T01:15:00+00:00,103.1699982,103.5999985,102.6999969,102.7900009,4539
2026-09-14T01:30:00+00:00,102.7900009,103.1500015,102.5100021,102.5299988,2834
2026-09-14T01:45:00+00:00,102.5299988,102.5699997,102.25,102.3399963,2360
2026-09-14T02:00:00+00:00,102.3399963,102.5899963,102.2099991,102.3499985,1838
2026-09-14T02:15:00+00:00,102.3300018,102.5299988,102.25,102.5,862
2026-09-14T02:30:00+00:00,102.5,102.7799988,102.3799973,102.75,1818
2026-09-14T02:45:00+00:00,102.75,102.9599991,102.6600037,102.8099976,1425
2026-09-14T03:00:00+00:00,102.8099976,103.0500031,102.7699966,103.0299988,1256
2026-09-14T03:15:00+00:00,103.0299988,103.4199982,102.9800034,103.2399979,2291
2026-09-14T03:30:00+00:00,103.2300034,103.4199982,103.1699982,103.3600006,1638
2026-09-14T03:45:00+00:00,103.3600006,103.4800034,103.1399994,103.25,1156
2026-09-14T04:00:00+00:00,103.1999969,103.1999969,102.8000031,103,1657
2026-09-14T04:15:00+00:00,103.0100021,103.1100006,102.8799973,102.9100037,595
2026-09-14T04:30:00+00:00,102.9100037,103.1600037,102.5500031,102.8700027,2678
2026-09-14T04:45:00+00:00,102.8799973,102.9300003,102.6200027,102.6900024,830
2026-09-14T05:00:00+00:00,102.6800003,102.75,102.5199966,102.5699997,903
2026-09-14T05:15:00+00:00,102.5599976,102.8199997,102.5599976,102.5999985,913
2026-09-14T05:30:00+00:00,102.6100006,102.8199997,102.25,102.3899994,2374
2026-09-14T05:45:00+00:00,102.3799973,102.5299988,102.0500031,102.2300034,2376
2026-09-14T06:00:00+00:00,102.2200012,102.5199966,101.9499969,102.1299973,1850
2026-09-14T06:15:00+00:00,102.1399994,102.4000015,102.0199966,102.1200027,1921
2026-09-14T06:30:00+00:00,102.1200027,102.8799973,101.9499969,102.8000031,2730
2026-09-14T06:45:00+00:00,102.7900009,102.8799973,102.5800018,102.8600006,1497
2026-09-14T07:00:00+00:00,102.8700027,103.0899963,102.8099976,102.8700027,1624
2026-09-14T07:15:00+00:00,102.8700027,102.8899994,102.4599991,102.5800018,1502
2026-09-14T07:30:00+00:00,102.5699997,103.5199966,102.5,103.2099991,3038
2026-09-14T07:45:00+00:00,103.1999969,103.4300003,102.5899963,102.7699966,1910
2026-09-14T08:00:00+00:00,102.7799988,102.8199997,102.2200012,102.8000031,2754
2026-09-14T08:15:00+00:00,102.8000031,103.7300034,102.7399979,103.6699982,4164
2026-09-14T08:30:00+00:00,103.6900024,103.8000031,103.0400009,103.1299973,3044
2026-09-14T08:45:00+00:00,103.1299973,103.5699997,103.0699997,103.4300003,2460
2026-09-14T09:00:00+00:00,103.4199982,103.4700012,103.1600037,103.4000015,1906
2026-09-14T09:15:00+00:00,103.3899994,103.8399963,102.8199997,102.8600006,3398
2026-09-14T09:30:00+00:00,102.8700027,103.1500015,102.4000015,102.6299973,3002
2026-09-14T09:45:00+00:00,102.6200027,102.8700027,102.5,102.5999985,1450
2026-09-14T10:00:00+00:00,102.5999985,102.9800034,102.4199982,102.9000015,1827
2026-09-14T10:15:00+00:00,102.9100037,102.9700012,102.3300018,102.4300003,1299
2026-09-14T10:30:00+00:00,102.4300003,102.4700012,102.2600021,102.3199997,1244
2026-09-14T10:45:00+00:00,102.3199997,102.5400009,102.2600021,102.5299988,925
2026-09-14T11:00:00+00:00,102.5299988,102.6600037,102.3199997,102.5699997,1413
2026-09-14T11:15:00+00:00,102.5699997,103.1100006,102.5599976,103.1100006,1849
2026-09-14T11:30:00+00:00,103.1200027,103.3199997,103.0500031,103.2600021,1976
2026-09-14T11:45:00+00:00,103.2600021,103.6500015,103.1999969,103.5199966,2351
2026-09-14T12:00:00+00:00,103.5100021,103.6200027,102.9300003,103.0699997,2872
2026-09-14T12:15:00+00:00,103.0699997,103.6900024,102.6299973,103.6500015,5313
2026-09-14T12:30:00+00:00,103.6699982,104.9499969,103.5999985,104.5500031,11606
2026-09-14T12:45:00+00:00,104.5400009,104.6200027,104.1299973,104.2200012,4474
2026-09-14T13:00:00+00:00,104.2099991,104.5500031,103.8399963,103.9700012,4614
2026-09-14T13:15:00+00:00,103.9400024,104.0899963,103.5400009,103.9499969,3711
2026-09-14T13:30:00+00:00,103.9400024,104.0400009,103.5,103.8000031,3574
2026-09-14T13:45:00+00:00,103.8000031,104.4700012,103.3300018,104.4100037,5919
2026-09-14T14:00:00+00:00,104.4000015,104.5100021,103.9300003,104.3000031,4878
2026-09-14T14:15:00+00:00,104.2900009,104.4700012,103.9800034,104.0999985,3282
2026-09-14T14:30:00+00:00,104.1100006,104.2300034,103.6600037,103.6800003,3738
2026-09-14T14:45:00+00:00,103.6900024,103.8300018,103.4199982,103.5199966,3508
2026-09-14T15:00:00+00:00,103.5299988,103.5299988,101.8799973,103.1399994,14801
2026-09-14T15:15:00+00:00,103.1399994,103.8499985,103.1100006,103.7600021,6601
2026-09-14T15:30:00+00:00,103.7699966,103.9300003,102.2300034,102.5699997,14002
2026-09-14T15:45:00+00:00,102.5599976,103.1200027,102.4499969,103.1200027,5248
2026-09-14T16:00:00+00:00,103.1299973,103.1600037,102.1100006,102.3700027,4769
2026-09-14T16:15:00+00:00,102.3499985,103.1800003,102.1299973,103.0500031,4214
2026-09-14T16:30:00+00:00,103.0599976,103.1299973,102.5299988,102.5800018,2688
2026-09-14T16:45:00+00:00,102.5800018,102.5800018,100.8000031,101.3499985,12388
2026-09-14T17:00:00+00:00,101.3600006,101.8199997,101.2900009,101.8000031,3502
2026-09-14T17:15:00+00:00,101.7600021,102.0899963,101.4599991,101.5100021,3282
2026-09-14T17:30:00+00:00,101.5199966,101.7099991,101.3099976,101.5,2090
2026-09-14T17:45:00+00:00,101.4899979,101.7200012,101.3000031,101.7099991,1894
2026-09-14T18:00:00+00:00,101.7200012,101.7399979,101.1200027,101.4300003,3263
2026-09-14T18:15:00+00:00,101.4300003,101.6500015,101.2200012,101.2300034,3379
2026-09-14T18:30:00+00:00,101.2200012,101.2399979,100.5299988,100.7200012,4046
2026-09-14T18:45:00+00:00,100.7200012,101.0999985,100.5599976,101.0699997,3019
2026-09-14T19:00:00+00:00,101.0599976,101.2099991,100.7099991,100.9199982,2702
2026-09-14T19:15:00+00:00,100.9400024,101.3199997,100.8799973,101.2699966,1484
2026-09-14T19:30:00+00:00,101.2799988,101.5100021,101.1500015,101.5,1597
2026-09-14T19:45:00+00:00,101.4899979,101.9000015,101.4800034,101.8399963,2203
2026-09-14T20:00:00+00:00,101.8499985,101.9199982,101.6800003,101.7799988,1435
2026-09-14T20:15:00+00:00,101.7699966,101.9700012,101.7399979,101.9000015,1268
2026-09-14T20:30:00+00:00,101.9100037,102.0899963,101.8799973,102.0199966,1019
2026-09-14T20:45:00+00:00,102,102.0199966,101.8300018,101.8799973,1045
2026-09-14T22:00:00+00:00,102,102.0899963,101.8199997,102.0199966,228
2026-09-14T22:15:00+00:00,102,102.0299988,101.9300003,101.9400024,259
2026-09-14T22:30:00+00:00,101.9499969,101.9899979,101.8099976,101.9499969,458
2026-09-14T22:45:00+00:00,101.9499969,101.9800034,101.9000015,101.9700012,140
2026-09-14T23:00:00+00:00,101.9599991,102.0199966,101.9300003,101.9599991,192
2026-09-14T23:15:00+00:00,101.9700012,102.2399979,101.9499969,102.0999985,807
2026-09-14T23:30:00+00:00,102.0999985,102.1399994,102.0299988,102.0999985,330
2026-09-14T23:45:00+00:00,102.0899963,102.1699982,102.0500031,102.1699982,220
2026-09-15T00:00:00+00:00,102.1500015,102.3899994,102.0500031,102.2399979,1623
2026-09-15T00:15:00+00:00,102.25,102.7200012,102.25,102.7200012,2084
2026-09-15T00:30:00+00:00,102.7099991,102.8000031,102.5999985,102.7600021,903
2026-09-15T00:45:00+00:00,102.75,102.75,102.5,102.6699982,939
2026-09-15T01:00:00+00:00,102.6800003,102.8499985,102.2099991,102.2399979,2172
2026-09-15T01:15:00+00:00,102.2300034,102.5800018,102.1100006,102.4899979,1914
2026-09-15T01:30:00+00:00,102.4899979,102.8899994,102.2399979,102.8300018,1986
2026-09-15T01:45:00+00:00,102.8199997,102.9700012,102.6299973,102.9199982,1641
2026-09-15T02:00:00+00:00,102.9400024,102.9400024,102.6600037,102.6900024,1291
2026-09-15T02:15:00+00:00,102.6999969,102.8399963,102.6699982,102.8199997,568
2026-09-15T02:30:00+00:00,102.8199997,103.1500015,102.7200012,103.1500015,1646
2026-09-15T02:45:00+00:00,103.1500015,103.1600037,102.8700027,102.8899994,1135
2026-09-15T03:00:00+00:00,102.8799973,102.9700012,102.7600021,102.9000015,1021
2026-09-15T03:15:00+00:00,102.9000015,102.9100037,102.7399979,102.8399963,608
2026-09-15T03:30:00+00:00,102.8399963,103.0100021,102.7600021,102.9400024,674
2026-09-15T03:45:00+00:00,102.9400024,103,102.8399963,102.9199982,459
2026-09-15T04:00:00+00:00,102.9499969,103.0599976,102.9000015,103.0599976,504
2026-09-15T04:15:00+00:00,103.0400009,103.2300034,103,103.1999969,832
2026-09-15T04:30:00+00:00,103.1999969,103.2699966,103.1299973,103.2099991,654
2026-09-15T04:45:00+00:00,103.2200012,103.3399963,103.1200027,103.2399979,730
2026-09-15T05:00:00+00:00,103.2300034,103.3199997,103.0500031,103.3000031,973
2026-09-15T05:15:00+00:00,103.3099976,103.3399963,103.1900024,103.3099976,787
2026-09-15T05:30:00+00:00,103.3300018,103.4100037,103.0999985,103.1100006,1872
2026-09-15T05:45:00+00:00,103.1100006,103.1200027,102.7099991,103.0100021,2465
2026-09-15T06:00:00+00:00,102.9899979,103.2399979,102.9100037,103.2200012,1171
2026-09-15T06:15:00+00:00,103.2200012,103.4499969,102.9700012,103.2799988,1726
2026-09-15T06:30:00+00:00,103.3000031,103.3899994,102.9800034,103.1200027,1192
2026-09-15T06:45:00+00:00,103.1399994,103.4899979,103,103.3700027,1368
2026-09-15T07:00:00+00:00,103.3300018,103.4800034,103.2399979,103.3799973,953
2026-09-15T07:15:00+00:00,103.3899994,103.3899994,103.0100021,103.1600037,1394
2026-09-15T07:30:00+00:00,103.1399994,103.5,103.0599976,103.3300018,1472
2026-09-15T07:45:00+00:00,103.3399963,103.5899963,103.1200027,103.4499969,1820
2026-09-15T08:00:00+00:00,103.4499969,103.9700012,103.4400024,103.6800003,2546
2026-09-15T08:15:00+00:00,103.6699982,103.6900024,103.1999969,103.3199997,2542
2026-09-15T08:30:00+00:00,103.3300018,103.7900009,103.25,103.7300034,1783
2026-09-15T08:45:00+00:00,103.6900024,103.7099991,103.5400009,103.6399994,870
2026-09-15T09:00:00+00:00,103.6500015,103.7099991,103.2200012,103.4899979,1601
2026-09-15T09:15:00+00:00,103.5199966,104.0899963,103.4899979,103.9700012,2994
2026-09-15T09:30:00+00:00,103.9599991,104.2099991,103.8399963,104.1500015,2110
2026-09-15T09:45:00+00:00,104.1299973,104.1900024,103.6299973,103.6299973,1583
2026-09-15T10:00:00+00:00,103.6299973,103.7300034,103.3099976,103.6200027,2309
2026-09-15T10:15:00+00:00,103.6299973,103.7099991,103.4499969,103.4499969,933
2026-09-15T10:30:00+00:00,103.4599991,103.5,103.0599976,103.0999985,2557
2026-09-15T10:45:00+00:00,103.0899963,103.1399994,102.5,102.5800018,2640
2026-09-15T11:00:00+00:00,102.5800018,102.7200012,102.2099991,102.5599976,2963
2026-09-15T11:15:00+00:00,102.5599976,102.5899963,102.2200012,102.4899979,1712
2026-09-15T11:30:00+00:00,102.4800034,102.5699997,102.1299973,102.4400024,1831
2026-09-15T11:45:00+00:00,102.4300003,102.4300003,102.1399994,102.3600006,1141
2026-09-15T12:00:00+00:00,102.3499985,102.6500015,102.2699966,102.5899963,2055
2026-09-15T12:15:00+00:00,102.5899963,103.0599976,102.5899963,103.0100021,3096
2026-09-15T12:30:00+00:00,103.0199966,103.0599976,102.4300003,102.4499969,2462
2026-09-15T12:45:00+00:00,102.4499969,102.4700012,101.1999969,101.7799988,10552
2026-09-15T13:00:00+00:00,101.8099976,102.0100021,101.2799988,101.8499985,4636
2026-09-15T13:15:00+00:00,101.8399963,102.9899979,101.5,102.9199982,6742
2026-09-15T13:30:00+00:00,102.9199982,103.7600021,102.8700027,103.5400009,10628
2026-09-15T13:45:00+00:00,103.5599976,103.6699982,102.7600021,103.2600021,6239
2026-09-15T14:00:00+00:00,103.2799988,103.6399994,103.2399979,103.5899963,4250
2026-09-15T14:15:00+00:00,103.5800018,103.8399963,103.3899994,103.7699966,4967
2026-09-15T14:30:00+00:00,103.7399979,104.5,103.6299973,104.1100006,7315
2026-09-15T14:45:00+00:00,104.1100006,104.8000031,103.9800034,104.6999969,7513
2026-09-15T15:00:00+00:00,104.7099991,104.9700012,104.4899979,104.8000031,4486
2026-09-15T15:15:00+00:00,104.8000031,104.9199982,104.5100021,104.6800003,3506
2026-09-15T15:30:00+00:00,104.6699982,104.9000015,104.25,104.2699966,5255
2026-09-15T15:45:00+00:00,104.2799988,105.1500015,104.1299973,104.9700012,9192
2026-09-15T16:00:00+00:00,104.9400024,105.6399994,104.9000015,105.6100006,5554
2026-09-15T16:15:00+00:00,105.5999985,105.6500015,105.1299973,105.3399963,4416
2026-09-15T16:30:00+00:00,105.3700027,106.0599976,105.2300034,105.9800034,4931
2026-09-15T16:45:00+00:00,105.9800034,106.2200012,105.8600006,106.1500015,3376
2026-09-15T17:00:00+00:00,106.1500015,106.5800018,105.9100037,106.4599991,4916
2026-09-15T17:15:00+00:00,106.4700012,106.75,106.3300018,106.5,3541
2026-09-15T17:30:00+00:00,106.4899979,106.6699982,106.1999969,106.4199982,3654
2026-09-15T17:45:00+00:00,106.4199982,106.6500015,106.3199997,106.4599991,2247
2026-09-15T18:00:00+00:00,106.4499969,106.5299988,105.8000031,105.9599991,4856
2026-09-15T18:15:00+00:00,105.9400024,105.9800034,105.5999985,105.8199997,4416
2026-09-15T18:30:00+00:00,105.8300018,106.1500015,105.6200027,105.9700012,4057
2026-09-15T18:45:00+00:00,105.9800034,106.0599976,105.6800003,105.6800003,1631
2026-09-15T19:00:00+00:00,105.6800003,105.7399979,105.4100037,105.6500015,2603
2026-09-15T19:15:00+00:00,105.6600037,105.7300034,105.5500031,105.5599976,997
2026-09-15T19:30:00+00:00,105.5800018,105.8000031,105.4700012,105.7399979,1861
2026-09-15T19:45:00+00:00,105.7600021,105.8899994,105.7200012,105.8700027,1068
2026-09-15T20:00:00+00:00,105.8799973,106.1399994,105.8399963,106.0899963,1790
2026-09-15T20:15:00+00:00,106.0699997,106.0800018,105.6600037,105.6699982,1179
2026-09-15T20:30:00+00:00,105.6699982,105.6699982,105.4300003,105.6100006,1444
2026-09-15T20:45:00+00:00,105.5999985,105.6999969,105.4499969,105.5199966,1312
2026-09-15T22:00:00+00:00,105.4700012,105.6699982,105.2099991,105.4599991,969
2026-09-15T22:15:00+00:00,105.4700012,105.5199966,105.3499985,105.4100037,507
2026-09-15T22:30:00+00:00,105.4000015,105.4100037,105.25,105.3799973,719
2026-09-15T22:45:00+00:00,105.3700027,105.4199982,105.2699966,105.3600006,393
2026-09-15T23:00:00+00:00,105.3300018,105.4499969,105.3099976,105.3899994,262
2026-09-15T23:15:00+00:00,105.3899994,105.5,105.3700027,105.4700012,289
2026-09-15T23:30:00+00:00,105.4800034,105.4899979,105.3499985,105.4199982,400
2026-09-15T23:45:00+00:00,105.4000015,105.4199982,105.3000031,105.3700027,392
2026-09-16T00:00:00+00:00,105.3700027,105.4400024,105,105.0100021,1663
2026-09-16T00:15:00+00:00,105.0199966,105.0500031,104.6900024,104.8600006,2167
2026-09-16T00:30:00+00:00,104.8600006,105,104.7799988,104.9499969,807
2026-09-16T00:45:00+00:00,104.9499969,105.3899994,104.9400024,105.2399979,1904
2026-09-16T01:00:00+00:00,105.2399979,105.2600021,104.7600021,104.9100037,2158
2026-09-16T01:15:00+00:00,104.9100037,105.0500031,104.8499985,105.0400009,849
2026-09-16T01:30:00+00:00,105.0599976,105.2600021,104.9100037,105.1200027,1460
2026-09-16T01:45:00+00:00,105.1100006,105.3399963,104.9800034,105.0500031,1237
2026-09-16T02:00:00+00:00,105.0500031,105.1200027,104.8399963,104.8799973,1343
2026-09-16T02:15:00+00:00,104.8700027,104.9599991,104.7900009,104.9199982,899
2026-09-16T02:30:00+00:00,104.9199982,104.9199982,104.5199966,104.8799973,2155
2026-09-16T02:45:00+00:00,104.8700027,104.8899994,104.6100006,104.6500015,903
2026-09-16T03:00:00+00:00,104.6500015,104.6800003,104.3399963,104.4000015,1803
2026-09-16T03:15:00+00:00,104.3799973,104.5400009,104.2399979,104.5299988,1817
2026-09-16T03:30:00+00:00,104.5299988,105.0299988,104.5100021,104.9400024,1976
2026-09-16T03:45:00+00:00,104.9400024,105.0299988,104.7200012,104.7799988,878
2026-09-16T04:00:00+00:00,104.7399979,104.8000031,104.6200027,104.6900024,684
2026-09-16T04:15:00+00:00,104.6900024,104.6999969,104.5299988,104.5899963,577
2026-09-16T04:30:00+00:00,104.6100006,104.6800003,104.5400009,104.6800003,464
2026-09-16T04:45:00+00:00,104.6900024,104.7600021,104.6200027,104.6399994,471
2026-09-16T05:00:00+00:00,104.6399994,104.8799973,104.6200027,104.7099991,885
2026-09-16T05:15:00+00:00,104.6900024,104.8499985,104.5999985,104.8000031,480
2026-09-16T05:30:00+00:00,104.8300018,104.8700027,104.5400009,104.6100006,1280
2026-09-16T05:45:00+00:00,104.6100006,104.9400024,104.5100021,104.8199997,1345
2026-09-16T06:00:00+00:00,104.8300018,104.8899994,104.4800034,104.6900024,1294
2026-09-16T06:15:00+00:00,104.6999969,104.8000031,104.5899963,104.7300034,492
2026-09-16T06:30:00+00:00,104.7200012,104.8600006,104.3799973,104.4800034,1217
2026-09-16T06:45:00+00:00,104.5100021,104.5100021,104.0199966,104.0299988,2113
2026-09-16T07:00:00+00:00,104.0199966,104.3300018,103.7600021,103.9800034,2982
2026-09-16T07:15:00+00:00,103.9499969,104.3199997,103.9100037,104.1500015,1207
2026-09-16T07:30:00+00:00,104.1399994,104.2200012,103.9800034,104.0500031,1050
2026-09-16T07:45:00+00:00,104.0500031,104.3099976,104.0400009,104.2799988,724
2026-09-16T08:00:00+00:00,104.25,104.7799988,104.25,104.5800018,2085
2026-09-16T08:15:00+00:00,104.5599976,104.75,104.1699982,104.4499969,2469
2026-09-16T08:30:00+00:00,104.4400024,104.8199997,104.2799988,104.4899979,1295
2026-09-16T08:45:00+00:00,104.4899979,104.6299973,104.3799973,104.5299988,784
2026-09-16T09:00:00+00:00,104.5199966,105,104.4199982,104.9100037,1788
2026-09-16T09:15:00+00:00,104.9100037,104.9700012,104.2699966,104.4899979,2009
2026-09-16T09:30:00+00:00,104.5,104.5500031,103.9000015,104.0999985,2272
2026-09-16T09:45:00+00:00,104.0899963,104.3099976,103.9100037,104.1399994,1152
2026-09-16T10:00:00+00:00,104.1500015,104.2099991,103.7200012,103.8300018,2106
2026-09-16T10:15:00+00:00,103.8300018,104,103.5800018,103.9000015,2201
2026-09-16T10:30:00+00:00,103.8799973,104.0800018,103.5199966,103.5800018,1661
2026-09-16T10:45:00+00:00,103.5899963,103.7799988,103.2399979,103.2900009,1523
2026-09-16T11:00:00+00:00,103.2600021,103.5699997,102.8499985,103.4599991,3873
2026-09-16T11:15:00+00:00,103.4499969,103.5,103.1299973,103.2799988,1281
2026-09-16T11:30:00+00:00,103.25,103.4800034,103,103.3899994,2901
2026-09-16T11:45:00+00:00,103.4000015,103.5500031,103.1100006,103.1699982,2004
2026-09-16T12:00:00+00:00,103.1800003,103.8799973,102.9400024,103.8700027,3292
2026-09-16T12:15:00+00:00,103.8700027,103.9700012,103.5199966,103.6699982,2865
2026-09-16T12:30:00+00:00,103.6699982,104,103.6399994,103.9400024,2457
2026-09-16T12:45:00+00:00,103.9499969,104.2200012,103.6200027,104.0800018,3770
2026-09-16T13:00:00+00:00,104.0999985,104.1200027,103.5699997,103.6800003,3419
2026-09-16T13:15:00+00:00,103.6699982,104.0999985,103.5699997,104.0500031,2414
2026-09-16T13:30:00+00:00,104.0400009,104.0599976,103.4300003,103.6100006,3278
2026-09-16T13:45:00+00:00,103.6100006,103.6999969,103.1500015,103.3799973,3481
2026-09-16T14:00:00+00:00,103.3700027,103.9599991,103.1999969,103.6399994,4092
2026-09-16T14:15:00+00:00,103.6299973,103.6399994,103.0899963,103.2699966,3139
2026-09-16T14:30:00+00:00,103.3099976,103.5699997,102.8600006,102.9000015,4813
2026-09-16T14:45:00+00:00,102.9000015,103.0400009,102.2300034,102.25,6813
2026-09-16T15:00:00+00:00,102.2399979,102.2799988,101.1100006,101.1800003,14260
2026-09-16T15:15:00+00:00,101.1699982,101.8799973,101.1200027,101.8399963,7525
2026-09-16T15:30:00+00:00,101.8300018,102.4899979,101.7200012,102.3799973,6979
2026-09-16T15:45:00+00:00,102.4000015,102.7099991,101.0100021,101.9800034,11093
2026-09-16T16:00:00+00:00,101.9800034,102.5,101.8700027,102.2600021,3332
2026-09-16T16:15:00+00:00,102.2399979,102.5800018,102.1500015,102.5299988,1829
2026-09-16T16:30:00+00:00,102.5299988,102.7300034,102.4199982,102.6200027,1609
2026-09-16T16:45:00+00:00,102.6299973,102.6999969,102.4400024,102.5899963,1364
2026-09-16T17:00:00+00:00,102.5899963,102.6500015,102.4000015,102.5899963,1511
2026-09-16T17:15:00+00:00,102.6100006,102.8000031,102.4700012,102.4700012,1320
2026-09-16T17:30:00+00:00,102.4599991,102.6100006,102.2699966,102.5100021,1889
2026-09-16T17:45:00+00:00,102.4899979,102.5299988,102.2300034,102.3000031,1509
2026-09-16T18:00:00+00:00,102.3000031,102.5500031,102.0699997,102.4100037,2377
2026-09-16T18:15:00+00:00,102.4100037,102.4800034,102.0500031,102.4100037,2968
2026-09-16T18:30:00+00:00,102.4199982,102.8600006,102.3099976,102.3399963,2899
2026-09-16T18:45:00+00:00,102.3300018,102.7300034,102.2200012,102.6399994,1565
2026-09-16T19:00:00+00:00,102.6299973,102.8700027,102.4599991,102.4899979,1473
2026-09-16T19:15:00+00:00,102.4400024,102.4700012,102.0800018,102.1800003,1266
2026-09-16T19:30:00+00:00,102.1900024,102.2200012,101.7200012,101.8399963,2426
2026-09-16T19:45:00+00:00,101.8700027,102.0899963,101.8000031,102.0299988,1571
2026-09-16T20:00:00+00:00,102.0199966,102.3199997,101.9700012,102.1200027,1467
2026-09-16T20:15:00+00:00,102.1100006,102.1800003,102.0400009,102.0899963,507
2026-09-16T20:30:00+00:00,102.1299973,102.25,102.0199966,102.1100006,569
2026-09-16T20:45:00+00:00,102.1399994,102.1999969,101.9800034,102.0199966,969
2026-09-16T22:00:00+00:00,102.1800003,102.2600021,101.8600006,101.9599991,320
2026-09-16T22:15:00+00:00,101.9400024,101.9899979,101.8899994,101.9199982,301
2026-09-16T22:30:00+00:00,101.9199982,101.9899979,101.9100037,101.9499969,223
2026-09-16T22:45:00+00:00,101.9499969,102.0400009,101.9499969,102.0299988,233
2026-09-16T23:00:00+00:00,102.0199966,102.0699997,102,102.0100021,176
2026-09-16T23:15:00+00:00,102.0199966,102.0299988,101.9800034,102,167
2026-09-16T23:30:00+00:00,101.9899979,102.0100021,101.2799988,101.5899963,1704
2026-09-16T23:45:00+00:00,101.5899963,101.8000031,101.5,101.7699966,821
2026-09-17T00:00:00+00:00,101.7799988,101.7799988,101.3700027,101.5800018,1196
2026-09-17T00:15:00+00:00,101.5899963,101.6600037,101.4499969,101.4700012,479
2026-09-17T00:30:00+00:00,101.4700012,101.5100021,101.25,101.3199997,891
2026-09-17T00:45:00+00:00,101.3099976,101.4000015,101.0800018,101.3199997,1507
2026-09-17T01:00:00+00:00,101.3099976,102.1100006,101.2099991,101.9300003,2092
2026-09-17T01:15:00+00:00,101.9599991,102.2200012,101.8000031,102.1900024,1658
2026-09-17T01:30:00+00:00,102.1699982,102.3499985,102.0899963,102.3099976,1105
2026-09-17T01:45:00+00:00,102.3199997,102.3300018,102.1399994,102.25,765
2026-09-17T02:00:00+00:00,102.2699966,102.3799973,102.0699997,102.2900009,728
2026-09-17T02:15:00+00:00,102.2699966,102.2799988,102.1500015,102.1600037,301
2026-09-17T02:30:00+00:00,102.1500015,102.1900024,101.9199982,102.1900024,1014
2026-09-17T02:45:00+00:00,102.1900024,102.4300003,102.1600037,102.3099976,756
2026-09-17T03:00:00+00:00,102.3300018,102.4700012,102.2900009,102.3199997,738
2026-09-17T03:15:00+00:00,102.3300018,102.4300003,102.2300034,102.2399979,308
2026-09-17T03:30:00+00:00,102.2300034,102.3899994,101.9800034,102.1100006,735
2026-09-17T03:45:00+00:00,102.1200027,102.3799973,102.0999985,102.2900009,395
2026-09-17T04:00:00+00:00,102.3199997,102.3600006,102.2399979,102.3199997,322
2026-09-17T04:15:00+00:00,102.3199997,102.4599991,102.3199997,102.3499985,367
2026-09-17T04:30:00+00:00,102.3499985,102.4499969,102.1399994,102.1699982,523
2026-09-17T04:45:00+00:00,102.1699982,102.2699966,102.1200027,102.1999969,288
2026-09-17T05:00:00+00:00,102.1999969,102.2600021,102.0899963,102.2399979,338
2026-09-17T05:15:00+00:00,102.2300034,102.2600021,101.9899979,102.0199966,381
2026-09-17T05:30:00+00:00,102.0199966,102.1299973,101.6500015,101.8000031,1340
2026-09-17T05:45:00+00:00,101.7900009,101.8099976,101.3799973,101.4400024,974
2026-09-17T06:00:00+00:00,101.4300003,101.4800034,101.1100006,101.25,1294
2026-09-17T06:15:00+00:00,101.2600021,101.3899994,100.8099976,100.8199997,2016
2026-09-17T06:30:00+00:00,100.8300018,101.1699982,100.3700027,101.1399994,3519
2026-09-17T06:45:00+00:00,101.1600037,101.1600037,100.5800018,100.9499969,1348
2026-09-17T07:00:00+00:00,100.9499969,101.3300018,100.6600037,100.8600006,1745
2026-09-17T07:15:00+00:00,100.8499985,101.1399994,100.8300018,100.9300003,845
2026-09-17T07:30:00+00:00,100.8700027,101.4499969,100.8499985,101.3499985,1198
2026-09-17T07:45:00+00:00,101.3499985,101.8000031,101.3399963,101.5999985,1186
2026-09-17T08:00:00+00:00,101.5699997,101.9800034,101.5400009,101.8799973,1114
2026-09-17T08:15:00+00:00,101.9000015,101.9100037,101.2399979,101.4100037,1601
2026-09-17T08:30:00+00:00,101.4000015,101.5400009,101.25,101.3199997,1183
2026-09-17T08:45:00+00:00,101.3199997,101.4899979,101.0500031,101.4599991,1104
2026-09-17T09:00:00+00:00,101.4499969,101.6299973,101.3000031,101.5,826
2026-09-17T09:15:00+00:00,101.5299988,102.1200027,101.4000015,102.0899963,1259
2026-09-17T09:30:00+00:00,102.0800018,102.0899963,101.1200027,101.25,1342
2026-09-17T09:45:00+00:00,101.2799988,101.5500031,101.0500031,101.3300018,1609
2026-09-17T10:00:00+00:00,101.3199997,101.3399963,100.4700012,100.8399963,2101
2026-09-17T10:15:00+00:00,100.8499985,101.2900009,100.5599976,100.6600037,2084
2026-09-17T10:30:00+00:00,100.6600037,100.9700012,100.5199966,100.6299973,1525
2026-09-17T10:45:00+00:00,100.6299973,100.9499969,100.5299988,100.6600037,1259
2026-09-17T11:00:00+00:00,100.6800003,100.8000031,100.3199997,100.3700027,1769
2026-09-17T11:15:00+00:00,100.3499985,100.7900009,100.3300018,100.6800003,978
2026-09-17T11:30:00+00:00,100.6999969,100.9400024,100.5899963,100.6900024,1277
2026-09-17T11:45:00+00:00,100.7200012,100.8199997,99.58999634,99.97000122,3202
2026-09-17T12:00:00+00:00,99.97000122,100.2799988,99.09999847,99.52999878,6633
2026-09-17T12:15:00+00:00,99.51999664,99.87000275,99.16000366,99.20999908,3549
2026-09-17T12:30:00+00:00,99.19000244,100.0899963,99.16999817,100.0400009,3154
2026-09-17T12:45:00+00:00,100.0500031,100.1500015,99.69000244,99.97000122,2017
2026-09-17T13:00:00+00:00,99.97000122,100.3799973,99.59999847,100.1900024,3511
2026-09-17T13:15:00+00:00,100.1699982,100.6900024,100.0899963,100.5299988,2506
2026-09-17T13:30:00+00:00,100.5299988,101.2699966,100.4300003,101.0999985,3882
2026-09-17T13:45:00+00:00,101.0999985,101.1900024,100.3199997,100.5800018,4015
2026-09-17T14:00:00+00:00,100.5599976,100.8300018,100.2699966,100.3099976,1943
2026-09-17T14:15:00+00:00,100.3000031,100.6800003,100.25,100.5299988,1418
2026-09-17T14:30:00+00:00,100.5699997,100.8099976,100.4599991,100.5899963,1659
2026-09-17T14:45:00+00:00,100.5999985,101.2600021,100.5899963,101.1999969,2654
2026-09-17T15:00:00+00:00,101.1699982,101.2300034,100.7099991,100.8300018,1992
2026-09-17T15:15:00+00:00,100.8099976,100.9000015,100.4700012,100.7399979,2045
2026-09-17T15:30:00+00:00,100.7399979,101.2799988,100.5699997,101.2300034,2270
2026-09-17T15:45:00+00:00,101.2399979,101.2799988,100.8700027,100.9499969,1600
2026-09-17T16:00:00+00:00,100.9599991,101.0800018,100.7200012,100.9899979,1629
2026-09-17T16:15:00+00:00,101.0199966,101.3300018,101.0100021,101.2099991,1708
2026-09-17T16:30:00+00:00,101.1999969,101.9499969,101.1999969,101.5800018,4015
2026-09-17T16:45:00+00:00,101.5999985,102.3499985,101.5999985,102.0800018,4777
2026-09-17T17:00:00+00:00,102.0899963,102.4000015,101.9800034,102.3499985,2368
2026-09-17T17:15:00+00:00,102.3399963,102.4100037,101.9599991,102.1299973,2226
2026-09-17T17:30:00+00:00,102.1399994,102.1500015,101.7699966,101.9499969,1850
2026-09-17T17:45:00+00:00,101.9400024,102.1399994,101.8300018,101.9800034,1516
2026-09-17T18:00:00+00:00,101.9800034,102.0299988,101.6299973,101.6699982,1275
2026-09-17T18:15:00+00:00,101.6900024,102.1699982,101.6600037,102.0199966,2699
2026-09-17T18:30:00+00:00,102.0299988,102.1100006,101.7600021,101.7900009,1049
2026-09-17T18:45:00+00:00,101.7699966,101.8600006,101.75,101.8399963,536
2026-09-17T19:00:00+00:00,101.8499985,101.8499985,101.2900009,101.4400024,1783
2026-09-17T19:15:00+00:00,101.4300003,101.4899979,101.0699997,101.1699982,1168
2026-09-17T19:30:00+00:00,101.1999969,101.3899994,101.1900024,101.2200012,786
2026-09-17T19:45:00+00:00,101.2200012,101.3099976,101.1699982,101.25,528
2026-09-17T20:00:00+00:00,101.25,101.3199997,101.0699997,101.3099976,772
2026-09-17T20:15:00+00:00,101.3000031,101.3300018,101.1800003,101.1999969,308
2026-09-17T20:30:00+00:00,101.1900024,101.3700027,101.1699982,101.2600021,432
2026-09-17T20:45:00+00:00,101.2600021,101.3000031,100.9599991,101.0899963,655
2026-09-17T22:00:00+00:00,101.0500031,101.5899963,100.8600006,101.1200027,299
2026-09-17T22:15:00+00:00,101.0999985,101.3700027,101.0899963,101.2200012,546
2026-09-17T22:30:00+00:00,101.1999969,101.2600021,101.1699982,101.1999969,190
2026-09-17T22:45:00+00:00,101.2099991,101.2300034,101.1200027,101.1200027,117
2026-09-17T23:00:00+00:00,101.1299973,101.2600021,101.0899963,101.1500015,142
2026-09-17T23:15:00+00:00,101.1500015,101.1600037,101.0199966,101.0500031,195
2026-09-17T23:30:00+00:00,101.0800018,101.1500015,101.0400009,101.1399994,175
2026-09-17T23:45:00+00:00,101.1500015,101.2300034,101.0699997,101.0800018,221
2026-09-18T00:00:00+00:00,101.0899963,101.2300034,100.7799988,100.8099976,505
2026-09-18T00:15:00+00:00,100.7900009,101.0100021,100.7600021,100.8600006,673
2026-09-18T00:30:00+00:00,100.8600006,100.9599991,100.8199997,100.8499985,288
2026-09-18T00:45:00+00:00,100.8600006,101.2200012,100.8399963,101.1399994,359
2026-09-18T01:00:00+00:00,101.1399994,101.1900024,100.9400024,101.1500015,563
2026-09-18T01:15:00+00:00,101.1600037,101.4100037,101.1399994,101.3799973,493
2026-09-18T01:30:00+00:00,101.3499985,101.4499969,100.8300018,100.9499969,713
2026-09-18T01:45:00+00:00,101,101.3099976,100.9000015,101.2900009,672
2026-09-18T02:00:00+00:00,101.2799988,101.5800018,101.2600021,101.3799973,761
2026-09-18T02:15:00+00:00,101.3899994,101.4300003,101.3099976,101.3300018,349
2026-09-18T02:30:00+00:00,101.3499985,101.3799973,101.0899963,101.1200027,561
2026-09-18T02:45:00+00:00,101.1299973,101.4400024,101.1100006,101.3700027,441
2026-09-18T03:00:00+00:00,101.3799973,101.5,101.2799988,101.3700027,254
2026-09-18T03:15:00+00:00,101.4100037,101.4100037,101.1800003,101.2200012,245
2026-09-18T03:30:00+00:00,101.1900024,101.2600021,101.0599976,101.0899963,252
2026-09-18T03:45:00+00:00,101.0599976,101.1900024,100.9899979,101.1600037,271
2026-09-18T04:00:00+00:00,101.1699982,101.2600021,101.0899963,101.1100006,417
2026-09-18T04:15:00+00:00,101.1100006,101.3499985,101.0899963,101.2699966,319
2026-09-18T04:30:00+00:00,101.2399979,101.2399979,100.7799988,100.8600006,616
2026-09-18T04:45:00+00:00,100.8700027,101.0299988,100.8000031,100.9899979,352
2026-09-18T05:00:00+00:00,101,101.2200012,100.9300003,101.0199966,303
2026-09-18T05:15:00+00:00,101.0100021,101.0800018,100.9899979,101.0199966,256
2026-09-18T05:30:00+00:00,101.0100021,101.0999985,100.7300034,100.8199997,663
2026-09-18T05:45:00+00:00,100.7900009,101.0999985,100.7699966,100.9400024,568
2026-09-18T06:00:00+00:00,100.8600006,101.1100006,100.6200027,100.8799973,754
2026-09-18T06:15:00+00:00,100.9000015,101,100.2699966,100.2699966,921
2026-09-18T06:30:00+00:00,100.2799988,100.3399963,99.94000244,100.1200027,1599
2026-09-18T06:45:00+00:00,100.1200027,100.2699966,99.87999725,100.0199966,866
2026-09-18T07:00:00+00:00,100.0299988,100.3199997,100.0299988,100.1200027,498
2026-09-18T07:15:00+00:00,100.0699997,100.0999985,99.51999664,99.59999847,1206
2026-09-18T07:30:00+00:00,99.58999634,99.61000061,94.81999969,95.15000153,13567
2026-09-18T07:45:00+00:00,95.13999939,95.41000366,95.12999725,95.33000183,1382
2026-09-18T08:00:00+00:00,95.33000183,95.52999878,95.31999969,95.37999725,1019
2026-09-18T08:15:00+00:00,95.40000153,95.75,95.22000122,95.75,1662
2026-09-18T08:30:00+00:00,95.73000336,95.87999725,95.55999756,95.58000183,1519
2026-09-18T08:45:00+00:00,95.58000183,95.69000244,95.43000031,95.55999756,811
2026-09-18T09:00:00+00:00,95.58000183,95.63999939,95.19999695,95.31999969,1083
2026-09-18T09:15:00+00:00,95.33000183,95.79000092,95.19000244,95.69000244,1391
2026-09-18T09:30:00+00:00,95.68000031,96.5,95.66999817,96.44999695,2795
2026-09-18T09:45:00+00:00,96.45999908,96.51999664,96.12999725,96.38999939,1274
2026-09-18T10:00:00+00:00,96.40000153,96.44000244,96.13999939,96.25,1140
2026-09-18T10:15:00+00:00,96.23999786,96.31999969,95.65000153,95.65000153,1630
2026-09-18T10:30:00+00:00,95.66000366,95.93000031,95.54000092,95.77999878,1568
2026-09-18T10:45:00+00:00,95.73000336,95.87000275,95.52999878,95.63999939,1156
2026-09-18T11:00:00+00:00,95.62000275,96.26999664,95.38999939,95.91000366,3902
2026-09-18T11:15:00+00:00,95.93000031,96.41999817,95.91999817,96.20999908,1965
2026-09-18T11:30:00+00:00,96.20999908,96.23000336,95.91999817,96.16000366,1175
2026-09-18T11:45:00+00:00,96.19000244,96.40000153,96.19000244,96.20999908,1145
2026-09-18T12:00:00+00:00,96.20999908,96.55999756,95.62000275,96.31999969,3744
2026-09-18T12:15:00+00:00,96.31999969,96.81999969,96.30999756,96.68000031,2822
2026-09-18T12:30:00+00:00,96.68000031,96.88999939,96.62000275,96.80000305,2030
2026-09-18T12:45:00+00:00,96.80999756,96.94999695,96.59999847,96.91000366,1874
2026-09-18T13:00:00+00:00,96.90000153,97.58000183,96.87999725,97.56999969,5312
2026-09-18T13:15:00+00:00,97.56999969,97.65000153,97.27999878,97.61000061,2689
2026-09-18T13:30:00+00:00,97.58999634,97.94999695,97.51999664,97.81999969,3616
2026-09-18T13:45:00+00:00,97.83999634,97.98000336,97.55999756,97.76999664,2397
2026-09-18T14:00:00+00:00,97.79000092,97.86000061,97.37000275,97.86000061,3524
2026-09-18T14:15:00+00:00,97.83999634,98.01999664,97.75,97.87000275,2965
2026-09-18T14:30:00+00:00,97.87000275,97.88999939,97.43000031,97.68000031,3489
2026-09-18T14:45:00+00:00,97.66999817,97.73000336,96.84999847,97.04000092,4919
2026-09-18T15:00:00+00:00,97.06999969,97.16999817,96.80999756,97.01000214,2246
2026-09-18T15:15:00+00:00,97.01000214,97.23999786,96.91999817,97.18000031,2311
2026-09-18T15:30:00+00:00,97.19000244,97.37000275,96.91000366,97.05000305,2827
2026-09-18T15:45:00+00:00,97.05999756,97.16999817,96.75,96.81999969,1878
2026-09-18T16:00:00+00:00,96.83000183,96.84999847,96.56999969,96.62000275,2718
2026-09-18T16:15:00+00:00,96.59999847,96.76999664,96.23000336,96.33000183,3154
2026-09-18T16:30:00+00:00,96.33000183,96.5,95.87000275,95.98999786,3797
2026-09-18T16:45:00+00:00,96,96.22000122,95.81999969,96.01000214,2209
2026-09-18T17:00:00+00:00,96.01000214,96.18000031,95.80000305,95.91000366,1790
2026-09-18T17:15:00+00:00,95.88999939,95.95999908,95.69999695,95.88999939,1993
2026-09-18T17:30:00+00:00,95.91000366,96.11000061,95.83999634,96.02999878,1891
2026-09-18T17:45:00+00:00,96.04000092,96.16000366,95.80999756,96,1689
2026-09-18T18:00:00+00:00,95.98000336,96.11000061,95.80999756,95.83999634,1958
2026-09-18T18:15:00+00:00,95.83999634,96.13999939,95.76999664,96.04000092,2487
2026-09-18T18:30:00+00:00,96.02999878,96.04000092,95.58000183,95.62000275,2119
2026-09-18T18:45:00+00:00,95.62000275,95.66999817,95.44000244,95.51000214,1441
2026-09-18T19:00:00+00:00,95.51000214,95.62000275,95.40000153,95.52999878,1780
2026-09-18T19:15:00+00:00,95.51999664,95.65000153,95.47000122,95.65000153,722
2026-09-18T19:30:00+00:00,95.65000153,95.68000031,95.56999969,95.61000061,705
2026-09-18T19:45:00+00:00,95.59999847,95.75,95.56999969,95.69999695,1103
2026-09-18T20:00:00+00:00,95.69999695,95.72000122,95.16000366,95.37999725,2102
2026-09-18T20:15:00+00:00,95.37999725,95.55000305,95.25,95.30000305,1381
2026-09-18T20:30:00+00:00,95.30999756,95.41999817,95.15000153,95.38999939,1233
2026-09-18T20:45:00+00:00,95.38999939,96.08000183,95.33000183,96.08000183,1428
2026-09-20T22:00:00+00:00,96.76000214,96.76999664,96.58000183,96.61000061,505
2026-09-20T22:15:00+00:00,96.61000061,96.66999817,96.44999695,96.45999908,1444
2026-09-20T22:30:00+00:00,96.48000336,96.55999756,96.01999664,96.08999634,2051
2026-09-20T22:45:00+00:00,96.09999847,96.11000061,95.87000275,95.88999939,1431
2026-09-20T23:00:00+00:00,95.91000366,96.01000214,95.86000061,95.91999817,947
2026-09-20T23:15:00+00:00,95.90000153,96.34999847,95.90000153,96.11000061,2108
2026-09-20T23:30:00+00:00,96.09999847,96.09999847,95.91000366,95.95999908,1022
2026-09-20T23:45:00+00:00,95.94999695,95.98000336,95.62000275,95.66999817,1618
2026-09-21T00:00:00+00:00,95.66999817,95.87000275,95.52999878,95.79000092,1306
2026-09-21T00:15:00+00:00,95.80000305,95.83000183,95.16999817,95.34999847,2068
2026-09-21T00:30:00+00:00,95.36000061,95.37999725,94.31999969,94.87999725,4309
2026-09-21T00:45:00+00:00,94.88999939,94.88999939,94.5,94.62000275,2033
2026-09-21T01:00:00+00:00,94.61000061,94.61000061,93.77999878,93.86000061,5884
2026-09-21T01:15:00+00:00,93.87999725,93.93000031,93.58000183,93.79000092,3292
2026-09-21T01:30:00+00:00,93.80000305,94.11000061,93.73000336,93.91999817,2635
2026-09-21T01:45:00+00:00,93.94999695,94.09999847,93.68000031,93.94999695,2087
2026-09-21T02:00:00+00:00,93.94999695,94.13999939,93.87999725,93.98999786,1216
2026-09-21T02:15:00+00:00,93.98999786,94.11000061,93.93000031,93.94999695,1035
2026-09-21T02:30:00+00:00,93.97000122,94.11000061,93.81999969,93.91999817,1493
2026-09-21T02:45:00+00:00,93.90000153,94.08000183,93.73999786,94.06999969,1163
2026-09-21T03:00:00+00:00,94.05999756,94.08000183,93.90000153,93.91999817,744
2026-09-21T03:15:00+00:00,93.91000366,94,93.83999634,93.93000031,470
2026-09-21T03:30:00+00:00,93.93000031,94.05000305,93.75,93.94999695,718
2026-09-21T03:45:00+00:00,93.95999908,94.05999756,93.80999756,93.98000336,565
2026-09-21T04:00:00+00:00,93.98999786,94.25,93.98000336,94.19999695,1069
2026-09-21T04:15:00+00:00,94.19000244,94.22000122,93.84999847,93.91999817,886
2026-09-21T04:30:00+00:00,93.91000366,94.08999634,93.87999725,94.05999756,686
2026-09-21T04:45:00+00:00,94.02999878,94.15000153,93.91999817,94.06999969,907
2026-09-21T05:00:00+00:00,94.08000183,94.40000153,94.08000183,94.33999634,1268
2026-09-21T05:15:00+00:00,94.33999634,94.40000153,94.13999939,94.19999695,1229
2026-09-21T05:30:00+00:00,94.19999695,94.47000122,94.12000275,94.41000366,1463
2026-09-21T05:45:00+00:00,94.43000031,94.70999908,94.36000061,94.61000061,1636
2026-09-21T06:00:00+00:00,94.62000275,94.79000092,94.22000122,94.26999664,1761
2026-09-21T06:15:00+00:00,94.26999664,94.30999756,93.87999725,94.12000275,2045
2026-09-21T06:30:00+00:00,94.09999847,94.23000336,93.95999908,94.15000153,1119
2026-09-21T06:45:00+00:00,94.15000153,94.37999725,94.08999634,94.15000153,1164
2026-09-21T07:00:00+00:00,94.12999725,94.23999786,93.77999878,94.04000092,1823
2026-09-21T07:15:00+00:00,94.01999664,94.12000275,93.83999634,93.94999695,1022
2026-09-21T07:30:00+00:00,93.94999695,94.04000092,93.75,93.94999695,1021
2026-09-21T07:45:00+00:00,93.94999695,94.31999969,93.87999725,94.18000031,1548
2026-09-21T08:00:00+00:00,94.18000031,94.33000183,93.94999695,94,1225
2026-09-21T08:15:00+00:00,94.01999664,94.08999634,93.44999695,93.75,2851
2026-09-21T08:30:00+00:00,93.76000214,94.01999664,93.62000275,93.91999817,1736
2026-09-21T08:45:00+00:00,93.94999695,94.33000183,93.87999725,94.19000244,1661
2026-09-21T09:00:00+00:00,94.20999908,94.58999634,94.15000153,94.27999878,2215
2026-09-21T09:15:00+00:00,94.27999878,94.51999664,94.19000244,94.33000183,856
2026-09-21T09:30:00+00:00,94.30999756,94.37999725,94,94.05999756,986
2026-09-21T09:45:00+00:00,94.06999969,94.23999786,93.48999786,93.70999908,2486
2026-09-21T10:00:00+00:00,93.73999786,93.87999725,93.33999634,93.34999847,1930
2026-09-21T10:15:00+00:00,93.34999847,93.41000366,93,93.01999664,3110
2026-09-21T10:30:00+00:00,93.01999664,93.13999939,92.69999695,93.08999634,2910
2026-09-21T10:45:00+00:00,93.06999969,93.31999969,92.88999939,93.30999756,1622
2026-09-21T11:00:00+00:00,93.30000305,93.63999939,93.30000305,93.59999847,1947
2026-09-21T11:15:00+00:00,93.58000183,93.62999725,93.37999725,93.56999969,1258
2026-09-21T11:30:00+00:00,93.55000305,93.72000122,93.27999878,93.31999969,1836
2026-09-21T11:45:00+00:00,93.31999969,93.58000183,93.30000305,93.48999786,1248
2026-09-21T12:00:00+00:00,93.48999786,93.80999756,93.13999939,93.29000092,3115
2026-09-21T12:15:00+00:00,93.30000305,93.59999847,93.09999847,93.58000183,2110
2026-09-21T12:30:00+00:00,93.58000183,93.68000031,92.76999664,92.87999725,3151
2026-09-21T12:45:00+00:00,92.88999939,93.70999908,92.86000061,93.70999908,2966
2026-09-21T13:00:00+00:00,93.70999908,93.76000214,92.88999939,92.91999817,4441
2026-09-21T13:15:00+00:00,92.91999817,92.97000122,92.51999664,92.62999725,5702
2026-09-21T13:30:00+00:00,92.61000061,93.13999939,92.48000336,92.65000153,5083
2026-09-21T13:45:00+00:00,92.63999939,92.94000244,92.5,92.58999634,3566
2026-09-21T14:00:00+00:00,92.58000183,92.66999817,92.12000275,92.16000366,5136
2026-09-21T14:15:00+00:00,92.16000366,92.22000122,91.68000031,91.73000336,6092
2026-09-21T14:30:00+00:00,91.72000122,92.08000183,91.61000061,91.79000092,5239
2026-09-21T14:45:00+00:00,91.77999878,92.33999634,91.58000183,92.23000336,5262
2026-09-21T15:00:00+00:00,92.22000122,92.38999939,92.08000183,92.08999634,3329
2026-09-21T15:15:00+00:00,92.08999634,92.51999664,92.05000305,92.30999756,3454
2026-09-21T15:30:00+00:00,92.31999969,92.34999847,91.84999847,92.08999634,3850
2026-09-21T15:45:00+00:00,92.09999847,92.37999725,91.69999695,92.30999756,3364
2026-09-21T16:00:00+00:00,92.33000183,92.34999847,91.44999695,91.59999847,5935
2026-09-21T16:15:00+00:00,91.58999634,91.80000305,91.30000305,91.76000214,4291
2026-09-21T16:30:00+00:00,91.77999878,91.83000183,91.27999878,91.38999939,2194
2026-09-21T16:45:00+00:00,91.41000366,91.52999878,91.18000031,91.44999695,2359
2026-09-21T17:00:00+00:00,91.44999695,91.69999695,91.44000244,91.69000244,2346
2026-09-21T17:15:00+00:00,91.69999695,91.75,91.61000061,91.73999786,1232
2026-09-21T17:30:00+00:00,91.73000336,92.19000244,91.73000336,92.16999817,2624
2026-09-21T17:45:00+00:00,92.18000031,92.30000305,92.01999664,92.18000031,2302
2026-09-21T18:00:00+00:00,92.18000031,92.41999817,92.05000305,92.19999695,1876
2026-09-21T18:15:00+00:00,92.23000336,92.51999664,92.19000244,92.37000275,3035
2026-09-21T18:30:00+00:00,92.36000061,92.45999908,92.09999847,92.40000153,1847
2026-09-21T18:45:00+00:00,92.40000153,92.58999634,92.40000153,92.48000336,1324
2026-09-21T19:00:00+00:00,92.48000336,92.52999878,92.36000061,92.43000031,889
2026-09-21T19:15:00+00:00,92.43000031,92.58000183,92.01000214,92.04000092,1404
2026-09-21T19:30:00+00:00,92.05000305,92.15000153,91.93000031,92.01999664,1392
2026-09-21T19:45:00+00:00,92.01999664,92.23000336,92.01999664,92.15000153,1039
2026-09-21T20:00:00+00:00,92.12999725,92.16000366,91.90000153,91.98000336,1610
2026-09-21T20:15:00+00:00,91.97000122,92.04000092,91.81999969,91.94999695,749
2026-09-21T20:30:00+00:00,91.94000244,92.18000031,91.88999939,92.13999939,750
2026-09-21T20:45:00+00:00,92.12999725,92.15000153,91.91000366,92,846
2026-09-21T22:00:00+00:00,91.91999817,92.02999878,91.69999695,91.84999847,392
2026-09-21T22:15:00+00:00,91.83999634,91.98999786,91.81999969,91.98000336,369
2026-09-21T22:30:00+00:00,91.97000122,92.12999725,91.94000244,92.04000092,403
2026-09-21T22:45:00+00:00,92.05000305,92.18000031,92.04000092,92.15000153,402
2026-09-21T23:00:00+00:00,92.16999817,92.19000244,92.02999878,92.13999939,391
2026-09-21T23:15:00+00:00,92.13999939,92.33999634,92.11000061,92.30999756,503
2026-09-21T23:30:00+00:00,92.29000092,92.33000183,92.19999695,92.26000214,391
2026-09-21T23:45:00+00:00,92.25,92.30999756,92.16999817,92.27999878,427
2026-09-22T00:00:00+00:00,92.26000214,92.37000275,92.11000061,92.30000305,892
2026-09-22T00:15:00+00:00,92.30000305,92.54000092,92.29000092,92.51000214,1251
2026-09-22T00:30:00+00:00,92.5,92.73999786,92.48999786,92.70999908,1491
2026-09-22T00:45:00+00:00,92.70999908,92.76999664,92.62000275,92.73000336,907
2026-09-22T01:00:00+00:00,92.75,92.91999817,92.73000336,92.83000183,1351
2026-09-22T01:15:00+00:00,92.80999756,92.87999725,92.70999908,92.80999756,772
2026-09-22T01:30:00+00:00,92.80999756,92.98999786,92.73999786,92.98000336,1135
2026-09-22T01:45:00+00:00,92.97000122,93,92.75,92.98000336,879
2026-09-22T02:00:00+00:00,92.98000336,93.01999664,92.83000183,92.90000153,744
2026-09-22T02:15:00+00:00,92.90000153,92.90000153,92.69999695,92.86000061,955
2026-09-22T02:30:00+00:00,92.84999847,93,92.83000183,92.93000031,889
2026-09-22T02:45:00+00:00,92.93000031,93.16999817,92.91000366,93.12000275,1268
2026-09-22T03:00:00+00:00,93.12000275,93.26000214,93.11000061,93.16999817,1264
2026-09-22T03:15:00+00:00,93.19999695,93.26000214,93.08000183,93.15000153,760
2026-09-22T03:30:00+00:00,93.11000061,93.13999939,92.94999695,92.95999908,656
2026-09-22T03:45:00+00:00,92.95999908,93,92.87999725,93,1007
2026-09-22T04:00:00+00:00,92.98999786,93.30000305,92.95999908,93.25,892
2026-09-22T04:15:00+00:00,93.25,93.40000153,93.19000244,93.20999908,830
2026-09-22T04:30:00+00:00,93.20999908,93.30999756,93.16000366,93.30000305,308
2026-09-22T04:45:00+00:00,93.30000305,93.44000244,93.27999878,93.38999939,605
2026-09-22T05:00:00+00:00,93.37999725,93.44000244,93.31999969,93.36000061,478
2026-09-22T05:15:00+00:00,93.40000153,93.44000244,93.33999634,93.37999725,442
2026-09-22T05:30:00+00:00,93.37999725,93.58999634,93.37999725,93.5,1601
2026-09-22T05:45:00+00:00,93.54000092,93.56999969,93.36000061,93.54000092,870
2026-09-22T06:00:00+00:00,93.52999878,93.75,93.5,93.72000122,1401
2026-09-22T06:15:00+00:00,93.70999908,93.80999756,93.62000275,93.66000366,1155
2026-09-22T06:30:00+00:00,93.66000366,93.73999786,93.51999664,93.52999878,908
2026-09-22T06:45:00+00:00,93.52999878,93.65000153,93.40000153,93.62999725,1162
2026-09-22T07:00:00+00:00,93.63999939,93.83000183,93.25,93.37000275,1850
2026-09-22T07:15:00+00:00,93.37999725,93.43000031,93.02999878,93.06999969,1406
2026-09-22T07:30:00+00:00,93.08000183,93.12000275,92.90000153,93,1638
2026-09-22T07:45:00+00:00,93.01999664,93.31999969,92.93000031,93.25,1893
2026-09-22T08:00:00+00:00,93.23000336,93.26999664,92.90000153,93.08999634,1499
2026-09-22T08:15:00+00:00,93.05000305,93.09999847,92.51000214,93.01000214,3409
2026-09-22T08:30:00+00:00,93.01000214,93.13999939,91.77999878,91.77999878,4960
2026-09-22T08:45:00+00:00,91.76999664,91.80000305,90.20999908,90.43000031,10848
2026-09-22T09:00:00+00:00,90.44000244,91.54000092,90.29000092,91.23999786,6745
2026-09-22T09:15:00+00:00,91.23999786,91.40000153,90.93000031,91.20999908,2671
2026-09-22T09:30:00+00:00,91.16999817,91.33000183,90.66999817,90.76999664,2432
2026-09-22T09:45:00+00:00,90.76999664,90.84999847,89.66999817,89.75,10701
2026-09-22T10:00:00+00:00,89.75,89.81999969,89.25,89.75,5931
2026-09-22T10:15:00+00:00,89.76000214,90.02999878,89.48000336,89.94999695,2768
2026-09-22T10:30:00+00:00,89.94999695,89.95999908,89.16000366,89.31999969,2486
2026-09-22T10:45:00+00:00,89.31999969,89.79000092,89.25,89.55999756,2932
2026-09-22T11:00:00+00:00,89.56999969,90.76999664,89.56999969,90.37999725,7757
2026-09-22T11:15:00+00:00,90.37999725,90.65000153,90.05999756,90.19999695,2546
2026-09-22T11:30:00+00:00,90.18000031,90.19999695,89.88999939,90.08000183,2205
2026-09-22T11:45:00+00:00,90.06999969,90.15000153,89.73999786,89.95999908,2396
2026-09-22T12:00:00+00:00,89.95999908,90.76000214,89.91999817,90.75,3295
2026-09-22T12:15:00+00:00,90.73999786,90.83000183,90.29000092,90.33999634,2793
2026-09-22T12:30:00+00:00,90.37000275,90.44000244,90.12000275,90.41000366,1613
2026-09-22T12:45:00+00:00,90.41999817,90.52999878,90.23000336,90.38999939,1877
2026-09-22T13:00:00+00:00,90.38999939,90.55000305,89.48000336,89.51000214,7486
2026-09-22T13:15:00+00:00,89.51999664,90.51999664,89.48999786,90.41999817,5546
2026-09-22T13:30:00+00:00,90.43000031,90.73999786,90.20999908,90.41000366,6131
2026-09-22T13:45:00+00:00,90.40000153,90.80999756,90.36000061,90.51000214,4654
2026-09-22T14:00:00+00:00,90.51000214,91.06999969,90.37999725,90.58999634,6063
2026-09-22T14:15:00+00:00,90.61000061,91.12999725,90.54000092,90.80000305,3457
2026-09-22T14:30:00+00:00,90.80000305,91.86000061,90.25,91.26000214,12468
2026-09-22T14:45:00+00:00,91.23999786,91.59999847,91.01999664,91.01999664,5398
2026-09-22T15:00:00+00:00,91.01999664,91.43000031,90.98999786,91.27999878,4698
2026-09-22T15:15:00+00:00,91.27999878,91.45999908,90.94000244,91.41000366,3807
2026-09-22T15:30:00+00:00,91.41000366,91.76000214,91.33999634,91.65000153,3243
2026-09-22T15:45:00+00:00,91.65000153,91.80000305,91.58999634,91.66999817,1640
2026-09-22T16:00:00+00:00,91.68000031,92.08000183,91.66999817,91.93000031,4097
2026-09-22T16:15:00+00:00,91.93000031,91.94000244,91.51000214,91.75,2701
2026-09-22T16:30:00+00:00,91.76000214,91.76999664,91.44000244,91.58999634,1905
2026-09-22T16:45:00+00:00,91.58000183,91.63999939,91.02999878,91.40000153,4162
2026-09-22T17:00:00+00:00,91.37000275,91.38999939,91.08000183,91.12999725,1463
2026-09-22T17:15:00+00:00,91.11000061,91.36000061,91.02999878,91.08999634,1808
2026-09-22T17:30:00+00:00,91.08000183,91.12000275,90.80000305,90.90000153,2395
2026-09-22T17:45:00+00:00,90.88999939,91.04000092,89.47000122,89.61000061,11707
2026-09-22T18:00:00+00:00,89.59999847,90,89.51000214,89.80000305,6507
2026-09-22T18:15:00+00:00,89.83999634,90.65000153,89.69999695,90.62999725,4701
2026-09-22T18:30:00+00:00,90.62000275,90.93000031,90.48999786,90.69999695,3215
2026-09-22T18:45:00+00:00,90.69999695,90.76000214,90.55000305,90.62000275,1310
2026-09-22T19:00:00+00:00,90.62999725,90.66999817,90.22000122,90.36000061,2262
2026-09-22T19:15:00+00:00,90.33999634,90.41999817,89.81999969,89.81999969,3688
2026-09-22T19:30:00+00:00,89.83000183,89.87000275,88.66000366,89.16000366,9701
2026-09-22T19:45:00+00:00,89.13999939,89.72000122,89,89.59999847,4331
2026-09-22T20:00:00+00:00,89.59999847,89.87999725,89.51000214,89.69999695,1685
2026-09-22T20:15:00+00:00,89.69000244,90,89.69000244,89.87999725,1173
2026-09-22T20:30:00+00:00,89.87000275,90.08000183,89.72000122,89.83000183,1436
2026-09-22T20:45:00+00:00,89.84999847,89.95999908,89.73000336,89.88999939,1113
2026-09-22T22:00:00+00:00,89.91999817,89.98999786,89.66999817,89.70999908,868
2026-09-22T22:15:00+00:00,89.70999908,89.73999786,89.59999847,89.66999817,532
2026-09-22T22:30:00+00:00,89.66999817,89.70999908,89.61000061,89.63999939,333
2026-09-22T22:45:00+00:00,89.63999939,89.69000244,89.59999847,89.63999939,256
