open_time,open,high,low,close,volume
2026-08-26T11:45:00+00:00,7686,7686.5,7682.75,7683.5,1343
2026-08-26T11:50:00+00:00,7683.5,7688,7683.5,7686.75,1344
2026-08-26T11:55:00+00:00,7686.5,7688.25,7686,7687.75,841
2026-08-26T12:00:00+00:00,7687.75,7688.25,7685.25,7687.25,1294
2026-08-26T12:05:00+00:00,7687.25,7688,7685.25,7686.25,565
2026-08-26T12:10:00+00:00,7686.5,7688,7685.25,7687.75,784
2026-08-26T12:15:00+00:00,7687.5,7688.25,7684.75,7687.75,848
2026-08-26T12:20:00+00:00,7687.5,7691.5,7687.25,7691,1674
2026-08-26T12:25:00+00:00,7691.25,7698.25,7691,7696,3006
2026-08-26T12:30:00+00:00,7697,7697.75,7681.75,7683.75,6808
2026-08-26T12:35:00+00:00,7683.75,7684.25,7679.75,7681.5,4020
2026-08-26T12:40:00+00:00,7681.5,7684.25,7680.75,7681,2504
2026-08-26T12:45:00+00:00,7681,7683.5,7679.25,7683.5,2698
2026-08-26T12:50:00+00:00,7683.5,7684.25,7676.5,7679,5334
2026-08-26T12:55:00+00:00,7679.25,7682.25,7677,7679.25,4671
2026-08-26T13:00:00+00:00,7679.5,7682.25,7678.5,7680.75,2400
2026-08-26T13:05:00+00:00,7681,7682.75,7677.5,7678.25,2438
2026-08-26T13:10:00+00:00,7678.25,7682.25,7677,7682,2400
2026-08-26T13:15:00+00:00,7682,7682,7679.25,7681.25,2507
2026-08-26T13:20:00+00:00,7681,7681.25,7679.5,7680.25,1026
2026-08-26T13:25:00+00:00,7680.5,7682.25,7678.25,7678.5,3421
2026-08-26T13:30:00+00:00,7678.75,7690.75,7678.75,7689,21708
2026-08-26T13:35:00+00:00,7689,7690.5,7680.25,7688,21333
2026-08-26T13:40:00+00:00,7688,7698.25,7686.5,7695.25,21367
2026-08-26T13:45:00+00:00,7695.5,7699.25,7691.25,7691.25,14501
2026-08-26T13:50:00+00:00,7691.25,7698.75,7688.5,7698.75,14670
2026-08-26T13:55:00+00:00,7698.75,7701.5,7696.75,7701.25,13693
2026-08-26T14:00:00+00:00,7701.5,7702,7698.25,7700.75,10529
2026-08-26T14:05:00+00:00,7701,7701.75,7697,7698.25,10345
2026-08-26T14:10:00+00:00,7698.5,7698.75,7693,7694,12489
2026-08-26T14:15:00+00:00,7694.25,7696,7691.5,7691.75,10519
2026-08-26T14:20:00+00:00,7691.5,7692.75,7686,7686.5,14282
2026-08-26T14:25:00+00:00,7686.25,7687.25,7680.25,7683,18244
2026-08-26T14:30:00+00:00,7682.75,7685.25,7681,7683.5,9397
2026-08-26T14:35:00+00:00,7683.5,7688.25,7682,7684.25,10926
2026-08-26T14:40:00+00:00,7684.25,7687.5,7683.5,7685.75,6615
2026-08-26T14:45:00+00:00,7686,7687.75,7682.75,7687.75,7974
2026-08-26T14:50:00+00:00,7687.75,7691.5,7687.25,7688.5,10995
2026-08-26T14:55:00+00:00,7688.5,7691.25,7687.25,7690.75,6381
2026-08-26T15:00:00+00:00,7690.5,7696.5,7690.25,7694,11952
2026-08-26T15:05:00+00:00,7694,7697,7693.75,7695.75,6827
2026-08-26T15:10:00+00:00,7695.5,7696.75,7693,7695,7766
2026-08-26T15:15:00+00:00,7694.75,7695,7687.5,7690,10225
2026-08-26T15:20:00+00:00,7689.75,7692.5,7689,7690,7666
2026-08-26T15:25:00+00:00,7689.75,7692.75,7689,7690.75,5859
2026-08-26T15:30:00+00:00,7690.75,7691.25,7683.25,7684.75,10507
2026-08-26T15:35:00+00:00,7684.75,7687.75,7684.25,7686.75,6616
2026-08-26T15:40:00+00:00,7687,7693.5,7686.25,7693,8424
2026-08-26T15:45:00+00:00,7692.75,7695,7691.5,7694.75,6569
2026-08-26T15:50:00+00:00,7694.75,7695.25,7685.25,7686,19440
2026-08-26T15:55:00+00:00,7686,7690,7685.25,7685.5,6773
2026-08-26T16:00:00+00:00,7685.25,7685.75,7680.75,7684,10880
2026-08-26T16:05:00+00:00,7683.75,7686.5,7682.25,7683.5,6635
2026-08-26T16:10:00+00:00,7683.25,7685,7681.5,7682.5,5231
2026-08-26T16:15:00+00:00,7682.5,7683.5,7680.25,7682,5042
2026-08-26T16:20:00+00:00,7682,7683.25,7680.5,7681.5,3865
2026-08-26T16:25:00+00:00,7681.5,7682,7679.5,7680,3920
2026-08-26T16:30:00+00:00,7679.75,7681.75,7679.5,7680.5,3747
2026-08-26T16:35:00+00:00,7680.25,7681,7673.25,7673.5,9394
2026-08-26T16:40:00+00:00,7673.5,7676,7671,7672.25,8978
2026-08-26T16:45:00+00:00,7672,7675.75,7671.25,7672.75,7516
2026-08-26T16:50:00+00:00,7672.75,7675.25,7672.5,7674,4927
2026-08-26T16:55:00+00:00,7673.75,7679.75,7673.75,7679.5,10386
2026-08-26T17:00:00+00:00,7679.25,7681.75,7677.75,7681,7093
2026-08-26T17:05:00+00:00,7681,7683.25,7679,7682.75,6209
2026-08-26T17:10:00+00:00,7682.5,7683.75,7681.75,7683.5,4023
2026-08-26T17:15:00+00:00,7683.75,7687.25,7683.75,7685.5,10152
2026-08-26T17:20:00+00:00,7685.25,7689,7685.25,7688.75,5795
2026-08-26T17:25:00+00:00,7688.75,7689.75,7686.5,7688.5,4745
2026-08-26T17:30:00+00:00,7688.75,7690.25,7687.5,7690,6528
2026-08-26T17:35:00+00:00,7689.75,7690.75,7688,7688.25,4688
2026-08-26T17:40:00+00:00,7688.25,7689.75,7686.75,7689,3693
2026-08-26T17:45:00+00:00,7689,7689.25,7686.5,7686.75,3620
2026-08-26T17:50:00+00:00,7687,7690,7686.75,7689.75,3700
2026-08-26T17:55:00+00:00,7690,7691,7688.5,7688.75,3827
2026-08-26T18:00:00+00:00,7689,7689,7687,7687.5,3063
2026-08-26T18:05:00+00:00,7687.25,7690.75,7687.25,7689.75,3344
2026-08-26T18:10:00+00:00,7690,7690,7685.75,7686.5,4527
2026-08-26T18:15:00+00:00,7686.25,7689.75,7685.5,7689.25,4304
2026-08-26T18:20:00+00:00,7689.25,7692.5,7687.5,7687.75,6872
2026-08-26T18:25:00+00:00,7687.5,7689.5,7687,7688.25,3168
2026-08-26T18:30:00+00:00,7688.25,7691,7687.25,7689.75,3712
2026-08-26T18:35:00+00:00,7689.75,7690.25,7688.25,7689.25,2293
2026-08-26T18:40:00+00:00,7689.25,7690.75,7688.5,7690.75,2474
2026-08-26T18:45:00+00:00,7690.75,7696.5,7690.5,7695.25,11494
2026-08-26T18:50:00+00:00,7695.25,7698,7694,7696.75,5820
2026-08-26T18:55:00+00:00,7697,7698.5,7695.5,7697.25,5529
2026-08-26T19:00:00+00:00,7697.25,7705.5,7696.75,7705,13167
2026-08-26T19:05:00+00:00,7704.75,7705,7700.75,7701.75,6431
2026-08-26T19:10:00+00:00,7701.75,7703.25,7701,7702,4670
2026-08-26T19:15:00+00:00,7701.75,7705,7701.75,7704.25,4106
2026-08-26T19:20:00+00:00,7704,7704.25,7700.25,7702.75,5552
2026-08-26T19:25:00+00:00,7702.5,7703.75,7700.75,7701.25,2981
2026-08-26T19:30:00+00:00,7701.25,7701.75,7700,7701,4530
2026-08-26T19:35:00+00:00,7701,7701.25,7698.25,7699.25,5088
2026-08-26T19:40:00+00:00,7699.25,7701,7698.5,7699.25,5661
2026-08-26T19:45:00+00:00,7699.25,7703.75,7698.75,7703.5,6414
2026-08-26T19:50:00+00:00,7703.5,7704.75,7692.25,7694,15962
2026-08-26T19:55:00+00:00,7694,7696.75,7686.75,7692,27483
2026-08-26T20:00:00+00:00,7692.25,7703,7690.5,7700.25,10028
2026-08-26T20:05:00+00:00,7700.25,7703.5,7700,7702,2526
2026-08-26T20:10:00+00:00,7702,7703.75,7701,7703,1123
2026-08-26T20:15:00+00:00,7703,7707.25,7701.25,7706.5,2257
2026-08-26T20:20:00+00:00,7705.25,7706.5,7690.25,7698,10165
2026-08-26T20:25:00+00:00,7698,7701.5,7694.5,7697.5,4141
2026-08-26T20:30:00+00:00,7697.5,7697.75,7692.5,7694.5,1988
2026-08-26T20:35:00+00:00,7694.5,7698.5,7694.25,7697,1160
2026-08-26T20:40:00+00:00,7697,7699,7695.5,7696.75,1070
2026-08-26T20:45:00+00:00,7696.5,7702.25,7696.25,7702.25,1690
2026-08-26T20:50:00+00:00,7702.5,7705,7701.5,7704.25,1746
2026-08-26T20:55:00+00:00,7704.5,7710.75,7703.75,7710,1980
2026-08-26T22:00:00+00:00,7722,7734.75,7721.25,7734.5,0
2026-08-26T22:05:00+00:00,7734.25,7735.25,7729.75,7730.75,2004
2026-08-26T22:10:00+00:00,7730.5,7734,7729.5,7733.25,1715
2026-08-26T22:15:00+00:00,7733.25,7738.25,7731.25,7736,2242
2026-08-26T22:20:00+00:00,7736,7738.5,7734.5,7737,2039
2026-08-26T22:25:00+00:00,7736.75,7738.5,7736.25,7738,992
2026-08-26T22:30:00+00:00,7738.25,7739,7737.25,7739,1122
2026-08-26T22:35:00+00:00,7738.75,7741.25,7738.25,7738.25,1889
2026-08-26T22:40:00+00:00,7738.25,7741.25,7738,7741.25,946
2026-08-26T22:45:00+00:00,7740.75,7741.25,7738.25,7738.5,903
2026-08-26T22:50:00+00:00,7738.5,7739.5,7736.5,7736.75,1372
2026-08-26T22:55:00+00:00,7736.75,7736.75,7735.5,7736.25,753
2026-08-26T23:00:00+00:00,7736,7737,7735.5,7735.75,870
2026-08-26T23:05:00+00:00,7735.5,7736.25,7734.25,7735.25,938
2026-08-26T23:10:00+00:00,7735.25,7735.5,7734,7735,609
2026-08-26T23:15:00+00:00,7735,7735.25,7733.25,7734,614
2026-08-26T23:20:00+00:00,7733.75,7735.25,7733.75,7735,619
2026-08-26T23:25:00+00:00,7734.75,7736,7733.25,7734.25,1044
2026-08-26T23:30:00+00:00,7734.25,7735.5,7733.5,7734.25,613
2026-08-26T23:35:00+00:00,7734.5,7735.5,7734.25,7734.5,535
2026-08-26T23:40:00+00:00,7734.5,7735,7734,7734.25,449
2026-08-26T23:45:00+00:00,7734,7736.75,7734,7736,1082
2026-08-26T23:50:00+00:00,7736,7736,7734.25,7735,924
2026-08-26T23:55:00+00:00,7735,7739.25,7734.75,7738.5,1871
2026-08-27T00:00:00+00:00,7738.5,7739.5,7733.25,7733.75,2252
2026-08-27T00:05:00+00:00,7733.5,7736.75,7733.25,7734.25,1561
2026-08-27T00:10:00+00:00,7734,7734,7731,7732.25,1646
2026-08-27T00:15:00+00:00,7732,7732.25,7729,7730,1988
2026-08-27T00:20:00+00:00,7730.25,7732.75,7729.75,7732.25,1253
2026-08-27T00:25:00+00:00,7732.25,7732.5,7730.25,7732.25,652
2026-08-27T00:30:00+00:00,7732.25,7732.25,7728,7728.25,1634
2026-08-27T00:35:00+00:00,7728.25,7728.5,7724.75,7726,2038
2026-08-27T00:40:00+00:00,7725.5,7726,7720.5,7721,2827
2026-08-27T00:45:00+00:00,7720.75,7721.5,7715.75,7716.75,4041
2026-08-27T00:50:00+00:00,7716.5,7717.5,7714.5,7716.25,2470
2026-08-27T00:55:00+00:00,7716,7717.25,7715,7716.25,1399
2026-08-27T01:00:00+00:00,7716.25,7718.5,7714.5,7717.75,3222
2026-08-27T01:05:00+00:00,7717.75,7721,7716.75,7720.25,2082
2026-08-27T01:10:00+00:00,7720.25,7721,7716.75,7717.75,1644
2026-08-27T01:15:00+00:00,7717.5,7720.25,7717.25,7720.25,834
2026-08-27T01:20:00+00:00,7720,7722.5,7719.5,7722.25,1426
2026-08-27T01:25:00+00:00,7722.25,7723.5,7721.25,7723,1293
2026-08-27T01:30:00+00:00,7723,7725,7722.75,7724.25,1300
2026-08-27T01:35:00+00:00,7724.25,7726.5,7724,7725.75,1135
2026-08-27T01:40:00+00:00,7725.75,7725.75,7719.75,7719.75,2178
2026-08-27T01:45:00+00:00,7720,7725.5,7719.75,7725.25,1426
2026-08-27T01:50:00+00:00,7725.25,7726.75,7724.5,7726.5,859
2026-08-27T01:55:00+00:00,7726.75,7726.75,7724.25,7724.25,856
2026-08-27T02:00:00+00:00,7724.5,7726.25,7723.75,7725.75,745
2026-08-27T02:05:00+00:00,7725.75,7727,7724,7727,786
2026-08-27T02:10:00+00:00,7726.75,7727.75,7726.25,7726.75,887
2026-08-27T02:15:00+00:00,7727,7727.25,7725.5,7726,501
2026-08-27T02:20:00+00:00,7726,7726.75,7725.25,7726.25,476
2026-08-27T02:25:00+00:00,7726.25,7727.5,7725,7726.75,591
2026-08-27T02:30:00+00:00,7726.5,7728.25,7726.25,7728,716
2026-08-27T02:35:00+00:00,7728,7728.25,7726.75,7728.25,540
2026-08-27T02:40:00+00:00,7728.25,7728.75,7726,7727.5,954
2026-08-27T02:45:00+00:00,7727.5,7728.5,7727.25,7727.5,477
2026-08-27T02:50:00+00:00,7727.5,7729.75,7727.5,7728.5,646
2026-08-27T02:55:00+00:00,7728.75,7729,7728,7728,307
2026-08-27T03:00:00+00:00,7728.25,7729.25,7727.25,7728,591
2026-08-27T03:05:00+00:00,7728.25,7728.25,7726.25,7726.25,704
2026-08-27T03:10:00+00:00,7726.25,7727.25,7725.75,7727.25,624
2026-08-27T03:15:00+00:00,7727.25,7728.5,7727,7728.5,490
2026-08-27T03:20:00+00:00,7728.75,7730.75,7728,7730.75,867
2026-08-27T03:25:00+00:00,7730.5,7730.75,7729.5,7729.75,463
2026-08-27T03:30:00+00:00,7729.75,7730.75,7728.5,7730,529
2026-08-27T03:35:00+00:00,7729.75,7730,7728.5,7728.75,238
2026-08-27T03:40:00+00:00,7729,7729.25,7727.5,7727.5,478
2026-08-27T03:45:00+00:00,7728,7728.75,7727,7727.5,471
2026-08-27T03:50:00+00:00,7727.5,7728.5,7725.25,7726,730
2026-08-27T03:55:00+00:00,7726.25,7727.25,7725.5,7725.75,421
2026-08-27T04:05:00+00:00,7725.5,7726.25,7725.5,7726.25,612
2026-08-27T04:10:00+00:00,7726.5,7726.75,7725.5,7726.25,249
2026-08-27T04:15:00+00:00,7726.25,7727.75,7725.75,7727,404
2026-08-27T04:20:00+00:00,7726.75,7727,7725.25,7726.5,255
2026-08-27T04:25:00+00:00,7726.5,7727,7724.25,7724.25,328
2026-08-27T04:30:00+00:00,7724.25,7724.25,7722.25,7722.5,1068
2026-08-27T04:35:00+00:00,7722.5,7723,7720.5,7720.5,778
2026-08-27T04:40:00+00:00,7720.5,7721.75,7719.5,7720.5,1092
2026-08-27T04:45:00+00:00,7720.5,7722.5,7719.75,7720.75,560
2026-08-27T04:50:00+00:00,7721,7721.5,7718.75,7719.75,444
2026-08-27T04:55:00+00:00,7719.75,7720.25,7719,7719.75,488
2026-08-27T05:00:00+00:00,7720,7721,7716.25,7717,1148
2026-08-27T05:05:00+00:00,7717,7717.75,7715.5,7715.5,739
2026-08-27T05:10:00+00:00,7715.5,7717.5,7715.25,7717,833
2026-08-27T05:15:00+00:00,7716.75,7716.75,7712.25,7712.75,1511
2026-08-27T05:20:00+00:00,7712.75,7715.75,7712.5,7715.5,859
2026-08-27T05:25:00+00:00,7715.75,7716.25,7713.25,7714.25,757
2026-08-27T05:30:00+00:00,7714.25,7714.5,7712,7713,939
2026-08-27T05:35:00+00:00,7712.5,7714.25,7711.75,7713.75,898
2026-08-27T05:40:00+00:00,7714,7714.75,7710,7710.5,1576
2026-08-27T05:45:00+00:00,7710.25,7712.5,7710.25,7712.5,765
2026-08-27T05:50:00+00:00,7712.25,7713.25,7710.75,7711.5,761
2026-08-27T05:55:00+00:00,7711.75,7712.5,7710.25,7712.25,839
2026-08-27T06:00:00+00:00,7712.25,7712.5,7710,7710,736
2026-08-27T06:05:00+00:00,7710,7711.25,7707.25,7707.75,1254
2026-08-27T06:10:00+00:00,7708,7711.5,7706.75,7710.5,1542
2026-08-27T06:15:00+00:00,7710.5,7713.25,7710.5,7713,1025
2026-08-27T06:20:00+00:00,7713,7713.25,7712,7712.5,446
2026-08-27T06:25:00+00:00,7712.5,7713.25,7711.5,7712.5,551
2026-08-27T06:30:00+00:00,7712.75,7714.25,7712.5,7714,746
2026-08-27T06:35:00+00:00,7714,7715,7713,7714.5,484
2026-08-27T06:40:00+00:00,7714.5,7716.5,7714.25,7716.25,682
2026-08-27T06:45:00+00:00,7716.25,7717.5,7715.25,7715.75,879
2026-08-27T06:50:00+00:00,7715.5,7716.25,7714.75,7715.75,418
2026-08-27T06:55:00+00:00,7715.75,7718.25,7715.5,7718,697
2026-08-27T07:00:00+00:00,7718,7718,7713.5,7717,1510
2026-08-27T07:05:00+00:00,7717,7719.75,7716.75,7719.25,1071
2026-08-27T07:10:00+00:00,7719.5,7720.75,7718,7720.5,656
2026-08-27T07:15:00+00:00,7720.5,7721.5,7718.5,7720.5,915
2026-08-27T07:20:00+00:00,7720.5,7720.75,7718.5,7718.5,530
2026-08-27T07:25:00+00:00,7718.5,7721.5,7718,7721.25,574
2026-08-27T07:30:00+00:00,7721.5,7722,7719.25,7720.75,746
2026-08-27T07:35:00+00:00,7720.75,7721.5,7716.5,7717,1185
2026-08-27T07:40:00+00:00,7716.75,7717.75,7716,7717,755
2026-08-27T07:45:00+00:00,7717,7719,7716.5,7717.5,564
2026-08-27T07:50:00+00:00,7718,7720.75,7717.75,7720.25,476
2026-08-27T07:55:00+00:00,7720.25,7722.25,7720,7720.5,595
2026-08-27T08:00:00+00:00,7720.75,7726,7720.5,7725.75,1578
2026-08-27T08:05:00+00:00,7726,7730,7725.75,7729.5,1894
2026-08-27T08:10:00+00:00,7729.5,7733,7728.5,7731.5,1699
2026-08-27T08:15:00+00:00,7732,7732,7727,7728.25,2195
2026-08-27T08:20:00+00:00,7728.25,7730.25,7726.75,7729.75,973
2026-08-27T08:25:00+00:00,7729.75,7734.5,7729,7734.25,1645
2026-08-27T08:30:00+00:00,7734.25,7734.25,7730,7730.5,942
2026-08-27T08:35:00+00:00,7730.25,7731,7729.25,7729.5,654
2026-08-27T08:40:00+00:00,7729.75,7731.25,7728.5,7730,861
2026-08-27T08:45:00+00:00,7730.25,7733.75,7729.75,7732.5,818
2026-08-27T08:50:00+00:00,7732.5,7733.75,7728.5,7729,890
2026-08-27T08:55:00+00:00,7728.75,7729.75,7727.5,7728,1077
2026-08-27T09:00:00+00:00,7728.25,7728.75,7721.5,7722.75,2841
2026-08-27T09:05:00+00:00,7722.5,7725.5,7720.75,7725,1732
2026-08-27T09:10:00+00:00,7724.75,7725.5,7721,7721,793
2026-08-27T09:15:00+00:00,7721,7722,7718.75,7721.5,1061
2026-08-27T09:20:00+00:00,7721.5,7725.75,7721.25,7725.25,998
2026-08-27T09:25:00+00:00,7725.5,7726.25,7723.75,7724.75,730
2026-08-27T09:30:00+00:00,7724.75,7728.5,7724.75,7728,1232
2026-08-27T09:35:00+00:00,7727.75,7728,7726.5,7727.25,673
2026-08-27T09:40:00+00:00,7727,7728.25,7726,7726.5,405
2026-08-27T09:45:00+00:00,7726.75,7728.75,7726.25,7726.5,594
2026-08-27T09:50:00+00:00,7726.5,7728.5,7724.75,7727,791
2026-08-27T09:55:00+00:00,7727,7727.25,7723.75,7724.25,797
2026-08-27T10:00:00+00:00,7724.5,7724.5,7720.5,7722.75,1415
2026-08-27T10:05:00+00:00,7722.25,7723.75,7722,7722.25,531
2026-08-27T10:10:00+00:00,7722.25,7724.25,7721.25,7722.75,556
2026-08-27T10:15:00+00:00,7723,7724,7721.5,7721.5,514
2026-08-27T10:20:00+00:00,7721.75,7722.75,7721,7721.25,467
2026-08-27T10:25:00+00:00,7721.25,7721.5,7719.75,7720.25,650
2026-08-27T10:30:00+00:00,7720.25,7721.25,7719.75,7720.75,515
2026-08-27T10:35:00+00:00,7720.75,7721,7718.25,7718.75,892
2026-08-27T10:40:00+00:00,7718.75,7723.25,7718.5,7722.5,869
2026-08-27T10:45:00+00:00,7722.75,7723.75,7721.5,7721.5,714
2026-08-27T10:50:00+00:00,7721.5,7723.75,7719.5,7723.5,953
2026-08-27T10:55:00+00:00,7723.5,7724.5,7722.75,7724,560
2026-08-27T11:00:00+00:00,7724.25,7726,7721.75,7726,1581
2026-08-27T11:05:00+00:00,7725.75,7727.5,7723,7727.25,1302
2026-08-27T11:10:00+00:00,7727,7729.75,7726,7728.25,1100
2026-08-27T11:15:00+00:00,7728.25,7729.25,7725.25,7726,1082
2026-08-27T11:20:00+00:00,7725.75,7727,7724.75,7726,1347
2026-08-27T11:25:00+00:00,7726,7726.75,7722.25,7722.25,1221
2026-08-27T11:30:00+00:00,7722.25,7725.25,7719.25,7722,4645
2026-08-27T11:35:00+00:00,7721.75,7722.75,7717.75,7718.75,2124
2026-08-27T11:40:00+00:00,7718.75,7721.5,7718.25,7721,1281
2026-08-27T11:45:00+00:00,7721,7721,7715,7715.25,1999
2026-08-27T11:50:00+00:00,7715.25,7719,7715,7718.5,1843
2026-08-27T11:55:00+00:00,7718.5,7722.5,7718.25,7722,1252
2026-08-27T12:00:00+00:00,7722,7723.5,7721.25,7722.75,1648
2026-08-27T12:05:00+00:00,7722.75,7723.75,7721,7723.75,1576
2026-08-27T12:10:00+00:00,7723.75,7726.5,7723.25,7725.5,2028
2026-08-27T12:15:00+00:00,7725.5,7725.75,7723,7724,1589
2026-08-27T12:20:00+00:00,7724,7724.75,7722,7723.5,1209
2026-08-27T12:25:00+00:00,7723.5,7725,7721.75,7723.25,1776
2026-08-27T12:30:00+00:00,7723.25,7723.5,7718.5,7719.25,1963
2026-08-27T12:35:00+00:00,7719.25,7719.25,7714.25,7714.75,3075
2026-08-27T12:40:00+00:00,7714.5,7715.25,7711.5,7712.25,2633
2026-08-27T12:45:00+00:00,7712,7713.5,7710.75,7712.75,2000
2026-08-27T12:50:00+00:00,7712.75,7713.75,7710.75,7713,1836
2026-08-27T12:55:00+00:00,7713,7714,7711,7711.5,1350
2026-08-27T13:00:00+00:00,7711.5,7715,7710.25,7714.5,2977
2026-08-27T13:05:00+00:00,7714.5,7715.5,7711.5,7712,2375
2026-08-27T13:10:00+00:00,7712,7714.5,7711,7713.25,1636
2026-08-27T13:15:00+00:00,7713,7716.5,7712.75,7714.5,3104
2026-08-27T13:20:00+00:00,7714.5,7715,7712.25,7713.25,1765
2026-08-27T13:25:00+00:00,7713.25,7717.5,7713.25,7716.25,4458
2026-08-27T13:30:00+00:00,7716.25,7719.75,7703,7706.25,34665
2026-08-27T13:35:00+00:00,7706,7714,7702.75,7713.5,21740
2026-08-27T13:40:00+00:00,7713.75,7723.5,7710.75,7723.25,29794
2026-08-27T13:45:00+00:00,7723.5,7728.5,7708.25,7712,34893
2026-08-27T13:50:00+00:00,7712,7725.25,7712,7723.25,22661
2026-08-27T13:55:00+00:00,7723.25,7724,7707.25,7715.5,25375
2026-08-27T14:00:00+00:00,7715.5,7721.75,7713.25,7719.25,16471
2026-08-27T14:05:00+00:00,7719.25,7722.25,7711.75,7715.75,15495
2026-08-27T14:10:00+00:00,7715.75,7721.25,7715.5,7717.75,10178
2026-08-27T14:15:00+00:00,7718,7724.75,7718,7722.75,10561
2026-08-27T14:20:00+00:00,7723,7727,7721.75,7726.25,12989
2026-08-27T14:25:00+00:00,7726.25,7730.5,7724.25,7728.5,12656
2026-08-27T14:30:00+00:00,7728.5,7729.25,7721.75,7725.25,13854
2026-08-27T14:35:00+00:00,7725.5,7732.25,7724.75,7725,12852
2026-08-27T14:40:00+00:00,7724.75,7728.25,7724.5,7727.75,8746
2026-08-27T14:45:00+00:00,7727.5,7734.5,7724.75,7733.75,12047
2026-08-27T14:50:00+00:00,7733.75,7736,7730.25,7733,12828
2026-08-27T14:55:00+00:00,7732.75,7735.75,7728.75,7735.5,10278
2026-08-27T15:00:00+00:00,7735.5,7738.25,7733.75,7737.75,12342
2026-08-27T15:05:00+00:00,7738,7738.75,7734.75,7737.25,6508
2026-08-27T15:10:00+00:00,7737.25,7740.25,7736.75,7739.75,7732
2026-08-27T15:15:00+00:00,7740,7742.75,7739.75,7741.5,10094
2026-08-27T15:20:00+00:00,7741.25,7742.5,7739,7739.75,7351
2026-08-27T15:25:00+00:00,7739.75,7739.75,7733.75,7734.75,10425
2026-08-27T15:30:00+00:00,7734.75,7737.75,7732.25,7733.5,14674
2026-08-27T15:35:00+00:00,7733.75,7735,7729.5,7730.5,10113
2026-08-27T15:40:00+00:00,7730.5,7735.25,7727.25,7728,14098
2026-08-27T15:45:00+00:00,7727.75,7728.75,7725,7728.25,10584
2026-08-27T15:50:00+00:00,7728.25,7740.5,7727.75,7740.25,13805
2026-08-27T15:55:00+00:00,7740.5,7740.5,7737,7738,7212
2026-08-27T16:00:00+00:00,7738,7741.5,7737.25,7740.25,5894
2026-08-27T16:05:00+00:00,7740.25,7740.5,7736,7736.75,6131
2026-08-27T16:10:00+00:00,7737,7739.5,7735.75,7737.75,4229
2026-08-27T16:15:00+00:00,7737.75,7740,7736.75,7737.75,5066
2026-08-27T16:20:00+00:00,7737.75,7738,7734.75,7737,5198
2026-08-27T16:25:00+00:00,7737,7740.75,7735.75,7740.5,5218
2026-08-27T16:30:00+00:00,7740.5,7743.5,7739.75,7743.25,7103
2026-08-27T16:35:00+00:00,7743,7747,7742.75,7746.75,7665
2026-08-27T16:40:00+00:00,7746.5,7749.75,7746.5,7748.5,7669
2026-08-27T16:45:00+00:00,7748.5,7751.25,7748,7748.75,7179
2026-08-27T16:50:00+00:00,7748.75,7752,7747.75,7751,5327
2026-08-27T16:55:00+00:00,7751,7752.25,7748.75,7752,3987
2026-08-27T17:00:00+00:00,7752,7753.5,7751.5,7752.5,4554
2026-08-27T17:05:00+00:00,7752.5,7754.5,7749.25,7754,9240
2026-08-27T17:10:00+00:00,7754,7755.75,7752.75,7753.5,4981
2026-08-27T17:15:00+00:00,7753.75,7755,7752,7753,3562
2026-08-27T17:20:00+00:00,7753,7754.5,7752.25,7753.75,3596
2026-08-27T17:25:00+00:00,7753.75,7753.75,7748.5,7749,5911
2026-08-27T17:30:00+00:00,7749.25,7752.25,7748.25,7749.5,7796
2026-08-27T17:35:00+00:00,7749.25,7750.5,7748.25,7748.75,2659
2026-08-27T17:40:00+00:00,7748.75,7751.25,7747.5,7747.75,5016
2026-08-27T17:45:00+00:00,7748,7748.25,7744.25,7745.75,9166
2026-08-27T17:50:00+00:00,7745.75,7746,7743.5,7745.25,5524
2026-08-27T17:55:00+00:00,7745,7746,7742.75,7743.5,4834
2026-08-27T18:00:00+00:00,7743.75,7745.5,7736.5,7736.75,14768
2026-08-27T18:05:00+00:00,7736.75,7739,7735,7736.25,7268
2026-08-27T18:10:00+00:00,7736.25,7737,7731,7734,10895
2026-08-27T18:15:00+00:00,7734,7736.5,7732,7734,7842
2026-08-27T18:20:00+00:00,7734.25,7735.75,7731.5,7732.25,6134
2026-08-27T18:25:00+00:00,7732.25,7732.5,7723.5,7725.75,13607
2026-08-27T18:30:00+00:00,7726,7730.75,7725.25,7726.75,10502
2026-08-27T18:35:00+00:00,7726.75,7732,7726,7732,6895
2026-08-27T18:40:00+00:00,7732,7732.5,7729,7730.25,4702
2026-08-27T18:45:00+00:00,7730,7732.25,7726.25,7726.25,6564
2026-08-27T18:50:00+00:00,7726.5,7727.5,7724.25,7724.5,7187
2026-08-27T18:55:00+00:00,7724.5,7729,7722.75,7727.5,8313
2026-08-27T19:00:00+00:00,7727.5,7731.75,7726.5,7730.75,8138
2026-08-27T19:05:00+00:00,7730.75,7733.25,7728.25,7732.5,10941
2026-08-27T19:10:00+00:00,7732.5,7733.5,7730,7730.25,4960
2026-08-27T19:15:00+00:00,7730.25,7733.75,7730.25,7733,5882
2026-08-27T19:20:00+00:00,7733,7734,7731,7731.5,4696
2026-08-27T19:25:00+00:00,7731.5,7732,7729,7730.5,6607
2026-08-27T19:30:00+00:00,7730.5,7736,7729.75,7735.75,7136
2026-08-27T19:35:00+00:00,7736,7737.75,7735.25,7737,6048
2026-08-27T19:40:00+00:00,7737,7738.25,7735.25,7737.75,5666
2026-08-27T19:45:00+00:00,7737.75,7739.75,7737,7739,7767
2026-08-27T19:50:00+00:00,7739,7744.5,7735.25,7743.25,14557
2026-08-27T19:55:00+00:00,7743.25,7744.75,7739.75,7741.25,37951
2026-08-27T20:00:00+00:00,7741.25,7743.25,7738,7738.25,8058
2026-08-27T20:05:00+00:00,7738.5,7740,7735.5,7737,3078
2026-08-27T20:10:00+00:00,7737.25,7738.25,7735.25,7735.25,1519
2026-08-27T20:15:00+00:00,7735.25,7736.25,7735.25,7736,1381
2026-08-27T20:20:00+00:00,7736,7736.25,7732.75,7733,1439
2026-08-27T20:25:00+00:00,7733,7733.75,7731.75,7733.5,967
2026-08-27T20:30:00+00:00,7733.5,7734,7733,7733.5,915
2026-08-27T20:35:00+00:00,7733.5,7734,7732.5,7733,663
2026-08-27T20:40:00+00:00,7733,7734.25,7732.75,7733.5,790
2026-08-27T20:45:00+00:00,7733.5,7734.25,7732.75,7733,836
2026-08-27T20:50:00+00:00,7732.5,7733,7731.75,7731.75,845
2026-08-27T20:55:00+00:00,7731.75,7733.5,7731.5,7732.75,692
2026-08-27T22:00:00+00:00,7734.75,7734.75,7727.75,7731.5,0
2026-08-27T22:05:00+00:00,7731.75,7733.25,7730.75,7732.25,534
2026-08-27T22:10:00+00:00,7732.5,7732.75,7730.5,7731.5,357
2026-08-27T22:15:00+00:00,7731.75,7733,7731,7733,407
2026-08-27T22:20:00+00:00,7733,7734,7731.75,7733.75,469
2026-08-27T22:25:00+00:00,7733.75,7734,7731.5,7733.75,534
2026-08-27T22:30:00+00:00,7733.25,7734,7732,7733.25,369
2026-08-27T22:35:00+00:00,7733.25,7734,7732.25,7732.75,374
2026-08-27T22:40:00+00:00,7733.25,7733.5,7732.5,7733,169
2026-08-27T22:45:00+00:00,7733,7733,7732.5,7732.75,195
2026-08-27T22:50:00+00:00,7732.75,7733.25,7731.5,7731.5,284
2026-08-27T22:55:00+00:00,7731.5,7733.25,7731.5,7732.5,247
2026-08-27T23:00:00+00:00,7732.25,7732.75,7731,7731.5,402
2026-08-27T23:05:00+00:00,7731.5,7732.75,7731,7732.25,255
2026-08-27T23:10:00+00:00,7732,7732,7729.5,7730.5,613
2026-08-27T23:15:00+00:00,7730.5,7730.75,7729.75,7730.25,331
2026-08-27T23:20:00+00:00,7730.25,7730.5,7729.75,7730.25,194
2026-08-27T23:25:00+00:00,7730,7730.75,7729.5,7729.75,389
2026-08-27T23:30:00+00:00,7730,7730.25,7729,7729.5,528
2026-08-27T23:35:00+00:00,7729.25,7730.25,7729.25,7730,191
2026-08-27T23:40:00+00:00,7729.75,7730.25,7729,7729.25,180
2026-08-27T23:45:00+00:00,7729.25,7729.25,7727.25,7727.75,1066
2026-08-27T23:50:00+00:00,7727.75,7728.75,7727,7728.25,632
2026-08-27T23:55:00+00:00,7728.25,7728.75,7727.5,7728.75,606
2026-08-28T00:00:00+00:00,7729,7731.5,7728,7730,1849
2026-08-28T00:05:00+00:00,7730.25,7732.25,7728.75,7731.75,949
2026-08-28T00:10:00+00:00,7731.5,7735.75,7731.5,7735.25,1516
2026-08-28T00:15:00+00:00,7735.25,7735.5,7731.75,7734.25,1690
2026-08-28T00:20:00+00:00,7734,7734.75,7733.5,7734.25,528
2026-08-28T00:25:00+00:00,7734.5,7736,7734,7735.5,573
2026-08-28T00:30:00+00:00,7735.75,7736,7734.25,7735.5,397
2026-08-28T00:35:00+00:00,7735.5,7735.5,7734,7734.75,366
2026-08-28T00:40:00+00:00,7734.75,7737,7733.75,7736.5,971
2026-08-28T00:45:00+00:00,7736.5,7737,7735.5,7736.75,424
2026-08-28T00:50:00+00:00,7736.75,7737.5,7735.5,7735.5,674
2026-08-28T00:55:00+00:00,7735.75,7736.25,7735.5,7736,242
2026-08-28T01:00:00+00:00,7735.75,7737.75,7735.5,7737.5,610
2026-08-28T01:05:00+00:00,7737.5,7738.75,7737,7738.5,609
2026-08-28T01:10:00+00:00,7738.5,7740.25,7738.5,7739.75,1189
2026-08-28T01:15:00+00:00,7739.25,7740,7739,7739.5,328
2026-08-28T01:20:00+00:00,7739.5,7740,7738.5,7739,662
2026-08-28T01:25:00+00:00,7739,7739.25,7737.5,7738,741
2026-08-28T01:30:00+00:00,7738,7739.5,7738,7739.25,730
2026-08-28T01:35:00+00:00,7739,7740.5,7737.25,7737.5,969
2026-08-28T01:40:00+00:00,7737.75,7739,7737.25,7739,486
2026-08-28T01:45:00+00:00,7738.75,7739.5,7737.75,7739.25,480
2026-08-28T01:50:00+00:00,7739.5,7741.75,7739.25,7741.75,1165
2026-08-28T01:55:00+00:00,7741.5,7743,7741.5,7742.75,981
2026-08-28T02:00:00+00:00,7742.75,7745,7742.75,7744.5,1514
2026-08-28T02:05:00+00:00,7744.5,7746.75,7744.25,7746,949
2026-08-28T02:10:00+00:00,7746,7746.5,7745.25,7746,703
2026-08-28T02:15:00+00:00,7745.75,7747,7745.75,7747,407
2026-08-28T02:20:00+00:00,7746.75,7747.5,7745.25,7746.5,799
2026-08-28T02:25:00+00:00,7746.5,7746.75,7745.25,7745.5,350
2026-08-28T02:30:00+00:00,7745.5,7745.5,7742.5,7742.75,1192
2026-08-28T02:35:00+00:00,7742.5,7742.75,7741,7742.25,978
2026-08-28T02:40:00+00:00,7741.75,7742,7739.75,7740,1162
2026-08-28T02:45:00+00:00,7740,7740.25,7738.5,7739,918
2026-08-28T02:50:00+00:00,7739.25,7740.75,7739,7740.25,754
2026-08-28T02:55:00+00:00,7740,7741.25,7740,7741,504
2026-08-28T03:00:00+00:00,7741,7743.5,7740.75,7743.5,1322
2026-08-28T03:05:00+00:00,7743.5,7744,7742.5,7743.75,1103
2026-08-28T03:10:00+00:00,7743.75,7746.25,7743.5,7745.25,827
2026-08-28T03:15:00+00:00,7745.25,7746.5,7744.75,7746.25,624
2026-08-28T03:20:00+00:00,7746.25,7746.75,7745.5,7746.5,324
2026-08-28T03:25:00+00:00,7746.5,7747.75,7746.5,7746.5,480
2026-08-28T03:30:00+00:00,7746.75,7747,7744,7744,1289
2026-08-28T03:35:00+00:00,7744,7744.25,7742.25,7742.5,1010
2026-08-28T03:40:00+00:00,7742.5,7742.5,7739,7739.25,1325
2026-08-28T03:45:00+00:00,7739,7741.75,7738,7741.25,1438
2026-08-28T03:50:00+00:00,7741.25,7742.25,7740.25,7741.75,542
2026-08-28T03:55:00+00:00,7741.75,7742.25,7741,7741.25,366
2026-08-28T04:05:00+00:00,7738.25,7739,7738.25,7738.5,1126
2026-08-28T04:10:00+00:00,7738.75,7741,7738.5,7740.25,316
2026-08-28T04:15:00+00:00,7740.25,7741.25,7740,7740.5,387
2026-08-28T04:20:00+00:00,7740.25,7740.75,7739.75,7739.75,235
2026-08-28T04:25:00+00:00,7739.75,7740.25,7739.25,7739.75,151
2026-08-28T04:30:00+00:00,7740,7740,7738.25,7738.25,194
2026-08-28T04:35:00+00:00,7738.5,7739,7737.75,7738.75,363
2026-08-28T04:40:00+00:00,7738.5,7739,7737.5,7738.25,320
2026-08-28T04:45:00+00:00,7738.25,7738.75,7738,7738.25,205
2026-08-28T04:50:00+00:00,7738,7738.25,7737.5,7737.75,246
2026-08-28T04:55:00+00:00,7737.75,7737.75,7736.75,7737.75,346
2026-08-28T05:00:00+00:00,7737.75,7738,7736.25,7737.5,518
2026-08-28T05:05:00+00:00,7737.25,7737.5,7736,7736.5,328
2026-08-28T05:10:00+00:00,7736.75,7736.75,7735.5,7735.75,547
2026-08-28T05:15:00+00:00,7735.75,7736.25,7735.5,7735.5,147
2026-08-28T05:20:00+00:00,7735.5,7736,7734.25,7735.5,592
2026-08-28T05:25:00+00:00,7735.5,7735.75,7734,7735,550
2026-08-28T05:30:00+00:00,7735.25,7735.5,7734.25,7735,498
2026-08-28T05:35:00+00:00,7735,7735.25,7732,7733.25,1111
2026-08-28T05:40:00+00:00,7733.25,7734.25,7733,7734.25,298
2026-08-28T05:45:00+00:00,7734,7734.25,7732.5,7733,233
2026-08-28T05:50:00+00:00,7733,7733.5,7731.5,7733,529
2026-08-28T05:55:00+00:00,7733,7733.25,7731.5,7732,244
2026-08-28T06:00:00+00:00,7731.5,7734.5,7731,7734,885
2026-08-28T06:05:00+00:00,7734,7734.25,7732.25,7733.75,488
2026-08-28T06:10:00+00:00,7734,7735.75,7733.5,7733.5,674
2026-08-28T06:15:00+00:00,7733.5,7736,7733.5,7735.5,598
2026-08-28T06:20:00+00:00,7735.25,7737,7735.25,7735.75,725
2026-08-28T06:25:00+00:00,7736.25,7736.5,7733,7733.25,571
2026-08-28T06:30:00+00:00,7733.25,7737.5,7733.25,7737.25,1340
2026-08-28T06:35:00+00:00,7737.25,7737.75,7736.5,7736.75,588
2026-08-28T06:40:00+00:00,7736.75,7739.5,7735,7739,813
2026-08-28T06:45:00+00:00,7738.5,7740.5,7738.5,7740.5,697
2026-08-28T06:50:00+00:00,7740.5,7741,7739.5,7740.75,302
2026-08-28T06:55:00+00:00,7740.5,7743.5,7740.5,7743.5,866
2026-08-28T07:00:00+00:00,7743.5,7745.25,7741,7741.75,1705
2026-08-28T07:05:00+00:00,7741.75,7741.75,7738.75,7739.75,1099
2026-08-28T07:10:00+00:00,7739.25,7741.5,7739.25,7740.25,951
2026-08-28T07:15:00+00:00,7740.5,7741.75,7739.75,7741.75,718
2026-08-28T07:20:00+00:00,7741.5,7742.5,7739.75,7741.75,573
2026-08-28T07:25:00+00:00,7742,7743.25,7741.25,7742,483
2026-08-28T07:30:00+00:00,7741.75,7743.25,7741,7741.25,325
2026-08-28T07:35:00+00:00,7741.25,7742.75,7740.75,7740.75,301
2026-08-28T07:40:00+00:00,7741,7741.25,7738.5,7739.25,559
2026-08-28T07:45:00+00:00,7739.25,7743.25,7739,7743,610
2026-08-28T07:50:00+00:00,7743,7743.75,7739.5,7741.25,586
2026-08-28T07:55:00+00:00,7741.25,7741.25,7739.25,7740.25,240
2026-08-28T08:00:00+00:00,7740.25,7741.25,7737.5,7738.5,1178
2026-08-28T08:05:00+00:00,7738.5,7738.5,7736.5,7738,739
2026-08-28T08:10:00+00:00,7737.75,7739.75,7736.75,7738.25,933
2026-08-28T08:15:00+00:00,7738,7739,7737,7737.25,441
2026-08-28T08:20:00+00:00,7737.5,7739,7736.75,7738.5,490
2026-08-28T08:25:00+00:00,7738.25,7740.25,7738.25,7739,479
2026-08-28T08:30:00+00:00,7739.25,7744.5,7738.75,7744.5,1338
2026-08-28T08:35:00+00:00,7744.5,7745.25,7743,7743.25,721
2026-08-28T08:40:00+00:00,7743.25,7744.5,7742.5,7742.5,447
2026-08-28T08:45:00+00:00,7742.5,7742.75,7739.75,7740.25,877
2026-08-28T08:50:00+00:00,7740,7741.25,7738.25,7739,570
2026-08-28T08:55:00+00:00,7739,7740.5,7739,7740.25,387
2026-08-28T09:00:00+00:00,7740,7740.25,7738.25,7738.5,657
2026-08-28T09:05:00+00:00,7738.25,7739.25,7737.75,7738.5,360
2026-08-28T09:10:00+00:00,7738.25,7739.5,7738,7738.25,276
2026-08-28T09:15:00+00:00,7738.5,7739.25,7737.75,7738.25,239
2026-08-28T09:20:00+00:00,7738,7739.25,7736.25,7738.75,607
2026-08-28T09:25:00+00:00,7738.75,7740.5,7738.5,7739.25,659
2026-08-28T09:30:00+00:00,7739.25,7739.75,7737.5,7739.5,347
2026-08-28T09:35:00+00:00,7739.25,7739.25,7737.25,7738,237
2026-08-28T09:40:00+00:00,7738,7738.5,7737.5,7738.25,257
2026-08-28T09:45:00+00:00,7738,7739.25,7737.5,7738.5,327
2026-08-28T09:50:00+00:00,7738.75,7740.75,7738.75,7739.75,570
2026-08-28T09:55:00+00:00,7739.5,7739.75,7738.5,7738.75,391
2026-08-28T10:00:00+00:00,7739,7739,7737.25,7738.25,322
2026-08-28T10:05:00+00:00,7738.25,7739.25,7737.25,7737.5,396
2026-08-28T10:10:00+00:00,7737.75,7738.5,7737,7738.25,573
2026-08-28T10:15:00+00:00,7738.25,7739.25,7737.5,7737.5,284
2026-08-28T10:20:00+00:00,7737.25,7740,7737.25,7740,279
2026-08-28T10:25:00+00:00,7739.75,7739.75,7738.5,7739.25,273
2026-08-28T10:30:00+00:00,7739.25,7740.25,7739,7739,251
2026-08-28T10:35:00+00:00,7738.75,7740.5,7738.25,7740.25,272
2026-08-28T10:40:00+00:00,7740.25,7740.25,7737,7737,671
2026-08-28T10:45:00+00:00,7737,7738.25,7736.25,7737,867
2026-08-28T10:50:00+00:00,7736.75,7737.5,7736.25,7737,434
2026-08-28T10:55:00+00:00,7737.25,7739.75,7737.25,7739.5,393
2026-08-28T11:00:00+00:00,7739.75,7741,7737.5,7740.25,1018
2026-08-28T11:05:00+00:00,7740.25,7740.25,7737.25,7737.5,421
2026-08-28T11:10:00+00:00,7737.75,7740,7737,7739.75,413
2026-08-28T11:15:00+00:00,7739.75,7740.75,7739.5,7740.75,483
2026-08-28T11:20:00+00:00,7740.75,7743,7740.5,7742.25,1027
2026-08-28T11:25:00+00:00,7742.25,7742.5,7741,7742,436
2026-08-28T11:30:00+00:00,7742,7743.5,7740,7740,657
2026-08-28T11:35:00+00:00,7740,7740.5,7739,7740.25,527
2026-08-28T11:40:00+00:00,7740,7741,7738.5,7739.25,426
2026-08-28T11:45:00+00:00,7739,7740.5,7738.5,7739.75,390
2026-08-28T11:50:00+00:00,7739.75,7741.25,7739.25,7741,299
2026-08-28T11:55:00+00:00,7741,7741,7739.25,7739.75,280
2026-08-28T12:00:00+00:00,7740,7742.75,7739.25,7742.5,674
2026-08-28T12:05:00+00:00,7742.5,7744.5,7742,7744.25,1222
2026-08-28T12:10:00+00:00,7744.25,7747,7742.75,7746.5,2791
2026-08-28T12:15:00+00:00,7746.5,7748.75,7746.25,7748.25,1607
2026-08-28T12:20:00+00:00,7748.5,7751,7748,7750.25,1833
2026-08-28T12:25:00+00:00,7750,7750.5,7748.5,7750.5,2015
2026-08-28T12:30:00+00:00,7750.25,7750.5,7745.5,7745.5,2038
2026-08-28T12:35:00+00:00,7745.75,7747.5,7743.5,7746.5,2222
2026-08-28T12:40:00+00:00,7746.5,7750.25,7745.5,7749.75,1329
2026-08-28T12:45:00+00:00,7750,7751.25,7748.75,7750.5,1799
2026-08-28T12:50:00+00:00,7750.25,7751.25,7749.25,7750.25,1054
2026-08-28T12:55:00+00:00,7750,7751,7749.25,7749.75,1032
2026-08-28T13:00:00+00:00,7749.75,7754.75,7748.5,7752,4579
2026-08-28T13:05:00+00:00,7752,7753,7750.5,7750.75,1959
2026-08-28T13:10:00+00:00,7751,7752.25,7748.75,7749.75,2360
2026-08-28T13:15:00+00:00,7750,7750.5,7748.5,7748.75,1522
2026-08-28T13:20:00+00:00,7748.5,7749,7747,7748,1991
2026-08-28T13:25:00+00:00,7748,7748.25,7742.75,7746.25,7159
2026-08-28T13:30:00+00:00,7746.25,7750,7743.75,7749.5,18069
2026-08-28T13:35:00+00:00,7749.25,7753.75,7746.25,7751.5,12638
2026-08-28T13:40:00+00:00,7751.5,7757.5,7750.5,7754.75,13114
2026-08-28T13:45:00+00:00,7755,7758,7748,7750.75,18038
2026-08-28T13:50:00+00:00,7750.5,7751,7745.5,7746.25,11020
2026-08-28T13:55:00+00:00,7746,7753,7745,7745,8290
2026-08-28T14:00:00+00:00,7746.75,7760.5,7739.5,7746,30466
2026-08-28T14:05:00+00:00,7746,7746.75,7735,7738.75,25284
2026-08-28T14:10:00+00:00,7738.75,7740,7726.5,7731.25,25596
2026-08-28T14:15:00+00:00,7731,7746.5,7730.25,7743,21527
2026-08-28T14:20:00+00:00,7743,7751.5,7738.5,7744.5,21004
2026-08-28T14:25:00+00:00,7744.75,7745.75,7735,7742,20510
2026-08-28T14:30:00+00:00,7742,7750.75,7738,7750.75,19094
2026-08-28T14:35:00+00:00,7750.75,7756.5,7749,7752.25,15120
2026-08-28T14:40:00+00:00,7752.5,7765,7752,7763.25,17831
2026-08-28T14:45:00+00:00,7763,7768,7761,7767.75,14687
2026-08-28T14:50:00+00:00,7768,7776.5,7767,7774.5,18386
2026-08-28T14:55:00+00:00,7774.5,7780,7774,7779.25,14633
2026-08-28T15:00:00+00:00,7779,7782.5,7776.75,7778.25,19111
2026-08-28T15:05:00+00:00,7778.25,7779.75,7770,7771.75,14113
2026-08-28T15:10:00+00:00,7772,7773.75,7767.25,7771.25,17559
2026-08-28T15:15:00+00:00,7771.25,7776.25,7771,7772.25,11665
2026-08-28T15:20:00+00:00,7772.25,7778.5,7772.25,7777.5,9561
2026-08-28T15:25:00+00:00,7777.5,7781.5,7776.75,7779,10427
2026-08-28T15:30:00+00:00,7779.25,7779.5,7773.5,7773.5,9991
2026-08-28T15:35:00+00:00,7773.75,7775.5,7764.75,7765.75,12199
2026-08-28T15:40:00+00:00,7766,7766,7755.5,7757.5,25952
2026-08-28T15:45:00+00:00,7757.25,7759.5,7750.5,7752,17502
2026-08-28T15:50:00+00:00,7752,7754,7743.5,7750,20719
2026-08-28T15:55:00+00:00,7750,7750.5,7737.25,7739.75,21231
2026-08-28T16:00:00+00:00,7739.75,7741.5,7733.5,7737.25,18599
2026-08-28T16:05:00+00:00,7737,7745.25,7736.5,7744.5,14114
2026-08-28T16:10:00+00:00,7744.25,7745,7738.25,7738.75,11678
2026-08-28T16:15:00+00:00,7738.75,7741.5,7726.25,7730.75,17004
2026-08-28T16:20:00+00:00,7730.75,7732.5,7720.25,7724,19997
2026-08-28T16:25:00+00:00,7723.75,7727.75,7721.75,7725.25,13509
2026-08-28T16:30:00+00:00,7725,7734.25,7724.5,7725.25,15897
2026-08-28T16:35:00+00:00,7725.25,7735.25,7725.25,7732.25,12186
2026-08-28T16:40:00+00:00,7732.25,7732.75,7724.25,7725.5,11185
2026-08-28T16:45:00+00:00,7725.5,7735.25,7725.25,7733,12097
2026-08-28T16:50:00+00:00,7733,7736,7727,7728,10180
2026-08-28T16:55:00+00:00,7728.25,7730.25,7725.75,7725.75,9114
2026-08-28T17:00:00+00:00,7725.75,7726,7715.25,7718.75,19496
2026-08-28T17:05:00+00:00,7718.75,7719,7713.5,7713.5,9733
2026-08-28T17:10:00+00:00,7713.5,7722.75,7711.75,7722.5,13791
2026-08-28T17:15:00+00:00,7722.5,7723.25,7718.25,7720.25,8033
2026-08-28T17:20:00+00:00,7720,7721.25,7714.5,7718.5,8482
2026-08-28T17:25:00+00:00,7718.75,7722.25,7716.25,7717,6917
2026-08-28T17:30:00+00:00,7717,7723.75,7715.75,7722,7661
2026-08-28T17:35:00+00:00,7722.25,7724,7714.75,7715.25,9041
2026-08-28T17:40:00+00:00,7715.5,7720.5,7715.25,7719.75,7673
2026-08-28T17:45:00+00:00,7719.5,7726.25,7717.75,7725.25,7483
2026-08-28T17:50:00+00:00,7725.5,7726.5,7723,7723.75,4935
2026-08-28T17:55:00+00:00,7723.75,7724.75,7719.5,7724.25,6693
2026-08-28T18:00:00+00:00,7724.5,7727.25,7722.25,7724,7283
2026-08-28T18:05:00+00:00,7724,7726.75,7722.25,7725,5902
2026-08-28T18:10:00+00:00,7724.75,7726.75,7720.75,7721,6420
2026-08-28T18:15:00+00:00,7721,7724.5,7720.25,7723,5694
2026-08-28T18:20:00+00:00,7723,7724.75,7718,7719.5,5508
2026-08-28T18:25:00+00:00,7719.5,7722.5,7717.75,7719.5,5255
2026-08-28T18:30:00+00:00,7719.5,7724.25,7718.75,7722.75,4741
2026-08-28T18:35:00+00:00,7723,7725,7719.75,7720,4770
2026-08-28T18:40:00+00:00,7720,7723.25,7719.25,7722,3634
2026-08-28T18:45:00+00:00,7722,7722.25,7716.25,7716.75,5158
2026-08-28T18:50:00+00:00,7716.75,7716.75,7712.25,7714.75,8984
2026-08-28T18:55:00+00:00,7715,7717.25,7712.75,7716,5912
2026-08-28T19:00:00+00:00,7716,7718.75,7713.75,7717,6338
2026-08-28T19:05:00+00:00,7717,7723,7716.25,7722.75,8130
2026-08-28T19:10:00+00:00,7722.75,7723.25,7719,7721.5,4805
2026-08-28T19:15:00+00:00,7721.75,7722.25,7719.25,7721.25,3950
2026-08-28T19:20:00+00:00,7721.5,7724.75,7720.5,7722,6293
2026-08-28T19:25:00+00:00,7722.25,7725.25,7722.25,7724.5,3931
2026-08-28T19:30:00+00:00,7724.5,7724.5,7721,7723,5388
2026-08-28T19:35:00+00:00,7723,7725,7720.5,7724.75,4932
2026-08-28T19:40:00+00:00,7724.75,7727.25,7724.5,7725.25,5305
2026-08-28T19:45:00+00:00,7725.5,7726,7719.5,7721.75,8766
2026-08-28T19:50:00+00:00,7721.75,7727.25,7720.25,7723,17222
2026-08-28T19:55:00+00:00,7723.25,7728.25,7719.5,7722.75,33259
2026-08-28T20:00:00+00:00,7722.5,7724,7720.75,7722.5,5843
2026-08-28T20:05:00+00:00,7722.25,7722.25,7719,7720.25,2172
2026-08-28T20:10:00+00:00,7720,7721.75,7719.75,7720.5,1423
2026-08-28T20:15:00+00:00,7720.75,7721.25,7719.5,7720.25,588
2026-08-28T20:20:00+00:00,7720.25,7720.75,7719.5,7720.75,537
2026-08-28T20:25:00+00:00,7720.75,7721,7719.5,7720.25,521
2026-08-28T20:30:00+00:00,7720.5,7720.75,7719.25,7719.75,1599
2026-08-28T20:35:00+00:00,7719.75,7722,7719.25,7721,979
2026-08-28T20:40:00+00:00,7720.75,7724,7720.75,7723.75,1376
2026-08-28T20:45:00+00:00,7723.75,7725.5,7723.5,7724.5,1195
2026-08-28T20:50:00+00:00,7724.5,7725.25,7722.75,7724.75,1550
2026-08-28T20:55:00+00:00,7725,7725,7722,7722,941
2026-08-30T22:10:00+00:00,7708,7710.5,7706.5,7710.5,867
2026-08-30T22:15:00+00:00,7710.5,7713.5,7709.75,7713.25,1526
2026-08-30T22:20:00+00:00,7713.25,7714.5,7712.5,7712.5,1096
2026-08-30T22:25:00+00:00,7712.75,7713,7710.75,7711.25,1031
2026-08-30T22:30:00+00:00,7711,7712.25,7709,7709.25,1290
2026-08-30T22:35:00+00:00,7709.75,7710.5,7706,7709.25,2025
2026-08-30T22:40:00+00:00,7709.25,7710,7705,7706.5,1887
2026-08-30T22:45:00+00:00,7706.25,7708.75,7705.75,7707.75,1021
2026-08-30T22:50:00+00:00,7707.75,7709,7707.25,7708.25,661
2026-08-30T22:55:00+00:00,7708.75,7709.25,7707.75,7709.25,461
2026-08-30T23:00:00+00:00,7709,7709.25,7707,7708,914
2026-08-30T23:05:00+00:00,7707.75,7709,7706.75,7708,806
2026-08-30T23:10:00+00:00,7708,7708.5,7704.75,7705,1168
2026-08-30T23:15:00+00:00,7705,7706.5,7704.25,7706,831
2026-08-30T23:20:00+00:00,7706.25,7706.5,7701.25,7702.75,2521
2026-08-30T23:25:00+00:00,7703,7703.75,7701.25,7701.5,1052
2026-08-30T23:30:00+00:00,7701.5,7701.75,7695.75,7699,3835
2026-08-30T23:35:00+00:00,7699,7700.25,7696.25,7697.5,1813
2026-08-30T23:40:00+00:00,7697.25,7699.25,7694,7699,1953
2026-08-30T23:45:00+00:00,7699.25,7699.25,7688.5,7690.75,5022
2026-08-30T23:50:00+00:00,7691,7694.25,7689.75,7693.75,1939
2026-08-30T23:55:00+00:00,7693.75,7693.75,7688.75,7688.75,1588
2026-08-31T00:00:00+00:00,7688.5,7690.5,7685,7686.75,3529
2026-08-31T00:05:00+00:00,7686.75,7689.75,7684.25,7688.75,2166
2026-08-31T00:10:00+00:00,7688.75,7695.25,7688,7693.5,2382
2026-08-31T00:15:00+00:00,7694,7697.75,7693.5,7695,3223
2026-08-31T00:20:00+00:00,7694.75,7699.25,7694.5,7699.25,1733
2026-08-31T00:25:00+00:00,7699.25,7699.5,7696.5,7699,1415
2026-08-31T00:30:00+00:00,7698.75,7703.5,7698,7702.5,2677
2026-08-31T00:35:00+00:00,7702.75,7703.75,7701.25,7702.75,1605
2026-08-31T00:40:00+00:00,7702.5,7703.25,7700.75,7701.5,1290
2026-08-31T00:45:00+00:00,7701.75,7702,7699.5,7700.5,1149
2026-08-31T00:50:00+00:00,7700.5,7701.5,7699,7700.25,1069
2026-08-31T00:55:00+00:00,7700.5,7700.75,7696,7697.25,1968
2026-08-31T01:00:00+00:00,7697.75,7697.75,7690.25,7695,3669
2026-08-31T01:05:00+00:00,7695.25,7695.25,7690,7690.5,1757
2026-08-31T01:10:00+00:00,7690.75,7692,7686.25,7691,2911
2026-08-31T01:15:00+00:00,7691,7692.25,7687.75,7691.25,2042
2026-08-31T01:20:00+00:00,7691.5,7692.75,7686.75,7689.25,2072
2026-08-31T01:25:00+00:00,7689.25,7691.25,7687.25,7690,1204
2026-08-31T01:30:00+00:00,7689.75,7690.75,7686.75,7687.75,1134
2026-08-31T01:35:00+00:00,7688,7691,7687.25,7690,935
2026-08-31T01:40:00+00:00,7690.25,7691.75,7688.25,7688.5,848
2026-08-31T01:45:00+00:00,7688.5,7690.75,7687.25,7688.75,1315
2026-08-31T01:50:00+00:00,7688.75,7689.75,7687,7688.25,861
2026-08-31T01:55:00+00:00,7688,7690.75,7687.5,7690,650
2026-08-31T02:00:00+00:00,7690.5,7692,7687.75,7691.75,1013
2026-08-31T02:05:00+00:00,7692,7694.75,7691,7694.25,1594
2026-08-31T02:10:00+00:00,7694.25,7696.75,7693.5,7696,1128
2026-08-31T02:15:00+00:00,7696,7696.25,7688.25,7691.75,3444
2026-08-31T02:20:00+00:00,7691.5,7691.5,7688.75,7689.5,1251
2026-08-31T02:25:00+00:00,7689.25,7691.5,7686.5,7690.25,1389
2026-08-31T02:30:00+00:00,7690,7691,7684.5,7685.5,1811
2026-08-31T02:35:00+00:00,7685.5,7687.25,7683.5,7686,1520
2026-08-31T02:40:00+00:00,7686,7687,7684,7685.75,793
2026-08-31T02:45:00+00:00,7686,7689.25,7684.5,7685.5,1383
2026-08-31T02:50:00+00:00,7685.5,7689,7684.75,7688.5,667
2026-08-31T02:55:00+00:00,7688.5,7692.25,7688.25,7692,1009
2026-08-31T03:00:00+00:00,7692,7694.75,7691,7693.75,1801
2026-08-31T03:05:00+00:00,7693.5,7695,7693,7695,695
2026-08-31T03:10:00+00:00,7695,7695.75,7693.5,7694,1008
2026-08-31T03:15:00+00:00,7694,7694.25,7692.5,7693,977
2026-08-31T03:20:00+00:00,7693.25,7694.25,7692.5,7694,448
2026-08-31T03:25:00+00:00,7694,7695,7692.75,7693,671
2026-08-31T03:30:00+00:00,7693,7693.75,7692.25,7692.25,793
2026-08-31T03:35:00+00:00,7692.5,7693.25,7690.75,7691.25,694
2026-08-31T03:40:00+00:00,7691.75,7692.5,7691.25,7691.75,365
2026-08-31T03:45:00+00:00,7692,7692.75,7691.25,7692.25,334
2026-08-31T03:50:00+00:00,7692.25,7692.75,7691,7692,258
2026-08-31T03:55:00+00:00,7692.25,7693,7692,7692.75,314
2026-08-31T04:00:00+00:00,7693,7693.25,7691.5,7692.25,382
2026-08-31T04:05:00+00:00,7692,7692.5,7691,7692,287
2026-08-31T04:10:00+00:00,7692,7693,7691,7693,364
2026-08-31T04:15:00+00:00,7692.75,7693.25,7691.25,7692.25,341
2026-08-31T04:20:00+00:00,7692.25,7692.75,7691.5,7692.5,214
2026-08-31T04:25:00+00:00,7692.25,7693,7692,7692.5,102
2026-08-31T04:30:00+00:00,7692.5,7692.75,7690.5,7691,433
2026-08-31T04:35:00+00:00,7691.25,7696.25,7691.25,7696,1140
2026-08-31T04:40:00+00:00,7696,7696.75,7694.25,7696.5,648
2026-08-31T04:45:00+00:00,7696.25,7696.25,7694,7694,295
2026-08-31T04:50:00+00:00,7694,7698.5,7694,7698.25,912
2026-08-31T04:55:00+00:00,7698.25,7702.25,7698,7700.5,1797
2026-08-31T05:00:00+00:00,7700.75,7703,7699,7702.5,1215
2026-08-31T05:05:00+00:00,7702.5,7704.5,7701.75,7701.75,1325
2026-08-31T05:10:00+00:00,7701.75,7705.75,7701.5,7705.5,878
2026-08-31T05:15:00+00:00,7705.75,7710.5,7705,7709.25,2058
2026-08-31T05:20:00+00:00,7709.25,7709.25,7706.5,7708.75,1170
2026-08-31T05:25:00+00:00,7708.75,7710,7708.25,7708.25,820
2026-08-31T05:30:00+00:00,7708.5,7708.75,7703.25,7704.5,1698
2026-08-31T05:35:00+00:00,7704.25,7704.5,7702,7702.25,910
2026-08-31T05:40:00+00:00,7702.5,7704.5,7700.25,7702.75,1586
2026-08-31T05:45:00+00:00,7703,7704.5,7702.25,7703.25,757
2026-08-31T05:50:00+00:00,7703.25,7703.5,7702,7703.25,512
2026-08-31T05:55:00+00:00,7703.5,7705,7703,7704.75,808
2026-08-31T06:00:00+00:00,7705,7705,7702.5,7704.25,817
2026-08-31T06:05:00+00:00,7704.25,7706.75,7704.25,7705.75,1125
2026-08-31T06:10:00+00:00,7705.75,7707.5,7705,7707.25,913
2026-08-31T06:15:00+00:00,7707.25,7708.75,7707.25,7707.5,1016
2026-08-31T06:20:00+00:00,7707.75,7709.75,7707.5,7709.5,815
2026-08-31T06:25:00+00:00,7709.25,7709.5,7708,7709.5,599
2026-08-31T06:30:00+00:00,7709.5,7709.5,7707.25,7708.5,676
2026-08-31T06:35:00+00:00,7708.5,7710.75,7708.5,7710.75,738
2026-08-31T06:40:00+00:00,7710.75,7710.75,7708.25,7709.25,755
2026-08-31T06:45:00+00:00,7709,7711.75,7708.75,7710.5,877
2026-08-31T06:50:00+00:00,7710.5,7711.25,7709.25,7711,397
2026-08-31T06:55:00+00:00,7711,7711.75,7710.5,7711,390
2026-08-31T07:00:00+00:00,7710.75,7711,7708.25,7709.25,1246
2026-08-31T07:05:00+00:00,7709.25,7711,7708.75,7709.25,527
2026-08-31T07:10:00+00:00,7709.25,7710.5,7708.5,7710.5,397
2026-08-31T07:15:00+00:00,7710.25,7710.5,7708.25,7708.75,602
2026-08-31T07:20:00+00:00,7709,7710.75,7708.75,7710.25,507
2026-08-31T07:25:00+00:00,7710.25,7710.75,7707.75,7709.25,533
2026-08-31T07:30:00+00:00,7709.25,7710.25,7708.5,7709.75,347
2026-08-31T07:35:00+00:00,7709.75,7710.75,7708,7709,694
2026-08-31T07:40:00+00:00,7708.75,7709.5,7708,7709.25,277
2026-08-31T07:45:00+00:00,7709,7709.5,7708.5,7709.5,273
2026-08-31T07:50:00+00:00,7709.25,7709.75,7707.25,7709,556
2026-08-31T07:55:00+00:00,7709,7710,7708.5,7709.75,295
2026-08-31T08:00:00+00:00,7709.5,7716,7707.5,7711,3411
2026-08-31T08:05:00+00:00,7711,7715.25,7709,7715.25,1120
2026-08-31T08:10:00+00:00,7715,7715.5,7710.5,7710.75,740
2026-08-31T08:15:00+00:00,7710.75,7712.75,7710,7711.25,537
2026-08-31T08:20:00+00:00,7711,7712.75,7709.25,7711.25,820
2026-08-31T08:25:00+00:00,7711,7712.75,7710.5,7712.5,368
2026-08-31T08:30:00+00:00,7712.25,7713,7710.75,7711.75,465
2026-08-31T08:35:00+00:00,7711.75,7713,7711,7712,415
2026-08-31T08:40:00+00:00,7711.75,7712,7710.25,7711.5,473
2026-08-31T08:45:00+00:00,7711.75,7713.25,7711.5,7712.75,467
2026-08-31T08:50:00+00:00,7712.75,7714.5,7712.25,7713,620
2026-08-31T08:55:00+00:00,7713,7713.75,7711.5,7712.5,366
2026-08-31T09:00:00+00:00,7712.25,7713.25,7710.5,7711,512
2026-08-31T09:05:00+00:00,7711,7713.5,7711,7713.5,490
2026-08-31T09:10:00+00:00,7713.75,7714.75,7712.75,7713.75,443
2026-08-31T09:15:00+00:00,7713.75,7716,7713.75,7715.75,584
2026-08-31T09:20:00+00:00,7715.5,7716,7713.25,7714.5,369
2026-08-31T09:25:00+00:00,7714.25,7714.75,7713.5,7713.5,171
2026-08-31T09:30:00+00:00,7713.5,7713.5,7711.75,7712.75,394
2026-08-31T09:35:00+00:00,7712.5,7713,7710.75,7711,350
2026-08-31T09:40:00+00:00,7710.75,7711,7709.5,7710.25,717
2026-08-31T09:45:00+00:00,7710,7710.25,7707.25,7707.25,843
2026-08-31T09:50:00+00:00,7707.25,7708.75,7706.75,7708.25,479
2026-08-31T09:55:00+00:00,7708.25,7708.25,7706.75,7707.5,352
2026-08-31T10:00:00+00:00,7707.25,7708,7705.25,7708,1000
2026-08-31T10:05:00+00:00,7708,7709.75,7707.5,7707.5,987
2026-08-31T10:10:00+00:00,7707.5,7709,7707,7708.75,486
2026-08-31T10:15:00+00:00,7708.75,7708.75,7706,7707.5,598
2026-08-31T10:20:00+00:00,7707.5,7709,7707.25,7708.75,643
2026-08-31T10:25:00+00:00,7708.5,7709.75,7706.5,7708.5,481
2026-08-31T10:30:00+00:00,7708.25,7708.5,7706.75,7707.5,368
2026-08-31T10:35:00+00:00,7707.75,7708.75,7707.25,7708.75,345
2026-08-31T10:40:00+00:00,7708.75,7709,7707.75,7708,304
2026-08-31T10:45:00+00:00,7708.25,7709,7707.5,7708.25,297
2026-08-31T10:50:00+00:00,7708.5,7711,7707.75,7709.5,1120
2026-08-31T10:55:00+00:00,7709.5,7710.5,7709,7709.75,501
2026-08-31T11:00:00+00:00,7709.5,7711,7708.25,7708.75,886
2026-08-31T11:05:00+00:00,7708.75,7710,7707,7709.25,662
2026-08-31T11:10:00+00:00,7709.25,7711,7707.25,7707.5,749
2026-08-31T11:15:00+00:00,7707.25,7710,7706.75,7709.75,716
2026-08-31T11:20:00+00:00,7709.5,7710,7708,7709.5,404
2026-08-31T11:25:00+00:00,7709.5,7711.25,7708.75,7710.5,443
2026-08-31T11:30:00+00:00,7710.5,7710.5,7705.75,7705.75,938
2026-08-31T11:35:00+00:00,7706,7706.5,7704.5,7705,1077
2026-08-31T11:40:00+00:00,7705,7708.5,7702.75,7702.75,1977
2026-08-31T11:45:00+00:00,7702.75,7704.25,7700.5,7703,2280
2026-08-31T11:50:00+00:00,7703,7704.75,7701.75,7702.75,1088
2026-08-31T11:55:00+00:00,7702.75,7703.75,7702,7702.5,344
2026-08-31T12:00:00+00:00,7702.5,7704.75,7702,7703.75,1087
2026-08-31T12:05:00+00:00,7703.75,7708.25,7694,7705.25,6153
2026-08-31T12:10:00+00:00,7705,7706.25,7702.75,7705,1225
2026-08-31T12:15:00+00:00,7705.25,7708.25,7705,7707.75,1415
2026-08-31T12:20:00+00:00,7708,7709.25,7703.25,7703.5,1819
2026-08-31T12:25:00+00:00,7703.5,7703.5,7695,7697.75,6731
2026-08-31T12:30:00+00:00,7697.75,7699.25,7695.25,7699.25,2117
2026-08-31T12:35:00+00:00,7699.25,7701.75,7693.75,7694,3881
2026-08-31T12:40:00+00:00,7694.25,7694.75,7691.5,7693.25,2285
2026-08-31T12:45:00+00:00,7693,7694.75,7692,7694,1446
2026-08-31T12:50:00+00:00,7693.75,7695.5,7692.25,7692.75,1215
2026-08-31T12:55:00+00:00,7692.75,7695,7691.5,7693.75,1555
2026-08-31T13:00:00+00:00,7693.75,7696,7692.5,7693.5,2894
2026-08-31T13:05:00+00:00,7693.5,7696,7692.5,7695.75,2131
2026-08-31T13:10:00+00:00,7696,7698.5,7695,7698.25,2276
2026-08-31T13:15:00+00:00,7698,7701,7698,7699,2635
2026-08-31T13:20:00+00:00,7699,7700.25,7698.5,7698.75,1318
2026-08-31T13:25:00+00:00,7698.75,7702.5,7697.5,7701.5,7833
2026-08-31T13:30:00+00:00,7701.25,7704.25,7690.75,7691.5,23666
2026-08-31T13:35:00+00:00,7691.75,7692.75,7685.25,7690.75,20770
2026-08-31T13:40:00+00:00,7690.5,7694.5,7685.25,7686,17155
2026-08-31T13:45:00+00:00,7686.25,7694,7682.5,7688.75,26463
2026-08-31T13:50:00+00:00,7688.75,7693.25,7685.5,7692.5,13098
2026-08-31T13:55:00+00:00,7692.75,7695,7688.5,7689.75,10965
2026-08-31T14:00:00+00:00,7689.75,7691.25,7685,7686,10038
2026-08-31T14:05:00+00:00,7686,7689,7681,7682.75,13501
2026-08-31T14:10:00+00:00,7682.75,7686.75,7681.25,7686,11108
2026-08-31T14:15:00+00:00,7686.25,7688.25,7683.5,7687.25,10023
2026-08-31T14:20:00+00:00,7687.5,7687.75,7677.5,7677.75,14201
2026-08-31T14:25:00+00:00,7677.75,7678.5,7674.75,7676.75,14696
2026-08-31T14:30:00+00:00,7676.75,7679.25,7675.5,7676.25,9445
2026-08-31T14:35:00+00:00,7676.5,7686,7676,7684.25,13596
2026-08-31T14:40:00+00:00,7684.25,7689,7683.5,7686,10906
2026-08-31T14:45:00+00:00,7686.25,7686.5,7681.5,7682,9799
2026-08-31T14:50:00+00:00,7682,7686.75,7681.25,7686.5,8302
2026-08-31T14:55:00+00:00,7686.25,7692,7685.25,7687.75,13609
2026-08-31T15:00:00+00:00,7687.5,7692.75,7684.5,7685.75,14624
2026-08-31T15:05:00+00:00,7685.5,7690,7684,7684.75,7989
2026-08-31T15:10:00+00:00,7684.75,7687.75,7683.25,7685.5,7145
2026-08-31T15:15:00+00:00,7685.5,7687,7681.5,7685.5,7741
2026-08-31T15:20:00+00:00,7685.75,7688.75,7683.5,7688.25,7525
2026-08-31T15:25:00+00:00,7688.5,7689.75,7686,7687.5,5748
2026-08-31T15:30:00+00:00,7687.25,7688,7682,7685.75,9826
2026-08-31T15:35:00+00:00,7685.5,7686.75,7682.25,7683.75,5269
2026-08-31T15:40:00+00:00,7684,7686.75,7681.75,7686.25,5028
2026-08-31T15:45:00+00:00,7686,7688,7684.25,7686.5,4836
2026-08-31T15:50:00+00:00,7686.5,7691.25,7686.25,7688.75,6566
2026-08-31T15:55:00+00:00,7688.5,7689.25,7680.75,7682,8391
2026-08-31T16:00:00+00:00,7681.75,7682,7678.25,7679.25,9198
2026-08-31T16:05:00+00:00,7679.5,7680,7677.25,7679,6219
2026-08-31T16:10:00+00:00,7679,7685.75,7678.5,7685,9723
2026-08-31T16:15:00+00:00,7685,7685.5,7680.25,7683.75,6381
2026-08-31T16:20:00+00:00,7683.75,7684.5,7680.25,7682.5,4903
2026-08-31T16:25:00+00:00,7682.25,7687.25,7682.25,7687,5885
2026-08-31T16:30:00+00:00,7686.75,7687.25,7684,7685.75,7109
2026-08-31T16:35:00+00:00,7686,7687.25,7680,7680,5058
2026-08-31T16:40:00+00:00,7680,7685.25,7679.5,7681.75,6037
2026-08-31T16:45:00+00:00,7681.75,7686.5,7681.75,7685.25,4052
2026-08-31T16:50:00+00:00,7685.25,7687.75,7684.75,7686,3604
2026-08-31T16:55:00+00:00,7686,7687.75,7685.5,7686.5,2955
2026-08-31T17:00:00+00:00,7686.5,7686.75,7683.5,7684.25,3976
2026-08-31T17:05:00+00:00,7684.75,7686.25,7683,7683.75,3456
2026-08-31T17:10:00+00:00,7683.75,7687.25,7683.5,7687.25,2519
2026-08-31T17:15:00+00:00,7687,7688.5,7684.75,7686.5,4762
2026-08-31T17:20:00+00:00,7686.5,7687.25,7685,7686,3118
2026-08-31T17:25:00+00:00,7685.75,7686.25,7681.5,7682,4773
2026-08-31T17:30:00+00:00,7682,7683.25,7679.25,7680.5,6978
2026-08-31T17:35:00+00:00,7680.75,7686.25,7680.75,7686.25,4670
2026-08-31T17:40:00+00:00,7686,7690.5,7685.5,7690.5,6505
2026-08-31T17:45:00+00:00,7690.5,7692.5,7689.25,7691.25,6795
2026-08-31T17:50:00+00:00,7691,7695.75,7691,7695.75,7217
2026-08-31T17:55:00+00:00,7695.5,7696.25,7691.5,7693,5888
2026-08-31T18:00:00+00:00,7693,7694.25,7689.5,7693.5,9983
2026-08-31T18:05:00+00:00,7693.5,7695,7692.25,7694.25,4595
2026-08-31T18:10:00+00:00,7694.5,7695,7692,7694.75,3699
2026-08-31T18:15:00+00:00,7695,7695.5,7693.25,7694.75,3388
2026-08-31T18:20:00+00:00,7694.75,7696.25,7692.75,7694,4020
2026-08-31T18:25:00+00:00,7694,7694.25,7690.75,7690.75,4993
2026-08-31T18:30:00+00:00,7690.75,7692,7687.75,7688,5662
2026-08-31T18:35:00+00:00,7688.25,7689,7680.25,7682.25,12937
2026-08-31T18:40:00+00:00,7682.25,7683.75,7678,7681.25,9566
2026-08-31T18:45:00+00:00,7681.5,7682,7679.5,7682,5887
2026-08-31T18:50:00+00:00,7682,7685,7680,7684.25,5475
2026-08-31T18:55:00+00:00,7684.25,7686.5,7683,7684.5,5400
2026-08-31T19:00:00+00:00,7684.5,7688.5,7684.5,7686,5852
2026-08-31T19:05:00+00:00,7686,7688.25,7684.75,7688,3900
2026-08-31T19:10:00+00:00,7688.25,7690.25,7687.25,7689.75,4695
2026-08-31T19:15:00+00:00,7689.75,7690.25,7687.5,7688.25,4092
2026-08-31T19:20:00+00:00,7688.25,7692.75,7687.75,7691.75,5712
2026-08-31T19:25:00+00:00,7692,7695.5,7690.5,7694,6081
2026-08-31T19:30:00+00:00,7694.25,7694.5,7689.75,7692.25,7150
2026-08-31T19:35:00+00:00,7692.25,7695,7691.75,7694.25,4179
2026-08-31T19:40:00+00:00,7694.25,7700.25,7694,7698.25,9825
2026-08-31T19:45:00+00:00,7698,7699.75,7693.75,7696.25,8585
2026-08-31T19:50:00+00:00,7696.5,7704.75,7696.5,7701,22312
2026-08-31T19:55:00+00:00,7701.25,7708.25,7693.75,7697.75,40833
2026-08-31T20:00:00+00:00,7698,7704.75,7697,7700.75,10694
2026-08-31T20:05:00+00:00,7700.75,7703.75,7700.5,7702.5,1580
2026-08-31T20:10:00+00:00,7702.25,7703.75,7700.75,7701.5,1623
2026-08-31T20:15:00+00:00,7701.75,7702,7700.5,7701.75,775
2026-08-31T20:20:00+00:00,7701.75,7701.75,7700.75,7701.25,424
2026-08-31T20:25:00+00:00,7701,7702.75,7701,7702.75,650
2026-08-31T20:30:00+00:00,7702.5,7702.5,7701,7702,650
2026-08-31T20:35:00+00:00,7702,7702.75,7701.75,7702.5,588
2026-08-31T20:40:00+00:00,7702.25,7703.25,7702.25,7702.5,707
2026-08-31T20:45:00+00:00,7702.25,7702.75,7700.25,7700.25,1016
2026-08-31T20:50:00+00:00,7700.5,7702.5,7700.5,7701.75,611
2026-08-31T20:55:00+00:00,7702,7702.25,7701,7701.5,758
2026-08-31T22:00:00+00:00,7701,7702.75,7700,7701.75,0
2026-08-31T22:05:00+00:00,7702,7702.75,7700.5,7702,771
2026-08-31T22:10:00+00:00,7702.5,7703,7701.25,7702.5,620
2026-08-31T22:15:00+00:00,7702.25,7702.5,7700.75,7701.5,373
2026-08-31T22:20:00+00:00,7701.5,7702,7701,7701.75,293
2026-08-31T22:25:00+00:00,7702,7702,7701.25,7701.5,194
2026-08-31T22:30:00+00:00,7701.25,7702.25,7701.25,7702,295
2026-08-31T22:35:00+00:00,7702,7702.75,7701.5,7702.25,200
2026-08-31T22:40:00+00:00,7702,7702.5,7701.5,7701.75,171
2026-08-31T22:45:00+00:00,7702,7702.25,7700.75,7700.75,275
2026-08-31T22:50:00+00:00,7700.75,7701,7700.25,7700.5,413
2026-08-31T22:55:00+00:00,7700.75,7701.75,7700.25,7701.25,318
2026-08-31T23:00:00+00:00,7701,7702.25,7700.5,7701,557
2026-08-31T23:05:00+00:00,7701.25,7702.5,7701.25,7702.25,395
2026-08-31T23:10:00+00:00,7702.25,7703.75,7701.75,7702,622
2026-08-31T23:15:00+00:00,7702.25,7702.5,7701.25,7701.75,478
2026-08-31T23:20:00+00:00,7702,7702,7700.5,7701,378
2026-08-31T23:25:00+00:00,7701,7703.25,7701,7702.75,491
2026-08-31T23:30:00+00:00,7702.75,7705,7702.25,7704.5,804
2026-08-31T23:35:00+00:00,7704.25,7705.5,7702.75,7703.5,863
2026-08-31T23:40:00+00:00,7703.5,7704.5,7703.5,7703.75,531
2026-08-31T23:45:00+00:00,7704,7705,7702.25,7702.75,1389
2026-08-31T23:50:00+00:00,7702.75,7704,7702,7702.75,743
2026-08-31T23:55:00+00:00,7702.75,7703.75,7701.75,7703.75,551
2026-09-01T00:00:00+00:00,7703.75,7705,7700.25,7705,2449
2026-09-01T00:05:00+00:00,7704.5,7707.75,7704.25,7707.25,2004
2026-09-01T00:10:00+00:00,7707.25,7707.5,7703.25,7703.75,1339
2026-09-01T00:15:00+00:00,7703.5,7707.25,7702.5,7707.25,1809
2026-09-01T00:20:00+00:00,7707.5,7708.25,7706.25,7706.5,1139
2026-09-01T00:25:00+00:00,7706.25,7707.5,7705.75,7706,751
2026-09-01T00:30:00+00:00,7706.25,7707.5,7703.75,7705,1077
2026-09-01T00:35:00+00:00,7705,7705,7703.5,7703.75,635
2026-09-01T00:40:00+00:00,7703.75,7706.75,7703.75,7705.5,980
2026-09-01T00:45:00+00:00,7705.75,7706,7704,7705.5,689
2026-09-01T00:50:00+00:00,7705.75,7705.75,7704.25,7704.75,292
2026-09-01T00:55:00+00:00,7705,7705.25,7704,7705,416
2026-09-01T01:00:00+00:00,7704.75,7706,7704,7704.5,1052
2026-09-01T01:05:00+00:00,7704.5,7705,7702.25,7703.25,1431
2026-09-01T01:10:00+00:00,7703.25,7704.75,7702,7704.75,1011
2026-09-01T01:15:00+00:00,7704.75,7704.75,7703.5,7703.75,409
2026-09-01T01:20:00+00:00,7704,7704.5,7702.25,7702.5,624
2026-09-01T01:25:00+00:00,7702.5,7702.75,7698.75,7699.5,2155
2026-09-01T01:30:00+00:00,7699.25,7702.5,7697.75,7702.25,1893
2026-09-01T01:35:00+00:00,7702.5,7705,7702,7703.5,1419
2026-09-01T01:40:00+00:00,7703.5,7704.5,7702.25,7704.5,665
2026-09-01T01:45:00+00:00,7704.75,7705.25,7703,7704.25,813
2026-09-01T01:50:00+00:00,7704.25,7704.5,7702.5,7702.5,647
2026-09-01T01:55:00+00:00,7702.5,7704.5,7702,7703,450
2026-09-01T02:00:00+00:00,7703.25,7703.75,7702,7702.25,550
2026-09-01T02:05:00+00:00,7702,7702.5,7700,7700.25,984
2026-09-01T02:10:00+00:00,7700.25,7700.25,7698.25,7698.75,1082
2026-09-01T02:15:00+00:00,7698.75,7699.25,7697.75,7699,639
2026-09-01T02:20:00+00:00,7699,7699.5,7697.5,7697.5,960
2026-09-01T02:25:00+00:00,7697.5,7697.75,7695.25,7696.75,1265
2026-09-01T02:30:00+00:00,7696.75,7699,7696.5,7697.25,1384
2026-09-01T02:35:00+00:00,7697.5,7697.5,7694.5,7695,932
2026-09-01T02:40:00+00:00,7694.75,7695.25,7693.75,7694.5,1006
2026-09-01T02:45:00+00:00,7694.5,7696.5,7694,7695.5,1156
2026-09-01T02:50:00+00:00,7695.5,7696.75,7695.25,7696.5,631
2026-09-01T02:55:00+00:00,7696.5,7700.5,7696.25,7700.5,1572
2026-09-01T03:00:00+00:00,7700.25,7700.5,7697,7697,1068
2026-09-01T03:05:00+00:00,7697,7698.25,7696.5,7697.25,613
2026-09-01T03:10:00+00:00,7697,7697.5,7696.25,7696.5,438
2026-09-01T03:15:00+00:00,7696.5,7697.5,7696,7697,418
2026-09-01T03:20:00+00:00,7696.75,7697,7696,7696.5,347
2026-09-01T03:25:00+00:00,7696.25,7698.25,7695.75,7695.75,869
2026-09-01T03:30:00+00:00,7696,7697,7695.5,7696,547
2026-09-01T03:35:00+00:00,7695.75,7697.5,7695.25,7697,617
2026-09-01T03:40:00+00:00,7697,7697.75,7696.25,7696.5,354
2026-09-01T03:45:00+00:00,7696.5,7697.75,7695.75,7697.5,455
2026-09-01T03:50:00+00:00,7697.75,7697.75,7696.5,7696.5,254
2026-09-01T03:55:00+00:00,7696.5,7696.75,7696,7696.25,213
2026-09-01T04:05:00+00:00,7696.25,7696.25,7695.75,7696,1288
2026-09-01T04:10:00+00:00,7696.25,7697,7695.75,7696.5,264
2026-09-01T04:15:00+00:00,7696.5,7698,7696.25,7697.25,456
2026-09-01T04:20:00+00:00,7697.25,7698.25,7696.75,7697.25,320
2026-09-01T04:25:00+00:00,7697.25,7697.75,7695.25,7696,527
2026-09-01T04:30:00+00:00,7696.25,7697.25,7695.75,7696.25,247
2026-09-01T04:35:00+00:00,7696.5,7697,7695.5,7695.75,197
2026-09-01T04:40:00+00:00,7695.75,7696,7693.5,7693.75,708
2026-09-01T04:45:00+00:00,7693.75,7696.75,7693.5,7695.75,771
2026-09-01T04:50:00+00:00,7695.75,7696.25,7693.25,7693.25,460
2026-09-01T04:55:00+00:00,7693.5,7693.75,7692,7692.5,1370
2026-09-01T05:00:00+00:00,7692.75,7693,7690.5,7692.5,859
2026-09-01T05:05:00+00:00,7692.75,7693.5,7692.5,7693,241
2026-09-01T05:10:00+00:00,7693,7693.25,7691.5,7691.5,350
2026-09-01T05:15:00+00:00,7691.75,7692.25,7690.5,7690.75,348
2026-09-01T05:20:00+00:00,7690.75,7691.25,7689.75,7691.25,678
2026-09-01T05:25:00+00:00,7691.25,7695,7691,7694.5,933
2026-09-01T05:30:00+00:00,7694.5,7696.75,7694,7695.75,1318
2026-09-01T05:35:00+00:00,7695.75,7701.25,7695,7699.75,1955
2026-09-01T05:40:00+00:00,7699.75,7703.5,7699.5,7702.75,1477
2026-09-01T05:45:00+00:00,7703,7703.5,7701.5,7701.75,854
2026-09-01T05:50:00+00:00,7701.75,7703.5,7701,7703.25,659
2026-09-01T05:55:00+00:00,7703.5,7706.5,7703.25,7704.25,1594
2026-09-01T06:00:00+00:00,7704.5,7705.5,7702,7702.25,812
2026-09-01T06:05:00+00:00,7702.25,7703.5,7700.5,7701,1500
2026-09-01T06:10:00+00:00,7701.25,7702,7699.75,7700.25,668
2026-09-01T06:15:00+00:00,7700.5,7700.5,7698,7699,690
2026-09-01T06:20:00+00:00,7699.25,7700.25,7697.25,7698,951
2026-09-01T06:25:00+00:00,7698,7699.5,7696.5,7696.75,813
2026-09-01T06:30:00+00:00,7696.75,7699.5,7696,7697.25,750
2026-09-01T06:35:00+00:00,7697.75,7700,7696,7700,494
2026-09-01T06:40:00+00:00,7699.75,7700.25,7698.75,7699.5,317
2026-09-01T06:45:00+00:00,7699.5,7699.75,7697.5,7698,387
2026-09-01T06:50:00+00:00,7698,7699.25,7697.75,7699,353
2026-09-01T06:55:00+00:00,7698.75,7699.25,7697,7697.5,848
2026-09-01T07:00:00+00:00,7697.5,7704.25,7696.25,7704.25,2069
2026-09-01T07:05:00+00:00,7704,7705.5,7701,7701,1172
2026-09-01T07:10:00+00:00,7701,7705.25,7698.75,7705,1245
2026-09-01T07:15:00+00:00,7705,7705.25,7701.25,7703.25,638
2026-09-01T07:20:00+00:00,7703,7704.25,7701.25,7702.5,486
2026-09-01T07:25:00+00:00,7702.25,7704.5,7702,7703.25,343
2026-09-01T07:30:00+00:00,7703,7703,7698.5,7698.75,1308
2026-09-01T07:35:00+00:00,7698.5,7698.5,7692.25,7692.25,1874
2026-09-01T07:40:00+00:00,7692.5,7693.5,7691,7691.25,1355
2026-09-01T07:45:00+00:00,7691,7693.75,7687,7693.5,2436
2026-09-01T07:50:00+00:00,7693.25,7694.25,7692,7692.25,1225
2026-09-01T07:55:00+00:00,7692,7693.25,7689.25,7690.5,1312
2026-09-01T08:00:00+00:00,7690.5,7691.25,7687.75,7689.5,1449
2026-09-01T08:05:00+00:00,7689.25,7693,7673.5,7675,8756
2026-09-01T08:10:00+00:00,7675.25,7678.5,7674,7676.5,2124
2026-09-01T08:15:00+00:00,7677,7679.5,7670.75,7672.5,2511
2026-09-01T08:20:00+00:00,7672.5,7673,7667.5,7668.25,2151
2026-09-01T08:25:00+00:00,7668.5,7669.5,7664.5,7665.75,3329
2026-09-01T08:30:00+00:00,7665.75,7669,7663.75,7668,1893
2026-09-01T08:35:00+00:00,7667.75,7668,7661.5,7663,2236
2026-09-01T08:40:00+00:00,7662.75,7664.75,7659,7661.25,2387
2026-09-01T08:45:00+00:00,7661.25,7663,7659.5,7661.5,1554
2026-09-01T08:50:00+00:00,7661.75,7665,7659.75,7664,1438
2026-09-01T08:55:00+00:00,7663.75,7666,7658.75,7658.75,1819
2026-09-01T09:00:00+00:00,7658.75,7660,7656.5,7658.5,1809
2026-09-01T09:05:00+00:00,7658.25,7659,7653.5,7653.75,2106
2026-09-01T09:10:00+00:00,7654,7655.75,7651.5,7652.25,1572
2026-09-01T09:15:00+00:00,7652,7654.5,7650.25,7652,1668
2026-09-01T09:20:00+00:00,7652,7652.75,7649.5,7650.25,1628
2026-09-01T09:25:00+00:00,7650,7651.25,7647.75,7651,1835
2026-09-01T09:30:00+00:00,7651.25,7653.5,7650,7652.75,1541
2026-09-01T09:35:00+00:00,7652.75,7653.75,7649.5,7650,1290
2026-09-01T09:40:00+00:00,7650,7653.5,7649.75,7652.75,908
2026-09-01T09:45:00+00:00,7652.5,7656.25,7652.5,7655,1478
2026-09-01T09:50:00+00:00,7654.5,7655.75,7654,7655.25,844
2026-09-01T09:55:00+00:00,7655.25,7656.25,7653,7653.25,1032
2026-09-01T10:00:00+00:00,7653.5,7655.75,7650.75,7652.5,1229
2026-09-01T10:05:00+00:00,7652.75,7654.5,7652.5,7653.25,762
2026-09-01T10:10:00+00:00,7653.25,7656.5,7652.5,7655.5,563
2026-09-01T10:15:00+00:00,7655.5,7656.25,7653.25,7654.5,1115
2026-09-01T10:20:00+00:00,7655,7661.25,7654.75,7661,1698
2026-09-01T10:25:00+00:00,7661,7662,7660,7660.5,1092
2026-09-01T10:30:00+00:00,7660.5,7663.75,7660.5,7663.75,1201
2026-09-01T10:35:00+00:00,7663.5,7664.5,7662.5,7663,1061
2026-09-01T10:40:00+00:00,7663,7663.25,7659,7659,1663
2026-09-01T10:45:00+00:00,7659,7662.5,7657.5,7658.75,3412
2026-09-01T10:50:00+00:00,7658.75,7658.75,7654.25,7656.5,1613
2026-09-01T10:55:00+00:00,7656.25,7657.25,7655.5,7656.5,781
2026-09-01T11:00:00+00:00,7656.5,7657,7654,7656,1692
2026-09-01T11:05:00+00:00,7655.75,7656,7652.25,7655.5,2010
2026-09-01T11:10:00+00:00,7655.5,7656.75,7654.75,7655.5,929
2026-09-01T11:15:00+00:00,7655.5,7657.5,7655.5,7657,1087
2026-09-01T11:20:00+00:00,7657,7658.25,7654.5,7655.25,1230
2026-09-01T11:25:00+00:00,7655.25,7658,7654.5,7657,1001
2026-09-01T11:30:00+00:00,7657,7659.5,7656.75,7657.5,1282
2026-09-01T11:35:00+00:00,7657.5,7662.25,7657.25,7662.25,1412
2026-09-01T11:40:00+00:00,7662,7663.25,7660.75,7660.75,1474
2026-09-01T11:45:00+00:00,7660.75,7661.75,7658.75,7659.5,1277
2026-09-01T11:50:00+00:00,7659.25,7660.5,7657,7657.25,823
2026-09-01T11:55:00+00:00,7657.25,7657.25,7651,7652.5,3180
2026-09-01T12:00:00+00:00,7652.25,7653,7650,7652.75,2890
2026-09-01T12:05:00+00:00,7652.5,7653,7650,7650.25,2062
2026-09-01T12:10:00+00:00,7650.5,7652.25,7648.5,7652.25,2583
2026-09-01T12:15:00+00:00,7652,7655,7650.25,7650.5,2683
2026-09-01T12:20:00+00:00,7650.5,7652.5,7648.75,7651.25,2035
2026-09-01T12:25:00+00:00,7651.25,7653.75,7650.5,7653,1208
2026-09-01T12:30:00+00:00,7653,7653,7647,7649,3398
2026-09-01T12:35:00+00:00,7649,7651,7644.75,7648.25,4023
2026-09-01T12:40:00+00:00,7648.25,7649.5,7646,7647.5,1711
2026-09-01T12:45:00+00:00,7647.75,7651.5,7647.5,7647.75,2103
2026-09-01T12:50:00+00:00,7647.5,7649.5,7646.75,7647.75,1828
2026-09-01T12:55:00+00:00,7647.5,7649.5,7647,7647.25,1259
2026-09-01T13:00:00+00:00,7647.5,7647.5,7642.25,7643,5585
2026-09-01T13:05:00+00:00,7643.25,7645,7641.75,7644,3890
2026-09-01T13:10:00+00:00,7644,7645.25,7642.75,7644,2547
2026-09-01T13:15:00+00:00,7644,7645.75,7643,7645.5,2887
2026-09-01T13:20:00+00:00,7645.5,7648,7644.5,7647.75,3291
2026-09-01T13:25:00+00:00,7647.5,7648.75,7645,7646.75,4112
2026-09-01T13:30:00+00:00,7646.75,7648.25,7638.5,7646.25,26727
2026-09-01T13:35:00+00:00,7646.5,7651,7642.75,7644.75,19126
2026-09-01T13:40:00+00:00,7644.5,7648.25,7641,7646.25,12641
2026-09-01T13:45:00+00:00,7646.5,7649.25,7643.75,7649.25,10081
2026-09-01T13:50:00+00:00,7649,7652,7642.75,7645.25,14642
2026-09-01T13:55:00+00:00,7645.25,7648,7641.5,7647,9490
2026-09-01T14:00:00+00:00,7647.75,7652.75,7644.5,7648.5,14932
2026-09-01T14:05:00+00:00,7648.75,7656.5,7648.75,7656.25,14317
2026-09-01T14:10:00+00:00,7656.25,7658,7651.75,7657.25,14527
2026-09-01T14:15:00+00:00,7657,7662.25,7656.75,7660.25,17194
2026-09-01T14:20:00+00:00,7660.25,7667.25,7660.25,7664,17203
2026-09-01T14:25:00+00:00,7664,7667.25,7663.25,7665,10485
2026-09-01T14:30:00+00:00,7665,7672.25,7664.5,7672,16168
2026-09-01T14:35:00+00:00,7671.75,7673,7667.75,7670,13253
2026-09-01T14:40:00+00:00,7670,7670.5,7665.75,7668.5,10568
2026-09-01T14:45:00+00:00,7668.75,7670.75,7666.25,7666.25,10477
2026-09-01T14:50:00+00:00,7666.25,7666.5,7662,7662.75,13591
2026-09-01T14:55:00+00:00,7663,7664,7660.25,7662.5,9582
2026-09-01T15:00:00+00:00,7662.5,7663.5,7657,7658.25,11522
2026-09-01T15:05:00+00:00,7658,7658.75,7653.25,7655,12714
2026-09-01T15:10:00+00:00,7654.75,7659,7654,7656.5,10098
2026-09-01T15:15:00+00:00,7656.5,7660.75,7655.5,7659.75,8491
2026-09-01T15:20:00+00:00,7660,7661.75,7657.5,7661.25,9940
2026-09-01T15:25:00+00:00,7661.25,7663,7658.75,7663,8924
2026-09-01T15:30:00+00:00,7662.75,7664.75,7661.25,7663,11417
2026-09-01T15:35:00+00:00,7663,7668,7661.5,7668,8893
2026-09-01T15:40:00+00:00,7668,7669.5,7666.5,7669,8501
2026-09-01T15:45:00+00:00,7669,7673,7668,7672.5,11609
2026-09-01T15:50:00+00:00,7672.75,7673.75,7669.75,7672.5,9456
2026-09-01T15:55:00+00:00,7672.25,7672.75,7668.25,7669.75,8323
2026-09-01T16:00:00+00:00,7670,7670.75,7667.5,7669.5,7584
2026-09-01T16:05:00+00:00,7669.25,7670,7665,7665.75,8465
2026-09-01T16:10:00+00:00,7665.75,7668,7661.75,7662,8834
2026-09-01T16:15:00+00:00,7662.25,7663,7656.25,7657,12321
2026-09-01T16:20:00+00:00,7657,7657.75,7650.75,7655.25,19712
2026-09-01T16:25:00+00:00,7655.5,7656.25,7649.5,7652.25,17018
2026-09-01T16:30:00+00:00,7652,7653.25,7642.75,7644,17292
2026-09-01T16:35:00+00:00,7643.75,7649,7643.5,7648.75,11330
2026-09-01T16:40:00+00:00,7649,7650.5,7643.5,7643.75,9429
2026-09-01T16:45:00+00:00,7643.75,7647,7643,7646.25,7296
2026-09-01T16:50:00+00:00,7646.25,7647.5,7644,7645.5,6024
2026-09-01T16:55:00+00:00,7645.75,7650.75,7645.75,7649.5,8378
2026-09-01T17:00:00+00:00,7649.25,7649.5,7643.5,7643.75,8917
2026-09-01T17:05:00+00:00,7643.75,7645,7641.75,7643.5,7639
2026-09-01T17:10:00+00:00,7643.75,7647.5,7643,7646.25,6527
2026-09-01T17:15:00+00:00,7646.5,7648.25,7641.5,7642.75,7893
2026-09-01T17:20:00+00:00,7642.75,7644.5,7641.5,7643,5606
2026-09-01T17:25:00+00:00,7643,7644,7632.75,7643.5,16817
2026-09-01T17:30:00+00:00,7643.75,7647.25,7642.75,7646.5,9152
2026-09-01T17:35:00+00:00,7646.75,7648.75,7644.5,7645.75,6977
2026-09-01T17:40:00+00:00,7646,7649.25,7645.25,7647.5,5538
2026-09-01T17:45:00+00:00,7647.25,7648,7642.25,7642.5,6288
2026-09-01T17:50:00+00:00,7642.25,7645.25,7641.25,7642.5,6525
2026-09-01T17:55:00+00:00,7642.5,7645.5,7641.25,7645,5184
2026-09-01T18:00:00+00:00,7644.75,7647,7642.25,7643,6619
2026-09-01T18:05:00+00:00,7642.75,7644,7641,7643.25,5194
2026-09-01T18:10:00+00:00,7643.25,7644,7639.75,7640.25,5020
2026-09-01T18:15:00+00:00,7640.25,7645,7639.25,7644.5,6702
2026-09-01T18:20:00+00:00,7644.5,7645.25,7641.75,7643.25,4240
2026-09-01T18:25:00+00:00,7643.25,7643.25,7637.25,7638.75,9703
2026-09-01T18:30:00+00:00,7638.75,7639.25,7633.5,7634.5,11084
2026-09-01T18:35:00+00:00,7634.5,7636,7631.5,7632,7716
2026-09-01T18:40:00+00:00,7632,7633,7623.5,7624,14485
2026-09-01T18:45:00+00:00,7624,7629.25,7621.5,7628.75,14016
2026-09-01T18:50:00+00:00,7628.75,7630.75,7627,7629,6843
2026-09-01T18:55:00+00:00,7629,7636,7628.25,7634,11884
2026-09-01T19:00:00+00:00,7634,7639,7633,7638.5,10342
2026-09-01T19:05:00+00:00,7638.5,7638.75,7635.25,7637.75,6892
2026-09-01T19:10:00+00:00,7638,7641.5,7637.25,7641.5,8127
2026-09-01T19:15:00+00:00,7641.5,7643,7639,7641,8455
2026-09-01T19:20:00+00:00,7641,7641.75,7637.5,7639.75,8112
2026-09-01T19:25:00+00:00,7640,7641.5,7638.5,7641,5274
2026-09-01T19:30:00+00:00,7641,7641,7634.5,7638.5,10153
2026-09-01T19:35:00+00:00,7638.5,7640.5,7635.25,7635.5,7049
2026-09-01T19:40:00+00:00,7635.5,7639.75,7634.25,7637.75,7456
2026-09-01T19:45:00+00:00,7637.75,7641.5,7636.75,7639.75,10803
2026-09-01T19:50:00+00:00,7639.75,7640.25,7633,7636.5,14069
2026-09-01T19:55:00+00:00,7636.5,7645.25,7633,7644,39604
2026-09-01T20:00:00+00:00,7644,7647.25,7640.5,7643,14610
2026-09-01T20:05:00+00:00,7643,7644.75,7641.5,7643.5,2868
2026-09-01T20:10:00+00:00,7643.5,7645,7643,7644.25,1178
2026-09-01T20:15:00+00:00,7644.5,7647.75,7644.25,7647.5,2784
2026-09-01T20:20:00+00:00,7647.75,7648.75,7647.25,7647.5,990
2026-09-01T20:25:00+00:00,7647.5,7648.25,7646.75,7646.75,857
2026-09-01T20:30:00+00:00,7647,7647.25,7645.5,7645.5,1156
2026-09-01T20:35:00+00:00,7645.75,7646,7645.25,7645.75,340
2026-09-01T20:40:00+00:00,7645.75,7649,7645,7647.25,1622
2026-09-01T20:45:00+00:00,7647.25,7647.5,7646,7646.75,845
2026-09-01T20:50:00+00:00,7646.75,7648,7646.25,7647.5,2106
2026-09-01T20:55:00+00:00,7647.25,7648,7646.25,7647.5,1271
2026-09-01T22:00:00+00:00,7646.25,7648.75,7642.5,7642.75,0
2026-09-01T22:05:00+00:00,7643.25,7644.5,7641.25,7642.75,1047
2026-09-01T22:10:00+00:00,7643,7643,7641.75,7642.25,341
2026-09-01T22:15:00+00:00,7642.5,7643.5,7642,7642.75,402
2026-09-01T22:20:00+00:00,7642.75,7643.5,7641.5,7643.25,381
2026-09-01T22:25:00+00:00,7643.25,7644,7642.25,7643.25,445
2026-09-01T22:30:00+00:00,7643,7644.25,7642.75,7643.75,485
2026-09-01T22:35:00+00:00,7643.75,7644,7642.5,7644,488
2026-09-01T22:40:00+00:00,7643.75,7644.25,7643,7643.25,213
2026-09-01T22:45:00+00:00,7643.25,7646.5,7643.25,7646,686
2026-09-01T22:50:00+00:00,7645.75,7647,7645.5,7645.75,651
2026-09-01T22:55:00+00:00,7645.5,7646.25,7644.5,7645.5,375
2026-09-01T23:00:00+00:00,7645.5,7646.25,7644.75,7645.25,465
2026-09-01T23:05:00+00:00,7645,7646,7645,7645.5,168
2026-09-01T23:10:00+00:00,7645.5,7646,7645.5,7645.5,207
2026-09-01T23:15:00+00:00,7645.75,7646,7645,7645.5,204
2026-09-01T23:20:00+00:00,7645.5,7645.75,7644.25,7645,508
2026-09-01T23:25:00+00:00,7645,7646,7644.75,7645.75,318
2026-09-01T23:30:00+00:00,7646,7646.5,7645.25,7645.75,334
2026-09-01T23:35:00+00:00,7645.75,7646.75,7645.25,7645.75,267
2026-09-01T23:40:00+00:00,7645.75,7646.75,7645.5,7646.5,181
2026-09-01T23:45:00+00:00,7646.5,7647.25,7645.25,7646.5,565
2026-09-01T23:50:00+00:00,7646.5,7647.25,7645.5,7646.25,389
2026-09-01T23:55:00+00:00,7646.25,7647,7646,7646.25,312
2026-09-02T00:00:00+00:00,7646.5,7647,7644.25,7645.25,911
2026-09-02T00:05:00+00:00,7645,7646.5,7641.75,7644.75,1653
2026-09-02T00:10:00+00:00,7644.5,7646,7643.25,7644.75,968
2026-09-02T00:15:00+00:00,7644.5,7647.5,7644.5,7645.25,1332
2026-09-02T00:20:00+00:00,7645.5,7651.5,7645,7647.25,3282
2026-09-02T00:25:00+00:00,7647.25,7647.5,7644,7644.25,1237
2026-09-02T00:30:00+00:00,7644.25,7647,7643,7643.75,1235
2026-09-02T00:35:00+00:00,7643.75,7646,7643.75,7644.5,790
2026-09-02T00:40:00+00:00,7644.25,7645.75,7642.25,7645.5,1007
2026-09-02T00:45:00+00:00,7645.5,7646.5,7644.75,7645.25,525
2026-09-02T00:50:00+00:00,7645.25,7645.25,7642.75,7643.25,525
2026-09-02T00:55:00+00:00,7643.25,7644.75,7640,7640,1391
2026-09-02T01:00:00+00:00,7640,7642.75,7639,7641.75,1912
2026-09-02T01:05:00+00:00,7641.75,7641.75,7638.75,7639.5,1026
2026-09-02T01:10:00+00:00,7639.5,7640.25,7636.75,7638.25,1491
2026-09-02T01:15:00+00:00,7638.5,7640.75,7638,7640,1561
2026-09-02T01:20:00+00:00,7640.25,7642,7639,7642,954
2026-09-02T01:25:00+00:00,7642,7643,7640,7641,698
2026-09-02T01:30:00+00:00,7641,7641.75,7639.25,7641.75,609
2026-09-02T01:35:00+00:00,7642,7642.25,7637.25,7637.75,1104
2026-09-02T01:40:00+00:00,7637.75,7638.75,7636,7637,1504
2026-09-02T01:45:00+00:00,7637,7637.5,7635.25,7635.75,892
2026-09-02T01:50:00+00:00,7635.5,7635.75,7632.5,7634.75,3054
2026-09-02T01:55:00+00:00,7634.5,7637.25,7634,7637,1531
2026-09-02T02:00:00+00:00,7637,7637.25,7633.75,7634.25,1173
2026-09-02T02:05:00+00:00,7634.25,7636,7633.75,7634.5,868
2026-09-02T02:10:00+00:00,7634.5,7637,7634.5,7636.5,696
2026-09-02T02:15:00+00:00,7636.75,7640,7636.5,7639.5,1240
2026-09-02T02:20:00+00:00,7639.5,7641.75,7638.75,7641,1639
2026-09-02T02:25:00+00:00,7640.75,7641.75,7640,7640.25,602
2026-09-02T02:30:00+00:00,7640.5,7640.75,7638.75,7639.5,911
2026-09-02T02:35:00+00:00,7639,7639.5,7638,7639,703
2026-09-02T02:40:00+00:00,7639,7640.5,7639,7640.5,483
2026-09-02T02:45:00+00:00,7640.5,7641.5,7640.25,7641.25,340
2026-09-02T02:50:00+00:00,7641,7641.75,7640,7640.75,410
2026-09-02T02:55:00+00:00,7640.5,7641.25,7639.5,7641.25,757
2026-09-02T03:00:00+00:00,7641.25,7642,7639.5,7639.75,693
2026-09-02T03:05:00+00:00,7639.75,7640.25,7638,7640.25,924
2026-09-02T03:10:00+00:00,7640.25,7642,7640,7640.75,796
2026-09-02T03:15:00+00:00,7640.75,7641,7639.25,7640,440
2026-09-02T03:20:00+00:00,7640,7640,7638.5,7639,350
2026-09-02T03:25:00+00:00,7639.25,7640,7637.75,7638.25,418
2026-09-02T03:30:00+00:00,7638.25,7638.25,7635.75,7636.75,933
2026-09-02T03:35:00+00:00,7636.25,7638.25,7635.75,7637.75,566
2026-09-02T03:40:00+00:00,7638,7638,7635.75,7636,652
2026-09-02T03:45:00+00:00,7635.75,7637,7635.5,7635.75,404
2026-09-02T03:50:00+00:00,7635.5,7635.75,7634.25,7635.5,842
2026-09-02T03:55:00+00:00,7635.75,7635.75,7634.5,7635.5,344
2026-09-02T04:05:00+00:00,7635.25,7635.25,7633,7633.75,1072
2026-09-02T04:10:00+00:00,7633.5,7634.75,7632.75,7634.75,640
2026-09-02T04:15:00+00:00,7634.5,7636.25,7634,7635.75,817
2026-09-02T04:20:00+00:00,7635.75,7636,7634,7634.75,468
2026-09-02T04:25:00+00:00,7634.5,7635.5,7634.25,7634.25,318
2026-09-02T04:30:00+00:00,7634.25,7636.25,7634.25,7635.75,568
2026-09-02T04:35:00+00:00,7635.5,7636,7634.25,7634.5,213
2026-09-02T04:40:00+00:00,7634.5,7635.5,7634,7634.5,289
2026-09-02T04:45:00+00:00,7635,7636,7634.25,7634.5,433
2026-09-02T04:50:00+00:00,7634.5,7635.75,7634.5,7635.75,189
2026-09-02T04:55:00+00:00,7635.75,7636,7634.5,7635.25,222
2026-09-02T05:00:00+00:00,7635.5,7636,7633,7633.75,485
2026-09-02T05:05:00+00:00,7633.5,7634.25,7632.75,7633,377
2026-09-02T05:10:00+00:00,7633.5,7637.75,7633.5,7636.75,995
2026-09-02T05:15:00+00:00,7637,7640,7636.75,7638.75,1026
2026-09-02T05:20:00+00:00,7639,7639.5,7637.5,7639.25,566
2026-09-02T05:25:00+00:00,7639.25,7640.75,7639,7640.75,685
2026-09-02T05:30:00+00:00,7640.75,7643,7639,7639.5,2026
2026-09-02T05:35:00+00:00,7639.5,7640.5,7637,7637,942
2026-09-02T05:40:00+00:00,7637.25,7641.75,7637,7641.5,604
2026-09-02T05:45:00+00:00,7641.5,7641.75,7640.25,7640.25,345
2026-09-02T05:50:00+00:00,7640.75,7640.75,7635.25,7636,1081
2026-09-02T05:55:00+00:00,7636.25,7638,7635.75,7637.5,471
2026-09-02T06:00:00+00:00,7637.5,7639,7634,7634.5,1045
2026-09-02T06:05:00+00:00,7634.5,7635.75,7633.75,7635.5,554
2026-09-02T06:10:00+00:00,7635.75,7637,7634.75,7635.5,547
2026-09-02T06:15:00+00:00,7636,7636.5,7632,7632,934
2026-09-02T06:20:00+00:00,7632.25,7633.5,7631.5,7633.5,664
2026-09-02T06:25:00+00:00,7633.25,7636.5,7632,7632.25,1077
2026-09-02T06:30:00+00:00,7632.25,7634,7631.75,7634,1074
2026-09-02T06:35:00+00:00,7633.5,7639.5,7633,7639.5,1429
2026-09-02T06:40:00+00:00,7639.5,7643,7638.75,7640,1665
2026-09-02T06:45:00+00:00,7639.75,7640,7637.75,7637.75,736
2026-09-02T06:50:00+00:00,7638,7639,7637,7637.25,491
2026-09-02T06:55:00+00:00,7637.25,7641.25,7637.25,7641.25,883
2026-09-02T07:00:00+00:00,7641.25,7645,7639.25,7644,1504
2026-09-02T07:05:00+00:00,7643.75,7647.25,7643.75,7646.5,1297
2026-09-02T07:10:00+00:00,7646.5,7647.25,7643.25,7643.75,1197
2026-09-02T07:15:00+00:00,7643.5,7646.25,7643,7645.75,736
2026-09-02T07:20:00+00:00,7645.5,7645.75,7642.25,7643,835
2026-09-02T07:25:00+00:00,7643,7643.5,7639.5,7643,1293
2026-09-02T07:30:00+00:00,7642.75,7643.75,7641.5,7642.75,553
2026-09-02T07:35:00+00:00,7642.75,7643.25,7639.5,7639.75,587
2026-09-02T07:40:00+00:00,7640,7641.75,7638.25,7639,722
2026-09-02T07:45:00+00:00,7639,7640.25,7637.25,7637.5,819
2026-09-02T07:50:00+00:00,7637.5,7640,7635.25,7638.75,1151
2026-09-02T07:55:00+00:00,7638.75,7640.25,7637.5,7637.5,501
2026-09-02T08:00:00+00:00,7637.5,7643,7636.25,7642.5,1314
2026-09-02T08:05:00+00:00,7642.75,7643,7638,7640.25,1196
2026-09-02T08:10:00+00:00,7640.25,7642.5,7639.25,7640,683
2026-09-02T08:15:00+00:00,7640,7641.75,7637.75,7637.75,558
2026-09-02T08:20:00+00:00,7638,7638.5,7635.25,7636.5,769
2026-09-02T08:25:00+00:00,7636.25,7638.5,7635.5,7636.5,575
2026-09-02T08:30:00+00:00,7636.5,7639.25,7635.75,7636.25,944
2026-09-02T08:35:00+00:00,7636.25,7637.5,7634.5,7636.5,744
2026-09-02T08:40:00+00:00,7636.5,7637.5,7633.75,7634.5,669
2026-09-02T08:45:00+00:00,7634.5,7634.5,7632,7633,737
2026-09-02T08:50:00+00:00,7632.75,7633.25,7623.5,7624.25,3399
2026-09-02T08:55:00+00:00,7624.5,7627.75,7623,7626.5,1636
2026-09-02T09:00:00+00:00,7626.5,7631.25,7626,7630.25,1522
2026-09-02T09:05:00+00:00,7630.25,7633.25,7628.75,7629.5,1157
2026-09-02T09:10:00+00:00,7629.75,7630.75,7624,7624.5,1069
2026-09-02T09:15:00+00:00,7624.5,7628.5,7623.75,7628.25,1194
2026-09-02T09:20:00+00:00,7628,7628.25,7623.5,7624.25,960
2026-09-02T09:25:00+00:00,7624.75,7626.5,7623.75,7626,667
2026-09-02T09:30:00+00:00,7626,7626.25,7622,7622.75,1510
2026-09-02T09:35:00+00:00,7622.75,7624.5,7620.75,7623.25,1409
2026-09-02T09:40:00+00:00,7623.5,7624.75,7622.5,7623.25,503
2026-09-02T09:45:00+00:00,7623.25,7624.75,7622.5,7624.5,620
2026-09-02T09:50:00+00:00,7624.25,7625.25,7623.75,7624.25,535
2026-09-02T09:55:00+00:00,7624.25,7626,7624.25,7625.75,686
2026-09-02T10:00:00+00:00,7625.75,7626.5,7621.75,7622,1006
2026-09-02T10:05:00+00:00,7622,7622.75,7621.25,7621.75,632
2026-09-02T10:10:00+00:00,7621.75,7626,7621.5,7626,628
2026-09-02T10:15:00+00:00,7626,7626.75,7624.75,7625.5,619
2026-09-02T10:20:00+00:00,7625.25,7626,7624.5,7625.5,458
2026-09-02T10:25:00+00:00,7625.5,7628.25,7625.25,7627,1305
2026-09-02T10:30:00+00:00,7626.75,7627.25,7623.75,7625.5,1110
2026-09-02T10:35:00+00:00,7625.25,7626,7622.75,7623.25,694
2026-09-02T10:40:00+00:00,7623.25,7624,7622.75,7623.5,433
2026-09-02T10:45:00+00:00,7623.25,7625,7622.5,7625,799
2026-09-02T10:50:00+00:00,7625,7625,7621.75,7624,674
2026-09-02T10:55:00+00:00,7624.25,7627,7623.5,7627,884
2026-09-02T11:00:00+00:00,7626.75,7626.75,7618.5,7620,2793
2026-09-02T11:05:00+00:00,7620,7630.25,7619.25,7628.25,2979
2026-09-02T11:10:00+00:00,7628,7635.75,7626.25,7634.25,4102
2026-09-02T11:15:00+00:00,7634.25,7635.25,7629.5,7632.5,2567
2026-09-02T11:20:00+00:00,7632.75,7634.5,7631.5,7634.5,901
2026-09-02T11:25:00+00:00,7634.5,7638,7633.5,7636,1542
2026-09-02T11:30:00+00:00,7635.75,7641,7635,7640.75,1831
2026-09-02T11:35:00+00:00,7640.5,7641.75,7639.75,7640.25,1290
2026-09-02T11:40:00+00:00,7640.25,7640.5,7636.5,7637.75,1940
2026-09-02T11:45:00+00:00,7638,7639,7637.25,7637.75,802
2026-09-02T11:50:00+00:00,7637.75,7641.25,7637,7640,849
2026-09-02T11:55:00+00:00,7640,7646.5,7639.25,7646.25,2662
2026-09-02T12:00:00+00:00,7646,7648,7644.75,7647.5,2905
2026-09-02T12:05:00+00:00,7647.5,7651.25,7647,7647,3865
2026-09-02T12:10:00+00:00,7647.25,7653.75,7645.5,7653.5,3280
2026-09-02T12:15:00+00:00,7653.25,7653.5,7648.75,7649.25,2379
2026-09-02T12:20:00+00:00,7649.25,7659,7648.75,7653.25,7365
2026-09-02T12:25:00+00:00,7653.25,7654,7649.5,7650.25,2099
2026-09-02T12:30:00+00:00,7650,7650.75,7646.25,7647.5,2350
2026-09-02T12:35:00+00:00,7647.5,7648.25,7644.25,7645.75,1858
2026-09-02T12:40:00+00:00,7645.5,7646.75,7644.75,7645.25,949
2026-09-02T12:45:00+00:00,7645,7645.5,7643.5,7643.75,1494
2026-09-02T12:50:00+00:00,7643.75,7644.25,7640,7640.75,2545
2026-09-02T12:55:00+00:00,7640.75,7641.25,7639.25,7640,2350
2026-09-02T13:00:00+00:00,7640,7643.75,7639.75,7643,3438
2026-09-02T13:05:00+00:00,7643.25,7645.75,7643,7644.5,3122
2026-09-02T13:10:00+00:00,7644.25,7645.25,7642.75,7643.5,1660
2026-09-02T13:15:00+00:00,7643.75,7646.25,7642.75,7645.5,1742
2026-09-02T13:20:00+00:00,7645.5,7649.25,7644.75,7648.75,2508
2026-09-02T13:25:00+00:00,7648.75,7654.75,7647.75,7650.25,8275
2026-09-02T13:30:00+00:00,7650.5,7651.5,7643.5,7650,24551
2026-09-02T13:35:00+00:00,7650,7651,7643.25,7651,13883
2026-09-02T13:40:00+00:00,7651,7654.75,7648.5,7654.25,14111
2026-09-02T13:45:00+00:00,7654,7655.5,7645.75,7647,17264
2026-09-02T13:50:00+00:00,7647,7652.5,7646.5,7650.5,10937
2026-09-02T13:55:00+00:00,7650.5,7657.25,7647.5,7656.75,11769
2026-09-02T14:00:00+00:00,7657,7664,7654.75,7664,26169
2026-09-02T14:05:00+00:00,7664,7667.75,7662.5,7663.5,17232
2026-09-02T14:10:00+00:00,7663.5,7669.25,7662.75,7668.75,16223
2026-09-02T14:15:00+00:00,7668.75,7676.25,7667,7674.75,19757
2026-09-02T14:20:00+00:00,7675,7680,7673.75,7678.25,17514
2026-09-02T14:25:00+00:00,7678.5,7682.5,7676.75,7679.25,15005
2026-09-02T14:30:00+00:00,7679.25,7682.5,7675.75,7682.5,15310
2026-09-02T14:35:00+00:00,7682.5,7685.5,7681.25,7685.5,16060
2026-09-02T14:40:00+00:00,7685.5,7690,7684.25,7689.5,16276
2026-09-02T14:45:00+00:00,7689.75,7690,7682.75,7685,12004
2026-09-02T14:50:00+00:00,7685,7685,7679.75,7680.75,13557
2026-09-02T14:55:00+00:00,7680.5,7682.75,7678,7679.75,9189
2026-09-02T15:00:00+00:00,7679.75,7683,7677.5,7681,11693
2026-09-02T15:05:00+00:00,7681,7682.75,7678.25,7680.75,8097
2026-09-02T15:10:00+00:00,7680.75,7684.25,7678.25,7681.75,10905
2026-09-02T15:15:00+00:00,7681.75,7686.75,7680.25,7686.25,8730
2026-09-02T15:20:00+00:00,7686.25,7687,7683.25,7685,7658
2026-09-02T15:25:00+00:00,7685,7691,7685,7689.75,9992
2026-09-02T15:30:00+00:00,7689.75,7691.25,7686.5,7686.75,9118
2026-09-02T15:35:00+00:00,7686.5,7687.75,7684,7685,7136
2026-09-02T15:40:00+00:00,7685,7686.5,7682.5,7682.75,6000
2026-09-02T15:45:00+00:00,7682.75,7683,7676,7676.5,11291
2026-09-02T15:50:00+00:00,7676.5,7682.5,7676,7678.75,9962
2026-09-02T15:55:00+00:00,7679,7686,7677.75,7685.75,9354
2026-09-02T16:00:00+00:00,7685.5,7685.75,7681.75,7684.5,7173
2026-09-02T16:05:00+00:00,7684.5,7685.5,7682.5,7683.5,4430
2026-09-02T16:10:00+00:00,7683.75,7685,7682.5,7683.5,3994
2026-09-02T16:15:00+00:00,7683.25,7683.5,7679.5,7680.75,5785
2026-09-02T16:20:00+00:00,7680.5,7682,7676,7676,5701
2026-09-02T16:25:00+00:00,7676.25,7677.75,7673,7675,9534
2026-09-02T16:30:00+00:00,7674.5,7679.5,7674.5,7677.25,9478
2026-09-02T16:35:00+00:00,7677.25,7679,7676.25,7677,4779
2026-09-02T16:40:00+00:00,7677,7677.25,7673.25,7673.25,5356
2026-09-02T16:45:00+00:00,7673.25,7676,7673.25,7674.75,4841
2026-09-02T16:50:00+00:00,7674.75,7678.25,7673.25,7678.25,6379
2026-09-02T16:55:00+00:00,7678.25,7678.75,7675,7675.25,5279
2026-09-02T17:00:00+00:00,7675.25,7681.25,7675.25,7681,7388
2026-09-02T17:05:00+00:00,7681,7681.25,7672.25,7673.25,10645
2026-09-02T17:10:00+00:00,7673,7677.5,7673,7675.5,7565
2026-09-02T17:15:00+00:00,7675.5,7676,7671.5,7672.25,5814
2026-09-02T17:20:00+00:00,7672.5,7674.25,7670.75,7672.75,6675
2026-09-02T17:25:00+00:00,7672.75,7675,7672.25,7673.75,4859
2026-09-02T17:30:00+00:00,7673.75,7674.25,7670.25,7670.25,4733
2026-09-02T17:35:00+00:00,7670.25,7672.5,7670,7671,4312
2026-09-02T17:40:00+00:00,7671,7676,7670,7675.5,8607
2026-09-02T17:45:00+00:00,7675.75,7679.5,7675.5,7676.5,8395
2026-09-02T17:50:00+00:00,7676.75,7677.75,7674.75,7676.25,4675
2026-09-02T17:55:00+00:00,7676.25,7679.5,7673.75,7678.25,5787
2026-09-02T18:00:00+00:00,7678.25,7680,7673.75,7679.5,8643
2026-09-02T18:05:00+00:00,7679.25,7680.75,7677.25,7677.25,5615
2026-09-02T18:10:00+00:00,7677.5,7679.25,7677,7678.25,4828
2026-09-02T18:15:00+00:00,7678.25,7687.5,7677.75,7682.5,16855
2026-09-02T18:20:00+00:00,7682.5,7683.75,7680.25,7681.25,7256
2026-09-02T18:25:00+00:00,7681.25,7681.75,7678.5,7680,4581
2026-09-02T18:30:00+00:00,7680,7681.75,7679,7679.25,3751
2026-09-02T18:35:00+00:00,7679.5,7680.25,7674.25,7674.5,6191
2026-09-02T18:40:00+00:00,7674.5,7675.25,7672.75,7674,4740
2026-09-02T18:45:00+00:00,7673.75,7676.5,7672.25,7675.5,6824
2026-09-02T18:50:00+00:00,7675.5,7676.5,7673.25,7674.75,4710
2026-09-02T18:55:00+00:00,7674.75,7676.5,7673.25,7674.5,4182
2026-09-02T19:00:00+00:00,7674.5,7676,7673.25,7675.5,4124
2026-09-02T19:05:00+00:00,7675.25,7678.75,7675.25,7678.5,5000
2026-09-02T19:10:00+00:00,7678.75,7681.5,7678.75,7680.5,5254
2026-09-02T19:15:00+00:00,7680.5,7680.75,7678.5,7680.75,4274
2026-09-02T19:20:00+00:00,7680.75,7680.75,7677,7679,4506
2026-09-02T19:25:00+00:00,7678.75,7681.75,7678.25,7681,3727
2026-09-02T19:30:00+00:00,7681.25,7681.5,7677.75,7679.25,5331
2026-09-02T19:35:00+00:00,7679.5,7680,7677,7677,4808
2026-09-02T19:40:00+00:00,7677.25,7680.25,7676.75,7679.75,5124
2026-09-02T19:45:00+00:00,7679.75,7681.25,7678.25,7680.25,4985
2026-09-02T19:50:00+00:00,7680,7681,7676,7678.75,11452
2026-09-02T19:55:00+00:00,7678.75,7679.75,7674,7678.5,22713
2026-09-02T20:00:00+00:00,7678.5,7680.5,7677.25,7680.5,6779
2026-09-02T20:05:00+00:00,7680.5,7682.5,7679,7680.75,2928
2026-09-02T20:10:00+00:00,7680.75,7682,7680,7680.25,1191
2026-09-02T20:15:00+00:00,7680.25,7680.5,7667.25,7669.5,7785
2026-09-02T20:20:00+00:00,7669.5,7672.5,7669.25,7671.75,2421
2026-09-02T20:25:00+00:00,7671.75,7673.5,7671,7671,998
2026-09-02T20:30:00+00:00,7671,7671.75,7670,7671.5,803
2026-09-02T20:35:00+00:00,7671.25,7672,7670.25,7670.5,683
2026-09-02T20:40:00+00:00,7670.5,7672.25,7669.75,7669.75,1171
2026-09-02T20:45:00+00:00,7669.5,7672,7669.25,7671.5,1223
2026-09-02T20:50:00+00:00,7671.25,7672.5,7670.5,7672.25,670
2026-09-02T20:55:00+00:00,7672,7672.25,7668.75,7668.75,904
2026-09-02T22:00:00+00:00,7673.25,7674.75,7671.5,7673.5,0
2026-09-02T22:05:00+00:00,7673.5,7673.75,7672,7673.5,427
2026-09-02T22:10:00+00:00,7673.75,7677.75,7673.5,7677,879
2026-09-02T22:15:00+00:00,7677,7677.75,7675.75,7677.5,567
2026-09-02T22:20:00+00:00,7677.5,7680,7677,7679,686
2026-09-02T22:25:00+00:00,7679,7679.5,7677.5,7678.25,469
2026-09-02T22:30:00+00:00,7678,7678.5,7677.5,7678,240
2026-09-02T22:35:00+00:00,7677.75,7678.5,7677.25,7678.25,266
2026-09-02T22:40:00+00:00,7678.25,7679,7677.75,7678,315
2026-09-02T22:45:00+00:00,7678.25,7678.25,7676.5,7676.75,432
2026-09-02T22:50:00+00:00,7676.5,7677,7675.75,7676,384
2026-09-02T22:55:00+00:00,7675.75,7676.75,7675.75,7676.25,273
2026-09-02T23:00:00+00:00,7676.25,7678,7676,7677.25,581
2026-09-02T23:05:00+00:00,7677.25,7677.75,7676.25,7676.25,385
2026-09-02T23:10:00+00:00,7676.25,7677.25,7675.25,7675.25,537
2026-09-02T23:15:00+00:00,7675.25,7675.75,7674.75,7675,502
2026-09-02T23:20:00+00:00,7675.25,7676,7674.5,7675.5,709
2026-09-02T23:25:00+00:00,7675.5,7677,7675.5,7677,478
2026-09-02T23:30:00+00:00,7676.75,7678,7676.5,7677.25,510
2026-09-02T23:35:00+00:00,7677,7678,7676.25,7677.5,367
2026-09-02T23:40:00+00:00,7677.75,7678,7677.25,7677.75,381
2026-09-02T23:45:00+00:00,7678,7681.5,7677.75,7680,1781
2026-09-02T23:50:00+00:00,7680,7681.25,7679.75,7680.5,834
2026-09-02T23:55:00+00:00,7680.25,7681,7679.75,7679.75,394
2026-09-03T00:00:00+00:00,7679.75,7679.75,7676.25,7677.5,1652
2026-09-03T00:05:00+00:00,7677.5,7678,7675.25,7676.5,749
2026-09-03T00:10:00+00:00,7676.5,7677.75,7675,7675.75,752
2026-09-03T00:15:00+00:00,7675.75,7675.75,7672.5,7673.5,1368
2026-09-03T00:20:00+00:00,7673.25,7673.5,7671.75,7673.25,703
2026-09-03T00:25:00+00:00,7673,7674.25,7672.25,7673.5,609
2026-09-03T00:30:00+00:00,7673.25,7673.75,7672,7672.25,375
2026-09-03T00:35:00+00:00,7672.5,7674,7672.25,7673.25,410
2026-09-03T00:40:00+00:00,7673.5,7673.75,7672.25,7673,389
2026-09-03T00:45:00+00:00,7672.75,7673.75,7672.25,7673.5,228
2026-09-03T00:50:00+00:00,7673.5,7674,7673,7673.5,276
2026-09-03T00:55:00+00:00,7673.75,7674,7672.25,7672.75,274
2026-09-03T01:00:00+00:00,7672.5,7675,7672,7675,732
2026-09-03T01:05:00+00:00,7675,7677.25,7674.5,7676,1327
2026-09-03T01:10:00+00:00,7676,7677.25,7673.75,7676.5,856
2026-09-03T01:15:00+00:00,7676.5,7679.25,7676.5,7678.25,948
2026-09-03T01:20:00+00:00,7678.5,7679,7674.25,7674.5,995
2026-09-03T01:25:00+00:00,7674.5,7676.5,7673.25,7676.25,973
2026-09-03T01:30:00+00:00,7676.25,7679,7675.5,7679,1180
2026-09-03T01:35:00+00:00,7679,7679.5,7676.25,7677.25,873
2026-09-03T01:40:00+00:00,7677,7677.75,7675.25,7675.75,398
2026-09-03T01:45:00+00:00,7675.75,7677.25,7674,7677.25,758
2026-09-03T01:50:00+00:00,7677.25,7677.25,7673.75,7674.5,614
2026-09-03T01:55:00+00:00,7674.25,7674.75,7671.5,7671.75,893
2026-09-03T02:00:00+00:00,7671.75,7674,7671.25,7672.5,957
2026-09-03T02:05:00+00:00,7672.5,7675.75,7672.5,7675.75,951
2026-09-03T02:10:00+00:00,7675.75,7679,7675.75,7678.5,1552
2026-09-03T02:15:00+00:00,7678.75,7679.5,7677.5,7679.25,669
2026-09-03T02:20:00+00:00,7679,7679.25,7677.25,7677.5,611
2026-09-03T02:25:00+00:00,7677.5,7679,7676.75,7678.75,476
2026-09-03T02:30:00+00:00,7678.5,7680.5,7678.25,7679.5,728
2026-09-03T02:35:00+00:00,7679.5,7679.75,7677.75,7678.5,355
2026-09-03T02:40:00+00:00,7678.25,7678.5,7676.5,7677,394
2026-09-03T02:45:00+00:00,7677,7679.5,7676.25,7679.25,401
2026-09-03T02:50:00+00:00,7679.5,7679.75,7678.25,7678.5,356
2026-09-03T02:55:00+00:00,7678.5,7679,7678.25,7678.5,141
2026-09-03T03:00:00+00:00,7678.5,7680,7677.75,7679.75,337
2026-09-03T03:05:00+00:00,7679.75,7680,7678.75,7679,288
2026-09-03T03:10:00+00:00,7679.25,7680.5,7679.25,7680.25,387
2026-09-03T03:15:00+00:00,7680.25,7683.75,7680.25,7682.75,1388
2026-09-03T03:20:00+00:00,7682.75,7683,7680.5,7680.75,517
2026-09-03T03:25:00+00:00,7680.75,7682.25,7680.5,7681.25,391
2026-09-03T03:30:00+00:00,7681.25,7683,7681.25,7682,406
2026-09-03T03:35:00+00:00,7681.5,7682.5,7681,7682.25,220
2026-09-03T03:40:00+00:00,7682.5,7682.75,7681.75,7682.25,152
2026-09-03T03:45:00+00:00,7682,7682.75,7681,7682.25,393
2026-09-03T03:50:00+00:00,7682.25,7683.5,7682.25,7683.5,377
2026-09-03T03:55:00+00:00,7683.25,7683.5,7682,7682,277
2026-09-03T04:05:00+00:00,7683.5,7684,7683.25,7683.75,1061
2026-09-03T04:10:00+00:00,7684,7684.5,7682.75,7683,281
2026-09-03T04:15:00+00:00,7683.25,7684,7683,7683.5,153
2026-09-03T04:20:00+00:00,7683.25,7683.5,7682,7683.5,414
2026-09-03T04:25:00+00:00,7683.5,7683.75,7681.5,7681.75,244
2026-09-03T04:30:00+00:00,7681.75,7683.5,7681.75,7682.75,440
2026-09-03T04:35:00+00:00,7682.5,7683,7681.25,7681.75,313
2026-09-03T04:40:00+00:00,7682,7682,7680.5,7681,413
2026-09-03T04:45:00+00:00,7681.25,7682,7680.5,7681.25,234
2026-09-03T04:50:00+00:00,7681.25,7681.25,7680.5,7680.75,184
2026-09-03T04:55:00+00:00,7680.75,7680.75,7679.25,7679.75,495
2026-09-03T05:00:00+00:00,7679.75,7679.75,7676,7676,1216
2026-09-03T05:05:00+00:00,7676,7676,7672.25,7673,1588
2026-09-03T05:10:00+00:00,7673,7673.75,7670.75,7672,1211
2026-09-03T05:15:00+00:00,7671.75,7672,7665.75,7666.25,2672
2026-09-03T05:20:00+00:00,7666.25,7666.75,7661.25,7663.75,2599
2026-09-03T05:25:00+00:00,7663.75,7665.75,7661.5,7665.25,2265
2026-09-03T05:30:00+00:00,7664.75,7671.25,7664.5,7671,1949
2026-09-03T05:35:00+00:00,7671,7671.75,7668,7670.5,1238
2026-09-03T05:40:00+00:00,7670.5,7672,7668.25,7670.75,1003
2026-09-03T05:45:00+00:00,7670.75,7675.25,7669,7675.25,1562
2026-09-03T05:50:00+00:00,7675.5,7678.5,7674.5,7676,1486
2026-09-03T05:55:00+00:00,7675.75,7679,7675.75,7679,638
2026-09-03T06:00:00+00:00,7678.75,7679.5,7676.5,7678.75,934
2026-09-03T06:05:00+00:00,7678.5,7680.75,7677.5,7677.5,727
2026-09-03T06:10:00+00:00,7677.5,7677.5,7675.5,7677,660
2026-09-03T06:15:00+00:00,7677.25,7678.75,7676.75,7677.5,440
2026-09-03T06:20:00+00:00,7677.25,7678,7675,7675,433
2026-09-03T06:25:00+00:00,7675.25,7677,7675,7676.75,520
2026-09-03T06:30:00+00:00,7676.5,7677.75,7674.5,7676.25,1111
2026-09-03T06:35:00+00:00,7676.25,7677.5,7674.25,7676,456
2026-09-03T06:40:00+00:00,7675.75,7677,7675.5,7676,182
2026-09-03T06:45:00+00:00,7676,7676.5,7674.25,7675.25,333
2026-09-03T06:50:00+00:00,7675,7675,7673.75,7673.75,378
2026-09-03T06:55:00+00:00,7674,7674.75,7672,7674.25,882
2026-09-03T07:00:00+00:00,7674.25,7679.75,7672,7679.5,1515
2026-09-03T07:05:00+00:00,7679.5,7683.75,7677.5,7678.5,1760
2026-09-03T07:10:00+00:00,7678.25,7680,7676.75,7679.5,597
2026-09-03T07:15:00+00:00,7679.5,7680,7677.75,7679.5,477
2026-09-03T07:20:00+00:00,7679,7680.5,7678.75,7679.75,336
2026-09-03T07:25:00+00:00,7679.75,7680,7674.75,7678.75,1040
2026-09-03T07:30:00+00:00,7678.5,7681.5,7677.75,7681.5,702
2026-09-03T07:35:00+00:00,7681.5,7684,7679.5,7683.5,818
2026-09-03T07:40:00+00:00,7683.75,7686.25,7682.75,7684.75,1260
2026-09-03T07:45:00+00:00,7685,7685,7677.75,7678,1207
2026-09-03T07:50:00+00:00,7678.25,7683.5,7676.25,7683,1084
2026-09-03T07:55:00+00:00,7683,7684.25,7681.25,7682.75,489
2026-09-03T08:00:00+00:00,7683,7691.75,7681.5,7688.25,6230
2026-09-03T08:05:00+00:00,7688.25,7694.5,7685.5,7686,3770
2026-09-03T08:10:00+00:00,7686.25,7689.75,7686,7687.25,1063
2026-09-03T08:15:00+00:00,7687.25,7687.5,7685,7687.5,778
2026-09-03T08:20:00+00:00,7687.25,7688.75,7686,7687.25,607
2026-09-03T08:25:00+00:00,7687,7690.25,7686.75,7689.25,681
2026-09-03T08:30:00+00:00,7689.25,7689.25,7687,7687.5,480
2026-09-03T08:35:00+00:00,7687.5,7688.75,7685.5,7685.75,455
2026-09-03T08:40:00+00:00,7685.5,7687.5,7685.5,7685.75,361
2026-09-03T08:45:00+00:00,7685.75,7687,7685,7686.75,333
2026-09-03T08:50:00+00:00,7686.5,7686.75,7683.75,7684.75,531
2026-09-03T08:55:00+00:00,7684.5,7684.75,7683.25,7683.5,479
2026-09-03T09:00:00+00:00,7683.5,7685.5,7683.25,7685,631
2026-09-03T09:05:00+00:00,7685,7685.5,7683.5,7684.75,337
2026-09-03T09:10:00+00:00,7685,7686.75,7684.75,7686.5,627
2026-09-03T09:15:00+00:00,7686.5,7686.75,7684,7684.75,354
2026-09-03T09:20:00+00:00,7685,7685.5,7683,7684.25,508
2026-09-03T09:25:00+00:00,7684,7684.5,7682.25,7682.25,440
2026-09-03T09:30:00+00:00,7682.5,7683.5,7680.75,7682.25,723
2026-09-03T09:35:00+00:00,7681.75,7682,7680,7680.5,506
2026-09-03T09:40:00+00:00,7680.5,7680.75,7679,7680,423
2026-09-03T09:45:00+00:00,7680,7680,7675.75,7677,1203
2026-09-03T09:50:00+00:00,7677,7678.25,7675.5,7675.5,682
2026-09-03T09:55:00+00:00,7675.5,7676,7672,7673.75,1357
2026-09-03T10:00:00+00:00,7673.75,7677,7673.5,7675.75,1008
2026-09-03T10:05:00+00:00,7676,7677.25,7674.25,7674.5,718
2026-09-03T10:10:00+00:00,7674.25,7675.25,7671.5,7672.25,1250
2026-09-03T10:15:00+00:00,7672.25,7674,7671.5,7673,788
2026-09-03T10:20:00+00:00,7672.5,7672.75,7670.75,7670.75,646
2026-09-03T10:25:00+00:00,7670.75,7672,7669.75,7671.25,657
2026-09-03T10:30:00+00:00,7671.5,7673.5,7670.5,7671.25,857
2026-09-03T10:35:00+00:00,7671.25,7672,7669,7671.5,727
2026-09-03T10:40:00+00:00,7671.5,7673.5,7671,7673,497
2026-09-03T10:45:00+00:00,7672.75,7673,7669.25,7669.5,566
2026-09-03T10:50:00+00:00,7669.5,7672.75,7669.25,7672.5,461
2026-09-03T10:55:00+00:00,7672.5,7673.25,7670.5,7673.25,739
2026-09-03T11:00:00+00:00,7673.25,7675.75,7670.25,7675.75,1598
2026-09-03T11:05:00+00:00,7675.75,7682,7675,7680.75,2112
2026-09-03T11:10:00+00:00,7680.75,7681.75,7679.5,7681,784
2026-09-03T11:15:00+00:00,7681,7685.5,7680.75,7682.25,1612
2026-09-03T11:20:00+00:00,7682.25,7684.25,7680.5,7684.25,714
2026-09-03T11:25:00+00:00,7684,7684.75,7681,7682.25,691
2026-09-03T11:30:00+00:00,7682.75,7684,7671.75,7682.25,4553
2026-09-03T11:35:00+00:00,7682.5,7682.75,7679,7679,634
2026-09-03T11:40:00+00:00,7679,7680,7677.25,7678.5,799
2026-09-03T11:45:00+00:00,7678.5,7679,7672.75,7673.25,1267
2026-09-03T11:50:00+00:00,7673.25,7674.75,7672.75,7673.5,1000
2026-09-03T11:55:00+00:00,7673.25,7675.5,7672.75,7673.5,917
2026-09-03T12:00:00+00:00,7673.75,7677.5,7673.75,7677.25,2067
2026-09-03T12:05:00+00:00,7677,7678.5,7676.25,7678.25,731
2026-09-03T12:10:00+00:00,7678,7681,7676.25,7677,1415
2026-09-03T12:15:00+00:00,7677.25,7678.25,7675,7675.5,1387
2026-09-03T12:20:00+00:00,7675.75,7681,7674.25,7680,1472
2026-09-03T12:25:00+00:00,7680,7683,7678.75,7681,1437
2026-09-03T12:30:00+00:00,7681.25,7700,7680.5,7693,7916
2026-09-03T12:35:00+00:00,7693.25,7693.5,7688.5,7692.5,2775
2026-09-03T12:40:00+00:00,7692.25,7693.25,7689,7690.75,1622
2026-09-03T12:45:00+00:00,7691,7694,7690.25,7693.5,1507
2026-09-03T12:50:00+00:00,7693.5,7700.25,7693.25,7699.25,3246
2026-09-03T12:55:00+00:00,7699.5,7703.75,7699.25,7701.25,4240
2026-09-03T13:00:00+00:00,7701.25,7701.5,7695.25,7697.25,4592
2026-09-03T13:05:00+00:00,7697.25,7699.25,7694,7696,3207
2026-09-03T13:10:00+00:00,7696.25,7703.75,7695.75,7702.25,3211
2026-09-03T13:15:00+00:00,7702.25,7703.75,7697.25,7697.5,3444
2026-09-03T13:20:00+00:00,7697.5,7701,7697,7701,3057
2026-09-03T13:25:00+00:00,7700.75,7706.25,7699.25,7704,6174
2026-09-03T13:30:00+00:00,7704.25,7718,7704.25,7715.25,28022
2026-09-03T13:35:00+00:00,7715,7723.75,7710.5,7723,25653
2026-09-03T13:40:00+00:00,7722.75,7724.5,7719,7723.75,14892
2026-09-03T13:45:00+00:00,7723.5,7725.5,7720,7722.25,15315
2026-09-03T13:50:00+00:00,7722.5,7726.5,7719,7721.75,15336
2026-09-03T13:55:00+00:00,7721.75,7723,7717,7722,12100
2026-09-03T14:00:00+00:00,7722,7722,7706.5,7706.75,25485
2026-09-03T14:05:00+00:00,7706.75,7709,7701.25,7703.25,20727
2026-09-03T14:10:00+00:00,7703.5,7709.5,7700.5,7709.25,17547
2026-09-03T14:15:00+00:00,7709.25,7714.5,7707.5,7714,15707
2026-09-03T14:20:00+00:00,7714,7716.25,7710.5,7714,12376
2026-09-03T14:25:00+00:00,7714,7715.25,7710.25,7712,9645
2026-09-03T14:30:00+00:00,7712.25,7715.5,7703.75,7704.25,16005
2026-09-03T14:35:00+00:00,7704.25,7710.75,7703.75,7707,10769
2026-09-03T14:40:00+00:00,7707.25,7712.25,7705.75,7707.5,11476
2026-09-03T14:45:00+00:00,7707,7713.5,7705.5,7713,10570
2026-09-03T14:50:00+00:00,7713,7714,7707.5,7711.75,10965
2026-09-03T14:55:00+00:00,7711.75,7719,7698.25,7718,23118
2026-09-03T15:00:00+00:00,7718.25,7730.5,7718,7730.25,22283
2026-09-03T15:05:00+00:00,7730.25,7734.75,7730,7733,19477
2026-09-03T15:10:00+00:00,7733.25,7741.5,7732.5,7741.5,15160
2026-09-03T15:15:00+00:00,7741.5,7746.75,7740.75,7746.25,14971
2026-09-03T15:20:00+00:00,7746.25,7748.5,7740.75,7746.75,14586
2026-09-03T15:25:00+00:00,7746.75,7756,7746.25,7755.75,15178
2026-09-03T15:30:00+00:00,7755.75,7758.5,7752.5,7755,15748
2026-09-03T15:35:00+00:00,7755,7756,7750.25,7750.75,10652
2026-09-03T15:40:00+00:00,7751,7754.5,7749,7752,8978
2026-09-03T15:45:00+00:00,7752.25,7756.25,7752,7755.75,7099
2026-09-03T15:50:00+00:00,7755.5,7759,7755.5,7757.75,8272
2026-09-03T15:55:00+00:00,7757.5,7759.75,7755.75,7759.5,6526
2026-09-03T16:00:00+00:00,7759.5,7759.5,7753.75,7754,9037
2026-09-03T16:05:00+00:00,7754,7755,7750.75,7751.25,7824
2026-09-03T16:10:00+00:00,7751,7753,7749.75,7753,6358
2026-09-03T16:15:00+00:00,7752.75,7754.75,7751.25,7753.25,4909
2026-09-03T16:20:00+00:00,7753.25,7754,7750.5,7751,4314
2026-09-03T16:25:00+00:00,7751,7751.25,7748,7750.5,6494
2026-09-03T16:30:00+00:00,7750.25,7752,7748.75,7750.5,5647
2026-09-03T16:35:00+00:00,7750.5,7756.5,7749.5,7755.5,8731
2026-09-03T16:40:00+00:00,7755.75,7758.25,7755.25,7757.5,5406
2026-09-03T16:45:00+00:00,7757.25,7758.25,7756,7757,5250
2026-09-03T16:50:00+00:00,7757,7757.25,7753.25,7754.25,5460
2026-09-03T16:55:00+00:00,7754.25,7756.25,7753.25,7754.75,3688
2026-09-03T17:00:00+00:00,7755,7756,7752.5,7753.75,3524
2026-09-03T17:05:00+00:00,7754,7755,7750,7750,4422
2026-09-03T17:10:00+00:00,7750,7751,7749,7750.25,4019
2026-09-03T17:15:00+00:00,7750.25,7751.5,7749,7749.25,3302
2026-09-03T17:20:00+00:00,7749.25,7749.25,7747,7748.5,5176
2026-09-03T17:25:00+00:00,7748.5,7752.75,7748.5,7752.5,4986
2026-09-03T17:30:00+00:00,7752.5,7755.25,7752.25,7754.25,4792
2026-09-03T17:35:00+00:00,7754.5,7757.25,7754,7756,4696
2026-09-03T17:40:00+00:00,7756,7757.75,7755.75,7756.25,3286
2026-09-03T17:45:00+00:00,7756.5,7757.75,7754.5,7756,4365
2026-09-03T17:50:00+00:00,7756,7761,7755.25,7759.75,7804
2026-09-03T17:55:00+00:00,7760,7760.75,7758.25,7758.25,0
2026-09-03T18:00:00+00:00,7761,7765.75,7761,7763.75,784478
2026-09-03T18:05:00+00:00,7763.75,7765.25,7762.5,7763.75,5403
2026-09-03T18:10:00+00:00,7764,7765.25,7763,7764,4457
2026-09-03T18:15:00+00:00,7764.25,7766.25,7762.25,7763,6665
2026-09-03T18:20:00+00:00,7763.25,7764,7761.25,7763.25,4022
2026-09-03T18:25:00+00:00,7763.25,7764.5,7762.25,7763.25,3227
2026-09-03T18:30:00+00:00,7763.25,7764.75,7761.25,7764.5,3721
2026-09-03T18:35:00+00:00,7764.25,7765,7763.5,7764,2306
2026-09-03T18:40:00+00:00,7763.75,7764,7761,7761.75,3744
2026-09-03T18:45:00+00:00,7761.75,7763.75,7761.5,7763.5,3461
2026-09-03T18:50:00+00:00,7763.5,7764.25,7761.25,7762,3132
2026-09-03T18:55:00+00:00,7762,7762.75,7760,7762.5,4496
2026-09-03T19:00:00+00:00,7762.5,7763,7760,7761.5,3321
2026-09-03T19:05:00+00:00,7761.75,7762.75,7760.5,7761.5,2940
2026-09-03T19:10:00+00:00,7761.5,7762.25,7758.75,7759.5,4341
2026-09-03T19:15:00+00:00,7759.5,7761.75,7758.5,7761.5,4918
2026-09-03T19:20:00+00:00,7761.75,7761.75,7756.75,7757.5,6389
2026-09-03T19:25:00+00:00,7757.5,7759.75,7757,7759.75,4898
2026-09-03T19:30:00+00:00,7759.75,7761,7758,7758.5,6147
2026-09-03T19:35:00+00:00,7758.5,7761,7758.25,7759.75,3926
2026-09-03T19:40:00+00:00,7759.75,7760.75,7757.25,7757.75,5721
2026-09-03T19:45:00+00:00,7757.75,7759.5,7756.5,7758,6560
2026-09-03T19:50:00+00:00,7757.75,7759,7755.75,7757.5,11285
2026-09-03T19:55:00+00:00,7757.5,7757.75,7752,7756.25,30640
2026-09-03T20:00:00+00:00,7756.25,7757,7751,7753,8311
2026-09-03T20:05:00+00:00,7753,7754.75,7752,7753.75,2588
2026-09-03T20:10:00+00:00,7753.75,7754.25,7752.5,7753.5,1445
2026-09-03T20:15:00+00:00,7753.5,7753.75,7750.5,7750.5,1471
2026-09-03T20:20:00+00:00,7750.5,7751.5,7750,7750.25,1046
2026-09-03T20:25:00+00:00,7750.25,7751.25,7750.25,7750.5,714
2026-09-03T20:30:00+00:00,7750.5,7751.25,7750,7751,579
2026-09-03T20:35:00+00:00,7751,7752,7750.75,7751,742
2026-09-03T20:40:00+00:00,7750.75,7751.75,7750.5,7750.5,837
2026-09-03T20:45:00+00:00,7750.75,7751,7749.25,7749.5,1282
2026-09-03T20:50:00+00:00,7749.5,7749.5,7748.25,7749.25,1428
2026-09-03T20:55:00+00:00,7749.5,7750,7748.75,7749.5,880
2026-09-03T22:00:00+00:00,7750,7751.75,7749,7750,0
2026-09-03T22:05:00+00:00,7750,7750.5,7748.5,7748.5,437
2026-09-03T22:10:00+00:00,7748.5,7750.25,7748.25,7749.5,424
2026-09-03T22:15:00+00:00,7749.25,7751.75,7749.25,7751,514
2026-09-03T22:20:00+00:00,7751,7751.25,7750.25,7750.5,213
2026-09-03T22:25:00+00:00,7750.5,7751.25,7750,7751,239
2026-09-03T22:30:00+00:00,7750.75,7752.5,7750.5,7752,500
2026-09-03T22:35:00+00:00,7752.25,7752.5,7751.5,7752,285
2026-09-03T22:40:00+00:00,7752,7752,7751,7751.5,168
2026-09-03T22:45:00+00:00,7751.75,7752.25,7751.5,7751.75,213
2026-09-03T22:50:00+00:00,7751.75,7752.75,7751.75,7752,192
2026-09-03T22:55:00+00:00,7752.25,7753.25,7752,7753,427
2026-09-03T23:00:00+00:00,7753,7753.75,7752.25,7753.25,348
2026-09-03T23:05:00+00:00,7753.25,7753.75,7752.25,7753.75,267
2026-09-03T23:10:00+00:00,7753.75,7753.75,7752.25,7752.25,319
2026-09-03T23:15:00+00:00,7752.5,7752.75,7751.25,7752.75,556
2026-09-03T23:20:00+00:00,7752.75,7752.75,7752,7752.5,175
2026-09-03T23:25:00+00:00,7752.5,7753.25,7752.25,7752.75,189
2026-09-03T23:30:00+00:00,7752.75,7753,7751.75,7752.5,303
2026-09-03T23:35:00+00:00,7752.5,7752.75,7752,7752.5,139
2026-09-03T23:40:00+00:00,7752.75,7753.5,7752.5,7752.75,328
2026-09-03T23:45:00+00:00,7752.75,7754,7752.5,7753.5,441
2026-09-03T23:50:00+00:00,7753.5,7754,7752,7752.25,428
2026-09-03T23:55:00+00:00,7752.5,7753.25,7752.25,7752.75,257
2026-09-04T00:00:00+00:00,7752.5,7752.5,7750.5,7752.5,1238
2026-09-04T00:05:00+00:00,7752.5,7753.5,7751.5,7753,615
2026-09-04T00:10:00+00:00,7752.5,7753.25,7751.5,7752,457
2026-09-04T00:15:00+00:00,7752.25,7753.5,7751.5,7753.5,495
2026-09-04T00:20:00+00:00,7753.75,7755,7753.25,7754.5,775
2026-09-04T00:25:00+00:00,7754.75,7754.75,7753,7754.25,590
2026-09-04T00:30:00+00:00,7754,7754.75,7753.75,7754.5,410
2026-09-04T00:35:00+00:00,7754.25,7755,7753.5,7755,387
2026-09-04T00:40:00+00:00,7754.75,7755,7754.25,7754.75,467
2026-09-04T00:45:00+00:00,7755,7756,7754.5,7756,609
2026-09-04T00:50:00+00:00,7755.75,7757.25,7755.75,7756.75,698
2026-09-04T00:55:00+00:00,7756.5,7756.5,7755.75,7756.25,310
2026-09-04T01:00:00+00:00,7756,7756,7753.75,7754.75,1063
2026-09-04T01:05:00+00:00,7754.75,7755.5,7754.25,7754.75,349
2026-09-04T01:10:00+00:00,7754.75,7755.5,7753.5,7754,360
2026-09-04T01:15:00+00:00,7753.75,7754.75,7752.75,7754.25,574
2026-09-04T01:20:00+00:00,7754.5,7756.5,7754.5,7755.75,635
2026-09-04T01:25:00+00:00,7756,7756.5,7755,7756,464
2026-09-04T01:30:00+00:00,7756,7756.25,7755.5,7756.25,441
2026-09-04T01:35:00+00:00,7756.25,7757.25,7755.5,7755.5,562
2026-09-04T01:40:00+00:00,7755.75,7756.75,7755.25,7756.75,421
2026-09-04T01:45:00+00:00,7756.5,7756.5,7755,7755.25,237
2026-09-04T01:50:00+00:00,7755.25,7755.5,7754.25,7754.75,335
2026-09-04T01:55:00+00:00,7754.5,7756.5,7753.75,7756.5,498
2026-09-04T02:00:00+00:00,7756.75,7756.75,7755,7755.75,360
2026-09-04T02:05:00+00:00,7755.75,7756.75,7755.5,7756.5,151
2026-09-04T02:10:00+00:00,7756.5,7757.5,7756.5,7757,372
2026-09-04T02:15:00+00:00,7756.75,7757.25,7756.25,7757.25,300
2026-09-04T02:20:00+00:00,7757.25,7757.5,7756.25,7757.25,201
2026-09-04T02:25:00+00:00,7757.5,7757.75,7757,7757.5,230
2026-09-04T02:30:00+00:00,7757.5,7758.75,7756.5,7756.5,801
2026-09-04T02:35:00+00:00,7756.5,7757.25,7755.75,7757,433
2026-09-04T02:40:00+00:00,7757.25,7757.5,7756.25,7756.5,215
2026-09-04T02:45:00+00:00,7756.25,7757.5,7756,7757.5,265
2026-09-04T02:50:00+00:00,7757.5,7758.5,7757.25,7758.5,314
2026-09-04T02:55:00+00:00,7758.5,7758.5,7758,7758.25,217
2026-09-04T03:00:00+00:00,7758.25,7758.25,7757.5,7757.75,142
2026-09-04T03:05:00+00:00,7757.75,7757.75,7757.25,7757.5,99
2026-09-04T03:10:00+00:00,7757.5,7757.5,7756.75,7757.5,212
2026-09-04T03:15:00+00:00,7757.25,7758.75,7757.25,7758.5,298
2026-09-04T03:20:00+00:00,7758.75,7759.25,7757.5,7758,366
2026-09-04T03:25:00+00:00,7757.75,7758.25,7757.5,7757.75,160
2026-09-04T03:30:00+00:00,7758,7758.75,7758,7758.75,333
2026-09-04T03:35:00+00:00,7758.5,7759.25,7758.5,7759,205
2026-09-04T03:40:00+00:00,7759,7759,7757.75,7757.75,151
2026-09-04T03:45:00+00:00,7757.75,7758.25,7757,7757.75,307
2026-09-04T03:50:00+00:00,7757.75,7758.25,7757.5,7757.75,210
2026-09-04T03:55:00+00:00,7757.75,7758.25,7757.75,7758,73
2026-09-04T04:05:00+00:00,7757,7757.5,7757,7757.5,658
2026-09-04T04:10:00+00:00,7757.5,7758.75,7757.25,7758.75,377
2026-09-04T04:15:00+00:00,7758.75,7758.75,7757.5,7757.75,219
2026-09-04T04:20:00+00:00,7758,7759.75,7757.75,7759.75,440
2026-09-04T04:25:00+00:00,7759.5,7761.25,7759,7760.75,868
2026-09-04T04:30:00+00:00,7760.75,7761.75,7760.5,7761.75,685
2026-09-04T04:35:00+00:00,7761.25,7761.5,7760,7760.25,278
2026-09-04T04:40:00+00:00,7760.25,7760.25,7759.75,7760,228
2026-09-04T04:45:00+00:00,7760.25,7760.5,7759.75,7759.75,178
2026-09-04T04:50:00+00:00,7759.5,7760.5,7759.5,7760.5,119
2026-09-04T04:55:00+00:00,7760.5,7761.5,7760.25,7761.25,248
2026-09-04T05:00:00+00:00,7761.25,7761.75,7760.5,7761.5,238
2026-09-04T05:05:00+00:00,7761.5,7762.75,7761.25,7762.25,508
2026-09-04T05:10:00+00:00,7762.25,7763.25,7761.75,7763,362
2026-09-04T05:15:00+00:00,7762.75,7764.25,7762.75,7764.25,448
2026-09-04T05:20:00+00:00,7764.25,7764.25,7763,7763.75,498
2026-09-04T05:25:00+00:00,7763.75,7764,7762.25,7762.75,238
2026-09-04T05:30:00+00:00,7762.5,7763.5,7762,7763.5,258
2026-09-04T05:35:00+00:00,7763.5,7763.75,7762.5,7763.25,301
2026-09-04T05:40:00+00:00,7763.5,7763.5,7762,7762.25,388
2026-09-04T05:45:00+00:00,7762.5,7763,7761.25,7761.25,264
2026-09-04T05:50:00+00:00,7761,7761,7759.5,7760.25,566
2026-09-04T05:55:00+00:00,7760,7761.75,7759.75,7761.5,378
2026-09-04T06:00:00+00:00,7761.25,7762.25,7760.5,7761,575
2026-09-04T06:05:00+00:00,7761.25,7762,7760.75,7761.5,209
2026-09-04T06:10:00+00:00,7761.5,7763.75,7761.5,7763.5,391
2026-09-04T06:15:00+00:00,7763.5,7763.75,7760.75,7762,437
2026-09-04T06:20:00+00:00,7762,7763.5,7762,7763,553
2026-09-04T06:25:00+00:00,7762.75,7764,7762.5,7762.75,267
2026-09-04T06:30:00+00:00,7762.5,7762.75,7760,7760.25,530
2026-09-04T06:35:00+00:00,7760.5,7760.75,7759.25,7759.75,522
2026-09-04T06:40:00+00:00,7759.75,7760.75,7759,7759.5,302
2026-09-04T06:45:00+00:00,7759.5,7759.75,7757.25,7757.75,593
2026-09-04T06:50:00+00:00,7757.5,7757.75,7756,7756.5,565
2026-09-04T06:55:00+00:00,7756.5,7756.75,7755.25,7755.75,371
2026-09-04T07:00:00+00:00,7755.75,7757,7755,7756.5,1058
2026-09-04T07:05:00+00:00,7756.25,7757.75,7755,7757.5,842
2026-09-04T07:10:00+00:00,7757.5,7759.25,7757.25,7758.25,890
2026-09-04T07:15:00+00:00,7758.25,7759.25,7756.25,7759,570
2026-09-04T07:20:00+00:00,7759.25,7759.5,7757.75,7758.25,352
2026-09-04T07:25:00+00:00,7758.25,7759.75,7756.75,7759.75,466
2026-09-04T07:30:00+00:00,7759.75,7761.5,7759.5,7761.25,636
2026-09-04T07:35:00+00:00,7761.25,7761.25,7759.25,7760.5,493
2026-09-04T07:40:00+00:00,7761,7762.75,7760.75,7761.75,579
2026-09-04T07:45:00+00:00,7762,7763,7761.75,7762.75,447
2026-09-04T07:50:00+00:00,7762.75,7763,7760,7760.25,585
2026-09-04T07:55:00+00:00,7760.25,7760.5,7758.75,7760.25,706
2026-09-04T08:00:00+00:00,7760,7761.25,7758.5,7759,866
2026-09-04T08:05:00+00:00,7759,7760.5,7758.25,7758.75,556
2026-09-04T08:10:00+00:00,7758.75,7761,7758.5,7759.5,753
2026-09-04T08:15:00+00:00,7759.5,7760.25,7759,7759.5,341
2026-09-04T08:20:00+00:00,7759.75,7760.75,7759.25,7759.25,454
2026-09-04T08:25:00+00:00,7759.5,7762,7759,7761.5,559
2026-09-04T08:30:00+00:00,7761.5,7762,7760.25,7760.5,451
2026-09-04T08:35:00+00:00,7760.5,7761.25,7759,7759.75,403
2026-09-04T08:40:00+00:00,7760,7761,7759.75,7761,350
2026-09-04T08:45:00+00:00,7761,7761.75,7759.75,7760.25,488
2026-09-04T08:50:00+00:00,7760.25,7762,7759.75,7761.5,346
2026-09-04T08:55:00+00:00,7761.75,7763,7761.25,7762.25,561
2026-09-04T09:00:00+00:00,7761.75,7762.5,7760.75,7761.75,287
2026-09-04T09:05:00+00:00,7761.5,7761.75,7760,7760.25,458
2026-09-04T09:10:00+00:00,7760.5,7760.75,7757.75,7758,1015
2026-09-04T09:15:00+00:00,7758,7759,7757.5,7758.75,444
2026-09-04T09:20:00+00:00,7758.75,7758.75,7755.25,7756,734
2026-09-04T09:25:00+00:00,7755.75,7757,7755.5,7756.5,440
2026-09-04T09:30:00+00:00,7756.25,7757.5,7755.75,7756.75,349
2026-09-04T09:35:00+00:00,7756.75,7757.75,7756.75,7757.5,239
2026-09-04T09:40:00+00:00,7757.75,7759,7757.5,7757.75,471
2026-09-04T09:45:00+00:00,7757.75,7758.75,7757.75,7758.25,289
2026-09-04T09:50:00+00:00,7758.25,7759,7757.5,7758.25,219
2026-09-04T09:55:00+00:00,7758,7759.5,7757.5,7758.25,575
2026-09-04T10:00:00+00:00,7758.25,7759.25,7758.25,7759,294
2026-09-04T10:05:00+00:00,7759,7759.5,7758.5,7759.25,309
2026-09-04T10:10:00+00:00,7759.5,7760.5,7758.75,7760,491
2026-09-04T10:15:00+00:00,7759.75,7760.5,7759.25,7760.25,333
2026-09-04T10:20:00+00:00,7760,7760.25,7759.5,7760.25,230
2026-09-04T10:25:00+00:00,7760.25,7763.25,7760,7761.25,1756
2026-09-04T10:30:00+00:00,7761.25,7761.25,7759.25,7759.5,698
2026-09-04T10:35:00+00:00,7759.5,7760.75,7759,7760.75,709
2026-09-04T10:40:00+00:00,7760.5,7762,7759.75,7761.25,611
2026-09-04T10:45:00+00:00,7761.25,7763.75,7761,7762,1001
2026-09-04T10:50:00+00:00,7762.5,7762.75,7761.5,7762,296
2026-09-04T10:55:00+00:00,7762.25,7762.25,7761.25,7761.75,246
2026-09-04T11:00:00+00:00,7761.75,7762.25,7757.5,7758.5,1015
2026-09-04T11:05:00+00:00,7758.5,7759.5,7757.75,7757.75,453
2026-09-04T11:10:00+00:00,7757.75,7758.75,7757,7758.5,437
2026-09-04T11:15:00+00:00,7758.5,7759.5,7758.25,7758.75,464
2026-09-04T11:20:00+00:00,7758.75,7759.5,7758.5,7759.25,352
2026-09-04T11:25:00+00:00,7758.75,7760.5,7758.5,7758.5,516
2026-09-04T11:30:00+00:00,7758.75,7761,7758.5,7759.75,528
2026-09-04T11:35:00+00:00,7759.75,7760.5,7759.5,7759.75,305
2026-09-04T11:40:00+00:00,7759.75,7761,7759.5,7760.5,449
2026-09-04T11:45:00+00:00,7760.5,7762,7760.25,7761.5,731
2026-09-04T11:50:00+00:00,7761.5,7762.25,7761,7762.25,439
2026-09-04T11:55:00+00:00,7762,7764,7761.5,7762.25,892
2026-09-04T12:00:00+00:00,7762,7763,7754.5,7755,3193
2026-09-04T12:05:00+00:00,7754.75,7757,7750.75,7755,4042
2026-09-04T12:10:00+00:00,7755.25,7756,7749.5,7750.25,3177
2026-09-04T12:15:00+00:00,7750.25,7753.25,7748.25,7753.25,2961
2026-09-04T12:20:00+00:00,7753,7755.75,7752.75,7755.75,2094
2026-09-04T12:25:00+00:00,7755.5,7763.25,7754.5,7759,2478
2026-09-04T12:30:00+00:00,7759.75,7761.25,7732.75,7737.75,13034
2026-09-04T12:35:00+00:00,7738,7743,7736.75,7740.25,4794
2026-09-04T12:40:00+00:00,7740.5,7744.25,7739,7739.5,3057
2026-09-04T12:45:00+00:00,7739.5,7739.75,7731.25,7735,5444
2026-09-04T12:50:00+00:00,7734.5,7740.5,7734.25,7736.5,5633
2026-09-04T12:55:00+00:00,7736.75,7739.25,7734.75,7738.25,3337
2026-09-04T13:00:00+00:00,7738.25,7738.5,7734.25,7736.25,6193
2026-09-04T13:05:00+00:00,7736.25,7739.5,7735.25,7736.5,2969
2026-09-04T13:10:00+00:00,7736.5,7739,7735.25,7738.5,2494
2026-09-04T13:15:00+00:00,7738.5,7741.5,7738,7739.75,3527
2026-09-04T13:20:00+00:00,7739.75,7743.25,7739.25,7743.25,3809
2026-09-04T13:25:00+00:00,7743,7743.25,7740.5,7742,5833
2026-09-04T13:30:00+00:00,7742,7750.5,7740.75,7749,26682
2026-09-04T13:35:00+00:00,7749.25,7751,7744.75,7747,16206
2026-09-04T13:40:00+00:00,7747,7747.25,7740,7743.5,21345
2026-09-04T13:45:00+00:00,7743.5,7748.25,7740.25,7747.25,12641
2026-09-04T13:50:00+00:00,7747,7747,7741.5,7745.5,11238
2026-09-04T13:55:00+00:00,7745.75,7747.75,7743,7745,10050
2026-09-04T14:00:00+00:00,7745,7745.5,7739.25,7741.75,14394
2026-09-04T14:05:00+00:00,7741.75,7743.5,7737,7737.25,12095
2026-09-04T14:10:00+00:00,7737.25,7738.75,7730.25,7738.25,21531
2026-09-04T14:15:00+00:00,7738.25,7739,7731.5,7731.5,13044
2026-09-04T14:20:00+00:00,7731.75,7734.5,7730.5,7733,12574
2026-09-04T14:25:00+00:00,7733,7735,7729.5,7734,12961
2026-09-04T14:30:00+00:00,7734.25,7735.25,7729.5,7730,11879
2026-09-04T14:35:00+00:00,7730.25,7733.75,7729.5,7733.5,8403
2026-09-04T14:40:00+00:00,7733.25,7733.25,7724,7725,17087
2026-09-04T14:45:00+00:00,7725,7727,7719.25,7719.75,15638
2026-09-04T14:50:00+00:00,7719.75,7723.5,7717,7717.75,14747
2026-09-04T14:55:00+00:00,7717.75,7719.75,7714.75,7716.25,13883
2026-09-04T15:00:00+00:00,7716.5,7718.25,7712.25,7717,14891
2026-09-04T15:05:00+00:00,7716.75,7719.5,7715.25,7718.75,13199
2026-09-04T15:10:00+00:00,7718.75,7721.5,7716,7721.25,12699
2026-09-04T15:15:00+00:00,7721.25,7722,7714.5,7715.5,13594
2026-09-04T15:20:00+00:00,7715.5,7716.5,7713,7714.75,9503
2026-09-04T15:25:00+00:00,7714.75,7717,7713.25,7716.5,8626
2026-09-04T15:30:00+00:00,7716.75,7716.75,7710.25,7714.25,12208
2026-09-04T15:35:00+00:00,7714.25,7717.5,7714,7717.25,7255
2026-09-04T15:40:00+00:00,7717.25,7722.5,7716.75,7721.75,10320
2026-09-04T15:45:00+00:00,7721.75,7722.75,7718,7720,9183
2026-09-04T15:50:00+00:00,7720,7721.75,7718.75,7721,5914
2026-09-04T15:55:00+00:00,7721,7722.25,7718.25,7721.5,4929
2026-09-04T16:00:00+00:00,7721.25,7723.25,7720.25,7723,5687
2026-09-04T16:05:00+00:00,7723,7726.25,7721,7725.5,9645
2026-09-04T16:10:00+00:00,7725.75,7729.5,7724.75,7729.25,8485
2026-09-04T16:15:00+00:00,7729.25,7730.75,7727.5,7730.5,7893
2026-09-04T16:20:00+00:00,7730.25,7733.75,7729.5,7730.5,9699
2026-09-04T16:25:00+00:00,7730.75,7731,7727.75,7728.25,7540
2026-09-04T16:30:00+00:00,7728.25,7731.25,7727.25,7731,6500
2026-09-04T16:35:00+00:00,7731,7731.5,7728.75,7729.5,4201
2026-09-04T16:40:00+00:00,7729.5,7731.75,7728.75,7731.25,4900
2026-09-04T16:45:00+00:00,7731.25,7734.25,7730.75,7733.75,7177
2026-09-04T16:50:00+00:00,7734,7735.25,7732.5,7732.75,7526
2026-09-04T16:55:00+00:00,7732.75,7733.5,7730.5,7730.5,6612
2026-09-04T17:00:00+00:00,7730.5,7731.75,7725.5,7726.5,9854
2026-09-04T17:05:00+00:00,7726.25,7728.5,7725.25,7725.25,7587
2026-09-04T17:10:00+00:00,7725.25,7726.75,7724.75,7725.25,4536
2026-09-04T17:15:00+00:00,7725.25,7726.75,7724,7724.5,5852
2026-09-04T17:20:00+00:00,7724.75,7725.75,7722.5,7722.75,4736
2026-09-04T17:25:00+00:00,7722.75,7724.25,7719.75,7720.25,7490
2026-09-04T17:30:00+00:00,7720.5,7720.5,7716.5,7718.25,10399
2026-09-04T17:35:00+00:00,7718.25,7719.5,7717,7718.75,4810
2026-09-04T17:40:00+00:00,7718.75,7718.75,7714.5,7714.75,6112
2026-09-04T17:45:00+00:00,7715,7717,7712.75,7715.5,7641
2026-09-04T17:50:00+00:00,7715.5,7716.75,7714.25,7715.25,4754
2026-09-04T17:55:00+00:00,7715.5,7717,7714.5,7716,3884
2026-09-04T18:00:00+00:00,7716,7718,7713.75,7715,6840
2026-09-04T18:05:00+00:00,7715,7717.75,7713.5,7717.75,5019
2026-09-04T18:10:00+00:00,7717.5,7719,7717,7718.25,5580
2026-09-04T18:15:00+00:00,7718.25,7720,7717.5,7719.5,4925
2026-09-04T18:20:00+00:00,7719.5,7721.5,7719,7720.5,4945
2026-09-04T18:25:00+00:00,7720.5,7721.5,7719.25,7720.5,5462
2026-09-04T18:30:00+00:00,7720.75,7722.25,7720,7722,4201
2026-09-04T18:35:00+00:00,7722,7722.25,7719.5,7720.5,4466
2026-09-04T18:40:00+00:00,7720.5,7723.75,7719.5,7723.5,6974
2026-09-04T18:45:00+00:00,7723.25,7724.5,7722.5,7724,5045
2026-09-04T18:50:00+00:00,7724.25,7725,7723.25,7724.25,3697
2026-09-04T18:55:00+00:00,7724.25,7725.5,7723.25,7724.5,3831
2026-09-04T19:00:00+00:00,7724.5,7725.75,7718.25,7718.75,10723
2026-09-04T19:05:00+00:00,7719,7720,7717.75,7718.75,5064
2026-09-04T19:10:00+00:00,7718.75,7720,7717.5,7717.75,4423
2026-09-04T19:15:00+00:00,7717.75,7719.5,7717.5,7718.25,3895
2026-09-04T19:20:00+00:00,7718.25,7720,7717.75,7719.25,5525
2026-09-04T19:25:00+00:00,7719.25,7722.5,7719.25,7721.75,5946
2026-09-04T19:30:00+00:00,7721.75,7722.5,7720.25,7721.75,5106
2026-09-04T19:35:00+00:00,7721.5,7721.75,7718,7719.5,5563
2026-09-04T19:40:00+00:00,7719.25,7721.25,7718.5,7720.75,5248
2026-09-04T19:45:00+00:00,7720.75,7724,7720.75,7723,7122
2026-09-04T19:50:00+00:00,7723.25,7726,7722.5,7725.5,13823
2026-09-04T19:55:00+00:00,7725.75,7726.5,7719,7723.5,39167
2026-09-04T20:00:00+00:00,7723.75,7724,7718.75,7719,8090
2026-09-04T20:05:00+00:00,7719,7719.25,7716.25,7717.5,2994
2026-09-04T20:10:00+00:00,7717.5,7719.75,7717.5,7718.5,2332
2026-09-04T20:15:00+00:00,7718.75,7719.25,7717.5,7717.75,954
2026-09-04T20:20:00+00:00,7718,7718.25,7716,7716.5,1097
2026-09-04T20:25:00+00:00,7716.5,7716.75,7716,7716.25,658
2026-09-04T20:30:00+00:00,7716.25,7716.75,7713.5,7714.75,2536
2026-09-04T20:35:00+00:00,7714.75,7715.75,7714,7714.5,1258
2026-09-04T20:40:00+00:00,7714.5,7716,7714.25,7716,799
2026-09-04T20:45:00+00:00,7716,7716.5,7714.75,7714.75,1065
2026-09-04T20:50:00+00:00,7714.75,7717,7714.5,7716.5,890
2026-09-04T20:55:00+00:00,7716.5,7722,7714.25,7722,952
2026-09-08T04:00:00+00:00,7722.5,7722.75,7721.5,7722.5,700
2026-09-08T04:05:00+00:00,7722.25,7723.75,7722.25,7723.25,585
2026-09-08T04:10:00+00:00,7723.25,7723.5,7722.5,7723,178
2026-09-08T04:15:00+00:00,7723,7723.5,7722.25,7723.25,343
2026-09-08T04:20:00+00:00,7723.25,7724.5,7723,7724.5,508
2026-09-08T04:25:00+00:00,7724.5,7725,7723.5,7723.75,456
2026-09-08T04:30:00+00:00,7723.75,7724,7722.75,7722.75,359
2026-09-08T04:35:00+00:00,7722.75,7725,7721.25,7725,962
2026-09-08T04:40:00+00:00,7725,7725.75,7724,7725,760
2026-09-08T04:45:00+00:00,7725,7725.75,7723.5,7724.25,367
2026-09-08T04:50:00+00:00,7724.25,7724.5,7723.25,7724,290
2026-09-08T04:55:00+00:00,7724,7724.75,7722.25,7723,527
2026-09-08T05:00:00+00:00,7723.25,7723.5,7721.5,7721.5,570
2026-09-08T05:05:00+00:00,7721.5,7722.25,7717.5,7718.25,1518
2026-09-08T05:10:00+00:00,7718.25,7718.25,7715.25,7716.5,1483
2026-09-08T05:15:00+00:00,7716.5,7720.75,7715.25,7720.5,1290
2026-09-08T05:20:00+00:00,7720.75,7722.5,7719.25,7719.75,1066
2026-09-08T05:25:00+00:00,7719.75,7720.75,7716.25,7716.75,986
2026-09-08T05:30:00+00:00,7716.5,7716.5,7711.5,7711.75,2009
2026-09-08T05:35:00+00:00,7711.75,7716.25,7711.25,7716.25,1361
2026-09-08T05:40:00+00:00,7716.25,7716.25,7709.25,7709.5,2189
2026-09-08T05:45:00+00:00,7709.75,7711.25,7708.75,7710.75,1456
2026-09-08T05:50:00+00:00,7710.5,7710.75,7705.75,7705.75,1634
2026-09-08T05:55:00+00:00,7705.75,7707,7705,7705.5,1423
2026-09-08T06:00:00+00:00,7705.75,7707.25,7702.25,7705,2798
2026-09-08T06:05:00+00:00,7704.75,7704.75,7701.25,7703.75,1661
2026-09-08T06:10:00+00:00,7703.75,7703.75,7700.5,7701.75,1203
2026-09-08T06:15:00+00:00,7701.75,7702.5,7695.25,7695.25,3462
2026-09-08T06:20:00+00:00,7695.25,7701,7694.75,7699,2316
2026-09-08T06:25:00+00:00,7699,7699.75,7697.75,7697.75,1114
2026-09-08T06:30:00+00:00,7697.75,7699.5,7695.75,7697.75,1655
2026-09-08T06:35:00+00:00,7697.5,7701.75,7695,7701.5,1467
2026-09-08T06:40:00+00:00,7701.5,7703.75,7701.5,7703,1590
2026-09-08T06:45:00+00:00,7702.75,7705,7702.5,7703,1228
2026-09-08T06:50:00+00:00,7703,7703.5,7701,7701.5,846
2026-09-08T06:55:00+00:00,7701.5,7703.5,7701,7703.25,554
2026-09-08T07:00:00+00:00,7703.5,7706.75,7701.25,7706.75,2095
2026-09-08T07:05:00+00:00,7706.25,7710.5,7705.5,7705.75,2102
2026-09-08T07:10:00+00:00,7705.5,7707.25,7704.5,7705.5,1175
2026-09-08T07:15:00+00:00,7705.25,7705.75,7702.5,7705.25,1361
2026-09-08T07:20:00+00:00,7705.25,7706.25,7702.25,7705.75,1126
2026-09-08T07:25:00+00:00,7706.25,7706.25,7703.25,7704.75,675
2026-09-08T07:30:00+00:00,7704.5,7704.75,7698.5,7699.25,1519
2026-09-08T07:35:00+00:00,7699.25,7701,7695.75,7696,1502
2026-09-08T07:40:00+00:00,7696,7698,7693.75,7696,1976
2026-09-08T07:45:00+00:00,7696,7696.75,7694.25,7695.25,1243
2026-09-08T07:50:00+00:00,7695,7695.5,7689.75,7690.5,2073
2026-09-08T07:55:00+00:00,7690.75,7693.5,7690.5,7692.25,1413
2026-09-08T08:00:00+00:00,7692.25,7694,7687.5,7689.25,3713
2026-09-08T08:05:00+00:00,7689,7696.5,7689,7691.75,3446
2026-09-08T08:10:00+00:00,7692.25,7693,7689.25,7692.75,1593
2026-09-08T08:15:00+00:00,7693,7695.5,7692,7693.25,1819
2026-09-08T08:20:00+00:00,7693,7693.75,7690.25,7692.5,1116
2026-09-08T08:25:00+00:00,7692.75,7694.75,7690.25,7690.75,1144
2026-09-08T08:30:00+00:00,7690.5,7694.5,7688.5,7694,2092
2026-09-08T08:35:00+00:00,7693.75,7694,7688.5,7690.75,883
2026-09-08T08:40:00+00:00,7690.75,7692.25,7689.25,7690,893
2026-09-08T08:45:00+00:00,7689.75,7695.75,7688.25,7691,3452
2026-09-08T08:50:00+00:00,7691,7692.25,7688,7690.75,1086
2026-09-08T08:55:00+00:00,7691,7692.75,7689.75,7692.5,832
2026-09-08T09:00:00+00:00,7692.5,7694.25,7688.75,7693.25,1006
2026-09-08T09:05:00+00:00,7693,7696.25,7692.75,7695.5,1063
2026-09-08T09:10:00+00:00,7695.25,7698.75,7694.5,7697.75,1483
2026-09-08T09:15:00+00:00,7697.75,7698,7695.75,7697,588
2026-09-08T09:20:00+00:00,7696.75,7699.5,7696.75,7699.5,809
2026-09-08T09:25:00+00:00,7699.5,7700.5,7698.25,7700.25,1215
2026-09-08T09:30:00+00:00,7700.25,7702.75,7699.5,7701.75,1089
2026-09-08T09:35:00+00:00,7701.75,7703.5,7701.25,7703,844
2026-09-08T09:40:00+00:00,7702.75,7706.5,7702.25,7703,2853
2026-09-08T09:45:00+00:00,7703,7705.75,7702.75,7705.25,735
2026-09-08T09:50:00+00:00,7705.5,7707.25,7705.25,7706.25,923
2026-09-08T09:55:00+00:00,7706.25,7709,7705.75,7709,831
2026-09-08T10:00:00+00:00,7709,7709.25,7705.75,7706,1438
2026-09-08T10:05:00+00:00,7706,7707.25,7705.25,7705.5,749
2026-09-08T10:10:00+00:00,7705.5,7706.25,7703.75,7705.75,1039
2026-09-08T10:15:00+00:00,7705.75,7706.75,7705.25,7706.5,551
2026-09-08T10:20:00+00:00,7706.75,7718.25,7706,7707,9225
2026-09-08T10:25:00+00:00,7707.25,7708.25,7705.75,7707,615
2026-09-08T10:30:00+00:00,7707,7707,7701.25,7702.5,1686
2026-09-08T10:35:00+00:00,7702.75,7704.75,7702.25,7703.75,583
2026-09-08T10:40:00+00:00,7703.75,7704,7701.75,7703.25,859
2026-09-08T10:45:00+00:00,7703,7703.25,7699.5,7700,1076
2026-09-08T10:50:00+00:00,7700,7700.5,7695.5,7698.75,2446
2026-09-08T10:55:00+00:00,7698.75,7700.25,7698.25,7698.5,1209
2026-09-08T11:00:00+00:00,7698.5,7700.25,7697.5,7699,1358
2026-09-08T11:05:00+00:00,7699,7702.25,7694,7697.75,4938
2026-09-08T11:10:00+00:00,7698,7698.25,7693,7695.75,1449
2026-09-08T11:15:00+00:00,7695.5,7700.25,7695.25,7700,1241
2026-09-08T11:20:00+00:00,7700.25,7700.75,7697,7698.25,870
2026-09-08T11:25:00+00:00,7698.25,7699.25,7697.5,7698,453
2026-09-08T11:30:00+00:00,7698.25,7701.25,7696.75,7700.5,825
2026-09-08T11:35:00+00:00,7700.75,7700.75,7698.5,7698.5,987
2026-09-08T11:40:00+00:00,7698.5,7699.25,7697,7698,917
2026-09-08T11:45:00+00:00,7698,7698.5,7695.75,7697.5,1813
2026-09-08T11:50:00+00:00,7697.25,7701.5,7697.25,7701.25,1867
2026-09-08T11:55:00+00:00,7701,7706.25,7700.75,7705.75,2842
2026-09-08T12:00:00+00:00,7705.75,7705.75,7702.5,7703.25,2049
2026-09-08T12:05:00+00:00,7703,7704.75,7701.75,7704.25,1252
2026-09-08T12:10:00+00:00,7704,7704,7697.75,7698,2139
2026-09-08T12:15:00+00:00,7698.25,7703.5,7696.25,7703,2311
2026-09-08T12:20:00+00:00,7703,7704,7701,7703,2093
2026-09-08T12:25:00+00:00,7703,7705.5,7702.75,7705.25,1360
2026-09-08T12:30:00+00:00,7705.5,7710,7704.75,7708.25,3481
2026-09-08T12:35:00+00:00,7708.25,7709.75,7707.5,7709.25,1255
2026-09-08T12:40:00+00:00,7709.25,7710.5,7708,7710.25,1350
2026-09-08T12:45:00+00:00,7710.5,7712.25,7708.5,7711.75,2160
2026-09-08T12:50:00+00:00,7712,7713.75,7710.25,7713.75,2323
2026-09-08T12:55:00+00:00,7713.5,7714.25,7711.5,7714,2443
2026-09-08T13:00:00+00:00,7714,7714.5,7710.75,7713.25,3360
2026-09-08T13:05:00+00:00,7713,7714.75,7712.25,7712.75,3691
2026-09-08T13:10:00+00:00,7713,7715,7712.75,7713.5,1961
2026-09-08T13:15:00+00:00,7713.5,7715.5,7712.75,7715.5,2255
2026-09-08T13:20:00+00:00,7715,7715.75,7713.25,7713.75,1896
2026-09-08T13:25:00+00:00,7714,7715.75,7710.75,7711.25,6354
2026-09-08T13:30:00+00:00,7711.25,7717.75,7707,7708.75,32384
2026-09-08T13:35:00+00:00,7708.5,7708.5,7701.5,7702,23750
2026-09-08T13:40:00+00:00,7702,7702,7691.25,7693.25,28096
2026-09-08T13:45:00+00:00,7693.25,7698.75,7692.25,7697.75,18018
2026-09-08T13:50:00+00:00,7697.75,7697.75,7688.5,7694,21266
2026-09-08T13:55:00+00:00,7694,7701.25,7693.25,7694.75,20383
2026-09-08T14:00:00+00:00,7695,7697,7685.75,7690.25,27203
2026-09-08T14:05:00+00:00,7690.25,7691,7684,7684.5,19050
2026-09-08T14:10:00+00:00,7684.5,7688.25,7680,7685,22990
2026-09-08T14:15:00+00:00,7684.75,7688,7681.25,7685.75,14836
2026-09-08T14:20:00+00:00,7685.5,7691.75,7683.25,7691.25,16160
2026-09-08T14:25:00+00:00,7691.5,7692,7684.25,7687.5,16214
2026-09-08T14:30:00+00:00,7687.5,7691,7684.5,7690.5,11922
2026-09-08T14:35:00+00:00,7690.25,7691.25,7686.75,7689,10090
2026-09-08T14:40:00+00:00,7689,7693,7688,7691.5,12120
2026-09-08T14:45:00+00:00,7691.5,7693.5,7686.75,7692.75,12401
2026-09-08T14:50:00+00:00,7692.75,7697.75,7692.25,7696.75,13972
2026-09-08T14:55:00+00:00,7696.75,7699.75,7693.5,7696.5,12829
2026-09-08T15:00:00+00:00,7697,7699.25,7695.25,7697.25,9674
2026-09-08T15:05:00+00:00,7697,7698.75,7695,7697,6952
2026-09-08T15:10:00+00:00,7697,7703.75,7697,7700.75,14166
2026-09-08T15:15:00+00:00,7700.75,7704,7699.5,7701.25,9314
2026-09-08T15:20:00+00:00,7701.25,7701.5,7693.75,7700.25,15734
2026-09-08T15:25:00+00:00,7700.25,7704.75,7698.5,7698.5,16345
2026-09-08T15:30:00+00:00,7698.75,7701.5,7696.75,7699,9236
2026-09-08T15:35:00+00:00,7698.75,7699,7693.75,7695.75,9232
2026-09-08T15:40:00+00:00,7695.5,7701,7694.5,7700.5,9106
2026-09-08T15:45:00+00:00,7700.5,7701,7695.25,7696,8418
2026-09-08T15:50:00+00:00,7696,7698.5,7695.5,7696,6429
2026-09-08T15:55:00+00:00,7696,7697.75,7693.75,7694.25,5823
2026-09-08T16:00:00+00:00,7694.25,7697,7692.25,7697,10756
2026-09-08T16:05:00+00:00,7697,7698.5,7693.5,7693.75,8620
2026-09-08T16:10:00+00:00,7693.5,7694,7690.5,7692.75,8857
2026-09-08T16:15:00+00:00,7692.75,7692.75,7688.25,7689.75,8217
2026-09-08T16:20:00+00:00,7689.75,7694.75,7688.5,7694.25,8254
2026-09-08T16:25:00+00:00,7694.5,7697,7691.25,7691.5,8820
2026-09-08T16:30:00+00:00,7691.75,7694,7690.5,7692.5,6906
2026-09-08T16:35:00+00:00,7692.5,7693,7689.75,7690.5,5019
2026-09-08T16:40:00+00:00,7690.5,7692.25,7688.5,7690.75,5822
2026-09-08T16:45:00+00:00,7690.5,7693.75,7689.5,7693,7324
2026-09-08T16:50:00+00:00,7692.75,7696.75,7691.5,7693,13961
2026-09-08T16:55:00+00:00,7693.25,7693.5,7685.75,7690,18302
2026-09-08T17:00:00+00:00,7690,7699.75,7689.5,7699.75,11870
2026-09-08T17:05:00+00:00,7699.5,7701.75,7696,7696,9642
2026-09-08T17:10:00+00:00,7696.25,7697.75,7695.5,7696.75,4624
2026-09-08T17:15:00+00:00,7697,7697.75,7695.5,7696.75,4443
2026-09-08T17:20:00+00:00,7696.5,7697.75,7694.75,7696.75,5541
2026-09-08T17:25:00+00:00,7696.5,7697,7692.5,7695.5,6104
2026-09-08T17:30:00+00:00,7695.75,7699,7695,7697.5,5866
2026-09-08T17:35:00+00:00,7697.25,7699.5,7697,7697.5,4243
2026-09-08T17:40:00+00:00,7697.75,7697.75,7693.75,7694,4985
2026-09-08T17:45:00+00:00,7694,7697,7694,7696.5,4063
2026-09-08T17:50:00+00:00,7696.5,7699,7695.25,7698.25,3919
2026-09-08T17:55:00+00:00,7698.25,7698.25,7695,7695.25,4451
2026-09-08T18:00:00+00:00,7695,7697,7695,7696.75,3416
2026-09-08T18:05:00+00:00,7696.5,7698.75,7696,7698,3890
2026-09-08T18:10:00+00:00,7698.25,7699.25,7697.25,7698.25,4280
2026-09-08T18:15:00+00:00,7698,7699.5,7697.25,7698.5,2835
2026-09-08T18:20:00+00:00,7698.5,7699.25,7696,7696.25,3436
2026-09-08T18:25:00+00:00,7696.25,7698.5,7695.5,7698,4171
2026-09-08T18:30:00+00:00,7698.25,7698.5,7695.5,7695.75,2970
2026-09-08T18:35:00+00:00,7695.5,7695.75,7691.75,7692.25,6720
2026-09-08T18:40:00+00:00,7692.5,7696,7691,7695.75,5919
2026-09-08T18:45:00+00:00,7695.75,7696.75,7676.75,7683,32317
2026-09-08T18:50:00+00:00,7683.25,7691,7682.25,7690.25,17561
2026-09-08T18:55:00+00:00,7690.25,7691.25,7687.75,7688.25,6889
2026-09-08T19:00:00+00:00,7688,7689.75,7685.25,7686.75,7879
2026-09-08T19:05:00+00:00,7686.5,7690.25,7686,7688.75,5958
2026-09-08T19:10:00+00:00,7688.75,7691.5,7688.25,7689.5,5743
2026-09-08T19:15:00+00:00,7689.5,7690.75,7686.5,7687.5,5355
2026-09-08T19:20:00+00:00,7687.25,7689.5,7685.5,7686,5431
2026-09-08T19:25:00+00:00,7686.25,7691.25,7685.75,7690.5,6161
2026-09-08T19:30:00+00:00,7690.5,7692.25,7687.75,7691.5,5871
2026-09-08T19:35:00+00:00,7691.5,7692,7688.25,7690.5,5383
2026-09-08T19:40:00+00:00,7690.5,7691.5,7687.5,7689,4437
2026-09-08T19:45:00+00:00,7688.75,7689.75,7683.5,7686,14092
2026-09-08T19:50:00+00:00,7686,7687,7676,7678,28839
2026-09-08T19:55:00+00:00,7678,7683,7672.25,7681.25,36979
2026-09-08T20:00:00+00:00,7681,7683,7675.25,7676.5,8958
2026-09-08T20:05:00+00:00,7676.25,7678.25,7674,7677.75,2184
2026-09-08T20:10:00+00:00,7677.5,7679.25,7676.75,7678.75,1856
2026-09-08T20:15:00+00:00,7678.75,7679.5,7677,7678.75,1466
2026-09-08T20:20:00+00:00,7679,7679.75,7678.25,7679,561
2026-09-08T20:25:00+00:00,7678.75,7679.5,7675,7675.5,3638
2026-09-08T20:30:00+00:00,7675.75,7676,7674,7675.75,2236
2026-09-08T20:35:00+00:00,7675.75,7677.5,7675.5,7676.75,791
2026-09-08T20:40:00+00:00,7676.75,7677.75,7676.25,7677.5,795
2026-09-08T20:45:00+00:00,7677.75,7678,7676.75,7676.75,1163
2026-09-08T20:50:00+00:00,7676.75,7678.25,7676.75,7677.5,607
2026-09-08T20:55:00+00:00,7677.5,7679.25,7677.5,7678.5,909
2026-09-08T22:00:00+00:00,7680.25,7680.75,7676.25,7680,0
2026-09-08T22:05:00+00:00,7679.75,7680.25,7678.25,7679.25,590
2026-09-08T22:10:00+00:00,7679.5,7679.5,7678.25,7678.5,339
2026-09-08T22:15:00+00:00,7678.25,7680,7678,7679,383
2026-09-08T22:20:00+00:00,7679.25,7679.5,7677.5,7678.75,553
2026-09-08T22:25:00+00:00,7679,7680.25,7679,7679.5,391
2026-09-08T22:30:00+00:00,7679.5,7679.75,7678.25,7679.75,506
2026-09-08T22:35:00+00:00,7679.75,7681.25,7679.25,7679.25,678
2026-09-08T22:40:00+00:00,7679.5,7680,7679.25,7679.5,310
2026-09-08T22:45:00+00:00,7679.25,7680.25,7679.25,7680.25,216
2026-09-08T22:50:00+00:00,7680,7681.25,7679.75,7680.75,522
2026-09-08T22:55:00+00:00,7680.75,7682.75,7680.5,7682.75,850
2026-09-08T23:00:00+00:00,7682.5,7682.75,7680.5,7681,795
2026-09-08T23:05:00+00:00,7681,7681.5,7680.75,7680.75,264
2026-09-08T23:10:00+00:00,7681.25,7681.25,7680,7680.25,314
2026-09-08T23:15:00+00:00,7680.25,7680.5,7678.5,7679.5,565
2026-09-08T23:20:00+00:00,7679,7679.5,7678,7679.25,604
2026-09-08T23:25:00+00:00,7679.25,7679.25,7677.5,7678,948
2026-09-08T23:30:00+00:00,7678,7678.75,7677,7677.25,527
2026-09-08T23:35:00+00:00,7677.25,7677.25,7675.5,7676.25,920
2026-09-08T23:40:00+00:00,7676.25,7677.25,7675.5,7676,583
2026-09-08T23:45:00+00:00,7676,7676.75,7674.25,7675,1104
2026-09-08T23:50:00+00:00,7675.25,7675.75,7673,7673.25,923
2026-09-08T23:55:00+00:00,7673.25,7674.75,7672.75,7674.75,962
2026-09-09T00:00:00+00:00,7674.75,7682,7674.5,7682,2755
2026-09-09T00:05:00+00:00,7682,7684.25,7680.75,7681.25,2080
2026-09-09T00:10:00+00:00,7681,7683,7680.25,7681,1353
2026-09-09T00:15:00+00:00,7681,7681.25,7676.25,7678.25,2252
2026-09-09T00:20:00+00:00,7678.25,7679.5,7677.5,7678.5,732
2026-09-09T00:25:00+00:00,7678,7678.5,7676.25,7678.25,665
2026-09-09T00:30:00+00:00,7678,7678.5,7675,7677.5,998
2026-09-09T00:35:00+00:00,7677,7678.5,7675.75,7678.25,780
2026-09-09T00:40:00+00:00,7678.25,7680.25,7676.25,7680,899
2026-09-09T00:45:00+00:00,7680,7680.25,7678.5,7679.5,490
2026-09-09T00:50:00+00:00,7679.75,7682.75,7679.75,7682.25,1355
2026-09-09T00:55:00+00:00,7682.25,7682.5,7681,7682.25,737
2026-09-09T01:00:00+00:00,7682.5,7683.75,7681.5,7682,1345
2026-09-09T01:05:00+00:00,7682,7683.75,7681.25,7683.5,814
2026-09-09T01:10:00+00:00,7683.5,7684.25,7683,7683.25,672
2026-09-09T01:15:00+00:00,7683.5,7684.75,7682.75,7684.5,835
2026-09-09T01:20:00+00:00,7684.75,7686.5,7684.25,7686.25,1524
2026-09-09T01:25:00+00:00,7686,7687.25,7685.5,7685.75,1814
2026-09-09T01:30:00+00:00,7685.75,7687.25,7684.75,7686.75,1099
2026-09-09T01:35:00+00:00,7686.5,7688,7686,7687,1083
2026-09-09T01:40:00+00:00,7687,7687,7684.5,7684.5,705
2026-09-09T01:45:00+00:00,7684.75,7687,7684.75,7686,635
2026-09-09T01:50:00+00:00,7686,7686.25,7683.5,7684.5,943
2026-09-09T01:55:00+00:00,7684.5,7685.5,7684,7685.25,395
2026-09-09T02:00:00+00:00,7685.25,7687.25,7684.75,7686.75,711
2026-09-09T02:05:00+00:00,7686.75,7687,7685.25,7686.75,832
2026-09-09T02:10:00+00:00,7686.75,7687,7684,7684.25,644
2026-09-09T02:15:00+00:00,7684.5,7684.75,7682.5,7684.25,1376
2026-09-09T02:20:00+00:00,7684.5,7685.75,7684,7685.75,662
2026-09-09T02:25:00+00:00,7685.5,7686,7684.75,7685.25,500
2026-09-09T02:30:00+00:00,7685.5,7686,7684.75,7685.25,199
2026-09-09T02:35:00+00:00,7685.25,7685.5,7684.25,7685.5,332
2026-09-09T02:40:00+00:00,7685.25,7687.25,7685.25,7686.5,778
2026-09-09T02:45:00+00:00,7686.5,7687,7685.75,7686.5,314
2026-09-09T02:50:00+00:00,7686.25,7687.5,7686.25,7686.5,250
2026-09-09T02:55:00+00:00,7686.25,7686.5,7685.75,7686,344
2026-09-09T03:00:00+00:00,7686,7686.5,7683.75,7684,556
2026-09-09T03:05:00+00:00,7683.75,7684.5,7682.75,7683.5,515
2026-09-09T03:10:00+00:00,7683.75,7685.25,7683.25,7683.75,546
2026-09-09T03:15:00+00:00,7683.75,7685.25,7683.75,7684.5,357
2026-09-09T03:20:00+00:00,7684.5,7685.25,7684,7685,304
2026-09-09T03:25:00+00:00,7684.75,7686,7684.5,7684.75,392
2026-09-09T03:30:00+00:00,7685,7685.5,7683.75,7684.5,439
2026-09-09T03:35:00+00:00,7684.5,7686,7684.5,7685.5,227
2026-09-09T03:40:00+00:00,7685.5,7686,7684.25,7684.75,204
2026-09-09T03:45:00+00:00,7685,7685,7683.25,7683.5,508
2026-09-09T03:50:00+00:00,7683.75,7684.25,7682,7682.5,639
2026-09-09T03:55:00+00:00,7682.5,7683.75,7682.25,7683.25,224
2026-09-09T04:05:00+00:00,7684,7684.25,7683.5,7683.5,770
2026-09-09T04:10:00+00:00,7683.25,7683.5,7680.5,7681.5,1089
2026-09-09T04:15:00+00:00,7681.5,7682.5,7681.25,7682,352
2026-09-09T04:20:00+00:00,7682,7686,7682,7686,733
2026-09-09T04:25:00+00:00,7685.75,7686.75,7684.75,7685.5,635
2026-09-09T04:30:00+00:00,7685.5,7687,7684.25,7686.75,677
2026-09-09T04:35:00+00:00,7686.75,7687.75,7686.75,7687.25,620
2026-09-09T04:40:00+00:00,7687.25,7688.25,7686.5,7688,456
2026-09-09T04:45:00+00:00,7688,7688.75,7687.75,7688.25,378
2026-09-09T04:50:00+00:00,7688.5,7689.5,7688,7689,607
2026-09-09T04:55:00+00:00,7689.25,7690,7688.5,7688.75,710
2026-09-09T05:00:00+00:00,7688.75,7689.25,7687.25,7687.5,509
2026-09-09T05:05:00+00:00,7687.75,7688.5,7686.75,7688.25,347
2026-09-09T05:10:00+00:00,7688.75,7689,7687.75,7688.5,245
2026-09-09T05:15:00+00:00,7688.25,7688.5,7685.75,7686,418
2026-09-09T05:20:00+00:00,7685.75,7686,7683.5,7685.5,1088
2026-09-09T05:25:00+00:00,7685.75,7687,7685.25,7686,724
2026-09-09T05:30:00+00:00,7686.25,7687.5,7683.75,7685.75,755
2026-09-09T05:35:00+00:00,7685.5,7687.5,7685,7686.75,460
2026-09-09T05:40:00+00:00,7686.75,7687.5,7686,7686,332
2026-09-09T05:45:00+00:00,7686.25,7687.75,7685.75,7687.5,319
2026-09-09T05:50:00+00:00,7687.75,7690.25,7687.25,7690,1040
2026-09-09T05:55:00+00:00,7690.25,7691,7689,7691,623
2026-09-09T06:00:00+00:00,7691,7691.5,7690.25,7691,785
2026-09-09T06:05:00+00:00,7690.75,7691.25,7688,7688,717
2026-09-09T06:10:00+00:00,7688.25,7690.75,7687.5,7690.5,797
2026-09-09T06:15:00+00:00,7690.5,7690.75,7690,7690,287
2026-09-09T06:20:00+00:00,7689.75,7689.75,7687.5,7689,555
2026-09-09T06:25:00+00:00,7689.25,7689.25,7684.25,7685,957
2026-09-09T06:30:00+00:00,7685.25,7687.75,7684,7687.75,913
2026-09-09T06:35:00+00:00,7687.75,7688.5,7686.75,7688,507
2026-09-09T06:40:00+00:00,7688,7688.25,7687,7688.25,280
2026-09-09T06:45:00+00:00,7688.25,7688.25,7686.25,7686.75,480
2026-09-09T06:50:00+00:00,7687,7687.75,7685.25,7685.25,397
2026-09-09T06:55:00+00:00,7685.25,7685.75,7684.75,7685.25,428
2026-09-09T07:00:00+00:00,7685.25,7687.5,7683,7687.5,1607
2026-09-09T07:05:00+00:00,7687.75,7689,7687.5,7688,649
2026-09-09T07:10:00+00:00,7688.25,7691.25,7684.5,7684.75,1604
2026-09-09T07:15:00+00:00,7685,7686,7683.5,7685,1108
2026-09-09T07:20:00+00:00,7684.75,7689.5,7684.75,7688.5,898
2026-09-09T07:25:00+00:00,7688.5,7691.25,7686.75,7690.75,812
2026-09-09T07:30:00+00:00,7690.75,7691,7688.25,7689,653
2026-09-09T07:35:00+00:00,7689,7690.25,7687,7687.75,563
2026-09-09T07:40:00+00:00,7687.75,7688.5,7686,7687,632
2026-09-09T07:45:00+00:00,7687.25,7687.25,7682.75,7683,998
2026-09-09T07:50:00+00:00,7683,7683.75,7681.25,7683.75,973
2026-09-09T07:55:00+00:00,7684,7685.25,7683.25,7685.25,615
2026-09-09T08:00:00+00:00,7685.25,7687.5,7683.5,7686.5,1234
2026-09-09T08:05:00+00:00,7686.25,7687.75,7684.25,7685.25,814
2026-09-09T08:10:00+00:00,7685.25,7686.25,7683.5,7683.75,508
2026-09-09T08:15:00+00:00,7684,7685.25,7683.5,7685,697
2026-09-09T08:20:00+00:00,7684.75,7685.25,7681,7681.25,791
2026-09-09T08:25:00+00:00,7681.5,7685.75,7681,7684.75,953
2026-09-09T08:30:00+00:00,7684.75,7685.75,7683.75,7684,632
2026-09-09T08:35:00+00:00,7683.75,7684,7679.75,7680,1082
2026-09-09T08:40:00+00:00,7679.75,7682.75,7678.25,7678.5,1656
2026-09-09T08:45:00+00:00,7678.5,7680.5,7678,7679.75,797
2026-09-09T08:50:00+00:00,7679.75,7683.25,7679.5,7682.75,751
2026-09-09T08:55:00+00:00,7682.75,7683.5,7681.75,7682,572
2026-09-09T09:00:00+00:00,7682.5,7683.75,7680.25,7681.5,711
2026-09-09T09:05:00+00:00,7681.5,7682.25,7678.75,7679.25,754
2026-09-09T09:10:00+00:00,7679,7681.25,7677.75,7680.5,1426
2026-09-09T09:15:00+00:00,7680.75,7681.75,7679.75,7680,376
2026-09-09T09:20:00+00:00,7680,7680,7675,7675.5,1709
2026-09-09T09:25:00+00:00,7675.5,7678,7675.5,7677.25,720
2026-09-09T09:30:00+00:00,7677.25,7679.75,7674.25,7674.5,1661
2026-09-09T09:35:00+00:00,7674.5,7674.5,7672.25,7673.25,1505
2026-09-09T09:40:00+00:00,7673,7673.5,7669.5,7670.5,1955
2026-09-09T09:45:00+00:00,7670.5,7671.75,7667.5,7668.5,1522
2026-09-09T09:50:00+00:00,7668.5,7669,7661.75,7662.25,2746
2026-09-09T09:55:00+00:00,7662,7662.75,7657,7659,3678
2026-09-09T10:00:00+00:00,7659.5,7663,7655.75,7662.5,4104
2026-09-09T10:05:00+00:00,7662.75,7664.5,7660.75,7661,1720
2026-09-09T10:10:00+00:00,7660.75,7663.5,7658,7660.25,2169
2026-09-09T10:15:00+00:00,7659.75,7664.25,7657.25,7663.75,1877
2026-09-09T10:20:00+00:00,7663.75,7665.25,7659.5,7661,1798
2026-09-09T10:25:00+00:00,7660.75,7662,7659.5,7661.25,1011
2026-09-09T10:30:00+00:00,7661,7661.25,7658.5,7659.5,1972
2026-09-09T10:35:00+00:00,7659.25,7661,7658,7659,1454
2026-09-09T10:40:00+00:00,7659.25,7659.5,7654.5,7654.75,2069
2026-09-09T10:45:00+00:00,7654.75,7655,7651.5,7652.75,2623
2026-09-09T10:50:00+00:00,7652.75,7654.25,7647.5,7650.5,2862
2026-09-09T10:55:00+00:00,7650.25,7652.5,7649,7650,1866
2026-09-09T11:00:00+00:00,7650,7653.5,7648.75,7651.75,2219
2026-09-09T11:05:00+00:00,7651.75,7655.25,7650,7655.25,1532
2026-09-09T11:10:00+00:00,7655.25,7657.5,7653.75,7654.25,1935
2026-09-09T11:15:00+00:00,7654.25,7654.5,7650,7652,1619
2026-09-09T11:20:00+00:00,7652,7658.25,7649.75,7657.75,2297
2026-09-09T11:25:00+00:00,7658,7658.75,7655,7656.25,1066
2026-09-09T11:30:00+00:00,7656,7656,7650.5,7651.25,1897
2026-09-09T11:35:00+00:00,7651,7654.5,7650.5,7654.25,1336
2026-09-09T11:40:00+00:00,7654.25,7655,7650.75,7651,1592
2026-09-09T11:45:00+00:00,7651,7661.75,7651,7660.5,5671
2026-09-09T11:50:00+00:00,7660.25,7663.5,7655.5,7656.5,6313
2026-09-09T11:55:00+00:00,7656.5,7656.75,7651.5,7652.75,2466
2026-09-09T12:00:00+00:00,7652.75,7653.5,7649.5,7650,2364
2026-09-09T12:05:00+00:00,7650.25,7651.25,7648,7649.5,2230
2026-09-09T12:10:00+00:00,7649.5,7649.5,7644.25,7645,3121
2026-09-09T12:15:00+00:00,7645,7648,7644.75,7646,2236
2026-09-09T12:20:00+00:00,7646.25,7649.75,7645.75,7648.25,1949
2026-09-09T12:25:00+00:00,7648,7649.25,7646.5,7647,1470
2026-09-09T12:30:00+00:00,7646.75,7652.5,7645.5,7652,2177
2026-09-09T12:35:00+00:00,7651.75,7654,7651.5,7653.25,1947
2026-09-09T12:40:00+00:00,7653,7653.25,7650.75,7652.75,1653
2026-09-09T12:45:00+00:00,7652.5,7656.5,7652.5,7655.75,2320
2026-09-09T12:50:00+00:00,7655.75,7656.5,7653.75,7654,2173
2026-09-09T12:55:00+00:00,7653.75,7657,7653.75,7655.25,1778
2026-09-09T13:00:00+00:00,7655.25,7659.25,7654,7658,3516
2026-09-09T13:05:00+00:00,7658.25,7658.25,7655.5,7656,2222
2026-09-09T13:10:00+00:00,7656,7657,7655,7656.25,1653
2026-09-09T13:15:00+00:00,7656.5,7657.5,7654.75,7657.25,2487
2026-09-09T13:20:00+00:00,7657.25,7657.75,7655,7657,1310
2026-09-09T13:25:00+00:00,7657,7662.5,7657,7660.25,6976
2026-09-09T13:30:00+00:00,7660.5,7663.75,7652,7660.75,28408
2026-09-09T13:35:00+00:00,7661,7662,7655.5,7658,15376
2026-09-09T13:40:00+00:00,7658,7660.25,7653.75,7657,11773
2026-09-09T13:45:00+00:00,7656.75,7661.75,7653.5,7658.75,15538
2026-09-09T13:50:00+00:00,7658.75,7659.5,7654.25,7657.5,8917
2026-09-09T13:55:00+00:00,7657.5,7662.25,7656.25,7661,10730
2026-09-09T14:00:00+00:00,7660.75,7662,7653.5,7658.25,15136
2026-09-09T14:05:00+00:00,7658,7661.5,7657.25,7660.5,8915
2026-09-09T14:10:00+00:00,7660.5,7661.25,7656,7658.75,9659
2026-09-09T14:15:00+00:00,7658.75,7658.75,7647.5,7650,19541
2026-09-09T14:20:00+00:00,7650.25,7651.5,7644.25,7644.75,16691
2026-09-09T14:25:00+00:00,7644.75,7660.75,7644.5,7659.75,23835
2026-09-09T14:30:00+00:00,7659.5,7660,7654,7655,13476
2026-09-09T14:35:00+00:00,7654.75,7658,7652.25,7656,11720
2026-09-09T14:40:00+00:00,7655.75,7659,7654.25,7657.75,7861
2026-09-09T14:45:00+00:00,7657.5,7658,7653.75,7657.25,5646
2026-09-09T14:50:00+00:00,7657.25,7659.25,7655.5,7656.5,6716
2026-09-09T14:55:00+00:00,7656.75,7659,7654.25,7657.75,6227
2026-09-09T15:00:00+00:00,7657.75,7665,7646.75,7648.5,34462
2026-09-09T15:05:00+00:00,7648.5,7650.5,7641.25,7642.25,18177
2026-09-09T15:10:00+00:00,7642.25,7642.75,7633.5,7635.75,24330
2026-09-09T15:15:00+00:00,7635.75,7641.5,7634.5,7640.25,15906
2026-09-09T15:20:00+00:00,7639.75,7641,7629.5,7630.25,16253
2026-09-09T15:25:00+00:00,7630,7635.5,7628.75,7635.25,13634
2026-09-09T15:30:00+00:00,7635.25,7641.5,7634.25,7641.25,14370
2026-09-09T15:35:00+00:00,7641.25,7649.5,7637,7648.75,21399
2026-09-09T15:40:00+00:00,7648.75,7650.75,7640.75,7642,16837
2026-09-09T15:45:00+00:00,7642.5,7643.5,7639.75,7642.75,7076
2026-09-09T15:50:00+00:00,7642.75,7646.25,7642.75,7645.25,6770
2026-09-09T15:55:00+00:00,7645.25,7645.25,7638.25,7641.5,8593
2026-09-09T16:00:00+00:00,7641.5,7643.75,7640,7643.5,5064
2026-09-09T16:05:00+00:00,7643.5,7644,7634.5,7634.75,9678
2026-09-09T16:10:00+00:00,7635,7638.75,7633.75,7636,7467
2026-09-09T16:15:00+00:00,7636,7636.25,7633.25,7634.25,4421
2026-09-09T16:20:00+00:00,7634.25,7637,7632.5,7637,5596
2026-09-09T16:25:00+00:00,7637,7638,7634,7636,6318
2026-09-09T16:30:00+00:00,7635.75,7642.25,7635.5,7640.75,7544
2026-09-09T16:35:00+00:00,7641,7642.5,7639,7642.5,5401
2026-09-09T16:40:00+00:00,7642.5,7644.5,7640.75,7644.5,5734
2026-09-09T16:45:00+00:00,7644.5,7645.5,7641.5,7644.75,5385
2026-09-09T16:50:00+00:00,7644.75,7648.75,7644.75,7646,7999
2026-09-09T16:55:00+00:00,7646,7647.5,7645,7645.75,4001
2026-09-09T17:00:00+00:00,7645.5,7650,7643.5,7643.75,9744
2026-09-09T17:05:00+00:00,7644,7647.75,7643.75,7645.75,4920
2026-09-09T17:10:00+00:00,7645.5,7652.25,7645,7651.5,6870
2026-09-09T17:15:00+00:00,7651.25,7653,7648.25,7648.75,6670
2026-09-09T17:20:00+00:00,7648.75,7652,7647.5,7652,4876
2026-09-09T17:25:00+00:00,7652,7652,7648.5,7649.25,4050
2026-09-09T17:30:00+00:00,7649.25,7650.75,7646.75,7648,5351
2026-09-09T17:35:00+00:00,7648,7648.75,7643.5,7644.25,5560
2026-09-09T17:40:00+00:00,7644.25,7649.75,7644.25,7648.75,4746
2026-09-09T17:45:00+00:00,7648.75,7651.5,7648.5,7650.75,4337
2026-09-09T17:50:00+00:00,7650.5,7653.25,7649.25,7652.5,4676
2026-09-09T17:55:00+00:00,7652.5,7653.25,7650,7650.25,3748
2026-09-09T18:00:00+00:00,7650.25,7651.75,7649.5,7651,2550
2026-09-09T18:05:00+00:00,7650.75,7651,7647,7647.5,4486
2026-09-09T18:10:00+00:00,7647.25,7647.75,7644,7644,4788
2026-09-09T18:15:00+00:00,7644,7647,7642.75,7645.5,6634
2026-09-09T18:20:00+00:00,7645.5,7650.25,7645.5,7649.5,5004
2026-09-09T18:25:00+00:00,7649.75,7650.5,7647.5,7648.5,4493
2026-09-09T18:30:00+00:00,7648.25,7649,7645.75,7647.25,4992
2026-09-09T18:35:00+00:00,7647.5,7650.25,7647,7650,2831
2026-09-09T18:40:00+00:00,7649.75,7653,7649.75,7651.5,5682
2026-09-09T18:45:00+00:00,7651.75,7652,7649.25,7650,3144
2026-09-09T18:50:00+00:00,7650,7653.5,7650,7652.5,3826
2026-09-09T18:55:00+00:00,7652.5,7654.25,7648.5,7649,5728
2026-09-09T19:00:00+00:00,7648.75,7650.75,7646.25,7646.75,5603
2026-09-09T19:05:00+00:00,7646.75,7651,7646.25,7650.75,5038
2026-09-09T19:10:00+00:00,7650.75,7651.25,7649.5,7649.75,2448
2026-09-09T19:15:00+00:00,7649.75,7653.5,7649.5,7652.75,3429
2026-09-09T19:20:00+00:00,7652.75,7653.5,7651,7652.5,3908
2026-09-09T19:25:00+00:00,7652.5,7654.25,7651,7651.25,3861
2026-09-09T19:30:00+00:00,7651.25,7652.25,7649.25,7650.25,4581
2026-09-09T19:35:00+00:00,7650,7651,7647.75,7647.75,3900
2026-09-09T19:40:00+00:00,7647.75,7648.5,7646,7648.25,5628
2026-09-09T19:45:00+00:00,7648.25,7649.75,7646.5,7648.75,3951
2026-09-09T19:50:00+00:00,7649,7649,7642.25,7644.75,11759
2026-09-09T19:55:00+00:00,7644.75,7645.5,7641.25,7644.5,23933
2026-09-09T20:00:00+00:00,7644.75,7646.25,7642.25,7643.25,5730
2026-09-09T20:05:00+00:00,7643.25,7646.25,7643.25,7645.5,1801
2026-09-09T20:10:00+00:00,7645.75,7647.25,7644.75,7646.25,1850
2026-09-09T20:15:00+00:00,7646.25,7646.5,7645,7645.5,1006
2026-09-09T20:20:00+00:00,7645.5,7646.25,7644.75,7645.75,522
2026-09-09T20:25:00+00:00,7646,7646.5,7645.25,7645.5,341
2026-09-09T20:30:00+00:00,7645.25,7646.5,7644.5,7646.5,1181
2026-09-09T20:35:00+00:00,7646.5,7647.75,7646.5,7647.25,867
2026-09-09T20:40:00+00:00,7647.5,7647.5,7646.5,7646.75,1002
2026-09-09T20:45:00+00:00,7647,7647,7646.25,7646.75,640
2026-09-09T20:50:00+00:00,7646.75,7647,7645.5,7647,626
2026-09-09T20:55:00+00:00,7647,7648.25,7646.75,7648,736
2026-09-09T22:00:00+00:00,7647,7651.25,7646.75,7647.25,0
2026-09-09T22:05:00+00:00,7647.25,7648,7646.25,7647.25,610
2026-09-09T22:10:00+00:00,7647.5,7648.25,7646.5,7647,394
2026-09-09T22:15:00+00:00,7647,7647.5,7646.5,7646.5,320
2026-09-09T22:20:00+00:00,7646.75,7647.5,7646.25,7646.5,185
2026-09-09T22:25:00+00:00,7646.5,7647.25,7645.75,7646,309
2026-09-09T22:30:00+00:00,7646.25,7647.75,7646,7647.25,360
2026-09-09T22:35:00+00:00,7647.5,7648,7646.75,7647,271
2026-09-09T22:40:00+00:00,7647.25,7647.75,7646.75,7647.5,156
2026-09-09T22:45:00+00:00,7647.5,7648,7647.25,7647.75,217
2026-09-09T22:50:00+00:00,7647.5,7647.75,7646.5,7646.75,254
2026-09-09T22:55:00+00:00,7646.75,7647.25,7646.25,7647,229
2026-09-09T23:00:00+00:00,7646.75,7647.25,7646,7646.5,184
2026-09-09T23:05:00+00:00,7646.75,7647,7646,7646.75,260
2026-09-09T23:10:00+00:00,7646.5,7646.5,7646,7646.25,252
2026-09-09T23:15:00+00:00,7646.25,7648.25,7645.5,7647.5,456
2026-09-09T23:20:00+00:00,7647.5,7648,7646.75,7647,302
2026-09-09T23:25:00+00:00,7647,7647.5,7646.25,7647.25,303
2026-09-09T23:30:00+00:00,7647.5,7647.75,7647.25,7647.5,116
2026-09-09T23:35:00+00:00,7647.25,7648.25,7647.25,7647.5,189
2026-09-09T23:40:00+00:00,7647.5,7648.25,7647.25,7648,271
2026-09-09T23:45:00+00:00,7648.25,7648.75,7647.25,7648.75,662
2026-09-09T23:50:00+00:00,7648.75,7653,7648.25,7652.5,1493
2026-09-09T23:55:00+00:00,7652.5,7652.5,7650.5,7652,786
2026-09-10T00:00:00+00:00,7652.25,7652.75,7650.5,7652.5,1099
2026-09-10T00:05:00+00:00,7652.25,7654.5,7652.25,7653.5,1160
2026-09-10T00:10:00+00:00,7653.75,7654.75,7650.75,7652,1112
2026-09-10T00:15:00+00:00,7651.5,7655,7651.5,7654,1238
2026-09-10T00:20:00+00:00,7654,7655.25,7653.5,7654,1076
2026-09-10T00:25:00+00:00,7654.25,7656.25,7653,7656.25,1325
2026-09-10T00:30:00+00:00,7655.75,7656.25,7653.25,7654,828
2026-09-10T00:35:00+00:00,7654,7654.5,7653.25,7653.5,570
2026-09-10T00:40:00+00:00,7653.75,7654.25,7652,7654,871
2026-09-10T00:45:00+00:00,7654,7654,7651,7651.5,896
2026-09-10T00:50:00+00:00,7651.75,7651.75,7648.75,7649.75,1625
2026-09-10T00:55:00+00:00,7649.25,7649.75,7647,7647.5,1329
2026-09-10T01:00:00+00:00,7647.5,7650,7647,7648.75,1360
2026-09-10T01:05:00+00:00,7648.75,7650.5,7647.75,7649.25,787
2026-09-10T01:10:00+00:00,7648.75,7649.5,7646.25,7648,1034
2026-09-10T01:15:00+00:00,7648,7650.5,7646.75,7650.5,786
2026-09-10T01:20:00+00:00,7650,7650.5,7646.5,7647,814
2026-09-10T01:25:00+00:00,7647,7647.5,7645,7645.5,1050
2026-09-10T01:30:00+00:00,7645.5,7646.5,7644,7644.25,920
2026-09-10T01:35:00+00:00,7644.25,7646.5,7644,7646.5,605
2026-09-10T01:40:00+00:00,7646.5,7650,7646.25,7649.25,1007
2026-09-10T01:45:00+00:00,7649.25,7652,7648.25,7651.5,1460
2026-09-10T01:50:00+00:00,7651.5,7652,7647.75,7648.25,1236
2026-09-10T01:55:00+00:00,7648.5,7651.75,7648.25,7651.75,884
2026-09-10T02:00:00+00:00,7651.25,7652,7650.25,7651,628
2026-09-10T02:05:00+00:00,7651,7652.25,7650.25,7650.75,732
2026-09-10T02:10:00+00:00,7650.75,7651.25,7648.5,7651.25,1038
2026-09-10T02:15:00+00:00,7651,7651.25,7648.25,7649,740
2026-09-10T02:20:00+00:00,7648.75,7650.75,7648.75,7650,439
2026-09-10T02:25:00+00:00,7650,7650.5,7648.75,7649,434
2026-09-10T02:30:00+00:00,7649,7652,7648.75,7652,535
2026-09-10T02:35:00+00:00,7651.75,7654.25,7651.25,7653.75,1034
2026-09-10T02:40:00+00:00,7653.75,7655.75,7653.25,7654,1000
2026-09-10T02:45:00+00:00,7654.25,7654.75,7653,7653.5,522
2026-09-10T02:50:00+00:00,7653.75,7655.25,7653.25,7655,414
2026-09-10T02:55:00+00:00,7654.75,7655,7653.5,7654.75,310
2026-09-10T03:00:00+00:00,7654.75,7656.25,7654.5,7656,784
2026-09-10T03:05:00+00:00,7656,7656,7654.75,7655.5,387
2026-09-10T03:10:00+00:00,7655.5,7656.75,7654.25,7654.5,795
2026-09-10T03:15:00+00:00,7654.25,7655.25,7654.25,7655,316
2026-09-10T03:20:00+00:00,7655,7656.25,7653,7653.25,745
2026-09-10T03:25:00+00:00,7653.25,7654.25,7652,7654,781
2026-09-10T03:30:00+00:00,7654,7654.75,7653.25,7654.25,483
2026-09-10T03:35:00+00:00,7654.25,7654.5,7653,7653.75,456
2026-09-10T03:40:00+00:00,7654,7655,7653.75,7654.5,261
2026-09-10T03:45:00+00:00,7654.75,7656.5,7654.25,7656,536
2026-09-10T03:50:00+00:00,7655.75,7656,7654.75,7655.5,351
2026-09-10T03:55:00+00:00,7655.5,7656.5,7655.25,7655.75,153
2026-09-10T04:05:00+00:00,7656.5,7656.5,7656,7656.25,1084
2026-09-10T04:10:00+00:00,7656.5,7657.25,7656.25,7656.75,173
2026-09-10T04:15:00+00:00,7656.5,7657,7655.25,7656,454
2026-09-10T04:20:00+00:00,7655.75,7656.75,7655,7656.25,367
2026-09-10T04:25:00+00:00,7656.25,7657.25,7655.75,7656.25,177
2026-09-10T04:30:00+00:00,7656.25,7656.75,7655.75,7656.5,196
2026-09-10T04:35:00+00:00,7656.25,7657.5,7655.75,7657.25,291
2026-09-10T04:40:00+00:00,7657.25,7657.75,7655.75,7656,359
2026-09-10T04:45:00+00:00,7656.25,7658.5,7656,7658.25,546
2026-09-10T04:50:00+00:00,7658,7660,7658,7658.75,797
2026-09-10T04:55:00+00:00,7658.75,7659.5,7658.25,7659,370
2026-09-10T05:00:00+00:00,7659,7660.25,7658.75,7658.75,498
2026-09-10T05:05:00+00:00,7659,7659,7657.75,7658.5,292
2026-09-10T05:10:00+00:00,7658.5,7660,7658,7660,246
2026-09-10T05:15:00+00:00,7659.75,7660,7659,7659.75,280
2026-09-10T05:20:00+00:00,7659.75,7660.5,7659.25,7660.25,250
2026-09-10T05:25:00+00:00,7660.25,7663,7660.25,7662.75,1118
2026-09-10T05:30:00+00:00,7662.75,7664.5,7661.25,7663.75,1076
2026-09-10T05:35:00+00:00,7663.75,7665,7662.5,7662.5,538
2026-09-10T05:40:00+00:00,7662.5,7664,7662.5,7663,383
2026-09-10T05:45:00+00:00,7663,7665.5,7663,7663.25,787
2026-09-10T05:50:00+00:00,7663.5,7663.5,7662,7662,526
2026-09-10T05:55:00+00:00,7662.25,7663.75,7660.75,7663.5,701
2026-09-10T06:00:00+00:00,7663.25,7664.75,7662.5,7663,771
2026-09-10T06:05:00+00:00,7663.25,7663.5,7661,7661.5,587
2026-09-10T06:10:00+00:00,7661.5,7662.75,7661.25,7661.5,432
2026-09-10T06:15:00+00:00,7661.5,7662.25,7659.5,7660,501
2026-09-10T06:20:00+00:00,7660.25,7661.25,7659.25,7660.5,448
2026-09-10T06:25:00+00:00,7660.5,7663.75,7660,7663.75,758
2026-09-10T06:30:00+00:00,7663.75,7665.25,7662.5,7664,916
2026-09-10T06:35:00+00:00,7664,7666,7663,7666,637
2026-09-10T06:40:00+00:00,7666,7666.25,7664.5,7664.75,487
2026-09-10T06:45:00+00:00,7664.5,7666.25,7664.5,7666,394
2026-09-10T06:50:00+00:00,7666,7666.5,7663.75,7664.25,996
2026-09-10T06:55:00+00:00,7664,7664.25,7663.25,7663.75,378
2026-09-10T07:00:00+00:00,7664,7664,7660.5,7660.75,1189
2026-09-10T07:05:00+00:00,7660.5,7662.5,7660,7661.5,591
2026-09-10T07:10:00+00:00,7661.5,7663.5,7661.25,7662.75,533
2026-09-10T07:15:00+00:00,7662.75,7664,7661.25,7663.75,388
2026-09-10T07:20:00+00:00,7663.75,7664,7662.25,7663,467
2026-09-10T07:25:00+00:00,7663,7663,7657.5,7657.75,993
2026-09-10T07:30:00+00:00,7657.75,7659.25,7656.25,7657.5,804
2026-09-10T07:35:00+00:00,7657.25,7660.25,7657,7657.75,779
2026-09-10T07:40:00+00:00,7657.75,7660.75,7657.25,7660.75,459
2026-09-10T07:45:00+00:00,7660.5,7661.25,7658.5,7659.75,803
2026-09-10T07:50:00+00:00,7659.5,7661.25,7659.25,7660.25,527
2026-09-10T07:55:00+00:00,7660.25,7661,7659.5,7659.5,263
2026-09-10T08:00:00+00:00,7659.5,7662.25,7659,7659.75,1293
2026-09-10T08:05:00+00:00,7659.5,7661.25,7657.75,7659.25,875
2026-09-10T08:10:00+00:00,7659.5,7660.75,7657.75,7658,475
2026-09-10T08:15:00+00:00,7658,7658,7656.25,7657.5,620
2026-09-10T08:20:00+00:00,7657.25,7660,7657.25,7659,531
2026-09-10T08:25:00+00:00,7659,7661,7658.25,7660.25,696
2026-09-10T08:30:00+00:00,7660.25,7661,7656,7656.25,782
2026-09-10T08:35:00+00:00,7656.5,7659.5,7656,7657.5,549
2026-09-10T08:40:00+00:00,7657.25,7657.75,7652.75,7653.25,1148
2026-09-10T08:45:00+00:00,7653.75,7655.5,7652.25,7652.5,838
2026-09-10T08:50:00+00:00,7652.5,7653.25,7651.25,7653,604
2026-09-10T08:55:00+00:00,7652.75,7652.75,7651.25,7652.5,535
2026-09-10T09:00:00+00:00,7652.5,7655.5,7651.5,7654.5,836
2026-09-10T09:05:00+00:00,7654.5,7655,7651.25,7652,518
2026-09-10T09:10:00+00:00,7652.25,7653.75,7651.75,7652.75,399
2026-09-10T09:15:00+00:00,7653,7653.75,7651.75,7653.5,235
2026-09-10T09:20:00+00:00,7653.75,7654,7651,7651,443
2026-09-10T09:25:00+00:00,7651.25,7652.25,7649.75,7650.5,768
2026-09-10T09:30:00+00:00,7650.25,7650.5,7647.25,7649.75,930
2026-09-10T09:35:00+00:00,7649.75,7650,7647.5,7647.5,502
2026-09-10T09:40:00+00:00,7647.5,7650.75,7646,7650.5,1136
2026-09-10T09:45:00+00:00,7650.5,7652.25,7650.25,7652,935
2026-09-10T09:50:00+00:00,7651.75,7655,7651,7652.75,1491
2026-09-10T09:55:00+00:00,7652.75,7653.25,7651.25,7652,635
2026-09-10T10:00:00+00:00,7651.75,7654.25,7650.25,7653,1102
2026-09-10T10:05:00+00:00,7653,7653.5,7649.5,7650.5,582
2026-09-10T10:10:00+00:00,7650.25,7652,7649.5,7650.5,470
2026-09-10T10:15:00+00:00,7650.5,7652.25,7650.25,7651.75,509
2026-09-10T10:20:00+00:00,7651.75,7652.5,7650.5,7651.5,470
2026-09-10T10:25:00+00:00,7651.5,7653.5,7650.25,7651,1686
2026-09-10T10:30:00+00:00,7651.25,7651.25,7647,7648,1008
2026-09-10T10:35:00+00:00,7648,7652.25,7647.5,7652,1600
2026-09-10T10:40:00+00:00,7652,7653.5,7651,7651,854
2026-09-10T10:45:00+00:00,7651.25,7651.5,7649.25,7650.75,755
2026-09-10T10:50:00+00:00,7650.75,7651.25,7646.75,7646.75,795
2026-09-10T10:55:00+00:00,7646.5,7656.75,7646,7648.25,7197
2026-09-10T11:00:00+00:00,7648.25,7648.75,7644.25,7646.75,2255
2026-09-10T11:05:00+00:00,7647,7647.5,7643.5,7644.5,1426
2026-09-10T11:10:00+00:00,7644.75,7646,7642.75,7645,1347
2026-09-10T11:15:00+00:00,7645,7645.75,7644,7644.25,864
2026-09-10T11:20:00+00:00,7644.25,7644.75,7642.5,7644.75,671
2026-09-10T11:25:00+00:00,7644.5,7644.75,7642.75,7643,337
2026-09-10T11:30:00+00:00,7643.25,7648.5,7643,7647.5,1239
2026-09-10T11:35:00+00:00,7647.25,7648.5,7646,7647.25,881
2026-09-10T11:40:00+00:00,7647,7647.25,7643.25,7644.75,1218
2026-09-10T11:45:00+00:00,7644.5,7646,7641.25,7641.5,1444
2026-09-10T11:50:00+00:00,7641.5,7642,7636.75,7637.75,2891
2026-09-10T11:55:00+00:00,7637.5,7637.75,7632,7632,4498
2026-09-10T12:00:00+00:00,7632,7634.75,7629.5,7630.25,4331
2026-09-10T12:05:00+00:00,7630.5,7632,7629,7629.5,3207
2026-09-10T12:10:00+00:00,7629.25,7634,7628.75,7632.75,1970
2026-09-10T12:15:00+00:00,7633.5,7633.75,7627.5,7628,4688
2026-09-10T12:20:00+00:00,7628.25,7628.5,7626,7627,2690
2026-09-10T12:25:00+00:00,7626.5,7630.75,7623.5,7626.5,2953
2026-09-10T12:30:00+00:00,7628.25,7631.25,7605.25,7605.5,15514
2026-09-10T12:35:00+00:00,7605.75,7613.5,7605.75,7609,10731
2026-09-10T12:40:00+00:00,7609,7609.5,7598.75,7602.5,11339
2026-09-10T12:45:00+00:00,7602.5,7605,7597.75,7604.75,7348
2026-09-10T12:50:00+00:00,7604.5,7607,7602.75,7606,7035
2026-09-10T12:55:00+00:00,7605.75,7605.75,7600,7601.5,5612
2026-09-10T13:00:00+00:00,7601.5,7609,7600.75,7608.5,7557
2026-09-10T13:05:00+00:00,7608.5,7608.75,7601.75,7603.5,6966
2026-09-10T13:10:00+00:00,7603.25,7605.75,7600.5,7600.75,4348
2026-09-10T13:15:00+00:00,7600.75,7603.5,7599,7601.25,5709
2026-09-10T13:20:00+00:00,7601.25,7603,7598.5,7598.75,3293
2026-09-10T13:25:00+00:00,7599,7600.5,7595.75,7598.75,9447
2026-09-10T13:30:00+00:00,7599,7603,7595,7596.75,26484
2026-09-10T13:35:00+00:00,7597,7604.5,7593.75,7603.25,23111
2026-09-10T13:40:00+00:00,7603.5,7606.5,7599.5,7600.25,23002
2026-09-10T13:45:00+00:00,7600.25,7609.25,7600,7605.5,23368
2026-09-10T13:50:00+00:00,7605.75,7605.75,7591.5,7592.25,27648
2026-09-10T13:55:00+00:00,7592.25,7593,7586,7586.75,23936
2026-09-10T14:00:00+00:00,7586.75,7597,7586.25,7592,23145
2026-09-10T14:05:00+00:00,7592,7593.25,7585.5,7587.5,17595
2026-09-10T14:10:00+00:00,7587.5,7597,7586.75,7593,16698
2026-09-10T14:15:00+00:00,7592.75,7600,7590.5,7599.25,18489
2026-09-10T14:20:00+00:00,7599.25,7620,7598.5,7612.75,37072
2026-09-10T14:25:00+00:00,7612.75,7618.25,7604.75,7606.5,31822
2026-09-10T14:30:00+00:00,7606.25,7611.75,7605.5,7608,15262
2026-09-10T14:35:00+00:00,7608,7615.5,7608,7612.5,13027
2026-09-10T14:40:00+00:00,7612.25,7613.75,7606,7608,13039
2026-09-10T14:45:00+00:00,7607.75,7609.75,7603.75,7607.5,13512
2026-09-10T14:50:00+00:00,7607.25,7611.5,7604.25,7611,11805
2026-09-10T14:55:00+00:00,7611.25,7614.5,7608.25,7613.5,10298
2026-09-10T15:00:00+00:00,7613.25,7613.75,7604.75,7607.75,14454
2026-09-10T15:05:00+00:00,7608,7614,7607.5,7609.5,8997
2026-09-10T15:10:00+00:00,7609.5,7614.25,7608.75,7609.75,11535
2026-09-10T15:15:00+00:00,7609.75,7612,7608,7610.25,7406
2026-09-10T15:20:00+00:00,7610.25,7613,7605.75,7612.75,11155
2026-09-10T15:25:00+00:00,7612.75,7615.25,7610.5,7611.25,8906
2026-09-10T15:30:00+00:00,7611.5,7615.5,7609.5,7614,9719
2026-09-10T15:35:00+00:00,7613.75,7619.25,7610,7612,14507
2026-09-10T15:40:00+00:00,7611.75,7614,7610,7613.5,8057
2026-09-10T15:45:00+00:00,7613.25,7614.5,7606.75,7610.5,11554
2026-09-10T15:50:00+00:00,7610.5,7612.75,7605.25,7605.25,9809
2026-09-10T15:55:00+00:00,7605.25,7606.5,7601.25,7604.75,13018
2026-09-10T16:00:00+00:00,7604.75,7610.25,7603.5,7605,13247
2026-09-10T16:05:00+00:00,7604.75,7605.75,7599.75,7600,9481
2026-09-10T16:10:00+00:00,7600,7602.75,7597.5,7600.25,10971
2026-09-10T16:15:00+00:00,7600.25,7603.75,7598,7599.5,8693
2026-09-10T16:20:00+00:00,7599.75,7602.5,7599.25,7599.75,6293
2026-09-10T16:25:00+00:00,7600,7600.25,7597,7600.25,6694
2026-09-10T16:30:00+00:00,7600.25,7603.5,7594.25,7594.25,18559
2026-09-10T16:35:00+00:00,7594.25,7601.75,7591.5,7601,15679
2026-09-10T16:40:00+00:00,7601,7608.5,7600.25,7607.25,10453
2026-09-10T16:45:00+00:00,7607.5,7613,7607.25,7607.5,12881
2026-09-10T16:50:00+00:00,7607.5,7611.25,7606.25,7611.25,8135
2026-09-10T16:55:00+00:00,7611,7612.75,7609.5,7611.25,6292
2026-09-10T17:00:00+00:00,7611.25,7617.75,7607,7609.5,12153
2026-09-10T17:05:00+00:00,7609.5,7612.25,7607.75,7608.75,6951
2026-09-10T17:10:00+00:00,7609,7613.75,7608.5,7609.5,5332
2026-09-10T17:15:00+00:00,7609.5,7611.25,7607.75,7609.25,3682
2026-09-10T17:20:00+00:00,7609,7610.25,7605.25,7606.25,4412
2026-09-10T17:25:00+00:00,7606.25,7606.5,7604.5,7605.25,4728
2026-09-10T17:30:00+00:00,7605,7607.25,7602.75,7605,6767
2026-09-10T17:35:00+00:00,7605,7607.25,7599.75,7600,5769
2026-09-10T17:40:00+00:00,7600,7603.75,7599.75,7603.5,4414
2026-09-10T17:45:00+00:00,7603.75,7604.25,7601.25,7602.25,3351
2026-09-10T17:50:00+00:00,7602,7605,7601.25,7603.25,5597
2026-09-10T17:55:00+00:00,7603.5,7604.75,7601.25,7602.5,3849
2026-09-10T18:00:00+00:00,7602.25,7605.25,7597.5,7599,7219
2026-09-10T18:05:00+00:00,7599,7601.25,7596,7597,6561
2026-09-10T18:10:00+00:00,7596.75,7598.5,7594,7596.25,6705
2026-09-10T18:15:00+00:00,7596.25,7597,7594,7596.25,4467
2026-09-10T18:20:00+00:00,7596.25,7600,7596,7597.5,4715
2026-09-10T18:25:00+00:00,7597.5,7598.75,7595.25,7596.5,4083
2026-09-10T18:30:00+00:00,7596.5,7596.5,7591.75,7595.25,6467
2026-09-10T18:35:00+00:00,7595.25,7598.25,7594.25,7598,3954
2026-09-10T18:40:00+00:00,7598.25,7598.75,7596.25,7597.75,2973
2026-09-10T18:45:00+00:00,7597.75,7600.5,7593.5,7597,8044
2026-09-10T18:50:00+00:00,7597.25,7603.5,7595,7599,11529
2026-09-10T18:55:00+00:00,7599.25,7600.75,7596,7597.25,4448
2026-09-10T19:00:00+00:00,7597,7597.25,7592.5,7592.5,6593
2026-09-10T19:05:00+00:00,7592.5,7599.5,7592.5,7599,8502
2026-09-10T19:10:00+00:00,7599.25,7599.25,7594.75,7597.5,5904
2026-09-10T19:15:00+00:00,7597.75,7599.25,7593,7595,5735
2026-09-10T19:20:00+00:00,7594.75,7596.75,7593,7596.5,3915
2026-09-10T19:25:00+00:00,7596.5,7597.5,7594.5,7596,2987
2026-09-10T19:30:00+00:00,7595.75,7599.75,7594,7599,5327
2026-09-10T19:35:00+00:00,7599,7601.25,7596.25,7599.75,6078
2026-09-10T19:40:00+00:00,7599.75,7602.75,7599.5,7600,5475
2026-09-10T19:45:00+00:00,7600.25,7602,7597.5,7600.75,6723
2026-09-10T19:50:00+00:00,7601,7603,7595.75,7598.5,12774
2026-09-10T19:55:00+00:00,7598.5,7600.5,7596,7598.5,22501
2026-09-10T20:00:00+00:00,7598.75,7599.5,7596.5,7597.75,4676
2026-09-10T20:05:00+00:00,7598,7602,7596,7601.5,2220
2026-09-10T20:10:00+00:00,7601.25,7606.25,7599.75,7605.75,3741
2026-09-10T20:15:00+00:00,7606,7606.5,7603.5,7604.75,1104
2026-09-10T20:20:00+00:00,7604.75,7605.75,7604.25,7605.25,921
2026-09-10T20:25:00+00:00,7605.25,7605.75,7603.25,7603.5,909
2026-09-10T20:30:00+00:00,7603.75,7604.5,7603.25,7604.5,1622
2026-09-10T20:35:00+00:00,7604.25,7605,7603.75,7604.75,628
2026-09-10T20:40:00+00:00,7604.75,7605,7604,7604,764
2026-09-10T20:45:00+00:00,7604.25,7605.25,7603.75,7604.5,1121
2026-09-10T20:50:00+00:00,7604.25,7605.5,7604,7605,581
2026-09-10T20:55:00+00:00,7604.75,7605.25,7599.25,7602,1095
2026-09-10T22:00:00+00:00,7599.75,7603.25,7599.5,7602.5,0
2026-09-10T22:05:00+00:00,7602.25,7603,7600.25,7602.25,429
2026-09-10T22:10:00+00:00,7602.5,7603.75,7602,7602.75,307
2026-09-10T22:15:00+00:00,7602.5,7605.25,7602.25,7605,644
2026-09-10T22:20:00+00:00,7604.75,7607.25,7603.75,7604.25,1328
2026-09-10T22:25:00+00:00,7604.25,7604.75,7601,7601.25,732
2026-09-10T22:30:00+00:00,7601,7602,7600,7601.25,831
2026-09-10T22:35:00+00:00,7601.25,7601.75,7600.25,7600.25,530
2026-09-10T22:40:00+00:00,7600.25,7600.75,7598.75,7599.25,702
2026-09-10T22:45:00+00:00,7599,7601.75,7598.25,7601.75,624
2026-09-10T22:50:00+00:00,7601.75,7601.75,7598.75,7599.25,411
2026-09-10T22:55:00+00:00,7599.25,7600.25,7599,7599.75,345
2026-09-10T23:00:00+00:00,7599.5,7601.5,7599,7599.5,369
2026-09-10T23:05:00+00:00,7599.5,7600.75,7599.5,7600.75,225
2026-09-10T23:10:00+00:00,7601,7601.5,7600,7601.25,223
2026-09-10T23:15:00+00:00,7601.5,7601.75,7600.5,7601,306
2026-09-10T23:20:00+00:00,7601,7601.75,7599.5,7599.5,258
2026-09-10T23:25:00+00:00,7599.5,7601.25,7599.5,7600.25,206
2026-09-10T23:30:00+00:00,7600.5,7601.75,7600.25,7600.75,302
2026-09-10T23:35:00+00:00,7600.75,7601.5,7599.75,7601,261
2026-09-10T23:40:00+00:00,7601,7601.25,7599.75,7601,544
2026-09-10T23:45:00+00:00,7601,7601.25,7599,7599.25,408
2026-09-10T23:50:00+00:00,7599.5,7599.75,7597,7597.25,765
2026-09-10T23:55:00+00:00,7597.25,7597.25,7594.25,7595.25,1410
2026-09-11T00:00:00+00:00,7595,7601.5,7594.5,7600.25,2617
2026-09-11T00:05:00+00:00,7600.25,7606,7600,7603.5,2285
2026-09-11T00:10:00+00:00,7603.5,7606.25,7603.25,7604.25,1044
2026-09-11T00:15:00+00:00,7604.5,7606,7603.5,7604.25,881
2026-09-11T00:20:00+00:00,7604.25,7606.5,7602.75,7605.25,833
2026-09-11T00:25:00+00:00,7605.25,7608.75,7604.75,7608.5,1348
2026-09-11T00:30:00+00:00,7608.5,7608.75,7605.25,7606.75,898
2026-09-11T00:35:00+00:00,7606.75,7612.5,7606.5,7610.75,1901
2026-09-11T00:40:00+00:00,7610.75,7611.25,7606.5,7606.75,1810
2026-09-11T00:45:00+00:00,7607,7609.25,7606.75,7608.25,693
2026-09-11T00:50:00+00:00,7608.75,7611.5,7608.75,7611.25,790
2026-09-11T00:55:00+00:00,7611.25,7613.75,7610.75,7613.25,908
2026-09-11T01:00:00+00:00,7613.5,7616.25,7612.5,7615.5,1738
2026-09-11T01:05:00+00:00,7615.5,7615.5,7613,7614.25,1022
2026-09-11T01:10:00+00:00,7614.25,7615.75,7612.75,7613.25,680
2026-09-11T01:15:00+00:00,7613.25,7613.5,7611.25,7611.5,790
2026-09-11T01:20:00+00:00,7611.5,7612,7609,7609.75,956
2026-09-11T01:25:00+00:00,7609.75,7611,7609,7609,575
2026-09-11T01:30:00+00:00,7609.25,7611.5,7609,7610,736
2026-09-11T01:35:00+00:00,7610,7611.75,7607.5,7608,813
2026-09-11T01:40:00+00:00,7608,7608.75,7606.75,7608.5,901
2026-09-11T01:45:00+00:00,7608.5,7608.75,7606.75,7608,496
2026-09-11T01:50:00+00:00,7607.75,7608.75,7607,7608,268
2026-09-11T01:55:00+00:00,7608.25,7610,7607.75,7610,580
2026-09-11T02:00:00+00:00,7610,7611.25,7608.5,7609,805
2026-09-11T02:05:00+00:00,7609.25,7610.75,7608.5,7609,455
2026-09-11T02:10:00+00:00,7609,7611,7609,7610.25,392
2026-09-11T02:15:00+00:00,7610.25,7610.25,7607.5,7608.25,582
2026-09-11T02:20:00+00:00,7608.25,7609.25,7607.25,7607.75,368
2026-09-11T02:25:00+00:00,7607.5,7607.75,7605,7606.25,886
2026-09-11T02:30:00+00:00,7606,7606.75,7603.25,7603.5,805
2026-09-11T02:35:00+00:00,7603.75,7606.25,7603.5,7605.5,482
2026-09-11T02:40:00+00:00,7605.5,7606.5,7602.25,7603,882
2026-09-11T02:45:00+00:00,7603.25,7607.5,7602.5,7607,903
2026-09-11T02:50:00+00:00,7607.5,7608,7603.25,7603.5,889
2026-09-11T02:55:00+00:00,7603.5,7604.5,7602.75,7603.75,511
2026-09-11T03:00:00+00:00,7603.5,7604.25,7601.75,7602.5,652
2026-09-11T03:05:00+00:00,7602.25,7602.5,7601,7602,761
2026-09-11T03:10:00+00:00,7601.75,7602.5,7599.75,7602.5,758
2026-09-11T03:15:00+00:00,7602.25,7603.5,7601,7602.75,445
2026-09-11T03:20:00+00:00,7602.75,7603,7600,7600.5,551
2026-09-11T03:25:00+00:00,7600.5,7602.5,7600.25,7601.25,354
2026-09-11T03:30:00+00:00,7601.25,7601.5,7597.75,7599.5,915
2026-09-11T03:35:00+00:00,7599.5,7601.75,7598.75,7600.5,558
2026-09-11T03:40:00+00:00,7600.5,7604.5,7600,7603.75,821
2026-09-11T03:45:00+00:00,7603.5,7604.25,7599.5,7600.25,734
2026-09-11T03:50:00+00:00,7599.75,7601.75,7599.25,7601.25,488
2026-09-11T03:55:00+00:00,7601.25,7603,7601.25,7602.75,397
2026-09-11T04:05:00+00:00,7605,7605.25,7603.75,7604.25,2870
2026-09-11T04:10:00+00:00,7604.25,7607,7601.25,7606.75,1517
2026-09-11T04:15:00+00:00,7606.75,7606.75,7604.5,7605.25,560
2026-09-11T04:20:00+00:00,7605,7608.5,7605,7608,858
2026-09-11T04:25:00+00:00,7608.25,7611,7608.25,7610.75,877
2026-09-11T04:30:00+00:00,7611,7612.25,7610,7610.25,667
2026-09-11T04:35:00+00:00,7610.25,7611.5,7610,7610.75,260
2026-09-11T04:40:00+00:00,7610.75,7612.5,7610.5,7612.5,463
2026-09-11T04:45:00+00:00,7612.5,7613,7611.5,7612.75,474
2026-09-11T04:50:00+00:00,7612.75,7614.5,7612,7612.75,589
2026-09-11T04:55:00+00:00,7612.75,7613.5,7610.75,7611.25,439
2026-09-11T05:00:00+00:00,7611,7611.75,7610.75,7611.25,554
2026-09-11T05:05:00+00:00,7611.5,7615,7611.25,7614.75,991
2026-09-11T05:10:00+00:00,7614.75,7616.75,7613.5,7616.25,829
2026-09-11T05:15:00+00:00,7616.25,7617,7613.75,7614.25,663
2026-09-11T05:20:00+00:00,7614.25,7615,7612.75,7614.25,1002
2026-09-11T05:25:00+00:00,7614.25,7614.25,7611.5,7612,917
2026-09-11T05:30:00+00:00,7612,7615.75,7612,7615,843
2026-09-11T05:35:00+00:00,7615.25,7617.25,7614.75,7617,570
2026-09-11T05:40:00+00:00,7617.25,7620.75,7616.5,7620,1573
2026-09-11T05:45:00+00:00,7620,7622.75,7617.5,7622.5,1378
2026-09-11T05:50:00+00:00,7622.5,7625.75,7621,7624.5,1562
2026-09-11T05:55:00+00:00,7624.5,7627.5,7624.25,7626,1653
2026-09-11T06:00:00+00:00,7626,7626.75,7623,7623.75,944
2026-09-11T06:05:00+00:00,7623.75,7628.75,7622.25,7626.25,1537
2026-09-11T06:10:00+00:00,7626,7629.25,7624.75,7627.75,1054
2026-09-11T06:15:00+00:00,7627.5,7629,7626.5,7628,1211
2026-09-11T06:20:00+00:00,7628.25,7628.25,7626,7627,780
2026-09-11T06:25:00+00:00,7627.25,7627.75,7625.5,7626.75,857
2026-09-11T06:30:00+00:00,7627,7629,7623.5,7624.25,1914
2026-09-11T06:35:00+00:00,7624.5,7628.25,7624.5,7627.25,874
2026-09-11T06:40:00+00:00,7627.25,7627.5,7625,7626.25,928
2026-09-11T06:45:00+00:00,7626.25,7632.25,7626.25,7630.5,1918
2026-09-11T06:50:00+00:00,7630.5,7631.5,7629.25,7630.25,620
2026-09-11T06:55:00+00:00,7630.5,7632,7629.75,7630.75,550
2026-09-11T07:00:00+00:00,7631,7632.75,7630.25,7632.75,1292
2026-09-11T07:05:00+00:00,7633,7633,7630.25,7631,762
2026-09-11T07:10:00+00:00,7631,7632.75,7628.75,7630,983
2026-09-11T07:15:00+00:00,7630.5,7631.5,7628.75,7630,605
2026-09-11T07:20:00+00:00,7630,7631.5,7628.75,7630.25,560
2026-09-11T07:25:00+00:00,7630,7630,7627,7627,689
2026-09-11T07:30:00+00:00,7627.25,7629,7625.75,7625.75,772
2026-09-11T07:35:00+00:00,7625.75,7628,7625.5,7627.25,628
2026-09-11T07:40:00+00:00,7627.25,7627.5,7625.25,7626.25,609
2026-09-11T07:45:00+00:00,7626,7626.5,7624.75,7625,483
2026-09-11T07:50:00+00:00,7624.75,7626.5,7624.5,7626,357
2026-09-11T07:55:00+00:00,7625.5,7627.5,7625.5,7626.75,580
2026-09-11T08:00:00+00:00,7626.75,7630.5,7625,7626,1640
2026-09-11T08:05:00+00:00,7626,7626.5,7623.25,7624,828
2026-09-11T08:10:00+00:00,7624.25,7628.75,7623,7627,2434
2026-09-11T08:15:00+00:00,7627,7631.25,7626,7628.5,1211
2026-09-11T08:20:00+00:00,7628.5,7643.25,7628.25,7635,8197
2026-09-11T08:25:00+00:00,7635,7635.5,7630.5,7631.25,1904
2026-09-11T08:30:00+00:00,7631.5,7638.25,7631.25,7636.5,2157
2026-09-11T08:35:00+00:00,7636.5,7637.25,7634.5,7635,1476
2026-09-11T08:40:00+00:00,7634.75,7636,7633.75,7634.25,504
2026-09-11T08:45:00+00:00,7634.5,7637.75,7633.5,7636.5,1220
2026-09-11T08:50:00+00:00,7636.5,7642.25,7636.5,7640.75,2340
2026-09-11T08:55:00+00:00,7640.5,7643.75,7639.75,7643.75,1262
2026-09-11T09:00:00+00:00,7644,7647.25,7642.75,7643.25,2179
2026-09-11T09:05:00+00:00,7643,7643.25,7639.25,7639.25,943
2026-09-11T09:10:00+00:00,7639.25,7640,7637.5,7637.5,775
2026-09-11T09:15:00+00:00,7637.25,7640,7636.5,7639.5,857
2026-09-11T09:20:00+00:00,7639.5,7640.25,7638.5,7639.5,643
2026-09-11T09:25:00+00:00,7639.25,7639.75,7638.25,7638.75,300
2026-09-11T09:30:00+00:00,7638.75,7640.25,7638.5,7639.5,382
2026-09-11T09:35:00+00:00,7639.75,7640.5,7639,7640,393
2026-09-11T09:40:00+00:00,7640,7641,7638.75,7639.25,521
2026-09-11T09:45:00+00:00,7639.25,7641.25,7638.75,7640,495
2026-09-11T09:50:00+00:00,7640,7640.75,7639.25,7639.75,425
2026-09-11T09:55:00+00:00,7639.75,7642.25,7639.5,7641,561
2026-09-11T10:00:00+00:00,7640.75,7645.25,7635.25,7644.75,4227
2026-09-11T10:05:00+00:00,7644.5,7644.5,7643,7643.75,721
2026-09-11T10:10:00+00:00,7643.75,7644,7641.25,7642.5,934
2026-09-11T10:15:00+00:00,7642.25,7643.25,7641.25,7642.5,593
2026-09-11T10:20:00+00:00,7642.25,7643.25,7640.5,7641.75,915
2026-09-11T10:25:00+00:00,7641.75,7642,7639.75,7640.75,418
2026-09-11T10:30:00+00:00,7640.75,7642.75,7640.25,7642.25,380
2026-09-11T10:35:00+00:00,7642.75,7643.5,7640.5,7642,472
2026-09-11T10:40:00+00:00,7641.75,7641.75,7639.75,7639.75,713
2026-09-11T10:45:00+00:00,7640,7640.25,7638,7638.75,768
2026-09-11T10:50:00+00:00,7638.75,7639.75,7638,7638.25,398
2026-09-11T10:55:00+00:00,7638.5,7639.5,7637.75,7638.5,684
2026-09-11T11:00:00+00:00,7638.75,7639.75,7637.75,7638.25,793
2026-09-11T11:05:00+00:00,7638.25,7638.5,7635.5,7636.5,819
2026-09-11T11:10:00+00:00,7636.25,7637.25,7635.75,7636,469
2026-09-11T11:15:00+00:00,7636.25,7638.75,7635.5,7638.5,663
2026-09-11T11:20:00+00:00,7638.75,7639,7636,7638.25,535
2026-09-11T11:25:00+00:00,7638.25,7641.25,7638.25,7639.25,1386
2026-09-11T11:30:00+00:00,7639.25,7640.75,7636,7636.5,918
2026-09-11T11:35:00+00:00,7636.5,7638.5,7635.5,7638,762
2026-09-11T11:40:00+00:00,7637.75,7640.75,7637.75,7640.25,625
2026-09-11T11:45:00+00:00,7640.5,7641.75,7637.5,7641,1129
2026-09-11T11:50:00+00:00,7641,7641,7639.25,7640.5,637
2026-09-11T11:55:00+00:00,7640.5,7642.5,7639.75,7641,963
2026-09-11T12:00:00+00:00,7640.75,7641.5,7637.5,7639.5,1079
2026-09-11T12:05:00+00:00,7639.5,7640.5,7638.25,7640.5,1340
2026-09-11T12:10:00+00:00,7640.5,7644.25,7639.25,7641.75,2411
2026-09-11T12:15:00+00:00,7641.75,7646,7640.5,7644.5,1574
2026-09-11T12:20:00+00:00,7644.75,7646.75,7643,7643.5,1752
2026-09-11T12:25:00+00:00,7643.75,7656.5,7642.75,7653.5,5819
2026-09-11T12:30:00+00:00,7653,7655.75,7620.25,7642.75,19728
2026-09-11T12:35:00+00:00,7642.75,7650.75,7640.25,7647.75,8456
2026-09-11T12:40:00+00:00,7647.75,7650,7644.5,7646.5,4379
2026-09-11T12:45:00+00:00,7646.75,7658.25,7644.75,7655.75,7346
2026-09-11T12:50:00+00:00,7656,7668.5,7655.75,7667.25,10717
2026-09-11T12:55:00+00:00,7667.25,7677.25,7666.5,7676,9887
2026-09-11T13:00:00+00:00,7676.25,7683.25,7675.75,7677.25,13037
2026-09-11T13:05:00+00:00,7677.25,7680,7671.25,7673.25,10155
2026-09-11T13:10:00+00:00,7673.25,7674.25,7665.5,7667.5,8948
2026-09-11T13:15:00+00:00,7667.25,7669,7665,7665.5,6510
2026-09-11T13:20:00+00:00,7665.5,7668.25,7665.5,7667,3698
2026-09-11T13:25:00+00:00,7667,7673,7664.5,7665.25,12541
2026-09-11T13:30:00+00:00,7665.25,7676.5,7659.75,7675.5,36460
2026-09-11T13:35:00+00:00,7675.25,7677.75,7671.25,7673.5,25835
2026-09-11T13:40:00+00:00,7673.25,7676,7664,7672.25,32164
2026-09-11T13:45:00+00:00,7672.25,7677.25,7665.5,7667.25,23905
2026-09-11T13:50:00+00:00,7667.5,7670.75,7664.75,7669,14414
2026-09-11T13:55:00+00:00,7669,7682,7667.75,7681,13351
2026-09-11T14:00:00+00:00,7681,7681.25,7671.25,7672,18203
2026-09-11T14:05:00+00:00,7672,7673.75,7666.75,7671.75,14431
2026-09-11T14:10:00+00:00,7672,7674.75,7665.25,7666.5,19396
2026-09-11T14:15:00+00:00,7666.5,7675.5,7664,7675,15103
2026-09-11T14:20:00+00:00,7675,7678.75,7673.5,7675.5,10895
2026-09-11T14:25:00+00:00,7675.25,7678.75,7673.25,7674.75,8856
2026-09-11T14:30:00+00:00,7675,7675.75,7664.5,7665,17026
2026-09-11T14:35:00+00:00,7664.75,7665.25,7657.5,7660.25,20426
2026-09-11T14:40:00+00:00,7660.75,7665,7656,7657.75,16196
2026-09-11T14:45:00+00:00,7657.75,7665.75,7653.25,7664.75,31459
2026-09-11T14:50:00+00:00,7664.75,7665,7657.25,7658,13587
2026-09-11T14:55:00+00:00,7658.25,7659.5,7654.25,7657,10771
2026-09-11T15:00:00+00:00,7657.25,7664.25,7655.25,7664,12418
2026-09-11T15:05:00+00:00,7664,7670.25,7663.25,7666.5,13761
2026-09-11T15:10:00+00:00,7666.5,7667.25,7658.25,7663.5,13193
2026-09-11T15:15:00+00:00,7663.25,7673.25,7663.25,7671.5,12631
2026-09-11T15:20:00+00:00,7671.5,7676.75,7670.75,7676.25,10751
2026-09-11T15:25:00+00:00,7676,7680,7674.25,7677.5,12038
2026-09-11T15:30:00+00:00,7677.5,7679.5,7675,7676.5,9463
2026-09-11T15:35:00+00:00,7676.5,7678.25,7673.75,7677,8326
2026-09-11T15:40:00+00:00,7677.25,7680.5,7676.25,7678.75,6617
2026-09-11T15:45:00+00:00,7679,7679.25,7675.25,7676.75,6393
2026-09-11T15:50:00+00:00,7676.75,7677.75,7671.75,7673.25,6948
2026-09-11T15:55:00+00:00,7673,7676,7671.5,7675,7463
2026-09-11T16:00:00+00:00,7675,7680,7675,7679,8502
2026-09-11T16:05:00+00:00,7679.25,7679.75,7675.25,7677,5695
2026-09-11T16:10:00+00:00,7676.75,7678,7673,7673.75,6164
2026-09-11T16:15:00+00:00,7673.5,7674.25,7671.5,7672.5,7836
2026-09-11T16:20:00+00:00,7672.5,7674,7670.25,7671.25,7391
2026-09-11T16:25:00+00:00,7671.5,7673.75,7666.25,7667.25,19399
2026-09-11T16:30:00+00:00,7666.75,7675.5,7665.75,7673.75,16935
2026-09-11T16:35:00+00:00,7673.5,7673.75,7666.75,7667.25,7360
2026-09-11T16:40:00+00:00,7667,7672.5,7666.25,7672.25,9033
2026-09-11T16:45:00+00:00,7672.25,7674,7670.75,7670.75,5236
2026-09-11T16:50:00+00:00,7670.75,7673.25,7670.5,7671.75,4188
2026-09-11T16:55:00+00:00,7672,7674.5,7671.5,7674,3963
2026-09-11T17:00:00+00:00,7674.25,7676.5,7673.25,7674.25,5989
2026-09-11T17:05:00+00:00,7674,7678.75,7673.75,7675.25,9728
2026-09-11T17:10:00+00:00,7675.25,7676.75,7673,7673.25,6217
2026-09-11T17:15:00+00:00,7673.5,7677.25,7673.25,7676.75,3509
2026-09-11T17:20:00+00:00,7677,7680.5,7676.5,7680.25,5957
2026-09-11T17:25:00+00:00,7680.25,7681.25,7677,7677.75,5979
2026-09-11T17:30:00+00:00,7677.75,7680.5,7676.75,7677.5,5057
2026-09-11T17:35:00+00:00,7677.75,7678.25,7675.5,7676,4378
2026-09-11T17:40:00+00:00,7675.75,7677.75,7675.5,7676.25,3182
2026-09-11T17:45:00+00:00,7676.25,7677.25,7675,7676.75,3661
2026-09-11T17:50:00+00:00,7676.75,7677.5,7676,7676.25,2322
2026-09-11T17:55:00+00:00,7676,7676.5,7674,7674.75,3977
2026-09-11T18:00:00+00:00,7675,7677.75,7674.5,7676.5,4825
2026-09-11T18:05:00+00:00,7676.25,7676.25,7673.5,7674.75,4279
2026-09-11T18:10:00+00:00,7674.75,7675,7672.75,7673.25,4649
2026-09-11T18:15:00+00:00,7673.25,7675,7672.75,7673.5,4704
2026-09-11T18:20:00+00:00,7673.5,7673.75,7668.75,7671.25,15874
2026-09-11T18:25:00+00:00,7671.25,7673.25,7669.5,7672,6843
2026-09-11T18:30:00+00:00,7672,7673.75,7669.25,7672.25,5163
2026-09-11T18:35:00+00:00,7672.25,7673.25,7670,7670.75,2651
2026-09-11T18:40:00+00:00,7670.75,7671.75,7668.5,7669,3284
2026-09-11T18:45:00+00:00,7669,7671.25,7667.25,7668.25,6473
2026-09-11T18:50:00+00:00,7668.25,7669.5,7668,7668,2159
2026-09-11T18:55:00+00:00,7668.25,7670.25,7667,7667.75,3486
2026-09-11T19:00:00+00:00,7668,7669.75,7667.5,7669,3129
2026-09-11T19:05:00+00:00,7669,7669,7664.75,7665.25,6040
2026-09-11T19:10:00+00:00,7665,7667,7663,7666.5,7204
2026-09-11T19:15:00+00:00,7666.75,7668.5,7666.25,7667.5,4027
2026-09-11T19:20:00+00:00,7667.5,7669.75,7666.5,7669.5,4013
2026-09-11T19:25:00+00:00,7669.5,7670.5,7667.5,7667.75,4809
2026-09-11T19:30:00+00:00,7668,7668.75,7666.25,7667.25,4598
2026-09-11T19:35:00+00:00,7667.25,7667.5,7666,7666.75,3359
2026-09-11T19:40:00+00:00,7666.75,7668,7666.25,7667.75,4325
2026-09-11T19:45:00+00:00,7667.5,7667.75,7664.5,7664.75,6066
2026-09-11T19:50:00+00:00,7664.75,7665.5,7661.75,7664,13279
2026-09-11T19:55:00+00:00,7664,7664.25,7657.5,7658.75,23888
2026-09-11T20:00:00+00:00,7658.75,7661.25,7658.5,7661,5989
2026-09-11T20:05:00+00:00,7661,7661.75,7660.5,7661,1518
2026-09-11T20:10:00+00:00,7661.25,7662,7659.5,7660.5,1749
2026-09-11T20:15:00+00:00,7660.75,7661,7659.75,7660.25,758
2026-09-11T20:20:00+00:00,7660.25,7662,7660.25,7661.5,823
2026-09-11T20:25:00+00:00,7661.5,7662,7660.5,7661.25,434
2026-09-11T20:30:00+00:00,7660.75,7663.5,7660.75,7662.5,1338
2026-09-11T20:35:00+00:00,7662.5,7662.75,7661.75,7662,688
2026-09-11T20:40:00+00:00,7661.75,7662.25,7660,7660.75,978
2026-09-11T20:45:00+00:00,7661.25,7661.25,7659.75,7660.25,724
2026-09-11T20:50:00+00:00,7660.25,7661.5,7659.75,7661.25,662
2026-09-11T20:55:00+00:00,7661.25,7661.5,7659.5,7659.5,666
2026-09-13T22:10:00+00:00,7609.5,7613,7607.75,7612.5,1459
2026-09-13T22:15:00+00:00,7612.25,7614,7609.25,7613.5,1425
2026-09-13T22:20:00+00:00,7613.5,7615.5,7612,7614,1244
2026-09-13T22:25:00+00:00,7614,7619,7614,7619,1295
2026-09-13T22:30:00+00:00,7618.75,7622.75,7618.25,7622.25,1383
2026-09-13T22:35:00+00:00,7622.25,7622.75,7617.5,7620.75,1157
2026-09-13T22:40:00+00:00,7621,7621,7616.75,7617.5,708
2026-09-13T22:45:00+00:00,7617.5,7619.5,7616.5,7618.25,548
2026-09-13T22:50:00+00:00,7618.25,7620.25,7618,7619.25,473
2026-09-13T22:55:00+00:00,7619.25,7621.5,7618.25,7618.75,612
2026-09-13T23:00:00+00:00,7618.5,7619.75,7617.25,7618,477
2026-09-13T23:05:00+00:00,7618.5,7619.75,7617.25,7619.25,271
2026-09-13T23:10:00+00:00,7619.25,7620.25,7618.75,7620,182
2026-09-13T23:15:00+00:00,7619.75,7620.25,7618.75,7619,137
2026-09-13T23:20:00+00:00,7619,7624,7618.75,7624,700
2026-09-13T23:25:00+00:00,7623.5,7624.75,7622.5,7624.5,795
2026-09-13T23:30:00+00:00,7624.5,7625.5,7623.75,7623.75,648
2026-09-13T23:35:00+00:00,7623.5,7623.5,7618,7619.75,1383
2026-09-13T23:40:00+00:00,7619.75,7621,7617.5,7619,1049
2026-09-13T23:45:00+00:00,7618.75,7618.75,7615.75,7616.75,1070
2026-09-13T23:50:00+00:00,7616.5,7619.75,7616,7617,908
2026-09-13T23:55:00+00:00,7617,7617.5,7614.75,7615.5,793
2026-09-14T00:00:00+00:00,7615.25,7620,7614,7618.75,1466
2026-09-14T00:05:00+00:00,7618.75,7623,7618.5,7622.25,1153
2026-09-14T00:10:00+00:00,7622.5,7623.5,7619.5,7621,918
2026-09-14T00:15:00+00:00,7621.25,7623,7620,7621.25,879
2026-09-14T00:20:00+00:00,7621.5,7621.5,7619.25,7620.5,1001
2026-09-14T00:25:00+00:00,7620.75,7621.25,7617.5,7620,944
2026-09-14T00:30:00+00:00,7620,7622.5,7619.25,7621.25,708
2026-09-14T00:35:00+00:00,7621.25,7622,7619,7619.75,366
2026-09-14T00:40:00+00:00,7619.75,7623,7619.25,7622.75,726
2026-09-14T00:45:00+00:00,7623,7624.25,7621.75,7623.25,911
2026-09-14T00:50:00+00:00,7623,7624.25,7620.5,7624,887
2026-09-14T00:55:00+00:00,7623.75,7624.5,7620.25,7621.75,579
2026-09-14T01:00:00+00:00,7621.75,7624.25,7620.5,7622.5,1303
2026-09-14T01:05:00+00:00,7622.25,7624.5,7622.25,7624.25,428
2026-09-14T01:10:00+00:00,7624.25,7625.75,7621.75,7622,770
2026-09-14T01:15:00+00:00,7622,7622.5,7620.5,7621,514
2026-09-14T01:20:00+00:00,7621.25,7623,7620.25,7622.25,432
2026-09-14T01:25:00+00:00,7621.75,7624,7620.75,7623.25,508
2026-09-14T01:30:00+00:00,7623.5,7623.75,7621.5,7622.5,417
2026-09-14T01:35:00+00:00,7622,7627,7621.75,7626.5,793
2026-09-14T01:40:00+00:00,7626.5,7628.25,7625.5,7626.75,792
2026-09-14T01:45:00+00:00,7626.75,7630.5,7626.75,7630.25,1344
2026-09-14T01:50:00+00:00,7630.5,7632.25,7630,7631.75,811
2026-09-14T01:55:00+00:00,7631.75,7634.5,7631.5,7632.75,1202
2026-09-14T02:00:00+00:00,7633,7634,7631.5,7631.5,820
2026-09-14T02:05:00+00:00,7631.5,7634,7631.5,7632.75,577
2026-09-14T02:10:00+00:00,7632.75,7633.75,7632,7632.25,345
2026-09-14T02:15:00+00:00,7632.5,7633,7631.25,7632.5,438
2026-09-14T02:20:00+00:00,7632.25,7633.5,7631.75,7632,264
2026-09-14T02:25:00+00:00,7632.25,7632.75,7631.75,7632,297
2026-09-14T02:30:00+00:00,7632.25,7633.5,7631.5,7632.25,443
2026-09-14T02:35:00+00:00,7632.25,7632.75,7631,7631,912
2026-09-14T02:40:00+00:00,7631,7631.5,7629,7629.25,765
2026-09-14T02:45:00+00:00,7629.5,7631.75,7629,7631.5,407
2026-09-14T02:50:00+00:00,7631.75,7632.25,7631,7631.5,298
2026-09-14T02:55:00+00:00,7631.25,7631.25,7629.5,7629.75,361
2026-09-14T03:00:00+00:00,7629.5,7629.75,7627,7627,647
2026-09-14T03:05:00+00:00,7627.25,7628.25,7627,7627.75,482
2026-09-14T03:10:00+00:00,7627.75,7627.75,7625.25,7625.5,572
2026-09-14T03:15:00+00:00,7625.75,7626.5,7623.5,7625,766
2026-09-14T03:20:00+00:00,7625,7625.75,7623.75,7625.25,392
2026-09-14T03:25:00+00:00,7625,7626.75,7624.25,7626.5,361
2026-09-14T03:30:00+00:00,7626.25,7626.5,7623.25,7624.5,535
2026-09-14T03:35:00+00:00,7624.5,7624.75,7623.25,7624,302
2026-09-14T03:40:00+00:00,7624,7624,7622.25,7622.5,348
2026-09-14T03:45:00+00:00,7622.75,7623.75,7621.75,7623,385
2026-09-14T03:50:00+00:00,7622.75,7624,7622,7623.75,252
2026-09-14T03:55:00+00:00,7623.75,7623.75,7622,7622.5,155
2026-09-14T04:00:00+00:00,7622.5,7624.25,7622.25,7624,364
2026-09-14T04:05:00+00:00,7624,7624.75,7622.5,7623,315
2026-09-14T04:10:00+00:00,7623,7623,7620.75,7621.25,361
2026-09-14T04:15:00+00:00,7621.5,7622.25,7620.75,7622,230
2026-09-14T04:20:00+00:00,7622.25,7622.25,7621.25,7622.25,113
2026-09-14T04:25:00+00:00,7622.5,7623,7622,7622,168
2026-09-14T04:30:00+00:00,7622.25,7622.25,7619.25,7619.25,461
2026-09-14T04:35:00+00:00,7619.75,7622.5,7619,7622.5,489
2026-09-14T04:40:00+00:00,7622.25,7622.75,7619.25,7620,298
2026-09-14T04:45:00+00:00,7620.25,7622.5,7620.25,7621.75,220
2026-09-14T04:50:00+00:00,7622,7623.75,7620.25,7620.25,488
2026-09-14T04:55:00+00:00,7620.75,7621.5,7619.5,7620.25,210
2026-09-14T05:00:00+00:00,7620,7621,7619.25,7620.75,286
2026-09-14T05:05:00+00:00,7620.5,7621.25,7620,7620,155
2026-09-14T05:10:00+00:00,7620,7620.5,7618.5,7620.25,302
2026-09-14T05:15:00+00:00,7620.5,7620.5,7618,7618.75,241
2026-09-14T05:20:00+00:00,7618.75,7619,7616,7616.25,634
2026-09-14T05:25:00+00:00,7616.25,7619.75,7616,7618.75,379
2026-09-14T05:30:00+00:00,7619,7620,7617.75,7618.75,228
2026-09-14T05:35:00+00:00,7618.75,7620.5,7617.75,7619,270
2026-09-14T05:40:00+00:00,7619,7619.5,7615.25,7616.75,611
2026-09-14T05:45:00+00:00,7616.75,7618,7615.5,7615.75,340
2026-09-14T05:50:00+00:00,7615.75,7619.25,7615.5,7619.25,198
2026-09-14T05:55:00+00:00,7619.25,7620.25,7617.75,7620,452
2026-09-14T06:00:00+00:00,7620,7623,7619.5,7622.75,1076
2026-09-14T06:05:00+00:00,7622.75,7623.5,7621.5,7622.75,379
2026-09-14T06:10:00+00:00,7622.5,7624.75,7622,7623.25,515
2026-09-14T06:15:00+00:00,7623.5,7624.25,7622.5,7623.5,277
2026-09-14T06:20:00+00:00,7623.25,7624,7621,7623,486
2026-09-14T06:25:00+00:00,7623,7624,7621,7621,449
2026-09-14T06:30:00+00:00,7621,7621,7616.25,7617.25,924
2026-09-14T06:35:00+00:00,7617.5,7617.75,7616,7616.75,468
2026-09-14T06:40:00+00:00,7616.75,7617.25,7612,7614.25,1282
2026-09-14T06:45:00+00:00,7614.25,7615.5,7611.75,7612,585
2026-09-14T06:50:00+00:00,7612.25,7614.25,7611.5,7613,634
2026-09-14T06:55:00+00:00,7613,7614,7607.75,7609.5,1681
2026-09-14T07:00:00+00:00,7609.75,7613.5,7606.75,7613.25,1323
2026-09-14T07:05:00+00:00,7613.5,7615.5,7611.5,7613.25,871
2026-09-14T07:10:00+00:00,7613,7615.5,7611.5,7614.75,679
2026-09-14T07:15:00+00:00,7614.5,7615.5,7612,7612.75,575
2026-09-14T07:20:00+00:00,7612.25,7615.25,7610.75,7614,518
2026-09-14T07:25:00+00:00,7614,7614.5,7610.75,7611.25,652
2026-09-14T07:30:00+00:00,7611.25,7680.5,7610.5,7678.75,4056
2026-09-14T07:35:00+00:00,7678.5,7679.5,7677,7677.5,1165
2026-09-14T07:40:00+00:00,7677.5,7678.5,7672.25,7673.5,1729
2026-09-14T07:45:00+00:00,7673.75,7676,7672.25,7675.5,1380
2026-09-14T07:50:00+00:00,7675.25,7675.5,7671.5,7673.25,1425
2026-09-14T07:55:00+00:00,7673.25,7676.75,7673.25,7675.75,875
2026-09-14T08:00:00+00:00,7676.25,7680.75,7674.75,7679,2381
2026-09-14T08:05:00+00:00,7679,7680.75,7677.5,7680.5,1300
2026-09-14T08:10:00+00:00,7680.5,7680.5,7675.75,7677.75,1182
2026-09-14T08:15:00+00:00,7678,7678,7673.75,7674.75,926
2026-09-14T08:20:00+00:00,7674.75,7676.25,7673.5,7674,860
2026-09-14T08:25:00+00:00,7674.25,7674.75,7670.75,7670.75,1370
2026-09-14T08:30:00+00:00,7670.75,7674,7670.75,7673,1150
2026-09-14T08:35:00+00:00,7673.25,7676.5,7673.25,7676.5,877
2026-09-14T08:40:00+00:00,7676.75,7677.5,7674.5,7674.75,1006
2026-09-14T08:45:00+00:00,7675,7676.25,7669.75,7672,1508
2026-09-14T08:50:00+00:00,7672,7673.75,7669.5,7669.75,1006
2026-09-14T08:55:00+00:00,7669.75,7675.5,7669.5,7675.25,1180
2026-09-14T09:00:00+00:00,7675.25,7677,7673.75,7674.25,1068
2026-09-14T09:05:00+00:00,7674.25,7675.5,7673,7674,933
2026-09-14T09:10:00+00:00,7673.75,7674.75,7667,7668.5,2043
2026-09-14T09:15:00+00:00,7668.25,7668.5,7665.25,7665.75,1358
2026-09-14T09:20:00+00:00,7665.75,7666.5,7661.25,7662.25,1505
2026-09-14T09:25:00+00:00,7662.25,7668,7661.75,7666.75,2041
2026-09-14T09:30:00+00:00,7666.75,7668.75,7666,7666.5,1659
2026-09-14T09:35:00+00:00,7666.5,7666.5,7662.5,7663.5,1325
2026-09-14T09:40:00+00:00,7663.5,7666.5,7661.75,7662.25,2063
2026-09-14T09:45:00+00:00,7662.25,7665,7661.75,7663,1005
2026-09-14T09:50:00+00:00,7663,7666,7661.75,7665.5,777
2026-09-14T09:55:00+00:00,7665.5,7666.5,7662.25,7664,944
2026-09-14T10:00:00+00:00,7664,7666.25,7663.5,7664.75,477
2026-09-14T10:05:00+00:00,7665,7667,7664.5,7665.5,573
2026-09-14T10:10:00+00:00,7665.5,7668.25,7665,7666.75,800
2026-09-14T10:15:00+00:00,7666.75,7667.25,7663.5,7665.25,985
2026-09-14T10:20:00+00:00,7665.25,7670.25,7665.25,7669.5,914
2026-09-14T10:25:00+00:00,7669.5,7672,7669.5,7671.25,553
2026-09-14T10:30:00+00:00,7671.25,7672.75,7670.5,7672.5,448
2026-09-14T10:35:00+00:00,7672.5,7674.5,7672.25,7672.5,481
2026-09-14T10:40:00+00:00,7672.5,7676.25,7672.25,7675,706
2026-09-14T10:45:00+00:00,7675.25,7677,7675,7676.25,422
2026-09-14T10:50:00+00:00,7676.25,7676.75,7673.75,7674,780
2026-09-14T10:55:00+00:00,7674,7678.25,7674,7676.5,684
2026-09-14T11:00:00+00:00,7676.75,7679.5,7674,7679.25,1769
2026-09-14T11:05:00+00:00,7679.25,7680.25,7678.25,7679.75,1083
2026-09-14T11:10:00+00:00,7679.75,7681.25,7677,7679.25,1402
2026-09-14T11:15:00+00:00,7679.25,7681.25,7679.25,7680.75,824
2026-09-14T11:20:00+00:00,7680.75,7682.75,7679.5,7682.5,1178
2026-09-14T11:25:00+00:00,7682.25,7684.75,7681.5,7684,947
2026-09-14T11:30:00+00:00,7684.25,7685,7680.5,7681.5,779
2026-09-14T11:35:00+00:00,7681.25,7682.25,7677.75,7681.5,708
2026-09-14T11:40:00+00:00,7681.75,7684.25,7681,7682.25,1875
2026-09-14T11:45:00+00:00,7682.5,7684,7681,7683.25,1714
2026-09-14T11:50:00+00:00,7683.25,7683.25,7679,7680.5,1108
2026-09-14T11:55:00+00:00,7680.75,7681.75,7678.5,7678.75,900
2026-09-14T12:00:00+00:00,7678.75,7679,7674.25,7675.5,1552
2026-09-14T12:05:00+00:00,7675.25,7677.25,7673.75,7677,1828
2026-09-14T12:10:00+00:00,7677,7679.5,7675.5,7677,1711
2026-09-14T12:15:00+00:00,7677,7682,7676.5,7677.75,6205
2026-09-14T12:20:00+00:00,7678,7679.25,7675.75,7677.5,2210
2026-09-14T12:25:00+00:00,7677.5,7678,7674.75,7676.75,1231
2026-09-14T12:30:00+00:00,7676.75,7679.5,7672.75,7674,1733
2026-09-14T12:35:00+00:00,7673.75,7673.75,7663,7667.75,8089
2026-09-14T12:40:00+00:00,7667.75,7675,7663.5,7674.25,5437
2026-09-14T12:45:00+00:00,7674.25,7676,7670.25,7672.75,1824
2026-09-14T12:50:00+00:00,7672.75,7674.25,7670,7670.5,1517
2026-09-14T12:55:00+00:00,7670.75,7674.25,7668.5,7673.5,1700
2026-09-14T13:00:00+00:00,7673.5,7673.5,7664.75,7665.75,3421
2026-09-14T13:05:00+00:00,7666,7668.5,7663.5,7666,4602
2026-09-14T13:10:00+00:00,7666,7674,7665.5,7673.25,2967
2026-09-14T13:15:00+00:00,7673,7675.75,7671.75,7674.75,2903
2026-09-14T13:20:00+00:00,7675,7676.5,7674,7674.75,1460
2026-09-14T13:25:00+00:00,7674.75,7676,7672.5,7673,3391
2026-09-14T13:30:00+00:00,7673.25,7676,7669.25,7670.5,14965
2026-09-14T13:35:00+00:00,7670.25,7672.75,7668,7669.25,10301
2026-09-14T13:40:00+00:00,7669.25,7678.75,7668,7677.5,9527
2026-09-14T13:45:00+00:00,7677.75,7689.5,7677.5,7686.5,10222
2026-09-14T13:50:00+00:00,7686.75,7689.75,7684.25,7685.5,13029
2026-09-14T13:55:00+00:00,7685.5,7686,7681.25,7683.25,12819
2026-09-14T14:00:00+00:00,7683.25,7689.25,7682.25,7688,7854
2026-09-14T14:05:00+00:00,7688,7694.75,7686.25,7692,8053
2026-09-14T14:10:00+00:00,7692,7694,7687.5,7687.75,7948
2026-09-14T14:15:00+00:00,7688,7690,7680.75,7682,6986
2026-09-14T14:20:00+00:00,7681.75,7681.75,7671,7671,11404
2026-09-14T14:25:00+00:00,7671.25,7671.75,7665.25,7671.25,13057
2026-09-14T14:30:00+00:00,7671,7674.25,7668.25,7674,8260
2026-09-14T14:35:00+00:00,7673.75,7674,7666,7668,7205
2026-09-14T14:40:00+00:00,7667.75,7669.75,7664,7669.75,8672
2026-09-14T14:45:00+00:00,7670,7673.75,7667.75,7669.75,6489
2026-09-14T14:50:00+00:00,7669.5,7669.75,7664,7665.5,5468
2026-09-14T14:55:00+00:00,7665.25,7669.25,7662.5,7669,7155
2026-09-14T15:00:00+00:00,7668.75,7669,7664.75,7665,6214
2026-09-14T15:05:00+00:00,7665,7682.25,7664.75,7674.5,28050
2026-09-14T15:10:00+00:00,7674.5,7675.25,7669.25,7669.5,5233
2026-09-14T15:15:00+00:00,7669.25,7675.25,7668.25,7673.75,4554
2026-09-14T15:20:00+00:00,7674,7679.25,7673,7678.75,4991
2026-09-14T15:25:00+00:00,7678.5,7682.25,7676.25,7679.25,5374
2026-09-14T15:30:00+00:00,7679.25,7692.5,7678,7691.5,17659
2026-09-14T15:35:00+00:00,7691.25,7696.25,7688,7696,10606
2026-09-14T15:40:00+00:00,7696,7706.5,7694,7705,15440
2026-09-14T15:45:00+00:00,7705,7705.5,7698.5,7698.75,7632
2026-09-14T15:50:00+00:00,7698.5,7702.75,7696.75,7702.5,4551
2026-09-14T15:55:00+00:00,7702.25,7704.5,7701,7702,3551
2026-09-14T16:00:00+00:00,7701.75,7703.5,7697.25,7697.25,4060
2026-09-14T16:05:00+00:00,7697,7699.25,7695.75,7698,4318
2026-09-14T16:10:00+00:00,7698.25,7701,7697.75,7699,3667
2026-09-14T16:15:00+00:00,7699,7708.75,7698.75,7708.25,6280
2026-09-14T16:20:00+00:00,7708.25,7710.5,7704.25,7708.5,4891
2026-09-14T16:25:00+00:00,7708.25,7708.75,7703,7704.25,4748
2026-09-14T16:30:00+00:00,7704.25,7708,7703.5,7703.75,5701
2026-09-14T16:35:00+00:00,7703.5,7705.25,7702.25,7704.75,2859
2026-09-14T16:40:00+00:00,7704.5,7707,7703.25,7707,2421
2026-09-14T16:45:00+00:00,7707.25,7719.25,7704.5,7717,13769
2026-09-14T16:50:00+00:00,7717.25,7719.75,7714.5,7715,5346
2026-09-14T16:55:00+00:00,7714.75,7715.5,7709.5,7712.75,3559
2026-09-14T17:00:00+00:00,7713,7714.75,7709,7710.5,3324
2026-09-14T17:05:00+00:00,7710.5,7712,7707.25,7708.5,2412
2026-09-14T17:10:00+00:00,7708.5,7712.75,7705.5,7705.75,3597
2026-09-14T17:15:00+00:00,7705.5,7706.75,7703,7704.5,3048
2026-09-14T17:20:00+00:00,7704.5,7708.25,7704.25,7706.75,2686
2026-09-14T17:25:00+00:00,7707,7711.25,7705.75,7711.25,2821
2026-09-14T17:30:00+00:00,7711.5,7712.75,7709,7710.75,3427
2026-09-14T17:35:00+00:00,7710.75,7712.75,7709,7712.25,2008
2026-09-14T17:40:00+00:00,7712.25,7712.5,7709.25,7710,1871
2026-09-14T17:45:00+00:00,7710.25,7712.5,7709.25,7710.75,1981
2026-09-14T17:50:00+00:00,7710.75,7712.75,7709.75,7712,2045
2026-09-14T17:55:00+00:00,7712,7712.5,7707.25,7707.5,2495
2026-09-14T18:00:00+00:00,7707.5,7712.25,7706,7706.5,4365
2026-09-14T18:05:00+00:00,7706.75,7710,7705,7708.5,2296
2026-09-14T18:10:00+00:00,7708.25,7708.75,7705.5,7707.5,1911
2026-09-14T18:15:00+00:00,7707.75,7709,7705.75,7706.75,1971
2026-09-14T18:20:00+00:00,7706.75,7707.5,7705.25,7705.5,1734
2026-09-14T18:25:00+00:00,7705.5,7706,7703.25,7704.5,3159
2026-09-14T18:30:00+00:00,7704.75,7708,7703.75,7706.5,2953
2026-09-14T18:35:00+00:00,7706.5,7709.25,7706.25,7707.5,1783
2026-09-14T18:40:00+00:00,7707.5,7709.5,7706.75,7708,2004
2026-09-14T18:45:00+00:00,7708,7709.75,7705.5,7709.5,4056
2026-09-14T18:50:00+00:00,7709.25,7710,7707.25,7707.5,1956
2026-09-14T18:55:00+00:00,7707.5,7709,7705.25,7705.5,2496
2026-09-14T19:00:00+00:00,7705.75,7706.5,7702.75,7703.75,5242
2026-09-14T19:05:00+00:00,7703.75,7704.25,7700.5,7703,4048
2026-09-14T19:10:00+00:00,7703,7705.5,7702.5,7704.75,1863
2026-09-14T19:15:00+00:00,7704.75,7705,7702.25,7703.25,2373
2026-09-14T19:20:00+00:00,7703.5,7704,7701,7702.5,2676
2026-09-14T19:25:00+00:00,7702.5,7703.25,7701.5,7702,2151
2026-09-14T19:30:00+00:00,7701.75,7704.25,7701.25,7701.75,2422
2026-09-14T19:35:00+00:00,7702.25,7702.25,7700.25,7700.75,2491
2026-09-14T19:40:00+00:00,7701,7702,7700,7700.75,2697
2026-09-14T19:45:00+00:00,7700.5,7703,7700.25,7702,4023
2026-09-14T19:50:00+00:00,7701.75,7703,7695.5,7697,8128
2026-09-14T19:55:00+00:00,7697.25,7698.25,7691.25,7692.5,15353
2026-09-14T20:00:00+00:00,7692.5,7694.75,7690.5,7692.25,4167
2026-09-14T20:05:00+00:00,7692.25,7692.5,7690.5,7691.25,1273
2026-09-14T20:10:00+00:00,7691.25,7693,7690.75,7692.25,983
2026-09-14T20:15:00+00:00,7692.5,7692.75,7689.5,7692.25,1047
2026-09-14T20:20:00+00:00,7692.25,7694.75,7692.25,7694.5,832
2026-09-14T20:25:00+00:00,7694.5,7695.75,7694,7695.5,415
2026-09-14T20:30:00+00:00,7695.25,7695.75,7694,7694.5,627
2026-09-14T20:35:00+00:00,7694.75,7695.5,7694.5,7695,513
2026-09-14T20:40:00+00:00,7695.25,7695.5,7694.75,7694.75,501
2026-09-14T20:45:00+00:00,7695.25,7698.25,7694.75,7698,659
2026-09-14T20:50:00+00:00,7698.25,7699.25,7697.75,7699.25,864
2026-09-14T20:55:00+00:00,7699,7700.5,7698.25,7700.25,658
2026-09-14T22:00:00+00:00,7700.25,7700.5,7696,7697.5,0
2026-09-14T22:05:00+00:00,7697.75,7699.25,7695.5,7696,1138
2026-09-14T22:10:00+00:00,7696,7697.25,7695.75,7696.75,376
2026-09-14T22:15:00+00:00,7696.75,7697.75,7695.25,7696.5,738
2026-09-14T22:20:00+00:00,7696.5,7696.75,7695.75,7696,269
2026-09-14T22:25:00+00:00,7696,7696.5,7694.75,7696.25,415
2026-09-14T22:30:00+00:00,7696.25,7697.25,7696.25,7697,406
2026-09-14T22:35:00+00:00,7696.75,7697.25,7696.25,7696.5,235
2026-09-14T22:40:00+00:00,7696.25,7696.5,7695.25,7695.75,246
2026-09-14T22:45:00+00:00,7695.75,7697.75,7695.5,7697.25,287
2026-09-14T22:50:00+00:00,7697.5,7698.5,7697.5,7697.75,624
2026-09-14T22:55:00+00:00,7698,7698,7696.5,7696.5,185
2026-09-14T23:00:00+00:00,7696.75,7697,7694.75,7696,633
2026-09-14T23:05:00+00:00,7696,7696.5,7695.25,7696.25,168
2026-09-14T23:10:00+00:00,7696.25,7697.5,7695.75,7697,443
2026-09-14T23:15:00+00:00,7697,7697.25,7694.75,7695,402
2026-09-14T23:20:00+00:00,7695,7696.5,7694.5,7696.25,386
2026-09-14T23:25:00+00:00,7696.25,7696.75,7694.75,7695.25,362
2026-09-14T23:30:00+00:00,7695,7696.25,7695,7695.75,468
2026-09-14T23:35:00+00:00,7695.75,7696.75,7695.5,7696.75,227
2026-09-14T23:40:00+00:00,7696.5,7697,7695.25,7696,485
2026-09-14T23:45:00+00:00,7696,7696.5,7694.75,7695.5,484
2026-09-14T23:50:00+00:00,7695.5,7695.5,7694,7694.75,502
2026-09-14T23:55:00+00:00,7695,7696.5,7694.75,7696.25,542
2026-09-15T00:00:00+00:00,7696,7697.75,7693,7694,1705
2026-09-15T00:05:00+00:00,7694,7697,7692,7696,1375
2026-09-15T00:10:00+00:00,7696.25,7696.5,7693.75,7696,883
2026-09-15T00:15:00+00:00,7696,7696,7692.5,7694,916
2026-09-15T00:20:00+00:00,7693.75,7696.25,7692.75,7696.25,644
2026-09-15T00:25:00+00:00,7696.25,7696.75,7694.25,7695,538
2026-09-15T00:30:00+00:00,7695,7695.5,7694,7694,376
2026-09-15T00:35:00+00:00,7694.25,7697.75,7694,7697.5,607
2026-09-15T00:40:00+00:00,7697.5,7700.25,7697.5,7699.25,1150
2026-09-15T00:45:00+00:00,7699.5,7699.5,7697,7698.75,894
2026-09-15T00:50:00+00:00,7698.5,7700.5,7698.5,7699.5,659
2026-09-15T00:55:00+00:00,7699.5,7700.25,7697.25,7698,616
2026-09-15T01:00:00+00:00,7697.75,7701,7696,7699.75,1290
2026-09-15T01:05:00+00:00,7699.75,7700,7697.25,7698.5,522
2026-09-15T01:10:00+00:00,7698.25,7700.75,7698.25,7700.5,363
2026-09-15T01:15:00+00:00,7700.5,7701,7699.75,7700.25,467
2026-09-15T01:20:00+00:00,7700,7700.5,7699.25,7699.75,301
2026-09-15T01:25:00+00:00,7700,7700,7697.5,7698,402
2026-09-15T01:30:00+00:00,7698,7698.5,7695,7695.5,977
2026-09-15T01:35:00+00:00,7695.25,7695.5,7693,7694.25,990
2026-09-15T01:40:00+00:00,7694.5,7694.5,7690,7692.25,1675
2026-09-15T01:45:00+00:00,7692,7693.75,7690.5,7693.75,640
2026-09-15T01:50:00+00:00,7693.5,7695,7690.5,7693.5,884
2026-09-15T01:55:00+00:00,7693.25,7694.75,7692.5,7693.25,837
2026-09-15T02:00:00+00:00,7693.25,7695.25,7692.5,7694.75,673
2026-09-15T02:05:00+00:00,7694.5,7694.75,7692.75,7694,549
2026-09-15T02:10:00+00:00,7694.25,7694.75,7693,7693.5,405
2026-09-15T02:15:00+00:00,7693.5,7693.5,7692,7692.25,315
2026-09-15T02:20:00+00:00,7692.25,7693,7691.5,7693,300
2026-09-15T02:25:00+00:00,7692.75,7693.5,7692,7692.25,292
2026-09-15T02:30:00+00:00,7692.5,7693.5,7691.5,7692.25,344
2026-09-15T02:35:00+00:00,7692,7692.75,7690.5,7691.5,571
2026-09-15T02:40:00+00:00,7691.5,7692.25,7690,7690.75,606
2026-09-15T02:45:00+00:00,7690.75,7692,7690,7691.75,699
2026-09-15T02:50:00+00:00,7691.5,7691.75,7690,7691.25,513
2026-09-15T02:55:00+00:00,7691.25,7692.25,7690.25,7690.5,378
2026-09-15T03:00:00+00:00,7690.5,7691.5,7689.25,7690,705
2026-09-15T03:05:00+00:00,7689.75,7690,7688.25,7688.5,783
2026-09-15T03:10:00+00:00,7688.25,7689.25,7687.75,7689,541
2026-09-15T03:15:00+00:00,7689,7689.25,7687.75,7687.75,396
2026-09-15T03:20:00+00:00,7688,7688.5,7687.75,7688,174
2026-09-15T03:25:00+00:00,7688.25,7688.25,7687.5,7688,455
2026-09-15T03:30:00+00:00,7688,7688.75,7687,7688,373
2026-09-15T03:35:00+00:00,7688.25,7688.75,7687.25,7687.5,330
2026-09-15T03:40:00+00:00,7687.25,7687.75,7687.25,7687.5,146
2026-09-15T03:45:00+00:00,7688,7688.75,7685.75,7686.25,831
2026-09-15T03:50:00+00:00,7686.5,7686.75,7683.25,7683.25,1241
2026-09-15T03:55:00+00:00,7683.25,7683.5,7681.75,7682.25,517
2026-09-15T04:05:00+00:00,7682,7682,7681.5,7682,1148
2026-09-15T04:10:00+00:00,7682,7682.75,7680.25,7680.5,342
2026-09-15T04:15:00+00:00,7680.75,7681,7679.25,7680,642
2026-09-15T04:20:00+00:00,7680,7680.5,7676.5,7677,816
2026-09-15T04:25:00+00:00,7676.75,7677.25,7674.25,7675.5,1035
2026-09-15T04:30:00+00:00,7675.75,7677,7675,7675.5,603
2026-09-15T04:35:00+00:00,7675.5,7675.75,7671.5,7673.5,1028
2026-09-15T04:40:00+00:00,7673.5,7677,7673,7675.75,970
2026-09-15T04:45:00+00:00,7675.5,7676.75,7674.25,7675,555
2026-09-15T04:50:00+00:00,7674.75,7675.25,7670.5,7672.25,727
2026-09-15T04:55:00+00:00,7672,7672,7668.75,7669,623
2026-09-15T05:00:00+00:00,7669,7671.25,7668.75,7669,756
2026-09-15T05:05:00+00:00,7669,7669.75,7666,7666.25,975
2026-09-15T05:10:00+00:00,7666,7666.75,7664.5,7665.5,1016
2026-09-15T05:15:00+00:00,7665.75,7665.75,7663,7664.25,1175
2026-09-15T05:20:00+00:00,7664,7666,7663.75,7665,698
2026-09-15T05:25:00+00:00,7664.75,7668.75,7664.5,7668.5,686
2026-09-15T05:30:00+00:00,7668.25,7670,7667,7669.25,874
2026-09-15T05:35:00+00:00,7669.25,7669.5,7666,7668.25,701
2026-09-15T05:40:00+00:00,7668.75,7675,7668.5,7674.5,1495
2026-09-15T05:45:00+00:00,7674.5,7677,7673,7674.5,1105
2026-09-15T05:50:00+00:00,7674.75,7679.25,7674,7679.25,1296
2026-09-15T05:55:00+00:00,7679,7679,7674.5,7674.75,548
2026-09-15T06:00:00+00:00,7675,7677.75,7674.75,7676.75,995
2026-09-15T06:05:00+00:00,7676.5,7677,7673.5,7674.5,879
2026-09-15T06:10:00+00:00,7674.5,7675.75,7673,7675,580
2026-09-15T06:15:00+00:00,7674.5,7675.5,7673.5,7675,510
2026-09-15T06:20:00+00:00,7674.75,7675.5,7673,7673,454
2026-09-15T06:25:00+00:00,7673.25,7673.5,7671.5,7672,642
2026-09-15T06:30:00+00:00,7672,7672.25,7669.25,7669.25,1434
2026-09-15T06:35:00+00:00,7669.75,7671.75,7668,7669.25,849
2026-09-15T06:40:00+00:00,7669.25,7671,7667.5,7668,954
2026-09-15T06:45:00+00:00,7668,7670,7667.25,7668.25,502
2026-09-15T06:50:00+00:00,7668.25,7668.5,7666,7666.75,622
2026-09-15T06:55:00+00:00,7666.25,7668.75,7665,7667.5,982
2026-09-15T07:00:00+00:00,7667.5,7670,7664.25,7668,2211
2026-09-15T07:05:00+00:00,7668,7669.25,7664,7666.25,1424
2026-09-15T07:10:00+00:00,7666.5,7667.25,7660,7660.75,2794
2026-09-15T07:15:00+00:00,7660.75,7664.25,7660.5,7664.25,1226
2026-09-15T07:20:00+00:00,7664,7668.25,7663.25,7668.25,1437
2026-09-15T07:25:00+00:00,7668.25,7669,7662.75,7665.25,1113
2026-09-15T07:30:00+00:00,7665.25,7666.75,7664,7665,903
2026-09-15T07:35:00+00:00,7664.75,7665.25,7660,7660.75,1080
2026-09-15T07:40:00+00:00,7660.75,7661.25,7656.25,7656.5,2594
2026-09-15T07:45:00+00:00,7656.5,7659.75,7656,7657.75,2368
2026-09-15T07:50:00+00:00,7658.25,7659,7653.5,7656.25,1799
2026-09-15T07:55:00+00:00,7656,7659,7654.5,7658.5,1986
2026-09-15T08:00:00+00:00,7658.75,7658.75,7653,7653.75,2323
2026-09-15T08:05:00+00:00,7654,7654.75,7647.25,7647.25,2645
2026-09-15T08:10:00+00:00,7647,7653.75,7644.75,7653,2603
2026-09-15T08:15:00+00:00,7653.25,7658.5,7652.75,7658.5,1597
2026-09-15T08:20:00+00:00,7658.25,7660,7655,7655.25,1527
2026-09-15T08:25:00+00:00,7655.5,7657.25,7650.75,7654,3046
2026-09-15T08:30:00+00:00,7654,7655,7651.5,7652.25,1573
2026-09-15T08:35:00+00:00,7652.25,7655,7650.75,7652.5,1613
2026-09-15T08:40:00+00:00,7652.75,7652.75,7649.5,7650.25,851
2026-09-15T08:45:00+00:00,7650.25,7650.75,7649,7650.25,741
2026-09-15T08:50:00+00:00,7650.25,7652.25,7650,7651.25,573
2026-09-15T08:55:00+00:00,7651.25,7654,7650,7651,1218
2026-09-15T09:00:00+00:00,7651,7651.5,7648,7650.75,1118
2026-09-15T09:05:00+00:00,7650.5,7653,7649,7649.5,948
2026-09-15T09:10:00+00:00,7649.25,7651.75,7648.5,7650.25,1143
2026-09-15T09:15:00+00:00,7650,7651,7645.75,7647,1393
2026-09-15T09:20:00+00:00,7647,7652.25,7646.5,7647.25,1757
2026-09-15T09:25:00+00:00,7647.75,7652.25,7647,7651.75,997
2026-09-15T09:30:00+00:00,7652,7654.5,7650.75,7654.25,1086
2026-09-15T09:35:00+00:00,7654,7659,7653.75,7658.25,1672
2026-09-15T09:40:00+00:00,7658.25,7659,7656.75,7657.5,776
2026-09-15T09:45:00+00:00,7657.75,7664.25,7657.5,7663.25,1436
2026-09-15T09:50:00+00:00,7663,7666.5,7663,7665.75,1329
2026-09-15T09:55:00+00:00,7665.75,7666.5,7663.75,7666.25,587
2026-09-15T10:00:00+00:00,7666.25,7667.75,7665,7665.5,1177
2026-09-15T10:05:00+00:00,7665.25,7667.25,7664.75,7666.75,736
2026-09-15T10:10:00+00:00,7666.75,7671.75,7666.5,7667.75,1724
2026-09-15T10:15:00+00:00,7667.5,7667.5,7665,7666,875
2026-09-15T10:20:00+00:00,7666.25,7669,7666,7669,730
2026-09-15T10:25:00+00:00,7668.75,7669,7667.25,7668.25,1402
2026-09-15T10:30:00+00:00,7668.25,7670,7666.75,7669.5,763
2026-09-15T10:35:00+00:00,7669.25,7671.5,7668.75,7671.25,801
2026-09-15T10:40:00+00:00,7671,7674,7670.5,7672,1619
2026-09-15T10:45:00+00:00,7672,7673.75,7670.25,7673,559
2026-09-15T10:50:00+00:00,7673,7676.5,7672.75,7676,1276
2026-09-15T10:55:00+00:00,7676,7678.5,7675.25,7675.75,1318
2026-09-15T11:00:00+00:00,7676,7678.5,7675.25,7677.25,1057
2026-09-15T11:05:00+00:00,7677.25,7680.25,7675.25,7679.5,1556
2026-09-15T11:10:00+00:00,7679.75,7680.5,7678.25,7678.75,1428
2026-09-15T11:15:00+00:00,7678.75,7681.5,7677.75,7680,1003
2026-09-15T11:20:00+00:00,7680.25,7681,7678.5,7678.75,1087
2026-09-15T11:25:00+00:00,7679,7679.5,7677.25,7678.25,1131
2026-09-15T11:30:00+00:00,7678,7678.75,7675.5,7678.75,976
2026-09-15T11:35:00+00:00,7678.5,7680,7677,7677.25,1257
2026-09-15T11:40:00+00:00,7677.25,7679,7676.75,7678.25,1003
2026-09-15T11:45:00+00:00,7678,7679.75,7677.5,7678,813
2026-09-15T11:50:00+00:00,7678,7681.25,7677.75,7678.5,1401
2026-09-15T11:55:00+00:00,7678.5,7682.25,7678,7682,1177
2026-09-15T12:00:00+00:00,7681.75,7683.25,7679.25,7682,1906
2026-09-15T12:05:00+00:00,7681.75,7682,7679.5,7680.75,1081
2026-09-15T12:10:00+00:00,7681,7684.5,7680.5,7684,1511
2026-09-15T12:15:00+00:00,7683.75,7685,7681.75,7683.5,1570
2026-09-15T12:20:00+00:00,7683.5,7684,7678.5,7679.5,2010
2026-09-15T12:25:00+00:00,7679.25,7683.75,7679.25,7683,1204
2026-09-15T12:30:00+00:00,7683,7685.75,7679.75,7685.75,2248
2026-09-15T12:35:00+00:00,7685.75,7686.25,7684,7685.25,1955
2026-09-15T12:40:00+00:00,7685.25,7685.5,7681.75,7684.25,2047
2026-09-15T12:45:00+00:00,7684.25,7695,7683.25,7692.5,9784
2026-09-15T12:50:00+00:00,7692.25,7696.25,7690.75,7695.75,5087
2026-09-15T12:55:00+00:00,7696,7697.5,7688.75,7689.25,9645
2026-09-15T13:00:00+00:00,7689.25,7692.25,7688,7692.25,4289
2026-09-15T13:05:00+00:00,7692,7692.5,7689.25,7689.75,3406
2026-09-15T13:10:00+00:00,7690,7691,7688,7688.75,2662
2026-09-15T13:15:00+00:00,7688.5,7692.25,7687.75,7689.25,3507
2026-09-15T13:20:00+00:00,7689,7691,7687.5,7690.25,4341
2026-09-15T13:25:00+00:00,7690.25,7693,7684.25,7684.25,7642
2026-09-15T13:30:00+00:00,7684.25,7687,7670.25,7672,34071
2026-09-15T13:35:00+00:00,7672,7681.75,7671.75,7681.25,18027
2026-09-15T13:40:00+00:00,7681,7683.25,7677,7682.25,12522
2026-09-15T13:45:00+00:00,7682.5,7684.75,7675,7676.5,13567
2026-09-15T13:50:00+00:00,7676.5,7680.75,7674.5,7679.75,10589
2026-09-15T13:55:00+00:00,7679.5,7679.75,7676.25,7678.25,7315
2026-09-15T14:00:00+00:00,7678.25,7678.5,7671,7671,11233
2026-09-15T14:05:00+00:00,7671,7674,7667.5,7668,13739
2026-09-15T14:10:00+00:00,7667.75,7668,7661.5,7662.25,16510
2026-09-15T14:15:00+00:00,7662.25,7667.25,7661.75,7664.75,15911
2026-09-15T14:20:00+00:00,7665,7666.25,7654,7659,19351
2026-09-15T14:25:00+00:00,7659,7659.75,7656.75,7657,10594
2026-09-15T14:30:00+00:00,7657.25,7658.75,7653,7656,15439
2026-09-15T14:35:00+00:00,7655.75,7658.5,7652.5,7653.5,11357
2026-09-15T14:40:00+00:00,7653.5,7654.75,7650.75,7654.25,9485
2026-09-15T14:45:00+00:00,7654,7656,7651.25,7651.5,8895
2026-09-15T14:50:00+00:00,7651.25,7652.25,7643.5,7647.75,27362
2026-09-15T14:55:00+00:00,7647.75,7650.75,7645.5,7646.25,14314
2026-09-15T15:00:00+00:00,7646.5,7654,7646.25,7654,13541
2026-09-15T15:05:00+00:00,7654,7655,7650,7650.75,9586
2026-09-15T15:10:00+00:00,7650.75,7652.75,7649,7651.75,8929
2026-09-15T15:15:00+00:00,7651.5,7655.75,7649.75,7654.5,6989
2026-09-15T15:20:00+00:00,7654.5,7657.25,7651.5,7656.75,8010
2026-09-15T15:25:00+00:00,7656.75,7657.25,7653.75,7657,5649
2026-09-15T15:30:00+00:00,7657,7658,7651.25,7655.25,11601
2026-09-15T15:35:00+00:00,7655.5,7657.25,7653.5,7655,5481
2026-09-15T15:40:00+00:00,7655,7659.75,7655,7657.5,7767
2026-09-15T15:45:00+00:00,7657.25,7657.75,7651,7652,6667
2026-09-15T15:50:00+00:00,7651.75,7657.5,7651.5,7652.75,14115
2026-09-15T15:55:00+00:00,7653,7657.75,7651.5,7653,9432
2026-09-15T16:00:00+00:00,7653,7655.25,7651.75,7655.25,4221
2026-09-15T16:05:00+00:00,7655,7655,7647.75,7649.25,6406
2026-09-15T16:10:00+00:00,7649.25,7650.5,7648.5,7649.75,3945
2026-09-15T16:15:00+00:00,7649.5,7653,7648.75,7653,4594
2026-09-15T16:20:00+00:00,7652.75,7659,7652.75,7658.75,8159
2026-09-15T16:25:00+00:00,7658.75,7661,7657,7657.75,7110
2026-09-15T16:30:00+00:00,7657.75,7660.25,7655,7658.5,7760
2026-09-15T16:35:00+00:00,7658.5,7659.5,7656.5,7657.25,3617
2026-09-15T16:40:00+00:00,7657.25,7658.75,7656.5,7658.25,2595
2026-09-15T16:45:00+00:00,7658.25,7659.5,7655.25,7656.5,4163
2026-09-15T16:50:00+00:00,7656.5,7662.25,7656.25,7662,5730
2026-09-15T16:55:00+00:00,7662,7662.75,7657.5,7659.5,5336
2026-09-15T17:00:00+00:00,7659.25,7660.5,7653.25,7653.5,7354
2026-09-15T17:05:00+00:00,7653.5,7656.25,7652.25,7654,5887
2026-09-15T17:10:00+00:00,7654,7657.5,7652.75,7653,4514
2026-09-15T17:15:00+00:00,7652.75,7653.25,7650.5,7652.25,4258
2026-09-15T17:20:00+00:00,7652.25,7652.75,7648.25,7648.75,4847
2026-09-15T17:25:00+00:00,7648.5,7651.25,7647.75,7651,5405
2026-09-15T17:30:00+00:00,7651,7654,7650.25,7652,6662
2026-09-15T17:35:00+00:00,7652.25,7653.75,7651.5,7653.25,3636
2026-09-15T17:40:00+00:00,7653.5,7654.75,7651,7653.5,4465
2026-09-15T17:45:00+00:00,7653.5,7654.75,7651.25,7651.75,2940
2026-09-15T17:50:00+00:00,7651.75,7655.25,7651.75,7655,3324
2026-09-15T17:55:00+00:00,7654.75,7656.25,7653.75,7655.5,3540
2026-09-15T18:00:00+00:00,7655.5,7657.75,7653.5,7657.75,4035
2026-09-15T18:05:00+00:00,7657.5,7659,7656.5,7659,3227
2026-09-15T18:10:00+00:00,7659.25,7662,7658,7660.25,5186
2026-09-15T18:15:00+00:00,7660.25,7661,7657,7657.5,5646
2026-09-15T18:20:00+00:00,7657.5,7658.75,7656.25,7657,3489
2026-09-15T18:25:00+00:00,7657,7659.25,7655.75,7659,4442
2026-09-15T18:30:00+00:00,7659,7659,7653.5,7654.25,5134
2026-09-15T18:35:00+00:00,7654.25,7655.5,7653.75,7654.75,2839
2026-09-15T18:40:00+00:00,7655,7658.75,7653.5,7654.25,8031
2026-09-15T18:45:00+00:00,7654.25,7654.5,7649.5,7650.75,6130
2026-09-15T18:50:00+00:00,7650.75,7653.75,7650.75,7653,4214
2026-09-15T18:55:00+00:00,7653,7657.25,7652.75,7657.25,4135
2026-09-15T19:00:00+00:00,7657.25,7658.75,7655,7655.75,5459
2026-09-15T19:05:00+00:00,7655.75,7656.5,7654.5,7655.75,2783
2026-09-15T19:10:00+00:00,7655.75,7656,7653,7654,3727
2026-09-15T19:15:00+00:00,7654,7655.25,7653,7654.5,3222
2026-09-15T19:20:00+00:00,7654.25,7654.75,7653,7653.75,2375
2026-09-15T19:25:00+00:00,7653.25,7654,7651.75,7652.5,2999
2026-09-15T19:30:00+00:00,7652.5,7653.5,7651.5,7652,4245
2026-09-15T19:35:00+00:00,7651.75,7652,7648.5,7649.5,4878
2026-09-15T19:40:00+00:00,7649.25,7651,7648,7650.25,4520
2026-09-15T19:45:00+00:00,7650,7653,7649.25,7652.75,6057
2026-09-15T19:50:00+00:00,7652.75,7653.5,7648.75,7653,9878
2026-09-15T19:55:00+00:00,7653,7657.75,7650.75,7657,22989
2026-09-15T20:00:00+00:00,7657,7662.25,7656.75,7661.75,6424
2026-09-15T20:05:00+00:00,7661.75,7662.75,7661,7661.75,1767
2026-09-15T20:10:00+00:00,7662,7665,7661.5,7664.5,2497
2026-09-15T20:15:00+00:00,7664.5,7664.75,7663,7663.75,1279
2026-09-15T20:20:00+00:00,7663.75,7664.25,7663,7664,645
2026-09-15T20:25:00+00:00,7663.75,7664,7662.75,7663.25,531
2026-09-15T20:30:00+00:00,7663.5,7665,7663,7663.75,1302
2026-09-15T20:35:00+00:00,7663.5,7664.25,7663,7663.25,526
2026-09-15T20:40:00+00:00,7663,7664.25,7663,7663.75,669
2026-09-15T20:45:00+00:00,7663.5,7664.5,7663,7664.25,637
2026-09-15T20:50:00+00:00,7664.5,7664.5,7663.25,7663.5,447
2026-09-15T20:55:00+00:00,7663.5,7664,7663.25,7663.75,724
2026-09-15T22:00:00+00:00,7663.75,7664.75,7661.75,7663.5,0
2026-09-15T22:05:00+00:00,7663.5,7663.75,7661.75,7662.75,518
2026-09-15T22:10:00+00:00,7663,7663,7661.5,7661.75,336
2026-09-15T22:15:00+00:00,7662,7663,7661.5,7661.75,450
2026-09-15T22:20:00+00:00,7661.75,7663.75,7661.25,7663,694
2026-09-15T22:25:00+00:00,7662.75,7663.5,7662.5,7663,299
2026-09-15T22:30:00+00:00,7662.75,7665,7662.75,7664.25,542
2026-09-15T22:35:00+00:00,7664.5,7666.5,7664.5,7666.5,899
2026-09-15T22:40:00+00:00,7666.25,7666.25,7665,7666,467
2026-09-15T22:45:00+00:00,7665.75,7666.75,7665.25,7666.75,357
2026-09-15T22:50:00+00:00,7666.5,7667.25,7666.25,7666.75,318
2026-09-15T22:55:00+00:00,7667,7667.25,7666.25,7666.75,242
2026-09-15T23:00:00+00:00,7666.25,7666.75,7664.75,7665,457
2026-09-15T23:05:00+00:00,7665,7665.25,7664.5,7664.75,212
2026-09-15T23:10:00+00:00,7664.75,7665.25,7664,7664.25,277
2026-09-15T23:15:00+00:00,7664.5,7664.75,7663.25,7664,277
2026-09-15T23:20:00+00:00,7664,7664,7663,7663.5,277
2026-09-15T23:25:00+00:00,7663.5,7663.75,7662.5,7662.75,436
2026-09-15T23:30:00+00:00,7662.75,7663.5,7662.5,7663.25,257
2026-09-15T23:35:00+00:00,7663,7664.75,7662.5,7664.5,430
2026-09-15T23:40:00+00:00,7664.5,7666.5,7664,7665.75,721
2026-09-15T23:45:00+00:00,7665.75,7666.5,7664.5,7665,591
2026-09-15T23:50:00+00:00,7665,7666.75,7665,7666.75,416
2026-09-15T23:55:00+00:00,7666.5,7666.5,7664.75,7665.5,296
2026-09-16T00:00:00+00:00,7665.5,7667,7663,7664.25,1316
2026-09-16T00:05:00+00:00,7664.5,7666,7664,7664,559
2026-09-16T00:10:00+00:00,7664.5,7667.5,7663.5,7666.5,803
2026-09-16T00:15:00+00:00,7666.5,7667,7665,7666.5,633
2026-09-16T00:20:00+00:00,7666.5,7666.5,7665,7665.25,299
2026-09-16T00:25:00+00:00,7665,7666.5,7664.5,7666.25,303
2026-09-16T00:30:00+00:00,7666.25,7667.25,7664.5,7664.75,330
2026-09-16T00:35:00+00:00,7664.5,7665.75,7663.75,7665.5,431
2026-09-16T00:40:00+00:00,7665.25,7665.5,7664.25,7664.25,267
2026-09-16T00:45:00+00:00,7664.5,7666.5,7663.75,7665.5,445
2026-09-16T00:50:00+00:00,7665.75,7666.25,7665,7665.5,340
2026-09-16T00:55:00+00:00,7665.5,7666,7664,7665,353
2026-09-16T01:00:00+00:00,7665,7665.75,7663.25,7663.5,672
2026-09-16T01:05:00+00:00,7663.25,7663.5,7660,7660.75,1628
2026-09-16T01:10:00+00:00,7660.75,7666.5,7660,7666.5,1520
2026-09-16T01:15:00+00:00,7666.25,7667,7665,7666,708
2026-09-16T01:20:00+00:00,7665.75,7667.5,7665.5,7666.75,479
2026-09-16T01:25:00+00:00,7667,7668,7666,7666,522
2026-09-16T01:30:00+00:00,7666,7666,7663.25,7665,647
2026-09-16T01:35:00+00:00,7665.25,7665.75,7661.75,7662.5,740
2026-09-16T01:40:00+00:00,7662.25,7663.75,7662,7662.25,306
2026-09-16T01:45:00+00:00,7662.5,7664,7661.5,7661.75,804
2026-09-16T01:50:00+00:00,7661.5,7662,7659,7659.75,1333
2026-09-16T01:55:00+00:00,7659.75,7660.5,7658.75,7659.25,633
2026-09-16T02:00:00+00:00,7659.25,7664.25,7658.75,7663.25,1571
2026-09-16T02:05:00+00:00,7663.25,7663.5,7660.5,7662.25,546
2026-09-16T02:10:00+00:00,7662.5,7663.5,7659.75,7660.5,802
2026-09-16T02:15:00+00:00,7660.75,7662.5,7660.5,7662.25,619
2026-09-16T02:20:00+00:00,7662,7663.75,7661.25,7663.5,326
2026-09-16T02:25:00+00:00,7663.25,7666.25,7663.25,7666.25,955
2026-09-16T02:30:00+00:00,7666,7668.25,7665.5,7667,1392
2026-09-16T02:35:00+00:00,7667,7668.75,7666.25,7666.5,690
2026-09-16T02:40:00+00:00,7666.5,7667,7664,7665,897
2026-09-16T02:45:00+00:00,7665,7666.25,7664.75,7665.75,404
2026-09-16T02:50:00+00:00,7665.5,7667.5,7665,7666.75,321
2026-09-16T02:55:00+00:00,7666.5,7668.25,7666.5,7668,319
2026-09-16T03:00:00+00:00,7668,7671.25,7668,7670,1352
2026-09-16T03:05:00+00:00,7670,7671.5,7669.5,7670.25,778
2026-09-16T03:10:00+00:00,7670.5,7673.25,7669.75,7672.75,1300
2026-09-16T03:15:00+00:00,7672.75,7676,7672.25,7675.5,1519
2026-09-16T03:20:00+00:00,7675.5,7678.25,7674.75,7676.75,1525
2026-09-16T03:25:00+00:00,7676.75,7677.5,7673.5,7673.75,655
2026-09-16T03:30:00+00:00,7673.75,7674.25,7671.25,7671.25,891
2026-09-16T03:35:00+00:00,7671.75,7672,7670,7671.5,741
2026-09-16T03:40:00+00:00,7671.75,7672.75,7671,7672,423
2026-09-16T03:45:00+00:00,7672.25,7674,7672.25,7672.5,596
2026-09-16T03:50:00+00:00,7672.75,7674,7672.25,7672.25,445
2026-09-16T03:55:00+00:00,7672.25,7673.5,7672,7672.5,232
2026-09-16T04:05:00+00:00,7672.75,7673,7672.5,7672.75,481
2026-09-16T04:10:00+00:00,7672.5,7673.25,7672,7672.25,247
2026-09-16T04:15:00+00:00,7672.5,7672.5,7671.25,7671.25,347
2026-09-16T04:20:00+00:00,7671.5,7673.25,7671.5,7672.5,266
2026-09-16T04:25:00+00:00,7672.5,7672.75,7670.25,7670.75,326
2026-09-16T04:30:00+00:00,7670.5,7670.75,7667.5,7668,733
2026-09-16T04:35:00+00:00,7667.75,7669,7667,7668.5,343
2026-09-16T04:40:00+00:00,7668.5,7669.75,7667.25,7668,248
2026-09-16T04:45:00+00:00,7668,7670.25,7667.75,7669.75,238
2026-09-16T04:50:00+00:00,7669.75,7670.25,7668.5,7669,230
2026-09-16T04:55:00+00:00,7668.75,7669.5,7668,7668,231
2026-09-16T05:00:00+00:00,7667.75,7668.5,7665.5,7668.5,859
2026-09-16T05:05:00+00:00,7668.5,7669,7667.25,7669,394
2026-09-16T05:10:00+00:00,7669,7670.25,7668,7669.25,442
2026-09-16T05:15:00+00:00,7669.25,7671.25,7669,7670.75,411
2026-09-16T05:20:00+00:00,7670.25,7670.75,7668.5,7669.5,485
2026-09-16T05:25:00+00:00,7669.5,7671.5,7669,7671.5,704
2026-09-16T05:30:00+00:00,7671.25,7671.25,7669.75,7670.75,247
2026-09-16T05:35:00+00:00,7670.75,7672,7670.25,7671.25,483
2026-09-16T05:40:00+00:00,7671.25,7673.75,7671.25,7673.5,535
2026-09-16T05:45:00+00:00,7673.5,7674,7670,7670.25,450
2026-09-16T05:50:00+00:00,7670.25,7671.75,7669.75,7671.5,553
2026-09-16T05:55:00+00:00,7671.5,7672,7670.5,7670.75,264
2026-09-16T06:00:00+00:00,7670.5,7674.25,7669.25,7670.25,1042
2026-09-16T06:05:00+00:00,7670.25,7674.25,7670.25,7673,595
2026-09-16T06:10:00+00:00,7673,7675.25,7672.75,7673.5,747
2026-09-16T06:15:00+00:00,7673.5,7674.25,7672.25,7674.25,516
2026-09-16T06:20:00+00:00,7674,7674.25,7671,7672,383
2026-09-16T06:25:00+00:00,7672,7672.75,7669.75,7671.5,579
2026-09-16T06:30:00+00:00,7671.5,7672,7669.75,7671.75,536
2026-09-16T06:35:00+00:00,7671.5,7671.75,7670,7670.75,418
2026-09-16T06:40:00+00:00,7671,7671.25,7669.5,7671,405
2026-09-16T06:45:00+00:00,7671,7671.75,7669.5,7671,428
2026-09-16T06:50:00+00:00,7670.75,7674.5,7670.75,7672.75,352
2026-09-16T06:55:00+00:00,7672.75,7674.25,7672,7673.75,298
2026-09-16T07:00:00+00:00,7673.75,7678,7672.5,7677.5,1494
2026-09-16T07:05:00+00:00,7677.5,7677.75,7674.25,7676.25,1227
2026-09-16T07:10:00+00:00,7676.25,7677.5,7675.25,7676.5,1001
2026-09-16T07:15:00+00:00,7676.5,7676.75,7672.25,7672.25,874
2026-09-16T07:20:00+00:00,7672.25,7675.75,7671.75,7674.75,662
2026-09-16T07:25:00+00:00,7674.25,7675.75,7674.25,7674.5,300
2026-09-16T07:30:00+00:00,7674.75,7676.75,7674.25,7674.75,592
2026-09-16T07:35:00+00:00,7675.25,7675.25,7672.75,7673.25,523
2026-09-16T07:40:00+00:00,7673,7673.75,7672,7672.25,402
2026-09-16T07:45:00+00:00,7672.5,7673,7671.5,7672,318
2026-09-16T07:50:00+00:00,7672,7672,7669.75,7669.75,487
2026-09-16T07:55:00+00:00,7669.75,7673,7669.75,7670.75,425
2026-09-16T08:00:00+00:00,7670.5,7671,7667,7667.25,1115
2026-09-16T08:05:00+00:00,7667,7668.25,7665,7666.5,1031
2026-09-16T08:10:00+00:00,7666,7666.5,7663.5,7666,962
2026-09-16T08:15:00+00:00,7666.25,7672.25,7665.75,7668.5,3134
2026-09-16T08:20:00+00:00,7668.5,7671.25,7666.5,7666.75,3483
2026-09-16T08:25:00+00:00,7666.75,7668.75,7665.25,7668.5,1030
2026-09-16T08:30:00+00:00,7668.5,7671,7666.25,7667.75,1215
2026-09-16T08:35:00+00:00,7667.75,7668.5,7666,7666,641
2026-09-16T08:40:00+00:00,7665.75,7670.25,7665.5,7670.25,913
2026-09-16T08:45:00+00:00,7670.25,7671,7668.75,7669,546
2026-09-16T08:50:00+00:00,7669,7672.25,7668.75,7671.75,595
2026-09-16T08:55:00+00:00,7671.5,7673.5,7671.25,7672.5,658
2026-09-16T09:00:00+00:00,7672.75,7673.25,7670.75,7672.75,770
2026-09-16T09:05:00+00:00,7672.75,7673.75,7671,7672.25,753
2026-09-16T09:10:00+00:00,7672,7672.5,7669,7669.5,587
2026-09-16T09:15:00+00:00,7669.25,7669.75,7665.75,7665.75,842
2026-09-16T09:20:00+00:00,7665.75,7668,7665.5,7665.75,644
2026-09-16T09:25:00+00:00,7666,7671,7665.5,7667.5,2556
2026-09-16T09:30:00+00:00,7667.5,7669.5,7667,7669,681
2026-09-16T09:35:00+00:00,7669.25,7672,7668.5,7671.75,823
2026-09-16T09:40:00+00:00,7671.75,7674.75,7671.25,7673.5,782
2026-09-16T09:45:00+00:00,7673.75,7673.75,7670.5,7671.75,600
2026-09-16T09:50:00+00:00,7672,7674.25,7672,7673.75,499
2026-09-16T09:55:00+00:00,7673.75,7675,7673.25,7673.25,394
2026-09-16T10:00:00+00:00,7673,7674,7671.25,7671.25,450
2026-09-16T10:05:00+00:00,7671,7673.5,7670,7673,844
2026-09-16T10:10:00+00:00,7673,7673.75,7669.5,7671.75,1038
2026-09-16T10:15:00+00:00,7671.75,7672.75,7670.5,7672.25,510
2026-09-16T10:20:00+00:00,7672.25,7673.25,7671,7672,607
2026-09-16T10:25:00+00:00,7671.75,7673,7671.5,7673,369
2026-09-16T10:30:00+00:00,7672.75,7673,7671.75,7671.75,284
2026-09-16T10:35:00+00:00,7672.25,7673.25,7671.75,7673.25,427
2026-09-16T10:40:00+00:00,7673.25,7673.75,7672.75,7673.5,377
2026-09-16T10:45:00+00:00,7673.25,7673.5,7672,7673,374
2026-09-16T10:50:00+00:00,7673,7673.25,7671.5,7672,299
2026-09-16T10:55:00+00:00,7672,7677.25,7671.75,7676.5,1119
2026-09-16T11:00:00+00:00,7676.5,7681.5,7674.5,7675.75,7726
2026-09-16T11:05:00+00:00,7675.75,7678,7673.25,7676.5,1742
2026-09-16T11:10:00+00:00,7676.25,7677.25,7673.5,7673.5,712
2026-09-16T11:15:00+00:00,7673.75,7674.25,7672,7674,766
2026-09-16T11:20:00+00:00,7674,7675.25,7672.75,7674.75,765
2026-09-16T11:25:00+00:00,7675,7676.5,7674.5,7675.25,492
2026-09-16T11:30:00+00:00,7675.5,7677.75,7674.75,7677.5,945
2026-09-16T11:35:00+00:00,7677.5,7679.5,7676.75,7678.5,994
2026-09-16T11:40:00+00:00,7678.75,7681,7675.25,7680,3422
2026-09-16T11:45:00+00:00,7680.25,7681.25,7679.5,7680.75,759
2026-09-16T11:50:00+00:00,7681,7682.75,7680.5,7682.75,1107
2026-09-16T11:55:00+00:00,7682.75,7683.5,7681.5,7683.25,1256
2026-09-16T12:00:00+00:00,7683,7686,7682.25,7684,3083
2026-09-16T12:05:00+00:00,7684,7686.5,7682.75,7685.5,1432
2026-09-16T12:10:00+00:00,7685,7685.5,7683,7683,1353
2026-09-16T12:15:00+00:00,7683,7684.25,7681.75,7683,2293
2026-09-16T12:20:00+00:00,7683,7683.25,7679.5,7680,2324
2026-09-16T12:25:00+00:00,7680,7684,7679.75,7683.5,1777
2026-09-16T12:30:00+00:00,7683.5,7684.25,7679.25,7681.25,2994
2026-09-16T12:35:00+00:00,7681,7681.5,7675.5,7676.5,2395
2026-09-16T12:40:00+00:00,7676.5,7677.5,7674.75,7675,1668
2026-09-16T12:45:00+00:00,7675,7679,7674,7678.75,1945
2026-09-16T12:50:00+00:00,7678.75,7681,7676,7676,2584
2026-09-16T12:55:00+00:00,7676,7680.75,7675.5,7679.75,2352
2026-09-16T13:00:00+00:00,7679.5,7681,7673.25,7673.5,4852
2026-09-16T13:05:00+00:00,7673.75,7677.25,7673.25,7676.75,2037
2026-09-16T13:10:00+00:00,7677,7680.75,7676.25,7680.25,2541
2026-09-16T13:15:00+00:00,7680.5,7681.25,7677.5,7678,3301
2026-09-16T13:20:00+00:00,7678,7682.25,7677,7679.75,4335
2026-09-16T13:25:00+00:00,7680,7681,7676,7676.25,4561
2026-09-16T13:30:00+00:00,7676.5,7679,7673.25,7674,20767
2026-09-16T13:35:00+00:00,7674,7676.75,7669.25,7670,14455
2026-09-16T13:40:00+00:00,7670.25,7673.25,7669,7670,12042
2026-09-16T13:45:00+00:00,7669.75,7681.75,7669.5,7681.25,20031
2026-09-16T13:50:00+00:00,7681,7686.5,7680.75,7684.5,14275
2026-09-16T13:55:00+00:00,7684.25,7686.25,7681.75,7684.25,6712
2026-09-16T14:00:00+00:00,7684.5,7686.5,7678.25,7678.75,11200
2026-09-16T14:05:00+00:00,7678.75,7680.75,7675.25,7679.25,12552
2026-09-16T14:10:00+00:00,7679,7680,7673,7677.5,10812
2026-09-16T14:15:00+00:00,7677.5,7679.25,7674,7674.75,8576
2026-09-16T14:20:00+00:00,7674.75,7675.5,7671.25,7671.75,8255
2026-09-16T14:25:00+00:00,7671.5,7672.25,7669.25,7671.75,7765
2026-09-16T14:30:00+00:00,7671.75,7674.25,7669.75,7673.5,10183
2026-09-16T14:35:00+00:00,7673.5,7677.25,7671.25,7675.75,9286
2026-09-16T14:40:00+00:00,7675.75,7681,7675.25,7680.75,8181
2026-09-16T14:45:00+00:00,7680.75,7682,7678,7678.25,8383
2026-09-16T14:50:00+00:00,7678.5,7681.25,7678,7678.75,5420
2026-09-16T14:55:00+00:00,7679,7685,7679,7684.5,7122
2026-09-16T15:00:00+00:00,7684.5,7688.5,7683.75,7687.25,13637
2026-09-16T15:05:00+00:00,7687.5,7692.75,7685,7691.5,17966
2026-09-16T15:10:00+00:00,7691.5,7692.5,7687,7690,12628
2026-09-16T15:15:00+00:00,7690,7690.5,7685.75,7688.5,6885
2026-09-16T15:20:00+00:00,7688.5,7688.5,7686.25,7688,5274
2026-09-16T15:25:00+00:00,7687.75,7690.5,7685.25,7686,7685
2026-09-16T15:30:00+00:00,7686,7687,7682,7683.5,8403
2026-09-16T15:35:00+00:00,7683.75,7688,7683.5,7686.25,6994
2026-09-16T15:40:00+00:00,7686.25,7688.25,7685.25,7688,4341
2026-09-16T15:45:00+00:00,7687.75,7699,7687,7692.5,33551
2026-09-16T15:50:00+00:00,7692.75,7693,7688.75,7689.75,6610
2026-09-16T15:55:00+00:00,7690,7690.75,7688.25,7688.75,3544
2026-09-16T16:00:00+00:00,7689,7689.5,7685,7685.5,6597
2026-09-16T16:05:00+00:00,7685.25,7687.25,7685,7687,3328
2026-09-16T16:10:00+00:00,7687,7687.25,7683.75,7686,3927
2026-09-16T16:15:00+00:00,7686,7686.75,7684.75,7685.25,3338
2026-09-16T16:20:00+00:00,7685.25,7685.25,7681.25,7681.5,4864
2026-09-16T16:25:00+00:00,7681.75,7683.5,7680.25,7683,3672
2026-09-16T16:30:00+00:00,7683,7684,7678.25,7678.5,4942
2026-09-16T16:35:00+00:00,7678.5,7681.25,7678.5,7680.75,3104
2026-09-16T16:40:00+00:00,7680.5,7682,7679.75,7680.5,2534
2026-09-16T16:45:00+00:00,7680.75,7683.5,7680.75,7682.75,2810
2026-09-16T16:50:00+00:00,7682.5,7683,7678.75,7680.75,3774
2026-09-16T16:55:00+00:00,7680.75,7682,7679.25,7679.25,1884
2026-09-16T17:00:00+00:00,7679.5,7679.75,7674,7675.5,6127
2026-09-16T17:05:00+00:00,7675.5,7677.5,7675.25,7677.5,3603
2026-09-16T17:10:00+00:00,7677.25,7679.75,7675.75,7678.75,3113
2026-09-16T17:15:00+00:00,7678.75,7680,7678.25,7679.25,2939
2026-09-16T17:20:00+00:00,7679,7680.75,7676.75,7678,2692
2026-09-16T17:25:00+00:00,7677.75,7681,7677.75,7681,2378
2026-09-16T17:30:00+00:00,7681,7682.25,7678,7679.25,3596
2026-09-16T17:35:00+00:00,7679.5,7680.5,7677.5,7677.75,1748
2026-09-16T17:40:00+00:00,7677.75,7678,7674.5,7675,3466
2026-09-16T17:45:00+00:00,7674.75,7679,7674.75,7677,2656
2026-09-16T17:50:00+00:00,7677,7680,7676.25,7679.5,3173
2026-09-16T17:55:00+00:00,7679.25,7684.5,7677.5,7683.5,4269
2026-09-16T18:00:00+00:00,7684,7691.75,7669.25,7683.5,24332
2026-09-16T18:05:00+00:00,7684,7694,7683,7688.5,15236
2026-09-16T18:10:00+00:00,7688.25,7690.25,7679.75,7681.25,9472
2026-09-16T18:15:00+00:00,7681.25,7685.25,7678,7681,10021
2026-09-16T18:20:00+00:00,7681,7684.75,7677.5,7680,6160
2026-09-16T18:25:00+00:00,7680.25,7681.75,7669.25,7678,10861
2026-09-16T18:30:00+00:00,7678,7680.75,7656.5,7657.5,26168
2026-09-16T18:35:00+00:00,7657.25,7661.25,7641,7659.75,30592
2026-09-16T18:40:00+00:00,7659.75,7683.25,7658.75,7671.25,26582
2026-09-16T18:45:00+00:00,7671.25,7677,7655.25,7656.5,19740
2026-09-16T18:50:00+00:00,7656.25,7659.25,7631,7632,28488
2026-09-16T18:55:00+00:00,7632,7638,7617.5,7618.75,30740
2026-09-16T19:00:00+00:00,7618.75,7633.5,7617,7627.25,25581
2026-09-16T19:05:00+00:00,7627.5,7627.75,7609.75,7612,23240
2026-09-16T19:10:00+00:00,7611.75,7613.5,7591,7592.5,27407
2026-09-16T19:15:00+00:00,7592.5,7600.75,7584.25,7589,22264
2026-09-16T19:20:00+00:00,7589,7593,7580.5,7586.25,19446
2026-09-16T19:25:00+00:00,7586.5,7592.75,7575.25,7592,18655
2026-09-16T19:30:00+00:00,7591.75,7605.75,7590.25,7605.25,21459
2026-09-16T19:35:00+00:00,7605.5,7606.5,7594,7604,16920
2026-09-16T19:40:00+00:00,7604,7608,7597.25,7600.75,14005
2026-09-16T19:45:00+00:00,7600.75,7616.75,7600.5,7615.25,15316
2026-09-16T19:50:00+00:00,7615.25,7623.25,7614,7621.75,16858
2026-09-16T19:55:00+00:00,7621.75,7625,7618.25,7622.25,20161
2026-09-16T20:00:00+00:00,7622.25,7626.25,7620.25,7623.75,7010
2026-09-16T20:05:00+00:00,7623.5,7624.25,7620.25,7622,2199
2026-09-16T20:10:00+00:00,7621.75,7623,7620.75,7621.75,1027
2026-09-16T20:15:00+00:00,7622,7623,7620,7621.5,1585
2026-09-16T20:20:00+00:00,7621.25,7621.75,7620,7620.25,742
2026-09-16T20:25:00+00:00,7620.25,7620.5,7617.25,7620.5,1466
2026-09-16T20:30:00+00:00,7620.25,7622.75,7618.75,7622.5,969
2026-09-16T20:35:00+00:00,7622.25,7622.5,7620.25,7622.5,627
2026-09-16T20:40:00+00:00,7622.5,7623,7619.75,7621,1106
2026-09-16T20:45:00+00:00,7621,7622.5,7620.25,7622.25,689
2026-09-16T20:50:00+00:00,7622.25,7623,7620.5,7621.5,759
2026-09-16T20:55:00+00:00,7621.25,7622.25,7618.5,7622,918
2026-09-16T22:00:00+00:00,7624,7625,7617.5,7618,0
2026-09-16T22:05:00+00:00,7618.25,7625.75,7618.25,7625.25,1536
2026-09-16T22:10:00+00:00,7625.5,7627.5,7624.5,7626,1000
2026-09-16T22:15:00+00:00,7626.25,7627.75,7625.5,7627.5,832
2026-09-16T22:20:00+00:00,7627.75,7629.75,7627.25,7629.5,1295
2026-09-16T22:25:00+00:00,7629.75,7632.5,7629,7632.5,910
2026-09-16T22:30:00+00:00,7632.25,7634.75,7632,7634.5,1119
2026-09-16T22:35:00+00:00,7634.5,7637.75,7634.25,7637.25,1110
2026-09-16T22:40:00+00:00,7637.25,7639.75,7637,7638.5,1552
2026-09-16T22:45:00+00:00,7638.5,7639.25,7635.75,7635.75,1581
2026-09-16T22:50:00+00:00,7635.75,7636.5,7634.75,7635.25,1066
2026-09-16T22:55:00+00:00,7635.25,7636.75,7634.75,7636.75,765
2026-09-16T23:00:00+00:00,7636.75,7638.25,7635.75,7637,887
2026-09-16T23:05:00+00:00,7636.75,7640,7636.5,7639.5,969
2026-09-16T23:10:00+00:00,7639.5,7640,7638,7638.5,491
2026-09-16T23:15:00+00:00,7638.5,7643.25,7638.5,7641.25,1340
2026-09-16T23:20:00+00:00,7641.25,7644.75,7641.25,7644.25,1103
2026-09-16T23:25:00+00:00,7644.5,7647.5,7643.25,7645.25,1868
2026-09-16T23:30:00+00:00,7645.25,7648,7645.25,7648,1176
2026-09-16T23:35:00+00:00,7647.75,7647.75,7645,7646.25,1110
2026-09-16T23:40:00+00:00,7646.5,7652.75,7645.25,7652.25,5371
2026-09-16T23:45:00+00:00,7652.25,7656.5,7651.5,7655,3450
2026-09-16T23:50:00+00:00,7655.25,7657,7654,7655.5,1137
2026-09-16T23:55:00+00:00,7655.5,7657.5,7654.75,7657.5,1207
2026-09-17T00:00:00+00:00,7657.25,7660,7655.75,7658.75,2734
2026-09-17T00:05:00+00:00,7658.75,7662.25,7657.25,7661.25,2466
2026-09-17T00:10:00+00:00,7661.5,7662,7656,7656,2201
2026-09-17T00:15:00+00:00,7656,7660,7654.25,7659.5,3177
2026-09-17T00:20:00+00:00,7659.5,7660,7656,7657.25,1446
2026-09-17T00:25:00+00:00,7656.75,7659,7656,7656.75,830
2026-09-17T00:30:00+00:00,7656.75,7663.5,7656.5,7662,2128
2026-09-17T00:35:00+00:00,7662,7664.75,7661.5,7664.25,1233
2026-09-17T00:40:00+00:00,7664.25,7667.75,7664,7665.5,2066
2026-09-17T00:45:00+00:00,7665.5,7665.5,7662.25,7663.75,1325
2026-09-17T00:50:00+00:00,7663.75,7664.25,7660,7660.75,1526
2026-09-17T00:55:00+00:00,7661,7665.75,7660.5,7664,1422
2026-09-17T01:00:00+00:00,7664.25,7665.25,7662,7664.5,1399
2026-09-17T01:05:00+00:00,7664.5,7668,7663.75,7664,1510
2026-09-17T01:10:00+00:00,7664.25,7664.25,7660.75,7663.75,1363
2026-09-17T01:15:00+00:00,7663.5,7664,7662,7663.25,938
2026-09-17T01:20:00+00:00,7663.25,7664.5,7662.75,7663.25,883
2026-09-17T01:25:00+00:00,7663.5,7664.25,7662.5,7663.25,561
2026-09-17T01:30:00+00:00,7663.25,7666.75,7663.25,7664.25,1202
2026-09-17T01:35:00+00:00,7664.25,7666.25,7662,7662,703
2026-09-17T01:40:00+00:00,7662.25,7663.75,7659.75,7663.25,2139
2026-09-17T01:45:00+00:00,7663.5,7664.25,7663,7663.25,647
2026-09-17T01:50:00+00:00,7663.25,7663.75,7660.5,7662.75,1174
2026-09-17T01:55:00+00:00,7662.5,7663,7658.25,7659.75,1489
2026-09-17T02:00:00+00:00,7660,7664,7659.75,7663.75,806
2026-09-17T02:05:00+00:00,7664,7664.5,7661,7661.5,1107
2026-09-17T02:10:00+00:00,7661.5,7662.75,7660.75,7661.75,570
2026-09-17T02:15:00+00:00,7661.75,7664,7661.5,7663.25,560
2026-09-17T02:20:00+00:00,7663.25,7664.25,7662.25,7663.5,548
2026-09-17T02:25:00+00:00,7663.5,7665.25,7663,7664,1023
2026-09-17T02:30:00+00:00,7664,7667.25,7663.75,7666,1254
2026-09-17T02:35:00+00:00,7666,7668.75,7665.75,7667.75,899
2026-09-17T02:40:00+00:00,7667.75,7670,7667.5,7668.5,1035
2026-09-17T02:45:00+00:00,7668.75,7668.75,7666.75,7667.75,686
2026-09-17T02:50:00+00:00,7667.5,7668.75,7664.75,7665.5,893
2026-09-17T02:55:00+00:00,7665.25,7666.75,7664.75,7665.25,759
2026-09-17T03:00:00+00:00,7665.25,7666.5,7664.75,7666.25,519
2026-09-17T03:05:00+00:00,7666.25,7667.5,7665.75,7666.25,486
2026-09-17T03:10:00+00:00,7666.5,7667.5,7665,7667.25,527
2026-09-17T03:15:00+00:00,7667.5,7667.75,7665.75,7666.25,503
2026-09-17T03:20:00+00:00,7666.25,7668,7664.75,7668,713
2026-09-17T03:25:00+00:00,7668,7668.5,7667.25,7668.25,292
2026-09-17T03:30:00+00:00,7668,7668.25,7666.75,7667.75,354
2026-09-17T03:35:00+00:00,7668,7668.75,7667,7668.75,246
2026-09-17T03:40:00+00:00,7669,7670,7668.5,7669.5,611
2026-09-17T03:45:00+00:00,7669.5,7669.75,7666.5,7669.5,1025
2026-09-17T03:50:00+00:00,7669.5,7669.5,7667.5,7667.75,415
2026-09-17T03:55:00+00:00,7668.25,7670,7668.25,7669.75,438
2026-09-17T04:05:00+00:00,7669.25,7669.25,7668.5,7668.75,1034
2026-09-17T04:10:00+00:00,7668.5,7669,7667,7668,586
2026-09-17T04:15:00+00:00,7668,7668.25,7666.75,7666.75,343
2026-09-17T04:20:00+00:00,7667,7667.25,7666.25,7666.25,389
2026-09-17T04:25:00+00:00,7666.75,7668,7665.5,7667.25,663
2026-09-17T04:30:00+00:00,7667.25,7667.75,7666,7666.75,484
2026-09-17T04:35:00+00:00,7667,7669.25,7666.75,7669.25,584
2026-09-17T04:40:00+00:00,7669,7670.25,7668.5,7669,620
2026-09-17T04:45:00+00:00,7669,7670.5,7668.75,7668.75,432
2026-09-17T04:50:00+00:00,7668.75,7669,7666.5,7666.75,494
2026-09-17T04:55:00+00:00,7666.75,7668,7666.75,7667.5,324
2026-09-17T05:00:00+00:00,7667.25,7667.75,7666.25,7667.25,267
2026-09-17T05:05:00+00:00,7667.25,7667.25,7666,7666,296
2026-09-17T05:10:00+00:00,7666,7666.5,7664,7664.75,695
2026-09-17T05:15:00+00:00,7664.5,7664.75,7663.5,7663.75,678
2026-09-17T05:20:00+00:00,7663.75,7663.75,7662.25,7663.5,619
2026-09-17T05:25:00+00:00,7663.5,7665.25,7663.25,7663.5,424
2026-09-17T05:30:00+00:00,7664,7664,7661.25,7662.75,810
2026-09-17T05:35:00+00:00,7663,7663,7660.25,7661.25,757
2026-09-17T05:40:00+00:00,7661.5,7661.75,7659,7659.25,760
2026-09-17T05:45:00+00:00,7659,7660.25,7658.75,7659.25,529
2026-09-17T05:50:00+00:00,7659.25,7660.25,7657.75,7658.25,848
2026-09-17T05:55:00+00:00,7658.25,7658.25,7656.25,7657.25,681
2026-09-17T06:00:00+00:00,7657,7663.25,7656.5,7662.25,1646
2026-09-17T06:05:00+00:00,7662,7664.75,7660.25,7661.5,1116
2026-09-17T06:10:00+00:00,7661.25,7662.25,7660,7661.5,705
2026-09-17T06:15:00+00:00,7661.75,7662,7658.5,7661.5,1215
2026-09-17T06:20:00+00:00,7661.5,7665.75,7660.75,7665.75,1126
2026-09-17T06:25:00+00:00,7665.5,7671.25,7665.25,7671,1936
2026-09-17T06:30:00+00:00,7671.25,7674.25,7670.75,7672.25,1873
2026-09-17T06:35:00+00:00,7672.25,7675.25,7671.5,7672,1197
2026-09-17T06:40:00+00:00,7672.25,7676.75,7672,7676.25,1204
2026-09-17T06:45:00+00:00,7676,7677.5,7674.75,7676,1057
2026-09-17T06:50:00+00:00,7676,7677,7675.25,7676.25,421
2026-09-17T06:55:00+00:00,7676.25,7676.25,7674.25,7675.25,699
2026-09-17T07:00:00+00:00,7675.25,7679,7673.5,7678.5,2055
2026-09-17T07:05:00+00:00,7678.25,7683.25,7678.25,7682.25,1864
2026-09-17T07:10:00+00:00,7682.75,7684,7679.25,7680.25,1173
2026-09-17T07:15:00+00:00,7680.5,7683.5,7679.75,7680.75,869
2026-09-17T07:20:00+00:00,7680.75,7683,7678.75,7682.25,1161
2026-09-17T07:25:00+00:00,7682.25,7687,7681.75,7686.5,1790
2026-09-17T07:30:00+00:00,7686.5,7688.5,7685.5,7686.5,2262
2026-09-17T07:35:00+00:00,7686.5,7686.5,7685,7686.25,1166
2026-09-17T07:40:00+00:00,7686.25,7686.75,7684.5,7685.75,743
2026-09-17T07:45:00+00:00,7685.75,7686.25,7683,7683.25,779
2026-09-17T07:50:00+00:00,7683,7683.5,7680.5,7681,1081
2026-09-17T07:55:00+00:00,7680.75,7681,7678.75,7680,1294
2026-09-17T08:00:00+00:00,7680.25,7681.5,7678.25,7680.75,1336
2026-09-17T08:05:00+00:00,7680.75,7681,7678.75,7679.5,1085
2026-09-17T08:10:00+00:00,7679.25,7680.25,7673.5,7674.5,1989
2026-09-17T08:15:00+00:00,7674.25,7675.25,7671.25,7673,1542
2026-09-17T08:20:00+00:00,7672.5,7675.5,7672.5,7675.5,1174
2026-09-17T08:25:00+00:00,7675.25,7678.25,7675,7677.75,1421
2026-09-17T08:30:00+00:00,7677.75,7679.75,7676,7679.75,1539
2026-09-17T08:35:00+00:00,7679.75,7680.5,7678.5,7680.5,773
2026-09-17T08:40:00+00:00,7680.5,7680.75,7678,7679.25,498
2026-09-17T08:45:00+00:00,7679.25,7681,7678.75,7680.25,491
2026-09-17T08:50:00+00:00,7680.5,7684,7680.25,7683.75,1067
2026-09-17T08:55:00+00:00,7683.5,7684.75,7682.5,7683.25,898
2026-09-17T09:00:00+00:00,7683,7686.5,7683,7685.25,933
2026-09-17T09:05:00+00:00,7685.25,7687.25,7684.75,7686.25,740
2026-09-17T09:10:00+00:00,7686.5,7689.25,7686.25,7686.5,1042
2026-09-17T09:15:00+00:00,7686.75,7687.75,7684.25,7684.5,1146
2026-09-17T09:20:00+00:00,7684.5,7686,7684,7685.25,1227
2026-09-17T09:25:00+00:00,7685.25,7685.25,7683.25,7683.5,945
2026-09-17T09:30:00+00:00,7683.5,7686.75,7683.5,7686.25,718
2026-09-17T09:35:00+00:00,7686.5,7687,7685.25,7685.25,1038
2026-09-17T09:40:00+00:00,7685,7686.5,7684.75,7685.75,733
2026-09-17T09:45:00+00:00,7685.5,7686,7681.25,7682,985
2026-09-17T09:50:00+00:00,7682.25,7684,7682,7684,825
2026-09-17T09:55:00+00:00,7683.75,7684.75,7682.25,7682.75,989
2026-09-17T10:00:00+00:00,7682.75,7684.75,7682.5,7684.25,595
2026-09-17T10:05:00+00:00,7684.25,7687,7684,7685.75,1101
2026-09-17T10:10:00+00:00,7686,7686.75,7685,7685.25,450
2026-09-17T10:15:00+00:00,7685.25,7686,7683.25,7683.25,838
2026-09-17T10:20:00+00:00,7683.5,7688.5,7683.5,7688.5,999
2026-09-17T10:25:00+00:00,7688.5,7689.5,7687.25,7687.5,1013
2026-09-17T10:30:00+00:00,7687.75,7689.5,7685.75,7685.75,1767
2026-09-17T10:35:00+00:00,7685.75,7688.5,7685.5,7687.25,1207
2026-09-17T10:40:00+00:00,7687,7687.5,7684.25,7684.75,899
2026-09-17T10:45:00+00:00,7684.75,7685.5,7684,7685,554
2026-09-17T10:50:00+00:00,7685,7687,7684.75,7686.25,626
2026-09-17T10:55:00+00:00,7686.25,7688.75,7685.75,7687.75,588
2026-09-17T11:00:00+00:00,7687.75,7690.75,7687.25,7688,2700
2026-09-17T11:05:00+00:00,7688.25,7689,7687,7687,1219
2026-09-17T11:10:00+00:00,7687.25,7688.75,7685.75,7688.25,1553
2026-09-17T11:15:00+00:00,7688.25,7688.75,7684.75,7686.25,919
2026-09-17T11:20:00+00:00,7686,7688.25,7685.75,7686,887
2026-09-17T11:25:00+00:00,7686,7687.25,7685,7686.25,941
2026-09-17T11:30:00+00:00,7686,7687.5,7685,7685.75,826
2026-09-17T11:35:00+00:00,7685.25,7687,7684.5,7686.5,737
2026-09-17T11:40:00+00:00,7686.25,7686.25,7682.75,7683,1166
2026-09-17T11:45:00+00:00,7682.75,7685.25,7682.75,7683.5,770
2026-09-17T11:50:00+00:00,7683.5,7688,7682.25,7687,1669
2026-09-17T11:55:00+00:00,7687.25,7695.5,7685.5,7695,10225
2026-09-17T12:00:00+00:00,7695.25,7696.5,7690,7694.5,7781
2026-09-17T12:05:00+00:00,7694.5,7701.75,7693.75,7701.5,6514
2026-09-17T12:10:00+00:00,7701.5,7703.5,7700.5,7701.75,3439
2026-09-17T12:15:00+00:00,7702,7708.25,7701.25,7708.25,3827
2026-09-17T12:20:00+00:00,7708.25,7712,7708,7710.5,4226
2026-09-17T12:25:00+00:00,7710.75,7716.75,7710,7716.5,4378
2026-09-17T12:30:00+00:00,7716.25,7722.25,7713.5,7721.25,6888
2026-09-17T12:35:00+00:00,7721.25,7722.25,7717.5,7720.75,4371
2026-09-17T12:40:00+00:00,7720.5,7721.5,7717.5,7717.75,2859
2026-09-17T12:45:00+00:00,7717.75,7718,7715,7716.5,4126
2026-09-17T12:50:00+00:00,7716.5,7720,7716,7718,2608
2026-09-17T12:55:00+00:00,7718,7719.25,7716,7717.5,1623
2026-09-17T13:00:00+00:00,7717.5,7722,7716.5,7718.5,4368
2026-09-17T13:05:00+00:00,7718.5,7719.5,7716.5,7716.75,3141
2026-09-17T13:10:00+00:00,7716.75,7717.5,7714.75,7716,3396
2026-09-17T13:15:00+00:00,7716,7718.5,7715.5,7716.25,3340
2026-09-17T13:20:00+00:00,7715.75,7717.25,7713.5,7714,2848
2026-09-17T13:25:00+00:00,7713.75,7717,7712.5,7713.25,5963
2026-09-17T13:30:00+00:00,7713.5,7716.25,7695.75,7695.75,30238
2026-09-17T13:35:00+00:00,7695.75,7697.75,7691.75,7692.75,19580
2026-09-17T13:40:00+00:00,7693,7694.25,7688.25,7690.75,21113
2026-09-17T13:45:00+00:00,7690.75,7696,7688.25,7694.75,21151
2026-09-17T13:50:00+00:00,7695,7697.25,7691,7691,17943
2026-09-17T13:55:00+00:00,7691,7693.75,7688.25,7693.5,12870
2026-09-17T14:00:00+00:00,7693.75,7693.75,7683.75,7687,18797
2026-09-17T14:05:00+00:00,7687,7687.5,7680.5,7683,14935
2026-09-17T14:10:00+00:00,7683.25,7692.75,7681.75,7692.25,17220
2026-09-17T14:15:00+00:00,7692.25,7695.75,7691.25,7695.75,15084
2026-09-17T14:20:00+00:00,7695.5,7701.5,7693.25,7700.75,16506
2026-09-17T14:25:00+00:00,7700.75,7704,7697,7697.75,18330
2026-09-17T14:30:00+00:00,7697.75,7701.25,7696.25,7701,13003
2026-09-17T14:35:00+00:00,7701,7701.5,7697.25,7697.5,10436
2026-09-17T14:40:00+00:00,7697.75,7703.25,7697,7699.5,11909
2026-09-17T14:45:00+00:00,7699.5,7700.25,7691.25,7693.25,17017
2026-09-17T14:50:00+00:00,7693.25,7693.5,7685.5,7686.5,13876
2026-09-17T14:55:00+00:00,7686.5,7691.5,7684.25,7688.25,15749
2026-09-17T15:00:00+00:00,7688,7690.25,7686,7686.25,9049
2026-09-17T15:05:00+00:00,7686.5,7689.25,7683.75,7688.25,10110
2026-09-17T15:10:00+00:00,7688,7692.75,7686.75,7692,11102
2026-09-17T15:15:00+00:00,7691.75,7695.5,7689.5,7694.75,10537
2026-09-17T15:20:00+00:00,7695,7695.25,7691,7693.25,9175
2026-09-17T15:25:00+00:00,7693.25,7698,7693.25,7696.25,10528
2026-09-17T15:30:00+00:00,7696.25,7698.75,7695.25,7698.25,7484
2026-09-17T15:35:00+00:00,7698.25,7701.25,7697.5,7700.75,8355
2026-09-17T15:40:00+00:00,7700.75,7706.25,7700.75,7703.5,11696
2026-09-17T15:45:00+00:00,7703.5,7705.25,7702.75,7704.5,6515
2026-09-17T15:50:00+00:00,7704.5,7705.75,7701.75,7705,8269
2026-09-17T15:55:00+00:00,7705,7706.5,7701.5,7706.5,8200
2026-09-17T16:00:00+00:00,7706.5,7707.25,7704.25,7704.5,8539
2026-09-17T16:05:00+00:00,7704.5,7706.5,7701.25,7705.75,8677
2026-09-17T16:10:00+00:00,7705.75,7706.25,7702.25,7704,5284
2026-09-17T16:15:00+00:00,7704,7705,7702.75,7703.75,3941
2026-09-17T16:20:00+00:00,7703.75,7707,7703.25,7705.75,4063
2026-09-17T16:25:00+00:00,7706,7707.5,7705,7706.25,5138
2026-09-17T16:30:00+00:00,7706.5,7707.75,7700.5,7702,9328
2026-09-17T16:35:00+00:00,7702,7704,7701,7703,5271
2026-09-17T16:40:00+00:00,7703,7707.75,7702,7707.75,5900
2026-09-17T16:45:00+00:00,7707.75,7708,7705.25,7705.75,5751
2026-09-17T16:50:00+00:00,7706,7706.75,7704.75,7705,3585
2026-09-17T16:55:00+00:00,7705,7706,7697,7706,28390
2026-09-17T17:00:00+00:00,7706,7709,7704.25,7707.5,9033
2026-09-17T17:05:00+00:00,7707.75,7709.25,7704.5,7705,4936
2026-09-17T17:10:00+00:00,7705.25,7705.75,7702.75,7703.5,3992
2026-09-17T17:15:00+00:00,7703.75,7704.5,7702.25,7703,3369
2026-09-17T17:20:00+00:00,7703,7703.75,7699.75,7700.25,6829
2026-09-17T17:25:00+00:00,7700.25,7702.5,7699.25,7701.75,4267
2026-09-17T17:30:00+00:00,7702,7704.75,7700.25,7704.5,4791
2026-09-17T17:35:00+00:00,7704.75,7705.5,7702.75,7703.5,4461
2026-09-17T17:40:00+00:00,7703.75,7706.5,7703.75,7706,4340
2026-09-17T17:45:00+00:00,7705.5,7708,7705.25,7706,3899
2026-09-17T17:50:00+00:00,7705.75,7706,7704.25,7705,3789
2026-09-17T17:55:00+00:00,7705.25,7708,7705.25,7707.75,4183
2026-09-17T18:00:00+00:00,7707.75,7709.75,7706.75,7709,5154
2026-09-17T18:05:00+00:00,7709.25,7710,7705.5,7706.75,5706
2026-09-17T18:10:00+00:00,7706.5,7709.5,7705.75,7708.75,4939
2026-09-17T18:15:00+00:00,7709,7711.25,7707.75,7710.25,6642
2026-09-17T18:20:00+00:00,7710.25,7710.75,7706.75,7707,4795
2026-09-17T18:25:00+00:00,7707.25,7709.75,7706.5,7708.5,5221
2026-09-17T18:30:00+00:00,7708.75,7710.25,7706.25,7706.25,4953
2026-09-17T18:35:00+00:00,7706.5,7707,7703,7703.75,6698
2026-09-17T18:40:00+00:00,7703.5,7705.5,7702.75,7704.75,5587
2026-09-17T18:45:00+00:00,7704.75,7708,7704.25,7706.25,4685
2026-09-17T18:50:00+00:00,7706,7706.5,7703,7704.25,4339
2026-09-17T18:55:00+00:00,7704.25,7706.25,7703.75,7705.75,4466
2026-09-17T19:00:00+00:00,7705.75,7710,7705.5,7710,7366
2026-09-17T19:05:00+00:00,7709.75,7711.75,7708.5,7709,7764
2026-09-17T19:10:00+00:00,7709.25,7710.5,7708.25,7708.75,3813
2026-09-17T19:15:00+00:00,7708.75,7710.5,7708,7710,3242
2026-09-17T19:20:00+00:00,7710.25,7710.25,7707,7707.25,4079
2026-09-17T19:25:00+00:00,7707.25,7708.75,7706.25,7706.75,4476
2026-09-17T19:30:00+00:00,7706.75,7710.25,7706.75,7709.25,4761
2026-09-17T19:35:00+00:00,7709.25,7711.5,7709,7710.5,4517
2026-09-17T19:40:00+00:00,7710.25,7712.25,7708,7711.75,6640
2026-09-17T19:45:00+00:00,7711.5,7711.5,7707.75,7708.5,6239
2026-09-17T19:50:00+00:00,7708.25,7715.5,7707.75,7711,16746
2026-09-17T19:55:00+00:00,7711.25,7712.75,7705,7707.25,26887
2026-09-17T20:00:00+00:00,7707.25,7708.25,7704.75,7705.25,6444
2026-09-17T20:05:00+00:00,7705,7708.5,7705,7708,2237
2026-09-17T20:10:00+00:00,7708,7708,7703.75,7704.5,2186
2026-09-17T20:15:00+00:00,7704.25,7705,7702,7702.25,2169
2026-09-17T20:20:00+00:00,7702,7703,7702,7702.5,1056
2026-09-17T20:25:00+00:00,7702.5,7703,7701.75,7702,807
2026-09-17T20:30:00+00:00,7702,7702.5,7701.5,7702,906
2026-09-17T20:35:00+00:00,7702,7703,7701.75,7702.75,913
2026-09-17T20:40:00+00:00,7702.5,7703,7701.25,7701.5,838
2026-09-17T20:45:00+00:00,7701.75,7702,7701,7701.5,746
2026-09-17T20:50:00+00:00,7701.25,7703,7700.75,7702.75,989
2026-09-17T20:55:00+00:00,7702.5,7703.75,7701.75,7702.25,779
2026-09-17T22:00:00+00:00,7704.75,7704.75,7701,7701,0
2026-09-17T22:05:00+00:00,7701.5,7702,7699.5,7700.25,811
2026-09-17T22:10:00+00:00,7700.25,7701.5,7700,7701.5,506
2026-09-17T22:15:00+00:00,7701.25,7701.5,7699.75,7700.5,332
2026-09-17T22:20:00+00:00,7700.5,7700.75,7698.75,7699.25,476
2026-09-17T22:25:00+00:00,7699.5,7700,7697.75,7698,607
2026-09-17T22:30:00+00:00,7698,7698.5,7697.25,7698,504
2026-09-17T22:35:00+00:00,7697.75,7699,7697.75,7698,705
2026-09-17T22:40:00+00:00,7698.25,7698.5,7696.75,7698,527
2026-09-17T22:45:00+00:00,7698,7698.25,7697.5,7698.25,336
2026-09-17T22:50:00+00:00,7698,7698.25,7697,7697.25,307
2026-09-17T22:55:00+00:00,7697,7699.25,7697,7699.25,475
2026-09-17T23:00:00+00:00,7699,7700.75,7699,7700.75,806
2026-09-17T23:05:00+00:00,7700.5,7702,7700.25,7701.75,583
2026-09-17T23:10:00+00:00,7701.75,7702.25,7699.5,7700,767
2026-09-17T23:15:00+00:00,7699.75,7700.5,7699.25,7700,395
2026-09-17T23:20:00+00:00,7700.25,7701.5,7700,7700.75,390
2026-09-17T23:25:00+00:00,7700.5,7700.75,7699.5,7699.75,226
2026-09-17T23:30:00+00:00,7700,7701.25,7699.25,7701,375
2026-09-17T23:35:00+00:00,7701,7701.5,7700.5,7701,147
2026-09-17T23:40:00+00:00,7701.25,7702.25,7700.75,7701.25,378
2026-09-17T23:45:00+00:00,7701.5,7702.25,7700.5,7701.75,359
2026-09-17T23:50:00+00:00,7701,7702,7700.5,7701.5,479
2026-09-17T23:55:00+00:00,7701.25,7701.75,7700.75,7700.75,204
2026-09-18T00:00:00+00:00,7700.75,7702,7698.5,7700.25,1718
2026-09-18T00:05:00+00:00,7699.75,7701,7698.25,7700,906
2026-09-18T00:10:00+00:00,7700.25,7701.25,7697.75,7701,657
2026-09-18T00:15:00+00:00,7701.25,7702,7699.75,7701.5,764
2026-09-18T00:20:00+00:00,7701.5,7702.25,7700.5,7702.25,627
2026-09-18T00:25:00+00:00,7702,7702.75,7700,7701,833
2026-09-18T00:30:00+00:00,7701,7702.75,7701,7702.75,592
2026-09-18T00:35:00+00:00,7702.75,7702.75,7699.75,7699.75,580
2026-09-18T00:40:00+00:00,7699.75,7702,7698.75,7701.25,1055
2026-09-18T00:45:00+00:00,7701,7701.5,7698.75,7699,538
2026-09-18T00:50:00+00:00,7699,7699.75,7698.5,7699.5,475
2026-09-18T00:55:00+00:00,7699.25,7699.75,7698.75,7699.5,253
2026-09-18T01:00:00+00:00,7699.5,7701.25,7698,7698.25,969
2026-09-18T01:05:00+00:00,7698.5,7699.75,7698.25,7698.25,378
2026-09-18T01:10:00+00:00,7698.25,7699.25,7697.25,7698,463
2026-09-18T01:15:00+00:00,7697.75,7697.75,7696.25,7697.25,1119
2026-09-18T01:20:00+00:00,7697.75,7698.5,7696.75,7697.5,570
2026-09-18T01:25:00+00:00,7697.5,7697.75,7696.5,7697.5,257
2026-09-18T01:30:00+00:00,7697.5,7698,7696.25,7697,624
2026-09-18T01:35:00+00:00,7697,7698.25,7696.5,7697.5,557
2026-09-18T01:40:00+00:00,7697.5,7699.75,7697.5,7698,751
2026-09-18T01:45:00+00:00,7697.75,7700.5,7697.75,7700.25,628
2026-09-18T01:50:00+00:00,7700.25,7700.25,7698.5,7700,488
2026-09-18T01:55:00+00:00,7700,7701.25,7699,7701,352
2026-09-18T02:00:00+00:00,7701,7702,7700.75,7700.75,539
2026-09-18T02:05:00+00:00,7700.75,7701.25,7700,7700,323
2026-09-18T02:10:00+00:00,7700,7701,7699,7700.75,456
2026-09-18T02:15:00+00:00,7700.75,7701.75,7700.25,7701.75,329
2026-09-18T02:20:00+00:00,7701.75,7703,7701.25,7702.75,603
2026-09-18T02:25:00+00:00,7702.75,7703.25,7701.75,7703,505
2026-09-18T02:30:00+00:00,7703,7704,7702.5,7704,672
2026-09-18T02:35:00+00:00,7704,7704,7702.5,7703,336
2026-09-18T02:40:00+00:00,7703,7704.25,7702.75,7703,257
2026-09-18T02:45:00+00:00,7703.25,7704,7702.75,7703.75,319
2026-09-18T02:50:00+00:00,7703.75,7704.5,7702.75,7703.5,857
2026-09-18T02:55:00+00:00,7703.5,7704.5,7702.75,7703.75,559
2026-09-18T03:00:00+00:00,7703.75,7705.75,7703.25,7705.5,682
2026-09-18T03:05:00+00:00,7705.5,7708.25,7705.5,7707.75,1162
2026-09-18T03:10:00+00:00,7707.5,7709.5,7707.5,7709,951
2026-09-18T03:15:00+00:00,7709,7709.25,7707,7708.25,758
2026-09-18T03:20:00+00:00,7708,7709.5,7708,7708.5,438
2026-09-18T03:25:00+00:00,7708.75,7709.75,7708.5,7709,313
2026-09-18T03:30:00+00:00,7709,7710.5,7708.5,7709.75,670
2026-09-18T03:35:00+00:00,7710,7711,7710,7710.5,748
2026-09-18T03:40:00+00:00,7710.5,7712,7710.5,7711.75,458
2026-09-18T03:45:00+00:00,7711.5,7714.25,7711.5,7713.75,1270
2026-09-18T03:50:00+00:00,7713.75,7714.25,7712.75,7713.5,429
2026-09-18T03:55:00+00:00,7713.25,7713.5,7712.75,7713.25,186
2026-09-18T04:05:00+00:00,7714.5,7715,7714.5,7715,919
2026-09-18T04:10:00+00:00,7715,7715.75,7714.25,7715,489
2026-09-18T04:15:00+00:00,7714.75,7715.5,7714,7715,490
2026-09-18T04:20:00+00:00,7714.5,7714.5,7713.5,7714,444
2026-09-18T04:25:00+00:00,7713.75,7715.25,7712.75,7715,706
2026-09-18T04:30:00+00:00,7715.25,7717,7715.25,7715.75,758
2026-09-18T04:35:00+00:00,7716,7716.25,7715.25,7716,338
2026-09-18T04:40:00+00:00,7716,7719.25,7715.5,7719,1063
2026-09-18T04:45:00+00:00,7719,7719.5,7718.5,7719.5,496
2026-09-18T04:50:00+00:00,7719.5,7721.25,7719.5,7720,1170
2026-09-18T04:55:00+00:00,7720.25,7721.75,7720,7721.5,660
2026-09-18T05:00:00+00:00,7721.75,7722.5,7721,7722.5,630
2026-09-18T05:05:00+00:00,7722.5,7722.75,7721.75,7722,522
2026-09-18T05:10:00+00:00,7722,7723,7722,7723,753
2026-09-18T05:15:00+00:00,7723,7723.5,7722.5,7723,405
2026-09-18T05:20:00+00:00,7723,7723.75,7722.5,7723.75,469
2026-09-18T05:25:00+00:00,7723.5,7724.5,7722,7723.25,1174
2026-09-18T05:30:00+00:00,7723.5,7725.5,7723,7725,951
2026-09-18T05:35:00+00:00,7725,7728,7724.75,7727.5,1348
2026-09-18T05:40:00+00:00,7727.75,7730,7727.25,7730,1430
2026-09-18T05:45:00+00:00,7730,7730.5,7726.75,7727,1511
2026-09-18T05:50:00+00:00,7727,7728.5,7726.25,7726.5,757
2026-09-18T05:55:00+00:00,7726.25,7727.25,7725.75,7726.75,607
2026-09-18T06:00:00+00:00,7726.75,7729.25,7726.75,7728,1476
2026-09-18T06:05:00+00:00,7728,7728,7726.5,7727,576
2026-09-18T06:10:00+00:00,7727.25,7728.5,7727.25,7727.75,435
2026-09-18T06:15:00+00:00,7727.75,7729,7725.75,7726.5,967
2026-09-18T06:20:00+00:00,7726.5,7730.5,7726.25,7729.5,848
2026-09-18T06:25:00+00:00,7729.5,7730.75,7728.5,7728.75,971
2026-09-18T06:30:00+00:00,7728.75,7733.75,7728.75,7733,1759
2026-09-18T06:35:00+00:00,7732.75,7734.25,7732,7734.25,929
2026-09-18T06:40:00+00:00,7734.25,7734.5,7732.5,7733.5,693
2026-09-18T06:45:00+00:00,7733.5,7734.5,7732.25,7734,601
2026-09-18T06:50:00+00:00,7734.25,7734.75,7733.25,7733.75,299
2026-09-18T06:55:00+00:00,7733.75,7734.75,7733.25,7734,401
2026-09-18T07:00:00+00:00,7733.75,7734.5,7732.25,7733.25,1244
2026-09-18T07:05:00+00:00,7733.5,7734,7732.5,7733.75,594
2026-09-18T07:10:00+00:00,7733.75,7736,7733.25,7733.25,976
2026-09-18T07:15:00+00:00,7733.25,7735.25,7733,7734.5,624
2026-09-18T07:20:00+00:00,7734.75,7735.5,7733.75,7735,863
2026-09-18T07:25:00+00:00,7734.75,7738,7734.5,7737.75,1222
2026-09-18T07:30:00+00:00,7738,7739,7735,7736,1521
2026-09-18T07:35:00+00:00,7736,7737,7734.5,7736.5,1316
2026-09-18T07:40:00+00:00,7736.5,7736.5,7733,7734,1342
2026-09-18T07:45:00+00:00,7734,7735.75,7733.75,7735.25,691
2026-09-18T07:50:00+00:00,7735.5,7736.75,7734,7736.5,483
2026-09-18T07:55:00+00:00,7736.5,7736.75,7734,7734.5,561
2026-09-18T08:00:00+00:00,7734.25,7735.25,7732.5,7732.5,1226
2026-09-18T08:05:00+00:00,7732.75,7733.75,7730.5,7730.75,1069
2026-09-18T08:10:00+00:00,7730.75,7731.5,7728.75,7729.25,1460
2026-09-18T08:15:00+00:00,7729.25,7730.5,7728.25,7730.25,853
2026-09-18T08:20:00+00:00,7730.5,7732,7728.5,7729,997
2026-09-18T08:25:00+00:00,7729.25,7729.75,7725,7725.25,1830
2026-09-18T08:30:00+00:00,7725.25,7727.75,7724.75,7727.75,1002
2026-09-18T08:35:00+00:00,7727.5,7728.25,7726.25,7727.25,633
2026-09-18T08:40:00+00:00,7727.25,7729.25,7726.75,7729,788
2026-09-18T08:45:00+00:00,7728.75,7730,7728,7728.5,690
2026-09-18T08:50:00+00:00,7728.75,7729.5,7727.5,7727.5,580
2026-09-18T08:55:00+00:00,7727.5,7729,7727,7727.5,492
2026-09-18T09:00:00+00:00,7727.5,7727.75,7725.25,7726.25,898
2026-09-18T09:05:00+00:00,7726.25,7728.5,7726,7727,518
2026-09-18T09:10:00+00:00,7727,7728.25,7726.25,7727,389
2026-09-18T09:15:00+00:00,7727,7728.5,7726.25,7728.25,276
2026-09-18T09:20:00+00:00,7728.5,7728.5,7727,7727,305
2026-09-18T09:25:00+00:00,7727,7727,7723.25,7723.75,1267
2026-09-18T09:30:00+00:00,7723.75,7724,7721.5,7721.75,1008
2026-09-18T09:35:00+00:00,7722,7723,7718.5,7719,1349
2026-09-18T09:40:00+00:00,7718.5,7720,7717.25,7717.5,1629
2026-09-18T09:45:00+00:00,7717.25,7719,7716.75,7718.25,1059
2026-09-18T09:50:00+00:00,7718,7720,7717.75,7718.75,958
2026-09-18T09:55:00+00:00,7719,7719,7716.5,7717,948
2026-09-18T10:00:00+00:00,7716.75,7718.25,7716,7717.25,949
2026-09-18T10:05:00+00:00,7716.75,7718.5,7716.5,7717.75,674
2026-09-18T10:10:00+00:00,7718,7718.5,7717,7718.25,593
2026-09-18T10:15:00+00:00,7718.5,7719.75,7718.25,7719,890
2026-09-18T10:20:00+00:00,7719,7720.5,7718.75,7719,762
2026-09-18T10:25:00+00:00,7719,7719.25,7717,7719.25,1871
2026-09-18T10:30:00+00:00,7719.25,7723.25,7719,7723,2318
2026-09-18T10:35:00+00:00,7723,7725.25,7722.75,7724.5,1422
2026-09-18T10:40:00+00:00,7724.75,7725.25,7724.25,7724.75,623
2026-09-18T10:45:00+00:00,7724.5,7725,7722,7722.5,959
2026-09-18T10:50:00+00:00,7722.75,7723,7720,7720.5,858
2026-09-18T10:55:00+00:00,7720.75,7721.75,7719.5,7720.25,807
2026-09-18T11:00:00+00:00,7720.25,7724,7717.25,7724,2498
2026-09-18T11:05:00+00:00,7724.25,7724.25,7713.5,7718,7465
2026-09-18T11:10:00+00:00,7717.75,7719.25,7714.75,7717.5,1309
2026-09-18T11:15:00+00:00,7717.5,7717.5,7711.75,7713.5,1699
2026-09-18T11:20:00+00:00,7713.5,7714.75,7711.5,7713.25,1651
2026-09-18T11:25:00+00:00,7713.25,7714,7712.5,7713,559
2026-09-18T11:30:00+00:00,7712.75,7716.5,7712.75,7715.25,1628
2026-09-18T11:35:00+00:00,7715,7717.75,7714.5,7716.25,1120
2026-09-18T11:40:00+00:00,7716.25,7716.5,7712.25,7713.25,1026
2026-09-18T11:45:00+00:00,7713,7714.25,7712,7713.5,950
2026-09-18T11:50:00+00:00,7713.5,7714,7712.25,7713.75,744
2026-09-18T11:55:00+00:00,7713.5,7714,7710,7712.25,1802
2026-09-18T12:00:00+00:00,7712.25,7714.5,7708,7712.5,4433
2026-09-18T12:05:00+00:00,7712.5,7715,7705.25,7705.5,5550
2026-09-18T12:10:00+00:00,7705.5,7705.75,7702,7703.25,2405
2026-09-18T12:15:00+00:00,7703.25,7705.5,7701,7701,3404
2026-09-18T12:20:00+00:00,7701,7702.5,7697.75,7698,4395
2026-09-18T12:25:00+00:00,7697.75,7700.5,7697.75,7699,1796
2026-09-18T12:30:00+00:00,7699,7703,7697.75,7702.25,2941
2026-09-18T12:35:00+00:00,7702.25,7703.25,7699.5,7702,2137
2026-09-18T12:40:00+00:00,7702,7703.5,7701,7702.5,1476
2026-09-18T12:45:00+00:00,7702.25,7703.75,7701,7701,1442
2026-09-18T12:50:00+00:00,7701.25,7702.5,7700.25,7701.5,1006
2026-09-18T12:55:00+00:00,7701.25,7702,7699.25,7701,1243
2026-09-18T13:00:00+00:00,7701,7702.25,7699.25,7700,2793
2026-09-18T13:05:00+00:00,7700.25,7702.5,7700.25,7701.75,2775
2026-09-18T13:10:00+00:00,7701.75,7703,7701,7701.25,1761
2026-09-18T13:15:00+00:00,7701.5,7703.25,7701,7702.75,2022
2026-09-18T13:20:00+00:00,7702.75,7702.75,7698,7698,2823
2026-09-18T13:25:00+00:00,7698,7710,7692.25,7710,23543
2026-09-18T13:30:00+00:00,7710,7714.5,7706.25,7707,25461
2026-09-18T13:35:00+00:00,7706.75,7708,7701.75,7705,16178
2026-09-18T13:40:00+00:00,7705.25,7710.25,7703.25,7705,12654
2026-09-18T13:45:00+00:00,7705,7707.5,7700.5,7700.75,11468
2026-09-18T13:50:00+00:00,7700.75,7701.5,7694.5,7694.75,15667
2026-09-18T13:55:00+00:00,7695,7697,7691.25,7693,13571
2026-09-18T14:00:00+00:00,7692.75,7695.25,7685,7686.25,19915
2026-09-18T14:05:00+00:00,7686.25,7690.5,7684,7690.25,14716
2026-09-18T14:10:00+00:00,7690.25,7695,7687.5,7687.75,17250
2026-09-18T14:15:00+00:00,7687.75,7689.5,7683.25,7689.25,15198
2026-09-18T14:20:00+00:00,7689.25,7691.75,7686.5,7687.25,11837
2026-09-18T14:25:00+00:00,7687.25,7692,7686.25,7688.75,8606
2026-09-18T14:30:00+00:00,7688.75,7690,7686.25,7687.5,7919
2026-09-18T14:35:00+00:00,7687.75,7693.5,7685.25,7690.75,12702
2026-09-18T14:40:00+00:00,7690.25,7691,7684,7685.5,8580
2026-09-18T14:45:00+00:00,7685.75,7690.75,7684,7690.25,7502
2026-09-18T14:50:00+00:00,7690,7695.5,7688.75,7693.75,10878
2026-09-18T14:55:00+00:00,7693.75,7695.25,7691.5,7695,6521
2026-09-18T15:00:00+00:00,7695,7695.75,7689.5,7692.25,9964
2026-09-18T15:05:00+00:00,7692.25,7696,7691.5,7692.75,6545
2026-09-18T15:10:00+00:00,7693,7695,7690.25,7691,6395
2026-09-18T15:15:00+00:00,7691.25,7693.75,7690,7693.5,5269
2026-09-18T15:20:00+00:00,7693.5,7694.75,7692,7693.75,4751
2026-09-18T15:25:00+00:00,7693.75,7696.5,7693.25,7695.5,5857
2026-09-18T15:30:00+00:00,7695.5,7696.75,7690.5,7693.75,12362
2026-09-18T15:35:00+00:00,7693.5,7694.75,7687.75,7688.25,7324
2026-09-18T15:40:00+00:00,7688.25,7689.75,7686.5,7688.25,6848
2026-09-18T15:45:00+00:00,7688.5,7689.5,7686.25,7687,4305
2026-09-18T15:50:00+00:00,7687,7689,7684.25,7685,5039
2026-09-18T15:55:00+00:00,7684.75,7687.5,7683.75,7685.5,5479
2026-09-18T16:00:00+00:00,7685.25,7685.5,7682,7683.5,6759
2026-09-18T16:05:00+00:00,7683.75,7687.75,7683.25,7686.75,5936
2026-09-18T16:10:00+00:00,7686.75,7687.5,7685,7686,3411
2026-09-18T16:15:00+00:00,7685.75,7687.25,7684.25,7686.5,3734
2026-09-18T16:20:00+00:00,7686.5,7686.5,7677.5,7678,10125
2026-09-18T16:25:00+00:00,7677.75,7685,7675,7683.25,19858
2026-09-18T16:30:00+00:00,7683.25,7689,7681.25,7687,12443
2026-09-18T16:35:00+00:00,7687,7688.5,7684,7685.5,6178
2026-09-18T16:40:00+00:00,7685.5,7688.75,7684,7686.75,4617
2026-09-18T16:45:00+00:00,7686.75,7687.75,7683.5,7687.75,5081
2026-09-18T16:50:00+00:00,7687.5,7691.5,7687.25,7690.5,6284
2026-09-18T16:55:00+00:00,7690.5,7691.5,7689,7689.75,5240
2026-09-18T17:00:00+00:00,7690,7690.75,7687.75,7689.5,4476
2026-09-18T17:05:00+00:00,7689.5,7691.5,7688.5,7689.25,3157
2026-09-18T17:10:00+00:00,7689.25,7689.75,7686,7689.25,5184
2026-09-18T17:15:00+00:00,7689.25,7691,7688.5,7689.5,4125
2026-09-18T17:20:00+00:00,7689.75,7691.25,7688.5,7691.25,2017
2026-09-18T17:25:00+00:00,7691.25,7692,7689.75,7690.25,2935
2026-09-18T17:30:00+00:00,7690.25,7690.75,7688.25,7690.25,3282
2026-09-18T17:35:00+00:00,7690.5,7693.5,7690.25,7693.25,4199
2026-09-18T17:40:00+00:00,7693,7694,7691.5,7693.75,3141
2026-09-18T17:45:00+00:00,7693.75,7694.5,7692.25,7692.5,2967
2026-09-18T17:50:00+00:00,7692.5,7695,7692.5,7694,2429
2026-09-18T17:55:00+00:00,7694,7695.25,7693.5,7694.75,2536
2026-09-18T18:00:00+00:00,7694.75,7696.25,7693,7695.25,4277
2026-09-18T18:05:00+00:00,7695.25,7696,7693.75,7694.25,2194
2026-09-18T18:10:00+00:00,7694.25,7695.5,7693,7694.5,3344
2026-09-18T18:15:00+00:00,7694.5,7697.75,7694.5,7697.75,4090
2026-09-18T18:20:00+00:00,7697.75,7703.25,7697.25,7700.25,12019
2026-09-18T18:25:00+00:00,7700,7701.75,7698.75,7701.75,4549
2026-09-18T18:30:00+00:00,7701.75,7702.25,7699.25,7702.25,3287
2026-09-18T18:35:00+00:00,7702.25,7702.25,7699,7700.5,3646
2026-09-18T18:40:00+00:00,7700.5,7702.75,7699.5,7702.5,2275
2026-09-18T18:45:00+00:00,7702.5,7712.25,7702.25,7709.75,16572
2026-09-18T18:50:00+00:00,7709.75,7715.75,7709,7712.25,9693
2026-09-18T18:55:00+00:00,7712.25,7712.5,7708.75,7709.75,6139
2026-09-18T19:00:00+00:00,7710,7711.75,7708,7710.25,5893
2026-09-18T19:05:00+00:00,7710.5,7712,7708,7709.5,4376
2026-09-18T19:10:00+00:00,7709.5,7711.25,7707.75,7709,4920
2026-09-18T19:15:00+00:00,7709,7709.75,7707.5,7709.25,2659
2026-09-18T19:20:00+00:00,7709.25,7710.25,7707.5,7708.25,3436
2026-09-18T19:25:00+00:00,7708.25,7708.75,7705.75,7706.25,4428
2026-09-18T19:30:00+00:00,7706,7706.75,7704.25,7704.5,6897
2026-09-18T19:35:00+00:00,7704.75,7710,7704.25,7709.25,6742
2026-09-18T19:40:00+00:00,7709.5,7712.25,7708,7712.25,6944
2026-09-18T19:45:00+00:00,7712.25,7715,7710.75,7715,9957
2026-09-18T19:50:00+00:00,7714.75,7716.5,7710.25,7712.75,16289
2026-09-18T19:55:00+00:00,7712.75,7718.25,7710.25,7712.5,38486
2026-09-18T20:00:00+00:00,7712.25,7723.5,7711.75,7722.5,13041
2026-09-18T20:05:00+00:00,7722.25,7723.75,7721.75,7722.75,2112
2026-09-18T20:10:00+00:00,7722.75,7729.25,7722.75,7725.75,5293
2026-09-18T20:15:00+00:00,7725.75,7726.25,7723.75,7723.75,2310
2026-09-18T20:20:00+00:00,7724,7725.5,7724,7725,1200
2026-09-18T20:25:00+00:00,7725,7726.25,7724.75,7726.25,1025
2026-09-18T20:30:00+00:00,7726.25,7726.75,7724.75,7725.5,1280
2026-09-18T20:35:00+00:00,7725.5,7726,7724.5,7725.75,1181
2026-09-18T20:40:00+00:00,7725.75,7727.5,7725.5,7727.25,1563
2026-09-18T20:45:00+00:00,7727.25,7728.75,7725.75,7726.75,1955
2026-09-18T20:50:00+00:00,7726.5,7728,7724.75,7725,1480
2026-09-18T20:55:00+00:00,7725,7726,7712.5,7712.5,1108
2026-09-20T22:10:00+00:00,7721.75,7726.5,7721.25,7726,1610
2026-09-20T22:15:00+00:00,7725.5,7727.75,7724,7725.5,1485
2026-09-20T22:20:00+00:00,7726,7727.25,7725,7725.5,819
2026-09-20T22:25:00+00:00,7725.5,7728,7725.25,7728,755
2026-09-20T22:30:00+00:00,7727.75,7731,7727,7731,1828
2026-09-20T22:35:00+00:00,7731,7733.75,7730.75,7731,1745
2026-09-20T22:40:00+00:00,7731,7733,7729.5,7730.25,1241
2026-09-20T22:45:00+00:00,7730,7732.5,7729.25,7730.5,945
2026-09-20T22:50:00+00:00,7730.5,7731.5,7730,7731,653
2026-09-20T22:55:00+00:00,7731,7734.75,7731,7734,1365
2026-09-20T23:00:00+00:00,7733.75,7734,7731.75,7732,1055
2026-09-20T23:05:00+00:00,7732.25,7732.5,7731.5,7732,466
2026-09-20T23:10:00+00:00,7732,7732.75,7731.5,7732,401
2026-09-20T23:15:00+00:00,7732.25,7732.75,7731.25,7732,589
2026-09-20T23:20:00+00:00,7732,7732.5,7731.25,7732.5,409
2026-09-20T23:25:00+00:00,7732.5,7733.5,7732,7732.75,698
2026-09-20T23:30:00+00:00,7733.25,7734,7732.75,7733,520
2026-09-20T23:35:00+00:00,7733.25,7735,7733,7734,752
2026-09-20T23:40:00+00:00,7734,7734.75,7733.5,7734,364
2026-09-20T23:45:00+00:00,7734,7734.5,7732.75,7733.25,796
2026-09-20T23:50:00+00:00,7733.5,7734,7732.5,7733.5,391
2026-09-20T23:55:00+00:00,7733.25,7735,7733.25,7734.5,633
2026-09-21T00:00:00+00:00,7734.5,7736.25,7733,7736,1975
2026-09-21T00:05:00+00:00,7736,7738,7735,7736,1761
2026-09-21T00:10:00+00:00,7735.75,7736,7733.5,7734.5,880
2026-09-21T00:15:00+00:00,7734.25,7734.5,7730.75,7731.5,1902
2026-09-21T00:20:00+00:00,7731.5,7736.75,7730.75,7736,2063
2026-09-21T00:25:00+00:00,7736,7737.75,7735.5,7736.5,1094
2026-09-21T00:30:00+00:00,7736.5,7740.25,7736.5,7739.75,1706
2026-09-21T00:35:00+00:00,7739.75,7741,7738.75,7740.5,1266
2026-09-21T00:40:00+00:00,7740.5,7741.25,7738,7738.25,1134
2026-09-21T00:45:00+00:00,7738.5,7739,7737.75,7738.25,984
2026-09-21T00:50:00+00:00,7738.25,7740,7738,7739,809
2026-09-21T00:55:00+00:00,7738.75,7740.5,7737.75,7739.75,937
2026-09-21T01:00:00+00:00,7739.75,7742.5,7739.75,7741.25,1876
2026-09-21T01:05:00+00:00,7741.25,7744,7741,7743,1688
2026-09-21T01:10:00+00:00,7743,7743.5,7741,7742.25,2425
2026-09-21T01:15:00+00:00,7742.25,7743.25,7741.5,7742,960
2026-09-21T01:20:00+00:00,7742,7742.5,7740.75,7742,704
2026-09-21T01:25:00+00:00,7741.75,7743.25,7740.75,7741,808
2026-09-21T01:30:00+00:00,7741,7743,7740.75,7742.5,761
2026-09-21T01:35:00+00:00,7742.75,7742.75,7741,7741.75,470
2026-09-21T01:40:00+00:00,7742.25,7743.25,7742,7742.5,357
2026-09-21T01:45:00+00:00,7742.25,7742.5,7739.75,7740.25,1250
2026-09-21T01:50:00+00:00,7740,7741.25,7739,7740.5,1101
2026-09-21T01:55:00+00:00,7740.5,7741,7738.25,7738.5,852
2026-09-21T02:00:00+00:00,7738.5,7741.5,7737.5,7740.75,1498
2026-09-21T02:05:00+00:00,7740.75,7741.25,7738.75,7740,754
2026-09-21T02:10:00+00:00,7740.25,7740.5,7739.25,7740,477
2026-09-21T02:15:00+00:00,7739.75,7740,7738.25,7739,652
2026-09-21T02:20:00+00:00,7739,7739.75,7738.25,7739.75,698
2026-09-21T02:25:00+00:00,7739.75,7740.5,7739.25,7739.75,585
2026-09-21T02:30:00+00:00,7739.75,7739.75,7737.5,7738.5,779
2026-09-21T02:35:00+00:00,7738.5,7740,7738.5,7739.5,440
2026-09-21T02:40:00+00:00,7739.25,7741,7739,7740.25,625
2026-09-21T02:45:00+00:00,7740,7742.5,7740,7742.5,852
2026-09-21T02:50:00+00:00,7742.25,7742.75,7740.5,7741.25,632
2026-09-21T02:55:00+00:00,7741.25,7741.5,7739.75,7740.25,586
2026-09-21T03:00:00+00:00,7740.25,7743.5,7740,7743.25,703
2026-09-21T03:05:00+00:00,7743.25,7743.75,7742.5,7743,377
2026-09-21T03:10:00+00:00,7742.75,7743.75,7742.5,7743.5,323
2026-09-21T03:15:00+00:00,7743.5,7745.5,7743.25,7745,1045
2026-09-21T03:20:00+00:00,7745.25,7745.25,7744.5,7745,317
2026-09-21T03:25:00+00:00,7744.75,7746,7744,7744.25,502
2026-09-21T03:30:00+00:00,7744.25,7744.5,7743,7744.5,711
2026-09-21T03:35:00+00:00,7744.5,7745,7743.25,7744,383
2026-09-21T03:40:00+00:00,7744,7744.75,7743.75,7744.75,207
2026-09-21T03:45:00+00:00,7744.75,7746.25,7744.5,7744.5,632
2026-09-21T03:50:00+00:00,7744.5,7745.75,7744.25,7745,433
2026-09-21T03:55:00+00:00,7745,7745,7744,7744,251
2026-09-21T04:00:00+00:00,7744,7746,7743.75,7744,527
2026-09-21T04:05:00+00:00,7744,7744.75,7742.5,7743.75,712
2026-09-21T04:10:00+00:00,7744,7744.5,7742.5,7744.25,300
2026-09-21T04:15:00+00:00,7744,7746.75,7744,7746,562
2026-09-21T04:20:00+00:00,7746,7746.5,7744.75,7745.5,250
2026-09-21T04:25:00+00:00,7745.5,7746.25,7745.25,7745.5,263
2026-09-21T04:30:00+00:00,7745.5,7745.75,7744,7744.75,374
2026-09-21T04:35:00+00:00,7744.75,7744.75,7744,7744.75,179
2026-09-21T04:40:00+00:00,7744.75,7746,7744.75,7744.75,255
2026-09-21T04:45:00+00:00,7744.75,7746,7744.75,7745.5,153
2026-09-21T04:50:00+00:00,7745.5,7745.5,7744.5,7744.75,182
2026-09-21T04:55:00+00:00,7744.75,7745.5,7744.5,7744.75,217
2026-09-21T05:00:00+00:00,7745,7745.25,7744.25,7744.25,270
2026-09-21T05:05:00+00:00,7744.5,7744.5,7743.5,7743.75,287
2026-09-21T05:10:00+00:00,7744,7744.25,7743.5,7743.75,210
2026-09-21T05:15:00+00:00,7743.75,7744.5,7743.25,7743.75,277
2026-09-21T05:20:00+00:00,7743.75,7744.75,7743.75,7744.75,249
2026-09-21T05:25:00+00:00,7744.75,7744.75,7743.5,7744.25,250
2026-09-21T05:30:00+00:00,7744.25,7746.25,7743.75,7745.5,685
2026-09-21T05:35:00+00:00,7745.75,7747.5,7745,7746.5,699
2026-09-21T05:40:00+00:00,7746.75,7748.5,7745.75,7745.75,719
2026-09-21T05:45:00+00:00,7745.75,7746.25,7743.75,7743.75,581
2026-09-21T05:50:00+00:00,7744,7746,7743.75,7745.25,364
2026-09-21T05:55:00+00:00,7745,7745.75,7745,7745.5,171
2026-09-21T06:00:00+00:00,7745.5,7748.25,7745.5,7747.75,757
2026-09-21T06:05:00+00:00,7747.75,7748,7746.5,7747.75,361
2026-09-21T06:10:00+00:00,7748,7749.25,7746.25,7747,995
2026-09-21T06:15:00+00:00,7747.25,7748.25,7746.5,7747,829
2026-09-21T06:20:00+00:00,7747.25,7747.5,7745.75,7746.25,563
2026-09-21T06:25:00+00:00,7746.5,7747.5,7746,7747.5,726
2026-09-21T06:30:00+00:00,7747.5,7749.75,7747.5,7749.5,459
2026-09-21T06:35:00+00:00,7749.5,7749.5,7748.5,7749,372
2026-09-21T06:40:00+00:00,7749,7749.5,7748.75,7749,254
2026-09-21T06:45:00+00:00,7749.25,7750.75,7749.25,7750.5,783
2026-09-21T06:50:00+00:00,7750.5,7750.75,7748.5,7749.25,480
2026-09-21T06:55:00+00:00,7749.25,7752.25,7749.25,7752,668
2026-09-21T07:00:00+00:00,7752,7757.25,7751.25,7756.75,3472
2026-09-21T07:05:00+00:00,7756.75,7757.25,7754.5,7756,1359
2026-09-21T07:10:00+00:00,7756,7756,7752,7755.25,1567
2026-09-21T07:15:00+00:00,7755.25,7757,7754.25,7756,1039
2026-09-21T07:20:00+00:00,7756,7756.25,7753.25,7754,885
2026-09-21T07:25:00+00:00,7754.25,7755.75,7752.75,7755.75,687
2026-09-21T07:30:00+00:00,7755.75,7757,7754.75,7756,840
2026-09-21T07:35:00+00:00,7756,7757,7755,7755.75,615
2026-09-21T07:40:00+00:00,7756,7756.25,7753.25,7754,1127
2026-09-21T07:45:00+00:00,7754.25,7755,7752.5,7754.5,541
2026-09-21T07:50:00+00:00,7754.5,7757.75,7754.5,7757.5,911
2026-09-21T07:55:00+00:00,7757.75,7759,7757.25,7757.25,856
2026-09-21T08:00:00+00:00,7757.25,7761.75,7756.75,7760.5,2299
2026-09-21T08:05:00+00:00,7760.25,7760.75,7758.25,7760.5,1053
2026-09-21T08:10:00+00:00,7760.5,7761.25,7759.5,7760.25,860
2026-09-21T08:15:00+00:00,7760.5,7760.75,7759.25,7759.25,439
2026-09-21T08:20:00+00:00,7759.25,7761,7758.75,7760.25,647
2026-09-21T08:25:00+00:00,7760.5,7760.75,7759,7760,416
2026-09-21T08:30:00+00:00,7759.75,7763.5,7759.5,7762.25,1474
2026-09-21T08:35:00+00:00,7762.25,7763.5,7761.5,7762,758
2026-09-21T08:40:00+00:00,7762,7763.75,7761.25,7763.5,1010
2026-09-21T08:45:00+00:00,7763.5,7764.25,7762.25,7763,993
2026-09-21T08:50:00+00:00,7763,7763,7760.5,7760.75,976
2026-09-21T08:55:00+00:00,7760.75,7761.75,7760.5,7761,530
2026-09-21T09:00:00+00:00,7761.25,7761.5,7759.25,7759.75,634
2026-09-21T09:05:00+00:00,7759.5,7762.25,7759.5,7761,495
2026-09-21T09:10:00+00:00,7760.75,7761.25,7759.75,7760.75,476
2026-09-21T09:15:00+00:00,7761,7761.75,7760,7760.25,364
2026-09-21T09:20:00+00:00,7760.25,7762.5,7760.25,7761.25,628
2026-09-21T09:25:00+00:00,7761,7763.25,7760.75,7760.75,1035
2026-09-21T09:30:00+00:00,7761,7761.75,7760.25,7761.25,459
2026-09-21T09:35:00+00:00,7761.5,7762.25,7760.75,7762,632
2026-09-21T09:40:00+00:00,7762,7762.5,7761.5,7762.25,192
2026-09-21T09:45:00+00:00,7762.25,7762.75,7761.5,7762.25,343
2026-09-21T09:50:00+00:00,7762.25,7764.5,7762.25,7764.25,1145
2026-09-21T09:55:00+00:00,7764,7764.25,7762,7762.5,501
2026-09-21T10:00:00+00:00,7762.25,7764.5,7762.25,7764.5,530
2026-09-21T10:05:00+00:00,7764.5,7765.25,7764,7765,642
2026-09-21T10:10:00+00:00,7765,7765.75,7764.25,7765.5,620
2026-09-21T10:15:00+00:00,7765.75,7767,7765,7765.5,1072
2026-09-21T10:20:00+00:00,7765.5,7766,7764.5,7765.25,440
2026-09-21T10:25:00+00:00,7765.25,7767.25,7765,7766.25,425
2026-09-21T10:30:00+00:00,7766.5,7769,7765.25,7768,1429
2026-09-21T10:35:00+00:00,7768.25,7768.5,7765.75,7767.25,1262
2026-09-21T10:40:00+00:00,7767.25,7767.75,7766.25,7767.25,486
2026-09-21T10:45:00+00:00,7767.5,7769,7766.25,7766.5,563
2026-09-21T10:50:00+00:00,7766.75,7768,7766.25,7767.75,418
2026-09-21T10:55:00+00:00,7768,7768,7765.5,7766,902
2026-09-21T11:00:00+00:00,7765.75,7767,7765,7765,1047
2026-09-21T11:05:00+00:00,7765,7765.5,7763.5,7764,813
2026-09-21T11:10:00+00:00,7763.75,7765,7763.25,7764.5,434
2026-09-21T11:15:00+00:00,7764.5,7765.75,7764,7765.75,593
2026-09-21T11:20:00+00:00,7765.5,7765.75,7763,7763.5,845
2026-09-21T11:25:00+00:00,7763.5,7764.75,7763.25,7764,441
2026-09-21T11:30:00+00:00,7764,7766.75,7763.75,7766.5,1045
2026-09-21T11:35:00+00:00,7766.25,7768,7764.25,7766.5,1243
2026-09-21T11:40:00+00:00,7766.5,7768.25,7766.25,7768.25,807
2026-09-21T11:45:00+00:00,7768.25,7768.5,7767,7768.25,922
2026-09-21T11:50:00+00:00,7768,7769.5,7767,7769,1112
2026-09-21T11:55:00+00:00,7769.25,7770.75,7767.5,7767.75,1594
2026-09-21T12:00:00+00:00,7767.75,7769.5,7764.25,7769.25,3524
2026-09-21T12:05:00+00:00,7769.5,7770.5,7768.25,7768.75,1369
2026-09-21T12:10:00+00:00,7768.75,7769,7765.25,7765.25,1146
2026-09-21T12:15:00+00:00,7765.25,7766.5,7765,7765.5,903
2026-09-21T12:20:00+00:00,7765.5,7767,7763.25,7764,1435
2026-09-21T12:25:00+00:00,7764,7765,7763,7763.25,888
2026-09-21T12:30:00+00:00,7763.5,7765,7763.25,7763.75,958
2026-09-21T12:35:00+00:00,7764,7764.5,7762.75,7764,929
2026-09-21T12:40:00+00:00,7763.75,7768,7763.75,7767.75,3114
2026-09-21T12:45:00+00:00,7767.75,7767.75,7763,7763.75,2083
2026-09-21T12:50:00+00:00,7763.75,7764,7762.5,7763,1198
2026-09-21T12:55:00+00:00,7762.75,7763,7761.25,7761.5,1813
2026-09-21T13:00:00+00:00,7761.75,7763.5,7760.75,7763.25,2473
2026-09-21T13:05:00+00:00,7763.25,7764.25,7762,7764.25,1509
2026-09-21T13:10:00+00:00,7764.25,7764.75,7761.75,7762.25,1532
2026-09-21T13:15:00+00:00,7762.5,7763.75,7761.5,7763.5,1491
2026-09-21T13:20:00+00:00,7763.5,7763.5,7759.75,7759.75,2473
2026-09-21T13:25:00+00:00,7760,7763.25,7758.75,7760.5,8095
2026-09-21T13:30:00+00:00,7760.5,7764.5,7758.25,7762,18517
2026-09-21T13:35:00+00:00,7762,7765,7761.25,7764.5,10137
2026-09-21T13:40:00+00:00,7764.5,7766.25,7762.25,7766.25,9321
2026-09-21T13:45:00+00:00,7766.25,7769.25,7765.75,7767.75,12730
2026-09-21T13:50:00+00:00,7767.75,7773.25,7767.25,7773,13942
2026-09-21T13:55:00+00:00,7773,7775,7770.5,7774.75,10775
2026-09-21T14:00:00+00:00,7774.5,7776,7772,7772.25,11480
2026-09-21T14:05:00+00:00,7772.5,7772.75,7767.75,7771.5,14471
2026-09-21T14:10:00+00:00,7771.25,7777,7771.25,7775.25,13434
2026-09-21T14:15:00+00:00,7775.5,7782.75,7775.25,7781.75,13471
2026-09-21T14:20:00+00:00,7782,7789.5,7780.25,7788.25,18561
2026-09-21T14:25:00+00:00,7788.5,7791,7787,7788,10922
2026-09-21T14:30:00+00:00,7788,7791.5,7786.5,7789.25,10623
2026-09-21T14:35:00+00:00,7789.25,7793.5,7789,7790.75,8666
2026-09-21T14:40:00+00:00,7790.5,7793.5,7786.5,7787.75,12167
2026-09-21T14:45:00+00:00,7787.75,7790.75,7785,7787.5,10142
2026-09-21T14:50:00+00:00,7787.5,7790,7786.25,7789.75,5890
2026-09-21T14:55:00+00:00,7789.5,7792.25,7787.5,7789.75,6531
2026-09-21T15:00:00+00:00,7790,7793.5,7789,7793.25,6694
2026-09-21T15:05:00+00:00,7793.5,7794.25,7791.25,7793.5,7448
2026-09-21T15:10:00+00:00,7793.75,7796.25,7791.75,7796,8181
2026-09-21T15:15:00+00:00,7796.25,7799.75,7796.25,7799.5,10149
2026-09-21T15:20:00+00:00,7799.5,7799.75,7796.75,7797.25,5879
2026-09-21T15:25:00+00:00,7797.25,7798.75,7795.75,7796.5,6025
2026-09-21T15:30:00+00:00,7796.5,7798,7796,7796.5,5233
2026-09-21T15:35:00+00:00,7796.5,7803.5,7796.25,7802.75,11860
2026-09-21T15:40:00+00:00,7802.5,7805,7801.25,7804.75,7345
2026-09-21T15:45:00+00:00,7805,7809.75,7805,7807.25,10231
2026-09-21T15:50:00+00:00,7807.5,7811.5,7804.5,7804.5,14562
2026-09-21T15:55:00+00:00,7804.5,7805.75,7803,7805.25,6536
2026-09-21T16:00:00+00:00,7805.25,7808.75,7802.75,7808,6582
2026-09-21T16:05:00+00:00,7808.25,7815.25,7806.25,7814.25,20042
2026-09-21T16:10:00+00:00,7814.5,7817,7812,7813.5,10857
2026-09-21T16:15:00+00:00,7813.5,7816,7812,7813.75,6672
2026-09-21T16:20:00+00:00,7813.75,7814.75,7812,7814.25,4762
2026-09-21T16:25:00+00:00,7814.25,7818.25,7813.75,7816,7241
2026-09-21T16:30:00+00:00,7816,7824.75,7815.75,7822.25,12758
2026-09-21T16:35:00+00:00,7822.25,7823.5,7816.25,7816.5,7145
2026-09-21T16:40:00+00:00,7816.75,7819.5,7815.75,7817.75,7100
2026-09-21T16:45:00+00:00,7818,7821.25,7817.75,7820,5429
2026-09-21T16:50:00+00:00,7820,7821.25,7817.25,7819,4640
2026-09-21T16:55:00+00:00,7819.25,7821.25,7818,7821.25,4058
2026-09-21T17:00:00+00:00,7821,7823,7819.5,7820.25,5356
2026-09-21T17:05:00+00:00,7820.5,7823,7820.5,7821.5,3849
2026-09-21T17:10:00+00:00,7821.5,7827,7821.25,7826,7598
2026-09-21T17:15:00+00:00,7826,7827.75,7824,7826.25,6397
2026-09-21T17:20:00+00:00,7826.75,7828,7823,7823.75,6837
2026-09-21T17:25:00+00:00,7823.75,7826,7822,7826,6327
2026-09-21T17:30:00+00:00,7826.25,7826.5,7820.75,7821.5,8848
2026-09-21T17:35:00+00:00,7821.5,7823.25,7820.25,7820.5,5614
2026-09-21T17:40:00+00:00,7820.5,7827.25,7820,7826.5,7029
2026-09-21T17:45:00+00:00,7826.75,7830,7825.25,7825.75,10507
2026-09-21T17:50:00+00:00,7825.75,7828.5,7825.5,7827.5,4091
2026-09-21T17:55:00+00:00,7827.25,7827.75,7825.25,7827,3332
2026-09-21T18:00:00+00:00,7827,7830.25,7827,7830.25,5286
2026-09-21T18:05:00+00:00,7830.25,7831.75,7829.25,7830,6475
2026-09-21T18:10:00+00:00,7830,7832.25,7828.75,7830.75,4525
2026-09-21T18:15:00+00:00,7830.75,7832.5,7829.75,7831.5,4359
2026-09-21T18:20:00+00:00,7831.5,7837,7831,7836.25,8000
2026-09-21T18:25:00+00:00,7836.25,7838.25,7835.25,7836.75,5748
2026-09-21T18:30:00+00:00,7837,7838.25,7833.75,7835.5,6292
2026-09-21T18:35:00+00:00,7835.5,7837.75,7834,7837.25,3332
2026-09-21T18:40:00+00:00,7837.5,7839.75,7836.75,7839.75,6044
2026-09-21T18:45:00+00:00,7839.75,7843,7839,7842,8890
2026-09-21T18:50:00+00:00,7841.75,7844.75,7841.5,7843.25,8582
2026-09-21T18:55:00+00:00,7843,7844,7840,7841.25,5316
2026-09-21T19:00:00+00:00,7841.5,7843.5,7839.75,7840,5110
2026-09-21T19:05:00+00:00,7839.75,7840.5,7838.25,7840.25,5738
2026-09-21T19:10:00+00:00,7840.5,7842.75,7837.75,7842.75,5802
2026-09-21T19:15:00+00:00,7842.75,7843,7840.75,7842,3830
2026-09-21T19:20:00+00:00,7841.75,7842.25,7838.5,7839,5266
2026-09-21T19:25:00+00:00,7839,7841.5,7838.25,7839,4702
2026-09-21T19:30:00+00:00,7839,7843.75,7838.75,7842.75,5629
2026-09-21T19:35:00+00:00,7843,7847.25,7842.25,7845.75,7913
2026-09-21T19:40:00+00:00,7845.75,7846.5,7840.75,7842.5,8219
2026-09-21T19:45:00+00:00,7842.25,7843.5,7839,7840,7500
2026-09-21T19:50:00+00:00,7839.75,7839.75,7834.75,7835,17038
2026-09-21T19:55:00+00:00,7835,7837.25,7832,7833,28205
2026-09-21T20:00:00+00:00,7833,7835,7828.75,7829.5,8236
2026-09-21T20:05:00+00:00,7829.5,7832.75,7829,7832,3125
2026-09-21T20:10:00+00:00,7832,7832.25,7829.75,7831,1882
2026-09-21T20:15:00+00:00,7831,7831.25,7827.25,7828.25,2033
2026-09-21T20:20:00+00:00,7828.5,7829,7828,7828,744
2026-09-21T20:25:00+00:00,7828.25,7830.75,7828,7830,1556
2026-09-21T20:30:00+00:00,7830.5,7830.75,7828.75,7829.5,741
2026-09-21T20:35:00+00:00,7829.25,7829.5,7827.5,7828,1095
2026-09-21T20:40:00+00:00,7828,7828.5,7827,7827.25,1187
2026-09-21T20:45:00+00:00,7827.5,7828,7826.5,7827.25,1308
2026-09-21T20:50:00+00:00,7827.5,7828.25,7827,7828.25,873
2026-09-21T20:55:00+00:00,7828,7830.25,7827.5,7829,1935
2026-09-21T22:00:00+00:00,7830,7832.25,7828.75,7832.25,0
2026-09-21T22:05:00+00:00,7832.25,7833.25,7831,7833,1039
2026-09-21T22:10:00+00:00,7833,7833.5,7830.25,7832.5,837
2026-09-21T22:15:00+00:00,7832.5,7833.75,7831.5,7832.75,543
2026-09-21T22:20:00+00:00,7833,7833.25,7831.5,7832.75,515
2026-09-21T22:25:00+00:00,7833,7834.75,7832.75,7834.5,577
2026-09-21T22:30:00+00:00,7834.5,7835.75,7833.5,7834.5,1047
2026-09-21T22:35:00+00:00,7834.5,7835,7833.75,7834.25,396
2026-09-21T22:40:00+00:00,7834.25,7834.5,7832.75,7834.25,687
2026-09-21T22:45:00+00:00,7834.25,7835.25,7833.25,7835,353
2026-09-21T22:50:00+00:00,7835,7835.5,7833.75,7835.25,459
2026-09-21T22:55:00+00:00,7835.25,7835.75,7834.75,7834.75,475
2026-09-21T23:00:00+00:00,7834.75,7835.75,7833.5,7834.75,673
2026-09-21T23:05:00+00:00,7834.75,7836,7834.5,7836,426
2026-09-21T23:10:00+00:00,7836,7837.5,7835.25,7836.75,866
2026-09-21T23:15:00+00:00,7836.5,7837.25,7834.75,7836.25,887
2026-09-21T23:20:00+00:00,7836.25,7836.25,7835.25,7835.5,525
2026-09-21T23:25:00+00:00,7835.75,7835.75,7834,7834.75,864
2026-09-21T23:30:00+00:00,7834.75,7836,7834,7835.5,586
2026-09-21T23:35:00+00:00,7835.75,7836,7834.5,7835.25,400
2026-09-21T23:40:00+00:00,7835.25,7836.75,7835.25,7835.75,579
2026-09-21T23:45:00+00:00,7835.75,7836.25,7835,7835.75,511
2026-09-21T23:50:00+00:00,7835.75,7835.75,7834.75,7835.5,418
2026-09-21T23:55:00+00:00,7835.5,7836.25,7834.75,7835.25,364
2026-09-22T00:00:00+00:00,7835.25,7837.5,7834.25,7837.25,1362
2026-09-22T00:05:00+00:00,7837.25,7839.75,7836.75,7839.75,1213
2026-09-22T00:10:00+00:00,7839.75,7840,7837.75,7838,1217
2026-09-22T00:15:00+00:00,7838,7838.25,7835,7835.5,1667
2026-09-22T00:20:00+00:00,7835.5,7837,7834.75,7836.25,895
2026-09-22T00:25:00+00:00,7836.25,7837.5,7835.5,7837.25,509
2026-09-22T00:30:00+00:00,7837.25,7838.5,7834,7834,1594
2026-09-22T00:35:00+00:00,7834.25,7834.5,7832.25,7833.25,1985
2026-09-22T00:40:00+00:00,7833.25,7835.25,7832.5,7834.75,974
2026-09-22T00:45:00+00:00,7834.75,7836.25,7834.5,7835.5,1015
2026-09-22T00:50:00+00:00,7835.25,7836,7834.75,7836,411
2026-09-22T00:55:00+00:00,7836,7836,7834.75,7835.5,345
2026-09-22T01:00:00+00:00,7835.5,7835.5,7834,7834.25,567
2026-09-22T01:05:00+00:00,7834.25,7835.5,7833.25,7834.25,510
2026-09-22T01:10:00+00:00,7834.25,7834.5,7832.25,7834,1014
2026-09-22T01:15:00+00:00,7833.5,7834,7832,7832.5,672
2026-09-22T01:20:00+00:00,7832.5,7833.75,7831.5,7833.5,883
2026-09-22T01:25:00+00:00,7833.25,7834.25,7832.5,7833.75,609
2026-09-22T01:30:00+00:00,7833.5,7835,7832,7835,926
2026-09-22T01:35:00+00:00,7835.25,7836.25,7834.5,7835.25,1130
2026-09-22T01:40:00+00:00,7835,7836,7834.75,7835,452
2026-09-22T01:45:00+00:00,7835,7836,7834.25,7834.5,540
2026-09-22T01:50:00+00:00,7834.5,7835.75,7834,7835.25,378
2026-09-22T01:55:00+00:00,7835.25,7835.5,7833.5,7833.5,452
2026-09-22T02:00:00+00:00,7833.75,7836.5,7833.5,7836.5,691
2026-09-22T02:05:00+00:00,7836.5,7836.5,7835,7835,323
2026-09-22T02:10:00+00:00,7835.25,7835.25,7833.75,7834,385
2026-09-22T02:15:00+00:00,7834,7834.75,7833.25,7834,389
2026-09-22T02:20:00+00:00,7834.25,7836,7834.25,7835,438
2026-09-22T02:25:00+00:00,7835,7836,7834.75,7835.25,195
2026-09-22T02:30:00+00:00,7835.25,7835.5,7833.25,7833.75,618
2026-09-22T02:35:00+00:00,7834.25,7835.5,7833.75,7835.5,463
2026-09-22T02:40:00+00:00,7835.5,7836,7834.5,7835.25,328
2026-09-22T02:45:00+00:00,7835.25,7835.5,7834.5,7835,185
2026-09-22T02:50:00+00:00,7835,7835.25,7834.25,7835.25,315
2026-09-22T02:55:00+00:00,7835,7835.25,7834,7834.75,273
2026-09-22T03:00:00+00:00,7834.75,7834.75,7833.25,7834,532
2026-09-22T03:05:00+00:00,7834,7834,7832.75,7833,375
2026-09-22T03:10:00+00:00,7833,7834,7832.75,7834,394
2026-09-22T03:15:00+00:00,7834,7835,7833.75,7834.25,395
2026-09-22T03:20:00+00:00,7834.5,7834.75,7834,7834,260
2026-09-22T03:25:00+00:00,7834,7834.5,7834,7834.25,101
2026-09-22T03:30:00+00:00,7834.25,7834.5,7833.5,7834.25,268
2026-09-22T03:35:00+00:00,7834.5,7835.5,7834.25,7834.75,361
2026-09-22T03:40:00+00:00,7834.5,7835,7833.5,7833.5,466
2026-09-22T03:45:00+00:00,7833.75,7833.75,7832.75,7833.5,282
2026-09-22T03:50:00+00:00,7833.75,7833.75,7832.5,7833,211
2026-09-22T03:55:00+00:00,7832.75,7833.5,7831.25,7833.25,816
2026-09-22T04:05:00+00:00,7833,7833.25,7832.75,7832.75,0
2026-09-22T04:10:00+00:00,7832.75,7835,7832.5,7834.25,1008
2026-09-22T04:15:00+00:00,7834.5,7834.5,7832.75,7833,536
2026-09-22T04:20:00+00:00,7833.25,7834.25,7833,7834,274
2026-09-22T04:25:00+00:00,7834.25,7835.5,7833.75,7834.5,353
2026-09-22T04:30:00+00:00,7834.75,7836,7834.5,7835,495
2026-09-22T04:35:00+00:00,7835,7836,7834.75,7835.25,220
2026-09-22T04:40:00+00:00,7835.25,7836.5,7834.5,7835,386
2026-09-22T04:45:00+00:00,7835,7835.5,7834.25,7834.5,228
2026-09-22T04:50:00+00:00,7834.5,7834.5,7833.5,7834,384
2026-09-22T04:55:00+00:00,7834.5,7834.75,7834,7834.5,272
2026-09-22T05:00:00+00:00,7834.25,7834.5,7833,7833.25,657
2026-09-22T05:05:00+00:00,7833.5,7834.25,7832.75,7832.75,288
2026-09-22T05:10:00+00:00,7832.75,7834.25,7832.5,7834,202
2026-09-22T05:15:00+00:00,7834,7834,7832.5,7833,529
2026-09-22T05:20:00+00:00,7833,7835,7832.75,7833.25,964
2026-09-22T05:25:00+00:00,7833,7834.25,7833,7833.5,503
2026-09-22T05:30:00+00:00,7833.25,7834.75,7832.25,7834.25,957
2026-09-22T05:35:00+00:00,7834.25,7836.25,7834.25,7836.25,661
2026-09-22T05:40:00+00:00,7836.25,7837.25,7836,7837,758
2026-09-22T05:45:00+00:00,7837,7839.5,7837,7839.25,1308
2026-09-22T05:50:00+00:00,7839.25,7839.25,7837.75,7838.25,524
2026-09-22T05:55:00+00:00,7838.25,7839,7837.75,7838.25,485
2026-09-22T06:00:00+00:00,7838.5,7838.5,7834,7834.75,1332
2026-09-22T06:05:00+00:00,7834.75,7837,7834.25,7837,551
2026-09-22T06:10:00+00:00,7836.75,7837.75,7835.5,7836.75,652
2026-09-22T06:15:00+00:00,7836.75,7838,7835,7835.25,596
2026-09-22T06:20:00+00:00,7835.25,7836.25,7833.75,7834.75,730
2026-09-22T06:25:00+00:00,7834.75,7836.75,7834.75,7836.75,364
2026-09-22T06:30:00+00:00,7836.75,7837.25,7836,7836.75,580
2026-09-22T06:35:00+00:00,7836.75,7838.5,7836.75,7837.5,600
2026-09-22T06:40:00+00:00,7837.5,7838.25,7836.25,7836.75,407
2026-09-22T06:45:00+00:00,7836.75,7838.5,7836.25,7837.5,509
2026-09-22T06:50:00+00:00,7837.5,7838.25,7836,7836,247
2026-09-22T06:55:00+00:00,7836.25,7837.75,7836,7836.25,251
2026-09-22T07:00:00+00:00,7836.25,7837.5,7834.5,7836.25,863
2026-09-22T07:05:00+00:00,7836.5,7837.5,7834,7836,636
2026-09-22T07:10:00+00:00,7835.75,7837,7834,7835.75,582
2026-09-22T07:15:00+00:00,7835.75,7837.75,7834,7834,918
2026-09-22T07:20:00+00:00,7834.25,7836.5,7834,7835.25,513
2026-09-22T07:25:00+00:00,7835.5,7835.75,7834.5,7835,312
2026-09-22T07:30:00+00:00,7835.25,7835.25,7832.75,7833,944
2026-09-22T07:35:00+00:00,7833.25,7833.25,7832,7832.25,817
2026-09-22T07:40:00+00:00,7832.25,7832.75,7831.5,7832.25,280
2026-09-22T07:45:00+00:00,7832.5,7832.5,7829.25,7829.75,1453
2026-09-22T07:50:00+00:00,7829.75,7830,7827.25,7828.25,1076
2026-09-22T07:55:00+00:00,7828,7829.25,7826,7826.75,1286
2026-09-22T08:00:00+00:00,7826.5,7826.75,7822.75,7823,2273
2026-09-22T08:05:00+00:00,7823,7825.5,7822,7823,1499
2026-09-22T08:10:00+00:00,7823.25,7823.25,7820.25,7820.25,1344
2026-09-22T08:15:00+00:00,7820.5,7820.75,7816,7819,2727
2026-09-22T08:20:00+00:00,7819,7819.25,7815,7817,1555
2026-09-22T08:25:00+00:00,7816.75,7822,7812.25,7813.5,3846
2026-09-22T08:30:00+00:00,7813.25,7816.25,7810.5,7813.75,4415
2026-09-22T08:35:00+00:00,7813.5,7824.5,7813.5,7823.75,3363
2026-09-22T08:40:00+00:00,7823.25,7829,7821.25,7828.5,3027
2026-09-22T08:45:00+00:00,7828.5,7834,7827,7833.5,2642
2026-09-22T08:50:00+00:00,7833.5,7836.25,7832.5,7834.75,2328
2026-09-22T08:55:00+00:00,7834.75,7836,7832.5,7833.5,1848
2026-09-22T09:00:00+00:00,7833.25,7836,7827.25,7827.25,3241
2026-09-22T09:05:00+00:00,7827.25,7831,7826.75,7829.25,2033
2026-09-22T09:10:00+00:00,7829,7831,7826,7827.5,2675
2026-09-22T09:15:00+00:00,7827.25,7830.75,7826.75,7827.5,2145
2026-09-22T09:20:00+00:00,7827.25,7828.25,7825.5,7827,995
2026-09-22T09:25:00+00:00,7827.25,7827.75,7826,7827.25,394
2026-09-22T09:30:00+00:00,7827.25,7830,7827.25,7828.75,1820
2026-09-22T09:35:00+00:00,7829,7829,7827.25,7827.75,658
2026-09-22T09:40:00+00:00,7827.75,7833.25,7827.75,7833,1718
2026-09-22T09:45:00+00:00,7833,7833.5,7831.5,7832,964
2026-09-22T09:50:00+00:00,7832.25,7843,7832.25,7838.25,11490
2026-09-22T09:55:00+00:00,7838.25,7842.25,7833,7838.75,7322
2026-09-22T10:00:00+00:00,7838.75,7840,7835,7839,1702
2026-09-22T10:05:00+00:00,7839.5,7840.75,7838.25,7839.25,1312
2026-09-22T10:10:00+00:00,7839.25,7840,7835,7837.25,1349
2026-09-22T10:15:00+00:00,7837.25,7838.75,7835.75,7836.5,774
2026-09-22T10:20:00+00:00,7836.75,7837.25,7835.5,7836,738
2026-09-22T10:25:00+00:00,7835.75,7837.75,7834.5,7836.75,673
2026-09-22T10:30:00+00:00,7837,7838.25,7836,7837,980
2026-09-22T10:35:00+00:00,7837.25,7838.5,7836.5,7838.25,585
2026-09-22T10:40:00+00:00,7838.5,7841.5,7837.5,7840.75,1166
2026-09-22T10:45:00+00:00,7840.75,7842.75,7838.75,7842.5,1564
2026-09-22T10:50:00+00:00,7842.5,7843.75,7841.5,7842.5,1129
2026-09-22T10:55:00+00:00,7842.5,7842.75,7838,7838,1305
2026-09-22T11:00:00+00:00,7838.25,7839.5,7835,7837.75,1913
2026-09-22T11:05:00+00:00,7837.75,7838.75,7828.5,7833.25,7918
2026-09-22T11:10:00+00:00,7833.5,7836.25,7830.75,7833.75,4247
2026-09-22T11:15:00+00:00,7833.75,7835.5,7833.75,7834.5,1045
2026-09-22T11:20:00+00:00,7834.5,7837.75,7833.5,7837.25,1056
2026-09-22T11:25:00+00:00,7837,7838.5,7835.25,7835.75,791
2026-09-22T11:30:00+00:00,7835.75,7837.75,7835.25,7836.5,651
2026-09-22T11:35:00+00:00,7836.5,7839.75,7836.25,7838.75,928
2026-09-22T11:40:00+00:00,7838.5,7839.75,7837,7838.75,1361
2026-09-22T11:45:00+00:00,7838.75,7842,7837.25,7838.75,1619
2026-09-22T11:50:00+00:00,7839,7839.25,7836.5,7836.75,929
2026-09-22T11:55:00+00:00,7836.75,7839.5,7835.5,7835.5,1429
2026-09-22T12:00:00+00:00,7835.75,7839.75,7835,7838.75,1582
2026-09-22T12:05:00+00:00,7838.75,7840,7834,7835.75,1733
2026-09-22T12:10:00+00:00,7835.75,7838,7835.75,7836.75,915
2026-09-22T12:15:00+00:00,7837,7839,7835.25,7836.5,1244
2026-09-22T12:20:00+00:00,7836.5,7839.5,7836.25,7838,1065
2026-09-22T12:25:00+00:00,7838.25,7840.25,7838,7840,968
2026-09-22T12:30:00+00:00,7840,7842.75,7839,7841.25,1927
2026-09-22T12:35:00+00:00,7841.5,7842,7837.75,7838,1894
2026-09-22T12:40:00+00:00,7838.25,7841.5,7838,7839.25,1146
2026-09-22T12:45:00+00:00,7839,7839.75,7838.25,7838.75,895
2026-09-22T12:50:00+00:00,7838.75,7839,7835.75,7836.75,1605
2026-09-22T12:55:00+00:00,7836.5,7837.75,7835.75,7837.25,2140
2026-09-22T13:00:00+00:00,7837,7840.5,7836.25,7839.5,3029
2026-09-22T13:05:00+00:00,7839.5,7842,7836.5,7840,4942
2026-09-22T13:10:00+00:00,7840,7841.5,7838.75,7841,1442
2026-09-22T13:15:00+00:00,7840.75,7843.25,7839.75,7840.5,2309
2026-09-22T13:20:00+00:00,7840.75,7841,7839,7839.25,1782
2026-09-22T13:25:00+00:00,7839.25,7839.75,7836.25,7836.75,5559
2026-09-22T13:30:00+00:00,7837,7847.25,7835.5,7844.75,20767
2026-09-22T13:35:00+00:00,7844.75,7848.5,7843.5,7846.25,13723
2026-09-22T13:40:00+00:00,7846.5,7846.5,7840.5,7842.75,17013
2026-09-22T13:45:00+00:00,7842.75,7844,7835.25,7839.75,23011
2026-09-22T13:50:00+00:00,7839.5,7841,7836.5,7837.25,9243
2026-09-22T13:55:00+00:00,7837,7838,7833,7835,17818
2026-09-22T14:00:00+00:00,7835,7839.5,7834.5,7837.75,11229
2026-09-22T14:05:00+00:00,7837.75,7838.75,7834.25,7834.5,9700
2026-09-22T14:10:00+00:00,7834.5,7845.75,7834.25,7840,20971
2026-09-22T14:15:00+00:00,7840.25,7841.25,7831.75,7835.25,14719
2026-09-22T14:20:00+00:00,7835,7836.5,7832.5,7834.25,8646
2026-09-22T14:25:00+00:00,7834,7835.5,7831.5,7831.75,7023
2026-09-22T14:30:00+00:00,7832,7837.5,7831.25,7833.75,11226
2026-09-22T14:35:00+00:00,7833.75,7840.75,7829.25,7831.5,28694
2026-09-22T14:40:00+00:00,7831.5,7832.25,7826.75,7829.5,20040
2026-09-22T14:45:00+00:00,7829.25,7834,7826.5,7833.75,15666
2026-09-22T14:50:00+00:00,7833.75,7835.75,7829.75,7832.75,10033
2026-09-22T14:55:00+00:00,7832.5,7834.5,7829.5,7831,7031
2026-09-22T15:00:00+00:00,7831,7834.25,7830,7832,9727
2026-09-22T15:05:00+00:00,7832,7834.75,7830,7830.25,10630
2026-09-22T15:10:00+00:00,7830.5,7833,7828.5,7832.75,10535
2026-09-22T15:15:00+00:00,7832.75,7834,7830.75,7832.25,4454
2026-09-22T15:20:00+00:00,7832.25,7833.75,7830.75,7831.75,3656
2026-09-22T15:25:00+00:00,7831.75,7834,7829.5,7830.25,4109
2026-09-22T15:30:00+00:00,7830.25,7830.5,7825.25,7826.5,10087
2026-09-22T15:35:00+00:00,7826.5,7827,7823,7824,10098
2026-09-22T15:40:00+00:00,7824,7825.75,7822.5,7824.5,7620
2026-09-22T15:45:00+00:00,7824.75,7827.5,7824,7825.5,7428
2026-09-22T15:50:00+00:00,7825.25,7826.25,7824,7824.25,4195
2026-09-22T15:55:00+00:00,7824.25,7827,7822.75,7826.75,5749
2026-09-22T16:00:00+00:00,7826.75,7828.75,7824.75,7826.5,6972
2026-09-22T16:05:00+00:00,7826.25,7830.25,7825,7828.75,7928
2026-09-22T16:10:00+00:00,7829,7830.25,7828,7830.25,4812
2026-09-22T16:15:00+00:00,7830,7830,7826.5,7826.75,5030
2026-09-22T16:20:00+00:00,7827,7828.5,7823.5,7823.75,7687
2026-09-22T16:25:00+00:00,7823.75,7825.75,7823,7825.5,3901
2026-09-22T16:30:00+00:00,7825.75,7828.75,7825.25,7828.5,4737
2026-09-22T16:35:00+00:00,7828.5,7828.5,7824.75,7826.5,3263
2026-09-22T16:40:00+00:00,7826.75,7827.25,7824.25,7827,2947
2026-09-22T16:45:00+00:00,7827,7833.75,7826.25,7833,14295
2026-09-22T16:50:00+00:00,7833.25,7833.75,7830.75,7831.5,7981
2026-09-22T16:55:00+00:00,7831.75,7832.75,7830,7832,4561
2026-09-22T17:00:00+00:00,7832.25,7832.75,7829.75,7829.75,3658
2026-09-22T17:05:00+00:00,7829.75,7833,7828.75,7830.25,4913
2026-09-22T17:10:00+00:00,7830.25,7831,7828.5,7829.5,3283
2026-09-22T17:15:00+00:00,7829.25,7829.75,7828,7829.25,2556
2026-09-22T17:20:00+00:00,7829.25,7829.25,7827.25,7828.5,3321
2026-09-22T17:25:00+00:00,7828.25,7832.5,7828,7832.25,4120
2026-09-22T17:30:00+00:00,7832.25,7832.5,7829.5,7830,2790
2026-09-22T17:35:00+00:00,7830,7830.25,7828,7828.5,2909
2026-09-22T17:40:00+00:00,7828.25,7831.5,7827.25,7831.5,3523
2026-09-22T17:45:00+00:00,7831.5,7832.25,7830,7831,2922
2026-09-22T17:50:00+00:00,7830.75,7839,7830,7837.5,23812
2026-09-22T17:55:00+00:00,7837.25,7838.75,7836.25,7837.5,5413
2026-09-22T18:00:00+00:00,7837.5,7838.5,7833.5,7835.5,8021
2026-09-22T18:05:00+00:00,7835.5,7838,7835,7837.5,4047
2026-09-22T18:10:00+00:00,7837.5,7838,7835,7835.75,3481
2026-09-22T18:15:00+00:00,7835.75,7837.5,7835.75,7837,3535
2026-09-22T18:20:00+00:00,7836.75,7840.5,7836.5,7839.25,6016
2026-09-22T18:25:00+00:00,7839.25,7839.75,7837.5,7837.75,4455
2026-09-22T18:30:00+00:00,7837.75,7839.25,7836.25,7836.75,3879
2026-09-22T18:35:00+00:00,7837,7837.25,7833.75,7835.5,5728
2026-09-22T18:40:00+00:00,7835.5,7838.5,7833.5,7837.5,6400
2026-09-22T18:45:00+00:00,7837.5,7838.5,7836.75,7838,2194
2026-09-22T18:50:00+00:00,7837.75,7838,7836.25,7837,2417
2026-09-22T18:55:00+00:00,7836.75,7837,7833,7834,4965
2026-09-22T19:00:00+00:00,7834.25,7835.5,7833.5,7835,5089
2026-09-22T19:05:00+00:00,7835,7836.5,7834.5,7835.25,3662
2026-09-22T19:10:00+00:00,7835.5,7837.5,7835,7836.5,2787
2026-09-22T19:15:00+00:00,7836.75,7839.25,7836.5,7839,4081
2026-09-22T19:20:00+00:00,7838.75,7839.75,7837.5,7838.5,5854
2026-09-22T19:25:00+00:00,7838.75,7841.5,7838.5,7840.25,8787
2026-09-22T19:30:00+00:00,7840.25,7845.75,7839.5,7845.25,10457
2026-09-22T19:35:00+00:00,7845.25,7846.5,7844,7845.5,8935
2026-09-22T19:40:00+00:00,7845.5,7845.75,7839.5,7841.5,7531
2026-09-22T19:45:00+00:00,7841.75,7844.5,7841.5,7844.25,5164
2026-09-22T19:50:00+00:00,7844,7846,7840,7840.25,13015
2026-09-22T19:55:00+00:00,7840.25,7840.25,7829.75,7831.25,26472
2026-09-22T20:00:00+00:00,7830.75,7833.25,7830.25,7832.5,4295
2026-09-22T20:05:00+00:00,7832.5,7834,7831.25,7833.25,1760
2026-09-22T20:10:00+00:00,7833.25,7834,7832,7832.25,1317
2026-09-22T20:15:00+00:00,7832,7832.25,7831,7831,967
2026-09-22T20:20:00+00:00,7831.25,7831.5,7828.75,7830.25,1564
2026-09-22T20:25:00+00:00,7830,7830.75,7829.5,7830.25,641
2026-09-22T20:30:00+00:00,7830.5,7830.5,7829.5,7829.5,1646
2026-09-22T20:35:00+00:00,7829.75,7830.25,7829.25,7829.25,638
2026-09-22T20:40:00+00:00,7829.25,7830.25,7828.75,7828.75,710
2026-09-22T20:45:00+00:00,7829,7829.25,7827.25,7827.75,1106
2026-09-22T20:50:00+00:00,7828,7829,7826.75,7827.75,1378
2026-09-22T20:55:00+00:00,7827.75,7828.75,7826,7827.75,2209
2026-09-22T22:00:00+00:00,7830,7833.5,7829,7830.25,822
2026-09-22T22:05:00+00:00,7830.5,7833.5,7830.5,7831.25,1061
2026-09-22T22:10:00+00:00,7831.5,7832.5,7830.25,7832.5,496
2026-09-22T22:15:00+00:00,7832.25,7832.75,7831.25,7831.5,394
2026-09-22T22:20:00+00:00,7831.75,7834,7831.75,7833.25,839
2026-09-22T22:25:00+00:00,7833.25,7833.5,7831.75,7832.5,653
2026-09-22T22:30:00+00:00,7832.5,7833.75,7832.5,7833.5,292
2026-09-22T22:35:00+00:00,7833.25,7834,7832.5,7833,402
2026-09-22T22:40:00+00:00,7832.75,7834,7832.75,7832.75,365
2026-09-22T22:45:00+00:00,7833,7833,7830.25,7830.25,872
2026-09-22T22:50:00+00:00,7830.5,7831.75,7829.75,7831.5,472
2026-09-22T22:55:00+00:00,7831.75,7832,7831,7831,374
2026-09-22T23:00:00+00:00,7831.25,7832.5,7831.25,7832,225
