open_time,open,high,low,close,volume
2026-09-17T07:13:00+00:00,7681,7682,7679.75,7680.25,261
2026-09-17T07:14:00+00:00,7680.25,7680.5,7679.25,7680.25,235
2026-09-17T07:15:00+00:00,7680.5,7680.5,7679.75,7679.75,132
2026-09-17T07:16:00+00:00,7679.75,7681.25,7679.75,7681,132
2026-09-17T07:17:00+00:00,7681.25,7683.5,7681,7683,307
2026-09-17T07:18:00+00:00,7682.75,7683.25,7682,7682.25,97
2026-09-17T07:19:00+00:00,7682.25,7682.25,7680.25,7680.75,201
2026-09-17T07:20:00+00:00,7680.75,7681.5,7680.25,7680.75,294
2026-09-17T07:21:00+00:00,7681,7681,7679.25,7679.5,333
2026-09-17T07:22:00+00:00,7679.5,7680.75,7678.75,7680.75,263
2026-09-17T07:23:00+00:00,7680.75,7682.25,7680.75,7682.25,137
2026-09-17T07:24:00+00:00,7682,7683,7682,7682.25,134
2026-09-17T07:25:00+00:00,7682.25,7682.75,7681.75,7682.5,86
2026-09-17T07:26:00+00:00,7682.75,7683,7682.25,7682.75,158
2026-09-17T07:27:00+00:00,7682.75,7684,7682.25,7683.75,153
2026-09-17T07:28:00+00:00,7683.75,7686.75,7683.75,7686.5,1184
2026-09-17T07:29:00+00:00,7686.5,7687,7686.25,7686.5,209
2026-09-17T07:30:00+00:00,7686.5,7688.5,7686.5,7687.25,908
2026-09-17T07:31:00+00:00,7687.25,7687.5,7686.25,7686.25,183
2026-09-17T07:32:00+00:00,7686.5,7686.75,7686.25,7686.75,314
2026-09-17T07:33:00+00:00,7686.75,7687,7685.5,7686.75,421
2026-09-17T07:34:00+00:00,7686.75,7687.25,7686.25,7686.5,436
2026-09-17T07:35:00+00:00,7686.5,7686.5,7685,7685.25,404
2026-09-17T07:36:00+00:00,7685.5,7686.5,7685,7686,292
2026-09-17T07:37:00+00:00,7686,7686.5,7685.25,7686.5,82
2026-09-17T07:38:00+00:00,7686,7686.25,7685.5,7685.75,269
2026-09-17T07:39:00+00:00,7685.5,7686.5,7685.25,7686.25,119
2026-09-17T07:40:00+00:00,7686.25,7686.25,7685.5,7685.75,85
2026-09-17T07:41:00+00:00,7685.75,7686.75,7685.5,7685.5,142
2026-09-17T07:42:00+00:00,7685.5,7685.75,7684.5,7685.5,228
2026-09-17T07:43:00+00:00,7685.5,7686.25,7685.5,7686,171
2026-09-17T07:44:00+00:00,7686,7686.5,7685.5,7685.75,117
2026-09-17T07:45:00+00:00,7685.75,7685.75,7684,7685,229
2026-09-17T07:46:00+00:00,7685,7685.75,7684.5,7685.5,114
2026-09-17T07:47:00+00:00,7685.75,7686,7685,7685.75,48
2026-09-17T07:48:00+00:00,7686,7686.25,7684.75,7685,111
2026-09-17T07:49:00+00:00,7684.75,7684.75,7683,7683.25,277
2026-09-17T07:50:00+00:00,7683,7683,7681.5,7681.75,329
2026-09-17T07:51:00+00:00,7682,7683.5,7681.5,7683.25,197
2026-09-17T07:52:00+00:00,7683.25,7683.25,7681.75,7681.75,124
2026-09-17T07:53:00+00:00,7681.75,7682.5,7681.5,7682.25,164
2026-09-17T07:54:00+00:00,7682.5,7682.5,7680.5,7681,267
2026-09-17T07:55:00+00:00,7680.75,7681,7679.75,7679.75,629
2026-09-17T07:56:00+00:00,7679.75,7680.25,7678.75,7679,276
2026-09-17T07:57:00+00:00,7679,7680,7679,7679.25,59
2026-09-17T07:58:00+00:00,7679.5,7680.25,7679,7679.5,240
2026-09-17T07:59:00+00:00,7679.5,7680.5,7679.25,7680,90
2026-09-17T08:00:00+00:00,7680.25,7681,7679.5,7680.5,356
2026-09-17T08:01:00+00:00,7680.75,7681.5,7679.75,7681,294
2026-09-17T08:02:00+00:00,7680.75,7681.5,7679.75,7681.25,128
2026-09-17T08:03:00+00:00,7681,7681,7678.25,7678.25,318
2026-09-17T08:04:00+00:00,7678.5,7681,7678.5,7680.75,240
2026-09-17T08:05:00+00:00,7680.75,7681,7679.25,7679.75,183
2026-09-17T08:06:00+00:00,7680.25,7680.5,7679,7679,189
2026-09-17T08:07:00+00:00,7679.25,7680,7678.75,7679.75,339
2026-09-17T08:08:00+00:00,7679.5,7679.75,7679.25,7679.75,178
2026-09-17T08:09:00+00:00,7679.75,7680.25,7679.25,7679.5,196
2026-09-17T08:10:00+00:00,7679.25,7680.25,7677.75,7678.5,283
2026-09-17T08:11:00+00:00,7678.5,7678.75,7677.5,7678,182
2026-09-17T08:12:00+00:00,7677.75,7677.75,7674.75,7675.75,730
2026-09-17T08:13:00+00:00,7675.5,7675.75,7673.5,7674.25,539
2026-09-17T08:14:00+00:00,7674,7675.25,7674,7674.5,255
2026-09-17T08:15:00+00:00,7674.25,7675,7673.5,7674.75,296
2026-09-17T08:16:00+00:00,7674.75,7674.75,7673,7674,225
2026-09-17T08:17:00+00:00,7673.75,7675.25,7672.5,7672.5,278
2026-09-17T08:18:00+00:00,7672.75,7673,7671.25,7671.25,522
2026-09-17T08:19:00+00:00,7671.5,7673,7671.5,7673,221
2026-09-17T08:20:00+00:00,7672.5,7673.75,7672.5,7673,177
2026-09-17T08:21:00+00:00,7673,7673.5,7672.75,7673,136
2026-09-17T08:22:00+00:00,7673,7674.25,7673,7673.25,535
2026-09-17T08:23:00+00:00,7673,7673.5,7672.75,7673,151
2026-09-17T08:24:00+00:00,7672.75,7675.5,7672.75,7675.5,175
2026-09-17T08:25:00+00:00,7675.25,7676.75,7675,7676.5,313
2026-09-17T08:26:00+00:00,7676.5,7677,7676,7676,191
2026-09-17T08:27:00+00:00,7676.25,7677,7675.75,7677,256
2026-09-17T08:28:00+00:00,7677.25,7677.25,7675.5,7675.75,240
2026-09-17T08:29:00+00:00,7675.75,7678.25,7675.75,7677.75,421
2026-09-17T08:30:00+00:00,7677.75,7679.25,7676.25,7677,644
2026-09-17T08:31:00+00:00,7677,7678.25,7677,7677,161
2026-09-17T08:32:00+00:00,7677.25,7677.75,7676,7676.75,424
2026-09-17T08:33:00+00:00,7677,7678.25,7676.25,7677.75,143
2026-09-17T08:34:00+00:00,7677.75,7679.75,7677.5,7679.75,167
2026-09-17T08:35:00+00:00,7679.75,7680.5,7678.75,7679,266
2026-09-17T08:36:00+00:00,7679.5,7679.5,7678.5,7679,147
2026-09-17T08:37:00+00:00,7679.5,7680.25,7678.75,7680.25,79
2026-09-17T08:38:00+00:00,7680,7680,7679,7679.25,172
2026-09-17T08:39:00+00:00,7679.25,7680.5,7679,7680.5,109
2026-09-17T08:40:00+00:00,7680.5,7680.75,7679.25,7679.5,114
2026-09-17T08:41:00+00:00,7679.5,7679.5,7678.5,7679,113
2026-09-17T08:42:00+00:00,7679,7679.25,7678.25,7678.75,140
2026-09-17T08:43:00+00:00,7678.5,7678.75,7678,7678.25,66
2026-09-17T08:44:00+00:00,7678.75,7679.25,7678.5,7679.25,65
2026-09-17T08:45:00+00:00,7679.25,7679.75,7678.75,7679.5,88
2026-09-17T08:46:00+00:00,7679.5,7679.5,7678.75,7679,90
2026-09-17T08:47:00+00:00,7679.25,7681,7679,7680.25,144
2026-09-17T08:48:00+00:00,7680.25,7680.75,7680,7680.5,106
2026-09-17T08:49:00+00:00,7680.5,7680.75,7680,7680.25,63
2026-09-17T08:50:00+00:00,7680.5,7681.25,7680.25,7681,128
2026-09-17T08:51:00+00:00,7681,7681.5,7680.75,7681,93
2026-09-17T08:52:00+00:00,7681.25,7681.75,7680.25,7680.75,250
2026-09-17T08:53:00+00:00,7680.75,7683,7680.5,7682.5,333
2026-09-17T08:54:00+00:00,7683,7684,7682.75,7683.75,263
2026-09-17T08:55:00+00:00,7683.5,7683.75,7682.75,7683,134
2026-09-17T08:56:00+00:00,7683.25,7684.25,7682.5,7683.5,289
2026-09-17T08:57:00+00:00,7683.75,7684.25,7683.5,7684.25,70
2026-09-17T08:58:00+00:00,7684.25,7684.75,7683.5,7684,189
2026-09-17T08:59:00+00:00,7683.75,7684,7683,7683.25,216
2026-09-17T09:00:00+00:00,7683,7685,7683,7685,222
2026-09-17T09:01:00+00:00,7684.75,7685.75,7684.5,7685.75,156
2026-09-17T09:02:00+00:00,7685.5,7686.5,7684.75,7685.25,214
2026-09-17T09:03:00+00:00,7685,7685.5,7683.75,7685.5,176
2026-09-17T09:04:00+00:00,7685.25,7685.25,7684.5,7685.25,165
2026-09-17T09:05:00+00:00,7685.25,7685.5,7684.75,7685.25,117
2026-09-17T09:06:00+00:00,7685.25,7686,7685.25,7685.75,138
2026-09-17T09:07:00+00:00,7685.5,7687.25,7685.5,7686.75,257
2026-09-17T09:08:00+00:00,7686.75,7687,7685.75,7686.5,106
2026-09-17T09:09:00+00:00,7686.25,7686.5,7685.75,7686.25,122
2026-09-17T09:10:00+00:00,7686.5,7688.75,7686.25,7688.75,423
2026-09-17T09:11:00+00:00,7688.75,7689.25,7688.25,7688.5,243
2026-09-17T09:12:00+00:00,7688.5,7688.75,7687.5,7688,178
2026-09-17T09:13:00+00:00,7688,7688.5,7687,7687.25,93
2026-09-17T09:14:00+00:00,7687.25,7687.25,7686.5,7686.5,105
2026-09-17T09:15:00+00:00,7686.75,7687.75,7686.25,7686.75,129
2026-09-17T09:16:00+00:00,7686.75,7686.75,7685.5,7686,268
2026-09-17T09:17:00+00:00,7686,7686.5,7685,7685.25,344
2026-09-17T09:18:00+00:00,7685.5,7686.25,7685.25,7685.5,260
2026-09-17T09:19:00+00:00,7685.75,7685.75,7684.25,7684.5,145
2026-09-17T09:20:00+00:00,7684.5,7686,7684,7685.5,628
2026-09-17T09:21:00+00:00,7685.5,7686,7684.75,7686,217
2026-09-17T09:22:00+00:00,7686,7686,7685,7685,142
2026-09-17T09:23:00+00:00,7685,7685.75,7685,7685.5,55
2026-09-17T09:24:00+00:00,7685.25,7685.25,7684.5,7685.25,185
2026-09-17T09:25:00+00:00,7685.25,7685.25,7684,7684.5,176
2026-09-17T09:26:00+00:00,7684.75,7684.75,7683.5,7683.5,259
2026-09-17T09:27:00+00:00,7683.75,7684.5,7683.75,7684.5,186
2026-09-17T09:28:00+00:00,7684.5,7684.75,7684,7684,109
2026-09-17T09:29:00+00:00,7684.25,7684.5,7683.25,7683.5,215
2026-09-17T09:30:00+00:00,7683.5,7684.25,7683.5,7683.75,165
2026-09-17T09:31:00+00:00,7683.75,7686.25,7683.75,7685.5,191
2026-09-17T09:32:00+00:00,7685.5,7686.25,7685.25,7686.25,94
2026-09-17T09:33:00+00:00,7686,7686.75,7685.5,7686.25,197
2026-09-17T09:34:00+00:00,7686.25,7686.75,7686,7686.25,71
2026-09-17T09:35:00+00:00,7686.5,7686.75,7686,7686.75,118
2026-09-17T09:36:00+00:00,7686.5,7686.5,7685.5,7685.75,357
2026-09-17T09:37:00+00:00,7686,7686.75,7685.5,7686.5,78
2026-09-17T09:38:00+00:00,7686.5,7687,7685.25,7685.25,161
2026-09-17T09:39:00+00:00,7685.25,7686,7685.25,7685.25,324
2026-09-17T09:40:00+00:00,7685,7686,7684.75,7685.75,363
2026-09-17T09:41:00+00:00,7685.5,7685.75,7685,7685.25,77
2026-09-17T09:42:00+00:00,7685.25,7685.75,7685,7685.75,44
2026-09-17T09:43:00+00:00,7685.25,7686,7685.25,7686,75
2026-09-17T09:44:00+00:00,7686.25,7686.5,7685.5,7685.75,174
2026-09-17T09:45:00+00:00,7685.5,7686,7684.5,7684.5,112
2026-09-17T09:46:00+00:00,7684.75,7684.75,7683.25,7683.75,288
2026-09-17T09:47:00+00:00,7683.75,7683.75,7682.5,7682.75,200
2026-09-17T09:48:00+00:00,7682.5,7682.5,7681.25,7681.75,233
2026-09-17T09:49:00+00:00,7681.75,7682,7681.25,7682,152
2026-09-17T09:50:00+00:00,7682.25,7683.5,7682,7682.5,143
2026-09-17T09:51:00+00:00,7682.75,7682.75,7682,7682.75,236
2026-09-17T09:52:00+00:00,7682.75,7683.5,7682.5,7683.25,157
2026-09-17T09:53:00+00:00,7683,7683.75,7682.75,7683.25,160
2026-09-17T09:54:00+00:00,7683.25,7684,7683.25,7684,129
2026-09-17T09:55:00+00:00,7683.75,7684.75,7683.25,7683.75,376
2026-09-17T09:56:00+00:00,7683.75,7684,7683.25,7683.75,152
2026-09-17T09:57:00+00:00,7684,7684,7683,7683,157
2026-09-17T09:58:00+00:00,7683,7683,7682.25,7682.5,202
2026-09-17T09:59:00+00:00,7682.5,7683.25,7682.5,7682.75,102
2026-09-17T10:00:00+00:00,7682.75,7683.75,7682.5,7683.5,102
2026-09-17T10:01:00+00:00,7683.25,7683.75,7682.5,7683.25,84
2026-09-17T10:02:00+00:00,7683.5,7683.5,7682.75,7683,94
2026-09-17T10:03:00+00:00,7683.5,7684.75,7683.5,7684.25,255
2026-09-17T10:04:00+00:00,7684.5,7684.5,7684,7684.25,60
2026-09-17T10:05:00+00:00,7684.25,7685,7684,7684.25,146
2026-09-17T10:06:00+00:00,7684.75,7685.25,7684.25,7685.25,203
2026-09-17T10:07:00+00:00,7685.25,7687,7685,7686.5,544
2026-09-17T10:08:00+00:00,7686.5,7686.75,7686.25,7686.5,110
2026-09-17T10:09:00+00:00,7686.5,7686.5,7685.75,7685.75,98
2026-09-17T10:10:00+00:00,7686,7686,7685.25,7686,76
2026-09-17T10:11:00+00:00,7686,7686.75,7685.75,7686.5,57
2026-09-17T10:12:00+00:00,7686.75,7686.75,7686.25,7686.25,124
2026-09-17T10:13:00+00:00,7686.25,7686.75,7686,7686,47
2026-09-17T10:14:00+00:00,7685.75,7686.25,7685,7685.25,146
2026-09-17T10:15:00+00:00,7685.25,7686,7685,7685.25,137
2026-09-17T10:16:00+00:00,7685.25,7685.75,7685,7685,150
2026-09-17T10:17:00+00:00,7685.25,7685.5,7685,7685.5,176
2026-09-17T10:18:00+00:00,7685.25,7686,7685,7685,129
2026-09-17T10:19:00+00:00,7684.75,7684.75,7683.25,7683.25,246
2026-09-17T10:20:00+00:00,7683.5,7684.25,7683.5,7684,113
2026-09-17T10:21:00+00:00,7684,7684.75,7684,7684,67
2026-09-17T10:22:00+00:00,7684,7685.5,7684,7685.25,169
2026-09-17T10:23:00+00:00,7685.25,7687.25,7685.25,7687.25,304
2026-09-17T10:24:00+00:00,7687,7688.5,7686.75,7688.5,346
2026-09-17T10:25:00+00:00,7688.5,7688.75,7687.75,7688.25,233
2026-09-17T10:26:00+00:00,7688.25,7689.25,7688,7688.75,266
2026-09-17T10:27:00+00:00,7688.75,7689.25,7688.5,7688.75,235
2026-09-17T10:28:00+00:00,7688.75,7689.25,7688.5,7689.25,66
2026-09-17T10:29:00+00:00,7689,7689.5,7687.25,7687.5,213
2026-09-17T10:30:00+00:00,7687.75,7689.5,7687.5,7688,986
2026-09-17T10:31:00+00:00,7688,7688.25,7686.75,7686.75,266
2026-09-17T10:32:00+00:00,7687,7687.25,7686.5,7686.5,198
2026-09-17T10:33:00+00:00,7686.75,7687,7686.25,7686.25,161
2026-09-17T10:34:00+00:00,7686,7686.5,7685.75,7685.75,156
2026-09-17T10:35:00+00:00,7685.75,7687.25,7685.5,7687,486
2026-09-17T10:36:00+00:00,7686.75,7687.5,7686.25,7687.25,210
2026-09-17T10:37:00+00:00,7687,7688.5,7687,7687.75,295
2026-09-17T10:38:00+00:00,7687.5,7688,7687,7687,102
2026-09-17T10:39:00+00:00,7687.25,7687.75,7687,7687.25,114
2026-09-17T10:40:00+00:00,7687,7687.5,7686.25,7686.25,94
2026-09-17T10:41:00+00:00,7686.5,7686.5,7684.5,7684.75,259
2026-09-17T10:42:00+00:00,7684.75,7685.25,7684.5,7684.75,176
2026-09-17T10:43:00+00:00,7684.5,7685,7684.25,7685,245
2026-09-17T10:44:00+00:00,7685,7685.25,7684.5,7684.75,125
2026-09-17T10:45:00+00:00,7684.75,7685.5,7684,7685,111
2026-09-17T10:46:00+00:00,7684.75,7685.25,7684.5,7685.25,114
2026-09-17T10:47:00+00:00,7685,7685.25,7684.75,7685,72
2026-09-17T10:48:00+00:00,7685,7685.25,7684.5,7685,124
2026-09-17T10:49:00+00:00,7684.75,7685,7684.5,7685,133
2026-09-17T10:50:00+00:00,7685,7686,7684.75,7685.75,116
2026-09-17T10:51:00+00:00,7686,7687,7685.75,7686.5,157
2026-09-17T10:52:00+00:00,7686,7686.75,7685.75,7686.25,115
2026-09-17T10:53:00+00:00,7686.5,7686.75,7686,7686.25,110
2026-09-17T10:54:00+00:00,7686.5,7686.5,7685.75,7686.25,128
2026-09-17T10:55:00+00:00,7686.25,7686.75,7685.75,7686.5,67
2026-09-17T10:56:00+00:00,7686.5,7688,7686.5,7687.25,197
2026-09-17T10:57:00+00:00,7687.25,7688,7687,7687.75,97
2026-09-17T10:58:00+00:00,7687.75,7688.5,7687.25,7688.25,102
2026-09-17T10:59:00+00:00,7688.25,7688.75,7687.75,7687.75,125
2026-09-17T11:00:00+00:00,7687.75,7690,7687.75,7689.75,1001
2026-09-17T11:01:00+00:00,7690,7690.75,7688.75,7689,564
2026-09-17T11:02:00+00:00,7688.5,7689.75,7688.25,7689,505
2026-09-17T11:03:00+00:00,7689.25,7689.5,7687.75,7688,138
2026-09-17T11:04:00+00:00,7688,7688.25,7687.25,7688,492
2026-09-17T11:05:00+00:00,7688.25,7688.75,7687.75,7688.5,266
2026-09-17T11:06:00+00:00,7688.5,7688.75,7687.5,7688.25,150
2026-09-17T11:07:00+00:00,7688.25,7689,7687.25,7688.25,388
2026-09-17T11:08:00+00:00,7688.25,7688.25,7687.5,7687.75,176
2026-09-17T11:09:00+00:00,7687.5,7687.75,7687,7687,239
2026-09-17T11:10:00+00:00,7687.25,7687.25,7686.5,7686.5,292
2026-09-17T11:11:00+00:00,7686.5,7686.75,7685.75,7686,272
2026-09-17T11:12:00+00:00,7686,7687.75,7686,7686.5,341
2026-09-17T11:13:00+00:00,7686.75,7688.75,7686.25,7688.5,298
2026-09-17T11:14:00+00:00,7688.5,7688.5,7687.25,7688.25,350
2026-09-17T11:15:00+00:00,7688.25,7688.75,7687,7687.25,158
2026-09-17T11:16:00+00:00,7687.25,7687.5,7685.75,7686,215
2026-09-17T11:17:00+00:00,7686.25,7686.25,7684.75,7684.75,262
2026-09-17T11:18:00+00:00,7684.75,7685.25,7684.75,7685.25,132
2026-09-17T11:19:00+00:00,7685.25,7686.5,7685.25,7686.25,152
2026-09-17T11:20:00+00:00,7686,7688.25,7686,7687.5,314
2026-09-17T11:21:00+00:00,7687.5,7688.25,7687,7687.5,107
2026-09-17T11:22:00+00:00,7687.25,7687.5,7685.75,7686,302
2026-09-17T11:23:00+00:00,7686,7687.25,7686,7686.75,120
2026-09-17T11:24:00+00:00,7686.75,7687,7686,7686,44
2026-09-17T11:25:00+00:00,7686,7686.25,7685,7685.5,122
2026-09-17T11:26:00+00:00,7685.5,7686.75,7685,7686.75,219
2026-09-17T11:27:00+00:00,7686.5,7687.25,7686.25,7686.75,248
2026-09-17T11:28:00+00:00,7686.5,7686.5,7685.75,7686,232
2026-09-17T11:29:00+00:00,7685.75,7687,7685.75,7686.25,120
2026-09-17T11:30:00+00:00,7686,7686.25,7685.25,7686,136
2026-09-17T11:31:00+00:00,7685.75,7686.75,7685.5,7686.25,153
2026-09-17T11:32:00+00:00,7686.5,7687.5,7686.5,7687.25,161
2026-09-17T11:33:00+00:00,7687,7687,7685.5,7686,170
2026-09-17T11:34:00+00:00,7685.75,7686,7685,7685.75,206
2026-09-17T11:35:00+00:00,7685.25,7686.75,7685.25,7686.5,238
2026-09-17T11:36:00+00:00,7686.25,7687,7686.25,7686.25,78
2026-09-17T11:37:00+00:00,7686.25,7686.5,7684.5,7685.25,229
2026-09-17T11:38:00+00:00,7685.25,7686.25,7685.25,7686,116
2026-09-17T11:39:00+00:00,7686,7686.75,7686,7686.5,76
2026-09-17T11:40:00+00:00,7686.25,7686.25,7684.25,7684.5,195
2026-09-17T11:41:00+00:00,7684.5,7684.75,7684,7684,326
2026-09-17T11:42:00+00:00,7684,7685,7683.75,7684.25,252
2026-09-17T11:43:00+00:00,7684.5,7684.5,7684,7684.5,76
2026-09-17T11:44:00+00:00,7684.5,7684.75,7682.75,7683,317
2026-09-17T11:45:00+00:00,7682.75,7683.5,7682.75,7683.25,131
2026-09-17T11:46:00+00:00,7683,7684.5,7682.75,7684,185
2026-09-17T11:47:00+00:00,7684.25,7684.5,7683.5,7684.25,90
2026-09-17T11:48:00+00:00,7684.5,7685.25,7684,7684.5,106
2026-09-17T11:49:00+00:00,7684.5,7684.75,7683.5,7683.5,258
2026-09-17T11:50:00+00:00,7683.5,7683.5,7682.25,7682.75,379
2026-09-17T11:51:00+00:00,7683,7684.25,7682.5,7684,206
2026-09-17T11:52:00+00:00,7684,7684,7683.25,7684,242
2026-09-17T11:53:00+00:00,7684,7685.25,7683.75,7685,192
2026-09-17T11:54:00+00:00,7685.25,7688,7685.25,7687,650
2026-09-17T11:55:00+00:00,7687.25,7688.5,7687,7687.5,212
2026-09-17T11:56:00+00:00,7687.5,7687.5,7685.5,7686.5,270
2026-09-17T11:57:00+00:00,7686.75,7688.25,7686.5,7687.75,530
2026-09-17T11:58:00+00:00,7687.75,7694.5,7687.5,7692.5,6803
2026-09-17T11:59:00+00:00,7692.25,7695.5,7691.5,7695,2410
2026-09-17T12:00:00+00:00,7695.25,7695.5,7692.75,7693.5,1593
2026-09-17T12:01:00+00:00,7693.5,7694.25,7692,7692,561
2026-09-17T12:02:00+00:00,7692.25,7692.5,7690.75,7692.25,556
2026-09-17T12:03:00+00:00,7692.25,7692.5,7690,7691,486
2026-09-17T12:04:00+00:00,7691.25,7696.5,7691.25,7694.5,4585
2026-09-17T12:05:00+00:00,7694.5,7697.75,7693.75,7696.75,2016
2026-09-17T12:06:00+00:00,7696.75,7697,7695.5,7696.25,693
2026-09-17T12:07:00+00:00,7696,7696.25,7694.5,7695.5,615
2026-09-17T12:08:00+00:00,7695.5,7697.5,7695.5,7697,554
2026-09-17T12:09:00+00:00,7697,7701.75,7697,7701.5,2636
2026-09-17T12:10:00+00:00,7701.5,7703.5,7700.5,7701.5,1504
2026-09-17T12:11:00+00:00,7701.25,7702.75,7701,7702,571
2026-09-17T12:12:00+00:00,7702.25,7702.5,7701.25,7702.25,601
2026-09-17T12:13:00+00:00,7702.25,7702.25,7700.75,7701.5,435
2026-09-17T12:14:00+00:00,7701.25,7702,7700.75,7701.75,328
2026-09-17T12:15:00+00:00,7702,7703.25,7701.25,7703.25,581
2026-09-17T12:16:00+00:00,7703.25,7704.5,7702.75,7704,925
2026-09-17T12:17:00+00:00,7704,7706,7703.75,7705.25,1088
2026-09-17T12:18:00+00:00,7705.25,7706.25,7704.25,7705.5,496
2026-09-17T12:19:00+00:00,7705.75,7708.25,7705.5,7708.25,737
2026-09-17T12:20:00+00:00,7708.25,7709.5,7708,7709.25,1088
2026-09-17T12:21:00+00:00,7709.25,7710.75,7709,7710.25,1202
2026-09-17T12:22:00+00:00,7710.25,7710.5,7709.25,7710,629
2026-09-17T12:23:00+00:00,7709.75,7711.75,7709.75,7711.5,688
2026-09-17T12:24:00+00:00,7711.5,7712,7710,7710.5,619
2026-09-17T12:25:00+00:00,7710.75,7712.75,7710,7712.5,1255
2026-09-17T12:26:00+00:00,7712.25,7713.5,7711.5,7713,617
2026-09-17T12:27:00+00:00,7713,7714.75,7712,7714.5,835
2026-09-17T12:28:00+00:00,7714.75,7715.5,7714,7714.75,817
2026-09-17T12:29:00+00:00,7714.5,7716.75,7714.5,7716.5,854
2026-09-17T12:30:00+00:00,7716.25,7717.75,7713.5,7717,1612
2026-09-17T12:31:00+00:00,7717.25,7717.5,7715.5,7716.5,1102
2026-09-17T12:32:00+00:00,7716.5,7720.5,7716.25,7718.75,1968
2026-09-17T12:33:00+00:00,7718.5,7721.25,7716.25,7721.25,1108
2026-09-17T12:34:00+00:00,7721,7722.25,7720.5,7721.25,1098
2026-09-17T12:35:00+00:00,7721.25,7722.25,7719.5,7720.5,1127
2026-09-17T12:36:00+00:00,7720.5,7720.5,7719,7719.5,1023
2026-09-17T12:37:00+00:00,7719.25,7719.25,7717.75,7718.5,867
2026-09-17T12:38:00+00:00,7718.5,7720,7717.5,7719.5,728
2026-09-17T12:39:00+00:00,7719.25,7721,7718.25,7720.75,626
2026-09-17T12:40:00+00:00,7720.5,7721.5,7719.75,7720.25,528
2026-09-17T12:41:00+00:00,7720.25,7720.75,7719.25,7719.25,354
2026-09-17T12:42:00+00:00,7719.25,7720.25,7718.75,7719.75,700
2026-09-17T12:43:00+00:00,7720,7720.5,7719.75,7720.5,407
2026-09-17T12:44:00+00:00,7720.5,7720.5,7717.5,7717.75,870
2026-09-17T12:45:00+00:00,7717.75,7718,7716.5,7717,830
2026-09-17T12:46:00+00:00,7716.75,7717.25,7716,7716.75,1003
2026-09-17T12:47:00+00:00,7716.75,7717.25,7715.75,7716,699
2026-09-17T12:48:00+00:00,7716,7716.75,7715,7716,785
2026-09-17T12:49:00+00:00,7716,7717.25,7716,7716.5,809
2026-09-17T12:50:00+00:00,7716.5,7718.75,7716,7718.5,697
2026-09-17T12:51:00+00:00,7718,7720,7717.75,7718.5,833
2026-09-17T12:52:00+00:00,7718.5,7718.5,7717.25,7717.5,348
2026-09-17T12:53:00+00:00,7717.75,7717.75,7716.5,7717,504
2026-09-17T12:54:00+00:00,7717,7718.5,7716.75,7718,226
2026-09-17T12:55:00+00:00,7718,7718,7716.5,7716.75,402
2026-09-17T12:56:00+00:00,7716.5,7717.75,7716,7717.25,404
2026-09-17T12:57:00+00:00,7717.5,7719.25,7717.5,7718.5,380
2026-09-17T12:58:00+00:00,7718.5,7718.5,7717.5,7717.75,153
2026-09-17T12:59:00+00:00,7718,7718,7717,7717.5,284
2026-09-17T13:00:00+00:00,7717.5,7721.75,7716.5,7721.5,1765
2026-09-17T13:01:00+00:00,7721.5,7722,7719.75,7720.25,1041
2026-09-17T13:02:00+00:00,7720.25,7721,7719.75,7720.75,638
2026-09-17T13:03:00+00:00,7720.75,7721,7719.5,7720,405
2026-09-17T13:04:00+00:00,7719.75,7720,7718.25,7718.5,519
2026-09-17T13:05:00+00:00,7718.5,7719,7717,7717.75,864
2026-09-17T13:06:00+00:00,7718,7718.5,7716.75,7717,578
2026-09-17T13:07:00+00:00,7717.25,7718,7716.5,7717,548
2026-09-17T13:08:00+00:00,7717,7719.5,7717,7718.25,694
2026-09-17T13:09:00+00:00,7718.25,7718.25,7716.75,7716.75,457
2026-09-17T13:10:00+00:00,7716.75,7717.5,7716,7716,1134
2026-09-17T13:11:00+00:00,7715.75,7716.5,7714.75,7716.5,862
2026-09-17T13:12:00+00:00,7716.25,7716.75,7715.25,7716,425
2026-09-17T13:13:00+00:00,7716,7717.5,7716,7716.75,678
2026-09-17T13:14:00+00:00,7716.75,7717,7716,7716,297
2026-09-17T13:15:00+00:00,7716,7716.5,7715.5,7716,595
2026-09-17T13:16:00+00:00,7716,7718.5,7715.5,7717.25,1375
2026-09-17T13:17:00+00:00,7717.25,7717.5,7716.25,7717,468
2026-09-17T13:18:00+00:00,7717,7717.75,7716.25,7716.75,475
2026-09-17T13:19:00+00:00,7716.75,7717,7716,7716.25,427
2026-09-17T13:20:00+00:00,7715.75,7717.25,7715.5,7716.25,553
2026-09-17T13:21:00+00:00,7716,7716.75,7714.75,7715,461
2026-09-17T13:22:00+00:00,7715.25,7716,7714.75,7715.75,368
2026-09-17T13:23:00+00:00,7715.75,7715.75,7714.75,7714.75,539
2026-09-17T13:24:00+00:00,7714.75,7715,7713.5,7714,927
2026-09-17T13:25:00+00:00,7713.75,7714.5,7713.5,7714.25,1138
2026-09-17T13:26:00+00:00,7714.25,7716.75,7714.25,7715.75,1334
2026-09-17T13:27:00+00:00,7715.75,7717,7715.25,7716,1293
2026-09-17T13:28:00+00:00,7716,7716.75,7715,7715.25,671
2026-09-17T13:29:00+00:00,7715.25,7715.5,7712.5,7713.25,1527
2026-09-17T13:30:00+00:00,7713.5,7716.25,7708.25,7711.75,11536
2026-09-17T13:31:00+00:00,7712,7712,7703.25,7703.25,5446
2026-09-17T13:32:00+00:00,7703.5,7705.75,7702.25,7704.25,5113
2026-09-17T13:33:00+00:00,7704.5,7705,7701.25,7702,2953
2026-09-17T13:34:00+00:00,7701.75,7702.25,7695.75,7695.75,5190
2026-09-17T13:35:00+00:00,7695.75,7696.75,7693.5,7695,4768
2026-09-17T13:36:00+00:00,7695,7697.75,7692.5,7695,5117
2026-09-17T13:37:00+00:00,7695,7696.25,7693.25,7694,3639
2026-09-17T13:38:00+00:00,7693.75,7694.75,7692,7692.75,2972
2026-09-17T13:39:00+00:00,7693,7694.5,7691.75,7692.75,3084
2026-09-17T13:40:00+00:00,7693,7694.25,7690.25,7691.5,5458
2026-09-17T13:41:00+00:00,7691.75,7693.75,7688.5,7690,5042
2026-09-17T13:42:00+00:00,7689.75,7691.75,7688.25,7691,3735
2026-09-17T13:43:00+00:00,7691,7692.75,7689.75,7691.75,3561
2026-09-17T13:44:00+00:00,7691.75,7693.5,7689.5,7690.75,3317
2026-09-17T13:45:00+00:00,7690.75,7692,7689,7689,4627
2026-09-17T13:46:00+00:00,7689.25,7692.5,7688.25,7692,3792
2026-09-17T13:47:00+00:00,7692.25,7696,7691,7693.5,4904
2026-09-17T13:48:00+00:00,7693.75,7694.25,7689.25,7691,3997
2026-09-17T13:49:00+00:00,7691,7695,7688.75,7694.75,3831
2026-09-17T13:50:00+00:00,7695,7697.25,7693.5,7697,4943
2026-09-17T13:51:00+00:00,7697,7697.25,7691.25,7694.25,4664
2026-09-17T13:52:00+00:00,7694,7695.25,7693,7694.5,2929
2026-09-17T13:53:00+00:00,7694.5,7694.5,7691.5,7692.75,2200
2026-09-17T13:54:00+00:00,7692.75,7695.5,7691,7691,3207
2026-09-17T13:55:00+00:00,7691,7693.25,7690.5,7691.25,3502
2026-09-17T13:56:00+00:00,7691.25,7692.5,7690.25,7690.5,2099
2026-09-17T13:57:00+00:00,7690.25,7691,7688.25,7690.25,3097
2026-09-17T13:58:00+00:00,7690,7692,7689.5,7689.75,2080
2026-09-17T13:59:00+00:00,7690,7693.75,7689.75,7693.5,2092
2026-09-17T14:00:00+00:00,7693.75,7693.75,7687.25,7687.5,5246
2026-09-17T14:01:00+00:00,7687.5,7687.5,7684.5,7687.25,5370
2026-09-17T14:02:00+00:00,7687,7687.25,7684.5,7685.5,2534
2026-09-17T14:03:00+00:00,7685.5,7687.25,7683.75,7687.25,2972
2026-09-17T14:04:00+00:00,7687.25,7688.25,7685.5,7687,2675
2026-09-17T14:05:00+00:00,7687,7687.25,7683.75,7685.25,2557
2026-09-17T14:06:00+00:00,7685.25,7687.5,7685,7686.25,2246
2026-09-17T14:07:00+00:00,7686.25,7686.25,7681.75,7681.75,3380
2026-09-17T14:08:00+00:00,7682,7684,7680.5,7683.25,3763
2026-09-17T14:09:00+00:00,7683.25,7684.75,7681.25,7683,2989
2026-09-17T14:10:00+00:00,7683.25,7685.75,7682.5,7684.75,3151
2026-09-17T14:11:00+00:00,7684.75,7685.5,7681.75,7684.75,2149
2026-09-17T14:12:00+00:00,7684.5,7686,7683.75,7685.25,2369
2026-09-17T14:13:00+00:00,7685,7689,7684.5,7689,3665
2026-09-17T14:14:00+00:00,7689.25,7692.75,7688.75,7692.25,5886
2026-09-17T14:15:00+00:00,7692.25,7693.25,7691.25,7691.75,3944
2026-09-17T14:16:00+00:00,7691.5,7694.75,7691.5,7693.5,3345
2026-09-17T14:17:00+00:00,7693.5,7695.5,7693,7693.25,3029
2026-09-17T14:18:00+00:00,7693,7695.5,7692.5,7694.5,2765
2026-09-17T14:19:00+00:00,7694.5,7695.75,7693,7695.75,2001
2026-09-17T14:20:00+00:00,7695.5,7696.25,7693.25,7695.5,3248
2026-09-17T14:21:00+00:00,7695.25,7698.25,7695,7697.5,3270
2026-09-17T14:22:00+00:00,7697.5,7700.25,7697.5,7699,3668
2026-09-17T14:23:00+00:00,7699.25,7701.5,7699,7701,2944
2026-09-17T14:24:00+00:00,7701,7701.5,7698.5,7700.75,3376
2026-09-17T14:25:00+00:00,7700.75,7702,7699.5,7700.25,3528
2026-09-17T14:26:00+00:00,7700.5,7702.25,7699.75,7702.25,3257
2026-09-17T14:27:00+00:00,7702,7703.75,7701,7703.5,2893
2026-09-17T14:28:00+00:00,7703.25,7704,7699.25,7699.75,3608
2026-09-17T14:29:00+00:00,7699.75,7700.25,7697,7697.75,5044
2026-09-17T14:30:00+00:00,7697.75,7699.75,7697,7699.5,2803
2026-09-17T14:31:00+00:00,7699.25,7700.75,7697,7698,2967
2026-09-17T14:32:00+00:00,7698,7698.5,7696.25,7698.5,2779
2026-09-17T14:33:00+00:00,7698.75,7699.75,7697.25,7697.5,2230
2026-09-17T14:34:00+00:00,7697.5,7701.25,7697.25,7701,2224
2026-09-17T14:35:00+00:00,7701,7701.5,7698.25,7699.75,2693
2026-09-17T14:36:00+00:00,7699.75,7700.5,7698,7699.25,2179
2026-09-17T14:37:00+00:00,7699.25,7701,7698.75,7700,1376
2026-09-17T14:38:00+00:00,7700,7700.75,7698.75,7700,1698
2026-09-17T14:39:00+00:00,7700,7701,7697.25,7697.5,2490
2026-09-17T14:40:00+00:00,7697.75,7702,7697,7701.25,2817
2026-09-17T14:41:00+00:00,7701.5,7702.75,7699.25,7702.75,2600
2026-09-17T14:42:00+00:00,7702.75,7703.25,7701.5,7701.75,1892
2026-09-17T14:43:00+00:00,7701.5,7703,7700.75,7701,2192
2026-09-17T14:44:00+00:00,7700.75,7701.75,7699.25,7699.5,2408
2026-09-17T14:45:00+00:00,7699.5,7700.25,7697.5,7697.75,3015
2026-09-17T14:46:00+00:00,7697.75,7698.75,7694.25,7694.75,5089
2026-09-17T14:47:00+00:00,7695,7695.5,7691.75,7693,3788
2026-09-17T14:48:00+00:00,7692.75,7694.75,7692.25,7693.25,2432
2026-09-17T14:49:00+00:00,7693.25,7693.75,7691.25,7693.25,2693
2026-09-17T14:50:00+00:00,7693.25,7693.5,7691,7691,2269
2026-09-17T14:51:00+00:00,7691.25,7693,7691,7692,2150
2026-09-17T14:52:00+00:00,7692,7692.25,7690.25,7690.5,1746
2026-09-17T14:53:00+00:00,7690.25,7691,7688.25,7688.75,2946
2026-09-17T14:54:00+00:00,7688.5,7688.75,7685.5,7686.5,4765
2026-09-17T14:55:00+00:00,7686.5,7687.75,7684.75,7685.5,3616
2026-09-17T14:56:00+00:00,7685.5,7688,7684.25,7687.5,3309
2026-09-17T14:57:00+00:00,7687.25,7690.25,7687.25,7688.75,4128
2026-09-17T14:58:00+00:00,7688.5,7691.5,7687.5,7687.5,2563
2026-09-17T14:59:00+00:00,7687.5,7688.75,7686.5,7688.25,2133
2026-09-17T15:00:00+00:00,7688,7689.5,7686.25,7688.25,2968
2026-09-17T15:01:00+00:00,7688.25,7688.5,7686.5,7686.75,1806
2026-09-17T15:02:00+00:00,7686.75,7688.25,7686.25,7688.25,1085
2026-09-17T15:03:00+00:00,7688.25,7690.25,7687.25,7688.5,1574
2026-09-17T15:04:00+00:00,7688.5,7688.75,7686,7686.25,1616
2026-09-17T15:05:00+00:00,7686.5,7687,7684.25,7684.25,2484
2026-09-17T15:06:00+00:00,7684.25,7686.75,7683.75,7686.75,2305
2026-09-17T15:07:00+00:00,7686.75,7688.5,7685,7687.75,2406
2026-09-17T15:08:00+00:00,7687.75,7689,7686.75,7689,1648
2026-09-17T15:09:00+00:00,7689,7689.25,7686.75,7688.25,1267
2026-09-17T15:10:00+00:00,7688,7688.5,7686.75,7687.75,1407
2026-09-17T15:11:00+00:00,7688,7691,7687.25,7690.75,2312
2026-09-17T15:12:00+00:00,7690.5,7691.25,7688.75,7689.25,2682
2026-09-17T15:13:00+00:00,7689.25,7692,7688.75,7691.75,2269
2026-09-17T15:14:00+00:00,7692,7692.75,7690.5,7692,2432
2026-09-17T15:15:00+00:00,7691.75,7692.25,7689.5,7690.5,2528
2026-09-17T15:16:00+00:00,7690.5,7693.5,7690,7693,2245
2026-09-17T15:17:00+00:00,7693,7694.75,7691.75,7694.5,2444
2026-09-17T15:18:00+00:00,7694.25,7695.25,7693.25,7695,1761
2026-09-17T15:19:00+00:00,7695,7695.5,7693.5,7694.75,1559
2026-09-17T15:20:00+00:00,7695,7695.25,7692,7692.75,2392
2026-09-17T15:21:00+00:00,7692.75,7693.75,7691.75,7692.25,1577
2026-09-17T15:22:00+00:00,7692.5,7694.25,7691,7693.5,2123
2026-09-17T15:23:00+00:00,7693.75,7694,7692,7692,1549
2026-09-17T15:24:00+00:00,7692,7693.25,7691,7693.25,1534
2026-09-17T15:25:00+00:00,7693.25,7697.25,7693.25,7697.25,3273
2026-09-17T15:26:00+00:00,7697,7697.5,7695.25,7695.5,2078
2026-09-17T15:27:00+00:00,7695.5,7698,7695,7695.5,2392
2026-09-17T15:28:00+00:00,7695.75,7696.5,7694.5,7696.25,1242
2026-09-17T15:29:00+00:00,7696.25,7697.25,7696,7696.25,1543
2026-09-17T15:30:00+00:00,7696.25,7697.75,7695.5,7696.5,1922
2026-09-17T15:31:00+00:00,7696.5,7697.75,7696.25,7697.25,1276
2026-09-17T15:32:00+00:00,7697.25,7698,7696.25,7696.5,1168
2026-09-17T15:33:00+00:00,7696.5,7697,7695.5,7696.5,1146
2026-09-17T15:34:00+00:00,7696.25,7698.75,7695.25,7698.25,1972
2026-09-17T15:35:00+00:00,7698.25,7700,7697.5,7698.75,2932
2026-09-17T15:36:00+00:00,7698.75,7700,7698.25,7699.75,1598
2026-09-17T15:37:00+00:00,7700,7701.25,7699,7700,1724
2026-09-17T15:38:00+00:00,7699.75,7700.25,7699.25,7700,1178
2026-09-17T15:39:00+00:00,7700,7701,7699.75,7700.75,923
2026-09-17T15:40:00+00:00,7700.75,7703,7700.75,7703,2557
2026-09-17T15:41:00+00:00,7703,7704.75,7701.5,7703.75,2923
2026-09-17T15:42:00+00:00,7703.75,7705.5,7703.5,7705.5,1919
2026-09-17T15:43:00+00:00,7705.5,7706.25,7703.5,7704,2685
2026-09-17T15:44:00+00:00,7704,7704.5,7702.75,7703.5,1612
2026-09-17T15:45:00+00:00,7703.5,7704.5,7702.75,7703.25,1255
2026-09-17T15:46:00+00:00,7703.25,7705,7702.75,7704.5,1257
2026-09-17T15:47:00+00:00,7704.75,7704.75,7703.25,7703.75,815
2026-09-17T15:48:00+00:00,7703.5,7704.75,7703.25,7704.25,1157
2026-09-17T15:49:00+00:00,7704.25,7705.25,7703.25,7704.5,2031
2026-09-17T15:50:00+00:00,7704.5,7705.5,7701.75,7703,2608
2026-09-17T15:51:00+00:00,7703,7704,7702.5,7703.25,910
2026-09-17T15:52:00+00:00,7703.25,7705.75,7703,7705.5,1573
2026-09-17T15:53:00+00:00,7705.5,7705.5,7703.25,7703.75,1953
2026-09-17T15:54:00+00:00,7703.75,7705.75,7703.5,7705,1225
2026-09-17T15:55:00+00:00,7705,7705.25,7704,7704,1111
2026-09-17T15:56:00+00:00,7704,7704.25,7701.75,7703,2355
2026-09-17T15:57:00+00:00,7702.75,7703.25,7701.5,7702,1420
2026-09-17T15:58:00+00:00,7702,7704.75,7701.75,7704.5,1476
2026-09-17T15:59:00+00:00,7704.75,7706.5,7703.75,7706.5,1838
2026-09-17T16:00:00+00:00,7706.5,7707.25,7705,7707.25,2939
2026-09-17T16:01:00+00:00,7707.25,7707.25,7705.25,7705.75,1596
2026-09-17T16:02:00+00:00,7705.75,7706.25,7704.75,7706.25,1583
2026-09-17T16:03:00+00:00,7706,7707,7705.5,7706.25,1045
2026-09-17T16:04:00+00:00,7706.25,7707,7704.25,7704.5,1376
2026-09-17T16:05:00+00:00,7704.5,7705,7702.75,7702.75,2320
2026-09-17T16:06:00+00:00,7702.75,7703.25,7701.25,7701.5,2623
2026-09-17T16:07:00+00:00,7701.75,7703.75,7701.5,7703.25,1178
2026-09-17T16:08:00+00:00,7703.25,7703.75,7702.25,7703.25,843
2026-09-17T16:09:00+00:00,7703.25,7706.5,7703,7705.75,1713
2026-09-17T16:10:00+00:00,7705.75,7706.25,7704.75,7705,1007
2026-09-17T16:11:00+00:00,7705,7705.25,7703.5,7703.5,1403
2026-09-17T16:12:00+00:00,7703.25,7704,7702.75,7703.75,1005
2026-09-17T16:13:00+00:00,7703.75,7703.75,7702.25,7702.75,932
2026-09-17T16:14:00+00:00,7702.75,7704,7702.25,7704,937
2026-09-17T16:15:00+00:00,7704,7704.5,7702.75,7704.25,908
2026-09-17T16:16:00+00:00,7704.25,7704.75,7703.5,7704,786
2026-09-17T16:17:00+00:00,7704.25,7704.75,7704,7704.5,655
2026-09-17T16:18:00+00:00,7704.5,7705,7704,7704.75,395
2026-09-17T16:19:00+00:00,7705,7705,7703,7703.75,1197
2026-09-17T16:20:00+00:00,7703.75,7704.5,7703.25,7703.5,732
2026-09-17T16:21:00+00:00,7703.5,7705,7703.5,7704.75,725
2026-09-17T16:22:00+00:00,7705,7706,7704.75,7705,897
2026-09-17T16:23:00+00:00,7705,7706.25,7704.5,7706,784
2026-09-17T16:24:00+00:00,7705.75,7707,7705.75,7705.75,925
2026-09-17T16:25:00+00:00,7706,7707,7705.75,7706,603
2026-09-17T16:26:00+00:00,7706.25,7707.25,7705.5,7707,1208
2026-09-17T16:27:00+00:00,7707,7707.5,7706.25,7707.25,935
2026-09-17T16:28:00+00:00,7707.25,7707.5,7706,7706,937
2026-09-17T16:29:00+00:00,7706,7706.75,7705,7706.25,1455
2026-09-17T16:30:00+00:00,7706.5,7707.75,7706,7707,1286
2026-09-17T16:31:00+00:00,7707.25,7707.25,7704.25,7704.5,1606
2026-09-17T16:32:00+00:00,7704.25,7705,7701.75,7702,2659
2026-09-17T16:33:00+00:00,7702,7702.5,7700.5,7700.75,2609
2026-09-17T16:34:00+00:00,7701,7702,7700.5,7702,1168
2026-09-17T16:35:00+00:00,7702,7702.75,7701.5,7702.25,1330
2026-09-17T16:36:00+00:00,7702,7703.25,7701,7703.25,1276
2026-09-17T16:37:00+00:00,7703.25,7704,7702,7703.75,993
2026-09-17T16:38:00+00:00,7704,7704,7702.5,7704,896
2026-09-17T16:39:00+00:00,7704,7704,7702.25,7703,776
2026-09-17T16:40:00+00:00,7703,7704.5,7702,7704.5,1291
2026-09-17T16:41:00+00:00,7704.5,7705,7704,7704.5,1073
2026-09-17T16:42:00+00:00,7704.5,7706,7704.25,7705.75,1080
2026-09-17T16:43:00+00:00,7706,7707,7705.25,7707,1291
2026-09-17T16:44:00+00:00,7707,7707.75,7706.25,7707.75,1165
2026-09-17T16:45:00+00:00,7707.75,7707.75,7706.25,7706.25,1289
2026-09-17T16:46:00+00:00,7706.5,7706.75,7705.75,7706.5,984
2026-09-17T16:47:00+00:00,7706.5,7708,7706.5,7707,1774
2026-09-17T16:48:00+00:00,7707,7707.5,7705.5,7705.75,994
2026-09-17T16:49:00+00:00,7705.75,7706.5,7705.25,7705.75,710
2026-09-17T16:50:00+00:00,7706,7706.25,7705.25,7705.5,570
2026-09-17T16:51:00+00:00,7705.25,7706.5,7705,7705.5,1065
2026-09-17T16:52:00+00:00,7705.5,7706.75,7705.5,7706.5,358
2026-09-17T16:53:00+00:00,7706.5,7706.75,7705.75,7706.5,721
2026-09-17T16:54:00+00:00,7706.25,7706.5,7704.75,7705,871
2026-09-17T16:55:00+00:00,7705,7705.5,7699.25,7700.25,14764
2026-09-17T16:56:00+00:00,7700,7701.5,7699.25,7700.75,4340
2026-09-17T16:57:00+00:00,7700.75,7700.75,7697,7700.5,4068
2026-09-17T16:58:00+00:00,7700.5,7703.25,7700.25,7702.75,2961
2026-09-17T16:59:00+00:00,7703,7706,7702.75,7706,2257
2026-09-17T17:00:00+00:00,7706,7708,7705,7707,2260
2026-09-17T17:01:00+00:00,7707.25,7709,7707,7708.75,2006
2026-09-17T17:02:00+00:00,7708.5,7708.75,7705.5,7705.75,1552
2026-09-17T17:03:00+00:00,7706,7706,7704.25,7705.25,1993
2026-09-17T17:04:00+00:00,7705.5,7707.75,7705.25,7707.5,1222
2026-09-17T17:05:00+00:00,7707.75,7708.25,7706.75,7707.75,879
2026-09-17T17:06:00+00:00,7707.5,7709.25,7707.25,7708.25,1321
2026-09-17T17:07:00+00:00,7708.25,7709,7707.75,7709,414
2026-09-17T17:08:00+00:00,7709,7709,7705.75,7706,973
2026-09-17T17:09:00+00:00,7706.25,7706.25,7704.5,7705,1349
2026-09-17T17:10:00+00:00,7705.25,7705.25,7703.5,7704.25,1291
2026-09-17T17:11:00+00:00,7704.25,7705,7703.75,7703.75,609
2026-09-17T17:12:00+00:00,7703.75,7704.5,7702.75,7703.25,764
2026-09-17T17:13:00+00:00,7703,7705.25,7703,7704.25,679
2026-09-17T17:14:00+00:00,7704.25,7705.75,7703.25,7703.5,649
2026-09-17T17:15:00+00:00,7703.75,7704.5,7703,7703.75,712
2026-09-17T17:16:00+00:00,7703.75,7704.25,7703,7704,469
2026-09-17T17:17:00+00:00,7704.25,7704.5,7703.25,7703.75,575
2026-09-17T17:18:00+00:00,7703.5,7703.5,7702.25,7702.5,929
2026-09-17T17:19:00+00:00,7702.75,7704,7702.5,7703,684
2026-09-17T17:20:00+00:00,7703,7703.75,7701.75,7702.25,1230
2026-09-17T17:21:00+00:00,7702,7702,7700.5,7700.75,1337
2026-09-17T17:22:00+00:00,7700.75,7702.75,7700.75,7701.75,1243
2026-09-17T17:23:00+00:00,7701.75,7703.25,7701.75,7702,1320
2026-09-17T17:24:00+00:00,7702,7703.25,7699.75,7700.25,1699
2026-09-17T17:25:00+00:00,7700.25,7701.75,7700,7701.5,763
2026-09-17T17:26:00+00:00,7701.5,7701.5,7699.25,7700.25,1040
2026-09-17T17:27:00+00:00,7700.5,7702.5,7700.25,7702,1277
2026-09-17T17:28:00+00:00,7702.25,7702.25,7701,7701.25,561
2026-09-17T17:29:00+00:00,7701.25,7702,7700.5,7701.75,626
2026-09-17T17:30:00+00:00,7702,7702.5,7700.25,7701,1201
2026-09-17T17:31:00+00:00,7700.75,7701.75,7700.25,7701.5,728
2026-09-17T17:32:00+00:00,7701.25,7703,7701,7703,1120
2026-09-17T17:33:00+00:00,7702.75,7703.5,7702.5,7703.25,604
2026-09-17T17:34:00+00:00,7703,7704.75,7703,7704.5,1138
2026-09-17T17:35:00+00:00,7704.75,7705.5,7704,7704.75,1055
2026-09-17T17:36:00+00:00,7704.75,7704.75,7702.75,7703.5,749
2026-09-17T17:37:00+00:00,7703.5,7705,7703,7703,749
2026-09-17T17:38:00+00:00,7703.25,7704.5,7703.25,7703.75,868
2026-09-17T17:39:00+00:00,7704,7704.5,7703,7703.5,1040
2026-09-17T17:40:00+00:00,7703.75,7705.5,7703.75,7704.5,1211
2026-09-17T17:41:00+00:00,7704.75,7706.5,7704.75,7705.75,1327
2026-09-17T17:42:00+00:00,7705.75,7705.75,7704.5,7705.25,965
2026-09-17T17:43:00+00:00,7705.25,7705.5,7704.75,7705,238
2026-09-17T17:44:00+00:00,7705,7706,7705,7706,599
2026-09-17T17:45:00+00:00,7705.5,7706.25,7705.25,7706.25,447
2026-09-17T17:46:00+00:00,7706.25,7707.5,7706,7707.25,989
2026-09-17T17:47:00+00:00,7707.25,7708,7706.25,7706.5,919
2026-09-17T17:48:00+00:00,7706.25,7706.5,7705.75,7706.5,912
2026-09-17T17:49:00+00:00,7706.5,7706.5,7705.75,7706,632
2026-09-17T17:50:00+00:00,7705.75,7706,7704.25,7704.25,1044
2026-09-17T17:51:00+00:00,7704.5,7705.75,7704.25,7705.5,864
2026-09-17T17:52:00+00:00,7705.5,7705.75,7704.5,7704.5,560
2026-09-17T17:53:00+00:00,7704.5,7705.25,7704.25,7705,871
2026-09-17T17:54:00+00:00,7705,7705.25,7704.75,7705,450
2026-09-17T17:55:00+00:00,7705.25,7706,7705.25,7705.75,582
2026-09-17T17:56:00+00:00,7706,7706.25,7705.25,7705.75,692
2026-09-17T17:57:00+00:00,7706,7707.75,7706,7706.75,1555
2026-09-17T17:58:00+00:00,7706.75,7708,7706.75,7707.25,644
2026-09-17T17:59:00+00:00,7707,7708,7706.5,7707.75,710
2026-09-17T18:00:00+00:00,7707.75,7708,7706.75,7707,939
2026-09-17T18:01:00+00:00,7707,7708,7706.75,7707.75,839
2026-09-17T18:02:00+00:00,7708,7708.5,7707.25,7707.5,851
2026-09-17T18:03:00+00:00,7707.5,7709.25,7707,7709.25,1007
2026-09-17T18:04:00+00:00,7709,7709.75,7708.5,7709,1518
2026-09-17T18:05:00+00:00,7709.25,7710,7708.75,7709.5,1217
2026-09-17T18:06:00+00:00,7709.25,7709.75,7707.25,7707.5,1355
2026-09-17T18:07:00+00:00,7707.5,7708,7706.5,7706.5,1014
2026-09-17T18:08:00+00:00,7706.75,7707,7705.75,7706.25,995
2026-09-17T18:09:00+00:00,7706.25,7706.75,7705.5,7706.75,1125
2026-09-17T18:10:00+00:00,7706.5,7707.5,7705.75,7707.25,1293
2026-09-17T18:11:00+00:00,7707.5,7708.25,7706.5,7706.75,1263
2026-09-17T18:12:00+00:00,7706.5,7708.25,7706.5,7707.75,511
2026-09-17T18:13:00+00:00,7708,7708.5,7707.5,7708.25,820
2026-09-17T18:14:00+00:00,7708.25,7709.5,7708,7708.75,1052
2026-09-17T18:15:00+00:00,7709,7710.75,7708.75,7710.75,1770
2026-09-17T18:16:00+00:00,7710.75,7711.25,7709.5,7709.5,1918
2026-09-17T18:17:00+00:00,7709.5,7710,7708.75,7708.75,975
2026-09-17T18:18:00+00:00,7709,7709.25,7707.75,7708.75,1139
2026-09-17T18:19:00+00:00,7708.75,7710.25,7708.5,7710.25,840
2026-09-17T18:20:00+00:00,7710.25,7710.75,7710,7710.5,844
2026-09-17T18:21:00+00:00,7710.5,7710.5,7708.75,7709,961
2026-09-17T18:22:00+00:00,7708.75,7709.25,7708.25,7708.5,1129
2026-09-17T18:23:00+00:00,7708.5,7708.75,7708,7708.75,624
2026-09-17T18:24:00+00:00,7708.75,7709,7706.75,7707,1237
2026-09-17T18:25:00+00:00,7707.25,7708.5,7706.5,7707.75,1515
2026-09-17T18:26:00+00:00,7707.75,7708.75,7707.75,7708.75,737
2026-09-17T18:27:00+00:00,7708.75,7709.5,7708.25,7709,1410
2026-09-17T18:28:00+00:00,7709.25,7709.25,7708.25,7709.25,611
2026-09-17T18:29:00+00:00,7709.5,7709.75,7708.5,7708.5,948
2026-09-17T18:30:00+00:00,7708.75,7710.25,7708.75,7709.25,1644
2026-09-17T18:31:00+00:00,7709.25,7709.75,7707.75,7707.75,833
2026-09-17T18:32:00+00:00,7708,7709.25,7707.75,7708,672
2026-09-17T18:33:00+00:00,7708,7708.75,7707.75,7707.75,884
2026-09-17T18:34:00+00:00,7707.75,7708,7706.25,7706.25,920
2026-09-17T18:35:00+00:00,7706.5,7707,7705.75,7705.75,890
2026-09-17T18:36:00+00:00,7706,7706.25,7703.75,7704,2827
2026-09-17T18:37:00+00:00,7704.25,7705,7703.75,7704.75,970
2026-09-17T18:38:00+00:00,7704.75,7704.75,7703.5,7703.75,970
2026-09-17T18:39:00+00:00,7703.5,7704.25,7703,7703.75,1041
2026-09-17T18:40:00+00:00,7703.5,7704.5,7702.75,7704.5,1285
2026-09-17T18:41:00+00:00,7704.5,7705.25,7704.25,7704.75,1260
2026-09-17T18:42:00+00:00,7704.5,7704.75,7703.25,7704,978
2026-09-17T18:43:00+00:00,7704.25,7704.75,7704,7704.5,692
2026-09-17T18:44:00+00:00,7704.25,7705.5,7704.25,7704.75,1372
2026-09-17T18:45:00+00:00,7704.75,7706.25,7704.25,7705.25,1599
2026-09-17T18:46:00+00:00,7705.25,7706,7705,7705.5,795
2026-09-17T18:47:00+00:00,7705.75,7706,7705,7705.75,657
2026-09-17T18:48:00+00:00,7705.75,7707.25,7705.5,7707,898
2026-09-17T18:49:00+00:00,7707.25,7708,7706,7706.25,736
2026-09-17T18:50:00+00:00,7706,7706.5,7705.25,7706,702
2026-09-17T18:51:00+00:00,7706,7706.5,7705.25,7705.5,678
2026-09-17T18:52:00+00:00,7705.75,7706,7703.5,7703.5,1339
2026-09-17T18:53:00+00:00,7703.75,7704.25,7703,7703.75,1045
2026-09-17T18:54:00+00:00,7703.75,7704.5,7703.5,7704.25,575
2026-09-17T18:55:00+00:00,7704.25,7705,7704,7704,984
2026-09-17T18:56:00+00:00,7704,7704.5,7703.75,7704.25,392
2026-09-17T18:57:00+00:00,7704,7705.75,7704,7705.5,1302
2026-09-17T18:58:00+00:00,7705.5,7705.75,7704.75,7705.25,1115
2026-09-17T18:59:00+00:00,7705.25,7706.25,7705,7705.75,673
2026-09-17T19:00:00+00:00,7705.75,7708.25,7705.5,7708.25,2595
2026-09-17T19:01:00+00:00,7708,7708.75,7707.5,7708.75,1265
2026-09-17T19:02:00+00:00,7708.75,7709.25,7708,7709,987
2026-09-17T19:03:00+00:00,7709.25,7709.5,7708.5,7709.25,1147
2026-09-17T19:04:00+00:00,7709.25,7710,7709,7710,1372
2026-09-17T19:05:00+00:00,7709.75,7711.5,7709.75,7711.25,2458
2026-09-17T19:06:00+00:00,7711,7711.75,7710.75,7711.5,1468
2026-09-17T19:07:00+00:00,7711.75,7711.75,7709.5,7710.5,1634
2026-09-17T19:08:00+00:00,7710.5,7710.75,7709.75,7710,668
2026-09-17T19:09:00+00:00,7710,7710,7708.5,7709,1536
2026-09-17T19:10:00+00:00,7709.25,7709.75,7708.75,7709.5,825
2026-09-17T19:11:00+00:00,7709.5,7709.5,7708.5,7708.75,767
2026-09-17T19:12:00+00:00,7708.75,7709.75,7708.25,7709.75,700
2026-09-17T19:13:00+00:00,7709.5,7710,7708.75,7710,756
2026-09-17T19:14:00+00:00,7709.75,7710.5,7708.5,7708.75,765
2026-09-17T19:15:00+00:00,7708.75,7709.5,7708.75,7709.5,555
2026-09-17T19:16:00+00:00,7709.25,7709.75,7708,7708.5,1204
2026-09-17T19:17:00+00:00,7708.25,7709,7708.25,7708.5,365
2026-09-17T19:18:00+00:00,7708.75,7710.5,7708.5,7710.25,602
2026-09-17T19:19:00+00:00,7710.25,7710.25,7709.5,7710,516
2026-09-17T19:20:00+00:00,7710.25,7710.25,7709.5,7709.5,788
2026-09-17T19:21:00+00:00,7709.75,7710,7708.25,7708.5,846
2026-09-17T19:22:00+00:00,7708.75,7708.75,7708,7708.25,658
2026-09-17T19:23:00+00:00,7708.25,7708.75,7707.75,7708,990
2026-09-17T19:24:00+00:00,7708,7708.25,7707,7707.25,797
2026-09-17T19:25:00+00:00,7707.25,7708.75,7707.25,7708.75,1083
2026-09-17T19:26:00+00:00,7708.75,7708.75,7706.75,7706.75,818
2026-09-17T19:27:00+00:00,7706.75,7707.25,7706.25,7706.75,1024
2026-09-17T19:28:00+00:00,7707,7707.5,7706.5,7707.25,576
2026-09-17T19:29:00+00:00,7707.5,7707.5,7706.25,7706.75,975
2026-09-17T19:30:00+00:00,7706.75,7709.25,7706.75,7709.25,1499
2026-09-17T19:31:00+00:00,7709.25,7710.25,7709,7709.75,1481
2026-09-17T19:32:00+00:00,7710,7710,7708.75,7709,629
2026-09-17T19:33:00+00:00,7709,7709.25,7708.25,7709,662
2026-09-17T19:34:00+00:00,7709,7709.25,7708.5,7709.25,490
2026-09-17T19:35:00+00:00,7709.25,7710.25,7709,7710,701
2026-09-17T19:36:00+00:00,7710,7711,7710,7710.25,1017
2026-09-17T19:37:00+00:00,7710.25,7711.25,7710,7711,971
2026-09-17T19:38:00+00:00,7711,7711.5,7710.5,7711,1212
2026-09-17T19:39:00+00:00,7711,7711,7710,7710.5,616
2026-09-17T19:40:00+00:00,7710.25,7710.75,7709.25,7709.5,1494
2026-09-17T19:41:00+00:00,7709.25,7710,7709,7709,948
2026-09-17T19:42:00+00:00,7709,7709.25,7708,7708.75,1415
2026-09-17T19:43:00+00:00,7708.75,7711,7708.75,7710.5,987
2026-09-17T19:44:00+00:00,7710.5,7712.25,7710.5,7711.75,1796
2026-09-17T19:45:00+00:00,7711.5,7711.5,7709.5,7710.25,2043
2026-09-17T19:46:00+00:00,7710.5,7711,7708.25,7708.5,1118
2026-09-17T19:47:00+00:00,7708.5,7709.5,7708,7709.25,860
2026-09-17T19:48:00+00:00,7709.25,7709.5,7709,7709,773
2026-09-17T19:49:00+00:00,7709,7710,7707.75,7708.5,1445
2026-09-17T19:50:00+00:00,7708.25,7711.75,7707.75,7711.25,4798
2026-09-17T19:51:00+00:00,7711.25,7713.75,7711,7713.5,2683
2026-09-17T19:52:00+00:00,7713.5,7713.75,7711.5,7712.75,1730
2026-09-17T19:53:00+00:00,7712.5,7715.5,7712.25,7714.25,2750
2026-09-17T19:54:00+00:00,7714.5,7715.5,7710.5,7711,4785
2026-09-17T19:55:00+00:00,7711.25,7712.75,7710,7710.75,3334
2026-09-17T19:56:00+00:00,7710.75,7712,7710.5,7712,793
2026-09-17T19:57:00+00:00,7712.25,7712.75,7710.5,7710.75,1544
2026-09-17T19:58:00+00:00,7710.5,7711.25,7709,7709.5,3046
2026-09-17T19:59:00+00:00,7709.5,7709.75,7705,7707.25,18170
2026-09-17T20:00:00+00:00,7707.25,7708.25,7704.75,7705.25,3551
2026-09-17T20:01:00+00:00,7705.25,7706.5,7705,7706,890
2026-09-17T20:02:00+00:00,7706,7706.5,7705.25,7706,627
2026-09-17T20:03:00+00:00,7706.25,7706.5,7705,7705.5,649
2026-09-17T20:04:00+00:00,7705.5,7706,7705,7705.25,727
2026-09-17T20:05:00+00:00,7705,7707.75,7705,7707.75,1016
2026-09-17T20:06:00+00:00,7707.5,7707.75,7706.5,7707.25,313
2026-09-17T20:07:00+00:00,7707.5,7708.25,7707.5,7708.25,412
2026-09-17T20:08:00+00:00,7708,7708.5,7707.75,7707.75,223
2026-09-17T20:09:00+00:00,7707.75,7708.25,7707.5,7708,273
2026-09-17T20:10:00+00:00,7708,7708,7706.75,7707.25,299
2026-09-17T20:11:00+00:00,7707.5,7707.5,7707,7707.25,152
2026-09-17T20:12:00+00:00,7707.25,7707.5,7705.75,7705.75,280
2026-09-17T20:13:00+00:00,7705.5,7706,7704.75,7705,469
2026-09-17T20:14:00+00:00,7704.75,7705.25,7703.75,7704.5,986
2026-09-17T20:15:00+00:00,7704.25,7705,7703.75,7704.75,479
2026-09-17T20:16:00+00:00,7704.5,7704.5,7702,7702.5,1051
2026-09-17T20:17:00+00:00,7702.5,7703.25,7702,7703,293
2026-09-17T20:18:00+00:00,7703.25,7703.5,7702.75,7703.25,209
2026-09-17T20:19:00+00:00,7703.25,7703.5,7702.25,7702.25,137
2026-09-17T20:20:00+00:00,7702,7702.75,7702,7702.5,190
2026-09-17T20:21:00+00:00,7702.25,7703,7702,7702.25,287
2026-09-17T20:22:00+00:00,7702.5,7703,7702.25,7702.5,248
2026-09-17T20:23:00+00:00,7702.75,7702.75,7702.25,7702.25,109
2026-09-17T20:24:00+00:00,7702.25,7702.75,7702,7702.5,222
2026-09-17T20:25:00+00:00,7702.5,7702.75,7702,7702.5,210
2026-09-17T20:26:00+00:00,7702.75,7703,7702.5,7702.5,143
2026-09-17T20:27:00+00:00,7702.75,7702.75,7702.25,7702.25,62
2026-09-17T20:28:00+00:00,7702.5,7702.5,7701.75,7702.25,216
2026-09-17T20:29:00+00:00,7702.25,7702.25,7701.75,7702,176
2026-09-17T20:30:00+00:00,7702,7702.25,7701.5,7701.75,228
2026-09-17T20:31:00+00:00,7701.75,7702,7701.5,7701.75,213
2026-09-17T20:32:00+00:00,7702,7702,7701.5,7701.75,103
2026-09-17T20:33:00+00:00,7701.5,7702.25,7701.5,7702,101
2026-09-17T20:34:00+00:00,7702.25,7702.5,7701.75,7702,261
2026-09-17T20:35:00+00:00,7702,7703,7701.75,7702.5,344
2026-09-17T20:36:00+00:00,7702.5,7703,7702.25,7702.5,97
2026-09-17T20:37:00+00:00,7702.5,7702.75,7702.25,7702.75,120
2026-09-17T20:38:00+00:00,7702.75,7703,7702.5,7702.75,235
2026-09-17T20:39:00+00:00,7702.75,7703,7702.5,7702.75,117
2026-09-17T20:40:00+00:00,7702.5,7702.75,7702.5,7702.5,85
2026-09-17T20:41:00+00:00,7702.75,7703,7702.75,7702.75,95
2026-09-17T20:42:00+00:00,7702.75,7703,7702,7702,84
2026-09-17T20:43:00+00:00,7702,7702,7701.5,7701.5,254
2026-09-17T20:44:00+00:00,7701.75,7702,7701.25,7701.5,320
2026-09-17T20:45:00+00:00,7701.75,7701.75,7701,7701.5,295
2026-09-17T20:46:00+00:00,7701.25,7701.75,7701.25,7701.5,117
2026-09-17T20:47:00+00:00,7701.75,7701.75,7701.5,7701.5,109
2026-09-17T20:48:00+00:00,7701.25,7702,7701.25,7701.75,62
2026-09-17T20:49:00+00:00,7702,7702,7701.25,7701.5,163
2026-09-17T20:50:00+00:00,7701.25,7701.5,7700.75,7701.25,443
2026-09-17T20:51:00+00:00,7701,7702.5,7701,7702.25,237
2026-09-17T20:52:00+00:00,7702.25,7702.5,7702,7702.5,81
2026-09-17T20:53:00+00:00,7702.25,7702.75,7702,7702.75,102
2026-09-17T20:54:00+00:00,7702.5,7703,7702.25,7702.75,126
2026-09-17T20:55:00+00:00,7702.5,7703,7702.5,7703,172
2026-09-17T20:56:00+00:00,7703,7703.25,7702.75,7703,107
2026-09-17T20:57:00+00:00,7702.75,7703.75,7702.75,7703,215
2026-09-17T20:58:00+00:00,7702.75,7703.25,7702.75,7702.75,63
2026-09-17T20:59:00+00:00,7703,7703,7701.75,7702.25,222
2026-09-17T22:00:00+00:00,7704.75,7704.75,7702.25,7703,0
2026-09-17T22:01:00+00:00,7703.5,7703.75,7702.25,7703.5,221
2026-09-17T22:02:00+00:00,7703,7703.25,7701.25,7701.25,243
2026-09-17T22:03:00+00:00,7701.25,7701.5,7701,7701.5,111
2026-09-17T22:04:00+00:00,7701.5,7702,7701,7701,78
2026-09-17T22:05:00+00:00,7701.5,7702,7700.75,7701.5,185
2026-09-17T22:06:00+00:00,7701.5,7701.75,7700.75,7700.75,89
2026-09-17T22:07:00+00:00,7701.25,7701.25,7700,7700.5,175
2026-09-17T22:08:00+00:00,7700,7700.5,7699.75,7699.75,250
2026-09-17T22:09:00+00:00,7699.75,7700.25,7699.5,7700.25,112
2026-09-17T22:10:00+00:00,7700.25,7700.75,7700,7700,163
2026-09-17T22:11:00+00:00,7700.25,7701,7700,7701,108
2026-09-17T22:12:00+00:00,7701,7701.25,7700.5,7700.5,84
2026-09-17T22:13:00+00:00,7700.5,7700.75,7700.25,7700.75,24
2026-09-17T22:14:00+00:00,7701,7701.5,7700.75,7701.5,127
2026-09-17T22:15:00+00:00,7701.25,7701.5,7700.75,7700.75,52
2026-09-17T22:16:00+00:00,7700.75,7701.25,7700.5,7700.75,59
2026-09-17T22:17:00+00:00,7700.5,7700.75,7699.75,7699.75,130
2026-09-17T22:18:00+00:00,7700,7700.75,7700,7700.25,60
2026-09-17T22:19:00+00:00,7700.5,7700.5,7700.25,7700.5,31
2026-09-17T22:20:00+00:00,7700.5,7700.75,7699.5,7699.75,83
2026-09-17T22:21:00+00:00,7699.75,7700,7699.5,7700,120
2026-09-17T22:22:00+00:00,7699.75,7699.75,7699.25,7699.5,61
2026-09-17T22:23:00+00:00,7699.5,7699.5,7698.75,7699.25,130
2026-09-17T22:24:00+00:00,7699,7699.5,7698.75,7699.25,82
2026-09-17T22:25:00+00:00,7699.5,7700,7699,7699,128
2026-09-17T22:26:00+00:00,7699.25,7699.5,7698.5,7698.75,154
2026-09-17T22:27:00+00:00,7698.75,7699,7698.5,7698.75,85
2026-09-17T22:28:00+00:00,7699,7699,7698,7698,114
2026-09-17T22:29:00+00:00,7698,7698.25,7697.75,7698,126
2026-09-17T22:30:00+00:00,7698,7698,7697.5,7697.5,103
2026-09-17T22:31:00+00:00,7697.5,7698.5,7697.5,7698.25,108
2026-09-17T22:32:00+00:00,7698.5,7698.5,7698,7698,99
2026-09-17T22:33:00+00:00,7697.75,7698,7697.5,7697.75,113
2026-09-17T22:34:00+00:00,7697.75,7698,7697.25,7698,81
2026-09-17T22:35:00+00:00,7697.75,7698,7697.75,7698,55
2026-09-17T22:36:00+00:00,7698,7699,7698,7698.5,207
2026-09-17T22:37:00+00:00,7698.5,7699,7698,7699,250
2026-09-17T22:38:00+00:00,7699,7699,7698,7698,94
2026-09-17T22:39:00+00:00,7698,7698.75,7698,7698,99
2026-09-17T22:40:00+00:00,7698.25,7698.5,7697.25,7697.25,103
2026-09-17T22:41:00+00:00,7697.25,7697.75,7697.25,7697.5,83
2026-09-17T22:42:00+00:00,7697.5,7697.5,7696.75,7697.25,171
2026-09-17T22:43:00+00:00,7697.5,7697.5,7697,7697.25,73
2026-09-17T22:44:00+00:00,7697.5,7698,7697.25,7698,97
2026-09-17T22:45:00+00:00,7698,7698.25,7697.75,7698.25,80
2026-09-17T22:46:00+00:00,7698.25,7698.25,7697.5,7698.25,142
2026-09-17T22:47:00+00:00,7698,7698.25,7698,7698,30
2026-09-17T22:48:00+00:00,7698,7698.25,7697.75,7698,40
2026-09-17T22:49:00+00:00,7698,7698.25,7697.75,7698.25,44
2026-09-17T22:50:00+00:00,7698,7698.25,7697.75,7697.75,72
2026-09-17T22:51:00+00:00,7697.75,7697.75,7697.25,7697.75,72
2026-09-17T22:52:00+00:00,7697.75,7698,7697.75,7698,76
2026-09-17T22:53:00+00:00,7697.75,7698,7697.25,7697.5,42
2026-09-17T22:54:00+00:00,7697.5,7697.75,7697,7697.25,45
2026-09-17T22:55:00+00:00,7697,7698,7697,7697.75,143
2026-09-17T22:56:00+00:00,7698,7698.25,7697.75,7698.25,49
2026-09-17T22:57:00+00:00,7698,7698.25,7698,7698.25,90
2026-09-17T22:58:00+00:00,7698.5,7699,7698.25,7699,101
2026-09-17T22:59:00+00:00,7699,7699.25,7699,7699.25,92
2026-09-17T23:00:00+00:00,7699,7699.75,7699,7699.75,221
2026-09-17T23:01:00+00:00,7700,7700.25,7699.75,7700,292
2026-09-17T23:02:00+00:00,7700,7700.25,7699.75,7700,46
2026-09-17T23:03:00+00:00,7700,7700.5,7699.75,7700.5,123
2026-09-17T23:04:00+00:00,7700.5,7700.75,7700.25,7700.75,124
2026-09-17T23:05:00+00:00,7700.5,7701.75,7700.25,7701.5,241
2026-09-17T23:06:00+00:00,7701.5,7701.5,7701.25,7701.5,114
2026-09-17T23:07:00+00:00,7701.5,7701.5,7701.25,7701.25,54
2026-09-17T23:08:00+00:00,7701.25,7702,7701.25,7701.75,135
2026-09-17T23:09:00+00:00,7701.5,7701.75,7701.5,7701.75,39
2026-09-17T23:10:00+00:00,7701.75,7702.25,7701.5,7702,97
2026-09-17T23:11:00+00:00,7702,7702,7700.75,7700.75,162
2026-09-17T23:12:00+00:00,7701,7701,7700.25,7701,182
2026-09-17T23:13:00+00:00,7701,7701,7699.5,7700,192
2026-09-17T23:14:00+00:00,7699.75,7700.25,7699.75,7700,134
2026-09-17T23:15:00+00:00,7699.75,7700.5,7699.75,7700,82
2026-09-17T23:16:00+00:00,7700,7700.25,7699.25,7699.5,98
2026-09-17T23:17:00+00:00,7699.75,7700.25,7699.5,7700.25,102
2026-09-17T23:18:00+00:00,7700,7700.25,7699.75,7700.25,83
2026-09-17T23:19:00+00:00,7700.25,7700.5,7700,7700,30
2026-09-17T23:20:00+00:00,7700.25,7700.5,7700,7700.5,48
2026-09-17T23:21:00+00:00,7700.5,7700.75,7700,7700.25,71
2026-09-17T23:22:00+00:00,7700,7700.75,7700,7700.75,79
2026-09-17T23:23:00+00:00,7701,7701.5,7700.75,7700.75,135
2026-09-17T23:24:00+00:00,7701,7701.25,7700.75,7700.75,57
2026-09-17T23:25:00+00:00,7700.5,7700.75,7700.25,7700.25,35
2026-09-17T23:26:00+00:00,7700.25,7700.5,7699.5,7699.75,73
2026-09-17T23:27:00+00:00,7699.5,7700.5,7699.5,7700.5,80
2026-09-17T23:28:00+00:00,7700.25,7700.25,7700,7700,21
2026-09-17T23:29:00+00:00,7700,7700.25,7699.75,7699.75,17
2026-09-17T23:30:00+00:00,7700,7700.5,7699.25,7700.25,154
2026-09-17T23:31:00+00:00,7700.75,7700.75,7699.75,7700,57
2026-09-17T23:32:00+00:00,7700,7700.5,7700,7700.5,21
2026-09-17T23:33:00+00:00,7700,7701.25,7700,7701,78
2026-09-17T23:34:00+00:00,7701,7701,7700.75,7701,65
2026-09-17T23:35:00+00:00,7701,7701,7700.5,7700.75,24
2026-09-17T23:36:00+00:00,7700.5,7700.75,7700.5,7700.5,7
2026-09-17T23:37:00+00:00,7700.75,7701.5,7700.75,7701.25,32
2026-09-17T23:38:00+00:00,7701.25,7701.25,7700.5,7701,64
2026-09-17T23:39:00+00:00,7701,7701.25,7701,7701,20
2026-09-17T23:40:00+00:00,7701.25,7701.5,7701.25,7701.25,56
2026-09-17T23:41:00+00:00,7701.25,7702,7701.25,7701.75,94
2026-09-17T23:42:00+00:00,7701.75,7702.25,7701.75,7702,83
2026-09-17T23:43:00+00:00,7702,7702,7700.75,7701.25,75
2026-09-17T23:44:00+00:00,7701,7701.5,7701,7701.25,70
2026-09-17T23:45:00+00:00,7701.5,7702,7700.5,7701.5,108
2026-09-17T23:46:00+00:00,7701,7702,7701,7701.75,67
2026-09-17T23:47:00+00:00,7701.75,7702.25,7701.25,7701.25,84
2026-09-17T23:48:00+00:00,7701.5,7701.5,7701,7701.25,32
2026-09-17T23:49:00+00:00,7701.25,7701.75,7700.75,7701.75,68
2026-09-17T23:50:00+00:00,7701,7701.25,7700.5,7700.75,78
2026-09-17T23:51:00+00:00,7701,7701.5,7700.75,7701,199
2026-09-17T23:52:00+00:00,7701,7701.5,7701,7701.25,98
2026-09-17T23:53:00+00:00,7701,7701.5,7701,7701.5,56
2026-09-17T23:54:00+00:00,7701.75,7702,7701.25,7701.5,48
2026-09-17T23:55:00+00:00,7701.25,7701.75,7701,7701.25,31
2026-09-17T23:56:00+00:00,7701.5,7701.75,7701.5,7701.5,30
2026-09-17T23:57:00+00:00,7701.5,7701.5,7701,7701.5,42
2026-09-17T23:58:00+00:00,7701.5,7701.5,7701,7701,53
2026-09-17T23:59:00+00:00,7701.25,7701.25,7700.75,7700.75,48
2026-09-18T00:00:00+00:00,7700.75,7701.25,7698.5,7698.75,680
2026-09-18T00:01:00+00:00,7699,7701.5,7698.75,7701.25,472
2026-09-18T00:02:00+00:00,7701.25,7702,7700,7700.5,178
2026-09-18T00:03:00+00:00,7700.5,7701,7699.25,7700,210
2026-09-18T00:04:00+00:00,7700.25,7700.75,7699.75,7700.25,178
2026-09-18T00:05:00+00:00,7699.75,7700.75,7699.25,7700,208
2026-09-18T00:06:00+00:00,7700.25,7701,7700.25,7701,118
2026-09-18T00:07:00+00:00,7700.75,7700.75,7698.25,7698.75,311
2026-09-18T00:08:00+00:00,7698.75,7699.75,7698.75,7699.25,160
2026-09-18T00:09:00+00:00,7699.75,7700.25,7699.5,7700,109
2026-09-18T00:10:00+00:00,7700.25,7700.25,7699,7699.25,86
2026-09-18T00:11:00+00:00,7699.25,7699.5,7698.5,7699.25,96
2026-09-18T00:12:00+00:00,7699,7699.25,7697.75,7698.25,183
2026-09-18T00:13:00+00:00,7698.25,7699.75,7698.25,7699.5,110
2026-09-18T00:14:00+00:00,7699.5,7701.25,7699.5,7701,182
2026-09-18T00:15:00+00:00,7701.25,7701.75,7700.5,7700.75,222
2026-09-18T00:16:00+00:00,7700.75,7700.75,7699.75,7700.25,144
2026-09-18T00:17:00+00:00,7700.25,7701.25,7700,7700.5,144
2026-09-18T00:18:00+00:00,7700.5,7702,7700.5,7702,166
2026-09-18T00:19:00+00:00,7701.75,7702,7701.25,7701.5,88
2026-09-18T00:20:00+00:00,7701.5,7701.5,7701,7701.25,49
2026-09-18T00:21:00+00:00,7701.25,7701.25,7700.5,7700.75,168
2026-09-18T00:22:00+00:00,7700.75,7701.5,7700.5,7701.25,139
2026-09-18T00:23:00+00:00,7701.25,7702,7701,7701.75,108
2026-09-18T00:24:00+00:00,7701.75,7702.25,7701,7702.25,163
2026-09-18T00:25:00+00:00,7702,7702.5,7701.75,7702.5,168
2026-09-18T00:26:00+00:00,7702.5,7702.75,7701.75,7702.5,176
2026-09-18T00:27:00+00:00,7702.75,7702.75,7701.5,7701.75,123
2026-09-18T00:28:00+00:00,7701.5,7701.75,7700.25,7700.5,291
2026-09-18T00:29:00+00:00,7700.5,7701,7700,7701,75
2026-09-18T00:30:00+00:00,7701,7702.25,7701,7702,207
2026-09-18T00:31:00+00:00,7702,7702,7701.25,7702,74
2026-09-18T00:32:00+00:00,7701.5,7702.5,7701.5,7702.25,64
2026-09-18T00:33:00+00:00,7702,7702.25,7701.5,7701.75,60
2026-09-18T00:34:00+00:00,7702,7702.75,7701.75,7702.75,187
2026-09-18T00:35:00+00:00,7702.75,7702.75,7702,7702.25,71
2026-09-18T00:36:00+00:00,7702.25,7702.25,7701.25,7701.75,58
2026-09-18T00:37:00+00:00,7702,7702.25,7701.75,7701.75,22
2026-09-18T00:38:00+00:00,7702,7702,7700.5,7700.5,282
2026-09-18T00:39:00+00:00,7700.75,7701,7699.75,7699.75,147
2026-09-18T00:40:00+00:00,7699.75,7699.75,7698.75,7699.25,294
2026-09-18T00:41:00+00:00,7699.25,7699.75,7699,7699.5,205
2026-09-18T00:42:00+00:00,7699.5,7699.5,7698.75,7699,175
2026-09-18T00:43:00+00:00,7699.25,7700.25,7699,7700.25,141
2026-09-18T00:44:00+00:00,7700.5,7702,7700.5,7701.25,240
2026-09-18T00:45:00+00:00,7701,7701.5,7699.75,7700,211
2026-09-18T00:46:00+00:00,7700.25,7700.75,7699.75,7700.25,84
2026-09-18T00:47:00+00:00,7700.25,7701,7699.25,7699.5,113
2026-09-18T00:48:00+00:00,7699.5,7699.75,7698.75,7698.75,53
2026-09-18T00:49:00+00:00,7699.25,7699.5,7698.75,7699,77
2026-09-18T00:50:00+00:00,7699,7699.75,7698.5,7699.5,189
2026-09-18T00:51:00+00:00,7699.25,7699.5,7698.75,7699,75
2026-09-18T00:52:00+00:00,7699,7699.5,7698.75,7699.5,119
2026-09-18T00:53:00+00:00,7699.5,7699.75,7699.25,7699.25,48
2026-09-18T00:54:00+00:00,7699.25,7699.5,7699.25,7699.5,44
2026-09-18T00:55:00+00:00,7699.25,7699.75,7698.75,7699.25,38
2026-09-18T00:56:00+00:00,7699.25,7699.25,7699,7699.25,56
2026-09-18T00:57:00+00:00,7699.25,7699.5,7699.25,7699.25,30
2026-09-18T00:58:00+00:00,7699.5,7699.5,7699,7699.5,63
2026-09-18T00:59:00+00:00,7699.75,7699.75,7699.25,7699.5,66
2026-09-18T01:00:00+00:00,7699.5,7701.25,7699.25,7699.25,330
2026-09-18T01:01:00+00:00,7699.5,7700,7698.25,7698.75,364
2026-09-18T01:02:00+00:00,7698.75,7699.25,7698.75,7699,92
2026-09-18T01:03:00+00:00,7698.5,7699,7698.25,7699,83
2026-09-18T01:04:00+00:00,7698.75,7698.75,7698,7698.25,100
2026-09-18T01:05:00+00:00,7698.5,7699.5,7698.5,7698.75,95
2026-09-18T01:06:00+00:00,7698.75,7699.5,7698.25,7699.25,98
2026-09-18T01:07:00+00:00,7699,7699.75,7699,7699.75,40
2026-09-18T01:08:00+00:00,7699.5,7699.75,7698.25,7698.75,92
2026-09-18T01:09:00+00:00,7698.75,7699,7698.25,7698.25,53
2026-09-18T01:10:00+00:00,7698.25,7698.5,7698,7698.5,128
2026-09-18T01:11:00+00:00,7698.5,7699.25,7698.25,7698.75,45
2026-09-18T01:12:00+00:00,7699,7699,7698,7698.5,54
2026-09-18T01:13:00+00:00,7698.75,7698.75,7697.25,7697.75,179
2026-09-18T01:14:00+00:00,7697.75,7698.5,7697.75,7698,57
2026-09-18T01:15:00+00:00,7697.75,7697.75,7697.25,7697.75,138
2026-09-18T01:16:00+00:00,7697.5,7697.75,7696.25,7696.75,582
2026-09-18T01:17:00+00:00,7697,7697.5,7696.75,7697.5,109
2026-09-18T01:18:00+00:00,7697.5,7697.5,7696.75,7697,76
2026-09-18T01:19:00+00:00,7697,7697.75,7696.5,7697.25,214
2026-09-18T01:20:00+00:00,7697.75,7698,7696.75,7697.75,194
2026-09-18T01:21:00+00:00,7697.75,7698.5,7697.25,7698,172
2026-09-18T01:22:00+00:00,7698,7698,7697.25,7697.25,83
2026-09-18T01:23:00+00:00,7697.25,7697.5,7696.75,7697,44
2026-09-18T01:24:00+00:00,7697,7697.5,7696.75,7697.5,77
2026-09-18T01:25:00+00:00,7697.5,7697.5,7697,7697,54
2026-09-18T01:26:00+00:00,7697,7697.25,7696.75,7697,48
2026-09-18T01:27:00+00:00,7697,7697.25,7696.5,7697,46
2026-09-18T01:28:00+00:00,7697.25,7697.5,7696.75,7697.25,46
2026-09-18T01:29:00+00:00,7697.5,7697.75,7697,7697.5,63
2026-09-18T01:30:00+00:00,7697.5,7698,7697.25,7697.5,122
2026-09-18T01:31:00+00:00,7697.5,7697.5,7696.75,7696.75,139
2026-09-18T01:32:00+00:00,7696.5,7697,7696.25,7696.75,248
2026-09-18T01:33:00+00:00,7696.75,7697,7696.25,7696.5,62
2026-09-18T01:34:00+00:00,7696.5,7697.5,7696.5,7697,53
2026-09-18T01:35:00+00:00,7697,7697.5,7696.5,7697.25,47
2026-09-18T01:36:00+00:00,7697.25,7698,7697.25,7697.75,103
2026-09-18T01:37:00+00:00,7697.75,7698,7697.5,7697.75,116
2026-09-18T01:38:00+00:00,7697.5,7697.75,7697.5,7697.75,85
2026-09-18T01:39:00+00:00,7697.75,7698.25,7697.5,7697.5,206
2026-09-18T01:40:00+00:00,7697.5,7698.5,7697.5,7698.5,89
2026-09-18T01:41:00+00:00,7698.25,7699.25,7698,7699.25,168
2026-09-18T01:42:00+00:00,7699,7699.75,7699,7699,189
2026-09-18T01:43:00+00:00,7699,7699.5,7698.75,7699,137
2026-09-18T01:44:00+00:00,7699,7699.25,7697.5,7698,168
2026-09-18T01:45:00+00:00,7697.75,7699,7697.75,7698.75,116
2026-09-18T01:46:00+00:00,7698.75,7699,7698.5,7699,68
2026-09-18T01:47:00+00:00,7699,7699.75,7699,7699.5,113
2026-09-18T01:48:00+00:00,7699.5,7700.5,7699.25,7700.5,203
2026-09-18T01:49:00+00:00,7700.5,7700.5,7700.25,7700.25,128
2026-09-18T01:50:00+00:00,7700.25,7700.25,7698.5,7698.5,164
2026-09-18T01:51:00+00:00,7698.5,7699.5,7698.5,7699.5,102
2026-09-18T01:52:00+00:00,7699.25,7700.25,7699.25,7700,67
2026-09-18T01:53:00+00:00,7700,7700.25,7699.75,7700.25,105
2026-09-18T01:54:00+00:00,7700,7700.25,7699.75,7700,50
2026-09-18T01:55:00+00:00,7700,7700,7699,7699.5,104
2026-09-18T01:56:00+00:00,7699.75,7700.5,7699.5,7700,60
2026-09-18T01:57:00+00:00,7700.25,7701,7700,7700.75,82
2026-09-18T01:58:00+00:00,7700.75,7701,7700.75,7701,34
2026-09-18T01:59:00+00:00,7701,7701.25,7700.5,7701,72
2026-09-18T02:00:00+00:00,7701,7701.5,7701,7701,158
2026-09-18T02:01:00+00:00,7701,7702,7700.75,7702,139
2026-09-18T02:02:00+00:00,7701.75,7701.75,7701.25,7701.5,101
2026-09-18T02:03:00+00:00,7701.5,7701.75,7700.75,7700.75,84
2026-09-18T02:04:00+00:00,7701,7701.25,7700.75,7700.75,57
2026-09-18T02:05:00+00:00,7700.75,7701.25,7700.75,7701,51
2026-09-18T02:06:00+00:00,7701.25,7701.25,7700.25,7700.5,87
2026-09-18T02:07:00+00:00,7700.5,7700.75,7700.25,7700.5,52
2026-09-18T02:08:00+00:00,7700.5,7700.75,7700,7700.25,70
2026-09-18T02:09:00+00:00,7700.25,7700.5,7700,7700,63
2026-09-18T02:10:00+00:00,7700,7700.25,7699,7699.5,223
2026-09-18T02:11:00+00:00,7699.5,7700,7699.25,7699.5,58
2026-09-18T02:12:00+00:00,7699.75,7700,7699.5,7700,40
2026-09-18T02:13:00+00:00,7700,7700.25,7699.75,7700.25,48
2026-09-18T02:14:00+00:00,7700.25,7701,7700.25,7700.75,87
2026-09-18T02:15:00+00:00,7700.75,7701,7700.25,7700.5,71
2026-09-18T02:16:00+00:00,7700.75,7701,7700.25,7700.75,102
2026-09-18T02:17:00+00:00,7700.75,7701,7700.5,7700.5,65
2026-09-18T02:18:00+00:00,7700.75,7701.5,7700.75,7701.25,33
2026-09-18T02:19:00+00:00,7701.25,7701.75,7701.25,7701.75,58
2026-09-18T02:20:00+00:00,7701.75,7702,7701.5,7701.75,118
2026-09-18T02:21:00+00:00,7702,7702.25,7701.5,7702,157
2026-09-18T02:22:00+00:00,7701.75,7701.75,7701.25,7701.5,32
2026-09-18T02:23:00+00:00,7701.5,7702.5,7701.5,7702.5,124
2026-09-18T02:24:00+00:00,7702.5,7703,7702.25,7702.75,172
2026-09-18T02:25:00+00:00,7702.75,7703,7702.5,7702.5,74
2026-09-18T02:26:00+00:00,7702.5,7702.75,7702.5,7702.5,74
2026-09-18T02:27:00+00:00,7702.5,7702.75,7701.75,7702.75,136
2026-09-18T02:28:00+00:00,7702.75,7703,7702.5,7702.75,81
2026-09-18T02:29:00+00:00,7702.75,7703.25,7702.75,7703,140
2026-09-18T02:30:00+00:00,7703,7703.25,7702.5,7703.25,272
2026-09-18T02:31:00+00:00,7703,7703.5,7702.75,7702.75,114
2026-09-18T02:32:00+00:00,7702.75,7703.25,7702.5,7703.25,63
2026-09-18T02:33:00+00:00,7703.25,7703.5,7703.25,7703.5,73
2026-09-18T02:34:00+00:00,7703.75,7704,7703.75,7704,150
2026-09-18T02:35:00+00:00,7704,7704,7703.25,7703.75,72
2026-09-18T02:36:00+00:00,7703.75,7703.75,7703.5,7703.75,43
2026-09-18T02:37:00+00:00,7703.75,7703.75,7702.75,7703,73
2026-09-18T02:38:00+00:00,7702.75,7703,7702.5,7702.5,80
2026-09-18T02:39:00+00:00,7702.5,7703.25,7702.5,7703,68
2026-09-18T02:40:00+00:00,7703,7703.25,7702.75,7702.75,35
2026-09-18T02:41:00+00:00,7703.25,7703.5,7703,7703.5,18
2026-09-18T02:42:00+00:00,7703.5,7704.25,7703.25,7704,80
2026-09-18T02:43:00+00:00,7704.25,7704.25,7703.5,7703.5,50
2026-09-18T02:44:00+00:00,7703.5,7703.75,7703,7703,74
2026-09-18T02:45:00+00:00,7703.25,7703.75,7702.75,7703.5,99
2026-09-18T02:46:00+00:00,7703.25,7703.75,7703.25,7703.75,61
2026-09-18T02:47:00+00:00,7703.75,7704,7703.5,7703.75,88
2026-09-18T02:48:00+00:00,7704,7704,7703.5,7703.75,24
2026-09-18T02:49:00+00:00,7703.75,7704,7703.75,7703.75,47
2026-09-18T02:50:00+00:00,7703.75,7704.5,7703.75,7704.25,189
2026-09-18T02:51:00+00:00,7704,7704.25,7703.5,7704,67
2026-09-18T02:52:00+00:00,7704,7704.25,7703.25,7703.25,77
2026-09-18T02:53:00+00:00,7703.25,7703.75,7703.25,7703.25,54
2026-09-18T02:54:00+00:00,7703.25,7704.5,7702.75,7703.5,470
2026-09-18T02:55:00+00:00,7703.5,7704.25,7703,7704,163
2026-09-18T02:56:00+00:00,7704.25,7704.5,7703,7703.5,145
2026-09-18T02:57:00+00:00,7703.75,7703.75,7703,7703.25,82
2026-09-18T02:58:00+00:00,7703.25,7703.75,7702.75,7703.5,113
2026-09-18T02:59:00+00:00,7703.5,7704.25,7703.5,7703.75,56
2026-09-18T03:00:00+00:00,7703.75,7704,7703.25,7704,146
2026-09-18T03:01:00+00:00,7704,7704.25,7703.5,7704,61
2026-09-18T03:02:00+00:00,7703.75,7704.5,7703.75,7704,104
2026-09-18T03:03:00+00:00,7704,7704.75,7704,7704.5,106
2026-09-18T03:04:00+00:00,7704.5,7705.75,7704.5,7705.5,265
2026-09-18T03:05:00+00:00,7705.5,7706.5,7705.5,7706,206
2026-09-18T03:06:00+00:00,7706,7706.5,7705.75,7706.25,160
2026-09-18T03:07:00+00:00,7706.25,7707.25,7706,7707,236
2026-09-18T03:08:00+00:00,7707,7708,7706.75,7707.75,354
2026-09-18T03:09:00+00:00,7707.5,7708.25,7707.25,7707.75,206
2026-09-18T03:10:00+00:00,7707.5,7708.25,7707.5,7708,91
2026-09-18T03:11:00+00:00,7708,7708.75,7708,7708.25,252
2026-09-18T03:12:00+00:00,7708.25,7709.25,7708.25,7709,208
2026-09-18T03:13:00+00:00,7709.25,7709.5,7708.5,7709,281
2026-09-18T03:14:00+00:00,7708.75,7709.25,7708.5,7709,119
2026-09-18T03:15:00+00:00,7709,7709.25,7708,7708.25,199
2026-09-18T03:16:00+00:00,7708.5,7708.75,7708.25,7708.75,45
2026-09-18T03:17:00+00:00,7708.75,7708.75,7707.75,7708,139
2026-09-18T03:18:00+00:00,7708,7708.25,7707,7707.5,276
2026-09-18T03:19:00+00:00,7707.5,7708.25,7707.5,7708.25,99
2026-09-18T03:20:00+00:00,7708,7709.5,7708,7709.25,128
2026-09-18T03:21:00+00:00,7709,7709.5,7709,7709,52
2026-09-18T03:22:00+00:00,7709.25,7709.5,7709,7709.5,81
2026-09-18T03:23:00+00:00,7709.25,7709.5,7708.5,7708.75,118
2026-09-18T03:24:00+00:00,7708.75,7709,7708.5,7708.5,59
2026-09-18T03:25:00+00:00,7708.75,7709,7708.5,7708.75,78
2026-09-18T03:26:00+00:00,7709,7709.75,7708.75,7709.5,58
2026-09-18T03:27:00+00:00,7709.5,7709.75,7709.25,7709.25,55
2026-09-18T03:28:00+00:00,7709.5,7709.75,7709.25,7709.75,37
2026-09-18T03:29:00+00:00,7709.75,7709.75,7708.75,7709,85
2026-09-18T03:30:00+00:00,7709,7709.25,7708.5,7709,116
2026-09-18T03:31:00+00:00,7709,7709.25,7708.5,7708.5,153
2026-09-18T03:32:00+00:00,7708.5,7709,7708.5,7709,77
2026-09-18T03:33:00+00:00,7709,7710,7709,7710,98
2026-09-18T03:34:00+00:00,7710,7710.5,7709.5,7709.75,226
2026-09-18T03:35:00+00:00,7710,7711,7710,7710.5,269
2026-09-18T03:36:00+00:00,7710.5,7711,7710.25,7710.75,194
2026-09-18T03:37:00+00:00,7710.75,7711,7710.25,7710.75,92
2026-09-18T03:38:00+00:00,7711,7711,7710.25,7710.5,108
2026-09-18T03:39:00+00:00,7710.5,7711,7710,7710.5,85
2026-09-18T03:40:00+00:00,7710.5,7711.5,7710.5,7711,133
2026-09-18T03:41:00+00:00,7711,7711.5,7711,7711.5,77
2026-09-18T03:42:00+00:00,7711.5,7711.75,7711.25,7711.75,61
2026-09-18T03:43:00+00:00,7711.75,7711.75,7711.5,7711.5,66
2026-09-18T03:44:00+00:00,7711.5,7712,7711.25,7711.75,121
2026-09-18T03:45:00+00:00,7711.5,7713.75,7711.5,7713,396
2026-09-18T03:46:00+00:00,7713,7713.75,7713,7713.5,269
2026-09-18T03:47:00+00:00,7713.25,7714.25,7713,7713.75,267
2026-09-18T03:48:00+00:00,7713.75,7714,7713.5,7714,180
2026-09-18T03:49:00+00:00,7714,7714.25,7713.5,7713.75,158
2026-09-18T03:50:00+00:00,7713.75,7714.25,7713.5,7713.75,105
2026-09-18T03:51:00+00:00,7714,7714.25,7713.5,7713.5,46
2026-09-18T03:52:00+00:00,7713.5,7713.5,7713,7713.25,141
2026-09-18T03:53:00+00:00,7713.25,7713.5,7712.75,7713.25,82
2026-09-18T03:54:00+00:00,7713.25,7713.5,7713,7713.5,55
2026-09-18T03:55:00+00:00,7713.25,7713.5,7712.75,7713.25,41
2026-09-18T03:56:00+00:00,7713.25,7713.5,7713.25,7713.25,20
2026-09-18T03:57:00+00:00,7713.25,7713.5,7713,7713.25,41
2026-09-18T03:58:00+00:00,7712.75,7713.5,7712.75,7713.25,84
2026-09-18T04:09:00+00:00,7714.5,7715,7714.5,7715,26
2026-09-18T04:10:00+00:00,7715,7715.5,7715,7715.25,97
2026-09-18T04:11:00+00:00,7715.25,7715.5,7715.25,7715.5,29
2026-09-18T04:12:00+00:00,7715.5,7715.75,7715.5,7715.5,147
2026-09-18T04:13:00+00:00,7715.5,7715.5,7715.25,7715.25,36
2026-09-18T04:14:00+00:00,7715.5,7715.5,7714.25,7715,180
2026-09-18T04:15:00+00:00,7714.75,7715.5,7714.75,7715,110
2026-09-18T04:16:00+00:00,7714.75,7715.25,7714.25,7715,115
2026-09-18T04:17:00+00:00,7715.25,7715.25,7714.5,7715,66
2026-09-18T04:18:00+00:00,7714.75,7715,7714,7714,140
2026-09-18T04:19:00+00:00,7714,7715,7714,7715,59
2026-09-18T04:20:00+00:00,7714.5,7714.5,7713.5,7713.75,98
2026-09-18T04:21:00+00:00,7713.75,7714.25,7713.5,7714,154
2026-09-18T04:22:00+00:00,7714,7714.25,7713.75,7714,97
2026-09-18T04:23:00+00:00,7714,7714.25,7713.75,7714.25,49
2026-09-18T04:24:00+00:00,7714,7714.25,7713.75,7714,46
2026-09-18T04:25:00+00:00,7713.75,7713.75,7712.75,7713.5,298
2026-09-18T04:26:00+00:00,7713.25,7714.25,7713.25,7714,110
2026-09-18T04:27:00+00:00,7714.25,7715,7713.75,7714.75,133
2026-09-18T04:28:00+00:00,7715,7715,7714.5,7714.75,93
2026-09-18T04:29:00+00:00,7714.75,7715.25,7714.75,7715,72
2026-09-18T04:30:00+00:00,7715.25,7716,7715.25,7715.75,340
2026-09-18T04:31:00+00:00,7715.75,7716.5,7715.75,7716.25,131
2026-09-18T04:32:00+00:00,7716.5,7716.75,7716.25,7716.5,139
2026-09-18T04:33:00+00:00,7716.25,7717,7716.25,7716.75,97
2026-09-18T04:34:00+00:00,7716.75,7716.75,7715.75,7715.75,51
2026-09-18T04:35:00+00:00,7716,7716.25,7716,7716.25,102
2026-09-18T04:36:00+00:00,7716,7716,7715.5,7715.5,68
2026-09-18T04:37:00+00:00,7715.75,7716,7715.25,7715.75,82
2026-09-18T04:38:00+00:00,7715.75,7715.75,7715.5,7715.75,45
2026-09-18T04:39:00+00:00,7716,7716.25,7716,7716,41
2026-09-18T04:40:00+00:00,7716,7716.25,7715.5,7716,60
2026-09-18T04:41:00+00:00,7716.5,7716.5,7716.25,7716.5,44
2026-09-18T04:42:00+00:00,7716.5,7717.75,7716.5,7717.75,245
2026-09-18T04:43:00+00:00,7717.75,7719.25,7717.5,7719.25,564
2026-09-18T04:44:00+00:00,7719,7719.25,7718.5,7719,150
2026-09-18T04:45:00+00:00,7719,7719.5,7718.5,7719,162
2026-09-18T04:46:00+00:00,7719,7719.25,7718.5,7719,125
2026-09-18T04:47:00+00:00,7719.25,7719.5,7718.75,7719,98
2026-09-18T04:48:00+00:00,7719,7719.25,7718.75,7719,50
2026-09-18T04:49:00+00:00,7719.25,7719.5,7719.25,7719.5,61
2026-09-18T04:50:00+00:00,7719.5,7720.25,7719.5,7719.5,403
2026-09-18T04:51:00+00:00,7719.5,7720.25,7719.5,7720,105
2026-09-18T04:52:00+00:00,7720.25,7721,7720,7721,230
2026-09-18T04:53:00+00:00,7721,7721.25,7720.75,7721,225
2026-09-18T04:54:00+00:00,7721,7721.25,7720,7720,207
2026-09-18T04:55:00+00:00,7720.25,7721,7720,7720.75,195
2026-09-18T04:56:00+00:00,7720.75,7721.75,7720.5,7721.5,139
2026-09-18T04:57:00+00:00,7721.5,7721.75,7721.25,7721.25,143
2026-09-18T04:58:00+00:00,7721.25,7721.5,7721,7721.5,69
2026-09-18T04:59:00+00:00,7721.25,7721.75,7721.25,7721.5,114
2026-09-18T05:00:00+00:00,7721.75,7721.75,7721,7721.75,141
2026-09-18T05:01:00+00:00,7721.5,7722,7721.25,7721.25,120
2026-09-18T05:02:00+00:00,7721.5,7722,7721.5,7721.75,71
2026-09-18T05:03:00+00:00,7721.75,7722,7721.75,7721.75,116
2026-09-18T05:04:00+00:00,7722,7722.5,7721.75,7722.5,182
2026-09-18T05:05:00+00:00,7722.5,7722.5,7722,7722,115
2026-09-18T05:06:00+00:00,7721.75,7722.25,7721.75,7721.75,62
2026-09-18T05:07:00+00:00,7721.75,7722.75,7721.75,7722.75,160
2026-09-18T05:08:00+00:00,7722.5,7722.5,7721.75,7722,127
2026-09-18T05:09:00+00:00,7721.75,7722,7721.75,7722,58
2026-09-18T05:10:00+00:00,7722,7722.5,7722,7722.5,38
2026-09-18T05:11:00+00:00,7722.5,7723,7722.25,7723,336
2026-09-18T05:12:00+00:00,7723,7723,7722.25,7722.75,177
2026-09-18T05:13:00+00:00,7722.75,7723,7722,7722,147
2026-09-18T05:14:00+00:00,7722.25,7723,7722.25,7723,55
2026-09-18T05:15:00+00:00,7723,7723.5,7723,7723.25,147
2026-09-18T05:16:00+00:00,7723,7723.5,7723,7723.25,71
2026-09-18T05:17:00+00:00,7723.25,7723.5,7722.75,7722.75,89
2026-09-18T05:18:00+00:00,7723,7723.25,7722.5,7723,72
2026-09-18T05:19:00+00:00,7723,7723,7722.75,7723,26
2026-09-18T05:20:00+00:00,7723,7723.25,7722.5,7722.75,70
2026-09-18T05:21:00+00:00,7722.5,7723,7722.5,7722.75,154
2026-09-18T05:22:00+00:00,7723,7723,7722.5,7722.5,35
2026-09-18T05:23:00+00:00,7722.5,7723.5,7722.5,7723,79
2026-09-18T05:24:00+00:00,7723.25,7723.75,7723,7723.75,131
2026-09-18T05:25:00+00:00,7723.5,7724.5,7723.5,7724.25,262
2026-09-18T05:26:00+00:00,7724,7724.25,7723.25,7723.5,211
2026-09-18T05:27:00+00:00,7723.5,7723.5,7722,7722.25,489
2026-09-18T05:28:00+00:00,7722.25,7722.75,7722.25,7722.5,63
2026-09-18T05:29:00+00:00,7722.5,7724.25,7722.5,7723.25,149
2026-09-18T05:30:00+00:00,7723.5,7725.25,7723,7724.75,469
2026-09-18T05:31:00+00:00,7725,7725.25,7724.25,7725,167
2026-09-18T05:32:00+00:00,7725,7725.5,7724.75,7725,144
2026-09-18T05:33:00+00:00,7725.25,7725.5,7725,7725.25,107
2026-09-18T05:34:00+00:00,7725.25,7725.5,7725,7725,64
2026-09-18T05:35:00+00:00,7725,7725.5,7724.75,7725.5,107
2026-09-18T05:36:00+00:00,7725.5,7726,7725,7726,178
2026-09-18T05:37:00+00:00,7726,7726,7725,7726,257
2026-09-18T05:38:00+00:00,7725.75,7727,7725.75,7727,486
2026-09-18T05:39:00+00:00,7726.75,7728,7726.75,7727.5,320
2026-09-18T05:40:00+00:00,7727.75,7728.25,7727.5,7728,295
2026-09-18T05:41:00+00:00,7728.25,7728.5,7727.75,7728,244
2026-09-18T05:42:00+00:00,7727.75,7728.25,7727.25,7728.25,191
2026-09-18T05:43:00+00:00,7728.25,7728.75,7728,7728.25,259
2026-09-18T05:44:00+00:00,7728.5,7730,7728.25,7730,441
2026-09-18T05:45:00+00:00,7730,7730.5,7729.25,7729.25,365
2026-09-18T05:46:00+00:00,7729,7729.5,7727.75,7727.75,280
2026-09-18T05:47:00+00:00,7727.75,7728.75,7727,7727.5,401
2026-09-18T05:48:00+00:00,7727.5,7728.75,7727,7728.5,260
2026-09-18T05:49:00+00:00,7728.5,7728.75,7726.75,7727,205
2026-09-18T05:50:00+00:00,7727,7728.5,7726.75,7728.5,210
2026-09-18T05:51:00+00:00,7728.25,7728.5,7727.25,7727.5,157
2026-09-18T05:52:00+00:00,7727.75,7728,7726.25,7726.5,143
2026-09-18T05:53:00+00:00,7726.75,7727.5,7726.5,7727,111
2026-09-18T05:54:00+00:00,7727,7727.25,7726.25,7726.5,136
2026-09-18T05:55:00+00:00,7726.25,7726.75,7726,7726.25,173
2026-09-18T05:56:00+00:00,7726.25,7726.5,7725.75,7726,133
2026-09-18T05:57:00+00:00,7726,7726.25,7725.75,7726.25,90
2026-09-18T05:58:00+00:00,7726.25,7726.5,7726,7726,102
2026-09-18T05:59:00+00:00,7726.25,7727.25,7726,7726.75,109
2026-09-18T06:00:00+00:00,7726.75,7728.25,7726.75,7727.75,317
2026-09-18T06:01:00+00:00,7727.75,7728.75,7727.75,7728.5,259
2026-09-18T06:02:00+00:00,7728.75,7729.25,7727.25,7729.25,481
2026-09-18T06:03:00+00:00,7729.25,7729.25,7728,7728.25,202
2026-09-18T06:04:00+00:00,7728.25,7728.25,7727,7728,217
2026-09-18T06:05:00+00:00,7728,7728,7726.5,7727.5,187
2026-09-18T06:06:00+00:00,7727.25,7728,7727,7727.25,122
2026-09-18T06:07:00+00:00,7727.5,7727.5,7726.75,7727.25,75
2026-09-18T06:08:00+00:00,7727.25,7727.75,7727.25,7727.25,114
2026-09-18T06:09:00+00:00,7727.25,7727.5,7727,7727,78
2026-09-18T06:10:00+00:00,7727.25,7727.75,7727.25,7727.25,135
2026-09-18T06:11:00+00:00,7727.5,7728,7727.25,7727.75,91
2026-09-18T06:12:00+00:00,7727.5,7728.5,7727.25,7728,76
2026-09-18T06:13:00+00:00,7727.75,7727.75,7727.5,7727.75,45
2026-09-18T06:14:00+00:00,7727.75,7728.25,7727.5,7727.75,88
2026-09-18T06:15:00+00:00,7727.75,7729,7727.5,7727.5,252
2026-09-18T06:16:00+00:00,7727.75,7728,7727.5,7727.75,109
2026-09-18T06:17:00+00:00,7727.5,7727.5,7726.75,7727.25,187
2026-09-18T06:18:00+00:00,7727.25,7727.25,7725.75,7726.25,268
2026-09-18T06:19:00+00:00,7726.5,7727.25,7726.5,7726.5,151
2026-09-18T06:20:00+00:00,7726.5,7727,7726.25,7726.25,74
2026-09-18T06:21:00+00:00,7726.5,7728.25,7726.25,7728,143
2026-09-18T06:22:00+00:00,7728,7729.5,7728,7729.25,251
2026-09-18T06:23:00+00:00,7729,7730.5,7728.75,7729.5,283
2026-09-18T06:24:00+00:00,7729.75,7730,7729.25,7729.5,97
2026-09-18T06:25:00+00:00,7729.5,7730.75,7729.5,7730.25,345
2026-09-18T06:26:00+00:00,7730,7730,7729,7729.5,170
2026-09-18T06:27:00+00:00,7729.5,7730,7729,7729.75,144
2026-09-18T06:28:00+00:00,7729.75,7730,7729.5,7729.5,66
2026-09-18T06:29:00+00:00,7729.5,7729.75,7728.5,7728.75,246
2026-09-18T06:30:00+00:00,7728.75,7730.25,7728.75,7730.25,220
2026-09-18T06:31:00+00:00,7730,7731.5,7730,7731.5,353
2026-09-18T06:32:00+00:00,7731.5,7733,7731.25,7732.75,559
2026-09-18T06:33:00+00:00,7732.5,7733.75,7732.5,7733,453
2026-09-18T06:34:00+00:00,7733.25,7733.5,7732.5,7733,174
2026-09-18T06:35:00+00:00,7732.75,7734,7732.75,7733.5,159
2026-09-18T06:36:00+00:00,7733.25,7733.5,7732,7732.5,243
2026-09-18T06:37:00+00:00,7732.25,7732.75,7732,7732.75,78
2026-09-18T06:38:00+00:00,7732.75,7733.5,7732.75,7733.25,234
2026-09-18T06:39:00+00:00,7733.25,7734.25,7733.25,7734.25,215
2026-09-18T06:40:00+00:00,7734.25,7734.25,7733.25,7733.75,146
2026-09-18T06:41:00+00:00,7734,7734.5,7734,7734.25,122
2026-09-18T06:42:00+00:00,7734.25,7734.25,7732.5,7733.5,217
2026-09-18T06:43:00+00:00,7733.25,7733.5,7732.75,7733.25,101
2026-09-18T06:44:00+00:00,7733.5,7733.75,7732.5,7733.5,107
2026-09-18T06:45:00+00:00,7733.5,7734,7732.25,7734,141
2026-09-18T06:46:00+00:00,7733.5,7734.5,7733.5,7734,114
2026-09-18T06:47:00+00:00,7733.75,7734.25,7733,7733.25,160
2026-09-18T06:48:00+00:00,7733.25,7734.5,7733.25,7733.75,120
2026-09-18T06:49:00+00:00,7733.75,7734.25,7733.5,7734,66
2026-09-18T06:50:00+00:00,7734.25,7734.25,7733.75,7733.75,43
2026-09-18T06:51:00+00:00,7734,7734,7733.5,7734,70
2026-09-18T06:52:00+00:00,7734.25,7734.75,7734,7734.5,33
2026-09-18T06:53:00+00:00,7734.25,7734.25,7733.25,7733.25,89
2026-09-18T06:54:00+00:00,7733.5,7734,7733.5,7733.75,64
2026-09-18T06:55:00+00:00,7733.75,7733.75,7733.5,7733.5,49
2026-09-18T06:56:00+00:00,7733.5,7734.25,7733.5,7733.5,85
2026-09-18T06:57:00+00:00,7733.5,7734.5,7733.25,7734.25,108
2026-09-18T06:58:00+00:00,7734.25,7734.75,7734,7734.25,80
2026-09-18T06:59:00+00:00,7734.5,7734.5,7734,7734,79
2026-09-18T07:00:00+00:00,7733.75,7734.5,7733.25,7733.5,349
2026-09-18T07:01:00+00:00,7733.75,7734.5,7733.75,7734,190
2026-09-18T07:02:00+00:00,7733.5,7733.75,7732.25,7733.25,324
2026-09-18T07:03:00+00:00,7733.25,7733.5,7732.5,7733.5,125
2026-09-18T07:04:00+00:00,7733.5,7734.5,7732.75,7733.25,256
2026-09-18T07:05:00+00:00,7733.5,7733.75,7732.75,7732.75,129
2026-09-18T07:06:00+00:00,7732.75,7732.75,7732.5,7732.75,99
2026-09-18T07:07:00+00:00,7732.75,7733.25,7732.5,7733,132
2026-09-18T07:08:00+00:00,7733.25,7734,7732.75,7733.75,108
2026-09-18T07:09:00+00:00,7733.75,7734,7733,7733.75,126
2026-09-18T07:10:00+00:00,7733.75,7735.5,7733.5,7735.25,276
2026-09-18T07:11:00+00:00,7735,7735.25,7733.75,7734.5,176
2026-09-18T07:12:00+00:00,7734.5,7735.25,7734,7735,158
2026-09-18T07:13:00+00:00,7735.25,7736,7734,7734.5,211
2026-09-18T07:14:00+00:00,7734.5,7734.75,7733.25,7733.25,155
2026-09-18T07:15:00+00:00,7733.25,7734.5,7733,7733.25,148
2026-09-18T07:16:00+00:00,7733.25,7735,7733,7734.25,186
2026-09-18T07:17:00+00:00,7734.25,7735,7734,7734.5,123
2026-09-18T07:18:00+00:00,7734.5,7735.25,7734.5,7734.75,102
2026-09-18T07:19:00+00:00,7734.75,7735,7734.25,7734.5,65
2026-09-18T07:20:00+00:00,7734.75,7735.25,7734.5,7734.75,172
2026-09-18T07:21:00+00:00,7734.5,7734.75,7734,7734,174
2026-09-18T07:22:00+00:00,7733.75,7734.5,7733.75,7734.25,159
2026-09-18T07:23:00+00:00,7734.25,7735.5,7734.25,7735,194
2026-09-18T07:24:00+00:00,7735,7735.25,7733.75,7735,164
2026-09-18T07:25:00+00:00,7734.75,7736.25,7734.5,7736.25,269
2026-09-18T07:26:00+00:00,7736,7737,7736,7736.75,392
2026-09-18T07:27:00+00:00,7736.75,7737,7736.5,7736.75,105
2026-09-18T07:28:00+00:00,7736.75,7738,7736.75,7737,289
2026-09-18T07:29:00+00:00,7737,7738,7737,7737.75,167
2026-09-18T07:30:00+00:00,7738,7738.75,7737.75,7738.75,328
2026-09-18T07:31:00+00:00,7738.75,7739,7737,7737,360
2026-09-18T07:32:00+00:00,7737,7737,7736,7736.5,444
2026-09-18T07:33:00+00:00,7736.5,7736.75,7735.75,7735.75,192
2026-09-18T07:34:00+00:00,7735.75,7736,7735,7736,197
2026-09-18T07:35:00+00:00,7736,7736.25,7735.5,7735.75,130
2026-09-18T07:36:00+00:00,7735.75,7736.25,7735.25,7736,107
2026-09-18T07:37:00+00:00,7736.25,7736.25,7735.25,7736,338
2026-09-18T07:38:00+00:00,7736,7736.25,7734.5,7736.25,492
2026-09-18T07:39:00+00:00,7736,7737,7735.75,7736.5,249
2026-09-18T07:40:00+00:00,7736.5,7736.5,7734.25,7734.5,260
2026-09-18T07:41:00+00:00,7734.75,7735.5,7734,7735,208
2026-09-18T07:42:00+00:00,7735,7735,7733,7733.25,194
2026-09-18T07:43:00+00:00,7733.25,7734.75,7733.25,7734.5,473
2026-09-18T07:44:00+00:00,7734.25,7735.25,7734,7734,207
2026-09-18T07:45:00+00:00,7734,7734.5,7734,7734,156
2026-09-18T07:46:00+00:00,7734,7734.5,7733.75,7734,109
2026-09-18T07:47:00+00:00,7734,7735.75,7734,7735.5,272
2026-09-18T07:48:00+00:00,7735.5,7735.5,7734.5,7734.75,114
2026-09-18T07:49:00+00:00,7735,7735.5,7735,7735.25,40
2026-09-18T07:50:00+00:00,7735.5,7735.5,7734.25,7734.5,71
2026-09-18T07:51:00+00:00,7734.25,7734.75,7734,7734.75,78
2026-09-18T07:52:00+00:00,7734.75,7735.5,7734.25,7735.25,103
2026-09-18T07:53:00+00:00,7735.75,7736.5,7735.5,7736,168
2026-09-18T07:54:00+00:00,7736,7736.75,7736,7736.5,63
2026-09-18T07:55:00+00:00,7736.5,7736.75,7735.5,7735.75,90
2026-09-18T07:56:00+00:00,7735.75,7736,7735,7735.5,94
2026-09-18T07:57:00+00:00,7735.25,7735.25,7734.75,7735.25,76
2026-09-18T07:58:00+00:00,7735.25,7735.75,7734.75,7735.25,176
2026-09-18T07:59:00+00:00,7735.25,7735.25,7734,7734.5,125
2026-09-18T08:00:00+00:00,7734.25,7735.25,7733.75,7734.5,421
2026-09-18T08:01:00+00:00,7734.25,7735,7733.25,7733.5,285
2026-09-18T08:02:00+00:00,7733.5,7734.25,7733.5,7734.25,132
2026-09-18T08:03:00+00:00,7734.25,7734.5,7733.5,7733.75,120
2026-09-18T08:04:00+00:00,7733.75,7734.25,7732.5,7732.5,268
2026-09-18T08:05:00+00:00,7732.75,7733.25,7732,7733.25,321
2026-09-18T08:06:00+00:00,7733.25,7733.75,7732.25,7732.5,141
2026-09-18T08:07:00+00:00,7732.75,7733.5,7732.5,7732.5,113
2026-09-18T08:08:00+00:00,7732.75,7733,7732,7732.75,81
2026-09-18T08:09:00+00:00,7732.5,7732.5,7730.5,7730.75,413
2026-09-18T08:10:00+00:00,7730.75,7731.5,7729.75,7730.75,500
2026-09-18T08:11:00+00:00,7730.75,7731,7729.5,7729.5,273
2026-09-18T08:12:00+00:00,7729.75,7730.25,7729,7729.25,424
2026-09-18T08:13:00+00:00,7729.25,7730.25,7728.75,7729.75,166
2026-09-18T08:14:00+00:00,7729.5,7730,7729.25,7729.25,97
2026-09-18T08:15:00+00:00,7729.25,7729.25,7728.25,7729,229
2026-09-18T08:16:00+00:00,7729,7729.75,7729,7729.5,135
2026-09-18T08:17:00+00:00,7729.75,7730.25,7729.5,7729.75,207
2026-09-18T08:18:00+00:00,7729.75,7730,7729.5,7729.75,95
2026-09-18T08:19:00+00:00,7729.5,7730.5,7729.5,7730.25,187
2026-09-18T08:20:00+00:00,7730.5,7732,7730.25,7731.75,343
2026-09-18T08:21:00+00:00,7731.75,7731.75,7730.5,7731,150
2026-09-18T08:22:00+00:00,7731.25,7731.25,7729.5,7729.75,151
2026-09-18T08:23:00+00:00,7729.75,7730.25,7728.75,7728.75,201
2026-09-18T08:24:00+00:00,7728.75,7729.75,7728.5,7729,152
2026-09-18T08:25:00+00:00,7729.25,7729.75,7729,7729.25,123
2026-09-18T08:26:00+00:00,7729,7729.25,7728,7729,180
2026-09-18T08:27:00+00:00,7729,7729.25,7728.25,7728.5,147
2026-09-18T08:28:00+00:00,7728.5,7728.5,7726.5,7726.75,771
2026-09-18T08:29:00+00:00,7726.5,7726.75,7725,7725.25,609
2026-09-18T08:30:00+00:00,7725.25,7726.25,7724.75,7726,368
2026-09-18T08:31:00+00:00,7726,7726.75,7725.75,7726.25,160
2026-09-18T08:32:00+00:00,7726.5,7727.75,7725.75,7727.5,219
2026-09-18T08:33:00+00:00,7727.5,7727.75,7726.75,7727.5,161
2026-09-18T08:34:00+00:00,7727.75,7727.75,7727.25,7727.75,94
2026-09-18T08:35:00+00:00,7727.5,7728.25,7727.25,7727.25,182
2026-09-18T08:36:00+00:00,7727.25,7727.75,7727,7727.5,103
2026-09-18T08:37:00+00:00,7727,7727.5,7726.5,7727,96
2026-09-18T08:38:00+00:00,7727,7728,7726.25,7726.25,160
2026-09-18T08:39:00+00:00,7726.25,7727.5,7726.25,7727.25,92
2026-09-18T08:40:00+00:00,7727.25,7727.75,7727,7727.75,174
2026-09-18T08:41:00+00:00,7728,7728,7727.5,7727.75,118
2026-09-18T08:42:00+00:00,7727.5,7728,7727.25,7727.25,73
2026-09-18T08:43:00+00:00,7727,7727.5,7726.75,7727.5,173
2026-09-18T08:44:00+00:00,7727.5,7729.25,7727.5,7729,250
2026-09-18T08:45:00+00:00,7728.75,7730,7728.5,7728.75,290
2026-09-18T08:46:00+00:00,7728.75,7729,7728,7728.5,123
2026-09-18T08:47:00+00:00,7728.5,7728.75,7728.25,7728.5,43
2026-09-18T08:48:00+00:00,7728.75,7729.25,7728.5,7728.75,178
2026-09-18T08:49:00+00:00,7728.5,7729.25,7728.5,7728.5,56
2026-09-18T08:50:00+00:00,7728.75,7729.5,7728.75,7729.25,67
2026-09-18T08:51:00+00:00,7729.25,7729.25,7728.75,7729,81
2026-09-18T08:52:00+00:00,7729.25,7729.5,7728.25,7728.75,103
2026-09-18T08:53:00+00:00,7729,7729.25,7728.5,7728.75,100
2026-09-18T08:54:00+00:00,7729,7729.25,7727.5,7727.5,229
2026-09-18T08:55:00+00:00,7727.5,7728.5,7727,7728.25,141
2026-09-18T08:56:00+00:00,7728.25,7729,7727.75,7728.75,67
2026-09-18T08:57:00+00:00,7729,7729,7728.5,7728.75,134
2026-09-18T08:58:00+00:00,7728.25,7728.25,7727.25,7727.5,83
2026-09-18T08:59:00+00:00,7727.5,7728,7727.25,7727.5,67
2026-09-18T09:00:00+00:00,7727.5,7727.75,7726.5,7726.75,281
2026-09-18T09:01:00+00:00,7726.75,7726.75,7725.75,7725.75,182
2026-09-18T09:02:00+00:00,7725.75,7726.5,7725.25,7726.25,190
2026-09-18T09:03:00+00:00,7726.5,7727,7726.5,7727,130
2026-09-18T09:04:00+00:00,7727,7727.25,7726.25,7726.25,115
2026-09-18T09:05:00+00:00,7726.25,7727.25,7726,7727,134
2026-09-18T09:06:00+00:00,7727.25,7727.5,7726.75,7727.5,98
2026-09-18T09:07:00+00:00,7727.5,7727.5,7727,7727.25,77
2026-09-18T09:08:00+00:00,7727,7728.5,7727,7728.5,110
2026-09-18T09:09:00+00:00,7728.5,7728.5,7726.75,7727,99
2026-09-18T09:10:00+00:00,7727,7727.75,7726.25,7727.75,130
2026-09-18T09:11:00+00:00,7727.75,7728.25,7727.25,7728.25,76
2026-09-18T09:12:00+00:00,7728,7728,7727.25,7727.25,79
2026-09-18T09:13:00+00:00,7727.25,7727.75,7727.25,7727.25,51
2026-09-18T09:14:00+00:00,7727.25,7727.25,7726.5,7727,53
2026-09-18T09:15:00+00:00,7727,7727,7726.25,7727,66
2026-09-18T09:16:00+00:00,7727,7727.75,7726.75,7727.25,58
2026-09-18T09:17:00+00:00,7727.25,7728,7727.25,7727.75,42
2026-09-18T09:18:00+00:00,7727.75,7727.75,7727.25,7727.75,54
2026-09-18T09:19:00+00:00,7727.5,7728.5,7727.5,7728.25,56
2026-09-18T09:20:00+00:00,7728.5,7728.5,7727.75,7728.25,62
2026-09-18T09:21:00+00:00,7728.25,7728.5,7727.75,7728,82
2026-09-18T09:22:00+00:00,7727.75,7728.5,7727.5,7727.75,55
2026-09-18T09:23:00+00:00,7727.75,7728,7727.25,7727.5,80
2026-09-18T09:24:00+00:00,7727.5,7727.75,7727,7727,26
2026-09-18T09:25:00+00:00,7727,7727,7725.75,7726.25,146
2026-09-18T09:26:00+00:00,7726.5,7726.5,7724.75,7724.75,228
2026-09-18T09:27:00+00:00,7724.75,7724.75,7723.75,7723.75,575
2026-09-18T09:28:00+00:00,7724,7724.5,7723.25,7724.25,240
2026-09-18T09:29:00+00:00,7724.25,7724.5,7723.75,7723.75,78
2026-09-18T09:30:00+00:00,7723.75,7724,7722.25,7723.25,299
2026-09-18T09:31:00+00:00,7723,7723.25,7722,7722.25,231
2026-09-18T09:32:00+00:00,7722.25,7723.25,7722,7723.25,128
2026-09-18T09:33:00+00:00,7723.5,7724,7722.25,7722.5,214
2026-09-18T09:34:00+00:00,7722.5,7722.5,7721.5,7721.75,136
2026-09-18T09:35:00+00:00,7722,7722.5,7721.75,7722,95
2026-09-18T09:36:00+00:00,7722,7723,7721.5,7721.75,125
2026-09-18T09:37:00+00:00,7721.5,7721.5,7720.5,7720.5,323
2026-09-18T09:38:00+00:00,7720.5,7720.5,7719,7719.25,527
2026-09-18T09:39:00+00:00,7719,7719.5,7718.5,7719,279
2026-09-18T09:40:00+00:00,7718.5,7720,7718.25,7719,371
2026-09-18T09:41:00+00:00,7719,7719.5,7718.25,7718.75,292
2026-09-18T09:42:00+00:00,7719,7719,7718,7718.75,375
2026-09-18T09:43:00+00:00,7718.75,7720,7718.5,7718.5,260
2026-09-18T09:44:00+00:00,7718.75,7719.25,7717.25,7717.5,331
2026-09-18T09:45:00+00:00,7717.25,7718.25,7716.75,7718,344
2026-09-18T09:46:00+00:00,7718,7719,7718,7719,254
2026-09-18T09:47:00+00:00,7719,7719,7718.5,7718.5,123
2026-09-18T09:48:00+00:00,7718.5,7718.5,7717.5,7717.75,213
2026-09-18T09:49:00+00:00,7717.75,7718.5,7717.75,7718.25,125
2026-09-18T09:50:00+00:00,7718,7719.25,7717.75,7719,314
2026-09-18T09:51:00+00:00,7718.75,7720,7718.5,7719.5,282
2026-09-18T09:52:00+00:00,7719.5,7719.5,7718.75,7719.25,173
2026-09-18T09:53:00+00:00,7719,7719.5,7718.75,7718.75,82
2026-09-18T09:54:00+00:00,7718.75,7719.25,7718.25,7718.75,107
2026-09-18T09:55:00+00:00,7719,7719,7718,7718.25,191
2026-09-18T09:56:00+00:00,7718.25,7718.5,7717.75,7718,104
2026-09-18T09:57:00+00:00,7718.25,7718.75,7717.75,7718.75,132
2026-09-18T09:58:00+00:00,7718.25,7718.75,7718,7718.5,197
2026-09-18T09:59:00+00:00,7718.5,7719,7716.5,7717,324
2026-09-18T10:00:00+00:00,7716.75,7718.25,7716.75,7717.75,252
2026-09-18T10:01:00+00:00,7717.5,7717.75,7716.5,7717,216
2026-09-18T10:02:00+00:00,7717.25,7717.75,7717,7717.25,88
2026-09-18T10:03:00+00:00,7717,7718.25,7717,7718,87
2026-09-18T10:04:00+00:00,7718.25,7718.25,7716,7717.25,306
2026-09-18T10:05:00+00:00,7716.75,7717.5,7716.75,7716.75,128
2026-09-18T10:06:00+00:00,7716.75,7718,7716.5,7718,165
2026-09-18T10:07:00+00:00,7717.75,7718.5,7717,7718.25,175
2026-09-18T10:08:00+00:00,7718,7718.5,7717.5,7717.75,138
2026-09-18T10:09:00+00:00,7717.75,7718,7717.5,7717.75,68
2026-09-18T10:10:00+00:00,7718,7718.25,7717.25,7718,109
2026-09-18T10:11:00+00:00,7718,7718,7717,7717.25,133
2026-09-18T10:12:00+00:00,7717.25,7718,7717,7718,102
2026-09-18T10:13:00+00:00,7717.75,7718,7717.25,7718,114
2026-09-18T10:14:00+00:00,7718,7718.5,7717.75,7718.25,135
2026-09-18T10:15:00+00:00,7718.5,7719.25,7718.25,7719.25,234
2026-09-18T10:16:00+00:00,7719,7719.25,7718.5,7719,152
2026-09-18T10:17:00+00:00,7719,7719.5,7719,7719.25,148
2026-09-18T10:18:00+00:00,7719.25,7719.75,7719,7719,194
2026-09-18T10:19:00+00:00,7719,7719.25,7718.25,7719,162
2026-09-18T10:20:00+00:00,7719,7720.5,7719,7719.75,294
2026-09-18T10:21:00+00:00,7719.75,7720.25,7719,7719.25,88
2026-09-18T10:22:00+00:00,7719.5,7720.25,7719.5,7720,121
2026-09-18T10:23:00+00:00,7720,7720,7719.25,7719.75,88
2026-09-18T10:24:00+00:00,7719.75,7720,7718.75,7719,171
2026-09-18T10:25:00+00:00,7719,7719.25,7718.5,7718.5,118
2026-09-18T10:26:00+00:00,7718.5,7718.5,7717.25,7718.25,763
2026-09-18T10:27:00+00:00,7718.5,7718.75,7717,7718,766
2026-09-18T10:28:00+00:00,7718.25,7718.75,7718,7718.75,130
2026-09-18T10:29:00+00:00,7718.75,7719.25,7718.5,7719.25,94
2026-09-18T10:30:00+00:00,7719.25,7721.25,7719,7720.5,1054
2026-09-18T10:31:00+00:00,7720.25,7721.5,7719.75,7721,317
2026-09-18T10:32:00+00:00,7721.25,7721.75,7720.75,7721.75,252
2026-09-18T10:33:00+00:00,7721.75,7722.75,7721.5,7722.5,379
2026-09-18T10:34:00+00:00,7722.5,7723.25,7722.25,7723,316
2026-09-18T10:35:00+00:00,7723,7723.75,7722.75,7723,265
2026-09-18T10:36:00+00:00,7723.25,7724,7723,7723.5,283
2026-09-18T10:37:00+00:00,7723.75,7725,7723.5,7724.5,266
2026-09-18T10:38:00+00:00,7724.5,7725.25,7724.25,7724.5,259
2026-09-18T10:39:00+00:00,7724.5,7725,7723.75,7724.5,349
2026-09-18T10:40:00+00:00,7724.75,7724.75,7724.25,7724.75,107
2026-09-18T10:41:00+00:00,7724.75,7725.25,7724.5,7725,117
2026-09-18T10:42:00+00:00,7725,7725.25,7724.25,7724.5,223
2026-09-18T10:43:00+00:00,7724.5,7725.25,7724.25,7724.5,97
2026-09-18T10:44:00+00:00,7724.5,7725,7724.5,7724.75,79
2026-09-18T10:45:00+00:00,7724.5,7725,7723,7723.25,383
2026-09-18T10:46:00+00:00,7723.25,7723.25,7722,7722.5,302
2026-09-18T10:47:00+00:00,7722.5,7722.75,7722,7722.25,79
2026-09-18T10:48:00+00:00,7722,7722.5,7722,7722.25,147
2026-09-18T10:49:00+00:00,7722.25,7722.75,7722,7722.5,48
2026-09-18T10:50:00+00:00,7722.75,7723,7721.75,7722,121
2026-09-18T10:51:00+00:00,7722.25,7722.5,7721.75,7722,141
2026-09-18T10:52:00+00:00,7722.25,7722.25,7721.5,7722.25,91
2026-09-18T10:53:00+00:00,7722.25,7722.25,7721.75,7722,52
2026-09-18T10:54:00+00:00,7722,7722.25,7720,7720.5,453
2026-09-18T10:55:00+00:00,7720.75,7721,7720,7720.75,212
2026-09-18T10:56:00+00:00,7720.75,7721.75,7720.25,7721.75,138
2026-09-18T10:57:00+00:00,7721.5,7721.75,7720.5,7720.75,98
2026-09-18T10:58:00+00:00,7720.75,7721,7719.5,7720.25,260
2026-09-18T10:59:00+00:00,7720,7720.5,7719.75,7720.25,99
2026-09-18T11:00:00+00:00,7720.25,7720.25,7717.25,7718.75,830
2026-09-18T11:01:00+00:00,7718.75,7720.5,7718.25,7719.5,326
2026-09-18T11:02:00+00:00,7720,7720.75,7719.75,7719.75,198
2026-09-18T11:03:00+00:00,7720,7721.5,7720,7721.5,325
2026-09-18T11:04:00+00:00,7721.5,7724,7721.25,7724,819
2026-09-18T11:05:00+00:00,7724.25,7724.25,7714.25,7714.75,4593
2026-09-18T11:06:00+00:00,7714.75,7717.25,7713.5,7717,1848
2026-09-18T11:07:00+00:00,7717.25,7717.75,7716,7717.25,366
2026-09-18T11:08:00+00:00,7717.25,7718.5,7717,7717.5,396
2026-09-18T11:09:00+00:00,7717.25,7718.25,7716.5,7718,262
2026-09-18T11:10:00+00:00,7717.75,7719,7717.5,7718.75,326
2026-09-18T11:11:00+00:00,7718.75,7719.25,7718,7718.25,233
2026-09-18T11:12:00+00:00,7718.25,7719,7718,7718.75,182
2026-09-18T11:13:00+00:00,7718.5,7718.5,7715.25,7715.25,275
2026-09-18T11:14:00+00:00,7715.5,7717.5,7714.75,7717.5,293
2026-09-18T11:15:00+00:00,7717.5,7717.5,7715.5,7716,294
2026-09-18T11:16:00+00:00,7715.75,7716,7714.25,7714.25,232
2026-09-18T11:17:00+00:00,7714.5,7714.5,7711.75,7713,654
2026-09-18T11:18:00+00:00,7712.75,7713.75,7712.5,7713,201
2026-09-18T11:19:00+00:00,7713,7713.5,7712.25,7713.5,318
2026-09-18T11:20:00+00:00,7713.5,7713.5,7711.5,7711.75,454
2026-09-18T11:21:00+00:00,7712,7713.5,7711.75,7712.5,408
2026-09-18T11:22:00+00:00,7712.75,7714.75,7712.5,7714.5,340
2026-09-18T11:23:00+00:00,7714.25,7714.5,7713,7714.25,211
2026-09-18T11:24:00+00:00,7714.5,7714.5,7713,7713.25,238
2026-09-18T11:25:00+00:00,7713.25,7714,7713,7713.25,120
2026-09-18T11:26:00+00:00,7713.25,7714,7713.25,7713.5,78
2026-09-18T11:27:00+00:00,7713.25,7713.5,7712.5,7712.75,110
2026-09-18T11:28:00+00:00,7713,7713.75,7712.5,7713.25,120
2026-09-18T11:29:00+00:00,7713.5,7713.5,7712.5,7713,131
2026-09-18T11:30:00+00:00,7712.75,7714,7712.75,7713.75,251
2026-09-18T11:31:00+00:00,7714,7716.25,7714,7716.25,487
2026-09-18T11:32:00+00:00,7716.5,7716.5,7715.25,7716.25,155
2026-09-18T11:33:00+00:00,7716.5,7716.5,7715.25,7715.25,254
2026-09-18T11:34:00+00:00,7715.25,7715.75,7713.75,7715.25,481
2026-09-18T11:35:00+00:00,7715,7715.5,7714.5,7715.25,333
2026-09-18T11:36:00+00:00,7715.25,7717.25,7715.25,7717.25,339
2026-09-18T11:37:00+00:00,7717,7717.75,7717,7717.75,183
2026-09-18T11:38:00+00:00,7717.75,7717.75,7716,7716.25,157
2026-09-18T11:39:00+00:00,7716.25,7716.75,7716,7716.25,108
2026-09-18T11:40:00+00:00,7716.25,7716.5,7714.75,7715.75,167
2026-09-18T11:41:00+00:00,7715.75,7716.25,7715.75,7716.25,94
2026-09-18T11:42:00+00:00,7716.25,7716.25,7714,7714,212
2026-09-18T11:43:00+00:00,7714,7714.5,7713,7713.25,244
2026-09-18T11:44:00+00:00,7713.25,7714,7712.25,7713.25,309
2026-09-18T11:45:00+00:00,7713,7713.5,7712.5,7712.5,233
2026-09-18T11:46:00+00:00,7712.5,7714,7712,7713.75,319
2026-09-18T11:47:00+00:00,7713.75,7714,7713,7714,87
2026-09-18T11:48:00+00:00,7714,7714.25,7713.5,7713.75,99
2026-09-18T11:49:00+00:00,7713.75,7714,7713.5,7713.5,212
2026-09-18T11:50:00+00:00,7713.5,7714,7713,7713.25,109
2026-09-18T11:51:00+00:00,7713.25,7713.5,7712.5,7713,149
2026-09-18T11:52:00+00:00,7712.75,7713,7712.25,7712.75,160
2026-09-18T11:53:00+00:00,7712.75,7714,7712.5,7713.75,244
2026-09-18T11:54:00+00:00,7714,7714,7713.25,7713.75,82
2026-09-18T11:55:00+00:00,7713.5,7714,7712.5,7712.5,245
2026-09-18T11:56:00+00:00,7712.25,7712.75,7711.75,7712,360
2026-09-18T11:57:00+00:00,7712,7712.75,7710.75,7711,503
2026-09-18T11:58:00+00:00,7711,7711.5,7710,7711.5,496
2026-09-18T11:59:00+00:00,7711.5,7712.25,7711.25,7712.25,198
2026-09-18T12:00:00+00:00,7712.25,7712.75,7709,7709.5,568
2026-09-18T12:01:00+00:00,7709.25,7710,7708.5,7709.5,450
2026-09-18T12:02:00+00:00,7709.75,7710.5,7708.5,7708.5,299
2026-09-18T12:03:00+00:00,7708.75,7709.25,7708,7708.75,411
2026-09-18T12:04:00+00:00,7709,7714.5,7708.25,7712.5,2705
2026-09-18T12:05:00+00:00,7712.5,7715,7708,7708.75,3501
2026-09-18T12:06:00+00:00,7708.75,7709,7707.75,7708.25,369
2026-09-18T12:07:00+00:00,7708.25,7708.5,7706.5,7706.5,725
2026-09-18T12:08:00+00:00,7706.5,7707.5,7705.75,7706,601
2026-09-18T12:09:00+00:00,7706,7706.5,7705.25,7705.5,354
2026-09-18T12:10:00+00:00,7705.5,7705.75,7704.5,7705.5,629
2026-09-18T12:11:00+00:00,7705.5,7705.5,7703.75,7704.25,501
2026-09-18T12:12:00+00:00,7704,7704.25,7703,7703.25,455
2026-09-18T12:13:00+00:00,7703.5,7703.75,7702.5,7703,432
2026-09-18T12:14:00+00:00,7703,7703.25,7702,7703.25,388
2026-09-18T12:15:00+00:00,7703.25,7703.75,7702.75,7703.25,332
2026-09-18T12:16:00+00:00,7703,7703.5,7702,7702.5,584
2026-09-18T12:17:00+00:00,7702.5,7703,7701.75,7702.5,268
2026-09-18T12:18:00+00:00,7702.5,7705.5,7701.25,7703.25,1676
2026-09-18T12:19:00+00:00,7703,7703.25,7701,7701,544
2026-09-18T12:20:00+00:00,7701,7701,7698.75,7699,1488
2026-09-18T12:21:00+00:00,7699,7700.5,7698.75,7700.25,632
2026-09-18T12:22:00+00:00,7700.25,7702.5,7700.25,7701.75,807
2026-09-18T12:23:00+00:00,7701.75,7701.75,7698.5,7698.75,838
2026-09-18T12:24:00+00:00,7698.5,7699,7697.75,7698,630
2026-09-18T12:25:00+00:00,7697.75,7699,7697.75,7699,318
2026-09-18T12:26:00+00:00,7698.75,7700.5,7698.75,7699.75,614
2026-09-18T12:27:00+00:00,7699.5,7700,7699,7699.25,197
2026-09-18T12:28:00+00:00,7699.5,7700.5,7699.25,7700.25,319
2026-09-18T12:29:00+00:00,7700.25,7700.25,7699,7699,348
2026-09-18T12:30:00+00:00,7699,7700,7698.75,7699.25,259
2026-09-18T12:31:00+00:00,7699.5,7700.5,7697.75,7698,625
2026-09-18T12:32:00+00:00,7698,7700.25,7697.75,7699.5,475
2026-09-18T12:33:00+00:00,7699.5,7703,7699.25,7701.75,899
2026-09-18T12:34:00+00:00,7702,7702.75,7701,7702.25,683
2026-09-18T12:35:00+00:00,7702.25,7703.25,7701.5,7702.75,406
2026-09-18T12:36:00+00:00,7702.75,7703.25,7702.25,7703,331
2026-09-18T12:37:00+00:00,7702.75,7702.75,7699.5,7700.5,770
2026-09-18T12:38:00+00:00,7700.5,7703,7700.5,7702.5,408
2026-09-18T12:39:00+00:00,7702.5,7702.5,7701.75,7702,222
2026-09-18T12:40:00+00:00,7702,7702.75,7702,7702,192
2026-09-18T12:41:00+00:00,7702,7702.5,7701,7702.5,348
2026-09-18T12:42:00+00:00,7702.5,7703.5,7701.75,7703.5,408
2026-09-18T12:43:00+00:00,7703.5,7703.5,7702.5,7702.5,361
2026-09-18T12:44:00+00:00,7702.5,7702.5,7701.75,7702.5,167
2026-09-18T12:45:00+00:00,7702.25,7703,7701.75,7702.5,220
2026-09-18T12:46:00+00:00,7702.25,7703.25,7701.75,7702.5,280
2026-09-18T12:47:00+00:00,7702.75,7703.75,7701.5,7702.5,513
2026-09-18T12:48:00+00:00,7702.5,7702.75,7701.25,7702,236
2026-09-18T12:49:00+00:00,7702,7702.25,7701,7701,193
2026-09-18T12:50:00+00:00,7701.25,7701.5,7700.25,7701.25,363
2026-09-18T12:51:00+00:00,7701.25,7702.5,7701,7702,226
2026-09-18T12:52:00+00:00,7701.75,7701.75,7701,7701.25,133
2026-09-18T12:53:00+00:00,7701,7701.5,7700.75,7701.5,165
2026-09-18T12:54:00+00:00,7701.5,7701.5,7701,7701.5,119
2026-09-18T12:55:00+00:00,7701.25,7702,7701.25,7701.5,146
2026-09-18T12:56:00+00:00,7701.5,7701.5,7700.5,7701,174
2026-09-18T12:57:00+00:00,7701,7701.25,7700,7700.75,229
2026-09-18T12:58:00+00:00,7700.75,7701,7699.25,7699.75,358
2026-09-18T12:59:00+00:00,7700,7701,7699.25,7701,336
2026-09-18T13:00:00+00:00,7701,7701.5,7699.75,7701.25,864
2026-09-18T13:01:00+00:00,7701.25,7702.25,7700.75,7700.75,517
2026-09-18T13:02:00+00:00,7700.75,7701.5,7699.25,7699.5,866
2026-09-18T13:03:00+00:00,7699.75,7700.5,7699.25,7700.5,304
2026-09-18T13:04:00+00:00,7700.5,7701,7699.75,7700,242
2026-09-18T13:05:00+00:00,7700.25,7701,7700.25,7701,259
2026-09-18T13:06:00+00:00,7701,7702.5,7701,7701.25,541
2026-09-18T13:07:00+00:00,7701.5,7701.75,7700.25,7700.5,554
2026-09-18T13:08:00+00:00,7700.5,7702,7700.5,7701.5,1012
2026-09-18T13:09:00+00:00,7701.5,7702,7700.75,7701.75,409
2026-09-18T13:10:00+00:00,7701.75,7702.75,7701.75,7702.25,461
2026-09-18T13:11:00+00:00,7702.25,7703,7702,7702.5,330
2026-09-18T13:12:00+00:00,7702.75,7703,7701.5,7701.75,392
2026-09-18T13:13:00+00:00,7701.75,7702,7701.25,7701.5,336
2026-09-18T13:14:00+00:00,7701.5,7701.75,7701,7701.25,242
2026-09-18T13:15:00+00:00,7701.5,7702,7701,7701.5,215
2026-09-18T13:16:00+00:00,7701.5,7703.25,7701.5,7702.75,783
2026-09-18T13:17:00+00:00,7703,7703.25,7702.25,7702.5,594
2026-09-18T13:18:00+00:00,7702.5,7703.25,7701.75,7702,239
2026-09-18T13:19:00+00:00,7702,7702.75,7701.5,7702.75,191
2026-09-18T13:20:00+00:00,7702.75,7702.75,7701.75,7701.75,235
2026-09-18T13:21:00+00:00,7701.75,7702.25,7701,7702,395
2026-09-18T13:22:00+00:00,7702,7702.5,7700.75,7701.25,518
2026-09-18T13:23:00+00:00,7701.25,7701.25,7700,7700.5,498
2026-09-18T13:24:00+00:00,7700.25,7700.75,7698,7698,1177
2026-09-18T13:25:00+00:00,7698,7698,7693.5,7695,5052
2026-09-18T13:26:00+00:00,7695.25,7696,7692.25,7693.75,2552
2026-09-18T13:27:00+00:00,7693.75,7702.5,7692.5,7702,4497
2026-09-18T13:28:00+00:00,7701.75,7706.75,7701.25,7705.75,6965
2026-09-18T13:29:00+00:00,7706,7710,7704.25,7710,4477
2026-09-18T13:30:00+00:00,7710,7713,7706.25,7708.75,11192
2026-09-18T13:31:00+00:00,7708.5,7713.5,7708.25,7713.25,3986
2026-09-18T13:32:00+00:00,7713,7714.5,7710.25,7712,4179
2026-09-18T13:33:00+00:00,7712,7712.25,7708.25,7709,3359
2026-09-18T13:34:00+00:00,7709,7710.25,7707,7707,2745
2026-09-18T13:35:00+00:00,7706.75,7707,7702.75,7703.25,5827
2026-09-18T13:36:00+00:00,7703.25,7704.75,7701.75,7704,2770
2026-09-18T13:37:00+00:00,7703.75,7706.75,7702.5,7706.5,2836
2026-09-18T13:38:00+00:00,7706.5,7708,7704.75,7705,3031
2026-09-18T13:39:00+00:00,7705.25,7707,7704.75,7705,1714
2026-09-18T13:40:00+00:00,7705.25,7709,7704.5,7706.75,2972
2026-09-18T13:41:00+00:00,7707,7710.25,7705.25,7708.75,2738
2026-09-18T13:42:00+00:00,7708.75,7708.75,7706.25,7707,1796
2026-09-18T13:43:00+00:00,7707,7709,7703.75,7704.5,2869
2026-09-18T13:44:00+00:00,7704.5,7705.25,7703.25,7705,2279
2026-09-18T13:45:00+00:00,7705,7706.5,7704.25,7706.25,2012
2026-09-18T13:46:00+00:00,7706.25,7707.5,7705.5,7707.25,1755
2026-09-18T13:47:00+00:00,7707,7707.25,7703,7703.25,2162
2026-09-18T13:48:00+00:00,7703.25,7704.25,7701.75,7701.75,2361
2026-09-18T13:49:00+00:00,7701.75,7702.5,7700.5,7700.75,3178
2026-09-18T13:50:00+00:00,7700.75,7701.5,7698.25,7699,3913
2026-09-18T13:51:00+00:00,7698.75,7699.25,7697,7699.25,3155
2026-09-18T13:52:00+00:00,7699.25,7701.25,7698,7701.25,2643
2026-09-18T13:53:00+00:00,7701,7701.25,7698,7698,2059
2026-09-18T13:54:00+00:00,7698,7698.75,7694.5,7694.75,3897
2026-09-18T13:55:00+00:00,7695,7696.75,7693.75,7696.25,3154
2026-09-18T13:56:00+00:00,7696.25,7697,7695.5,7695.75,1688
2026-09-18T13:57:00+00:00,7695.75,7695.75,7692.5,7694,3438
2026-09-18T13:58:00+00:00,7694.25,7696,7693.25,7693.25,2223
2026-09-18T13:59:00+00:00,7693.25,7693.5,7691.25,7693,3068
2026-09-18T14:00:00+00:00,7692.75,7694.25,7690.5,7694,3833
2026-09-18T14:01:00+00:00,7694,7695.25,7689.5,7690,4447
2026-09-18T14:02:00+00:00,7690,7690.25,7686,7686.25,5326
2026-09-18T14:03:00+00:00,7686.5,7687.25,7685,7685.75,3594
2026-09-18T14:04:00+00:00,7685.75,7687.5,7685.5,7686.25,2715
2026-09-18T14:05:00+00:00,7686.25,7686.75,7684,7686.75,4040
2026-09-18T14:06:00+00:00,7686.5,7688.5,7685.5,7687.25,3156
2026-09-18T14:07:00+00:00,7687,7687.25,7684.5,7685.25,2164
2026-09-18T14:08:00+00:00,7685.25,7688,7684.75,7688,2389
2026-09-18T14:09:00+00:00,7687.75,7690.5,7687,7690.25,2967
2026-09-18T14:10:00+00:00,7690.25,7694,7690,7694,4384
2026-09-18T14:11:00+00:00,7694,7695,7693.25,7694.5,2812
2026-09-18T14:12:00+00:00,7694.75,7695,7690.75,7692.25,3350
2026-09-18T14:13:00+00:00,7692.25,7692.75,7688,7690.75,4216
2026-09-18T14:14:00+00:00,7690.75,7691,7687.5,7687.75,2488
2026-09-18T14:15:00+00:00,7687.75,7689,7686.5,7687.25,2817
2026-09-18T14:16:00+00:00,7687.25,7687.5,7683.25,7684,4767
2026-09-18T14:17:00+00:00,7684,7687,7683.25,7685.75,3050
2026-09-18T14:18:00+00:00,7685.75,7688.5,7685.5,7688.5,2355
2026-09-18T14:19:00+00:00,7688.5,7689.5,7687,7689.25,2209
2026-09-18T14:20:00+00:00,7689.25,7690,7686.5,7687.5,2794
2026-09-18T14:21:00+00:00,7687.75,7689.25,7687.5,7688.5,1460
2026-09-18T14:22:00+00:00,7688.5,7691.75,7688.5,7691.25,3006
2026-09-18T14:23:00+00:00,7691.25,7691.5,7689,7691,2288
2026-09-18T14:24:00+00:00,7691,7691,7687,7687.25,2289
2026-09-18T14:25:00+00:00,7687.25,7688,7686.25,7687,1571
2026-09-18T14:26:00+00:00,7687.25,7689,7686.75,7687.25,1758
2026-09-18T14:27:00+00:00,7687,7690,7687,7689.5,1571
2026-09-18T14:28:00+00:00,7689.5,7692,7689.25,7690,2216
2026-09-18T14:29:00+00:00,7690,7690.5,7688.75,7688.75,1490
2026-09-18T14:30:00+00:00,7688.75,7690,7688.25,7689,1708
2026-09-18T14:31:00+00:00,7689,7689.5,7687,7687.25,2103
2026-09-18T14:32:00+00:00,7687.25,7689.75,7687.25,7688.5,1547
2026-09-18T14:33:00+00:00,7688.5,7688.75,7687,7688.25,1259
2026-09-18T14:34:00+00:00,7688,7688.5,7686.25,7687.5,1302
2026-09-18T14:35:00+00:00,7687.75,7688.5,7686.75,7687.5,967
2026-09-18T14:36:00+00:00,7687.5,7687.75,7685.25,7686.25,1677
2026-09-18T14:37:00+00:00,7686.5,7688.5,7685.75,7687.75,1278
2026-09-18T14:38:00+00:00,7688,7689.25,7687.75,7689,990
2026-09-18T14:39:00+00:00,7689,7693.5,7688.75,7690.75,7790
2026-09-18T14:40:00+00:00,7690.25,7691,7688.75,7690.5,1870
2026-09-18T14:41:00+00:00,7690.5,7690.75,7688,7689,1722
2026-09-18T14:42:00+00:00,7689.25,7689.5,7684.5,7686,2661
2026-09-18T14:43:00+00:00,7686,7686,7684,7684.75,1379
2026-09-18T14:44:00+00:00,7684.75,7685.75,7684.25,7685.5,948
2026-09-18T14:45:00+00:00,7685.75,7686.25,7684,7685.25,1298
2026-09-18T14:46:00+00:00,7685,7689,7685,7687.75,2205
2026-09-18T14:47:00+00:00,7687.75,7689,7686.25,7686.5,1188
2026-09-18T14:48:00+00:00,7686.75,7688,7686.25,7688,845
2026-09-18T14:49:00+00:00,7688,7690.75,7687.75,7690.25,1966
2026-09-18T14:50:00+00:00,7690,7692,7688.75,7691.75,2232
2026-09-18T14:51:00+00:00,7691.75,7693.25,7691,7693.25,2251
2026-09-18T14:52:00+00:00,7693,7695.5,7692.25,7694.5,3229
2026-09-18T14:53:00+00:00,7694.5,7695.25,7693.25,7694.5,1688
2026-09-18T14:54:00+00:00,7694.25,7694.75,7692.5,7693.75,1478
2026-09-18T14:55:00+00:00,7693.75,7694.75,7692.5,7692.75,1216
2026-09-18T14:56:00+00:00,7693,7693.75,7692,7692.75,958
2026-09-18T14:57:00+00:00,7692.5,7693.5,7691.5,7692.75,1319
2026-09-18T14:58:00+00:00,7692.75,7694.25,7692.25,7693.25,1383
2026-09-18T14:59:00+00:00,7693.25,7695.25,7693.25,7695,1645
2026-09-18T15:00:00+00:00,7695,7695.75,7693,7693.75,2615
2026-09-18T15:01:00+00:00,7694,7694.25,7691.75,7692.25,1563
2026-09-18T15:02:00+00:00,7692,7692.25,7689.5,7691.5,3151
2026-09-18T15:03:00+00:00,7691.5,7693.25,7690.25,7693,1883
2026-09-18T15:04:00+00:00,7693,7693.25,7691.75,7692.25,752
2026-09-18T15:05:00+00:00,7692.25,7695,7691.5,7695,1354
2026-09-18T15:06:00+00:00,7695,7696,7693.25,7694.75,1905
2026-09-18T15:07:00+00:00,7694.75,7696,7694.25,7695.75,1123
2026-09-18T15:08:00+00:00,7695.75,7695.75,7693.25,7695.25,1071
2026-09-18T15:09:00+00:00,7695.25,7695.5,7692.75,7692.75,1092
2026-09-18T15:10:00+00:00,7693,7695,7692.5,7694.5,1305
2026-09-18T15:11:00+00:00,7694.5,7695,7691.75,7692,1499
2026-09-18T15:12:00+00:00,7692,7692.75,7691,7691.5,1231
2026-09-18T15:13:00+00:00,7691.5,7693.25,7690.25,7692.75,1665
2026-09-18T15:14:00+00:00,7692.75,7692.75,7690.25,7691,695
2026-09-18T15:15:00+00:00,7691.25,7692.75,7690.75,7692,980
2026-09-18T15:16:00+00:00,7692,7692.5,7690,7690.25,1124
2026-09-18T15:17:00+00:00,7690.25,7692.25,7690,7690.5,1011
2026-09-18T15:18:00+00:00,7691.25,7691.75,7690,7690.75,804
2026-09-18T15:19:00+00:00,7690.75,7693.75,7690.75,7693.5,1350
2026-09-18T15:20:00+00:00,7693.5,7694,7692.5,7693.75,1285
2026-09-18T15:21:00+00:00,7693.5,7693.75,7692,7692,748
2026-09-18T15:22:00+00:00,7692.25,7694,7692,7692.5,1078
2026-09-18T15:23:00+00:00,7692.75,7694.75,7692.75,7693.5,836
2026-09-18T15:24:00+00:00,7693.5,7694,7692.5,7693.75,804
2026-09-18T15:25:00+00:00,7693.75,7695,7693.25,7695,994
2026-09-18T15:26:00+00:00,7695,7696.5,7694.75,7695,1858
2026-09-18T15:27:00+00:00,7695.25,7695.75,7694.25,7695.25,706
2026-09-18T15:28:00+00:00,7695.25,7696,7695,7695.5,866
2026-09-18T15:29:00+00:00,7695.25,7696.5,7694,7695.5,1433
2026-09-18T15:30:00+00:00,7695.5,7696.75,7691.25,7692.75,6068
2026-09-18T15:31:00+00:00,7692.75,7693.5,7691.25,7692,2600
2026-09-18T15:32:00+00:00,7692,7692.5,7690.5,7692.25,1466
2026-09-18T15:33:00+00:00,7692.5,7693.75,7692,7693.5,1246
2026-09-18T15:34:00+00:00,7693,7693.75,7691.5,7693.75,982
2026-09-18T15:35:00+00:00,7693.5,7694.25,7692.75,7694,984
2026-09-18T15:36:00+00:00,7694,7694.75,7692.75,7694,798
2026-09-18T15:37:00+00:00,7693.75,7693.75,7691.5,7691.5,1045
2026-09-18T15:38:00+00:00,7691.5,7692,7689.5,7690,2117
2026-09-18T15:39:00+00:00,7690,7690.25,7687.75,7688.25,2380
2026-09-18T15:40:00+00:00,7688.25,7688.5,7686.5,7687.5,2007
2026-09-18T15:41:00+00:00,7687.25,7688.5,7687,7687.75,1587
2026-09-18T15:42:00+00:00,7688,7688.75,7686.75,7688.5,1071
2026-09-18T15:43:00+00:00,7688.5,7689.75,7688,7688.25,963
2026-09-18T15:44:00+00:00,7688.5,7689,7687.5,7688.25,1220
2026-09-18T15:45:00+00:00,7688.5,7689.5,7686.5,7686.5,1253
2026-09-18T15:46:00+00:00,7686.5,7688.5,7686.5,7687,1019
2026-09-18T15:47:00+00:00,7686.75,7687.5,7686.5,7687,649
2026-09-18T15:48:00+00:00,7686.75,7688,7686.25,7687,636
2026-09-18T15:49:00+00:00,7687,7687.5,7686.5,7687,748
2026-09-18T15:50:00+00:00,7687,7688.75,7686.25,7688.75,1049
2026-09-18T15:51:00+00:00,7689,7689,7687.25,7687.5,685
2026-09-18T15:52:00+00:00,7687.5,7687.5,7685.75,7687.5,1066
2026-09-18T15:53:00+00:00,7687.25,7687.5,7685,7685.25,945
2026-09-18T15:54:00+00:00,7685,7685.75,7684.25,7685,1294
2026-09-18T15:55:00+00:00,7684.75,7686,7684.5,7685,1120
2026-09-18T15:56:00+00:00,7685.25,7687.5,7685,7687,1435
2026-09-18T15:57:00+00:00,7687,7687.5,7685.25,7685.25,860
2026-09-18T15:58:00+00:00,7685.5,7685.75,7684,7684.25,880
2026-09-18T15:59:00+00:00,7684,7685.5,7683.75,7685.5,1184
2026-09-18T16:00:00+00:00,7685.25,7685.5,7682.75,7683.75,2267
2026-09-18T16:01:00+00:00,7683.75,7684.5,7682.25,7683,1547
2026-09-18T16:02:00+00:00,7683,7684.5,7682,7683.75,1528
2026-09-18T16:03:00+00:00,7683.75,7684.5,7682.75,7683.75,707
2026-09-18T16:04:00+00:00,7683.5,7683.75,7682.75,7683.5,710
2026-09-18T16:05:00+00:00,7683.75,7684.75,7683.25,7684.5,721
2026-09-18T16:06:00+00:00,7684.25,7686.75,7684.25,7686.25,1805
2026-09-18T16:07:00+00:00,7686.5,7687.75,7686.25,7687.5,1592
2026-09-18T16:08:00+00:00,7687.75,7687.75,7685,7685.25,941
2026-09-18T16:09:00+00:00,7685.25,7687,7685.25,7686.75,877
2026-09-18T16:10:00+00:00,7686.75,7687.25,7685.75,7686.5,570
2026-09-18T16:11:00+00:00,7686.25,7687.25,7685.75,7686.5,702
2026-09-18T16:12:00+00:00,7686.5,7687.5,7686.25,7686.75,649
2026-09-18T16:13:00+00:00,7686.75,7686.75,7685.25,7685.25,863
2026-09-18T16:14:00+00:00,7685,7686.75,7685,7686,627
2026-09-18T16:15:00+00:00,7685.75,7686.25,7684.5,7684.5,935
2026-09-18T16:16:00+00:00,7684.75,7685.75,7684.25,7684.75,828
2026-09-18T16:17:00+00:00,7684.75,7686.25,7684.75,7685.5,698
2026-09-18T16:18:00+00:00,7685.5,7687.25,7685.5,7686,817
2026-09-18T16:19:00+00:00,7686.25,7686.5,7685.75,7686.5,456
2026-09-18T16:20:00+00:00,7686.5,7686.5,7684.5,7685.25,699
2026-09-18T16:21:00+00:00,7685.5,7686,7684.75,7685.5,412
2026-09-18T16:22:00+00:00,7685.25,7685.5,7684,7684.5,634
2026-09-18T16:23:00+00:00,7684.75,7684.75,7678.25,7678.75,5602
2026-09-18T16:24:00+00:00,7678.75,7678.75,7677.5,7678,2778
2026-09-18T16:25:00+00:00,7677.75,7678,7675,7677.25,4165
2026-09-18T16:26:00+00:00,7677.25,7678.5,7676.25,7677.25,2359
2026-09-18T16:27:00+00:00,7677.5,7680,7677.5,7680,2000
2026-09-18T16:28:00+00:00,7680,7683.5,7679,7681.5,8146
2026-09-18T16:29:00+00:00,7681.25,7685,7681,7683.25,3188
2026-09-18T16:30:00+00:00,7683.25,7685.25,7681.25,7685.25,3354
2026-09-18T16:31:00+00:00,7685.5,7685.5,7683,7683.25,1367
2026-09-18T16:32:00+00:00,7683,7685,7682.75,7684.75,1222
2026-09-18T16:33:00+00:00,7684.75,7687.75,7684.25,7687.25,4143
2026-09-18T16:34:00+00:00,7687.25,7689,7686.75,7687,2357
2026-09-18T16:35:00+00:00,7687,7688.5,7686.5,7687.25,1295
2026-09-18T16:36:00+00:00,7687.25,7688,7685.75,7685.75,1080
2026-09-18T16:37:00+00:00,7685.75,7686.75,7685.25,7685.5,858
2026-09-18T16:38:00+00:00,7685.25,7686.25,7684,7684.5,1847
2026-09-18T16:39:00+00:00,7684.5,7686.75,7684.25,7685.5,1098
2026-09-18T16:40:00+00:00,7685.5,7686.5,7685,7685,760
2026-09-18T16:41:00+00:00,7685,7685.75,7684.25,7684.25,693
2026-09-18T16:42:00+00:00,7684.25,7687,7684,7687,970
2026-09-18T16:43:00+00:00,7687,7687.25,7685.75,7686,789
2026-09-18T16:44:00+00:00,7686,7688.75,7686,7686.75,1405
2026-09-18T16:45:00+00:00,7686.75,7687.25,7686,7686.75,969
2026-09-18T16:46:00+00:00,7686.5,7687,7685.25,7685.25,577
2026-09-18T16:47:00+00:00,7685.5,7686.25,7683.5,7686,1419
2026-09-18T16:48:00+00:00,7686,7686.25,7684.75,7685,964
2026-09-18T16:49:00+00:00,7685,7687.75,7685,7687.75,1152
2026-09-18T16:50:00+00:00,7687.5,7688.75,7687.25,7688,1209
2026-09-18T16:51:00+00:00,7688,7689.5,7687.5,7688.75,943
2026-09-18T16:52:00+00:00,7688.75,7690.75,7688.75,7690.5,1847
2026-09-18T16:53:00+00:00,7690.5,7691.5,7690.25,7691,1113
2026-09-18T16:54:00+00:00,7691,7691,7690,7690.5,1172
2026-09-18T16:55:00+00:00,7690.5,7690.75,7689.75,7690.5,726
2026-09-18T16:56:00+00:00,7690.25,7690.75,7689.25,7689.75,860
2026-09-18T16:57:00+00:00,7689.75,7691,7689.75,7690.25,524
2026-09-18T16:58:00+00:00,7690.25,7691.5,7689,7689.5,2485
2026-09-18T16:59:00+00:00,7689.5,7690.25,7689,7689.75,645
2026-09-18T17:00:00+00:00,7690,7690.25,7687.75,7688.5,2082
2026-09-18T17:01:00+00:00,7688.25,7689.25,7688.25,7688.75,695
2026-09-18T17:02:00+00:00,7689,7689.75,7688.75,7689.25,552
2026-09-18T17:03:00+00:00,7689.25,7690.75,7689,7690,774
2026-09-18T17:04:00+00:00,7690,7690,7689.5,7689.5,373
2026-09-18T17:05:00+00:00,7689.5,7691.25,7689.25,7690.5,657
2026-09-18T17:06:00+00:00,7690.5,7691.5,7690.25,7690.5,569
2026-09-18T17:07:00+00:00,7690.25,7691,7690,7690.75,296
2026-09-18T17:08:00+00:00,7691,7691.5,7690,7690,590
2026-09-18T17:09:00+00:00,7690,7690.5,7688.5,7689.25,1045
2026-09-18T17:10:00+00:00,7689.25,7689.75,7687.75,7688,1336
2026-09-18T17:11:00+00:00,7688.25,7688.5,7687,7688,1179
2026-09-18T17:12:00+00:00,7687.75,7688,7686,7686.75,1185
2026-09-18T17:13:00+00:00,7686.75,7689,7686.5,7688.5,1053
2026-09-18T17:14:00+00:00,7688.25,7689.25,7688.25,7689.25,431
2026-09-18T17:15:00+00:00,7689.25,7690.5,7688.5,7690.5,934
2026-09-18T17:16:00+00:00,7690.25,7690.5,7688.5,7689.25,825
2026-09-18T17:17:00+00:00,7689.25,7691,7689,7690.75,793
2026-09-18T17:18:00+00:00,7690.75,7690.75,7688.75,7688.75,816
2026-09-18T17:19:00+00:00,7689,7689.75,7688.5,7689.5,757
2026-09-18T17:20:00+00:00,7689.75,7689.75,7688.5,7688.75,368
2026-09-18T17:21:00+00:00,7689,7690,7689,7689.5,352
2026-09-18T17:22:00+00:00,7689.5,7690.75,7689,7690.75,364
2026-09-18T17:23:00+00:00,7690.75,7691,7690.25,7690.75,560
2026-09-18T17:24:00+00:00,7690.5,7691.25,7690.25,7691.25,373
2026-09-18T17:25:00+00:00,7691.25,7691.75,7690.5,7691.75,887
2026-09-18T17:26:00+00:00,7691.75,7691.75,7690.75,7691.5,466
2026-09-18T17:27:00+00:00,7691.5,7691.75,7691,7691.5,352
2026-09-18T17:28:00+00:00,7691.75,7692,7690.75,7690.75,482
2026-09-18T17:29:00+00:00,7690.5,7691,7689.75,7690.25,748
2026-09-18T17:30:00+00:00,7690.25,7690.5,7688.75,7689.25,803
2026-09-18T17:31:00+00:00,7689.25,7689.5,7689,7689.25,460
2026-09-18T17:32:00+00:00,7689.25,7689.75,7688.75,7689.5,514
2026-09-18T17:33:00+00:00,7689.5,7689.5,7688.25,7688.75,546
2026-09-18T17:34:00+00:00,7689,7690.75,7688.75,7690.25,959
2026-09-18T17:35:00+00:00,7690.5,7692.25,7690.25,7692.25,1184
2026-09-18T17:36:00+00:00,7692.25,7693.5,7692.25,7692.75,1572
2026-09-18T17:37:00+00:00,7692.75,7693.5,7692.25,7692.5,721
2026-09-18T17:38:00+00:00,7692.5,7692.75,7692,7692.75,392
2026-09-18T17:39:00+00:00,7692.75,7693.25,7692.5,7693.25,330
2026-09-18T17:40:00+00:00,7693,7693.25,7692.5,7693,556
2026-09-18T17:41:00+00:00,7692.75,7692.75,7692,7692.25,711
2026-09-18T17:42:00+00:00,7692.5,7692.5,7691.5,7692,582
2026-09-18T17:43:00+00:00,7692,7692.75,7692,7692.25,490
2026-09-18T17:44:00+00:00,7692.25,7694,7692.25,7693.75,802
2026-09-18T17:45:00+00:00,7693.75,7694.25,7693.25,7693.5,839
2026-09-18T17:46:00+00:00,7693.5,7693.75,7693,7693.5,468
2026-09-18T17:47:00+00:00,7693.75,7694.5,7693.25,7693.5,741
2026-09-18T17:48:00+00:00,7693.5,7694.25,7692.75,7693,458
2026-09-18T17:49:00+00:00,7692.75,7693.25,7692.25,7692.5,461
2026-09-18T17:50:00+00:00,7692.5,7693.75,7692.5,7693.75,444
2026-09-18T17:51:00+00:00,7693.75,7694.5,7693.75,7694.25,418
2026-09-18T17:52:00+00:00,7694.25,7695,7694,7695,459
2026-09-18T17:53:00+00:00,7695,7695,7694,7694.75,702
2026-09-18T17:54:00+00:00,7694.75,7694.75,7694,7694,406
2026-09-18T17:55:00+00:00,7694,7694.5,7693.5,7694,593
2026-09-18T17:56:00+00:00,7694.25,7694.5,7694,7694.5,326
2026-09-18T17:57:00+00:00,7694.25,7695,7694.25,7694.5,498
2026-09-18T17:58:00+00:00,7694.5,7694.5,7694,7694.5,509
2026-09-18T17:59:00+00:00,7694.75,7695.25,7694.5,7694.75,610
2026-09-18T18:00:00+00:00,7694.75,7694.75,7693,7693.25,1080
2026-09-18T18:01:00+00:00,7693.25,7696,7693,7695.25,1522
2026-09-18T18:02:00+00:00,7695.25,7695.75,7695,7695.5,642
2026-09-18T18:03:00+00:00,7695.75,7695.75,7694.75,7695.25,410
2026-09-18T18:04:00+00:00,7695.25,7696.25,7695.25,7695.25,623
2026-09-18T18:05:00+00:00,7695.25,7696,7694.75,7695,524
2026-09-18T18:06:00+00:00,7695,7695.25,7694.25,7694.25,542
2026-09-18T18:07:00+00:00,7694.25,7695,7694,7695,368
2026-09-18T18:08:00+00:00,7695,7695.25,7694.25,7694.25,409
2026-09-18T18:09:00+00:00,7694.25,7694.5,7693.75,7694.25,351
2026-09-18T18:10:00+00:00,7694.25,7695.25,7694,7695,356
2026-09-18T18:11:00+00:00,7694.75,7694.75,7693,7694.25,1030
2026-09-18T18:12:00+00:00,7694.25,7694.75,7693,7694.75,806
2026-09-18T18:13:00+00:00,7694.5,7695.5,7693.75,7695.25,750
2026-09-18T18:14:00+00:00,7695.25,7695.5,7694.5,7694.5,402
2026-09-18T18:15:00+00:00,7694.5,7695.5,7694.5,7695,407
2026-09-18T18:16:00+00:00,7695,7696.5,7695,7696,988
2026-09-18T18:17:00+00:00,7696.25,7696.5,7695.25,7695.5,623
2026-09-18T18:18:00+00:00,7695.75,7697,7695.5,7696.5,914
2026-09-18T18:19:00+00:00,7696.75,7697.75,7696.25,7697.75,1158
2026-09-18T18:20:00+00:00,7697.75,7698.75,7697.25,7698.5,1547
2026-09-18T18:21:00+00:00,7698.5,7700.5,7698.5,7700,3549
2026-09-18T18:22:00+00:00,7699.75,7702.5,7699.75,7702.25,2957
2026-09-18T18:23:00+00:00,7702.25,7703.25,7700,7700.5,2731
2026-09-18T18:24:00+00:00,7700.5,7700.75,7699.5,7700.25,1235
2026-09-18T18:25:00+00:00,7700,7700.75,7699.25,7699.75,1123
2026-09-18T18:26:00+00:00,7699.5,7700.25,7699.25,7699.75,819
2026-09-18T18:27:00+00:00,7699.5,7701,7699.25,7700.25,893
2026-09-18T18:28:00+00:00,7700.25,7700.25,7698.75,7699.75,902
2026-09-18T18:29:00+00:00,7699.75,7701.75,7699.75,7701.75,812
2026-09-18T18:30:00+00:00,7701.75,7702,7699.75,7699.75,1120
2026-09-18T18:31:00+00:00,7699.75,7700,7699.25,7699.5,550
2026-09-18T18:32:00+00:00,7699.5,7700.5,7699.25,7700.5,319
2026-09-18T18:33:00+00:00,7700.5,7701,7700,7700.75,649
2026-09-18T18:34:00+00:00,7700.75,7702.25,7700.5,7702.25,649
2026-09-18T18:35:00+00:00,7702.25,7702.25,7701,7702.25,859
2026-09-18T18:36:00+00:00,7702.25,7702.25,7700.25,7700.75,790
2026-09-18T18:37:00+00:00,7701,7701,7699.5,7700.25,671
2026-09-18T18:38:00+00:00,7700.5,7700.5,7699,7699.75,840
2026-09-18T18:39:00+00:00,7700,7701,7700,7700.5,486
2026-09-18T18:40:00+00:00,7700.5,7700.5,7699.5,7700.5,393
2026-09-18T18:41:00+00:00,7700.25,7700.5,7699.75,7700,340
2026-09-18T18:42:00+00:00,7700,7701.5,7700,7701.5,535
2026-09-18T18:43:00+00:00,7701.5,7702,7701.25,7701.75,403
2026-09-18T18:44:00+00:00,7702,7702.75,7701.5,7702.5,604
2026-09-18T18:45:00+00:00,7702.5,7705.5,7702.25,7705.25,3057
2026-09-18T18:46:00+00:00,7705.5,7710.5,7705,7710.25,5798
2026-09-18T18:47:00+00:00,7710.25,7712.25,7709.25,7711.25,3442
2026-09-18T18:48:00+00:00,7711.5,7711.5,7710,7710.5,2506
2026-09-18T18:49:00+00:00,7710.5,7711,7709.25,7709.75,1769
2026-09-18T18:50:00+00:00,7709.75,7710.75,7709,7709.5,1626
2026-09-18T18:51:00+00:00,7709.75,7710.75,7709.25,7709.75,771
2026-09-18T18:52:00+00:00,7710,7711,7709.75,7710.5,926
2026-09-18T18:53:00+00:00,7710.5,7714.75,7710.25,7713.75,2995
2026-09-18T18:54:00+00:00,7714,7715.75,7712,7712.25,3375
2026-09-18T18:55:00+00:00,7712.25,7712.5,7710,7711.25,1850
2026-09-18T18:56:00+00:00,7711.25,7711.75,7710,7710.25,988
2026-09-18T18:57:00+00:00,7710,7711.5,7709.75,7711,1114
2026-09-18T18:58:00+00:00,7711,7711,7709.75,7710.25,648
2026-09-18T18:59:00+00:00,7710.25,7710.5,7708.75,7709.75,1539
2026-09-18T19:00:00+00:00,7710,7710.75,7709,7710.25,1226
2026-09-18T19:01:00+00:00,7710.25,7710.25,7708,7708.25,1358
2026-09-18T19:02:00+00:00,7708.5,7709.25,7708.25,7709,789
2026-09-18T19:03:00+00:00,7709,7709.75,7708.75,7709,581
2026-09-18T19:04:00+00:00,7709,7711.75,7709,7710.25,1939
2026-09-18T19:05:00+00:00,7710.5,7711.25,7710,7711.25,688
2026-09-18T19:06:00+00:00,7711.25,7712,7709.25,7709.5,1182
2026-09-18T19:07:00+00:00,7709.75,7709.75,7708,7708.25,1288
2026-09-18T19:08:00+00:00,7708.25,7709.5,7708,7708,643
2026-09-18T19:09:00+00:00,7708.25,7709.5,7708.25,7709.5,575
2026-09-18T19:10:00+00:00,7709.5,7710,7708.75,7709,475
2026-09-18T19:11:00+00:00,7709,7710.5,7708.5,7710.25,563
2026-09-18T19:12:00+00:00,7710.25,7711.25,7709.75,7711.25,1426
2026-09-18T19:13:00+00:00,7711,7711.25,7708,7708.5,1209
2026-09-18T19:14:00+00:00,7708.25,7709,7707.75,7709,1247
2026-09-18T19:15:00+00:00,7709,7709.25,7708,7709,627
2026-09-18T19:16:00+00:00,7709,7709.75,7708.5,7709,550
2026-09-18T19:17:00+00:00,7709.25,7709.5,7708.5,7709,332
2026-09-18T19:18:00+00:00,7709.25,7709.5,7708.75,7708.75,355
2026-09-18T19:19:00+00:00,7708.75,7709.25,7707.5,7709.25,795
2026-09-18T19:20:00+00:00,7709.25,7709.5,7707.75,7709,727
2026-09-18T19:21:00+00:00,7709.25,7710.25,7708.75,7709.25,666
2026-09-18T19:22:00+00:00,7709.25,7709.5,7708.25,7708.5,426
2026-09-18T19:23:00+00:00,7708.75,7709,7708.25,7708.25,728
2026-09-18T19:24:00+00:00,7708.25,7708.75,7707.5,7708.25,889
2026-09-18T19:25:00+00:00,7708.25,7708.5,7707.5,7707.5,674
2026-09-18T19:26:00+00:00,7707.5,7708.5,7707.25,7708.5,616
2026-09-18T19:27:00+00:00,7708.25,7708.75,7708,7708.5,545
2026-09-18T19:28:00+00:00,7708.5,7708.5,7707.75,7708.25,516
2026-09-18T19:29:00+00:00,7708.5,7708.5,7705.75,7706.25,2077
2026-09-18T19:30:00+00:00,7706,7706.75,7704.25,7705.25,3075
2026-09-18T19:31:00+00:00,7705.25,7706,7704.5,7705,1003
2026-09-18T19:32:00+00:00,7705,7706,7704.5,7705.25,969
2026-09-18T19:33:00+00:00,7705,7705.5,7704.5,7705.25,925
2026-09-18T19:34:00+00:00,7705.25,7705.75,7704.5,7704.5,925
2026-09-18T19:35:00+00:00,7704.75,7706,7704.25,7704.5,1037
2026-09-18T19:36:00+00:00,7704.5,7706.75,7704.5,7706.75,1170
2026-09-18T19:37:00+00:00,7706.75,7708.75,7706.25,7708,2255
2026-09-18T19:38:00+00:00,7708,7708.75,7707.75,7708.75,921
2026-09-18T19:39:00+00:00,7708.75,7710,7708.75,7709.25,1359
2026-09-18T19:40:00+00:00,7709.5,7710,7708.25,7708.75,1655
2026-09-18T19:41:00+00:00,7708.5,7709.25,7708,7709,1035
2026-09-18T19:42:00+00:00,7709.25,7710,7708.75,7709.5,1340
2026-09-18T19:43:00+00:00,7709.5,7711.25,7709.25,7710.75,1310
2026-09-18T19:44:00+00:00,7711,7712.25,7710.75,7712.25,1604
2026-09-18T19:45:00+00:00,7712.25,7712.5,7710.75,7711.5,2502
2026-09-18T19:46:00+00:00,7711.75,7713,7711.25,7713,2113
2026-09-18T19:47:00+00:00,7713,7714.5,7712.75,7713.5,1956
2026-09-18T19:48:00+00:00,7713.5,7714.75,7713.25,7714.5,1372
2026-09-18T19:49:00+00:00,7714.25,7715,7714,7715,2014
2026-09-18T19:50:00+00:00,7714.75,7716.5,7711,7711.75,7806
2026-09-18T19:51:00+00:00,7712,7713.25,7711,7711,2044
2026-09-18T19:52:00+00:00,7711,7712,7710.25,7711.25,1503
2026-09-18T19:53:00+00:00,7711.25,7713,7711.25,7712,1559
2026-09-18T19:54:00+00:00,7712.25,7713.25,7711.25,7712.75,3377
2026-09-18T19:55:00+00:00,7712.75,7718.25,7712.75,7713.75,6970
2026-09-18T19:56:00+00:00,7713.75,7715.25,7713,7714,3156
2026-09-18T19:57:00+00:00,7713.75,7717.75,7713.75,7717.75,3867
2026-09-18T19:58:00+00:00,7717.5,7717.5,7711.25,7712,6229
2026-09-18T19:59:00+00:00,7712,7715,7710.25,7712.5,18264
2026-09-18T20:00:00+00:00,7712.25,7719.5,7711.75,7719.25,6239
2026-09-18T20:01:00+00:00,7719,7721,7718,7720.75,2882
2026-09-18T20:02:00+00:00,7720.75,7723.5,7720.75,7720.75,2345
2026-09-18T20:03:00+00:00,7720.75,7723.25,7719.75,7722.25,1114
2026-09-18T20:04:00+00:00,7722.25,7723,7722,7722.5,461
2026-09-18T20:05:00+00:00,7722.25,7723.75,7721.75,7723.75,547
2026-09-18T20:06:00+00:00,7723.75,7723.75,7722.75,7722.75,468
2026-09-18T20:07:00+00:00,7722.75,7723.75,7722.5,7723.75,423
2026-09-18T20:08:00+00:00,7723.5,7723.75,7722.75,7722.75,231
2026-09-18T20:09:00+00:00,7722.75,7723,7721.75,7722.75,443
2026-09-18T20:10:00+00:00,7722.75,7726.75,7722.75,7726.25,1665
2026-09-18T20:11:00+00:00,7726.25,7729.25,7725.75,7727.75,1486
2026-09-18T20:12:00+00:00,7728,7728.75,7726.75,7728.25,737
2026-09-18T20:13:00+00:00,7728,7728,7726.5,7726.75,525
2026-09-18T20:14:00+00:00,7726.5,7727,7725.5,7725.75,880
2026-09-18T20:15:00+00:00,7725.75,7726.25,7724.75,7725.5,900
2026-09-18T20:16:00+00:00,7725.5,7725.5,7724.25,7725.25,467
2026-09-18T20:17:00+00:00,7725,7725.75,7725,7725,310
2026-09-18T20:18:00+00:00,7725,7725.5,7724.25,7724.25,253
2026-09-18T20:19:00+00:00,7724.5,7724.5,7723.75,7723.75,380
2026-09-18T20:20:00+00:00,7724,7725.5,7724,7724.75,323
2026-09-18T20:21:00+00:00,7725,7725,7724.25,7724.75,172
2026-09-18T20:22:00+00:00,7724.5,7724.75,7724,7724.5,236
2026-09-18T20:23:00+00:00,7724.5,7725.25,7724.5,7725,197
2026-09-18T20:24:00+00:00,7724.75,7725.25,7724.25,7725,272
2026-09-18T20:25:00+00:00,7725,7726,7724.75,7725.75,293
2026-09-18T20:26:00+00:00,7725.5,7725.75,7725.25,7725.5,245
2026-09-18T20:27:00+00:00,7725.5,7725.75,7725.25,7725.5,127
2026-09-18T20:28:00+00:00,7725.75,7726,7725.25,7725.75,119
2026-09-18T20:29:00+00:00,7726,7726.25,7725.25,7726.25,241
2026-09-18T20:30:00+00:00,7726.25,7726.75,7726,7726.75,331
2026-09-18T20:31:00+00:00,7726.5,7726.75,7725,7725.75,294
2026-09-18T20:32:00+00:00,7725.75,7725.75,7724.75,7725,285
2026-09-18T20:33:00+00:00,7725,7725.25,7724.75,7725,67
2026-09-18T20:34:00+00:00,7725.25,7726.25,7725.25,7725.5,303
2026-09-18T20:35:00+00:00,7725.5,7725.5,7724.75,7725,148
2026-09-18T20:36:00+00:00,7725,7726,7725,7726,235
2026-09-18T20:37:00+00:00,7726,7726,7724.75,7725,119
2026-09-18T20:38:00+00:00,7725,7725,7724.5,7724.75,221
2026-09-18T20:39:00+00:00,7724.75,7726,7724.5,7725.75,458
2026-09-18T20:40:00+00:00,7725.75,7727.25,7725.5,7727,468
2026-09-18T20:41:00+00:00,7727,7727.25,7726.75,7727.25,170
2026-09-18T20:42:00+00:00,7727.25,7727.5,7726.75,7727,265
2026-09-18T20:43:00+00:00,7727,7727.5,7726.5,7727.25,327
2026-09-18T20:44:00+00:00,7727.25,7727.5,7726.5,7727.25,333
2026-09-18T20:45:00+00:00,7727.25,7728.5,7727,7727.75,506
2026-09-18T20:46:00+00:00,7728,7728.75,7727.75,7728.75,291
2026-09-18T20:47:00+00:00,7728.5,7728.5,7727,7727.25,473
2026-09-18T20:48:00+00:00,7727,7727.25,7725.75,7726,452
2026-09-18T20:49:00+00:00,7726,7727,7726,7726.75,233
2026-09-18T20:50:00+00:00,7726.5,7727.25,7726.5,7727,276
2026-09-18T20:51:00+00:00,7727,7728,7727,7727.25,240
2026-09-18T20:52:00+00:00,7727,7727.5,7726,7726,379
2026-09-18T20:53:00+00:00,7726,7726,7725.25,7725.25,344
2026-09-18T20:54:00+00:00,7725.5,7725.5,7724.75,7725,241
2026-09-18T20:55:00+00:00,7725,7726,7724.75,7725.5,214
2026-09-18T20:56:00+00:00,7725.5,7726,7725.25,7725.5,48
2026-09-18T20:57:00+00:00,7725.25,7725.5,7725,7725.25,107
2026-09-18T20:58:00+00:00,7725,7725.5,7724.5,7724.75,196
2026-09-18T20:59:00+00:00,7725,7725.5,7712.5,7712.5,543
2026-09-20T22:10:00+00:00,7721.75,7722.25,7721.25,7721.75,0
2026-09-20T22:11:00+00:00,7721.75,7723,7721.75,7722.25,329
2026-09-20T22:12:00+00:00,7722.5,7725,7722.25,7723.5,536
2026-09-20T22:13:00+00:00,7723.75,7724.25,7723,7724,260
2026-09-20T22:14:00+00:00,7724,7726.5,7723.5,7726,485
2026-09-20T22:15:00+00:00,7725.5,7725.75,7724,7725.5,348
2026-09-20T22:16:00+00:00,7725.5,7727.75,7725,7726.5,526
2026-09-20T22:17:00+00:00,7726.5,7727,7725.25,7725.5,209
2026-09-20T22:18:00+00:00,7725.75,7726.5,7725.25,7726.25,289
2026-09-20T22:19:00+00:00,7726,7726.5,7725.5,7725.5,113
2026-09-20T22:20:00+00:00,7726,7726,7725.25,7725.5,107
2026-09-20T22:21:00+00:00,7725.5,7725.75,7725,7725.5,144
2026-09-20T22:22:00+00:00,7725.5,7727,7725.25,7726.75,246
2026-09-20T22:23:00+00:00,7726.5,7727.25,7725.75,7726,224
2026-09-20T22:24:00+00:00,7725.75,7726.5,7725.5,7725.5,98
2026-09-20T22:25:00+00:00,7725.5,7727,7725.25,7727,184
2026-09-20T22:26:00+00:00,7727,7727,7726.25,7726.5,92
2026-09-20T22:27:00+00:00,7726.25,7727,7726.25,7726.75,88
2026-09-20T22:28:00+00:00,7726.5,7727,7725.75,7727,167
2026-09-20T22:29:00+00:00,7727,7728,7726.25,7728,224
2026-09-20T22:30:00+00:00,7727.75,7729,7727,7728.75,599
2026-09-20T22:31:00+00:00,7728.75,7730,7728.5,7729,530
2026-09-20T22:32:00+00:00,7728.75,7730,7728.5,7729.5,276
2026-09-20T22:33:00+00:00,7729.75,7730,7729.25,7729.75,113
2026-09-20T22:34:00+00:00,7730,7731,7730,7731,310
2026-09-20T22:35:00+00:00,7731,7732.5,7730.75,7732.5,543
2026-09-20T22:36:00+00:00,7732.25,7733.75,7732.25,7733.75,399
2026-09-20T22:37:00+00:00,7733.75,7733.75,7732.25,7732.5,264
2026-09-20T22:38:00+00:00,7732.25,7732.5,7731.75,7732,241
2026-09-20T22:39:00+00:00,7732,7732.25,7730.75,7731,298
2026-09-20T22:40:00+00:00,7731,7732,7731,7731.25,266
2026-09-20T22:41:00+00:00,7731.75,7732.75,7731.75,7732.5,217
2026-09-20T22:42:00+00:00,7732.25,7733,7732,7732.25,198
2026-09-20T22:43:00+00:00,7732,7732.5,7731,7731.75,200
2026-09-20T22:44:00+00:00,7731.75,7731.75,7729.5,7730.25,360
2026-09-20T22:45:00+00:00,7730,7731,7730,7730.75,211
2026-09-20T22:46:00+00:00,7731,7731.25,7730.75,7731,96
2026-09-20T22:47:00+00:00,7731.25,7732.25,7731.25,7732.25,138
2026-09-20T22:48:00+00:00,7732.5,7732.5,7730.5,7730.5,182
2026-09-20T22:49:00+00:00,7730.5,7730.75,7729.25,7730.5,318
2026-09-20T22:50:00+00:00,7730.5,7730.75,7730,7730.5,128
2026-09-20T22:51:00+00:00,7730.5,7731,7730.25,7730.75,130
2026-09-20T22:52:00+00:00,7730.5,7731,7730.25,7730.5,127
2026-09-20T22:53:00+00:00,7730.25,7730.75,7730.25,7730.5,91
2026-09-20T22:54:00+00:00,7730.5,7731.5,7730.5,7731,177
2026-09-20T22:55:00+00:00,7731,7732,7731,7731.5,191
2026-09-20T22:56:00+00:00,7731.5,7734,7731.5,7733,439
2026-09-20T22:57:00+00:00,7733.25,7734.25,7733,7733.75,320
2026-09-20T22:58:00+00:00,7734,7734.75,7733.75,7733.75,231
2026-09-20T22:59:00+00:00,7734,7734.5,7733.75,7734,184
2026-09-20T23:00:00+00:00,7733.75,7734,7733.25,7733.5,325
2026-09-20T23:01:00+00:00,7733.5,7733.75,7732.75,7732.75,164
2026-09-20T23:02:00+00:00,7732.5,7732.75,7731.75,7732.75,338
2026-09-20T23:03:00+00:00,7732.75,7732.75,7732,7732.5,137
2026-09-20T23:04:00+00:00,7732.25,7732.25,7731.75,7732,91
2026-09-20T23:05:00+00:00,7732.25,7732.5,7732,7732,107
2026-09-20T23:06:00+00:00,7732.25,7732.25,7731.75,7731.75,118
2026-09-20T23:07:00+00:00,7732,7732.25,7731.5,7732,116
2026-09-20T23:08:00+00:00,7732,7732.25,7731.5,7731.5,54
2026-09-20T23:09:00+00:00,7731.75,7732.25,7731.5,7732,71
2026-09-20T23:10:00+00:00,7732,7732,7731.5,7731.5,120
2026-09-20T23:11:00+00:00,7731.5,7732,7731.5,7731.75,53
2026-09-20T23:12:00+00:00,7731.75,7732.5,7731.75,7732.5,86
2026-09-20T23:13:00+00:00,7732.5,7732.75,7732,7732,124
2026-09-20T23:14:00+00:00,7732.25,7732.25,7732,7732,18
2026-09-20T23:15:00+00:00,7732.25,7732.25,7731.25,7731.25,171
2026-09-20T23:16:00+00:00,7731.25,7732,7731.25,7732,165
2026-09-20T23:17:00+00:00,7731.75,7732.25,7731.75,7732.25,31
2026-09-20T23:18:00+00:00,7732.25,7732.75,7732,7732.25,113
2026-09-20T23:19:00+00:00,7732.25,7732.25,7731.5,7732,109
2026-09-20T23:20:00+00:00,7732,7732.25,7732,7732.25,85
2026-09-20T23:21:00+00:00,7732,7732.25,7731.5,7732.25,112
2026-09-20T23:22:00+00:00,7732,7732.25,7732,7732,30
2026-09-20T23:23:00+00:00,7732.25,7732.5,7731.25,7731.75,103
2026-09-20T23:24:00+00:00,7731.5,7732.5,7731.5,7732.5,79
2026-09-20T23:25:00+00:00,7732.5,7732.75,7732,7732,84
2026-09-20T23:26:00+00:00,7732,7733,7732,7732.25,141
2026-09-20T23:27:00+00:00,7732.25,7733,7732,7733,122
2026-09-20T23:28:00+00:00,7732.75,7733.5,7732.75,7733.25,276
2026-09-20T23:29:00+00:00,7733.25,7733.5,7732.75,7732.75,75
2026-09-20T23:30:00+00:00,7733.25,7734,7732.75,7733.75,223
2026-09-20T23:31:00+00:00,7733.5,7734,7733.5,7734,82
2026-09-20T23:32:00+00:00,7734,7734,7732.75,7733,99
2026-09-20T23:33:00+00:00,7733,7733.25,7733,7733,59
2026-09-20T23:34:00+00:00,7733.25,7733.5,7733,7733,57
2026-09-20T23:35:00+00:00,7733.25,7733.25,7733.25,7733.25,20
2026-09-20T23:36:00+00:00,7733,7733.5,7733,7733.5,47
2026-09-20T23:37:00+00:00,7733.75,7734.5,7733.75,7734.5,207
2026-09-20T23:38:00+00:00,7734.25,7734.25,7733.75,7734,69
2026-09-20T23:39:00+00:00,7734,7735,7734,7734,409
2026-09-20T23:40:00+00:00,7734,7734.25,7733.5,7734,108
2026-09-20T23:41:00+00:00,7733.75,7734.25,7733.75,7734,72
2026-09-20T23:42:00+00:00,7734.25,7734.75,7734,7734.5,88
2026-09-20T23:43:00+00:00,7734.5,7734.5,7734.25,7734.25,34
2026-09-20T23:44:00+00:00,7734.25,7734.5,7733.75,7734,62
2026-09-20T23:45:00+00:00,7734,7734.25,7733,7733.5,276
2026-09-20T23:46:00+00:00,7733.25,7734,7733.25,7733.5,135
2026-09-20T23:47:00+00:00,7733,7733.75,7732.75,7733,91
2026-09-20T23:48:00+00:00,7733,7733.75,7732.75,7733.75,121
2026-09-20T23:49:00+00:00,7733.75,7734.5,7733.25,7733.25,173
2026-09-20T23:50:00+00:00,7733.5,7733.75,7732.5,7733,101
2026-09-20T23:51:00+00:00,7733,7734,7732.75,7733.5,73
2026-09-20T23:52:00+00:00,7733.5,7734,7733.25,7733.75,51
2026-09-20T23:53:00+00:00,7733.5,7733.75,7733.25,7733.75,64
2026-09-20T23:54:00+00:00,7733.75,7733.75,7732.75,7733.5,102
2026-09-20T23:55:00+00:00,7733.25,7734.5,7733.25,7734.25,216
2026-09-20T23:56:00+00:00,7734.25,7735,7734.25,7734.75,154
2026-09-20T23:57:00+00:00,7734.5,7734.5,7733.75,7734.25,89
2026-09-20T23:58:00+00:00,7734.25,7734.5,7734,7734,63
2026-09-20T23:59:00+00:00,7734.25,7734.75,7734.25,7734.5,111
2026-09-21T00:00:00+00:00,7734.5,7735.5,7733.75,7734.25,778
2026-09-21T00:01:00+00:00,7734.25,7734.25,7733.5,7733.75,227
2026-09-21T00:02:00+00:00,7734,7736.25,7733,7736,632
2026-09-21T00:03:00+00:00,7735.75,7736.25,7735.25,7736.25,143
2026-09-21T00:04:00+00:00,7736,7736.25,7735.5,7736,195
2026-09-21T00:05:00+00:00,7736,7738,7736,7736.75,762
2026-09-21T00:06:00+00:00,7737,7737.25,7736,7736.5,222
2026-09-21T00:07:00+00:00,7736.5,7736.5,7735,7735,420
2026-09-21T00:08:00+00:00,7735.25,7736.5,7735.25,7736.25,223
2026-09-21T00:09:00+00:00,7736,7736.25,7735.5,7736,134
2026-09-21T00:10:00+00:00,7735.75,7736,7735.25,7735.25,166
2026-09-21T00:11:00+00:00,7735,7735,7733.5,7734.5,374
2026-09-21T00:12:00+00:00,7734,7734.75,7733.75,7734.75,135
2026-09-21T00:13:00+00:00,7734.75,7735,7733.75,7734.25,127
2026-09-21T00:14:00+00:00,7734.25,7734.75,7734,7734.5,78
2026-09-21T00:15:00+00:00,7734.25,7734.5,7732.75,7733.75,466
2026-09-21T00:16:00+00:00,7733.75,7734.25,7732.75,7733.25,250
2026-09-21T00:17:00+00:00,7733,7733,7731.25,7731.25,494
2026-09-21T00:18:00+00:00,7731.25,7731.75,7730.75,7730.75,522
2026-09-21T00:19:00+00:00,7731,7731.75,7730.75,7731.5,170
2026-09-21T00:20:00+00:00,7731.5,7731.75,7730.75,7731.75,279
2026-09-21T00:21:00+00:00,7731.5,7734,7731.25,7733.5,531
2026-09-21T00:22:00+00:00,7733,7735.5,7733,7735,515
2026-09-21T00:23:00+00:00,7735.5,7736,7735,7735.75,441
2026-09-21T00:24:00+00:00,7735.75,7736.75,7735.75,7736,297
2026-09-21T00:25:00+00:00,7736,7736.75,7735.5,7735.75,208
2026-09-21T00:26:00+00:00,7736,7736.25,7735.75,7735.75,177
2026-09-21T00:27:00+00:00,7736,7737.75,7735.75,7737.5,371
2026-09-21T00:28:00+00:00,7737.5,7737.75,7736.75,7737,161
2026-09-21T00:29:00+00:00,7737,7737,7736.25,7736.5,177
2026-09-21T00:30:00+00:00,7736.5,7738,7736.5,7738,274
2026-09-21T00:31:00+00:00,7737.75,7738.25,7737.75,7738,301
2026-09-21T00:32:00+00:00,7738,7738.75,7737.75,7738.5,185
2026-09-21T00:33:00+00:00,7738.5,7740.25,7738,7739.25,798
2026-09-21T00:34:00+00:00,7739.25,7739.75,7739,7739.75,148
2026-09-21T00:35:00+00:00,7739.75,7740,7739.25,7739.5,195
2026-09-21T00:36:00+00:00,7739.5,7740.25,7739.5,7740,161
2026-09-21T00:37:00+00:00,7739.75,7740.5,7739.5,7739.75,196
2026-09-21T00:38:00+00:00,7739.75,7739.75,7738.75,7739,188
2026-09-21T00:39:00+00:00,7739,7741,7739,7740.5,526
2026-09-21T00:40:00+00:00,7740.5,7741.25,7739.5,7740.5,341
2026-09-21T00:41:00+00:00,7740.75,7740.75,7739.5,7739.5,200
2026-09-21T00:42:00+00:00,7740,7740.25,7739.25,7739.5,98
2026-09-21T00:43:00+00:00,7739.75,7740.25,7738.75,7739,232
2026-09-21T00:44:00+00:00,7739,7739.25,7738,7738.25,263
2026-09-21T00:45:00+00:00,7738.5,7739,7738.25,7738.75,216
2026-09-21T00:46:00+00:00,7738.75,7738.75,7737.75,7738.5,258
2026-09-21T00:47:00+00:00,7738.5,7739,7738.5,7738.75,140
2026-09-21T00:48:00+00:00,7738.5,7738.75,7738.25,7738.75,229
2026-09-21T00:49:00+00:00,7738.5,7739,7738.25,7738.25,141
2026-09-21T00:50:00+00:00,7738.25,7739.25,7738,7739.25,224
2026-09-21T00:51:00+00:00,7739.25,7739.75,7738.75,7739.5,285
2026-09-21T00:52:00+00:00,7739.75,7740,7739.25,7739.5,173
2026-09-21T00:53:00+00:00,7739.5,7740,7739.25,7739.5,61
2026-09-21T00:54:00+00:00,7739.75,7739.75,7738.75,7739,66
2026-09-21T00:55:00+00:00,7738.75,7739.25,7738.5,7738.75,160
2026-09-21T00:56:00+00:00,7738.75,7739,7737.75,7738.25,187
2026-09-21T00:57:00+00:00,7738.5,7739,7738.25,7738.5,116
2026-09-21T00:58:00+00:00,7738.75,7739.25,7738.75,7738.75,84
2026-09-21T00:59:00+00:00,7738.75,7740.5,7738.75,7739.75,390
2026-09-21T01:00:00+00:00,7739.75,7741.5,7739.75,7741,534
2026-09-21T01:01:00+00:00,7741,7741.5,7740,7741.5,342
2026-09-21T01:02:00+00:00,7741.5,7742.5,7741.25,7742.5,580
2026-09-21T01:03:00+00:00,7742.5,7742.5,7741,7741.25,285
2026-09-21T01:04:00+00:00,7741.5,7741.5,7740.75,7741.25,135
2026-09-21T01:05:00+00:00,7741.25,7742.75,7741,7742.5,202
2026-09-21T01:06:00+00:00,7742.5,7742.75,7742,7742.75,374
2026-09-21T01:07:00+00:00,7742.5,7743,7742.5,7743,243
2026-09-21T01:08:00+00:00,7743,7744,7743,7743.25,553
2026-09-21T01:09:00+00:00,7743.5,7743.75,7742.5,7743,316
2026-09-21T01:10:00+00:00,7743,7743.25,7742.75,7743,105
2026-09-21T01:11:00+00:00,7743,7743.25,7742,7743,384
2026-09-21T01:12:00+00:00,7743,7743.5,7741,7742.25,1551
2026-09-21T01:13:00+00:00,7742.25,7742.75,7742,7742,231
2026-09-21T01:14:00+00:00,7742,7742.5,7741,7742.25,154
2026-09-21T01:15:00+00:00,7742.25,7742.75,7741.75,7742.25,212
2026-09-21T01:16:00+00:00,7742.5,7742.5,7741.75,7742.5,135
2026-09-21T01:17:00+00:00,7742.5,7743.25,7742.5,7742.75,190
2026-09-21T01:18:00+00:00,7742.75,7742.75,7742,7742.25,290
2026-09-21T01:19:00+00:00,7742.25,7742.5,7741.5,7742,133
2026-09-21T01:20:00+00:00,7742,7742.5,7741.75,7742.5,107
2026-09-21T01:21:00+00:00,7742.5,7742.5,7741.75,7742.25,68
2026-09-21T01:22:00+00:00,7742.25,7742.25,7741.25,7741.5,125
2026-09-21T01:23:00+00:00,7741.5,7741.75,7740.75,7741.75,239
2026-09-21T01:24:00+00:00,7741.5,7742.25,7741.25,7742,165
2026-09-21T01:25:00+00:00,7741.75,7742.75,7741.75,7742,146
2026-09-21T01:26:00+00:00,7742,7742.75,7742,7742.5,114
2026-09-21T01:27:00+00:00,7742.5,7742.5,7741.75,7742.25,73
2026-09-21T01:28:00+00:00,7742.25,7743.25,7742.25,7743,133
2026-09-21T01:29:00+00:00,7743,7743,7740.75,7741,342
2026-09-21T01:30:00+00:00,7741,7742.25,7740.75,7742,299
2026-09-21T01:31:00+00:00,7742,7742.25,7741.5,7741.75,149
2026-09-21T01:32:00+00:00,7741.5,7742.75,7741.25,7742.5,115
2026-09-21T01:33:00+00:00,7742.75,7743,7742,7742.75,59
2026-09-21T01:34:00+00:00,7742.75,7743,7742.25,7742.5,139
2026-09-21T01:35:00+00:00,7742.75,7742.75,7742,7742,77
2026-09-21T01:36:00+00:00,7742,7742,7741.25,7741.5,85
2026-09-21T01:37:00+00:00,7741.25,7741.5,7741,7741,88
2026-09-21T01:38:00+00:00,7741.25,7741.5,7741,7741.5,85
2026-09-21T01:39:00+00:00,7741.5,7742.25,7741.25,7741.75,135
2026-09-21T01:40:00+00:00,7742.25,7742.75,7742,7742.5,103
2026-09-21T01:41:00+00:00,7742.5,7743.25,7742.25,7742.5,86
2026-09-21T01:42:00+00:00,7742.5,7742.75,7742,7742,66
2026-09-21T01:43:00+00:00,7742,7742.25,7742,7742,64
2026-09-21T01:44:00+00:00,7742.25,7742.5,7742,7742.5,38
2026-09-21T01:45:00+00:00,7742.25,7742.5,7741.5,7741.5,69
2026-09-21T01:46:00+00:00,7742,7742,7741.5,7741.75,125
2026-09-21T01:47:00+00:00,7741.75,7741.75,7740.5,7740.5,265
2026-09-21T01:48:00+00:00,7740.5,7740.75,7739.75,7740,437
2026-09-21T01:49:00+00:00,7740,7740.75,7739.75,7740.25,354
2026-09-21T01:50:00+00:00,7740,7741,7739,7739.25,455
2026-09-21T01:51:00+00:00,7739.25,7740,7739.25,7740,223
2026-09-21T01:52:00+00:00,7740,7740.75,7739.25,7740.75,155
2026-09-21T01:53:00+00:00,7740.5,7741.25,7740.5,7741,155
2026-09-21T01:54:00+00:00,7741,7741.25,7740.5,7740.5,113
2026-09-21T01:55:00+00:00,7740.5,7741,7740.25,7740.25,112
2026-09-21T01:56:00+00:00,7740.25,7740.5,7739.75,7740.25,140
2026-09-21T01:57:00+00:00,7740,7740.75,7740,7740.5,83
2026-09-21T01:58:00+00:00,7740.25,7740.75,7738.75,7739,315
2026-09-21T01:59:00+00:00,7738.75,7739,7738.25,7738.5,202
2026-09-21T02:00:00+00:00,7738.5,7738.75,7737.5,7738.25,417
2026-09-21T02:01:00+00:00,7738.25,7739,7737.75,7737.75,203
2026-09-21T02:02:00+00:00,7737.75,7739.75,7737.75,7739.5,296
2026-09-21T02:03:00+00:00,7739.5,7740.25,7739.25,7740,218
2026-09-21T02:04:00+00:00,7740,7741.5,7740,7740.75,364
2026-09-21T02:05:00+00:00,7740.75,7741.25,7739.5,7739.75,178
2026-09-21T02:06:00+00:00,7739.75,7739.75,7738.75,7739.5,328
2026-09-21T02:07:00+00:00,7739.5,7739.5,7738.75,7739.5,57
2026-09-21T02:08:00+00:00,7739.5,7740,7739.5,7739.75,113
2026-09-21T02:09:00+00:00,7739.75,7740.5,7739.75,7740,78
2026-09-21T02:10:00+00:00,7740.25,7740.5,7739.25,7739.5,139
2026-09-21T02:11:00+00:00,7739.5,7740.25,7739.5,7740.25,125
2026-09-21T02:12:00+00:00,7739.75,7740,7739.75,7739.75,28
2026-09-21T02:13:00+00:00,7740,7740.5,7739.75,7740,79
2026-09-21T02:14:00+00:00,7740,7740,7739.5,7740,106
2026-09-21T02:15:00+00:00,7739.75,7739.75,7739.25,7739.5,96
2026-09-21T02:16:00+00:00,7739.25,7740,7738.5,7739.5,196
2026-09-21T02:17:00+00:00,7739.5,7740,7738.25,7738.5,224
2026-09-21T02:18:00+00:00,7738.5,7738.75,7738.5,7738.5,81
2026-09-21T02:19:00+00:00,7738.75,7739.25,7738.75,7739,55
2026-09-21T02:20:00+00:00,7739,7739.25,7738.5,7739,120
2026-09-21T02:21:00+00:00,7738.75,7739,7738.5,7738.75,76
2026-09-21T02:22:00+00:00,7739,7739.5,7738.75,7739.25,65
2026-09-21T02:23:00+00:00,7739.25,7739.5,7739,7739,46
2026-09-21T02:24:00+00:00,7739.25,7739.75,7738.25,7739.75,391
2026-09-21T02:25:00+00:00,7739.75,7740,7739.25,7739.75,88
2026-09-21T02:26:00+00:00,7740,7740.5,7739.75,7740,164
2026-09-21T02:27:00+00:00,7740.25,7740.5,7739.5,7739.75,131
2026-09-21T02:28:00+00:00,7739.75,7740,7739.25,7739.5,148
2026-09-21T02:29:00+00:00,7739.75,7740,7739.25,7739.75,54
2026-09-21T02:30:00+00:00,7739.75,7739.75,7738.75,7739.25,121
2026-09-21T02:31:00+00:00,7739,7739,7737.75,7738.25,189
2026-09-21T02:32:00+00:00,7738.25,7738.5,7737.75,7737.75,155
2026-09-21T02:33:00+00:00,7737.5,7738.5,7737.5,7738.5,221
2026-09-21T02:34:00+00:00,7738.5,7738.75,7738.25,7738.5,93
2026-09-21T02:35:00+00:00,7738.5,7739.5,7738.5,7739,173
2026-09-21T02:36:00+00:00,7739,7739.5,7739,7739.25,74
2026-09-21T02:37:00+00:00,7739.25,7739.75,7739,7739,88
2026-09-21T02:38:00+00:00,7739,7740,7739,7739.75,49
2026-09-21T02:39:00+00:00,7739.75,7739.75,7739.5,7739.5,56
2026-09-21T02:40:00+00:00,7739.25,7739.5,7739.25,7739.25,124
2026-09-21T02:41:00+00:00,7739.5,7739.75,7739,7739.5,46
2026-09-21T02:42:00+00:00,7739.75,7740.5,7739.5,7740.5,128
2026-09-21T02:43:00+00:00,7740.5,7741,7740,7740.75,201
2026-09-21T02:44:00+00:00,7740.75,7740.75,7740,7740.25,126
2026-09-21T02:45:00+00:00,7740,7742.25,7740,7742.25,329
2026-09-21T02:46:00+00:00,7742,7742.5,7741.75,7742,209
2026-09-21T02:47:00+00:00,7742,7742.25,7741.75,7742.25,103
2026-09-21T02:48:00+00:00,7742.25,7742.25,7741.75,7742,104
2026-09-21T02:49:00+00:00,7742,7742.5,7741.75,7742.5,107
2026-09-21T02:50:00+00:00,7742.25,7742.75,7742.25,7742.75,149
2026-09-21T02:51:00+00:00,7742.5,7742.75,7741,7741.5,179
2026-09-21T02:52:00+00:00,7741.5,7742,7741.25,7741.25,132
2026-09-21T02:53:00+00:00,7741.5,7741.75,7741.25,7741.75,34
2026-09-21T02:54:00+00:00,7741.5,7741.5,7740.5,7741.25,138
2026-09-21T02:55:00+00:00,7741.25,7741.5,7741,7741,62
2026-09-21T02:56:00+00:00,7741,7741,7740,7740,176
2026-09-21T02:57:00+00:00,7740.25,7741,7740,7740.75,94
2026-09-21T02:58:00+00:00,7740.75,7741.25,7740.25,7740.5,130
2026-09-21T02:59:00+00:00,7740.5,7740.5,7739.75,7740.25,124
2026-09-21T03:00:00+00:00,7740.25,7741.5,7740,7741.25,106
2026-09-21T03:01:00+00:00,7741,7741.75,7741,7741.75,106
2026-09-21T03:02:00+00:00,7741.75,7742.25,7741.25,7742,155
2026-09-21T03:03:00+00:00,7742,7742.75,7741.75,7742.5,66
2026-09-21T03:04:00+00:00,7742.5,7743.5,7742.5,7743.25,270
2026-09-21T03:05:00+00:00,7743.25,7743.75,7743.25,7743.5,112
2026-09-21T03:06:00+00:00,7743.25,7743.5,7742.75,7742.75,89
2026-09-21T03:07:00+00:00,7742.75,7743,7742.5,7742.75,62
2026-09-21T03:08:00+00:00,7743,7743.5,7742.75,7743.5,70
2026-09-21T03:09:00+00:00,7743.5,7743.5,7742.75,7743,44
2026-09-21T03:10:00+00:00,7742.75,7743.75,7742.75,7743.5,110
2026-09-21T03:11:00+00:00,7743.75,7743.75,7742.5,7742.5,53
2026-09-21T03:12:00+00:00,7742.75,7743,7742.5,7743,45
2026-09-21T03:13:00+00:00,7742.75,7743.25,7742.5,7743,36
2026-09-21T03:14:00+00:00,7743.25,7743.75,7743.25,7743.5,79
2026-09-21T03:15:00+00:00,7743.5,7744,7743.25,7744,143
2026-09-21T03:16:00+00:00,7744,7745,7743.75,7745,497
2026-09-21T03:17:00+00:00,7745,7745,7744.5,7744.75,148
2026-09-21T03:18:00+00:00,7744.75,7745.5,7744.75,7745.25,205
2026-09-21T03:19:00+00:00,7745.25,7745.25,7745,7745,52
2026-09-21T03:20:00+00:00,7745.25,7745.25,7744.75,7745,73
2026-09-21T03:21:00+00:00,7745,7745,7744.5,7744.75,82
2026-09-21T03:22:00+00:00,7745,7745,7744.5,7745,65
2026-09-21T03:23:00+00:00,7744.75,7745.25,7744.75,7745,55
2026-09-21T03:24:00+00:00,7745.25,7745.25,7744.75,7745,42
2026-09-21T03:25:00+00:00,7744.75,7745.5,7744.75,7745.5,77
2026-09-21T03:26:00+00:00,7745.25,7746,7745.25,7745.75,108
2026-09-21T03:27:00+00:00,7745.75,7745.75,7745,7745,71
2026-09-21T03:28:00+00:00,7745,7745.25,7744.25,7744.5,143
2026-09-21T03:29:00+00:00,7744.75,7744.75,7744,7744.25,103
2026-09-21T03:30:00+00:00,7744.25,7744.5,7743.5,7744,309
2026-09-21T03:31:00+00:00,7744,7744.25,7743.75,7743.75,95
2026-09-21T03:32:00+00:00,7744,7744,7743,7743,117
2026-09-21T03:33:00+00:00,7743.25,7744,7743,7744,153
2026-09-21T03:34:00+00:00,7744,7744.5,7744,7744.5,37
2026-09-21T03:35:00+00:00,7744.5,7745,7744,7744,142
2026-09-21T03:36:00+00:00,7743.75,7744,7743.5,7744,110
2026-09-21T03:37:00+00:00,7743.75,7744,7743.5,7743.75,53
2026-09-21T03:38:00+00:00,7743.5,7744,7743.25,7743.75,45
2026-09-21T03:39:00+00:00,7743.75,7744.25,7743.75,7744,33
2026-09-21T03:40:00+00:00,7744,7744.25,7743.75,7744,56
2026-09-21T03:41:00+00:00,7744,7744.25,7743.75,7743.75,20
2026-09-21T03:42:00+00:00,7744,7744.25,7744,7744,14
2026-09-21T03:43:00+00:00,7744.25,7744.75,7744.25,7744.25,74
2026-09-21T03:44:00+00:00,7744.25,7744.75,7744.25,7744.75,43
2026-09-21T03:45:00+00:00,7744.75,7746,7744.75,7746,268
2026-09-21T03:46:00+00:00,7746,7746.25,7745.75,7746,94
2026-09-21T03:47:00+00:00,7745.75,7746.25,7745.5,7746.25,77
2026-09-21T03:48:00+00:00,7746.25,7746.25,7745.25,7745.5,78
2026-09-21T03:49:00+00:00,7745.25,7745.5,7744.5,7744.5,115
2026-09-21T03:50:00+00:00,7744.5,7744.75,7744.25,7744.25,182
2026-09-21T03:51:00+00:00,7744.25,7745,7744.25,7745,96
2026-09-21T03:52:00+00:00,7744.75,7745.75,7744.75,7745.25,75
2026-09-21T03:53:00+00:00,7745.5,7745.75,7745,7745.25,63
2026-09-21T03:54:00+00:00,7745.25,7745.5,7745,7745,17
2026-09-21T03:55:00+00:00,7745,7745,7744.25,7744.5,60
2026-09-21T03:56:00+00:00,7744.5,7744.75,7744,7744.5,127
2026-09-21T03:57:00+00:00,7744.5,7744.75,7744.5,7744.75,25
2026-09-21T03:58:00+00:00,7744.5,7744.75,7744,7744,39
2026-09-21T04:00:00+00:00,7744,7745,7744,7745,134
2026-09-21T04:01:00+00:00,7745,7745.5,7744.75,7745.5,72
2026-09-21T04:02:00+00:00,7745.5,7746,7745.25,7745.75,89
2026-09-21T04:03:00+00:00,7745.75,7746,7744.75,7745.25,80
2026-09-21T04:04:00+00:00,7745.25,7745.25,7743.75,7744,88
2026-09-21T04:05:00+00:00,7744,7744.25,7743,7743.75,165
2026-09-21T04:06:00+00:00,7743.75,7743.75,7742.75,7742.75,102
2026-09-21T04:07:00+00:00,7742.75,7743,7742.5,7742.75,172
2026-09-21T04:08:00+00:00,7742.75,7744.75,7742.75,7744.25,175
2026-09-21T04:09:00+00:00,7744.5,7744.5,7743.5,7743.75,98
2026-09-21T04:10:00+00:00,7744,7744,7743.75,7744,32
2026-09-21T04:11:00+00:00,7743.75,7743.75,7742.5,7742.5,86
2026-09-21T04:12:00+00:00,7743,7743.75,7742.75,7743.5,78
2026-09-21T04:13:00+00:00,7743.5,7744.25,7743.5,7744,50
2026-09-21T04:14:00+00:00,7744.25,7744.5,7743.75,7744.25,54
2026-09-21T04:15:00+00:00,7744,7744.5,7744,7744.25,39
2026-09-21T04:16:00+00:00,7744.25,7745.5,7744.25,7745.5,177
2026-09-21T04:17:00+00:00,7745.5,7745.5,7745,7745,31
2026-09-21T04:18:00+00:00,7745.25,7746,7745.25,7746,107
2026-09-21T04:19:00+00:00,7746,7746.75,7745.75,7746,208
2026-09-21T04:20:00+00:00,7746,7746.5,7745.5,7745.5,79
2026-09-21T04:21:00+00:00,7745.5,7745.75,7745.5,7745.75,53
2026-09-21T04:22:00+00:00,7745.5,7745.5,7745.25,7745.5,23
2026-09-21T04:23:00+00:00,7745.5,7745.5,7744.75,7745.25,79
2026-09-21T04:24:00+00:00,7745,7745.5,7745,7745.5,16
2026-09-21T04:25:00+00:00,7745.5,7746,7745.25,7745.75,64
2026-09-21T04:26:00+00:00,7745.5,7746.25,7745.5,7746,89
2026-09-21T04:27:00+00:00,7746,7746.25,7745.75,7746.25,38
2026-09-21T04:28:00+00:00,7746.25,7746.25,7745.75,7746,16
2026-09-21T04:29:00+00:00,7746,7746,7745.5,7745.5,56
2026-09-21T04:30:00+00:00,7745.5,7745.75,7744.25,7744.5,160
2026-09-21T04:31:00+00:00,7744.5,7744.75,7744,7744.5,87
2026-09-21T04:32:00+00:00,7744.25,7745,7744.25,7745,37
2026-09-21T04:33:00+00:00,7745,7745,7744.75,7744.75,19
2026-09-21T04:34:00+00:00,7744.75,7745,7744.75,7744.75,71
2026-09-21T04:35:00+00:00,7744.75,7744.75,7744,7744.25,32
2026-09-21T04:36:00+00:00,7744.25,7744.75,7744.25,7744.75,41
2026-09-21T04:37:00+00:00,7744.75,7744.75,7744.5,7744.75,66
2026-09-21T04:38:00+00:00,7744.75,7744.75,7744.5,7744.75,10
2026-09-21T04:39:00+00:00,7744.5,7744.75,7744.5,7744.75,30
2026-09-21T04:40:00+00:00,7744.75,7746,7744.75,7745.75,120
2026-09-21T04:41:00+00:00,7745.75,7745.75,7745.25,7745.75,26
2026-09-21T04:42:00+00:00,7745.5,7745.75,7745.25,7745.25,25
2026-09-21T04:43:00+00:00,7745.25,7745.25,7745,7745.25,19
2026-09-21T04:44:00+00:00,7745,7745.25,7744.75,7744.75,65
2026-09-21T04:45:00+00:00,7744.75,7745.5,7744.75,7745.25,31
2026-09-21T04:46:00+00:00,7745.25,7745.5,7745,7745.5,20
2026-09-21T04:47:00+00:00,7745.5,7745.5,7745,7745.25,25
2026-09-21T04:48:00+00:00,7745.25,7745.75,7745.25,7745.75,48
2026-09-21T04:49:00+00:00,7746,7746,7745.25,7745.5,29
2026-09-21T04:50:00+00:00,7745.5,7745.5,7745.25,7745.5,20
2026-09-21T04:51:00+00:00,7745.25,7745.25,7745,7745.25,57
2026-09-21T04:52:00+00:00,7745.5,7745.5,7744.75,7744.75,35
2026-09-21T04:53:00+00:00,7745,7745,7744.5,7744.75,39
2026-09-21T04:54:00+00:00,7744.75,7745.25,7744.75,7744.75,31
2026-09-21T04:55:00+00:00,7744.75,7745,7744.5,7745,31
2026-09-21T04:56:00+00:00,7744.75,7745.5,7744.75,7745.5,29
2026-09-21T04:57:00+00:00,7745.25,7745.5,7745,7745,10
2026-09-21T04:58:00+00:00,7745.25,7745.25,7744.5,7744.75,108
2026-09-21T04:59:00+00:00,7744.75,7745.25,7744.75,7744.75,39
2026-09-21T05:00:00+00:00,7745,7745,7744.25,7744.5,79
2026-09-21T05:01:00+00:00,7744.75,7745,7744.5,7745,42
2026-09-21T05:02:00+00:00,7745,7745.25,7744.5,7745,76
2026-09-21T05:03:00+00:00,7745,7745.25,7744.5,7744.75,46
2026-09-21T05:04:00+00:00,7744.75,7745,7744.25,7744.25,27
2026-09-21T05:05:00+00:00,7744.5,7744.5,7744,7744.25,97
2026-09-21T05:06:00+00:00,7744.25,7744.5,7744.25,7744.5,25
2026-09-21T05:07:00+00:00,7744.25,7744.5,7744.25,7744.25,32
2026-09-21T05:08:00+00:00,7744.5,7744.5,7744,7744.25,32
2026-09-21T05:09:00+00:00,7744,7744,7743.5,7743.75,101
2026-09-21T05:10:00+00:00,7744,7744.25,7743.75,7743.75,40
2026-09-21T05:11:00+00:00,7743.75,7744.25,7743.75,7744,40
2026-09-21T05:12:00+00:00,7744,7744.25,7743.5,7743.75,37
2026-09-21T05:13:00+00:00,7744,7744,7743.75,7743.75,18
2026-09-21T05:14:00+00:00,7743.75,7744,7743.5,7743.75,75
2026-09-21T05:15:00+00:00,7743.75,7744.25,7743.5,7743.75,47
2026-09-21T05:16:00+00:00,7743.75,7744,7743.75,7743.75,51
2026-09-21T05:17:00+00:00,7744,7744,7743.5,7743.5,48
2026-09-21T05:18:00+00:00,7743.5,7743.75,7743.25,7743.75,34
2026-09-21T05:19:00+00:00,7744,7744.5,7743.5,7743.75,97
2026-09-21T05:20:00+00:00,7743.75,7744,7743.75,7744,24
2026-09-21T05:21:00+00:00,7744,7744.25,7743.75,7743.75,90
2026-09-21T05:22:00+00:00,7744.25,7744.5,7744,7744.25,60
2026-09-21T05:23:00+00:00,7744,7744.25,7743.75,7744.25,39
2026-09-21T05:24:00+00:00,7744.5,7744.75,7744.25,7744.75,36
2026-09-21T05:25:00+00:00,7744.75,7744.75,7743.75,7744,67
2026-09-21T05:26:00+00:00,7744.25,7744.25,7744,7744.25,35
2026-09-21T05:27:00+00:00,7744,7744.25,7744,7744,25
2026-09-21T05:28:00+00:00,7743.75,7744.25,7743.5,7743.75,86
2026-09-21T05:29:00+00:00,7743.75,7744.25,7743.75,7744.25,37
2026-09-21T05:30:00+00:00,7744.25,7745.25,7744.25,7744.75,178
2026-09-21T05:31:00+00:00,7744.75,7746.25,7744.75,7746,270
2026-09-21T05:32:00+00:00,7746,7746.25,7744.25,7744.25,107
2026-09-21T05:33:00+00:00,7744.5,7745,7743.75,7744.75,97
2026-09-21T05:34:00+00:00,7744.75,7745.5,7744.75,7745.5,33
2026-09-21T05:35:00+00:00,7745.75,7745.75,7745,7745.5,74
2026-09-21T05:36:00+00:00,7745.75,7746.25,7745.5,7746.25,104
2026-09-21T05:37:00+00:00,7746,7746.75,7745.75,7746.75,172
2026-09-21T05:38:00+00:00,7746.75,7747.5,7746.5,7747.5,252
2026-09-21T05:39:00+00:00,7747.5,7747.5,7746.5,7746.5,97
2026-09-21T05:40:00+00:00,7746.75,7748.5,7746.75,7748.5,312
2026-09-21T05:41:00+00:00,7748.25,7748.5,7746.5,7746.75,145
2026-09-21T05:42:00+00:00,7746.5,7747,7746,7746.25,105
2026-09-21T05:43:00+00:00,7746.25,7746.75,7746,7746,50
2026-09-21T05:44:00+00:00,7745.75,7746.25,7745.75,7745.75,107
2026-09-21T05:45:00+00:00,7745.75,7746,7745.25,7745.75,91
2026-09-21T05:46:00+00:00,7745.75,7746.25,7745.75,7746,72
2026-09-21T05:47:00+00:00,7746,7746,7745.25,7745.75,90
2026-09-21T05:48:00+00:00,7745.5,7745.75,7744,7744,207
2026-09-21T05:49:00+00:00,7744.25,7744.5,7743.75,7743.75,121
2026-09-21T05:50:00+00:00,7744,7744.25,7743.75,7744.25,96
2026-09-21T05:51:00+00:00,7744.5,7744.75,7744,7744.5,52
2026-09-21T05:52:00+00:00,7744.5,7744.5,7744.25,7744.5,51
2026-09-21T05:53:00+00:00,7744.75,7746,7744.75,7746,120
2026-09-21T05:54:00+00:00,7745.5,7745.75,7745,7745.25,45
2026-09-21T05:55:00+00:00,7745,7745.25,7745,7745.25,34
2026-09-21T05:56:00+00:00,7745.25,7745.5,7745,7745.25,39
2026-09-21T05:57:00+00:00,7745.5,7745.75,7745.25,7745.5,38
2026-09-21T05:58:00+00:00,7745.5,7745.75,7745.25,7745.5,32
2026-09-21T05:59:00+00:00,7745.25,7745.75,7745.25,7745.5,28
2026-09-21T06:00:00+00:00,7745.5,7748,7745.5,7747.75,381
2026-09-21T06:01:00+00:00,7747.75,7748.25,7747.25,7747.75,138
2026-09-21T06:02:00+00:00,7747.75,7747.75,7747,7747.25,105
2026-09-21T06:03:00+00:00,7747.5,7747.5,7747.25,7747.25,58
2026-09-21T06:04:00+00:00,7747,7748,7746.75,7747.75,75
2026-09-21T06:05:00+00:00,7747.75,7748,7747.25,7747.25,89
2026-09-21T06:06:00+00:00,7747.75,7747.75,7746.75,7747.25,85
2026-09-21T06:07:00+00:00,7747.5,7747.75,7747,7747.25,53
2026-09-21T06:08:00+00:00,7747.25,7747.25,7746.5,7747.25,84
2026-09-21T06:09:00+00:00,7747.25,7747.75,7747,7747.75,50
2026-09-21T06:10:00+00:00,7748,7748.25,7747.75,7747.75,85
2026-09-21T06:11:00+00:00,7748.25,7748.25,7747.75,7748,60
2026-09-21T06:12:00+00:00,7748,7749.25,7747,7747.25,583
2026-09-21T06:13:00+00:00,7747,7747,7746.25,7746.75,193
2026-09-21T06:14:00+00:00,7746.75,7747.25,7746.25,7747,74
2026-09-21T06:15:00+00:00,7747.25,7747.25,7746.5,7747,68
2026-09-21T06:16:00+00:00,7747,7747.5,7746.75,7747.5,154
2026-09-21T06:17:00+00:00,7747.5,7748,7747.25,7747.75,187
2026-09-21T06:18:00+00:00,7747.75,7748,7747.5,7748,145
2026-09-21T06:19:00+00:00,7748.25,7748.25,7746.75,7747,275
2026-09-21T06:20:00+00:00,7747.25,7747.25,7746.75,7746.75,85
2026-09-21T06:21:00+00:00,7746.75,7747.5,7746.5,7747.5,92
2026-09-21T06:22:00+00:00,7747,7747,7746,7746.25,141
2026-09-21T06:23:00+00:00,7746.25,7746.5,7745.75,7746,145
2026-09-21T06:24:00+00:00,7746,7746.5,7745.75,7746.25,100
2026-09-21T06:25:00+00:00,7746.5,7747,7746,7747,330
2026-09-21T06:26:00+00:00,7746.5,7747,7746.5,7746.5,84
2026-09-21T06:27:00+00:00,7746.5,7747,7746.5,7747,68
2026-09-21T06:28:00+00:00,7747,7747.25,7746.75,7746.75,157
2026-09-21T06:29:00+00:00,7747,7747.5,7747,7747.5,87
2026-09-21T06:30:00+00:00,7747.5,7748.25,7747.5,7747.5,104
2026-09-21T06:31:00+00:00,7748,7748.5,7747.5,7748,54
2026-09-21T06:32:00+00:00,7748,7748.25,7747.75,7747.75,39
2026-09-21T06:33:00+00:00,7747.75,7748.5,7747.75,7748.5,60
2026-09-21T06:34:00+00:00,7748.5,7749.75,7748.5,7749.5,202
2026-09-21T06:35:00+00:00,7749.5,7749.5,7748.5,7749,102
2026-09-21T06:36:00+00:00,7749,7749.25,7748.75,7749,61
2026-09-21T06:37:00+00:00,7749,7749.25,7749,7749.25,23
2026-09-21T06:38:00+00:00,7749.25,7749.5,7748.75,7749,91
2026-09-21T06:39:00+00:00,7749,7749,7748.75,7749,95
2026-09-21T06:40:00+00:00,7749,7749.5,7748.75,7749.5,79
2026-09-21T06:41:00+00:00,7749.25,7749.5,7749,7749,49
2026-09-21T06:42:00+00:00,7749.25,7749.25,7748.75,7749,50
2026-09-21T06:43:00+00:00,7748.75,7749,7748.75,7749,39
2026-09-21T06:44:00+00:00,7748.75,7749.25,7748.75,7749,37
2026-09-21T06:45:00+00:00,7749.25,7749.75,7749.25,7749.5,56
2026-09-21T06:46:00+00:00,7749.75,7750.25,7749.75,7750,353
2026-09-21T06:47:00+00:00,7750,7750.5,7749.75,7750.5,169
2026-09-21T06:48:00+00:00,7750.75,7750.75,7750.25,7750.75,139
2026-09-21T06:49:00+00:00,7750.75,7750.75,7750.25,7750.5,66
2026-09-21T06:50:00+00:00,7750.5,7750.75,7750,7750,54
2026-09-21T06:51:00+00:00,7749.75,7750.75,7749.75,7750.5,101
2026-09-21T06:52:00+00:00,7750.25,7750.75,7750,7750.5,117
2026-09-21T06:53:00+00:00,7750.75,7750.75,7749.25,7749.5,85
2026-09-21T06:54:00+00:00,7749.25,7749.5,7748.5,7749.25,123
2026-09-21T06:55:00+00:00,7749.25,7750,7749.25,7750,36
2026-09-21T06:56:00+00:00,7750,7750.75,7749.75,7750.25,82
2026-09-21T06:57:00+00:00,7750.5,7751,7750.25,7750.75,62
2026-09-21T06:58:00+00:00,7750.5,7751.25,7750.5,7751,141
2026-09-21T06:59:00+00:00,7751.25,7752.25,7751,7752,347
2026-09-21T07:00:00+00:00,7752,7754.5,7751.5,7752.5,1312
2026-09-21T07:01:00+00:00,7752.75,7752.75,7751.25,7752.75,168
2026-09-21T07:02:00+00:00,7752.75,7754,7752.5,7753.75,378
2026-09-21T07:03:00+00:00,7754,7757,7753.75,7756.5,1046
2026-09-21T07:04:00+00:00,7756.75,7757.25,7755.75,7756.75,568
2026-09-21T07:05:00+00:00,7756.75,7757.25,7754.5,7756.25,416
2026-09-21T07:06:00+00:00,7756.25,7756.5,7755,7755.25,217
2026-09-21T07:07:00+00:00,7755.25,7755.75,7754.75,7755.25,269
2026-09-21T07:08:00+00:00,7755.5,7756.25,7754.75,7755,134
2026-09-21T07:09:00+00:00,7755.25,7756.75,7755,7756,323
2026-09-21T07:10:00+00:00,7756,7756,7753,7753.25,458
2026-09-21T07:11:00+00:00,7753.25,7753.5,7752.25,7753,401
2026-09-21T07:12:00+00:00,7753,7753.25,7752,7752.75,373
2026-09-21T07:13:00+00:00,7752.5,7754,7752.5,7753.5,102
2026-09-21T07:14:00+00:00,7753.5,7755.75,7753.25,7755.25,233
2026-09-21T07:15:00+00:00,7755.25,7755.75,7754.25,7755,251
2026-09-21T07:16:00+00:00,7755,7755.75,7754.75,7755.75,140
2026-09-21T07:17:00+00:00,7755.5,7756.5,7755,7756,230
2026-09-21T07:18:00+00:00,7756,7757,7756,7756.75,189
2026-09-21T07:19:00+00:00,7756.5,7756.75,7755.75,7756,229
2026-09-21T07:20:00+00:00,7756,7756.25,7755,7755,184
2026-09-21T07:21:00+00:00,7755.25,7756,7755,7755.5,118
2026-09-21T07:22:00+00:00,7755.25,7755.25,7754,7754,229
2026-09-21T07:23:00+00:00,7754,7754,7753.25,7753.25,133
2026-09-21T07:24:00+00:00,7753.25,7754.5,7753.25,7754,221
2026-09-21T07:25:00+00:00,7754.25,7754.25,7753,7753,158
2026-09-21T07:26:00+00:00,7753,7754,7752.75,7753.25,137
2026-09-21T07:27:00+00:00,7753.25,7754.75,7753,7754.5,155
2026-09-21T07:28:00+00:00,7754.5,7755.25,7754.5,7754.5,95
2026-09-21T07:29:00+00:00,7754.75,7755.75,7754.75,7755.75,142
2026-09-21T07:30:00+00:00,7755.75,7756.75,7755.75,7756,237
2026-09-21T07:31:00+00:00,7756,7756.75,7755.5,7756.75,167
2026-09-21T07:32:00+00:00,7756.75,7757,7755.25,7755.25,179
2026-09-21T07:33:00+00:00,7755.25,7756.5,7754.75,7756.25,182
2026-09-21T07:34:00+00:00,7756,7756.25,7755.5,7756,75
2026-09-21T07:35:00+00:00,7756,7756.25,7755.5,7755.5,79
2026-09-21T07:36:00+00:00,7755.5,7755.75,7755.25,7755.75,69
2026-09-21T07:37:00+00:00,7755.25,7756.5,7755.25,7756.5,115
2026-09-21T07:38:00+00:00,7756.75,7757,7756.25,7756.5,113
2026-09-21T07:39:00+00:00,7756.25,7756.75,7755,7755.75,239
2026-09-21T07:40:00+00:00,7756,7756.25,7754.75,7755,134
2026-09-21T07:41:00+00:00,7755,7755.5,7754.5,7754.5,404
2026-09-21T07:42:00+00:00,7754.75,7755.25,7754,7754.5,155
2026-09-21T07:43:00+00:00,7754.75,7754.75,7753.25,7753.25,146
2026-09-21T07:44:00+00:00,7753.25,7754.75,7753.25,7754,288
2026-09-21T07:45:00+00:00,7754.25,7755,7754,7754.75,93
2026-09-21T07:46:00+00:00,7754.75,7754.75,7752.75,7753,185
2026-09-21T07:47:00+00:00,7753,7753.75,7752.5,7753.5,92
2026-09-21T07:48:00+00:00,7753.5,7754.75,7753.25,7754.75,82
2026-09-21T07:49:00+00:00,7754.75,7755,7753.75,7754.5,89
2026-09-21T07:50:00+00:00,7754.5,7756,7754.5,7755.75,225
2026-09-21T07:51:00+00:00,7755.75,7756.75,7755.75,7756.5,153
2026-09-21T07:52:00+00:00,7756.5,7757,7756.5,7757,182
2026-09-21T07:53:00+00:00,7756.75,7757.5,7756.75,7757.25,226
2026-09-21T07:54:00+00:00,7757.25,7757.75,7757,7757.5,125
2026-09-21T07:55:00+00:00,7757.75,7758.25,7757.5,7758,194
2026-09-21T07:56:00+00:00,7758,7758.25,7757.5,7758.25,113
2026-09-21T07:57:00+00:00,7758,7758.5,7758,7758.5,149
2026-09-21T07:58:00+00:00,7758.75,7759,7757.75,7758.25,242
2026-09-21T07:59:00+00:00,7758.25,7758.25,7757.25,7757.25,158
2026-09-21T08:00:00+00:00,7757.25,7759.75,7756.75,7759.5,527
2026-09-21T08:01:00+00:00,7759.25,7760.5,7759.25,7760.25,658
2026-09-21T08:02:00+00:00,7760.25,7761.25,7759.5,7760.25,523
2026-09-21T08:03:00+00:00,7760.25,7761.75,7760.25,7761.25,404
2026-09-21T08:04:00+00:00,7761.5,7761.5,7760.25,7760.5,187
2026-09-21T08:05:00+00:00,7760.25,7760.25,7758.5,7758.5,260
2026-09-21T08:06:00+00:00,7758.75,7760.75,7758.25,7760.5,385
2026-09-21T08:07:00+00:00,7760.5,7760.5,7759,7759.25,200
2026-09-21T08:08:00+00:00,7759.5,7760,7759.25,7759.5,79
2026-09-21T08:09:00+00:00,7759.75,7760.5,7759.5,7760.5,129
2026-09-21T08:10:00+00:00,7760.5,7761,7760.25,7760.5,216
2026-09-21T08:11:00+00:00,7760.75,7761,7760.25,7760.5,168
2026-09-21T08:12:00+00:00,7760.75,7761.25,7760.25,7760.75,212
2026-09-21T08:13:00+00:00,7760.5,7760.75,7759.5,7759.75,162
2026-09-21T08:14:00+00:00,7760,7760.25,7759.75,7760.25,102
2026-09-21T08:15:00+00:00,7760.5,7760.75,7760,7760,109
2026-09-21T08:16:00+00:00,7760.25,7760.5,7760,7760.25,75
2026-09-21T08:17:00+00:00,7760.5,7760.5,7760,7760,76
2026-09-21T08:18:00+00:00,7760.25,7760.25,7759.5,7759.75,102
2026-09-21T08:19:00+00:00,7759.75,7760,7759.25,7759.25,77
2026-09-21T08:20:00+00:00,7759.25,7759.75,7758.75,7759.5,179
2026-09-21T08:21:00+00:00,7759.75,7760.5,7759.5,7760,164
2026-09-21T08:22:00+00:00,7760,7760.25,7759.75,7760.25,77
2026-09-21T08:23:00+00:00,7760.25,7761,7760.25,7760.5,153
2026-09-21T08:24:00+00:00,7760.25,7760.5,7760,7760.25,74
2026-09-21T08:25:00+00:00,7760.5,7760.75,7759.75,7759.75,54
2026-09-21T08:26:00+00:00,7759.75,7760.25,7759,7760.25,116
2026-09-21T08:27:00+00:00,7760.25,7760.25,7759.75,7760.25,89
2026-09-21T08:28:00+00:00,7760,7760.75,7760,7760.75,33
2026-09-21T08:29:00+00:00,7760.75,7760.75,7759.75,7760,124
2026-09-21T08:30:00+00:00,7759.75,7760.5,7759.5,7760.5,132
2026-09-21T08:31:00+00:00,7760.5,7761.5,7760.5,7761.25,157
2026-09-21T08:32:00+00:00,7761.5,7763,7761.25,7763,704
2026-09-21T08:33:00+00:00,7762.75,7763.5,7762.5,7763,276
2026-09-21T08:34:00+00:00,7763.25,7763.25,7762.25,7762.25,205
2026-09-21T08:35:00+00:00,7762.25,7762.75,7761.75,7762.75,156
2026-09-21T08:36:00+00:00,7762.75,7763.5,7762.25,7762.25,245
2026-09-21T08:37:00+00:00,7762.25,7762.5,7761.5,7761.75,140
2026-09-21T08:38:00+00:00,7761.75,7762.5,7761.5,7761.75,134
2026-09-21T08:39:00+00:00,7762,7762,7761.5,7762,83
2026-09-21T08:40:00+00:00,7762,7762.25,7761.25,7762,215
2026-09-21T08:41:00+00:00,7762,7763.75,7762,7763.75,276
2026-09-21T08:42:00+00:00,7763.5,7763.75,7762.5,7762.75,238
2026-09-21T08:43:00+00:00,7763,7763.75,7762.75,7763.75,116
2026-09-21T08:44:00+00:00,7763.75,7763.75,7763,7763.5,165
2026-09-21T08:45:00+00:00,7763.5,7763.5,7763,7763.5,74
2026-09-21T08:46:00+00:00,7763.5,7764.25,7763.25,7763.5,350
2026-09-21T08:47:00+00:00,7763.5,7763.75,7762.25,7763,372
2026-09-21T08:48:00+00:00,7763.25,7763.75,7762.75,7763.75,103
2026-09-21T08:49:00+00:00,7763.75,7763.75,7763,7763,94
2026-09-21T08:50:00+00:00,7763,7763,7761.25,7762.5,332
2026-09-21T08:51:00+00:00,7762.5,7763,7762,7762.25,90
2026-09-21T08:52:00+00:00,7762.25,7762.25,7761.5,7761.75,154
2026-09-21T08:53:00+00:00,7762,7762.5,7762,7762.5,116
2026-09-21T08:54:00+00:00,7762.25,7762.5,7760.5,7760.75,284
2026-09-21T08:55:00+00:00,7760.75,7761.75,7760.5,7761.5,104
2026-09-21T08:56:00+00:00,7761.25,7761.75,7760.5,7760.5,155
2026-09-21T08:57:00+00:00,7760.75,7761,7760.5,7761,64
2026-09-21T08:58:00+00:00,7761,7761.5,7760.75,7761.25,81
2026-09-21T08:59:00+00:00,7761.5,7761.5,7761,7761,126
2026-09-21T09:00:00+00:00,7761.25,7761.5,7759.75,7760.5,229
2026-09-21T09:01:00+00:00,7760.5,7760.75,7759.75,7760,78
2026-09-21T09:02:00+00:00,7760,7760.5,7759.75,7760,71
2026-09-21T09:03:00+00:00,7760,7760.5,7759.5,7760.5,133
2026-09-21T09:04:00+00:00,7760.25,7760.25,7759.25,7759.75,123
2026-09-21T09:05:00+00:00,7759.5,7759.75,7759.5,7759.75,55
2026-09-21T09:06:00+00:00,7760,7760.75,7759.75,7760.5,118
2026-09-21T09:07:00+00:00,7760.5,7761.5,7760.5,7761.25,77
2026-09-21T09:08:00+00:00,7761.25,7762.25,7761.25,7761.75,174
2026-09-21T09:09:00+00:00,7761.75,7762,7760.75,7761,71
2026-09-21T09:10:00+00:00,7760.75,7761.25,7760.25,7760.25,106
2026-09-21T09:11:00+00:00,7760.5,7761,7759.75,7761,132
2026-09-21T09:12:00+00:00,7760.75,7761,7760.5,7761,69
2026-09-21T09:13:00+00:00,7761,7761,7760.5,7760.75,72
2026-09-21T09:14:00+00:00,7760.75,7761,7760.75,7760.75,97
2026-09-21T09:15:00+00:00,7761,7761.75,7761,7761.5,70
2026-09-21T09:16:00+00:00,7761.5,7761.5,7760.5,7760.5,82
2026-09-21T09:17:00+00:00,7760.75,7760.75,7760,7760.5,74
2026-09-21T09:18:00+00:00,7760.5,7761,7760.25,7760.25,46
2026-09-21T09:19:00+00:00,7760.5,7760.5,7760,7760.25,92
2026-09-21T09:20:00+00:00,7760.25,7760.5,7760.25,7760.25,37
2026-09-21T09:21:00+00:00,7760.25,7760.75,7760.25,7760.5,32
2026-09-21T09:22:00+00:00,7760.75,7762.5,7760.75,7762,330
2026-09-21T09:23:00+00:00,7762,7762.25,7761,7761.5,165
2026-09-21T09:24:00+00:00,7761.75,7761.75,7761,7761.25,64
2026-09-21T09:25:00+00:00,7761,7761.5,7760.75,7761.25,196
2026-09-21T09:26:00+00:00,7761.25,7762.25,7761.25,7762.25,192
2026-09-21T09:27:00+00:00,7762.25,7763.25,7762,7763,446
2026-09-21T09:28:00+00:00,7762.75,7763.25,7762,7762,71
2026-09-21T09:29:00+00:00,7762,7762,7760.75,7760.75,130
2026-09-21T09:30:00+00:00,7761,7761,7760.25,7761,108
2026-09-21T09:31:00+00:00,7761,7761.25,7760.5,7760.5,75
2026-09-21T09:32:00+00:00,7760.5,7761,7760.5,7761,84
2026-09-21T09:33:00+00:00,7761.25,7761.75,7760.75,7761,134
2026-09-21T09:34:00+00:00,7761,7761.5,7761,7761.25,58
2026-09-21T09:35:00+00:00,7761.5,7762,7760.75,7761.5,283
2026-09-21T09:36:00+00:00,7761.5,7761.75,7761.5,7761.5,73
2026-09-21T09:37:00+00:00,7761.5,7761.75,7761.25,7761.75,81
2026-09-21T09:38:00+00:00,7761.5,7762,7761,7761,118
2026-09-21T09:39:00+00:00,7761.25,7762.25,7761.25,7762,77
2026-09-21T09:40:00+00:00,7762,7762.25,7761.5,7762,26
2026-09-21T09:41:00+00:00,7762,7762.5,7762,7762.25,90
2026-09-21T09:42:00+00:00,7762,7762.25,7761.75,7761.75,38
2026-09-21T09:43:00+00:00,7762,7762.25,7761.75,7762.25,20
2026-09-21T09:44:00+00:00,7762,7762.25,7762,7762.25,18
2026-09-21T09:45:00+00:00,7762.25,7762.5,7762,7762,110
2026-09-21T09:46:00+00:00,7762,7762.25,7761.5,7762,89
2026-09-21T09:47:00+00:00,7762,7762.5,7762,7762.5,22
2026-09-21T09:48:00+00:00,7762.25,7762.75,7762.25,7762.5,49
2026-09-21T09:49:00+00:00,7762.5,7762.5,7762,7762.25,73
2026-09-21T09:50:00+00:00,7762.25,7763.25,7762.25,7763.25,186
2026-09-21T09:51:00+00:00,7763.25,7764.25,7763,7764,386
2026-09-21T09:52:00+00:00,7763.75,7764.5,7763.5,7764,334
2026-09-21T09:53:00+00:00,7763.5,7764.5,7763.25,7764,187
2026-09-21T09:54:00+00:00,7763.75,7764.25,7763.5,7764.25,52
2026-09-21T09:55:00+00:00,7764,7764.25,7763.5,7764,48
2026-09-21T09:56:00+00:00,7764.25,7764.25,7763.5,7763.5,130
2026-09-21T09:57:00+00:00,7763.5,7763.5,7762,7762.75,144
2026-09-21T09:58:00+00:00,7762.25,7762.5,7762,7762.5,105
2026-09-21T09:59:00+00:00,7762.25,7763.25,7762.25,7762.5,74
2026-09-21T10:00:00+00:00,7762.25,7763,7762.25,7762.75,150
2026-09-21T10:01:00+00:00,7762.5,7763.75,7762.5,7763.5,101
2026-09-21T10:02:00+00:00,7763.5,7764,7763.25,7764,66
2026-09-21T10:03:00+00:00,7764,7764.5,7763.75,7763.75,111
2026-09-21T10:04:00+00:00,7764.25,7764.5,7764,7764.5,102
2026-09-21T10:05:00+00:00,7764.5,7764.5,7764,7764.5,87
2026-09-21T10:06:00+00:00,7764.5,7764.75,7764,7764.25,123
2026-09-21T10:07:00+00:00,7764,7764.75,7764,7764.5,97
2026-09-21T10:08:00+00:00,7764.5,7764.75,7764.25,7764.25,88
2026-09-21T10:09:00+00:00,7764.25,7765.25,7764.25,7765,247
2026-09-21T10:10:00+00:00,7765,7765,7764.5,7765,39
2026-09-21T10:11:00+00:00,7765,7765.25,7764.75,7765,48
2026-09-21T10:12:00+00:00,7764.75,7765,7764.5,7765,48
2026-09-21T10:13:00+00:00,7764.5,7764.75,7764.25,7764.75,231
2026-09-21T10:14:00+00:00,7764.5,7765.75,7764.5,7765.5,254
2026-09-21T10:15:00+00:00,7765.75,7767,7765.75,7766.5,423
2026-09-21T10:16:00+00:00,7766.5,7766.75,7766,7766.75,104
2026-09-21T10:17:00+00:00,7766.5,7766.75,7766,7766,79
2026-09-21T10:18:00+00:00,7766,7766,7765.5,7766,288
2026-09-21T10:19:00+00:00,7766,7766.25,7765,7765.5,178
2026-09-21T10:20:00+00:00,7765.5,7765.75,7765.25,7765.75,69
2026-09-21T10:21:00+00:00,7765.75,7766,7765.5,7765.75,77
2026-09-21T10:22:00+00:00,7765.75,7766,7765.5,7765.5,61
2026-09-21T10:23:00+00:00,7765.75,7765.75,7764.5,7765,184
2026-09-21T10:24:00+00:00,7764.75,7765.25,7764.75,7765.25,49
2026-09-21T10:25:00+00:00,7765.25,7765.5,7765,7765,69
2026-09-21T10:26:00+00:00,7765.25,7765.75,7765.25,7765.75,107
2026-09-21T10:27:00+00:00,7766,7766.5,7766,7766.5,58
2026-09-21T10:28:00+00:00,7766.5,7767.25,7766.5,7767,146
2026-09-21T10:29:00+00:00,7767,7767,7766,7766.25,45
2026-09-21T10:30:00+00:00,7766.5,7767.75,7765.25,7767.5,588
2026-09-21T10:31:00+00:00,7767.25,7768.25,7767,7768,273
2026-09-21T10:32:00+00:00,7768,7768,7767.5,7767.5,145
2026-09-21T10:33:00+00:00,7767.5,7768.25,7767.25,7768,146
2026-09-21T10:34:00+00:00,7768.25,7769,7768,7768,277
2026-09-21T10:35:00+00:00,7768.25,7768.5,7766.25,7766.25,598
2026-09-21T10:36:00+00:00,7766.5,7766.75,7765.75,7766.75,244
2026-09-21T10:37:00+00:00,7766.5,7767,7766.25,7767,205
2026-09-21T10:38:00+00:00,7767,7767.5,7766.75,7767.5,78
2026-09-21T10:39:00+00:00,7767.5,7768.25,7767.25,7767.25,137
2026-09-21T10:40:00+00:00,7767.25,7767.25,7766.75,7767,85
2026-09-21T10:41:00+00:00,7767,7767,7766.5,7766.75,54
2026-09-21T10:42:00+00:00,7766.75,7767,7766.25,7767,163
2026-09-21T10:43:00+00:00,7767,7767.5,7766.75,7767,136
2026-09-21T10:44:00+00:00,7767.25,7767.75,7767,7767.25,48
2026-09-21T10:45:00+00:00,7767.5,7767.5,7767,7767.5,36
2026-09-21T10:46:00+00:00,7767.25,7769,7767.25,7768,244
2026-09-21T10:47:00+00:00,7768.25,7768.25,7767.25,7767.25,100
2026-09-21T10:48:00+00:00,7767.5,7767.5,7766.75,7766.75,115
2026-09-21T10:49:00+00:00,7766.75,7767,7766.25,7766.5,68
2026-09-21T10:50:00+00:00,7766.75,7767,7766.25,7766.5,81
2026-09-21T10:51:00+00:00,7766.5,7767,7766.5,7767,19
2026-09-21T10:52:00+00:00,7766.5,7766.75,7766.25,7766.25,99
2026-09-21T10:53:00+00:00,7766.5,7767.25,7766.25,7766.75,56
2026-09-21T10:54:00+00:00,7767.25,7768,7766.5,7767.75,163
2026-09-21T10:55:00+00:00,7768,7768,7767,7767,168
2026-09-21T10:56:00+00:00,7767,7768,7767,7767.5,162
2026-09-21T10:57:00+00:00,7767.75,7767.75,7766.75,7767,243
2026-09-21T10:58:00+00:00,7767.5,7767.5,7766,7766.25,91
2026-09-21T10:59:00+00:00,7766.25,7766.25,7765.5,7766,238
2026-09-21T11:00:00+00:00,7765.75,7766,7765,7765.5,528
2026-09-21T11:01:00+00:00,7765.5,7766,7765.25,7766,117
2026-09-21T11:02:00+00:00,7766,7766.5,7765.5,7766,176
2026-09-21T11:03:00+00:00,7766.5,7767,7766.25,7766.5,124
2026-09-21T11:04:00+00:00,7766.5,7766.5,7765,7765,102
2026-09-21T11:05:00+00:00,7765,7765.5,7764.5,7764.75,247
2026-09-21T11:06:00+00:00,7765,7765,7764,7764.25,160
2026-09-21T11:07:00+00:00,7764.25,7764.5,7763.5,7763.75,196
2026-09-21T11:08:00+00:00,7763.75,7764.25,7763.5,7763.5,100
2026-09-21T11:09:00+00:00,7763.75,7764.25,7763.75,7764,110
2026-09-21T11:10:00+00:00,7763.75,7763.75,7763.25,7763.5,85
2026-09-21T11:11:00+00:00,7763.5,7764,7763.25,7763.75,84
2026-09-21T11:12:00+00:00,7763.5,7764,7763.25,7763.75,50
2026-09-21T11:13:00+00:00,7764,7764.25,7764,7764.25,85
2026-09-21T11:14:00+00:00,7764,7765,7764,7764.5,130
2026-09-21T11:15:00+00:00,7764.5,7765.5,7764.25,7765.25,138
2026-09-21T11:16:00+00:00,7765.25,7765.25,7764,7764.75,116
2026-09-21T11:17:00+00:00,7764.75,7765,7764.25,7764.75,39
2026-09-21T11:18:00+00:00,7764.75,7765.25,7764.75,7764.75,116
2026-09-21T11:19:00+00:00,7764.75,7765.75,7764.75,7765.75,184
2026-09-21T11:20:00+00:00,7765.5,7765.75,7765,7765.5,115
2026-09-21T11:21:00+00:00,7765.5,7765.75,7765.25,7765.5,84
2026-09-21T11:22:00+00:00,7765.75,7765.75,7765,7765.25,84
2026-09-21T11:23:00+00:00,7765,7765,7763.25,7763.5,367
2026-09-21T11:24:00+00:00,7763.25,7764,7763,7763.5,195
2026-09-21T11:25:00+00:00,7763.5,7764,7763.5,7763.5,89
2026-09-21T11:26:00+00:00,7763.5,7764,7763.25,7763.75,129
2026-09-21T11:27:00+00:00,7764,7764.5,7764,7764,81
2026-09-21T11:28:00+00:00,7764.25,7764.5,7764,7764.25,47
2026-09-21T11:29:00+00:00,7764.5,7764.75,7764,7764,95
2026-09-21T11:30:00+00:00,7764,7764.5,7763.75,7764.5,85
2026-09-21T11:31:00+00:00,7764.5,7765,7764,7764.75,166
2026-09-21T11:32:00+00:00,7765,7765.25,7764.75,7765,118
2026-09-21T11:33:00+00:00,7765.25,7766.25,7765.25,7766.25,336
2026-09-21T11:34:00+00:00,7766.5,7766.75,7766,7766.5,340
2026-09-21T11:35:00+00:00,7766.25,7766.75,7766.25,7766.5,138
2026-09-21T11:36:00+00:00,7766.5,7766.5,7765.25,7765.25,226
2026-09-21T11:37:00+00:00,7765.25,7765.5,7764.75,7764.75,108
2026-09-21T11:38:00+00:00,7764.75,7765.5,7764.25,7765.25,118
2026-09-21T11:39:00+00:00,7765.5,7768,7765.25,7766.5,653
2026-09-21T11:40:00+00:00,7766.5,7767.5,7766.25,7767.25,216
2026-09-21T11:41:00+00:00,7767.25,7767.5,7766.25,7766.75,134
2026-09-21T11:42:00+00:00,7767,7767.5,7766.75,7766.75,114
2026-09-21T11:43:00+00:00,7766.75,7767,7766.5,7766.75,93
2026-09-21T11:44:00+00:00,7766.75,7768.25,7766.75,7768.25,250
2026-09-21T11:45:00+00:00,7768.25,7768.5,7767.75,7768.25,168
2026-09-21T11:46:00+00:00,7768,7768.25,7767.5,7767.75,300
2026-09-21T11:47:00+00:00,7768,7768,7767.25,7767.5,207
2026-09-21T11:48:00+00:00,7767.5,7767.75,7767,7767.25,91
2026-09-21T11:49:00+00:00,7767.25,7768.25,7767.25,7768.25,156
2026-09-21T11:50:00+00:00,7768,7768.25,7767.75,7768,53
2026-09-21T11:51:00+00:00,7768.25,7768.25,7767,7767.75,147
2026-09-21T11:52:00+00:00,7767.75,7768.75,7767.75,7768.75,185
2026-09-21T11:53:00+00:00,7769,7769,7768,7768.75,295
2026-09-21T11:54:00+00:00,7768.75,7769.5,7768.5,7769,432
2026-09-21T11:55:00+00:00,7769.25,7770.75,7769,7770,644
2026-09-21T11:56:00+00:00,7769.75,7770,7768.75,7769,203
2026-09-21T11:57:00+00:00,7769,7769.25,7767.5,7768.5,369
2026-09-21T11:58:00+00:00,7768.25,7768.5,7767.5,7767.75,171
2026-09-21T11:59:00+00:00,7767.75,7768,7767.5,7767.75,207
2026-09-21T12:00:00+00:00,7767.75,7768.5,7767,7767,729
2026-09-21T12:01:00+00:00,7767,7767.25,7766.75,7766.75,369
2026-09-21T12:02:00+00:00,7767,7767.5,7764.25,7765.75,1022
2026-09-21T12:03:00+00:00,7765.5,7767.75,7765.25,7766,765
2026-09-21T12:04:00+00:00,7766.5,7769.5,7766.5,7769.25,639
2026-09-21T12:05:00+00:00,7769.5,7770.5,7769.25,7769.5,358
2026-09-21T12:06:00+00:00,7769.75,7770.5,7769.5,7770,491
2026-09-21T12:07:00+00:00,7769.75,7770,7768.25,7768.25,189
2026-09-21T12:08:00+00:00,7768.25,7769.5,7768.25,7769,225
2026-09-21T12:09:00+00:00,7769.25,7769.5,7768.25,7768.75,106
2026-09-21T12:10:00+00:00,7768.75,7769,7768.25,7768.5,151
2026-09-21T12:11:00+00:00,7768.5,7768.75,7767.75,7768.25,177
2026-09-21T12:12:00+00:00,7768.25,7768.25,7767.25,7767.5,177
2026-09-21T12:13:00+00:00,7767.5,7767.5,7766.75,7767,165
2026-09-21T12:14:00+00:00,7767,7767.25,7765.25,7765.25,476
2026-09-21T12:15:00+00:00,7765.25,7766,7765,7765.75,185
2026-09-21T12:16:00+00:00,7766,7766,7765.25,7765.5,191
2026-09-21T12:17:00+00:00,7765.5,7765.75,7765,7765,146
2026-09-21T12:18:00+00:00,7765,7766.5,7765,7766.5,220
2026-09-21T12:19:00+00:00,7766.5,7766.5,7765.5,7765.5,161
2026-09-21T12:20:00+00:00,7765.5,7766.5,7765.25,7766.25,143
2026-09-21T12:21:00+00:00,7766.25,7767,7765.25,7765.25,265
2026-09-21T12:22:00+00:00,7765.5,7765.5,7763.25,7764,763
2026-09-21T12:23:00+00:00,7764,7764.25,7763.5,7764,150
2026-09-21T12:24:00+00:00,7763.75,7764.25,7763.5,7764,114
2026-09-21T12:25:00+00:00,7764,7764.5,7764,7764.5,100
2026-09-21T12:26:00+00:00,7764.75,7765,7764.25,7764.75,193
2026-09-21T12:27:00+00:00,7764.75,7765,7763.75,7764,149
2026-09-21T12:28:00+00:00,7764,7764,7763.25,7763.75,213
2026-09-21T12:29:00+00:00,7763.75,7764,7763,7763.25,233
2026-09-21T12:30:00+00:00,7763.5,7764.5,7763.5,7764.25,203
2026-09-21T12:31:00+00:00,7764,7765,7763.25,7765,293
2026-09-21T12:32:00+00:00,7764.75,7765,7763.5,7764,256
2026-09-21T12:33:00+00:00,7764,7764.25,7763.5,7763.75,97
2026-09-21T12:34:00+00:00,7763.75,7764.5,7763.25,7763.75,109
2026-09-21T12:35:00+00:00,7764,7764.25,7763.25,7763.5,73
2026-09-21T12:36:00+00:00,7763.5,7763.75,7763,7763.25,257
2026-09-21T12:37:00+00:00,7763.25,7764,7762.75,7763.75,231
2026-09-21T12:38:00+00:00,7763.75,7764.5,7763.25,7763.75,184
2026-09-21T12:39:00+00:00,7764,7764.5,7763.75,7764,184
2026-09-21T12:40:00+00:00,7763.75,7764.5,7763.75,7764,157
2026-09-21T12:41:00+00:00,7764.25,7764.75,7764,7764.5,181
2026-09-21T12:42:00+00:00,7764.5,7765,7764.25,7765,149
2026-09-21T12:43:00+00:00,7765,7765.5,7764.75,7765,262
2026-09-21T12:44:00+00:00,7764.75,7768,7763.75,7767.75,2365
2026-09-21T12:45:00+00:00,7767.75,7767.75,7765.75,7765.75,608
2026-09-21T12:46:00+00:00,7766,7766.25,7764.25,7764.5,476
2026-09-21T12:47:00+00:00,7764.5,7765,7764.25,7764.5,559
2026-09-21T12:48:00+00:00,7764.75,7764.75,7764,7764.25,116
2026-09-21T12:49:00+00:00,7764.25,7764.25,7763,7763.75,324
2026-09-21T12:50:00+00:00,7763.75,7764,7763,7763.25,189
2026-09-21T12:51:00+00:00,7763.25,7763.5,7763.25,7763.25,166
2026-09-21T12:52:00+00:00,7763.25,7763.5,7762.5,7763.25,464
2026-09-21T12:53:00+00:00,7763.5,7763.5,7763,7763.25,150
2026-09-21T12:54:00+00:00,7763.25,7763.5,7762.75,7763,229
2026-09-21T12:55:00+00:00,7762.75,7763,7761.5,7761.75,676
2026-09-21T12:56:00+00:00,7762,7762.5,7761.25,7761.25,369
2026-09-21T12:57:00+00:00,7761.5,7762,7761.25,7761.75,273
2026-09-21T12:58:00+00:00,7761.75,7762.5,7761.25,7762.25,262
2026-09-21T12:59:00+00:00,7762.5,7762.5,7761.25,7761.5,233
2026-09-21T13:00:00+00:00,7761.75,7761.75,7760.75,7761.25,750
2026-09-21T13:01:00+00:00,7761,7762.5,7761,7761.75,396
2026-09-21T13:02:00+00:00,7761.75,7763.25,7761.75,7762.75,551
2026-09-21T13:03:00+00:00,7763,7763.25,7762.25,7762.5,318
2026-09-21T13:04:00+00:00,7762.5,7763.5,7762.5,7763.25,458
2026-09-21T13:05:00+00:00,7763.25,7763.5,7762.5,7762.75,315
2026-09-21T13:06:00+00:00,7762.5,7762.75,7762,7762.5,137
2026-09-21T13:07:00+00:00,7762.75,7762.75,7762,7762.5,217
2026-09-21T13:08:00+00:00,7762.5,7763,7762.25,7762.75,213
2026-09-21T13:09:00+00:00,7763,7764.25,7763,7764.25,627
2026-09-21T13:10:00+00:00,7764.25,7764.75,7763.25,7763.25,548
2026-09-21T13:11:00+00:00,7763.25,7763.25,7762,7762.25,342
2026-09-21T13:12:00+00:00,7762.25,7762.5,7762,7762.5,207
2026-09-21T13:13:00+00:00,7762.5,7762.75,7761.75,7762.25,246
2026-09-21T13:14:00+00:00,7762.5,7763,7762.25,7762.25,189
2026-09-21T13:15:00+00:00,7762.5,7763,7762.25,7762.75,230
2026-09-21T13:16:00+00:00,7763,7763.25,7762.5,7762.5,370
2026-09-21T13:17:00+00:00,7762.5,7762.5,7761.75,7761.75,244
2026-09-21T13:18:00+00:00,7761.75,7762.5,7761.5,7762.25,307
2026-09-21T13:19:00+00:00,7762.5,7763.75,7762.5,7763.5,340
2026-09-21T13:20:00+00:00,7763.5,7763.5,7761.75,7761.75,380
2026-09-21T13:21:00+00:00,7761.75,7762.75,7761.75,7762.5,169
2026-09-21T13:22:00+00:00,7762.5,7762.5,7761,7761,503
2026-09-21T13:23:00+00:00,7761,7761.25,7760.25,7761,564
2026-09-21T13:24:00+00:00,7761,7761.25,7759.75,7759.75,857
2026-09-21T13:25:00+00:00,7760,7760.75,7759,7760,1690
2026-09-21T13:26:00+00:00,7760,7763.25,7759.5,7760.25,2958
2026-09-21T13:27:00+00:00,7760.25,7760.75,7759,7760,884
2026-09-21T13:28:00+00:00,7759.75,7760,7758.75,7758.75,1315
2026-09-21T13:29:00+00:00,7758.75,7761,7758.75,7760.5,1248
2026-09-21T13:30:00+00:00,7760.5,7764.5,7760.5,7763.75,6761
2026-09-21T13:31:00+00:00,7763.75,7764,7758.25,7759.25,4175
2026-09-21T13:32:00+00:00,7759.5,7761.75,7758.25,7761.25,2848
2026-09-21T13:33:00+00:00,7761.5,7764.25,7760.25,7761.5,2980
2026-09-21T13:34:00+00:00,7761.5,7763.25,7761,7762,1753
2026-09-21T13:35:00+00:00,7762,7764.5,7761.25,7764.25,2497
2026-09-21T13:36:00+00:00,7764.25,7764.5,7761.5,7762.75,2301
2026-09-21T13:37:00+00:00,7762.5,7765,7761.25,7764.5,2679
2026-09-21T13:38:00+00:00,7764.25,7764.5,7762.75,7764,1519
2026-09-21T13:39:00+00:00,7763.75,7764.75,7763.25,7764.5,1141
2026-09-21T13:40:00+00:00,7764.5,7765.75,7763,7763.5,2947
2026-09-21T13:41:00+00:00,7763.5,7764.25,7763,7763.5,1594
2026-09-21T13:42:00+00:00,7763.75,7763.75,7762.25,7762.25,1346
2026-09-21T13:43:00+00:00,7762.5,7764.75,7762.25,7763.25,1407
2026-09-21T13:44:00+00:00,7763.5,7766.25,7763,7766.25,2027
2026-09-21T13:45:00+00:00,7766.25,7768.75,7765.75,7768,4682
2026-09-21T13:46:00+00:00,7768.25,7769.25,7766.75,7768.75,2796
2026-09-21T13:47:00+00:00,7768.5,7768.5,7766.75,7767,2250
2026-09-21T13:48:00+00:00,7767,7768.25,7766.25,7767.25,1795
2026-09-21T13:49:00+00:00,7767.25,7767.75,7766.5,7767.75,1207
2026-09-21T13:50:00+00:00,7767.75,7768.5,7767.25,7768,1775
2026-09-21T13:51:00+00:00,7768,7769,7767.5,7769,1731
2026-09-21T13:52:00+00:00,7768.75,7772,7768.75,7771,5384
2026-09-21T13:53:00+00:00,7770.75,7771.5,7770.5,7771.25,1697
2026-09-21T13:54:00+00:00,7771.5,7773.25,7770.75,7773,3355
2026-09-21T13:55:00+00:00,7773,7773,7771,7772,2496
2026-09-21T13:56:00+00:00,7772,7772,7770.5,7770.75,1781
2026-09-21T13:57:00+00:00,7771,7773,7770.5,7773,1533
2026-09-21T13:58:00+00:00,7772.75,7773.5,7771.5,7772.25,2364
2026-09-21T13:59:00+00:00,7772,7775,7771.75,7774.75,2601
2026-09-21T14:00:00+00:00,7774.5,7774.75,7772.5,7773.25,3088
2026-09-21T14:01:00+00:00,7773.25,7776,7773,7773.75,3604
2026-09-21T14:02:00+00:00,7773.5,7774,7772.25,7773.75,1902
2026-09-21T14:03:00+00:00,7773.5,7773.75,7772,7772.5,1662
2026-09-21T14:04:00+00:00,7772.5,7773.25,7772.25,7772.25,1224
2026-09-21T14:05:00+00:00,7772.5,7772.75,7768.5,7769.5,5032
2026-09-21T14:06:00+00:00,7769.75,7770,7768.75,7769,1883
2026-09-21T14:07:00+00:00,7769,7770.75,7767.75,7769.75,2641
2026-09-21T14:08:00+00:00,7770,7772.25,7769.75,7772,2076
2026-09-21T14:09:00+00:00,7772,7772.75,7770.5,7771.5,2839
2026-09-21T14:10:00+00:00,7771.25,7774.5,7771.25,7773,3741
2026-09-21T14:11:00+00:00,7773.25,7773.5,7771.75,7773,1698
2026-09-21T14:12:00+00:00,7772.75,7775,7772.5,7774.5,2011
2026-09-21T14:13:00+00:00,7774.5,7776.75,7774,7776.5,3392
2026-09-21T14:14:00+00:00,7776.5,7777,7775,7775.25,2592
2026-09-21T14:15:00+00:00,7775.5,7778.5,7775.25,7778.25,2964
2026-09-21T14:16:00+00:00,7778,7781,7778,7780.5,4075
2026-09-21T14:17:00+00:00,7780.5,7781.75,7779.75,7781.25,2361
2026-09-21T14:18:00+00:00,7781,7782.75,7780.75,7782,2114
2026-09-21T14:19:00+00:00,7782,7782.25,7781,7781.75,1957
2026-09-21T14:20:00+00:00,7782,7782.75,7780.5,7780.5,2206
2026-09-21T14:21:00+00:00,7780.5,7786.5,7780.25,7786.25,6537
2026-09-21T14:22:00+00:00,7786.25,7788.75,7786.25,7788.75,4811
2026-09-21T14:23:00+00:00,7788.5,7789,7787.25,7788.75,2442
2026-09-21T14:24:00+00:00,7789,7789.5,7787.5,7788.25,2565
2026-09-21T14:25:00+00:00,7788.5,7789.5,7788,7789.25,1602
2026-09-21T14:26:00+00:00,7789,7790.25,7788,7789.25,2109
2026-09-21T14:27:00+00:00,7789.25,7789.5,7788.25,7789.25,1991
2026-09-21T14:28:00+00:00,7789,7791,7789,7789.25,2230
2026-09-21T14:29:00+00:00,7789.25,7789.75,7787,7788,2990
2026-09-21T14:30:00+00:00,7788,7789,7786.5,7789,2544
2026-09-21T14:31:00+00:00,7789,7790.25,7788,7789.75,1938
2026-09-21T14:32:00+00:00,7789.75,7790.75,7788.5,7790.5,2237
2026-09-21T14:33:00+00:00,7790.5,7791.5,7789.5,7790,2087
2026-09-21T14:34:00+00:00,7790,7790.5,7788.5,7789.25,1817
2026-09-21T14:35:00+00:00,7789.25,7790.25,7789,7789.75,944
2026-09-21T14:36:00+00:00,7789.75,7791.5,7789.25,7790.5,1296
2026-09-21T14:37:00+00:00,7790.5,7793.5,7790.5,7792.75,3151
2026-09-21T14:38:00+00:00,7792.75,7793,7790.5,7790.5,1533
2026-09-21T14:39:00+00:00,7790.5,7791.5,7789.75,7790.75,1742
2026-09-21T14:40:00+00:00,7790.5,7791,7789.25,7790,1532
2026-09-21T14:41:00+00:00,7790,7793.5,7789,7790,4015
2026-09-21T14:42:00+00:00,7790,7790.5,7788.5,7788.75,1642
2026-09-21T14:43:00+00:00,7788.75,7789,7786.75,7787,3040
2026-09-21T14:44:00+00:00,7787.25,7788,7786.5,7787.75,1938
2026-09-21T14:45:00+00:00,7787.75,7788,7785,7785.25,2795
2026-09-21T14:46:00+00:00,7785.25,7787.5,7785,7787.25,1643
2026-09-21T14:47:00+00:00,7787.5,7790,7787.25,7789.75,2750
2026-09-21T14:48:00+00:00,7789.75,7790.75,7789,7790.25,1398
2026-09-21T14:49:00+00:00,7790.25,7790.5,7787.5,7787.5,1556
2026-09-21T14:50:00+00:00,7787.5,7788,7786.25,7786.25,1336
2026-09-21T14:51:00+00:00,7786.5,7788,7786.25,7787.25,1021
2026-09-21T14:52:00+00:00,7787,7788.25,7786.5,7787.25,789
2026-09-21T14:53:00+00:00,7787.5,7787.5,7786.5,7786.5,919
2026-09-21T14:54:00+00:00,7786.75,7790,7786.5,7789.75,1825
2026-09-21T14:55:00+00:00,7789.5,7789.75,7788.25,7788.5,631
2026-09-21T14:56:00+00:00,7788.75,7789.75,7787.5,7789.75,901
2026-09-21T14:57:00+00:00,7790,7791,7789.25,7791,1810
2026-09-21T14:58:00+00:00,7791,7792.25,7790.25,7791.5,1952
2026-09-21T14:59:00+00:00,7791.75,7791.75,7789.25,7789.75,1237
2026-09-21T15:00:00+00:00,7790,7791.25,7789.5,7790.25,1222
2026-09-21T15:01:00+00:00,7790.25,7791,7789.75,7790,1060
2026-09-21T15:02:00+00:00,7790,7790.5,7789,7790,995
2026-09-21T15:03:00+00:00,7789.75,7791,7789.25,7790.5,959
2026-09-21T15:04:00+00:00,7790.75,7793.5,7790.5,7793.25,2458
2026-09-21T15:05:00+00:00,7793.5,7794.25,7792.25,7792.75,3162
2026-09-21T15:06:00+00:00,7793,7793.25,7791.25,7791.25,1365
2026-09-21T15:07:00+00:00,7791.5,7793.5,7791.5,7793,1371
2026-09-21T15:08:00+00:00,7793.25,7793.75,7792.75,7793.5,786
2026-09-21T15:09:00+00:00,7793.25,7794,7793,7793.5,764
2026-09-21T15:10:00+00:00,7793.75,7793.75,7791.75,7792,1352
2026-09-21T15:11:00+00:00,7792,7793,7791.75,7792.75,936
2026-09-21T15:12:00+00:00,7792.75,7796,7792.25,7796,2657
2026-09-21T15:13:00+00:00,7796,7796,7794.75,7795.75,1590
2026-09-21T15:14:00+00:00,7795.75,7796.25,7795,7796,1646
2026-09-21T15:15:00+00:00,7796.25,7797.75,7796.25,7797.5,2570
2026-09-21T15:16:00+00:00,7797.25,7798.5,7797,7797.75,2056
2026-09-21T15:17:00+00:00,7797.75,7798,7796.25,7798,1654
2026-09-21T15:18:00+00:00,7797.75,7799.25,7797.75,7798.75,1820
2026-09-21T15:19:00+00:00,7798.75,7799.75,7798.5,7799.5,2049
2026-09-21T15:20:00+00:00,7799.5,7799.75,7797.5,7797.75,1660
2026-09-21T15:21:00+00:00,7797.75,7799.25,7797.5,7798.5,1205
2026-09-21T15:22:00+00:00,7798.5,7798.5,7796.75,7797.75,1250
2026-09-21T15:23:00+00:00,7797.5,7798,7796.75,7797.75,917
2026-09-21T15:24:00+00:00,7797.75,7798.25,7797,7797.25,847
2026-09-21T15:25:00+00:00,7797.25,7798.75,7796.5,7798,1468
2026-09-21T15:26:00+00:00,7798.25,7798.5,7796.75,7797.25,826
2026-09-21T15:27:00+00:00,7797.25,7798.75,7797,7797.5,941
2026-09-21T15:28:00+00:00,7797.25,7797.75,7796,7796,1683
2026-09-21T15:29:00+00:00,7796,7797,7795.75,7796.5,1107
2026-09-21T15:30:00+00:00,7796.5,7797.75,7796,7797.5,1240
2026-09-21T15:31:00+00:00,7797.5,7797.5,7796.25,7797.25,1070
2026-09-21T15:32:00+00:00,7797.25,7798,7797.25,7797.5,631
2026-09-21T15:33:00+00:00,7797.25,7797.75,7797,7797.25,916
2026-09-21T15:34:00+00:00,7797.25,7797.75,7796,7796.5,1376
2026-09-21T15:35:00+00:00,7796.5,7797.75,7796.25,7796.75,950
2026-09-21T15:36:00+00:00,7797,7800,7796.75,7799.25,3812
2026-09-21T15:37:00+00:00,7799.5,7801,7799,7800.5,2192
2026-09-21T15:38:00+00:00,7800.75,7801.5,7800,7801.5,1688
2026-09-21T15:39:00+00:00,7801.75,7803.5,7801.5,7802.75,3218
2026-09-21T15:40:00+00:00,7802.5,7803.5,7801.5,7801.75,1863
2026-09-21T15:41:00+00:00,7802,7803,7801.5,7802.5,1067
2026-09-21T15:42:00+00:00,7802.5,7802.75,7801.25,7802.25,1129
2026-09-21T15:43:00+00:00,7802.5,7803.5,7802.25,7803.25,960
2026-09-21T15:44:00+00:00,7803.25,7805,7803.25,7804.75,2326
2026-09-21T15:45:00+00:00,7805,7807.5,7805,7806.5,2818
2026-09-21T15:46:00+00:00,7806.5,7808.5,7806.5,7808.25,2298
2026-09-21T15:47:00+00:00,7808.25,7809.75,7807.5,7809.5,2088
2026-09-21T15:48:00+00:00,7809.75,7809.75,7808,7808,1566
2026-09-21T15:49:00+00:00,7808,7808.25,7807.25,7807.25,1461
2026-09-21T15:50:00+00:00,7807.5,7811.5,7806,7807.5,8567
2026-09-21T15:51:00+00:00,7807.5,7807.5,7806.5,7806.75,1825
2026-09-21T15:52:00+00:00,7806.75,7807.5,7806,7806.25,1057
2026-09-21T15:53:00+00:00,7806.25,7807,7805.25,7806,1350
2026-09-21T15:54:00+00:00,7806,7806.25,7804.5,7804.5,1763
2026-09-21T15:55:00+00:00,7804.5,7805.75,7804,7805.75,1678
2026-09-21T15:56:00+00:00,7805.5,7805.75,7804.75,7805.25,976
2026-09-21T15:57:00+00:00,7805,7805,7803,7804,1987
2026-09-21T15:58:00+00:00,7804,7804.5,7803.25,7804.5,918
2026-09-21T15:59:00+00:00,7804.25,7805.5,7803.75,7805.25,977
2026-09-21T16:00:00+00:00,7805.25,7805.25,7802.75,7803.5,1610
2026-09-21T16:01:00+00:00,7803.75,7804.5,7803.5,7804,783
2026-09-21T16:02:00+00:00,7804.25,7806.75,7804,7806.5,1512
2026-09-21T16:03:00+00:00,7806.5,7808.25,7806.5,7808,1531
2026-09-21T16:04:00+00:00,7807.75,7808.75,7807.5,7808,1146
2026-09-21T16:05:00+00:00,7808.25,7809,7807.75,7807.75,1201
2026-09-21T16:06:00+00:00,7808,7808.75,7807,7807,1146
2026-09-21T16:07:00+00:00,7807,7813.5,7806.25,7810.75,12647
2026-09-21T16:08:00+00:00,7810.75,7811.75,7810.25,7811.75,1324
2026-09-21T16:09:00+00:00,7811.75,7815.25,7811.5,7814.25,3724
2026-09-21T16:10:00+00:00,7814.5,7817,7813.75,7816.5,3527
2026-09-21T16:11:00+00:00,7816.5,7816.5,7814.75,7815.5,1973
2026-09-21T16:12:00+00:00,7815.5,7815.5,7812.75,7813.5,2513
2026-09-21T16:13:00+00:00,7813.5,7815,7812.75,7812.75,1374
2026-09-21T16:14:00+00:00,7812.75,7813.75,7812,7813.5,1470
2026-09-21T16:15:00+00:00,7813.5,7815.25,7813.5,7814.75,1998
2026-09-21T16:16:00+00:00,7814.5,7816,7814,7815.25,1192
2026-09-21T16:17:00+00:00,7815,7815.5,7813,7813,1468
2026-09-21T16:18:00+00:00,7813,7813.75,7812,7812.5,1393
2026-09-21T16:19:00+00:00,7812.75,7814,7812.5,7813.75,621
2026-09-21T16:20:00+00:00,7813.75,7814.25,7813,7813.5,1063
2026-09-21T16:21:00+00:00,7813.5,7813.75,7812,7813.25,914
2026-09-21T16:22:00+00:00,7813.25,7814.75,7813,7814.5,1110
2026-09-21T16:23:00+00:00,7814.5,7814.5,7813.5,7814.25,522
2026-09-21T16:24:00+00:00,7814.25,7814.5,7813.25,7814.25,1153
2026-09-21T16:25:00+00:00,7814.25,7815.25,7813.75,7815.25,980
2026-09-21T16:26:00+00:00,7815.25,7816.75,7814.75,7816.5,1126
2026-09-21T16:27:00+00:00,7816.5,7818,7816.25,7818,2029
2026-09-21T16:28:00+00:00,7817.75,7818.25,7817,7817.25,1466
2026-09-21T16:29:00+00:00,7817.5,7817.5,7815.25,7816,1640
2026-09-21T16:30:00+00:00,7816,7818.75,7815.75,7818.5,2190
2026-09-21T16:31:00+00:00,7818.25,7820.75,7818,7820.5,2591
2026-09-21T16:32:00+00:00,7820.25,7823.25,7820,7823,3417
2026-09-21T16:33:00+00:00,7823,7824.75,7822.5,7823.25,2467
2026-09-21T16:34:00+00:00,7823,7823.25,7821,7822.25,2093
2026-09-21T16:35:00+00:00,7822.25,7823.5,7821.5,7822,1107
2026-09-21T16:36:00+00:00,7822,7822.75,7821.5,7822,1382
2026-09-21T16:37:00+00:00,7822.25,7822.25,7820.5,7820.5,1472
2026-09-21T16:38:00+00:00,7820.5,7820.5,7818.75,7818.75,1639
2026-09-21T16:39:00+00:00,7818.75,7819,7816.25,7816.5,1545
2026-09-21T16:40:00+00:00,7816.75,7818,7815.75,7817.75,1635
2026-09-21T16:41:00+00:00,7817.75,7818.25,7816.25,7817.75,1322
2026-09-21T16:42:00+00:00,7817.75,7819,7817.5,7819,1144
2026-09-21T16:43:00+00:00,7819,7819.5,7818.5,7818.75,1178
2026-09-21T16:44:00+00:00,7819,7819.25,7817,7817.75,1821
2026-09-21T16:45:00+00:00,7818,7820.5,7817.75,7820,1839
2026-09-21T16:46:00+00:00,7820,7821.25,7819.75,7820.25,940
2026-09-21T16:47:00+00:00,7820.25,7820.75,7819.25,7820.25,1220
2026-09-21T16:48:00+00:00,7820.25,7820.5,7819,7819.75,715
2026-09-21T16:49:00+00:00,7819.75,7820.25,7819.25,7820,715
2026-09-21T16:50:00+00:00,7820,7821.25,7819.75,7820.5,920
2026-09-21T16:51:00+00:00,7820.25,7820.25,7818.5,7819,910
2026-09-21T16:52:00+00:00,7819,7819.25,7817.25,7818.5,1132
2026-09-21T16:53:00+00:00,7818.5,7819,7817.5,7818.5,874
2026-09-21T16:54:00+00:00,7818.75,7819.5,7818.5,7819,804
2026-09-21T16:55:00+00:00,7819.25,7820.75,7819,7820.25,1075
2026-09-21T16:56:00+00:00,7820.5,7820.5,7818,7818.5,1011
2026-09-21T16:57:00+00:00,7818.25,7819.25,7818.25,7819.25,546
2026-09-21T16:58:00+00:00,7819,7820.25,7819,7820,546
2026-09-21T16:59:00+00:00,7820,7821.25,7819.75,7821.25,880
2026-09-21T17:00:00+00:00,7821,7822.25,7821,7822,1638
2026-09-21T17:01:00+00:00,7821.75,7823,7821,7821.25,1339
2026-09-21T17:02:00+00:00,7821.5,7821.75,7820.5,7820.75,755
2026-09-21T17:03:00+00:00,7820.75,7821.5,7820.25,7820.75,574
2026-09-21T17:04:00+00:00,7820.5,7820.75,7819.5,7820.25,1050
2026-09-21T17:05:00+00:00,7820.5,7823,7820.5,7822.5,934
2026-09-21T17:06:00+00:00,7822.5,7823,7822,7822.5,642
2026-09-21T17:07:00+00:00,7822.5,7822.75,7820.75,7820.75,758
2026-09-21T17:08:00+00:00,7821,7821.25,7820.5,7821,832
2026-09-21T17:09:00+00:00,7821,7821.75,7820.5,7821.5,683
2026-09-21T17:10:00+00:00,7821.5,7822.75,7821.25,7822.25,771
2026-09-21T17:11:00+00:00,7822.5,7823.25,7822.25,7823,705
2026-09-21T17:12:00+00:00,7823.25,7825.25,7823,7825.25,2790
2026-09-21T17:13:00+00:00,7825,7825.75,7824.75,7825.25,1291
2026-09-21T17:14:00+00:00,7825.25,7827,7825.25,7826,2041
2026-09-21T17:15:00+00:00,7826,7826.5,7824.75,7825,1951
2026-09-21T17:16:00+00:00,7825,7825.75,7824.5,7825,995
2026-09-21T17:17:00+00:00,7824.75,7825.5,7824,7824.75,958
2026-09-21T17:18:00+00:00,7824.75,7827.25,7824.5,7826.75,1380
2026-09-21T17:19:00+00:00,7826.5,7827.75,7826.25,7826.25,1113
2026-09-21T17:20:00+00:00,7826.75,7827.5,7826.5,7826.75,1161
2026-09-21T17:21:00+00:00,7826.75,7828,7826.75,7827.5,1238
2026-09-21T17:22:00+00:00,7827.5,7827.75,7825,7825,1577
2026-09-21T17:23:00+00:00,7825.25,7825.75,7823.5,7824,1879
2026-09-21T17:24:00+00:00,7824,7824.25,7823,7823.75,982
2026-09-21T17:25:00+00:00,7823.75,7824.5,7822.75,7823.5,1367
2026-09-21T17:26:00+00:00,7823.5,7824.25,7822.75,7823,927
2026-09-21T17:27:00+00:00,7822.75,7824.25,7822,7824,1341
2026-09-21T17:28:00+00:00,7823.75,7824.75,7822.75,7824.5,870
2026-09-21T17:29:00+00:00,7824.75,7826,7824.5,7826,1822
2026-09-21T17:30:00+00:00,7826.25,7826.5,7824.25,7826,1056
2026-09-21T17:31:00+00:00,7825.75,7826.5,7823,7824.25,3994
2026-09-21T17:32:00+00:00,7824,7824.25,7822.5,7823.25,1151
2026-09-21T17:33:00+00:00,7823,7823.5,7821.75,7822,1203
2026-09-21T17:34:00+00:00,7822,7822.25,7820.75,7821.5,1444
2026-09-21T17:35:00+00:00,7821.5,7822.5,7820.75,7822.25,1094
2026-09-21T17:36:00+00:00,7822,7823,7821.75,7822,916
2026-09-21T17:37:00+00:00,7822.25,7823.25,7820.25,7820.5,1709
2026-09-21T17:38:00+00:00,7820.5,7822,7820.5,7821.5,740
2026-09-21T17:39:00+00:00,7821.25,7822,7820.5,7820.5,1155
2026-09-21T17:40:00+00:00,7820.5,7822,7820,7821.25,1348
2026-09-21T17:41:00+00:00,7821,7822.5,7821,7821.75,638
2026-09-21T17:42:00+00:00,7821.75,7824.5,7821.75,7824,1535
2026-09-21T17:43:00+00:00,7824,7825.5,7823.5,7825,1522
2026-09-21T17:44:00+00:00,7825,7827.25,7825,7826.5,1986
2026-09-21T17:45:00+00:00,7826.75,7829.25,7826.5,7829,3067
2026-09-21T17:46:00+00:00,7828.75,7830,7828.75,7829.5,2083
2026-09-21T17:47:00+00:00,7829.5,7829.75,7825.75,7826,2806
2026-09-21T17:48:00+00:00,7826,7826.5,7825.25,7825.25,1405
2026-09-21T17:49:00+00:00,7825.25,7826.75,7825.25,7825.75,1146
2026-09-21T17:50:00+00:00,7825.75,7826.75,7825.5,7826,569
2026-09-21T17:51:00+00:00,7826.25,7827.25,7826.25,7827.25,964
2026-09-21T17:52:00+00:00,7827,7828,7827,7828,756
2026-09-21T17:53:00+00:00,7828,7828.5,7827.25,7828,922
2026-09-21T17:54:00+00:00,7828,7828.5,7827,7827.5,880
2026-09-21T17:55:00+00:00,7827.25,7827.75,7826,7826.5,873
2026-09-21T17:56:00+00:00,7826.5,7827,7825.25,7825.5,843
2026-09-21T17:57:00+00:00,7825.5,7826.75,7825.25,7826.5,715
2026-09-21T17:58:00+00:00,7826.75,7827.75,7826.5,7827.75,580
2026-09-21T17:59:00+00:00,7827.75,7827.75,7826.75,7827,321
2026-09-21T18:00:00+00:00,7827,7829,7827,7828,1158
2026-09-21T18:01:00+00:00,7828.25,7829.25,7828,7829,900
2026-09-21T18:02:00+00:00,7829.25,7830.25,7829,7829.75,1399
2026-09-21T18:03:00+00:00,7829.5,7830.25,7828.5,7828.75,1161
2026-09-21T18:04:00+00:00,7828.75,7830.25,7828.5,7830.25,668
2026-09-21T18:05:00+00:00,7830.25,7831.5,7830.25,7831.25,2276
2026-09-21T18:06:00+00:00,7831.25,7831.5,7830.5,7831.5,876
2026-09-21T18:07:00+00:00,7831.25,7831.75,7830.5,7831,1270
2026-09-21T18:08:00+00:00,7831,7831.75,7830.25,7831,784
2026-09-21T18:09:00+00:00,7830.75,7831.25,7829.25,7830,1269
2026-09-21T18:10:00+00:00,7830,7830.75,7829.5,7829.5,625
2026-09-21T18:11:00+00:00,7829.75,7830.5,7828.75,7830.5,946
2026-09-21T18:12:00+00:00,7830.5,7830.5,7829.5,7830,498
2026-09-21T18:13:00+00:00,7830.25,7830.75,7830,7830.25,315
2026-09-21T18:14:00+00:00,7830.25,7832.25,7830.25,7830.75,2141
2026-09-21T18:15:00+00:00,7830.75,7832.5,7830.5,7832.25,793
2026-09-21T18:16:00+00:00,7832.25,7832.25,7830,7830.5,1166
2026-09-21T18:17:00+00:00,7830.25,7831.25,7829.75,7831,668
2026-09-21T18:18:00+00:00,7831,7832.25,7830.75,7832,1002
2026-09-21T18:19:00+00:00,7832,7832,7830.5,7831.5,730
2026-09-21T18:20:00+00:00,7831.5,7832.25,7831,7831.75,530
2026-09-21T18:21:00+00:00,7832,7833,7831.25,7833,902
2026-09-21T18:22:00+00:00,7832.75,7836,7832.75,7835.5,3815
2026-09-21T18:23:00+00:00,7835.75,7837,7835.5,7836.75,1628
2026-09-21T18:24:00+00:00,7836.5,7836.75,7835.75,7836.25,1125
2026-09-21T18:25:00+00:00,7836.25,7837.25,7835.5,7836.75,1355
2026-09-21T18:26:00+00:00,7836.75,7837,7835.25,7835.75,1313
2026-09-21T18:27:00+00:00,7835.5,7837,7835.5,7836.5,646
2026-09-21T18:28:00+00:00,7836.25,7838,7836.25,7837.75,1113
2026-09-21T18:29:00+00:00,7837.5,7838.25,7836.75,7836.75,1321
2026-09-21T18:30:00+00:00,7837,7837.5,7836.25,7837,1069
2026-09-21T18:31:00+00:00,7837,7838.25,7835,7835.5,1768
2026-09-21T18:32:00+00:00,7835.25,7835.75,7834,7835,1431
2026-09-21T18:33:00+00:00,7834.75,7835.75,7833.75,7835.5,1315
2026-09-21T18:34:00+00:00,7835.25,7835.75,7835,7835.5,709
2026-09-21T18:35:00+00:00,7835.5,7836.5,7834,7834.75,818
2026-09-21T18:36:00+00:00,7834.5,7836.5,7834.25,7836.25,561
2026-09-21T18:37:00+00:00,7836.25,7836.75,7836,7836.5,520
2026-09-21T18:38:00+00:00,7836.5,7837.75,7836.5,7836.5,939
2026-09-21T18:39:00+00:00,7836.75,7837.5,7836.75,7837.25,494
2026-09-21T18:40:00+00:00,7837.5,7838,7837,7837.25,705
2026-09-21T18:41:00+00:00,7837.5,7838.5,7836.75,7838.25,1133
2026-09-21T18:42:00+00:00,7838,7839,7838,7838,1372
2026-09-21T18:43:00+00:00,7838,7839,7837.25,7839,1302
2026-09-21T18:44:00+00:00,7839,7839.75,7838.75,7839.75,1532
2026-09-21T18:45:00+00:00,7839.75,7843,7839.5,7840.5,4595
2026-09-21T18:46:00+00:00,7840.5,7840.75,7839,7839,1432
2026-09-21T18:47:00+00:00,7839.25,7840.5,7839,7840,818
2026-09-21T18:48:00+00:00,7840,7842,7839.75,7841.5,840
2026-09-21T18:49:00+00:00,7841.75,7842,7840.25,7842,1205
2026-09-21T18:50:00+00:00,7841.75,7844.25,7841.75,7842.75,2700
2026-09-21T18:51:00+00:00,7843,7843.75,7842.5,7843.5,913
2026-09-21T18:52:00+00:00,7843.75,7843.75,7841.5,7841.75,1606
2026-09-21T18:53:00+00:00,7841.5,7844.5,7841.5,7844.5,1967
2026-09-21T18:54:00+00:00,7844.25,7844.75,7842.75,7843.25,1396
2026-09-21T18:55:00+00:00,7843,7844,7842.25,7842.5,1005
2026-09-21T18:56:00+00:00,7842.5,7843.25,7842.25,7843.25,775
2026-09-21T18:57:00+00:00,7843,7843.5,7841.75,7841.75,883
2026-09-21T18:58:00+00:00,7841.75,7842.25,7840.5,7840.75,1478
2026-09-21T18:59:00+00:00,7840.75,7842,7840,7841.25,1175
2026-09-21T19:00:00+00:00,7841.5,7843.5,7840.75,7840.75,1834
2026-09-21T19:01:00+00:00,7840.75,7842,7840.5,7841.5,1187
2026-09-21T19:02:00+00:00,7841.5,7842.75,7841,7841.5,880
2026-09-21T19:03:00+00:00,7841.5,7841.75,7840.75,7841,516
2026-09-21T19:04:00+00:00,7841,7841.75,7839.75,7840,693
2026-09-21T19:05:00+00:00,7839.75,7840.25,7838.75,7838.75,1539
2026-09-21T19:06:00+00:00,7838.75,7839.75,7838.25,7839.5,1662
2026-09-21T19:07:00+00:00,7839.5,7840.25,7838.5,7839,746
2026-09-21T19:08:00+00:00,7839,7839.75,7838.5,7839,920
2026-09-21T19:09:00+00:00,7839,7840.5,7839,7840.25,871
2026-09-21T19:10:00+00:00,7840.5,7840.5,7837.75,7839,1587
2026-09-21T19:11:00+00:00,7838.75,7840.5,7838.75,7840.25,798
2026-09-21T19:12:00+00:00,7840.5,7842,7840.25,7841.75,1559
2026-09-21T19:13:00+00:00,7841.5,7842.5,7841.25,7842.5,832
2026-09-21T19:14:00+00:00,7842.5,7842.75,7841.5,7842.75,1026
2026-09-21T19:15:00+00:00,7842.75,7842.75,7840.75,7842.25,1202
2026-09-21T19:16:00+00:00,7842.25,7842.75,7841.5,7842.5,660
2026-09-21T19:17:00+00:00,7842.75,7843,7842,7842,726
2026-09-21T19:18:00+00:00,7842,7842.5,7840.75,7841,585
2026-09-21T19:19:00+00:00,7841,7842.25,7841,7842,657
2026-09-21T19:20:00+00:00,7841.75,7841.75,7840.5,7840.5,1005
2026-09-21T19:21:00+00:00,7840.75,7841,7838.5,7840.5,2359
2026-09-21T19:22:00+00:00,7840.5,7841.5,7840.25,7841.25,551
2026-09-21T19:23:00+00:00,7841.5,7842.25,7840,7840,606
2026-09-21T19:24:00+00:00,7840.25,7840.25,7838.75,7839,745
2026-09-21T19:25:00+00:00,7839,7840,7838.25,7838.5,1039
2026-09-21T19:26:00+00:00,7838.5,7840.5,7838.5,7840.5,1227
2026-09-21T19:27:00+00:00,7840.5,7840.75,7839.75,7840.25,817
2026-09-21T19:28:00+00:00,7840.25,7841.5,7839.75,7839.75,890
2026-09-21T19:29:00+00:00,7839.75,7840,7838.75,7839,729
2026-09-21T19:30:00+00:00,7839,7840,7838.75,7840,1101
2026-09-21T19:31:00+00:00,7839.75,7840.25,7839,7840,846
2026-09-21T19:32:00+00:00,7839.75,7842,7839.75,7841,871
2026-09-21T19:33:00+00:00,7840.75,7842.5,7840.75,7842.25,1377
2026-09-21T19:34:00+00:00,7842.25,7843.75,7842,7842.75,1434
2026-09-21T19:35:00+00:00,7843,7843.5,7842.25,7843.5,1238
2026-09-21T19:36:00+00:00,7843.5,7844,7842.75,7843.5,994
2026-09-21T19:37:00+00:00,7843.5,7845.25,7842.75,7844.75,1991
2026-09-21T19:38:00+00:00,7844.75,7847,7844.75,7846.5,2460
2026-09-21T19:39:00+00:00,7846.75,7847.25,7845.75,7845.75,1230
2026-09-21T19:40:00+00:00,7845.75,7846.5,7842.75,7842.75,2146
2026-09-21T19:41:00+00:00,7843,7844.25,7842,7842.25,1914
2026-09-21T19:42:00+00:00,7842.25,7842.75,7841,7841,2061
2026-09-21T19:43:00+00:00,7841.25,7842.75,7840.75,7842.25,897
2026-09-21T19:44:00+00:00,7842.25,7843.25,7842,7842.5,1201
2026-09-21T19:45:00+00:00,7842.25,7843.5,7841.25,7843.25,2238
2026-09-21T19:46:00+00:00,7843,7843.25,7840.75,7841.25,1346
2026-09-21T19:47:00+00:00,7841,7842,7840.25,7840.75,1132
2026-09-21T19:48:00+00:00,7840.75,7841.5,7839.75,7840.5,1397
2026-09-21T19:49:00+00:00,7840.5,7840.75,7839,7840,1387
2026-09-21T19:50:00+00:00,7839.75,7839.75,7834.75,7836.5,6782
2026-09-21T19:51:00+00:00,7836.5,7837.5,7835.5,7836.5,2488
2026-09-21T19:52:00+00:00,7836.75,7838,7836.5,7837.25,2548
2026-09-21T19:53:00+00:00,7837.25,7837.5,7835.25,7835.75,1515
2026-09-21T19:54:00+00:00,7835.5,7837,7835,7835,3705
2026-09-21T19:55:00+00:00,7835,7836.5,7834.25,7835.25,3299
2026-09-21T19:56:00+00:00,7835,7836,7834.25,7835,2024
2026-09-21T19:57:00+00:00,7835.25,7837,7834.5,7835.5,2656
2026-09-21T19:58:00+00:00,7835.5,7837.25,7835.25,7835.5,3178
2026-09-21T19:59:00+00:00,7835.5,7837.25,7832,7833,17048
2026-09-21T20:00:00+00:00,7833,7835,7831.75,7832.25,3290
2026-09-21T20:01:00+00:00,7832.25,7832.25,7830.5,7831.5,2337
2026-09-21T20:02:00+00:00,7831.5,7831.5,7830.25,7830.75,703
2026-09-21T20:03:00+00:00,7830.75,7831,7829.5,7830,960
2026-09-21T20:04:00+00:00,7830,7830,7828.75,7829.5,946
2026-09-21T20:05:00+00:00,7829.5,7830.25,7829,7830,725
2026-09-21T20:06:00+00:00,7830.25,7831.75,7830,7831.75,714
2026-09-21T20:07:00+00:00,7831.75,7832.75,7831,7831.5,895
2026-09-21T20:08:00+00:00,7831.25,7832,7830.5,7831.75,347
2026-09-21T20:09:00+00:00,7831.75,7832.75,7831.25,7832,444
2026-09-21T20:10:00+00:00,7832,7832.25,7831.5,7831.75,419
2026-09-21T20:11:00+00:00,7831.75,7831.75,7830.25,7830.75,466
2026-09-21T20:12:00+00:00,7831,7831,7829.75,7830.25,319
2026-09-21T20:13:00+00:00,7829.75,7831.25,7829.75,7831.25,253
2026-09-21T20:14:00+00:00,7831.25,7831.75,7830.75,7831,425
2026-09-21T20:15:00+00:00,7831,7831.25,7830.25,7830.5,136
2026-09-21T20:16:00+00:00,7830.25,7830.25,7827.5,7827.75,886
2026-09-21T20:17:00+00:00,7828,7828,7827.25,7827.5,363
2026-09-21T20:18:00+00:00,7827.75,7828.25,7827.25,7827.75,409
2026-09-21T20:19:00+00:00,7828,7828.5,7827.5,7828.25,239
2026-09-21T20:20:00+00:00,7828.5,7829,7828,7828.5,253
2026-09-21T20:21:00+00:00,7828.5,7828.75,7828,7828,113
2026-09-21T20:22:00+00:00,7828.5,7828.75,7828.25,7828.25,135
2026-09-21T20:23:00+00:00,7828.25,7828.75,7828,7828,131
2026-09-21T20:24:00+00:00,7828.25,7828.75,7828,7828,112
2026-09-21T20:25:00+00:00,7828.25,7829.75,7828,7829.5,429
2026-09-21T20:26:00+00:00,7829.75,7830.5,7829.5,7829.5,707
2026-09-21T20:27:00+00:00,7829.5,7829.75,7829.25,7829.25,163
2026-09-21T20:28:00+00:00,7829.5,7830.5,7829.5,7830.25,103
2026-09-21T20:29:00+00:00,7830.5,7830.75,7830,7830,154
2026-09-21T20:30:00+00:00,7830.5,7830.75,7829,7829.25,267
2026-09-21T20:31:00+00:00,7829,7829.25,7828.75,7828.75,188
2026-09-21T20:32:00+00:00,7828.75,7829.25,7828.75,7829,64
2026-09-21T20:33:00+00:00,7828.75,7829.25,7828.75,7829,101
2026-09-21T20:34:00+00:00,7829,7829.5,7828.75,7829.5,121
2026-09-21T20:35:00+00:00,7829.25,7829.5,7828.75,7829,321
2026-09-21T20:36:00+00:00,7829,7829,7828.25,7828.25,307
2026-09-21T20:37:00+00:00,7828.5,7828.75,7828,7828.25,159
2026-09-21T20:38:00+00:00,7828.25,7828.25,7827.75,7827.75,187
2026-09-21T20:39:00+00:00,7827.75,7828,7827.5,7828,121
2026-09-21T20:40:00+00:00,7828,7828.5,7827.75,7828,243
2026-09-21T20:41:00+00:00,7828,7828.25,7827.25,7827.25,245
2026-09-21T20:42:00+00:00,7827.25,7827.5,7827,7827,270
2026-09-21T20:43:00+00:00,7827,7827.5,7827,7827.25,179
2026-09-21T20:44:00+00:00,7827.25,7827.75,7827.25,7827.25,250
2026-09-21T20:45:00+00:00,7827.5,7827.5,7826.5,7826.5,397
2026-09-21T20:46:00+00:00,7826.75,7827.5,7826.75,7826.75,275
2026-09-21T20:47:00+00:00,7826.75,7827.25,7826.5,7827.25,132
2026-09-21T20:48:00+00:00,7827.25,7828,7827.25,7827.5,269
2026-09-21T20:49:00+00:00,7827.5,7828,7827.25,7827.25,235
2026-09-21T20:50:00+00:00,7827.5,7827.75,7827.25,7827.5,278
2026-09-21T20:51:00+00:00,7827.25,7827.75,7827,7827.75,151
2026-09-21T20:52:00+00:00,7827.75,7828,7827.75,7827.75,77
2026-09-21T20:53:00+00:00,7827.75,7828.25,7827.5,7827.5,238
2026-09-21T20:54:00+00:00,7827.75,7828.25,7827.5,7828.25,129
2026-09-21T20:55:00+00:00,7828,7828.75,7828,7828.5,297
2026-09-21T20:56:00+00:00,7828.25,7828.5,7827.75,7828,246
2026-09-21T20:57:00+00:00,7827.75,7829,7827.5,7828.75,246
2026-09-21T20:58:00+00:00,7829,7830.25,7828.75,7830,509
2026-09-21T20:59:00+00:00,7830,7830,7828.25,7829,637
2026-09-21T22:00:00+00:00,7830,7832,7829.75,7830.25,0
2026-09-21T22:01:00+00:00,7830,7830.75,7829.5,7829.75,167
2026-09-21T22:02:00+00:00,7829.75,7830,7829,7829,142
2026-09-21T22:03:00+00:00,7829.25,7830.5,7828.75,7830,129
2026-09-21T22:04:00+00:00,7830.25,7832.25,7830,7832.25,188
2026-09-21T22:05:00+00:00,7832.25,7833.25,7831.25,7832.25,435
2026-09-21T22:06:00+00:00,7832.25,7832.25,7831,7831.75,218
2026-09-21T22:07:00+00:00,7831.75,7832.5,7831.5,7832.5,98
2026-09-21T22:08:00+00:00,7832.5,7833.25,7832.25,7832.25,159
2026-09-21T22:09:00+00:00,7832.5,7833.25,7832.25,7833,129
2026-09-21T22:10:00+00:00,7833,7833.5,7832.75,7833,108
2026-09-21T22:11:00+00:00,7833,7833,7830.25,7832,372
2026-09-21T22:12:00+00:00,7832,7832.25,7831.5,7832,157
2026-09-21T22:13:00+00:00,7831.75,7833,7831.5,7832.75,138
2026-09-21T22:14:00+00:00,7833,7833,7832,7832.5,62
2026-09-21T22:15:00+00:00,7832.5,7832.5,7832,7832.5,97
2026-09-21T22:16:00+00:00,7832.25,7832.5,7831.5,7831.75,130
2026-09-21T22:17:00+00:00,7831.75,7833.75,7831.75,7833.25,173
2026-09-21T22:18:00+00:00,7833.25,7833.5,7831.75,7833,98
2026-09-21T22:19:00+00:00,7833,7833,7832.5,7832.75,45
2026-09-21T22:20:00+00:00,7833,7833.25,7832.75,7832.75,94
2026-09-21T22:21:00+00:00,7832.75,7833.25,7832.5,7833,89
2026-09-21T22:22:00+00:00,7833,7833.25,7831.75,7832.25,224
2026-09-21T22:23:00+00:00,7832,7832.25,7831.5,7832.25,79
2026-09-21T22:24:00+00:00,7832.25,7833,7832.25,7832.75,29
2026-09-21T22:25:00+00:00,7833,7833.25,7832.75,7833,91
2026-09-21T22:26:00+00:00,7832.75,7833.25,7832.75,7833.25,32
2026-09-21T22:27:00+00:00,7833.25,7833.5,7833,7833,66
2026-09-21T22:28:00+00:00,7833.25,7834.25,7833.25,7834.25,218
2026-09-21T22:29:00+00:00,7834,7834.75,7833.75,7834.5,170
2026-09-21T22:30:00+00:00,7834.5,7835.75,7834.25,7835.5,359
2026-09-21T22:31:00+00:00,7835.25,7835.75,7834,7834.5,253
2026-09-21T22:32:00+00:00,7834.5,7834.5,7833.75,7834,145
2026-09-21T22:33:00+00:00,7834.25,7834.25,7833.5,7834.25,101
2026-09-21T22:34:00+00:00,7834.25,7834.75,7834,7834.5,189
2026-09-21T22:35:00+00:00,7834.5,7834.75,7834,7834.5,70
2026-09-21T22:36:00+00:00,7834.25,7834.75,7834.25,7834.25,43
2026-09-21T22:37:00+00:00,7834.25,7834.75,7834.25,7834.75,39
2026-09-21T22:38:00+00:00,7834.5,7835,7834.5,7834.5,113
2026-09-21T22:39:00+00:00,7834.5,7834.75,7833.75,7834.25,131
2026-09-21T22:40:00+00:00,7834.25,7834.5,7833.75,7834,102
2026-09-21T22:41:00+00:00,7834,7834.25,7833,7833,302
2026-09-21T22:42:00+00:00,7833.25,7833.5,7832.75,7833.5,192
2026-09-21T22:43:00+00:00,7833.25,7833.5,7833,7833.5,36
2026-09-21T22:44:00+00:00,7833.5,7834.25,7833.5,7834.25,55
2026-09-21T22:45:00+00:00,7834.25,7834.25,7833.25,7833.75,86
2026-09-21T22:46:00+00:00,7833.5,7833.75,7833.25,7833.75,43
2026-09-21T22:47:00+00:00,7833.5,7834.75,7833.5,7834.25,70
2026-09-21T22:48:00+00:00,7834.25,7835,7834.25,7835,76
2026-09-21T22:49:00+00:00,7834.75,7835.25,7834.5,7835,78
2026-09-21T22:50:00+00:00,7835,7835.5,7834.5,7835.25,97
2026-09-21T22:51:00+00:00,7835,7835,7834.25,7834.5,68
2026-09-21T22:52:00+00:00,7834.25,7834.25,7833.75,7834,100
2026-09-21T22:53:00+00:00,7834.25,7835.25,7834.25,7835.25,92
2026-09-21T22:54:00+00:00,7835.25,7835.5,7835,7835.25,102
2026-09-21T22:55:00+00:00,7835.25,7835.75,7834.75,7835.5,124
2026-09-21T22:56:00+00:00,7835.5,7835.75,7835,7835.25,71
2026-09-21T22:57:00+00:00,7835.25,7835.25,7835,7835,103
2026-09-21T22:58:00+00:00,7835,7835.25,7834.75,7835,70
2026-09-21T22:59:00+00:00,7835,7835.25,7834.75,7834.75,107
2026-09-21T23:00:00+00:00,7834.75,7835,7834.5,7834.5,72
2026-09-21T23:01:00+00:00,7834.5,7835,7833.5,7833.5,271
2026-09-21T23:02:00+00:00,7833.75,7834.25,7833.5,7834.25,129
2026-09-21T23:03:00+00:00,7834.5,7835.75,7834.5,7835.25,101
2026-09-21T23:04:00+00:00,7835.25,7835.5,7834.75,7834.75,100
2026-09-21T23:05:00+00:00,7834.75,7835.25,7834.5,7835.25,31
2026-09-21T23:06:00+00:00,7835.25,7835.75,7835,7835.25,93
2026-09-21T23:07:00+00:00,7835.25,7835.75,7835.25,7835.75,33
2026-09-21T23:08:00+00:00,7835.5,7836,7835.25,7835.75,191
2026-09-21T23:09:00+00:00,7836,7836,7835.5,7836,78
2026-09-21T23:10:00+00:00,7836,7836,7835.25,7835.75,67
2026-09-21T23:11:00+00:00,7835.5,7836,7835.5,7836,31
2026-09-21T23:12:00+00:00,7835.75,7836.5,7835.75,7836.25,174
2026-09-21T23:13:00+00:00,7836.25,7837.5,7836.25,7837,407
2026-09-21T23:14:00+00:00,7837,7837.25,7836.25,7836.75,187
2026-09-21T23:15:00+00:00,7836.5,7837,7836.25,7837,106
2026-09-21T23:16:00+00:00,7837,7837.25,7836.25,7836.5,87
2026-09-21T23:17:00+00:00,7836.5,7836.5,7834.75,7835.25,458
2026-09-21T23:18:00+00:00,7835.25,7836.5,7835,7836,166
2026-09-21T23:19:00+00:00,7836.25,7836.25,7835.5,7836.25,70
2026-09-21T23:20:00+00:00,7836.25,7836.25,7835.5,7835.5,100
2026-09-21T23:21:00+00:00,7835.5,7836,7835.5,7835.75,46
2026-09-21T23:22:00+00:00,7835.5,7836.25,7835.5,7836.25,88
2026-09-21T23:23:00+00:00,7836,7836,7835.25,7835.25,143
2026-09-21T23:24:00+00:00,7835.25,7835.75,7835.25,7835.5,148
2026-09-21T23:25:00+00:00,7835.75,7835.75,7834.75,7835,146
2026-09-21T23:26:00+00:00,7835,7835.75,7835,7835.75,110
2026-09-21T23:27:00+00:00,7835.75,7835.75,7835.25,7835.25,35
2026-09-21T23:28:00+00:00,7835.25,7835.25,7834.25,7834.25,373
2026-09-21T23:29:00+00:00,7834.25,7835,7834,7834.75,200
2026-09-21T23:30:00+00:00,7834.75,7835.25,7834.5,7835,139
2026-09-21T23:31:00+00:00,7834.75,7835.25,7834.5,7834.75,73
2026-09-21T23:32:00+00:00,7834.5,7835.5,7834,7835.25,157
2026-09-21T23:33:00+00:00,7835.25,7836,7835,7835.5,132
2026-09-21T23:34:00+00:00,7835.75,7836,7835.5,7835.5,85
2026-09-21T23:35:00+00:00,7835.75,7836,7835.5,7835.5,49
2026-09-21T23:36:00+00:00,7835.5,7835.75,7835,7835.5,63
2026-09-21T23:37:00+00:00,7835.5,7836,7835.25,7835.25,76
2026-09-21T23:38:00+00:00,7835,7835.5,7835,7835.25,102
2026-09-21T23:39:00+00:00,7835,7835.25,7834.5,7835.25,110
2026-09-21T23:40:00+00:00,7835.25,7836.75,7835.25,7836.25,172
2026-09-21T23:41:00+00:00,7836,7836.75,7836,7836.5,133
2026-09-21T23:42:00+00:00,7836.75,7836.75,7836.25,7836.25,118
2026-09-21T23:43:00+00:00,7836.5,7836.5,7835.75,7836,58
2026-09-21T23:44:00+00:00,7836,7836.25,7835.75,7835.75,98
2026-09-21T23:45:00+00:00,7835.75,7836.25,7835.5,7835.75,166
2026-09-21T23:46:00+00:00,7835.75,7836.25,7835.25,7835.75,124
2026-09-21T23:47:00+00:00,7835.75,7836,7835.5,7836,77
2026-09-21T23:48:00+00:00,7836.25,7836.25,7835.5,7835.5,92
2026-09-21T23:49:00+00:00,7835.75,7835.75,7835,7835.75,52
2026-09-21T23:50:00+00:00,7835.75,7835.75,7834.75,7835,220
2026-09-21T23:51:00+00:00,7835,7835.5,7835,7835,62
2026-09-21T23:52:00+00:00,7835.25,7835.25,7835,7835.25,66
2026-09-21T23:53:00+00:00,7835.25,7835.75,7835.25,7835.75,55
2026-09-21T23:54:00+00:00,7835.75,7835.75,7835.5,7835.5,15
2026-09-21T23:55:00+00:00,7835.5,7836,7835.5,7836,76
2026-09-21T23:56:00+00:00,7836,7836,7834.75,7835.5,63
2026-09-21T23:57:00+00:00,7835.75,7836,7835.5,7836,69
2026-09-21T23:58:00+00:00,7836,7836.25,7835.5,7835.75,79
2026-09-21T23:59:00+00:00,7835.75,7836,7835,7835.25,77
2026-09-22T00:00:00+00:00,7835.25,7835.75,7834.25,7835.5,292
2026-09-22T00:01:00+00:00,7835.75,7837,7835.5,7836,258
2026-09-22T00:02:00+00:00,7836.25,7837.5,7836,7837.5,294
2026-09-22T00:03:00+00:00,7837.25,7837.5,7836.5,7836.5,252
2026-09-22T00:04:00+00:00,7836.75,7837.25,7836.25,7837.25,266
2026-09-22T00:05:00+00:00,7837.25,7838,7837,7837.75,204
2026-09-22T00:06:00+00:00,7837.5,7838,7836.75,7837.75,154
2026-09-22T00:07:00+00:00,7837.5,7838.25,7837.5,7837.75,268
2026-09-22T00:08:00+00:00,7837.5,7838,7837.5,7838,121
2026-09-22T00:09:00+00:00,7838,7839.75,7837.75,7839.75,466
2026-09-22T00:10:00+00:00,7839.75,7839.75,7838.25,7839.75,535
2026-09-22T00:11:00+00:00,7839.5,7840,7839,7839.25,217
2026-09-22T00:12:00+00:00,7839.25,7839.5,7838.5,7838.5,121
2026-09-22T00:13:00+00:00,7838.5,7838.75,7837.75,7838.25,290
2026-09-22T00:14:00+00:00,7838.25,7838.5,7837.75,7838,54
2026-09-22T00:15:00+00:00,7838,7838.25,7835.25,7836.75,781
2026-09-22T00:16:00+00:00,7837.25,7837.5,7836,7836.5,269
2026-09-22T00:17:00+00:00,7836.75,7836.75,7835.75,7835.75,342
2026-09-22T00:18:00+00:00,7836,7836,7835,7835.25,187
2026-09-22T00:19:00+00:00,7835.5,7835.75,7835.25,7835.5,88
2026-09-22T00:20:00+00:00,7835.5,7836,7835,7835.25,128
2026-09-22T00:21:00+00:00,7835.25,7836.75,7834.75,7836.5,395
2026-09-22T00:22:00+00:00,7836.5,7837,7836.25,7836.5,113
2026-09-22T00:23:00+00:00,7836.25,7836.5,7836,7836,97
2026-09-22T00:24:00+00:00,7836,7836.25,7835.5,7836.25,162
2026-09-22T00:25:00+00:00,7836.25,7836.5,7835.5,7835.5,81
2026-09-22T00:26:00+00:00,7835.75,7836.5,7835.5,7836.5,78
2026-09-22T00:27:00+00:00,7836.5,7837,7836.25,7836.25,107
2026-09-22T00:28:00+00:00,7836.5,7837.25,7836.25,7837,116
2026-09-22T00:29:00+00:00,7837,7837.5,7837,7837.25,127
2026-09-22T00:30:00+00:00,7837.25,7838,7837,7837.75,259
2026-09-22T00:31:00+00:00,7837.5,7838.25,7837.5,7838,118
2026-09-22T00:32:00+00:00,7838,7838.5,7837.75,7838.25,221
2026-09-22T00:33:00+00:00,7838.25,7838.25,7836.25,7836.25,341
2026-09-22T00:34:00+00:00,7836.25,7836.75,7834,7834,655
2026-09-22T00:35:00+00:00,7834.25,7834.5,7832.5,7832.75,848
2026-09-22T00:36:00+00:00,7832.75,7833.5,7832.25,7833.25,333
2026-09-22T00:37:00+00:00,7833.25,7833.25,7832.25,7832.75,222
2026-09-22T00:38:00+00:00,7833,7834.5,7833,7834.5,216
2026-09-22T00:39:00+00:00,7834.5,7834.5,7833,7833.25,366
2026-09-22T00:40:00+00:00,7833.25,7833.75,7832.5,7833,205
2026-09-22T00:41:00+00:00,7832.75,7834.25,7832.5,7834.25,148
2026-09-22T00:42:00+00:00,7834,7835.25,7833.75,7834.75,390
2026-09-22T00:43:00+00:00,7835,7835.25,7834.25,7834.25,132
2026-09-22T00:44:00+00:00,7834.5,7835.25,7834.25,7834.75,99
2026-09-22T00:45:00+00:00,7834.75,7836,7834.5,7835.5,244
2026-09-22T00:46:00+00:00,7835.5,7836.25,7835.25,7835.25,331
2026-09-22T00:47:00+00:00,7835,7835.25,7834.5,7834.5,164
2026-09-22T00:48:00+00:00,7834.5,7835.25,7834.5,7835.25,165
2026-09-22T00:49:00+00:00,7835.25,7835.5,7835,7835.5,111
2026-09-22T00:50:00+00:00,7835.25,7835.5,7834.75,7835.25,81
2026-09-22T00:51:00+00:00,7835.25,7835.75,7835,7835.25,103
2026-09-22T00:52:00+00:00,7835.5,7836,7835.5,7835.5,99
2026-09-22T00:53:00+00:00,7835.5,7836,7835.25,7836,76
2026-09-22T00:54:00+00:00,7835.75,7836,7835.5,7836,52
2026-09-22T00:55:00+00:00,7836,7836,7835.25,7835.25,66
2026-09-22T00:56:00+00:00,7835.25,7835.5,7835,7835.5,69
2026-09-22T00:57:00+00:00,7835.5,7836,7835.5,7836,61
2026-09-22T00:58:00+00:00,7836,7836,7835.25,7835.75,40
2026-09-22T00:59:00+00:00,7835.75,7835.75,7834.75,7835.5,109
2026-09-22T01:00:00+00:00,7835.5,7835.5,7834.5,7835,145
2026-09-22T01:01:00+00:00,7835.25,7835.25,7834.5,7834.5,75
2026-09-22T01:02:00+00:00,7834.5,7835,7834,7835,149
2026-09-22T01:03:00+00:00,7834.75,7835.25,7834.25,7834.25,100
2026-09-22T01:04:00+00:00,7834,7834.75,7834,7834.25,98
2026-09-22T01:05:00+00:00,7834.25,7834.75,7833.25,7834.25,134
2026-09-22T01:06:00+00:00,7834.25,7834.75,7834,7834.5,81
2026-09-22T01:07:00+00:00,7834.5,7834.5,7834,7834.5,53
2026-09-22T01:08:00+00:00,7834.25,7835.5,7834.25,7835.25,102
2026-09-22T01:09:00+00:00,7835,7835,7834,7834.25,140
2026-09-22T01:10:00+00:00,7834.25,7834.5,7833.5,7833.5,225
2026-09-22T01:11:00+00:00,7833.5,7833.75,7832.25,7832.75,280
2026-09-22T01:12:00+00:00,7832.75,7834,7832.75,7834,318
2026-09-22T01:13:00+00:00,7833.75,7833.75,7833,7833.5,91
2026-09-22T01:14:00+00:00,7833.5,7834.25,7833.25,7834,100
2026-09-22T01:15:00+00:00,7833.5,7834,7833,7833.5,89
2026-09-22T01:16:00+00:00,7833.5,7833.5,7832,7832.25,231
2026-09-22T01:17:00+00:00,7832.5,7832.75,7832.25,7832.5,134
2026-09-22T01:18:00+00:00,7832.25,7833.25,7832.25,7832.5,112
2026-09-22T01:19:00+00:00,7832.5,7833,7832.25,7832.5,106
2026-09-22T01:20:00+00:00,7832.5,7833,7832.25,7832.5,153
2026-09-22T01:21:00+00:00,7832.5,7833,7832.5,7832.75,74
2026-09-22T01:22:00+00:00,7832.75,7832.75,7831.5,7832.25,326
2026-09-22T01:23:00+00:00,7832,7833.25,7832,7833,147
2026-09-22T01:24:00+00:00,7833,7833.75,7833,7833.5,183
2026-09-22T01:25:00+00:00,7833.25,7833.5,7832.75,7833,85
2026-09-22T01:26:00+00:00,7832.75,7833.25,7832.5,7832.75,55
2026-09-22T01:27:00+00:00,7833,7833.75,7832.75,7832.75,138
2026-09-22T01:28:00+00:00,7833,7834,7833,7834,180
2026-09-22T01:29:00+00:00,7834,7834.25,7833.5,7833.75,151
2026-09-22T01:30:00+00:00,7833.5,7833.75,7832,7833,366
2026-09-22T01:31:00+00:00,7833,7834,7833,7833.75,123
2026-09-22T01:32:00+00:00,7833.5,7833.75,7833.25,7833.75,80
2026-09-22T01:33:00+00:00,7834,7834.75,7833.5,7834.25,164
2026-09-22T01:34:00+00:00,7834,7835,7833.75,7835,193
2026-09-22T01:35:00+00:00,7835.25,7835.25,7834.5,7834.75,171
2026-09-22T01:36:00+00:00,7834.75,7836,7834.5,7835.75,301
2026-09-22T01:37:00+00:00,7836,7836.25,7835.25,7836,251
2026-09-22T01:38:00+00:00,7836,7836.25,7835.5,7835.75,102
2026-09-22T01:39:00+00:00,7835.75,7836,7834.75,7835.25,305
2026-09-22T01:40:00+00:00,7835,7835.75,7834.75,7835.5,140
2026-09-22T01:41:00+00:00,7835.5,7836,7835.25,7835.5,85
2026-09-22T01:42:00+00:00,7835.75,7836,7834.75,7835.25,120
2026-09-22T01:43:00+00:00,7835.25,7835.75,7835,7835.5,77
2026-09-22T01:44:00+00:00,7835.5,7835.5,7835,7835,30
2026-09-22T01:45:00+00:00,7835,7835.75,7835,7835.25,173
2026-09-22T01:46:00+00:00,7835.25,7835.25,7834.5,7834.75,111
2026-09-22T01:47:00+00:00,7835.25,7835.5,7834.75,7835,50
2026-09-22T01:48:00+00:00,7834.75,7836,7834.75,7835.25,88
2026-09-22T01:49:00+00:00,7835,7835,7834.25,7834.5,118
2026-09-22T01:50:00+00:00,7834.5,7835,7834,7835,126
2026-09-22T01:51:00+00:00,7834.75,7835.5,7834.25,7835.5,74
2026-09-22T01:52:00+00:00,7835.75,7835.75,7834.75,7834.75,60
2026-09-22T01:53:00+00:00,7834.75,7835.25,7834.75,7835,52
2026-09-22T01:54:00+00:00,7835.25,7835.5,7834.75,7835.25,66
2026-09-22T01:55:00+00:00,7835.25,7835.5,7834.75,7834.75,65
2026-09-22T01:56:00+00:00,7834.75,7835,7834.25,7835,86
2026-09-22T01:57:00+00:00,7835,7835.5,7835,7835.25,97
2026-09-22T01:58:00+00:00,7835.25,7835.25,7834.25,7834.25,46
2026-09-22T01:59:00+00:00,7834.25,7834.25,7833.5,7833.5,158
2026-09-22T02:00:00+00:00,7833.75,7835,7833.5,7835,272
2026-09-22T02:01:00+00:00,7834.75,7836,7834.5,7836,154
2026-09-22T02:02:00+00:00,7836,7836.5,7835.75,7836.5,181
2026-09-22T02:03:00+00:00,7836.25,7836.25,7835.75,7836,59
2026-09-22T02:04:00+00:00,7836,7836.5,7835.75,7836.5,25
2026-09-22T02:05:00+00:00,7836.5,7836.5,7835.5,7835.5,116
2026-09-22T02:06:00+00:00,7835.5,7836.25,7835.5,7836,60
2026-09-22T02:07:00+00:00,7836.25,7836.25,7835.25,7835.5,62
2026-09-22T02:08:00+00:00,7835.25,7835.75,7835.25,7835.5,35
2026-09-22T02:09:00+00:00,7835.5,7835.5,7835,7835,50
2026-09-22T02:10:00+00:00,7835.25,7835.25,7833.75,7834,185
2026-09-22T02:11:00+00:00,7834,7834.75,7833.75,7834.5,37
2026-09-22T02:12:00+00:00,7834.5,7834.75,7834,7834.25,81
2026-09-22T02:13:00+00:00,7834.25,7834.25,7833.75,7834,47
2026-09-22T02:14:00+00:00,7833.75,7834.25,7833.75,7834,35
2026-09-22T02:15:00+00:00,7834,7834.75,7834,7834.25,109
2026-09-22T02:16:00+00:00,7834.5,7834.75,7834,7834.75,33
2026-09-22T02:17:00+00:00,7834.25,7834.5,7833.75,7834,94
2026-09-22T02:18:00+00:00,7834.25,7834.5,7833.25,7834,81
2026-09-22T02:19:00+00:00,7834,7834.5,7833.75,7834,72
2026-09-22T02:20:00+00:00,7834.25,7834.75,7834.25,7834.5,40
2026-09-22T02:21:00+00:00,7834.5,7834.75,7834.25,7834.75,65
2026-09-22T02:22:00+00:00,7834.5,7836,7834.5,7835.25,103
2026-09-22T02:23:00+00:00,7835.5,7835.5,7834.5,7834.75,100
2026-09-22T02:24:00+00:00,7834.75,7835.25,7834.5,7835,130
2026-09-22T02:25:00+00:00,7835,7835.25,7834.75,7835.25,45
2026-09-22T02:26:00+00:00,7835,7835.25,7834.75,7834.75,43
2026-09-22T02:27:00+00:00,7835,7835.5,7835,7835.25,17
2026-09-22T02:28:00+00:00,7835.25,7836,7835.25,7835.25,70
2026-09-22T02:29:00+00:00,7835.5,7835.5,7835.25,7835.25,20
2026-09-22T02:30:00+00:00,7835.25,7835.5,7833.25,7833.75,284
2026-09-22T02:31:00+00:00,7834,7834,7833.5,7833.5,93
2026-09-22T02:32:00+00:00,7833.25,7834,7833.25,7834,187
2026-09-22T02:33:00+00:00,7833.75,7834.25,7833.75,7833.75,23
2026-09-22T02:34:00+00:00,7834,7834,7833.75,7833.75,31
2026-09-22T02:35:00+00:00,7834.25,7834.75,7833.75,7834.25,101
2026-09-22T02:36:00+00:00,7834.25,7834.75,7834,7834.5,37
2026-09-22T02:37:00+00:00,7834.5,7834.75,7834,7834.75,105
2026-09-22T02:38:00+00:00,7834.5,7835.25,7834.5,7835,183
2026-09-22T02:39:00+00:00,7835,7835.5,7835,7835.5,37
2026-09-22T02:40:00+00:00,7835.5,7836,7835.25,7835.5,146
2026-09-22T02:41:00+00:00,7835.25,7835.5,7834.5,7835.25,89
2026-09-22T02:42:00+00:00,7835.5,7836,7835,7836,41
2026-09-22T02:43:00+00:00,7836,7836,7835.5,7835.75,27
2026-09-22T02:44:00+00:00,7835.5,7835.5,7835.25,7835.25,25
2026-09-22T02:45:00+00:00,7835.25,7835.25,7834.75,7834.75,43
2026-09-22T02:46:00+00:00,7835,7835,7834.5,7834.5,44
2026-09-22T02:47:00+00:00,7834.75,7835,7834.5,7835,19
2026-09-22T02:48:00+00:00,7834.75,7835.5,7834.75,7835.25,41
2026-09-22T02:49:00+00:00,7835.25,7835.25,7835,7835,38
2026-09-22T02:50:00+00:00,7835,7835,7834.75,7835,60
2026-09-22T02:51:00+00:00,7835.25,7835.25,7834.75,7834.75,39
2026-09-22T02:52:00+00:00,7835,7835.25,7834.75,7834.75,45
2026-09-22T02:53:00+00:00,7834.75,7835,7834.25,7835,132
2026-09-22T02:54:00+00:00,7835,7835.25,7834.75,7835.25,39
2026-09-22T02:55:00+00:00,7835,7835,7834,7834.25,92
2026-09-22T02:56:00+00:00,7834.25,7835,7834,7834.75,64
2026-09-22T02:57:00+00:00,7834.75,7835.25,7834.75,7835,14
2026-09-22T02:58:00+00:00,7834.75,7835.25,7834.75,7835,40
2026-09-22T02:59:00+00:00,7835,7835.25,7834.75,7834.75,63
2026-09-22T03:00:00+00:00,7834.75,7834.75,7834,7834.5,113
2026-09-22T03:01:00+00:00,7834.25,7834.25,7833.25,7833.25,198
2026-09-22T03:02:00+00:00,7833.5,7834,7833.5,7833.75,36
2026-09-22T03:03:00+00:00,7833.75,7834.25,7833.75,7834.25,159
2026-09-22T03:04:00+00:00,7834.25,7834.25,7833.75,7834,26
2026-09-22T03:05:00+00:00,7834,7834,7833.5,7833.75,24
2026-09-22T03:06:00+00:00,7833.75,7833.75,7833.75,7833.75,34
2026-09-22T03:07:00+00:00,7833.75,7834,7833.25,7833.5,103
2026-09-22T03:08:00+00:00,7833.5,7834,7833.5,7833.5,44
2026-09-22T03:09:00+00:00,7833.5,7833.5,7832.75,7833,170
2026-09-22T03:10:00+00:00,7833,7833.25,7832.75,7832.75,128
2026-09-22T03:11:00+00:00,7833,7833.25,7833,7833,24
2026-09-22T03:12:00+00:00,7833,7833.75,7833,7833.75,52
2026-09-22T03:13:00+00:00,7833.75,7833.75,7833.25,7833.25,68
2026-09-22T03:14:00+00:00,7833,7834,7833,7834,122
2026-09-22T03:15:00+00:00,7834,7835,7834,7835,129
2026-09-22T03:16:00+00:00,7835,7835,7834.25,7834.5,82
2026-09-22T03:17:00+00:00,7834.5,7834.5,7834,7834.25,58
2026-09-22T03:18:00+00:00,7834.5,7834.75,7834.5,7834.5,16
2026-09-22T03:19:00+00:00,7834.75,7834.75,7833.75,7834.25,110
2026-09-22T03:20:00+00:00,7834.5,7834.75,7834.25,7834.5,63
2026-09-22T03:21:00+00:00,7834.25,7834.25,7834.25,7834.25,28
2026-09-22T03:22:00+00:00,7834.25,7834.5,7834.25,7834.5,35
2026-09-22T03:23:00+00:00,7834.5,7834.5,7834.25,7834.25,7
2026-09-22T03:24:00+00:00,7834.5,7834.5,7834,7834,127
2026-09-22T03:25:00+00:00,7834,7834.5,7834,7834.5,22
2026-09-22T03:26:00+00:00,7834.25,7834.25,7834.25,7834.25,3
2026-09-22T03:27:00+00:00,7834.25,7834.5,7834.25,7834.5,15
2026-09-22T03:28:00+00:00,7834.25,7834.25,7834,7834.25,26
2026-09-22T03:29:00+00:00,7834,7834.5,7834,7834.25,35
2026-09-22T03:30:00+00:00,7834.25,7834.5,7833.75,7833.75,55
2026-09-22T03:31:00+00:00,7833.75,7834,7833.5,7833.5,64
2026-09-22T03:32:00+00:00,7833.5,7833.75,7833.5,7833.5,51
2026-09-22T03:33:00+00:00,7833.5,7834.25,7833.5,7834.25,14
2026-09-22T03:34:00+00:00,7834,7834.5,7834,7834.25,84
2026-09-22T03:35:00+00:00,7834.5,7835,7834.25,7835,53
2026-09-22T03:36:00+00:00,7835,7835.5,7835,7835.5,94
2026-09-22T03:37:00+00:00,7835.25,7835.5,7835,7835,104
2026-09-22T03:38:00+00:00,7835.25,7835.5,7835,7835.25,25
2026-09-22T03:39:00+00:00,7835.25,7835.5,7834.25,7834.75,85
2026-09-22T03:40:00+00:00,7834.5,7834.75,7834,7834,108
2026-09-22T03:41:00+00:00,7834,7835,7834,7834.5,162
2026-09-22T03:42:00+00:00,7834.5,7835,7834.5,7834.75,31
2026-09-22T03:43:00+00:00,7834.75,7834.75,7833.75,7833.75,60
2026-09-22T03:44:00+00:00,7834,7834,7833.5,7833.5,105
2026-09-22T03:45:00+00:00,7833.75,7833.75,7833.25,7833.25,75
2026-09-22T03:46:00+00:00,7833.25,7833.25,7832.75,7833,140
2026-09-22T03:47:00+00:00,7833,7833.25,7832.75,7833.25,32
2026-09-22T03:48:00+00:00,7833.25,7833.75,7833.25,7833.75,20
2026-09-22T03:49:00+00:00,7833.5,7833.75,7833.5,7833.5,15
2026-09-22T03:50:00+00:00,7833.75,7833.75,7833.25,7833.5,50
2026-09-22T03:51:00+00:00,7833.5,7833.75,7833.25,7833.75,10
2026-09-22T03:52:00+00:00,7833.75,7833.75,7833.25,7833.25,37
2026-09-22T03:53:00+00:00,7833.5,7833.5,7833.25,7833.5,26
2026-09-22T03:54:00+00:00,7833.5,7833.5,7832.5,7833,88
2026-09-22T03:55:00+00:00,7832.75,7833.25,7832.5,7833,139
2026-09-22T03:56:00+00:00,7832.75,7833,7831.25,7832.5,507
2026-09-22T03:57:00+00:00,7832.75,7833.5,7832.5,7833.5,128
2026-09-22T03:58:00+00:00,7833.25,7833.5,7833,7833.25,42
2026-09-22T04:09:00+00:00,7833,7833.25,7832.75,7832.75,45
2026-09-22T04:10:00+00:00,7832.75,7833.75,7832.5,7833.5,382
2026-09-22T04:11:00+00:00,7833.75,7835,7833.75,7835,402
2026-09-22T04:12:00+00:00,7834.75,7835,7834.25,7834.5,81
2026-09-22T04:13:00+00:00,7834.75,7834.75,7834,7834.25,90
2026-09-22T04:14:00+00:00,7834,7834.25,7834,7834.25,53
2026-09-22T04:15:00+00:00,7834.5,7834.5,7834.25,7834.25,56
2026-09-22T04:16:00+00:00,7834.25,7834.25,7833.75,7834,78
2026-09-22T04:17:00+00:00,7834,7834,7833.25,7833.25,123
2026-09-22T04:18:00+00:00,7833.25,7833.5,7832.75,7833.5,164
2026-09-22T04:19:00+00:00,7833.25,7833.5,7833,7833,115
2026-09-22T04:20:00+00:00,7833.25,7833.25,7833,7833.25,32
2026-09-22T04:21:00+00:00,7833,7833.5,7833,7833.5,102
2026-09-22T04:22:00+00:00,7833.25,7833.75,7833.25,7833.5,30
2026-09-22T04:23:00+00:00,7833.5,7833.75,7833.25,7833.75,30
2026-09-22T04:24:00+00:00,7834,7834.25,7833.5,7834,80
2026-09-22T04:25:00+00:00,7834.25,7834.25,7833.75,7834,43
2026-09-22T04:26:00+00:00,7834.25,7834.75,7834.25,7834.5,34
2026-09-22T04:27:00+00:00,7834.75,7834.75,7834.25,7834.5,21
2026-09-22T04:28:00+00:00,7834.5,7834.75,7834.25,7834.5,27
2026-09-22T04:29:00+00:00,7834.5,7835.5,7834.5,7834.5,228
2026-09-22T04:30:00+00:00,7834.75,7835.75,7834.5,7835.75,114
2026-09-22T04:31:00+00:00,7835.75,7836,7835.25,7835.25,243
2026-09-22T04:32:00+00:00,7835.25,7835.5,7834.75,7835,46
2026-09-22T04:33:00+00:00,7835,7835.5,7835,7835.5,54
2026-09-22T04:34:00+00:00,7835.25,7835.25,7834.75,7835,38
2026-09-22T04:35:00+00:00,7835,7835.25,7834.75,7835,75
2026-09-22T04:36:00+00:00,7835.25,7835.25,7835,7835,13
2026-09-22T04:37:00+00:00,7835,7835.75,7835,7835.75,80
2026-09-22T04:38:00+00:00,7835.75,7836,7835.5,7835.5,48
2026-09-22T04:39:00+00:00,7835.75,7835.75,7835.25,7835.25,4
2026-09-22T04:40:00+00:00,7835.25,7835.25,7834.5,7834.75,38
2026-09-22T04:41:00+00:00,7835,7835.75,7834.75,7835.5,40
2026-09-22T04:42:00+00:00,7835.5,7836.25,7835.5,7836,120
2026-09-22T04:43:00+00:00,7836.25,7836.5,7835.75,7835.75,95
2026-09-22T04:44:00+00:00,7835.75,7835.75,7835,7835,93
2026-09-22T04:45:00+00:00,7835,7835.5,7835,7835.25,39
2026-09-22T04:46:00+00:00,7835.5,7835.5,7834.75,7834.75,24
2026-09-22T04:47:00+00:00,7834.75,7834.75,7834.5,7834.5,58
2026-09-22T04:48:00+00:00,7834.5,7834.5,7834.25,7834.5,97
2026-09-22T04:49:00+00:00,7834.5,7834.5,7834.25,7834.5,10
2026-09-22T04:50:00+00:00,7834.5,7834.5,7833.5,7833.75,184
2026-09-22T04:51:00+00:00,7833.5,7834.25,7833.5,7834.25,55
2026-09-22T04:52:00+00:00,7834,7834.25,7833.75,7834.25,22
2026-09-22T04:53:00+00:00,7834.25,7834.25,7833.75,7834,76
2026-09-22T04:54:00+00:00,7833.75,7834.25,7833.75,7834,47
2026-09-22T04:55:00+00:00,7834.5,7834.75,7834.25,7834.25,124
2026-09-22T04:56:00+00:00,7834.25,7834.5,7834,7834.5,48
2026-09-22T04:57:00+00:00,7834.5,7834.5,7834,7834.25,40
2026-09-22T04:58:00+00:00,7834.25,7834.25,7834.25,7834.25,39
2026-09-22T04:59:00+00:00,7834.25,7834.5,7834.25,7834.5,21
2026-09-22T05:00:00+00:00,7834.25,7834.5,7833.5,7833.75,230
2026-09-22T05:01:00+00:00,7833.75,7834,7833.25,7833.75,91
2026-09-22T05:02:00+00:00,7833.5,7834,7833.5,7834,22
2026-09-22T05:03:00+00:00,7834,7834.5,7833,7833.5,236
2026-09-22T05:04:00+00:00,7833.25,7833.75,7833,7833.25,78
2026-09-22T05:05:00+00:00,7833.5,7833.75,7833.25,7833.5,44
2026-09-22T05:06:00+00:00,7833.75,7834,7833.5,7834,22
2026-09-22T05:07:00+00:00,7834,7834.25,7833.75,7834,38
2026-09-22T05:08:00+00:00,7833.75,7833.75,7833.25,7833.5,45
2026-09-22T05:09:00+00:00,7833.5,7833.5,7832.75,7832.75,139
2026-09-22T05:10:00+00:00,7832.75,7833.5,7832.5,7833.5,74
2026-09-22T05:11:00+00:00,7833.25,7833.5,7833,7833.25,24
2026-09-22T05:12:00+00:00,7833.5,7833.75,7833.25,7833.75,27
2026-09-22T05:13:00+00:00,7833.5,7834.25,7833.25,7834,61
2026-09-22T05:14:00+00:00,7834.25,7834.25,7833.75,7834,16
2026-09-22T05:15:00+00:00,7834,7834,7833.5,7833.5,55
2026-09-22T05:16:00+00:00,7833.5,7833.75,7833,7833.75,93
2026-09-22T05:17:00+00:00,7833.25,7833.25,7833,7833.25,101
2026-09-22T05:18:00+00:00,7833.25,7833.25,7832.75,7833,159
2026-09-22T05:19:00+00:00,7832.75,7833.25,7832.5,7833,121
2026-09-22T05:20:00+00:00,7833,7833.25,7832.75,7833.25,66
2026-09-22T05:21:00+00:00,7833.25,7834.5,7833,7834,153
2026-09-22T05:22:00+00:00,7834.25,7835,7834.25,7834.5,194
2026-09-22T05:23:00+00:00,7834.25,7834.5,7834,7834,131
2026-09-22T05:24:00+00:00,7834,7834.25,7833,7833.25,420
2026-09-22T05:25:00+00:00,7833,7833.75,7833,7833.25,106
2026-09-22T05:26:00+00:00,7833.25,7833.5,7833,7833.5,173
2026-09-22T05:27:00+00:00,7833.5,7833.5,7833,7833,113
2026-09-22T05:28:00+00:00,7833,7833.5,7833,7833.5,62
2026-09-22T05:29:00+00:00,7833.75,7834.25,7833.5,7833.5,49
2026-09-22T05:30:00+00:00,7833.25,7833.5,7832.75,7832.75,330
2026-09-22T05:31:00+00:00,7832.5,7832.75,7832.25,7832.25,304
2026-09-22T05:32:00+00:00,7832.25,7833.25,7832.25,7833.25,127
2026-09-22T05:33:00+00:00,7833,7834,7833,7834,84
2026-09-22T05:34:00+00:00,7834.25,7834.75,7834,7834.25,112
2026-09-22T05:35:00+00:00,7834.25,7835.5,7834.25,7835,260
2026-09-22T05:36:00+00:00,7834.75,7835.25,7834.5,7834.75,105
2026-09-22T05:37:00+00:00,7835,7835.75,7835,7835.5,149
2026-09-22T05:38:00+00:00,7835.5,7835.5,7835,7835.5,64
2026-09-22T05:39:00+00:00,7835.5,7836.25,7835.5,7836.25,83
2026-09-22T05:40:00+00:00,7836.25,7836.75,7836.25,7836.5,174
2026-09-22T05:41:00+00:00,7836.75,7837.25,7836,7836.25,317
2026-09-22T05:42:00+00:00,7836.5,7836.75,7836,7836.5,100
2026-09-22T05:43:00+00:00,7836.75,7836.75,7836.5,7836.5,87
2026-09-22T05:44:00+00:00,7836.5,7837.25,7836.5,7837,80
2026-09-22T05:45:00+00:00,7837,7838.25,7837,7837.75,259
2026-09-22T05:46:00+00:00,7837.75,7838.75,7837.75,7838.5,218
2026-09-22T05:47:00+00:00,7838.5,7839.25,7838.5,7839.25,320
2026-09-22T05:48:00+00:00,7839.25,7839.5,7838.5,7838.5,360
2026-09-22T05:49:00+00:00,7838.25,7839.25,7838,7839.25,151
2026-09-22T05:50:00+00:00,7839.25,7839.25,7837.75,7838,167
2026-09-22T05:51:00+00:00,7838.25,7838.5,7838,7838.5,107
2026-09-22T05:52:00+00:00,7839,7839,7838,7838.5,128
2026-09-22T05:53:00+00:00,7838.5,7838.5,7838.25,7838.5,40
2026-09-22T05:54:00+00:00,7838.5,7838.75,7838.25,7838.25,82
2026-09-22T05:55:00+00:00,7838.25,7838.5,7837.75,7838.25,61
2026-09-22T05:56:00+00:00,7838.25,7839,7838.25,7838.75,76
2026-09-22T05:57:00+00:00,7838.75,7839,7838.5,7838.75,93
2026-09-22T05:58:00+00:00,7838.75,7839,7838.5,7838.75,104
2026-09-22T05:59:00+00:00,7838.75,7838.75,7838.25,7838.25,151
2026-09-22T06:00:00+00:00,7838.5,7838.5,7836.5,7837.5,298
2026-09-22T06:01:00+00:00,7837.5,7837.75,7836.25,7836.25,198
2026-09-22T06:02:00+00:00,7836.5,7836.5,7835,7835.25,311
2026-09-22T06:03:00+00:00,7835,7835,7834,7834.75,289
2026-09-22T06:04:00+00:00,7835,7836,7834.75,7834.75,236
2026-09-22T06:05:00+00:00,7834.75,7836,7834.25,7835.75,139
2026-09-22T06:06:00+00:00,7835.75,7836.5,7835.75,7835.75,146
2026-09-22T06:07:00+00:00,7835.75,7836,7835.5,7835.75,63
2026-09-22T06:08:00+00:00,7835.75,7836,7835.5,7836,93
2026-09-22T06:09:00+00:00,7836.25,7837,7835.75,7837,110
2026-09-22T06:10:00+00:00,7836.75,7837.75,7836.5,7837.5,156
2026-09-22T06:11:00+00:00,7837.5,7837.5,7836.25,7837,119
2026-09-22T06:12:00+00:00,7837,7837,7836.5,7836.75,63
2026-09-22T06:13:00+00:00,7837,7837,7835.75,7836,148
2026-09-22T06:14:00+00:00,7835.75,7836.75,7835.5,7836.75,166
2026-09-22T06:15:00+00:00,7836.75,7837.75,7836.5,7837.75,196
2026-09-22T06:16:00+00:00,7837.75,7838,7836.5,7836.5,105
2026-09-22T06:17:00+00:00,7836.5,7837,7836.25,7836.5,98
2026-09-22T06:18:00+00:00,7836.5,7836.75,7836,7836.25,53
2026-09-22T06:19:00+00:00,7836,7836,7835,7835.25,144
2026-09-22T06:20:00+00:00,7835.25,7835.5,7834.5,7834.75,108
2026-09-22T06:21:00+00:00,7834.75,7835,7833.75,7835,277
2026-09-22T06:22:00+00:00,7835,7836.25,7835,7835.5,117
2026-09-22T06:23:00+00:00,7835.5,7836,7835.25,7835.5,85
2026-09-22T06:24:00+00:00,7835.5,7835.5,7834.5,7834.75,143
2026-09-22T06:25:00+00:00,7834.75,7835.5,7834.75,7835.5,70
2026-09-22T06:26:00+00:00,7835.5,7836,7835,7835.25,79
2026-09-22T06:27:00+00:00,7835,7835.25,7834.75,7835,40
2026-09-22T06:28:00+00:00,7835.25,7835.5,7835,7835.5,55
2026-09-22T06:29:00+00:00,7835.75,7836.75,7835.75,7836.75,120
2026-09-22T06:30:00+00:00,7836.75,7837.25,7836.5,7836.75,134
2026-09-22T06:31:00+00:00,7836.75,7837,7836,7836.5,131
2026-09-22T06:32:00+00:00,7836.5,7837.25,7836.25,7836.5,91
2026-09-22T06:33:00+00:00,7836.75,7837,7836.5,7836.75,55
2026-09-22T06:34:00+00:00,7836.75,7836.75,7836.5,7836.75,169
2026-09-22T06:35:00+00:00,7836.75,7838,7836.75,7837.75,159
2026-09-22T06:36:00+00:00,7838,7838.5,7837.5,7838.5,150
2026-09-22T06:37:00+00:00,7838.25,7838.25,7837.75,7838,76
2026-09-22T06:38:00+00:00,7838,7838.25,7837.75,7838,91
2026-09-22T06:39:00+00:00,7838.25,7838.25,7836.75,7837.5,124
2026-09-22T06:40:00+00:00,7837.5,7838,7837.25,7837.75,63
2026-09-22T06:41:00+00:00,7837.75,7838.25,7837.75,7838,82
2026-09-22T06:42:00+00:00,7838,7838,7837.25,7837.25,78
2026-09-22T06:43:00+00:00,7837.25,7837.5,7836.25,7836.5,98
2026-09-22T06:44:00+00:00,7836.5,7837.25,7836.5,7836.75,86
2026-09-22T06:45:00+00:00,7836.75,7837,7836.25,7837,100
2026-09-22T06:46:00+00:00,7837,7838.5,7837,7838.25,119
2026-09-22T06:47:00+00:00,7838.25,7838.25,7837.5,7837.5,133
2026-09-22T06:48:00+00:00,7837.5,7838,7837.5,7838,96
2026-09-22T06:49:00+00:00,7837.75,7838.25,7837.25,7837.5,61
2026-09-22T06:50:00+00:00,7837.5,7838.25,7837.5,7838,56
2026-09-22T06:51:00+00:00,7838,7838.25,7837.5,7837.75,16
2026-09-22T06:52:00+00:00,7837.75,7838,7837.25,7837.25,31
2026-09-22T06:53:00+00:00,7837.5,7837.75,7837,7837,27
2026-09-22T06:54:00+00:00,7837,7837,7836,7836,117
2026-09-22T06:55:00+00:00,7836.25,7837,7836,7837,92
2026-09-22T06:56:00+00:00,7837,7837,7836.5,7837,27
2026-09-22T06:57:00+00:00,7837.5,7837.75,7837,7837.25,28
2026-09-22T06:58:00+00:00,7837.25,7837.25,7837,7837.25,65
2026-09-22T06:59:00+00:00,7837.25,7837.25,7836,7836.25,39
2026-09-22T07:00:00+00:00,7836.25,7837.5,7836,7836.25,311
2026-09-22T07:01:00+00:00,7836.25,7836.25,7835.5,7836,71
2026-09-22T07:02:00+00:00,7835.75,7836.25,7835.25,7835.25,92
2026-09-22T07:03:00+00:00,7835.25,7836,7834.5,7834.75,187
2026-09-22T07:04:00+00:00,7834.75,7836.5,7834.75,7836.25,202
2026-09-22T07:05:00+00:00,7836.5,7837.5,7835.5,7835.75,220
2026-09-22T07:06:00+00:00,7835.75,7835.75,7834,7834,121
2026-09-22T07:07:00+00:00,7834.25,7835.75,7834,7835.25,103
2026-09-22T07:08:00+00:00,7835.25,7835.5,7834.75,7835.25,63
2026-09-22T07:09:00+00:00,7835.25,7836.25,7835,7836,129
2026-09-22T07:10:00+00:00,7835.75,7836.5,7835.25,7836,111
2026-09-22T07:11:00+00:00,7836,7836.5,7835.25,7836,52
2026-09-22T07:12:00+00:00,7836.25,7837,7835.75,7835.75,49
2026-09-22T07:13:00+00:00,7836.5,7836.5,7834.25,7835.25,156
2026-09-22T07:14:00+00:00,7835,7835.75,7834,7835.75,214
2026-09-22T07:15:00+00:00,7835.75,7836.5,7835.25,7836.5,100
2026-09-22T07:16:00+00:00,7836.5,7837.75,7835.75,7835.75,291
2026-09-22T07:17:00+00:00,7835.5,7836.75,7835.5,7836.5,316
2026-09-22T07:18:00+00:00,7836.25,7836.5,7835.75,7836.25,79
2026-09-22T07:19:00+00:00,7836,7836,7834,7834,132
2026-09-22T07:20:00+00:00,7834.25,7834.75,7834,7834.75,68
2026-09-22T07:21:00+00:00,7834.75,7835.75,7834.75,7835.75,83
2026-09-22T07:22:00+00:00,7835.75,7836,7834.75,7835.5,143
2026-09-22T07:23:00+00:00,7835.5,7836.5,7835.5,7835.75,59
2026-09-22T07:24:00+00:00,7835.75,7836.5,7835,7835.25,160
2026-09-22T07:25:00+00:00,7835.5,7835.75,7834.75,7834.75,76
2026-09-22T07:26:00+00:00,7834.75,7835.25,7834.5,7834.75,41
2026-09-22T07:27:00+00:00,7835,7835.75,7834.5,7835.25,73
2026-09-22T07:28:00+00:00,7835.5,7835.75,7835.25,7835.75,51
2026-09-22T07:29:00+00:00,7835.75,7835.75,7834.75,7835,71
2026-09-22T07:30:00+00:00,7835.25,7835.25,7834,7834.5,239
2026-09-22T07:31:00+00:00,7834.5,7834.5,7833.75,7834.25,132
2026-09-22T07:32:00+00:00,7834.25,7835,7834,7834,148
2026-09-22T07:33:00+00:00,7834,7834,7832.75,7833.25,264
2026-09-22T07:34:00+00:00,7833.25,7834.5,7833,7833,161
2026-09-22T07:35:00+00:00,7833.25,7833.25,7832.25,7832.5,236
2026-09-22T07:36:00+00:00,7832.5,7833.25,7832.25,7832.75,187
2026-09-22T07:37:00+00:00,7832.75,7833,7832.25,7832.75,79
2026-09-22T07:38:00+00:00,7832.75,7832.75,7832,7832.25,200
2026-09-22T07:39:00+00:00,7832,7832.5,7832,7832.25,115
2026-09-22T07:40:00+00:00,7832.25,7832.5,7831.75,7832,70
2026-09-22T07:41:00+00:00,7831.75,7832.75,7831.75,7832.5,73
2026-09-22T07:42:00+00:00,7832.25,7832.75,7832.25,7832.5,24
2026-09-22T07:43:00+00:00,7832.25,7832.25,7831.5,7831.75,69
2026-09-22T07:44:00+00:00,7832,7832.5,7831.75,7832.25,44
2026-09-22T07:45:00+00:00,7832.5,7832.5,7831.75,7831.75,100
2026-09-22T07:46:00+00:00,7831.75,7832.5,7831.5,7832,105
2026-09-22T07:47:00+00:00,7831.75,7831.75,7829.5,7829.75,662
2026-09-22T07:48:00+00:00,7829.75,7830.25,7829.25,7830.25,408
2026-09-22T07:49:00+00:00,7830.25,7831,7829.75,7829.75,178
2026-09-22T07:50:00+00:00,7829.75,7830,7829.25,7829.5,113
2026-09-22T07:51:00+00:00,7829.5,7829.75,7828.25,7828.5,224
2026-09-22T07:52:00+00:00,7828.75,7829.5,7828.75,7829.25,98
2026-09-22T07:53:00+00:00,7829.25,7829.25,7828.5,7829,218
2026-09-22T07:54:00+00:00,7828.75,7829,7827.25,7828.25,423
2026-09-22T07:55:00+00:00,7828,7828.75,7827.75,7828.5,244
2026-09-22T07:56:00+00:00,7828.75,7829.25,7828.25,7828.25,211
2026-09-22T07:57:00+00:00,7828.25,7828.5,7827.25,7827.25,149
2026-09-22T07:58:00+00:00,7827,7827.75,7826.75,7827,251
2026-09-22T07:59:00+00:00,7827,7827.5,7826,7826.75,431
2026-09-22T08:00:00+00:00,7826.5,7826.75,7824.75,7825.5,854
2026-09-22T08:01:00+00:00,7825.5,7825.5,7824,7824.75,409
2026-09-22T08:02:00+00:00,7824.75,7826.25,7824.5,7825.5,289
2026-09-22T08:03:00+00:00,7825.5,7825.5,7823.5,7824,425
2026-09-22T08:04:00+00:00,7824,7824.5,7822.75,7823,296
2026-09-22T08:05:00+00:00,7823,7825.5,7822.25,7824.75,487
2026-09-22T08:06:00+00:00,7824.5,7824.5,7822.5,7822.5,250
2026-09-22T08:07:00+00:00,7822.75,7824.25,7822.25,7824,219
2026-09-22T08:08:00+00:00,7824,7824,7823,7823.25,205
2026-09-22T08:09:00+00:00,7823.5,7823.5,7822,7823,338
2026-09-22T08:10:00+00:00,7823.25,7823.25,7822,7822.25,264
2026-09-22T08:11:00+00:00,7822.5,7822.5,7821.75,7822,193
2026-09-22T08:12:00+00:00,7822.25,7823.25,7822,7822,180
2026-09-22T08:13:00+00:00,7822,7822.25,7821,7821,350
2026-09-22T08:14:00+00:00,7821.25,7821.75,7820.25,7820.25,357
2026-09-22T08:15:00+00:00,7820.5,7820.75,7818,7818.5,760
2026-09-22T08:16:00+00:00,7818.5,7818.5,7817.25,7817.75,382
2026-09-22T08:17:00+00:00,7817.75,7818,7816.5,7816.75,324
2026-09-22T08:18:00+00:00,7816.5,7817,7816,7816.5,568
2026-09-22T08:19:00+00:00,7816.75,7819,7816.75,7819,693
2026-09-22T08:20:00+00:00,7819,7819.25,7816.5,7816.5,313
2026-09-22T08:21:00+00:00,7816.25,7817.75,7816.25,7817.25,198
2026-09-22T08:22:00+00:00,7817.25,7817.25,7815.75,7815.75,297
2026-09-22T08:23:00+00:00,7815.75,7817.75,7815,7817,519
2026-09-22T08:24:00+00:00,7817,7818.25,7816.5,7817,228
2026-09-22T08:25:00+00:00,7816.75,7822,7815,7815,2001
2026-09-22T08:26:00+00:00,7815,7816,7813.75,7814,719
2026-09-22T08:27:00+00:00,7814,7814.25,7813.25,7813.25,430
2026-09-22T08:28:00+00:00,7813.5,7813.75,7812.5,7812.5,428
2026-09-22T08:29:00+00:00,7812.5,7813.75,7812.25,7813.5,268
2026-09-22T08:30:00+00:00,7813.25,7813.5,7811.25,7811.25,603
2026-09-22T08:31:00+00:00,7811.25,7813.75,7810.75,7812.5,1522
2026-09-22T08:32:00+00:00,7812.75,7816.25,7811.5,7812.25,1473
2026-09-22T08:33:00+00:00,7812.25,7812.25,7810.5,7812,551
2026-09-22T08:34:00+00:00,7812,7814.25,7811.75,7813.75,266
2026-09-22T08:35:00+00:00,7813.5,7816.25,7813.5,7815.5,439
2026-09-22T08:36:00+00:00,7815.25,7818.25,7813.5,7817.75,711
2026-09-22T08:37:00+00:00,7818,7819,7817,7818,456
2026-09-22T08:38:00+00:00,7818.25,7820.25,7818,7820,541
2026-09-22T08:39:00+00:00,7820,7824.5,7819.75,7823.75,1216
2026-09-22T08:40:00+00:00,7823.25,7823.75,7821.25,7822.5,624
2026-09-22T08:41:00+00:00,7822.25,7826.25,7822,7826,638
2026-09-22T08:42:00+00:00,7825.75,7829,7825.25,7827.25,819
2026-09-22T08:43:00+00:00,7827.25,7828.5,7826.75,7827.75,468
2026-09-22T08:44:00+00:00,7827.5,7828.75,7826.25,7828.5,478
2026-09-22T08:45:00+00:00,7828.5,7829.25,7827.5,7828.25,361
2026-09-22T08:46:00+00:00,7828,7830.5,7827,7829.75,542
2026-09-22T08:47:00+00:00,7829.5,7832.25,7829.5,7831.25,699
2026-09-22T08:48:00+00:00,7831,7832.5,7830.5,7832,427
2026-09-22T08:49:00+00:00,7832,7834,7831.5,7833.5,613
2026-09-22T08:50:00+00:00,7833.5,7834.75,7832.75,7834.5,488
2026-09-22T08:51:00+00:00,7834.5,7835,7832.5,7832.75,456
2026-09-22T08:52:00+00:00,7833,7835,7832.5,7834.75,349
2026-09-22T08:53:00+00:00,7835,7836,7834,7835.75,430
2026-09-22T08:54:00+00:00,7835.75,7836.25,7833.5,7834.75,605
2026-09-22T08:55:00+00:00,7834.75,7835.5,7833.75,7833.75,682
2026-09-22T08:56:00+00:00,7834,7836,7833.5,7835.5,366
2026-09-22T08:57:00+00:00,7835.75,7835.75,7834.75,7835.5,118
2026-09-22T08:58:00+00:00,7835.5,7835.5,7832.5,7833.25,399
2026-09-22T08:59:00+00:00,7833.25,7834.5,7833.25,7833.5,283
2026-09-22T09:00:00+00:00,7833.25,7834.25,7831.25,7831.5,851
2026-09-22T09:01:00+00:00,7831.75,7832.5,7831,7831.5,458
2026-09-22T09:02:00+00:00,7831.5,7836,7831.25,7833,818
2026-09-22T09:03:00+00:00,7832.75,7833,7830,7830,438
2026-09-22T09:04:00+00:00,7829.75,7830,7827.25,7827.25,676
2026-09-22T09:05:00+00:00,7827.25,7828.25,7826.75,7827.5,271
2026-09-22T09:06:00+00:00,7827.5,7831,7827.5,7830.5,492
2026-09-22T09:07:00+00:00,7830.5,7830.5,7828.25,7829.5,401
2026-09-22T09:08:00+00:00,7829.5,7830.25,7828.5,7828.5,341
2026-09-22T09:09:00+00:00,7828.5,7830.75,7827.75,7829.25,528
2026-09-22T09:10:00+00:00,7829,7829.75,7828.25,7829.25,245
2026-09-22T09:11:00+00:00,7829.25,7831,7827.25,7829,1217
2026-09-22T09:12:00+00:00,7829.25,7829.25,7826,7826.5,534
2026-09-22T09:13:00+00:00,7826.25,7829,7826.25,7827.5,519
2026-09-22T09:14:00+00:00,7827.5,7827.75,7826.75,7827.5,160
2026-09-22T09:15:00+00:00,7827.25,7830.75,7826.75,7830.25,1606
2026-09-22T09:16:00+00:00,7830,7830,7828.25,7829,154
2026-09-22T09:17:00+00:00,7829.25,7829.5,7827.75,7828,177
2026-09-22T09:18:00+00:00,7828.25,7828.5,7827.25,7827.5,124
2026-09-22T09:19:00+00:00,7827.5,7828.25,7827.25,7827.5,84
2026-09-22T09:20:00+00:00,7827.25,7828,7827,7827.5,101
2026-09-22T09:21:00+00:00,7827.5,7828.25,7827.25,7827.5,131
2026-09-22T09:22:00+00:00,7827.5,7828,7825.5,7827.25,499
2026-09-22T09:23:00+00:00,7827.25,7827.5,7825.5,7827,178
2026-09-22T09:24:00+00:00,7826.75,7827.5,7826.75,7827,86
2026-09-22T09:25:00+00:00,7827.25,7827.25,7826,7827,123
2026-09-22T09:26:00+00:00,7827,7827.5,7826.5,7827.5,88
2026-09-22T09:27:00+00:00,7827.5,7827.75,7827,7827.5,64
2026-09-22T09:28:00+00:00,7827.25,7827.25,7826.75,7827,46
2026-09-22T09:29:00+00:00,7827.25,7827.75,7826.75,7827.25,73
2026-09-22T09:30:00+00:00,7827.25,7828.75,7827.25,7828.75,258
2026-09-22T09:31:00+00:00,7828.5,7829.75,7828.5,7829.75,286
2026-09-22T09:32:00+00:00,7829.75,7830,7829.25,7829.25,132
2026-09-22T09:33:00+00:00,7829.5,7830,7827.25,7828,1002
2026-09-22T09:34:00+00:00,7828.5,7829.5,7828.25,7828.75,142
2026-09-22T09:35:00+00:00,7829,7829,7827.25,7827.75,189
2026-09-22T09:36:00+00:00,7827.75,7828.25,7827.25,7828,95
2026-09-22T09:37:00+00:00,7828,7828.5,7827.75,7828.5,94
2026-09-22T09:38:00+00:00,7828.25,7828.5,7827.25,7827.5,88
2026-09-22T09:39:00+00:00,7827.5,7828.25,7827.25,7827.75,192
2026-09-22T09:40:00+00:00,7827.75,7828.75,7827.75,7828.5,117
2026-09-22T09:41:00+00:00,7828.5,7830.75,7828.25,7829.5,812
2026-09-22T09:42:00+00:00,7829.5,7830,7828.5,7830,173
2026-09-22T09:43:00+00:00,7830,7831.75,7830,7831.25,258
2026-09-22T09:44:00+00:00,7831.25,7833.25,7831.25,7833,358
2026-09-22T09:45:00+00:00,7833,7833.5,7832.25,7832.25,376
2026-09-22T09:46:00+00:00,7832.25,7832.5,7831.5,7832.5,165
2026-09-22T09:47:00+00:00,7832,7833.25,7831.75,7832.5,230
2026-09-22T09:48:00+00:00,7832.75,7833,7831.75,7832,71
2026-09-22T09:49:00+00:00,7832,7832.25,7831.5,7832,122
2026-09-22T09:50:00+00:00,7832.25,7833,7832.25,7832.5,94
2026-09-22T09:51:00+00:00,7832.75,7835.5,7832.5,7834,527
2026-09-22T09:52:00+00:00,7834,7843,7832.25,7837.25,6051
2026-09-22T09:53:00+00:00,7837.25,7840.5,7834,7838.75,3327
2026-09-22T09:54:00+00:00,7838.5,7839.5,7835.5,7838.25,1491
2026-09-22T09:55:00+00:00,7838.25,7838.5,7834,7834,1099
2026-09-22T09:56:00+00:00,7834,7842.25,7833,7837,3960
2026-09-22T09:57:00+00:00,7836.75,7837,7833.5,7834.75,1249
2026-09-22T09:58:00+00:00,7834.75,7838.25,7834.5,7838.25,391
2026-09-22T09:59:00+00:00,7838,7839.5,7837.75,7838.75,623
2026-09-22T10:00:00+00:00,7838.75,7839,7835.5,7836.25,390
2026-09-22T10:01:00+00:00,7836.25,7837.25,7835,7835.75,462
2026-09-22T10:02:00+00:00,7835.75,7839,7835.75,7838.25,300
2026-09-22T10:03:00+00:00,7839,7840,7837.5,7839.75,417
2026-09-22T10:04:00+00:00,7839.75,7840,7839,7839,133
2026-09-22T10:05:00+00:00,7839.5,7840.5,7839.25,7839.5,399
2026-09-22T10:06:00+00:00,7839.5,7839.75,7838.25,7838.75,387
2026-09-22T10:07:00+00:00,7838.75,7840,7838.5,7839.75,181
2026-09-22T10:08:00+00:00,7839.75,7840.75,7839.5,7840.75,192
2026-09-22T10:09:00+00:00,7840.5,7840.75,7839,7839.25,153
2026-09-22T10:10:00+00:00,7839.25,7840,7838.5,7838.75,215
2026-09-22T10:11:00+00:00,7839,7839.75,7837.5,7837.5,301
2026-09-22T10:12:00+00:00,7837.5,7839.5,7837.5,7838,160
2026-09-22T10:13:00+00:00,7838,7838,7835,7836,474
2026-09-22T10:14:00+00:00,7836.25,7837.75,7836.25,7837.25,199
2026-09-22T10:15:00+00:00,7837.25,7838.75,7837.25,7837.5,265
2026-09-22T10:16:00+00:00,7838,7838,7837.25,7837.5,123
2026-09-22T10:17:00+00:00,7837.75,7838,7837.25,7837.75,127
2026-09-22T10:18:00+00:00,7837.75,7837.75,7836.25,7836.5,87
2026-09-22T10:19:00+00:00,7836.5,7836.75,7835.75,7836.5,172
2026-09-22T10:20:00+00:00,7836.75,7837,7835.5,7836.25,184
2026-09-22T10:21:00+00:00,7835.75,7836.75,7835.5,7836.5,165
2026-09-22T10:22:00+00:00,7836.25,7837.25,7835.75,7836,159
2026-09-22T10:23:00+00:00,7836,7837,7835.5,7836,125
2026-09-22T10:24:00+00:00,7835.75,7836.25,7835.5,7836,105
2026-09-22T10:25:00+00:00,7835.75,7836,7834.5,7836,240
2026-09-22T10:26:00+00:00,7836.25,7837,7835.5,7836,161
2026-09-22T10:27:00+00:00,7836,7836.5,7835.5,7836.25,106
2026-09-22T10:28:00+00:00,7836.25,7836.75,7836.25,7836.75,45
2026-09-22T10:29:00+00:00,7837,7837.75,7836.25,7836.75,121
2026-09-22T10:30:00+00:00,7837,7837.75,7836.25,7837.75,140
2026-09-22T10:31:00+00:00,7837.75,7838.25,7836.5,7837,634
2026-09-22T10:32:00+00:00,7837,7837.25,7836.25,7836.75,55
2026-09-22T10:33:00+00:00,7837,7837.25,7836,7836.5,90
2026-09-22T10:34:00+00:00,7836.75,7837.25,7836.75,7837,61
2026-09-22T10:35:00+00:00,7837.25,7837.25,7836.5,7836.5,59
2026-09-22T10:36:00+00:00,7836.75,7837.75,7836.75,7837.25,91
2026-09-22T10:37:00+00:00,7837.25,7838.5,7837.25,7838.25,195
2026-09-22T10:38:00+00:00,7838.5,7838.5,7837.75,7838,96
2026-09-22T10:39:00+00:00,7838,7838.5,7837.75,7838.25,144
2026-09-22T10:40:00+00:00,7838.5,7839,7837.5,7838.25,132
2026-09-22T10:41:00+00:00,7838.5,7839.5,7838.5,7839.25,252
2026-09-22T10:42:00+00:00,7839.5,7840,7839.25,7839.75,188
2026-09-22T10:43:00+00:00,7839.75,7841.5,7839.75,7841,425
2026-09-22T10:44:00+00:00,7841,7841.25,7840.5,7840.75,169
2026-09-22T10:45:00+00:00,7840.75,7840.75,7839,7840,362
2026-09-22T10:46:00+00:00,7840,7840,7838.75,7839,241
2026-09-22T10:47:00+00:00,7839,7840.75,7839,7840.75,267
2026-09-22T10:48:00+00:00,7840.75,7841.75,7840.5,7841.75,400
2026-09-22T10:49:00+00:00,7841.75,7842.75,7841.5,7842.5,294
2026-09-22T10:50:00+00:00,7842.5,7843.75,7842.25,7843.25,370
2026-09-22T10:51:00+00:00,7843.75,7843.75,7842.75,7843.25,195
2026-09-22T10:52:00+00:00,7843,7843.25,7842.25,7842.25,253
2026-09-22T10:53:00+00:00,7842.25,7843.25,7842,7843,150
2026-09-22T10:54:00+00:00,7842.75,7842.75,7841.5,7842.5,161
2026-09-22T10:55:00+00:00,7842.5,7842.75,7841,7841.25,145
2026-09-22T10:56:00+00:00,7841.25,7841.25,7840.25,7841,226
2026-09-22T10:57:00+00:00,7840.75,7841.25,7840,7840.25,265
2026-09-22T10:58:00+00:00,7840.5,7841,7840.25,7840.75,162
2026-09-22T10:59:00+00:00,7840.75,7841,7838,7838,507
2026-09-22T11:00:00+00:00,7838.25,7839.5,7837,7837.5,666
2026-09-22T11:01:00+00:00,7837.25,7837.5,7835.25,7835.25,455
2026-09-22T11:02:00+00:00,7835.5,7836.5,7835.25,7836,244
2026-09-22T11:03:00+00:00,7835.75,7837.5,7835,7837.25,399
2026-09-22T11:04:00+00:00,7837.25,7837.75,7836.5,7837.75,149
2026-09-22T11:05:00+00:00,7837.75,7838.25,7836,7836.5,324
2026-09-22T11:06:00+00:00,7836.5,7837.75,7835,7836.5,430
2026-09-22T11:07:00+00:00,7836.75,7838.75,7836.75,7838.25,261
2026-09-22T11:08:00+00:00,7838.75,7838.75,7837.75,7837.75,81
2026-09-22T11:09:00+00:00,7837.75,7838.5,7828.5,7833.25,6822
2026-09-22T11:10:00+00:00,7833.5,7835.75,7831,7835.5,1658
2026-09-22T11:11:00+00:00,7835.5,7835.5,7832,7834.75,598
2026-09-22T11:12:00+00:00,7835,7836.25,7831.5,7832.25,1129
2026-09-22T11:13:00+00:00,7832.25,7833.25,7830.75,7832,591
2026-09-22T11:14:00+00:00,7832,7834.25,7832,7833.75,271
2026-09-22T11:15:00+00:00,7833.75,7835.25,7833.75,7835,225
2026-09-22T11:16:00+00:00,7835,7835.5,7834.25,7835,294
2026-09-22T11:17:00+00:00,7835.25,7835.5,7834,7835,332
2026-09-22T11:18:00+00:00,7835,7835,7834.25,7834.5,105
2026-09-22T11:19:00+00:00,7834.25,7834.75,7833.75,7834.5,89
2026-09-22T11:20:00+00:00,7834.5,7835,7833.5,7834.5,163
2026-09-22T11:21:00+00:00,7834.5,7835.25,7834.25,7834.5,60
2026-09-22T11:22:00+00:00,7834.25,7835.75,7834,7835,120
2026-09-22T11:23:00+00:00,7835.25,7836.5,7835,7836,180
2026-09-22T11:24:00+00:00,7836,7837.75,7836,7837.25,533
2026-09-22T11:25:00+00:00,7837,7837.25,7836.25,7837.25,96
2026-09-22T11:26:00+00:00,7837.25,7838.5,7836.5,7837,370
2026-09-22T11:27:00+00:00,7837.25,7837.25,7835.5,7836,147
2026-09-22T11:28:00+00:00,7835.75,7836.5,7835.25,7836,114
2026-09-22T11:29:00+00:00,7835.75,7836,7835.25,7835.75,64
2026-09-22T11:30:00+00:00,7835.75,7836.25,7835.25,7836.25,144
2026-09-22T11:31:00+00:00,7836,7837,7835.75,7836.25,158
2026-09-22T11:32:00+00:00,7836,7837.75,7836,7837,212
2026-09-22T11:33:00+00:00,7837,7837,7836.25,7836.75,55
2026-09-22T11:34:00+00:00,7836.5,7836.5,7835.75,7836.5,82
2026-09-22T11:35:00+00:00,7836.5,7838,7836.25,7838,97
2026-09-22T11:36:00+00:00,7838,7838.25,7837.5,7837.75,121
2026-09-22T11:37:00+00:00,7837.75,7838,7837.5,7837.75,58
2026-09-22T11:38:00+00:00,7837.75,7838.25,7837.75,7838.25,116
2026-09-22T11:39:00+00:00,7838.5,7839.75,7838,7838.75,536
2026-09-22T11:40:00+00:00,7838.5,7838.75,7837.25,7838.25,308
2026-09-22T11:41:00+00:00,7838.25,7839.5,7837.5,7839.5,248
2026-09-22T11:42:00+00:00,7839.5,7839.5,7837.5,7837.5,183
2026-09-22T11:43:00+00:00,7837.75,7839.75,7837.75,7839.25,236
2026-09-22T11:44:00+00:00,7839.5,7839.5,7837,7838.75,386
2026-09-22T11:45:00+00:00,7838.75,7842,7838.25,7840.25,973
2026-09-22T11:46:00+00:00,7840.25,7840.25,7837.25,7837.75,325
2026-09-22T11:47:00+00:00,7838,7838.5,7837.25,7838.5,166
2026-09-22T11:48:00+00:00,7838.5,7838.75,7837.75,7838.75,56
2026-09-22T11:49:00+00:00,7838.75,7839.25,7838,7838.75,99
2026-09-22T11:50:00+00:00,7839,7839.25,7837.75,7837.75,97
2026-09-22T11:51:00+00:00,7837.75,7838,7837.5,7837.75,154
2026-09-22T11:52:00+00:00,7837.75,7838.5,7837.25,7837.5,337
2026-09-22T11:53:00+00:00,7837.5,7838,7837.25,7837.75,186
2026-09-22T11:54:00+00:00,7837.75,7837.75,7836.5,7836.75,155
2026-09-22T11:55:00+00:00,7836.75,7839.5,7836.75,7838.25,378
2026-09-22T11:56:00+00:00,7838.25,7838.5,7837,7837,126
2026-09-22T11:57:00+00:00,7837.5,7838.75,7837.25,7837.25,243
2026-09-22T11:58:00+00:00,7837.25,7837.5,7835.5,7835.75,268
2026-09-22T11:59:00+00:00,7836,7836.5,7835.5,7835.5,414
2026-09-22T12:00:00+00:00,7835.75,7836.25,7835,7835.25,276
2026-09-22T12:01:00+00:00,7835.5,7836.25,7835,7836.25,331
2026-09-22T12:02:00+00:00,7836.25,7837.75,7836,7837,508
2026-09-22T12:03:00+00:00,7836.75,7839.25,7836.75,7839,255
2026-09-22T12:04:00+00:00,7839.25,7839.75,7838.5,7838.75,212
2026-09-22T12:05:00+00:00,7838.75,7840,7838.75,7839,164
2026-09-22T12:06:00+00:00,7839.5,7839.5,7838,7838.25,149
2026-09-22T12:07:00+00:00,7838.25,7838.25,7837.75,7838,128
2026-09-22T12:08:00+00:00,7838,7838.5,7837,7838.5,323
2026-09-22T12:09:00+00:00,7838.25,7838.5,7834,7835.75,969
2026-09-22T12:10:00+00:00,7835.75,7837.25,7835.75,7837.25,330
2026-09-22T12:11:00+00:00,7836.75,7837.75,7836,7837.75,218
2026-09-22T12:12:00+00:00,7837.75,7838,7837,7837.75,153
2026-09-22T12:13:00+00:00,7837.75,7838,7837,7838,139
2026-09-22T12:14:00+00:00,7838,7838,7836.5,7836.75,75
2026-09-22T12:15:00+00:00,7837,7837.5,7835.75,7837.5,252
2026-09-22T12:16:00+00:00,7837.25,7839,7835.75,7836,334
2026-09-22T12:17:00+00:00,7836,7836.75,7835.25,7836.25,374
2026-09-22T12:18:00+00:00,7836,7836.25,7835.5,7836.25,162
2026-09-22T12:19:00+00:00,7836,7837.25,7835.75,7836.5,122
2026-09-22T12:20:00+00:00,7836.5,7837.75,7836.25,7837.25,142
2026-09-22T12:21:00+00:00,7837,7838.25,7836.75,7838.25,230
2026-09-22T12:22:00+00:00,7838,7838.75,7837.75,7838,173
2026-09-22T12:23:00+00:00,7838,7838.75,7838,7838.5,96
2026-09-22T12:24:00+00:00,7838.75,7839.5,7838,7838,424
2026-09-22T12:25:00+00:00,7838.25,7839.5,7838,7838.75,283
2026-09-22T12:26:00+00:00,7838.5,7839.25,7838.25,7839.25,256
2026-09-22T12:27:00+00:00,7839,7839.5,7838.75,7838.75,113
2026-09-22T12:28:00+00:00,7838.5,7839.5,7838.5,7839.25,106
2026-09-22T12:29:00+00:00,7839.25,7840.25,7839,7840,210
2026-09-22T12:30:00+00:00,7840,7840.5,7839.25,7840,324
2026-09-22T12:31:00+00:00,7840,7842,7839,7842,663
2026-09-22T12:32:00+00:00,7841.75,7842.5,7840.5,7841,442
2026-09-22T12:33:00+00:00,7840.75,7842.5,7840.75,7842.5,237
2026-09-22T12:34:00+00:00,7842.5,7842.75,7841.25,7841.25,261
2026-09-22T12:35:00+00:00,7841.5,7842,7839.5,7839.5,462
2026-09-22T12:36:00+00:00,7839.5,7841.5,7839.5,7839.75,604
2026-09-22T12:37:00+00:00,7839.75,7839.75,7838.25,7839,359
2026-09-22T12:38:00+00:00,7838.75,7839.25,7838,7838,207
2026-09-22T12:39:00+00:00,7838,7839,7837.75,7838,262
2026-09-22T12:40:00+00:00,7838.25,7840.5,7838,7840.25,296
2026-09-22T12:41:00+00:00,7840.25,7840.5,7839.5,7840.25,228
2026-09-22T12:42:00+00:00,7840.25,7841.5,7840.25,7841,217
2026-09-22T12:43:00+00:00,7841.5,7841.5,7840.25,7840.5,168
2026-09-22T12:44:00+00:00,7840.25,7840.25,7838.5,7839.25,237
2026-09-22T12:45:00+00:00,7839,7839.25,7838.25,7838.5,318
2026-09-22T12:46:00+00:00,7838.25,7839.5,7838.25,7838.75,215
2026-09-22T12:47:00+00:00,7838.75,7839.25,7838.25,7838.5,114
2026-09-22T12:48:00+00:00,7838.5,7839.75,7838.5,7839.25,89
2026-09-22T12:49:00+00:00,7839.25,7839.25,7838.5,7838.75,159
2026-09-22T12:50:00+00:00,7838.75,7839,7837.75,7837.75,245
2026-09-22T12:51:00+00:00,7838,7838.25,7837.25,7837.25,243
2026-09-22T12:52:00+00:00,7837.5,7837.5,7835.75,7836.25,541
2026-09-22T12:53:00+00:00,7836.25,7837.25,7836,7836.25,287
2026-09-22T12:54:00+00:00,7836.5,7836.75,7836,7836.75,289
2026-09-22T12:55:00+00:00,7836.5,7837,7835.75,7836,435
2026-09-22T12:56:00+00:00,7835.75,7836.25,7835.75,7836,373
2026-09-22T12:57:00+00:00,7836.25,7837.5,7836,7836.75,395
2026-09-22T12:58:00+00:00,7836.75,7837.75,7836.5,7836.5,628
2026-09-22T12:59:00+00:00,7836.75,7837.25,7836,7837.25,309
2026-09-22T13:00:00+00:00,7837,7839,7836.25,7838.25,767
2026-09-22T13:01:00+00:00,7838.25,7839.5,7837.25,7839.25,821
2026-09-22T13:02:00+00:00,7839.5,7840.25,7839.25,7839.75,432
2026-09-22T13:03:00+00:00,7839.75,7840.25,7839,7840.25,573
2026-09-22T13:04:00+00:00,7840.25,7840.5,7839.25,7839.5,436
2026-09-22T13:05:00+00:00,7839.5,7839.75,7837.75,7838.25,535
2026-09-22T13:06:00+00:00,7838.5,7840.25,7836.5,7839.75,2519
2026-09-22T13:07:00+00:00,7839.75,7840.5,7838.75,7839.5,455
2026-09-22T13:08:00+00:00,7839.25,7842,7839.25,7841,955
2026-09-22T13:09:00+00:00,7841,7841,7839.75,7840,478
2026-09-22T13:10:00+00:00,7840,7840,7838.75,7839.75,367
2026-09-22T13:11:00+00:00,7839.75,7840.25,7839.25,7840.25,181
2026-09-22T13:12:00+00:00,7840,7840.75,7839.75,7840.25,178
2026-09-22T13:13:00+00:00,7840.5,7840.5,7839.5,7840.25,281
2026-09-22T13:14:00+00:00,7840.25,7841.5,7840.25,7841,435
2026-09-22T13:15:00+00:00,7840.75,7841.25,7840.5,7841.25,439
2026-09-22T13:16:00+00:00,7841.25,7843.25,7841.25,7841.75,875
2026-09-22T13:17:00+00:00,7842,7842.25,7840,7840.5,347
2026-09-22T13:18:00+00:00,7840.25,7841.25,7839.75,7840,374
2026-09-22T13:19:00+00:00,7840,7840.75,7839.75,7840.5,274
2026-09-22T13:20:00+00:00,7840.75,7841,7839.25,7839.25,358
2026-09-22T13:21:00+00:00,7839.5,7840.5,7839.5,7840.25,243
2026-09-22T13:22:00+00:00,7840.25,7840.5,7839.25,7840.25,633
2026-09-22T13:23:00+00:00,7840.25,7840.75,7839.25,7839.5,282
2026-09-22T13:24:00+00:00,7839.5,7840.25,7839,7839.25,266
2026-09-22T13:25:00+00:00,7839.25,7839.75,7837.5,7838.5,1746
2026-09-22T13:26:00+00:00,7838.5,7839.25,7838,7838.25,726
2026-09-22T13:27:00+00:00,7838.75,7838.75,7837.25,7838.5,587
2026-09-22T13:28:00+00:00,7838.25,7838.25,7836.25,7837,1201
2026-09-22T13:29:00+00:00,7837.25,7838.25,7836.75,7836.75,1299
2026-09-22T13:30:00+00:00,7837,7839.75,7835.5,7839.75,6523
2026-09-22T13:31:00+00:00,7839.5,7846.75,7839.25,7846,5579
2026-09-22T13:32:00+00:00,7846.25,7846.75,7844,7844.25,3312
2026-09-22T13:33:00+00:00,7844.5,7847.25,7844.5,7846,2990
2026-09-22T13:34:00+00:00,7846.25,7847,7843.75,7844.75,2363
2026-09-22T13:35:00+00:00,7844.75,7848.5,7844.5,7847.25,4417
2026-09-22T13:36:00+00:00,7847.25,7847.25,7844.75,7844.75,2920
2026-09-22T13:37:00+00:00,7844.75,7845.75,7843.5,7844.75,3016
2026-09-22T13:38:00+00:00,7844.75,7847,7844.25,7846.75,1746
2026-09-22T13:39:00+00:00,7846.5,7847.75,7846,7846.25,1624
2026-09-22T13:40:00+00:00,7846.5,7846.5,7841,7842.25,4530
2026-09-22T13:41:00+00:00,7842.5,7845.75,7840.75,7841.75,5360
2026-09-22T13:42:00+00:00,7841.75,7844.5,7840.5,7844,3346
2026-09-22T13:43:00+00:00,7844,7844.25,7841.75,7843.75,2291
2026-09-22T13:44:00+00:00,7843.75,7844,7842.5,7842.75,1486
2026-09-22T13:45:00+00:00,7842.75,7843,7837.75,7840,4954
2026-09-22T13:46:00+00:00,7839.75,7840.75,7836.5,7837,3124
2026-09-22T13:47:00+00:00,7837,7837.5,7835.75,7837,2742
2026-09-22T13:48:00+00:00,7837,7844,7835.25,7841.75,8502
2026-09-22T13:49:00+00:00,7842,7842.25,7838.75,7839.75,3689
2026-09-22T13:50:00+00:00,7839.5,7840.5,7838.25,7840.25,2064
2026-09-22T13:51:00+00:00,7840.5,7840.75,7837.75,7839.75,2013
2026-09-22T13:52:00+00:00,7839.75,7841,7838,7838.5,1621
2026-09-22T13:53:00+00:00,7838.75,7839.5,7837.5,7837.75,1735
2026-09-22T13:54:00+00:00,7837.5,7838,7836.5,7837.25,1810
2026-09-22T13:55:00+00:00,7837,7837.25,7834.25,7836.25,4320
2026-09-22T13:56:00+00:00,7836,7836.75,7833,7833.75,3860
2026-09-22T13:57:00+00:00,7833.75,7838,7833.75,7837.25,3839
2026-09-22T13:58:00+00:00,7837.25,7838,7835.75,7836,3000
2026-09-22T13:59:00+00:00,7836,7836.25,7833.25,7835,2799
2026-09-22T14:00:00+00:00,7835,7836.75,7834.5,7835.25,2479
2026-09-22T14:01:00+00:00,7835.25,7838,7834.75,7836.75,2447
2026-09-22T14:02:00+00:00,7836.75,7839,7836.25,7838.75,2402
2026-09-22T14:03:00+00:00,7838.5,7839.5,7837.25,7838,2445
2026-09-22T14:04:00+00:00,7837.75,7838.25,7836.5,7837.75,1456
2026-09-22T14:05:00+00:00,7837.75,7838.5,7836.75,7838,1584
2026-09-22T14:06:00+00:00,7838,7838,7834.5,7836.75,2524
2026-09-22T14:07:00+00:00,7837,7838.75,7836.75,7837.25,1875
2026-09-22T14:08:00+00:00,7837.5,7837.5,7835,7835.5,1613
2026-09-22T14:09:00+00:00,7835.5,7835.5,7834.25,7834.5,2104
2026-09-22T14:10:00+00:00,7834.5,7838.25,7834.25,7837.25,2771
2026-09-22T14:11:00+00:00,7837.5,7840,7836.25,7839.5,3709
2026-09-22T14:12:00+00:00,7839.5,7841.25,7839.25,7841.25,3204
2026-09-22T14:13:00+00:00,7841.25,7845.75,7839.75,7841.25,8197
2026-09-22T14:14:00+00:00,7841.25,7842.25,7837.75,7840,3090
2026-09-22T14:15:00+00:00,7840.25,7841.25,7838.5,7841,2086
2026-09-22T14:16:00+00:00,7841,7841,7836.75,7837,2325
2026-09-22T14:17:00+00:00,7837.25,7837.25,7835.25,7836.5,2335
2026-09-22T14:18:00+00:00,7836.75,7836.75,7831.75,7833.25,5814
2026-09-22T14:19:00+00:00,7833.25,7835.75,7833.25,7835.25,2159
2026-09-22T14:20:00+00:00,7835,7836.5,7834.5,7835.25,1909
2026-09-22T14:21:00+00:00,7835.25,7835.5,7832.5,7833.5,2707
2026-09-22T14:22:00+00:00,7833.75,7834.5,7833,7834,1295
2026-09-22T14:23:00+00:00,7834.25,7835,7833,7833.75,1355
2026-09-22T14:24:00+00:00,7834,7835,7832.75,7834.25,1380
2026-09-22T14:25:00+00:00,7834,7834.5,7832.75,7834.25,1182
2026-09-22T14:26:00+00:00,7834.25,7835.25,7833.5,7834.75,1265
2026-09-22T14:27:00+00:00,7834.5,7835.5,7834,7834.5,1044
2026-09-22T14:28:00+00:00,7834.25,7834.25,7832.5,7833,1356
2026-09-22T14:29:00+00:00,7832.75,7833.25,7831.5,7831.75,2176
2026-09-22T14:30:00+00:00,7832,7833,7831.25,7831.75,2208
2026-09-22T14:31:00+00:00,7832,7835.25,7831.5,7834.5,2125
2026-09-22T14:32:00+00:00,7834.25,7836,7834.25,7835,2059
2026-09-22T14:33:00+00:00,7835,7837.5,7834.75,7835.75,2893
2026-09-22T14:34:00+00:00,7836,7837,7833.5,7833.75,1941
2026-09-22T14:35:00+00:00,7833.75,7834,7829.25,7830,7623
2026-09-22T14:36:00+00:00,7830.25,7832.75,7830,7832.75,2814
2026-09-22T14:37:00+00:00,7832.5,7835.25,7832.25,7835,2677
2026-09-22T14:38:00+00:00,7835.25,7835.5,7832,7833.5,3735
2026-09-22T14:39:00+00:00,7833.5,7840.75,7831,7831.5,11845
2026-09-22T14:40:00+00:00,7831.5,7832.25,7829,7832,5586
2026-09-22T14:41:00+00:00,7832,7832.25,7827.5,7828.5,5917
2026-09-22T14:42:00+00:00,7828.5,7829.25,7826.75,7827.25,3491
2026-09-22T14:43:00+00:00,7827.5,7830.5,7827,7830,2491
2026-09-22T14:44:00+00:00,7829.75,7831.5,7829.25,7829.5,2555
2026-09-22T14:45:00+00:00,7829.25,7829.75,7827.25,7828.5,2719
2026-09-22T14:46:00+00:00,7828.25,7829.5,7826.5,7827.5,2325
2026-09-22T14:47:00+00:00,7827.25,7831.75,7826.5,7831,5284
2026-09-22T14:48:00+00:00,7830.75,7833,7829.75,7832.75,3021
2026-09-22T14:49:00+00:00,7832.75,7834,7831.25,7833.75,2317
2026-09-22T14:50:00+00:00,7833.75,7835.75,7833.25,7833.75,3332
2026-09-22T14:51:00+00:00,7833.5,7834,7831,7831.25,2375
2026-09-22T14:52:00+00:00,7831,7832.25,7830.5,7831.75,1641
2026-09-22T14:53:00+00:00,7831.75,7832.25,7831,7831,894
2026-09-22T14:54:00+00:00,7830.75,7832.75,7829.75,7832.75,1791
2026-09-22T14:55:00+00:00,7832.5,7833.5,7831.5,7833.25,1607
2026-09-22T14:56:00+00:00,7833.5,7834.5,7832.75,7833.25,1444
2026-09-22T14:57:00+00:00,7833.5,7834.5,7832.25,7832.75,1313
2026-09-22T14:58:00+00:00,7833,7833,7830,7830.5,1424
2026-09-22T14:59:00+00:00,7830.5,7831.25,7829.5,7831,1243
2026-09-22T15:00:00+00:00,7831,7832.25,7830,7831.5,2608
2026-09-22T15:01:00+00:00,7831.5,7833.25,7830.5,7833,1683
2026-09-22T15:02:00+00:00,7832.75,7833.25,7831,7833,1333
2026-09-22T15:03:00+00:00,7833,7833.5,7831.75,7833.25,1248
2026-09-22T15:04:00+00:00,7833,7834.25,7831,7832,2855
2026-09-22T15:05:00+00:00,7832,7833,7831,7833,1079
2026-09-22T15:06:00+00:00,7833,7834.75,7831.25,7831.5,3156
2026-09-22T15:07:00+00:00,7831.25,7834.75,7831,7834,4003
2026-09-22T15:08:00+00:00,7833.75,7834.25,7833,7833.25,866
2026-09-22T15:09:00+00:00,7833.25,7834,7830,7830.25,1526
2026-09-22T15:10:00+00:00,7830.5,7832.25,7830.5,7831.5,1245
2026-09-22T15:11:00+00:00,7831.5,7832.5,7830.25,7830.5,870
2026-09-22T15:12:00+00:00,7830.5,7831,7829.25,7830.25,1356
2026-09-22T15:13:00+00:00,7830.25,7830.5,7828.5,7829.75,1335
2026-09-22T15:14:00+00:00,7829.5,7833,7829.25,7832.75,5729
2026-09-22T15:15:00+00:00,7832.75,7833.5,7831.5,7831.5,1315
2026-09-22T15:16:00+00:00,7831.5,7833.75,7831,7833.75,924
2026-09-22T15:17:00+00:00,7833.5,7834,7832.25,7832.25,896
2026-09-22T15:18:00+00:00,7832.25,7832.5,7831,7831,653
2026-09-22T15:19:00+00:00,7830.75,7833,7830.75,7832.25,666
2026-09-22T15:20:00+00:00,7832.25,7832.5,7830.75,7831,800
2026-09-22T15:21:00+00:00,7831,7833.75,7831,7832.25,570
2026-09-22T15:22:00+00:00,7832.5,7833.25,7832.25,7832.25,713
2026-09-22T15:23:00+00:00,7832,7833,7831.25,7832.5,1061
2026-09-22T15:24:00+00:00,7832.5,7832.75,7831.5,7831.75,512
2026-09-22T15:25:00+00:00,7831.75,7834,7831.5,7833.5,1013
2026-09-22T15:26:00+00:00,7833.5,7833.75,7832.5,7832.75,635
2026-09-22T15:27:00+00:00,7832.5,7833,7832.25,7832.5,454
2026-09-22T15:28:00+00:00,7832.5,7832.5,7829.5,7830,1188
2026-09-22T15:29:00+00:00,7830.25,7831.25,7830,7830.25,819
2026-09-22T15:30:00+00:00,7830.25,7830.5,7827.75,7828.5,2676
2026-09-22T15:31:00+00:00,7828.5,7829,7827.25,7827.25,1404
2026-09-22T15:32:00+00:00,7827.25,7828.25,7826.75,7827.25,1300
2026-09-22T15:33:00+00:00,7827.25,7828,7826,7826,2244
2026-09-22T15:34:00+00:00,7826.25,7827.75,7825.25,7826.5,2463
2026-09-22T15:35:00+00:00,7826.5,7827,7825.5,7826,1301
2026-09-22T15:36:00+00:00,7826,7826.5,7824.75,7825.75,1863
2026-09-22T15:37:00+00:00,7825.75,7825.75,7824,7825.25,1945
2026-09-22T15:38:00+00:00,7825.25,7825.25,7823.25,7824,2820
2026-09-22T15:39:00+00:00,7823.75,7824.5,7823,7824,2169
2026-09-22T15:40:00+00:00,7824,7824.25,7822.5,7824.25,2343
2026-09-22T15:41:00+00:00,7824.25,7824.75,7822.5,7824.25,1649
2026-09-22T15:42:00+00:00,7824.25,7825.75,7823.75,7825.25,1743
2026-09-22T15:43:00+00:00,7825,7825.75,7824.25,7824.25,1031
2026-09-22T15:44:00+00:00,7824.25,7825.75,7824.25,7824.5,854
2026-09-22T15:45:00+00:00,7824.75,7825.25,7824,7824.5,1197
2026-09-22T15:46:00+00:00,7824.5,7826,7824.5,7825.5,1136
2026-09-22T15:47:00+00:00,7825.75,7827.25,7825.5,7826.75,2379
2026-09-22T15:48:00+00:00,7826.75,7826.75,7824.75,7826.5,1205
2026-09-22T15:49:00+00:00,7826.5,7827.5,7825.5,7825.5,1511
2026-09-22T15:50:00+00:00,7825.25,7826.25,7824.25,7825,1447
2026-09-22T15:51:00+00:00,7825,7825.25,7824.25,7824.75,805
2026-09-22T15:52:00+00:00,7824.75,7825.75,7824.5,7824.75,659
2026-09-22T15:53:00+00:00,7824.75,7826,7824.5,7825.5,549
2026-09-22T15:54:00+00:00,7825.5,7825.75,7824,7824.25,735
2026-09-22T15:55:00+00:00,7824.25,7824.5,7823,7824,1506
2026-09-22T15:56:00+00:00,7824,7824,7823,7823,785
2026-09-22T15:57:00+00:00,7823.25,7824,7822.75,7824,962
2026-09-22T15:58:00+00:00,7823.75,7825.5,7823.75,7825,1059
2026-09-22T15:59:00+00:00,7824.75,7827,7824.75,7826.75,1437
2026-09-22T16:00:00+00:00,7826.75,7828.75,7826.5,7827.5,2743
2026-09-22T16:01:00+00:00,7827.5,7827.75,7824.75,7825.5,1839
2026-09-22T16:02:00+00:00,7825.75,7826,7825,7825.5,776
2026-09-22T16:03:00+00:00,7825.5,7826.5,7824.75,7826.25,919
2026-09-22T16:04:00+00:00,7826,7827,7825.5,7826.5,695
2026-09-22T16:05:00+00:00,7826.25,7826.25,7825.25,7826.25,880
2026-09-22T16:06:00+00:00,7826,7827.5,7825,7826.75,829
2026-09-22T16:07:00+00:00,7827,7828.75,7826.75,7828.5,1190
2026-09-22T16:08:00+00:00,7828.5,7829.75,7828,7829.75,1992
2026-09-22T16:09:00+00:00,7829.5,7830.25,7828.25,7828.75,3037
2026-09-22T16:10:00+00:00,7829,7830,7828,7828.75,1821
2026-09-22T16:11:00+00:00,7828.75,7829,7828,7828.75,1013
2026-09-22T16:12:00+00:00,7829.25,7830.25,7829,7829.25,741
2026-09-22T16:13:00+00:00,7829.25,7830,7828.75,7829.5,582
2026-09-22T16:14:00+00:00,7829.25,7830.25,7829,7830.25,655
2026-09-22T16:15:00+00:00,7830,7830,7827.5,7827.75,1264
2026-09-22T16:16:00+00:00,7827.75,7828.5,7827.25,7828,1207
2026-09-22T16:17:00+00:00,7828.25,7829.5,7827.75,7829.25,702
2026-09-22T16:18:00+00:00,7829,7829.5,7827.5,7828.25,703
2026-09-22T16:19:00+00:00,7828.25,7828.25,7826.5,7826.75,1154
2026-09-22T16:20:00+00:00,7827,7828,7825,7828,3192
2026-09-22T16:21:00+00:00,7828,7828.5,7827.25,7827.5,793
2026-09-22T16:22:00+00:00,7827.5,7828.25,7827,7827,358
2026-09-22T16:23:00+00:00,7827,7828.25,7824.75,7824.75,1934
2026-09-22T16:24:00+00:00,7825,7825.25,7823.5,7823.75,1410
2026-09-22T16:25:00+00:00,7823.75,7825.5,7823,7825,1524
2026-09-22T16:26:00+00:00,7825,7825.25,7824.25,7824.25,560
2026-09-22T16:27:00+00:00,7824.25,7825.75,7824,7825.25,661
2026-09-22T16:28:00+00:00,7825.25,7825.75,7824.75,7824.75,471
2026-09-22T16:29:00+00:00,7824.75,7825.75,7824.75,7825.5,685
2026-09-22T16:30:00+00:00,7825.75,7827,7825.25,7826.5,1063
2026-09-22T16:31:00+00:00,7826.75,7827.5,7826.25,7826.25,992
2026-09-22T16:32:00+00:00,7826.5,7827,7825.25,7826.25,968
2026-09-22T16:33:00+00:00,7826,7827,7825.75,7827,622
2026-09-22T16:34:00+00:00,7826.75,7828.75,7826.25,7828.5,1092
2026-09-22T16:35:00+00:00,7828.5,7828.5,7826.5,7827,924
2026-09-22T16:36:00+00:00,7826.75,7827.25,7826,7827,592
2026-09-22T16:37:00+00:00,7826.75,7827.25,7826,7826.25,419
2026-09-22T16:38:00+00:00,7826,7826.25,7824.75,7826,765
2026-09-22T16:39:00+00:00,7826,7826.75,7825.5,7826.5,563
2026-09-22T16:40:00+00:00,7826.75,7827,7826,7826.5,464
2026-09-22T16:41:00+00:00,7826.5,7827.25,7825.5,7826,563
2026-09-22T16:42:00+00:00,7826,7826.5,7824.25,7824.5,751
2026-09-22T16:43:00+00:00,7824.25,7826,7824.25,7825.75,625
2026-09-22T16:44:00+00:00,7825.75,7827,7825.75,7827,544
2026-09-22T16:45:00+00:00,7827,7827.5,7826.25,7827,761
2026-09-22T16:46:00+00:00,7827,7828,7826.75,7828,488
2026-09-22T16:47:00+00:00,7827.75,7828.25,7826.75,7827,596
2026-09-22T16:48:00+00:00,7827,7833.25,7826.75,7829.75,8240
2026-09-22T16:49:00+00:00,7829.75,7833.75,7829.75,7833,4210
2026-09-22T16:50:00+00:00,7833.25,7833.5,7831.5,7832.75,2771
2026-09-22T16:51:00+00:00,7833,7833.75,7832.25,7833.5,1761
2026-09-22T16:52:00+00:00,7833.25,7833.5,7832.25,7832.5,975
2026-09-22T16:53:00+00:00,7832.5,7833.25,7832,7832,1180
2026-09-22T16:54:00+00:00,7832,7832.5,7830.75,7831.5,1294
2026-09-22T16:55:00+00:00,7831.75,7832.75,7831.25,7831.25,668
2026-09-22T16:56:00+00:00,7831.25,7831.25,7830,7830.5,1310
2026-09-22T16:57:00+00:00,7830.25,7831.5,7830,7831.5,1022
2026-09-22T16:58:00+00:00,7831.25,7832.25,7830.75,7832.25,816
2026-09-22T16:59:00+00:00,7832,7832.75,7831.75,7832,745
2026-09-22T17:00:00+00:00,7832.25,7832.75,7831.5,7832.25,627
2026-09-22T17:01:00+00:00,7832.5,7832.75,7832,7832,432
2026-09-22T17:02:00+00:00,7832,7832,7830.5,7830.75,1203
2026-09-22T17:03:00+00:00,7831,7831.75,7830.75,7831,260
2026-09-22T17:04:00+00:00,7830.75,7831.25,7829.75,7829.75,1136
2026-09-22T17:05:00+00:00,7829.75,7831,7829.25,7830.5,862
2026-09-22T17:06:00+00:00,7830.75,7833,7830.75,7832.25,1382
2026-09-22T17:07:00+00:00,7832,7832,7830.5,7830.75,739
2026-09-22T17:08:00+00:00,7830.75,7831,7828.75,7829.5,1120
2026-09-22T17:09:00+00:00,7829.25,7830.25,7828.75,7830.25,810
2026-09-22T17:10:00+00:00,7830.25,7831,7829.5,7829.5,860
2026-09-22T17:11:00+00:00,7829.5,7830,7829.25,7829.75,663
2026-09-22T17:12:00+00:00,7829.75,7830,7828.5,7829.25,1074
2026-09-22T17:13:00+00:00,7829.25,7829.75,7829,7829.25,424
2026-09-22T17:14:00+00:00,7829.25,7829.5,7829,7829.5,262
2026-09-22T17:15:00+00:00,7829.25,7829.75,7828.5,7829.75,417
2026-09-22T17:16:00+00:00,7829.5,7829.5,7828.5,7828.5,670
2026-09-22T17:17:00+00:00,7828.5,7829.25,7828.25,7828.75,515
2026-09-22T17:18:00+00:00,7828.75,7829,7828,7828.5,612
2026-09-22T17:19:00+00:00,7828.5,7829.25,7828.25,7829.25,342
2026-09-22T17:20:00+00:00,7829.25,7829.25,7827.5,7828.25,998
2026-09-22T17:21:00+00:00,7828.25,7828.75,7828,7828.25,372
2026-09-22T17:22:00+00:00,7828,7828.25,7827.25,7828,950
2026-09-22T17:23:00+00:00,7828,7828,7827.25,7827.75,419
2026-09-22T17:24:00+00:00,7828,7828.75,7828,7828.5,582
2026-09-22T17:25:00+00:00,7828.25,7829.25,7828,7829,372
2026-09-22T17:26:00+00:00,7829.25,7829.75,7828.75,7829.75,924
2026-09-22T17:27:00+00:00,7829.5,7831,7829.5,7830.75,643
2026-09-22T17:28:00+00:00,7831,7831.25,7830.5,7831.25,883
2026-09-22T17:29:00+00:00,7831.25,7832.5,7831,7832.25,1298
2026-09-22T17:30:00+00:00,7832.25,7832.5,7830.75,7832,830
2026-09-22T17:31:00+00:00,7831.75,7832.25,7830.5,7830.75,524
2026-09-22T17:32:00+00:00,7830.75,7831,7829.75,7830,440
2026-09-22T17:33:00+00:00,7829.75,7830.5,7829.75,7830,498
2026-09-22T17:34:00+00:00,7830,7830.25,7829.5,7830,498
2026-09-22T17:35:00+00:00,7830,7830.25,7829,7830.25,677
2026-09-22T17:36:00+00:00,7830,7830.25,7828.75,7829,579
2026-09-22T17:37:00+00:00,7828.75,7829.5,7828.75,7829,493
2026-09-22T17:38:00+00:00,7828.75,7830,7828.75,7829,332
2026-09-22T17:39:00+00:00,7829,7829,7828,7828.5,828
2026-09-22T17:40:00+00:00,7828.25,7828.5,7827.25,7828.5,1298
2026-09-22T17:41:00+00:00,7828.5,7829.25,7828.25,7828.75,710
2026-09-22T17:42:00+00:00,7828.75,7830.5,7828.5,7830.5,524
2026-09-22T17:43:00+00:00,7830,7831,7829.5,7830.75,507
2026-09-22T17:44:00+00:00,7830.75,7831.5,7830.5,7831.5,484
2026-09-22T17:45:00+00:00,7831.5,7832.25,7831.25,7832,651
2026-09-22T17:46:00+00:00,7832.25,7832.25,7831,7831.25,836
2026-09-22T17:47:00+00:00,7831,7831.25,7830,7830.75,714
2026-09-22T17:48:00+00:00,7830.75,7831.25,7830.25,7830.5,474
2026-09-22T17:49:00+00:00,7830.5,7831.25,7830.25,7831,247
2026-09-22T17:50:00+00:00,7830.75,7831.25,7830,7830.25,1076
2026-09-22T17:51:00+00:00,7830.25,7831,7830.25,7831,611
2026-09-22T17:52:00+00:00,7830.75,7838.75,7830.5,7837,13728
2026-09-22T17:53:00+00:00,7837.25,7838.25,7835.5,7836,3662
2026-09-22T17:54:00+00:00,7836,7839,7835.75,7837.5,4735
2026-09-22T17:55:00+00:00,7837.25,7838,7836.5,7838,1492
2026-09-22T17:56:00+00:00,7838,7838.75,7836.75,7837,1426
2026-09-22T17:57:00+00:00,7837.25,7837.5,7836.25,7836.5,1251
2026-09-22T17:58:00+00:00,7836.5,7837.75,7836.25,7837,739
2026-09-22T17:59:00+00:00,7837,7837.75,7836.75,7837.5,505
2026-09-22T18:00:00+00:00,7837.5,7838.5,7836,7836,1612
2026-09-22T18:01:00+00:00,7836,7836.25,7834,7834.5,2152
2026-09-22T18:02:00+00:00,7834.75,7835,7833.5,7835,949
2026-09-22T18:03:00+00:00,7834.75,7835.25,7834.5,7835,797
2026-09-22T18:04:00+00:00,7835,7836.75,7834.5,7835.5,2511
2026-09-22T18:05:00+00:00,7835.5,7837.25,7835,7836.5,1091
2026-09-22T18:06:00+00:00,7836.75,7838,7836.5,7837.25,990
2026-09-22T18:07:00+00:00,7837.25,7837.25,7835.25,7836,1080
2026-09-22T18:08:00+00:00,7836.25,7836.75,7835.5,7836.75,390
2026-09-22T18:09:00+00:00,7836.75,7837.75,7836.5,7837.5,496
2026-09-22T18:10:00+00:00,7837.5,7838,7836.75,7837.75,810
2026-09-22T18:11:00+00:00,7837.75,7837.75,7836.75,7837.25,330
2026-09-22T18:12:00+00:00,7837.25,7837.75,7837,7837,535
2026-09-22T18:13:00+00:00,7837.25,7837.25,7835.5,7836,950
2026-09-22T18:14:00+00:00,7836,7836.5,7835,7835.75,856
2026-09-22T18:15:00+00:00,7835.75,7837,7835.75,7836.5,1040
2026-09-22T18:16:00+00:00,7836.5,7836.75,7835.75,7835.75,706
2026-09-22T18:17:00+00:00,7835.75,7836.75,7835.75,7836,612
2026-09-22T18:18:00+00:00,7836,7836.75,7836,7836.5,389
2026-09-22T18:19:00+00:00,7836.5,7837.5,7836,7837,788
2026-09-22T18:20:00+00:00,7836.75,7838.25,7836.5,7838,926
2026-09-22T18:21:00+00:00,7838.25,7838.25,7837.5,7838,831
2026-09-22T18:22:00+00:00,7838.25,7839.25,7838.25,7839,1229
2026-09-22T18:23:00+00:00,7839,7840.5,7839,7840,1864
2026-09-22T18:24:00+00:00,7839.75,7840.25,7839.25,7839.25,1166
2026-09-22T18:25:00+00:00,7839.25,7839.75,7838.25,7839,1155
2026-09-22T18:26:00+00:00,7838.75,7839,7838.25,7838.25,834
2026-09-22T18:27:00+00:00,7838.5,7839,7837.75,7838.25,1045
2026-09-22T18:28:00+00:00,7838.25,7839.25,7837.75,7838.75,788
2026-09-22T18:29:00+00:00,7838.75,7839,7837.5,7837.75,633
2026-09-22T18:30:00+00:00,7837.75,7838.5,7836.75,7838,1309
2026-09-22T18:31:00+00:00,7838.25,7839.25,7837.75,7838,550
2026-09-22T18:32:00+00:00,7838.25,7838.25,7837,7838,627
2026-09-22T18:33:00+00:00,7837.75,7838,7836.5,7837,798
2026-09-22T18:34:00+00:00,7837,7837.5,7836.25,7836.75,595
2026-09-22T18:35:00+00:00,7837,7837.25,7835,7835.25,1307
2026-09-22T18:36:00+00:00,7835.5,7835.75,7833.75,7835.5,2317
2026-09-22T18:37:00+00:00,7835.5,7835.75,7835,7835.5,483
2026-09-22T18:38:00+00:00,7835.5,7835.75,7834.75,7835.5,913
2026-09-22T18:39:00+00:00,7835.5,7835.75,7834,7835.5,708
2026-09-22T18:40:00+00:00,7835.5,7836.5,7835,7836.25,991
2026-09-22T18:41:00+00:00,7836.25,7837,7833.5,7835.5,2531
2026-09-22T18:42:00+00:00,7835.5,7837.5,7835.5,7837.25,1086
2026-09-22T18:43:00+00:00,7837,7838.25,7837,7838.25,864
2026-09-22T18:44:00+00:00,7838.25,7838.5,7837.25,7837.5,928
2026-09-22T18:45:00+00:00,7837.5,7838.5,7837.5,7838.25,717
2026-09-22T18:46:00+00:00,7838.25,7838.5,7836.75,7837,512
2026-09-22T18:47:00+00:00,7837,7837.75,7837,7837.25,229
2026-09-22T18:48:00+00:00,7837.5,7838,7837,7837.75,290
2026-09-22T18:49:00+00:00,7837.5,7838.5,7837.5,7838,446
2026-09-22T18:50:00+00:00,7837.75,7838,7836.25,7836.5,639
2026-09-22T18:51:00+00:00,7836.75,7838,7836.75,7837.5,450
2026-09-22T18:52:00+00:00,7837.5,7838,7837.25,7837.75,574
2026-09-22T18:53:00+00:00,7837.75,7838,7837,7837.5,397
2026-09-22T18:54:00+00:00,7837.5,7837.5,7837,7837,357
2026-09-22T18:55:00+00:00,7836.75,7837,7836,7837,657
2026-09-22T18:56:00+00:00,7837,7837,7835,7835,511
2026-09-22T18:57:00+00:00,7835.25,7835.25,7833.5,7833.5,1212
2026-09-22T18:58:00+00:00,7833.75,7834,7833.25,7833.75,1621
2026-09-22T18:59:00+00:00,7834,7834.25,7833,7834,964
2026-09-22T19:00:00+00:00,7834.25,7835,7833.75,7834.75,1490
2026-09-22T19:01:00+00:00,7834.75,7835.25,7833.5,7834.75,1452
2026-09-22T19:02:00+00:00,7834.75,7835.25,7834.25,7834.75,856
2026-09-22T19:03:00+00:00,7834.75,7835.5,7834.5,7835,680
2026-09-22T19:04:00+00:00,7834.75,7835.25,7834.25,7835,611
2026-09-22T19:05:00+00:00,7835,7835.25,7834.5,7834.75,469
2026-09-22T19:06:00+00:00,7834.75,7836.5,7834.75,7836,1468
2026-09-22T19:07:00+00:00,7836.25,7836.5,7835.5,7836,702
2026-09-22T19:08:00+00:00,7836,7836.25,7835.25,7835.5,510
2026-09-22T19:09:00+00:00,7835.5,7836,7834.5,7835.25,513
2026-09-22T19:10:00+00:00,7835.5,7836.25,7835,7835.75,621
2026-09-22T19:11:00+00:00,7836.25,7836.75,7835.75,7836.5,389
2026-09-22T19:12:00+00:00,7836.5,7837.25,7836.25,7837,523
2026-09-22T19:13:00+00:00,7837,7837.5,7836.75,7837.25,538
2026-09-22T19:14:00+00:00,7837.25,7837.5,7836.25,7836.5,716
2026-09-22T19:15:00+00:00,7836.75,7837.5,7836.5,7837,630
2026-09-22T19:16:00+00:00,7837,7838,7836.5,7838,517
2026-09-22T19:17:00+00:00,7838,7838.5,7837.5,7838.5,1134
2026-09-22T19:18:00+00:00,7838.25,7839.25,7838,7839,1039
2026-09-22T19:19:00+00:00,7839,7839.25,7838.25,7839,761
2026-09-22T19:20:00+00:00,7838.75,7839,7837.5,7838.25,1006
2026-09-22T19:21:00+00:00,7838.5,7838.75,7837.5,7838,525
2026-09-22T19:22:00+00:00,7838,7838.5,7837.5,7837.75,676
2026-09-22T19:23:00+00:00,7837.5,7838.5,7837.5,7838.25,627
2026-09-22T19:24:00+00:00,7837.75,7839.75,7837.5,7838.5,3020
2026-09-22T19:25:00+00:00,7838.75,7841.5,7838.5,7840.25,5279
2026-09-22T19:26:00+00:00,7840.25,7841.5,7840.25,7840.75,1165
2026-09-22T19:27:00+00:00,7840.5,7841,7839.5,7840,1326
2026-09-22T19:28:00+00:00,7840.25,7841.25,7840,7841,427
2026-09-22T19:29:00+00:00,7840.75,7841,7839.75,7840.25,590
2026-09-22T19:30:00+00:00,7840.25,7840.5,7839.5,7840.25,1099
2026-09-22T19:31:00+00:00,7840,7841.25,7839.75,7841,943
2026-09-22T19:32:00+00:00,7840.75,7843.25,7840.75,7843,2868
2026-09-22T19:33:00+00:00,7843,7844.5,7842.75,7844,2746
2026-09-22T19:34:00+00:00,7844,7845.75,7842.75,7845.25,2801
2026-09-22T19:35:00+00:00,7845.25,7846.25,7844.75,7846,2538
2026-09-22T19:36:00+00:00,7846.25,7846.25,7845.25,7846,1246
2026-09-22T19:37:00+00:00,7846,7846.5,7844.75,7845.75,1583
2026-09-22T19:38:00+00:00,7845.75,7846,7844,7845,1729
2026-09-22T19:39:00+00:00,7845.25,7846.5,7844.5,7845.5,1839
2026-09-22T19:40:00+00:00,7845.5,7845.75,7844.75,7845,674
2026-09-22T19:41:00+00:00,7844.75,7845,7841.75,7842.25,2234
2026-09-22T19:42:00+00:00,7842,7842.25,7839.5,7840.5,2563
2026-09-22T19:43:00+00:00,7840.25,7842,7840.25,7841.75,1162
2026-09-22T19:44:00+00:00,7842,7842.25,7841,7841.5,898
2026-09-22T19:45:00+00:00,7841.75,7843.75,7841.5,7842.25,1883
2026-09-22T19:46:00+00:00,7842.25,7843.25,7842,7842.25,851
2026-09-22T19:47:00+00:00,7842.25,7843.75,7842.25,7843.25,767
2026-09-22T19:48:00+00:00,7843.25,7844,7843,7843.5,747
2026-09-22T19:49:00+00:00,7843.5,7844.5,7842.75,7844.25,916
2026-09-22T19:50:00+00:00,7844,7844.25,7841.25,7843,3821
2026-09-22T19:51:00+00:00,7843,7845,7842.75,7844.25,1086
2026-09-22T19:52:00+00:00,7844.25,7846,7843.75,7844.75,1559
2026-09-22T19:53:00+00:00,7844.5,7845.25,7842,7842,1432
2026-09-22T19:54:00+00:00,7842.25,7843,7840,7840.25,5117
2026-09-22T19:55:00+00:00,7840.25,7840.25,7835,7835.25,6735
2026-09-22T19:56:00+00:00,7835.25,7835.75,7833.75,7835.25,2996
2026-09-22T19:57:00+00:00,7835,7835.25,7833.5,7834.25,1992
2026-09-22T19:58:00+00:00,7834.5,7835,7832,7832,2700
2026-09-22T19:59:00+00:00,7832.25,7834,7829.75,7831.25,12049
2026-09-22T20:00:00+00:00,7830.75,7833.25,7830.25,7832.25,2298
2026-09-22T20:01:00+00:00,7832.25,7833.25,7832,7832.25,639
2026-09-22T20:02:00+00:00,7832,7833,7831.75,7832.75,417
2026-09-22T20:03:00+00:00,7832.75,7833,7831.75,7832.5,320
2026-09-22T20:04:00+00:00,7832.5,7833,7831.75,7832.5,621
2026-09-22T20:05:00+00:00,7832.5,7832.75,7831.25,7832,393
2026-09-22T20:06:00+00:00,7832,7833.25,7831.75,7833,470
2026-09-22T20:07:00+00:00,7833,7834,7833,7833,415
2026-09-22T20:08:00+00:00,7833,7833.75,7832.75,7833.25,322
2026-09-22T20:09:00+00:00,7833.75,7833.75,7833.25,7833.25,160
2026-09-22T20:10:00+00:00,7833.25,7833.5,7833,7833,145
2026-09-22T20:11:00+00:00,7833,7833.5,7832.75,7833.25,295
2026-09-22T20:12:00+00:00,7833.5,7834,7833.25,7833.75,345
2026-09-22T20:13:00+00:00,7833.75,7833.75,7832.5,7832.5,372
2026-09-22T20:14:00+00:00,7832.5,7832.75,7832,7832.25,160
2026-09-22T20:15:00+00:00,7832,7832.25,7831.5,7831.5,175
2026-09-22T20:16:00+00:00,7831.5,7831.75,7831.25,7831.25,283
2026-09-22T20:17:00+00:00,7831.25,7832,7831.25,7831.75,154
2026-09-22T20:18:00+00:00,7832,7832.25,7831.25,7831.75,210
2026-09-22T20:19:00+00:00,7831.5,7831.75,7831,7831,145
2026-09-22T20:20:00+00:00,7831.25,7831.5,7831,7831,204
2026-09-22T20:21:00+00:00,7831,7831,7830.5,7830.5,241
2026-09-22T20:22:00+00:00,7830.5,7830.75,7829.75,7829.75,247
2026-09-22T20:23:00+00:00,7830,7830,7828.75,7829.5,567
2026-09-22T20:24:00+00:00,7829.5,7830.5,7829.5,7830.25,305
2026-09-22T20:25:00+00:00,7830,7830.5,7829.75,7830.5,106
2026-09-22T20:26:00+00:00,7830.75,7830.75,7829.75,7830.25,109
2026-09-22T20:27:00+00:00,7830.25,7830.25,7829.75,7830,157
2026-09-22T20:28:00+00:00,7830.25,7830.25,7829.5,7829.75,106
2026-09-22T20:29:00+00:00,7829.75,7830.25,7829.5,7830.25,163
2026-09-22T20:30:00+00:00,7830.5,7830.5,7829.75,7830.25,1079
2026-09-22T20:31:00+00:00,7830,7830.5,7830,7830.5,108
2026-09-22T20:32:00+00:00,7830.5,7830.5,7829.75,7829.75,107
2026-09-22T20:33:00+00:00,7830,7830,7829.5,7830,184
2026-09-22T20:34:00+00:00,7830.25,7830.5,7829.5,7829.5,168
2026-09-22T20:35:00+00:00,7829.75,7830.25,7829.75,7830,105
2026-09-22T20:36:00+00:00,7830,7830,7829.75,7829.75,104
2026-09-22T20:37:00+00:00,7830,7830,7829.5,7829.75,156
2026-09-22T20:38:00+00:00,7829.75,7830,7829.5,7829.75,153
2026-09-22T20:39:00+00:00,7829.5,7829.75,7829.25,7829.25,120
2026-09-22T20:40:00+00:00,7829.25,7829.5,7829,7829.25,91
2026-09-22T20:41:00+00:00,7829,7829.5,7829,7829.5,49
2026-09-22T20:42:00+00:00,7829.5,7830.25,7829.5,7829.75,239
2026-09-22T20:43:00+00:00,7829.75,7829.75,7829,7829.5,108
2026-09-22T20:44:00+00:00,7829.5,7829.5,7828.75,7828.75,223
2026-09-22T20:45:00+00:00,7829,7829.25,7828,7828.5,468
2026-09-22T20:46:00+00:00,7828.25,7828.5,7827.75,7828.25,243
2026-09-22T20:47:00+00:00,7828.25,7828.5,7827.5,7827.75,97
2026-09-22T20:48:00+00:00,7827.5,7828,7827.5,7827.5,100
2026-09-22T20:49:00+00:00,7827.25,7828,7827.25,7827.75,198
2026-09-22T20:50:00+00:00,7828,7829,7828,7828.5,645
2026-09-22T20:51:00+00:00,7828.5,7828.5,7826.75,7827.25,436
2026-09-22T20:52:00+00:00,7827.25,7827.5,7827,7827,110
2026-09-22T20:53:00+00:00,7827.25,7827.75,7827.25,7827.75,104
2026-09-22T20:54:00+00:00,7827.5,7828,7827.5,7827.75,83
2026-09-22T20:55:00+00:00,7827.75,7828.25,7827.25,7827.25,271
2026-09-22T20:56:00+00:00,7827.25,7827.75,7827.25,7827.75,198
2026-09-22T20:57:00+00:00,7827.75,7828.25,7827.5,7828,166
2026-09-22T20:58:00+00:00,7828,7828.75,7827.25,7827.75,228
2026-09-22T20:59:00+00:00,7828.5,7828.75,7826,7827.75,1346
2026-09-22T22:00:00+00:00,7830,7833.5,7829,7833,0
2026-09-22T22:01:00+00:00,7833,7833.5,7832,7832.5,291
2026-09-22T22:02:00+00:00,7832.5,7832.5,7830.25,7830.5,246
2026-09-22T22:03:00+00:00,7830.5,7831.5,7830.5,7831,159
2026-09-22T22:04:00+00:00,7831,7831.25,7830.25,7830.25,126
2026-09-22T22:05:00+00:00,7830.5,7832.75,7830.5,7832.5,352
2026-09-22T22:06:00+00:00,7832.5,7833.5,7832,7832.5,256
2026-09-22T22:07:00+00:00,7832.25,7832.5,7830.75,7831.25,158
2026-09-22T22:08:00+00:00,7831.25,7831.75,7831,7831.75,105
2026-09-22T22:09:00+00:00,7831.5,7833,7831.25,7831.25,190
2026-09-22T22:10:00+00:00,7831.5,7831.5,7830.25,7830.25,197
2026-09-22T22:11:00+00:00,7830.5,7831,7830.25,7830.75,82
2026-09-22T22:12:00+00:00,7830.75,7831.5,7830.75,7831.25,77
2026-09-22T22:13:00+00:00,7831.5,7832,7831.5,7832,95
2026-09-22T22:14:00+00:00,7832,7832.5,7831.75,7832.5,45
2026-09-22T22:15:00+00:00,7832.25,7832.75,7831.5,7832.5,128
2026-09-22T22:16:00+00:00,7832.75,7832.75,7831.5,7832,127
2026-09-22T22:17:00+00:00,7832,7832,7831.5,7831.5,48
2026-09-22T22:18:00+00:00,7831.5,7831.75,7831.25,7831.75,38
2026-09-22T22:19:00+00:00,7831.75,7832,7831.25,7831.5,53
2026-09-22T22:20:00+00:00,7831.75,7832.75,7831.75,7832.5,159
2026-09-22T22:21:00+00:00,7832.5,7833.25,7832.25,7832.75,208
2026-09-22T22:22:00+00:00,7832.75,7834,7832.75,7833.5,284
2026-09-22T22:23:00+00:00,7833.5,7833.5,7833,7833,113
2026-09-22T22:24:00+00:00,7833.25,7833.25,7833,7833.25,75
2026-09-22T22:25:00+00:00,7833.25,7833.25,7832.75,7832.75,172
2026-09-22T22:26:00+00:00,7833,7833.5,7833,7833.25,90
2026-09-22T22:27:00+00:00,7833,7833.25,7832.5,7832.5,182
2026-09-22T22:28:00+00:00,7832.5,7832.75,7831.75,7832.25,185
2026-09-22T22:29:00+00:00,7832.25,7832.5,7832.25,7832.5,24
2026-09-22T22:30:00+00:00,7832.5,7833,7832.5,7833,62
2026-09-22T22:31:00+00:00,7832.75,7833,7832.5,7832.75,45
2026-09-22T22:32:00+00:00,7832.5,7833,7832.5,7833,54
2026-09-22T22:33:00+00:00,7833,7833.5,7833,7833.5,70
2026-09-22T22:34:00+00:00,7833.25,7833.75,7833.25,7833.5,61
2026-09-22T22:35:00+00:00,7833.25,7834,7833.25,7833.75,144
2026-09-22T22:36:00+00:00,7833.75,7833.75,7832.5,7833,128
2026-09-22T22:37:00+00:00,7833,7833,7832.5,7832.5,42
2026-09-22T22:38:00+00:00,7832.75,7833.25,7832.5,7833,42
2026-09-22T22:39:00+00:00,7832.75,7833,7832.75,7833,46
2026-09-22T22:40:00+00:00,7832.75,7833.5,7832.75,7833.5,99
2026-09-22T22:41:00+00:00,7833.5,7834,7833.25,7833.5,130
2026-09-22T22:42:00+00:00,7833.5,7833.5,7833,7833.5,40
2026-09-22T22:43:00+00:00,7833.25,7833.25,7833,7833.25,18
2026-09-22T22:44:00+00:00,7833.25,7833.25,7832.75,7832.75,78
2026-09-22T22:45:00+00:00,7833,7833,7832.5,7832.5,49
2026-09-22T22:46:00+00:00,7832.5,7832.5,7831.75,7831.75,139
2026-09-22T22:47:00+00:00,7831.75,7832.25,7831.5,7831.75,177
2026-09-22T22:48:00+00:00,7831.75,7832,7830.75,7831,247
2026-09-22T22:49:00+00:00,7831,7831.25,7830.25,7830.25,260
2026-09-22T22:50:00+00:00,7830.5,7831,7829.75,7830.5,183
2026-09-22T22:51:00+00:00,7830.5,7831.25,7830.5,7831.25,73
2026-09-22T22:52:00+00:00,7831.25,7831.5,7831,7831,47
2026-09-22T22:53:00+00:00,7831,7831.75,7830.75,7831.75,121
2026-09-22T22:54:00+00:00,7831.5,7831.75,7831.5,7831.5,48
2026-09-22T22:55:00+00:00,7831.75,7832,7831.5,7831.75,67
2026-09-22T22:56:00+00:00,7831.75,7832,7831.5,7831.5,146
2026-09-22T22:57:00+00:00,7831.75,7831.75,7831.25,7831.25,43
2026-09-22T22:58:00+00:00,7831.25,7831.75,7831.25,7831.25,74
2026-09-22T22:59:00+00:00,7831.25,7831.25,7831,7831,44
2026-09-22T23:00:00+00:00,7831.25,7832.25,7831.25,7831.75,114
2026-09-22T23:01:00+00:00,7832,7832.5,7831.75,7832.25,90
2026-09-22T23:02:00+00:00,7832,7832.5,7831.75,7832,21
2026-09-22T23:03:00+00:00,7832,7832.25,7831.75,7832,0
