open_time,open,high,low,close,volume
2026-07-26T22:00:00+00:00,4091.699951,4092.5,4089.600098,4091.399902,641
2026-07-26T22:15:00+00:00,4091.100098,4093.399902,4086.699951,4089.600098,2380
2026-07-26T22:30:00+00:00,4089.300049,4096.600098,4088.5,4094,1903
2026-07-26T22:45:00+00:00,4093.800049,4096.399902,4091.600098,4092.399902,1745
2026-07-26T23:00:00+00:00,4092.300049,4094.199951,4086.899902,4087.300049,1573
2026-07-26T23:15:00+00:00,4087.5,4089,4086.100098,4087.199951,1269
2026-07-26T23:30:00+00:00,4087.300049,4091.899902,4087.100098,4091.399902,1008
2026-07-26T23:45:00+00:00,4091.100098,4099,4090.600098,4096.899902,3146
2026-07-27T00:00:00+00:00,4097,4119.5,4096.399902,4118.799805,6843
2026-07-27T00:15:00+00:00,4118.299805,4118.299805,4093.399902,4097.200195,5884
2026-07-27T00:30:00+00:00,4097.200195,4104.899902,4096.100098,4102.100098,2988
2026-07-27T00:45:00+00:00,4102.399902,4111.799805,4101.100098,4102.700195,3500
2026-07-27T01:00:00+00:00,4102.700195,4114.799805,4102.600098,4109.299805,4964
2026-07-27T01:15:00+00:00,4109.399902,4111.200195,4098.399902,4102,3195
2026-07-27T01:30:00+00:00,4102.5,4106.5,4099.799805,4104.700195,2060
2026-07-27T01:45:00+00:00,4104.700195,4112.299805,4104.700195,4112.200195,1999
2026-07-27T02:00:00+00:00,4112.399902,4113.100098,4105.200195,4107.5,2349
2026-07-27T02:15:00+00:00,4107.399902,4107.799805,4103.600098,4105,1274
2026-07-27T02:30:00+00:00,4104.600098,4105,4097.399902,4098.299805,2286
2026-07-27T02:45:00+00:00,4098.399902,4099.799805,4095.300049,4095.600098,1899
2026-07-27T03:00:00+00:00,4095.600098,4097.799805,4090.800049,4093.800049,2318
2026-07-27T03:15:00+00:00,4094.100098,4095.5,4087.199951,4087.399902,1913
2026-07-27T03:30:00+00:00,4087.5,4092.899902,4087,4091.5,1951
2026-07-27T03:45:00+00:00,4091.5,4093.300049,4090.300049,4092.600098,849
2026-07-27T04:00:00+00:00,4093,4094.899902,4090.600098,4092,1475
2026-07-27T04:15:00+00:00,4091.899902,4092.600098,4088.800049,4090.800049,1225
2026-07-27T04:30:00+00:00,4091.100098,4094.399902,4091.100098,4092.399902,963
2026-07-27T04:45:00+00:00,4092.300049,4093.199951,4091,4092.399902,635
2026-07-27T05:00:00+00:00,4092.300049,4097,4090.199951,4096.5,1440
2026-07-27T05:15:00+00:00,4096.399902,4096.399902,4088.100098,4089,1673
2026-07-27T05:30:00+00:00,4089,4092.399902,4087.5,4089.800049,1855
2026-07-27T05:45:00+00:00,4090.199951,4095.699951,4086.399902,4094.899902,1870
2026-07-27T06:00:00+00:00,4095,4098.700195,4093.399902,4096.799805,2190
2026-07-27T06:15:00+00:00,4096.5,4098.600098,4093,4098.100098,1629
2026-07-27T06:30:00+00:00,4098.100098,4101.200195,4096.399902,4100.5,1617
2026-07-27T06:45:00+00:00,4100.700195,4101.200195,4096.600098,4098,1343
2026-07-27T07:00:00+00:00,4098,4104.299805,4098,4104.100098,2457
2026-07-27T07:15:00+00:00,4103.899902,4108.200195,4101.700195,4105.399902,2070
2026-07-27T07:30:00+00:00,4105.399902,4105.799805,4097.700195,4099.200195,1746
2026-07-27T07:45:00+00:00,4099.200195,4101,4090.300049,4090.699951,1783
2026-07-27T08:00:00+00:00,4090.699951,4095,4088.600098,4093.300049,1865
2026-07-27T08:15:00+00:00,4092.899902,4094.5,4090.699951,4092.899902,1044
2026-07-27T08:30:00+00:00,4092.800049,4094.800049,4089.100098,4092.899902,1230
2026-07-27T08:45:00+00:00,4093.199951,4098.899902,4092.699951,4097.399902,1114
2026-07-27T09:00:00+00:00,4097.100098,4100.399902,4095,4095.899902,1489
2026-07-27T09:15:00+00:00,4096.100098,4097.700195,4092.899902,4093.5,1496
2026-07-27T09:30:00+00:00,4093.399902,4096.799805,4092,4096.200195,1764
2026-07-27T09:45:00+00:00,4096.5,4102.899902,4095.899902,4098.5,2164
2026-07-27T10:00:00+00:00,4098.399902,4098.899902,4088.300049,4092.699951,2007
2026-07-27T10:15:00+00:00,4092.699951,4096.100098,4091,4095,939
2026-07-27T10:30:00+00:00,4095.5,4104.299805,4095.100098,4102.799805,2015
2026-07-27T10:45:00+00:00,4102.799805,4104.799805,4101,4102,1695
2026-07-27T11:00:00+00:00,4102.299805,4106.600098,4099.100098,4104.100098,2097
2026-07-27T11:15:00+00:00,4104.299805,4105.5,4098.399902,4098.899902,1570
2026-07-27T11:30:00+00:00,4099.200195,4102.100098,4096.600098,4097.700195,1835
2026-07-27T11:45:00+00:00,4097.700195,4099.299805,4095.300049,4096,1296
2026-07-27T12:00:00+00:00,4096.100098,4099.899902,4088,4089.199951,3568
2026-07-27T12:15:00+00:00,4089.5,4090.899902,4083.100098,4088.199951,4537
2026-07-27T12:30:00+00:00,4088.699951,4090.399902,4084.800049,4088.399902,2756
2026-07-27T12:45:00+00:00,4088.300049,4091.100098,4082.699951,4085.300049,3654
2026-07-27T13:00:00+00:00,4085.800049,4090.800049,4082.600098,4086.699951,4114
2026-07-27T13:15:00+00:00,4086.699951,4089,4077.800049,4077.800049,4268
2026-07-27T13:30:00+00:00,4078,4091.399902,4077.300049,4089,6785
2026-07-27T13:45:00+00:00,4088.800049,4092,4071.800049,4076.199951,6703
2026-07-27T14:00:00+00:00,4076,4081.300049,4072.899902,4078.800049,5799
2026-07-27T14:15:00+00:00,4078.899902,4080.800049,4068.600098,4069.899902,4368
2026-07-27T14:30:00+00:00,4070.399902,4072.800049,4067,4070.800049,4600
2026-07-27T14:45:00+00:00,4070.899902,4079.899902,4070.899902,4078.5,4570
2026-07-27T15:00:00+00:00,4078.600098,4078.600098,4074,4078.100098,3165
2026-07-27T15:15:00+00:00,4078,4081.699951,4076.600098,4078.899902,2878
2026-07-27T15:30:00+00:00,4078.899902,4080.5,4074.800049,4078.300049,2521
2026-07-27T15:45:00+00:00,4078.5,4082.300049,4076.600098,4080.399902,2094
2026-07-27T16:00:00+00:00,4080.699951,4086.800049,4079.800049,4083.199951,2854
2026-07-27T16:15:00+00:00,4083.5,4090.800049,4081.699951,4087.100098,3766
2026-07-27T16:30:00+00:00,4087.300049,4095.800049,4087,4090,3969
2026-07-27T16:45:00+00:00,4090.199951,4090.300049,4082.5,4084.100098,2253
2026-07-27T17:00:00+00:00,4084,4084.100098,4072.199951,4075.399902,4290
2026-07-27T17:15:00+00:00,4075.300049,4078.699951,4074,4076.5,3021
2026-07-27T17:30:00+00:00,4076.600098,4077.899902,4073.800049,4076.300049,1228
2026-07-27T17:45:00+00:00,4076.300049,4079,4074.800049,4078.5,995
2026-07-27T18:00:00+00:00,4078.300049,4081,4077.699951,4078.399902,1178
2026-07-27T18:15:00+00:00,4078.300049,4078.800049,4075.800049,4078.699951,1416
2026-07-27T18:30:00+00:00,4078.300049,4082,4074.600098,4077.899902,2963
2026-07-27T18:45:00+00:00,4077.899902,4081.199951,4076.300049,4079.600098,1303
2026-07-27T19:00:00+00:00,4079.699951,4083.699951,4077.800049,4082.399902,1393
2026-07-27T19:15:00+00:00,4082,4090.899902,4081.300049,4087.899902,1996
2026-07-27T19:30:00+00:00,4088,4089.800049,4086.100098,4088.600098,1271
2026-07-27T19:45:00+00:00,4089.100098,4091.800049,4084.5,4085.399902,1960
2026-07-27T20:00:00+00:00,4085.600098,4086.300049,4083.699951,4084.5,1007
2026-07-27T20:15:00+00:00,4084.5,4084.600098,4079.800049,4080.800049,891
2026-07-27T20:30:00+00:00,4080.800049,4081.399902,4077.800049,4079.300049,867
2026-07-27T20:45:00+00:00,4079.300049,4079.800049,4077.399902,4078.899902,821
2026-07-27T22:00:00+00:00,4080.5,4086,4076.399902,4078.800049,835
2026-07-27T22:15:00+00:00,4078.899902,4078.899902,4072,4073.699951,1427
2026-07-27T22:30:00+00:00,4073.699951,4076.300049,4073.600098,4076.300049,641
2026-07-27T22:45:00+00:00,4076.100098,4076.199951,4074.699951,4075.300049,574
2026-07-27T23:00:00+00:00,4075.399902,4076.600098,4072.699951,4075.5,843
2026-07-27T23:15:00+00:00,4075.300049,4076.100098,4072.899902,4074.600098,549
2026-07-27T23:30:00+00:00,4074.300049,4074.899902,4072.800049,4073.300049,366
2026-07-27T23:45:00+00:00,4073.300049,4074.800049,4070.899902,4074.600098,1031
2026-07-28T00:00:00+00:00,4074.5,4075.600098,4062.800049,4068,3164
2026-07-28T00:15:00+00:00,4067.899902,4068.300049,4059.899902,4063.199951,2308
2026-07-28T00:30:00+00:00,4063,4066.800049,4061.199951,4065.899902,1237
2026-07-28T00:45:00+00:00,4065.899902,4066.199951,4058.100098,4058.5,2085
2026-07-28T01:00:00+00:00,4058.5,4061.199951,4054.199951,4058.5,4339
2026-07-28T01:15:00+00:00,4058.600098,4059.800049,4046.699951,4047.800049,3937
2026-07-28T01:30:00+00:00,4046.800049,4051.199951,4046.800049,4049.600098,2760
2026-07-28T01:45:00+00:00,4049,4049.399902,4043,4045.600098,1810
2026-07-28T02:00:00+00:00,4045.800049,4048.199951,4042.800049,4047,1844
2026-07-28T02:15:00+00:00,4046.699951,4049.800049,4045.5,4046.399902,1706
2026-07-28T02:30:00+00:00,4046.100098,4048.199951,4041.399902,4044.699951,1787
2026-07-28T02:45:00+00:00,4044.600098,4046,4041,4042.100098,1503
2026-07-28T03:00:00+00:00,4042.300049,4047.800049,4040.5,4046.5,1535
2026-07-28T03:15:00+00:00,4046.399902,4050.100098,4045.699951,4047.800049,1440
2026-07-28T03:30:00+00:00,4047.699951,4051.899902,4047.600098,4048.5,1365
2026-07-28T03:45:00+00:00,4048.800049,4051.100098,4048.199951,4049.5,961
2026-07-28T04:00:00+00:00,4049.399902,4049.800049,4043.300049,4044.100098,1465
2026-07-28T04:15:00+00:00,4043.899902,4048.199951,4043.5,4045.699951,993
2026-07-28T04:30:00+00:00,4045.699951,4048.100098,4044,4047.600098,779
2026-07-28T04:45:00+00:00,4047.800049,4048.100098,4041.100098,4042,1165
2026-07-28T05:00:00+00:00,4042.100098,4043.899902,4039.300049,4042.300049,1524
2026-07-28T05:15:00+00:00,4042.399902,4043.699951,4040.5,4043.100098,1026
2026-07-28T05:30:00+00:00,4042.800049,4045.699951,4035,4041.699951,3375
2026-07-28T05:45:00+00:00,4041.600098,4046.800049,4039.399902,4045.5,1661
2026-07-28T06:00:00+00:00,4045.300049,4048,4043.100098,4044.300049,1507
2026-07-28T06:15:00+00:00,4044.600098,4049.5,4043.899902,4048,1962
2026-07-28T06:30:00+00:00,4048.100098,4053,4047.199951,4050.100098,1651
2026-07-28T06:45:00+00:00,4049.899902,4051.800049,4048.100098,4048.699951,1149
2026-07-28T07:00:00+00:00,4048.399902,4051.600098,4047.699951,4049,1183
2026-07-28T07:15:00+00:00,4049.100098,4052.899902,4048.899902,4050.5,1283
2026-07-28T07:30:00+00:00,4050.600098,4051.199951,4048.399902,4049.699951,1218
2026-07-28T07:45:00+00:00,4050,4050,4046.100098,4047.399902,1305
2026-07-28T08:00:00+00:00,4047.5,4055.699951,4043.199951,4044.199951,3096
2026-07-28T08:15:00+00:00,4044.399902,4051.600098,4044.399902,4050,1555
2026-07-28T08:30:00+00:00,4050.100098,4050.100098,4041.699951,4043.300049,2067
2026-07-28T08:45:00+00:00,4043.399902,4046.600098,4041.699951,4045.800049,1257
2026-07-28T09:00:00+00:00,4045.5,4046.300049,4040.600098,4041,1278
2026-07-28T09:15:00+00:00,4041.100098,4044.100098,4039.199951,4040.100098,1341
2026-07-28T09:30:00+00:00,4040.100098,4040.399902,4029.199951,4033.100098,3941
2026-07-28T09:45:00+00:00,4033.100098,4034.300049,4017.199951,4023.399902,4659
2026-07-28T10:00:00+00:00,4023.100098,4027.100098,4020.300049,4024.100098,2842
2026-07-28T10:15:00+00:00,4024,4025.699951,4016.5,4017.199951,2547
2026-07-28T10:30:00+00:00,4017,4023.199951,4016.600098,4021.800049,1885
2026-07-28T10:45:00+00:00,4022.199951,4028.199951,4021.600098,4025.899902,1961
2026-07-28T11:00:00+00:00,4026,4028.5,4022.5,4023.300049,1723
2026-07-28T11:15:00+00:00,4023.399902,4031.899902,4023.399902,4027.100098,1929
2026-07-28T11:30:00+00:00,4027,4031.100098,4025.899902,4026.600098,1733
2026-07-28T11:45:00+00:00,4026.699951,4028,4023.199951,4027.600098,1748
2026-07-28T12:00:00+00:00,4027.300049,4028.199951,4022,4027.5,2046
2026-07-28T12:15:00+00:00,4027.600098,4034.5,4025.600098,4034,2330
2026-07-28T12:30:00+00:00,4034.199951,4034.600098,4024.399902,4033.199951,3317
2026-07-28T12:45:00+00:00,4033.600098,4037.800049,4027.899902,4029.300049,2307
2026-07-28T13:00:00+00:00,4029.100098,4035.800049,4029.100098,4032.699951,2567
2026-07-28T13:15:00+00:00,4032.899902,4036.399902,4028.300049,4028.800049,2322
2026-07-28T13:30:00+00:00,4028.699951,4032.699951,4019.399902,4024.800049,5544
2026-07-28T13:45:00+00:00,4024.800049,4028.699951,4021.100098,4021.399902,4187
2026-07-28T14:00:00+00:00,4022.100098,4034,4020.699951,4025.699951,5819
2026-07-28T14:15:00+00:00,4026.100098,4027,4011.100098,4022.199951,7931
2026-07-28T14:30:00+00:00,4022,4025.300049,4018.399902,4022.5,3798
2026-07-28T14:45:00+00:00,4022.399902,4029.300049,4020.800049,4024.100098,3570
2026-07-28T15:00:00+00:00,4024.399902,4037.100098,4022,4033.699951,5926
2026-07-28T15:15:00+00:00,4033.899902,4041.600098,4031.899902,4035.600098,5344
2026-07-28T15:30:00+00:00,4035.600098,4042.399902,4032.300049,4041.800049,4144
2026-07-28T15:45:00+00:00,4041.800049,4047.399902,4041.300049,4046.600098,3571
2026-07-28T16:00:00+00:00,4046.600098,4046.800049,4042.300049,4044.899902,1887
2026-07-28T16:15:00+00:00,4045.100098,4046.199951,4042.100098,4042.300049,1318
2026-07-28T16:30:00+00:00,4042.5,4044.100098,4040.300049,4040.899902,1694
2026-07-28T16:45:00+00:00,4040.899902,4041.399902,4036.800049,4037.800049,2125
2026-07-28T17:00:00+00:00,4037.800049,4041.399902,4035.800049,4037.199951,2126
2026-07-28T17:15:00+00:00,4037,4042,4035.399902,4037.800049,3262
2026-07-28T17:30:00+00:00,4037.899902,4038.5,4027.699951,4028.300049,2497
2026-07-28T17:45:00+00:00,4028.199951,4029.800049,4025.699951,4028.100098,1860
2026-07-28T18:00:00+00:00,4028.199951,4030.800049,4027.399902,4028.399902,1478
2026-07-28T18:15:00+00:00,4028.199951,4030.100098,4025.899902,4027.399902,1035
2026-07-28T18:30:00+00:00,4027.399902,4027.600098,4023,4023.899902,1467
2026-07-28T18:45:00+00:00,4023.899902,4025.899902,4021.5,4023,1305
2026-07-28T19:00:00+00:00,4022.800049,4025.699951,4022.300049,4023.699951,1811
2026-07-28T19:15:00+00:00,4023.699951,4025,4021.300049,4022.899902,1556
2026-07-28T19:30:00+00:00,4023.100098,4027.800049,4022.199951,4025.399902,1434
2026-07-28T19:45:00+00:00,4038.699951,4038.699951,4025.399902,4025.800049,1573
2026-07-28T20:00:00+00:00,4025.899902,4026.199951,4022,4023.399902,886
2026-07-28T20:15:00+00:00,4023.399902,4027.5,4023.399902,4027,779
2026-07-28T20:30:00+00:00,4027,4029.899902,4026.800049,4029.800049,783
2026-07-28T20:45:00+00:00,4029.600098,4030.699951,4026.5,4028.600098,927
2026-07-28T22:00:00+00:00,4031.5,4033.800049,4021.399902,4024.199951,271
2026-07-28T22:15:00+00:00,4024.5,4024.5,4016.199951,4020.600098,1307
2026-07-28T22:30:00+00:00,4020.300049,4020.699951,4012.600098,4017.399902,941
2026-07-28T22:45:00+00:00,4017.399902,4019.199951,4014.300049,4017.5,453
2026-07-28T23:00:00+00:00,4017.699951,4022.600098,4015.199951,4021.199951,842
2026-07-28T23:15:00+00:00,4021.399902,4021.399902,4014.199951,4017.800049,672
2026-07-28T23:30:00+00:00,4018.399902,4023.5,4016.5,4022.5,318
2026-07-28T23:45:00+00:00,4022.399902,4026,4018.800049,4024.300049,710
2026-07-29T00:00:00+00:00,4025.100098,4025.699951,4017.100098,4020.399902,1081
2026-07-29T00:15:00+00:00,4021.800049,4030.300049,4021.5,4022.399902,1149
2026-07-29T00:30:00+00:00,4021.899902,4027.600098,4020.5,4025.699951,576
2026-07-29T00:45:00+00:00,4025.600098,4026,4019.800049,4021.100098,573
2026-07-29T01:00:00+00:00,4021.5,4021.5,4009.199951,4012.5,1930
2026-07-29T01:15:00+00:00,4011.899902,4019.699951,4010.899902,4017.899902,694
2026-07-29T01:30:00+00:00,4016.899902,4029.699951,4013.899902,4026.699951,1377
2026-07-29T01:45:00+00:00,4026.699951,4027.300049,4020.699951,4024.899902,534
2026-07-29T02:00:00+00:00,4025.300049,4028.899902,4021.899902,4027.300049,776
2026-07-29T02:15:00+00:00,4026.899902,4036.399902,4024.899902,4032.399902,1179
2026-07-29T02:30:00+00:00,4032.399902,4036.899902,4029.899902,4034.100098,727
2026-07-29T02:45:00+00:00,4033.600098,4034.300049,4027.5,4028.5,679
2026-07-29T03:00:00+00:00,4028.100098,4032,4026,4026.699951,636
2026-07-29T03:15:00+00:00,4026.399902,4027.800049,4023.899902,4025.199951,465
2026-07-29T03:30:00+00:00,4025.199951,4028.100098,4022.800049,4024.300049,382
2026-07-29T03:45:00+00:00,4024.300049,4025.600098,4021.399902,4021.699951,306
2026-07-29T04:00:00+00:00,4021.899902,4023.199951,4019.300049,4020.300049,447
2026-07-29T04:15:00+00:00,4020,4024,4018.600098,4021.800049,373
2026-07-29T04:30:00+00:00,4022.199951,4026.199951,4021.800049,4025.699951,403
2026-07-29T04:45:00+00:00,4026,4026.199951,4021.899902,4025.5,430
2026-07-29T05:00:00+00:00,4025.699951,4030.300049,4024.899902,4028.699951,536
2026-07-29T05:15:00+00:00,4028.199951,4029.399902,4025.100098,4028.300049,342
2026-07-29T05:30:00+00:00,4029,4037.800049,4027.800049,4037.100098,790
2026-07-29T05:45:00+00:00,4037.399902,4038.600098,4029.800049,4031.199951,573
2026-07-29T06:00:00+00:00,4031.300049,4036.5,4031.300049,4035.800049,418
2026-07-29T06:15:00+00:00,4035.800049,4041.399902,4034.199951,4039.399902,452
2026-07-29T06:30:00+00:00,4039.800049,4043.899902,4039.699951,4041.300049,752
2026-07-29T06:45:00+00:00,4041.399902,4041.399902,4038.199951,4039.800049,350
2026-07-29T07:00:00+00:00,4039.699951,4045.300049,4039.699951,4043.899902,526
2026-07-29T07:15:00+00:00,4043.800049,4047,4042.5,4045,552
2026-07-29T07:30:00+00:00,4045.100098,4106.600098,4044.199951,4105.100098,27126
2026-07-29T07:45:00+00:00,4105.100098,4106.100098,4101.299805,4102.600098,4251
2026-07-29T08:00:00+00:00,4102.899902,4103.399902,4097.899902,4098.399902,1106
2026-07-29T08:15:00+00:00,4099.5,4099.5,4094.699951,4096.299805,1148
2026-07-29T08:30:00+00:00,4096.100098,4098.200195,4094.5,4097.200195,928
2026-07-29T08:45:00+00:00,4097.200195,4099.200195,4095.899902,4096.5,850
2026-07-29T09:00:00+00:00,4096.799805,4098,4094.600098,4095.600098,658
2026-07-29T09:15:00+00:00,4095.5,4096.899902,4092.399902,4092.899902,936
2026-07-29T09:30:00+00:00,4092.899902,4094.199951,4090.399902,4093.600098,1516
2026-07-29T09:45:00+00:00,4093.699951,4095.899902,4091,4091.800049,757
2026-07-29T10:00:00+00:00,4091.699951,4093.199951,4089.899902,4090.800049,1145
2026-07-29T10:15:00+00:00,4090.800049,4092.600098,4089.199951,4092.300049,623
2026-07-29T10:30:00+00:00,4092.100098,4093.800049,4085.699951,4086.899902,1177
2026-07-29T10:45:00+00:00,4086.600098,4088.100098,4085.100098,4086.699951,633
2026-07-29T11:00:00+00:00,4086.699951,4089.100098,4084.100098,4089.100098,1091
2026-07-29T11:15:00+00:00,4089,4093.100098,4087.600098,4092.100098,1047
2026-07-29T11:30:00+00:00,4092,4092,4089.5,4090.300049,584
2026-07-29T11:45:00+00:00,4090.199951,4095.399902,4089.699951,4091.699951,1175
2026-07-29T12:00:00+00:00,4091.800049,4092.5,4084.800049,4086.199951,1310
2026-07-29T12:15:00+00:00,4086.100098,4086.399902,4070.899902,4071.399902,5668
2026-07-29T12:30:00+00:00,4071.399902,4080.800049,4067.199951,4079.100098,4396
2026-07-29T12:45:00+00:00,4079.199951,4082.399902,4077.300049,4081.100098,2575
2026-07-29T13:00:00+00:00,4081.199951,4085,4073.300049,4074.100098,3511
2026-07-29T13:15:00+00:00,4073.899902,4081.899902,4071.600098,4072.600098,4157
2026-07-29T13:30:00+00:00,4072.699951,4075.699951,4067.800049,4070.899902,7265
2026-07-29T13:45:00+00:00,4071.100098,4073.899902,4060,4064.899902,5826
2026-07-29T14:00:00+00:00,4065.199951,4066.800049,4053.800049,4057.199951,5518
2026-07-29T14:15:00+00:00,4057.199951,4068.5,4056.800049,4063.600098,6155
2026-07-29T14:30:00+00:00,4063.899902,4067.899902,4057.199951,4059.5,3312
2026-07-29T14:45:00+00:00,4059.5,4064.300049,4056.300049,4063.5,3251
2026-07-29T15:00:00+00:00,4063.600098,4068.600098,4061.699951,4065.199951,2321
2026-07-29T15:15:00+00:00,4065.699951,4070.199951,4062.300049,4069.199951,3196
2026-07-29T15:30:00+00:00,4069.199951,4072,4065.399902,4068.5,2738
2026-07-29T15:45:00+00:00,4068.699951,4072.600098,4066.5,4068.199951,1786
2026-07-29T16:00:00+00:00,4068.300049,4074.5,4066.100098,4068.100098,2593
2026-07-29T16:15:00+00:00,4068.100098,4076.199951,4066.399902,4075.600098,2301
2026-07-29T16:30:00+00:00,4075,4077.600098,4073.5,4075.5,1538
2026-07-29T16:45:00+00:00,4075.100098,4091.699951,4073.600098,4086.100098,4077
2026-07-29T17:00:00+00:00,4086.199951,4109.799805,4086,4100.700195,7658
2026-07-29T17:15:00+00:00,4100.700195,4109.100098,4095.300049,4097.299805,7947
2026-07-29T17:30:00+00:00,4097.5,4105.5,4094,4103.700195,3537
2026-07-29T17:45:00+00:00,4103.799805,4106.399902,4099.600098,4102.600098,2678
2026-07-29T18:00:00+00:00,4103.200195,4158,4098.799805,4140.600098,16745
2026-07-29T18:15:00+00:00,4140.700195,4143.600098,4122.600098,4126.799805,5232
2026-07-29T18:30:00+00:00,4126.700195,4147.299805,4111,4142.600098,11166
2026-07-29T18:45:00+00:00,4142.899902,4170.200195,4141.399902,4166.600098,12901
2026-07-29T19:00:00+00:00,4167.100098,4176.600098,4149.600098,4159.399902,10348
2026-07-29T19:15:00+00:00,4159.299805,4164.600098,4140.100098,4143.299805,6599
2026-07-29T19:30:00+00:00,4143.5,4147.899902,4124,4128.100098,7267
2026-07-29T19:45:00+00:00,4128.399902,4131.200195,4103.799805,4105,6195
2026-07-29T20:00:00+00:00,4104.700195,4114.899902,4102.299805,4110.799805,3568
2026-07-29T20:15:00+00:00,4110.799805,4116.100098,4102.399902,4114,2050
2026-07-29T20:30:00+00:00,4114.200195,4127.799805,4112.600098,4125.700195,2063
2026-07-29T20:45:00+00:00,4125.600098,4128.799805,4122,4126.5,1513
2026-07-29T22:00:00+00:00,4126.5,4135.5,4120.899902,4134.399902,1891
2026-07-29T22:15:00+00:00,4134.200195,4135.700195,4130.100098,4132.600098,1868
2026-07-29T22:30:00+00:00,4132.700195,4139.600098,4130.5,4139.299805,1863
2026-07-29T22:45:00+00:00,4139.100098,4148.399902,4137.399902,4146.299805,2227
2026-07-29T23:00:00+00:00,4146.299805,4158.200195,4146.200195,4149,3032
2026-07-29T23:15:00+00:00,4149.399902,4152.899902,4148,4151,1654
2026-07-29T23:30:00+00:00,4151.399902,4153.299805,4147.100098,4148,1407
2026-07-29T23:45:00+00:00,4148.299805,4151.200195,4142,4142.200195,2141
2026-07-30T00:00:00+00:00,4142.5,4144.299805,4136.399902,4139,2750
2026-07-30T00:15:00+00:00,4139.100098,4141.100098,4130.200195,4132.899902,2873
2026-07-30T00:30:00+00:00,4133,4134.799805,4122.200195,4123.700195,2823
2026-07-30T00:45:00+00:00,4123.700195,4130.799805,4122.200195,4129.799805,2807
2026-07-30T01:00:00+00:00,4130,4151,4127.799805,4133.5,6985
2026-07-30T01:15:00+00:00,4133.5,4142.5,4131.200195,4139,3660
2026-07-30T01:30:00+00:00,4139,4147.5,4138.5,4144.299805,2391
2026-07-30T01:45:00+00:00,4144.5,4148.899902,4141.299805,4142.299805,2022
2026-07-30T02:00:00+00:00,4142.200195,4148.200195,4140,4140.100098,2044
2026-07-30T02:15:00+00:00,4140.100098,4141.299805,4137.5,4140.399902,1683
2026-07-30T02:30:00+00:00,4140.399902,4140.399902,4130.899902,4134.700195,2500
2026-07-30T02:45:00+00:00,4134.700195,4134.700195,4119,4121.299805,2676
2026-07-30T03:00:00+00:00,4121.299805,4127.5,4117.799805,4120.200195,2528
2026-07-30T03:15:00+00:00,4120.200195,4121.5,4109.299805,4111,2795
2026-07-30T03:30:00+00:00,4111.200195,4113.200195,4107.600098,4109.100098,2244
2026-07-30T03:45:00+00:00,4109.299805,4117,4109.200195,4114.100098,1855
2026-07-30T04:00:00+00:00,4115.799805,4117,4109.100098,4110.100098,1651
2026-07-30T04:15:00+00:00,4110,4111.899902,4107.399902,4110.700195,1058
2026-07-30T04:30:00+00:00,4110.600098,4110.600098,4104,4105.399902,1706
2026-07-30T04:45:00+00:00,4105.299805,4108.5,4100.600098,4102.5,2136
2026-07-30T05:00:00+00:00,4102.5,4102.5,4098,4102.399902,1797
2026-07-30T05:15:00+00:00,4102.299805,4103.899902,4093.300049,4103.5,2306
2026-07-30T05:30:00+00:00,4103.200195,4108,4084.600098,4090.399902,4684
2026-07-30T05:45:00+00:00,4090.199951,4095.5,4087.100098,4090.199951,2086
2026-07-30T06:00:00+00:00,4090.899902,4096.700195,4088,4089.300049,2147
2026-07-30T06:15:00+00:00,4089,4096.299805,4086.399902,4090.600098,2105
2026-07-30T06:30:00+00:00,4090.199951,4095.5,4088.300049,4093.199951,1607
2026-07-30T06:45:00+00:00,4092.600098,4098,4091.5,4093.800049,1803
2026-07-30T07:00:00+00:00,4093.899902,4105.399902,4092.800049,4103.899902,3512
2026-07-30T07:15:00+00:00,4103.700195,4108.600098,4100.399902,4103,2986
2026-07-30T07:30:00+00:00,4103,4104.899902,4093,4103.100098,2609
2026-07-30T07:45:00+00:00,4103.100098,4103.899902,4095.300049,4096.100098,1722
2026-07-30T08:00:00+00:00,4095.899902,4113.700195,4093.800049,4110.799805,3829
2026-07-30T08:15:00+00:00,4110.899902,4126.299805,4109.799805,4122.399902,3588
2026-07-30T08:30:00+00:00,4122.100098,4131.299805,4120.700195,4123.799805,4420
2026-07-30T08:45:00+00:00,4124,4128.799805,4117.299805,4119.299805,1998
2026-07-30T09:00:00+00:00,4119.399902,4127.100098,4117.899902,4123.899902,1989
2026-07-30T09:15:00+00:00,4123.899902,4130.399902,4122.399902,4125.700195,2168
2026-07-30T09:30:00+00:00,4125.600098,4127.799805,4118.799805,4123.799805,2538
2026-07-30T09:45:00+00:00,4123.899902,4131.700195,4120.600098,4121.399902,2041
2026-07-30T10:00:00+00:00,4121.600098,4133.299805,4121,4127.200195,3129
2026-07-30T10:15:00+00:00,4127,4136.5,4125.799805,4135.100098,2381
2026-07-30T10:30:00+00:00,4134.799805,4141.299805,4133.700195,4139.399902,2428
2026-07-30T10:45:00+00:00,4139.399902,4142,4135.5,4136.299805,1520
2026-07-30T11:00:00+00:00,4136.5,4141.700195,4136,4138,1539
2026-07-30T11:15:00+00:00,4137.899902,4140.299805,4134.899902,4136.5,1450
2026-07-30T11:30:00+00:00,4136.399902,4138.100098,4134.5,4135.799805,1399
2026-07-30T11:45:00+00:00,4135.700195,4139.100098,4133.600098,4135.700195,1646
2026-07-30T12:00:00+00:00,4135.700195,4141,4132.700195,4137.399902,2933
2026-07-30T12:15:00+00:00,4137.100098,4139.799805,4129.700195,4136,3751
2026-07-30T12:30:00+00:00,4136.899902,4145.399902,4129.600098,4135.799805,5953
2026-07-30T12:45:00+00:00,4136.200195,4138,4125.399902,4127.100098,3512
2026-07-30T13:00:00+00:00,4127.200195,4135.399902,4123.399902,4135.399902,4926
2026-07-30T13:15:00+00:00,4135,4142.399902,4130.399902,4138.5,4215
2026-07-30T13:30:00+00:00,4138.200195,4157.700195,4133.100098,4147.799805,12418
2026-07-30T13:45:00+00:00,4147.899902,4172.600098,4144.299805,4171.899902,11587
2026-07-30T14:00:00+00:00,4171.799805,4180.200195,4153.299805,4157.799805,15795
2026-07-30T14:15:00+00:00,4157.5,4159.700195,4145.899902,4155.100098,8226
2026-07-30T14:30:00+00:00,4155.299805,4170.700195,4153.700195,4170.200195,6290
2026-07-30T14:45:00+00:00,4170.200195,4172.700195,4155.600098,4159.100098,4918
2026-07-30T15:00:00+00:00,4159.299805,4159.5,4142,4144.299805,5507
2026-07-30T15:15:00+00:00,4144,4156.5,4143.600098,4155,3664
2026-07-30T15:30:00+00:00,4155,4166,4151.399902,4164.100098,3575
2026-07-30T15:45:00+00:00,4164.299805,4169.200195,4162.5,4167.299805,3219
2026-07-30T16:00:00+00:00,4166.799805,4175,4166.600098,4173.200195,4442
2026-07-30T16:15:00+00:00,4173.100098,4178.600098,4172.600098,4174.899902,3009
2026-07-30T16:30:00+00:00,4175.200195,4175.5,4167.200195,4167.700195,2929
2026-07-30T16:45:00+00:00,4167.700195,4169.899902,4165.399902,4169.799805,2134
2026-07-30T17:00:00+00:00,4169.799805,4170.600098,4163.899902,4164.100098,2280
2026-07-30T17:15:00+00:00,4163.899902,4167.200195,4157,4160.600098,3026
2026-07-30T17:30:00+00:00,4160.700195,4167.200195,4159,4164.600098,3024
2026-07-30T17:45:00+00:00,4165,4167.399902,4160,4161.5,1767
2026-07-30T18:00:00+00:00,4161.5,4165.700195,4161.299805,4165.399902,1490
2026-07-30T18:15:00+00:00,4165.399902,4165.600098,4159.5,4162.299805,1517
2026-07-30T18:30:00+00:00,4162.299805,4166.799805,4161.799805,4163.799805,1113
2026-07-30T18:45:00+00:00,4163.600098,4164,4157.700195,4158.799805,1414
2026-07-30T19:00:00+00:00,4158.700195,4164.700195,4157.799805,4163.799805,1640
2026-07-30T19:15:00+00:00,4163.899902,4174.299805,4162.100098,4171.899902,2690
2026-07-30T19:30:00+00:00,4171.5,4174.700195,4170.399902,4171.200195,1343
2026-07-30T19:45:00+00:00,4171.299805,4172.200195,4168.299805,4171,1759
2026-07-30T20:00:00+00:00,4171.299805,4176.600098,4169.100098,4173.299805,1716
2026-07-30T20:15:00+00:00,4173.200195,4174.200195,4170.899902,4171.100098,759
2026-07-30T20:30:00+00:00,4171.299805,4171.899902,4161.399902,4162.100098,1459
2026-07-30T20:45:00+00:00,4162.100098,4163.200195,4158.399902,4162.299805,1272
2026-07-30T22:00:00+00:00,4162.600098,4166.200195,4160,4165.399902,766
2026-07-30T22:15:00+00:00,4165.100098,4166.899902,4164.899902,4165.799805,1002
2026-07-30T22:30:00+00:00,4166,4169,4165.399902,4168.700195,924
2026-07-30T22:45:00+00:00,4168.700195,4169.899902,4167.299805,4167.5,761
2026-07-30T23:00:00+00:00,4167.600098,4170.299805,4164.899902,4165.899902,1059
2026-07-30T23:15:00+00:00,4165.799805,4165.899902,4161.600098,4162.899902,1280
2026-07-30T23:30:00+00:00,4162.600098,4166.399902,4160.799805,4164.5,1352
2026-07-30T23:45:00+00:00,4164.700195,4168.799805,4163.899902,4164.299805,1097
2026-07-31T00:00:00+00:00,4164.700195,4165.600098,4159.100098,4160.100098,1736
2026-07-31T00:15:00+00:00,4159.899902,4162.399902,4154.5,4154.799805,2100
2026-07-31T00:30:00+00:00,4154.799805,4156.200195,4148.799805,4151.799805,2096
2026-07-31T00:45:00+00:00,4151.899902,4155.100098,4149.100098,4153.5,1608
2026-07-31T01:00:00+00:00,4153.399902,4159.899902,4146.799805,4147.100098,3906
2026-07-31T01:15:00+00:00,4147,4153.600098,4145,4150,2369
2026-07-31T01:30:00+00:00,4150.200195,4150.299805,4142,4143.899902,2385
2026-07-31T01:45:00+00:00,4143.899902,4147.700195,4140,4142.5,2116
2026-07-31T02:00:00+00:00,4142.799805,4149,4139.799805,4143.799805,1954
2026-07-31T02:15:00+00:00,4143.899902,4143.899902,4138.5,4140.5,2427
2026-07-31T02:30:00+00:00,4140.100098,4142.700195,4133.399902,4133.5,3511
2026-07-31T02:45:00+00:00,4133.5,4136.700195,4131.700195,4134.200195,1887
2026-07-31T03:00:00+00:00,4134,4134.299805,4129.700195,4131.5,1892
2026-07-31T03:15:00+00:00,4131.200195,4134,4130,4133.200195,1351
2026-07-31T03:30:00+00:00,4133.299805,4137.399902,4132.799805,4134.399902,1813
2026-07-31T03:45:00+00:00,4134.399902,4135.399902,4132.100098,4133,796
2026-07-31T04:00:00+00:00,4132.700195,4135.399902,4131.200195,4135.399902,1182
2026-07-31T04:15:00+00:00,4134.600098,4138.299805,4132.5,4137.799805,1773
2026-07-31T04:30:00+00:00,4138,4139.5,4137.100098,4137.200195,1092
2026-07-31T04:45:00+00:00,4137.100098,4138,4132.600098,4137.600098,1536
2026-07-31T05:00:00+00:00,4137.899902,4141.100098,4137.600098,4137.899902,1247
2026-07-31T05:15:00+00:00,4137.799805,4140.799805,4137.399902,4139,809
2026-07-31T05:30:00+00:00,4139,4139.799805,4133.600098,4134.5,1597
2026-07-31T05:45:00+00:00,4134.299805,4134.299805,4131,4132.100098,1569
2026-07-31T06:00:00+00:00,4132.200195,4140.600098,4130.399902,4140.399902,1689
2026-07-31T06:15:00+00:00,4140.100098,4145.200195,4138.799805,4143.100098,2161
2026-07-31T06:30:00+00:00,4142.799805,4143.100098,4134.899902,4135.799805,1815
2026-07-31T06:45:00+00:00,4135.700195,4139.399902,4133.899902,4135.299805,1533
2026-07-31T07:00:00+00:00,4135.100098,4136.799805,4133,4135,1225
2026-07-31T07:15:00+00:00,4135.100098,4136.899902,4127.799805,4130.100098,1697
2026-07-31T07:30:00+00:00,4130.399902,4131.399902,4125.5,4129.700195,2000
2026-07-31T07:45:00+00:00,4129.799805,4131.899902,4124.899902,4125.100098,1647
2026-07-31T08:00:00+00:00,4125.299805,4125.399902,4118.5,4119.5,2947
2026-07-31T08:15:00+00:00,4119.600098,4124.600098,4114.799805,4115.700195,3038
2026-07-31T08:30:00+00:00,4115.600098,4118.5,4110.899902,4116,2829
2026-07-31T08:45:00+00:00,4116.100098,4121.299805,4114.600098,4117.799805,2210
2026-07-31T09:00:00+00:00,4117.5,4120.600098,4111.700195,4113.5,2134
2026-07-31T09:15:00+00:00,4113.600098,4114.200195,4107.799805,4108.700195,2019
2026-07-31T09:30:00+00:00,4108.399902,4111,4106.5,4109.600098,1909
2026-07-31T09:45:00+00:00,4109.5,4113.5,4108.5,4111.5,1304
2026-07-31T10:00:00+00:00,4111.200195,4114.5,4109.600098,4112.299805,1227
2026-07-31T10:15:00+00:00,4112.200195,4112.5,4107.899902,4109.399902,987
2026-07-31T10:30:00+00:00,4109.200195,4112.799805,4109.100098,4111.100098,1115
2026-07-31T10:45:00+00:00,4110.899902,4113.5,4110,4110.899902,1013
2026-07-31T11:00:00+00:00,4110.799805,4116,4108.299805,4113.600098,1825
2026-07-31T11:15:00+00:00,4113.5,4117.399902,4110.399902,4115,1533
2026-07-31T11:30:00+00:00,4114.899902,4115,4105.799805,4108.5,2205
2026-07-31T11:45:00+00:00,4108.200195,4111.799805,4107.200195,4110,1132
2026-07-31T12:00:00+00:00,4110.100098,4115.899902,4108.799805,4115.299805,2078
2026-07-31T12:15:00+00:00,4115.399902,4115.600098,4103.100098,4103.700195,2676
2026-07-31T12:30:00+00:00,4103.399902,4107.899902,4098.399902,4100.700195,4638
2026-07-31T12:45:00+00:00,4100.600098,4102.5,4096.399902,4096.799805,3682
2026-07-31T13:00:00+00:00,4096.700195,4098.899902,4090.199951,4092.199951,5553
2026-07-31T13:15:00+00:00,4092.100098,4103.200195,4091.399902,4098.899902,5007
2026-07-31T13:30:00+00:00,4098.700195,4100.5,4077.699951,4081,9691
2026-07-31T13:45:00+00:00,4081,4088.199951,4077.800049,4081.199951,5587
2026-07-31T14:00:00+00:00,4080.899902,4088.899902,4076.5,4088.300049,5719
2026-07-31T14:15:00+00:00,4088.300049,4096.5,4086,4094.899902,4709
2026-07-31T14:30:00+00:00,4095,4099.299805,4092.800049,4097.600098,3479
2026-07-31T14:45:00+00:00,4097.600098,4106.799805,4097.200195,4105.600098,4274
2026-07-31T15:00:00+00:00,4105.600098,4107.200195,4098.899902,4103.5,4525
2026-07-31T15:15:00+00:00,4103.399902,4109.5,4096.399902,4097.299805,3810
2026-07-31T15:30:00+00:00,4097.600098,4099.899902,4092.899902,4098.399902,2790
2026-07-31T15:45:00+00:00,4098.5,4103,4095.899902,4101.799805,2321
2026-07-31T16:00:00+00:00,4101.5,4103,4097.200195,4102.5,1614
2026-07-31T16:15:00+00:00,4102.299805,4104.700195,4099.100098,4103.600098,1455
2026-07-31T16:30:00+00:00,4103.799805,4106.299805,4097.100098,4098.600098,2008
2026-07-31T16:45:00+00:00,4098.600098,4101.299805,4098,4099.299805,1151
2026-07-31T17:00:00+00:00,4099.200195,4102.5,4097.299805,4101.399902,1486
2026-07-31T17:15:00+00:00,4101.600098,4110,4100.799805,4106.700195,2869
2026-07-31T17:30:00+00:00,4106.799805,4109.5,4103.899902,4107.899902,2048
2026-07-31T17:45:00+00:00,4108,4111.100098,4106.299805,4109.799805,2281
2026-07-31T18:00:00+00:00,4109.899902,4111.200195,4102.899902,4104.100098,1790
2026-07-31T18:15:00+00:00,4103.899902,4107.799805,4103.600098,4107,1001
2026-07-31T18:30:00+00:00,4107.200195,4107.700195,4103.899902,4105.399902,1015
2026-07-31T18:45:00+00:00,4105.299805,4107.899902,4104.100098,4106.799805,846
2026-07-31T19:00:00+00:00,4107,4108.899902,4102.399902,4104,1433
2026-07-31T19:15:00+00:00,4104.100098,4106.600098,4103,4106.399902,769
2026-07-31T19:30:00+00:00,4106.299805,4110.700195,4104.899902,4110,1116
2026-07-31T19:45:00+00:00,4110.200195,4111.799805,4106.5,4107.600098,1962
2026-07-31T20:00:00+00:00,4107.700195,4108.600098,4101.700195,4104.5,1174
2026-07-31T20:15:00+00:00,4104.100098,4105.299805,4102.799805,4104.5,544
2026-07-31T20:30:00+00:00,4104.399902,4109.200195,4103.700195,4107.399902,1049
2026-07-31T20:45:00+00:00,4107.600098,4108.5,4097.399902,4107,1793
2026-08-02T22:00:00+00:00,4131.700195,4136.100098,4130.600098,4133.299805,500
2026-08-02T22:15:00+00:00,4133.100098,4134.100098,4120.200195,4122.700195,3321
2026-08-02T22:30:00+00:00,4122.700195,4125,4120.299805,4123.100098,1857
2026-08-02T22:45:00+00:00,4123.100098,4123.799805,4119,4120,1999
2026-08-02T23:00:00+00:00,4119.799805,4123.399902,4119.100098,4122.600098,1076
2026-08-02T23:15:00+00:00,4122.399902,4128.5,4122.200195,4127.899902,1555
2026-08-02T23:30:00+00:00,4127.899902,4128.200195,4123.600098,4125.200195,752
2026-08-02T23:45:00+00:00,4125.5,4130.600098,4123.899902,4130.600098,1764
2026-08-03T00:00:00+00:00,4130.600098,4134.700195,4125.700195,4127.799805,2395
2026-08-03T00:15:00+00:00,4127.700195,4128.799805,4116.700195,4119.899902,2989
2026-08-03T00:30:00+00:00,4119.600098,4125.700195,4112.299805,4113.899902,3528
2026-08-03T00:45:00+00:00,4113.399902,4116.399902,4111.100098,4112.700195,2180
2026-08-03T01:00:00+00:00,4112.899902,4119,4106.200195,4107.600098,4172
2026-08-03T01:15:00+00:00,4108.399902,4110.5,4102.700195,4108.200195,2506
2026-08-03T01:30:00+00:00,4108.299805,4112.600098,4102.899902,4106.799805,2309
2026-08-03T01:45:00+00:00,4106.899902,4113.5,4105.5,4112.299805,1798
2026-08-03T02:00:00+00:00,4112.899902,4116.899902,4109,4111.399902,1911
2026-08-03T02:15:00+00:00,4111.100098,4116.600098,4107.600098,4113.700195,1810
2026-08-03T02:30:00+00:00,4113.899902,4116.100098,4108,4115,1928
2026-08-03T02:45:00+00:00,4114.899902,4122.700195,4113.700195,4117.600098,2057
2026-08-03T03:00:00+00:00,4117.600098,4120.799805,4116.200195,4119.799805,898
2026-08-03T03:15:00+00:00,4119.5,4123.700195,4116.799805,4118.899902,2071
2026-08-03T03:30:00+00:00,4119.200195,4120.299805,4115.5,4115.799805,1091
2026-08-03T03:45:00+00:00,4116,4122.100098,4114.399902,4119.899902,1273
2026-08-03T04:00:00+00:00,4120.399902,4123.399902,4119.399902,4121.399902,866
2026-08-03T04:15:00+00:00,4121.600098,4126.200195,4121.200195,4123.299805,1310
2026-08-03T04:30:00+00:00,4123.399902,4126.5,4123.399902,4126,832
2026-08-03T04:45:00+00:00,4125.799805,4127.100098,4119.100098,4119.100098,1047
2026-08-03T05:00:00+00:00,4119.100098,4120.5,4111.5,4112.600098,1950
2026-08-03T05:15:00+00:00,4112.399902,4118,4109.100098,4115.600098,1282
2026-08-03T05:30:00+00:00,4115.100098,4119.799805,4110.299805,4118.600098,1654
2026-08-03T05:45:00+00:00,4118.600098,4125.100098,4114,4124.299805,1483
2026-08-03T06:00:00+00:00,4124.299805,4126.5,4121.200195,4121.399902,1597
2026-08-03T06:15:00+00:00,4121.299805,4127.299805,4120.600098,4123.700195,1333
2026-08-03T06:30:00+00:00,4123.799805,4124.100098,4115.700195,4120.600098,1575
2026-08-03T06:45:00+00:00,4120.600098,4122.600098,4118,4119.100098,1243
2026-08-03T07:00:00+00:00,4119,4120.399902,4114.700195,4116.600098,1195
2026-08-03T07:15:00+00:00,4116.600098,4117.200195,4107.299805,4113.5,2602
2026-08-03T07:30:00+00:00,4113.600098,4117.299805,4111.899902,4115,1160
2026-08-03T07:45:00+00:00,4115.100098,4119.100098,4113.899902,4117,1168
2026-08-03T08:00:00+00:00,4117,4117.899902,4113.799805,4117.399902,1022
2026-08-03T08:15:00+00:00,4117.399902,4118.200195,4109.899902,4111.5,1212
2026-08-03T08:30:00+00:00,4111.399902,4116.299805,4110,4113.899902,1012
2026-08-03T08:45:00+00:00,4113.799805,4117,4113.200195,4115.5,560
2026-08-03T09:00:00+00:00,4115.100098,4118,4112.799805,4117.299805,686
2026-08-03T09:15:00+00:00,4117.200195,4117.200195,4107.799805,4108.600098,1545
2026-08-03T09:30:00+00:00,4108.5,4111.100098,4102.5,4109.799805,3203
2026-08-03T09:45:00+00:00,4109.700195,4114.399902,4109.700195,4111.5,1340
2026-08-03T10:00:00+00:00,4111.700195,4113.5,4109.299805,4112.799805,827
2026-08-03T10:15:00+00:00,4112.5,4113.600098,4108.299805,4110,832
2026-08-03T10:30:00+00:00,4110,4110,4104.899902,4105.399902,1079
2026-08-03T10:45:00+00:00,4105.299805,4107.100098,4101,4105.799805,1306
2026-08-03T11:00:00+00:00,4105.600098,4109.299805,4103.700195,4106,1232
2026-08-03T11:15:00+00:00,4106.100098,4106.100098,4101.5,4104.5,903
2026-08-03T11:30:00+00:00,4104.299805,4111.600098,4103.899902,4110,1271
2026-08-03T11:45:00+00:00,4110,4120,4108.899902,4118.799805,2507
2026-08-03T12:00:00+00:00,4118.899902,4121,4110.600098,4112.100098,2248
2026-08-03T12:15:00+00:00,4112,4112.5,4104.600098,4107,2541
2026-08-03T12:30:00+00:00,4107.200195,4109.200195,4098.100098,4101.100098,3222
2026-08-03T12:45:00+00:00,4101,4105.100098,4099,4103.299805,2101
2026-08-03T13:00:00+00:00,4103.5,4109.799805,4092.699951,4094.100098,5224
2026-08-03T13:15:00+00:00,4094.300049,4095.899902,4086.600098,4089.399902,4942
2026-08-03T13:30:00+00:00,4089.300049,4091,4074,4087.100098,8551
2026-08-03T13:45:00+00:00,4087.100098,4090.600098,4083.100098,4086.800049,3750
2026-08-03T14:00:00+00:00,4086.600098,4092,4080.100098,4088.399902,4671
2026-08-03T14:15:00+00:00,4088.100098,4091.300049,4085.100098,4087.800049,2653
2026-08-03T14:30:00+00:00,4087.600098,4093.600098,4087.100098,4091.800049,2501
2026-08-03T14:45:00+00:00,4092,4095,4089.100098,4091.5,3133
2026-08-03T15:00:00+00:00,4091.800049,4092.399902,4085.399902,4088.399902,2931
2026-08-03T15:15:00+00:00,4088.300049,4093.800049,4085.899902,4088,2579
2026-08-03T15:30:00+00:00,4088.100098,4094.399902,4086.199951,4092.199951,1918
2026-08-03T15:45:00+00:00,4092.100098,4096.600098,4090.800049,4091.800049,1562
2026-08-03T16:00:00+00:00,4091.5,4093,4089.899902,4091.5,807
2026-08-03T16:15:00+00:00,4091.800049,4094,4090.199951,4092.600098,1221
2026-08-03T16:30:00+00:00,4092.5,4094.899902,4091.100098,4094.199951,917
2026-08-03T16:45:00+00:00,4094.399902,4094.5,4091.300049,4092.699951,696
2026-08-03T17:00:00+00:00,4092.699951,4093.199951,4088.699951,4089.800049,967
2026-08-03T17:15:00+00:00,4089.699951,4093.600098,4089.5,4090,1624
2026-08-03T17:30:00+00:00,4090.199951,4092.699951,4089.5,4091.899902,980
2026-08-03T17:45:00+00:00,4092,4092.300049,4086,4086.199951,1504
2026-08-03T18:00:00+00:00,4086.399902,4094.5,4085.399902,4090.800049,1652
2026-08-03T18:15:00+00:00,4091,4095.199951,4090.899902,4093.899902,996
2026-08-03T18:30:00+00:00,4093.699951,4097.700195,4092.5,4097.5,769
2026-08-03T18:45:00+00:00,4097.299805,4101.100098,4096.299805,4099.299805,1710
2026-08-03T19:00:00+00:00,4099.700195,4105.5,4099.600098,4101.899902,2690
2026-08-03T19:15:00+00:00,4102.100098,4110.399902,4101.899902,4108.700195,1762
2026-08-03T19:30:00+00:00,4108.799805,4111.600098,4107.700195,4110,1172
2026-08-03T19:45:00+00:00,4110.100098,4111.899902,4107.700195,4108.299805,1805
2026-08-03T20:00:00+00:00,4108.200195,4109,4106.100098,4108.799805,893
2026-08-03T20:15:00+00:00,4108.399902,4111.899902,4107.299805,4110.299805,513
2026-08-03T20:30:00+00:00,4110.5,4114.399902,4109.899902,4112.299805,799
2026-08-03T20:45:00+00:00,4112.600098,4113.5,4110.5,4111,784
2026-08-03T22:00:00+00:00,4109.600098,4110.899902,4104.700195,4107,570
2026-08-03T22:15:00+00:00,4107,4108.299805,4106.200195,4107.799805,424
2026-08-03T22:30:00+00:00,4107.600098,4109.200195,4107.100098,4108.200195,479
2026-08-03T22:45:00+00:00,4108.299805,4109.5,4106.899902,4108.700195,561
2026-08-03T23:00:00+00:00,4108.399902,4111,4105.5,4107.200195,1264
2026-08-03T23:15:00+00:00,4106.899902,4110.5,4106.200195,4107.399902,1068
2026-08-03T23:30:00+00:00,4107.399902,4108.5,4106.799805,4108.100098,321
2026-08-03T23:45:00+00:00,4108.100098,4109.700195,4106.899902,4109.399902,1008
2026-08-04T00:00:00+00:00,4109.299805,4125,4108.600098,4119.299805,3822
2026-08-04T00:15:00+00:00,4119.299805,4120.399902,4113.700195,4114.700195,1696
2026-08-04T00:30:00+00:00,4115,4116.600098,4111.100098,4112,1201
2026-08-04T00:45:00+00:00,4112.200195,4113.899902,4104.299805,4105,2533
2026-08-04T01:00:00+00:00,4104.799805,4106.299805,4097.899902,4102.5,4543
2026-08-04T01:15:00+00:00,4102.700195,4108.100098,4102.5,4104.700195,1840
2026-08-04T01:30:00+00:00,4104.799805,4116.299805,4103.700195,4114.899902,2859
2026-08-04T01:45:00+00:00,4114.600098,4117.899902,4112.200195,4114.700195,1943
2026-08-04T02:00:00+00:00,4114.799805,4116.899902,4111.299805,4113.899902,1453
2026-08-04T02:15:00+00:00,4113.899902,4115.5,4111.100098,4112,984
2026-08-04T02:30:00+00:00,4112,4120.799805,4111.100098,4117.600098,1722
2026-08-04T02:45:00+00:00,4117.799805,4118.299805,4113.600098,4114.600098,996
2026-08-04T03:00:00+00:00,4114.5,4116.399902,4112,4113.799805,972
2026-08-04T03:15:00+00:00,4113.700195,4117.600098,4113.100098,4113.600098,896
2026-08-04T03:30:00+00:00,4113.399902,4114.100098,4107.600098,4107.899902,1428
2026-08-04T03:45:00+00:00,4108.100098,4110.899902,4107.600098,4108.399902,763
2026-08-04T04:00:00+00:00,4107.799805,4112.100098,4106.200195,4111.799805,1187
2026-08-04T04:15:00+00:00,4112,4117.200195,4111.200195,4116.600098,1446
2026-08-04T04:30:00+00:00,4116.899902,4119.700195,4115.899902,4118,1176
2026-08-04T04:45:00+00:00,4118,4122,4117.700195,4119.200195,1164
2026-08-04T05:00:00+00:00,4119.5,4120.299805,4112.799805,4113.600098,1407
2026-08-04T05:15:00+00:00,4113.5,4119.899902,4112.799805,4119.299805,939
2026-08-04T05:30:00+00:00,4119.299805,4123.799805,4115,4118.600098,1884
2026-08-04T05:45:00+00:00,4118.799805,4120.399902,4114.399902,4117.299805,1333
2026-08-04T06:00:00+00:00,4117.700195,4122.100098,4117.700195,4120.100098,1221
2026-08-04T06:15:00+00:00,4120.100098,4120.799805,4115.299805,4115.600098,1003
2026-08-04T06:30:00+00:00,4115.799805,4115.899902,4111.299805,4115.899902,1335
2026-08-04T06:45:00+00:00,4115.899902,4119.700195,4114.600098,4119.299805,1066
2026-08-04T07:00:00+00:00,4119.399902,4121.899902,4116.700195,4117.100098,1459
2026-08-04T07:15:00+00:00,4117.100098,4121.799805,4116.799805,4119.299805,1259
2026-08-04T07:30:00+00:00,4118.899902,4122.899902,4117.5,4118.799805,1391
2026-08-04T07:45:00+00:00,4119.100098,4122.5,4118.299805,4121.799805,578
2026-08-04T08:00:00+00:00,4121.899902,4129.5,4120.700195,4124.399902,2990
2026-08-04T08:15:00+00:00,4124.399902,4124.899902,4116.299805,4119.700195,1630
2026-08-04T08:30:00+00:00,4119.100098,4120.700195,4114.299805,4115.299805,1646
2026-08-04T08:45:00+00:00,4115.200195,4115.5,4110.100098,4110.700195,1219
2026-08-04T09:00:00+00:00,4110.600098,4111.100098,4103.600098,4106.5,2158
2026-08-04T09:15:00+00:00,4106.299805,4107.799805,4104.399902,4105.899902,1359
2026-08-04T09:30:00+00:00,4106.200195,4107.899902,4101.899902,4106.200195,1827
2026-08-04T09:45:00+00:00,4106.200195,4106.799805,4103.100098,4105.799805,882
2026-08-04T10:00:00+00:00,4105.5,4105.799805,4102.5,4104.799805,705
2026-08-04T10:15:00+00:00,4104.700195,4105.5,4101.200195,4104.700195,794
2026-08-04T10:30:00+00:00,4104.700195,4109.899902,4101.899902,4108.200195,1570
2026-08-04T10:45:00+00:00,4108.399902,4116.5,4108.100098,4109.600098,3127
2026-08-04T11:00:00+00:00,4109.399902,4114.799805,4108.200195,4112.700195,1300
2026-08-04T11:15:00+00:00,4112.399902,4117.100098,4111.299805,4117,1298
2026-08-04T11:30:00+00:00,4117.200195,4127.299805,4116,4126.600098,3443
2026-08-04T11:45:00+00:00,4126.700195,4141.600098,4123.899902,4132,8064
2026-08-04T12:00:00+00:00,4132.299805,4133.399902,4117.600098,4118.600098,4688
2026-08-04T12:15:00+00:00,4118.799805,4127.100098,4117.700195,4125,3122
2026-08-04T12:30:00+00:00,4124.899902,4141.399902,4124.899902,4135,6129
2026-08-04T12:45:00+00:00,4135.100098,4136.100098,4126.200195,4127.700195,3454
2026-08-04T13:00:00+00:00,4128,4128.899902,4117.600098,4120.600098,4968
2026-08-04T13:15:00+00:00,4120.5,4148,4119.200195,4135.399902,8994
2026-08-04T13:30:00+00:00,4135.399902,4148.700195,4132.5,4140.399902,8172
2026-08-04T13:45:00+00:00,4140.399902,4151.600098,4138.399902,4141.5,6149
2026-08-04T14:00:00+00:00,4140.799805,4149.399902,4140.100098,4147.200195,4184
2026-08-04T14:15:00+00:00,4147.299805,4149.200195,4137.200195,4140.5,4397
2026-08-04T14:30:00+00:00,4140.399902,4143.600098,4131.399902,4136.899902,6326
2026-08-04T14:45:00+00:00,4136.600098,4141.700195,4134.700195,4140.299805,2852
2026-08-04T15:00:00+00:00,4140.299805,4142.700195,4136.5,4140.799805,2410
2026-08-04T15:15:00+00:00,4141,4141.299805,4130.200195,4135,3456
2026-08-04T15:30:00+00:00,4134.700195,4144.299805,4132.899902,4140.799805,3688
2026-08-04T15:45:00+00:00,4140.600098,4145.799805,4139.5,4144,2484
2026-08-04T16:00:00+00:00,4144.399902,4145.700195,4141.100098,4141.700195,1875
2026-08-04T16:15:00+00:00,4142,4147,4139.799805,4144.700195,1722
2026-08-04T16:30:00+00:00,4144.5,4146.5,4141.600098,4146.100098,1612
2026-08-04T16:45:00+00:00,4145.799805,4150.799805,4145.5,4150.299805,2068
2026-08-04T17:00:00+00:00,4150,4163.799805,4149.399902,4157.200195,4981
2026-08-04T17:15:00+00:00,4157.299805,4158.399902,4151.200195,4152,2381
2026-08-04T17:30:00+00:00,4151.5,4153.399902,4148.600098,4152.5,1625
2026-08-04T17:45:00+00:00,4152.600098,4153.799805,4142.899902,4143.200195,2959
2026-08-04T18:00:00+00:00,4142.799805,4145.799805,4141.700195,4145.5,1812
2026-08-04T18:15:00+00:00,4145.200195,4146.399902,4141,4141.399902,1538
2026-08-04T18:30:00+00:00,4141.5,4142.700195,4133.200195,4133.399902,2829
2026-08-04T18:45:00+00:00,4133.399902,4138.100098,4132.100098,4136.700195,1448
2026-08-04T19:00:00+00:00,4136.700195,4141.200195,4135.5,4138.799805,1617
2026-08-04T19:15:00+00:00,4139,4141.899902,4136,4137.299805,1315
2026-08-04T19:30:00+00:00,4137.299805,4139.5,4136.100098,4138.200195,823
2026-08-04T19:45:00+00:00,4138.399902,4139.200195,4133.200195,4135.600098,1875
2026-08-04T20:00:00+00:00,4135.299805,4137.200195,4135.100098,4136,672
2026-08-04T20:15:00+00:00,4135.799805,4135.799805,4131.200195,4132.399902,742
2026-08-04T20:30:00+00:00,4132.100098,4135.5,4132,4134.5,763
2026-08-04T20:45:00+00:00,4134.399902,4135.100098,4132.799805,4134.899902,1081
2026-08-04T22:00:00+00:00,4134.799805,4136.600098,4132.700195,4133.399902,352
2026-08-04T22:15:00+00:00,4133.299805,4136.100098,4132,4136.100098,809
2026-08-04T22:30:00+00:00,4135.799805,4142.299805,4135.399902,4140.399902,1560
2026-08-04T22:45:00+00:00,4140.200195,4141.100098,4132.299805,4132.5,1290
2026-08-04T23:00:00+00:00,4132.899902,4134.200195,4125.5,4130.200195,3031
2026-08-04T23:15:00+00:00,4130,4131.600098,4121.700195,4123.600098,1993
2026-08-04T23:30:00+00:00,4123.299805,4126.399902,4121.799805,4125.399902,1081
2026-08-04T23:45:00+00:00,4125.399902,4129.899902,4125.299805,4128.5,1008
2026-08-05T00:00:00+00:00,4128.5,4130.399902,4126.399902,4127.899902,1352
2026-08-05T00:15:00+00:00,4127.799805,4135.399902,4127.399902,4134.899902,1872
2026-08-05T00:30:00+00:00,4134.700195,4139,4133.799805,4134.100098,1951
2026-08-05T00:45:00+00:00,4134.100098,4139.399902,4133.200195,4138.200195,1358
2026-08-05T01:00:00+00:00,4138.5,4143,4133.299805,4141.899902,3901
2026-08-05T01:15:00+00:00,4141.899902,4144.5,4138.200195,4140.100098,2110
2026-08-05T01:30:00+00:00,4140.100098,4148.799805,4135.700195,4148.600098,2751
2026-08-05T01:45:00+00:00,4148.5,4158.600098,4148.200195,4157.100098,3286
2026-08-05T02:00:00+00:00,4157.200195,4159,4152.399902,4156.100098,2544
2026-08-05T02:15:00+00:00,4156.100098,4165.5,4151.799805,4160.299805,3871
2026-08-05T02:30:00+00:00,4160.399902,4186.100098,4158.100098,4185.600098,8465
2026-08-05T02:45:00+00:00,4185.899902,4192.399902,4181.5,4186.399902,5925
2026-08-05T03:00:00+00:00,4186.5,4193.799805,4183.899902,4193,3770
2026-08-05T03:15:00+00:00,4193.200195,4194.200195,4187.200195,4187.799805,2078
2026-08-05T03:30:00+00:00,4187.899902,4188.399902,4184.799805,4186,1569
2026-08-05T03:45:00+00:00,4185.899902,4187.799805,4184.899902,4186.600098,942
2026-08-05T04:00:00+00:00,4185.899902,4199.399902,4185.799805,4196.299805,3825
2026-08-05T04:15:00+00:00,4196.5,4198.799805,4195.399902,4196.399902,1417
2026-08-05T04:30:00+00:00,4196.5,4196.700195,4190.899902,4192.299805,1618
2026-08-05T04:45:00+00:00,4192.200195,4194,4189.700195,4193.600098,1488
2026-08-05T05:00:00+00:00,4193.600098,4196.299805,4192.5,4195.5,1461
2026-08-05T05:15:00+00:00,4195.200195,4200.399902,4193.600098,4197.899902,2133
2026-08-05T05:30:00+00:00,4197.799805,4219.799805,4197.799805,4218,7807
2026-08-05T05:45:00+00:00,4217.700195,4233,4217.5,4222.299805,8996
2026-08-05T06:00:00+00:00,4222.299805,4234.399902,4220.299805,4232.899902,4501
2026-08-05T06:15:00+00:00,4232.799805,4233.399902,4221.200195,4228.5,3664
2026-08-05T06:30:00+00:00,4228.399902,4237.899902,4226.5,4235,3629
2026-08-05T06:45:00+00:00,4235.100098,4237.700195,4231.5,4237,2616
2026-08-05T07:00:00+00:00,4236.700195,4238.899902,4224.799805,4225.100098,3741
2026-08-05T07:15:00+00:00,4225.399902,4228.600098,4222.100098,4223.399902,2284
2026-08-05T07:30:00+00:00,4223.5,4225.799805,4221.100098,4225.600098,2127
2026-08-05T07:45:00+00:00,4225.700195,4231.100098,4222.899902,4229.899902,2027
2026-08-05T08:00:00+00:00,4229.799805,4231.5,4223.299805,4224.399902,1776
2026-08-05T08:15:00+00:00,4224.600098,4227,4220.799805,4223.700195,1824
2026-08-05T08:30:00+00:00,4224,4226.899902,4220.799805,4225.899902,1894
2026-08-05T08:45:00+00:00,4225.799805,4225.899902,4217.700195,4219.799805,2101
2026-08-05T09:00:00+00:00,4220,4226.899902,4219.700195,4222.399902,1869
2026-08-05T09:15:00+00:00,4222.399902,4222.399902,4214.399902,4216.700195,2701
2026-08-05T09:30:00+00:00,4216.700195,4218.600098,4213,4217.399902,2327
2026-08-05T09:45:00+00:00,4217.100098,4218.299805,4211.899902,4216.899902,1565
2026-08-05T10:00:00+00:00,4217,4217,4209.100098,4210,1534
2026-08-05T10:15:00+00:00,4210.200195,4217.399902,4209.200195,4215.799805,1692
2026-08-05T10:30:00+00:00,4215.899902,4216.700195,4212.700195,4214,1222
2026-08-05T10:45:00+00:00,4214.100098,4221,4213.100098,4220.5,1823
2026-08-05T11:00:00+00:00,4220.5,4230.399902,4219.899902,4230,3220
2026-08-05T11:15:00+00:00,4230.100098,4240.799805,4228.600098,4235.399902,4127
2026-08-05T11:30:00+00:00,4235.399902,4248.799805,4233.399902,4244.600098,6673
2026-08-05T11:45:00+00:00,4244.799805,4252.399902,4242.799805,4248.399902,3515
2026-08-05T12:00:00+00:00,4248.600098,4259.899902,4248.5,4257.899902,5555
2026-08-05T12:15:00+00:00,4258.200195,4273.399902,4258.200195,4265,8302
2026-08-05T12:30:00+00:00,4265.200195,4269.200195,4252.899902,4254.799805,7014
2026-08-05T12:45:00+00:00,4254.899902,4255.700195,4243.299805,4244.100098,5243
2026-08-05T13:00:00+00:00,4244,4257.600098,4243.799805,4247.799805,7482
2026-08-05T13:15:00+00:00,4247.899902,4258.399902,4245.399902,4257.200195,5069
2026-08-05T13:30:00+00:00,4257.200195,4264.899902,4252.600098,4257.5,9127
2026-08-05T13:45:00+00:00,4257.399902,4266.899902,4249,4265.399902,6394
2026-08-05T14:00:00+00:00,4265.299805,4295,4261.5,4289.5,13717
2026-08-05T14:15:00+00:00,4289.399902,4300.700195,4286.700195,4297,9311
2026-08-05T14:30:00+00:00,4296.700195,4303.600098,4288.600098,4303.200195,8365
2026-08-05T14:45:00+00:00,4303,4307.700195,4293,4304.399902,8184
2026-08-05T15:00:00+00:00,4304.200195,4321.5,4302.200195,4318.100098,9833
2026-08-05T15:15:00+00:00,4318.200195,4325.700195,4310.100098,4317.700195,6890
2026-08-05T15:30:00+00:00,4317.5,4319.899902,4312.5,4316,3675
2026-08-05T15:45:00+00:00,4315.899902,4315.899902,4292.799805,4293.600098,8468
2026-08-05T16:00:00+00:00,4293.5,4296.700195,4285.100098,4294.899902,7741
2026-08-05T16:15:00+00:00,4294.700195,4302.399902,4292.899902,4301.700195,4078
2026-08-05T16:30:00+00:00,4301.899902,4307.399902,4299.399902,4305,3208
2026-08-05T16:45:00+00:00,4305.100098,4308,4298.200195,4302.700195,3296
2026-08-05T17:00:00+00:00,4302.700195,4304.799805,4299.799805,4302.600098,2842
2026-08-05T17:15:00+00:00,4301.899902,4306.899902,4296.700195,4305,3514
2026-08-05T17:30:00+00:00,4304.899902,4311.200195,4301,4308.600098,2683
2026-08-05T17:45:00+00:00,4308.799805,4313.100098,4307.899902,4310.899902,2077
2026-08-05T18:00:00+00:00,4310.700195,4318.299805,4309.600098,4314,3222
2026-08-05T18:15:00+00:00,4313.899902,4328.299805,4313.600098,4323.100098,4269
2026-08-05T18:30:00+00:00,4323.399902,4324.399902,4314.600098,4319.600098,3080
2026-08-05T18:45:00+00:00,4319.799805,4324.200195,4318.100098,4321.399902,1844
2026-08-05T19:00:00+00:00,4321,4322.799805,4316.700195,4319.100098,1733
2026-08-05T19:15:00+00:00,4318.899902,4318.899902,4311.200195,4313.5,2463
2026-08-05T19:30:00+00:00,4313.899902,4315,4308.399902,4313.700195,2306
2026-08-05T19:45:00+00:00,4313.5,4313.799805,4307.100098,4307.899902,2432
2026-08-05T20:00:00+00:00,4307.799805,4310.700195,4307.5,4309.899902,984
2026-08-05T20:15:00+00:00,4309.899902,4310.5,4306.100098,4307,684
2026-08-05T20:30:00+00:00,4306.899902,4310.299805,4305.700195,4306.299805,873
2026-08-05T20:45:00+00:00,4306.200195,4308.299805,4303.899902,4308.200195,1302
2026-08-05T22:00:00+00:00,4307.5,4314,4303,4307.399902,758
2026-08-05T22:15:00+00:00,4307.600098,4308.799805,4306.799805,4308.200195,577
2026-08-05T22:30:00+00:00,4307.899902,4310,4307.100098,4307.399902,740
2026-08-05T22:45:00+00:00,4307.5,4309.5,4307,4309.200195,724
2026-08-05T23:00:00+00:00,4309.399902,4317.700195,4308.299805,4315.299805,1975
2026-08-05T23:15:00+00:00,4315.200195,4323.200195,4315,4322.600098,2371
2026-08-05T23:30:00+00:00,4322.600098,4341,4319.899902,4339.799805,5728
2026-08-05T23:45:00+00:00,4339.399902,4340,4331,4337.799805,2943
2026-08-06T00:00:00+00:00,4337.399902,4337.399902,4323.299805,4330,4561
2026-08-06T00:15:00+00:00,4330.200195,4344.299805,4330.200195,4333.899902,5885
2026-08-06T00:30:00+00:00,4333.899902,4350.799805,4333.700195,4345.700195,4782
2026-08-06T00:45:00+00:00,4345.899902,4359.799805,4345.100098,4354.799805,5583
2026-08-06T01:00:00+00:00,4354.600098,4362.600098,4339.5,4343.399902,8871
2026-08-06T01:15:00+00:00,4344.100098,4347.700195,4332.200195,4335.700195,6359
2026-08-06T01:30:00+00:00,4335.799805,4357,4335.200195,4348.700195,5726
2026-08-06T01:45:00+00:00,4348.100098,4357.899902,4343.299805,4347,4619
2026-08-06T02:00:00+00:00,4346.799805,4363.799805,4343.899902,4354.5,5091
2026-08-06T02:15:00+00:00,4354.600098,4359.700195,4350.799805,4351,2106
2026-08-06T02:30:00+00:00,4350.799805,4351.5,4340,4344.5,3903
2026-08-06T02:45:00+00:00,4344.799805,4346.399902,4334,4337.799805,2913
2026-08-06T03:00:00+00:00,4337.5,4339.899902,4332.5,4332.600098,2502
2026-08-06T03:15:00+00:00,4332.700195,4333.299805,4320.200195,4325.399902,4507
2026-08-06T03:30:00+00:00,4325.200195,4326.600098,4320.600098,4322.299805,1713
2026-08-06T03:45:00+00:00,4322.299805,4325,4319.100098,4324.700195,1572
2026-08-06T04:00:00+00:00,4324.899902,4326.600098,4320.899902,4322.399902,2482
2026-08-06T04:15:00+00:00,4322.5,4323,4312.200195,4314.899902,2871
2026-08-06T04:30:00+00:00,4315,4320.799805,4315,4318,1903
2026-08-06T04:45:00+00:00,4318.600098,4322.299805,4317.5,4321.600098,1511
2026-08-06T05:00:00+00:00,4321.299805,4324.600098,4315.700195,4318.899902,1914
2026-08-06T05:15:00+00:00,4318.899902,4318.899902,4311.700195,4312.799805,1718
2026-08-06T05:30:00+00:00,4312.799805,4325,4306,4323.100098,4741
2026-08-06T05:45:00+00:00,4323,4328.299805,4321,4326.100098,2485
2026-08-06T06:00:00+00:00,4326,4327.399902,4315.600098,4319.5,2595
2026-08-06T06:15:00+00:00,4319.399902,4320.100098,4313.299805,4316.200195,2091
2026-08-06T06:30:00+00:00,4316.5,4316.799805,4308.100098,4315.299805,2070
2026-08-06T06:45:00+00:00,4315.299805,4317,4309.700195,4314.700195,1998
2026-08-06T07:00:00+00:00,4314.600098,4322.5,4311.899902,4321.899902,2269
2026-08-06T07:15:00+00:00,4322,4324,4316.899902,4320.700195,1629
2026-08-06T07:30:00+00:00,4320.700195,4321,4313.799805,4314,1200
2026-08-06T07:45:00+00:00,4314.299805,4322.299805,4311.600098,4321.799805,2185
2026-08-06T08:00:00+00:00,4322.100098,4329.299805,4319.100098,4328,2322
2026-08-06T08:15:00+00:00,4328.200195,4330.299805,4322.799805,4326.799805,2301
2026-08-06T08:30:00+00:00,4327.100098,4334.299805,4325.700195,4331.899902,2333
2026-08-06T08:45:00+00:00,4332,4337.700195,4329.100098,4337.100098,2022
2026-08-06T09:00:00+00:00,4337.200195,4342.5,4334.799805,4339.100098,2764
2026-08-06T09:15:00+00:00,4339.200195,4344,4337.5,4342.200195,1988
2026-08-06T09:30:00+00:00,4342.299805,4343.399902,4331.200195,4331.399902,2326
2026-08-06T09:45:00+00:00,4331.299805,4335.399902,4330.399902,4332.299805,1147
2026-08-06T10:00:00+00:00,4332.5,4333.200195,4327.899902,4329,1390
2026-08-06T10:15:00+00:00,4329,4330.399902,4326.5,4328.600098,1474
2026-08-06T10:30:00+00:00,4328.799805,4329.299805,4322,4324.5,1464
2026-08-06T10:45:00+00:00,4324.799805,4330.899902,4324,4329.899902,1419
2026-08-06T11:00:00+00:00,4330.100098,4332.899902,4325.299805,4328.5,1944
2026-08-06T11:15:00+00:00,4328.5,4331,4318.899902,4323.600098,2390
2026-08-06T11:30:00+00:00,4323.600098,4326,4318.200195,4319.200195,1871
2026-08-06T11:45:00+00:00,4319.5,4322.799805,4312.5,4322.299805,3585
2026-08-06T12:00:00+00:00,4322.100098,4324.700195,4314,4314.899902,2726
2026-08-06T12:15:00+00:00,4314.899902,4321.700195,4311.700195,4320.899902,2647
2026-08-06T12:30:00+00:00,4321.5,4330.200195,4315.100098,4326.100098,4309
2026-08-06T12:45:00+00:00,4326.200195,4326.700195,4307.299805,4308.600098,5770
2026-08-06T13:00:00+00:00,4308.799805,4314.399902,4288.200195,4296.799805,10323
2026-08-06T13:15:00+00:00,4296.399902,4306.600098,4293.799805,4306,5622
2026-08-06T13:30:00+00:00,4305.799805,4333,4304,4328.899902,10338
2026-08-06T13:45:00+00:00,4328.799805,4329.100098,4320.5,4326.100098,6120
2026-08-06T14:00:00+00:00,4325.799805,4336.100098,4322.899902,4327.399902,7204
2026-08-06T14:15:00+00:00,4327.600098,4328.200195,4318.799805,4324.799805,5101
2026-08-06T14:30:00+00:00,4324.700195,4334.100098,4324.700195,4332.700195,4210
2026-08-06T14:45:00+00:00,4332.899902,4335.399902,4321.600098,4332,4120
2026-08-06T15:00:00+00:00,4332.299805,4333.700195,4320.399902,4322.600098,3481
2026-08-06T15:15:00+00:00,4322.600098,4322.799805,4309,4313.600098,5901
2026-08-06T15:30:00+00:00,4313.600098,4314.299805,4303.799805,4310,4598
2026-08-06T15:45:00+00:00,4310.100098,4310.100098,4286.200195,4291.799805,7224
2026-08-06T16:00:00+00:00,4292.100098,4300.5,4288.299805,4290.600098,5049
2026-08-06T16:15:00+00:00,4290.5,4290.799805,4280.799805,4288.299805,5765
2026-08-06T16:30:00+00:00,4288.100098,4294.100098,4288,4291.5,2639
2026-08-06T16:45:00+00:00,4291.600098,4300.899902,4289.399902,4299.5,2721
2026-08-06T17:00:00+00:00,4299.600098,4303.100098,4297.5,4299.299805,2297
2026-08-06T17:15:00+00:00,4299.399902,4301.299805,4296.799805,4300.100098,1990
2026-08-06T17:30:00+00:00,4300.399902,4302.299805,4297.100098,4300.600098,1623
2026-08-06T17:45:00+00:00,4300.600098,4307.399902,4299,4305.799805,2313
2026-08-06T18:00:00+00:00,4305.899902,4307.799805,4302.5,4305.100098,1258
2026-08-06T18:15:00+00:00,4305.399902,4308.100098,4304.5,4305.200195,1099
2026-08-06T18:30:00+00:00,4305,4306.200195,4299.299805,4300.5,1556
2026-08-06T18:45:00+00:00,4300.5,4304.299805,4299,4302.200195,1203
2026-08-06T19:00:00+00:00,4302.200195,4310,4301.5,4305.899902,2112
2026-08-06T19:15:00+00:00,4305.899902,4307.200195,4294,4296.899902,2759
2026-08-06T19:30:00+00:00,4296.399902,4298.899902,4292,4293.600098,1528
2026-08-06T19:45:00+00:00,4293.899902,4309.600098,4293.799805,4307.899902,3057
2026-08-06T20:00:00+00:00,4307.700195,4309.200195,4301.700195,4303.5,1067
2026-08-06T20:15:00+00:00,4303.799805,4304.600098,4298.600098,4300.799805,872
2026-08-06T20:30:00+00:00,4300.799805,4301.200195,4293.799805,4293.799805,793
2026-08-06T20:45:00+00:00,4294.100098,4300.799805,4293.200195,4298.700195,935
2026-08-06T22:00:00+00:00,4298.600098,4301.399902,4293.799805,4295.299805,306
2026-08-06T22:15:00+00:00,4298.799805,4301.700195,4297.700195,4300.799805,1028
2026-08-06T22:30:00+00:00,4300.799805,4301.5,4297.100098,4297.5,698
2026-08-06T22:45:00+00:00,4297.399902,4301.299805,4296.899902,4298.5,553
2026-08-06T23:00:00+00:00,4298.600098,4304,4298.100098,4304,1097
2026-08-06T23:15:00+00:00,4303.799805,4305.100098,4301.600098,4303.700195,852
2026-08-06T23:30:00+00:00,4303.399902,4307.5,4303.200195,4305.399902,1261
2026-08-06T23:45:00+00:00,4305.399902,4312,4304.5,4310.899902,1881
2026-08-07T00:00:00+00:00,4310.700195,4311.299805,4301.600098,4303.100098,2341
2026-08-07T00:15:00+00:00,4303.299805,4304.799805,4297.399902,4301.899902,2765
2026-08-07T00:30:00+00:00,4302.100098,4302.299805,4288.399902,4293.100098,3217
2026-08-07T00:45:00+00:00,4293.100098,4295.399902,4287.200195,4290.899902,2475
2026-08-07T01:00:00+00:00,4291.100098,4305.200195,4289.799805,4302.399902,4477
2026-08-07T01:15:00+00:00,4302.5,4308.399902,4298.299805,4301.799805,2859
2026-08-07T01:30:00+00:00,4302.700195,4316.799805,4297.200195,4315,3953
2026-08-07T01:45:00+00:00,4314.5,4317.600098,4310,4314.799805,2984
2026-08-07T02:00:00+00:00,4315,4320.399902,4314,4316.899902,2809
2026-08-07T02:15:00+00:00,4317,4319.899902,4315.700195,4319.5,1509
2026-08-07T02:30:00+00:00,4319.700195,4320.700195,4308.100098,4308.200195,2982
2026-08-07T02:45:00+00:00,4308.100098,4314.700195,4305.399902,4308.799805,3037
2026-08-07T03:00:00+00:00,4309.100098,4318.200195,4308.399902,4313.399902,2023
2026-08-07T03:15:00+00:00,4313.600098,4317.5,4310.399902,4316.899902,1839
2026-08-07T03:30:00+00:00,4317.299805,4320.899902,4316.399902,4319.5,1448
2026-08-07T03:45:00+00:00,4319.899902,4324.799805,4318,4322.700195,1735
2026-08-07T04:00:00+00:00,4325.100098,4328.399902,4321.399902,4325.399902,2971
2026-08-07T04:15:00+00:00,4325.299805,4328,4321,4324,1898
2026-08-07T04:30:00+00:00,4324.200195,4327.899902,4320.200195,4323.200195,1466
2026-08-07T04:45:00+00:00,4323.100098,4326.200195,4321.299805,4324,733
2026-08-07T05:00:00+00:00,4324,4330.700195,4320.5,4329,2315
2026-08-07T05:15:00+00:00,4328.700195,4330,4323.799805,4325.700195,1355
2026-08-07T05:30:00+00:00,4325.899902,4336.700195,4325.100098,4330.600098,3892
2026-08-07T05:45:00+00:00,4330.700195,4339.600098,4330.600098,4337.200195,3397
2026-08-07T06:00:00+00:00,4337.600098,4350,4337.100098,4345.299805,3911
2026-08-07T06:15:00+00:00,4345.299805,4350.299805,4341.200195,4342,3809
2026-08-07T06:30:00+00:00,4342.100098,4354.299805,4338.799805,4351.100098,4227
2026-08-07T06:45:00+00:00,4351.200195,4358,4347.700195,4356.399902,3917
2026-08-07T07:00:00+00:00,4356.200195,4357.399902,4348.799805,4350.200195,2865
2026-08-07T07:15:00+00:00,4350.299805,4351.5,4343.600098,4344.899902,2419
2026-08-07T07:30:00+00:00,4344.5,4348,4342.899902,4344.200195,2049
2026-08-07T07:45:00+00:00,4344.600098,4350.100098,4341.799805,4348.799805,1923
2026-08-07T08:00:00+00:00,4349,4359.700195,4347.799805,4358.799805,3544
2026-08-07T08:15:00+00:00,4359,4360,4352.399902,4354.100098,2414
2026-08-07T08:30:00+00:00,4354.100098,4375.700195,4353.299805,4367.799805,6757
2026-08-07T08:45:00+00:00,4368.200195,4371.5,4362.700195,4365.5,2699
2026-08-07T09:00:00+00:00,4365.600098,4367.100098,4363.700195,4365.5,1691
2026-08-07T09:15:00+00:00,4365.399902,4370.5,4364.200195,4366,2155
2026-08-07T09:30:00+00:00,4366.299805,4377.600098,4361.700195,4376.5,3401
2026-08-07T09:45:00+00:00,4376.700195,4380.5,4373.700195,4375.700195,3855
2026-08-07T10:00:00+00:00,4375.700195,4379.5,4367.299805,4367.700195,2983
2026-08-07T10:15:00+00:00,4367.600098,4373.700195,4367.299805,4373,2035
2026-08-07T10:30:00+00:00,4373.100098,4377.799805,4372.299805,4376.299805,1825
2026-08-07T10:45:00+00:00,4376.399902,4380.200195,4375.600098,4376.399902,2143
2026-08-07T11:00:00+00:00,4376.399902,4386.100098,4376.200195,4379.5,3810
2026-08-07T11:15:00+00:00,4379.700195,4386.899902,4376,4384.5,3441
2026-08-07T11:30:00+00:00,4384.700195,4387.200195,4380,4382.399902,2422
2026-08-07T11:45:00+00:00,4382.100098,4386.600098,4380,4380.600098,2709
2026-08-07T12:00:00+00:00,4380.799805,4385,4373.799805,4374.299805,4599
2026-08-07T12:15:00+00:00,4374.299805,4376.899902,4348.700195,4370.299805,6161
2026-08-07T12:30:00+00:00,4370.299805,4431.200195,4350,4427.399902,23700
2026-08-07T12:45:00+00:00,4427.600098,4432.399902,4416.100098,4421.899902,10953
2026-08-07T13:00:00+00:00,4421.799805,4424.899902,4405.899902,4407.799805,9194
2026-08-07T13:15:00+00:00,4407.899902,4418.399902,4398.799805,4416.700195,8352
2026-08-07T13:30:00+00:00,4416.799805,4428.700195,4409.600098,4418.399902,10165
2026-08-07T13:45:00+00:00,4418.600098,4420.5,4402.399902,4408.299805,7551
2026-08-07T14:00:00+00:00,4408.5,4409.399902,4386.5,4394.200195,11738
2026-08-07T14:15:00+00:00,4393.899902,4413.100098,4390,4408.799805,7619
2026-08-07T14:30:00+00:00,4409,4411.100098,4402.200195,4404.700195,5085
2026-08-07T14:45:00+00:00,4404.600098,4409.200195,4400,4401.299805,3844
2026-08-07T15:00:00+00:00,4401.399902,4416.100098,4399.600098,4415.299805,5640
2026-08-07T15:15:00+00:00,4415.399902,4418.700195,4410.399902,4410.600098,4333
2026-08-07T15:30:00+00:00,4410.799805,4413.600098,4406,4408.600098,3092
2026-08-07T15:45:00+00:00,4408.600098,4410.899902,4398.799805,4400.100098,3704
2026-08-07T16:00:00+00:00,4400.299805,4409.299805,4397.600098,4407.100098,3183
2026-08-07T16:15:00+00:00,4407.200195,4409.399902,4393.899902,4396.899902,3427
2026-08-07T16:30:00+00:00,4396.799805,4401.700195,4391.799805,4398.100098,2722
2026-08-07T16:45:00+00:00,4398.299805,4402,4388.700195,4388.700195,3082
2026-08-07T17:00:00+00:00,4388.899902,4398,4387.299805,4395.100098,2433
2026-08-07T17:15:00+00:00,4395,4401.700195,4393.100098,4399,2826
2026-08-07T17:30:00+00:00,4399,4399.5,4389,4395.600098,3154
2026-08-07T17:45:00+00:00,4395.299805,4402.700195,4394.200195,4399.899902,2082
2026-08-07T18:00:00+00:00,4399.899902,4403,4394.600098,4394.799805,1958
2026-08-07T18:15:00+00:00,4395,4398.100098,4391.700195,4394.200195,1800
2026-08-07T18:30:00+00:00,4394.200195,4399.200195,4393.299805,4394.299805,1191
2026-08-07T18:45:00+00:00,4394.299805,4397.600098,4393,4395.600098,1289
2026-08-07T19:00:00+00:00,4395.5,4406,4395.299805,4403.799805,3180
2026-08-07T19:15:00+00:00,4403.899902,4410.799805,4403.200195,4408.700195,1956
2026-08-07T19:30:00+00:00,4408.799805,4409,4404.399902,4407.600098,1481
2026-08-07T19:45:00+00:00,4407.700195,4409.299805,4399.5,4403.399902,2549
2026-08-07T20:00:00+00:00,4403.100098,4404.600098,4397.299805,4401.600098,1450
2026-08-07T20:15:00+00:00,4401.700195,4402.399902,4396.5,4397.200195,860
2026-08-07T20:30:00+00:00,4397.299805,4401.600098,4394.899902,4400.600098,1221
2026-08-07T20:45:00+00:00,4400.5,4402.600098,4398.299805,4399.700195,1409
2026-08-09T22:00:00+00:00,4398.600098,4405.600098,4397.5,4402.5,973
2026-08-09T22:15:00+00:00,4402.799805,4404.100098,4396.799805,4402.700195,1570
2026-08-09T22:30:00+00:00,4402.399902,4404,4398.799805,4399,988
2026-08-09T22:45:00+00:00,4398.799805,4403.100098,4398.700195,4400.200195,685
2026-08-09T23:00:00+00:00,4400.200195,4406.799805,4399.700195,4405.600098,1687
2026-08-09T23:15:00+00:00,4405.399902,4408.200195,4402.600098,4405.399902,1484
2026-08-09T23:30:00+00:00,4405.700195,4406.5,4398.899902,4401.299805,1675
2026-08-09T23:45:00+00:00,4401.200195,4402.299805,4390,4391.799805,2112
2026-08-10T00:00:00+00:00,4391.600098,4406.299805,4391.399902,4403.700195,3269
2026-08-10T00:15:00+00:00,4403.700195,4404.799805,4395.799805,4396.5,2348
2026-08-10T00:30:00+00:00,4396.600098,4398.299805,4392.299805,4393.200195,1929
2026-08-10T00:45:00+00:00,4393.299805,4396.399902,4389.399902,4391.5,2062
2026-08-10T01:00:00+00:00,4391.399902,4400,4381.5,4383.299805,7691
2026-08-10T01:15:00+00:00,4383,4388.700195,4376.399902,4376.600098,4217
2026-08-10T01:30:00+00:00,4376.5,4381.399902,4373.700195,4378,3646
2026-08-10T01:45:00+00:00,4378,4384.5,4376.299805,4383,3054
2026-08-10T02:00:00+00:00,4383,4386.5,4379.399902,4385,2330
2026-08-10T02:15:00+00:00,4385,4392.399902,4383.899902,4390.899902,2001
2026-08-10T02:30:00+00:00,4391.100098,4393,4383.100098,4386.700195,2878
2026-08-10T02:45:00+00:00,4386.600098,4387.5,4378.899902,4379.600098,2043
2026-08-10T03:00:00+00:00,4379.799805,4381.200195,4377.399902,4379.899902,1425
2026-08-10T03:15:00+00:00,4379.899902,4388.299805,4379.5,4387.5,2528
2026-08-10T03:30:00+00:00,4387.299805,4390.600098,4385.5,4386.100098,1429
2026-08-10T03:45:00+00:00,4385.899902,4388.700195,4384.5,4387.700195,928
2026-08-10T04:00:00+00:00,4387.299805,4393,4383.600098,4393,2361
2026-08-10T04:15:00+00:00,4392.700195,4397.799805,4391,4394.899902,2209
2026-08-10T04:30:00+00:00,4394.799805,4396.5,4389.700195,4392.200195,1773
2026-08-10T04:45:00+00:00,4392.200195,4399.5,4391.5,4399.299805,1898
2026-08-10T05:00:00+00:00,4399.100098,4399.899902,4393.399902,4394.600098,1661
2026-08-10T05:15:00+00:00,4394.899902,4396.100098,4392.5,4393.600098,985
2026-08-10T05:30:00+00:00,4393.5,4404.600098,4391.5,4403.5,3921
2026-08-10T05:45:00+00:00,4403.600098,4413,4400.700195,4406.899902,3512
2026-08-10T06:00:00+00:00,4407.100098,4410,4401.399902,4406.899902,2630
2026-08-10T06:15:00+00:00,4407.100098,4409.5,4402.200195,4408.100098,1899
2026-08-10T06:30:00+00:00,4407.700195,4415.5,4405.399902,4414.799805,2035
2026-08-10T06:45:00+00:00,4414.799805,4419.700195,4414.600098,4417.700195,1939
2026-08-10T07:00:00+00:00,4417.600098,4418.399902,4409.100098,4410.299805,2394
2026-08-10T07:15:00+00:00,4410.299805,4418.5,4409.700195,4414.5,2119
2026-08-10T07:30:00+00:00,4414.399902,4419.5,4412,4418.5,1594
2026-08-10T07:45:00+00:00,4418.799805,4421.600098,4414.100098,4414.700195,1819
2026-08-10T08:00:00+00:00,4414.700195,4415.5,4410.799805,4413.700195,1261
2026-08-10T08:15:00+00:00,4413.600098,4415.700195,4411.5,4415.100098,1188
2026-08-10T08:30:00+00:00,4414.700195,4416.100098,4404.899902,4405.299805,2037
2026-08-10T08:45:00+00:00,4405.299805,4408.299805,4402.799805,4405.799805,2093
2026-08-10T09:00:00+00:00,4405.600098,4409.200195,4404.600098,4408.799805,1644
2026-08-10T09:15:00+00:00,4408.700195,4408.700195,4403.899902,4406.200195,1301
2026-08-10T09:30:00+00:00,4406,4406,4398.299805,4403.700195,2885
2026-08-10T09:45:00+00:00,4403.600098,4404.700195,4399.799805,4400.200195,1015
2026-08-10T10:00:00+00:00,4400.299805,4400.799805,4398.200195,4400,1343
2026-08-10T10:15:00+00:00,4399.700195,4403.200195,4398.399902,4402.600098,1228
2026-08-10T10:30:00+00:00,4402.600098,4403.299805,4396.399902,4397,1523
2026-08-10T10:45:00+00:00,4396.799805,4400,4394,4395.100098,1844
2026-08-10T11:00:00+00:00,4395.100098,4396.200195,4386.899902,4390.5,2747
2026-08-10T11:15:00+00:00,4390.100098,4395.700195,4387.899902,4393.5,2056
2026-08-10T11:30:00+00:00,4393.600098,4398.799805,4393.5,4396.5,1751
2026-08-10T11:45:00+00:00,4396.5,4397.100098,4391.100098,4393.5,1415
2026-08-10T12:00:00+00:00,4393.700195,4396.299805,4389.799805,4390.399902,2069
2026-08-10T12:15:00+00:00,4390.700195,4391.299805,4382.5,4386.5,2996
2026-08-10T12:30:00+00:00,4386.5,4391.5,4385,4387.799805,2851
2026-08-10T12:45:00+00:00,4387.600098,4394.700195,4387.299805,4391.5,2168
2026-08-10T13:00:00+00:00,4391.200195,4396.700195,4384.600098,4396.299805,3979
2026-08-10T13:15:00+00:00,4396.299805,4396.899902,4387.700195,4394.100098,3158
2026-08-10T13:30:00+00:00,4393.899902,4398.399902,4387.5,4388.899902,5058
2026-08-10T13:45:00+00:00,4389.200195,4390.200195,4375,4376.399902,7143
2026-08-10T14:00:00+00:00,4376.399902,4390,4376,4388.899902,5063
2026-08-10T14:15:00+00:00,4389.100098,4407.299805,4387.299805,4404.5,7630
2026-08-10T14:30:00+00:00,4404.5,4411.200195,4404,4409.200195,4850
2026-08-10T14:45:00+00:00,4409,4410.700195,4402.200195,4405.100098,3892
2026-08-10T15:00:00+00:00,4405.200195,4412,4401.799805,4406.5,4584
2026-08-10T15:15:00+00:00,4406.600098,4412,4405.600098,4408.700195,2954
2026-08-10T15:30:00+00:00,4408.700195,4411.600098,4407.299805,4409.899902,2112
2026-08-10T15:45:00+00:00,4410,4419.100098,4408.200195,4418,3903
2026-08-10T16:00:00+00:00,4418.299805,4424.399902,4416.100098,4420.799805,5479
2026-08-10T16:15:00+00:00,4420.700195,4424.299805,4420.200195,4422.200195,1800
2026-08-10T16:30:00+00:00,4422.200195,4422.5,4405,4411.100098,5706
2026-08-10T16:45:00+00:00,4411.200195,4416.5,4411.100098,4416.399902,1940
2026-08-10T17:00:00+00:00,4416.5,4417.5,4410.700195,4416.299805,2390
2026-08-10T17:15:00+00:00,4416.200195,4420.5,4415.299805,4420.5,1970
2026-08-10T17:30:00+00:00,4420.5,4425.100098,4418.700195,4419.600098,2471
2026-08-10T17:45:00+00:00,4419.5,4420.5,4416.399902,4419.200195,1984
2026-08-10T18:00:00+00:00,4419.200195,4424.799805,4418.799805,4422.200195,1907
2026-08-10T18:15:00+00:00,4422.100098,4426.600098,4420.600098,4425,1951
2026-08-10T18:30:00+00:00,4425.200195,4442.600098,4424.5,4438.799805,6506
2026-08-10T18:45:00+00:00,4439,4439.100098,4432.5,4437.799805,2954
2026-08-10T19:00:00+00:00,4437.799805,4442.100098,4437.700195,4441.200195,2334
2026-08-10T19:15:00+00:00,4441.299805,4450.799805,4440.399902,4449.600098,4007
2026-08-10T19:30:00+00:00,4449.799805,4453.200195,4443.399902,4446.600098,3917
2026-08-10T19:45:00+00:00,4446.899902,4453.899902,4445.899902,4446.799805,3586
2026-08-10T20:00:00+00:00,4447,4449.799805,4444.5,4448.399902,1584
2026-08-10T20:15:00+00:00,4448.399902,4451.100098,4445.200195,4449.899902,1182
2026-08-10T20:30:00+00:00,4450.299805,4451.100098,4448.700195,4449.100098,974
2026-08-10T20:45:00+00:00,4449,4449.899902,4447.600098,4448.700195,945
2026-08-10T22:00:00+00:00,4450.5,4452.200195,4443.700195,4450.200195,838
2026-08-10T22:15:00+00:00,4450.700195,4452.700195,4450.5,4451.200195,726
2026-08-10T22:30:00+00:00,4451.399902,4455.700195,4451.100098,4454.700195,1331
2026-08-10T22:45:00+00:00,4454.700195,4460.899902,4454.600098,4459.100098,2297
2026-08-10T23:00:00+00:00,4459.100098,4461.700195,4455,4457,2470
2026-08-10T23:15:00+00:00,4456.799805,4457.100098,4453,4454.799805,1247
2026-08-10T23:30:00+00:00,4454.700195,4458.700195,4454.399902,4457.899902,1302
2026-08-10T23:45:00+00:00,4458.399902,4463,4455.899902,4462.200195,1925
2026-08-11T00:00:00+00:00,4462.100098,4468.600098,4456,4464.700195,4540
2026-08-11T00:15:00+00:00,4465,4475.899902,4463.799805,4473.5,3444
2026-08-11T00:30:00+00:00,4473.5,4473.600098,4466.5,4473.600098,3280
2026-08-11T00:45:00+00:00,4473.5,4478.700195,4467.100098,4468.799805,3483
2026-08-11T01:00:00+00:00,4468.600098,4474.899902,4453,4474.399902,8453
2026-08-11T01:15:00+00:00,4474,4480,4472.399902,4479.100098,4748
2026-08-11T01:30:00+00:00,4479.399902,4483,4475.200195,4475.299805,4053
2026-08-11T01:45:00+00:00,4475.399902,4493.5,4474.399902,4489.5,5956
2026-08-11T02:00:00+00:00,4489.299805,4494.5,4481,4493.700195,5055
2026-08-11T02:15:00+00:00,4494,4495.100098,4485.899902,4488.399902,3517
2026-08-11T02:30:00+00:00,4488.100098,4489.200195,4473.5,4478.5,4821
2026-08-11T02:45:00+00:00,4478.5,4479.299805,4467.899902,4470.799805,3919
2026-08-11T03:00:00+00:00,4471,4475.399902,4469.200195,4473.200195,2243
2026-08-11T03:15:00+00:00,4473.399902,4480.799805,4472.5,4480.100098,2321
2026-08-11T03:30:00+00:00,4480.100098,4481.5,4474.899902,4475.399902,1439
2026-08-11T03:45:00+00:00,4475.899902,4478.600098,4473.5,4477.299805,1461
2026-08-11T04:00:00+00:00,4476.600098,4479.200195,4472,4473.600098,1848
2026-08-11T04:15:00+00:00,4474,4475.700195,4469.899902,4474.899902,1556
2026-08-11T04:30:00+00:00,4474.700195,4480.299805,4468.200195,4469.799805,2976
2026-08-11T04:45:00+00:00,4469.799805,4471.200195,4463.399902,4468.899902,3008
2026-08-11T05:00:00+00:00,4468.600098,4469,4459,4461.700195,2393
2026-08-11T05:15:00+00:00,4461.799805,4461.899902,4450.100098,4451.799805,3648
2026-08-11T05:30:00+00:00,4451.799805,4451.799805,4432.100098,4437.200195,10429
2026-08-11T05:45:00+00:00,4437.200195,4438.399902,4427.200195,4435.100098,5552
2026-08-11T06:00:00+00:00,4435,4442.100098,4431.200195,4432.200195,4272
2026-08-11T06:15:00+00:00,4432.200195,4435.600098,4421.200195,4422.799805,5193
2026-08-11T06:30:00+00:00,4422.700195,4428.600098,4418.600098,4422.5,4222
2026-08-11T06:45:00+00:00,4423,4426.899902,4418.799805,4425.200195,2295
2026-08-11T07:00:00+00:00,4425.200195,4426.899902,4420.100098,4422.5,2169
2026-08-11T07:15:00+00:00,4422.399902,4425.200195,4416.700195,4422.299805,2326
2026-08-11T07:30:00+00:00,4422.399902,4424.200195,4415.799805,4417.600098,2252
2026-08-11T07:45:00+00:00,4417.799805,4420.799805,4415.899902,4416.700195,1601
2026-08-11T08:00:00+00:00,4417.100098,4426.399902,4416.100098,4424.299805,2769
2026-08-11T08:15:00+00:00,4424.100098,4428.700195,4417.899902,4428,2745
2026-08-11T08:30:00+00:00,4427.799805,4434.600098,4427.399902,4433.5,2927
2026-08-11T08:45:00+00:00,4433.5,4435.5,4427.5,4427.899902,2303
2026-08-11T09:00:00+00:00,4427.600098,4431.799805,4426.200195,4431,1590
2026-08-11T09:15:00+00:00,4431.299805,4434.299805,4429.700195,4430.399902,2100
2026-08-11T09:30:00+00:00,4430.600098,4433.799805,4428.899902,4429.200195,1745
2026-08-11T09:45:00+00:00,4429.299805,4433.700195,4429.100098,4431.399902,1119
2026-08-11T10:00:00+00:00,4431.399902,4435,4429.899902,4431.799805,1133
2026-08-11T10:15:00+00:00,4431.799805,4441,4431.100098,4437.299805,2379
2026-08-11T10:30:00+00:00,4437.200195,4440.100098,4435.600098,4436.299805,1368
2026-08-11T10:45:00+00:00,4436.399902,4441.5,4436.299805,4441.100098,1507
2026-08-11T11:00:00+00:00,4441.100098,4451.700195,4439.200195,4449.700195,5096
2026-08-11T11:15:00+00:00,4449.799805,4450.600098,4443.5,4445.700195,2061
2026-08-11T11:30:00+00:00,4445.899902,4446.5,4441.299805,4444.700195,1700
2026-08-11T11:45:00+00:00,4444.600098,4448.200195,4443.299805,4446,1934
2026-08-11T12:00:00+00:00,4446,4456,4442.299805,4455.299805,3689
2026-08-11T12:15:00+00:00,4455.399902,4458.600098,4446.100098,4449.200195,6421
2026-08-11T12:30:00+00:00,4449.600098,4457.200195,4446.899902,4457.200195,3924
2026-08-11T12:45:00+00:00,4457,4458.899902,4450.100098,4450.700195,3423
2026-08-11T13:00:00+00:00,4450.899902,4459.899902,4449.700195,4452.700195,4466
2026-08-11T13:15:00+00:00,4452.700195,4460,4448.100098,4457.100098,4714
2026-08-11T13:30:00+00:00,4457.100098,4460.899902,4447.600098,4459,6969
2026-08-11T13:45:00+00:00,4459,4463.399902,4443.100098,4448.299805,9117
2026-08-11T14:00:00+00:00,4448.299805,4449.100098,4439.600098,4445.899902,6009
2026-08-11T14:15:00+00:00,4446.100098,4449.200195,4440.600098,4443.100098,4630
2026-08-11T14:30:00+00:00,4443.299805,4454.899902,4443.100098,4453.100098,4450
2026-08-11T14:45:00+00:00,4453,4457.5,4451,4453.600098,3400
2026-08-11T15:00:00+00:00,4453.600098,4458.299805,4448.399902,4451.600098,3947
2026-08-11T15:15:00+00:00,4451.399902,4451.600098,4440.700195,4445.700195,4961
2026-08-11T15:30:00+00:00,4445.5,4445.799805,4428.200195,4435.299805,6839
2026-08-11T15:45:00+00:00,4435.399902,4443.5,4434.299805,4443,3419
2026-08-11T16:00:00+00:00,4443.5,4444.600098,4438.200195,4439.299805,2551
2026-08-11T16:15:00+00:00,4439.200195,4443.200195,4438,4442.899902,1831
2026-08-11T16:30:00+00:00,4442.700195,4445.399902,4438.899902,4444.299805,1916
2026-08-11T16:45:00+00:00,4444.5,4445.200195,4440.5,4443.100098,1303
2026-08-11T17:00:00+00:00,4443.299805,4445.799805,4440.700195,4440.700195,1506
2026-08-11T17:15:00+00:00,4440.700195,4443.899902,4438.100098,4440.799805,4235
2026-08-11T17:30:00+00:00,4440.799805,4441.399902,4433.700195,4435.700195,2145
2026-08-11T17:45:00+00:00,4435.899902,4437.100098,4428.100098,4428.399902,1949
2026-08-11T18:00:00+00:00,4428.399902,4428.799805,4419.700195,4423.299805,3917
2026-08-11T18:15:00+00:00,4423.200195,4426.700195,4419.600098,4420.299805,2575
2026-08-11T18:30:00+00:00,4420.5,4431.299805,4420.200195,4430.299805,2954
2026-08-11T18:45:00+00:00,4430.399902,4432,4429.100098,4430.5,1596
2026-08-11T19:00:00+00:00,4430.399902,4431.100098,4422.200195,4422.700195,2776
2026-08-11T19:15:00+00:00,4422.600098,4430.299805,4420,4429.600098,2480
2026-08-11T19:30:00+00:00,4429.799805,4434.5,4425.700195,4427,2392
2026-08-11T19:45:00+00:00,4427.100098,4432.100098,4425.600098,4429.600098,2183
2026-08-11T20:00:00+00:00,4429.5,4430,4427.100098,4429.100098,839
2026-08-11T20:15:00+00:00,4429.100098,4430.200195,4426.5,4429.200195,613
2026-08-11T20:30:00+00:00,4429.399902,4429.600098,4426.600098,4426.799805,546
2026-08-11T20:45:00+00:00,4426.700195,4428.200195,4426.200195,4428.100098,711
2026-08-11T21:00:00+00:00,4428.100098,4428.100098,4428.100098,4428.100098,1
2026-08-11T22:00:00+00:00,4429.799805,4433.700195,4428.100098,4432.200195,887
2026-08-11T22:15:00+00:00,4432.200195,4435.600098,4431.5,4434.899902,1380
2026-08-11T22:30:00+00:00,4434.700195,4436.399902,4433.399902,4434.899902,1149
2026-08-11T22:45:00+00:00,4434.799805,4437.5,4426.200195,4428,2853
2026-08-11T23:00:00+00:00,4428.200195,4428.799805,4421.299805,4425,3277
2026-08-11T23:15:00+00:00,4424.799805,4433,4423.799805,4431.600098,2427
2026-08-11T23:30:00+00:00,4431.5,4431.700195,4425.100098,4426.799805,1131
2026-08-11T23:45:00+00:00,4427,4431.100098,4426.700195,4430.5,1067
2026-08-12T00:00:00+00:00,4430.600098,4438.700195,4425.600098,4437.299805,2680
2026-08-12T00:15:00+00:00,4437.100098,4440.5,4433.299805,4440.200195,2666
2026-08-12T00:30:00+00:00,4440.100098,4443.200195,4438.700195,4442.399902,2039
2026-08-12T00:45:00+00:00,4442.399902,4442.700195,4437.100098,4440.200195,1771
2026-08-12T01:00:00+00:00,4440.200195,4450.299805,4437.899902,4449.799805,4826
2026-08-12T01:15:00+00:00,4450,4453.899902,4446.299805,4450.100098,2978
2026-08-12T01:30:00+00:00,4449.899902,4453,4444.600098,4452.700195,3333
2026-08-12T01:45:00+00:00,4452.700195,4457.200195,4450.600098,4456.299805,2777
2026-08-12T02:00:00+00:00,4456.299805,4464.399902,4453.600098,4461,3089
2026-08-12T02:15:00+00:00,4460.399902,4462.700195,4458.299805,4461.5,2089
2026-08-12T02:30:00+00:00,4461.399902,4467.600098,4456.600098,4465,3844
2026-08-12T02:45:00+00:00,4465.100098,4474.100098,4464.600098,4471.100098,3974
2026-08-12T03:00:00+00:00,4471,4475.700195,4468.200195,4470.5,3281
2026-08-12T03:15:00+00:00,4470.700195,4470.799805,4464.399902,4467.299805,2748
2026-08-12T03:30:00+00:00,4467.299805,4468.799805,4461.299805,4461.600098,2386
2026-08-12T03:45:00+00:00,4461.5,4463.799805,4460.700195,4461.899902,1430
2026-08-12T04:00:00+00:00,4462.100098,4463.100098,4456.200195,4457.299805,2089
2026-08-12T04:15:00+00:00,4457.299805,4459.5,4455.299805,4458.899902,1516
2026-08-12T04:30:00+00:00,4459,4460.399902,4455.100098,4460.200195,1575
2026-08-12T04:45:00+00:00,4459.899902,4462.5,4459.200195,4461.200195,1412
2026-08-12T05:00:00+00:00,4461,4465,4459.799805,4461,2073
2026-08-12T05:15:00+00:00,4460.700195,4460.899902,4452,4452.5,3381
2026-08-12T05:30:00+00:00,4452.299805,4457,4447.600098,4448,3744
2026-08-12T05:45:00+00:00,4447.799805,4454.100098,4443.899902,4451.100098,3216
2026-08-12T06:00:00+00:00,4451.100098,4453,4445.200195,4447.100098,2184
2026-08-12T06:15:00+00:00,4447.200195,4450.799805,4445.700195,4449.700195,1559
2026-08-12T06:30:00+00:00,4449.799805,4457.600098,4448.399902,4454.399902,2831
2026-08-12T06:45:00+00:00,4454.5,4466.200195,4454.5,4463.200195,3378
2026-08-12T07:00:00+00:00,4463.100098,4465.700195,4460.299805,4460.899902,2240
2026-08-12T07:15:00+00:00,4461,4462.100098,4457.399902,4461.700195,1736
2026-08-12T07:30:00+00:00,4461.600098,4467.799805,4460.600098,4467.399902,1894
2026-08-12T07:45:00+00:00,4467.200195,4469.5,4464.100098,4465.799805,1831
2026-08-12T08:00:00+00:00,4465.899902,4470.299805,4465.299805,4468,1745
2026-08-12T08:15:00+00:00,4468,4469.100098,4465,4466.5,1412
2026-08-12T08:30:00+00:00,4466.399902,4467,4463.5,4465.200195,1272
2026-08-12T08:45:00+00:00,4464.600098,4464.600098,4460.299805,4460.899902,1096
2026-08-12T09:00:00+00:00,4460.899902,4472.600098,4460.899902,4472.299805,2293
2026-08-12T09:15:00+00:00,4472.399902,4484.100098,4471.899902,4472.799805,5194
2026-08-12T09:30:00+00:00,4473,4476.799805,4471.600098,4473.200195,2227
2026-08-12T09:45:00+00:00,4473.399902,4475.899902,4470,4475.299805,2295
2026-08-12T10:00:00+00:00,4475.399902,4480,4474,4477.299805,1729
2026-08-12T10:15:00+00:00,4477.700195,4480.399902,4477,4478.899902,1315
2026-08-12T10:30:00+00:00,4479.100098,4479.399902,4471.899902,4474,1801
2026-08-12T10:45:00+00:00,4474,4475.100098,4465.799805,4472.100098,2496
2026-08-12T11:00:00+00:00,4472.299805,4474.600098,4467.299805,4467.399902,2229
2026-08-12T11:15:00+00:00,4467.600098,4477.700195,4467.100098,4474.799805,2466
2026-08-12T11:30:00+00:00,4474.899902,4475.700195,4469.700195,4473.200195,1368
2026-08-12T11:45:00+00:00,4473,4475.200195,4472,4472.299805,1175
2026-08-12T12:00:00+00:00,4472.5,4472.799805,4465.5,4468.100098,3063
2026-08-12T12:15:00+00:00,4468,4488,4463.799805,4486.600098,5087
2026-08-12T12:30:00+00:00,4486.600098,4498.100098,4447.299805,4488.700195,25820
2026-08-12T12:45:00+00:00,4488.5,4499,4476,4498.100098,9658
2026-08-12T13:00:00+00:00,4497.799805,4502.399902,4480.399902,4482,9327
2026-08-12T13:15:00+00:00,4481.799805,4489,4474,4478.200195,6721
2026-08-12T13:30:00+00:00,4478.299805,4480.799805,4468,4476.600098,8940
2026-08-12T13:45:00+00:00,4476.399902,4494,4475.399902,4487.399902,8579
2026-08-12T14:00:00+00:00,4487.299805,4495.200195,4480,4491.899902,6754
2026-08-12T14:15:00+00:00,4491.899902,4499.700195,4489.700195,4491.399902,6035
2026-08-12T14:30:00+00:00,4491.299805,4496.200195,4476,4484.799805,8341
2026-08-12T14:45:00+00:00,4484.799805,4492.299805,4475.5,4481.200195,5944
2026-08-12T15:00:00+00:00,4481.100098,4489.600098,4473.5,4486.399902,4923
2026-08-12T15:15:00+00:00,4486.5,4488.100098,4479.399902,4481.399902,3310
2026-08-12T15:30:00+00:00,4481.299805,4485.200195,4476.100098,4477.799805,2608
2026-08-12T15:45:00+00:00,4477.899902,4481.799805,4470,4480.299805,4299
2026-08-12T16:00:00+00:00,4480.200195,4485.299805,4476.399902,4482.899902,3380
2026-08-12T16:15:00+00:00,4483,4486.200195,4482,4483.100098,2310
2026-08-12T16:30:00+00:00,4483,4483.700195,4469.100098,4470.700195,4444
2026-08-12T16:45:00+00:00,4470.700195,4471.200195,4456,4462,7502
2026-08-12T17:00:00+00:00,4462.100098,4468,4459.899902,4463.799805,2973
2026-08-12T17:15:00+00:00,4464.100098,4470.200195,4462.100098,4466.5,3356
2026-08-12T17:30:00+00:00,4466.700195,4471.799805,4461.399902,4462.200195,3212
2026-08-12T17:45:00+00:00,4462.299805,4465.899902,4459,4459.600098,2020
2026-08-12T18:00:00+00:00,4459.399902,4466.5,4455.899902,4465.700195,2768
2026-08-12T18:15:00+00:00,4465.899902,4471.399902,4464.399902,4468.399902,2262
2026-08-12T18:30:00+00:00,4468.5,4473.799805,4468,4473.600098,2098
2026-08-12T18:45:00+00:00,4473.700195,4478.100098,4472.799805,4473.200195,1956
2026-08-12T19:00:00+00:00,4473.100098,4478.399902,4472.799805,4476.100098,1432
2026-08-12T19:15:00+00:00,4476,4477.799805,4475.5,4476.5,850
2026-08-12T19:30:00+00:00,4476.399902,4476.600098,4471,4473,1750
2026-08-12T19:45:00+00:00,4473.200195,4474,4468.399902,4473.700195,1861
2026-08-12T20:00:00+00:00,4473.700195,4474.600098,4468.899902,4469.100098,1045
2026-08-12T20:15:00+00:00,4469.200195,4470.299805,4466.299805,4467.899902,698
2026-08-12T20:30:00+00:00,4467.799805,4469.100098,4466.799805,4468,502
2026-08-12T20:45:00+00:00,4468.299805,4469,4466.600098,4468.899902,733
2026-08-12T21:00:00+00:00,4469.100098,4469.399902,4469.100098,4469.399902,6
2026-08-12T22:00:00+00:00,4469,4472.399902,4461,4461.799805,732
2026-08-12T22:15:00+00:00,4461.899902,4462,4456.5,4457.799805,1392
2026-08-12T22:30:00+00:00,4457.5,4460.299805,4456.799805,4458.600098,1133
2026-08-12T22:45:00+00:00,4458.299805,4461.5,4458.100098,4460,880
2026-08-12T23:00:00+00:00,4460.100098,4464.700195,4460,4464.399902,1345
2026-08-12T23:15:00+00:00,4464.299805,4468.5,4464.200195,4466.799805,1323
2026-08-12T23:30:00+00:00,4466.799805,4469,4465.299805,4467,1111
2026-08-12T23:45:00+00:00,4467,4473.299805,4466.299805,4473.200195,1590
2026-08-13T00:00:00+00:00,4473.200195,4481.299805,4471.600098,4478.100098,4108
2026-08-13T00:15:00+00:00,4478.5,4496.600098,4478.299805,4487.399902,6322
2026-08-13T00:30:00+00:00,4487.399902,4509.200195,4483.399902,4499.200195,8003
2026-08-13T00:45:00+00:00,4499.5,4499.5,4482.700195,4486.600098,5285
2026-08-13T01:00:00+00:00,4486.799805,4494.200195,4481.299805,4488.899902,6478
2026-08-13T01:15:00+00:00,4489,4494.299805,4477.299805,4478,4550
2026-08-13T01:30:00+00:00,4477.799805,4489.200195,4476.299805,4477.799805,4548
2026-08-13T01:45:00+00:00,4477.799805,4478.100098,4464.799805,4467.399902,5946
2026-08-13T02:00:00+00:00,4466.899902,4472.799805,4463.899902,4469.200195,3950
2026-08-13T02:15:00+00:00,4469.200195,4471,4464.399902,4464.799805,1988
2026-08-13T02:30:00+00:00,4464.600098,4469,4457.299805,4469,4986
2026-08-13T02:45:00+00:00,4468.799805,4469.399902,4464,4465.600098,2278
2026-08-13T03:00:00+00:00,4465.700195,4470.899902,4462.399902,4465.600098,2371
2026-08-13T03:15:00+00:00,4465.700195,4468.600098,4463.899902,4467.399902,1076
2026-08-13T03:30:00+00:00,4467.799805,4468.799805,4463.899902,4464.200195,949
2026-08-13T03:45:00+00:00,4464.5,4466.200195,4457.700195,4458.100098,1877
2026-08-13T04:00:00+00:00,4458.700195,4458.700195,4449.5,4452.100098,4859
2026-08-13T04:15:00+00:00,4452.399902,4457.399902,4450.200195,4456.200195,1806
2026-08-13T04:30:00+00:00,4456.100098,4457.799805,4452.700195,4453.399902,1665
2026-08-13T04:45:00+00:00,4453.299805,4456.600098,4453,4455.5,1219
2026-08-13T05:00:00+00:00,4455.399902,4462.299805,4450.600098,4462.200195,3358
2026-08-13T05:15:00+00:00,4462.299805,4465.200195,4458.5,4464.299805,2359
2026-08-13T05:30:00+00:00,4464.299805,4465.200195,4443.5,4445.399902,5444
2026-08-13T05:45:00+00:00,4445.200195,4447.100098,4437.600098,4440.399902,4446
2026-08-13T06:00:00+00:00,4440.399902,4443,4432.399902,4433.299805,4610
2026-08-13T06:15:00+00:00,4433.200195,4436.200195,4431.5,4433.100098,2304
2026-08-13T06:30:00+00:00,4433.100098,4435.799805,4425.899902,4431.100098,3323
2026-08-13T06:45:00+00:00,4431.299805,4438.299805,4431,4437.799805,2788
2026-08-13T07:00:00+00:00,4437.399902,4438.700195,4431.399902,4433.299805,2388
2026-08-13T07:15:00+00:00,4433.600098,4434.5,4430.5,4433.100098,1453
2026-08-13T07:30:00+00:00,4432.799805,4435.799805,4428.600098,4435.399902,2050
2026-08-13T07:45:00+00:00,4435.399902,4435.899902,4425.700195,4426.399902,2713
2026-08-13T08:00:00+00:00,4426.600098,4427.299805,4420.200195,4422.5,3790
2026-08-13T08:15:00+00:00,4422.5,4429.899902,4421.100098,4429.100098,2259
2026-08-13T08:30:00+00:00,4429,4432.299805,4428.200195,4429.799805,1416
2026-08-13T08:45:00+00:00,4429.799805,4435.700195,4429.700195,4432.200195,1517
2026-08-13T09:00:00+00:00,4432.299805,4434.700195,4428.700195,4433.399902,1444
2026-08-13T09:15:00+00:00,4433.100098,4440,4432.399902,4436.299805,2575
2026-08-13T09:30:00+00:00,4436.299805,4438.5,4435.200195,4436.899902,1252
2026-08-13T09:45:00+00:00,4436.799805,4441.799805,4435.299805,4441.700195,1543
2026-08-13T10:00:00+00:00,4441.799805,4442.600098,4438.899902,4438.899902,1473
2026-08-13T10:15:00+00:00,4439.100098,4445.299805,4439.100098,4444.799805,1581
2026-08-13T10:30:00+00:00,4445,4448.299805,4442.299805,4448,1493
2026-08-13T10:45:00+00:00,4448.200195,4451.399902,4445.899902,4449.899902,1683
2026-08-13T11:00:00+00:00,4449.600098,4451.899902,4446.100098,4451.799805,1640
2026-08-13T11:15:00+00:00,4451.799805,4454.100098,4445.200195,4445.5,2107
2026-08-13T11:30:00+00:00,4445.600098,4447.200195,4440.399902,4441,2443
2026-08-13T11:45:00+00:00,4441,4445.399902,4439.600098,4444.700195,2262
2026-08-13T12:00:00+00:00,4444.600098,4448.799805,4442.299805,4445.899902,2478
2026-08-13T12:15:00+00:00,4446,4450.299805,4440.799805,4448.299805,2698
2026-08-13T12:30:00+00:00,4447.200195,4459,4437.100098,4448.5,8176
2026-08-13T12:45:00+00:00,4448.600098,4459.100098,4448.200195,4458.899902,3964
2026-08-13T13:00:00+00:00,4458.600098,4459.100098,4447.5,4450.399902,5052
2026-08-13T13:15:00+00:00,4450.5,4452.299805,4440.299805,4441.600098,3981
2026-08-13T13:30:00+00:00,4441.799805,4446.5,4431.299805,4435.899902,7869
2026-08-13T13:45:00+00:00,4436,4439.799805,4427,4429.200195,6344
2026-08-13T14:00:00+00:00,4429.200195,4435.799805,4424,4428.100098,7767
2026-08-13T14:15:00+00:00,4428,4436,4424.600098,4425,5572
2026-08-13T14:30:00+00:00,4425,4439.200195,4410.600098,4438.100098,10147
2026-08-13T14:45:00+00:00,4438.600098,4444.600098,4438.299805,4440.799805,4623
2026-08-13T15:00:00+00:00,4441.200195,4443.100098,4424.600098,4426.200195,4971
2026-08-13T15:15:00+00:00,4426.200195,4430.700195,4420,4421.899902,5675
2026-08-13T15:30:00+00:00,4421.799805,4428.5,4412.299805,4425,5872
2026-08-13T15:45:00+00:00,4425.200195,4427.799805,4420.5,4422.399902,2337
2026-08-13T16:00:00+00:00,4422.399902,4424.899902,4410.799805,4412.5,3981
2026-08-13T16:15:00+00:00,4412.5,4419.5,4407.700195,4419.200195,5302
2026-08-13T16:30:00+00:00,4419.200195,4424.100098,4419.100098,4422.5,2938
2026-08-13T16:45:00+00:00,4422.700195,4425.600098,4420.600098,4424.200195,1779
2026-08-13T17:00:00+00:00,4424.299805,4430.600098,4422.399902,4428.600098,2507
2026-08-13T17:15:00+00:00,4428.700195,4429.100098,4419.200195,4420,2866
2026-08-13T17:30:00+00:00,4420.100098,4421.5,4412.100098,4413.700195,2903
2026-08-13T17:45:00+00:00,4413.899902,4416.600098,4412.100098,4412.600098,1499
2026-08-13T18:00:00+00:00,4412.600098,4419.600098,4412.399902,4418.700195,1936
2026-08-13T18:15:00+00:00,4419,4420.5,4411.600098,4414.299805,2269
2026-08-13T18:30:00+00:00,4414.399902,4417.399902,4413,4414.799805,1208
2026-08-13T18:45:00+00:00,4414.899902,4415.100098,4411.100098,4413.700195,1294
2026-08-13T19:00:00+00:00,4413.700195,4415.700195,4402.5,4403.299805,3071
2026-08-13T19:15:00+00:00,4403.299805,4408.100098,4400,4408,2680
2026-08-13T19:30:00+00:00,4407.899902,4410.700195,4405.899902,4407.600098,1525
2026-08-13T19:45:00+00:00,4407.799805,4408,4403.700195,4406,1822
2026-08-13T20:00:00+00:00,4406,4406.700195,4402.5,4406.600098,1033
2026-08-13T20:15:00+00:00,4406.299805,4408.600098,4405.399902,4407.899902,755
2026-08-13T20:30:00+00:00,4407.700195,4408,4404.299805,4405.700195,1041
2026-08-13T20:45:00+00:00,4405.5,4407.799805,4404.600098,4407,1088
2026-08-13T22:00:00+00:00,4409.600098,4412.700195,4407.100098,4409.600098,1097
2026-08-13T22:15:00+00:00,4409.899902,4414,4408.299805,4412.799805,1390
2026-08-13T22:30:00+00:00,4412.5,4418.700195,4411,4416.100098,2168
2026-08-13T22:45:00+00:00,4415.899902,4417,4409,4411,2266
2026-08-13T23:00:00+00:00,4411.200195,4416.399902,4404.899902,4416.399902,2976
2026-08-13T23:15:00+00:00,4416.100098,4418.799805,4412.299805,4418.399902,2650
2026-08-13T23:30:00+00:00,4418.100098,4418.799805,4413.600098,4415.700195,1680
2026-08-13T23:45:00+00:00,4415.799805,4419.600098,4411.5,4411.5,2361
2026-08-14T00:00:00+00:00,4411.600098,4417.5,4405.899902,4407.299805,3214
2026-08-14T00:15:00+00:00,4407.299805,4408.200195,4395.200195,4395.399902,5162
2026-08-14T00:30:00+00:00,4395.399902,4403.100098,4390.5,4395.5,5742
2026-08-14T00:45:00+00:00,4395.899902,4398.899902,4384.899902,4396.700195,5191
2026-08-14T01:00:00+00:00,4396.200195,4397.299805,4378,4380.200195,7586
2026-08-14T01:15:00+00:00,4380.399902,4382.200195,4370.700195,4375.600098,7406
2026-08-14T01:30:00+00:00,4375.5,4377.5,4368.5,4375.600098,4355
2026-08-14T01:45:00+00:00,4375.600098,4379.299805,4366.799805,4373.5,5194
2026-08-14T02:00:00+00:00,4373.899902,4378.100098,4365.200195,4367.299805,3658
2026-08-14T02:15:00+00:00,4367.5,4373.299805,4367.299805,4368,3013
2026-08-14T02:30:00+00:00,4367.799805,4378.200195,4367.100098,4376.700195,4447
2026-08-14T02:45:00+00:00,4376.399902,4377.600098,4367.399902,4370.700195,2437
2026-08-14T03:00:00+00:00,4370.799805,4378.799805,4368.600098,4375.299805,2273
2026-08-14T03:15:00+00:00,4375.5,4381.299805,4375,4380.700195,2125
2026-08-14T03:30:00+00:00,4380.799805,4383.700195,4379.899902,4381.200195,1707
2026-08-14T03:45:00+00:00,4381.200195,4382.399902,4378.899902,4379.700195,1060
2026-08-14T04:00:00+00:00,4379.100098,4382.799805,4378.200195,4381.5,1585
2026-08-14T04:15:00+00:00,4381.299805,4384.399902,4379.899902,4380.200195,1121
2026-08-14T04:30:00+00:00,4380.5,4381.399902,4377.799805,4380.399902,1143
2026-08-14T04:45:00+00:00,4380,4382,4378.5,4381.899902,921
2026-08-14T05:00:00+00:00,4382.200195,4382.299805,4374.100098,4374.799805,2190
2026-08-14T05:15:00+00:00,4375,4375.100098,4371.700195,4373.299805,1243
2026-08-14T05:30:00+00:00,4373.100098,4379.700195,4365.700195,4372.299805,3988
2026-08-14T05:45:00+00:00,4372.600098,4389.5,4372.5,4389.5,3421
2026-08-14T06:00:00+00:00,4389.399902,4392.600098,4385.399902,4388.5,2959
2026-08-14T06:15:00+00:00,4388.299805,4389.5,4384.200195,4385.100098,1830
2026-08-14T06:30:00+00:00,4385,4389.200195,4383.700195,4389.200195,1350
2026-08-14T06:45:00+00:00,4389,4392,4388.200195,4391.5,1623
2026-08-14T07:00:00+00:00,4391.399902,4393.299805,4386.899902,4387.100098,1708
2026-08-14T07:15:00+00:00,4387.100098,4392.299805,4385.399902,4387.899902,1460
2026-08-14T07:30:00+00:00,4388,4396.600098,4387.399902,4395.799805,1639
2026-08-14T07:45:00+00:00,4395.700195,4401.899902,4395.5,4400.100098,2249
2026-08-14T08:00:00+00:00,4399.899902,4404.399902,4398.100098,4403.799805,2696
2026-08-14T08:15:00+00:00,4403.799805,4405.299805,4399.200195,4401.899902,1743
2026-08-14T08:30:00+00:00,4401.799805,4405.299805,4399.5,4399.700195,1388
2026-08-14T08:45:00+00:00,4399.600098,4405.899902,4398.5,4404.600098,1286
2026-08-14T09:00:00+00:00,4404.5,4406.899902,4402,4406.700195,1114
2026-08-14T09:15:00+00:00,4406.700195,4410,4404.399902,4407.600098,1880
2026-08-14T09:30:00+00:00,4407.5,4410.799805,4406,4409.799805,1396
2026-08-14T09:45:00+00:00,4410,4413.700195,4408.700195,4413.5,1355
2026-08-14T10:00:00+00:00,4413.600098,4415.100098,4409.899902,4410.299805,1688
2026-08-14T10:15:00+00:00,4410.600098,4411.399902,4406.100098,4407.399902,1945
2026-08-14T10:30:00+00:00,4407.700195,4408.299805,4404.299805,4408.100098,1667
2026-08-14T10:45:00+00:00,4408,4410.200195,4403.5,4405.600098,1593
2026-08-14T11:00:00+00:00,4405.600098,4408,4404.700195,4406.899902,1103
2026-08-14T11:15:00+00:00,4407,4413.399902,4407,4413,2126
2026-08-14T11:30:00+00:00,4413.100098,4420.200195,4412.799805,4418.899902,3154
2026-08-14T11:45:00+00:00,4418.600098,4425.899902,4417,4425.5,2716
2026-08-14T12:00:00+00:00,4425.600098,4433.399902,4421.799805,4427.899902,5101
2026-08-14T12:15:00+00:00,4428,4438.399902,4425.799805,4436.700195,4325
2026-08-14T12:30:00+00:00,4437.899902,4443.799805,4429.100098,4429.5,6841
2026-08-14T12:45:00+00:00,4429.899902,4435,4427.399902,4431,3600
2026-08-14T13:00:00+00:00,4430.799805,4438.200195,4427.200195,4432.299805,4713
2026-08-14T13:15:00+00:00,4432.299805,4444,4432.200195,4441.5,3420
2026-08-14T13:30:00+00:00,4441.899902,4454.600098,4440.799805,4451,7912
2026-08-14T13:45:00+00:00,4451.100098,4452.100098,4439.399902,4442,5946
2026-08-14T14:00:00+00:00,4442,4450.600098,4441.600098,4447.899902,5209
2026-08-14T14:15:00+00:00,4448,4452.200195,4442.299805,4448,4203
2026-08-14T14:30:00+00:00,4448.200195,4449.200195,4438.299805,4441.700195,4889
2026-08-14T14:45:00+00:00,4441.5,4441.700195,4435.799805,4438.600098,3453
2026-08-14T15:00:00+00:00,4438.899902,4452,4438.200195,4449.600098,5059
2026-08-14T15:15:00+00:00,4449.700195,4451.600098,4435.600098,4441.799805,5649
2026-08-14T15:30:00+00:00,4442.399902,4447.600098,4441.200195,4446.799805,3293
2026-08-14T15:45:00+00:00,4447,4452.5,4446.799805,4448.799805,3262
2026-08-14T16:00:00+00:00,4449.200195,4454.399902,4446,4447,3190
2026-08-14T16:15:00+00:00,4446.799805,4450.299805,4443.799805,4444.5,2267
2026-08-14T16:30:00+00:00,4444.600098,4446.100098,4437,4442.600098,3670
2026-08-14T16:45:00+00:00,4442.799805,4444.600098,4441.700195,4442.700195,899
2026-08-14T17:00:00+00:00,4442.899902,4443.5,4437.399902,4439.700195,1795
2026-08-14T17:15:00+00:00,4439.700195,4442.200195,4436.399902,4436.600098,2189
2026-08-14T17:30:00+00:00,4436.700195,4440.700195,4433.700195,4435,2342
2026-08-14T17:45:00+00:00,4434.700195,4436.399902,4433.399902,4435.700195,1446
2026-08-14T18:00:00+00:00,4435.600098,4438.899902,4433.5,4434.299805,2276
2026-08-14T18:15:00+00:00,4434.299805,4437.700195,4433.799805,4436.200195,1120
2026-08-14T18:30:00+00:00,4436.299805,4439.799805,4432.799805,4433.200195,2385
2026-08-14T18:45:00+00:00,4433.299805,4434,4427.600098,4430.200195,2756
2026-08-14T19:00:00+00:00,4430.299805,4433.799805,4428.5,4432.399902,1536
2026-08-14T19:15:00+00:00,4432.399902,4434.399902,4430.399902,4433.600098,1192
2026-08-14T19:30:00+00:00,4433.600098,4434.299805,4431.5,4431.5,1026
2026-08-14T19:45:00+00:00,4431.700195,4435.899902,4428.899902,4431.700195,2241
2026-08-14T20:00:00+00:00,4431.5,4431.600098,4426.299805,4428.299805,1384
2026-08-14T20:15:00+00:00,4428.299805,4430.399902,4427.799805,4430,703
2026-08-14T20:30:00+00:00,4430,4432.600098,4429,4431.100098,823
2026-08-14T20:45:00+00:00,4431,4437.299805,4430.399902,4437.299805,786
2026-08-16T22:00:00+00:00,4433.700195,4435.899902,4431.299805,4432.899902,456
2026-08-16T22:15:00+00:00,4432.899902,4433.100098,4429.100098,4430.799805,1152
2026-08-16T22:30:00+00:00,4430.5,4435,4430.5,4433.5,1508
2026-08-16T22:45:00+00:00,4433.5,4442.700195,4433.299805,4441.899902,2392
2026-08-16T23:00:00+00:00,4441.700195,4442.200195,4435.100098,4435.200195,2407
2026-08-16T23:15:00+00:00,4435.299805,4437.100098,4427.200195,4430.299805,2679
2026-08-16T23:30:00+00:00,4430.399902,4430.899902,4422.299805,4423.700195,3903
2026-08-16T23:45:00+00:00,4423.5,4429.100098,4423.5,4425.5,2351
2026-08-17T00:00:00+00:00,4425.799805,4435.100098,4423.399902,4434.5,4336
2026-08-17T00:15:00+00:00,4434.200195,4447.100098,4433.799805,4445.5,5202
2026-08-17T00:30:00+00:00,4445.399902,4453.5,4443.100098,4451.600098,4841
2026-08-17T00:45:00+00:00,4451.5,4459.399902,4449.600098,4457.399902,5374
2026-08-17T01:00:00+00:00,4457.100098,4468.5,4455.399902,4465.899902,9124
2026-08-17T01:15:00+00:00,4465.799805,4473.200195,4462.600098,4463.5,5472
2026-08-17T01:30:00+00:00,4463.700195,4464.700195,4454,4460.200195,6139
2026-08-17T01:45:00+00:00,4460.100098,4460.5,4448.600098,4451.899902,5040
2026-08-17T02:00:00+00:00,4452,4454.899902,4448.899902,4450.700195,2842
2026-08-17T02:15:00+00:00,4451,4454.299805,4446.299805,4452.200195,3304
2026-08-17T02:30:00+00:00,4452.299805,4454.799805,4446,4449.600098,3336
2026-08-17T02:45:00+00:00,4449.799805,4450.200195,4444.799805,4450.100098,2068
2026-08-17T03:00:00+00:00,4450.200195,4451.799805,4445.200195,4447,1915
2026-08-17T03:15:00+00:00,4446.899902,4449.899902,4444.100098,4449.299805,1684
2026-08-17T03:30:00+00:00,4449.399902,4454,4447.200195,4452,2395
2026-08-17T03:45:00+00:00,4451.799805,4453.899902,4449.399902,4453.799805,1307
2026-08-17T04:00:00+00:00,4453.600098,4456.299805,4452.600098,4455,2225
2026-08-17T04:15:00+00:00,4455,4455.399902,4446.200195,4447.600098,2139
2026-08-17T04:30:00+00:00,4447.5,4453.399902,4445.200195,4452.399902,2109
2026-08-17T04:45:00+00:00,4452.5,4454.600098,4446.299805,4447.200195,2162
2026-08-17T05:00:00+00:00,4447.200195,4450,4443,4444.200195,2286
2026-08-17T05:15:00+00:00,4444.299805,4456.299805,4443.399902,4456.299805,3159
2026-08-17T05:30:00+00:00,4456,4457.899902,4448.700195,4452.399902,3305
2026-08-17T05:45:00+00:00,4452.100098,4454.200195,4449,4451.399902,1861
2026-08-17T06:00:00+00:00,4451.600098,4454.899902,4449.399902,4453.200195,2179
2026-08-17T06:15:00+00:00,4453.200195,4456.600098,4448.899902,4454.700195,2074
2026-08-17T06:30:00+00:00,4454.5,4454.899902,4449.5,4452.200195,1643
2026-08-17T06:45:00+00:00,4452.399902,4460.799805,4452.399902,4459.299805,3010
2026-08-17T07:00:00+00:00,4459.100098,4460.200195,4452.200195,4452.5,2352
2026-08-17T07:15:00+00:00,4452.700195,4461.700195,4452.299805,4461.200195,2270
2026-08-17T07:30:00+00:00,4461.200195,4467.799805,4461,4465.600098,3229
2026-08-17T07:45:00+00:00,4465.799805,4466.399902,4460,4461.600098,1790
2026-08-17T08:00:00+00:00,4461.700195,4461.700195,4453.799805,4459.399902,2521
2026-08-17T08:15:00+00:00,4459.299805,4460.200195,4456.5,4458.200195,1297
2026-08-17T08:30:00+00:00,4458.399902,4458.700195,4452.100098,4452.299805,1229
2026-08-17T08:45:00+00:00,4452.600098,4453.100098,4448.600098,4451.100098,1407
2026-08-17T09:00:00+00:00,4451.299805,4456.899902,4449.399902,4455.399902,1438
2026-08-17T09:15:00+00:00,4455.399902,4456.700195,4451.700195,4452.899902,1191
2026-08-17T09:30:00+00:00,4453.200195,4453.700195,4450,4450.799805,1208
2026-08-17T09:45:00+00:00,4450.899902,4452.700195,4449.200195,4452.200195,1082
2026-08-17T10:00:00+00:00,4452.600098,4453.299805,4449.799805,4452.700195,1026
2026-08-17T10:15:00+00:00,4452.700195,4462.399902,4446.700195,4461.700195,3536
2026-08-17T10:30:00+00:00,4461.5,4462.600098,4452,4455.200195,2762
2026-08-17T10:45:00+00:00,4455.200195,4456.399902,4452.899902,4455.5,930
2026-08-17T11:00:00+00:00,4455.899902,4460.399902,4454.600098,4456.100098,1179
2026-08-17T11:15:00+00:00,4456.399902,4461.399902,4453.700195,4460.299805,1835
2026-08-17T11:30:00+00:00,4460.5,4461.799805,4455.799805,4456.200195,1393
2026-08-17T11:45:00+00:00,4456.200195,4457.600098,4451.299805,4453.299805,1607
2026-08-17T12:00:00+00:00,4453.200195,4454,4447.600098,4450.5,1939
2026-08-17T12:15:00+00:00,4450.399902,4455.200195,4437,4441.899902,5286
2026-08-17T12:30:00+00:00,4442.299805,4446.700195,4434.5,4434.5,4392
2026-08-17T12:45:00+00:00,4434.700195,4443.100098,4433.399902,4441.600098,3457
2026-08-17T13:00:00+00:00,4441.600098,4446,4438.100098,4442.899902,4036
2026-08-17T13:15:00+00:00,4442.899902,4445.399902,4438.399902,4442.899902,2316
2026-08-17T13:30:00+00:00,4442.899902,4448.299805,4440.600098,4442.100098,4158
2026-08-17T13:45:00+00:00,4442.100098,4472.899902,4440.700195,4465.5,11431
2026-08-17T14:00:00+00:00,4465.600098,4469.600098,4460.299805,4469.200195,6230
2026-08-17T14:15:00+00:00,4469.200195,4484.899902,4468.399902,4475.5,13170
2026-08-17T14:30:00+00:00,4475.600098,4482,4473.600098,4474.600098,5567
2026-08-17T14:45:00+00:00,4474.799805,4478.5,4471.100098,4474.700195,4576
2026-08-17T15:00:00+00:00,4474.5,4479.700195,4472.100098,4478.600098,3280
2026-08-17T15:15:00+00:00,4478.600098,4483.399902,4476.600098,4482.700195,3533
2026-08-17T15:30:00+00:00,4482.700195,4483.600098,4474.700195,4476.299805,3781
2026-08-17T15:45:00+00:00,4476.299805,4485.299805,4474.399902,4484.899902,3408
2026-08-17T16:00:00+00:00,4485,4486.600098,4481.299805,4483.100098,2724
2026-08-17T16:15:00+00:00,4483.5,4485,4480.100098,4482.299805,1959
2026-08-17T16:30:00+00:00,4482.5,4484.600098,4480,4482,1493
2026-08-17T16:45:00+00:00,4481.899902,4483.200195,4480,4481.5,1165
2026-08-17T17:00:00+00:00,4481.799805,4483.700195,4478.299805,4480.100098,2125
2026-08-17T17:15:00+00:00,4480.5,4480.5,4470.600098,4474,3843
2026-08-17T17:30:00+00:00,4473.799805,4476.399902,4468.399902,4474.899902,3514
2026-08-17T17:45:00+00:00,4474.899902,4478.200195,4470.600098,4471.200195,2532
2026-08-17T18:00:00+00:00,4471,4472.299805,4467.299805,4471.200195,2376
2026-08-17T18:15:00+00:00,4471.299805,4474.100098,4461.600098,4463.299805,4655
2026-08-17T18:30:00+00:00,4463.100098,4463.899902,4454.399902,4458,4326
2026-08-17T18:45:00+00:00,4458.100098,4463.799805,4456.700195,4463.100098,1678
2026-08-17T19:00:00+00:00,4462.899902,4465.200195,4456.5,4464.5,2456
2026-08-17T19:15:00+00:00,4464.799805,4473.700195,4464.700195,4470.700195,2975
2026-08-17T19:30:00+00:00,4470.700195,4476.700195,4470.299805,4475.399902,1598
2026-08-17T19:45:00+00:00,4475.600098,4476.899902,4472.200195,4475.899902,2015
2026-08-17T20:00:00+00:00,4475.799805,4477.899902,4472.700195,4474.100098,1265
2026-08-17T20:15:00+00:00,4474.200195,4474.399902,4471.100098,4471.5,489
2026-08-17T20:30:00+00:00,4471.299805,4472.5,4470.899902,4472.200195,643
2026-08-17T20:45:00+00:00,4471.799805,4474.100098,4471.600098,4473.200195,799
2026-08-17T22:00:00+00:00,4473.700195,4475.700195,4471.700195,4472.799805,480
2026-08-17T22:15:00+00:00,4472.899902,4473.700195,4467.799805,4468.700195,1076
2026-08-17T22:30:00+00:00,4468.5,4472.100098,4467.799805,4470.799805,1255
2026-08-17T22:45:00+00:00,4470.700195,4472.5,4466.299805,4468,1227
2026-08-17T23:00:00+00:00,4468,4471.399902,4465.799805,4470.899902,1158
2026-08-17T23:15:00+00:00,4471,4478.200195,4471,4476.5,2305
2026-08-17T23:30:00+00:00,4476.399902,4479.299805,4476,4479,1998
2026-08-17T23:45:00+00:00,4479.200195,4482.200195,4477.899902,4482,2017
2026-08-18T00:00:00+00:00,4482.100098,4486.200195,4475,4477.799805,4875
2026-08-18T00:15:00+00:00,4477.799805,4488.5,4477.100098,4487.5,5712
2026-08-18T00:30:00+00:00,4487.600098,4490.299805,4484.399902,4486.100098,2960
2026-08-18T00:45:00+00:00,4486.200195,4491.799805,4484.799805,4491.399902,2464
2026-08-18T01:00:00+00:00,4491.5,4493.600098,4485,4486.100098,5220
2026-08-18T01:15:00+00:00,4485.600098,4487.399902,4476.600098,4481.600098,4752
2026-08-18T01:30:00+00:00,4481.700195,4482.799805,4468.200195,4468.399902,4266
2026-08-18T01:45:00+00:00,4468.299805,4469,4460.899902,4464.700195,6045
2026-08-18T02:00:00+00:00,4464.700195,4465.100098,4454.700195,4457.299805,4610
2026-08-18T02:15:00+00:00,4457.399902,4461.899902,4456.399902,4458.700195,2530
2026-08-18T02:30:00+00:00,4458.700195,4459,4450.299805,4451.399902,4436
2026-08-18T02:45:00+00:00,4451.5,4457,4450,4456.299805,2887
2026-08-18T03:00:00+00:00,4456.299805,4460.799805,4455.100098,4458.299805,3199
2026-08-18T03:15:00+00:00,4458.200195,4458.700195,4450,4453.100098,2488
2026-08-18T03:30:00+00:00,4453,4453.299805,4450.100098,4450.700195,1205
2026-08-18T03:45:00+00:00,4450.600098,4451.5,4446.299805,4448.200195,2326
2026-08-18T04:00:00+00:00,4447.799805,4449,4445.5,4447.899902,1822
2026-08-18T04:15:00+00:00,4448.100098,4449.600098,4446.100098,4448.100098,1234
2026-08-18T04:30:00+00:00,4448,4450.399902,4444,4448.899902,2439
2026-08-18T04:45:00+00:00,4448.700195,4451,4447.399902,4448.899902,1268
2026-08-18T05:00:00+00:00,4448.700195,4449.700195,4446.100098,4446.5,1298
2026-08-18T05:15:00+00:00,4446.799805,4451.799805,4446.200195,4446.899902,1571
2026-08-18T05:30:00+00:00,4446.799805,4450,4440.799805,4449.200195,3998
2026-08-18T05:45:00+00:00,4449.5,4453.399902,4448.5,4450,2300
2026-08-18T06:00:00+00:00,4449.799805,4451.100098,4442.799805,4450.899902,3266
2026-08-18T06:15:00+00:00,4450.899902,4455.200195,4448.899902,4454.700195,2083
2026-08-18T06:30:00+00:00,4454.700195,4455.5,4450.5,4452.5,1583
2026-08-18T06:45:00+00:00,4452.600098,4454.899902,4452.399902,4454.399902,1042
2026-08-18T07:00:00+00:00,4454.299805,4456.5,4452.200195,4453.299805,1696
2026-08-18T07:15:00+00:00,4453.200195,4459.299805,4453.100098,4459.200195,1478
2026-08-18T07:30:00+00:00,4459.100098,4459.5,4451.799805,4457.299805,1961
2026-08-18T07:45:00+00:00,4457.600098,4458.5,4451.200195,4451.399902,1239
2026-08-18T08:00:00+00:00,4451.700195,4451.899902,4443.5,4448.5,3132
2026-08-18T08:15:00+00:00,4448.399902,4449.200195,4442.200195,4445,1877
2026-08-18T08:30:00+00:00,4444.700195,4454.200195,4444.600098,4452.100098,1956
2026-08-18T08:45:00+00:00,4452.100098,4452.399902,4447.100098,4448.799805,1285
2026-08-18T09:00:00+00:00,4448.399902,4449.5,4446.600098,4448.399902,794
2026-08-18T09:15:00+00:00,4448.200195,4448.200195,4444.200195,4445,1165
2026-08-18T09:30:00+00:00,4444.799805,4451.299805,4443.299805,4444.200195,1787
2026-08-18T09:45:00+00:00,4444.700195,4451.299805,4443.100098,4449.600098,1229
2026-08-18T10:00:00+00:00,4449.5,4452.399902,4448.399902,4450.700195,914
2026-08-18T10:15:00+00:00,4450.899902,4452.5,4446,4448.5,1108
2026-08-18T10:30:00+00:00,4448.299805,4455.200195,4448.200195,4455.200195,1180
2026-08-18T10:45:00+00:00,4455.299805,4456.299805,4452.899902,4454.799805,1008
2026-08-18T11:00:00+00:00,4454.299805,4455.799805,4448.5,4450.200195,1269
2026-08-18T11:15:00+00:00,4449.899902,4451.200195,4445.600098,4446.399902,1156
2026-08-18T11:30:00+00:00,4446.200195,4449.100098,4444.700195,4447.399902,1378
2026-08-18T11:45:00+00:00,4447.399902,4453.299805,4446,4452.200195,1432
2026-08-18T12:00:00+00:00,4452.600098,4453.5,4445.799805,4449.600098,2310
2026-08-18T12:15:00+00:00,4449.5,4457.399902,4447.700195,4451.700195,3309
2026-08-18T12:30:00+00:00,4452,4454.700195,4447.299805,4448.399902,2451
2026-08-18T12:45:00+00:00,4448.5,4453.5,4447,4450.700195,2135
2026-08-18T13:00:00+00:00,4450.399902,4453.899902,4443.899902,4452,4221
2026-08-18T13:15:00+00:00,4452,4452.5,4444.200195,4445.299805,3045
2026-08-18T13:30:00+00:00,4445.299805,4463,4430.600098,4457,14027
2026-08-18T13:45:00+00:00,4457.200195,4458.200195,4444.899902,4450.899902,6908
2026-08-18T14:00:00+00:00,4451,4463.299805,4447.399902,4449.600098,8516
2026-08-18T14:15:00+00:00,4449.600098,4461.700195,4448.5,4450.799805,4622
2026-08-18T14:30:00+00:00,4450.399902,4452.5,4434,4436,9411
2026-08-18T14:45:00+00:00,4435.799805,4445.200195,4419.100098,4422,11872
2026-08-18T15:00:00+00:00,4422.600098,4434,4412.200195,4415.700195,9719
2026-08-18T15:15:00+00:00,4415.700195,4420.799805,4406.5,4410.5,8422
2026-08-18T15:30:00+00:00,4410.100098,4418.200195,4409.5,4413.899902,4966
2026-08-18T15:45:00+00:00,4414,4421.899902,4413.799805,4420.200195,3884
2026-08-18T16:00:00+00:00,4420.299805,4427.399902,4420.299805,4423.100098,3270
2026-08-18T16:15:00+00:00,4423.200195,4425.200195,4418.700195,4419.399902,2887
2026-08-18T16:30:00+00:00,4419.600098,4424,4418,4422.799805,2296
2026-08-18T16:45:00+00:00,4422.700195,4424.200195,4418,4419,2135
2026-08-18T17:00:00+00:00,4419.100098,4422.700195,4418.200195,4422.399902,1628
2026-08-18T17:15:00+00:00,4422.299805,4423.899902,4418.700195,4420.899902,1579
2026-08-18T17:30:00+00:00,4421,4422,4414.299805,4414.299805,2317
2026-08-18T17:45:00+00:00,4414.399902,4416.100098,4412.399902,4413.5,1652
2026-08-18T18:00:00+00:00,4413.399902,4413.5,4408,4413.200195,2816
2026-08-18T18:15:00+00:00,4413.200195,4416.5,4410.799805,4415.5,1924
2026-08-18T18:30:00+00:00,4415.600098,4415.899902,4408.5,4409.299805,1368
2026-08-18T18:45:00+00:00,4409.399902,4411.200195,4407.700195,4409.299805,1034
2026-08-18T19:00:00+00:00,4409.600098,4413.5,4409.100098,4412.100098,1050
2026-08-18T19:15:00+00:00,4412,4413.899902,4407.200195,4409.700195,1634
2026-08-18T19:30:00+00:00,4409.700195,4412.299805,4403.299805,4404.399902,1899
2026-08-18T19:45:00+00:00,4404.600098,4408.200195,4392.600098,4400,6244
2026-08-18T20:00:00+00:00,4400.100098,4401,4395.100098,4396.600098,1419
2026-08-18T20:15:00+00:00,4396.700195,4397.200195,4388.5,4392.700195,1822
2026-08-18T20:30:00+00:00,4392.799805,4394.899902,4386.399902,4387.399902,1498
2026-08-18T20:45:00+00:00,4387.100098,4390.299805,4383.5,4389.799805,1778
2026-08-18T22:00:00+00:00,4389.799805,4395.799805,4386.799805,4393.399902,1065
2026-08-18T22:15:00+00:00,4393.5,4394.299805,4386.600098,4389.5,3380
2026-08-18T22:30:00+00:00,4389.399902,4389.799805,4385.600098,4386.799805,1306
2026-08-18T22:45:00+00:00,4386.700195,4388.600098,4386,4387.200195,851
2026-08-18T23:00:00+00:00,4387.100098,4391.5,4384.299805,4387,2052
2026-08-18T23:15:00+00:00,4387,4390.299805,4382.399902,4383.200195,2285
2026-08-18T23:30:00+00:00,4383.100098,4385.399902,4379.399902,4382.5,2685
2026-08-18T23:45:00+00:00,4382.700195,4387.299805,4382.200195,4385.799805,1610
2026-08-19T00:00:00+00:00,4385.899902,4397.799805,4384.399902,4395.700195,4422
2026-08-19T00:15:00+00:00,4395.799805,4399.600098,4392.5,4396,3375
2026-08-19T00:30:00+00:00,4396.299805,4401.200195,4393,4397.200195,3572
2026-08-19T00:45:00+00:00,4397.5,4398.399902,4390.5,4391.600098,2805
2026-08-19T01:00:00+00:00,4391.299805,4397.799805,4376.5,4397.200195,8964
2026-08-19T01:15:00+00:00,4397.600098,4400.100098,4386.5,4395.899902,4445
2026-08-19T01:30:00+00:00,4396.100098,4411.200195,4396,4409.100098,5954
2026-08-19T01:45:00+00:00,4409,4410.399902,4403.899902,4409.899902,3367
2026-08-19T02:00:00+00:00,4410.200195,4410.899902,4405.200195,4407.100098,2096
2026-08-19T02:15:00+00:00,4407.399902,4415.700195,4405.799805,4413.200195,3527
2026-08-19T02:30:00+00:00,4413.299805,4414,4407.5,4408.700195,2241
2026-08-19T02:45:00+00:00,4408.799805,4410.600098,4405,4408.399902,1666
2026-08-19T03:00:00+00:00,4408.399902,4409.799805,4405.399902,4408.100098,1333
2026-08-19T03:15:00+00:00,4407.899902,4411.799805,4405.299805,4411.100098,1436
2026-08-19T03:30:00+00:00,4411.100098,4414.5,4409.700195,4412.5,1231
2026-08-19T03:45:00+00:00,4412.5,4412.899902,4408.700195,4408.700195,663
2026-08-19T04:00:00+00:00,4408.799805,4409.899902,4406.200195,4407.899902,918
2026-08-19T04:15:00+00:00,4408.200195,4408.200195,4402.5,4404.399902,1864
2026-08-19T04:30:00+00:00,4404.399902,4405.299805,4398.200195,4399.700195,1821
2026-08-19T04:45:00+00:00,4399.600098,4402.100098,4396.600098,4402.100098,1563
2026-08-19T05:00:00+00:00,4401.899902,4404.299805,4391.600098,4392.299805,2511
2026-08-19T05:15:00+00:00,4392.399902,4399.200195,4390,4399.100098,2277
2026-08-19T05:30:00+00:00,4399.200195,4399.200195,4390.299805,4395.5,2794
2026-08-19T05:45:00+00:00,4394.5,4394.5,4388.200195,4388.899902,1857
2026-08-19T06:00:00+00:00,4388.799805,4395.100098,4388.600098,4390.899902,2023
2026-08-19T06:15:00+00:00,4390.700195,4401.899902,4390.200195,4396.700195,2849
2026-08-19T06:30:00+00:00,4396.5,4399.700195,4390.600098,4395.600098,2333
2026-08-19T06:45:00+00:00,4395.299805,4403.700195,4394.399902,4402.799805,2215
2026-08-19T07:00:00+00:00,4402.700195,4407.5,4401.100098,4404.299805,2292
2026-08-19T07:15:00+00:00,4404,4410.799805,4401.100098,4410.399902,2208
2026-08-19T07:30:00+00:00,4410.5,4417.100098,4406.299805,4408.100098,2707
2026-08-19T07:45:00+00:00,4408.100098,4411.600098,4407.899902,4408.399902,1101
2026-08-19T08:00:00+00:00,4408.399902,4416.399902,4404.799805,4415.299805,2452
2026-08-19T08:15:00+00:00,4415.399902,4416.200195,4411,4414.700195,1216
2026-08-19T08:30:00+00:00,4414.5,4417.100098,4410.100098,4416.5,1310
2026-08-19T08:45:00+00:00,4416.299805,4417.299805,4408,4409.600098,1458
2026-08-19T09:00:00+00:00,4409.700195,4413.899902,4409,4410.299805,955
2026-08-19T09:15:00+00:00,4410.5,4411.600098,4407.299805,4410.700195,1210
2026-08-19T09:30:00+00:00,4410.799805,4415.5,4409.700195,4413.200195,960
2026-08-19T09:45:00+00:00,4413.100098,4416.600098,4412.299805,4416.600098,1100
2026-08-19T10:00:00+00:00,4416.600098,4418.899902,4413.5,4418.5,1476
2026-08-19T10:15:00+00:00,4418.399902,4423.700195,4418.100098,4423.399902,2237
2026-08-19T10:30:00+00:00,4423.399902,4424.200195,4420.5,4422.299805,1142
2026-08-19T10:45:00+00:00,4422.799805,4424.5,4420.700195,4422.200195,882
2026-08-19T11:00:00+00:00,4422.100098,4428.799805,4422.100098,4428.100098,2236
2026-08-19T11:15:00+00:00,4428.299805,4429,4423.299805,4425.700195,1714
2026-08-19T11:30:00+00:00,4425.799805,4426.600098,4417.700195,4418.299805,2191
2026-08-19T11:45:00+00:00,4418.100098,4422.399902,4418,4419.299805,1425
2026-08-19T12:00:00+00:00,4419.600098,4425.600098,4416.299805,4423.200195,2498
2026-08-19T12:15:00+00:00,4423.200195,4428.5,4420.5,4424.100098,2886
2026-08-19T12:30:00+00:00,4424.299805,4476.899902,4423.299805,4475,20079
2026-08-19T12:45:00+00:00,4475.100098,4499.700195,4468,4496.200195,17383
2026-08-19T13:00:00+00:00,4496.200195,4518.700195,4481.200195,4513.299805,19621
2026-08-19T13:15:00+00:00,4513.5,4522.100098,4512.600098,4516.399902,9628
2026-08-19T13:30:00+00:00,4515.899902,4524.299805,4500.799805,4519,15743
2026-08-19T13:45:00+00:00,4518.899902,4521.5,4502.299805,4517.899902,8639
2026-08-19T14:00:00+00:00,4517.899902,4533.799805,4513.600098,4531.799805,10295
2026-08-19T14:15:00+00:00,4531.700195,4546.399902,4528.299805,4544.100098,10045
2026-08-19T14:30:00+00:00,4544.399902,4557.799805,4542,4548.299805,10481
2026-08-19T14:45:00+00:00,4548.600098,4548.600098,4536.799805,4546.899902,8947
2026-08-19T15:00:00+00:00,4547,4547,4538.399902,4544.299805,6061
2026-08-19T15:15:00+00:00,4544.299805,4546.200195,4536.299805,4542.299805,3810
2026-08-19T15:30:00+00:00,4542,4551.299805,4538.399902,4548.399902,3935
2026-08-19T15:45:00+00:00,4548.399902,4552.799805,4547,4552.200195,3270
2026-08-19T16:00:00+00:00,4552.299805,4557.399902,4549.299805,4555.899902,4299
2026-08-19T16:15:00+00:00,4556.100098,4557.5,4548.5,4548.799805,2986
2026-08-19T16:30:00+00:00,4548.899902,4554.5,4548.399902,4552.700195,2194
2026-08-19T16:45:00+00:00,4552.799805,4555.799805,4550.799805,4551,1980
2026-08-19T17:00:00+00:00,4551,4557.100098,4546.200195,4549.899902,3109
2026-08-19T17:15:00+00:00,4550.200195,4550.200195,4544,4545.799805,3276
2026-08-19T17:30:00+00:00,4545.700195,4549.299805,4542,4546.399902,2229
2026-08-19T17:45:00+00:00,4546.200195,4547.399902,4542.100098,4545,1683
2026-08-19T18:00:00+00:00,4545.100098,4554.899902,4543.299805,4546,4124
2026-08-19T18:15:00+00:00,4546.100098,4546.100098,4530.700195,4533.399902,5043
2026-08-19T18:30:00+00:00,4534,4550.200195,4530.200195,4548.700195,5507
2026-08-19T18:45:00+00:00,4548.399902,4556,4547.5,4552.799805,2410
2026-08-19T19:00:00+00:00,4553.299805,4564.200195,4552.200195,4561.600098,4741
2026-08-19T19:15:00+00:00,4561.600098,4566,4560.600098,4565.100098,3015
2026-08-19T19:30:00+00:00,4565.200195,4568.799805,4559.700195,4564.5,3730
2026-08-19T19:45:00+00:00,4564.600098,4569.700195,4562.5,4568.399902,2896
2026-08-19T20:00:00+00:00,4568.399902,4569.899902,4562.799805,4564.399902,1665
2026-08-19T20:15:00+00:00,4564.600098,4580.399902,4564.100098,4577,3275
2026-08-19T20:30:00+00:00,4576.899902,4582.200195,4576.5,4577.700195,1795
2026-08-19T20:45:00+00:00,4577.899902,4583.100098,4577.899902,4581,2224
2026-08-19T22:00:00+00:00,4580.700195,4584,4576.399902,4577.5,1223
2026-08-19T22:15:00+00:00,4577.399902,4578.799805,4576,4577.899902,1470
2026-08-19T22:30:00+00:00,4577.799805,4579.200195,4574.399902,4575.799805,1749
2026-08-19T22:45:00+00:00,4575.700195,4579.200195,4573.399902,4576,1751
2026-08-19T23:00:00+00:00,4576.299805,4581.5,4574.600098,4576.399902,2413
2026-08-19T23:15:00+00:00,4576.600098,4577.600098,4572.399902,4575,1758
2026-08-19T23:30:00+00:00,4575,4575.5,4570.700195,4571.899902,1859
2026-08-19T23:45:00+00:00,4571.700195,4574.700195,4568.5,4569.299805,2762
2026-08-20T00:00:00+00:00,4569.100098,4576.399902,4567.600098,4573.899902,3264
2026-08-20T00:15:00+00:00,4574,4578.799805,4565.799805,4567.700195,3926
2026-08-20T00:30:00+00:00,4567.5,4570.600098,4560.799805,4563.600098,3481
2026-08-20T00:45:00+00:00,4563.399902,4568.200195,4561.299805,4562.100098,3124
2026-08-20T01:00:00+00:00,4562.200195,4567.799805,4549.5,4550.899902,8792
2026-08-20T01:15:00+00:00,4551.200195,4561,4550.899902,4558.299805,4290
2026-08-20T01:30:00+00:00,4558,4558.899902,4550.899902,4551.399902,3425
2026-08-20T01:45:00+00:00,4551.5,4553.399902,4542.100098,4547.600098,4943
2026-08-20T02:00:00+00:00,4547.5,4557.700195,4546.299805,4555.299805,5342
2026-08-20T02:15:00+00:00,4555.299805,4555.5,4547,4550.399902,2687
2026-08-20T02:30:00+00:00,4550.399902,4552.299805,4547.700195,4548.100098,1988
2026-08-20T02:45:00+00:00,4547.899902,4552.100098,4546.200195,4548,1632
2026-08-20T03:00:00+00:00,4548.200195,4554.600098,4545.299805,4550,2394
2026-08-20T03:15:00+00:00,4550.299805,4554.299805,4547.799805,4551.299805,1694
2026-08-20T03:30:00+00:00,4550.899902,4556.600098,4549.899902,4555.899902,1732
2026-08-20T03:45:00+00:00,4555.899902,4558.799805,4554.700195,4555.799805,1643
2026-08-20T04:00:00+00:00,4556.5,4556.700195,4552.200195,4553.899902,1485
2026-08-20T04:15:00+00:00,4553.5,4554.5,4547.200195,4547.5,1393
2026-08-20T04:30:00+00:00,4547.299805,4548.299805,4543.600098,4544.399902,2190
2026-08-20T04:45:00+00:00,4544.299805,4549.100098,4544.299805,4546.100098,1525
2026-08-20T05:00:00+00:00,4545.899902,4551.399902,4541.399902,4543.200195,2432
2026-08-20T05:15:00+00:00,4543.200195,4544.5,4540,4540.5,2007
2026-08-20T05:30:00+00:00,4540.299805,4543.399902,4535.100098,4537.899902,3119
2026-08-20T05:45:00+00:00,4538.100098,4540.399902,4535,4538.399902,1766
2026-08-20T06:00:00+00:00,4538.600098,4550.700195,4537,4550.100098,3497
2026-08-20T06:15:00+00:00,4550.100098,4553.600098,4549.200195,4551.399902,2494
2026-08-20T06:30:00+00:00,4551.299805,4553.100098,4549.399902,4550.100098,1526
2026-08-20T06:45:00+00:00,4550,4553.200195,4548.299805,4550.799805,1848
2026-08-20T07:00:00+00:00,4550.600098,4551.100098,4543.799805,4544.399902,2303
2026-08-20T07:15:00+00:00,4544.399902,4547.200195,4540.299805,4540.600098,1650
2026-08-20T07:30:00+00:00,4540.799805,4550.200195,4540,4547.799805,2392
2026-08-20T07:45:00+00:00,4547.399902,4552.399902,4545.299805,4547.799805,1864
2026-08-20T08:00:00+00:00,4547.799805,4552.299805,4547.5,4551.399902,1848
2026-08-20T08:15:00+00:00,4551.299805,4556,4546.799805,4548.299805,2845
2026-08-20T08:30:00+00:00,4548.100098,4552.399902,4543.899902,4547.399902,2335
2026-08-20T08:45:00+00:00,4547.299805,4548.899902,4544.299805,4546.100098,1473
2026-08-20T09:00:00+00:00,4546.399902,4551,4545.299805,4549,1275
2026-08-20T09:15:00+00:00,4549,4550.399902,4544.700195,4547.100098,1232
2026-08-20T09:30:00+00:00,4546.399902,4547.5,4541,4545.700195,1994
2026-08-20T09:45:00+00:00,4545.5,4545.600098,4538.399902,4539.100098,2130
2026-08-20T10:00:00+00:00,4539.100098,4547.899902,4536.799805,4547.100098,1932
2026-08-20T10:15:00+00:00,4547.200195,4550.600098,4542.700195,4550.299805,1646
2026-08-20T10:30:00+00:00,4550.399902,4552.600098,4546.399902,4547.5,1474
2026-08-20T10:45:00+00:00,4547.600098,4547.799805,4543.899902,4546.700195,880
2026-08-20T11:00:00+00:00,4546.600098,4548.100098,4539.200195,4541.700195,2100
2026-08-20T11:15:00+00:00,4541.600098,4546.600098,4537.600098,4540.700195,2144
2026-08-20T11:30:00+00:00,4541,4543.299805,4530.200195,4530.899902,3735
2026-08-20T11:45:00+00:00,4531,4532,4521.399902,4522.799805,6376
2026-08-20T12:00:00+00:00,4523.200195,4523.5,4506.100098,4517.899902,10172
2026-08-20T12:15:00+00:00,4517.899902,4523.399902,4512.200195,4514.600098,5250
2026-08-20T12:30:00+00:00,4514.600098,4522.100098,4506.200195,4521.700195,7392
2026-08-20T12:45:00+00:00,4521.700195,4532.100098,4519.100098,4529.600098,5310
2026-08-20T13:00:00+00:00,4529.799805,4539.600098,4526.700195,4528,6937
2026-08-20T13:15:00+00:00,4528.100098,4531.899902,4524.899902,4526.600098,3932
2026-08-20T13:30:00+00:00,4526.899902,4543.200195,4523.5,4541.600098,10271
2026-08-20T13:45:00+00:00,4541.799805,4544.299805,4534.299805,4537.100098,5425
2026-08-20T14:00:00+00:00,4536.899902,4546.799805,4535.799805,4541.100098,7226
2026-08-20T14:15:00+00:00,4540.600098,4549.899902,4537.299805,4547.700195,6534
2026-08-20T14:30:00+00:00,4547.600098,4557,4547.600098,4554.799805,7201
2026-08-20T14:45:00+00:00,4554.899902,4572,4554.399902,4571.600098,8477
2026-08-20T15:00:00+00:00,4571.799805,4593.799805,4570.299805,4591.399902,19157
2026-08-20T15:15:00+00:00,4591,4597.299805,4579.299805,4588.700195,10077
2026-08-20T15:30:00+00:00,4588.5,4590,4564.5,4567.399902,9263
2026-08-20T15:45:00+00:00,4567.600098,4580,4566.899902,4577.399902,5618
2026-08-20T16:00:00+00:00,4577.700195,4580.700195,4566.399902,4567.299805,4216
2026-08-20T16:15:00+00:00,4566.899902,4569.5,4561.5,4565.899902,4364
2026-08-20T16:30:00+00:00,4565.899902,4569.299805,4559.100098,4565.700195,3853
2026-08-20T16:45:00+00:00,4565.700195,4570.600098,4564,4566.5,3084
2026-08-20T17:00:00+00:00,4566.600098,4570.600098,4564.100098,4565.899902,2095
2026-08-20T17:15:00+00:00,4565.5,4573.399902,4564.399902,4569.600098,3265
2026-08-20T17:30:00+00:00,4569.600098,4575.399902,4567.299805,4574.700195,2266
2026-08-20T17:45:00+00:00,4574.700195,4577,4573.600098,4576,1586
2026-08-20T18:00:00+00:00,4576.100098,4579,4565.5,4566.899902,3566
2026-08-20T18:15:00+00:00,4567.299805,4576.700195,4564.200195,4575.5,2219
2026-08-20T18:30:00+00:00,4575.299805,4579.799805,4574.799805,4576.600098,1818
2026-08-20T18:45:00+00:00,4576.5,4581.899902,4574.200195,4578.600098,2553
2026-08-20T19:00:00+00:00,4578.399902,4584.700195,4574.600098,4584.200195,1927
2026-08-20T19:15:00+00:00,4584.299805,4586,4578.799805,4579.299805,2334
2026-08-20T19:30:00+00:00,4579.100098,4585.799805,4578.100098,4582.399902,1802
2026-08-20T19:45:00+00:00,4582.399902,4588,4580.899902,4584.899902,2605
2026-08-20T20:00:00+00:00,4584.600098,4585.299805,4578.5,4579,1641
2026-08-20T20:15:00+00:00,4578.5,4579,4576.600098,4576.899902,1008
2026-08-20T20:30:00+00:00,4577.200195,4577.5,4573.100098,4574.299805,1230
2026-08-20T20:45:00+00:00,4574.399902,4577.200195,4574,4575.299805,932
2026-08-20T22:00:00+00:00,4574.5,4577.700195,4569.700195,4574.399902,612
2026-08-20T22:15:00+00:00,4574.700195,4577,4573.899902,4575.600098,636
2026-08-20T22:30:00+00:00,4575.299805,4579.799805,4574.299805,4578.899902,1032
2026-08-20T22:45:00+00:00,4578.700195,4580.5,4575.299805,4579.899902,1180
2026-08-20T23:00:00+00:00,4579.899902,4588.700195,4579,4587.700195,2835
2026-08-20T23:15:00+00:00,4587.799805,4588.5,4578.299805,4583.200195,2341
2026-08-20T23:30:00+00:00,4583,4585.100098,4577.100098,4581,1745
2026-08-20T23:45:00+00:00,4581,4584.399902,4579.100098,4582.399902,1366
2026-08-21T00:00:00+00:00,4582.299805,4583.899902,4573.399902,4575.299805,2835
2026-08-21T00:15:00+00:00,4575.100098,4577.399902,4570.399902,4571.600098,2531
2026-08-21T00:30:00+00:00,4571.5,4573.799805,4567.5,4570.700195,2544
2026-08-21T00:45:00+00:00,4570.399902,4570.899902,4566,4567,1771
2026-08-21T01:00:00+00:00,4567,4578,4565.200195,4577.299805,4924
2026-08-21T01:15:00+00:00,4577.299805,4587.700195,4577.100098,4586.299805,4880
2026-08-21T01:30:00+00:00,4586.100098,4600.399902,4579.899902,4582.299805,9049
2026-08-21T01:45:00+00:00,4582.5,4589.799805,4581.600098,4587,3451
2026-08-21T02:00:00+00:00,4586.799805,4587.5,4573.700195,4577.399902,4845
2026-08-21T02:15:00+00:00,4577.200195,4585.5,4575.899902,4583.5,2653
2026-08-21T02:30:00+00:00,4583.600098,4594.299805,4581.100098,4594.100098,3433
2026-08-21T02:45:00+00:00,4594.100098,4599.100098,4588.700195,4589.799805,3695
2026-08-21T03:00:00+00:00,4589.899902,4594.799805,4588.299805,4588.899902,2165
2026-08-21T03:15:00+00:00,4588.700195,4591.200195,4585.600098,4585.799805,1474
2026-08-21T03:30:00+00:00,4585.799805,4592,4582.600098,4585.200195,2260
2026-08-21T03:45:00+00:00,4585.100098,4591.100098,4584.200195,4591.100098,1251
2026-08-21T04:00:00+00:00,4591.799805,4598.299805,4591.200195,4596.600098,2570
2026-08-21T04:15:00+00:00,4596.5,4604.100098,4593.899902,4603.399902,3692
2026-08-21T04:30:00+00:00,4603.100098,4604.5,4596.899902,4597.899902,2600
2026-08-21T04:45:00+00:00,4597.799805,4598.799805,4596.299805,4596.5,945
2026-08-21T05:00:00+00:00,4596.600098,4597,4590.899902,4593.700195,2179
2026-08-21T05:15:00+00:00,4593.5,4595.200195,4586.399902,4587,2803
2026-08-21T05:30:00+00:00,4586.299805,4600,4585.200195,4599.399902,2958
2026-08-21T05:45:00+00:00,4599.5,4612.399902,4597.700195,4609.899902,4281
2026-08-21T06:00:00+00:00,4609.899902,4611.5,4601.700195,4605.200195,3460
2026-08-21T06:15:00+00:00,4605.399902,4615.5,4605.399902,4612.100098,4591
2026-08-21T06:30:00+00:00,4612.100098,4622.799805,4611.299805,4619.399902,4744
2026-08-21T06:45:00+00:00,4619.899902,4624.799805,4617.799805,4617.899902,3065
2026-08-21T07:00:00+00:00,4617.799805,4623.299805,4615.299805,4618.700195,2688
2026-08-21T07:15:00+00:00,4618.600098,4625,4616.899902,4618.5,2313
2026-08-21T07:30:00+00:00,4618.5,4623.299805,4617,4621.100098,2060
2026-08-21T07:45:00+00:00,4621.399902,4625,4617.799805,4621.200195,1867
2026-08-21T08:00:00+00:00,4621.399902,4625,4615.700195,4622.5,2956
2026-08-21T08:15:00+00:00,4622.600098,4639,4620.799805,4636.5,5850
2026-08-21T08:30:00+00:00,4636.600098,4641.200195,4633.399902,4639.5,3676
2026-08-21T08:45:00+00:00,4639.5,4641.899902,4636.899902,4640.799805,1801
2026-08-21T09:00:00+00:00,4641,4658.399902,4638.899902,4656.899902,6018
2026-08-21T09:15:00+00:00,4656.600098,4659.399902,4638.5,4639.399902,5986
2026-08-21T09:30:00+00:00,4639.600098,4644.299805,4637.799805,4640.399902,3097
2026-08-21T09:45:00+00:00,4640.399902,4642.700195,4637.5,4639.600098,1911
2026-08-21T10:00:00+00:00,4639.700195,4646,4634.700195,4635.899902,3468
2026-08-21T10:15:00+00:00,4635.899902,4646.799805,4635.299805,4645.899902,2223
2026-08-21T10:30:00+00:00,4645.799805,4651.399902,4642.700195,4650.299805,2484
2026-08-21T10:45:00+00:00,4650.5,4650.799805,4645,4645.399902,2186
2026-08-21T11:00:00+00:00,4645.600098,4652.799805,4644.100098,4647.700195,2287
2026-08-21T11:15:00+00:00,4647.899902,4659.100098,4647.899902,4655.799805,3578
2026-08-21T11:30:00+00:00,4655.799805,4662,4650.5,4654.399902,4244
2026-08-21T11:45:00+00:00,4654.200195,4657.799805,4653,4654.399902,2037
2026-08-21T12:00:00+00:00,4654.600098,4659.299805,4646.299805,4650.299805,4980
2026-08-21T12:15:00+00:00,4650.299805,4653.299805,4638.100098,4642,4832
2026-08-21T12:30:00+00:00,4641.799805,4642.100098,4620.200195,4630.399902,10401
2026-08-21T12:45:00+00:00,4630.399902,4638,4630.100098,4634.799805,4924
2026-08-21T13:00:00+00:00,4634.799805,4644.5,4632.5,4642,5248
2026-08-21T13:15:00+00:00,4642.200195,4644.799805,4635.899902,4641,3293
2026-08-21T13:30:00+00:00,4641,4648.100098,4630.200195,4644.200195,8791
2026-08-21T13:45:00+00:00,4644.5,4650.299805,4633.399902,4638.100098,7170
2026-08-21T14:00:00+00:00,4638,4647.899902,4637,4646.299805,4131
2026-08-21T14:15:00+00:00,4646.5,4659.600098,4642.799805,4659.600098,6219
2026-08-21T14:30:00+00:00,4659.700195,4660.299805,4636.200195,4639,9615
2026-08-21T14:45:00+00:00,4639,4652.799805,4637,4648.399902,5592
2026-08-21T15:00:00+00:00,4648.5,4655.200195,4644,4652.200195,4127
2026-08-21T15:15:00+00:00,4652.200195,4665.100098,4652.100098,4660.200195,5985
2026-08-21T15:30:00+00:00,4660.299805,4668.200195,4656.700195,4666.899902,5431
2026-08-21T15:45:00+00:00,4667.100098,4672.700195,4664.399902,4671.899902,5003
2026-08-21T16:00:00+00:00,4672,4675,4666.299805,4671.899902,4669
2026-08-21T16:15:00+00:00,4671.799805,4678.600098,4667.799805,4671.600098,3948
2026-08-21T16:30:00+00:00,4671.600098,4679.600098,4669.799805,4678.799805,3079
2026-08-21T16:45:00+00:00,4679,4687.100098,4678.5,4686.700195,4535
2026-08-21T17:00:00+00:00,4686.600098,4690.200195,4679.200195,4681.200195,6961
2026-08-21T17:15:00+00:00,4681.299805,4684.299805,4673.200195,4680.299805,6891
2026-08-21T17:30:00+00:00,4680.299805,4683.100098,4676.799805,4677.899902,2866
2026-08-21T17:45:00+00:00,4678,4680.899902,4675,4678.600098,2257
2026-08-21T18:00:00+00:00,4678.899902,4686,4678.600098,4682.200195,2200
2026-08-21T18:15:00+00:00,4682.100098,4686.200195,4682.100098,4683.5,1337
2026-08-21T18:30:00+00:00,4683.299805,4683.399902,4677.399902,4678.5,2277
2026-08-21T18:45:00+00:00,4678.799805,4683.899902,4678.700195,4681.799805,1417
2026-08-21T19:00:00+00:00,4682.100098,4683.100098,4675.799805,4680.100098,2027
2026-08-21T19:15:00+00:00,4680.100098,4680.5,4675.100098,4675.399902,1145
2026-08-21T19:30:00+00:00,4675.5,4677.100098,4672.600098,4675.299805,1785
2026-08-21T19:45:00+00:00,4675.5,4680.899902,4673,4674.700195,2472
2026-08-21T20:00:00+00:00,4674.5,4675.700195,4672.399902,4674.200195,1494
2026-08-21T20:15:00+00:00,4674.600098,4675.100098,4667.600098,4668.299805,1670
2026-08-21T20:30:00+00:00,4668.200195,4669.600098,4665.299805,4665.899902,1161
2026-08-21T20:45:00+00:00,4665.799805,4680.600098,4660.799805,4680.600098,2660
2026-08-23T22:00:00+00:00,4675.299805,4679.200195,4673.600098,4675.399902,697
2026-08-23T22:15:00+00:00,4675.200195,4678.600098,4670,4671.5,2360
2026-08-23T22:30:00+00:00,4671.299805,4674.799805,4664.100098,4667.700195,2586
2026-08-23T22:45:00+00:00,4667.899902,4668,4662.700195,4663.100098,1473
2026-08-23T23:00:00+00:00,4663.299805,4666.799805,4661.299805,4664.700195,1961
2026-08-23T23:15:00+00:00,4664.700195,4673.799805,4663.600098,4672.200195,2478
2026-08-23T23:30:00+00:00,4672.399902,4676.600098,4664.700195,4665.399902,3811
2026-08-23T23:45:00+00:00,4665.700195,4682.100098,4665.399902,4681.299805,3595
2026-08-24T00:00:00+00:00,4681.600098,4698.600098,4677.700195,4695,8389
2026-08-24T00:15:00+00:00,4694.799805,4698.600098,4651.600098,4662.200195,10847
2026-08-24T00:30:00+00:00,4662.200195,4666.100098,4658.100098,4663.899902,5529
2026-08-24T00:45:00+00:00,4664.200195,4680.200195,4660.600098,4678.899902,4905
2026-08-24T01:00:00+00:00,4678.899902,4692,4675.399902,4679,8770
2026-08-24T01:15:00+00:00,4678.799805,4682.600098,4667.799805,4671,5612
2026-08-24T01:30:00+00:00,4671.5,4677.700195,4664.5,4674.700195,5139
2026-08-24T01:45:00+00:00,4674.799805,4694.200195,4671.5,4688.700195,5672
2026-08-24T02:00:00+00:00,4688.600098,4709.299805,4684.5,4707.299805,8096
2026-08-24T02:15:00+00:00,4707.399902,4712.299805,4705.899902,4712.299805,4838
2026-08-24T02:30:00+00:00,4712.399902,4713.799805,4694.600098,4694.700195,5564
2026-08-24T02:45:00+00:00,4694.700195,4701.700195,4684.399902,4700.299805,6980
2026-08-24T03:00:00+00:00,4700.5,4700.700195,4690.100098,4693.799805,3473
2026-08-24T03:15:00+00:00,4694.100098,4705.100098,4691.799805,4700.600098,3149
2026-08-24T03:30:00+00:00,4700.200195,4707.100098,4699.5,4699.700195,2311
2026-08-24T03:45:00+00:00,4699.5,4701.799805,4696.700195,4698,1599
2026-08-24T04:00:00+00:00,4698,4699.399902,4688.899902,4694.899902,3076
2026-08-24T04:15:00+00:00,4694.700195,4698.100098,4690.700195,4696.700195,1842
2026-08-24T04:30:00+00:00,4696.600098,4697,4689.100098,4694.399902,1380
2026-08-24T04:45:00+00:00,4694.399902,4696.5,4692,4695.100098,990
2026-08-24T05:00:00+00:00,4695.100098,4699.600098,4694.700195,4699.5,1631
2026-08-24T05:15:00+00:00,4699.5,4702.799805,4691.799805,4691.899902,2452
2026-08-24T05:30:00+00:00,4691.700195,4695.899902,4685.5,4689.5,4135
2026-08-24T05:45:00+00:00,4689.5,4699.700195,4686.299805,4697.299805,2660
2026-08-24T06:00:00+00:00,4697.399902,4708.899902,4695.600098,4708.200195,3959
2026-08-24T06:15:00+00:00,4708.299805,4716.700195,4697,4699,6870
2026-08-24T06:30:00+00:00,4699.100098,4710.100098,4698.299805,4699.399902,3621
2026-08-24T06:45:00+00:00,4699.399902,4710.399902,4699,4706.399902,2807
2026-08-24T07:00:00+00:00,4706.5,4711.200195,4700.5,4704,2600
2026-08-24T07:15:00+00:00,4704.200195,4706.399902,4698,4699.100098,2157
2026-08-24T07:30:00+00:00,4698.5,4703.899902,4690,4690.700195,2788
2026-08-24T07:45:00+00:00,4690.700195,4700,4685.700195,4697.200195,3980
2026-08-24T08:00:00+00:00,4697.700195,4702,4691.200195,4692.899902,3023
2026-08-24T08:15:00+00:00,4693,4696.299805,4685,4685,2644
2026-08-24T08:30:00+00:00,4685.100098,4701.899902,4683.799805,4701,2757
2026-08-24T08:45:00+00:00,4701.200195,4702.100098,4691.399902,4693.5,1987
2026-08-24T09:00:00+00:00,4693.5,4700.299805,4693,4697.100098,2221
2026-08-24T09:15:00+00:00,4697.200195,4697.200195,4690.200195,4691.5,1736
2026-08-24T09:30:00+00:00,4691.600098,4696.700195,4688.700195,4695.299805,2068
2026-08-24T09:45:00+00:00,4695.299805,4702.700195,4695.200195,4702.5,1673
2026-08-24T10:00:00+00:00,4702.5,4707.299805,4702.399902,4704.899902,2326
2026-08-24T10:15:00+00:00,4705.200195,4705.600098,4699.200195,4700.5,1427
2026-08-24T10:30:00+00:00,4700.399902,4706.399902,4699.899902,4701.399902,1598
2026-08-24T10:45:00+00:00,4701.399902,4704.299805,4698.5,4700.5,1643
2026-08-24T11:00:00+00:00,4700.200195,4703.899902,4696.100098,4699.299805,2155
2026-08-24T11:15:00+00:00,4699.5,4705.200195,4697.799805,4703.899902,1195
2026-08-24T11:30:00+00:00,4704.100098,4728.299805,4700.700195,4716.5,10356
2026-08-24T11:45:00+00:00,4717,4719.5,4705.600098,4715.399902,4476
2026-08-24T12:00:00+00:00,4715.299805,4717.899902,4707.399902,4715,3011
2026-08-24T12:15:00+00:00,4714.700195,4720.600098,4709.100098,4719.399902,3308
2026-08-24T12:30:00+00:00,4719.399902,4726.600098,4701.799805,4715.399902,7621
2026-08-24T12:45:00+00:00,4715.399902,4725.200195,4711.899902,4720.600098,3939
2026-08-24T13:00:00+00:00,4720.899902,4735.600098,4719.299805,4734.799805,7124
2026-08-24T13:15:00+00:00,4735.200195,4735.899902,4725.100098,4729.899902,5197
2026-08-24T13:30:00+00:00,4729.799805,4738.5,4715.600098,4716,11182
2026-08-24T13:45:00+00:00,4715.799805,4735.799805,4713.100098,4721.700195,10629
2026-08-24T14:00:00+00:00,4721.700195,4729.299805,4716.799805,4722.600098,7203
2026-08-24T14:15:00+00:00,4722.5,4732.299805,4711.299805,4728.899902,8454
2026-08-24T14:30:00+00:00,4729.100098,4736.200195,4726.200195,4729.299805,5109
2026-08-24T14:45:00+00:00,4729.399902,4733.299805,4714,4727.600098,7690
2026-08-24T15:00:00+00:00,4727.600098,4734.299805,4722.700195,4730.200195,4419
2026-08-24T15:15:00+00:00,4730.100098,4737.100098,4725,4733.200195,4534
2026-08-24T15:30:00+00:00,4733,4735.100098,4716.600098,4718,5983
2026-08-24T15:45:00+00:00,4717.5,4720.5,4696.299805,4706,13408
2026-08-24T16:00:00+00:00,4706.5,4719.299805,4703.100098,4714.600098,6550
2026-08-24T16:15:00+00:00,4714.600098,4717.799805,4713.299805,4716.100098,2056
2026-08-24T16:30:00+00:00,4716,4720,4715.600098,4717.100098,1916
2026-08-24T16:45:00+00:00,4717.200195,4717.5,4698,4701.799805,5254
2026-08-24T17:00:00+00:00,4702.200195,4712.700195,4698.600098,4708.799805,4662
2026-08-24T17:15:00+00:00,4708.899902,4711.299805,4686.600098,4695.200195,9498
2026-08-24T17:30:00+00:00,4695.100098,4699.700195,4692.100098,4695.299805,2468
2026-08-24T17:45:00+00:00,4695.200195,4695.899902,4688.799805,4693.200195,2822
2026-08-24T18:00:00+00:00,4693.100098,4697.399902,4681.299805,4688.700195,4824
2026-08-24T18:15:00+00:00,4688.700195,4698.899902,4683.600098,4697.299805,3695
2026-08-24T18:30:00+00:00,4697.100098,4698.700195,4681.399902,4691.100098,3309
2026-08-24T18:45:00+00:00,4691.399902,4693.899902,4687.799805,4692.799805,1339
2026-08-24T19:00:00+00:00,4692.600098,4697.200195,4692.200195,4692.600098,1559
2026-08-24T19:15:00+00:00,4692.600098,4701.299805,4692,4697.5,1991
2026-08-24T19:30:00+00:00,4697.600098,4702.5,4696.100098,4701.399902,1207
2026-08-24T19:45:00+00:00,4706.399902,4712.200195,4705.399902,4707.299805,3973
2026-08-24T20:00:00+00:00,4707.899902,4711.5,4706.200195,4706.700195,1512
2026-08-24T20:15:00+00:00,4706.600098,4710,4704.700195,4705.299805,840
2026-08-24T20:30:00+00:00,4705.600098,4706.299805,4703.299805,4704.100098,648
2026-08-24T20:45:00+00:00,4704,4710,4703.5,4710,1006
2026-08-24T22:00:00+00:00,4709.100098,4718.299805,4708.799805,4715.5,1161
2026-08-24T22:15:00+00:00,4715.799805,4716.600098,4713.399902,4714.600098,763
2026-08-24T22:30:00+00:00,4714.700195,4718.5,4714,4718.5,1125
2026-08-24T22:45:00+00:00,4718.200195,4725.399902,4717.700195,4724.5,1832
2026-08-24T23:00:00+00:00,4724.5,4729.299805,4723.299805,4729.200195,2741
2026-08-24T23:15:00+00:00,4729.200195,4733.899902,4726,4726,3221
2026-08-24T23:30:00+00:00,4726.200195,4734.200195,4724.100098,4733.600098,2993
2026-08-24T23:45:00+00:00,4733.899902,4740.200195,4731.799805,4737.299805,4961
2026-08-25T00:00:00+00:00,4737.299805,4749.200195,4732.600098,4747.600098,9444
2026-08-25T00:15:00+00:00,4747.799805,4748.899902,4733.799805,4739.899902,5261
2026-08-25T00:30:00+00:00,4739.799805,4755,4739.100098,4751.200195,6875
2026-08-25T00:45:00+00:00,4751.299805,4752.399902,4740.5,4741,4388
2026-08-25T01:00:00+00:00,4741.100098,4743.100098,4727.399902,4735.100098,9235
2026-08-25T01:15:00+00:00,4734.899902,4737.200195,4720.5,4726.100098,6818
2026-08-25T01:30:00+00:00,4726.100098,4731.399902,4723.200195,4727.100098,4271
2026-08-25T01:45:00+00:00,4726.899902,4732.799805,4713.100098,4714.600098,6017
2026-08-25T02:00:00+00:00,4714.5,4718.299805,4694,4698,10980
2026-08-25T02:15:00+00:00,4697.899902,4713,4697.100098,4712.299805,5082
2026-08-25T02:30:00+00:00,4712.5,4712.899902,4686.700195,4686.700195,7991
2026-08-25T02:45:00+00:00,4687.200195,4693.799805,4671,4685.5,10647
2026-08-25T03:00:00+00:00,4685.600098,4694.100098,4678.200195,4689.600098,5987
2026-08-25T03:15:00+00:00,4689.600098,4694.399902,4687.799805,4693.399902,2736
2026-08-25T03:30:00+00:00,4693.399902,4697.299805,4689.5,4690.200195,2521
2026-08-25T03:45:00+00:00,4690.100098,4691.899902,4687,4688,1892
2026-08-25T04:00:00+00:00,4689.200195,4693.700195,4686.100098,4693,1736
2026-08-25T04:15:00+00:00,4692.700195,4693.100098,4684.5,4686.799805,1584
2026-08-25T04:30:00+00:00,4686.700195,4688.600098,4679.5,4681.600098,2481
2026-08-25T04:45:00+00:00,4681.700195,4684.600098,4679.899902,4681.299805,1663
2026-08-25T05:00:00+00:00,4681.299805,4694.799805,4679.100098,4693.700195,3486
2026-08-25T05:15:00+00:00,4693.5,4703.899902,4693.299805,4702.799805,3237
2026-08-25T05:30:00+00:00,4702.5,4703.5,4693.600098,4694.799805,3568
2026-08-25T05:45:00+00:00,4694.600098,4701.700195,4691.399902,4698.799805,2702
2026-08-25T06:00:00+00:00,4698.600098,4706.600098,4697.100098,4705.799805,2964
2026-08-25T06:15:00+00:00,4705.600098,4709.5,4701.399902,4706.399902,2661
2026-08-25T06:30:00+00:00,4706.299805,4709.700195,4703.899902,4704,2046
2026-08-25T06:45:00+00:00,4704.100098,4705.899902,4693.200195,4694.700195,2845
2026-08-25T07:00:00+00:00,4694.600098,4698.399902,4692.399902,4696.200195,2520
2026-08-25T07:15:00+00:00,4695.899902,4700.299805,4689.799805,4691,2326
2026-08-25T07:30:00+00:00,4690.799805,4696.700195,4690.100098,4696.100098,2063
2026-08-25T07:45:00+00:00,4696.200195,4697.200195,4685.799805,4686.399902,2311
2026-08-25T08:00:00+00:00,4686.200195,4687.5,4676.399902,4683,3627
2026-08-25T08:15:00+00:00,4683,4701.899902,4682,4689.100098,4715
2026-08-25T08:30:00+00:00,4689.100098,4691.600098,4681.600098,4688.100098,2286
2026-08-25T08:45:00+00:00,4687.799805,4689.700195,4680.899902,4686,1628
2026-08-25T09:00:00+00:00,4685.799805,4689.100098,4680.299805,4686,2093
2026-08-25T09:15:00+00:00,4686.5,4689.200195,4681.200195,4681.399902,1646
2026-08-25T09:30:00+00:00,4681.899902,4695.200195,4679.600098,4692.799805,4389
2026-08-25T09:45:00+00:00,4692.700195,4698,4691.299805,4691.600098,2368
2026-08-25T10:00:00+00:00,4691.5,4694.100098,4688.5,4691,1680
2026-08-25T10:15:00+00:00,4690.899902,4694.600098,4688.5,4689.200195,1253
2026-08-25T10:30:00+00:00,4689.200195,4696.700195,4688.200195,4693.5,1611
2026-08-25T10:45:00+00:00,4693.600098,4698.100098,4692.5,4694.899902,1149
2026-08-25T11:00:00+00:00,4695,4698.899902,4691.600098,4696.200195,1410
2026-08-25T11:15:00+00:00,4697.799805,4700.299805,4694.399902,4697,2332
2026-08-25T11:30:00+00:00,4697.200195,4701.100098,4696,4696.600098,1440
2026-08-25T11:45:00+00:00,4696.399902,4703.700195,4696.200195,4698.5,2057
2026-08-25T12:00:00+00:00,4698.600098,4699,4690.399902,4695.200195,3452
2026-08-25T12:15:00+00:00,4694.899902,4695.200195,4687.299805,4692.799805,3249
2026-08-25T12:30:00+00:00,4693,4696.100098,4685.100098,4693.5,2938
2026-08-25T12:45:00+00:00,4693.600098,4699.799805,4692.299805,4696,2501
2026-08-25T13:00:00+00:00,4696.100098,4696.700195,4678,4678.399902,7008
2026-08-25T13:15:00+00:00,4678.299805,4683.399902,4663.399902,4664.799805,9527
2026-08-25T13:30:00+00:00,4664.799805,4678.700195,4664.200195,4667.799805,8627
2026-08-25T13:45:00+00:00,4667.5,4672.899902,4658.700195,4672.299805,8329
2026-08-25T14:00:00+00:00,4671.399902,4682.799805,4668.700195,4678.5,8340
2026-08-25T14:15:00+00:00,4678.600098,4684.399902,4673.899902,4679.799805,5600
2026-08-25T14:30:00+00:00,4679.700195,4694.299805,4666.899902,4693.100098,9122
2026-08-25T14:45:00+00:00,4693,4696.100098,4688.600098,4691.700195,4279
2026-08-25T15:00:00+00:00,4691.799805,4693.299805,4686.200195,4689.200195,3361
2026-08-25T15:15:00+00:00,4689.299805,4700.899902,4685,4695.700195,5752
2026-08-25T15:30:00+00:00,4695.899902,4716.399902,4695.899902,4713,9191
2026-08-25T15:45:00+00:00,4713.200195,4714.5,4705.399902,4709.600098,4622
2026-08-25T16:00:00+00:00,4709.700195,4710.399902,4699.200195,4701.299805,4464
2026-08-25T16:15:00+00:00,4701.299805,4704,4694.700195,4697.700195,4397
2026-08-25T16:30:00+00:00,4697.899902,4702.799805,4693.799805,4701.200195,3481
2026-08-25T16:45:00+00:00,4701.399902,4703.799805,4697.399902,4700.700195,2715
2026-08-25T17:00:00+00:00,4700.700195,4701,4691,4694.899902,3634
2026-08-25T17:15:00+00:00,4695.200195,4702.5,4691.799805,4694.5,4201
2026-08-25T17:30:00+00:00,4694.399902,4701.700195,4693.5,4700.200195,2053
2026-08-25T17:45:00+00:00,4700.200195,4705.899902,4699.799805,4705.700195,2175
2026-08-25T18:00:00+00:00,4705.799805,4707.399902,4701.100098,4704.299805,2374
2026-08-25T18:15:00+00:00,4704.100098,4707.399902,4703.100098,4706.799805,1357
2026-08-25T18:30:00+00:00,4706.899902,4707.399902,4702.100098,4706,1796
2026-08-25T18:45:00+00:00,4706,4711.799805,4705.899902,4711.5,1693
2026-08-25T19:00:00+00:00,4711.399902,4720,4710.200195,4719.399902,3862
2026-08-25T19:15:00+00:00,4719.299805,4725.600098,4716.899902,4717.799805,3770
2026-08-25T19:30:00+00:00,4717.899902,4722.200195,4714.600098,4719,2558
2026-08-25T19:45:00+00:00,4719,4724.299805,4717.100098,4723.5,3349
2026-08-25T20:00:00+00:00,4723.399902,4726.600098,4719.600098,4723,2014
2026-08-25T20:15:00+00:00,4722.899902,4725,4718.799805,4719.600098,1096
2026-08-25T20:30:00+00:00,4719.600098,4721.399902,4717.200195,4718.799805,1079
2026-08-25T20:45:00+00:00,4718.799805,4719.5,4714.100098,4716,1459
2026-08-25T22:00:00+00:00,4717.100098,4722.200195,4712,4721.700195,815
2026-08-25T22:15:00+00:00,4721.600098,4724.100098,4721.600098,4723.700195,1451
2026-08-25T22:30:00+00:00,4723.899902,4728,4723.799805,4726.899902,1966
2026-08-25T22:45:00+00:00,4726.899902,4730.899902,4726.700195,4730.200195,1802
2026-08-25T23:00:00+00:00,4729.700195,4730.799805,4724.100098,4725.100098,2404
2026-08-25T23:15:00+00:00,4725.299805,4725.600098,4717.100098,4718.399902,2429
2026-08-25T23:30:00+00:00,4718.299805,4719,4712.799805,4713.5,2685
2026-08-25T23:45:00+00:00,4713.399902,4716,4710.299805,4712,3245
2026-08-26T00:00:00+00:00,4712.100098,4715.799805,4707.100098,4708.5,4152
2026-08-26T00:15:00+00:00,4708.399902,4712.100098,4700,4704.100098,4331
2026-08-26T00:30:00+00:00,4704.100098,4707.5,4693.399902,4694.100098,5522
2026-08-26T00:45:00+00:00,4693.899902,4695.899902,4690.899902,4694.100098,3574
2026-08-26T01:00:00+00:00,4694.299805,4704.799805,4686.200195,4700.899902,8305
2026-08-26T01:15:00+00:00,4700.899902,4707.200195,4699.799805,4700.200195,4600
2026-08-26T01:30:00+00:00,4700.299805,4703.899902,4695.200195,4701.600098,5393
2026-08-26T01:45:00+00:00,4701.299805,4717.700195,4699.5,4713.899902,6370
2026-08-26T02:00:00+00:00,4713.700195,4718.700195,4711.700195,4716.799805,4049
2026-08-26T02:15:00+00:00,4716.899902,4718.700195,4712.600098,4715.899902,2877
2026-08-26T02:30:00+00:00,4715.700195,4728,4714.200195,4724.200195,6013
2026-08-26T02:45:00+00:00,4724.399902,4726.299805,4714.899902,4715.799805,3388
2026-08-26T03:00:00+00:00,4715.399902,4715.899902,4704,4705.200195,5125
2026-08-26T03:15:00+00:00,4705.100098,4708,4702.700195,4707.299805,3173
2026-08-26T03:30:00+00:00,4707,4708.700195,4702,4702.100098,2335
2026-08-26T03:45:00+00:00,4702.299805,4702.5,4699.399902,4701.100098,2183
2026-08-26T04:00:00+00:00,4699.700195,4701.399902,4698.200195,4699.600098,1386
2026-08-26T04:15:00+00:00,4699.700195,4700.5,4697.799805,4699.200195,1135
2026-08-26T04:30:00+00:00,4699.100098,4700.399902,4696.600098,4697.899902,1323
2026-08-26T04:45:00+00:00,4697.899902,4698.899902,4695.700195,4697.5,997
2026-08-26T05:00:00+00:00,4697.600098,4702.899902,4697.100098,4700.399902,2418
2026-08-26T05:15:00+00:00,4700.100098,4702.100098,4698.299805,4700.200195,1136
2026-08-26T05:30:00+00:00,4700.299805,4706.5,4694.600098,4695,4107
2026-08-26T05:45:00+00:00,4694.600098,4697.600098,4692,4696.100098,2276
2026-08-26T06:00:00+00:00,4696.299805,4698.100098,4692.600098,4694.299805,1993
2026-08-26T06:15:00+00:00,4694.100098,4694.399902,4681,4683.399902,5100
2026-08-26T06:30:00+00:00,4683.600098,4691,4682.200195,4690.100098,3027
2026-08-26T06:45:00+00:00,4690.100098,4693.5,4686.899902,4690.5,2412
2026-08-26T07:00:00+00:00,4690.799805,4695.799805,4689.399902,4693,2509
2026-08-26T07:15:00+00:00,4692.700195,4694.5,4687.100098,4687.5,1704
2026-08-26T07:30:00+00:00,4687.700195,4693.100098,4685.299805,4688,1766
2026-08-26T07:45:00+00:00,4688.299805,4691.399902,4682.399902,4685.100098,2029
2026-08-26T08:00:00+00:00,4684.899902,4686.5,4681.399902,4681.5,2065
2026-08-26T08:15:00+00:00,4681.399902,4685.399902,4677.700195,4685.399902,3238
2026-08-26T08:30:00+00:00,4685.200195,4686.5,4680.5,4685.100098,1634
2026-08-26T08:45:00+00:00,4684.899902,4685.399902,4681.299805,4683.799805,1181
2026-08-26T09:00:00+00:00,4684.100098,4687.600098,4679.299805,4680.5,2346
2026-08-26T09:15:00+00:00,4680.5,4680.600098,4671.200195,4672.100098,3310
2026-08-26T09:30:00+00:00,4672.200195,4678.299805,4672.100098,4677.799805,2056
2026-08-26T09:45:00+00:00,4677.600098,4681.700195,4677.600098,4679.5,1640
2026-08-26T10:00:00+00:00,4679.5,4680.299805,4673.600098,4675,1604
2026-08-26T10:15:00+00:00,4675,4676.700195,4668.799805,4671,2641
2026-08-26T10:30:00+00:00,4671.200195,4680.100098,4670.399902,4678.399902,2036
2026-08-26T10:45:00+00:00,4678.5,4680,4674.600098,4676.100098,1581
2026-08-26T11:00:00+00:00,4676.299805,4677.799805,4672.399902,4674.200195,1657
2026-08-26T11:15:00+00:00,4674.399902,4678.700195,4672,4676.299805,1853
2026-08-26T11:30:00+00:00,4676.600098,4678.700195,4672.799805,4674.399902,1485
2026-08-26T11:45:00+00:00,4674.5,4680.899902,4672.299805,4680.5,1695
2026-08-26T12:00:00+00:00,4680.399902,4685.799805,4679.299805,4681.200195,3414
2026-08-26T12:15:00+00:00,4681.299805,4686.600098,4680.200195,4685,3327
2026-08-26T12:30:00+00:00,4686.200195,4690,4665.200195,4677.600098,10580
2026-08-26T12:45:00+00:00,4677.700195,4681.799805,4666.100098,4669.700195,6571
2026-08-26T13:00:00+00:00,4669.700195,4676.799805,4663,4666,9386
2026-08-26T13:15:00+00:00,4666.299805,4669.899902,4652.799805,4666.600098,10054
2026-08-26T13:30:00+00:00,4666.700195,4678.399902,4665.399902,4674.799805,9291
2026-08-26T13:45:00+00:00,4674.700195,4687.100098,4673.399902,4686.600098,8097
2026-08-26T14:00:00+00:00,4686.799805,4688.5,4675,4676,7305
2026-08-26T14:15:00+00:00,4676.200195,4683,4672,4672.5,4927
2026-08-26T14:30:00+00:00,4672.200195,4679.200195,4668.600098,4677.899902,4771
2026-08-26T14:45:00+00:00,4678,4678.899902,4658.100098,4658.299805,7580
2026-08-26T15:00:00+00:00,4658.5,4660.799805,4642.899902,4644.200195,13404
2026-08-26T15:15:00+00:00,4644.100098,4653.899902,4637.899902,4650.299805,9363
2026-08-26T15:30:00+00:00,4650.200195,4660.299805,4649.700195,4660.299805,5122
2026-08-26T15:45:00+00:00,4660.299805,4664.700195,4651.299805,4651.299805,6612
2026-08-26T16:00:00+00:00,4651.5,4657.100098,4645.799805,4655.200195,5190
2026-08-26T16:15:00+00:00,4655.399902,4655.899902,4648.799805,4650.200195,2929
2026-08-26T16:30:00+00:00,4650,4651.5,4640.799805,4643.399902,4002
2026-08-26T16:45:00+00:00,4643.299805,4652.200195,4643.299805,4646.799805,3910
2026-08-26T17:00:00+00:00,4646.799805,4651.5,4645.899902,4650.200195,2067
2026-08-26T17:15:00+00:00,4650.200195,4654.399902,4648.399902,4653.299805,3089
2026-08-26T17:30:00+00:00,4653.399902,4657.799805,4650.899902,4652.700195,3206
2026-08-26T17:45:00+00:00,4652.700195,4654.799805,4649.299805,4653.200195,1839
2026-08-26T18:00:00+00:00,4653.200195,4660.299805,4652.100098,4656,3626
2026-08-26T18:15:00+00:00,4656,4656.200195,4647.899902,4650.100098,2999
2026-08-26T18:30:00+00:00,4650,4652.600098,4647.5,4652,2184
2026-08-26T18:45:00+00:00,4651.700195,4653,4648.100098,4648.700195,1401
2026-08-26T19:00:00+00:00,4648.899902,4650.5,4645.799805,4649.100098,1906
2026-08-26T19:15:00+00:00,4649,4653.899902,4645.600098,4653,2196
2026-08-26T19:30:00+00:00,4653.100098,4656.399902,4648.600098,4650.5,2255
2026-08-26T19:45:00+00:00,4650.399902,4651.299805,4646.899902,4649,1981
2026-08-26T20:00:00+00:00,4648.899902,4651.399902,4646.200195,4646.200195,1528
2026-08-26T20:15:00+00:00,4646.399902,4646.799805,4638.600098,4646,2350
2026-08-26T20:30:00+00:00,4646,4648.399902,4644.899902,4646.600098,758
2026-08-26T20:45:00+00:00,4646.700195,4649.700195,4646.200195,4647.899902,917
2026-08-26T22:00:00+00:00,4649.899902,4660,4647.5,4657.100098,1237
2026-08-26T22:15:00+00:00,4656.600098,4667.600098,4656.5,4665.299805,3598
2026-08-26T22:30:00+00:00,4665.299805,4666.200195,4663,4665.100098,1480
2026-08-26T22:45:00+00:00,4665,4666.299805,4660.700195,4663.399902,1658
2026-08-26T23:00:00+00:00,4663.100098,4669.5,4660.799805,4669.5,2700
2026-08-26T23:15:00+00:00,4669.200195,4676.399902,4668,4673.600098,2889
2026-08-26T23:30:00+00:00,4673.600098,4679,4671.700195,4676.899902,2847
2026-08-26T23:45:00+00:00,4676.399902,4679,4674.200195,4677.5,2547
2026-08-27T00:00:00+00:00,4677.799805,4681,4670,4672,3902
2026-08-27T00:15:00+00:00,4672.200195,4675.600098,4666.799805,4673.299805,3537
2026-08-27T00:30:00+00:00,4673.100098,4673.200195,4659.399902,4660.399902,5199
2026-08-27T00:45:00+00:00,4660.299805,4665.399902,4654.600098,4658.700195,4093
2026-08-27T01:00:00+00:00,4658.899902,4679.200195,4656.200195,4678.899902,7247
2026-08-27T01:15:00+00:00,4679.100098,4679.399902,4671.100098,4672.899902,3742
2026-08-27T01:30:00+00:00,4672.899902,4686,4672.299805,4678.100098,5283
2026-08-27T01:45:00+00:00,4678.399902,4695.399902,4678.100098,4694.399902,5119
2026-08-27T02:00:00+00:00,4694.600098,4697.700195,4692.5,4695.200195,3663
2026-08-27T02:15:00+00:00,4695.100098,4695.399902,4687.200195,4687.700195,2837
2026-08-27T02:30:00+00:00,4687.700195,4688.700195,4678.100098,4681.799805,4627
2026-08-27T02:45:00+00:00,4681.899902,4686.200195,4678.600098,4684.200195,2586
2026-08-27T03:00:00+00:00,4683.799805,4689.799805,4682.700195,4688.700195,2436
2026-08-27T03:15:00+00:00,4688.799805,4693.299805,4687.399902,4690,2055
2026-08-27T03:30:00+00:00,4690.200195,4690.299805,4683.5,4683.899902,1871
2026-08-27T03:45:00+00:00,4684,4684.5,4678,4679.100098,1737
2026-08-27T04:00:00+00:00,4679.899902,4682,4678.799805,4680,1289
2026-08-27T04:15:00+00:00,4679.899902,4681.600098,4675,4675.299805,1561
2026-08-27T04:30:00+00:00,4674.899902,4675.299805,4671.299805,4673.399902,2075
2026-08-27T04:45:00+00:00,4673.399902,4675.299805,4671.799805,4673.100098,1538
2026-08-27T05:00:00+00:00,4673,4676,4670.399902,4674.200195,2049
2026-08-27T05:15:00+00:00,4674.100098,4676,4671,4671.100098,1703
2026-08-27T05:30:00+00:00,4670.899902,4674,4658.899902,4659.5,5484
2026-08-27T05:45:00+00:00,4659.399902,4664,4654.799805,4660.799805,4201
2026-08-27T06:00:00+00:00,4661,4661.700195,4653.5,4659.700195,4381
2026-08-27T06:15:00+00:00,4659.700195,4664.5,4657.5,4664.299805,2543
2026-08-27T06:30:00+00:00,4664.5,4665.799805,4658.399902,4661.399902,2199
2026-08-27T06:45:00+00:00,4661.299805,4663.700195,4651.700195,4654.200195,3269
2026-08-27T07:00:00+00:00,4654.100098,4659.799805,4652.5,4657.700195,2186
2026-08-27T07:15:00+00:00,4657.600098,4657.600098,4647.100098,4653.200195,3286
2026-08-27T07:30:00+00:00,4653.399902,4655.399902,4648.700195,4651.5,1741
2026-08-27T07:45:00+00:00,4651.799805,4656.299805,4649.299805,4653.600098,1340
2026-08-27T08:00:00+00:00,4653.799805,4660.600098,4653.299805,4656.899902,1966
2026-08-27T08:15:00+00:00,4657,4660,4653.600098,4654.700195,1663
2026-08-27T08:30:00+00:00,4654.399902,4655.200195,4647.700195,4649.100098,1539
2026-08-27T08:45:00+00:00,4649.100098,4655.899902,4648.799805,4652.200195,1328
2026-08-27T09:00:00+00:00,4652,4653.799805,4646.399902,4649.100098,1880
2026-08-27T09:15:00+00:00,4649.299805,4652.600098,4646.399902,4650.799805,1471
2026-08-27T09:30:00+00:00,4650.799805,4652.299805,4631,4635.399902,6228
2026-08-27T09:45:00+00:00,4635.700195,4638.899902,4631.799805,4633.200195,2482
2026-08-27T10:00:00+00:00,4632.899902,4634.700195,4621.399902,4634.200195,5675
2026-08-27T10:15:00+00:00,4634.100098,4636.299805,4629.799805,4633.299805,2267
2026-08-27T10:30:00+00:00,4633.100098,4639.100098,4628.899902,4638.399902,2371
2026-08-27T10:45:00+00:00,4638.5,4643.700195,4638.200195,4643.200195,2310
2026-08-27T11:00:00+00:00,4643.100098,4646,4640.100098,4645.600098,1941
2026-08-27T11:15:00+00:00,4645.5,4650.399902,4643.600098,4647.5,2328
2026-08-27T11:30:00+00:00,4648,4653.100098,4647,4650.899902,2757
2026-08-27T11:45:00+00:00,4651.200195,4654.200195,4647.799805,4652.100098,2271
2026-08-27T12:00:00+00:00,4651.899902,4654.799805,4645.600098,4646,2695
2026-08-27T12:15:00+00:00,4646,4654.200195,4644.700195,4649.399902,3126
2026-08-27T12:30:00+00:00,4649.700195,4650.200195,4640.299805,4640.899902,3632
2026-08-27T12:45:00+00:00,4641.100098,4641.700195,4633.299805,4639.200195,4946
2026-08-27T13:00:00+00:00,4639.200195,4644.299805,4632.799805,4638.700195,5538
2026-08-27T13:15:00+00:00,4638.100098,4646.399902,4635.799805,4643.600098,4071
2026-08-27T13:30:00+00:00,4643.200195,4646.200195,4624.5,4631.299805,9548
2026-08-27T13:45:00+00:00,4630.899902,4635.899902,4616.399902,4625.600098,10356
2026-08-27T14:00:00+00:00,4625.899902,4632.799805,4621.600098,4627,6617
2026-08-27T14:15:00+00:00,4627.200195,4637.799805,4626.899902,4634.799805,5602
2026-08-27T14:30:00+00:00,4634.600098,4651.399902,4634.399902,4648.5,7454
2026-08-27T14:45:00+00:00,4648.899902,4652.200195,4641.799805,4645.299805,4848
2026-08-27T15:00:00+00:00,4645.200195,4649.5,4644.5,4646.399902,3069
2026-08-27T15:15:00+00:00,4646.5,4651.899902,4642.5,4646.799805,3489
2026-08-27T15:30:00+00:00,4646.899902,4660,4646,4655.700195,5048
2026-08-27T15:45:00+00:00,4655.799805,4665.399902,4654.299805,4664.399902,4592
2026-08-27T16:00:00+00:00,4664.399902,4667.200195,4658.600098,4658.799805,4005
2026-08-27T16:15:00+00:00,4658.600098,4662.799805,4655.899902,4661.5,2925
2026-08-27T16:30:00+00:00,4662,4667.200195,4659.899902,4665.600098,2782
2026-08-27T16:45:00+00:00,4665.600098,4671,4664.200195,4669.100098,4033
2026-08-27T17:00:00+00:00,4669.299805,4670.799805,4662.5,4664.399902,2928
2026-08-27T17:15:00+00:00,4664.399902,4666.399902,4662.399902,4664.399902,2008
2026-08-27T17:30:00+00:00,4664.200195,4668.600098,4662,4665.600098,2347
2026-08-27T17:45:00+00:00,4665.5,4665.899902,4658.299805,4660.299805,2429
2026-08-27T18:00:00+00:00,4660.700195,4662.200195,4656.100098,4659.600098,2770
2026-08-27T18:15:00+00:00,4659.5,4662.100098,4655.200195,4655.399902,1888
2026-08-27T18:30:00+00:00,4655.299805,4659.200195,4654.399902,4658.299805,1503
2026-08-27T18:45:00+00:00,4658.200195,4665.200195,4658,4664.299805,2411
2026-08-27T19:00:00+00:00,4664.600098,4672.399902,4664.299805,4669.899902,3085
2026-08-27T19:15:00+00:00,4670,4670.700195,4658.299805,4660,2926
2026-08-27T19:30:00+00:00,4660,4664.100098,4658.799805,4663.5,1473
2026-08-27T19:45:00+00:00,4663.700195,4666.700195,4658.899902,4663.100098,2245
2026-08-27T20:00:00+00:00,4662.899902,4663.399902,4657.299805,4658.799805,1311
2026-08-27T20:15:00+00:00,4658.399902,4659.399902,4656.399902,4657.600098,565
2026-08-27T20:30:00+00:00,4657.5,4658.299805,4655.399902,4657.700195,551
2026-08-27T20:45:00+00:00,4657.600098,4658.5,4653.600098,4654.799805,1284
2026-08-27T22:00:00+00:00,4656.899902,4660.899902,4654.100098,4658,724
2026-08-27T22:15:00+00:00,4658.200195,4661.700195,4657.700195,4661.100098,1414
2026-08-27T22:30:00+00:00,4660.799805,4663.5,4659.899902,4661,1152
2026-08-27T22:45:00+00:00,4661,4664.100098,4660,4664,1129
2026-08-27T23:00:00+00:00,4664,4664.899902,4655.799805,4656.200195,2242
2026-08-27T23:15:00+00:00,4656,4656.799805,4651.799805,4654.200195,1725
2026-08-27T23:30:00+00:00,4654.299805,4655.200195,4651.399902,4652.899902,1604
2026-08-27T23:45:00+00:00,4652.899902,4652.899902,4646.899902,4647.700195,2117
2026-08-28T00:00:00+00:00,4647.700195,4656.200195,4646.299805,4653.799805,3364
2026-08-28T00:15:00+00:00,4653.799805,4654.100098,4643.700195,4647.100098,3703
2026-08-28T00:30:00+00:00,4647.100098,4647.399902,4640.700195,4643.799805,2600
2026-08-28T00:45:00+00:00,4643.799805,4644.200195,4638.5,4641.899902,2771
2026-08-28T01:00:00+00:00,4642,4655.600098,4639.299805,4647.100098,6609
2026-08-28T01:15:00+00:00,4647.200195,4651.399902,4636.700195,4638.899902,4897
2026-08-28T01:30:00+00:00,4639,4642.200195,4630.899902,4635,5289
2026-08-28T01:45:00+00:00,4634.799805,4636.100098,4628.100098,4628.700195,3950
2026-08-28T02:00:00+00:00,4628.799805,4635.600098,4627.700195,4634.299805,2989
2026-08-28T02:15:00+00:00,4633.899902,4637.799805,4631.399902,4636,2117
2026-08-28T02:30:00+00:00,4636.5,4642.5,4636,4637.600098,2668
2026-08-28T02:45:00+00:00,4637.600098,4639.899902,4634.799805,4638.799805,1958
2026-08-28T03:00:00+00:00,4638.799805,4641,4634.799805,4636.600098,1511
2026-08-28T03:15:00+00:00,4636.600098,4642.600098,4636.600098,4640.399902,1714
2026-08-28T03:30:00+00:00,4640.5,4640.5,4633,4634.100098,1921
2026-08-28T03:45:00+00:00,4634.200195,4634.299805,4630.700195,4631.5,1301
2026-08-28T04:00:00+00:00,4632.299805,4632.799805,4630.200195,4631.5,1269
2026-08-28T04:15:00+00:00,4631.299805,4637.700195,4630.899902,4636.799805,1585
2026-08-28T04:30:00+00:00,4636.600098,4636.600098,4630,4632.100098,1414
2026-08-28T04:45:00+00:00,4632,4637.5,4630.299805,4636.299805,1120
2026-08-28T05:00:00+00:00,4636.5,4637.5,4630.299805,4632.200195,1365
2026-08-28T05:15:00+00:00,4632,4638.700195,4631.200195,4636.5,1488
2026-08-28T05:30:00+00:00,4636.200195,4636.399902,4623.700195,4625,3849
2026-08-28T05:45:00+00:00,4625,4629.700195,4623.899902,4625.5,1740
2026-08-28T06:00:00+00:00,4625.700195,4635.899902,4624.5,4634.299805,2605
2026-08-28T06:15:00+00:00,4634,4638.200195,4633,4637.299805,1939
2026-08-28T06:30:00+00:00,4637.200195,4641,4635.299805,4640.799805,2173
2026-08-28T06:45:00+00:00,4640.799805,4666.100098,4640.700195,4665.5,8957
2026-08-28T07:00:00+00:00,4665.799805,4666.399902,4649.200195,4653.5,5056
2026-08-28T07:15:00+00:00,4653.100098,4662.899902,4651.5,4660.200195,3040
2026-08-28T07:30:00+00:00,4660.299805,4668,4660,4662.299805,3333
2026-08-28T07:45:00+00:00,4662.200195,4666.899902,4660.5,4665.100098,2408
2026-08-28T08:00:00+00:00,4664.799805,4668,4663.100098,4664.899902,1701
2026-08-28T08:15:00+00:00,4665,4665.600098,4661.200195,4662.299805,1662
2026-08-28T08:30:00+00:00,4662.600098,4665.5,4656.600098,4657.200195,1967
2026-08-28T08:45:00+00:00,4657,4659.899902,4654.299805,4656.299805,1717
2026-08-28T09:00:00+00:00,4656.299805,4658,4654,4655.299805,957
2026-08-28T09:15:00+00:00,4655.299805,4657.799805,4653.5,4655.399902,1255
2026-08-28T09:30:00+00:00,4655.299805,4658.799805,4654.700195,4657.700195,1787
2026-08-28T09:45:00+00:00,4657.700195,4661.399902,4656.799805,4658.700195,1403
2026-08-28T10:00:00+00:00,4658.799805,4662.700195,4656.799805,4662.399902,1151
2026-08-28T10:15:00+00:00,4662.200195,4663.600098,4654.799805,4658.600098,1901
2026-08-28T10:30:00+00:00,4658.700195,4661.200195,4655.100098,4656,1211
2026-08-28T10:45:00+00:00,4655.899902,4656.399902,4650.399902,4653.100098,1979
2026-08-28T11:00:00+00:00,4653.100098,4654.399902,4647.600098,4651.600098,2204
2026-08-28T11:15:00+00:00,4651.5,4654,4650.100098,4651.600098,1463
2026-08-28T11:30:00+00:00,4651.399902,4653.299805,4643.600098,4647.200195,2980
2026-08-28T11:45:00+00:00,4647.100098,4648.700195,4644,4645.700195,1660
2026-08-28T12:00:00+00:00,4645.799805,4649.5,4643.100098,4646.799805,2775
2026-08-28T12:15:00+00:00,4646.700195,4656.600098,4644.600098,4654.299805,3570
2026-08-28T12:30:00+00:00,4654.200195,4655.100098,4641.299805,4644.299805,4544
2026-08-28T12:45:00+00:00,4644.299805,4655.299805,4642.600098,4654,3603
2026-08-28T13:00:00+00:00,4654.200195,4657.799805,4648.299805,4651.299805,4942
2026-08-28T13:15:00+00:00,4651.5,4656.799805,4645.899902,4656.299805,3850
2026-08-28T13:30:00+00:00,4656.100098,4660.399902,4651,4657,4922
2026-08-28T13:45:00+00:00,4657.200195,4680.600098,4644.799805,4644.799805,10437
2026-08-28T14:00:00+00:00,4651.299805,4686.100098,4594.5,4597.700195,47198
2026-08-28T14:15:00+00:00,4597.700195,4620.5,4580.100098,4603.200195,27216
2026-08-28T14:30:00+00:00,4603.399902,4629.200195,4602.899902,4613,19488
2026-08-28T14:45:00+00:00,4613.100098,4633.700195,4601.600098,4629.100098,12821
2026-08-28T15:00:00+00:00,4629.200195,4636,4609.399902,4611.700195,12588
2026-08-28T15:15:00+00:00,4611.799805,4620.799805,4603.299805,4618.799805,9701
2026-08-28T15:30:00+00:00,4618.799805,4619.700195,4586.100098,4591.299805,11092
2026-08-28T15:45:00+00:00,4591.399902,4598.200195,4574.799805,4575.799805,14016
2026-08-28T16:00:00+00:00,4575.799805,4581.100098,4548,4549.399902,15965
2026-08-28T16:15:00+00:00,4549.399902,4555.200195,4515,4531.700195,23594
2026-08-28T16:30:00+00:00,4531.5,4538.100098,4516.200195,4519.700195,13196
2026-08-28T16:45:00+00:00,4520,4536,4520,4530,7744
2026-08-28T17:00:00+00:00,4530.100098,4533.600098,4521.799805,4531.200195,5616
2026-08-28T17:15:00+00:00,4531.5,4537.399902,4525.399902,4528.399902,5965
2026-08-28T17:30:00+00:00,4528.5,4532.100098,4510.600098,4517.299805,7118
2026-08-28T17:45:00+00:00,4517.5,4526.100098,4516.700195,4519.600098,6048
2026-08-28T18:00:00+00:00,4519.600098,4522,4509.100098,4511.5,6116
2026-08-28T18:15:00+00:00,4511.100098,4513.899902,4501,4506,7189
2026-08-28T18:30:00+00:00,4505.700195,4508.799805,4494.899902,4500.700195,6070
2026-08-28T18:45:00+00:00,4500.700195,4508.100098,4498,4506.399902,3815
2026-08-28T19:00:00+00:00,4506.299805,4512.600098,4502.399902,4506.5,4892
2026-08-28T19:15:00+00:00,4506.700195,4513.299805,4504.600098,4511.799805,2795
2026-08-28T19:30:00+00:00,4511.600098,4516.899902,4510.600098,4514.799805,3714
2026-08-28T19:45:00+00:00,4514.700195,4514.799805,4502.299805,4507.299805,5300
2026-08-28T20:00:00+00:00,4507.799805,4512.399902,4504.899902,4507.399902,2196
2026-08-28T20:15:00+00:00,4507.5,4510.299805,4503.100098,4507.200195,1444
2026-08-28T20:30:00+00:00,4507.700195,4507.799805,4503.100098,4506.600098,1201
2026-08-28T20:45:00+00:00,4506.600098,4529.899902,4502.5,4529.899902,2354
2026-08-30T22:00:00+00:00,4506,4510.899902,4504.799805,4509.200195,1167
2026-08-30T22:15:00+00:00,4509.100098,4516,4506,4509.100098,4247
2026-08-30T22:30:00+00:00,4509.100098,4512,4502,4507.200195,3090
2026-08-30T22:45:00+00:00,4507,4511.899902,4506.299805,4511,1415
2026-08-30T23:00:00+00:00,4510.700195,4516.299805,4508.600098,4509.799805,2584
2026-08-30T23:15:00+00:00,4509.799805,4514.600098,4504,4506.799805,2820
2026-08-30T23:30:00+00:00,4506.600098,4507.100098,4495.5,4496.5,3695
2026-08-30T23:45:00+00:00,4496.399902,4509.600098,4485.100098,4507.5,6946
2026-08-31T00:00:00+00:00,4507.5,4512.700195,4502.600098,4511.100098,4830
2026-08-31T00:15:00+00:00,4511.100098,4514.600098,4501.200195,4506,3463
2026-08-31T00:30:00+00:00,4506,4521.5,4505.899902,4514.5,5390
2026-08-31T00:45:00+00:00,4514.700195,4518.5,4505.399902,4505.799805,4017
2026-08-31T01:00:00+00:00,4505.799805,4512.799805,4485.200195,4493.700195,12600
2026-08-31T01:15:00+00:00,4493.399902,4503.600098,4491.399902,4493.5,5819
2026-08-31T01:30:00+00:00,4493.200195,4503.100098,4485.600098,4499.799805,5853
2026-08-31T01:45:00+00:00,4500.200195,4502.299805,4485.100098,4489.399902,5320
2026-08-31T02:00:00+00:00,4489,4490.399902,4466.399902,4474,10250
2026-08-31T02:15:00+00:00,4474,4477.299805,4467.600098,4472.5,4279
2026-08-31T02:30:00+00:00,4472.200195,4475.799805,4451,4452.299805,10070
2026-08-31T02:45:00+00:00,4452.200195,4472.399902,4445.5,4472.299805,7127
2026-08-31T03:00:00+00:00,4472.299805,4478,4471,4477.899902,4426
2026-08-31T03:15:00+00:00,4477.899902,4484,4475.799805,4477.600098,4372
2026-08-31T03:30:00+00:00,4477.100098,4477.399902,4469.200195,4472.299805,3384
2026-08-31T03:45:00+00:00,4472.299805,4476.799805,4471.100098,4471.600098,1689
2026-08-31T04:00:00+00:00,4472.100098,4472.5,4466.299805,4471.200195,3058
2026-08-31T04:15:00+00:00,4471,4471.299805,4465.5,4465.799805,1873
2026-08-31T04:30:00+00:00,4465.700195,4471.899902,4462.600098,4470,2836
2026-08-31T04:45:00+00:00,4470.200195,4475,4468.200195,4474.700195,1931
2026-08-31T05:00:00+00:00,4474.600098,4477.399902,4469,4472.899902,2326
2026-08-31T05:15:00+00:00,4472.5,4490.399902,4472,4490,3393
2026-08-31T05:30:00+00:00,4490,4492,4479.899902,4486.899902,3863
2026-08-31T05:45:00+00:00,4487.100098,4493.600098,4483.600098,4492.600098,2441
2026-08-31T06:00:00+00:00,4492.600098,4493.100098,4478.799805,4481.899902,2887
2026-08-31T06:15:00+00:00,4481.899902,4489.100098,4480.899902,4485.899902,2811
2026-08-31T06:30:00+00:00,4485.899902,4491.200195,4481.200195,4489.5,1859
2026-08-31T06:45:00+00:00,4489.399902,4493,4486.799805,4489.5,1885
2026-08-31T07:00:00+00:00,4489.299805,4491.700195,4485.299805,4485.899902,1854
2026-08-31T07:15:00+00:00,4485.799805,4498.399902,4484.899902,4494.100098,2693
2026-08-31T07:30:00+00:00,4494.100098,4497.399902,4491.200195,4496.899902,1824
2026-08-31T07:45:00+00:00,4496.799805,4498.100098,4490.899902,4493.299805,1520
2026-08-31T08:00:00+00:00,4493.399902,4499.799805,4486.600098,4489.100098,2942
2026-08-31T08:15:00+00:00,4488.799805,4491.700195,4485.200195,4490.700195,1624
2026-08-31T08:30:00+00:00,4490.299805,4490.299805,4484.5,4485.600098,1231
2026-08-31T08:45:00+00:00,4485.399902,4487.299805,4483.600098,4485.600098,1033
2026-08-31T09:00:00+00:00,4485.899902,4493.200195,4485.799805,4493,1758
2026-08-31T09:15:00+00:00,4493.200195,4494.5,4487.899902,4489.399902,1112
2026-08-31T09:30:00+00:00,4489.600098,4495.200195,4489.299805,4493.399902,1013
2026-08-31T09:45:00+00:00,4493.600098,4496.100098,4491.299805,4496,894
2026-08-31T10:00:00+00:00,4496.100098,4504.299805,4495.100098,4502.299805,2674
2026-08-31T10:15:00+00:00,4502.299805,4503.100098,4496.600098,4499.100098,1286
2026-08-31T10:30:00+00:00,4498.899902,4502.700195,4498.100098,4502,1088
2026-08-31T10:45:00+00:00,4501.700195,4506.700195,4500.299805,4504.5,1774
2026-08-31T11:00:00+00:00,4504.600098,4508.399902,4503.399902,4504.299805,1874
2026-08-31T11:15:00+00:00,4504.399902,4515,4502.700195,4513.799805,2705
2026-08-31T11:30:00+00:00,4514,4515,4504.200195,4505.700195,2875
2026-08-31T11:45:00+00:00,4505.799805,4507.200195,4503.100098,4506.100098,1671
2026-08-31T12:00:00+00:00,4506.299805,4511.899902,4500.700195,4508.200195,4150
2026-08-31T12:15:00+00:00,4508.299805,4509.700195,4497.299805,4498.399902,3591
2026-08-31T12:30:00+00:00,4498.399902,4500.799805,4490,4491.5,4470
2026-08-31T12:45:00+00:00,4491.399902,4492.799805,4486.299805,4486.700195,3768
2026-08-31T13:00:00+00:00,4487,4498,4484.700195,4497,5115
2026-08-31T13:15:00+00:00,4497.600098,4499.600098,4490.299805,4497.100098,3544
2026-08-31T13:30:00+00:00,4497.399902,4498.700195,4482.899902,4485,6164
2026-08-31T13:45:00+00:00,4484.799805,4484.899902,4466.299805,4469.299805,9930
2026-08-31T14:00:00+00:00,4469.299805,4478.600098,4466.799805,4477.799805,6503
2026-08-31T14:15:00+00:00,4477.799805,4481.600098,4466.799805,4470.700195,5629
2026-08-31T14:30:00+00:00,4470.600098,4487.299805,4469.700195,4483,6395
2026-08-31T14:45:00+00:00,4483.399902,4486.5,4475.899902,4481.399902,4924
2026-08-31T15:00:00+00:00,4481.600098,4488.600098,4477.700195,4485.399902,5021
2026-08-31T15:15:00+00:00,4485.399902,4488.100098,4478.799805,4482.700195,3582
2026-08-31T15:30:00+00:00,4482.399902,4484.200195,4475.600098,4477.299805,3013
2026-08-31T15:45:00+00:00,4477.100098,4483.5,4474,4475.600098,3221
2026-08-31T16:00:00+00:00,4476,4487.200195,4472.799805,4484.700195,3761
2026-08-31T16:15:00+00:00,4484.799805,4488.799805,4482.899902,4488.399902,1729
2026-08-31T16:30:00+00:00,4488.399902,4490.600098,4480.899902,4485.299805,2923
2026-08-31T16:45:00+00:00,4485.299805,4487.200195,4481.799805,4482.5,1490
2026-08-31T17:00:00+00:00,4482.700195,4484.700195,4480.100098,4483,1643
2026-08-31T17:15:00+00:00,4483,4486.600098,4477.899902,4480.100098,2868
2026-08-31T17:30:00+00:00,4479.799805,4486.399902,4479,4485.600098,1631
2026-08-31T17:45:00+00:00,4485.899902,4489.700195,4485,4486,1765
2026-08-31T18:00:00+00:00,4486.100098,4486.200195,4479.399902,4483.100098,1821
2026-08-31T18:15:00+00:00,4483,4484.100098,4478.899902,4479.100098,1325
2026-08-31T18:30:00+00:00,4478.899902,4479.600098,4475.399902,4478.399902,1803
2026-08-31T18:45:00+00:00,4478.700195,4484,4478.399902,4480,1417
2026-08-31T19:00:00+00:00,4480.200195,4484.799805,4478.200195,4482.899902,1625
2026-08-31T19:15:00+00:00,4482.899902,4491.700195,4482,4490,2130
2026-08-31T19:30:00+00:00,4489.899902,4494.799805,4488.299805,4492.5,3124
2026-08-31T19:45:00+00:00,4492.5,4502.799805,4490.799805,4502,4319
2026-08-31T20:00:00+00:00,4502.200195,4505,4498.700195,4499.299805,2078
2026-08-31T20:15:00+00:00,4499.200195,4499.600098,4495.899902,4496.5,875
2026-08-31T20:30:00+00:00,4496.299805,4499.100098,4495.899902,4497.600098,800
2026-08-31T20:45:00+00:00,4497.600098,4498.799805,4496.100098,4497.600098,823
2026-08-31T22:00:00+00:00,4497.100098,4504.799805,4495.5,4500.399902,950
2026-08-31T22:15:00+00:00,4500.299805,4501,4496.299805,4498.5,1398
2026-08-31T22:30:00+00:00,4498.700195,4500.299805,4495.700195,4496.700195,863
2026-08-31T22:45:00+00:00,4496.399902,4497.100098,4494,4495.700195,1132
2026-08-31T23:00:00+00:00,4495.700195,4495.700195,4492.100098,4492.299805,1219
2026-08-31T23:15:00+00:00,4492.600098,4493.200195,4490.100098,4491.799805,1308
2026-08-31T23:30:00+00:00,4491.799805,4496.799805,4490.899902,4494.299805,1926
2026-08-31T23:45:00+00:00,4494,4501.399902,4494,4501.100098,2373
2026-09-01T00:00:00+00:00,4501.200195,4508.799805,4494.899902,4504.200195,4544
2026-09-01T00:15:00+00:00,4504.200195,4510.5,4501.399902,4509.299805,3754
2026-09-01T00:30:00+00:00,4509.5,4510.299805,4500.799805,4502.100098,3076
2026-09-01T00:45:00+00:00,4502.399902,4510.799805,4499.700195,4502.799805,4501
2026-09-01T01:00:00+00:00,4502.700195,4506.200195,4494,4495.299805,5645
2026-09-01T01:15:00+00:00,4495.600098,4497.200195,4486.700195,4488.600098,4891
2026-09-01T01:30:00+00:00,4488.700195,4495.100098,4485.299805,4494.799805,4721
2026-09-01T01:45:00+00:00,4494.799805,4495.799805,4488.200195,4493,2793
2026-09-01T02:00:00+00:00,4493,4498.200195,4490.399902,4493.799805,3205
2026-09-01T02:15:00+00:00,4494.200195,4497.299805,4489.200195,4489.5,1952
2026-09-01T02:30:00+00:00,4489.100098,4489.899902,4480.200195,4481.100098,5050
2026-09-01T02:45:00+00:00,4480.899902,4492.700195,4477,4492.5,3777
2026-09-01T03:00:00+00:00,4492.799805,4493.600098,4487.600098,4489,2153
2026-09-01T03:15:00+00:00,4489.200195,4489.700195,4480.899902,4483.200195,2550
2026-09-01T03:30:00+00:00,4483.399902,4487.899902,4482.5,4487.799805,1445
2026-09-01T03:45:00+00:00,4487.899902,4492.5,4486,4486.899902,1869
2026-09-01T04:00:00+00:00,4485.600098,4486.799805,4478.799805,4479.899902,2181
2026-09-01T04:15:00+00:00,4479.600098,4482.5,4478.200195,4478.200195,1490
2026-09-01T04:30:00+00:00,4478.200195,4479.299805,4475,4476.600098,1703
2026-09-01T04:45:00+00:00,4476.399902,4478.299805,4473.399902,4475.200195,2337
2026-09-01T05:00:00+00:00,4475.200195,4481.399902,4474.600098,4477.899902,1866
2026-09-01T05:15:00+00:00,4477.799805,4478.899902,4473.600098,4475.100098,1479
2026-09-01T05:30:00+00:00,4474.899902,4492.200195,4471.700195,4491.5,5264
2026-09-01T05:45:00+00:00,4491.399902,4494.899902,4488.299805,4488.600098,3394
2026-09-01T06:00:00+00:00,4488.399902,4489.200195,4480.299805,4481.399902,3060
2026-09-01T06:15:00+00:00,4481.299805,4483.899902,4476.200195,4477.700195,2253
2026-09-01T06:30:00+00:00,4477.799805,4483.899902,4476.899902,4483.700195,1836
2026-09-01T06:45:00+00:00,4483.600098,4484.100098,4476.600098,4478,1522
2026-09-01T07:00:00+00:00,4478,4483.700195,4477.799805,4481.899902,1621
2026-09-01T07:15:00+00:00,4481.600098,4482.299805,4474.200195,4474.5,2441
2026-09-01T07:30:00+00:00,4474.5,4477,4460.600098,4466.700195,5116
2026-09-01T07:45:00+00:00,4466.799805,4471.799805,4465.299805,4468.799805,2414
2026-09-01T08:00:00+00:00,4468.5,4468.5,4438,4454.399902,11629
2026-09-01T08:15:00+00:00,4454.200195,4454.799805,4430.600098,4431.899902,7340
2026-09-01T08:30:00+00:00,4432.100098,4432.899902,4418.600098,4424.100098,8730
2026-09-01T08:45:00+00:00,4424,4427.200195,4417.600098,4419.299805,4585
2026-09-01T09:00:00+00:00,4419.299805,4424.600098,4414.799805,4424.299805,5482
2026-09-01T09:15:00+00:00,4424.299805,4426.899902,4418.899902,4421.399902,3182
2026-09-01T09:30:00+00:00,4421.100098,4421.5,4413.799805,4420.299805,3681
2026-09-01T09:45:00+00:00,4420,4422.5,4412.799805,4413.600098,2122
2026-09-01T10:00:00+00:00,4413.600098,4431.100098,4412.899902,4427,3798
2026-09-01T10:15:00+00:00,4426.899902,4434.200195,4426.700195,4433.299805,2785
2026-09-01T10:30:00+00:00,4433.399902,4435,4429.700195,4430,2147
2026-09-01T10:45:00+00:00,4430.200195,4430.399902,4423.299805,4426.700195,2968
2026-09-01T11:00:00+00:00,4426.899902,4431.700195,4424.5,4425.5,2458
2026-09-01T11:15:00+00:00,4425.700195,4430.700195,4422.899902,4429.200195,2381
2026-09-01T11:30:00+00:00,4429,4433.399902,4426.799805,4432.799805,1935
2026-09-01T11:45:00+00:00,4432.700195,4435.899902,4420.399902,4423,3694
2026-09-01T12:00:00+00:00,4422.899902,4423.200195,4415.200195,4419.299805,4277
2026-09-01T12:15:00+00:00,4419.200195,4424.799805,4414.100098,4417.200195,4866
2026-09-01T12:30:00+00:00,4417,4417.600098,4400.299805,4413.399902,9999
2026-09-01T12:45:00+00:00,4413.100098,4418.5,4404.600098,4404.700195,5172
2026-09-01T13:00:00+00:00,4404.799805,4406.399902,4373.899902,4377.899902,21467
2026-09-01T13:15:00+00:00,4377.799805,4392.799805,4374.5,4390.899902,9558
2026-09-01T13:30:00+00:00,4391,4410.399902,4389.100098,4409.799805,13729
2026-09-01T13:45:00+00:00,4409.600098,4416.5,4402,4413.399902,8870
2026-09-01T14:00:00+00:00,4414,4419.799805,4401,4419,10997
2026-09-01T14:15:00+00:00,4419.100098,4424.399902,4414.299805,4414.399902,8171
2026-09-01T14:30:00+00:00,4414.399902,4421.700195,4412.5,4415.700195,5293
2026-09-01T14:45:00+00:00,4415.299805,4419,4404.200195,4408.899902,7126
2026-09-01T15:00:00+00:00,4409.100098,4411.600098,4403.399902,4405.399902,4306
2026-09-01T15:15:00+00:00,4405.600098,4414.399902,4404.299805,4414.200195,4106
2026-09-01T15:30:00+00:00,4414,4419.399902,4409.799805,4419.299805,3736
2026-09-01T15:45:00+00:00,4419.200195,4422.5,4416.799805,4421.700195,3481
2026-09-01T16:00:00+00:00,4421.700195,4423.399902,4410.799805,4411,3778
2026-09-01T16:15:00+00:00,4410.700195,4414.200195,4400.799805,4401.5,5982
2026-09-01T16:30:00+00:00,4401.100098,4406.200195,4395.200195,4403.200195,5732
2026-09-01T16:45:00+00:00,4403.100098,4407.5,4399.5,4399.5,2949
2026-09-01T17:00:00+00:00,4399.799805,4400.5,4392.299805,4394.799805,4562
2026-09-01T17:15:00+00:00,4394.799805,4398.5,4390.399902,4398.399902,3966
2026-09-01T17:30:00+00:00,4398.200195,4400.299805,4390.299805,4392.299805,3735
2026-09-01T17:45:00+00:00,4392.100098,4392.700195,4389,4391,2285
2026-09-01T18:00:00+00:00,4391.299805,4393.100098,4382.299805,4384.600098,3363
2026-09-01T18:15:00+00:00,4384.600098,4389.700195,4383.5,4385.399902,2616
2026-09-01T18:30:00+00:00,4385.299805,4385.299805,4375.899902,4377.299805,4818
2026-09-01T18:45:00+00:00,4377.100098,4382.200195,4375.5,4379.200195,3906
2026-09-01T19:00:00+00:00,4379.100098,4384.899902,4376.200195,4384.899902,2604
2026-09-01T19:15:00+00:00,4384.600098,4385.200195,4380.899902,4381.899902,1566
2026-09-01T19:30:00+00:00,4382.200195,4382.299805,4368.799805,4373.5,5366
2026-09-01T19:45:00+00:00,4373.5,4377.5,4370.399902,4374.200195,3406
2026-09-01T20:00:00+00:00,4374.100098,4377.799805,4370.399902,4372.700195,2608
2026-09-01T20:15:00+00:00,4372.700195,4376.299805,4371.799805,4373,1253
2026-09-01T20:30:00+00:00,4373.100098,4377.600098,4371.799805,4374.5,1295
2026-09-01T20:45:00+00:00,4374.399902,4376.700195,4373.600098,4375.799805,1379
2026-09-01T22:00:00+00:00,4376.200195,4381.299805,4374.899902,4375.5,634
2026-09-01T22:15:00+00:00,4375.600098,4375.600098,4373.5,4374.399902,962
2026-09-01T22:30:00+00:00,4374.100098,4376.299805,4372.5,4374.700195,1123
2026-09-01T22:45:00+00:00,4374.399902,4377.399902,4373.700195,4375.600098,1018
2026-09-01T23:00:00+00:00,4375.5,4378.600098,4372.899902,4376.5,1675
2026-09-01T23:15:00+00:00,4376.600098,4377.700195,4370.899902,4377.200195,2141
2026-09-01T23:30:00+00:00,4376.799805,4382,4376.600098,4379.899902,2202
2026-09-01T23:45:00+00:00,4379.899902,4380,4365,4370.5,3911
2026-09-02T00:00:00+00:00,4370.700195,4376.899902,4361.799805,4374.5,7715
2026-09-02T00:15:00+00:00,4374.5,4380.899902,4368.899902,4372.5,5479
2026-09-02T00:30:00+00:00,4372,4378.200195,4366.399902,4376.299805,3741
2026-09-02T00:45:00+00:00,4376.299805,4377.899902,4360.799805,4362.700195,4998
2026-09-02T01:00:00+00:00,4362.100098,4369.799805,4350.799805,4364.5,12319
2026-09-02T01:15:00+00:00,4364.299805,4373.5,4362.100098,4363.899902,5200
2026-09-02T01:30:00+00:00,4364,4365.299805,4351.600098,4355.700195,5362
2026-09-02T01:45:00+00:00,4355.5,4356.5,4334.700195,4338,10257
2026-09-02T02:00:00+00:00,4338.299805,4349,4334.200195,4343.399902,6550
2026-09-02T02:15:00+00:00,4343.299805,4353.899902,4343.100098,4351.600098,3491
2026-09-02T02:30:00+00:00,4351.799805,4362,4346.600098,4356.600098,4821
2026-09-02T02:45:00+00:00,4356.799805,4358.799805,4347.299805,4349.899902,2979
2026-09-02T03:00:00+00:00,4350.100098,4351.5,4343.799805,4348,2956
2026-09-02T03:15:00+00:00,4348,4349.700195,4335.200195,4340.600098,4519
2026-09-02T03:30:00+00:00,4340.600098,4340.700195,4329.299805,4335.399902,5514
2026-09-02T03:45:00+00:00,4335.5,4350.700195,4335.399902,4349.100098,3974
2026-09-02T04:00:00+00:00,4350,4353.399902,4348.600098,4351,2268
2026-09-02T04:15:00+00:00,4350.799805,4352.299805,4347.899902,4349.299805,1770
2026-09-02T04:30:00+00:00,4349.299805,4354.5,4348.899902,4351.100098,1542
2026-09-02T04:45:00+00:00,4351.399902,4354.399902,4350.399902,4353.899902,796
2026-09-02T05:00:00+00:00,4354,4356.700195,4350,4356.600098,1561
2026-09-02T05:15:00+00:00,4356.5,4360.600098,4353.299805,4359.799805,2530
2026-09-02T05:30:00+00:00,4359.700195,4371.700195,4359.700195,4369.600098,5266
2026-09-02T05:45:00+00:00,4370,4373.200195,4365.799805,4366.299805,2317
2026-09-02T06:00:00+00:00,4366.799805,4376,4364,4373.100098,3071
2026-09-02T06:15:00+00:00,4373,4375.100098,4367.200195,4368.899902,2200
2026-09-02T06:30:00+00:00,4369.200195,4373,4363.200195,4371.100098,2581
2026-09-02T06:45:00+00:00,4371.100098,4371.399902,4361.200195,4368.200195,2587
2026-09-02T07:00:00+00:00,4368.299805,4377.899902,4365.299805,4373.399902,3181
2026-09-02T07:15:00+00:00,4373.100098,4375.899902,4371.200195,4373.600098,1770
2026-09-02T07:30:00+00:00,4373.200195,4377.899902,4368.299805,4369,1770
2026-09-02T07:45:00+00:00,4369.299805,4371.799805,4366.899902,4369.899902,1442
2026-09-02T08:00:00+00:00,4370,4378.5,4368.799805,4372.5,2037
2026-09-02T08:15:00+00:00,4372.200195,4374.5,4369.100098,4369.600098,1220
2026-09-02T08:30:00+00:00,4369.700195,4373.399902,4365.799805,4368.600098,1599
2026-09-02T08:45:00+00:00,4368.600098,4369.200195,4359.100098,4359.600098,2730
2026-09-02T09:00:00+00:00,4359.600098,4369.100098,4359.200195,4360.899902,2250
2026-09-02T09:15:00+00:00,4361,4362.200195,4352.100098,4356.399902,2791
2026-09-02T09:30:00+00:00,4356.100098,4359.200195,4354.600098,4357.399902,1673
2026-09-02T09:45:00+00:00,4357.600098,4358.700195,4355.299805,4355.700195,992
2026-09-02T10:00:00+00:00,4355.700195,4357,4349.200195,4354.600098,2160
2026-09-02T10:15:00+00:00,4354,4359.799805,4353.299805,4357.399902,1626
2026-09-02T10:30:00+00:00,4357.200195,4358.100098,4354.200195,4357,1143
2026-09-02T10:45:00+00:00,4356.799805,4357.799805,4352.299805,4356.600098,1456
2026-09-02T11:00:00+00:00,4356.399902,4371.899902,4355,4369.799805,3532
2026-09-02T11:15:00+00:00,4369.799805,4370.399902,4362.700195,4368.899902,2728
2026-09-02T11:30:00+00:00,4369,4380.5,4368.899902,4371.700195,4424
2026-09-02T11:45:00+00:00,4371.799805,4380.299805,4370.399902,4379.399902,2869
2026-09-02T12:00:00+00:00,4379.5,4383.299805,4375.799805,4380.299805,4307
2026-09-02T12:15:00+00:00,4380,4391.399902,4376.600098,4383.200195,7580
2026-09-02T12:30:00+00:00,4383,4384.600098,4374.299805,4381.399902,4290
2026-09-02T12:45:00+00:00,4381.299805,4386.299805,4377.299805,4378.299805,3885
2026-09-02T13:00:00+00:00,4378.200195,4392.299805,4377.399902,4386.5,5607
2026-09-02T13:15:00+00:00,4386.5,4405.700195,4383.399902,4405.600098,8758
2026-09-02T13:30:00+00:00,4405.399902,4427,4403.899902,4425.399902,13156
2026-09-02T13:45:00+00:00,4425.600098,4433.5,4414.700195,4433,11886
2026-09-02T14:00:00+00:00,4433.100098,4444.5,4426.399902,4434.299805,13345
2026-09-02T14:15:00+00:00,4434.700195,4444,4431.700195,4434.299805,7441
2026-09-02T14:30:00+00:00,4434.100098,4435.200195,4428.299805,4432.700195,6131
2026-09-02T14:45:00+00:00,4432.700195,4434,4421.399902,4424.200195,6043
2026-09-02T15:00:00+00:00,4424.200195,4427.899902,4419.100098,4419.399902,5832
2026-09-02T15:15:00+00:00,4419.200195,4420.100098,4412.5,4419.5,7257
2026-09-02T15:30:00+00:00,4419.700195,4422.200195,4412.700195,4413,4724
2026-09-02T15:45:00+00:00,4413,4420.700195,4411.200195,4419.899902,3258
2026-09-02T16:00:00+00:00,4419.700195,4421.700195,4415.600098,4419.299805,3000
2026-09-02T16:15:00+00:00,4418.799805,4419.200195,4414.100098,4415.399902,1609
2026-09-02T16:30:00+00:00,4415.5,4417.399902,4410.799805,4411.700195,2284
2026-09-02T16:45:00+00:00,4411.5,4417.5,4411.200195,4415.299805,2126
2026-09-02T17:00:00+00:00,4415.200195,4418,4414.100098,4415.700195,1694
2026-09-02T17:15:00+00:00,4415.399902,4416.600098,4410.899902,4416.600098,3115
2026-09-02T17:30:00+00:00,4416.600098,4424.5,4413,4423,4019
2026-09-02T17:45:00+00:00,4422.899902,4427.5,4422,4423.5,3343
2026-09-02T18:00:00+00:00,4423.600098,4424.399902,4416.399902,4416.799805,2783
2026-09-02T18:15:00+00:00,4416.799805,4426.700195,4415.700195,4419.799805,3671
2026-09-02T18:30:00+00:00,4419.799805,4424.899902,4419,4419.5,1512
2026-09-02T18:45:00+00:00,4419.299805,4422.5,4419,4420.600098,1033
2026-09-02T19:00:00+00:00,4420.700195,4427.100098,4418.200195,4425.799805,1462
2026-09-02T19:15:00+00:00,4425.600098,4429.600098,4424.600098,4427.399902,1957
2026-09-02T19:30:00+00:00,4427.700195,4435.299805,4427.399902,4434.5,2502
2026-09-02T19:45:00+00:00,4434.5,4438.100098,4431.399902,4437.700195,3482
2026-09-02T20:00:00+00:00,4437.5,4438.100098,4432.100098,4432.600098,1659
2026-09-02T20:15:00+00:00,4432.600098,4434.600098,4430.5,4433.200195,1238
2026-09-02T20:30:00+00:00,4433.100098,4436.799805,4432.100098,4435,847
2026-09-02T20:45:00+00:00,4435,4437.600098,4433.700195,4434.100098,1041
2026-09-02T21:00:00+00:00,4434.399902,4434.399902,4434.399902,4434.399902,1
2026-09-02T22:00:00+00:00,4434.799805,4438.600098,4434.299805,4435,375
2026-09-02T22:15:00+00:00,4434.700195,4435.899902,4432.200195,4434.899902,1047
2026-09-02T22:30:00+00:00,4434.600098,4434.700195,4430.200195,4430.5,1112
2026-09-02T22:45:00+00:00,4430.399902,4430.600098,4428.600098,4429.899902,1073
2026-09-02T23:00:00+00:00,4430.100098,4432.5,4429.100098,4429.299805,1372
2026-09-02T23:15:00+00:00,4429.299805,4429.700195,4427.299805,4427.600098,1038
2026-09-02T23:30:00+00:00,4427.5,4431,4426.600098,4430.799805,1687
2026-09-02T23:45:00+00:00,4430.600098,4434.399902,4429.600098,4431.200195,2259
2026-09-03T00:00:00+00:00,4431.100098,4438,4429.899902,4435.399902,2942
2026-09-03T00:15:00+00:00,4435.600098,4435.799805,4430.299805,4432.399902,2125
2026-09-03T00:30:00+00:00,4432.399902,4435.100098,4427.600098,4432.899902,2732
2026-09-03T00:45:00+00:00,4433.100098,4442.799805,4430.899902,4440.5,3540
2026-09-03T01:00:00+00:00,4440.600098,4454.799805,4431.899902,4446.399902,9911
2026-09-03T01:15:00+00:00,4446.399902,4449.299805,4438.799805,4446.899902,5833
2026-09-03T01:30:00+00:00,4446.700195,4454.799805,4445.100098,4445.700195,5960
2026-09-03T01:45:00+00:00,4445.700195,4457.700195,4445.200195,4455.5,4241
2026-09-03T02:00:00+00:00,4455.299805,4461.5,4454.5,4456.5,4067
2026-09-03T02:15:00+00:00,4456.799805,4458.700195,4452.100098,4457.200195,2710
2026-09-03T02:30:00+00:00,4456.799805,4463.799805,4454.799805,4459.200195,4017
2026-09-03T02:45:00+00:00,4459.200195,4466.200195,4456.600098,4466,2912
2026-09-03T03:00:00+00:00,4466,4475.700195,4465,4474.600098,4927
2026-09-03T03:15:00+00:00,4474.399902,4477,4470.200195,4475.100098,3342
2026-09-03T03:30:00+00:00,4474.899902,4478,4472.200195,4472.200195,2860
2026-09-03T03:45:00+00:00,4472.200195,4478.399902,4471,4477.100098,2911
2026-09-03T04:00:00+00:00,4477.200195,4481.100098,4470.399902,4476.200195,4883
2026-09-03T04:15:00+00:00,4476.399902,4482.200195,4474.899902,4481.5,1807
2026-09-03T04:30:00+00:00,4481.799805,4483.600098,4480.5,4483.399902,2185
2026-09-03T04:45:00+00:00,4483.399902,4483.899902,4479.299805,4483.200195,1985
2026-09-03T05:00:00+00:00,4483,4485.899902,4474.5,4475.200195,3427
2026-09-03T05:15:00+00:00,4475.299805,4476.5,4468.399902,4470.899902,4665
2026-09-03T05:30:00+00:00,4470.799805,4479.299805,4468.299805,4478.399902,4633
2026-09-03T05:45:00+00:00,4478.299805,4485.399902,4474.299805,4477.100098,4391
2026-09-03T06:00:00+00:00,4477.100098,4482.299805,4471.600098,4473.100098,3496
2026-09-03T06:15:00+00:00,4473,4476.799805,4462.799805,4467.600098,5361
2026-09-03T06:30:00+00:00,4467.600098,4472.299805,4466.299805,4471.600098,2634
2026-09-03T06:45:00+00:00,4471.5,4474.700195,4466.100098,4466.399902,2256
2026-09-03T07:00:00+00:00,4466.200195,4477.299805,4464.700195,4467.700195,3350
2026-09-03T07:15:00+00:00,4467.5,4475.799805,4467,4471.5,2014
2026-09-03T07:30:00+00:00,4472,4476.5,4468.700195,4472.200195,1886
2026-09-03T07:45:00+00:00,4472,4476.799805,4469.700195,4474.399902,1497
2026-09-03T08:00:00+00:00,4474.399902,4489.899902,4473.600098,4477.399902,6132
2026-09-03T08:15:00+00:00,4477.399902,4485.700195,4476.700195,4484.600098,3114
2026-09-03T08:30:00+00:00,4484.299805,4486,4477.5,4480.399902,1882
2026-09-03T08:45:00+00:00,4480.600098,4486.100098,4480,4480.899902,1608
2026-09-03T09:00:00+00:00,4481.200195,4488.299805,4480.299805,4484.100098,1898
2026-09-03T09:15:00+00:00,4484.299805,4484.5,4478.299805,4481.299805,1940
2026-09-03T09:30:00+00:00,4481.200195,4484.700195,4475.799805,4476.399902,2599
2026-09-03T09:45:00+00:00,4476.200195,4477,4471.799805,4474.5,2157
2026-09-03T10:00:00+00:00,4474,4476.299805,4469.200195,4471.100098,2118
2026-09-03T10:15:00+00:00,4470.700195,4472,4465.200195,4468.700195,2624
2026-09-03T10:30:00+00:00,4468.899902,4472.700195,4466.200195,4472.100098,1903
2026-09-03T10:45:00+00:00,4471.700195,4474.700195,4470.100098,4473.399902,1366
2026-09-03T11:00:00+00:00,4473.200195,4478.899902,4470.799805,4478.799805,1887
2026-09-03T11:15:00+00:00,4478.399902,4484.200195,4476.200195,4480.299805,2584
2026-09-03T11:30:00+00:00,4480.600098,4485.5,4472,4484.799805,2699
2026-09-03T11:45:00+00:00,4484.899902,4492.799805,4482.399902,4490.200195,3168
2026-09-03T12:00:00+00:00,4489.799805,4496.799805,4486.799805,4490.299805,4745
2026-09-03T12:15:00+00:00,4490.299805,4495.600098,4483.899902,4492.700195,4899
2026-09-03T12:30:00+00:00,4493.100098,4526.600098,4493,4514.700195,18901
2026-09-03T12:45:00+00:00,4514.799805,4542.799805,4512.5,4540.799805,13337
2026-09-03T13:00:00+00:00,4540.899902,4543.700195,4531.5,4533.100098,10394
2026-09-03T13:15:00+00:00,4533,4535.399902,4524.399902,4527.5,8130
2026-09-03T13:30:00+00:00,4527.700195,4529.799805,4515,4516.799805,9281
2026-09-03T13:45:00+00:00,4517,4517.799805,4503.200195,4517.399902,11694
2026-09-03T14:00:00+00:00,4517.100098,4519.899902,4503.799805,4515.600098,9242
2026-09-03T14:15:00+00:00,4515.799805,4527.5,4515.5,4523.600098,8346
2026-09-03T14:30:00+00:00,4523.700195,4526.200195,4512.299805,4519,6067
2026-09-03T14:45:00+00:00,4519.299805,4532.200195,4516.5,4531.799805,7202
2026-09-03T15:00:00+00:00,4532.200195,4552.100098,4530.700195,4551,12753
2026-09-03T15:15:00+00:00,4551.200195,4558.600098,4549.100098,4554.200195,8362
2026-09-03T15:30:00+00:00,4554.100098,4557.399902,4542.299805,4542.399902,5607
2026-09-03T15:45:00+00:00,4542.600098,4543.100098,4533.600098,4540.899902,6176
2026-09-03T16:00:00+00:00,4540.899902,4543.299805,4535,4541.399902,3453
2026-09-03T16:15:00+00:00,4541.700195,4542.399902,4538,4540.600098,2051
2026-09-03T16:30:00+00:00,4541.100098,4543.5,4534.299805,4535.600098,2482
2026-09-03T16:45:00+00:00,4535.399902,4538.700195,4533.100098,4533.600098,2488
2026-09-03T17:00:00+00:00,4534,4536.5,4530.700195,4535.200195,3337
2026-09-03T17:15:00+00:00,4535.399902,4541.200195,4532.5,4540.299805,2836
2026-09-03T17:30:00+00:00,4540.399902,4541.5,4538,4539.299805,1915
2026-09-03T17:45:00+00:00,4539.399902,4542.600098,4534.700195,4535.600098,2252
2026-09-03T18:00:00+00:00,4534.600098,4537.100098,4531,4531.200195,2981
2026-09-03T18:15:00+00:00,4531.200195,4535.5,4526.700195,4527.200195,3023
2026-09-03T18:30:00+00:00,4527.200195,4530.5,4522.200195,4528.899902,3467
2026-09-03T18:45:00+00:00,4528.600098,4530.100098,4521.299805,4523,2890
2026-09-03T19:00:00+00:00,4522.899902,4524.899902,4520.5,4522.399902,2504
2026-09-03T19:15:00+00:00,4522.299805,4524.600098,4520.299805,4523.700195,1685
2026-09-03T19:30:00+00:00,4523.700195,4526.700195,4521.799805,4525.100098,1944
2026-09-03T19:45:00+00:00,4525.299805,4528.5,4520.799805,4522.799805,3201
2026-09-03T20:00:00+00:00,4522.799805,4523.299805,4518.600098,4519.100098,1829
2026-09-03T20:15:00+00:00,4519.200195,4520,4517.5,4518.899902,710
2026-09-03T20:30:00+00:00,4518.899902,4520.299805,4518.399902,4519.799805,644
2026-09-03T20:45:00+00:00,4519.799805,4521.399902,4518.899902,4520.100098,794
2026-09-03T22:00:00+00:00,4521.5,4526,4520.299805,4525.700195,890
2026-09-03T22:15:00+00:00,4525.299805,4526.200195,4521.299805,4522.200195,1630
2026-09-03T22:30:00+00:00,4522.200195,4524.200195,4519.700195,4520.899902,1799
2026-09-03T22:45:00+00:00,4520.899902,4523.299805,4518,4521.5,2035
2026-09-03T23:00:00+00:00,4521.600098,4525.100098,4519.399902,4521.399902,1586
2026-09-03T23:15:00+00:00,4521.399902,4522.100098,4518.600098,4520.799805,1025
2026-09-03T23:30:00+00:00,4520.799805,4525.399902,4520.399902,4524.299805,1243
2026-09-03T23:45:00+00:00,4524.200195,4527.399902,4521.799805,4527.100098,1986
2026-09-04T00:00:00+00:00,4527.100098,4530,4525,4527.200195,3042
2026-09-04T00:15:00+00:00,4527.200195,4527.700195,4520.5,4520.899902,2608
2026-09-04T00:30:00+00:00,4521.200195,4528.600098,4519.100098,4528.5,2683
2026-09-04T00:45:00+00:00,4528.5,4533.5,4526.799805,4532.600098,3571
2026-09-04T01:00:00+00:00,4532.600098,4533.5,4519.899902,4520.899902,5478
2026-09-04T01:15:00+00:00,4520.899902,4525.299805,4513.100098,4517.200195,4846
2026-09-04T01:30:00+00:00,4517.100098,4523.299805,4514.200195,4520,4208
2026-09-04T01:45:00+00:00,4520.100098,4526.899902,4512.100098,4525.100098,3927
2026-09-04T02:00:00+00:00,4525,4528.899902,4523.200195,4525.399902,2703
2026-09-04T02:15:00+00:00,4525.5,4526.600098,4517.399902,4520.100098,2658
2026-09-04T02:30:00+00:00,4519.899902,4523.5,4516.399902,4516.799805,3151
2026-09-04T02:45:00+00:00,4517,4527.100098,4516,4523.5,2369
2026-09-04T03:00:00+00:00,4523.5,4524.899902,4516.100098,4519.700195,2190
2026-09-04T03:15:00+00:00,4519.5,4521,4517.600098,4518.600098,979
2026-09-04T03:30:00+00:00,4518.899902,4521.5,4515.200195,4515.399902,1047
2026-09-04T03:45:00+00:00,4515.399902,4516.5,4513.5,4513.899902,1450
2026-09-04T04:00:00+00:00,4513.100098,4516.700195,4511.5,4515.5,2490
2026-09-04T04:15:00+00:00,4515.799805,4518.799805,4514.399902,4518,1044
2026-09-04T04:30:00+00:00,4518.100098,4521.200195,4517.899902,4520.299805,1334
2026-09-04T04:45:00+00:00,4520.200195,4521.700195,4518.899902,4520.200195,818
2026-09-04T05:00:00+00:00,4520.200195,4521.299805,4513.5,4515.700195,1901
2026-09-04T05:15:00+00:00,4515.600098,4521.700195,4513.5,4514,1782
2026-09-04T05:30:00+00:00,4513.600098,4524,4512.899902,4517.200195,3403
2026-09-04T05:45:00+00:00,4517.299805,4519.100098,4513.299805,4518.299805,2101
2026-09-04T06:00:00+00:00,4518.299805,4519.5,4512.700195,4515,2217
2026-09-04T06:15:00+00:00,4515.100098,4518.100098,4512.899902,4515,1426
2026-09-04T06:30:00+00:00,4515.299805,4516,4508.600098,4510.5,2959
2026-09-04T06:45:00+00:00,4510.600098,4510.799805,4506.100098,4509.399902,2565
2026-09-04T07:00:00+00:00,4509.399902,4518.299805,4508.100098,4514.5,2880
2026-09-04T07:15:00+00:00,4514.5,4519.799805,4513.200195,4519.600098,1743
2026-09-04T07:30:00+00:00,4519.700195,4534.200195,4519.299805,4532.600098,4329
2026-09-04T07:45:00+00:00,4532.700195,4537.899902,4528.100098,4530.299805,3781
2026-09-04T08:00:00+00:00,4530.399902,4533.600098,4526,4528.899902,2648
2026-09-04T08:15:00+00:00,4528.600098,4531,4526.299805,4527.899902,1362
2026-09-04T08:30:00+00:00,4528,4529.399902,4524.100098,4524.399902,1546
2026-09-04T08:45:00+00:00,4524.100098,4526.299805,4521,4524.5,1536
2026-09-04T09:00:00+00:00,4524.399902,4525.799805,4515.399902,4516.600098,2037
2026-09-04T09:15:00+00:00,4516.5,4517.200195,4510,4512.799805,2753
2026-09-04T09:30:00+00:00,4512.799805,4516.5,4510.899902,4513.5,2121
2026-09-04T09:45:00+00:00,4513.899902,4516,4511.399902,4511.899902,1094
2026-09-04T10:00:00+00:00,4511.700195,4519.700195,4511.600098,4519.100098,1383
2026-09-04T10:15:00+00:00,4519,4520.100098,4514.299805,4517.5,1727
2026-09-04T10:30:00+00:00,4517.600098,4521.5,4516.200195,4519.899902,1323
2026-09-04T10:45:00+00:00,4519.799805,4522.799805,4519,4519,1086
2026-09-04T11:00:00+00:00,4519.100098,4519.5,4515.5,4516.399902,1257
2026-09-04T11:15:00+00:00,4516.399902,4517,4511.399902,4511.899902,1836
2026-09-04T11:30:00+00:00,4511.899902,4516.799805,4511.399902,4514.399902,1354
2026-09-04T11:45:00+00:00,4514.299805,4516.899902,4510.799805,4513,1499
2026-09-04T12:00:00+00:00,4513.399902,4516.700195,4510.600098,4511,2221
2026-09-04T12:15:00+00:00,4510.899902,4522.899902,4510.700195,4519.200195,3587
2026-09-04T12:30:00+00:00,4520.299805,4522.700195,4411.399902,4440.600098,39178
2026-09-04T12:45:00+00:00,4440.600098,4457,4426.799805,4440.5,15559
2026-09-04T13:00:00+00:00,4440.799805,4441.700195,4412,4440.600098,17730
2026-09-04T13:15:00+00:00,4440.700195,4461.399902,4438,4459.5,10518
2026-09-04T13:30:00+00:00,4459.600098,4471.100098,4452.100098,4470.799805,14111
2026-09-04T13:45:00+00:00,4470.799805,4482,4459.5,4459.799805,12016
2026-09-04T14:00:00+00:00,4460,4485,4458.5,4481.399902,9656
2026-09-04T14:15:00+00:00,4481.399902,4484.799805,4474.200195,4476.5,7667
2026-09-04T14:30:00+00:00,4476.5,4489.5,4472,4475.899902,8528
2026-09-04T14:45:00+00:00,4476.100098,4479.299805,4464,4474.100098,7087
2026-09-04T15:00:00+00:00,4474.399902,4491.200195,4469.200195,4490.5,7149
2026-09-04T15:15:00+00:00,4490.700195,4496.399902,4486.700195,4487,6440
2026-09-04T15:30:00+00:00,4487.200195,4493.799805,4483.399902,4490,4542
2026-09-04T15:45:00+00:00,4490.200195,4493.399902,4482.700195,4483.899902,3676
2026-09-04T16:00:00+00:00,4483.899902,4488.100098,4479.5,4486.200195,4046
2026-09-04T16:15:00+00:00,4486.100098,4491.200195,4480.799805,4482,2933
2026-09-04T16:30:00+00:00,4481.700195,4487.299805,4480.799805,4485.600098,1732
2026-09-04T16:45:00+00:00,4485.600098,4487.799805,4481.799805,4483.799805,2343
2026-09-04T17:00:00+00:00,4483.5,4484,4477.399902,4481.100098,3198
2026-09-04T17:15:00+00:00,4481.399902,4488.399902,4475,4476.100098,4493
2026-09-04T17:30:00+00:00,4475.899902,4477.299805,4462.600098,4464.700195,4948
2026-09-04T17:45:00+00:00,4464.600098,4469,4462.899902,4464,3151
2026-09-04T18:00:00+00:00,4464.700195,4467.399902,4458.799805,4467.399902,3720
2026-09-04T18:15:00+00:00,4467.399902,4474.5,4466.899902,4472.299805,2997
2026-09-04T18:30:00+00:00,4472.399902,4473.899902,4468.700195,4470.399902,1800
2026-09-04T18:45:00+00:00,4470.600098,4473.299805,4469.5,4471.399902,1405
2026-09-04T19:00:00+00:00,4471.600098,4477.5,4469.899902,4476.399902,2148
2026-09-04T19:15:00+00:00,4476.299805,4483,4474.100098,4482.600098,2173
2026-09-04T19:30:00+00:00,4482.799805,4485.600098,4481.200195,4484.399902,1934
2026-09-04T19:45:00+00:00,4484.399902,4484.799805,4479.700195,4481.899902,2559
2026-09-04T20:00:00+00:00,4481.799805,4482.399902,4477.799805,4479,1102
2026-09-04T20:15:00+00:00,4478.799805,4479,4476.700195,4477.200195,585
2026-09-04T20:30:00+00:00,4477.200195,4478,4476,4477.399902,760
2026-09-04T20:45:00+00:00,4477.600098,4478.600098,4475.5,4476.600098,950
2026-09-08T04:00:00+00:00,4483.399902,4488.700195,4483.299805,4484.700195,3476
2026-09-08T04:15:00+00:00,4484.799805,4486.200195,4477.100098,4478.100098,1945
2026-09-08T04:30:00+00:00,4478.200195,4482,4477.899902,4481.700195,1635
2026-09-08T04:45:00+00:00,4481.899902,4485.5,4479.600098,4481.5,1339
2026-09-08T05:00:00+00:00,4481.600098,4483.5,4472.299805,4472.899902,2824
2026-09-08T05:15:00+00:00,4472.799805,4477.299805,4465.100098,4465.5,3196
2026-09-08T05:30:00+00:00,4465.600098,4472.200195,4462.899902,4471,3559
2026-09-08T05:45:00+00:00,4470.799805,4474,4462.200195,4464.299805,2856
2026-09-08T06:00:00+00:00,4464.100098,4465,4453.200195,4456.299805,4607
2026-09-08T06:15:00+00:00,4456.200195,4456.299805,4443.700195,4444.899902,5261
2026-09-08T06:30:00+00:00,4444.899902,4453.5,4442.700195,4452,3647
2026-09-08T06:45:00+00:00,4452.100098,4453.899902,4447.899902,4448.399902,2460
2026-09-08T07:00:00+00:00,4448.600098,4454.200195,4446.899902,4447.899902,2859
2026-09-08T07:15:00+00:00,4447.700195,4449.100098,4444.899902,4446.399902,2116
2026-09-08T07:30:00+00:00,4446.5,4450.5,4435.5,4440.100098,3955
2026-09-08T07:45:00+00:00,4440.100098,4441.799805,4434.200195,4436.700195,2483
2026-09-08T08:00:00+00:00,4436.700195,4440.399902,4432.100098,4434.799805,3312
2026-09-08T08:15:00+00:00,4434.899902,4440.799805,4433.799805,4439,2097
2026-09-08T08:30:00+00:00,4439,4442.899902,4436.200195,4437.100098,1984
2026-09-08T08:45:00+00:00,4437.100098,4442.799805,4435.100098,4438.399902,1846
2026-09-08T09:00:00+00:00,4438.299805,4442.399902,4435.5,4441.799805,1615
2026-09-08T09:15:00+00:00,4441.799805,4443.899902,4436.600098,4437.399902,2080
2026-09-08T09:30:00+00:00,4437.100098,4448.200195,4435,4446,2927
2026-09-08T09:45:00+00:00,4445.899902,4450.100098,4445.399902,4447.200195,1662
2026-09-08T10:00:00+00:00,4447.200195,4447.299805,4437.700195,4440.799805,2168
2026-09-08T10:15:00+00:00,4440.700195,4451.899902,4440.399902,4443.700195,2642
2026-09-08T10:30:00+00:00,4443.799805,4444.100098,4438.200195,4441.399902,1461
2026-09-08T10:45:00+00:00,4441.399902,4444.799805,4439.5,4439.700195,1275
2026-09-08T11:00:00+00:00,4440.200195,4444.399902,4435.399902,4439.5,2224
2026-09-08T11:15:00+00:00,4439.399902,4447.600098,4439.399902,4446.299805,1964
2026-09-08T11:30:00+00:00,4446.5,4452.600098,4445,4448,2257
2026-09-08T11:45:00+00:00,4448.100098,4451.5,4442.200195,4451.100098,2287
2026-09-08T12:00:00+00:00,4450.899902,4451.399902,4434.600098,4436.299805,4036
2026-09-08T12:15:00+00:00,4436,4446.200195,4429.299805,4445.899902,6452
2026-09-08T12:30:00+00:00,4446.299805,4452.700195,4439.700195,4441,4971
2026-09-08T12:45:00+00:00,4440.899902,4456.399902,4439.899902,4455.899902,4056
2026-09-08T13:00:00+00:00,4456,4457.899902,4446.600098,4453,5603
2026-09-08T13:15:00+00:00,4453,4455.5,4443.600098,4444.700195,3964
2026-09-08T13:30:00+00:00,4444.799805,4450.299805,4434.700195,4440.899902,7636
2026-09-08T13:45:00+00:00,4440.799805,4452.200195,4438.700195,4440.5,6545
2026-09-08T14:00:00+00:00,4440.399902,4447.700195,4436.299805,4439.399902,5322
2026-09-08T14:15:00+00:00,4439.200195,4449,4438.799805,4442,4217
2026-09-08T14:30:00+00:00,4442.100098,4446.100098,4437.700195,4442.100098,3395
2026-09-08T14:45:00+00:00,4442.299805,4444.299805,4433.899902,4443.600098,4810
2026-09-08T15:00:00+00:00,4443.700195,4453.5,4442.5,4449.799805,4932
2026-09-08T15:15:00+00:00,4449.899902,4454.399902,4441.5,4444.600098,5081
2026-09-08T15:30:00+00:00,4444.299805,4449.600098,4442.399902,4445.299805,2288
2026-09-08T15:45:00+00:00,4445.5,4445.899902,4439.799805,4439.799805,2891
2026-09-08T16:00:00+00:00,4440,4440.399902,4424.600098,4431.399902,6821
2026-09-08T16:15:00+00:00,4431.5,4440.600098,4428.5,4438.899902,4608
2026-09-08T16:30:00+00:00,4438.799805,4441.5,4437.600098,4438.899902,2229
2026-09-08T16:45:00+00:00,4438.899902,4443.799805,4434.899902,4438.299805,4070
2026-09-08T17:00:00+00:00,4438.5,4448.700195,4438.299805,4440.299805,3507
2026-09-08T17:15:00+00:00,4440.399902,4442.299805,4436.600098,4438.700195,1950
2026-09-08T17:30:00+00:00,4439,4440,4429.799805,4429.899902,2901
2026-09-08T17:45:00+00:00,4429.799805,4435,4429.5,4434.399902,1900
2026-09-08T18:00:00+00:00,4434.5,4434.799805,4428.299805,4432,2531
2026-09-08T18:15:00+00:00,4432,4432.200195,4428.700195,4430.100098,1931
2026-09-08T18:30:00+00:00,4430.100098,4430.299805,4425.799805,4430.299805,2371
2026-09-08T18:45:00+00:00,4430.100098,4431.399902,4402.200195,4420.200195,12174
2026-09-08T19:00:00+00:00,4420,4421.899902,4413.799805,4415.100098,3028
2026-09-08T19:15:00+00:00,4415.200195,4417.799805,4411,4413.600098,2266
2026-09-08T19:30:00+00:00,4413.5,4414.600098,4406.5,4413.5,2819
2026-09-08T19:45:00+00:00,4413.899902,4414.100098,4401.5,4404.100098,4158
2026-09-08T20:00:00+00:00,4404.100098,4409.399902,4400.600098,4405.200195,3068
2026-09-08T20:15:00+00:00,4405.299805,4406.200195,4400,4401.399902,1767
2026-09-08T20:30:00+00:00,4401.600098,4403.399902,4401,4402.5,996
2026-09-08T20:45:00+00:00,4402.399902,4402.799805,4385.100098,4400.100098,3075
2026-09-08T22:00:00+00:00,4398.899902,4403.299805,4396.5,4399.799805,1259
2026-09-08T22:15:00+00:00,4399.899902,4401.600098,4396.799805,4398,1117
2026-09-08T22:30:00+00:00,4398.200195,4399.799805,4393.799805,4395.200195,1525
2026-09-08T22:45:00+00:00,4395.200195,4397.799805,4394.200195,4397.700195,982
2026-09-08T23:00:00+00:00,4397.5,4398.5,4394.899902,4395.600098,1187
2026-09-08T23:15:00+00:00,4395.799805,4401.299805,4395.200195,4400.899902,1377
2026-09-08T23:30:00+00:00,4401.100098,4403.5,4400.200195,4402,1592
2026-09-08T23:45:00+00:00,4401.899902,4402.200195,4392.399902,4393.299805,3214
2026-09-09T00:00:00+00:00,4393.399902,4396.700195,4388.100098,4393.5,4706
2026-09-09T00:15:00+00:00,4393.200195,4393.799805,4384.299805,4390.399902,3924
2026-09-09T00:30:00+00:00,4390.600098,4398.700195,4387.200195,4398.600098,3171
2026-09-09T00:45:00+00:00,4398.5,4409.700195,4396.5,4408.799805,4660
2026-09-09T01:00:00+00:00,4408.700195,4412.600098,4397.5,4412.299805,7068
2026-09-09T01:15:00+00:00,4412,4417.200195,4406.600098,4415.5,4273
2026-09-09T01:30:00+00:00,4415.600098,4422,4414.5,4420.200195,4044
2026-09-09T01:45:00+00:00,4420.200195,4422,4414.200195,4417.299805,3409
2026-09-09T02:00:00+00:00,4417.5,4419.799805,4414.200195,4417.299805,1914
2026-09-09T02:15:00+00:00,4417.200195,4420.700195,4415.299805,4416.600098,1177
2026-09-09T02:30:00+00:00,4416.700195,4418.299805,4410.799805,4418,2779
2026-09-09T02:45:00+00:00,4418,4428.299805,4416.700195,4426.200195,4374
2026-09-09T03:00:00+00:00,4426.200195,4426.700195,4422,4423,1747
2026-09-09T03:15:00+00:00,4423,4423.399902,4419.299805,4421.899902,1518
2026-09-09T03:30:00+00:00,4422.100098,4424.100098,4419.200195,4422.600098,1221
2026-09-09T03:45:00+00:00,4422.299805,4422.899902,4419.799805,4420.5,921
2026-09-09T04:00:00+00:00,4418.799805,4419.899902,4414.100098,4417,2101
2026-09-09T04:15:00+00:00,4417,4424.399902,4415.899902,4423.700195,1792
2026-09-09T04:30:00+00:00,4423.5,4423.799805,4419.700195,4421.700195,1228
2026-09-09T04:45:00+00:00,4422,4426.5,4421,4425.200195,1270
2026-09-09T05:00:00+00:00,4425.399902,4431.299805,4423.899902,4431,2824
2026-09-09T05:15:00+00:00,4431.200195,4432.100098,4426.700195,4428.899902,2064
2026-09-09T05:30:00+00:00,4428.799805,4438.899902,4427.799805,4438.799805,3007
2026-09-09T05:45:00+00:00,4438.799805,4444.5,4435.899902,4442.299805,3562
2026-09-09T06:00:00+00:00,4442.299805,4448.700195,4441.5,4444.899902,3421
2026-09-09T06:15:00+00:00,4444.799805,4446.700195,4438.399902,4441.600098,2803
2026-09-09T06:30:00+00:00,4441.600098,4450,4440.5,4444.100098,3196
2026-09-09T06:45:00+00:00,4444.100098,4445.600098,4442.399902,4444.399902,1364
2026-09-09T07:00:00+00:00,4444.5,4451.600098,4442.899902,4450,2431
2026-09-09T07:15:00+00:00,4450,4452.799805,4446.5,4451.399902,1982
2026-09-09T07:30:00+00:00,4451.399902,4454.299805,4449.799805,4453.899902,1896
2026-09-09T07:45:00+00:00,4454,4456.399902,4451.700195,4452.899902,2718
2026-09-09T08:00:00+00:00,4452.799805,4455.700195,4447.399902,4447.600098,2651
2026-09-09T08:15:00+00:00,4447.600098,4448.600098,4442.899902,4443.799805,2437
2026-09-09T08:30:00+00:00,4443.799805,4447.600098,4442.799805,4443.899902,1901
2026-09-09T08:45:00+00:00,4444.100098,4447.5,4443,4444.799805,1421
2026-09-09T09:00:00+00:00,4444.799805,4446.399902,4441.600098,4442.700195,1599
2026-09-09T09:15:00+00:00,4442.5,4444.399902,4440.799805,4442.399902,1457
2026-09-09T09:30:00+00:00,4442.5,4443.600098,4439.399902,4440.5,1832
2026-09-09T09:45:00+00:00,4440.399902,4440.399902,4432.600098,4434.899902,2796
2026-09-09T10:00:00+00:00,4434.700195,4437.399902,4430.100098,4434.799805,2814
2026-09-09T10:15:00+00:00,4434.799805,4439.700195,4432.799805,4438.100098,1594
2026-09-09T10:30:00+00:00,4438.100098,4442.600098,4437,4438.100098,1943
2026-09-09T10:45:00+00:00,4438.100098,4446.799805,4437.799805,4442.899902,2635
2026-09-09T11:00:00+00:00,4443.299805,4448.200195,4443.299805,4447.200195,1665
2026-09-09T11:15:00+00:00,4447.299805,4453.100098,4445,4452.399902,2040
2026-09-09T11:30:00+00:00,4452.200195,4452.399902,4447.299805,4449.700195,2230
2026-09-09T11:45:00+00:00,4449.799805,4459.899902,4447.600098,4451.600098,5546
2026-09-09T12:00:00+00:00,4452,4453.700195,4443.100098,4443.299805,3859
2026-09-09T12:15:00+00:00,4443.399902,4445,4437.899902,4438.200195,4266
2026-09-09T12:30:00+00:00,4438.100098,4442,4435,4439.700195,4230
2026-09-09T12:45:00+00:00,4439.5,4446.899902,4439.5,4444.299805,3541
2026-09-09T13:00:00+00:00,4444.200195,4458.100098,4442.700195,4457.5,6408
2026-09-09T13:15:00+00:00,4457.799805,4475.299805,4455,4474.200195,10760
2026-09-09T13:30:00+00:00,4474.100098,4478.899902,4456.600098,4461.399902,13055
2026-09-09T13:45:00+00:00,4461.299805,4468.299805,4455,4459.299805,8627
2026-09-09T14:00:00+00:00,4459.200195,4473,4458.5,4467.700195,8470
2026-09-09T14:15:00+00:00,4467.700195,4470.299805,4453.200195,4470.200195,8246
2026-09-09T14:30:00+00:00,4470.100098,4471.5,4462.600098,4463.200195,5494
2026-09-09T14:45:00+00:00,4463.299805,4467.899902,4459.399902,4463.299805,4255
2026-09-09T15:00:00+00:00,4463.399902,4476.799805,4425,4434.5,23305
2026-09-09T15:15:00+00:00,4434.600098,4439.700195,4419.200195,4438.899902,11919
2026-09-09T15:30:00+00:00,4438.899902,4451.700195,4436.799805,4447.399902,9254
2026-09-09T15:45:00+00:00,4447.399902,4451.899902,4442.200195,4442.700195,4014
2026-09-09T16:00:00+00:00,4443,4447.399902,4438.899902,4442.399902,3555
2026-09-09T16:15:00+00:00,4442.600098,4447.200195,4436,4446.200195,3557
2026-09-09T16:30:00+00:00,4446.399902,4452.799805,4443.5,4452.299805,3218
2026-09-09T16:45:00+00:00,4452.299805,4455.399902,4449.899902,4454.399902,3411
2026-09-09T17:00:00+00:00,4454.600098,4465.5,4453.700195,4461.600098,5168
2026-09-09T17:15:00+00:00,4461.799805,4465.600098,4459.299805,4460,3081
2026-09-09T17:30:00+00:00,4460,4462.200195,4456.799805,4458.600098,2829
2026-09-09T17:45:00+00:00,4458.5,4462.100098,4458.299805,4461.100098,1378
2026-09-09T18:00:00+00:00,4461.399902,4466.899902,4460.600098,4465.600098,2439
2026-09-09T18:15:00+00:00,4465.700195,4466,4461.799805,4463.100098,1682
2026-09-09T18:30:00+00:00,4463.200195,4463.5,4454.600098,4455.200195,2971
2026-09-09T18:45:00+00:00,4455.100098,4455.299805,4446.700195,4448.299805,3436
2026-09-09T19:00:00+00:00,4448.299805,4449.5,4442,4445.799805,3177
2026-09-09T19:15:00+00:00,4445.700195,4450.5,4444,4445.100098,2724
2026-09-09T19:30:00+00:00,4445,4446.600098,4441.100098,4445.299805,2099
2026-09-09T19:45:00+00:00,4445.399902,4447,4441.700195,4444.299805,2385
2026-09-09T20:00:00+00:00,4444.200195,4444.600098,4441.5,4442.700195,957
2026-09-09T20:15:00+00:00,4442.600098,4442.700195,4438.700195,4440.200195,1217
2026-09-09T20:30:00+00:00,4440.200195,4446.399902,4440.100098,4445.700195,1184
2026-09-09T20:45:00+00:00,4445.600098,4448.399902,4444.899902,4447.399902,785
2026-09-09T22:00:00+00:00,4447.5,4451.600098,4446.5,4447.200195,878
2026-09-09T22:15:00+00:00,4447.100098,4448.5,4444,4446.700195,1057
2026-09-09T22:30:00+00:00,4446.5,4448.299805,4444.100098,4445.799805,1379
2026-09-09T22:45:00+00:00,4445.700195,4446.100098,4441.600098,4444,1478
2026-09-09T23:00:00+00:00,4443.799805,4447.600098,4442.299805,4444.899902,2319
2026-09-09T23:15:00+00:00,4444.700195,4446.399902,4439.5,4441.200195,2511
2026-09-09T23:30:00+00:00,4441.299805,4443.200195,4436.799805,4438.200195,1873
2026-09-09T23:45:00+00:00,4438.100098,4439.100098,4436.600098,4437.600098,1334
2026-09-10T00:00:00+00:00,4437.799805,4441.200195,4432.899902,4438.5,3698
2026-09-10T00:15:00+00:00,4438.899902,4442.299805,4435.799805,4436.5,2497
2026-09-10T00:30:00+00:00,4436.399902,4445.299805,4434.700195,4444.600098,2872
2026-09-10T00:45:00+00:00,4444.600098,4448.399902,4441,4444.399902,2758
2026-09-10T01:00:00+00:00,4444.399902,4462.5,4443.399902,4456,7374
2026-09-10T01:15:00+00:00,4456,4459.899902,4453.299805,4453.600098,3344
2026-09-10T01:30:00+00:00,4453.799805,4454.299805,4448.200195,4453.100098,3491
2026-09-10T01:45:00+00:00,4453.399902,4457.700195,4451.100098,4455.700195,3008
2026-09-10T02:00:00+00:00,4455.5,4462.200195,4454.799805,4457.299805,4610
2026-09-10T02:15:00+00:00,4457.600098,4460.799805,4451.299805,4460.399902,3004
2026-09-10T02:30:00+00:00,4460.600098,4464.399902,4454.200195,4461.700195,3570
2026-09-10T02:45:00+00:00,4461.600098,4464.299805,4459.399902,4462.700195,1629
2026-09-10T03:00:00+00:00,4462.600098,4464.799805,4454.600098,4455.799805,2880
2026-09-10T03:15:00+00:00,4455.899902,4458.399902,4452.5,4453.200195,1837
2026-09-10T03:30:00+00:00,4453.100098,4455.899902,4450,4451.100098,1635
2026-09-10T03:45:00+00:00,4450.899902,4453.100098,4449.600098,4451.799805,1381
2026-09-10T04:00:00+00:00,4452.100098,4458.600098,4452.100098,4456.899902,2086
2026-09-10T04:15:00+00:00,4456.899902,4458.600098,4453.399902,4454.700195,1194
2026-09-10T04:30:00+00:00,4454.799805,4457,4448.299805,4449.399902,2068
2026-09-10T04:45:00+00:00,4449.5,4454.700195,4449,4451.200195,1411
2026-09-10T05:00:00+00:00,4451.399902,4462,4451.100098,4461.799805,2343
2026-09-10T05:15:00+00:00,4461.799805,4463.899902,4459.700195,4463.600098,1985
2026-09-10T05:30:00+00:00,4463.799805,4473.200195,4460.5,4471.5,4716
2026-09-10T05:45:00+00:00,4471.899902,4475.200195,4467.200195,4475.100098,3304
2026-09-10T06:00:00+00:00,4475.200195,4479.299805,4459.600098,4460.100098,4811
2026-09-10T06:15:00+00:00,4460.100098,4461,4454.399902,4460.799805,5026
2026-09-10T06:30:00+00:00,4460.799805,4470.399902,4456.200195,4470,4707
2026-09-10T06:45:00+00:00,4470.100098,4472.5,4467.100098,4469.299805,3352
2026-09-10T07:00:00+00:00,4468.899902,4469.399902,4456.799805,4457.100098,4145
2026-09-10T07:15:00+00:00,4457,4458.899902,4451.399902,4452.100098,2342
2026-09-10T07:30:00+00:00,4452.200195,4454.299805,4447,4453.299805,3210
2026-09-10T07:45:00+00:00,4452.899902,4458.700195,4452.299805,4455,2660
2026-09-10T08:00:00+00:00,4454.799805,4456,4447.600098,4448.799805,2246
2026-09-10T08:15:00+00:00,4449.100098,4451.100098,4446.399902,4448.799805,1821
2026-09-10T08:30:00+00:00,4448.799805,4449.100098,4437.600098,4438.700195,3892
2026-09-10T08:45:00+00:00,4438.700195,4441.299805,4435,4437.700195,3523
2026-09-10T09:00:00+00:00,4437.600098,4439.600098,4432.299805,4437.700195,3128
2026-09-10T09:15:00+00:00,4437.700195,4439.600098,4434.200195,4435.399902,1820
2026-09-10T09:30:00+00:00,4435.5,4435.700195,4430.899902,4435.700195,2518
2026-09-10T09:45:00+00:00,4435.5,4438.799805,4435.200195,4437,1452
2026-09-10T10:00:00+00:00,4436.700195,4442.799805,4432,4437.899902,4233
2026-09-10T10:15:00+00:00,4437.700195,4442.700195,4436.200195,4436.700195,1757
2026-09-10T10:30:00+00:00,4436.600098,4437.299805,4420.200195,4426.100098,5262
2026-09-10T10:45:00+00:00,4425.899902,4430.5,4417.100098,4421.399902,5000
2026-09-10T11:00:00+00:00,4421.399902,4426.899902,4417.5,4425.600098,3229
2026-09-10T11:15:00+00:00,4425.700195,4431.100098,4422.100098,4428.100098,2534
2026-09-10T11:30:00+00:00,4427.899902,4433.100098,4426.700195,4426.799805,2371
2026-09-10T11:45:00+00:00,4427,4427.600098,4415.200195,4416.700195,3596
2026-09-10T12:00:00+00:00,4416.799805,4419.899902,4411.799805,4417.399902,5143
2026-09-10T12:15:00+00:00,4417.600098,4419.200195,4403.600098,4407,6248
2026-09-10T12:30:00+00:00,4406.200195,4424.200195,4365.399902,4382.200195,22978
2026-09-10T12:45:00+00:00,4382.200195,4396.700195,4378.100098,4381.799805,12398
2026-09-10T13:00:00+00:00,4382.100098,4397.5,4380.600098,4385.799805,9519
2026-09-10T13:15:00+00:00,4385.600098,4399.700195,4383,4399.600098,6476
2026-09-10T13:30:00+00:00,4399.600098,4416.200195,4393.799805,4406.899902,13046
2026-09-10T13:45:00+00:00,4406.799805,4418,4404.299805,4408.5,9717
2026-09-10T14:00:00+00:00,4408.299805,4417.899902,4401.700195,4401.700195,8305
2026-09-10T14:15:00+00:00,4402,4419.200195,4396.700195,4406,11513
2026-09-10T14:30:00+00:00,4406,4413,4398.700195,4398.799805,5673
2026-09-10T14:45:00+00:00,4398.5,4404.100098,4396.100098,4400,4872
2026-09-10T15:00:00+00:00,4400.399902,4403.799805,4394.5,4401.700195,4861
2026-09-10T15:15:00+00:00,4401.799805,4409.799805,4400.5,4407.299805,4207
2026-09-10T15:30:00+00:00,4407.299805,4414.200195,4404.200195,4407.899902,3942
2026-09-10T15:45:00+00:00,4408,4412.5,4402.600098,4407.799805,2970
2026-09-10T16:00:00+00:00,4408.100098,4412.200195,4395.600098,4400.899902,3950
2026-09-10T16:15:00+00:00,4400.799805,4405.799805,4397.100098,4404.600098,2332
2026-09-10T16:30:00+00:00,4404.899902,4407.700195,4397.799805,4398.5,3826
2026-09-10T16:45:00+00:00,4398.399902,4406.600098,4398.299805,4406.200195,2228
2026-09-10T17:00:00+00:00,4406.200195,4410.5,4401.600098,4404.600098,2751
2026-09-10T17:15:00+00:00,4404.5,4409,4403.100098,4407.700195,1747
2026-09-10T17:30:00+00:00,4407.700195,4408.299805,4396.899902,4401.299805,2728
2026-09-10T17:45:00+00:00,4401.100098,4402,4392.600098,4394.200195,2757
2026-09-10T18:00:00+00:00,4394.5,4397.899902,4381.899902,4382.399902,6047
2026-09-10T18:15:00+00:00,4382.200195,4387.899902,4378.899902,4380.600098,4743
2026-09-10T18:30:00+00:00,4380.600098,4380.600098,4373.100098,4375.299805,3856
2026-09-10T18:45:00+00:00,4375.200195,4380.200195,4371.299805,4374.399902,4804
2026-09-10T19:00:00+00:00,4374,4374.100098,4354.799805,4363.600098,10109
2026-09-10T19:15:00+00:00,4363.600098,4372.100098,4360.600098,4368.700195,3638
2026-09-10T19:30:00+00:00,4368.700195,4371,4364.399902,4365.399902,2615
2026-09-10T19:45:00+00:00,4365.5,4367,4361.299805,4365.5,2764
2026-09-10T20:00:00+00:00,4365.5,4365.700195,4361.200195,4364.399902,1305
2026-09-10T20:15:00+00:00,4364.399902,4364.5,4357.5,4359.700195,1124
2026-09-10T20:30:00+00:00,4359.899902,4360,4356.799805,4359.5,968
2026-09-10T20:45:00+00:00,4359.399902,4360.600098,4356,4358.399902,1305
2026-09-10T22:00:00+00:00,4359.600098,4366,4357.700195,4361.899902,869
2026-09-10T22:15:00+00:00,4361.799805,4362.600098,4359.299805,4360.200195,895
2026-09-10T22:30:00+00:00,4360,4360.799805,4353.5,4356.799805,1986
2026-09-10T22:45:00+00:00,4356.299805,4359.799805,4355.5,4358.899902,1022
2026-09-10T23:00:00+00:00,4358.399902,4360.600098,4356.600098,4360.100098,1324
2026-09-10T23:15:00+00:00,4360,4361.200195,4357.799805,4358.399902,986
2026-09-10T23:30:00+00:00,4358.600098,4360.799805,4354.799805,4356.399902,1616
2026-09-10T23:45:00+00:00,4356.5,4358.299805,4351.200195,4355.200195,2489
2026-09-11T00:00:00+00:00,4355.5,4364.600098,4353.200195,4359.799805,4476
2026-09-11T00:15:00+00:00,4359.799805,4364.799805,4357.100098,4364.299805,2151
2026-09-11T00:30:00+00:00,4364.200195,4368,4359.899902,4367.899902,3452
2026-09-11T00:45:00+00:00,4367.799805,4374.200195,4367.100098,4372.399902,3516
2026-09-11T01:00:00+00:00,4372.299805,4380.799805,4368.200195,4373.399902,6900
2026-09-11T01:15:00+00:00,4373.5,4377.5,4360.799805,4368.299805,6068
2026-09-11T01:30:00+00:00,4368.399902,4375.600098,4362.700195,4366.700195,4543
2026-09-11T01:45:00+00:00,4366.899902,4370.299805,4363.799805,4369.100098,2807
2026-09-11T02:00:00+00:00,4369.200195,4373.5,4367.600098,4370.700195,2488
2026-09-11T02:15:00+00:00,4371,4374.600098,4363.5,4365.100098,2649
2026-09-11T02:30:00+00:00,4365,4366.5,4356.899902,4359.200195,4788
2026-09-11T02:45:00+00:00,4359,4367.200195,4355.899902,4363.399902,3152
2026-09-11T03:00:00+00:00,4362.899902,4366.799805,4354.5,4360,3029
2026-09-11T03:15:00+00:00,4359.799805,4361.899902,4344.299805,4349.799805,5493
2026-09-11T03:30:00+00:00,4350,4354.5,4346.899902,4348.899902,3455
2026-09-11T03:45:00+00:00,4348.799805,4349,4341.299805,4345.100098,3955
2026-09-11T04:00:00+00:00,4344.700195,4365.700195,4342.5,4362.100098,5203
2026-09-11T04:15:00+00:00,4362.299805,4369.899902,4360,4369.100098,3117
2026-09-11T04:30:00+00:00,4369.299805,4373.100098,4365.899902,4370.899902,3123
2026-09-11T04:45:00+00:00,4370.899902,4375.600098,4369.200195,4372.299805,2937
2026-09-11T05:00:00+00:00,4372.299805,4379.200195,4368.799805,4378.700195,3331
2026-09-11T05:15:00+00:00,4378.5,4379.899902,4373.899902,4375.100098,2397
2026-09-11T05:30:00+00:00,4375.600098,4383.5,4374,4383.100098,5292
2026-09-11T05:45:00+00:00,4383.200195,4392.299805,4379.899902,4386.700195,3965
2026-09-11T06:00:00+00:00,4386.700195,4402.200195,4386.200195,4399.700195,4720
2026-09-11T06:15:00+00:00,4399.600098,4401.200195,4392,4392.5,2829
2026-09-11T06:30:00+00:00,4392.399902,4394.899902,4387.799805,4391.700195,2769
2026-09-11T06:45:00+00:00,4391.600098,4396.399902,4390.399902,4394.200195,1859
2026-09-11T07:00:00+00:00,4394.200195,4397.399902,4391,4392.799805,2272
2026-09-11T07:15:00+00:00,4393.100098,4393.600098,4387,4387.399902,1678
2026-09-11T07:30:00+00:00,4387.700195,4389.200195,4384.299805,4386.399902,2140
2026-09-11T07:45:00+00:00,4386.299805,4386.5,4381.700195,4385.899902,1628
2026-09-11T08:00:00+00:00,4386.200195,4390.700195,4383.100098,4388.799805,2584
2026-09-11T08:15:00+00:00,4388.700195,4399.5,4384.799805,4392.899902,3967
2026-09-11T08:30:00+00:00,4393.200195,4398.200195,4392.299805,4393.899902,2103
2026-09-11T08:45:00+00:00,4394.299805,4397.600098,4387.299805,4388.700195,2142
2026-09-11T09:00:00+00:00,4388.899902,4395.799805,4384.299805,4384.600098,1871
2026-09-11T09:15:00+00:00,4384.299805,4388.100098,4383.200195,4385.399902,1568
2026-09-11T09:30:00+00:00,4385.799805,4386.899902,4382.299805,4385.299805,1510
2026-09-11T09:45:00+00:00,4385.299805,4389.799805,4384.600098,4388.100098,1057
2026-09-11T10:00:00+00:00,4388.399902,4392.100098,4382.5,4388.200195,2514
2026-09-11T10:15:00+00:00,4388.200195,4392.100098,4387.600098,4391.299805,1311
2026-09-11T10:30:00+00:00,4391.5,4391.899902,4385.600098,4387.100098,1112
2026-09-11T10:45:00+00:00,4387.200195,4387.299805,4378.399902,4379.399902,2069
2026-09-11T11:00:00+00:00,4379.299805,4385,4376.5,4379.899902,2883
2026-09-11T11:15:00+00:00,4379.899902,4383.799805,4377.899902,4378.299805,2035
2026-09-11T11:30:00+00:00,4378.399902,4379.299805,4372,4376.799805,2753
2026-09-11T11:45:00+00:00,4376.899902,4378.200195,4372.600098,4375.100098,1979
2026-09-11T12:00:00+00:00,4375.299805,4376.899902,4366.200195,4369.899902,4152
2026-09-11T12:15:00+00:00,4369.700195,4385.5,4368.899902,4378,4826
2026-09-11T12:30:00+00:00,4380.299805,4404.399902,4333.399902,4395.5,29021
2026-09-11T12:45:00+00:00,4395.600098,4432.399902,4393.899902,4430.5,18630
2026-09-11T13:00:00+00:00,4430.399902,4436.5,4422.600098,4431.399902,14279
2026-09-11T13:15:00+00:00,4431.299805,4440.5,4421.600098,4431.700195,9161
2026-09-11T13:30:00+00:00,4431.899902,4442.700195,4423.299805,4436.700195,9755
2026-09-11T13:45:00+00:00,4437,4445.200195,4429,4443.899902,7116
2026-09-11T14:00:00+00:00,4443.5,4444.799805,4423.600098,4425.299805,8625
2026-09-11T14:15:00+00:00,4424.899902,4427.899902,4416,4416.899902,7850
2026-09-11T14:30:00+00:00,4417,4418.100098,4406.299805,4412.799805,8003
2026-09-11T14:45:00+00:00,4413.200195,4426.399902,4412.200195,4412.600098,8482
2026-09-11T15:00:00+00:00,4412.5,4414.899902,4401,4404.299805,6295
2026-09-11T15:15:00+00:00,4404.200195,4414.600098,4403.299805,4412.100098,6002
2026-09-11T15:30:00+00:00,4411.899902,4418.799805,4410.399902,4414.5,4693
2026-09-11T15:45:00+00:00,4414,4415.700195,4406.799805,4408.700195,3580
2026-09-11T16:00:00+00:00,4408.700195,4414.600098,4402.399902,4403.100098,3702
2026-09-11T16:15:00+00:00,4403.100098,4405.700195,4393.200195,4396.399902,7640
2026-09-11T16:30:00+00:00,4396.399902,4407.799805,4394.399902,4405.5,4446
2026-09-11T16:45:00+00:00,4405.5,4407.299805,4402,4403.299805,1566
2026-09-11T17:00:00+00:00,4403.600098,4411.5,4402.700195,4407.700195,2774
2026-09-11T17:15:00+00:00,4407.799805,4412,4405.399902,4409,2839
2026-09-11T17:30:00+00:00,4409.100098,4412.899902,4402,4404.299805,3800
2026-09-11T17:45:00+00:00,4404.100098,4406.399902,4400.100098,4400.600098,2083
2026-09-11T18:00:00+00:00,4400.600098,4402.5,4387.200195,4389.299805,4033
2026-09-11T18:15:00+00:00,4389.100098,4395.399902,4386.100098,4392.899902,4958
2026-09-11T18:30:00+00:00,4392.899902,4393.700195,4388,4389.100098,1585
2026-09-11T18:45:00+00:00,4389.299805,4389.600098,4386,4389.100098,2134
2026-09-11T19:00:00+00:00,4389.100098,4393.899902,4386.299805,4393.899902,2901
2026-09-11T19:15:00+00:00,4393.799805,4396.299805,4389.600098,4389.600098,2122
2026-09-11T19:30:00+00:00,4389.899902,4390.700195,4387.5,4388.600098,1996
2026-09-11T19:45:00+00:00,4388.799805,4392,4384.899902,4390.600098,3035
2026-09-11T20:00:00+00:00,4390.899902,4393.799805,4390.299805,4390.700195,1074
2026-09-11T20:15:00+00:00,4390.600098,4392.700195,4388.5,4391,772
2026-09-11T20:30:00+00:00,4391.100098,4391.299805,4387.899902,4388.700195,707
2026-09-11T20:45:00+00:00,4388.5,4408.899902,4387.399902,4408.899902,1060
2026-09-13T22:00:00+00:00,4371.700195,4374.600098,4370.399902,4371.299805,1142
2026-09-13T22:15:00+00:00,4371.600098,4377,4368.700195,4376.700195,3218
2026-09-13T22:30:00+00:00,4376.700195,4378.600098,4374.299805,4377.799805,1649
2026-09-13T22:45:00+00:00,4377.600098,4380.799805,4375.799805,4378.600098,1719
2026-09-13T23:00:00+00:00,4378.399902,4383.399902,4378.399902,4380.200195,1623
2026-09-13T23:15:00+00:00,4380.200195,4381.600098,4376.100098,4380.200195,1784
2026-09-13T23:30:00+00:00,4379.899902,4382.700195,4378.399902,4378.5,1445
2026-09-13T23:45:00+00:00,4378.399902,4379.100098,4372.299805,4373.399902,2215
2026-09-14T00:00:00+00:00,4373.100098,4388.899902,4370.700195,4384,5167
2026-09-14T00:15:00+00:00,4383.899902,4386.299805,4374.200195,4379,2809
2026-09-14T00:30:00+00:00,4379,4382,4373.100098,4379.100098,3044
2026-09-14T00:45:00+00:00,4379.600098,4384.600098,4378.200195,4379.5,2631
2026-09-14T01:00:00+00:00,4379.799805,4386.100098,4369.899902,4372.5,7346
2026-09-14T01:15:00+00:00,4372.700195,4379.399902,4367,4376.700195,5077
2026-09-14T01:30:00+00:00,4376.600098,4387.799805,4369.299805,4383.399902,5325
2026-09-14T01:45:00+00:00,4383.600098,4396.799805,4383,4394.600098,4667
2026-09-14T02:00:00+00:00,4394.600098,4396.299805,4389.600098,4390.5,3553
2026-09-14T02:15:00+00:00,4390.299805,4395.5,4389.200195,4393.5,1524
2026-09-14T02:30:00+00:00,4393.5,4396.600098,4384.5,4387.100098,3896
2026-09-14T02:45:00+00:00,4386.899902,4389.600098,4371.100098,4371.700195,4096
2026-09-14T03:00:00+00:00,4371.600098,4376.799805,4368.200195,4374.100098,4153
2026-09-14T03:15:00+00:00,4374.200195,4377.100098,4372.399902,4375.100098,1449
2026-09-14T03:30:00+00:00,4375.299805,4375.899902,4366.799805,4369.399902,2640
2026-09-14T03:45:00+00:00,4369.299805,4373.799805,4368.600098,4370.299805,1822
2026-09-14T04:00:00+00:00,4370.399902,4371.899902,4369.200195,4369.299805,1173
2026-09-14T04:15:00+00:00,4369.299805,4371.899902,4368.5,4371.700195,847
2026-09-14T04:30:00+00:00,4371.600098,4371.799805,4363.399902,4363.600098,2441
2026-09-14T04:45:00+00:00,4363.600098,4371.799805,4362.100098,4369.600098,2497
2026-09-14T05:00:00+00:00,4369.799805,4372.899902,4366.600098,4371,2069
2026-09-14T05:15:00+00:00,4371.100098,4372.5,4366,4366.700195,1319
2026-09-14T05:30:00+00:00,4367,4377.700195,4365.399902,4371.100098,4244
2026-09-14T05:45:00+00:00,4371.299805,4378.200195,4363.5,4378,3259
2026-09-14T06:00:00+00:00,4377.799805,4379.299805,4367.600098,4370.399902,2679
2026-09-14T06:15:00+00:00,4370.200195,4373.200195,4367.399902,4370.600098,1567
2026-09-14T06:30:00+00:00,4370.399902,4373.200195,4365.700195,4367.899902,1521
2026-09-14T06:45:00+00:00,4367.899902,4370.5,4360.600098,4362.5,2262
2026-09-14T07:00:00+00:00,4362.399902,4364.5,4357.899902,4364.399902,3170
2026-09-14T07:15:00+00:00,4364.200195,4364.700195,4356.100098,4357.100098,2060
2026-09-14T07:30:00+00:00,4357.100098,4359.700195,4355.399902,4359.299805,2186
2026-09-14T07:45:00+00:00,4359.200195,4362.299805,4348,4350.799805,3312
2026-09-14T08:00:00+00:00,4351,4358.5,4350.899902,4353.5,2636
2026-09-14T08:15:00+00:00,4353,4354.5,4350,4350.700195,1791
2026-09-14T08:30:00+00:00,4350.299805,4356.100098,4349.200195,4351.899902,1751
2026-09-14T08:45:00+00:00,4351.899902,4353.600098,4343.200195,4346.700195,2671
2026-09-14T09:00:00+00:00,4346.299805,4351.899902,4344.700195,4345.899902,2291
2026-09-14T09:15:00+00:00,4345.600098,4345.899902,4320.200195,4327.700195,9933
2026-09-14T09:30:00+00:00,4327.399902,4329.299805,4318.600098,4321.100098,4896
2026-09-14T09:45:00+00:00,4321,4328.100098,4317.600098,4325.200195,3233
2026-09-14T10:00:00+00:00,4325,4329.299805,4317.899902,4328.200195,2593
2026-09-14T10:15:00+00:00,4328.100098,4332.5,4325.399902,4330.799805,2356
2026-09-14T10:30:00+00:00,4331.100098,4334.899902,4328.899902,4334.100098,1697
2026-09-14T10:45:00+00:00,4333.899902,4336.600098,4329.5,4334.600098,1955
2026-09-14T11:00:00+00:00,4334.100098,4338.100098,4331.200195,4332.100098,2489
2026-09-14T11:15:00+00:00,4332.399902,4337.100098,4331.100098,4336.100098,1435
2026-09-14T11:30:00+00:00,4336,4337.100098,4332,4332.5,1745
2026-09-14T11:45:00+00:00,4332.399902,4333.799805,4324.299805,4326.899902,3285
2026-09-14T12:00:00+00:00,4327,4336.899902,4324.899902,4334.399902,3372
2026-09-14T12:15:00+00:00,4334.799805,4338.399902,4323.200195,4326.200195,5288
2026-09-14T12:30:00+00:00,4326.200195,4330,4312.5,4323.799805,9527
2026-09-14T12:45:00+00:00,4323.399902,4323.5,4305.700195,4310.799805,6910
2026-09-14T13:00:00+00:00,4311,4312.799805,4293.200195,4306.299805,10864
2026-09-14T13:15:00+00:00,4306.100098,4317.799805,4303.399902,4313.399902,6665
2026-09-14T13:30:00+00:00,4313.700195,4318.799805,4306.399902,4315.100098,7153
2026-09-14T13:45:00+00:00,4315,4321.700195,4309.299805,4312.5,7597
2026-09-14T14:00:00+00:00,4312.299805,4322.399902,4303.899902,4322.200195,8187
2026-09-14T14:15:00+00:00,4322,4323.399902,4303.5,4310,7028
2026-09-14T14:30:00+00:00,4310.299805,4317.700195,4306,4317.399902,4642
2026-09-14T14:45:00+00:00,4317.200195,4320.399902,4314.299805,4319.899902,4379
2026-09-14T15:00:00+00:00,4320.5,4327.700195,4313,4317.700195,8259
2026-09-14T15:15:00+00:00,4317.5,4325.600098,4313.200195,4324.399902,4217
2026-09-14T15:30:00+00:00,4324.100098,4339.5,4323.399902,4335.299805,9546
2026-09-14T15:45:00+00:00,4335.299805,4336,4327,4329.100098,4709
2026-09-14T16:00:00+00:00,4329.299805,4338.5,4327.200195,4334.799805,3622
2026-09-14T16:15:00+00:00,4335.200195,4346.399902,4335.200195,4340.899902,5306
2026-09-14T16:30:00+00:00,4340.899902,4348.899902,4339.700195,4346.799805,3854
2026-09-14T16:45:00+00:00,4347,4359,4345.5,4356.700195,7471
2026-09-14T17:00:00+00:00,4356.600098,4357.700195,4351.200195,4351.799805,3595
2026-09-14T17:15:00+00:00,4351.700195,4354.799805,4349.700195,4352.299805,3066
2026-09-14T17:30:00+00:00,4352.200195,4354.200195,4348.100098,4350.399902,2238
2026-09-14T17:45:00+00:00,4350.200195,4354.399902,4348.899902,4351.5,2037
2026-09-14T18:00:00+00:00,4351.700195,4356.600098,4348.399902,4353.200195,2570
2026-09-14T18:15:00+00:00,4352.899902,4353.200195,4346.5,4350.100098,1749
2026-09-14T18:30:00+00:00,4349.899902,4353.600098,4348.799805,4349.799805,1487
2026-09-14T18:45:00+00:00,4349.5,4350.399902,4344.399902,4347.700195,2003
2026-09-14T19:00:00+00:00,4347.799805,4348.100098,4343.100098,4346.299805,1829
2026-09-14T19:15:00+00:00,4346.299805,4346.299805,4336.600098,4337.100098,2710
2026-09-14T19:30:00+00:00,4337,4338.100098,4331.200195,4332.5,2809
2026-09-14T19:45:00+00:00,4332.5,4332.799805,4322.799805,4323.899902,4300
2026-09-14T20:00:00+00:00,4324.100098,4329.799805,4322.799805,4328.299805,2264
2026-09-14T20:15:00+00:00,4328.600098,4339.200195,4328.5,4337.600098,2372
2026-09-14T20:30:00+00:00,4337.600098,4340.5,4334.899902,4335.5,1689
2026-09-14T20:45:00+00:00,4335.899902,4340.600098,4335.5,4340.100098,953
2026-09-14T22:00:00+00:00,4340.299805,4344,4336.799805,4337.299805,783
2026-09-14T22:15:00+00:00,4337.399902,4338.700195,4332.899902,4336.200195,1617
2026-09-14T22:30:00+00:00,4336.100098,4339.299805,4333.799805,4336.100098,1986
2026-09-14T22:45:00+00:00,4336.100098,4339,4333.700195,4335.5,1606
2026-09-14T23:00:00+00:00,4335.799805,4338.100098,4331.399902,4332.399902,1966
2026-09-14T23:15:00+00:00,4332.5,4333,4327.399902,4330.399902,2511
2026-09-14T23:30:00+00:00,4330.299805,4332.299805,4328,4330,2137
2026-09-14T23:45:00+00:00,4330,4330,4327.299805,4329,985
2026-09-15T00:00:00+00:00,4328.600098,4329.799805,4324,4327.5,2448
2026-09-15T00:15:00+00:00,4327.299805,4330.799805,4324.100098,4328.799805,2852
2026-09-15T00:30:00+00:00,4328.700195,4334.200195,4323.700195,4333.200195,2767
2026-09-15T00:45:00+00:00,4333.399902,4337.399902,4332.399902,4333.399902,3018
2026-09-15T01:00:00+00:00,4333.700195,4340.299805,4328.200195,4340,5944
2026-09-15T01:15:00+00:00,4339.700195,4346.100098,4339,4341.899902,4102
2026-09-15T01:30:00+00:00,4342,4347,4334.899902,4338.399902,4769
2026-09-15T01:45:00+00:00,4338.5,4345,4333.700195,4344.200195,3330
2026-09-15T02:00:00+00:00,4344.600098,4351.899902,4344.399902,4347.200195,4354
2026-09-15T02:15:00+00:00,4347.5,4350.600098,4345.700195,4350.5,1396
2026-09-15T02:30:00+00:00,4350.700195,4357.799805,4347.5,4352,4242
2026-09-15T02:45:00+00:00,4351.899902,4358.200195,4351.799805,4354.600098,2503
2026-09-15T03:00:00+00:00,4354.799805,4355.200195,4350.399902,4351.399902,1682
2026-09-15T03:15:00+00:00,4351.299805,4355,4350,4351.299805,2003
2026-09-15T03:30:00+00:00,4351.5,4354.200195,4348.5,4349.299805,2346
2026-09-15T03:45:00+00:00,4349.299805,4350.799805,4343.700195,4345.100098,2272
2026-09-15T04:00:00+00:00,4344.200195,4350.600098,4342.799805,4348.100098,2630
2026-09-15T04:15:00+00:00,4348.200195,4349.5,4343,4344.100098,1379
2026-09-15T04:30:00+00:00,4344.100098,4346.700195,4341.100098,4345.200195,1816
2026-09-15T04:45:00+00:00,4345.299805,4348.299805,4344.200195,4345.100098,1576
2026-09-15T05:00:00+00:00,4344.799805,4347.899902,4340.200195,4341.600098,1813
2026-09-15T05:15:00+00:00,4341.600098,4341.899902,4336.299805,4337.299805,2066
2026-09-15T05:30:00+00:00,4337,4340.299805,4329.200195,4336.299805,4320
2026-09-15T05:45:00+00:00,4336.399902,4340.200195,4331,4331.299805,2333
2026-09-15T06:00:00+00:00,4331.200195,4334.600098,4325.899902,4330.200195,3548
2026-09-15T06:15:00+00:00,4330.100098,4332.700195,4327.200195,4329.899902,1811
2026-09-15T06:30:00+00:00,4329.5,4331.299805,4326,4330.700195,1563
2026-09-15T06:45:00+00:00,4330.899902,4335.799805,4330.5,4333.5,2845
2026-09-15T07:00:00+00:00,4333.399902,4335.899902,4326.899902,4328.100098,2469
2026-09-15T07:15:00+00:00,4328.399902,4333,4327.700195,4332.200195,1872
2026-09-15T07:30:00+00:00,4332.5,4333.399902,4320.700195,4324.299805,3014
2026-09-15T07:45:00+00:00,4324.100098,4330.700195,4316.399902,4320.799805,3669
2026-09-15T08:00:00+00:00,4320.799805,4321,4303.799805,4308.399902,5716
2026-09-15T08:15:00+00:00,4308.299805,4316.200195,4307.5,4313.399902,2802
2026-09-15T08:30:00+00:00,4313.799805,4315.399902,4307.5,4308.100098,1949
2026-09-15T08:45:00+00:00,4308.299805,4310.299805,4301.700195,4303.100098,2100
2026-09-15T09:00:00+00:00,4303.100098,4308,4302,4305.899902,2576
2026-09-15T09:15:00+00:00,4305.600098,4309.799805,4301.399902,4306.899902,2799
2026-09-15T09:30:00+00:00,4306.799805,4312.399902,4304.700195,4309.600098,2178
2026-09-15T09:45:00+00:00,4309.799805,4312.899902,4308.100098,4308.600098,1579
2026-09-15T10:00:00+00:00,4308.799805,4318.5,4308.600098,4313.5,2963
2026-09-15T10:15:00+00:00,4313.600098,4315.200195,4309.899902,4314.600098,1362
2026-09-15T10:30:00+00:00,4314.5,4317.399902,4313.5,4314.799805,1407
2026-09-15T10:45:00+00:00,4315.100098,4324,4314.100098,4321.399902,2741
2026-09-15T11:00:00+00:00,4321.399902,4324.200195,4318.700195,4324,1953
2026-09-15T11:15:00+00:00,4323.899902,4325.700195,4322.299805,4323.399902,1739
2026-09-15T11:30:00+00:00,4323.100098,4325,4319.899902,4322.5,1604
2026-09-15T11:45:00+00:00,4322.600098,4326.700195,4322,4324.5,1612
2026-09-15T12:00:00+00:00,4324.200195,4324.799805,4315.600098,4318.200195,3213
2026-09-15T12:15:00+00:00,4318.200195,4319.100098,4310.899902,4317.700195,3946
2026-09-15T12:30:00+00:00,4317.299805,4326,4314.399902,4321,4935
2026-09-15T12:45:00+00:00,4321,4335.899902,4320.899902,4330.200195,8781
2026-09-15T13:00:00+00:00,4330,4334.600098,4323.700195,4326.799805,5408
2026-09-15T13:15:00+00:00,4326.899902,4333.200195,4322.700195,4327.5,4307
2026-09-15T13:30:00+00:00,4327.399902,4334.299805,4324.100098,4329.5,5552
2026-09-15T13:45:00+00:00,4329.200195,4338.5,4328,4334.600098,5648
2026-09-15T14:00:00+00:00,4334.700195,4340.899902,4333.200195,4334.5,5945
2026-09-15T14:15:00+00:00,4334.600098,4335.700195,4321.5,4324.399902,6455
2026-09-15T14:30:00+00:00,4324.299805,4326.299805,4315.600098,4318.200195,6486
2026-09-15T14:45:00+00:00,4318,4323,4313.100098,4316.700195,6663
2026-09-15T15:00:00+00:00,4316.899902,4326.200195,4316.200195,4325.5,3804
2026-09-15T15:15:00+00:00,4325.299805,4327.899902,4322.299805,4324,3226
2026-09-15T15:30:00+00:00,4324.5,4331,4321.100098,4328.100098,3890
2026-09-15T15:45:00+00:00,4328,4335.299805,4325.100098,4329.399902,4520
2026-09-15T16:00:00+00:00,4329.5,4331.899902,4326,4326.100098,2208
2026-09-15T16:15:00+00:00,4326.399902,4337.399902,4325.399902,4335.899902,3546
2026-09-15T16:30:00+00:00,4335.799805,4338.200195,4331.700195,4336.899902,2986
2026-09-15T16:45:00+00:00,4336.899902,4338.600098,4335.100098,4335.600098,1943
2026-09-15T17:00:00+00:00,4335.700195,4340,4330.5,4335.5,3624
2026-09-15T17:15:00+00:00,4335.399902,4337.100098,4331.899902,4333.600098,2663
2026-09-15T17:30:00+00:00,4333.600098,4339.700195,4332.600098,4333.700195,2827
2026-09-15T17:45:00+00:00,4333.799805,4336.899902,4333.700195,4335.5,1372
2026-09-15T18:00:00+00:00,4335.5,4344.700195,4332.899902,4342.700195,3527
2026-09-15T18:15:00+00:00,4342.799805,4347.200195,4342.299805,4345.100098,3114
2026-09-15T18:30:00+00:00,4344.799805,4348.899902,4341.799805,4344.899902,2435
2026-09-15T18:45:00+00:00,4345.200195,4350.600098,4344.200195,4348.5,2319
2026-09-15T19:00:00+00:00,4348.700195,4351,4339.700195,4339.799805,3277
2026-09-15T19:15:00+00:00,4339.799805,4342.100098,4337.700195,4340.700195,1882
2026-09-15T19:30:00+00:00,4340.600098,4342.200195,4336.200195,4336.299805,1544
2026-09-15T19:45:00+00:00,4336.5,4339.799805,4333.700195,4337.5,2704
2026-09-15T20:00:00+00:00,4337.299805,4339.200195,4335.299805,4336,1649
2026-09-15T20:15:00+00:00,4336.100098,4336.700195,4333.799805,4334.200195,851
2026-09-15T20:30:00+00:00,4334.399902,4336,4331.200195,4332.899902,1371
2026-09-15T20:45:00+00:00,4332.700195,4334.399902,4331.799805,4333.299805,973
2026-09-15T22:00:00+00:00,4333.5,4337,4332.100098,4332.5,689
2026-09-15T22:15:00+00:00,4332.600098,4339.200195,4331,4339,2364
2026-09-15T22:30:00+00:00,4339.100098,4339.700195,4334.899902,4335.299805,1306
2026-09-15T22:45:00+00:00,4335.100098,4336,4328.899902,4329.399902,2401
2026-09-15T23:00:00+00:00,4329.299805,4329.700195,4324.799805,4326.100098,2839
2026-09-15T23:15:00+00:00,4326.100098,4327.5,4321.5,4324.600098,2261
2026-09-15T23:30:00+00:00,4324.200195,4328.100098,4322.899902,4325.5,2617
2026-09-15T23:45:00+00:00,4325.299805,4327.200195,4320,4323.799805,2352
2026-09-16T00:00:00+00:00,4323.899902,4325,4320.399902,4322.799805,1860
2026-09-16T00:15:00+00:00,4322.799805,4326.600098,4322,4324.5,1987
2026-09-16T00:30:00+00:00,4324.5,4325.899902,4318.299805,4323.700195,2694
2026-09-16T00:45:00+00:00,4323.5,4325.299805,4315.100098,4317.100098,3762
2026-09-16T01:00:00+00:00,4317.100098,4327.700195,4316.100098,4326.899902,5474
2026-09-16T01:15:00+00:00,4327.100098,4333.5,4324.100098,4330.200195,4978
2026-09-16T01:30:00+00:00,4330.100098,4331.200195,4325,4328.200195,2858
2026-09-16T01:45:00+00:00,4328.100098,4328.600098,4319.5,4321.799805,3423
2026-09-16T02:00:00+00:00,4321.799805,4334.700195,4321.100098,4331.899902,3791
2026-09-16T02:15:00+00:00,4332,4340.799805,4329.5,4338.899902,3894
2026-09-16T02:30:00+00:00,4338.899902,4356.799805,4338.399902,4351,8575
2026-09-16T02:45:00+00:00,4351.5,4363.899902,4350.600098,4362.100098,6189
2026-09-16T03:00:00+00:00,4362.200195,4379.700195,4361.700195,4377.799805,8463
2026-09-16T03:15:00+00:00,4378.200195,4382,4372.5,4372.600098,5583
2026-09-16T03:30:00+00:00,4372.600098,4373.5,4366.5,4368,3979
2026-09-16T03:45:00+00:00,4367.700195,4369.100098,4362.700195,4366.899902,2868
2026-09-16T04:00:00+00:00,4368,4369.5,4366.200195,4367.600098,1557
2026-09-16T04:15:00+00:00,4367.700195,4369.299805,4364,4366.700195,1613
2026-09-16T04:30:00+00:00,4366.299805,4369.100098,4363.5,4363.700195,1156
2026-09-16T04:45:00+00:00,4363.600098,4364.299805,4361.200195,4362.600098,1333
2026-09-16T05:00:00+00:00,4362.700195,4365.399902,4361.5,4362.299805,1977
2026-09-16T05:15:00+00:00,4362.200195,4367.799805,4362.200195,4365.399902,1717
2026-09-16T05:30:00+00:00,4365.700195,4373.700195,4364.899902,4373.399902,2851
2026-09-16T05:45:00+00:00,4373.399902,4374.200195,4366.600098,4366.799805,2051
2026-09-16T06:00:00+00:00,4366.799805,4372.299805,4361.700195,4365.799805,3184
2026-09-16T06:15:00+00:00,4365.799805,4370.299805,4364.899902,4367.100098,1674
2026-09-16T06:30:00+00:00,4367.100098,4368.399902,4364,4368.100098,1324
2026-09-16T06:45:00+00:00,4368.100098,4373.399902,4365.399902,4373,1669
2026-09-16T07:00:00+00:00,4372.700195,4376.200195,4370,4375.399902,2174
2026-09-16T07:15:00+00:00,4375.799805,4377.799805,4372,4375.899902,1647
2026-09-16T07:30:00+00:00,4375.899902,4379.5,4373.799805,4375.700195,1749
2026-09-16T07:45:00+00:00,4376.200195,4377.799805,4368.100098,4369,2104
2026-09-16T08:00:00+00:00,4369.100098,4369.399902,4362.5,4367.5,2741
2026-09-16T08:15:00+00:00,4367.600098,4377.700195,4366.200195,4374.299805,3792
2026-09-16T08:30:00+00:00,4374.5,4374.600098,4363.899902,4368.799805,2095
2026-09-16T08:45:00+00:00,4368.700195,4372.200195,4365.299805,4371.100098,1517
2026-09-16T09:00:00+00:00,4371.200195,4373.5,4370.399902,4373,1124
2026-09-16T09:15:00+00:00,4372.899902,4375,4368.100098,4370.299805,2368
2026-09-16T09:30:00+00:00,4370.399902,4378.299805,4370.299805,4376,1920
2026-09-16T09:45:00+00:00,4376.100098,4380.299805,4372.100098,4379.200195,1555
2026-09-16T10:00:00+00:00,4379.299805,4390.299805,4378.5,4384,4732
2026-09-16T10:15:00+00:00,4384,4390,4381.799805,4389.399902,2996
2026-09-16T10:30:00+00:00,4389.399902,4390.799805,4386.899902,4390.299805,1474
2026-09-16T10:45:00+00:00,4390.100098,4393.200195,4386.5,4392.100098,2221
2026-09-16T11:00:00+00:00,4392.100098,4394.5,4387.799805,4388.100098,3223
2026-09-16T11:15:00+00:00,4388,4394.799805,4387.200195,4391.700195,2056
2026-09-16T11:30:00+00:00,4391.799805,4394.5,4388.100098,4391,2203
2026-09-16T11:45:00+00:00,4391.100098,4391.899902,4382.700195,4382.700195,2500
2026-09-16T12:00:00+00:00,4382.899902,4389.200195,4381.5,4384.299805,3406
2026-09-16T12:15:00+00:00,4384.5,4386.799805,4378.5,4381.5,3354
2026-09-16T12:30:00+00:00,4380.899902,4386.200195,4375.200195,4384.899902,4172
2026-09-16T12:45:00+00:00,4384.700195,4390.200195,4383.5,4388.5,3723
2026-09-16T13:00:00+00:00,4388.399902,4398.700195,4384.799805,4397.600098,6427
2026-09-16T13:15:00+00:00,4398.200195,4401.799805,4390.299805,4393.299805,6229
2026-09-16T13:30:00+00:00,4393,4395.5,4381.399902,4381.600098,7073
2026-09-16T13:45:00+00:00,4381.600098,4387.299805,4376.200195,4380.100098,6525
2026-09-16T14:00:00+00:00,4379.899902,4381.899902,4365,4381.799805,11709
2026-09-16T14:15:00+00:00,4381.799805,4383,4372.299805,4379.899902,5488
2026-09-16T14:30:00+00:00,4379.700195,4388.200195,4376,4387.200195,5503
2026-09-16T14:45:00+00:00,4387.299805,4398.100098,4386.899902,4397,8259
2026-09-16T15:00:00+00:00,4397.100098,4400.200195,4391.600098,4395.100098,7170
2026-09-16T15:15:00+00:00,4395.299805,4397.299805,4385.600098,4386.100098,5067
2026-09-16T15:30:00+00:00,4386.399902,4394.600098,4384.600098,4392.700195,4370
2026-09-16T15:45:00+00:00,4392.5,4406.200195,4392,4394.600098,7317
2026-09-16T16:00:00+00:00,4394.799805,4395.100098,4388.5,4392,3512
2026-09-16T16:15:00+00:00,4392.100098,4394.200195,4386,4387.700195,2454
2026-09-16T16:30:00+00:00,4387.600098,4390.399902,4386.600098,4389.299805,1819
2026-09-16T16:45:00+00:00,4389.299805,4390.5,4385.399902,4388.299805,1693
2026-09-16T17:00:00+00:00,4388.399902,4388.600098,4383.200195,4385.299805,2145
2026-09-16T17:15:00+00:00,4384.899902,4389.100098,4383.899902,4388.299805,2292
2026-09-16T17:30:00+00:00,4388.399902,4392.100098,4384.899902,4385.5,2470
2026-09-16T17:45:00+00:00,4385.5,4411.5,4384.200195,4402.899902,4429
2026-09-16T18:00:00+00:00,4403,4414.100098,4348.799805,4352.200195,29414
2026-09-16T18:15:00+00:00,4352,4365.899902,4347.700195,4364.100098,12695
2026-09-16T18:30:00+00:00,4363.399902,4365.399902,4300,4341.600098,32989
2026-09-16T18:45:00+00:00,4341.799805,4348.200195,4296,4301,21085
2026-09-16T19:00:00+00:00,4301,4326.799805,4273.100098,4291.5,26958
2026-09-16T19:15:00+00:00,4291.399902,4296.899902,4278.200195,4292.899902,12131
2026-09-16T19:30:00+00:00,4292.899902,4310.299805,4292.5,4303.700195,9189
2026-09-16T19:45:00+00:00,4303.700195,4315.5,4303.5,4311.200195,6773
2026-09-16T20:00:00+00:00,4311.200195,4312.899902,4302.700195,4304.100098,3145
2026-09-16T20:15:00+00:00,4304.100098,4307.899902,4296.899902,4299.600098,2256
2026-09-16T20:30:00+00:00,4299.700195,4304.600098,4297.5,4301.5,1737
2026-09-16T20:45:00+00:00,4301.399902,4305.600098,4299.799805,4302.200195,1322
2026-09-16T22:00:00+00:00,4303.600098,4303.600098,4296.100098,4296.200195,1005
2026-09-16T22:15:00+00:00,4296.100098,4300.600098,4294.299805,4299.200195,1512
2026-09-16T22:30:00+00:00,4299.299805,4313.899902,4299.200195,4310.600098,3150
2026-09-16T22:45:00+00:00,4310.600098,4311.600098,4303,4304.600098,2790
2026-09-16T23:00:00+00:00,4304.100098,4307.299805,4296.200195,4300.299805,5128
2026-09-16T23:15:00+00:00,4300.600098,4311,4299.600098,4309.899902,2643
2026-09-16T23:30:00+00:00,4309.700195,4312.399902,4306.299805,4311.799805,3037
2026-09-16T23:45:00+00:00,4311.799805,4313.700195,4309.100098,4309.399902,2462
2026-09-17T00:00:00+00:00,4309.799805,4324.799805,4304.299805,4323.100098,5564
2026-09-17T00:15:00+00:00,4322.799805,4327.799805,4319.5,4322.899902,3766
2026-09-17T00:30:00+00:00,4322.899902,4330.600098,4320.200195,4326.799805,3275
2026-09-17T00:45:00+00:00,4326.600098,4327.700195,4315,4318.299805,4098
2026-09-17T01:00:00+00:00,4318.299805,4348.700195,4318.299805,4337,10929
2026-09-17T01:15:00+00:00,4336.799805,4350.700195,4336.299805,4348.100098,6036
2026-09-17T01:30:00+00:00,4348,4356,4346.5,4347.100098,6433
2026-09-17T01:45:00+00:00,4347.100098,4349.899902,4335.899902,4338.299805,5283
2026-09-17T02:00:00+00:00,4338.299805,4339.100098,4318.799805,4325.700195,7941
2026-09-17T02:15:00+00:00,4325.700195,4331.399902,4325.200195,4330,3119
2026-09-17T02:30:00+00:00,4330,4331.200195,4319.600098,4326.600098,4682
2026-09-17T02:45:00+00:00,4326.700195,4327.799805,4311.899902,4315.299805,4970
2026-09-17T03:00:00+00:00,4315.299805,4324.799805,4315,4323.200195,3480
2026-09-17T03:15:00+00:00,4322.899902,4325.200195,4320.899902,4323.799805,1985
2026-09-17T03:30:00+00:00,4324,4334.700195,4323.700195,4334.200195,3940
2026-09-17T03:45:00+00:00,4334.399902,4336,4332,4335.399902,1958
2026-09-17T04:00:00+00:00,4334.399902,4335.200195,4331,4332,2105
2026-09-17T04:15:00+00:00,4332.100098,4334.200195,4329.399902,4329.700195,1672
2026-09-17T04:30:00+00:00,4329.799805,4335.299805,4328.600098,4333.899902,1796
2026-09-17T04:45:00+00:00,4333.700195,4337.600098,4333.600098,4335.5,2106
2026-09-17T05:00:00+00:00,4335.600098,4337.899902,4332.299805,4332.5,1318
2026-09-17T05:15:00+00:00,4332.700195,4332.700195,4323.799805,4324.799805,2807
2026-09-17T05:30:00+00:00,4325.100098,4336.700195,4324.600098,4335.200195,3403
2026-09-17T05:45:00+00:00,4335.899902,4343.700195,4334.200195,4342.600098,3249
2026-09-17T06:00:00+00:00,4342.600098,4351,4342.299805,4350.600098,3679
2026-09-17T06:15:00+00:00,4350.899902,4351.600098,4343.200195,4350.5,2740
2026-09-17T06:30:00+00:00,4350.5,4354,4344.200195,4347.799805,3059
2026-09-17T06:45:00+00:00,4347.799805,4350.700195,4345.399902,4349.399902,2130
2026-09-17T07:00:00+00:00,4349.399902,4362.299805,4347.899902,4361.899902,3808
2026-09-17T07:15:00+00:00,4361.600098,4368.899902,4358,4368,4492
2026-09-17T07:30:00+00:00,4368.399902,4374,4367.899902,4370.399902,3915
2026-09-17T07:45:00+00:00,4370.5,4374.700195,4362.799805,4366.5,3598
2026-09-17T08:00:00+00:00,4366.5,4367.299805,4356.700195,4359.600098,2784
2026-09-17T08:15:00+00:00,4359.200195,4361.100098,4353.700195,4355.399902,2827
2026-09-17T08:30:00+00:00,4355.299805,4359.100098,4351.299805,4352.899902,2671
2026-09-17T08:45:00+00:00,4352.799805,4353.299805,4349.299805,4350.799805,2151
2026-09-17T09:00:00+00:00,4350.799805,4358.600098,4350.799805,4355.200195,2453
2026-09-17T09:15:00+00:00,4355,4355.700195,4344.700195,4345.299805,2990
2026-09-17T09:30:00+00:00,4345.200195,4350.200195,4343.700195,4348.5,2272
2026-09-17T09:45:00+00:00,4348.200195,4350.399902,4344.5,4345.100098,1528
2026-09-17T10:00:00+00:00,4345.399902,4353,4343.799805,4349.200195,2194
2026-09-17T10:15:00+00:00,4349.5,4355.100098,4345.700195,4352.700195,1926
2026-09-17T10:30:00+00:00,4353.100098,4358.100098,4351.5,4355.700195,1744
2026-09-17T10:45:00+00:00,4355.700195,4364.899902,4355.600098,4363.899902,2472
2026-09-17T11:00:00+00:00,4364,4380,4363.200195,4371.5,5869
2026-09-17T11:15:00+00:00,4371.799805,4374.600098,4366,4367.700195,3540
2026-09-17T11:30:00+00:00,4368.100098,4368.700195,4362.899902,4364.399902,2474
2026-09-17T11:45:00+00:00,4364.5,4393.399902,4364.200195,4390,7592
2026-09-17T12:00:00+00:00,4389.899902,4395.799805,4383.799805,4395.100098,7944
2026-09-17T12:15:00+00:00,4395,4422.299805,4393.5,4421.700195,10789
2026-09-17T12:30:00+00:00,4421.299805,4421.299805,4400.799805,4400.899902,8644
2026-09-17T12:45:00+00:00,4401,4415.299805,4399.399902,4413.899902,5469
2026-09-17T13:00:00+00:00,4413.899902,4415,4400.600098,4406.5,6440
2026-09-17T13:15:00+00:00,4406.600098,4415.700195,4405.200195,4407.200195,4774
2026-09-17T13:30:00+00:00,4407.5,4414.899902,4396.700195,4398.899902,8939
2026-09-17T13:45:00+00:00,4398.899902,4412.600098,4395.700195,4407.5,7110
2026-09-17T14:00:00+00:00,4407.399902,4421,4405.100098,4412.700195,8755
2026-09-17T14:15:00+00:00,4412.399902,4413.799805,4406,4407.600098,4269
2026-09-17T14:30:00+00:00,4407.799805,4409,4400.100098,4401.899902,5145
2026-09-17T14:45:00+00:00,4402,4405.600098,4392.5,4394.600098,5393
2026-09-17T15:00:00+00:00,4394.600098,4402.899902,4391.799805,4402.299805,5538
2026-09-17T15:15:00+00:00,4402.299805,4405.299805,4396.700195,4399.100098,4635
2026-09-17T15:30:00+00:00,4399.399902,4407.5,4396.100098,4406.100098,3701
2026-09-17T15:45:00+00:00,4405.899902,4410.200195,4403.399902,4409.899902,3167
2026-09-17T16:00:00+00:00,4410,4413.200195,4406.799805,4407.700195,4307
2026-09-17T16:15:00+00:00,4407.799805,4408.5,4403.200195,4407.299805,2329
2026-09-17T16:30:00+00:00,4407.100098,4407.299805,4397.100098,4399.700195,3532
2026-09-17T16:45:00+00:00,4399.600098,4402.5,4395.200195,4402,4033
2026-09-17T17:00:00+00:00,4402.299805,4405.899902,4397.899902,4401.799805,3275
2026-09-17T17:15:00+00:00,4401.700195,4403,4397.5,4400.200195,2048
2026-09-17T17:30:00+00:00,4400.399902,4403.700195,4397.200195,4400.299805,1704
2026-09-17T17:45:00+00:00,4400.200195,4401.5,4398.299805,4400.700195,1029
2026-09-17T18:00:00+00:00,4401.200195,4405.600098,4399.799805,4404.899902,1734
2026-09-17T18:15:00+00:00,4404.5,4405.799805,4395.700195,4396,2302
2026-09-17T18:30:00+00:00,4396.399902,4396.5,4388,4391.600098,4077
2026-09-17T18:45:00+00:00,4391.700195,4392.299805,4388.600098,4390.899902,2015
2026-09-17T19:00:00+00:00,4391,4395.600098,4390.799805,4394.100098,2017
2026-09-17T19:15:00+00:00,4394.100098,4394.200195,4382.299805,4382.600098,3797
2026-09-17T19:30:00+00:00,4382.700195,4386.299805,4381.799805,4384.399902,2187
2026-09-17T19:45:00+00:00,4384.600098,4388.899902,4383.299805,4385.200195,3017
2026-09-17T20:00:00+00:00,4385.700195,4386.299805,4381.200195,4382.399902,1564
2026-09-17T20:15:00+00:00,4382.299805,4385,4381.299805,4381.299805,1042
2026-09-17T20:30:00+00:00,4381.799805,4383.5,4379.299805,4380.799805,1323
2026-09-17T20:45:00+00:00,4380.600098,4382.100098,4379.899902,4380.600098,845
2026-09-17T22:00:00+00:00,4381.299805,4386.100098,4380.600098,4383.600098,621
2026-09-17T22:15:00+00:00,4383.600098,4384.100098,4380.5,4383.600098,1085
2026-09-17T22:30:00+00:00,4383.700195,4389.100098,4383.200195,4383.399902,2180
2026-09-17T22:45:00+00:00,4383.100098,4385.100098,4380.100098,4383.200195,2438
2026-09-17T23:00:00+00:00,4383,4385.200195,4378.299805,4384,2354
2026-09-17T23:15:00+00:00,4384,4386.700195,4380,4383,2265
2026-09-17T23:30:00+00:00,4383.200195,4384,4382,4383,748
2026-09-17T23:45:00+00:00,4383,4387.299805,4382.200195,4385.100098,1560
2026-09-18T00:00:00+00:00,4384.899902,4393.700195,4380.700195,4393.200195,3543
2026-09-18T00:15:00+00:00,4393,4396.299805,4389.399902,4392.100098,3799
2026-09-18T00:30:00+00:00,4392,4399.399902,4391.700195,4397.600098,3068
2026-09-18T00:45:00+00:00,4397.700195,4398.299805,4391.100098,4395,2811
2026-09-18T01:00:00+00:00,4395.5,4404.799805,4395.5,4396.899902,6983
2026-09-18T01:15:00+00:00,4396.799805,4403.399902,4393,4398.399902,3892
2026-09-18T01:30:00+00:00,4398.299805,4398.700195,4385.899902,4386,4772
2026-09-18T01:45:00+00:00,4386,4389.299805,4382.299805,4387.100098,3891
2026-09-18T02:00:00+00:00,4387.100098,4390.700195,4384.700195,4389.200195,3267
2026-09-18T02:15:00+00:00,4389.200195,4392.799805,4386.5,4391.799805,2686
2026-09-18T02:30:00+00:00,4392,4395.299805,4388.600098,4390.299805,3582
2026-09-18T02:45:00+00:00,4390.200195,4394.5,4381.200195,4385.299805,4175
2026-09-18T03:00:00+00:00,4385.200195,4390.200195,4382,4383.100098,3119
2026-09-18T03:15:00+00:00,4383.299805,4383.399902,4371.200195,4379,6405
2026-09-18T03:30:00+00:00,4379.200195,4397.299805,4378.700195,4395.899902,6370
2026-09-18T03:45:00+00:00,4395.600098,4399.700195,4395.299805,4396.399902,3427
2026-09-18T04:00:00+00:00,4397.600098,4400.5,4395.700195,4395.700195,2223
2026-09-18T04:15:00+00:00,4395.899902,4397.200195,4391.600098,4397.100098,2493
2026-09-18T04:30:00+00:00,4397.200195,4405.100098,4396.100098,4403.799805,3061
2026-09-18T04:45:00+00:00,4404,4406.899902,4400.600098,4406.700195,3639
2026-09-18T05:00:00+00:00,4406.700195,4409.200195,4403.5,4405.299805,2960
2026-09-18T05:15:00+00:00,4405.399902,4409.299805,4403.399902,4404.299805,2118
2026-09-18T05:30:00+00:00,4404.5,4418.399902,4400,4417,6975
2026-09-18T05:45:00+00:00,4417,4417.799805,4410.200195,4416.700195,3630
2026-09-18T06:00:00+00:00,4416.899902,4430.200195,4416.700195,4428.5,6996
2026-09-18T06:15:00+00:00,4428.5,4433.600098,4421.5,4432.299805,4377
2026-09-18T06:30:00+00:00,4431.899902,4436.700195,4430.399902,4435.899902,3456
2026-09-18T06:45:00+00:00,4436,4437.100098,4429.399902,4433.100098,3684
2026-09-18T07:00:00+00:00,4433.200195,4435.700195,4428.700195,4430.299805,3116
2026-09-18T07:15:00+00:00,4430.5,4435.899902,4429.600098,4435.5,2385
2026-09-18T07:30:00+00:00,4435.600098,4437.299805,4431,4433.600098,2648
2026-09-18T07:45:00+00:00,4433.700195,4439.899902,4432.399902,4433.200195,3067
2026-09-18T08:00:00+00:00,4433.399902,4438.399902,4430.200195,4430.299805,2862
2026-09-18T08:15:00+00:00,4430.200195,4434.100098,4427.5,4427.899902,2967
2026-09-18T08:30:00+00:00,4427.799805,4429.899902,4424.700195,4426.700195,2656
2026-09-18T08:45:00+00:00,4426.600098,4434.399902,4425.899902,4432.100098,2539
2026-09-18T09:00:00+00:00,4432.299805,4438.399902,4431.5,4434.399902,2276
2026-09-18T09:15:00+00:00,4434.700195,4435.399902,4425.700195,4428.100098,2557
2026-09-18T09:30:00+00:00,4427.899902,4429.200195,4416.600098,4416.600098,3901
2026-09-18T09:45:00+00:00,4416.600098,4418.399902,4413.100098,4416.5,3276
2026-09-18T10:00:00+00:00,4416.399902,4420,4415.5,4418.600098,1782
2026-09-18T10:15:00+00:00,4418.899902,4421.399902,4417.200195,4421.399902,1596
2026-09-18T10:30:00+00:00,4421.399902,4421.899902,4418,4421.100098,1651
2026-09-18T10:45:00+00:00,4421.100098,4421.5,4415.700195,4421.299805,2113
2026-09-18T11:00:00+00:00,4421.299805,4428.100098,4416.899902,4427.700195,4853
2026-09-18T11:15:00+00:00,4427.5,4427.899902,4417,4417.100098,2197
2026-09-18T11:30:00+00:00,4417.299805,4422.299805,4413.899902,4415,2604
2026-09-18T11:45:00+00:00,4415.100098,4421.200195,4410.899902,4420.799805,3312
2026-09-18T12:00:00+00:00,4420.899902,4422.200195,4409.399902,4412.200195,5246
2026-09-18T12:15:00+00:00,4412.5,4415.799805,4392.299805,4397,9042
2026-09-18T12:30:00+00:00,4397,4412.100098,4396.700195,4407.899902,7528
2026-09-18T12:45:00+00:00,4408.200195,4409.700195,4405.100098,4408,2793
2026-09-18T13:00:00+00:00,4407.799805,4414.600098,4402.5,4410.200195,6879
2026-09-18T13:15:00+00:00,4410.600098,4413.700195,4401.100098,4406.100098,4729
2026-09-18T13:30:00+00:00,4406.100098,4406.600098,4390.600098,4392.200195,9095
2026-09-18T13:45:00+00:00,4392.100098,4397,4385.5,4387.799805,8630
2026-09-18T14:00:00+00:00,4387.5,4394.799805,4386.100098,4390.100098,7294
2026-09-18T14:15:00+00:00,4390,4393.700195,4381.299805,4381.5,8253
2026-09-18T14:30:00+00:00,4381.299805,4393.399902,4381,4391.899902,5818
2026-09-18T14:45:00+00:00,4391.799805,4400.200195,4389.899902,4391.299805,6807
2026-09-18T15:00:00+00:00,4391.100098,4394.899902,4386,4390.399902,4649
2026-09-18T15:15:00+00:00,4390.399902,4395.5,4389.899902,4394.5,3117
2026-09-18T15:30:00+00:00,4394.600098,4395.899902,4387,4393.399902,4078
2026-09-18T15:45:00+00:00,4393.100098,4396.600098,4390.799805,4395,2556
2026-09-18T16:00:00+00:00,4395.100098,4403.299805,4393,4400.200195,3963
2026-09-18T16:15:00+00:00,4400.100098,4417,4398,4416.200195,7278
2026-09-18T16:30:00+00:00,4416,4422.5,4412.799805,4416.5,6358
2026-09-18T16:45:00+00:00,4416.799805,4422.200195,4415.399902,4421,3920
2026-09-18T17:00:00+00:00,4421.100098,4425.700195,4419.899902,4424,5200
2026-09-18T17:15:00+00:00,4424,4427.700195,4420.600098,4425.100098,4378
2026-09-18T17:30:00+00:00,4425.100098,4435,4423.600098,4431.299805,5922
2026-09-18T17:45:00+00:00,4431.100098,4435.200195,4430.100098,4431.399902,2653
2026-09-18T18:00:00+00:00,4431.299805,4432.899902,4427.399902,4430.700195,4325
2026-09-18T18:15:00+00:00,4430.700195,4431.299805,4427.399902,4429.200195,1819
2026-09-18T18:30:00+00:00,4429.299805,4429.700195,4419.299805,4419.399902,4013
2026-09-18T18:45:00+00:00,4419.5,4422.600098,4418.299805,4420.799805,3696
2026-09-18T19:00:00+00:00,4420.799805,4424.600098,4417.700195,4422.799805,3370
2026-09-18T19:15:00+00:00,4422.799805,4423.399902,4416.899902,4418.700195,2483
2026-09-18T19:30:00+00:00,4418.700195,4420.799805,4417.700195,4419.600098,1641
2026-09-18T19:45:00+00:00,4419.700195,4421.5,4413.5,4415.600098,3848
2026-09-18T20:00:00+00:00,4415.600098,4421.700195,4414.399902,4420,1933
2026-09-18T20:15:00+00:00,4419.799805,4421.5,4417.399902,4419.299805,1046
2026-09-18T20:30:00+00:00,4419.399902,4421.200195,4417.200195,4419,928
2026-09-18T20:45:00+00:00,4418.799805,4424.899902,4414.5,4424.899902,1271
2026-09-20T22:00:00+00:00,4414.899902,4417.899902,4414.799805,4417.899902,334
2026-09-20T22:15:00+00:00,4417.600098,4417.600098,4412.600098,4414.200195,1483
2026-09-20T22:30:00+00:00,4414.100098,4416.399902,4412.799805,4412.799805,1039
2026-09-20T22:45:00+00:00,4412.799805,4415.399902,4412,4412,1231
2026-09-20T23:00:00+00:00,4412.100098,4413.100098,4409.100098,4411.299805,1632
2026-09-20T23:15:00+00:00,4411.399902,4413.5,4409.799805,4412.799805,1276
2026-09-20T23:30:00+00:00,4412.5,4415,4409.5,4409.700195,1827
2026-09-20T23:45:00+00:00,4409.5,4412.200195,4406.799805,4411.200195,2455
2026-09-21T00:00:00+00:00,4411.5,4411.600098,4402.200195,4402.799805,3854
2026-09-21T00:15:00+00:00,4403,4408.100098,4396.5,4406.299805,4652
2026-09-21T00:30:00+00:00,4406,4414.299805,4404,4407.200195,4501
2026-09-21T00:45:00+00:00,4407.600098,4409.600098,4400,4404.899902,5303
2026-09-21T01:00:00+00:00,4404.5,4419.299805,4404.5,4419.100098,7018
2026-09-21T01:15:00+00:00,4419.299805,4422.200195,4412.700195,4413.299805,4880
2026-09-21T01:30:00+00:00,4413.200195,4419.299805,4411.899902,4417.899902,2657
2026-09-21T01:45:00+00:00,4417.700195,4421.600098,4413.899902,4415.600098,2717
2026-09-21T02:00:00+00:00,4415.700195,4416.200195,4405.899902,4406.899902,3727
2026-09-21T02:15:00+00:00,4407,4407.899902,4399,4407.200195,4575
2026-09-21T02:30:00+00:00,4407.5,4411,4401.799805,4404.100098,4759
2026-09-21T02:45:00+00:00,4404.100098,4408,4400.399902,4401.399902,2084
2026-09-21T03:00:00+00:00,4401.399902,4404.700195,4396.600098,4400.700195,3759
2026-09-21T03:15:00+00:00,4400.799805,4403.399902,4396.700195,4397.700195,1729
2026-09-21T03:30:00+00:00,4397.5,4405.899902,4397.200195,4405,2234
2026-09-21T03:45:00+00:00,4405,4406.100098,4393.5,4396.200195,2710
2026-09-21T04:00:00+00:00,4396.700195,4398.799805,4392.5,4397.399902,2825
2026-09-21T04:15:00+00:00,4397.200195,4403,4396.799805,4398.899902,2130
2026-09-21T04:30:00+00:00,4399.200195,4400.799805,4395.399902,4399.299805,2154
2026-09-21T04:45:00+00:00,4399.299805,4399.600098,4392.200195,4393.200195,1895
2026-09-21T05:00:00+00:00,4393,4394.600098,4389.5,4393.200195,2385
2026-09-21T05:15:00+00:00,4393,4398.600098,4391.100098,4394.700195,2151
2026-09-21T05:30:00+00:00,4394.5,4399.399902,4388.399902,4391.899902,3084
2026-09-21T05:45:00+00:00,4392,4393.200195,4386.299805,4388,2828
2026-09-21T06:00:00+00:00,4388,4393.299805,4386.5,4390.5,2372
2026-09-21T06:15:00+00:00,4390.899902,4392,4383.5,4384.399902,2694
2026-09-21T06:30:00+00:00,4384.399902,4391.5,4384.399902,4389.299805,2022
2026-09-21T06:45:00+00:00,4389.399902,4392.399902,4387.700195,4391,1838
2026-09-21T07:00:00+00:00,4390.799805,4394,4383.100098,4390.299805,4280
2026-09-21T07:15:00+00:00,4390.299805,4393.200195,4384.399902,4387.899902,2468
2026-09-21T07:30:00+00:00,4388.200195,4392.700195,4378.600098,4384.5,3740
2026-09-21T07:45:00+00:00,4384.399902,4387.299805,4381.5,4381.5,1906
2026-09-21T08:00:00+00:00,4381.5,4390.700195,4380.700195,4387.700195,2627
2026-09-21T08:15:00+00:00,4387.799805,4393,4387.299805,4390.700195,1716
2026-09-21T08:30:00+00:00,4390.399902,4395.399902,4388,4395,2120
2026-09-21T08:45:00+00:00,4395.100098,4395.100098,4387,4390.700195,1672
2026-09-21T09:00:00+00:00,4390.799805,4391.600098,4386.700195,4391.600098,1455
2026-09-21T09:15:00+00:00,4391.200195,4392.5,4383.600098,4383.700195,1733
2026-09-21T09:30:00+00:00,4383.799805,4385.799805,4376.5,4385.399902,3901
2026-09-21T09:45:00+00:00,4385.5,4386.399902,4381.299805,4384,1434
2026-09-21T10:00:00+00:00,4383.399902,4391.399902,4383,4391.399902,1808
2026-09-21T10:15:00+00:00,4391.5,4394.799805,4387.600098,4388.5,1757
2026-09-21T10:30:00+00:00,4388.5,4390.299805,4385.5,4386.200195,1361
2026-09-21T10:45:00+00:00,4385.799805,4388.5,4380.100098,4380.299805,1517
2026-09-21T11:00:00+00:00,4380.200195,4386.299805,4379.5,4386,2318
2026-09-21T11:15:00+00:00,4386.299805,4393.100098,4386.299805,4391.299805,2353
2026-09-21T11:30:00+00:00,4391.200195,4405.5,4389.600098,4404.5,3860
2026-09-21T11:45:00+00:00,4404.600098,4409.299805,4402.700195,4407.100098,3564
2026-09-21T12:00:00+00:00,4407.299805,4413.100098,4400.100098,4407.600098,4956
2026-09-21T12:15:00+00:00,4407.600098,4409.200195,4388.799805,4393.399902,5536
2026-09-21T12:30:00+00:00,4393.200195,4401.700195,4388.899902,4401,5311
2026-09-21T12:45:00+00:00,4400.899902,4401.799805,4391.299805,4397.399902,3349
2026-09-21T13:00:00+00:00,4397.299805,4402.399902,4393.600098,4401,3468
2026-09-21T13:15:00+00:00,4401.200195,4407.899902,4398.399902,4402.200195,3337
2026-09-21T13:30:00+00:00,4402,4402.799805,4386.600098,4390.600098,7168
2026-09-21T13:45:00+00:00,4390.600098,4394.200195,4383.399902,4383.899902,4924
2026-09-21T14:00:00+00:00,4383.899902,4385,4360.600098,4378.5,17462
2026-09-21T14:15:00+00:00,4378.299805,4381.600098,4372.100098,4379.700195,6117
2026-09-21T14:30:00+00:00,4379.600098,4382.100098,4369.700195,4370.100098,5705
2026-09-21T14:45:00+00:00,4370.299805,4381,4370.100098,4377,4309
2026-09-21T15:00:00+00:00,4377.200195,4388.700195,4377,4387.5,5149
2026-09-21T15:15:00+00:00,4387.700195,4392.399902,4386.399902,4389.399902,3485
2026-09-21T15:30:00+00:00,4389.600098,4394.799805,4386.299805,4388.200195,4661
2026-09-21T15:45:00+00:00,4388.299805,4392.899902,4384.5,4386.299805,3882
2026-09-21T16:00:00+00:00,4386.399902,4395.200195,4382.600098,4390.299805,5061
2026-09-21T16:15:00+00:00,4390.100098,4395.899902,4387.100098,4389.100098,3196
2026-09-21T16:30:00+00:00,4389,4391.100098,4381.200195,4382.200195,2782
2026-09-21T16:45:00+00:00,4382.100098,4385,4380.899902,4381.299805,2700
2026-09-21T17:00:00+00:00,4381.5,4385.600098,4379.700195,4384.299805,2227
2026-09-21T17:15:00+00:00,4384.299805,4385.100098,4378.700195,4384.399902,3178
2026-09-21T17:30:00+00:00,4384.299805,4385.100098,4375.600098,4379,3738
2026-09-21T17:45:00+00:00,4378.799805,4384.700195,4377.600098,4382.700195,1978
2026-09-21T18:00:00+00:00,4382.799805,4389.799805,4382.100098,4388.299805,2713
2026-09-21T18:15:00+00:00,4388.399902,4391,4387.100098,4389,2214
2026-09-21T18:30:00+00:00,4389.200195,4390.200195,4384.200195,4385.5,1989
2026-09-21T18:45:00+00:00,4385.600098,4387.299805,4383.700195,4384.399902,1759
2026-09-21T19:00:00+00:00,4384.5,4385.200195,4380.200195,4383.600098,1975
2026-09-21T19:15:00+00:00,4383.600098,4388.899902,4382.799805,4386.899902,1304
2026-09-21T19:30:00+00:00,4387,4392,4385.399902,4385.899902,2653
2026-09-21T19:45:00+00:00,4386.100098,4386.399902,4382.5,4383,2214
2026-09-21T20:00:00+00:00,4383,4383.299805,4379.399902,4379.799805,1332
2026-09-21T20:15:00+00:00,4379.700195,4379.899902,4377.799805,4378.600098,940
2026-09-21T20:30:00+00:00,4378.600098,4381.100098,4377.5,4380.299805,1111
2026-09-21T20:45:00+00:00,4380.299805,4382.299805,4378.700195,4381.399902,767
2026-09-21T22:00:00+00:00,4382.299805,4388.200195,4381.399902,4387.299805,1016
2026-09-21T22:15:00+00:00,4387.299805,4390.799805,4386.5,4390,1653
2026-09-21T22:30:00+00:00,4390.200195,4390.700195,4388.700195,4390.100098,839
2026-09-21T22:45:00+00:00,4390.100098,4403,4390,4398.5,3793
2026-09-21T23:00:00+00:00,4398.799805,4403.899902,4397.100098,4397.100098,2731
2026-09-21T23:15:00+00:00,4397.100098,4402.799805,4395.200195,4397.100098,2876
2026-09-21T23:30:00+00:00,4397.299805,4408.600098,4395.5,4406.5,4287
2026-09-21T23:45:00+00:00,4406.600098,4408.700195,4401.799805,4406.799805,3212
2026-09-22T00:00:00+00:00,4407,4414,4405,4407.899902,5200
2026-09-22T00:15:00+00:00,4407.799805,4407.799805,4395.600098,4396.200195,4805
2026-09-22T00:30:00+00:00,4395.799805,4397.200195,4385.799805,4392.700195,6007
2026-09-22T00:45:00+00:00,4393.100098,4398,4390.600098,4397.600098,3785
2026-09-22T01:00:00+00:00,4397.600098,4402.700195,4390,4390.799805,7938
2026-09-22T01:15:00+00:00,4390.700195,4396.299805,4386.799805,4393.299805,4285
2026-09-22T01:30:00+00:00,4393,4394.799805,4386.399902,4386.5,2900
2026-09-22T01:45:00+00:00,4386.700195,4388.600098,4380.700195,4385.799805,4701
2026-09-22T02:00:00+00:00,4386.100098,4390.600098,4378.5,4379.600098,3977
2026-09-22T02:15:00+00:00,4379.700195,4389.5,4376.299805,4388.799805,3724
2026-09-22T02:30:00+00:00,4388.899902,4392.899902,4383.299805,4383.899902,4345
2026-09-22T02:45:00+00:00,4383.799805,4384.299805,4377.299805,4381.799805,3684
2026-09-22T03:00:00+00:00,4381.600098,4383,4376.399902,4382.700195,2344
2026-09-22T03:15:00+00:00,4382.5,4383.700195,4378.399902,4383,1908
2026-09-22T03:30:00+00:00,4383,4386.399902,4378,4379.799805,2302
2026-09-22T03:45:00+00:00,4379.899902,4381.200195,4377.299805,4378.899902,1235
2026-09-22T04:00:00+00:00,4378.399902,4379,4371.299805,4375.200195,3800
2026-09-22T04:15:00+00:00,4375.200195,4376.399902,4372.700195,4374.5,1384
2026-09-22T04:30:00+00:00,4374.299805,4378,4373.100098,4377.100098,1116
2026-09-22T04:45:00+00:00,4377,4380,4375.600098,4379.299805,1665
2026-09-22T05:00:00+00:00,4379.5,4384.5,4377.100098,4383.100098,2272
2026-09-22T05:15:00+00:00,4383.299805,4383.5,4358.399902,4368.600098,7182
2026-09-22T05:30:00+00:00,4368.5,4370,4352.600098,4357.399902,8089
2026-09-22T05:45:00+00:00,4357.100098,4370,4356.5,4360.200195,3856
2026-09-22T06:00:00+00:00,4360.200195,4361.299805,4351.600098,4356,4762
2026-09-22T06:15:00+00:00,4356.100098,4357.600098,4351.899902,4354.799805,2751
2026-09-22T06:30:00+00:00,4354.700195,4357.600098,4352,4357,1800
2026-09-22T06:45:00+00:00,4356.899902,4358.600098,4350.399902,4354.899902,2728
2026-09-22T07:00:00+00:00,4354.899902,4360.100098,4351.399902,4357,2341
2026-09-22T07:15:00+00:00,4356.899902,4361.200195,4351.5,4351.899902,2038
2026-09-22T07:30:00+00:00,4351.700195,4352.299805,4345.200195,4347.299805,4311
2026-09-22T07:45:00+00:00,4347.200195,4352.399902,4335.5,4337.399902,5724
2026-09-22T08:00:00+00:00,4337.200195,4348.299805,4335.100098,4340.100098,4346
2026-09-22T08:15:00+00:00,4340.200195,4344.299805,4333.399902,4337.200195,4056
2026-09-22T08:30:00+00:00,4337,4358,4327.5,4356.299805,7976
2026-09-22T08:45:00+00:00,4356.600098,4372.600098,4352.100098,4367,6528
2026-09-22T09:00:00+00:00,4366.899902,4367.799805,4353.100098,4355,4760
2026-09-22T09:15:00+00:00,4354.799805,4360.700195,4350.5,4351,2859
2026-09-22T09:30:00+00:00,4351.299805,4357.700195,4349,4357.5,3348
2026-09-22T09:45:00+00:00,4357.399902,4375.200195,4356,4373.899902,6322
2026-09-22T10:00:00+00:00,4374,4375.299805,4366,4367.899902,3074
2026-09-22T10:15:00+00:00,4368.200195,4369.299805,4365.5,4367,1312
2026-09-22T10:30:00+00:00,4367,4371.299805,4364.899902,4368.200195,1607
2026-09-22T10:45:00+00:00,4368.600098,4368.700195,4358.799805,4358.799805,2106
2026-09-22T11:00:00+00:00,4358.700195,4360.700195,4346.200195,4352.5,5357
2026-09-22T11:15:00+00:00,4352.399902,4355.700195,4349.200195,4354.799805,2342
2026-09-22T11:30:00+00:00,4355,4357.399902,4350.700195,4354.899902,2299
2026-09-22T11:45:00+00:00,4354.799805,4360.700195,4353.700195,4359.899902,2326
2026-09-22T12:00:00+00:00,4360.100098,4364.200195,4356.799805,4361,2771
2026-09-22T12:15:00+00:00,4361,4380,4359.600098,4374.200195,6439
2026-09-22T12:30:00+00:00,4374.200195,4381.5,4369.5,4369.700195,4912
2026-09-22T12:45:00+00:00,4369.700195,4375.299805,4368.299805,4371.600098,4037
2026-09-22T13:00:00+00:00,4371.5,4380.100098,4367.600098,4377.799805,5406
2026-09-22T13:15:00+00:00,4378.100098,4380.600098,4366.700195,4368.200195,4102
2026-09-22T13:30:00+00:00,4368.200195,4381,4365,4378.799805,7554
2026-09-22T13:45:00+00:00,4378.899902,4382.200195,4367.5,4371.299805,6088
2026-09-22T14:00:00+00:00,4370.799805,4376.200195,4365,4371.5,5382
2026-09-22T14:15:00+00:00,4371.5,4372,4362.299805,4365.399902,4764
2026-09-22T14:30:00+00:00,4365.700195,4371.899902,4351.899902,4357.399902,9207
2026-09-22T14:45:00+00:00,4357.399902,4365.899902,4354.899902,4365.100098,4063
2026-09-22T15:00:00+00:00,4365.600098,4377.899902,4362.700195,4373.799805,6981
2026-09-22T15:15:00+00:00,4374.200195,4378.399902,4369.700195,4370.100098,4474
2026-09-22T15:30:00+00:00,4369.700195,4370.700195,4364.5,4365.299805,4007
2026-09-22T15:45:00+00:00,4365.200195,4369.600098,4362.5,4368.700195,3108
2026-09-22T16:00:00+00:00,4368.700195,4369.899902,4359.700195,4361.299805,3221
2026-09-22T16:15:00+00:00,4361,4365,4360.600098,4364.399902,2032
2026-09-22T16:30:00+00:00,4364.5,4370.299805,4363.5,4369.799805,1950
2026-09-22T16:45:00+00:00,4369.600098,4379.899902,4368.700195,4374.299805,5826
2026-09-22T17:00:00+00:00,4374,4379.100098,4372.600098,4375.5,2081
2026-09-22T17:15:00+00:00,4375.899902,4378.100098,4373.200195,4377.299805,1989
2026-09-22T17:30:00+00:00,4377.600098,4378.100098,4372.600098,4376.5,1427
2026-09-22T17:45:00+00:00,4376.600098,4391,4376,4388.700195,7023
2026-09-22T18:00:00+00:00,4388.799805,4398.299805,4385.399902,4396.200195,5915
2026-09-22T18:15:00+00:00,4396,4398.799805,4391.700195,4394.100098,3460
2026-09-22T18:30:00+00:00,4394.399902,4395,4386.200195,4388,3081
2026-09-22T18:45:00+00:00,4388,4392,4388,4390.899902,2181
2026-09-22T19:00:00+00:00,4391,4396.700195,4390.899902,4395.5,2681
2026-09-22T19:15:00+00:00,4395.799805,4399,4393.600098,4397,3100
2026-09-22T19:30:00+00:00,4397.299805,4409.600098,4397.200195,4407.100098,6019
2026-09-22T19:45:00+00:00,4407.399902,4408.700195,4401.100098,4402,3115
2026-09-22T20:00:00+00:00,4402,4402.700195,4396,4396.899902,2322
2026-09-22T20:15:00+00:00,4396.899902,4398.799805,4396.200195,4397.799805,816
2026-09-22T20:30:00+00:00,4397.5,4398.299805,4395.299805,4396.799805,835
2026-09-22T20:45:00+00:00,4396.700195,4398.200195,4393.200195,4396.100098,1394
2026-09-22T22:00:00+00:00,4393.700195,4403,4393.600098,4402.399902,2118
2026-09-22T22:15:00+00:00,4402.200195,4404.299805,4400.5,4402.899902,1343
2026-09-22T22:30:00+00:00,4403,4403.799805,4401.100098,4401.299805,1072
2026-09-22T22:45:00+00:00,4401.299805,4401.600098,4398.5,4400.799805,1084
