open_time,open,high,low,close,volume
2026-09-17T07:13:00+00:00,29512.75,29515,29507.25,29509.25,937
2026-09-17T07:14:00+00:00,29510.25,29511.75,29506,29510.5,632
2026-09-17T07:15:00+00:00,29510.5,29512.75,29506.5,29507.75,677
2026-09-17T07:16:00+00:00,29508.5,29521,29508.5,29520,651
2026-09-17T07:17:00+00:00,29520.25,29533,29519,29532.25,1565
2026-09-17T07:18:00+00:00,29532,29536.75,29526.75,29527,842
2026-09-17T07:19:00+00:00,29527.25,29528.25,29521.75,29522,457
2026-09-17T07:20:00+00:00,29523,29525,29518.5,29524.5,523
2026-09-17T07:21:00+00:00,29523.75,29525,29509.25,29513.75,747
2026-09-17T07:22:00+00:00,29514.5,29522.75,29508.75,29521,703
2026-09-17T07:23:00+00:00,29520.75,29529.5,29520.25,29528.5,494
2026-09-17T07:24:00+00:00,29528.75,29536.5,29527.5,29532.25,727
2026-09-17T07:25:00+00:00,29532.25,29535.75,29530,29533.5,492
2026-09-17T07:26:00+00:00,29532.75,29538,29532.25,29535.5,360
2026-09-17T07:27:00+00:00,29535.75,29543.25,29533.25,29542.5,607
2026-09-17T07:28:00+00:00,29543,29551.5,29538.5,29546.25,2101
2026-09-17T07:29:00+00:00,29546.25,29549.5,29543.25,29548.75,539
2026-09-17T07:30:00+00:00,29549.25,29566.75,29549.25,29558.75,2446
2026-09-17T07:31:00+00:00,29558,29559.25,29551,29552.75,488
2026-09-17T07:32:00+00:00,29552.75,29557.25,29547.25,29556.75,1029
2026-09-17T07:33:00+00:00,29557.5,29557.75,29546,29550,557
2026-09-17T07:34:00+00:00,29549.5,29554,29548.75,29550.25,445
2026-09-17T07:35:00+00:00,29550.5,29550.5,29536.75,29540,917
2026-09-17T07:36:00+00:00,29540,29549,29537.75,29546.25,676
2026-09-17T07:37:00+00:00,29546.25,29547,29538.25,29542,422
2026-09-17T07:38:00+00:00,29542.75,29545.75,29539,29541.25,327
2026-09-17T07:39:00+00:00,29541.25,29546.75,29539.5,29545.75,318
2026-09-17T07:40:00+00:00,29545,29546,29540,29542.25,251
2026-09-17T07:41:00+00:00,29542.25,29550,29540.5,29542.5,477
2026-09-17T07:42:00+00:00,29542.5,29544.25,29538.5,29544.25,372
2026-09-17T07:43:00+00:00,29544.5,29548.5,29543,29547.25,309
2026-09-17T07:44:00+00:00,29547.25,29550.25,29545.5,29546.25,341
2026-09-17T07:45:00+00:00,29546.5,29546.5,29532.5,29539.75,935
2026-09-17T07:46:00+00:00,29539.75,29546.25,29536.5,29542.25,465
2026-09-17T07:47:00+00:00,29543,29545.5,29540.75,29545,217
2026-09-17T07:48:00+00:00,29544.5,29547.75,29539,29541.5,353
2026-09-17T07:49:00+00:00,29541.75,29541.75,29533,29533.5,448
2026-09-17T07:50:00+00:00,29533.5,29534.75,29523.25,29525.5,1192
2026-09-17T07:51:00+00:00,29526.25,29533,29524.75,29531.5,449
2026-09-17T07:52:00+00:00,29531.25,29532,29523.25,29523.75,318
2026-09-17T07:53:00+00:00,29523.75,29527.5,29522.25,29527.5,488
2026-09-17T07:54:00+00:00,29527.5,29528.5,29518.5,29519.75,673
2026-09-17T07:55:00+00:00,29520,29520.5,29514.25,29515.75,661
2026-09-17T07:56:00+00:00,29515,29516.75,29509.25,29511,634
2026-09-17T07:57:00+00:00,29511.5,29516.75,29511.5,29516,340
2026-09-17T07:58:00+00:00,29515.25,29519.75,29513.75,29514.5,567
2026-09-17T07:59:00+00:00,29514,29519,29513.25,29517.5,316
2026-09-17T08:00:00+00:00,29518.5,29522.75,29512,29519.75,1109
2026-09-17T08:01:00+00:00,29521.25,29525.75,29516.25,29521,760
2026-09-17T08:02:00+00:00,29521.5,29531,29517,29529,639
2026-09-17T08:03:00+00:00,29528.25,29529.75,29514.5,29516,928
2026-09-17T08:04:00+00:00,29516,29530.5,29515.75,29528.75,421
2026-09-17T08:05:00+00:00,29528.25,29532.5,29520.75,29528.25,648
2026-09-17T08:06:00+00:00,29529.75,29533.75,29522,29523.5,477
2026-09-17T08:07:00+00:00,29522.75,29531.5,29521.25,29531.5,513
2026-09-17T08:08:00+00:00,29530.75,29533,29527.5,29531.25,412
2026-09-17T08:09:00+00:00,29531,29532.25,29525,29526.5,431
2026-09-17T08:10:00+00:00,29525.5,29531.25,29514.75,29519,714
2026-09-17T08:11:00+00:00,29518.25,29519.75,29513.75,29515.75,631
2026-09-17T08:12:00+00:00,29515.25,29516.5,29498,29503.75,1433
2026-09-17T08:13:00+00:00,29502.75,29503.5,29491,29497,1056
2026-09-17T08:14:00+00:00,29498,29501.75,29495,29497.25,452
2026-09-17T08:15:00+00:00,29496.5,29502.5,29493.5,29502,557
2026-09-17T08:16:00+00:00,29501.25,29502,29491.25,29495.25,637
2026-09-17T08:17:00+00:00,29494.5,29504.75,29488.75,29489.75,904
2026-09-17T08:18:00+00:00,29489.25,29494.5,29485,29486.5,718
2026-09-17T08:19:00+00:00,29485.5,29492.5,29485.25,29490.25,438
2026-09-17T08:20:00+00:00,29490.25,29496.25,29488,29492.5,563
2026-09-17T08:21:00+00:00,29492,29495,29490,29491.5,324
2026-09-17T08:22:00+00:00,29491,29502.5,29490.25,29494.25,752
2026-09-17T08:23:00+00:00,29494.25,29496,29491.25,29491.75,394
2026-09-17T08:24:00+00:00,29491.5,29503,29488.5,29501.75,590
2026-09-17T08:25:00+00:00,29501.25,29509.75,29499.75,29508.75,930
2026-09-17T08:26:00+00:00,29509.25,29514.25,29508.75,29512.75,594
2026-09-17T08:27:00+00:00,29513.5,29515.75,29506.5,29515,716
2026-09-17T08:28:00+00:00,29515.25,29515.75,29509.5,29511,288
2026-09-17T08:29:00+00:00,29510.75,29520.25,29510,29515.75,584
2026-09-17T08:30:00+00:00,29516,29522.75,29507,29513,1119
2026-09-17T08:31:00+00:00,29512.75,29519.25,29511.75,29511.75,366
2026-09-17T08:32:00+00:00,29511.75,29515.75,29504.75,29508.25,823
2026-09-17T08:33:00+00:00,29508.25,29515.75,29506,29512.75,623
2026-09-17T08:34:00+00:00,29512.75,29525.75,29511.75,29523.75,617
2026-09-17T08:35:00+00:00,29523.75,29531.25,29523.75,29526.25,849
2026-09-17T08:36:00+00:00,29526.25,29527,29522.25,29525.75,237
2026-09-17T08:37:00+00:00,29524.75,29532,29522.5,29530,459
2026-09-17T08:38:00+00:00,29530,29530.25,29525,29526.75,283
2026-09-17T08:39:00+00:00,29526.25,29537.25,29525.25,29535.75,477
2026-09-17T08:40:00+00:00,29535.75,29537.75,29528.75,29532.5,412
2026-09-17T08:41:00+00:00,29532,29532.25,29525.5,29527.75,305
2026-09-17T08:42:00+00:00,29526.5,29530.75,29524.25,29525.5,330
2026-09-17T08:43:00+00:00,29525.5,29527.75,29524,29527.25,137
2026-09-17T08:44:00+00:00,29527.75,29530.5,29527.75,29530.5,167
2026-09-17T08:45:00+00:00,29530,29532.25,29527.75,29531.75,282
2026-09-17T08:46:00+00:00,29531.5,29533.75,29528,29531.75,274
2026-09-17T08:47:00+00:00,29531,29541.5,29530.25,29536.75,719
2026-09-17T08:48:00+00:00,29537.25,29544,29536.75,29540.5,586
2026-09-17T08:49:00+00:00,29541,29542.75,29539.75,29542.25,226
2026-09-17T08:50:00+00:00,29541.25,29546.25,29539.5,29544,471
2026-09-17T08:51:00+00:00,29544.5,29547.25,29542.75,29545.75,322
2026-09-17T08:52:00+00:00,29545.25,29548,29534.5,29538.25,737
2026-09-17T08:53:00+00:00,29538.75,29554.25,29538.25,29554,821
2026-09-17T08:54:00+00:00,29554.25,29559,29552.75,29554,1141
2026-09-17T08:55:00+00:00,29554,29558.25,29551.75,29552.75,467
2026-09-17T08:56:00+00:00,29553.25,29561.75,29549.75,29556.5,805
2026-09-17T08:57:00+00:00,29556,29559,29555.25,29558,277
2026-09-17T08:58:00+00:00,29558.75,29561.25,29557.75,29559.5,366
2026-09-17T08:59:00+00:00,29560,29560,29555.25,29555.5,432
2026-09-17T09:00:00+00:00,29555.75,29571,29555.25,29568,1231
2026-09-17T09:01:00+00:00,29568.25,29575.5,29566.25,29573.25,847
2026-09-17T09:02:00+00:00,29572.5,29579.75,29565.5,29566.75,1072
2026-09-17T09:03:00+00:00,29566,29573.25,29560,29571.25,702
2026-09-17T09:04:00+00:00,29571.5,29572.75,29567,29570.5,529
2026-09-17T09:05:00+00:00,29571.25,29572.25,29567.75,29571,411
2026-09-17T09:06:00+00:00,29569.75,29574.5,29569.75,29572.5,376
2026-09-17T09:07:00+00:00,29573,29584,29572.75,29580.25,868
2026-09-17T09:08:00+00:00,29580.25,29582.5,29575.75,29579,439
2026-09-17T09:09:00+00:00,29579.5,29579.5,29574,29577.5,443
2026-09-17T09:10:00+00:00,29577.75,29592.25,29576.75,29591.25,1031
2026-09-17T09:11:00+00:00,29591.5,29592.5,29588,29590,530
2026-09-17T09:12:00+00:00,29589.75,29591.75,29583.75,29587,460
2026-09-17T09:13:00+00:00,29586.5,29588.25,29575,29575.5,805
2026-09-17T09:14:00+00:00,29574.75,29575.25,29569.5,29571.5,588
2026-09-17T09:15:00+00:00,29571.5,29576.25,29566.5,29568.5,579
2026-09-17T09:16:00+00:00,29567.75,29568.75,29563.25,29566,563
2026-09-17T09:17:00+00:00,29566,29570.5,29564.75,29565.5,399
2026-09-17T09:18:00+00:00,29565.25,29569.25,29564.25,29566.5,321
2026-09-17T09:19:00+00:00,29565.75,29565.75,29556.25,29557.5,618
2026-09-17T09:20:00+00:00,29558.25,29566,29556.25,29560.5,731
2026-09-17T09:21:00+00:00,29561,29563.25,29556.75,29562.25,424
2026-09-17T09:22:00+00:00,29562.25,29562.75,29558.25,29560,160
2026-09-17T09:23:00+00:00,29560.5,29562,29559.5,29560.75,190
2026-09-17T09:24:00+00:00,29561,29561.25,29558,29560,248
2026-09-17T09:25:00+00:00,29559.75,29560.25,29554.25,29558,534
2026-09-17T09:26:00+00:00,29557.5,29558.5,29553,29556.5,485
2026-09-17T09:27:00+00:00,29557.25,29559.75,29554.5,29557.75,289
2026-09-17T09:28:00+00:00,29558.75,29563.75,29557.25,29557.75,371
2026-09-17T09:29:00+00:00,29558.25,29560.5,29553.5,29555.75,337
2026-09-17T09:30:00+00:00,29556,29557.25,29553.5,29553.75,355
2026-09-17T09:31:00+00:00,29554,29570.5,29554,29565.5,905
2026-09-17T09:32:00+00:00,29565.75,29567.5,29563,29566.75,350
2026-09-17T09:33:00+00:00,29566.25,29569.75,29564.5,29568.5,387
2026-09-17T09:34:00+00:00,29569.25,29572.75,29567.75,29570,468
2026-09-17T09:35:00+00:00,29570.5,29573.75,29568,29571.25,351
2026-09-17T09:36:00+00:00,29571,29571,29564.5,29565.75,534
2026-09-17T09:37:00+00:00,29566,29570.75,29565.25,29569.25,225
2026-09-17T09:38:00+00:00,29568.5,29571.25,29562.25,29564.5,390
2026-09-17T09:39:00+00:00,29565,29569.25,29563.5,29563.5,265
2026-09-17T09:40:00+00:00,29563.75,29571,29561,29567.5,631
2026-09-17T09:41:00+00:00,29567,29568.75,29564,29566.25,187
2026-09-17T09:42:00+00:00,29565.25,29568,29563,29565.25,134
2026-09-17T09:43:00+00:00,29565.25,29569.25,29564,29568.5,180
2026-09-17T09:44:00+00:00,29569.25,29572.75,29566.25,29567,405
2026-09-17T09:45:00+00:00,29566.75,29569.5,29562.5,29563.75,192
2026-09-17T09:46:00+00:00,29563.5,29565.25,29557,29559.25,558
2026-09-17T09:47:00+00:00,29558.75,29559.25,29554.5,29556.5,327
2026-09-17T09:48:00+00:00,29556,29556.25,29546.75,29548.25,883
2026-09-17T09:49:00+00:00,29548.5,29550.75,29545.5,29550.75,348
2026-09-17T09:50:00+00:00,29551,29558,29550.5,29554,536
2026-09-17T09:51:00+00:00,29554.25,29557.75,29551,29555.75,443
2026-09-17T09:52:00+00:00,29556,29561.75,29555.25,29560.75,527
2026-09-17T09:53:00+00:00,29560.75,29566,29560.25,29563.5,639
2026-09-17T09:54:00+00:00,29563.75,29570.25,29563.25,29567.25,446
2026-09-17T09:55:00+00:00,29567.25,29580,29566,29571,1258
2026-09-17T09:56:00+00:00,29570.5,29571.75,29565.25,29568,495
2026-09-17T09:57:00+00:00,29568,29570.25,29563,29564.25,441
2026-09-17T09:58:00+00:00,29563.25,29563.25,29557.5,29561,442
2026-09-17T09:59:00+00:00,29560.5,29562.75,29558,29558.25,182
2026-09-17T10:00:00+00:00,29558.5,29562,29557.75,29560.5,333
2026-09-17T10:01:00+00:00,29560,29564.5,29557.75,29562.5,314
2026-09-17T10:02:00+00:00,29562.5,29564.25,29559,29563,283
2026-09-17T10:03:00+00:00,29563.25,29569.25,29563.25,29565.75,539
2026-09-17T10:04:00+00:00,29565.5,29569.75,29564,29566.75,264
2026-09-17T10:05:00+00:00,29567.25,29571.5,29565.75,29567.75,367
2026-09-17T10:06:00+00:00,29567.75,29572.25,29564.5,29568.5,498
2026-09-17T10:07:00+00:00,29569.25,29577.75,29568,29573.75,536
2026-09-17T10:08:00+00:00,29573.5,29578,29572.75,29575,325
2026-09-17T10:09:00+00:00,29575.75,29576,29570.75,29572,291
2026-09-17T10:10:00+00:00,29572.25,29574.75,29569.75,29573.5,236
2026-09-17T10:11:00+00:00,29574,29581.5,29573,29580.25,465
2026-09-17T10:12:00+00:00,29579.5,29582.75,29576.25,29576.75,393
2026-09-17T10:13:00+00:00,29577.25,29580.75,29575,29575.25,313
2026-09-17T10:14:00+00:00,29575.5,29577.25,29569.75,29570.5,405
2026-09-17T10:15:00+00:00,29571.25,29574,29567.5,29570.5,419
2026-09-17T10:16:00+00:00,29570.75,29574.25,29568.5,29569.25,301
2026-09-17T10:17:00+00:00,29570.5,29574,29569.5,29571,193
2026-09-17T10:18:00+00:00,29571.75,29576.5,29568.75,29568.75,284
2026-09-17T10:19:00+00:00,29568.75,29569,29561.75,29562.75,620
2026-09-17T10:20:00+00:00,29562.25,29567.25,29562.25,29565.25,202
2026-09-17T10:21:00+00:00,29566,29569.75,29565,29565.5,217
2026-09-17T10:22:00+00:00,29565.5,29570.5,29565,29569,284
2026-09-17T10:23:00+00:00,29568.5,29580,29567.25,29578.5,711
2026-09-17T10:24:00+00:00,29578.5,29584.75,29575.75,29584.75,561
2026-09-17T10:25:00+00:00,29584.25,29585,29579.5,29581.75,524
2026-09-17T10:26:00+00:00,29582,29586.5,29581,29584.5,289
2026-09-17T10:27:00+00:00,29584.25,29585.75,29582.5,29585.25,251
2026-09-17T10:28:00+00:00,29584.75,29589,29583.75,29589,329
2026-09-17T10:29:00+00:00,29588,29589.5,29576.25,29578.25,656
2026-09-17T10:30:00+00:00,29579,29590.5,29577.5,29581.25,1296
2026-09-17T10:31:00+00:00,29581.25,29583.5,29577.25,29578.25,366
2026-09-17T10:32:00+00:00,29578.75,29579.75,29575.25,29578.5,386
2026-09-17T10:33:00+00:00,29579.25,29579.25,29576,29576.25,233
2026-09-17T10:34:00+00:00,29576,29576.25,29570.75,29573.25,461
2026-09-17T10:35:00+00:00,29572.5,29582.75,29572.25,29577.75,834
2026-09-17T10:36:00+00:00,29578,29580.75,29573.75,29578.5,321
2026-09-17T10:37:00+00:00,29579,29583,29575.5,29579.25,447
2026-09-17T10:38:00+00:00,29579.25,29582.25,29579.25,29579.25,195
2026-09-17T10:39:00+00:00,29579.75,29583.5,29578,29579,355
2026-09-17T10:40:00+00:00,29577.75,29580.5,29572.25,29572.75,346
2026-09-17T10:41:00+00:00,29573,29573.25,29564,29566,706
2026-09-17T10:42:00+00:00,29566,29566.25,29562.25,29563,403
2026-09-17T10:43:00+00:00,29563.25,29565,29561.5,29563.25,366
2026-09-17T10:44:00+00:00,29563.25,29570,29563.25,29565,403
2026-09-17T10:45:00+00:00,29564.5,29569,29562.5,29566.75,335
2026-09-17T10:46:00+00:00,29567,29571.25,29565.25,29568,405
2026-09-17T10:47:00+00:00,29568,29570.75,29566.75,29568.25,192
2026-09-17T10:48:00+00:00,29569,29569,29565,29565.25,220
2026-09-17T10:49:00+00:00,29564.5,29568,29563,29567,306
2026-09-17T10:50:00+00:00,29567.25,29573.5,29565,29572.25,338
2026-09-17T10:51:00+00:00,29572.75,29579.75,29572.25,29573.75,568
2026-09-17T10:52:00+00:00,29572.75,29576,29570.5,29572.75,282
2026-09-17T10:53:00+00:00,29571.75,29576,29569.5,29573,326
2026-09-17T10:54:00+00:00,29573,29573.75,29568.75,29572.25,173
2026-09-17T10:55:00+00:00,29572.25,29576.25,29570.75,29574.25,205
2026-09-17T10:56:00+00:00,29574.5,29581.75,29574.25,29578,332
2026-09-17T10:57:00+00:00,29577.25,29581,29576,29580.25,159
2026-09-17T10:58:00+00:00,29580,29584,29578,29583,242
2026-09-17T10:59:00+00:00,29582.5,29589.5,29582.5,29585.5,509
2026-09-17T11:00:00+00:00,29586.25,29598.75,29583,29596.75,2102
2026-09-17T11:01:00+00:00,29596.5,29613,29595,29596.75,2491
2026-09-17T11:02:00+00:00,29596.5,29601,29593.5,29597.75,1003
2026-09-17T11:03:00+00:00,29598.25,29601.25,29590,29593,758
2026-09-17T11:04:00+00:00,29593.25,29593.5,29589.25,29592.5,605
2026-09-17T11:05:00+00:00,29593,29595.75,29589.75,29595,577
2026-09-17T11:06:00+00:00,29594.5,29595.75,29584.5,29586.75,822
2026-09-17T11:07:00+00:00,29587.25,29590.25,29584,29589,745
2026-09-17T11:08:00+00:00,29589.75,29589.75,29583.75,29584.5,421
2026-09-17T11:09:00+00:00,29584.5,29588.25,29582.5,29583.75,552
2026-09-17T11:10:00+00:00,29583.75,29586.25,29580.25,29580.75,493
2026-09-17T11:11:00+00:00,29581.75,29582.5,29575.25,29575.75,566
2026-09-17T11:12:00+00:00,29576,29582.75,29575.75,29579.25,508
2026-09-17T11:13:00+00:00,29579.5,29589.5,29576.75,29588,795
2026-09-17T11:14:00+00:00,29588.5,29591.5,29583.25,29588.5,517
2026-09-17T11:15:00+00:00,29589.5,29592,29580,29582.5,564
2026-09-17T11:16:00+00:00,29582.75,29586.5,29573.25,29575.75,817
2026-09-17T11:17:00+00:00,29576.25,29576.25,29567.5,29567.75,751
2026-09-17T11:18:00+00:00,29568,29569.75,29566,29568.5,326
2026-09-17T11:19:00+00:00,29569,29577.25,29568.75,29576,693
2026-09-17T11:20:00+00:00,29575,29585.75,29575,29580.5,873
2026-09-17T11:21:00+00:00,29581,29582.75,29576.75,29578.25,405
2026-09-17T11:22:00+00:00,29578.25,29579,29570.5,29571.75,656
2026-09-17T11:23:00+00:00,29571.75,29577.5,29570.25,29574.5,306
2026-09-17T11:24:00+00:00,29574.5,29576.5,29568.75,29569,284
2026-09-17T11:25:00+00:00,29569.5,29572.5,29565,29567,437
2026-09-17T11:26:00+00:00,29567,29575,29565,29572.75,541
2026-09-17T11:27:00+00:00,29573,29579,29571.5,29575.75,559
2026-09-17T11:28:00+00:00,29576.25,29576.75,29572.75,29573.75,266
2026-09-17T11:29:00+00:00,29574,29580.75,29574,29577.75,434
2026-09-17T11:30:00+00:00,29577.5,29578.25,29573,29574.5,400
2026-09-17T11:31:00+00:00,29575,29580,29573,29578.25,479
2026-09-17T11:32:00+00:00,29578,29582,29577.5,29581,386
2026-09-17T11:33:00+00:00,29580.5,29580.75,29571.5,29575,396
2026-09-17T11:34:00+00:00,29575,29576.5,29572,29572.5,296
2026-09-17T11:35:00+00:00,29572.75,29578.25,29571.25,29576.25,307
2026-09-17T11:36:00+00:00,29575.25,29579,29573.5,29573.5,231
2026-09-17T11:37:00+00:00,29574,29575,29566,29571,477
2026-09-17T11:38:00+00:00,29570.5,29577.5,29570.5,29575.5,297
2026-09-17T11:39:00+00:00,29575.75,29577.75,29574.75,29575.25,164
2026-09-17T11:40:00+00:00,29575.75,29576,29565.5,29566.25,397
2026-09-17T11:41:00+00:00,29566.5,29568.75,29565.75,29567.5,439
2026-09-17T11:42:00+00:00,29567.75,29573,29565.75,29570.25,312
2026-09-17T11:43:00+00:00,29570,29571.25,29568.25,29569.25,234
2026-09-17T11:44:00+00:00,29570,29570.25,29558.75,29560.5,771
2026-09-17T11:45:00+00:00,29560.5,29561.75,29558.5,29561,654
2026-09-17T11:46:00+00:00,29560.5,29567,29558.25,29564,540
2026-09-17T11:47:00+00:00,29564.25,29565.25,29559,29563.75,293
2026-09-17T11:48:00+00:00,29563.5,29569.5,29561.75,29565,436
2026-09-17T11:49:00+00:00,29565.25,29569,29563,29565,363
2026-09-17T11:50:00+00:00,29565.25,29565.25,29555,29561.5,834
2026-09-17T11:51:00+00:00,29561.5,29567,29559.5,29565.75,328
2026-09-17T11:52:00+00:00,29566,29567.25,29560,29564.25,457
2026-09-17T11:53:00+00:00,29564,29571.75,29563.75,29571,649
2026-09-17T11:54:00+00:00,29570.5,29583.5,29570.5,29577.25,1149
2026-09-17T11:55:00+00:00,29578.25,29586.5,29578,29581.25,631
2026-09-17T11:56:00+00:00,29581.75,29582.25,29574,29576.75,721
2026-09-17T11:57:00+00:00,29577.25,29584,29577.25,29583.25,385
2026-09-17T11:58:00+00:00,29583.25,29618.25,29581.75,29612.75,6459
2026-09-17T11:59:00+00:00,29612.75,29623,29606.25,29620.75,2882
2026-09-17T12:00:00+00:00,29621,29624,29610.5,29614,2076
2026-09-17T12:01:00+00:00,29614,29621.5,29607.25,29608,1283
2026-09-17T12:02:00+00:00,29608.25,29610.25,29600.5,29608.25,1255
2026-09-17T12:03:00+00:00,29608.5,29609.5,29596,29601.75,1006
2026-09-17T12:04:00+00:00,29602,29626.75,29601.25,29619,4707
2026-09-17T12:05:00+00:00,29620.25,29643,29615.5,29637.25,2918
2026-09-17T12:06:00+00:00,29637,29638.5,29631.75,29635,1332
2026-09-17T12:07:00+00:00,29635,29635.5,29625.25,29631.5,1348
2026-09-17T12:08:00+00:00,29631.75,29643.75,29631.5,29641.75,1380
2026-09-17T12:09:00+00:00,29641.5,29668,29641.5,29667.25,3894
2026-09-17T12:10:00+00:00,29667,29681.25,29662.5,29666.5,3166
2026-09-17T12:11:00+00:00,29666.25,29673.25,29665.25,29668.5,1222
2026-09-17T12:12:00+00:00,29668.25,29671.25,29664.25,29668.75,1118
2026-09-17T12:13:00+00:00,29669.5,29671,29662.5,29669,1042
2026-09-17T12:14:00+00:00,29669,29669,29663,29666.75,654
2026-09-17T12:15:00+00:00,29667,29670.5,29663,29668,768
2026-09-17T12:16:00+00:00,29667.25,29671.25,29662.5,29668.5,871
2026-09-17T12:17:00+00:00,29668.25,29679.75,29667.25,29678,1456
2026-09-17T12:18:00+00:00,29677.75,29680,29670.5,29677.5,1062
2026-09-17T12:19:00+00:00,29677,29687.5,29673,29687.5,1633
2026-09-17T12:20:00+00:00,29687.25,29690,29681.5,29687.5,1484
2026-09-17T12:21:00+00:00,29687.5,29697.25,29687,29691.75,1899
2026-09-17T12:22:00+00:00,29692,29693.5,29685.5,29687.75,1055
2026-09-17T12:23:00+00:00,29687.75,29695.75,29686.5,29695.25,872
2026-09-17T12:24:00+00:00,29695.25,29697,29690.75,29695.75,871
2026-09-17T12:25:00+00:00,29695.75,29706.25,29689.5,29704.5,2440
2026-09-17T12:26:00+00:00,29704.5,29708.25,29699.5,29708,1219
2026-09-17T12:27:00+00:00,29707,29712.25,29701.25,29711,1337
2026-09-17T12:28:00+00:00,29711.25,29718.75,29708,29712.25,1213
2026-09-17T12:29:00+00:00,29712.5,29726.25,29712,29725.25,1303
2026-09-17T12:30:00+00:00,29724.5,29729,29712,29726.75,2715
2026-09-17T12:31:00+00:00,29726.25,29728.5,29718.25,29726,1491
2026-09-17T12:32:00+00:00,29725.75,29749.25,29725.5,29740.5,3815
2026-09-17T12:33:00+00:00,29740,29743.75,29724,29743.5,2420
2026-09-17T12:34:00+00:00,29743.5,29753.25,29741,29749,2553
2026-09-17T12:35:00+00:00,29748.5,29749.75,29736.25,29742.5,2193
2026-09-17T12:36:00+00:00,29742.25,29742.75,29732,29733.25,2045
2026-09-17T12:37:00+00:00,29733.25,29733.5,29722.25,29726.5,2342
2026-09-17T12:38:00+00:00,29727.25,29739,29722.5,29734.75,2045
2026-09-17T12:39:00+00:00,29735.25,29746,29728.25,29743,2035
2026-09-17T12:40:00+00:00,29743.25,29744.75,29734.25,29735.25,1128
2026-09-17T12:41:00+00:00,29735.75,29736.75,29724.5,29724.75,1103
2026-09-17T12:42:00+00:00,29724.75,29731.25,29723.75,29730.75,1395
2026-09-17T12:43:00+00:00,29731,29734.5,29729.75,29733.75,1083
2026-09-17T12:44:00+00:00,29733.25,29734.5,29720.25,29721,1557
2026-09-17T12:45:00+00:00,29721.5,29723.5,29716,29720,1499
2026-09-17T12:46:00+00:00,29719.25,29722.5,29716,29719.5,1269
2026-09-17T12:47:00+00:00,29719.25,29720.25,29712,29713,1329
2026-09-17T12:48:00+00:00,29712.75,29715.75,29708.25,29712.75,1497
2026-09-17T12:49:00+00:00,29713.25,29721.25,29712.75,29714,1500
2026-09-17T12:50:00+00:00,29714.5,29720.5,29711,29717.25,1037
2026-09-17T12:51:00+00:00,29717,29727.25,29715.5,29723.25,1703
2026-09-17T12:52:00+00:00,29723.25,29724,29717.5,29719.5,789
2026-09-17T12:53:00+00:00,29719.25,29719.5,29713.75,29715.25,974
2026-09-17T12:54:00+00:00,29715,29724.75,29714.75,29723.5,810
2026-09-17T12:55:00+00:00,29723.25,29723.75,29713.75,29716,1126
2026-09-17T12:56:00+00:00,29716.5,29724.5,29714.75,29724,1040
2026-09-17T12:57:00+00:00,29724.5,29732.25,29723.25,29729,1473
2026-09-17T12:58:00+00:00,29728.25,29728.25,29720,29723.25,865
2026-09-17T12:59:00+00:00,29723.25,29725.25,29717.75,29724.25,954
2026-09-17T13:00:00+00:00,29724,29749.75,29715,29748.5,4338
2026-09-17T13:01:00+00:00,29748.5,29750,29736.5,29739,2008
2026-09-17T13:02:00+00:00,29739,29742.75,29734,29737.75,1214
2026-09-17T13:03:00+00:00,29737.5,29739,29733.5,29733.75,893
2026-09-17T13:04:00+00:00,29734.5,29738.5,29728,29730,1377
2026-09-17T13:05:00+00:00,29730,29733.25,29726,29730.25,1230
2026-09-17T13:06:00+00:00,29729.75,29730.25,29723,29726.25,978
2026-09-17T13:07:00+00:00,29727.25,29730,29723.75,29727,649
2026-09-17T13:08:00+00:00,29727.25,29739,29726.25,29731.25,1563
2026-09-17T13:09:00+00:00,29732,29732,29724.75,29725.5,1041
2026-09-17T13:10:00+00:00,29725.5,29728.25,29719.75,29719.75,1397
2026-09-17T13:11:00+00:00,29720.75,29726.25,29714.5,29726,1614
2026-09-17T13:12:00+00:00,29726,29732.25,29721.5,29725.5,1416
2026-09-17T13:13:00+00:00,29725.25,29736.5,29724.75,29731.25,1401
2026-09-17T13:14:00+00:00,29730.75,29735.5,29729,29730.75,893
2026-09-17T13:15:00+00:00,29730.25,29735.75,29725.75,29733.75,1142
2026-09-17T13:16:00+00:00,29734.25,29739.5,29729.5,29731.5,1799
2026-09-17T13:17:00+00:00,29731.75,29734.75,29729.25,29734.75,798
2026-09-17T13:18:00+00:00,29735,29742.25,29732.25,29733.75,1373
2026-09-17T13:19:00+00:00,29734.25,29734.25,29727.75,29727.75,747
2026-09-17T13:20:00+00:00,29728.25,29733,29725.25,29726,1069
2026-09-17T13:21:00+00:00,29726.25,29727.5,29717.5,29720.75,1349
2026-09-17T13:22:00+00:00,29720.75,29722.75,29718.5,29721.75,607
2026-09-17T13:23:00+00:00,29721.25,29721.25,29713,29715.25,1193
2026-09-17T13:24:00+00:00,29715,29717.75,29712.75,29715.5,1151
2026-09-17T13:25:00+00:00,29715.5,29719.75,29714,29718.25,1383
2026-09-17T13:26:00+00:00,29718.75,29729,29718.75,29726,1505
2026-09-17T13:27:00+00:00,29726.25,29730.5,29720.5,29722.25,1849
2026-09-17T13:28:00+00:00,29722,29728.5,29720,29723.25,1537
2026-09-17T13:29:00+00:00,29723.75,29724.25,29709.5,29717.75,3271
2026-09-17T13:30:00+00:00,29717.75,29737.75,29698.25,29717.5,16065
2026-09-17T13:31:00+00:00,29717.5,29724.5,29673,29674.75,12680
2026-09-17T13:32:00+00:00,29674.75,29685.25,29664,29675.25,10604
2026-09-17T13:33:00+00:00,29675.75,29678.75,29650.25,29659.25,9837
2026-09-17T13:34:00+00:00,29659.5,29664.25,29641,29641.5,7723
2026-09-17T13:35:00+00:00,29641.5,29658.75,29641.25,29654.5,7223
2026-09-17T13:36:00+00:00,29654.5,29667.5,29634,29648.25,11652
2026-09-17T13:37:00+00:00,29648,29649.5,29625.75,29626.25,8196
2026-09-17T13:38:00+00:00,29626.25,29630,29605.75,29614.75,9939
2026-09-17T13:39:00+00:00,29614.5,29623,29609.5,29620.5,6967
2026-09-17T13:40:00+00:00,29620.5,29634,29613.25,29631.5,8256
2026-09-17T13:41:00+00:00,29630.75,29641.5,29615.5,29619,8084
2026-09-17T13:42:00+00:00,29618.75,29644.5,29613,29644.25,7591
2026-09-17T13:43:00+00:00,29644.25,29649.25,29621.5,29633,8567
2026-09-17T13:44:00+00:00,29632.25,29646.25,29627.75,29641.25,5508
2026-09-17T13:45:00+00:00,29641.75,29652,29629,29629,7464
2026-09-17T13:46:00+00:00,29629,29654.75,29623.75,29653.75,7307
2026-09-17T13:47:00+00:00,29653.75,29669.5,29645.75,29661.25,8871
2026-09-17T13:48:00+00:00,29660.25,29662,29641.75,29649.75,6343
2026-09-17T13:49:00+00:00,29649.75,29664.5,29634.25,29664.5,7217
2026-09-17T13:50:00+00:00,29664.5,29674.5,29657.5,29671.75,8181
2026-09-17T13:51:00+00:00,29671.75,29673.25,29644,29667.25,7157
2026-09-17T13:52:00+00:00,29667.5,29673.75,29661.75,29671,4430
2026-09-17T13:53:00+00:00,29670.75,29674.25,29662.25,29672.25,3744
2026-09-17T13:54:00+00:00,29672.25,29694.75,29670.25,29674.5,9607
2026-09-17T13:55:00+00:00,29674.25,29683.75,29664,29671,6813
2026-09-17T13:56:00+00:00,29671,29676,29661.75,29671.5,4394
2026-09-17T13:57:00+00:00,29670.75,29675,29662.75,29672.25,3272
2026-09-17T13:58:00+00:00,29671.75,29679.25,29667,29671.25,2400
2026-09-17T13:59:00+00:00,29671.25,29690.25,29669.5,29689.25,3234
2026-09-17T14:00:00+00:00,29689,29691,29663.75,29665.75,6645
2026-09-17T14:01:00+00:00,29665.25,29673,29648.75,29670.75,9844
2026-09-17T14:02:00+00:00,29670.5,29674.5,29653.25,29664.5,5442
2026-09-17T14:03:00+00:00,29664.25,29672,29650,29671.75,5093
2026-09-17T14:04:00+00:00,29671.75,29677.5,29660.25,29675,4508
2026-09-17T14:05:00+00:00,29675.25,29678.25,29664.5,29674,3059
2026-09-17T14:06:00+00:00,29674.25,29683.5,29668,29670.5,4579
2026-09-17T14:07:00+00:00,29670.25,29670.25,29638.75,29642.25,7930
2026-09-17T14:08:00+00:00,29642.75,29667.5,29642.75,29665.25,5072
2026-09-17T14:09:00+00:00,29665,29670.5,29654.75,29658.75,4045
2026-09-17T14:10:00+00:00,29658.75,29676.75,29656.25,29665.25,4879
2026-09-17T14:11:00+00:00,29665.75,29665.75,29646.5,29661.5,4403
2026-09-17T14:12:00+00:00,29661,29682,29656,29676.75,5031
2026-09-17T14:13:00+00:00,29677.25,29700.25,29672.5,29700,7758
2026-09-17T14:14:00+00:00,29700,29717.75,29699,29710.75,10137
2026-09-17T14:15:00+00:00,29710.25,29714.75,29701.75,29703.75,4780
2026-09-17T14:16:00+00:00,29703.5,29715.5,29703.5,29711,3630
2026-09-17T14:17:00+00:00,29711.25,29719.5,29707.25,29708.5,4192
2026-09-17T14:18:00+00:00,29708.5,29717.5,29703.75,29708.75,3637
2026-09-17T14:19:00+00:00,29708.75,29711.25,29696.25,29709.5,5236
2026-09-17T14:20:00+00:00,29709.25,29710.5,29692.25,29698.25,4360
2026-09-17T14:21:00+00:00,29698.25,29706.75,29696,29704.75,2570
2026-09-17T14:22:00+00:00,29704.75,29711,29701.5,29702.75,3048
2026-09-17T14:23:00+00:00,29703,29721.5,29703,29718.25,4459
2026-09-17T14:24:00+00:00,29718.25,29725.5,29711,29721,4593
2026-09-17T14:25:00+00:00,29721,29723.75,29712,29718.25,3027
2026-09-17T14:26:00+00:00,29718,29728,29715.25,29726.25,2934
2026-09-17T14:27:00+00:00,29726.25,29737.25,29721,29736,5109
2026-09-17T14:28:00+00:00,29736.25,29741.25,29720.75,29722.5,6127
2026-09-17T14:29:00+00:00,29722.75,29724.25,29710.5,29712,5251
2026-09-17T14:30:00+00:00,29712.25,29724.25,29708.5,29720.75,4568
2026-09-17T14:31:00+00:00,29720.75,29726.75,29711.25,29714.5,3469
2026-09-17T14:32:00+00:00,29715,29723.25,29711,29723.25,2219
2026-09-17T14:33:00+00:00,29723.25,29731.25,29721,29723.25,3600
2026-09-17T14:34:00+00:00,29723.5,29738,29721,29734.5,3420
2026-09-17T14:35:00+00:00,29734,29737.5,29722.25,29732,3546
2026-09-17T14:36:00+00:00,29732,29736.25,29725,29731.25,2207
2026-09-17T14:37:00+00:00,29731.75,29741.25,29729.75,29740.25,2881
2026-09-17T14:38:00+00:00,29740,29744.75,29732.5,29738.25,3803
2026-09-17T14:39:00+00:00,29737.75,29743.5,29722.5,29724.75,3782
2026-09-17T14:40:00+00:00,29725.25,29741,29721.25,29738.25,3636
2026-09-17T14:41:00+00:00,29738.25,29746.25,29730,29743.75,3699
2026-09-17T14:42:00+00:00,29743.5,29748.25,29738,29739,3540
2026-09-17T14:43:00+00:00,29739.5,29741.25,29727,29729.25,4408
2026-09-17T14:44:00+00:00,29729,29730.75,29713,29716,5897
2026-09-17T14:45:00+00:00,29715.25,29718.5,29706,29708.75,5523
2026-09-17T14:46:00+00:00,29709,29713.25,29694,29699.25,6164
2026-09-17T14:47:00+00:00,29699.75,29702.5,29680.75,29686.25,6103
2026-09-17T14:48:00+00:00,29686,29698,29684.25,29691,4530
2026-09-17T14:49:00+00:00,29691,29698,29684.5,29693.5,4030
2026-09-17T14:50:00+00:00,29693.25,29698,29684.25,29686.25,3617
2026-09-17T14:51:00+00:00,29686.5,29697.25,29686.5,29696.25,2786
2026-09-17T14:52:00+00:00,29695,29696.75,29688.25,29690.75,2262
2026-09-17T14:53:00+00:00,29690.75,29694.25,29682.25,29684,3264
2026-09-17T14:54:00+00:00,29684,29684,29668.75,29674.5,7964
2026-09-17T14:55:00+00:00,29674.5,29684,29669.5,29674.75,4448
2026-09-17T14:56:00+00:00,29674,29686.25,29667.25,29684.75,4596
2026-09-17T14:57:00+00:00,29684.25,29695.75,29683.75,29687.25,5109
2026-09-17T14:58:00+00:00,29686.75,29695.75,29678.5,29681.75,3771
2026-09-17T14:59:00+00:00,29681.75,29684.25,29673.75,29680,3033
2026-09-17T15:00:00+00:00,29680.25,29685.75,29664,29677.75,5357
2026-09-17T15:01:00+00:00,29677.25,29683.5,29669.75,29673.5,3592
2026-09-17T15:02:00+00:00,29673,29680.75,29668.75,29679.25,2459
2026-09-17T15:03:00+00:00,29679.5,29688,29676.5,29679,3336
2026-09-17T15:04:00+00:00,29679,29680.25,29671.75,29673.5,1912
2026-09-17T15:05:00+00:00,29673.5,29676,29659.75,29660.25,4303
2026-09-17T15:06:00+00:00,29659.75,29667.5,29652,29667,5147
2026-09-17T15:07:00+00:00,29667,29676,29656.5,29674.75,4020
2026-09-17T15:08:00+00:00,29675,29686.75,29671.25,29686,4206
2026-09-17T15:09:00+00:00,29686,29693.5,29678.5,29681.75,4019
2026-09-17T15:10:00+00:00,29681.5,29682.75,29670.25,29676.5,3046
2026-09-17T15:11:00+00:00,29676.75,29686.5,29673.5,29684.75,2617
2026-09-17T15:12:00+00:00,29684.75,29686.25,29671.5,29674,2821
2026-09-17T15:13:00+00:00,29674.5,29685.5,29670,29683.75,2639
2026-09-17T15:14:00+00:00,29683.75,29686,29677.5,29682.75,1996
2026-09-17T15:15:00+00:00,29681.75,29681.75,29670.75,29675.5,2224
2026-09-17T15:16:00+00:00,29676.25,29695,29673.75,29692,3077
2026-09-17T15:17:00+00:00,29692,29692.75,29682.75,29690.75,2440
2026-09-17T15:18:00+00:00,29690.25,29698,29687.5,29695.75,3400
2026-09-17T15:19:00+00:00,29695.75,29696.25,29687.25,29693.5,2391
2026-09-17T15:20:00+00:00,29694,29695.25,29683.75,29686.75,2259
2026-09-17T15:21:00+00:00,29686.75,29690.25,29678.5,29684,2793
2026-09-17T15:22:00+00:00,29684.25,29690.25,29678.75,29689,1965
2026-09-17T15:23:00+00:00,29689.25,29690.5,29684.25,29685.75,1317
2026-09-17T15:24:00+00:00,29685.5,29692.25,29680,29691.5,1759
2026-09-17T15:25:00+00:00,29691.5,29712.25,29690.75,29712.25,5983
2026-09-17T15:26:00+00:00,29712,29714,29702.25,29703.75,3299
2026-09-17T15:27:00+00:00,29703.5,29711.75,29701,29704.75,2611
2026-09-17T15:28:00+00:00,29705.5,29709.75,29698.75,29709,1906
2026-09-17T15:29:00+00:00,29709,29714,29705,29706.5,2366
2026-09-17T15:30:00+00:00,29706.5,29711.25,29702.5,29706,2666
2026-09-17T15:31:00+00:00,29706.5,29709.25,29703.75,29709,1110
2026-09-17T15:32:00+00:00,29709,29709.5,29700.75,29702,1139
2026-09-17T15:33:00+00:00,29702.25,29706.5,29699.75,29703.5,1597
2026-09-17T15:34:00+00:00,29703.25,29708.5,29698.75,29706,1939
2026-09-17T15:35:00+00:00,29706.25,29714.25,29703.75,29706.25,2999
2026-09-17T15:36:00+00:00,29706.5,29717,29706,29716,2313
2026-09-17T15:37:00+00:00,29715.75,29720.75,29712.25,29715,2637
2026-09-17T15:38:00+00:00,29714.75,29717,29710.75,29715.75,1357
2026-09-17T15:39:00+00:00,29716,29720.5,29715.25,29719.5,1527
2026-09-17T15:40:00+00:00,29719.5,29729.5,29718,29729.25,3575
2026-09-17T15:41:00+00:00,29728.75,29737.25,29725,29734.25,3882
2026-09-17T15:42:00+00:00,29734,29737.5,29729,29737.5,2365
2026-09-17T15:43:00+00:00,29737.25,29740.75,29734.25,29734.5,2914
2026-09-17T15:44:00+00:00,29734.75,29740,29731.5,29735.25,2254
2026-09-17T15:45:00+00:00,29734.75,29739,29732.75,29734.25,1738
2026-09-17T15:46:00+00:00,29734.5,29744,29731,29742.75,2492
2026-09-17T15:47:00+00:00,29742.75,29743,29735.25,29737.25,1868
2026-09-17T15:48:00+00:00,29737,29743.25,29736.75,29739.5,1624
2026-09-17T15:49:00+00:00,29738.75,29744.75,29731.5,29740.75,2227
2026-09-17T15:50:00+00:00,29740.75,29746.5,29731.5,29737.75,3145
2026-09-17T15:51:00+00:00,29737.5,29740,29734.25,29737.75,1415
2026-09-17T15:52:00+00:00,29737.5,29744.75,29735.5,29743.75,1636
2026-09-17T15:53:00+00:00,29743.75,29744.25,29732.5,29735.75,2343
2026-09-17T15:54:00+00:00,29735.75,29740.75,29734.5,29737.5,1256
2026-09-17T15:55:00+00:00,29738,29741,29736,29736,950
2026-09-17T15:56:00+00:00,29736,29736.5,29726.5,29731.25,3184
2026-09-17T15:57:00+00:00,29731.5,29733.75,29727,29730,1631
2026-09-17T15:58:00+00:00,29730,29739,29727.75,29738.25,1862
2026-09-17T15:59:00+00:00,29737.75,29743.75,29733.5,29743,2355
2026-09-17T16:00:00+00:00,29743.25,29746,29735.25,29745.75,3060
2026-09-17T16:01:00+00:00,29745.75,29746.5,29736,29738,1650
2026-09-17T16:02:00+00:00,29738.5,29741.25,29734.25,29737.75,1430
2026-09-17T16:03:00+00:00,29737.75,29739.75,29733.75,29736.75,1406
2026-09-17T16:04:00+00:00,29736.75,29740.5,29728.25,29728.5,1689
2026-09-17T16:05:00+00:00,29729.25,29732,29718.5,29720,3969
2026-09-17T16:06:00+00:00,29720.5,29723,29717,29718.75,2502
2026-09-17T16:07:00+00:00,29719.25,29726,29718.5,29725.5,1921
2026-09-17T16:08:00+00:00,29725.5,29728,29720,29723,1460
2026-09-17T16:09:00+00:00,29723,29742,29722.75,29740.5,3675
2026-09-17T16:10:00+00:00,29740.5,29744.5,29738,29739.5,2265
2026-09-17T16:11:00+00:00,29739.75,29740.5,29734.75,29737.75,1718
2026-09-17T16:12:00+00:00,29738,29740.25,29734.5,29738.25,1037
2026-09-17T16:13:00+00:00,29737.75,29738,29732.25,29734.25,1063
2026-09-17T16:14:00+00:00,29734.75,29741,29732.5,29740.25,1061
2026-09-17T16:15:00+00:00,29739.75,29742,29733,29737.5,1335
2026-09-17T16:16:00+00:00,29737.25,29740.75,29734.5,29737,934
2026-09-17T16:17:00+00:00,29736.75,29742.25,29736.75,29740.25,996
2026-09-17T16:18:00+00:00,29740,29741.25,29736.75,29740.25,1071
2026-09-17T16:19:00+00:00,29740,29740,29735.25,29738,821
2026-09-17T16:20:00+00:00,29738,29738.75,29729.25,29732.25,1687
2026-09-17T16:21:00+00:00,29732.75,29738.75,29732.5,29737.75,1102
2026-09-17T16:22:00+00:00,29738,29743.5,29737.25,29740.25,1433
2026-09-17T16:23:00+00:00,29739.75,29745.25,29737.25,29744,1161
2026-09-17T16:24:00+00:00,29743.75,29753,29743.75,29747.75,5083
2026-09-17T16:25:00+00:00,29747,29751.25,29745,29746.75,1664
2026-09-17T16:26:00+00:00,29747,29749.5,29743,29748.5,1484
2026-09-17T16:27:00+00:00,29748,29750,29746,29749.25,975
2026-09-17T16:28:00+00:00,29749.5,29752.25,29744.5,29744.5,1464
2026-09-17T16:29:00+00:00,29745,29748.5,29742.25,29746.75,1846
2026-09-17T16:30:00+00:00,29747.25,29750.5,29743.25,29747,1688
2026-09-17T16:31:00+00:00,29747,29747.25,29734.75,29734.75,2892
2026-09-17T16:32:00+00:00,29735,29739,29723.5,29724.5,3983
2026-09-17T16:33:00+00:00,29724.25,29726,29717,29718.75,3401
2026-09-17T16:34:00+00:00,29718.75,29725.5,29717,29725,2424
2026-09-17T16:35:00+00:00,29725,29727,29721.75,29726,1885
2026-09-17T16:36:00+00:00,29726,29732.5,29721.5,29731.25,1826
2026-09-17T16:37:00+00:00,29731.5,29733.75,29726,29732,1725
2026-09-17T16:38:00+00:00,29731.75,29734.5,29727,29733.75,1135
2026-09-17T16:39:00+00:00,29734.25,29734.25,29726.75,29729.75,1325
2026-09-17T16:40:00+00:00,29729.25,29736.25,29724.5,29734.5,1994
2026-09-17T16:41:00+00:00,29734.25,29737.75,29732.25,29734.75,1477
2026-09-17T16:42:00+00:00,29734.75,29741,29734.25,29739,1560
2026-09-17T16:43:00+00:00,29739.5,29744,29736,29743,1726
2026-09-17T16:44:00+00:00,29743.5,29746.75,29740.5,29746.5,1808
2026-09-17T16:45:00+00:00,29746.5,29749.75,29742.75,29745.25,2360
2026-09-17T16:46:00+00:00,29744.25,29744.75,29740.75,29743.75,1367
2026-09-17T16:47:00+00:00,29743.5,29749.5,29743,29746.5,2003
2026-09-17T16:48:00+00:00,29746.75,29749.25,29742.25,29742.75,1240
2026-09-17T16:49:00+00:00,29742.75,29747.25,29739.75,29743,1103
2026-09-17T16:50:00+00:00,29743,29744.25,29739.75,29740.5,870
2026-09-17T16:51:00+00:00,29740.5,29745.25,29739.75,29740.75,1071
2026-09-17T16:52:00+00:00,29741.25,29747,29741.25,29745.5,790
2026-09-17T16:53:00+00:00,29745,29747.25,29742.5,29745.25,711
2026-09-17T16:54:00+00:00,29745.25,29747,29741.25,29741.75,839
2026-09-17T16:55:00+00:00,29742,29743.5,29712,29721.75,13363
2026-09-17T16:56:00+00:00,29721.25,29726,29715.5,29721,4885
2026-09-17T16:57:00+00:00,29721.25,29722.5,29703.75,29719.25,5940
2026-09-17T16:58:00+00:00,29719.5,29733,29718,29731,3874
2026-09-17T16:59:00+00:00,29731.25,29742.5,29730.75,29740.75,3122
2026-09-17T17:00:00+00:00,29741.25,29767,29738,29755,7375
2026-09-17T17:01:00+00:00,29755.5,29758.75,29750.75,29758.75,3149
2026-09-17T17:02:00+00:00,29758.5,29758.5,29746.5,29747.75,2335
2026-09-17T17:03:00+00:00,29747.5,29748,29739.75,29747.5,2986
2026-09-17T17:04:00+00:00,29747,29754.75,29745.5,29754.25,1807
2026-09-17T17:05:00+00:00,29754.5,29756.75,29750,29753.25,1647
2026-09-17T17:06:00+00:00,29753.5,29763,29752,29758.5,3182
2026-09-17T17:07:00+00:00,29758.5,29762.5,29756.25,29761,1442
2026-09-17T17:08:00+00:00,29761,29761.5,29748.25,29749.25,1830
2026-09-17T17:09:00+00:00,29748.75,29750.5,29744.5,29747.75,1678
2026-09-17T17:10:00+00:00,29747.75,29748.5,29737.25,29741.75,2448
2026-09-17T17:11:00+00:00,29741.5,29747,29740.75,29741.5,1235
2026-09-17T17:12:00+00:00,29741.25,29743.25,29734,29735.5,1954
2026-09-17T17:13:00+00:00,29735.25,29742.5,29735.25,29736.5,1423
2026-09-17T17:14:00+00:00,29736.25,29741.75,29730.5,29732.25,1822
2026-09-17T17:15:00+00:00,29732.25,29737.75,29731,29735,1680
2026-09-17T17:16:00+00:00,29734.75,29737.5,29732.75,29736.25,1072
2026-09-17T17:17:00+00:00,29736,29739.75,29733.5,29738.75,1585
2026-09-17T17:18:00+00:00,29738.75,29739,29734.5,29736.5,847
2026-09-17T17:19:00+00:00,29736.25,29744,29735.75,29739,1556
2026-09-17T17:20:00+00:00,29738.75,29743.25,29731.5,29732.75,1904
2026-09-17T17:21:00+00:00,29732.75,29733,29722,29723.75,3050
2026-09-17T17:22:00+00:00,29723.75,29733,29723.25,29729.25,1935
2026-09-17T17:23:00+00:00,29729.25,29735,29727.25,29728,1470
2026-09-17T17:24:00+00:00,29727.75,29734.5,29722.5,29725.75,1810
2026-09-17T17:25:00+00:00,29725.25,29730.75,29724.25,29729,1412
2026-09-17T17:26:00+00:00,29728.75,29728.75,29721.25,29726,1193
2026-09-17T17:27:00+00:00,29725.75,29734.5,29725.5,29731.5,1628
2026-09-17T17:28:00+00:00,29731.75,29732.5,29724,29724.75,898
2026-09-17T17:29:00+00:00,29725.25,29727.25,29723,29726.75,845
2026-09-17T17:30:00+00:00,29726.5,29730.25,29717.25,29719,2710
2026-09-17T17:31:00+00:00,29718.75,29723.25,29717.25,29720.5,1523
2026-09-17T17:32:00+00:00,29720.5,29727.5,29719.5,29727,1370
2026-09-17T17:33:00+00:00,29726.5,29729.75,29725.5,29727.5,1003
2026-09-17T17:34:00+00:00,29727.5,29733,29727.5,29732,1654
2026-09-17T17:35:00+00:00,29732,29736.25,29729.75,29733.5,1801
2026-09-17T17:36:00+00:00,29733.5,29734,29725.75,29730.75,1439
2026-09-17T17:37:00+00:00,29730.5,29734,29723.75,29724,1090
2026-09-17T17:38:00+00:00,29724.5,29729,29723,29725.5,1047
2026-09-17T17:39:00+00:00,29726,29728.25,29723.25,29724,816
2026-09-17T17:40:00+00:00,29723.75,29731,29723.5,29727,1256
2026-09-17T17:41:00+00:00,29727.25,29736.25,29727,29734,1437
2026-09-17T17:42:00+00:00,29733.75,29739.5,29731.25,29737.5,1810
2026-09-17T17:43:00+00:00,29737.75,29738,29735,29735.5,774
2026-09-17T17:44:00+00:00,29735.25,29738.25,29734,29737.75,773
2026-09-17T17:45:00+00:00,29737.25,29739.75,29735.5,29737,907
2026-09-17T17:46:00+00:00,29737,29745,29736.75,29743.75,2034
2026-09-17T17:47:00+00:00,29743.75,29746.5,29740.5,29741,1510
2026-09-17T17:48:00+00:00,29741.25,29742,29738.75,29739.25,908
2026-09-17T17:49:00+00:00,29739.25,29741.75,29737.75,29738.75,721
2026-09-17T17:50:00+00:00,29738.25,29738.75,29728.75,29729.75,2013
2026-09-17T17:51:00+00:00,29729.5,29734.75,29728.25,29734,1305
2026-09-17T17:52:00+00:00,29733.75,29734.75,29728.25,29728.75,980
2026-09-17T17:53:00+00:00,29729,29732.25,29727.5,29731,1035
2026-09-17T17:54:00+00:00,29731,29732.75,29729,29731.5,555
2026-09-17T17:55:00+00:00,29731,29733.75,29730,29730.25,640
2026-09-17T17:56:00+00:00,29731,29733,29730,29732.25,513
2026-09-17T17:57:00+00:00,29732.25,29738.75,29732.25,29734.25,1979
2026-09-17T17:58:00+00:00,29734.75,29741.5,29734.25,29739.25,1159
2026-09-17T17:59:00+00:00,29739.25,29743.25,29737,29742.25,886
2026-09-17T18:00:00+00:00,29742.5,29743,29736.75,29737.5,1000
2026-09-17T18:01:00+00:00,29737.75,29739,29734.25,29738.75,911
2026-09-17T18:02:00+00:00,29738.5,29740.75,29733.75,29734.25,936
2026-09-17T18:03:00+00:00,29734.75,29744,29732.75,29743,1287
2026-09-17T18:04:00+00:00,29743,29744,29740,29741.25,1189
2026-09-17T18:05:00+00:00,29741.25,29747.5,29740.5,29743,1366
2026-09-17T18:06:00+00:00,29743.5,29745.5,29735.75,29738,1451
2026-09-17T18:07:00+00:00,29737.75,29739.25,29730.25,29731.25,1343
2026-09-17T18:08:00+00:00,29731,29732.5,29727,29729.75,1377
2026-09-17T18:09:00+00:00,29729.75,29730.75,29724,29728.25,1625
2026-09-17T18:10:00+00:00,29728,29729,29724.5,29729,1396
2026-09-17T18:11:00+00:00,29728.5,29732.25,29725,29725,1798
2026-09-17T18:12:00+00:00,29725.5,29732.25,29725.5,29731,909
2026-09-17T18:13:00+00:00,29731,29733.25,29726.75,29730.25,916
2026-09-17T18:14:00+00:00,29730.25,29734,29729.75,29730.25,863
2026-09-17T18:15:00+00:00,29729.75,29737,29729.5,29736.5,1135
2026-09-17T18:16:00+00:00,29736.5,29740,29730,29730,1880
2026-09-17T18:17:00+00:00,29730,29731.25,29725.25,29725.5,1503
2026-09-17T18:18:00+00:00,29725.5,29727,29720.75,29726.25,1913
2026-09-17T18:19:00+00:00,29726.25,29736.25,29726,29735.75,1501
2026-09-17T18:20:00+00:00,29735.75,29738.5,29733,29733.75,1096
2026-09-17T18:21:00+00:00,29734,29734.75,29728.5,29729.75,1234
2026-09-17T18:22:00+00:00,29729.5,29731.5,29726,29730.75,1090
2026-09-17T18:23:00+00:00,29730.5,29731.5,29727.75,29729.75,520
2026-09-17T18:24:00+00:00,29729.25,29730.5,29723,29724.25,1215
2026-09-17T18:25:00+00:00,29724.5,29729.5,29723.5,29725.5,1238
2026-09-17T18:26:00+00:00,29726,29729.5,29725.5,29728.5,935
2026-09-17T18:27:00+00:00,29728.75,29730.75,29727.75,29728.75,689
2026-09-17T18:28:00+00:00,29729,29730.25,29725.25,29729.75,754
2026-09-17T18:29:00+00:00,29729.75,29730.5,29726.25,29726.75,642
2026-09-17T18:30:00+00:00,29726.5,29734.25,29726.5,29729.75,1272
2026-09-17T18:31:00+00:00,29730,29731.75,29725.5,29726.25,807
2026-09-17T18:32:00+00:00,29726,29730.25,29724.25,29724.75,662
2026-09-17T18:33:00+00:00,29725.25,29728,29724,29724.5,766
2026-09-17T18:34:00+00:00,29724.5,29725,29720.5,29722,983
2026-09-17T18:35:00+00:00,29721.75,29724.5,29718.5,29719.75,1453
2026-09-17T18:36:00+00:00,29719.75,29720.75,29709.25,29709.75,3525
2026-09-17T18:37:00+00:00,29709.5,29715.75,29709,29713.75,2175
2026-09-17T18:38:00+00:00,29714.25,29714.25,29710,29710.75,1166
2026-09-17T18:39:00+00:00,29710.75,29713.25,29708.25,29709.5,1051
2026-09-17T18:40:00+00:00,29709.5,29713.25,29705.25,29713,1854
2026-09-17T18:41:00+00:00,29713,29716.25,29711.25,29712,1521
2026-09-17T18:42:00+00:00,29711.75,29713.75,29708.25,29711.75,1306
2026-09-17T18:43:00+00:00,29712,29714.75,29711,29712,706
2026-09-17T18:44:00+00:00,29712,29717.75,29711.5,29717,1308
2026-09-17T18:45:00+00:00,29716.25,29722,29714.75,29718.5,1705
2026-09-17T18:46:00+00:00,29718.5,29720.5,29716.5,29718.5,986
2026-09-17T18:47:00+00:00,29718,29719.5,29715.5,29719,806
2026-09-17T18:48:00+00:00,29718.75,29725.25,29718.5,29724.5,1617
2026-09-17T18:49:00+00:00,29725,29728.5,29721,29721.25,1626
2026-09-17T18:50:00+00:00,29721.25,29724.25,29720.5,29724.25,843
2026-09-17T18:51:00+00:00,29724,29726.25,29722.25,29725.25,828
2026-09-17T18:52:00+00:00,29725,29726,29717.25,29718,1365
2026-09-17T18:53:00+00:00,29718.5,29720.25,29715.75,29718.75,1390
2026-09-17T18:54:00+00:00,29719,29721.25,29716.5,29720,753
2026-09-17T18:55:00+00:00,29720.5,29725,29718,29718,1225
2026-09-17T18:56:00+00:00,29718.25,29719.25,29715,29717.5,917
2026-09-17T18:57:00+00:00,29718.25,29723.25,29717.5,29722.5,1067
2026-09-17T18:58:00+00:00,29722.25,29724,29719.25,29721.5,886
2026-09-17T18:59:00+00:00,29721.75,29722.75,29719.25,29722,541
2026-09-17T19:00:00+00:00,29722,29733.5,29719.75,29732.75,2843
2026-09-17T19:01:00+00:00,29732.5,29732.75,29727.75,29729.75,1294
2026-09-17T19:02:00+00:00,29729.75,29730.5,29725.25,29729.75,1067
2026-09-17T19:03:00+00:00,29730.25,29733,29728.5,29731.25,1052
2026-09-17T19:04:00+00:00,29731,29737,29731,29735,2086
2026-09-17T19:05:00+00:00,29735.25,29745.5,29735,29745.5,2981
2026-09-17T19:06:00+00:00,29745.5,29751.25,29741.75,29749.25,3182
2026-09-17T19:07:00+00:00,29749.5,29749.75,29743.5,29747.25,1831
2026-09-17T19:08:00+00:00,29747,29747.75,29743.25,29744,1357
2026-09-17T19:09:00+00:00,29743.75,29744.5,29735.25,29739.75,2982
2026-09-17T19:10:00+00:00,29739.5,29741.25,29736.5,29739.25,1299
2026-09-17T19:11:00+00:00,29739.25,29740.25,29734.5,29737.75,1235
2026-09-17T19:12:00+00:00,29737.5,29740,29735,29739.25,954
2026-09-17T19:13:00+00:00,29739.25,29745,29737.5,29744.25,1439
2026-09-17T19:14:00+00:00,29744.75,29745.75,29739.25,29739.75,1296
2026-09-17T19:15:00+00:00,29739.75,29742.5,29739.25,29740.5,670
2026-09-17T19:16:00+00:00,29740.25,29742,29736.5,29739.5,1074
2026-09-17T19:17:00+00:00,29739.5,29740.75,29737.75,29740.25,577
2026-09-17T19:18:00+00:00,29740.5,29746.25,29739.75,29744.75,1032
2026-09-17T19:19:00+00:00,29744.75,29746.5,29742.5,29744,976
2026-09-17T19:20:00+00:00,29744,29746,29742.75,29744.75,813
2026-09-17T19:21:00+00:00,29745.25,29746.25,29740.75,29742.75,1152
2026-09-17T19:22:00+00:00,29743,29743.25,29739.75,29740.75,934
2026-09-17T19:23:00+00:00,29740.75,29741.75,29738.5,29740.25,1113
2026-09-17T19:24:00+00:00,29740.5,29740.75,29734,29735.25,1629
2026-09-17T19:25:00+00:00,29735.25,29739,29733,29738.5,1245
2026-09-17T19:26:00+00:00,29738.75,29739,29731.5,29732.25,1175
2026-09-17T19:27:00+00:00,29732.5,29733.5,29727.75,29731.25,1819
2026-09-17T19:28:00+00:00,29732,29734.75,29730.5,29734,964
2026-09-17T19:29:00+00:00,29733.75,29734.5,29730.75,29731.75,791
2026-09-17T19:30:00+00:00,29732,29746.75,29730.25,29746.75,2922
2026-09-17T19:31:00+00:00,29746.25,29754.25,29745,29751.75,3302
2026-09-17T19:32:00+00:00,29751.75,29753,29747.5,29752,1438
2026-09-17T19:33:00+00:00,29752,29752.5,29748.75,29750.75,1013
2026-09-17T19:34:00+00:00,29750.5,29753,29747.25,29752.5,1065
2026-09-17T19:35:00+00:00,29752.25,29757.25,29751.75,29755.25,2038
2026-09-17T19:36:00+00:00,29755,29760.75,29754.25,29756,2249
2026-09-17T19:37:00+00:00,29756.25,29760,29755.5,29758.25,1080
2026-09-17T19:38:00+00:00,29758.25,29760.75,29756,29757.75,1210
2026-09-17T19:39:00+00:00,29757.75,29758.75,29755.25,29758,1018
2026-09-17T19:40:00+00:00,29758.25,29759,29753.5,29754.75,1493
2026-09-17T19:41:00+00:00,29754.5,29757.75,29750.5,29751.75,1413
2026-09-17T19:42:00+00:00,29752,29753.25,29746.5,29752.25,1964
2026-09-17T19:43:00+00:00,29752.75,29758.25,29752.5,29756.75,1433
2026-09-17T19:44:00+00:00,29756.75,29766,29756.75,29763,2748
2026-09-17T19:45:00+00:00,29763,29766,29756.75,29759,2493
2026-09-17T19:46:00+00:00,29759.25,29761.25,29750.75,29751.25,1645
2026-09-17T19:47:00+00:00,29751.75,29754.25,29749.5,29753.25,1423
2026-09-17T19:48:00+00:00,29753.25,29756,29751.25,29754.75,945
2026-09-17T19:49:00+00:00,29755,29757,29751.75,29753.5,1197
2026-09-17T19:50:00+00:00,29753.5,29769.75,29753.5,29767.5,5558
2026-09-17T19:51:00+00:00,29767.25,29781.75,29766.25,29781.25,5079
2026-09-17T19:52:00+00:00,29781.25,29781.75,29773.75,29779.75,3271
2026-09-17T19:53:00+00:00,29779.75,29791.75,29777.25,29788,4328
2026-09-17T19:54:00+00:00,29788.5,29793.25,29768.25,29769.75,6051
2026-09-17T19:55:00+00:00,29769.75,29775.5,29763,29768.5,3588
2026-09-17T19:56:00+00:00,29768.5,29774,29767.25,29774,1634
2026-09-17T19:57:00+00:00,29773.25,29775,29766,29767.25,1703
2026-09-17T19:58:00+00:00,29767.25,29768.25,29756.75,29759.25,3428
2026-09-17T19:59:00+00:00,29759.25,29759.5,29731.5,29744.75,12598
2026-09-17T20:00:00+00:00,29744.75,29748,29736.5,29739.25,4551
2026-09-17T20:01:00+00:00,29739,29745,29734.75,29742.25,2047
2026-09-17T20:02:00+00:00,29741.25,29744,29739,29743,1067
2026-09-17T20:03:00+00:00,29742.5,29744.75,29739.5,29740.5,923
2026-09-17T20:04:00+00:00,29740,29741.75,29737,29737,1177
2026-09-17T20:05:00+00:00,29737.5,29744.5,29736.75,29744.5,1337
2026-09-17T20:06:00+00:00,29744.5,29745,29735.25,29738.75,897
2026-09-17T20:07:00+00:00,29739,29744.5,29738.5,29743.5,814
2026-09-17T20:08:00+00:00,29743,29744.75,29739.75,29740.5,330
2026-09-17T20:09:00+00:00,29740.25,29743.75,29737,29743.5,933
2026-09-17T20:10:00+00:00,29743.25,29744.75,29739.75,29741,899
2026-09-17T20:11:00+00:00,29741.25,29742.75,29738,29739,580
2026-09-17T20:12:00+00:00,29738.75,29740,29733.75,29733.75,792
2026-09-17T20:13:00+00:00,29734,29736.25,29730.75,29731.75,769
2026-09-17T20:14:00+00:00,29731.5,29732.25,29723.5,29725,2151
2026-09-17T20:15:00+00:00,29724,29728.5,29722.5,29724.5,1012
2026-09-17T20:16:00+00:00,29724.25,29726.5,29716.75,29717.75,1863
2026-09-17T20:17:00+00:00,29717.75,29722,29715.75,29721,659
2026-09-17T20:18:00+00:00,29720.5,29723.5,29720.25,29721.5,613
2026-09-17T20:19:00+00:00,29721.25,29723.25,29716.25,29716.25,536
2026-09-17T20:20:00+00:00,29716.5,29719.25,29715.5,29716.5,709
2026-09-17T20:21:00+00:00,29715.75,29719.5,29714.75,29716.75,399
2026-09-17T20:22:00+00:00,29716.5,29719.5,29715.25,29718.25,624
2026-09-17T20:23:00+00:00,29718.25,29719.25,29716.5,29716.75,283
2026-09-17T20:24:00+00:00,29716.75,29719.25,29715.5,29718,421
2026-09-17T20:25:00+00:00,29718,29718.25,29715.5,29717.5,287
2026-09-17T20:26:00+00:00,29718,29718.75,29715,29715.75,278
2026-09-17T20:27:00+00:00,29716.25,29718.5,29715,29717.5,443
2026-09-17T20:28:00+00:00,29717,29719,29715.5,29716.5,329
2026-09-17T20:29:00+00:00,29716.5,29717.75,29715,29715.25,304
2026-09-17T20:30:00+00:00,29715,29717,29713.5,29714.75,396
2026-09-17T20:31:00+00:00,29714,29717.5,29714,29716.5,264
2026-09-17T20:32:00+00:00,29716.25,29718,29715.5,29717,236
2026-09-17T20:33:00+00:00,29716.75,29720.5,29716,29717.75,370
2026-09-17T20:34:00+00:00,29718,29720.25,29715.5,29717.5,431
2026-09-17T20:35:00+00:00,29717.5,29720.5,29716.25,29717,510
2026-09-17T20:36:00+00:00,29716.75,29721.25,29716.75,29720,446
2026-09-17T20:37:00+00:00,29720.25,29722.25,29719.5,29720.5,422
2026-09-17T20:38:00+00:00,29721,29722.75,29719,29719.5,464
2026-09-17T20:39:00+00:00,29719,29721.5,29718.75,29721,268
2026-09-17T20:40:00+00:00,29720.25,29722.75,29719.75,29720.5,399
2026-09-17T20:41:00+00:00,29720.25,29721.25,29719.25,29720.25,210
2026-09-17T20:42:00+00:00,29719.75,29720.5,29717,29717,289
2026-09-17T20:43:00+00:00,29716.75,29717.25,29714.5,29716,352
2026-09-17T20:44:00+00:00,29716,29717.5,29713.25,29715.75,919
2026-09-17T20:45:00+00:00,29715.25,29716.5,29714.25,29714.5,538
2026-09-17T20:46:00+00:00,29714.75,29717.5,29714.5,29717,218
2026-09-17T20:47:00+00:00,29717.25,29718.5,29716.75,29717,297
2026-09-17T20:48:00+00:00,29717.5,29720.5,29717.25,29719.75,331
2026-09-17T20:49:00+00:00,29720,29720.25,29715.5,29716.5,239
2026-09-17T20:50:00+00:00,29716.25,29716.75,29712.25,29713,651
2026-09-17T20:51:00+00:00,29713,29718.25,29712.25,29718.25,312
2026-09-17T20:52:00+00:00,29718.5,29720.25,29717.75,29719,315
2026-09-17T20:53:00+00:00,29719,29721.5,29718.75,29721.25,160
2026-09-17T20:54:00+00:00,29721.25,29723,29719.5,29721.25,159
2026-09-17T20:55:00+00:00,29720.5,29722.5,29719.75,29722.5,356
2026-09-17T20:56:00+00:00,29722,29723.25,29720.25,29723,133
2026-09-17T20:57:00+00:00,29722.5,29725.75,29722.5,29723.25,330
2026-09-17T20:58:00+00:00,29722.75,29725.5,29722.5,29723.25,165
2026-09-17T20:59:00+00:00,29722.5,29723.25,29717,29719.75,278
2026-09-17T22:00:00+00:00,29723.5,29729.75,29712.75,29717.25,0
2026-09-17T22:01:00+00:00,29717.75,29719,29711,29717.5,767
2026-09-17T22:02:00+00:00,29717.25,29717.5,29705.75,29707.75,773
2026-09-17T22:03:00+00:00,29708.75,29709.75,29706.75,29708.75,399
2026-09-17T22:04:00+00:00,29708.75,29710.75,29706.5,29706.5,373
2026-09-17T22:05:00+00:00,29707.25,29712,29704.25,29708.5,708
2026-09-17T22:06:00+00:00,29710,29710.5,29705.75,29707.75,435
2026-09-17T22:07:00+00:00,29707,29708,29701.5,29703.25,554
2026-09-17T22:08:00+00:00,29703,29704,29695.5,29697.75,1082
2026-09-17T22:09:00+00:00,29698,29700,29696.25,29699.25,384
2026-09-17T22:10:00+00:00,29699.25,29702.5,29698.5,29699.25,416
2026-09-17T22:11:00+00:00,29699.5,29701.75,29699,29701.25,296
2026-09-17T22:12:00+00:00,29701.25,29705.75,29699.25,29702.25,505
2026-09-17T22:13:00+00:00,29702.25,29704,29700.25,29703,224
2026-09-17T22:14:00+00:00,29703.5,29707.5,29703.25,29704.25,326
2026-09-17T22:15:00+00:00,29703.75,29704.75,29700.5,29700.5,176
2026-09-17T22:16:00+00:00,29700.5,29702.5,29695.75,29697.5,474
2026-09-17T22:17:00+00:00,29697.5,29698.5,29690.75,29694.75,753
2026-09-17T22:18:00+00:00,29695.25,29699.5,29694.5,29699,407
2026-09-17T22:19:00+00:00,29699,29701,29697,29697.5,378
2026-09-17T22:20:00+00:00,29698.25,29701.5,29691.5,29695,748
2026-09-17T22:21:00+00:00,29695,29695.75,29692.5,29694.5,260
2026-09-17T22:22:00+00:00,29694.75,29695,29692,29692.5,224
2026-09-17T22:23:00+00:00,29692.75,29693.75,29688.75,29691.75,520
2026-09-17T22:24:00+00:00,29691.25,29693.5,29690.5,29692.75,280
2026-09-17T22:25:00+00:00,29694,29697.25,29690.25,29691.75,513
2026-09-17T22:26:00+00:00,29691.75,29694,29688,29689.5,476
2026-09-17T22:27:00+00:00,29689.5,29691.5,29688.5,29689.75,347
2026-09-17T22:28:00+00:00,29690.5,29691,29686,29686,435
2026-09-17T22:29:00+00:00,29686.5,29687.25,29680,29683,1045
2026-09-17T22:30:00+00:00,29682.5,29684.25,29676.5,29681.25,949
2026-09-17T22:31:00+00:00,29681.25,29684.75,29680.25,29683,593
2026-09-17T22:32:00+00:00,29683.25,29684.5,29679,29680,359
2026-09-17T22:33:00+00:00,29679.5,29680.25,29672.5,29675.5,821
2026-09-17T22:34:00+00:00,29675.75,29678.5,29675,29678.25,350
2026-09-17T22:35:00+00:00,29678.25,29678.5,29676.5,29676.5,223
2026-09-17T22:36:00+00:00,29676.75,29687.25,29676.5,29683,991
2026-09-17T22:37:00+00:00,29682.5,29684.75,29680.25,29683.75,473
2026-09-17T22:38:00+00:00,29683.75,29684.25,29680.5,29682.75,285
2026-09-17T22:39:00+00:00,29682.25,29686,29679.75,29681.25,609
2026-09-17T22:40:00+00:00,29681.75,29683.5,29677.5,29677.5,479
2026-09-17T22:41:00+00:00,29677.5,29682.5,29677,29681.25,313
2026-09-17T22:42:00+00:00,29681.25,29681.5,29673,29678.5,636
2026-09-17T22:43:00+00:00,29679.25,29680,29677.5,29679,290
2026-09-17T22:44:00+00:00,29679,29681.75,29678.5,29681.25,217
2026-09-17T22:45:00+00:00,29681.5,29684.25,29680.5,29684,317
2026-09-17T22:46:00+00:00,29684,29684,29679.25,29682.75,311
2026-09-17T22:47:00+00:00,29682.5,29684.5,29679.75,29680.75,302
2026-09-17T22:48:00+00:00,29681,29684,29681,29682.25,252
2026-09-17T22:49:00+00:00,29682.25,29683.5,29681.75,29683.5,126
2026-09-17T22:50:00+00:00,29683.25,29683.5,29679,29680,230
2026-09-17T22:51:00+00:00,29680.25,29680.75,29676.5,29680,346
2026-09-17T22:52:00+00:00,29680,29681.5,29679.5,29680.25,128
2026-09-17T22:53:00+00:00,29679.75,29680.25,29675.75,29677.5,316
2026-09-17T22:54:00+00:00,29678,29678.75,29674.25,29675,435
2026-09-17T22:55:00+00:00,29675,29684.25,29674,29681.25,807
2026-09-17T22:56:00+00:00,29681.75,29684,29680,29682.5,345
2026-09-17T22:57:00+00:00,29682.75,29684,29681.25,29684,199
2026-09-17T22:58:00+00:00,29684,29692.5,29684,29686.5,1199
2026-09-17T22:59:00+00:00,29686.5,29688.75,29685.25,29687.5,346
2026-09-17T23:00:00+00:00,29687.5,29693,29686.25,29691.5,938
2026-09-17T23:01:00+00:00,29691.5,29696.5,29690.5,29692.25,1119
2026-09-17T23:02:00+00:00,29692,29695.25,29692,29695,430
2026-09-17T23:03:00+00:00,29694.5,29697.75,29693.75,29696,748
2026-09-17T23:04:00+00:00,29695.75,29700.25,29695.75,29698.75,1027
2026-09-17T23:05:00+00:00,29698,29707.25,29697.5,29705,1327
2026-09-17T23:06:00+00:00,29704.5,29706.75,29703.75,29705,559
2026-09-17T23:07:00+00:00,29705.5,29706.25,29703.75,29704.25,310
2026-09-17T23:08:00+00:00,29704.25,29707.25,29703.75,29705.75,403
2026-09-17T23:09:00+00:00,29705.75,29710,29704.75,29707,456
2026-09-17T23:10:00+00:00,29706.5,29712.5,29706.25,29710.25,902
2026-09-17T23:11:00+00:00,29710,29712.25,29701.75,29703.75,955
2026-09-17T23:12:00+00:00,29703.25,29704.75,29701.25,29701.75,624
2026-09-17T23:13:00+00:00,29701.75,29702.5,29692,29694.75,1501
2026-09-17T23:14:00+00:00,29694.5,29695.75,29692.5,29693,489
2026-09-17T23:15:00+00:00,29693.5,29697.25,29691,29692.5,616
2026-09-17T23:16:00+00:00,29693,29695,29685.75,29687.75,1079
2026-09-17T23:17:00+00:00,29688.5,29693.75,29687.5,29692.5,561
2026-09-17T23:18:00+00:00,29692,29694.75,29691.75,29694.75,330
2026-09-17T23:19:00+00:00,29694.75,29697,29694,29695,309
2026-09-17T23:20:00+00:00,29694.75,29697.5,29694.25,29696,367
2026-09-17T23:21:00+00:00,29696.25,29699.75,29694,29694.5,436
2026-09-17T23:22:00+00:00,29695,29698.25,29694.25,29698.25,307
2026-09-17T23:23:00+00:00,29698,29704.5,29698,29699.75,1032
2026-09-17T23:24:00+00:00,29700.5,29701.25,29698,29698,297
2026-09-17T23:25:00+00:00,29698,29699,29693.25,29695,544
2026-09-17T23:26:00+00:00,29695,29696.25,29688.25,29692.25,776
2026-09-17T23:27:00+00:00,29690.5,29693.25,29689,29692.5,462
2026-09-17T23:28:00+00:00,29692.25,29692.5,29690.5,29690.5,126
2026-09-17T23:29:00+00:00,29690.5,29691.25,29689,29689,128
2026-09-17T23:30:00+00:00,29689.25,29696.75,29686,29694.25,664
2026-09-17T23:31:00+00:00,29694,29694.25,29690.5,29691.75,237
2026-09-17T23:32:00+00:00,29692.5,29694.75,29691,29693.25,113
2026-09-17T23:33:00+00:00,29693.5,29697.25,29691.75,29696.25,327
2026-09-17T23:34:00+00:00,29696.25,29697.5,29695,29696.75,291
2026-09-17T23:35:00+00:00,29696.5,29697.75,29695,29695.75,142
2026-09-17T23:36:00+00:00,29695.75,29695.75,29694.25,29695,176
2026-09-17T23:37:00+00:00,29695.5,29701,29695,29698.25,490
2026-09-17T23:38:00+00:00,29698.75,29700,29695.25,29697.5,262
2026-09-17T23:39:00+00:00,29697.25,29699.75,29696.5,29698.75,164
2026-09-17T23:40:00+00:00,29698.5,29700.5,29698,29699.25,206
2026-09-17T23:41:00+00:00,29699.75,29705.75,29698.75,29702.75,588
2026-09-17T23:42:00+00:00,29702.75,29705.25,29702,29703.5,304
2026-09-17T23:43:00+00:00,29702.5,29703.5,29692.5,29695.5,748
2026-09-17T23:44:00+00:00,29695.5,29699.5,29695.5,29698.5,408
2026-09-17T23:45:00+00:00,29698.25,29702,29690.5,29697.25,865
2026-09-17T23:46:00+00:00,29696.25,29697.5,29692,29697.25,390
2026-09-17T23:47:00+00:00,29696.5,29702.75,29694,29694.75,525
2026-09-17T23:48:00+00:00,29695,29696.75,29691.75,29692.75,315
2026-09-17T23:49:00+00:00,29693,29698.5,29693,29698.5,245
2026-09-17T23:50:00+00:00,29698,29698.5,29695.5,29696.25,205
2026-09-17T23:51:00+00:00,29697,29699.25,29694.75,29696.75,294
2026-09-17T23:52:00+00:00,29696.25,29699.5,29695.75,29697.75,190
2026-09-17T23:53:00+00:00,29698.25,29701,29697.25,29699,270
2026-09-17T23:54:00+00:00,29698.75,29702.25,29698.75,29699.75,315
2026-09-17T23:55:00+00:00,29699.5,29702,29696.5,29698.25,189
2026-09-17T23:56:00+00:00,29698.5,29701.5,29698.5,29699.5,178
2026-09-17T23:57:00+00:00,29699.5,29700,29696.5,29698.75,187
2026-09-17T23:58:00+00:00,29699,29699,29695.25,29697,199
2026-09-17T23:59:00+00:00,29697.25,29700.25,29696.25,29696.25,239
2026-09-18T00:00:00+00:00,29696.5,29701,29687.75,29690.75,1759
2026-09-18T00:01:00+00:00,29691.75,29707.5,29689.75,29705.5,1839
2026-09-18T00:02:00+00:00,29705,29708.5,29697.75,29701.25,893
2026-09-18T00:03:00+00:00,29701.75,29706.5,29694.5,29699.25,1132
2026-09-18T00:04:00+00:00,29699,29702.75,29696.5,29697.5,538
2026-09-18T00:05:00+00:00,29697.25,29699.25,29686.5,29692.5,1367
2026-09-18T00:06:00+00:00,29692.75,29700,29692,29697,996
2026-09-18T00:07:00+00:00,29697,29697.5,29678.5,29685.25,1931
2026-09-18T00:08:00+00:00,29685,29693.25,29683.75,29687.25,1166
2026-09-18T00:09:00+00:00,29687.5,29694,29687.5,29690.25,537
2026-09-18T00:10:00+00:00,29690.25,29693.25,29684.25,29685.25,625
2026-09-18T00:11:00+00:00,29685.25,29688.5,29681.25,29684.5,745
2026-09-18T00:12:00+00:00,29684.75,29686,29676.25,29679.25,972
2026-09-18T00:13:00+00:00,29680,29688.5,29678.75,29687,849
2026-09-18T00:14:00+00:00,29687,29698.75,29685.25,29698.75,1344
2026-09-18T00:15:00+00:00,29698.25,29701.25,29693.25,29695.25,1129
2026-09-18T00:16:00+00:00,29695.75,29698.75,29687.5,29690.75,925
2026-09-18T00:17:00+00:00,29691.25,29697,29690,29693,579
2026-09-18T00:18:00+00:00,29692.75,29701.75,29692.5,29700,745
2026-09-18T00:19:00+00:00,29700.5,29700.5,29694,29694.75,460
2026-09-18T00:20:00+00:00,29695.25,29696.5,29690.25,29691,477
2026-09-18T00:21:00+00:00,29691,29691.75,29686,29689.75,752
2026-09-18T00:22:00+00:00,29690,29693.5,29688,29691.5,454
2026-09-18T00:23:00+00:00,29691,29695.5,29689.75,29693.5,330
2026-09-18T00:24:00+00:00,29693,29697.75,29688.75,29697.5,465
2026-09-18T00:25:00+00:00,29696,29700.75,29694.25,29698.5,442
2026-09-18T00:26:00+00:00,29699.75,29700.5,29692.75,29698.25,581
2026-09-18T00:27:00+00:00,29698.5,29699.5,29692.5,29693.25,319
2026-09-18T00:28:00+00:00,29693.25,29693.5,29682.25,29684.25,1117
2026-09-18T00:29:00+00:00,29683.75,29687.5,29682,29686.75,457
2026-09-18T00:30:00+00:00,29687.25,29696.5,29687.25,29694,856
2026-09-18T00:31:00+00:00,29692.75,29696.25,29690.25,29692,450
2026-09-18T00:32:00+00:00,29692.5,29696.5,29690,29695.75,308
2026-09-18T00:33:00+00:00,29695.5,29698,29691.25,29691.5,298
2026-09-18T00:34:00+00:00,29692,29697.25,29691.5,29695.25,242
2026-09-18T00:35:00+00:00,29694.75,29695,29692,29692.5,136
2026-09-18T00:36:00+00:00,29692.75,29693.5,29685,29687.5,646
2026-09-18T00:37:00+00:00,29687.25,29690.75,29686,29687,334
2026-09-18T00:38:00+00:00,29687,29688.75,29680,29680.25,969
2026-09-18T00:39:00+00:00,29680.5,29682.5,29671,29672.25,1594
2026-09-18T00:40:00+00:00,29672.25,29673,29663.25,29667.25,2108
2026-09-18T00:41:00+00:00,29668,29671.5,29666.75,29669,929
2026-09-18T00:42:00+00:00,29669,29669,29662.25,29665.75,797
2026-09-18T00:43:00+00:00,29666.25,29676,29665.75,29674.75,1230
2026-09-18T00:44:00+00:00,29674.75,29685,29673.75,29680.25,1417
2026-09-18T00:45:00+00:00,29680.75,29683.25,29674,29677.25,999
2026-09-18T00:46:00+00:00,29677.5,29681.25,29674,29678.25,647
2026-09-18T00:47:00+00:00,29679,29680.5,29669.25,29670.25,752
2026-09-18T00:48:00+00:00,29670.25,29671.75,29666.25,29667.75,627
2026-09-18T00:49:00+00:00,29668.25,29670.25,29665,29665,509
2026-09-18T00:50:00+00:00,29665.5,29668.25,29658.75,29666.5,1402
2026-09-18T00:51:00+00:00,29666.25,29668.25,29663.5,29665.75,469
2026-09-18T00:52:00+00:00,29666.5,29668.5,29664.25,29668.25,404
2026-09-18T00:53:00+00:00,29668.5,29671.25,29665.75,29668.75,620
2026-09-18T00:54:00+00:00,29668,29670.25,29666.75,29668.5,176
2026-09-18T00:55:00+00:00,29668.75,29670.25,29665,29668.75,296
2026-09-18T00:56:00+00:00,29668.5,29668.5,29665.25,29667,228
2026-09-18T00:57:00+00:00,29667.75,29668.5,29665.25,29668,242
2026-09-18T00:58:00+00:00,29668.25,29668.75,29665.75,29667.5,191
2026-09-18T00:59:00+00:00,29668,29669.25,29664.5,29666.25,456
2026-09-18T01:00:00+00:00,29666,29682.25,29664.5,29666.5,2240
2026-09-18T01:01:00+00:00,29666,29671.25,29656.25,29663,1579
2026-09-18T01:02:00+00:00,29662.75,29667.25,29662,29663,611
2026-09-18T01:03:00+00:00,29663.25,29664,29659.25,29663.5,522
2026-09-18T01:04:00+00:00,29663.5,29665,29659,29660.75,434
2026-09-18T01:05:00+00:00,29660.25,29669,29660,29666.75,860
2026-09-18T01:06:00+00:00,29666.75,29676.25,29663.25,29671.25,1060
2026-09-18T01:07:00+00:00,29671.5,29675,29670,29674.75,607
2026-09-18T01:08:00+00:00,29674,29675.25,29665.25,29669,653
2026-09-18T01:09:00+00:00,29669,29671.5,29665.25,29665.25,307
2026-09-18T01:10:00+00:00,29665.5,29669.75,29664.25,29669.25,418
2026-09-18T01:11:00+00:00,29669.5,29670.25,29663.5,29669.5,549
2026-09-18T01:12:00+00:00,29670.25,29670.75,29663,29667.5,375
2026-09-18T01:13:00+00:00,29667.75,29667.75,29658.25,29663.25,796
2026-09-18T01:14:00+00:00,29663.5,29667.75,29661.75,29661.75,355
2026-09-18T01:15:00+00:00,29661.5,29662.25,29656.5,29656.75,822
2026-09-18T01:16:00+00:00,29657,29659,29647.5,29653.25,2447
2026-09-18T01:17:00+00:00,29653.5,29659.5,29652.25,29656.5,649
2026-09-18T01:18:00+00:00,29656.75,29657.25,29651.25,29653.75,628
2026-09-18T01:19:00+00:00,29653.5,29660.75,29650,29659.25,849
2026-09-18T01:20:00+00:00,29659.75,29663.5,29654.25,29661.25,1053
2026-09-18T01:21:00+00:00,29660.75,29664.75,29657.75,29661.75,598
2026-09-18T01:22:00+00:00,29661.5,29661.5,29655,29656.75,336
2026-09-18T01:23:00+00:00,29656.75,29658.5,29652.75,29654,443
2026-09-18T01:24:00+00:00,29653.5,29659,29652.5,29657.25,415
2026-09-18T01:25:00+00:00,29657.5,29658.75,29650.75,29652.75,441
2026-09-18T01:26:00+00:00,29653,29653.75,29649,29652.75,570
2026-09-18T01:27:00+00:00,29652.5,29655.75,29649.25,29654.5,480
2026-09-18T01:28:00+00:00,29654.25,29657,29652,29656.75,253
2026-09-18T01:29:00+00:00,29657,29660,29655.5,29657.5,562
2026-09-18T01:30:00+00:00,29658,29663,29656.25,29659.5,778
2026-09-18T01:31:00+00:00,29659.5,29660.75,29654.25,29655,408
2026-09-18T01:32:00+00:00,29655.5,29657,29652.25,29656.5,544
2026-09-18T01:33:00+00:00,29656.5,29658.25,29652.5,29654.75,257
2026-09-18T01:34:00+00:00,29654,29661.5,29653.5,29659.5,433
2026-09-18T01:35:00+00:00,29658.75,29663.5,29655,29662.25,611
2026-09-18T01:36:00+00:00,29662,29667.5,29661,29664.25,1205
2026-09-18T01:37:00+00:00,29664.25,29667.25,29664.25,29666,411
2026-09-18T01:38:00+00:00,29665.75,29668,29662.5,29664.5,555
2026-09-18T01:39:00+00:00,29664,29667.25,29661.25,29662,520
2026-09-18T01:40:00+00:00,29661.75,29669.25,29660.25,29668.5,688
2026-09-18T01:41:00+00:00,29667.75,29674.75,29666.25,29673.75,1075
2026-09-18T01:42:00+00:00,29673.5,29678.25,29670.5,29672,1098
2026-09-18T01:43:00+00:00,29671.25,29674.25,29671.25,29672.75,335
2026-09-18T01:44:00+00:00,29672.5,29672.75,29663,29664.75,859
2026-09-18T01:45:00+00:00,29664.5,29673.5,29664.5,29672.25,573
2026-09-18T01:46:00+00:00,29672.75,29673.5,29669.5,29672.5,325
2026-09-18T01:47:00+00:00,29673.25,29676,29672.25,29675.5,525
2026-09-18T01:48:00+00:00,29675.5,29681.25,29673.75,29679.5,904
2026-09-18T01:49:00+00:00,29680,29683,29679.5,29680.5,885
2026-09-18T01:50:00+00:00,29680.25,29681.75,29670.75,29671.25,902
2026-09-18T01:51:00+00:00,29671.75,29675.5,29669,29673.75,638
2026-09-18T01:52:00+00:00,29674.25,29679.5,29671,29678.25,596
2026-09-18T01:53:00+00:00,29678,29679.25,29676.25,29677.5,280
2026-09-18T01:54:00+00:00,29677.25,29679.5,29676,29677.75,203
2026-09-18T01:55:00+00:00,29678.25,29679.5,29672,29675.25,505
2026-09-18T01:56:00+00:00,29675.5,29677.75,29673.75,29674.75,384
2026-09-18T01:57:00+00:00,29675,29680,29674.5,29678.75,476
2026-09-18T01:58:00+00:00,29679.5,29680.5,29678,29680,231
2026-09-18T01:59:00+00:00,29680,29681,29677.75,29678.75,217
2026-09-18T02:00:00+00:00,29678.5,29682.5,29677.75,29678.25,603
2026-09-18T02:01:00+00:00,29678.75,29684.5,29676,29684,705
2026-09-18T02:02:00+00:00,29683.5,29683.75,29679.75,29681,652
2026-09-18T02:03:00+00:00,29681,29682.75,29677.25,29677.5,508
2026-09-18T02:04:00+00:00,29677,29679.75,29675.75,29676.5,439
2026-09-18T02:05:00+00:00,29676.25,29679.25,29676,29677.5,238
2026-09-18T02:06:00+00:00,29677.5,29678.75,29671.5,29673,611
2026-09-18T02:07:00+00:00,29673.25,29674.25,29672,29673.5,373
2026-09-18T02:08:00+00:00,29673,29675,29670.5,29670.75,400
2026-09-18T02:09:00+00:00,29670.75,29672.5,29670.5,29671.5,313
2026-09-18T02:10:00+00:00,29671.5,29672.25,29661.25,29666.75,1365
2026-09-18T02:11:00+00:00,29667.5,29671.5,29666.25,29667,543
2026-09-18T02:12:00+00:00,29667.25,29669.75,29665.25,29668.5,410
2026-09-18T02:13:00+00:00,29668,29671.75,29666.25,29670.75,295
2026-09-18T02:14:00+00:00,29671,29676,29669.25,29674.25,671
2026-09-18T02:15:00+00:00,29674.75,29676.5,29671.5,29674,429
2026-09-18T02:16:00+00:00,29674.75,29678.5,29673.25,29676.25,548
2026-09-18T02:17:00+00:00,29676,29677.5,29673.25,29673.5,346
2026-09-18T02:18:00+00:00,29673.75,29679.75,29673.5,29679,453
2026-09-18T02:19:00+00:00,29678.75,29681.5,29677,29681.25,435
2026-09-18T02:20:00+00:00,29681,29688,29680,29683,1230
2026-09-18T02:21:00+00:00,29682.75,29687.75,29681,29683,847
2026-09-18T02:22:00+00:00,29683,29683.25,29680,29680,370
2026-09-18T02:23:00+00:00,29680,29691.25,29680,29690,1037
2026-09-18T02:24:00+00:00,29689.5,29693.25,29688.25,29690.25,842
2026-09-18T02:25:00+00:00,29690.5,29691.5,29687.5,29687.5,414
2026-09-18T02:26:00+00:00,29687.25,29690.25,29686.5,29687,445
2026-09-18T02:27:00+00:00,29686.25,29687,29680.75,29687,684
2026-09-18T02:28:00+00:00,29687.25,29688.25,29684.25,29686.75,358
2026-09-18T02:29:00+00:00,29686.5,29689.25,29686,29687.75,266
2026-09-18T02:30:00+00:00,29688,29690.75,29685.25,29687.75,622
2026-09-18T02:31:00+00:00,29688,29690.75,29683.5,29684.5,402
2026-09-18T02:32:00+00:00,29684.25,29688,29684,29686.25,326
2026-09-18T02:33:00+00:00,29687,29690,29686.25,29690,267
2026-09-18T02:34:00+00:00,29690,29692.5,29689.25,29691.25,420
2026-09-18T02:35:00+00:00,29691.25,29692.5,29688.5,29690,443
2026-09-18T02:36:00+00:00,29689.75,29691.25,29688.5,29691.25,161
2026-09-18T02:37:00+00:00,29690.5,29691,29685.75,29687.25,395
2026-09-18T02:38:00+00:00,29686.75,29687.25,29682.25,29685.25,476
2026-09-18T02:39:00+00:00,29685.5,29689,29685,29686.25,230
2026-09-18T02:40:00+00:00,29686.5,29689,29686.5,29688.5,150
2026-09-18T02:41:00+00:00,29688.75,29693,29688.75,29692.75,355
2026-09-18T02:42:00+00:00,29692.5,29699.75,29691.25,29697.75,1059
2026-09-18T02:43:00+00:00,29697.75,29699.5,29694.5,29695.25,585
2026-09-18T02:44:00+00:00,29695,29697.5,29692,29693.5,375
2026-09-18T02:45:00+00:00,29693.5,29699,29691.5,29696.25,499
2026-09-18T02:46:00+00:00,29696.25,29698.5,29694.75,29698.5,274
2026-09-18T02:47:00+00:00,29697.75,29699,29696.5,29698.25,287
2026-09-18T02:48:00+00:00,29699,29699.25,29696.5,29697,158
2026-09-18T02:49:00+00:00,29697.5,29698.75,29695.25,29698,222
2026-09-18T02:50:00+00:00,29697.75,29703.75,29697.75,29701,1093
2026-09-18T02:51:00+00:00,29701,29701,29697,29699,541
2026-09-18T02:52:00+00:00,29698.75,29700.25,29693.75,29695.5,527
2026-09-18T02:53:00+00:00,29695.25,29700.25,29694.25,29694.75,582
2026-09-18T02:54:00+00:00,29694.75,29703.25,29688.75,29695.75,1660
2026-09-18T02:55:00+00:00,29694.75,29701.25,29691.5,29699.25,888
2026-09-18T02:56:00+00:00,29699.5,29703,29692.5,29696.5,703
2026-09-18T02:57:00+00:00,29696,29697.25,29691.5,29692.5,542
2026-09-18T02:58:00+00:00,29692.25,29693.75,29686.25,29692,771
2026-09-18T02:59:00+00:00,29692.75,29696,29692,29693,415
2026-09-18T03:00:00+00:00,29693.75,29694,29688.75,29692.5,662
2026-09-18T03:01:00+00:00,29692.75,29696,29691.5,29694.5,302
2026-09-18T03:02:00+00:00,29694,29700,29692.75,29698,570
2026-09-18T03:03:00+00:00,29697.75,29700.75,29697,29700.25,326
2026-09-18T03:04:00+00:00,29700.75,29709.5,29698.5,29709,1457
2026-09-18T03:05:00+00:00,29709,29714,29707.75,29711.5,1520
2026-09-18T03:06:00+00:00,29712,29714,29711,29713.75,635
2026-09-18T03:07:00+00:00,29713.75,29720.5,29712.5,29720.25,1455
2026-09-18T03:08:00+00:00,29719.75,29729,29719.75,29726.5,1565
2026-09-18T03:09:00+00:00,29726,29728.25,29721.25,29725.25,969
2026-09-18T03:10:00+00:00,29725.25,29730.25,29724.75,29728.5,900
2026-09-18T03:11:00+00:00,29728.25,29731.75,29725.5,29729.5,1237
2026-09-18T03:12:00+00:00,29729.75,29735,29729.25,29734.75,1126
2026-09-18T03:13:00+00:00,29734.75,29738.25,29731.75,29734.5,1656
2026-09-18T03:14:00+00:00,29734.25,29738,29729.75,29737,796
2026-09-18T03:15:00+00:00,29737,29737.5,29730,29732,705
2026-09-18T03:16:00+00:00,29732.25,29733.25,29730,29730.75,432
2026-09-18T03:17:00+00:00,29731.25,29732.5,29725.75,29726.5,923
2026-09-18T03:18:00+00:00,29726,29727.25,29719.25,29725.25,1384
2026-09-18T03:19:00+00:00,29725.25,29729.5,29724,29729.5,511
2026-09-18T03:20:00+00:00,29729,29737.5,29728,29736.25,864
2026-09-18T03:21:00+00:00,29736.25,29738.5,29734.25,29737.25,705
2026-09-18T03:22:00+00:00,29737.25,29738.25,29733.25,29735.25,562
2026-09-18T03:23:00+00:00,29735.5,29736.75,29728.75,29731,578
2026-09-18T03:24:00+00:00,29731.25,29734.25,29730.5,29731.75,340
2026-09-18T03:25:00+00:00,29732,29734,29730.25,29732.75,332
2026-09-18T03:26:00+00:00,29732.25,29737.75,29730,29736.25,420
2026-09-18T03:27:00+00:00,29736.25,29737.5,29734.25,29734.75,243
2026-09-18T03:28:00+00:00,29734.75,29737.5,29734.25,29737.25,184
2026-09-18T03:29:00+00:00,29737.5,29737.5,29732,29733.5,280
2026-09-18T03:30:00+00:00,29734,29736,29732,29733,344
2026-09-18T03:31:00+00:00,29733.25,29734.25,29729.25,29730,410
2026-09-18T03:32:00+00:00,29729.75,29731.75,29724.5,29731.25,776
2026-09-18T03:33:00+00:00,29731.75,29739.25,29731.75,29738,826
2026-09-18T03:34:00+00:00,29737.5,29739.5,29734.75,29737.75,607
2026-09-18T03:35:00+00:00,29737.25,29742,29737.25,29741,906
2026-09-18T03:36:00+00:00,29740.75,29746.75,29740,29744.5,1414
2026-09-18T03:37:00+00:00,29745,29745.75,29741.75,29744.5,562
2026-09-18T03:38:00+00:00,29745,29745,29740.5,29742.25,515
2026-09-18T03:39:00+00:00,29741.75,29744.75,29738.5,29743,576
2026-09-18T03:40:00+00:00,29743.25,29747.25,29742.25,29746.25,403
2026-09-18T03:41:00+00:00,29746.75,29747,29744.5,29746.25,235
2026-09-18T03:42:00+00:00,29746.25,29748,29745.25,29747.25,330
2026-09-18T03:43:00+00:00,29747.5,29748.25,29745.5,29747,410
2026-09-18T03:44:00+00:00,29747,29748.25,29745.25,29748,300
2026-09-18T03:45:00+00:00,29748,29759.5,29747.5,29755.75,1949
2026-09-18T03:46:00+00:00,29756,29760,29755.75,29757.25,748
2026-09-18T03:47:00+00:00,29757.25,29762,29756.75,29759.75,968
2026-09-18T03:48:00+00:00,29759.5,29761.25,29756.5,29760.5,553
2026-09-18T03:49:00+00:00,29760.5,29764,29760,29762.25,763
2026-09-18T03:50:00+00:00,29762,29764.5,29760.5,29764,466
2026-09-18T03:51:00+00:00,29764,29764.25,29757.5,29758.25,754
2026-09-18T03:52:00+00:00,29758,29758,29754.25,29757.25,647
2026-09-18T03:53:00+00:00,29757.75,29758.5,29753.25,29755.5,418
2026-09-18T03:54:00+00:00,29754.75,29757.25,29754.5,29756.75,284
2026-09-18T03:55:00+00:00,29756.5,29756.5,29753.25,29755.75,346
2026-09-18T03:56:00+00:00,29755.5,29758.75,29755.5,29756.5,273
2026-09-18T03:57:00+00:00,29756.25,29757.25,29753.5,29753.5,278
2026-09-18T03:58:00+00:00,29753.25,29753.75,29749,29751.25,1071
2026-09-18T04:09:00+00:00,29762.75,29764.25,29762.25,29762.75,148
2026-09-18T04:10:00+00:00,29763,29767,29763,29765.25,236
2026-09-18T04:11:00+00:00,29765.25,29767.5,29763.75,29766.5,244
2026-09-18T04:12:00+00:00,29766.5,29769,29766,29766.75,381
2026-09-18T04:13:00+00:00,29767,29768.25,29766.75,29767.25,151
2026-09-18T04:14:00+00:00,29767.25,29768.25,29762.5,29768,546
2026-09-18T04:15:00+00:00,29767.5,29773.5,29767.25,29767.5,1000
2026-09-18T04:16:00+00:00,29767,29771,29763.25,29771,678
2026-09-18T04:17:00+00:00,29771,29771.25,29767,29769.25,338
2026-09-18T04:18:00+00:00,29768.5,29769,29760.75,29762.5,712
2026-09-18T04:19:00+00:00,29763,29768.5,29763,29766.5,392
2026-09-18T04:20:00+00:00,29766.75,29767.5,29760,29761,379
2026-09-18T04:21:00+00:00,29761,29764.75,29759.5,29763.5,412
2026-09-18T04:22:00+00:00,29763.75,29765,29761.75,29764.25,282
2026-09-18T04:23:00+00:00,29764.25,29764.25,29759,29762.25,366
2026-09-18T04:24:00+00:00,29761.75,29763.75,29759.25,29760,416
2026-09-18T04:25:00+00:00,29760,29761.25,29754.75,29760.5,853
2026-09-18T04:26:00+00:00,29760,29766.5,29760,29765.5,631
2026-09-18T04:27:00+00:00,29765.75,29771.5,29762.25,29771,795
2026-09-18T04:28:00+00:00,29771.25,29771.75,29768.25,29768.75,441
2026-09-18T04:29:00+00:00,29769,29772.75,29769,29772.5,339
2026-09-18T04:30:00+00:00,29772.5,29777.75,29772.25,29773.5,1563
2026-09-18T04:31:00+00:00,29773.75,29779.75,29773,29777.75,681
2026-09-18T04:32:00+00:00,29777.5,29779.75,29777.25,29778,437
2026-09-18T04:33:00+00:00,29778.25,29779.75,29777.5,29778.5,333
2026-09-18T04:34:00+00:00,29778.5,29779,29770.75,29772.75,649
2026-09-18T04:35:00+00:00,29772.25,29774.5,29772,29774.25,273
2026-09-18T04:36:00+00:00,29772.75,29772.75,29769,29769.75,390
2026-09-18T04:37:00+00:00,29770.5,29773,29768,29768.25,490
2026-09-18T04:38:00+00:00,29768.5,29770,29766,29768.25,305
2026-09-18T04:39:00+00:00,29768.75,29770,29767.25,29769.5,190
2026-09-18T04:40:00+00:00,29769.5,29770.75,29765.75,29769.25,230
2026-09-18T04:41:00+00:00,29769.5,29773.75,29768.5,29773.5,333
2026-09-18T04:42:00+00:00,29773.5,29785,29772.5,29784.5,1584
2026-09-18T04:43:00+00:00,29784.25,29800.5,29782,29797,3011
2026-09-18T04:44:00+00:00,29797,29797,29791,29795.5,1221
2026-09-18T04:45:00+00:00,29795.5,29796.75,29792.25,29792.5,658
2026-09-18T04:46:00+00:00,29792.75,29793.75,29789.25,29793.75,549
2026-09-18T04:47:00+00:00,29793.75,29793.75,29786.5,29787.75,598
2026-09-18T04:48:00+00:00,29788,29791.5,29788,29790,268
2026-09-18T04:49:00+00:00,29789.75,29792.25,29789.5,29791.5,364
2026-09-18T04:50:00+00:00,29791,29802.25,29790.75,29795.75,1358
2026-09-18T04:51:00+00:00,29795.75,29801,29795.75,29799.75,396
2026-09-18T04:52:00+00:00,29799.75,29810,29798.75,29809,1555
2026-09-18T04:53:00+00:00,29809.5,29810.25,29806,29808.25,758
2026-09-18T04:54:00+00:00,29808.75,29809,29804,29805,610
2026-09-18T04:55:00+00:00,29804.5,29809,29802.5,29806,683
2026-09-18T04:56:00+00:00,29806.25,29814.5,29805.5,29812.25,1042
2026-09-18T04:57:00+00:00,29812.25,29813,29810,29810.25,432
2026-09-18T04:58:00+00:00,29810.25,29810.75,29806.75,29808.25,457
2026-09-18T04:59:00+00:00,29808.25,29811.25,29807,29810.5,328
2026-09-18T05:00:00+00:00,29810.5,29810.75,29805.5,29809,536
2026-09-18T05:01:00+00:00,29809.25,29809.75,29803.75,29806.75,452
2026-09-18T05:02:00+00:00,29806.75,29809.75,29806,29806,289
2026-09-18T05:03:00+00:00,29806.5,29812.25,29806,29809.5,379
2026-09-18T05:04:00+00:00,29810,29811.5,29808.25,29811.25,279
2026-09-18T05:05:00+00:00,29811.75,29812.25,29806.25,29806.25,370
2026-09-18T05:06:00+00:00,29806.25,29808,29803.25,29805.25,622
2026-09-18T05:07:00+00:00,29804.75,29811.25,29804.75,29809.25,426
2026-09-18T05:08:00+00:00,29808.75,29809.25,29805.25,29806.25,189
2026-09-18T05:09:00+00:00,29806,29807.5,29802.75,29805.5,330
2026-09-18T05:10:00+00:00,29805.5,29810,29805.5,29809.75,318
2026-09-18T05:11:00+00:00,29809.75,29815.75,29808.25,29813.25,931
2026-09-18T05:12:00+00:00,29813.5,29814.25,29807.75,29809.75,566
2026-09-18T05:13:00+00:00,29810,29812.5,29806.25,29807,353
2026-09-18T05:14:00+00:00,29807.25,29811,29806.75,29810.25,282
2026-09-18T05:15:00+00:00,29810.75,29813,29810,29811.5,327
2026-09-18T05:16:00+00:00,29810.75,29815.25,29810.5,29813.25,430
2026-09-18T05:17:00+00:00,29813.5,29815.25,29811.5,29814.5,318
2026-09-18T05:18:00+00:00,29814.5,29815.25,29812.5,29813.75,218
2026-09-18T05:19:00+00:00,29814,29814.5,29813,29814.25,217
2026-09-18T05:20:00+00:00,29814,29815.5,29812.5,29813,266
2026-09-18T05:21:00+00:00,29812.75,29818.25,29812.5,29817,978
2026-09-18T05:22:00+00:00,29817,29818.25,29814.75,29816.25,566
2026-09-18T05:23:00+00:00,29816.25,29819.25,29815.75,29817.25,397
2026-09-18T05:24:00+00:00,29817.25,29824.25,29816.75,29821.75,1195
2026-09-18T05:25:00+00:00,29821.75,29827,29821.5,29822,1121
2026-09-18T05:26:00+00:00,29822.25,29822.75,29809.75,29814.5,1585
2026-09-18T05:27:00+00:00,29815,29815.5,29807.5,29808.5,862
2026-09-18T05:28:00+00:00,29809,29811.5,29807.75,29810,423
2026-09-18T05:29:00+00:00,29810,29820.5,29809.75,29815,900
2026-09-18T05:30:00+00:00,29815,29825.25,29812,29824.25,1218
2026-09-18T05:31:00+00:00,29824.25,29825.5,29816,29821.25,519
2026-09-18T05:32:00+00:00,29821.5,29825.25,29820.75,29823,420
2026-09-18T05:33:00+00:00,29823.25,29829.25,29822.5,29824.25,1280
2026-09-18T05:34:00+00:00,29824.25,29825.75,29823.25,29824.25,293
2026-09-18T05:35:00+00:00,29823.75,29825.5,29822.75,29824,408
2026-09-18T05:36:00+00:00,29824,29828.5,29821.25,29828.25,555
2026-09-18T05:37:00+00:00,29827.75,29831.75,29823.5,29831,965
2026-09-18T05:38:00+00:00,29830.75,29839.75,29828.75,29837.25,1978
2026-09-18T05:39:00+00:00,29837.75,29844.75,29837.25,29841,1422
2026-09-18T05:40:00+00:00,29840.75,29843.75,29839.25,29842.25,739
2026-09-18T05:41:00+00:00,29842,29844.25,29836.75,29838.25,718
2026-09-18T05:42:00+00:00,29838.5,29840.5,29834.25,29840.5,690
2026-09-18T05:43:00+00:00,29840,29847.5,29838.5,29844.25,1432
2026-09-18T05:44:00+00:00,29844.25,29854.25,29842.5,29854.25,1480
2026-09-18T05:45:00+00:00,29853.5,29860,29849.25,29849.5,1887
2026-09-18T05:46:00+00:00,29849.75,29852.5,29844.25,29844.75,1176
2026-09-18T05:47:00+00:00,29845.75,29852.25,29838.5,29843.25,1481
2026-09-18T05:48:00+00:00,29843.5,29852,29839.75,29850.25,907
2026-09-18T05:49:00+00:00,29850,29851.75,29840,29840.25,791
2026-09-18T05:50:00+00:00,29840,29852,29839.75,29852,1086
2026-09-18T05:51:00+00:00,29851.5,29853.25,29844.5,29847.5,661
2026-09-18T05:52:00+00:00,29847,29849.25,29839.75,29842,594
2026-09-18T05:53:00+00:00,29841.25,29847.25,29841.25,29845,338
2026-09-18T05:54:00+00:00,29845.25,29847,29840,29842.25,420
2026-09-18T05:55:00+00:00,29841.5,29844,29839.5,29841.5,431
2026-09-18T05:56:00+00:00,29841.5,29843.5,29838.75,29840,419
2026-09-18T05:57:00+00:00,29840,29843.5,29839,29841.25,339
2026-09-18T05:58:00+00:00,29841.5,29843.25,29838.5,29843,395
2026-09-18T05:59:00+00:00,29843,29849.5,29843,29846.5,599
2026-09-18T06:00:00+00:00,29846,29858.25,29844.75,29854,1402
2026-09-18T06:01:00+00:00,29853.75,29863.75,29853.25,29862.25,1570
2026-09-18T06:02:00+00:00,29862,29870,29856.75,29869.25,1832
2026-09-18T06:03:00+00:00,29870,29871,29865.5,29867.5,1528
2026-09-18T06:04:00+00:00,29868,29869.75,29862.25,29868.5,745
2026-09-18T06:05:00+00:00,29868.75,29870.25,29861.75,29866.5,710
2026-09-18T06:06:00+00:00,29866.75,29871,29864.25,29865.5,617
2026-09-18T06:07:00+00:00,29865.25,29869.5,29864.5,29869.25,614
2026-09-18T06:08:00+00:00,29869.75,29872.5,29868,29870.5,897
2026-09-18T06:09:00+00:00,29870,29872,29868.75,29871.25,463
2026-09-18T06:10:00+00:00,29871,29874,29864,29873,944
2026-09-18T06:11:00+00:00,29873.25,29878.5,29873,29875,1232
2026-09-18T06:12:00+00:00,29874.75,29880.25,29872.75,29878,999
2026-09-18T06:13:00+00:00,29877.75,29881.5,29877,29880,549
2026-09-18T06:14:00+00:00,29880.5,29885.5,29879.75,29882.75,1035
2026-09-18T06:15:00+00:00,29883,29890,29881.5,29883.5,1765
2026-09-18T06:16:00+00:00,29883.5,29886.5,29882.25,29884,672
2026-09-18T06:17:00+00:00,29884,29884,29876.5,29880.5,1385
2026-09-18T06:18:00+00:00,29880.75,29880.75,29870.75,29876,1405
2026-09-18T06:19:00+00:00,29877.75,29884.75,29877.75,29880,957
2026-09-18T06:20:00+00:00,29880,29880,29874,29875.25,613
2026-09-18T06:21:00+00:00,29875,29883,29874.5,29881.5,510
2026-09-18T06:22:00+00:00,29881,29892.25,29879.75,29889.75,1107
2026-09-18T06:23:00+00:00,29889,29896.75,29888.25,29893,1171
2026-09-18T06:24:00+00:00,29893.25,29895,29891.25,29892.25,643
2026-09-18T06:25:00+00:00,29892,29897,29891.75,29894.5,737
2026-09-18T06:26:00+00:00,29894,29895,29890,29893.5,588
2026-09-18T06:27:00+00:00,29893.5,29896.25,29892.5,29894.5,380
2026-09-18T06:28:00+00:00,29894,29897,29893,29894.75,269
2026-09-18T06:29:00+00:00,29894.5,29895.5,29882.75,29885.25,1141
2026-09-18T06:30:00+00:00,29885.25,29894,29884,29893.5,974
2026-09-18T06:31:00+00:00,29893.5,29897.5,29892.5,29896.75,782
2026-09-18T06:32:00+00:00,29896.75,29905,29894.75,29904.5,1977
2026-09-18T06:33:00+00:00,29903.75,29913.25,29903.75,29906.5,2007
2026-09-18T06:34:00+00:00,29907.25,29908,29903.5,29905.5,759
2026-09-18T06:35:00+00:00,29906,29912,29904.75,29909.25,715
2026-09-18T06:36:00+00:00,29909.5,29909.5,29902,29902.5,574
2026-09-18T06:37:00+00:00,29903,29909.75,29901,29909,635
2026-09-18T06:38:00+00:00,29909.5,29919,29908.75,29916,2078
2026-09-18T06:39:00+00:00,29916.5,29919.25,29913,29917.25,926
2026-09-18T06:40:00+00:00,29917.5,29917.75,29911.25,29913.75,454
2026-09-18T06:41:00+00:00,29914.25,29917.75,29912,29913.5,519
2026-09-18T06:42:00+00:00,29914,29914.25,29901.25,29905.75,1284
2026-09-18T06:43:00+00:00,29905.75,29907,29902,29904.75,446
2026-09-18T06:44:00+00:00,29905.75,29908,29899.25,29906,895
2026-09-18T06:45:00+00:00,29906.25,29909.25,29901.75,29906.25,523
2026-09-18T06:46:00+00:00,29906,29912.5,29904.5,29907.75,784
2026-09-18T06:47:00+00:00,29907.5,29911.75,29902.5,29903.25,484
2026-09-18T06:48:00+00:00,29903.5,29909,29903,29906.75,340
2026-09-18T06:49:00+00:00,29906.75,29908.5,29905.5,29907,184
2026-09-18T06:50:00+00:00,29907.75,29909,29905.75,29909,229
2026-09-18T06:51:00+00:00,29908.75,29911,29907,29911,329
2026-09-18T06:52:00+00:00,29911,29912.75,29906.5,29911,345
2026-09-18T06:53:00+00:00,29911.25,29911.25,29904.75,29907.5,446
2026-09-18T06:54:00+00:00,29908,29910.25,29906,29908,256
2026-09-18T06:55:00+00:00,29909,29910.25,29907.5,29908.75,202
2026-09-18T06:56:00+00:00,29908.75,29913.75,29907.75,29912,407
2026-09-18T06:57:00+00:00,29911.5,29917.25,29908.75,29916.25,543
2026-09-18T06:58:00+00:00,29916.25,29923,29914.25,29918.75,864
2026-09-18T06:59:00+00:00,29919.5,29920.5,29915.75,29916.5,539
2026-09-18T07:00:00+00:00,29916.25,29921.5,29913.25,29920.25,1135
2026-09-18T07:01:00+00:00,29920.25,29926.25,29918.75,29923,1137
2026-09-18T07:02:00+00:00,29922.25,29922.5,29910.25,29919,964
2026-09-18T07:03:00+00:00,29918.75,29922.25,29916,29919.25,646
2026-09-18T07:04:00+00:00,29919.5,29926,29916.25,29922.5,897
2026-09-18T07:05:00+00:00,29923.25,29923.5,29918.25,29919,420
2026-09-18T07:06:00+00:00,29919.25,29920.25,29915,29918,432
2026-09-18T07:07:00+00:00,29918,29921.5,29916.25,29919.25,356
2026-09-18T07:08:00+00:00,29919.75,29926,29918.25,29923.75,456
2026-09-18T07:09:00+00:00,29923.5,29928.5,29920,29925.25,592
2026-09-18T07:10:00+00:00,29925,29937.5,29923.25,29934.25,1810
2026-09-18T07:11:00+00:00,29934,29938,29928,29935.25,784
2026-09-18T07:12:00+00:00,29935.25,29937.75,29930.75,29935.5,528
2026-09-18T07:13:00+00:00,29935.75,29938.75,29927.25,29929,895
2026-09-18T07:14:00+00:00,29929.5,29930.5,29920.25,29921.25,837
2026-09-18T07:15:00+00:00,29922,29926,29919,29922.25,635
2026-09-18T07:16:00+00:00,29922.25,29934,29919.25,29930,714
2026-09-18T07:17:00+00:00,29929.75,29933,29926.75,29931.25,461
2026-09-18T07:18:00+00:00,29931.75,29936.5,29931.25,29933,366
2026-09-18T07:19:00+00:00,29933.75,29935,29929.25,29932.5,517
2026-09-18T07:20:00+00:00,29932.5,29938,29932.25,29934.25,562
2026-09-18T07:21:00+00:00,29934.25,29935.5,29929.5,29931.75,451
2026-09-18T07:22:00+00:00,29931.25,29939,29931.25,29936.75,566
2026-09-18T07:23:00+00:00,29936.5,29947.5,29934.5,29944,1811
2026-09-18T07:24:00+00:00,29943.25,29945,29937,29941.25,716
2026-09-18T07:25:00+00:00,29941.5,29952.25,29940.5,29952.25,1104
2026-09-18T07:26:00+00:00,29951.25,29963.5,29951.25,29956.75,2238
2026-09-18T07:27:00+00:00,29957.75,29960,29956.5,29959,693
2026-09-18T07:28:00+00:00,29959.25,29965,29956,29957.75,945
2026-09-18T07:29:00+00:00,29957.5,29962.25,29957.5,29961.5,649
2026-09-18T07:30:00+00:00,29961.5,29967.25,29960,29966.25,1128
2026-09-18T07:31:00+00:00,29966,29967,29953.5,29954.25,979
2026-09-18T07:32:00+00:00,29954.25,29958,29952.5,29956,784
2026-09-18T07:33:00+00:00,29956.5,29957.25,29953.75,29955,358
2026-09-18T07:34:00+00:00,29955.25,29960.25,29952.5,29958.75,888
2026-09-18T07:35:00+00:00,29959.25,29959.5,29955.25,29956.25,352
2026-09-18T07:36:00+00:00,29956.75,29961,29952.75,29960.25,562
2026-09-18T07:37:00+00:00,29960,29961.75,29954.5,29957.5,539
2026-09-18T07:38:00+00:00,29957.25,29960.75,29952,29960,571
2026-09-18T07:39:00+00:00,29959.75,29962.25,29957,29959.5,473
2026-09-18T07:40:00+00:00,29959.75,29960.25,29949.75,29951.75,730
2026-09-18T07:41:00+00:00,29952.5,29952.75,29945.25,29949.75,1064
2026-09-18T07:42:00+00:00,29950.25,29950.5,29936.75,29937.25,1239
2026-09-18T07:43:00+00:00,29937.25,29943.75,29936.5,29940.5,1145
2026-09-18T07:44:00+00:00,29940.25,29945.75,29938.75,29939.25,490
2026-09-18T07:45:00+00:00,29939.5,29942,29936.25,29938,666
2026-09-18T07:46:00+00:00,29938.5,29940.5,29933.75,29936.25,589
2026-09-18T07:47:00+00:00,29936,29943.25,29936,29941,647
2026-09-18T07:48:00+00:00,29941.5,29941.75,29934.75,29938.5,416
2026-09-18T07:49:00+00:00,29939,29946.25,29937.75,29946,371
2026-09-18T07:50:00+00:00,29945.75,29946,29939,29940.5,456
2026-09-18T07:51:00+00:00,29941,29943,29937.75,29942,288
2026-09-18T07:52:00+00:00,29942,29946.75,29939.25,29943,517
2026-09-18T07:53:00+00:00,29943.25,29952,29942,29947.75,1050
2026-09-18T07:54:00+00:00,29947.25,29950.25,29945,29948,337
2026-09-18T07:55:00+00:00,29947.5,29948.75,29937.25,29940.25,614
2026-09-18T07:56:00+00:00,29939.5,29940.5,29934,29937.5,699
2026-09-18T07:57:00+00:00,29937.5,29938.25,29929.5,29933.25,895
2026-09-18T07:58:00+00:00,29933.25,29935,29929.5,29932,592
2026-09-18T07:59:00+00:00,29933,29933,29923.5,29929.75,1054
2026-09-18T08:00:00+00:00,29928.75,29939,29924,29931.75,1947
2026-09-18T08:01:00+00:00,29931,29936,29922,29927.5,1612
2026-09-18T08:02:00+00:00,29927.5,29939.75,29927.5,29939.5,870
2026-09-18T08:03:00+00:00,29939.75,29945,29935.25,29936.75,1268
2026-09-18T08:04:00+00:00,29936.25,29940.5,29925.25,29926.5,1164
2026-09-18T08:05:00+00:00,29927,29929.25,29920.5,29922.5,1447
2026-09-18T08:06:00+00:00,29923.25,29928.75,29915.25,29917,1388
2026-09-18T08:07:00+00:00,29917.25,29925,29914,29915.5,1049
2026-09-18T08:08:00+00:00,29915.25,29919,29914,29917.75,690
2026-09-18T08:09:00+00:00,29917,29917,29905.5,29907.25,1150
2026-09-18T08:10:00+00:00,29907.5,29919.5,29904,29914.5,1205
2026-09-18T08:11:00+00:00,29914,29914.75,29906.5,29909,711
2026-09-18T08:12:00+00:00,29908.5,29913.25,29905,29908.25,794
2026-09-18T08:13:00+00:00,29909,29917,29904.75,29912.75,568
2026-09-18T08:14:00+00:00,29912.25,29915.5,29910.75,29913,439
2026-09-18T08:15:00+00:00,29912.5,29915.25,29908.25,29914.25,630
2026-09-18T08:16:00+00:00,29913.25,29916.25,29908.75,29916.25,481
2026-09-18T08:17:00+00:00,29915.5,29920.5,29915.5,29918.75,629
2026-09-18T08:18:00+00:00,29918.75,29920.5,29916.25,29916.75,353
2026-09-18T08:19:00+00:00,29916.75,29920.5,29914,29919.5,497
2026-09-18T08:20:00+00:00,29920,29931.5,29919,29929,1429
2026-09-18T08:21:00+00:00,29928.5,29929,29920.75,29926,660
2026-09-18T08:22:00+00:00,29926,29927,29917,29917.5,622
2026-09-18T08:23:00+00:00,29917.75,29923.5,29913.25,29914.5,866
2026-09-18T08:24:00+00:00,29915,29920.5,29912,29917,616
2026-09-18T08:25:00+00:00,29917.5,29921.75,29916.75,29920,486
2026-09-18T08:26:00+00:00,29919.75,29919.75,29911.75,29918,554
2026-09-18T08:27:00+00:00,29918.25,29919.25,29911.75,29914.25,426
2026-09-18T08:28:00+00:00,29914,29915.25,29904.5,29905.75,754
2026-09-18T08:29:00+00:00,29905.75,29907,29895.25,29897.25,1574
2026-09-18T08:30:00+00:00,29896.75,29902.25,29892.5,29899.5,1540
2026-09-18T08:31:00+00:00,29899.5,29906,29898.75,29905.5,790
2026-09-18T08:32:00+00:00,29905.25,29909.25,29899.5,29908.75,692
2026-09-18T08:33:00+00:00,29909,29911.25,29905.25,29909.75,486
2026-09-18T08:34:00+00:00,29910.5,29914,29907.5,29913,482
2026-09-18T08:35:00+00:00,29913.25,29917.5,29910.25,29911.25,606
2026-09-18T08:36:00+00:00,29911,29914.25,29909.75,29911.25,365
2026-09-18T08:37:00+00:00,29910.75,29910.75,29905,29906,492
2026-09-18T08:38:00+00:00,29906,29911.25,29902,29902.75,643
2026-09-18T08:39:00+00:00,29902.5,29907.75,29902.5,29905.25,277
2026-09-18T08:40:00+00:00,29905,29906.75,29900,29906.5,614
2026-09-18T08:41:00+00:00,29906.5,29907.5,29903.25,29905.5,340
2026-09-18T08:42:00+00:00,29905.5,29906.5,29901.5,29902.5,275
2026-09-18T08:43:00+00:00,29901,29907.25,29900,29906,475
2026-09-18T08:44:00+00:00,29906.25,29913.5,29905.5,29912.5,814
2026-09-18T08:45:00+00:00,29912,29918.75,29911.25,29912.75,994
2026-09-18T08:46:00+00:00,29912.25,29914.75,29909.25,29912.5,371
2026-09-18T08:47:00+00:00,29911.75,29915.5,29910.75,29914,292
2026-09-18T08:48:00+00:00,29914.5,29916.75,29908.5,29910.75,532
2026-09-18T08:49:00+00:00,29910.5,29913,29904.75,29908,524
2026-09-18T08:50:00+00:00,29909,29914.75,29908.75,29912.5,242
2026-09-18T08:51:00+00:00,29912.75,29913.25,29909.75,29912.5,268
2026-09-18T08:52:00+00:00,29911,29913,29904,29908.25,563
2026-09-18T08:53:00+00:00,29908.25,29909.75,29903.75,29903.75,236
2026-09-18T08:54:00+00:00,29904,29907,29896,29896,684
2026-09-18T08:55:00+00:00,29896,29900,29892.5,29898.75,583
2026-09-18T08:56:00+00:00,29898.5,29901.5,29894,29901.25,429
2026-09-18T08:57:00+00:00,29901.25,29901.5,29897.25,29898,278
2026-09-18T08:58:00+00:00,29897,29898,29891,29893.75,583
2026-09-18T08:59:00+00:00,29893.75,29897,29891.5,29893.25,332
2026-09-18T09:00:00+00:00,29893.5,29894.5,29887,29892.75,770
2026-09-18T09:01:00+00:00,29892.5,29893.75,29881,29882,1185
2026-09-18T09:02:00+00:00,29881.75,29886,29880,29884.25,826
2026-09-18T09:03:00+00:00,29884.75,29889,29883,29888.5,653
2026-09-18T09:04:00+00:00,29888.25,29889.25,29884.75,29885.25,453
2026-09-18T09:05:00+00:00,29885.5,29892.75,29880.75,29891.5,743
2026-09-18T09:06:00+00:00,29891.75,29893.5,29886.75,29888,531
2026-09-18T09:07:00+00:00,29888.5,29889.5,29885.25,29886,357
2026-09-18T09:08:00+00:00,29885.25,29895,29885,29892.75,289
2026-09-18T09:09:00+00:00,29893.25,29893.5,29887.5,29888.25,301
2026-09-18T09:10:00+00:00,29888.25,29892.25,29883.75,29892.25,388
2026-09-18T09:11:00+00:00,29891.75,29895.75,29889,29895,362
2026-09-18T09:12:00+00:00,29895,29895,29887,29887.5,227
2026-09-18T09:13:00+00:00,29887.75,29890,29887,29887.75,232
2026-09-18T09:14:00+00:00,29887.5,29888.75,29881.25,29884.25,438
2026-09-18T09:15:00+00:00,29883.75,29886.75,29881,29886.5,260
2026-09-18T09:16:00+00:00,29886.5,29890.5,29883.5,29887.75,300
2026-09-18T09:17:00+00:00,29887.5,29893.5,29885,29890.75,250
2026-09-18T09:18:00+00:00,29890.5,29891,29886.25,29888.75,143
2026-09-18T09:19:00+00:00,29888.25,29894.75,29887,29894.25,271
2026-09-18T09:20:00+00:00,29894,29897.25,29891.75,29895,445
2026-09-18T09:21:00+00:00,29894.5,29896,29890.75,29893,210
2026-09-18T09:22:00+00:00,29892.5,29899.75,29891.75,29894,514
2026-09-18T09:23:00+00:00,29894,29897,29891.25,29893.5,168
2026-09-18T09:24:00+00:00,29891.25,29893.5,29886.5,29887.75,352
2026-09-18T09:25:00+00:00,29887.75,29891.25,29884.25,29888.25,432
2026-09-18T09:26:00+00:00,29887.75,29887.75,29878,29879.25,798
2026-09-18T09:27:00+00:00,29878.75,29879.75,29873,29876.5,892
2026-09-18T09:28:00+00:00,29876.5,29878,29870,29875.75,998
2026-09-18T09:29:00+00:00,29875.5,29876,29872.75,29873,327
2026-09-18T09:30:00+00:00,29872.75,29874.5,29863.25,29867.25,1115
2026-09-18T09:31:00+00:00,29867.25,29868.5,29862.75,29863.75,506
2026-09-18T09:32:00+00:00,29863.75,29871.75,29863,29871.25,560
2026-09-18T09:33:00+00:00,29871.75,29874,29866.25,29867.75,719
2026-09-18T09:34:00+00:00,29868,29868.25,29863,29865.5,443
2026-09-18T09:35:00+00:00,29865.5,29870,29865.25,29868.5,331
2026-09-18T09:36:00+00:00,29868.25,29872.5,29862.75,29865,372
2026-09-18T09:37:00+00:00,29864.25,29865,29859.25,29861.25,582
2026-09-18T09:38:00+00:00,29861.25,29861.25,29852.25,29853.25,843
2026-09-18T09:39:00+00:00,29853.5,29856.25,29847.75,29848.25,859
2026-09-18T09:40:00+00:00,29848,29853.25,29844.75,29845.75,881
2026-09-18T09:41:00+00:00,29846.25,29849,29843,29846,529
2026-09-18T09:42:00+00:00,29846.5,29848.5,29842.25,29848.5,599
2026-09-18T09:43:00+00:00,29848,29854,29846.25,29847.25,647
2026-09-18T09:44:00+00:00,29846.75,29849.5,29837,29837.5,852
2026-09-18T09:45:00+00:00,29838,29846,29835.75,29845.5,949
2026-09-18T09:46:00+00:00,29844.75,29850.75,29844.75,29849.5,650
2026-09-18T09:47:00+00:00,29849.5,29852,29847.25,29847.75,378
2026-09-18T09:48:00+00:00,29847.75,29849,29841.25,29844.5,555
2026-09-18T09:49:00+00:00,29843.5,29847.75,29843.5,29845,287
2026-09-18T09:50:00+00:00,29844.25,29851.5,29841.5,29850.5,590
2026-09-18T09:51:00+00:00,29850.25,29857.25,29848.5,29853.25,888
2026-09-18T09:52:00+00:00,29853.75,29853.75,29848.5,29851.25,504
2026-09-18T09:53:00+00:00,29851,29852.5,29846.5,29848,349
2026-09-18T09:54:00+00:00,29847.75,29851.25,29843.5,29849.25,433
2026-09-18T09:55:00+00:00,29849.5,29849.5,29845.5,29848.25,257
2026-09-18T09:56:00+00:00,29848.25,29849.25,29845.5,29847,301
2026-09-18T09:57:00+00:00,29847,29851.5,29844.5,29848.75,385
2026-09-18T09:58:00+00:00,29849,29850.5,29845,29849.25,375
2026-09-18T09:59:00+00:00,29848.75,29853.5,29838.25,29838.5,879
2026-09-18T10:00:00+00:00,29838.25,29847.5,29837.75,29846.25,688
2026-09-18T10:01:00+00:00,29845.5,29846.25,29839.25,29840.75,406
2026-09-18T10:02:00+00:00,29841.5,29845.5,29841.5,29843.75,233
2026-09-18T10:03:00+00:00,29843.25,29850,29842.5,29850,328
2026-09-18T10:04:00+00:00,29850,29851,29841.25,29846.75,490
2026-09-18T10:05:00+00:00,29846.5,29852.25,29844,29845.25,451
2026-09-18T10:06:00+00:00,29844.5,29850.75,29843.25,29850.75,370
2026-09-18T10:07:00+00:00,29850.25,29855.25,29846.5,29852.5,477
2026-09-18T10:08:00+00:00,29852.5,29854.25,29847.5,29851.75,519
2026-09-18T10:09:00+00:00,29851.25,29853.5,29850.5,29851.5,175
2026-09-18T10:10:00+00:00,29851.5,29856.5,29849,29853.5,286
2026-09-18T10:11:00+00:00,29853.5,29853.75,29846.25,29849,385
2026-09-18T10:12:00+00:00,29848.75,29851.75,29847,29850.75,285
2026-09-18T10:13:00+00:00,29850.5,29852.25,29847.75,29851.25,156
2026-09-18T10:14:00+00:00,29851.25,29861,29850.75,29857.75,637
2026-09-18T10:15:00+00:00,29857.25,29863,29856.5,29861.25,989
2026-09-18T10:16:00+00:00,29861,29863.75,29859.25,29863.25,500
2026-09-18T10:17:00+00:00,29862.5,29867.25,29862,29865.25,873
2026-09-18T10:18:00+00:00,29865.25,29872.5,29864.5,29867.25,1034
2026-09-18T10:19:00+00:00,29867,29869.25,29861.75,29866.75,559
2026-09-18T10:20:00+00:00,29867,29872.75,29865.5,29869.75,437
2026-09-18T10:21:00+00:00,29869.25,29871,29865.75,29868.75,303
2026-09-18T10:22:00+00:00,29868.75,29874.75,29868.75,29874,566
2026-09-18T10:23:00+00:00,29873.25,29874.25,29869.5,29874,288
2026-09-18T10:24:00+00:00,29874,29874.75,29870,29872.25,452
2026-09-18T10:25:00+00:00,29871.25,29872.75,29867.75,29867.75,356
2026-09-18T10:26:00+00:00,29868.5,29872,29866.25,29871.75,825
2026-09-18T10:27:00+00:00,29872.25,29873.25,29868.5,29872.25,775
2026-09-18T10:28:00+00:00,29872.5,29877.75,29871.25,29875.25,552
2026-09-18T10:29:00+00:00,29875.75,29878.5,29874.25,29877.25,363
2026-09-18T10:30:00+00:00,29876.75,29887,29875.5,29883,1639
2026-09-18T10:31:00+00:00,29882.25,29886.75,29880,29886.25,509
2026-09-18T10:32:00+00:00,29885.25,29888,29883.75,29887,437
2026-09-18T10:33:00+00:00,29887,29890.25,29884.5,29888.25,539
2026-09-18T10:34:00+00:00,29888.25,29889,29885,29886,296
2026-09-18T10:35:00+00:00,29886.5,29889,29884.25,29887.25,322
2026-09-18T10:36:00+00:00,29887.25,29894.75,29887.25,29891.25,924
2026-09-18T10:37:00+00:00,29891.25,29901.5,29891,29898.5,1023
2026-09-18T10:38:00+00:00,29898.5,29903.5,29896.75,29897.75,642
2026-09-18T10:39:00+00:00,29897.75,29899.25,29894,29897.25,741
2026-09-18T10:40:00+00:00,29896.75,29898.25,29895.25,29896.5,266
2026-09-18T10:41:00+00:00,29897,29899,29894,29894.5,340
2026-09-18T10:42:00+00:00,29894.5,29895,29887.5,29888,832
2026-09-18T10:43:00+00:00,29888.25,29896,29887.5,29891.5,461
2026-09-18T10:44:00+00:00,29892,29892.75,29889.5,29891.75,240
2026-09-18T10:45:00+00:00,29891.75,29892.75,29885,29886,557
2026-09-18T10:46:00+00:00,29885.75,29887.25,29878,29880,904
2026-09-18T10:47:00+00:00,29880.5,29882.25,29877.25,29877.5,329
2026-09-18T10:48:00+00:00,29878,29880,29876.5,29877.25,351
2026-09-18T10:49:00+00:00,29877,29880.5,29876,29879.5,345
2026-09-18T10:50:00+00:00,29879.5,29880.75,29874.5,29876.25,372
2026-09-18T10:51:00+00:00,29876.75,29879.5,29876,29879.25,364
2026-09-18T10:52:00+00:00,29879.25,29879.75,29874.75,29877.5,193
2026-09-18T10:53:00+00:00,29878,29879.25,29876,29877.75,143
2026-09-18T10:54:00+00:00,29878.75,29883.5,29872.75,29878.5,735
2026-09-18T10:55:00+00:00,29878.5,29880,29875.75,29876,338
2026-09-18T10:56:00+00:00,29876.5,29882.5,29874.5,29881.25,306
2026-09-18T10:57:00+00:00,29881.25,29882.5,29877.5,29879.25,317
2026-09-18T10:58:00+00:00,29878.5,29879.75,29874,29877.5,391
2026-09-18T10:59:00+00:00,29877.5,29880,29876,29877.5,225
2026-09-18T11:00:00+00:00,29878,29879.25,29860.25,29868.5,1835
2026-09-18T11:01:00+00:00,29868.75,29885.5,29865.5,29877.25,1774
2026-09-18T11:02:00+00:00,29878.25,29884.5,29876.5,29877.5,649
2026-09-18T11:03:00+00:00,29877.5,29889,29876.5,29887.75,922
2026-09-18T11:04:00+00:00,29887.75,29899,29887.25,29896.5,1469
2026-09-18T11:05:00+00:00,29897.25,29897.25,29848.25,29849.5,6653
2026-09-18T11:06:00+00:00,29849.5,29863.5,29842.25,29859.5,3693
2026-09-18T11:07:00+00:00,29859,29862,29852.25,29859.75,1119
2026-09-18T11:08:00+00:00,29860.25,29866.5,29858.5,29860.75,920
2026-09-18T11:09:00+00:00,29860.75,29867,29856.75,29866.5,647
2026-09-18T11:10:00+00:00,29866.5,29871,29863.75,29868.75,880
2026-09-18T11:11:00+00:00,29869,29872.75,29861,29864.5,742
2026-09-18T11:12:00+00:00,29864.25,29868.75,29862,29865,409
2026-09-18T11:13:00+00:00,29864.5,29864.5,29846.5,29848.75,934
2026-09-18T11:14:00+00:00,29848.75,29859.5,29844.25,29856.5,886
2026-09-18T11:15:00+00:00,29856.75,29857,29848,29850.5,595
2026-09-18T11:16:00+00:00,29850.75,29851,29840,29840.75,790
2026-09-18T11:17:00+00:00,29841,29841.75,29828.25,29835,2109
2026-09-18T11:18:00+00:00,29835,29840.25,29832,29834.25,818
2026-09-18T11:19:00+00:00,29835,29838.5,29831,29836,679
2026-09-18T11:20:00+00:00,29836,29836.5,29823.75,29828.25,1324
2026-09-18T11:21:00+00:00,29828.25,29839,29827.5,29834.5,819
2026-09-18T11:22:00+00:00,29834.25,29846.25,29833.75,29844.75,887
2026-09-18T11:23:00+00:00,29844.25,29845.25,29836,29840.25,581
2026-09-18T11:24:00+00:00,29840.5,29841,29832.25,29835.25,612
2026-09-18T11:25:00+00:00,29835.25,29838.75,29831.75,29832.75,437
2026-09-18T11:26:00+00:00,29833.25,29839.25,29832.5,29836,392
2026-09-18T11:27:00+00:00,29835.5,29837.5,29830.75,29834,517
2026-09-18T11:28:00+00:00,29834,29839,29830.75,29837.25,438
2026-09-18T11:29:00+00:00,29837,29837.25,29827.25,29830.25,940
2026-09-18T11:30:00+00:00,29830.25,29837.25,29829.5,29836,593
2026-09-18T11:31:00+00:00,29836.25,29851.5,29835.5,29850.5,1363
2026-09-18T11:32:00+00:00,29850.5,29853.25,29847.25,29853.25,716
2026-09-18T11:33:00+00:00,29853,29854.25,29849.25,29849.5,564
2026-09-18T11:34:00+00:00,29849.5,29852.25,29841.75,29847.75,925
2026-09-18T11:35:00+00:00,29847,29847.75,29841,29846,570
2026-09-18T11:36:00+00:00,29845.5,29858.5,29845.5,29857.25,778
2026-09-18T11:37:00+00:00,29858,29859,29851.25,29854,590
2026-09-18T11:38:00+00:00,29853.5,29853.75,29842.25,29842.5,686
2026-09-18T11:39:00+00:00,29842.75,29848,29842,29846,358
2026-09-18T11:40:00+00:00,29846,29846,29839,29843.75,510
2026-09-18T11:41:00+00:00,29843.75,29845,29841.75,29843.5,262
2026-09-18T11:42:00+00:00,29844,29844.5,29832.25,29833,873
2026-09-18T11:43:00+00:00,29832.75,29836.5,29829.5,29831,904
2026-09-18T11:44:00+00:00,29831.75,29835.25,29826.25,29831.5,750
2026-09-18T11:45:00+00:00,29831.5,29832.25,29826.25,29826.5,522
2026-09-18T11:46:00+00:00,29827,29834,29820,29832.75,1273
2026-09-18T11:47:00+00:00,29832.5,29835.25,29829.75,29835.25,419
2026-09-18T11:48:00+00:00,29835,29838.25,29833,29836,562
2026-09-18T11:49:00+00:00,29836.25,29838.25,29834.25,29835.25,378
2026-09-18T11:50:00+00:00,29834.25,29838.25,29831.75,29835.25,362
2026-09-18T11:51:00+00:00,29834.75,29838,29834.5,29835.75,221
2026-09-18T11:52:00+00:00,29835.75,29840,29833.5,29837,522
2026-09-18T11:53:00+00:00,29836.5,29844.25,29835.75,29844.25,614
2026-09-18T11:54:00+00:00,29844,29845.25,29840,29843.25,563
2026-09-18T11:55:00+00:00,29844,29846.5,29836.5,29837,660
2026-09-18T11:56:00+00:00,29836.5,29843.5,29834.5,29839.25,623
2026-09-18T11:57:00+00:00,29839.5,29845,29831.75,29833.75,811
2026-09-18T11:58:00+00:00,29834,29836.25,29828.75,29836.25,884
2026-09-18T11:59:00+00:00,29836.25,29840,29834,29838.25,365
2026-09-18T12:00:00+00:00,29838.75,29842.75,29823.25,29825.75,1366
2026-09-18T12:01:00+00:00,29825.25,29829,29822,29827.25,863
2026-09-18T12:02:00+00:00,29827.25,29831.25,29814.5,29818,1740
2026-09-18T12:03:00+00:00,29818.25,29820.75,29816,29820,1176
2026-09-18T12:04:00+00:00,29820.75,29849.5,29815.75,29839.25,3785
2026-09-18T12:05:00+00:00,29839,29853,29814.75,29818.75,5808
2026-09-18T12:06:00+00:00,29818.75,29819.25,29809.75,29811.25,1500
2026-09-18T12:07:00+00:00,29812.5,29815,29802.5,29803,1598
2026-09-18T12:08:00+00:00,29803,29808.5,29798.5,29801.25,2084
2026-09-18T12:09:00+00:00,29801,29802.5,29797.5,29798.75,1043
2026-09-18T12:10:00+00:00,29799,29801.5,29795,29800.25,1253
2026-09-18T12:11:00+00:00,29800.5,29802.25,29791.25,29792.25,1522
2026-09-18T12:12:00+00:00,29792.25,29793.75,29787.75,29788.5,1562
2026-09-18T12:13:00+00:00,29789.25,29792,29784.75,29790,1109
2026-09-18T12:14:00+00:00,29790,29791.25,29785.25,29787.75,870
2026-09-18T12:15:00+00:00,29788.5,29790,29784.5,29786.5,883
2026-09-18T12:16:00+00:00,29786,29791.5,29780,29786,1730
2026-09-18T12:17:00+00:00,29785.75,29786.75,29780.25,29784.5,685
2026-09-18T12:18:00+00:00,29784,29799.25,29779.5,29789.75,2801
2026-09-18T12:19:00+00:00,29789.75,29790.25,29777.75,29779.25,1543
2026-09-18T12:20:00+00:00,29779.25,29779.5,29767.5,29770,2534
2026-09-18T12:21:00+00:00,29769.5,29779.5,29768.25,29777,1631
2026-09-18T12:22:00+00:00,29777.5,29791.5,29777.25,29788.25,1871
2026-09-18T12:23:00+00:00,29788.75,29788.75,29771,29771.75,1536
2026-09-18T12:24:00+00:00,29772.25,29774.75,29768.75,29771,910
2026-09-18T12:25:00+00:00,29770.25,29774.75,29769.25,29774.5,863
2026-09-18T12:26:00+00:00,29774.5,29785.25,29773.5,29778.75,1513
2026-09-18T12:27:00+00:00,29778.25,29781.25,29775.5,29779.75,766
2026-09-18T12:28:00+00:00,29780,29786.5,29778.25,29784,945
2026-09-18T12:29:00+00:00,29783.5,29784.5,29773.75,29773.75,817
2026-09-18T12:30:00+00:00,29773.75,29782.75,29773.5,29780.5,1024
2026-09-18T12:31:00+00:00,29780.75,29785.5,29771,29773.25,1310
2026-09-18T12:32:00+00:00,29775,29785.25,29772.5,29780.25,731
2026-09-18T12:33:00+00:00,29779.5,29796,29777.5,29791.25,1990
2026-09-18T12:34:00+00:00,29790.75,29796.5,29784.25,29791.5,1573
2026-09-18T12:35:00+00:00,29791.25,29793.75,29785.5,29790.5,906
2026-09-18T12:36:00+00:00,29791,29795.5,29788.25,29791.25,722
2026-09-18T12:37:00+00:00,29791.5,29791.75,29774,29779.5,2173
2026-09-18T12:38:00+00:00,29779,29790.25,29778.5,29787.75,1036
2026-09-18T12:39:00+00:00,29787,29788.5,29784.25,29785,541
2026-09-18T12:40:00+00:00,29784.5,29789,29783.5,29784.75,503
2026-09-18T12:41:00+00:00,29784.75,29789,29780,29788.75,844
2026-09-18T12:42:00+00:00,29788.5,29793.5,29785,29792.75,882
2026-09-18T12:43:00+00:00,29792,29793.75,29789,29790.75,506
2026-09-18T12:44:00+00:00,29789.5,29790.5,29787,29789.5,318
2026-09-18T12:45:00+00:00,29789.25,29791,29787,29789,348
2026-09-18T12:46:00+00:00,29789.25,29794,29787.5,29790.25,951
2026-09-18T12:47:00+00:00,29790.5,29795.75,29785.75,29790,1015
2026-09-18T12:48:00+00:00,29790,29791.25,29786.25,29791.25,491
2026-09-18T12:49:00+00:00,29791,29792,29785.25,29785.25,559
2026-09-18T12:50:00+00:00,29785.25,29789.75,29782.25,29787.25,739
2026-09-18T12:51:00+00:00,29787.75,29794.75,29786.5,29792,831
2026-09-18T12:52:00+00:00,29791.75,29791.75,29785,29788.5,614
2026-09-18T12:53:00+00:00,29787.75,29788.5,29785.5,29787.25,336
2026-09-18T12:54:00+00:00,29787.25,29788.25,29784.5,29786.75,449
2026-09-18T12:55:00+00:00,29785.75,29788,29782.75,29785.25,582
2026-09-18T12:56:00+00:00,29785.25,29785.25,29777.75,29781.5,913
2026-09-18T12:57:00+00:00,29781.75,29783.25,29775,29780.25,900
2026-09-18T12:58:00+00:00,29780,29780.75,29769.75,29773.25,1050
2026-09-18T12:59:00+00:00,29773.5,29776.75,29769.75,29775.75,938
2026-09-18T13:00:00+00:00,29776.5,29776.75,29768.5,29774.25,2045
2026-09-18T13:01:00+00:00,29773.75,29783.5,29771.75,29773,1617
2026-09-18T13:02:00+00:00,29772.5,29776.75,29764,29766,2976
2026-09-18T13:03:00+00:00,29766.75,29772,29765.75,29772,1167
2026-09-18T13:04:00+00:00,29771.75,29775,29769.5,29772.25,1067
2026-09-18T13:05:00+00:00,29772,29776.5,29770.75,29775.5,1014
2026-09-18T13:06:00+00:00,29776,29782,29775.25,29777,1352
2026-09-18T13:07:00+00:00,29775.75,29779.25,29774,29779.25,935
2026-09-18T13:08:00+00:00,29778.75,29789.75,29777.75,29787,2405
2026-09-18T13:09:00+00:00,29787,29788.25,29782.25,29785.75,1079
2026-09-18T13:10:00+00:00,29786,29789.25,29783.5,29786.5,1154
2026-09-18T13:11:00+00:00,29786.25,29791,29785,29787.5,1163
2026-09-18T13:12:00+00:00,29788,29789.5,29782.5,29784.25,573
2026-09-18T13:13:00+00:00,29784.25,29787.75,29783,29786.5,556
2026-09-18T13:14:00+00:00,29786,29788.25,29785,29786.25,297
2026-09-18T13:15:00+00:00,29786.5,29788.25,29785.25,29785.5,416
2026-09-18T13:16:00+00:00,29785.75,29792.75,29785.5,29792,1510
2026-09-18T13:17:00+00:00,29792.5,29794.25,29790.25,29791.5,1184
2026-09-18T13:18:00+00:00,29791.5,29796.75,29788.25,29789.75,1317
2026-09-18T13:19:00+00:00,29789.25,29794,29788.25,29793.75,587
2026-09-18T13:20:00+00:00,29793.5,29794.75,29790.5,29791.75,717
2026-09-18T13:21:00+00:00,29791.75,29793,29786.25,29791.25,830
2026-09-18T13:22:00+00:00,29791.25,29794.75,29785.75,29787.75,1440
2026-09-18T13:23:00+00:00,29787.5,29787.75,29780.25,29781.25,1429
2026-09-18T13:24:00+00:00,29781.75,29784.25,29768.5,29769,2100
2026-09-18T13:25:00+00:00,29768.5,29768.5,29751.5,29760.25,5773
2026-09-18T13:26:00+00:00,29760.25,29760.75,29751,29755,2774
2026-09-18T13:27:00+00:00,29755.25,29793.75,29744.5,29788.75,7742
2026-09-18T13:28:00+00:00,29788.25,29808.75,29786.75,29796.75,8667
2026-09-18T13:29:00+00:00,29796.5,29819.5,29790.75,29813.75,7942
2026-09-18T13:30:00+00:00,29814.5,29833,29804,29814,13129
2026-09-18T13:31:00+00:00,29814,29842,29812,29840.75,11172
2026-09-18T13:32:00+00:00,29840.75,29840.75,29808.75,29812,10170
2026-09-18T13:33:00+00:00,29812,29822,29801,29815.25,7668
2026-09-18T13:34:00+00:00,29815.75,29823,29804,29811,5708
2026-09-18T13:35:00+00:00,29811,29818.5,29798.75,29815.25,9108
2026-09-18T13:36:00+00:00,29815.25,29837.5,29810.5,29832.5,7981
2026-09-18T13:37:00+00:00,29832.75,29839,29822,29837,5674
2026-09-18T13:38:00+00:00,29837,29837.75,29824.5,29829.25,4802
2026-09-18T13:39:00+00:00,29829.75,29840,29829,29835.75,4356
2026-09-18T13:40:00+00:00,29836,29845.25,29826.25,29828.5,7418
2026-09-18T13:41:00+00:00,29828.75,29844.25,29823,29840.25,6130
2026-09-18T13:42:00+00:00,29840.5,29840.5,29829,29830.25,3783
2026-09-18T13:43:00+00:00,29830.25,29833.25,29802,29805.75,8231
2026-09-18T13:44:00+00:00,29805.5,29817.5,29802.25,29816.75,6375
2026-09-18T13:45:00+00:00,29816.75,29837.25,29810.75,29834.25,7679
2026-09-18T13:46:00+00:00,29833.75,29838,29825.5,29825.5,5048
2026-09-18T13:47:00+00:00,29825.75,29827,29808,29809.75,5955
2026-09-18T13:48:00+00:00,29809.25,29813,29793.75,29798.25,7234
2026-09-18T13:49:00+00:00,29798.5,29806.5,29790.25,29795.25,6598
2026-09-18T13:50:00+00:00,29795,29795.25,29785.25,29792.25,7283
2026-09-18T13:51:00+00:00,29792.25,29797,29781.5,29794.75,5704
2026-09-18T13:52:00+00:00,29795.25,29805,29788.75,29804.75,5568
2026-09-18T13:53:00+00:00,29804.75,29805.75,29788.5,29793.25,5610
2026-09-18T13:54:00+00:00,29794,29799.5,29775,29783.25,7239
2026-09-18T13:55:00+00:00,29783.25,29789.5,29770,29784.5,7764
2026-09-18T13:56:00+00:00,29785,29789.5,29775.75,29778.5,3713
2026-09-18T13:57:00+00:00,29778.25,29783.5,29768.75,29777.75,5352
2026-09-18T13:58:00+00:00,29778,29787.5,29773.25,29773.5,3642
2026-09-18T13:59:00+00:00,29773.5,29779.25,29765.75,29776.25,4317
2026-09-18T14:00:00+00:00,29776.75,29785,29764.5,29775.5,7275
2026-09-18T14:01:00+00:00,29775.5,29783.5,29751,29751.5,9280
2026-09-18T14:02:00+00:00,29751.25,29753.5,29731.25,29732.75,13218
2026-09-18T14:03:00+00:00,29732.75,29738.25,29727.75,29729.25,7209
2026-09-18T14:04:00+00:00,29729,29737.5,29723,29727.75,6589
2026-09-18T14:05:00+00:00,29728.25,29739.5,29714.25,29738.25,10473
2026-09-18T14:06:00+00:00,29738,29747.5,29734.25,29741.25,8150
2026-09-18T14:07:00+00:00,29741.25,29741.25,29716,29719.5,8330
2026-09-18T14:08:00+00:00,29719.5,29725.75,29711,29722.75,7542
2026-09-18T14:09:00+00:00,29722.75,29741.5,29717.5,29740.25,6680
2026-09-18T14:10:00+00:00,29739.75,29754.5,29738.75,29754.5,9259
2026-09-18T14:11:00+00:00,29754.5,29757,29745.75,29755.25,5495
2026-09-18T14:12:00+00:00,29754.5,29755.5,29738.75,29744.5,5836
2026-09-18T14:13:00+00:00,29744.25,29747.5,29724.75,29731.25,7903
2026-09-18T14:14:00+00:00,29731.75,29734.75,29716.75,29719,5697
2026-09-18T14:15:00+00:00,29719.25,29727,29714.75,29717.75,6356
2026-09-18T14:16:00+00:00,29717.75,29719.25,29694,29698.5,11605
2026-09-18T14:17:00+00:00,29698.25,29716.75,29695,29713.25,7268
2026-09-18T14:18:00+00:00,29713,29724,29712.5,29723.75,5485
2026-09-18T14:19:00+00:00,29723.75,29726.5,29716,29724.75,4305
2026-09-18T14:20:00+00:00,29724.75,29729.5,29717,29720.75,5103
2026-09-18T14:21:00+00:00,29721.5,29732.75,29717,29727.75,4196
2026-09-18T14:22:00+00:00,29728.25,29748,29727,29745.25,8362
2026-09-18T14:23:00+00:00,29745.75,29747,29733.5,29745.75,4580
2026-09-18T14:24:00+00:00,29745.75,29746,29730,29732.5,4145
2026-09-18T14:25:00+00:00,29732.5,29737.75,29723.75,29731.5,4407
2026-09-18T14:26:00+00:00,29731.5,29736.5,29726,29726.25,2752
2026-09-18T14:27:00+00:00,29726.5,29740.25,29724,29737,3554
2026-09-18T14:28:00+00:00,29737.5,29745.5,29733.75,29734,3918
2026-09-18T14:29:00+00:00,29734.75,29736.25,29727.5,29729.25,2846
2026-09-18T14:30:00+00:00,29728.5,29738.25,29724,29728.25,3808
2026-09-18T14:31:00+00:00,29728.5,29732,29717.25,29720.5,4643
2026-09-18T14:32:00+00:00,29720.25,29726,29716.5,29720.25,3245
2026-09-18T14:33:00+00:00,29720.75,29726.25,29712.5,29723.5,3620
2026-09-18T14:34:00+00:00,29724.25,29727.75,29717.5,29726.75,2233
2026-09-18T14:35:00+00:00,29727,29731.5,29720.5,29723.75,2967
2026-09-18T14:36:00+00:00,29724.25,29724.75,29710.25,29715,4316
2026-09-18T14:37:00+00:00,29715,29729.75,29712.75,29725.25,3754
2026-09-18T14:38:00+00:00,29725.25,29733.5,29723.5,29732.25,3112
2026-09-18T14:39:00+00:00,29732.75,29752,29729.25,29734.5,10152
2026-09-18T14:40:00+00:00,29734.25,29736,29729.75,29734.25,2681
2026-09-18T14:41:00+00:00,29734,29736.5,29720.75,29727.75,3476
2026-09-18T14:42:00+00:00,29729,29730,29702.5,29712,6435
2026-09-18T14:43:00+00:00,29712.5,29713.5,29704,29711,3011
2026-09-18T14:44:00+00:00,29711.25,29716.25,29707.25,29714.25,2221
2026-09-18T14:45:00+00:00,29715,29715.25,29707.25,29711.75,2222
2026-09-18T14:46:00+00:00,29711.75,29729.75,29711.5,29725.25,5511
2026-09-18T14:47:00+00:00,29725.25,29736,29722.75,29728,3709
2026-09-18T14:48:00+00:00,29728,29732.75,29724.25,29732.25,1664
2026-09-18T14:49:00+00:00,29731.75,29744,29730.75,29743,4144
2026-09-18T14:50:00+00:00,29742.5,29750.25,29735,29749.25,4800
2026-09-18T14:51:00+00:00,29749,29763.75,29746.25,29755.75,6975
2026-09-18T14:52:00+00:00,29756,29766.75,29754.5,29761.5,5622
2026-09-18T14:53:00+00:00,29761.75,29765.25,29758.25,29763.5,3265
2026-09-18T14:54:00+00:00,29764,29766,29757.25,29763.25,2971
2026-09-18T14:55:00+00:00,29763.5,29769.25,29754,29755.75,4296
2026-09-18T14:56:00+00:00,29755.75,29760,29752.25,29756.25,2443
2026-09-18T14:57:00+00:00,29756.25,29756.75,29751,29753.5,2412
2026-09-18T14:58:00+00:00,29753.25,29757,29747.25,29751.25,3061
2026-09-18T14:59:00+00:00,29751.5,29760,29750.75,29759,2361
2026-09-18T15:00:00+00:00,29758.5,29765,29752.75,29756.5,4135
2026-09-18T15:01:00+00:00,29756.25,29758.25,29745.5,29746.25,3642
2026-09-18T15:02:00+00:00,29746.75,29746.75,29736.25,29745,5125
2026-09-18T15:03:00+00:00,29745.25,29756.5,29741.5,29755.75,4186
2026-09-18T15:04:00+00:00,29755.25,29757.25,29748.25,29751.5,2605
2026-09-18T15:05:00+00:00,29751.25,29763.75,29747.25,29763.25,3356
2026-09-18T15:06:00+00:00,29763.75,29771.5,29755,29764.5,5023
2026-09-18T15:07:00+00:00,29764.75,29769,29762,29766,2221
2026-09-18T15:08:00+00:00,29765.5,29767,29757,29763.75,2787
2026-09-18T15:09:00+00:00,29764.75,29765.25,29748.75,29749.75,3827
2026-09-18T15:10:00+00:00,29750,29754,29745.75,29753,2870
2026-09-18T15:11:00+00:00,29752.75,29753.75,29728.5,29737,5501
2026-09-18T15:12:00+00:00,29737.25,29739.5,29732,29734.5,3373
2026-09-18T15:13:00+00:00,29734,29740,29725,29737.25,4852
2026-09-18T15:14:00+00:00,29737.25,29739,29727.5,29730,2251
2026-09-18T15:15:00+00:00,29730.25,29735.75,29725.25,29731.75,2838
2026-09-18T15:16:00+00:00,29731.5,29736,29723,29725.75,2664
2026-09-18T15:17:00+00:00,29725.75,29734.5,29723,29725,2469
2026-09-18T15:18:00+00:00,29725.5,29729.75,29720.75,29723.75,2787
2026-09-18T15:19:00+00:00,29723.75,29735.25,29723.5,29731.25,2696
2026-09-18T15:20:00+00:00,29731.5,29737.75,29727.75,29737.75,2390
2026-09-18T15:21:00+00:00,29737.5,29739,29731,29731.75,1977
2026-09-18T15:22:00+00:00,29731.25,29735.75,29725,29730.5,1957
2026-09-18T15:23:00+00:00,29730.5,29742.25,29729.75,29739.25,3206
2026-09-18T15:24:00+00:00,29739.25,29743.25,29735.75,29739.25,2194
2026-09-18T15:25:00+00:00,29738.75,29747.25,29738.25,29746,2267
2026-09-18T15:26:00+00:00,29746,29756,29745.75,29750.75,3856
2026-09-18T15:27:00+00:00,29750.5,29751.25,29745.25,29747.5,1694
2026-09-18T15:28:00+00:00,29747.75,29752.5,29745.75,29750,1381
2026-09-18T15:29:00+00:00,29750,29751.75,29742.75,29749,2098
2026-09-18T15:30:00+00:00,29749.5,29756,29730.75,29737.75,6846
2026-09-18T15:31:00+00:00,29737.25,29739.25,29730,29733.25,4430
2026-09-18T15:32:00+00:00,29733,29737,29727.25,29737,2426
2026-09-18T15:33:00+00:00,29737.25,29741.5,29730.25,29735,2453
2026-09-18T15:34:00+00:00,29734.75,29736.75,29728.75,29735.5,1844
2026-09-18T15:35:00+00:00,29735.5,29739.75,29732.75,29738.5,1893
2026-09-18T15:36:00+00:00,29738.75,29744,29734,29740.5,2018
2026-09-18T15:37:00+00:00,29740.5,29741.75,29735.75,29736.75,1703
2026-09-18T15:38:00+00:00,29736.75,29737.75,29728.25,29730,2692
2026-09-18T15:39:00+00:00,29730.25,29731.25,29720,29725.75,3882
2026-09-18T15:40:00+00:00,29725.5,29725.75,29714.75,29714.75,4108
2026-09-18T15:41:00+00:00,29715.25,29723.5,29712.5,29720.5,3248
2026-09-18T15:42:00+00:00,29720.75,29724,29716,29723.25,1694
2026-09-18T15:43:00+00:00,29723,29727.75,29722.25,29723.75,1929
2026-09-18T15:44:00+00:00,29724,29726,29718,29723.75,1567
2026-09-18T15:45:00+00:00,29724.5,29727,29711.5,29712.25,2247
2026-09-18T15:46:00+00:00,29712.5,29721,29712.25,29718.5,1935
2026-09-18T15:47:00+00:00,29718,29721,29716,29720.5,1117
2026-09-18T15:48:00+00:00,29720.25,29726,29718.75,29724,1477
2026-09-18T15:49:00+00:00,29724,29724.25,29718.5,29719.5,1265
2026-09-18T15:50:00+00:00,29719.25,29730.75,29717,29729.75,2442
2026-09-18T15:51:00+00:00,29729.5,29730.75,29721,29722.25,2110
2026-09-18T15:52:00+00:00,29722,29723.75,29714.25,29723.25,2244
2026-09-18T15:53:00+00:00,29723.25,29724,29710,29710.75,2175
2026-09-18T15:54:00+00:00,29710.75,29715.5,29707.75,29710.5,2424
2026-09-18T15:55:00+00:00,29710.5,29713.75,29708.25,29710.5,1477
2026-09-18T15:56:00+00:00,29711,29719.75,29710.5,29717,1961
2026-09-18T15:57:00+00:00,29717.25,29720.5,29710.25,29710.75,1463
2026-09-18T15:58:00+00:00,29710.75,29712.75,29704.75,29705.75,2452
2026-09-18T15:59:00+00:00,29705.5,29709.75,29702.75,29708.25,2038
2026-09-18T16:00:00+00:00,29708.25,29710,29699,29703.75,3422
2026-09-18T16:01:00+00:00,29703.75,29707,29701,29703.75,1739
2026-09-18T16:02:00+00:00,29703.5,29709.25,29700.75,29708,1934
2026-09-18T16:03:00+00:00,29707.5,29711.25,29703,29705.75,1683
2026-09-18T16:04:00+00:00,29706.5,29707.25,29702,29705.75,1179
2026-09-18T16:05:00+00:00,29706,29712.25,29705.5,29711.75,1821
2026-09-18T16:06:00+00:00,29711.25,29716,29710.75,29715,2366
2026-09-18T16:07:00+00:00,29715.25,29723.5,29714.5,29722.75,2691
2026-09-18T16:08:00+00:00,29722.75,29724,29710.25,29710.75,2742
2026-09-18T16:09:00+00:00,29710.75,29715.5,29710.75,29714.5,1564
2026-09-18T16:10:00+00:00,29714.25,29717,29711.75,29714,1246
2026-09-18T16:11:00+00:00,29714.25,29715.75,29710,29712,1116
2026-09-18T16:12:00+00:00,29712.75,29719.5,29712,29718.25,1425
2026-09-18T16:13:00+00:00,29718,29719,29709,29710,1580
2026-09-18T16:14:00+00:00,29710,29714.5,29709,29709,1366
2026-09-18T16:15:00+00:00,29709.5,29711.25,29706,29706.75,1975
2026-09-18T16:16:00+00:00,29707,29712.5,29703.75,29707.5,1777
2026-09-18T16:17:00+00:00,29707.25,29713.5,29707.25,29710.25,1029
2026-09-18T16:18:00+00:00,29710.25,29723.25,29710.25,29717.75,2666
2026-09-18T16:19:00+00:00,29718,29721.25,29717,29721,1087
2026-09-18T16:20:00+00:00,29721,29722.25,29713.75,29716.5,1386
2026-09-18T16:21:00+00:00,29716.75,29719.25,29712.25,29716,1007
2026-09-18T16:22:00+00:00,29716.25,29716.75,29709.25,29710.25,1145
2026-09-18T16:23:00+00:00,29710.75,29711.5,29675.25,29678,10799
2026-09-18T16:24:00+00:00,29677.75,29678.5,29669.25,29672.75,5379
2026-09-18T16:25:00+00:00,29672.5,29673,29659.25,29672,6528
2026-09-18T16:26:00+00:00,29672,29676.25,29668.25,29669.75,4008
2026-09-18T16:27:00+00:00,29669.75,29685,29669.25,29684.5,4072
2026-09-18T16:28:00+00:00,29684.5,29702.25,29680.5,29690.75,10206
2026-09-18T16:29:00+00:00,29690.5,29705.25,29688,29700.5,4749
2026-09-18T16:30:00+00:00,29700,29712,29692.5,29709,5348
2026-09-18T16:31:00+00:00,29709.5,29710,29696.5,29697.75,2631
2026-09-18T16:32:00+00:00,29697.75,29704,29695.25,29701.75,2193
2026-09-18T16:33:00+00:00,29702.25,29717.5,29699.75,29714.5,4879
2026-09-18T16:34:00+00:00,29714.75,29721.25,29711.25,29713.5,3355
2026-09-18T16:35:00+00:00,29713.25,29719.5,29711,29715.25,1760
2026-09-18T16:36:00+00:00,29715.5,29719.25,29708.25,29708.75,2067
2026-09-18T16:37:00+00:00,29709,29712,29704.5,29705,2043
2026-09-18T16:38:00+00:00,29705,29708.5,29697,29702,3194
2026-09-18T16:39:00+00:00,29701.75,29712.25,29700.75,29708.5,2228
2026-09-18T16:40:00+00:00,29708.75,29710.75,29705.25,29706.75,1101
2026-09-18T16:41:00+00:00,29707.25,29712.5,29702.25,29703,1355
2026-09-18T16:42:00+00:00,29703.25,29716.25,29701.75,29715,1883
2026-09-18T16:43:00+00:00,29715.25,29716.75,29710.25,29713.25,1123
2026-09-18T16:44:00+00:00,29713.5,29722.5,29712.5,29716,2162
2026-09-18T16:45:00+00:00,29716.5,29718.75,29713.5,29717.25,1265
2026-09-18T16:46:00+00:00,29717.25,29719.75,29708.5,29709.5,1413
2026-09-18T16:47:00+00:00,29709.75,29716.25,29702,29712.5,2944
2026-09-18T16:48:00+00:00,29712.5,29712.75,29705.5,29705.5,1224
2026-09-18T16:49:00+00:00,29705.5,29715,29705.5,29714.25,1276
2026-09-18T16:50:00+00:00,29713.75,29719.25,29713.75,29715.75,1507
2026-09-18T16:51:00+00:00,29715.5,29723.5,29714.25,29721,1717
2026-09-18T16:52:00+00:00,29721,29726.75,29721,29724.5,2771
2026-09-18T16:53:00+00:00,29724.5,29730.5,29724,29727.75,1879
2026-09-18T16:54:00+00:00,29728.25,29730.5,29725.75,29727.75,1416
2026-09-18T16:55:00+00:00,29728.25,29731.25,29725.5,29730,1190
2026-09-18T16:56:00+00:00,29729.75,29731,29723.75,29726.75,1361
2026-09-18T16:57:00+00:00,29727,29729.75,29726,29728.25,749
2026-09-18T16:58:00+00:00,29728,29735.25,29724,29725.75,3351
2026-09-18T16:59:00+00:00,29725.5,29728,29721.25,29727.75,2040
2026-09-18T17:00:00+00:00,29728,29729,29719.5,29724.5,1904
2026-09-18T17:01:00+00:00,29724.5,29729.5,29723.75,29726.75,1325
2026-09-18T17:02:00+00:00,29726.75,29731.5,29726,29728,1264
2026-09-18T17:03:00+00:00,29728.5,29735,29727.75,29734.25,1501
2026-09-18T17:04:00+00:00,29734.5,29734.75,29729.5,29731.5,1011
2026-09-18T17:05:00+00:00,29731.5,29739.25,29730.75,29738.25,2219
2026-09-18T17:06:00+00:00,29738.25,29742.25,29734.25,29736.25,1869
2026-09-18T17:07:00+00:00,29736.25,29740.25,29735,29739.25,988
2026-09-18T17:08:00+00:00,29738.5,29742.75,29736.25,29737,1271
2026-09-18T17:09:00+00:00,29737,29739.25,29732.75,29736.25,1366
2026-09-18T17:10:00+00:00,29736.75,29738.5,29728.75,29729.5,2443
2026-09-18T17:11:00+00:00,29729.75,29732,29726.5,29731,1656
2026-09-18T17:12:00+00:00,29732,29732.25,29725,29729.75,1516
2026-09-18T17:13:00+00:00,29730,29739.5,29729.75,29739,2161
2026-09-18T17:14:00+00:00,29739,29741.75,29738.5,29741.5,1217
2026-09-18T17:15:00+00:00,29741.25,29749,29739,29748.25,2201
2026-09-18T17:16:00+00:00,29748,29748.5,29740,29743.25,1796
2026-09-18T17:17:00+00:00,29743,29749.25,29742,29748.25,1544
2026-09-18T17:18:00+00:00,29748.25,29748.75,29740.75,29742.75,1328
2026-09-18T17:19:00+00:00,29742.75,29746.5,29740.75,29746.25,1067
2026-09-18T17:20:00+00:00,29746,29747,29740.25,29741,934
2026-09-18T17:21:00+00:00,29741,29744,29741,29741.5,675
2026-09-18T17:22:00+00:00,29741.75,29746.25,29738,29745.5,1448
2026-09-18T17:23:00+00:00,29745.75,29747,29743.5,29746.5,1006
2026-09-18T17:24:00+00:00,29746.5,29748.25,29744.75,29748,677
2026-09-18T17:25:00+00:00,29747.5,29750.5,29746.25,29749.75,1280
2026-09-18T17:26:00+00:00,29749.75,29751,29746.75,29749.25,952
2026-09-18T17:27:00+00:00,29749.5,29751.25,29747.75,29749.75,904
2026-09-18T17:28:00+00:00,29749.5,29751,29743.75,29743.75,1361
2026-09-18T17:29:00+00:00,29744,29745.5,29740.25,29741.5,1197
2026-09-18T17:30:00+00:00,29741.5,29741.75,29732.25,29734.75,2747
2026-09-18T17:31:00+00:00,29735,29738,29733,29737,1326
2026-09-18T17:32:00+00:00,29736.75,29739.25,29735,29737.5,976
2026-09-18T17:33:00+00:00,29737.75,29738.25,29732.25,29734.5,1271
2026-09-18T17:34:00+00:00,29734.5,29742.5,29734.25,29741.25,1629
2026-09-18T17:35:00+00:00,29741.25,29749.25,29740.5,29747.75,2462
2026-09-18T17:36:00+00:00,29748,29754.75,29748,29752,2848
2026-09-18T17:37:00+00:00,29752,29756,29750,29751,1694
2026-09-18T17:38:00+00:00,29751,29753.25,29748.25,29752.75,1277
2026-09-18T17:39:00+00:00,29752.75,29756.25,29752,29755,1008
2026-09-18T17:40:00+00:00,29755,29757.75,29753,29756,1311
2026-09-18T17:41:00+00:00,29756,29757.75,29752.75,29756,1174
2026-09-18T17:42:00+00:00,29756.25,29757,29752.5,29754.75,939
2026-09-18T17:43:00+00:00,29754.5,29757,29753.5,29755.25,793
2026-09-18T17:44:00+00:00,29755.25,29762.5,29755.25,29761.5,2358
2026-09-18T17:45:00+00:00,29761.5,29763,29759.25,29760,1642
2026-09-18T17:46:00+00:00,29760,29763.25,29759,29761.5,958
2026-09-18T17:47:00+00:00,29761.75,29765.5,29761.5,29762.75,1546
2026-09-18T17:48:00+00:00,29762.5,29764,29757.5,29758.25,1438
2026-09-18T17:49:00+00:00,29758.5,29759.75,29756.75,29758.5,1047
2026-09-18T17:50:00+00:00,29758.5,29760.75,29756.5,29759.5,999
2026-09-18T17:51:00+00:00,29760,29765.5,29760,29763.75,1204
2026-09-18T17:52:00+00:00,29763.75,29766.25,29762.5,29766,956
2026-09-18T17:53:00+00:00,29766,29766.25,29761.25,29762.25,1054
2026-09-18T17:54:00+00:00,29762.25,29764.5,29760.75,29762,677
2026-09-18T17:55:00+00:00,29762,29764.5,29759.5,29763.5,1164
2026-09-18T17:56:00+00:00,29763.5,29766.5,29763.25,29765.25,852
2026-09-18T17:57:00+00:00,29765.5,29768,29763.75,29764.5,1119
2026-09-18T17:58:00+00:00,29764,29765,29761.25,29764.5,893
2026-09-18T17:59:00+00:00,29764.25,29766.75,29763.25,29763.5,814
2026-09-18T18:00:00+00:00,29763.5,29765.5,29756.5,29756.5,2534
2026-09-18T18:01:00+00:00,29757,29769,29756.5,29763.5,2334
2026-09-18T18:02:00+00:00,29763.5,29764.25,29760.5,29761.75,1133
2026-09-18T18:03:00+00:00,29761.5,29763,29759.5,29762.75,832
2026-09-18T18:04:00+00:00,29762.75,29764,29760.25,29761.25,702
2026-09-18T18:05:00+00:00,29761.75,29763.5,29759.75,29763.25,710
2026-09-18T18:06:00+00:00,29763,29763.25,29757.75,29757.75,876
2026-09-18T18:07:00+00:00,29757.5,29760.5,29756,29760,1443
2026-09-18T18:08:00+00:00,29760.25,29762.25,29758,29758.5,769
2026-09-18T18:09:00+00:00,29758.75,29759.25,29755.25,29757.75,956
2026-09-18T18:10:00+00:00,29758.25,29759.75,29755.5,29758.75,625
2026-09-18T18:11:00+00:00,29757.75,29758.5,29750,29754.5,2730
2026-09-18T18:12:00+00:00,29755,29755,29748,29753.75,1795
2026-09-18T18:13:00+00:00,29754.25,29756.25,29751,29755.25,1201
2026-09-18T18:14:00+00:00,29755,29755,29751.75,29753.75,721
2026-09-18T18:15:00+00:00,29753.75,29756.75,29753,29755.5,841
2026-09-18T18:16:00+00:00,29755.75,29763.25,29755.75,29761.25,2106
2026-09-18T18:17:00+00:00,29761.25,29761.75,29755.25,29756.5,1397
2026-09-18T18:18:00+00:00,29756.75,29761.5,29756.75,29761,1025
2026-09-18T18:19:00+00:00,29760.5,29765,29759.75,29764.5,1219
2026-09-18T18:20:00+00:00,29764.5,29770.5,29764.25,29769.25,2333
2026-09-18T18:21:00+00:00,29769.25,29776.5,29768.5,29775,3950
2026-09-18T18:22:00+00:00,29775,29786,29773,29783.75,4350
2026-09-18T18:23:00+00:00,29783.25,29788,29777.5,29780,3275
2026-09-18T18:24:00+00:00,29779.5,29780,29774.5,29776.25,1780
2026-09-18T18:25:00+00:00,29776.25,29778.75,29773.25,29775,1408
2026-09-18T18:26:00+00:00,29775,29777.75,29772.5,29773.25,1182
2026-09-18T18:27:00+00:00,29772.75,29781.75,29771.75,29777.75,1742
2026-09-18T18:28:00+00:00,29778,29778.25,29771.25,29774.5,1580
2026-09-18T18:29:00+00:00,29774.25,29781.5,29774,29780.75,1067
2026-09-18T18:30:00+00:00,29780.75,29782,29776,29776.5,1568
2026-09-18T18:31:00+00:00,29776.75,29779,29775.25,29777.75,748
2026-09-18T18:32:00+00:00,29777.5,29778.75,29776.75,29778.25,587
2026-09-18T18:33:00+00:00,29778,29780,29774.5,29779.25,830
2026-09-18T18:34:00+00:00,29779.5,29785,29777,29785,1228
2026-09-18T18:35:00+00:00,29784.75,29785.75,29781,29785.5,1318
2026-09-18T18:36:00+00:00,29785,29785.75,29779.5,29781.5,1355
2026-09-18T18:37:00+00:00,29780.75,29780.75,29776,29779.75,1417
2026-09-18T18:38:00+00:00,29779.75,29780,29773.25,29776.25,1268
2026-09-18T18:39:00+00:00,29776,29781.25,29775.75,29779.75,833
2026-09-18T18:40:00+00:00,29780.25,29781,29777.25,29780,763
2026-09-18T18:41:00+00:00,29780.25,29782.5,29778.75,29781,807
2026-09-18T18:42:00+00:00,29781.25,29784.75,29781.25,29783.75,998
2026-09-18T18:43:00+00:00,29783.25,29789.5,29783,29787.5,1841
2026-09-18T18:44:00+00:00,29787.5,29792.75,29786.5,29791,1852
2026-09-18T18:45:00+00:00,29791.25,29802,29790.5,29801.25,3940
2026-09-18T18:46:00+00:00,29801,29817.5,29798.75,29815.75,6209
2026-09-18T18:47:00+00:00,29815.5,29824,29814.25,29819.5,3817
2026-09-18T18:48:00+00:00,29819.75,29824.5,29816.25,29821.5,2560
2026-09-18T18:49:00+00:00,29821.25,29822.75,29817.5,29819.5,1796
2026-09-18T18:50:00+00:00,29819.25,29825.75,29819,29821.5,2268
2026-09-18T18:51:00+00:00,29821,29826.5,29820.5,29823.5,1603
2026-09-18T18:52:00+00:00,29823,29831,29822.75,29829,1899
2026-09-18T18:53:00+00:00,29828.75,29847.75,29827.75,29843.25,6823
2026-09-18T18:54:00+00:00,29843.25,29849.25,29836.25,29837,4396
2026-09-18T18:55:00+00:00,29837.25,29837.75,29829,29835,3376
2026-09-18T18:56:00+00:00,29835,29837.5,29830,29831,1642
2026-09-18T18:57:00+00:00,29831.25,29838.25,29830,29835.75,1452
2026-09-18T18:58:00+00:00,29835.5,29837.75,29831.25,29833.5,1612
2026-09-18T18:59:00+00:00,29833,29834.25,29827,29831.75,2177
2026-09-18T19:00:00+00:00,29832,29839.25,29830,29836.75,2150
2026-09-18T19:01:00+00:00,29836.5,29838.75,29828.75,29832,1558
2026-09-18T19:02:00+00:00,29832.25,29834,29830.75,29833,1003
2026-09-18T19:03:00+00:00,29832.75,29838.75,29830.5,29838.5,1467
2026-09-18T19:04:00+00:00,29838.5,29848.5,29838,29845,3253
2026-09-18T19:05:00+00:00,29845,29847,29841.5,29847,1506
2026-09-18T19:06:00+00:00,29846.5,29852.75,29840.5,29840.5,3133
2026-09-18T19:07:00+00:00,29840.5,29841.25,29832.75,29833.25,2707
2026-09-18T19:08:00+00:00,29833.75,29839.75,29831.25,29831.25,1632
2026-09-18T19:09:00+00:00,29831.5,29837.75,29831.25,29837.5,1152
2026-09-18T19:10:00+00:00,29837.75,29839.75,29834.5,29834.75,948
2026-09-18T19:11:00+00:00,29835,29841,29834,29840.25,934
2026-09-18T19:12:00+00:00,29839.75,29844.75,29836.75,29844,1745
2026-09-18T19:13:00+00:00,29844.25,29844.25,29833.25,29834.75,1581
2026-09-18T19:14:00+00:00,29834.75,29837,29830,29835,2057
2026-09-18T19:15:00+00:00,29834.75,29836.75,29832,29835.25,982
2026-09-18T19:16:00+00:00,29835.5,29837.75,29833.25,29835.75,871
2026-09-18T19:17:00+00:00,29836,29838.5,29833.5,29837.25,594
2026-09-18T19:18:00+00:00,29837,29840.75,29836.5,29838,1006
2026-09-18T19:19:00+00:00,29838,29839.75,29833.75,29837.75,968
2026-09-18T19:20:00+00:00,29837.75,29838.5,29832.25,29837.75,1279
2026-09-18T19:21:00+00:00,29837.75,29845.75,29837.5,29840.75,1840
2026-09-18T19:22:00+00:00,29840.75,29841.75,29838,29839,656
2026-09-18T19:23:00+00:00,29839.5,29842.5,29839,29841.25,948
2026-09-18T19:24:00+00:00,29841.5,29844,29836.75,29840.5,1156
2026-09-18T19:25:00+00:00,29840.25,29842.5,29835.5,29835.75,927
2026-09-18T19:26:00+00:00,29836.5,29837.25,29833,29836.5,1070
2026-09-18T19:27:00+00:00,29836.25,29840.25,29835.75,29838,686
2026-09-18T19:28:00+00:00,29839,29839.75,29835.75,29838.75,706
2026-09-18T19:29:00+00:00,29838.75,29839.5,29829,29831.25,2373
2026-09-18T19:30:00+00:00,29831.5,29834,29821.75,29827.5,4061
2026-09-18T19:31:00+00:00,29827.5,29830.75,29824,29824.75,1393
2026-09-18T19:32:00+00:00,29824.75,29828.5,29824.5,29824.75,1244
2026-09-18T19:33:00+00:00,29825,29827.5,29823.5,29826.25,1119
2026-09-18T19:34:00+00:00,29826.25,29827.25,29823.75,29825.75,1078
2026-09-18T19:35:00+00:00,29825.75,29829.75,29824.25,29825.5,1409
2026-09-18T19:36:00+00:00,29825.75,29832,29825.5,29831,1272
2026-09-18T19:37:00+00:00,29830.75,29841.75,29829.75,29839,2711
2026-09-18T19:38:00+00:00,29838.75,29842.75,29838.25,29841.5,1740
2026-09-18T19:39:00+00:00,29841.25,29843.5,29838.25,29840.75,1487
2026-09-18T19:40:00+00:00,29840.5,29843,29836.75,29840.5,1454
2026-09-18T19:41:00+00:00,29840.25,29845,29838.5,29843.25,1475
2026-09-18T19:42:00+00:00,29843.25,29847.5,29840.75,29843.25,1630
2026-09-18T19:43:00+00:00,29843.5,29849.5,29842.5,29847.75,1629
2026-09-18T19:44:00+00:00,29848,29855,29846.75,29852.75,2167
2026-09-18T19:45:00+00:00,29852.5,29857.75,29850.25,29854.5,3131
2026-09-18T19:46:00+00:00,29855,29858.75,29852.25,29857.25,2116
2026-09-18T19:47:00+00:00,29857,29867.25,29856.5,29862,3638
2026-09-18T19:48:00+00:00,29862,29866,29861.5,29865,1551
2026-09-18T19:49:00+00:00,29865.25,29874.5,29865,29872.5,3018
2026-09-18T19:50:00+00:00,29872.75,29889,29867,29875.75,8910
2026-09-18T19:51:00+00:00,29876,29879,29863.5,29864.75,3752
2026-09-18T19:52:00+00:00,29865.5,29871.75,29862,29867.5,2419
2026-09-18T19:53:00+00:00,29867.5,29873.25,29865.75,29870.5,2126
2026-09-18T19:54:00+00:00,29870.75,29878.25,29865.75,29877.5,4526
2026-09-18T19:55:00+00:00,29877.75,29928,29877.25,29907.5,12858
2026-09-18T19:56:00+00:00,29907.5,29913,29905.5,29910.25,3280
2026-09-18T19:57:00+00:00,29910,29938,29909,29937.25,6740
2026-09-18T19:58:00+00:00,29937.25,29937.25,29916.25,29918.5,7306
2026-09-18T19:59:00+00:00,29918.5,29923.75,29910.75,29915.5,14134
2026-09-18T20:00:00+00:00,29916.25,29932.25,29912.5,29930.5,7213
2026-09-18T20:01:00+00:00,29930.25,29935,29923.25,29932,3287
2026-09-18T20:02:00+00:00,29932.25,29952,29931,29941.75,5475
2026-09-18T20:03:00+00:00,29942,29952.75,29937.5,29947.75,2656
2026-09-18T20:04:00+00:00,29947.75,29951,29944.75,29947,1628
2026-09-18T20:05:00+00:00,29947,29950.75,29941.75,29949.75,1888
2026-09-18T20:06:00+00:00,29949.5,29950,29941.75,29944.25,1216
2026-09-18T20:07:00+00:00,29944.25,29948.25,29942.25,29946.75,940
2026-09-18T20:08:00+00:00,29946.5,29949.25,29943.75,29944.5,811
2026-09-18T20:09:00+00:00,29944.25,29946,29939.25,29945,1443
2026-09-18T20:10:00+00:00,29944.5,29981,29944.5,29979.5,6045
2026-09-18T20:11:00+00:00,29979.5,29989.75,29976.5,29985.75,4079
2026-09-18T20:12:00+00:00,29985.5,29993.5,29976,29981.5,3373
2026-09-18T20:13:00+00:00,29981.75,29982.5,29975,29975.5,1485
2026-09-18T20:14:00+00:00,29976.25,29977.25,29968.25,29971,1946
2026-09-18T20:15:00+00:00,29970.5,29975.5,29966.25,29972,1647
2026-09-18T20:16:00+00:00,29972,29973,29967.5,29970.5,833
2026-09-18T20:17:00+00:00,29970.75,29975,29969.25,29974.75,611
2026-09-18T20:18:00+00:00,29974.5,29975,29965,29967.5,812
2026-09-18T20:19:00+00:00,29968,29969.5,29965,29965.75,682
2026-09-18T20:20:00+00:00,29966.25,29973.25,29966.25,29967.75,769
2026-09-18T20:21:00+00:00,29968.25,29968.5,29962.5,29964.5,789
2026-09-18T20:22:00+00:00,29964.25,29966.5,29961.5,29962.25,785
2026-09-18T20:23:00+00:00,29962.75,29966.75,29962.5,29963,502
2026-09-18T20:24:00+00:00,29963,29967,29960.25,29964.5,663
2026-09-18T20:25:00+00:00,29964.5,29970.5,29964,29968,1096
2026-09-18T20:26:00+00:00,29967.75,29969.25,29965.75,29965.75,272
2026-09-18T20:27:00+00:00,29965.75,29969,29965,29967.25,302
2026-09-18T20:28:00+00:00,29967.75,29970,29966.25,29969.5,253
2026-09-18T20:29:00+00:00,29969,29969.25,29965.25,29968,395
2026-09-18T20:30:00+00:00,29968.5,29970,29967,29967.5,376
2026-09-18T20:31:00+00:00,29967.75,29968,29963.5,29966.5,541
2026-09-18T20:32:00+00:00,29966.5,29966.5,29963,29964,358
2026-09-18T20:33:00+00:00,29964,29965.75,29963,29964.5,218
2026-09-18T20:34:00+00:00,29964.5,29971.75,29964.5,29966.5,1005
2026-09-18T20:35:00+00:00,29966.75,29967,29961.25,29962.75,502
2026-09-18T20:36:00+00:00,29962.5,29964.5,29961.75,29964.25,400
2026-09-18T20:37:00+00:00,29964.5,29964.5,29957.5,29958.75,678
2026-09-18T20:38:00+00:00,29959.25,29959.75,29957,29959.75,331
2026-09-18T20:39:00+00:00,29959,29968,29957.75,29966.25,900
2026-09-18T20:40:00+00:00,29966.5,29974.25,29966.5,29971.5,944
2026-09-18T20:41:00+00:00,29971.5,29975.5,29971,29973.75,793
2026-09-18T20:42:00+00:00,29973.75,29974,29968,29972.25,548
2026-09-18T20:43:00+00:00,29972.75,29975,29971.25,29973.5,379
2026-09-18T20:44:00+00:00,29974,29975.5,29972,29974,518
2026-09-18T20:45:00+00:00,29974,29982,29974,29981,1017
2026-09-18T20:46:00+00:00,29980.75,29986,29979.75,29984.5,758
2026-09-18T20:47:00+00:00,29985,29985.5,29979,29980.75,681
2026-09-18T20:48:00+00:00,29980.75,29982.75,29977,29978.75,419
2026-09-18T20:49:00+00:00,29978.25,29980.75,29976.75,29978.25,300
2026-09-18T20:50:00+00:00,29977.5,29980,29976.75,29980,457
2026-09-18T20:51:00+00:00,29980,29981.75,29977.5,29977.5,251
2026-09-18T20:52:00+00:00,29978,29978.25,29970.75,29972,546
2026-09-18T20:53:00+00:00,29971.25,29971.5,29965.25,29965.25,493
2026-09-18T20:54:00+00:00,29965.25,29965.75,29958.25,29959.25,397
2026-09-18T20:55:00+00:00,29959.75,29962,29959.25,29960,507
2026-09-18T20:56:00+00:00,29960,29960.25,29957.75,29957.75,276
2026-09-18T20:57:00+00:00,29957.5,29960.75,29955.5,29957.25,489
2026-09-18T20:58:00+00:00,29957,29959.25,29952.5,29955.5,640
2026-09-18T20:59:00+00:00,29955,29960.25,29917.25,29917.25,798
2026-09-20T22:10:00+00:00,29945.75,29950,29945,29948.5,0
2026-09-20T22:11:00+00:00,29948.5,29952.5,29946.5,29952.5,807
2026-09-20T22:12:00+00:00,29952.25,29969.25,29951.25,29968,2063
2026-09-20T22:13:00+00:00,29967,29978,29965,29977.5,1617
2026-09-20T22:14:00+00:00,29977.5,30005.25,29975.5,29997.25,2871
2026-09-20T22:15:00+00:00,29997.25,29997.25,29979,29992.5,2362
2026-09-20T22:16:00+00:00,29992.75,30008,29991,30001.25,2221
2026-09-20T22:17:00+00:00,30000.5,30003,29987.75,29987.75,1357
2026-09-20T22:18:00+00:00,29988,29990.75,29983.75,29990.25,967
2026-09-20T22:19:00+00:00,29989.75,29990.75,29985.75,29987.25,491
2026-09-20T22:20:00+00:00,29988,29989.5,29981.25,29982,723
2026-09-20T22:21:00+00:00,29982,29985.5,29981.25,29982.25,584
2026-09-20T22:22:00+00:00,29982.75,29989,29982.5,29989,562
2026-09-20T22:23:00+00:00,29989.25,29996,29984,29984,978
2026-09-20T22:24:00+00:00,29984.25,29986.25,29979.25,29981.5,756
2026-09-20T22:25:00+00:00,29981,29993.5,29981,29991.25,1074
2026-09-20T22:26:00+00:00,29990.75,29993.25,29987.25,29988,472
2026-09-20T22:27:00+00:00,29988,29989.25,29985,29985.25,228
2026-09-20T22:28:00+00:00,29985.25,29987.5,29981.25,29986.5,468
2026-09-20T22:29:00+00:00,29987,29991.25,29983,29989.5,460
2026-09-20T22:30:00+00:00,29989.25,29994.5,29987.25,29991.75,667
2026-09-20T22:31:00+00:00,29992,30002.5,29991.75,29995.25,1289
2026-09-20T22:32:00+00:00,29994.75,29998.75,29991.75,29996.5,617
2026-09-20T22:33:00+00:00,29997,29997.75,29994,29995,351
2026-09-20T22:34:00+00:00,29995.25,30000.75,29994.25,30000.5,803
2026-09-20T22:35:00+00:00,30001,30019.75,29999.75,30017.75,2800
2026-09-20T22:36:00+00:00,30017,30026.25,30014.5,30023,2081
2026-09-20T22:37:00+00:00,30022.5,30024.75,30013,30013,1005
2026-09-20T22:38:00+00:00,30013.25,30017.5,30011.5,30013.75,732
2026-09-20T22:39:00+00:00,30013.75,30016,30004.5,30007.25,947
2026-09-20T22:40:00+00:00,30006.5,30013.25,30006.25,30012,705
2026-09-20T22:41:00+00:00,30012.5,30022,30012.5,30020,1109
2026-09-20T22:42:00+00:00,30020.5,30023.25,30018.25,30018.5,739
2026-09-20T22:43:00+00:00,30018.5,30019,30011.5,30014.25,793
2026-09-20T22:44:00+00:00,30014.25,30014.75,30006,30007.5,580
2026-09-20T22:45:00+00:00,30008,30011.25,30005.5,30009.75,683
2026-09-20T22:46:00+00:00,30009.25,30010.75,30008.75,30010.75,279
2026-09-20T22:47:00+00:00,30010.5,30015.75,30010.5,30014.25,564
2026-09-20T22:48:00+00:00,30015.25,30015.75,30004,30006,750
2026-09-20T22:49:00+00:00,30006,30010.25,29996,30006.75,2111
2026-09-20T22:50:00+00:00,30006.25,30008,30003,30006.25,476
2026-09-20T22:51:00+00:00,30006,30008.25,30004,30007.5,375
2026-09-20T22:52:00+00:00,30007.5,30010,30003.25,30003.75,360
2026-09-20T22:53:00+00:00,30004,30005,30001.25,30002.5,451
2026-09-20T22:54:00+00:00,30002.5,30006.5,30002.5,30005.75,361
2026-09-20T22:55:00+00:00,30006.5,30012,30006.5,30011.25,552
2026-09-20T22:56:00+00:00,30011.5,30028.25,30010.5,30021.25,1908
2026-09-20T22:57:00+00:00,30022,30025.75,30017.25,30024.5,842
2026-09-20T22:58:00+00:00,30024.5,30032.75,30024,30028.5,1289
2026-09-20T22:59:00+00:00,30029.5,30033.75,30025,30025.75,976
2026-09-20T23:00:00+00:00,30025,30030,30022.25,30025.75,762
2026-09-20T23:01:00+00:00,30026.25,30028.25,30019.5,30020.5,633
2026-09-20T23:02:00+00:00,30020.5,30023.75,30015.25,30022.25,1211
2026-09-20T23:03:00+00:00,30022.25,30023,30017.75,30018.5,429
2026-09-20T23:04:00+00:00,30018.5,30018.75,30014,30016.5,532
2026-09-20T23:05:00+00:00,30016.75,30023.5,30016.5,30020.75,569
2026-09-20T23:06:00+00:00,30020.75,30020.75,30016.75,30017.75,303
2026-09-20T23:07:00+00:00,30018,30019.5,30015.25,30018,284
2026-09-20T23:08:00+00:00,30018.75,30019,30014.5,30016.75,272
2026-09-20T23:09:00+00:00,30016.75,30019.5,30016.75,30019.25,191
2026-09-20T23:10:00+00:00,30018.5,30020.5,30015,30017.25,468
2026-09-20T23:11:00+00:00,30017.75,30018,30016.25,30017.25,159
2026-09-20T23:12:00+00:00,30017,30022.5,30017,30021.75,277
2026-09-20T23:13:00+00:00,30021.75,30023.5,30019,30020,445
2026-09-20T23:14:00+00:00,30020,30020.25,30018.25,30019.75,140
2026-09-20T23:15:00+00:00,30019.75,30020.5,30012,30014.25,737
2026-09-20T23:16:00+00:00,30014.5,30018.75,30014.25,30016.5,505
2026-09-20T23:17:00+00:00,30016.5,30018.5,30014.75,30018,187
2026-09-20T23:18:00+00:00,30017.75,30021,30014.5,30018,607
2026-09-20T23:19:00+00:00,30018,30018.5,30014,30017.75,298
2026-09-20T23:20:00+00:00,30017.75,30018,30015.75,30016.75,206
2026-09-20T23:21:00+00:00,30016,30016.75,30010.5,30015.75,613
2026-09-20T23:22:00+00:00,30015.75,30017,30015.25,30016,202
2026-09-20T23:23:00+00:00,30016.25,30018.75,30012.5,30013.75,372
2026-09-20T23:24:00+00:00,30014.25,30018.25,30014.25,30018,209
2026-09-20T23:25:00+00:00,30018.75,30019.75,30017,30018.75,295
2026-09-20T23:26:00+00:00,30019,30028,30017.25,30021.25,957
2026-09-20T23:27:00+00:00,30020.5,30027,30019.5,30026.25,891
2026-09-20T23:28:00+00:00,30026.5,30030,30025.75,30028.25,731
2026-09-20T23:29:00+00:00,30028,30029.75,30025.25,30027,666
2026-09-20T23:30:00+00:00,30027,30032.5,30023,30029.25,1150
2026-09-20T23:31:00+00:00,30029.5,30030.75,30027.5,30028.75,297
2026-09-20T23:32:00+00:00,30028,30029.25,30023,30025.25,389
2026-09-20T23:33:00+00:00,30025.5,30027,30024.75,30026.5,216
2026-09-20T23:34:00+00:00,30027,30028.25,30024.75,30027.25,265
2026-09-20T23:35:00+00:00,30027.25,30027.75,30026,30027,110
2026-09-20T23:36:00+00:00,30027.5,30030,30026,30030,182
2026-09-20T23:37:00+00:00,30030.5,30037.5,30030.5,30034.75,1318
2026-09-20T23:38:00+00:00,30034.5,30034.75,30030.75,30032.5,367
2026-09-20T23:39:00+00:00,30032.5,30039.5,30031.25,30032.75,1012
2026-09-20T23:40:00+00:00,30032.75,30033.75,30028.75,30030.75,468
2026-09-20T23:41:00+00:00,30031.25,30034.25,30030.5,30032.25,207
2026-09-20T23:42:00+00:00,30033.25,30040.25,30032,30037.75,596
2026-09-20T23:43:00+00:00,30037.5,30038,30035,30036.5,280
2026-09-20T23:44:00+00:00,30036.75,30039.25,30033.75,30036,412
2026-09-20T23:45:00+00:00,30036.25,30036.25,30029.25,30033,651
2026-09-20T23:46:00+00:00,30032.5,30034.25,30027.75,30027.75,628
2026-09-20T23:47:00+00:00,30027.75,30032.5,30026,30028.75,648
2026-09-20T23:48:00+00:00,30028,30034,30027,30032.75,543
2026-09-20T23:49:00+00:00,30033.25,30040,30028,30030.5,1036
2026-09-20T23:50:00+00:00,30030,30031.75,30024.75,30028.5,709
2026-09-20T23:51:00+00:00,30028,30031,30025.25,30028.5,441
2026-09-20T23:52:00+00:00,30028.5,30029.75,30026.5,30026.5,276
2026-09-20T23:53:00+00:00,30026.5,30029.75,30026.5,30028.5,267
2026-09-20T23:54:00+00:00,30029,30030,30019,30024.5,957
2026-09-20T23:55:00+00:00,30024.5,30031,30023.75,30029.75,513
2026-09-20T23:56:00+00:00,30029.75,30036.5,30029.75,30030.75,700
2026-09-20T23:57:00+00:00,30030.5,30030.75,30025.5,30028.5,518
2026-09-20T23:58:00+00:00,30029,30030.75,30026.25,30026.75,242
2026-09-20T23:59:00+00:00,30027.75,30030.75,30027.75,30029.25,317
2026-09-21T00:00:00+00:00,30029.5,30037.25,30025.75,30032.25,1753
2026-09-21T00:01:00+00:00,30032.5,30038,30027.75,30036.5,1064
2026-09-21T00:02:00+00:00,30036.5,30055,30032,30052.5,3601
2026-09-21T00:03:00+00:00,30053,30053.25,30046.25,30051.25,1449
2026-09-21T00:04:00+00:00,30050.5,30051.75,30046.25,30048.5,663
2026-09-21T00:05:00+00:00,30049,30065.5,30049,30057.75,2964
2026-09-21T00:06:00+00:00,30056.75,30059,30047.75,30051.5,1187
2026-09-21T00:07:00+00:00,30051.5,30051.5,30040,30045.5,1783
2026-09-21T00:08:00+00:00,30047,30050,30043.25,30049.25,697
2026-09-21T00:09:00+00:00,30049.5,30050,30043.5,30046.75,624
2026-09-21T00:10:00+00:00,30047.25,30047.75,30041,30041,541
2026-09-21T00:11:00+00:00,30041.25,30042.5,30035,30040.25,1129
2026-09-21T00:12:00+00:00,30040.25,30046.5,30036.5,30045,924
2026-09-21T00:13:00+00:00,30045,30046,30038,30040.5,717
2026-09-21T00:14:00+00:00,30039.75,30045,30038.5,30041.5,426
2026-09-21T00:15:00+00:00,30041.25,30045.5,30035.25,30040.75,1152
2026-09-21T00:16:00+00:00,30041,30045,30036,30038.75,839
2026-09-21T00:17:00+00:00,30038,30038,30023.5,30024.75,1824
2026-09-21T00:18:00+00:00,30024,30025.25,30016.75,30020,2209
2026-09-21T00:19:00+00:00,30020.5,30027.5,30020.5,30024.75,812
2026-09-21T00:20:00+00:00,30024.5,30027,30021.75,30026.75,681
2026-09-21T00:21:00+00:00,30026,30042.25,30024.75,30037.5,1937
2026-09-21T00:22:00+00:00,30037.75,30060,30037.5,30059.25,2328
2026-09-21T00:23:00+00:00,30058.75,30070,30057.75,30062.5,2699
2026-09-21T00:24:00+00:00,30061.75,30069.75,30060,30065.5,1301
2026-09-21T00:25:00+00:00,30065.75,30067.75,30061,30064,1204
2026-09-21T00:26:00+00:00,30064.75,30066.75,30061.25,30064.5,569
2026-09-21T00:27:00+00:00,30065,30079,30064.5,30078.25,2309
2026-09-21T00:28:00+00:00,30078.25,30078.25,30071.75,30071.75,822
2026-09-21T00:29:00+00:00,30072.25,30072.25,30066.25,30066.75,884
2026-09-21T00:30:00+00:00,30066.75,30077.75,30066.75,30076,1140
2026-09-21T00:31:00+00:00,30075.5,30081.75,30075.5,30080.5,1146
2026-09-21T00:32:00+00:00,30081,30083,30077.25,30081.5,877
2026-09-21T00:33:00+00:00,30081.25,30088.75,30077.25,30086,1674
2026-09-21T00:34:00+00:00,30085.25,30090.75,30083.5,30088,861
2026-09-21T00:35:00+00:00,30088.25,30089.75,30083.75,30088.25,836
2026-09-21T00:36:00+00:00,30087.75,30091.75,30085,30087.75,758
2026-09-21T00:37:00+00:00,30087.5,30091.25,30086.25,30088.5,736
2026-09-21T00:38:00+00:00,30088.75,30089,30083,30084.75,898
2026-09-21T00:39:00+00:00,30084.75,30091.5,30082.25,30089.5,1481
2026-09-21T00:40:00+00:00,30090.5,30090.75,30081.75,30086.5,1164
2026-09-21T00:41:00+00:00,30086.25,30086.25,30078,30081.5,1184
2026-09-21T00:42:00+00:00,30081.75,30084.25,30078.75,30082,832
2026-09-21T00:43:00+00:00,30082,30085,30078,30079.5,615
2026-09-21T00:44:00+00:00,30080.25,30081.25,30070.75,30074.25,1564
2026-09-21T00:45:00+00:00,30074.25,30078.5,30073.75,30077.5,695
2026-09-21T00:46:00+00:00,30077.5,30077.75,30070.75,30076,664
2026-09-21T00:47:00+00:00,30076.25,30079.75,30075.5,30078,768
2026-09-21T00:48:00+00:00,30077.5,30082.25,30076.5,30079.75,833
2026-09-21T00:49:00+00:00,30080,30082.75,30076.25,30078.25,862
2026-09-21T00:50:00+00:00,30078,30087.5,30076.25,30083.5,855
2026-09-21T00:51:00+00:00,30083.75,30087,30080.25,30083.75,830
2026-09-21T00:52:00+00:00,30083.5,30086.75,30081.5,30084,497
2026-09-21T00:53:00+00:00,30084.25,30086.75,30082,30084,347
2026-09-21T00:54:00+00:00,30083.5,30084.25,30078.25,30078.5,624
2026-09-21T00:55:00+00:00,30078.75,30084,30078.25,30081.25,532
2026-09-21T00:56:00+00:00,30081.5,30084.5,30075.25,30080.25,749
2026-09-21T00:57:00+00:00,30080.5,30084,30080.5,30083,406
2026-09-21T00:58:00+00:00,30083.5,30087.25,30083.25,30084.75,687
2026-09-21T00:59:00+00:00,30086,30097.75,30084.25,30095.25,2570
2026-09-21T01:00:00+00:00,30095.25,30105,30094.75,30100.5,2783
2026-09-21T01:01:00+00:00,30100.5,30102,30088.5,30100.75,1785
2026-09-21T01:02:00+00:00,30101,30105.75,30097.75,30103.5,1476
2026-09-21T01:03:00+00:00,30104.25,30104.5,30098.5,30101,715
2026-09-21T01:04:00+00:00,30101,30105.75,30099,30104.5,734
2026-09-21T01:05:00+00:00,30104.5,30113.5,30101.25,30113,1965
2026-09-21T01:06:00+00:00,30113,30114.75,30108.75,30114,1575
2026-09-21T01:07:00+00:00,30114,30117.25,30113,30117,1270
2026-09-21T01:08:00+00:00,30117.25,30124.5,30115.5,30121,1685
2026-09-21T01:09:00+00:00,30121,30122.5,30115.75,30118.5,1368
2026-09-21T01:10:00+00:00,30118.75,30119,30114.5,30116,717
2026-09-21T01:11:00+00:00,30116,30118,30107.75,30118,1893
2026-09-21T01:12:00+00:00,30118,30128.75,30111.25,30118,2670
2026-09-21T01:13:00+00:00,30117.5,30118.75,30113.5,30114,656
2026-09-21T01:14:00+00:00,30113.75,30116.75,30105.75,30114.5,1421
2026-09-21T01:15:00+00:00,30114.75,30115.75,30109.5,30113,914
2026-09-21T01:16:00+00:00,30113.25,30116,30110,30115,621
2026-09-21T01:17:00+00:00,30114.75,30119,30111.25,30114,910
2026-09-21T01:18:00+00:00,30113,30113,30107,30109.75,615
2026-09-21T01:19:00+00:00,30110.5,30112.5,30107,30111.25,553
2026-09-21T01:20:00+00:00,30110.5,30115.5,30109,30114.5,592
2026-09-21T01:21:00+00:00,30115,30115,30111,30114.75,400
2026-09-21T01:22:00+00:00,30114.25,30114.5,30106.5,30110.5,578
2026-09-21T01:23:00+00:00,30109.75,30109.75,30104.75,30108.5,669
2026-09-21T01:24:00+00:00,30108.75,30112,30108.5,30111.5,580
2026-09-21T01:25:00+00:00,30111.5,30116.75,30111.25,30115,832
2026-09-21T01:26:00+00:00,30114.5,30120.75,30112.75,30119.5,797
2026-09-21T01:27:00+00:00,30119.75,30120.5,30115,30116.75,628
2026-09-21T01:28:00+00:00,30117,30126.25,30117,30122.75,1155
2026-09-21T01:29:00+00:00,30122.75,30127.5,30110.5,30111,1778
2026-09-21T01:30:00+00:00,30111.25,30119.5,30107.75,30115.25,1332
2026-09-21T01:31:00+00:00,30115,30117.25,30110,30111.5,622
2026-09-21T01:32:00+00:00,30111,30118.75,30111,30118,614
2026-09-21T01:33:00+00:00,30118.5,30120.75,30114.75,30119,621
2026-09-21T01:34:00+00:00,30119.5,30121.5,30117.5,30119,361
2026-09-21T01:35:00+00:00,30119,30119.5,30114.75,30114.75,414
2026-09-21T01:36:00+00:00,30114.5,30117.25,30111,30112,588
2026-09-21T01:37:00+00:00,30111.75,30112.75,30108,30110.75,646
2026-09-21T01:38:00+00:00,30111,30113.5,30109.5,30113,485
2026-09-21T01:39:00+00:00,30112.5,30114.5,30109.5,30114.25,474
2026-09-21T01:40:00+00:00,30114.25,30118.75,30114,30117.25,607
2026-09-21T01:41:00+00:00,30116.75,30119.75,30115,30117.25,388
2026-09-21T01:42:00+00:00,30117,30117,30109,30110,571
2026-09-21T01:43:00+00:00,30110.5,30111.5,30109,30110.5,352
2026-09-21T01:44:00+00:00,30110.5,30114,30109.25,30113.25,374
2026-09-21T01:45:00+00:00,30114,30114.75,30107,30108.75,530
2026-09-21T01:46:00+00:00,30108.75,30111.5,30105.25,30108,817
2026-09-21T01:47:00+00:00,30107.75,30108.5,30094.25,30097.5,2330
2026-09-21T01:48:00+00:00,30098,30098,30089.75,30093.5,1408
2026-09-21T01:49:00+00:00,30093.75,30096.75,30088.5,30092.5,1557
2026-09-21T01:50:00+00:00,30092.5,30098.25,30083.75,30084.75,2048
2026-09-21T01:51:00+00:00,30085,30091.75,30084.5,30091,982
2026-09-21T01:52:00+00:00,30091.5,30095.25,30088.25,30094.25,989
2026-09-21T01:53:00+00:00,30094,30099.25,30093.5,30097,968
2026-09-21T01:54:00+00:00,30096.5,30098.5,30092,30092.75,683
2026-09-21T01:55:00+00:00,30093,30094.5,30087.5,30088.75,609
2026-09-21T01:56:00+00:00,30088.25,30089.75,30084.75,30087.75,770
2026-09-21T01:57:00+00:00,30087.75,30091,30085.75,30089.5,566
2026-09-21T01:58:00+00:00,30089.75,30091.5,30073.5,30074.25,2302
2026-09-21T01:59:00+00:00,30075,30075.25,30069.5,30071,1578
2026-09-21T02:00:00+00:00,30070.75,30072.75,30064.75,30068.25,1753
2026-09-21T02:01:00+00:00,30068.5,30074,30063.75,30064.25,1251
2026-09-21T02:02:00+00:00,30064,30077.5,30063.75,30074.75,1311
2026-09-21T02:03:00+00:00,30075.25,30082,30074.25,30078.25,1246
2026-09-21T02:04:00+00:00,30077.75,30085,30076.25,30079.75,1082
2026-09-21T02:05:00+00:00,30079.25,30082,30072,30074.75,1010
2026-09-21T02:06:00+00:00,30074.75,30075.75,30070,30074.5,811
2026-09-21T02:07:00+00:00,30073.75,30074.5,30070.5,30073,378
2026-09-21T02:08:00+00:00,30073.25,30080,30072.75,30079,821
2026-09-21T02:09:00+00:00,30078.75,30082.5,30077.75,30081.75,728
2026-09-21T02:10:00+00:00,30081.25,30081.75,30075.5,30075.5,592
2026-09-21T02:11:00+00:00,30075.75,30084.25,30075,30080.75,611
2026-09-21T02:12:00+00:00,30080.5,30083.75,30080,30081,322
2026-09-21T02:13:00+00:00,30080.75,30083.75,30078.5,30080.25,415
2026-09-21T02:14:00+00:00,30079.5,30080.5,30076.5,30079.75,337
2026-09-21T02:15:00+00:00,30079.75,30081.25,30076,30078,447
2026-09-21T02:16:00+00:00,30078,30082.5,30072.25,30079.75,779
2026-09-21T02:17:00+00:00,30079.5,30082,30075.25,30076.5,551
2026-09-21T02:18:00+00:00,30076.25,30077.25,30073.5,30075,399
2026-09-21T02:19:00+00:00,30075,30079.75,30075,30077.75,459
2026-09-21T02:20:00+00:00,30077,30082.5,30073.25,30078.75,653
2026-09-21T02:21:00+00:00,30079.25,30079.25,30074,30076,391
2026-09-21T02:22:00+00:00,30076.25,30082.25,30076,30081.75,392
2026-09-21T02:23:00+00:00,30081.75,30082.5,30078.25,30082.5,490
2026-09-21T02:24:00+00:00,30082.25,30082.75,30072.5,30081,1315
2026-09-21T02:25:00+00:00,30081,30083.75,30079.75,30082.25,612
2026-09-21T02:26:00+00:00,30082.25,30089.25,30081,30085.25,1232
2026-09-21T02:27:00+00:00,30086,30088.5,30082.75,30085.25,1016
2026-09-21T02:28:00+00:00,30085,30088.25,30084.25,30087,506
2026-09-21T02:29:00+00:00,30087.5,30089.5,30086.75,30089,503
2026-09-21T02:30:00+00:00,30088.5,30088.75,30078.25,30081.25,1210
2026-09-21T02:31:00+00:00,30081.5,30082.25,30068.5,30071,1541
2026-09-21T02:32:00+00:00,30071,30073.25,30067.75,30068.5,977
2026-09-21T02:33:00+00:00,30068.75,30073.75,30068,30073,621
2026-09-21T02:34:00+00:00,30073,30075,30071.5,30073.75,495
2026-09-21T02:35:00+00:00,30073.5,30081.75,30073,30078,932
2026-09-21T02:36:00+00:00,30078.5,30080.75,30077.5,30079.75,410
2026-09-21T02:37:00+00:00,30079.25,30081,30075,30075.25,316
2026-09-21T02:38:00+00:00,30075,30081.75,30075,30079.75,374
2026-09-21T02:39:00+00:00,30080,30081,30078.5,30078.5,232
2026-09-21T02:40:00+00:00,30078.5,30078.75,30073,30076,501
2026-09-21T02:41:00+00:00,30076,30078.25,30074.25,30077.75,172
2026-09-21T02:42:00+00:00,30077.75,30084,30077.75,30084,579
2026-09-21T02:43:00+00:00,30084.25,30088,30081.75,30086,825
2026-09-21T02:44:00+00:00,30086.25,30087,30080,30083.25,533
2026-09-21T02:45:00+00:00,30082.75,30099.5,30080.25,30099.25,2392
2026-09-21T02:46:00+00:00,30099,30101.5,30094.5,30098.25,1538
2026-09-21T02:47:00+00:00,30098.25,30100,30096.75,30099.75,501
2026-09-21T02:48:00+00:00,30100,30101,30096.5,30100,420
2026-09-21T02:49:00+00:00,30099.5,30104.75,30098.25,30100.25,1223
2026-09-21T02:50:00+00:00,30100.5,30102.25,30098.25,30100.75,498
2026-09-21T02:51:00+00:00,30100.25,30101,30090,30090,1113
2026-09-21T02:52:00+00:00,30090.75,30094,30090.75,30091.25,483
2026-09-21T02:53:00+00:00,30092.25,30092.75,30088.5,30088.5,559
2026-09-21T02:54:00+00:00,30088.25,30089,30078,30084.75,1592
2026-09-21T02:55:00+00:00,30084,30086.5,30083,30083.25,383
2026-09-21T02:56:00+00:00,30083.25,30084.5,30076,30076.75,1027
2026-09-21T02:57:00+00:00,30077.5,30083,30076.75,30081.5,567
2026-09-21T02:58:00+00:00,30082.25,30083,30077.75,30078.5,386
2026-09-21T02:59:00+00:00,30079,30081.75,30077,30079,402
2026-09-21T03:00:00+00:00,30078.75,30083.5,30077.75,30082.5,347
2026-09-21T03:01:00+00:00,30082.5,30085,30080,30084.5,496
2026-09-21T03:02:00+00:00,30084.5,30087.75,30081,30085.5,648
2026-09-21T03:03:00+00:00,30086,30091.25,30085.75,30090.25,650
2026-09-21T03:04:00+00:00,30090.75,30100.75,30090.25,30098.75,1479
2026-09-21T03:05:00+00:00,30099,30100.25,30096.75,30097.25,657
2026-09-21T03:06:00+00:00,30097,30099,30093.75,30094,565
2026-09-21T03:07:00+00:00,30094.25,30096,30092.25,30094.75,328
2026-09-21T03:08:00+00:00,30095,30098.75,30094.25,30097.25,361
2026-09-21T03:09:00+00:00,30097.25,30097.25,30093.25,30094.25,270
2026-09-21T03:10:00+00:00,30095,30100,30094,30098.75,356
2026-09-21T03:11:00+00:00,30098.5,30099,30090.25,30092,315
2026-09-21T03:12:00+00:00,30091.5,30092.5,30089.25,30090.75,459
2026-09-21T03:13:00+00:00,30090.5,30094.25,30090.25,30093,308
2026-09-21T03:14:00+00:00,30093,30095.5,30092.5,30093.75,226
2026-09-21T03:15:00+00:00,30094.25,30097.25,30091.75,30097,330
2026-09-21T03:16:00+00:00,30096.5,30103.75,30095.5,30102.5,726
2026-09-21T03:17:00+00:00,30102.25,30102.75,30099.25,30101.75,467
2026-09-21T03:18:00+00:00,30101.5,30106,30100.25,30101,826
2026-09-21T03:19:00+00:00,30100.75,30103,30100.5,30102.5,318
2026-09-21T03:20:00+00:00,30101.75,30104.75,30100.75,30102.5,404
2026-09-21T03:21:00+00:00,30102,30102.25,30098.25,30100.25,387
2026-09-21T03:22:00+00:00,30100.25,30101.5,30098,30099.75,271
2026-09-21T03:23:00+00:00,30099.25,30101.25,30099,30099.25,150
2026-09-21T03:24:00+00:00,30099.25,30100.5,30098.75,30099.5,156
2026-09-21T03:25:00+00:00,30099.5,30102.25,30099.5,30101.25,206
2026-09-21T03:26:00+00:00,30101.75,30104,30100.5,30103,282
2026-09-21T03:27:00+00:00,30103,30103.25,30098.75,30099.25,254
2026-09-21T03:28:00+00:00,30099.5,30100.25,30094.5,30095.5,586
2026-09-21T03:29:00+00:00,30095.75,30096.5,30092.25,30093,403
2026-09-21T03:30:00+00:00,30092.75,30095.25,30089.75,30092.5,836
2026-09-21T03:31:00+00:00,30091.75,30093,30087.5,30089.75,414
2026-09-21T03:32:00+00:00,30089.75,30090.5,30082.75,30083.25,878
2026-09-21T03:33:00+00:00,30084,30091.25,30084,30090.25,554
2026-09-21T03:34:00+00:00,30090.75,30092,30088.25,30091.75,333
2026-09-21T03:35:00+00:00,30091.5,30095.25,30088.5,30089.5,671
2026-09-21T03:36:00+00:00,30088.75,30090.25,30086,30088.25,559
2026-09-21T03:37:00+00:00,30088.5,30089.75,30083.5,30084.25,447
2026-09-21T03:38:00+00:00,30084.25,30090.25,30083.5,30089.5,314
2026-09-21T03:39:00+00:00,30090,30093.75,30089.75,30092,328
2026-09-21T03:40:00+00:00,30092,30093,30089.75,30089.75,166
2026-09-21T03:41:00+00:00,30089.25,30092,30087.75,30089,169
2026-09-21T03:42:00+00:00,30089.75,30092,30089.5,30091.25,134
2026-09-21T03:43:00+00:00,30091.25,30093,30090.5,30092.25,223
2026-09-21T03:44:00+00:00,30091.5,30096,30091.5,30094,487
2026-09-21T03:45:00+00:00,30094.5,30105.75,30094.5,30104.75,1462
2026-09-21T03:46:00+00:00,30104.75,30107.5,30102,30103.25,896
2026-09-21T03:47:00+00:00,30103.75,30106.75,30102,30105.5,392
2026-09-21T03:48:00+00:00,30106,30106.5,30098.25,30100,624
2026-09-21T03:49:00+00:00,30100,30100.5,30093.5,30094.25,674
2026-09-21T03:50:00+00:00,30094,30094,30091.25,30092.75,598
2026-09-21T03:51:00+00:00,30092.25,30097,30092,30095.75,370
2026-09-21T03:52:00+00:00,30095.75,30101.25,30095.75,30100.25,349
2026-09-21T03:53:00+00:00,30100,30100.25,30096.75,30099,193
2026-09-21T03:54:00+00:00,30099.25,30099.5,30096.75,30097.5,144
2026-09-21T03:55:00+00:00,30097.25,30097.5,30091.75,30093,549
2026-09-21T03:56:00+00:00,30093.25,30094,30089.5,30092.5,388
2026-09-21T03:57:00+00:00,30092.5,30093,30090.75,30091.5,124
2026-09-21T03:58:00+00:00,30091.75,30093,30088.25,30089.5,351
2026-09-21T04:00:00+00:00,30087.25,30093,30087.25,30092.25,559
2026-09-21T04:01:00+00:00,30091.75,30095,30090,30094.75,352
2026-09-21T04:02:00+00:00,30095.25,30096,30091,30093.5,368
2026-09-21T04:03:00+00:00,30093.5,30094.25,30089.25,30089.75,274
2026-09-21T04:04:00+00:00,30090.25,30091.5,30081.5,30083,908
2026-09-21T04:05:00+00:00,30083.25,30085.25,30078.5,30081.75,912
2026-09-21T04:06:00+00:00,30082.25,30083.75,30073.5,30073.5,1011
2026-09-21T04:07:00+00:00,30073.25,30074.25,30070.25,30072.75,955
2026-09-21T04:08:00+00:00,30073,30087.75,30072.75,30086,1478
2026-09-21T04:09:00+00:00,30085.75,30085.75,30079,30081,656
2026-09-21T04:10:00+00:00,30080.75,30082.25,30078.75,30079,326
2026-09-21T04:11:00+00:00,30079,30079,30072,30074,814
2026-09-21T04:12:00+00:00,30074.75,30081.5,30074.5,30077.75,713
2026-09-21T04:13:00+00:00,30078.25,30083,30076.5,30081.25,365
2026-09-21T04:14:00+00:00,30081.25,30084.75,30080.5,30083,244
2026-09-21T04:15:00+00:00,30082.75,30085,30081,30083.75,408
2026-09-21T04:16:00+00:00,30083.5,30094.75,30083.25,30094,1213
2026-09-21T04:17:00+00:00,30094.25,30096.25,30092.25,30093,461
2026-09-21T04:18:00+00:00,30093.5,30099,30092.75,30097,543
2026-09-21T04:19:00+00:00,30097.75,30099.75,30096.75,30098.25,432
2026-09-21T04:20:00+00:00,30098,30101.5,30096,30098.25,674
2026-09-21T04:21:00+00:00,30098.25,30099,30096.25,30097,319
2026-09-21T04:22:00+00:00,30097.25,30099.25,30095,30096,262
2026-09-21T04:23:00+00:00,30096.25,30096.75,30087.75,30091.75,731
2026-09-21T04:24:00+00:00,30092.25,30094.25,30091,30094,219
2026-09-21T04:25:00+00:00,30094,30096.5,30093.5,30094.75,254
2026-09-21T04:26:00+00:00,30095,30097.5,30092.5,30096.75,338
2026-09-21T04:27:00+00:00,30096.75,30098,30095.5,30097.25,168
2026-09-21T04:28:00+00:00,30097.5,30097.75,30094.5,30095,99
2026-09-21T04:29:00+00:00,30095,30096,30093.25,30094,99
2026-09-21T04:30:00+00:00,30094,30094.5,30085.5,30086,625
2026-09-21T04:31:00+00:00,30086.5,30086.5,30081,30084,582
2026-09-21T04:32:00+00:00,30084.75,30087,30083.25,30085.5,307
2026-09-21T04:33:00+00:00,30085.75,30087.25,30085,30085.75,177
2026-09-21T04:34:00+00:00,30086.5,30087.25,30085.25,30086.75,157
2026-09-21T04:35:00+00:00,30087,30087,30081,30082,347
2026-09-21T04:36:00+00:00,30082.25,30084.25,30082.25,30083.5,219
2026-09-21T04:37:00+00:00,30083,30085,30082,30084.25,144
2026-09-21T04:38:00+00:00,30084.25,30084.5,30082.25,30083.5,143
2026-09-21T04:39:00+00:00,30084,30085.5,30082,30084.25,206
2026-09-21T04:40:00+00:00,30085,30093.25,30084.75,30091,748
2026-09-21T04:41:00+00:00,30091.25,30092.25,30089.75,30091.25,194
2026-09-21T04:42:00+00:00,30091.75,30092.75,30090.75,30091.5,200
2026-09-21T04:43:00+00:00,30091.5,30092.5,30088.25,30089,305
2026-09-21T04:44:00+00:00,30089,30091,30087,30088,181
2026-09-21T04:45:00+00:00,30087.75,30092.5,30086.75,30090,323
2026-09-21T04:46:00+00:00,30089.75,30091.5,30088.75,30091.5,123
2026-09-21T04:47:00+00:00,30091.5,30092.75,30090.25,30090.5,121
2026-09-21T04:48:00+00:00,30091.5,30096,30090.75,30094,466
2026-09-21T04:49:00+00:00,30094.75,30097.5,30093.25,30093.25,426
2026-09-21T04:50:00+00:00,30093.5,30095,30093,30094.5,168
2026-09-21T04:51:00+00:00,30094,30096,30092.5,30095.5,197
2026-09-21T04:52:00+00:00,30096,30097,30091.5,30092,207
2026-09-21T04:53:00+00:00,30091.75,30095.25,30090.75,30091.5,263
2026-09-21T04:54:00+00:00,30092.25,30093.75,30091.5,30091.5,160
2026-09-21T04:55:00+00:00,30092,30093,30089,30090.5,259
2026-09-21T04:56:00+00:00,30091.25,30096.75,30091,30096.75,286
2026-09-21T04:57:00+00:00,30096,30096.5,30093,30093,192
2026-09-21T04:58:00+00:00,30093.5,30093.75,30088.5,30089,383
2026-09-21T04:59:00+00:00,30089.25,30092,30089,30089.75,178
2026-09-21T05:00:00+00:00,30090.25,30090.75,30086,30087.5,338
2026-09-21T05:01:00+00:00,30087.25,30090,30086.75,30088,216
2026-09-21T05:02:00+00:00,30088.25,30089.25,30084.25,30088.75,270
2026-09-21T05:03:00+00:00,30088.5,30089.75,30085.75,30085.75,159
2026-09-21T05:04:00+00:00,30085.25,30088,30083.5,30084,202
2026-09-21T05:05:00+00:00,30083.75,30085.5,30081.5,30083.5,403
2026-09-21T05:06:00+00:00,30083.25,30084.5,30082.75,30084.25,135
2026-09-21T05:07:00+00:00,30084,30085.25,30083,30084,169
2026-09-21T05:08:00+00:00,30083.5,30086.75,30082.5,30083.25,475
2026-09-21T05:09:00+00:00,30083.5,30084.25,30079.25,30083.5,453
2026-09-21T05:10:00+00:00,30082.75,30086.75,30082.25,30082.5,180
2026-09-21T05:11:00+00:00,30082.5,30086,30081.25,30085.75,167
2026-09-21T05:12:00+00:00,30085.75,30085.75,30081,30083.5,151
2026-09-21T05:13:00+00:00,30084,30084.5,30081,30082.5,134
2026-09-21T05:14:00+00:00,30082.75,30084.5,30080.5,30081.75,331
2026-09-21T05:15:00+00:00,30081.25,30082.25,30079.25,30081,302
2026-09-21T05:16:00+00:00,30080.5,30083,30079.25,30080.75,220
2026-09-21T05:17:00+00:00,30080.5,30081.25,30077.5,30077.5,429
2026-09-21T05:18:00+00:00,30077.75,30079,30075,30079,471
2026-09-21T05:19:00+00:00,30079.25,30082.75,30077.25,30079.5,429
2026-09-21T05:20:00+00:00,30080,30081.75,30079,30081.75,200
2026-09-21T05:21:00+00:00,30081.5,30084.75,30079.75,30081,371
2026-09-21T05:22:00+00:00,30081,30086.25,30081,30085.25,283
2026-09-21T05:23:00+00:00,30085.25,30088.25,30083,30087.75,396
2026-09-21T05:24:00+00:00,30087.25,30089.5,30086,30088,338
2026-09-21T05:25:00+00:00,30088.25,30088.25,30081.25,30084.25,371
2026-09-21T05:26:00+00:00,30084.75,30086.25,30083.5,30084.75,135
2026-09-21T05:27:00+00:00,30084.25,30085.75,30081.75,30082,110
2026-09-21T05:28:00+00:00,30082.25,30082.75,30078,30079.25,474
2026-09-21T05:29:00+00:00,30079.25,30083,30079.25,30082,237
2026-09-21T05:30:00+00:00,30081.5,30086.25,30080.25,30084.25,480
2026-09-21T05:31:00+00:00,30084.5,30094,30083.25,30093.75,761
2026-09-21T05:32:00+00:00,30093.5,30095.25,30079.75,30081.75,803
2026-09-21T05:33:00+00:00,30081.75,30086.25,30077,30085.5,713
2026-09-21T05:34:00+00:00,30086.5,30091,30085.75,30089.25,405
2026-09-21T05:35:00+00:00,30089,30091,30084.25,30089.25,438
2026-09-21T05:36:00+00:00,30089.25,30096,30089.25,30092.5,623
2026-09-21T05:37:00+00:00,30092.75,30098.5,30091.25,30096.5,667
2026-09-21T05:38:00+00:00,30097.75,30103.25,30096.5,30102.75,644
2026-09-21T05:39:00+00:00,30103,30103,30092,30095.5,601
2026-09-21T05:40:00+00:00,30095.75,30112,30095.5,30109.25,1881
2026-09-21T05:41:00+00:00,30109,30109.5,30097,30099.5,969
2026-09-21T05:42:00+00:00,30099.75,30102.25,30094.75,30097.5,516
2026-09-21T05:43:00+00:00,30098,30101,30097.25,30098.25,159
2026-09-21T05:44:00+00:00,30098,30100.75,30097.25,30098.5,208
2026-09-21T05:45:00+00:00,30098.5,30101,30095.5,30097.5,479
2026-09-21T05:46:00+00:00,30097.75,30102.75,30095.75,30099,421
2026-09-21T05:47:00+00:00,30099.5,30099.5,30093,30095,453
2026-09-21T05:48:00+00:00,30095.25,30095.75,30084,30084.75,969
2026-09-21T05:49:00+00:00,30084.75,30089.25,30084.5,30085.25,329
2026-09-21T05:50:00+00:00,30085.5,30087.25,30082.75,30085.5,290
2026-09-21T05:51:00+00:00,30086.5,30088.25,30083.25,30087.25,319
2026-09-21T05:52:00+00:00,30086.75,30090.25,30085.75,30089.5,360
2026-09-21T05:53:00+00:00,30089.25,30097.25,30089.25,30095,572
2026-09-21T05:54:00+00:00,30095.5,30095.5,30089,30090.5,416
2026-09-21T05:55:00+00:00,30090,30092,30088.75,30089,257
2026-09-21T05:56:00+00:00,30089,30092,30089,30090,196
2026-09-21T05:57:00+00:00,30091.25,30093,30087.5,30090.5,328
2026-09-21T05:58:00+00:00,30090.25,30092.5,30089.75,30089.75,154
2026-09-21T05:59:00+00:00,30090.25,30091.75,30089.5,30090,254
2026-09-21T06:00:00+00:00,30090.25,30107.25,30090,30105.25,1613
2026-09-21T06:01:00+00:00,30105.5,30106,30100.5,30104,843
2026-09-21T06:02:00+00:00,30104.25,30106,30102.25,30103.5,535
2026-09-21T06:03:00+00:00,30104,30105.75,30102.5,30104.25,342
2026-09-21T06:04:00+00:00,30104.5,30108.75,30101.5,30107.5,497
2026-09-21T06:05:00+00:00,30107.25,30108,30104.75,30106.25,507
2026-09-21T06:06:00+00:00,30106,30109.75,30104,30107.25,671
2026-09-21T06:07:00+00:00,30108,30110.5,30104.75,30108.75,464
2026-09-21T06:08:00+00:00,30109,30110.5,30104,30110,470
2026-09-21T06:09:00+00:00,30110,30115,30108.5,30114,867
2026-09-21T06:10:00+00:00,30114,30115.75,30111.75,30113.75,583
2026-09-21T06:11:00+00:00,30114,30115.75,30112,30113.25,406
2026-09-21T06:12:00+00:00,30113.75,30121.5,30107.5,30111.75,1852
2026-09-21T06:13:00+00:00,30111.75,30111.75,30106,30110,548
2026-09-21T06:14:00+00:00,30109.5,30113.5,30105.75,30112.5,591
2026-09-21T06:15:00+00:00,30112.75,30115.25,30108,30115,541
2026-09-21T06:16:00+00:00,30114.5,30120.5,30113.75,30119,397
2026-09-21T06:17:00+00:00,30119.25,30122.75,30118.25,30120,697
2026-09-21T06:18:00+00:00,30120.25,30123.25,30118,30122,523
2026-09-21T06:19:00+00:00,30122.5,30124,30113,30116.75,1212
2026-09-21T06:20:00+00:00,30116.25,30118.75,30112.25,30113.75,525
2026-09-21T06:21:00+00:00,30114.25,30119.25,30110,30117,658
2026-09-21T06:22:00+00:00,30117.25,30117.5,30110,30112.5,496
2026-09-21T06:23:00+00:00,30112.75,30114,30110,30111.5,433
2026-09-21T06:24:00+00:00,30112,30113.25,30109.25,30112,405
2026-09-21T06:25:00+00:00,30111.5,30115.5,30109.75,30115.5,638
2026-09-21T06:26:00+00:00,30115.5,30115.5,30107,30108.75,601
2026-09-21T06:27:00+00:00,30108.5,30111.25,30107.75,30110.5,328
2026-09-21T06:28:00+00:00,30111,30112.75,30103,30105.5,688
2026-09-21T06:29:00+00:00,30105.5,30109,30105.25,30107.5,447
2026-09-21T06:30:00+00:00,30107.5,30112.25,30106.5,30107.75,621
2026-09-21T06:31:00+00:00,30108.25,30115,30108,30109.5,415
2026-09-21T06:32:00+00:00,30109.25,30112.75,30108.5,30111.5,286
2026-09-21T06:33:00+00:00,30111.25,30113.75,30109.75,30112.5,309
2026-09-21T06:34:00+00:00,30113,30121,30112.5,30120.75,594
2026-09-21T06:35:00+00:00,30120.25,30120.5,30114.25,30117.25,454
2026-09-21T06:36:00+00:00,30117.75,30122.75,30117.5,30121,524
2026-09-21T06:37:00+00:00,30121.5,30123.25,30120.5,30122.5,361
2026-09-21T06:38:00+00:00,30122.5,30123.75,30118.75,30121.5,407
2026-09-21T06:39:00+00:00,30121.25,30122,30119,30121.5,240
2026-09-21T06:40:00+00:00,30121.5,30124,30120.5,30120.75,292
2026-09-21T06:41:00+00:00,30121.25,30122,30119,30119.5,177
2026-09-21T06:42:00+00:00,30120,30121.5,30117,30118.5,328
2026-09-21T06:43:00+00:00,30118.25,30119.5,30117.25,30118,209
2026-09-21T06:44:00+00:00,30118.25,30122,30117.75,30120.75,240
2026-09-21T06:45:00+00:00,30121.5,30126.75,30121,30124.5,563
2026-09-21T06:46:00+00:00,30124.25,30130,30124.25,30128.5,1130
2026-09-21T06:47:00+00:00,30128.5,30138,30127.25,30133,1344
2026-09-21T06:48:00+00:00,30133.5,30135,30131,30134.75,721
2026-09-21T06:49:00+00:00,30134.25,30136.25,30133.75,30134.25,484
2026-09-21T06:50:00+00:00,30134.25,30136,30127.25,30128,627
2026-09-21T06:51:00+00:00,30127.75,30134,30127.75,30129.75,546
2026-09-21T06:52:00+00:00,30129.75,30133,30127.75,30130.75,384
2026-09-21T06:53:00+00:00,30130.5,30132.25,30121.5,30124.25,906
2026-09-21T06:54:00+00:00,30124,30125.5,30117.25,30124.5,953
2026-09-21T06:55:00+00:00,30124.25,30131.75,30124,30131.5,619
2026-09-21T06:56:00+00:00,30131.75,30134.75,30128.25,30133.75,531
2026-09-21T06:57:00+00:00,30133.75,30134.75,30132,30133.5,358
2026-09-21T06:58:00+00:00,30133.5,30136.5,30131,30135.5,440
2026-09-21T06:59:00+00:00,30135.5,30143.75,30132.5,30141.75,1789
2026-09-21T07:00:00+00:00,30141.5,30146.5,30138.25,30140,2450
2026-09-21T07:01:00+00:00,30140.25,30141,30131,30135.5,1172
2026-09-21T07:02:00+00:00,30135.5,30140,30134,30137.5,998
2026-09-21T07:03:00+00:00,30138,30156.25,30137.25,30155,2386
2026-09-21T07:04:00+00:00,30155.25,30162.75,30153.5,30159.5,2080
2026-09-21T07:05:00+00:00,30159.5,30160.75,30148.5,30156.5,1453
2026-09-21T07:06:00+00:00,30156,30159,30149.25,30151.5,913
2026-09-21T07:07:00+00:00,30151.25,30155,30149.25,30153,657
2026-09-21T07:08:00+00:00,30153.25,30158.25,30149.75,30151.75,675
2026-09-21T07:09:00+00:00,30151.25,30162,30149.25,30156,827
2026-09-21T07:10:00+00:00,30156.25,30156.5,30140.75,30141,1365
2026-09-21T07:11:00+00:00,30141.75,30144.25,30137.5,30140.25,954
2026-09-21T07:12:00+00:00,30141,30143.25,30135,30136.5,1137
2026-09-21T07:13:00+00:00,30136.25,30148,30135.5,30143.25,840
2026-09-21T07:14:00+00:00,30143.5,30155.75,30141.75,30153.5,1123
2026-09-21T07:15:00+00:00,30153.5,30155.5,30148.25,30151,726
2026-09-21T07:16:00+00:00,30150.5,30152.5,30146,30151.75,639
2026-09-21T07:17:00+00:00,30151.5,30154.25,30148,30151,657
2026-09-21T07:18:00+00:00,30151,30154,30147.75,30151.5,593
2026-09-21T07:19:00+00:00,30151.75,30154.75,30150.25,30150.5,341
2026-09-21T07:20:00+00:00,30151.25,30152,30143.75,30144.75,556
2026-09-21T07:21:00+00:00,30145,30146.5,30142.75,30144,337
2026-09-21T07:22:00+00:00,30143.5,30143.75,30136.5,30139,756
2026-09-21T07:23:00+00:00,30138.5,30139.25,30129,30132.5,1093
2026-09-21T07:24:00+00:00,30132,30136.25,30130.25,30135,562
2026-09-21T07:25:00+00:00,30135.25,30136,30129.25,30129.25,614
2026-09-21T07:26:00+00:00,30129.5,30134.5,30126,30129.25,881
2026-09-21T07:27:00+00:00,30128.75,30142,30127.75,30140,758
2026-09-21T07:28:00+00:00,30139.75,30142.5,30136.25,30138,619
2026-09-21T07:29:00+00:00,30138,30151,30138,30149.25,1315
2026-09-21T07:30:00+00:00,30149.25,30154.25,30147,30149.75,763
2026-09-21T07:31:00+00:00,30150,30155,30148.5,30154.25,555
2026-09-21T07:32:00+00:00,30155,30155.5,30145.25,30145.75,715
2026-09-21T07:33:00+00:00,30146.25,30151,30142.75,30149.5,451
2026-09-21T07:34:00+00:00,30149.25,30150,30144.75,30147,455
2026-09-21T07:35:00+00:00,30147.5,30148.75,30145.25,30145.75,285
2026-09-21T07:36:00+00:00,30145.75,30148.75,30145,30147.5,273
2026-09-21T07:37:00+00:00,30147.75,30154,30147,30151.25,433
2026-09-21T07:38:00+00:00,30151.25,30157.75,30150.75,30152.5,604
2026-09-21T07:39:00+00:00,30152.25,30153.75,30145.25,30152,667
2026-09-21T07:40:00+00:00,30152,30152.25,30145,30146.75,307
2026-09-21T07:41:00+00:00,30146.75,30148.5,30141.5,30142,743
2026-09-21T07:42:00+00:00,30142.75,30149.75,30142.5,30149.75,567
2026-09-21T07:43:00+00:00,30149.5,30150,30138.5,30139.5,583
2026-09-21T07:44:00+00:00,30139,30146.5,30139,30145,462
2026-09-21T07:45:00+00:00,30144.5,30150.75,30141.75,30147.25,506
2026-09-21T07:46:00+00:00,30147.75,30149.5,30140.5,30141.75,544
2026-09-21T07:47:00+00:00,30142,30149,30140,30146.75,376
2026-09-21T07:48:00+00:00,30146,30152,30145,30151.25,442
2026-09-21T07:49:00+00:00,30151.5,30152,30145.25,30149.75,459
2026-09-21T07:50:00+00:00,30150,30172.25,30149,30160.75,2040
2026-09-21T07:51:00+00:00,30160.5,30170.5,30159.75,30169,1195
2026-09-21T07:52:00+00:00,30169,30174,30168.75,30171,913
2026-09-21T07:53:00+00:00,30171.5,30175,30169.75,30174,709
2026-09-21T07:54:00+00:00,30174.5,30178.5,30173.5,30178,602
2026-09-21T07:55:00+00:00,30178,30182.5,30177.25,30180.5,1083
2026-09-21T07:56:00+00:00,30180.25,30183.25,30179,30182.25,696
2026-09-21T07:57:00+00:00,30182,30186.25,30180.75,30185.25,854
2026-09-21T07:58:00+00:00,30185.25,30188.25,30181.75,30184,761
2026-09-21T07:59:00+00:00,30184,30184,30177.5,30178,640
2026-09-21T08:00:00+00:00,30178.25,30193.25,30172.5,30192,2924
2026-09-21T08:01:00+00:00,30191.75,30195.5,30188.75,30195.25,1240
2026-09-21T08:02:00+00:00,30195.75,30204,30194,30201.5,2002
2026-09-21T08:03:00+00:00,30201,30216.25,30199.5,30209.25,2445
2026-09-21T08:04:00+00:00,30208.75,30210.75,30201,30202.75,1143
2026-09-21T08:05:00+00:00,30202.75,30203.25,30184.25,30186.75,1540
2026-09-21T08:06:00+00:00,30186.75,30205,30186.25,30201.5,1494
2026-09-21T08:07:00+00:00,30201,30202,30194,30196.25,932
2026-09-21T08:08:00+00:00,30196.5,30202.5,30196,30199.5,688
2026-09-21T08:09:00+00:00,30199.75,30208.75,30195.75,30207.5,868
2026-09-21T08:10:00+00:00,30207.75,30211.25,30205,30207.25,840
2026-09-21T08:11:00+00:00,30208.75,30211,30205.75,30209.25,368
2026-09-21T08:12:00+00:00,30209.5,30214.75,30208,30213.5,651
2026-09-21T08:13:00+00:00,30213.5,30213.75,30202.75,30204,729
2026-09-21T08:14:00+00:00,30204.25,30206,30202.25,30204.75,506
2026-09-21T08:15:00+00:00,30204.75,30208.5,30203.75,30203.75,416
2026-09-21T08:16:00+00:00,30204.5,30206.5,30203.25,30205.25,330
2026-09-21T08:17:00+00:00,30205.25,30205.75,30202,30202,274
2026-09-21T08:18:00+00:00,30202.25,30202.5,30197,30198.25,576
2026-09-21T08:19:00+00:00,30197.5,30203.75,30195.75,30197.5,803
2026-09-21T08:20:00+00:00,30197.5,30201.75,30191.75,30198.25,641
2026-09-21T08:21:00+00:00,30198.25,30201,30195.25,30200.75,368
2026-09-21T08:22:00+00:00,30200.75,30207.5,30195.75,30206.25,642
2026-09-21T08:23:00+00:00,30206.75,30212.25,30206,30208.5,660
2026-09-21T08:24:00+00:00,30208.75,30211.5,30206.5,30210.25,331
2026-09-21T08:25:00+00:00,30210,30214,30202.25,30202.75,727
2026-09-21T08:26:00+00:00,30203.25,30205,30199,30203.25,667
2026-09-21T08:27:00+00:00,30203.25,30206.75,30202,30205,251
2026-09-21T08:28:00+00:00,30206.25,30209.75,30203.25,30208,202
2026-09-21T08:29:00+00:00,30207.25,30209,30198.75,30199.5,418
2026-09-21T08:30:00+00:00,30199,30207,30197.25,30206.5,538
2026-09-21T08:31:00+00:00,30207,30215.25,30204.75,30212.25,595
2026-09-21T08:32:00+00:00,30212.5,30230.5,30210.75,30229.25,2576
2026-09-21T08:33:00+00:00,30229.5,30231.25,30226.25,30227.25,968
2026-09-21T08:34:00+00:00,30227.75,30228.25,30221.5,30223.75,974
2026-09-21T08:35:00+00:00,30223.75,30225.75,30220.5,30225.75,498
2026-09-21T08:36:00+00:00,30224.75,30229.75,30220.5,30223.5,747
2026-09-21T08:37:00+00:00,30223.5,30225,30219.25,30222,523
2026-09-21T08:38:00+00:00,30222,30228,30219.75,30223.75,629
2026-09-21T08:39:00+00:00,30223.5,30226.5,30221.75,30225,337
2026-09-21T08:40:00+00:00,30225,30226,30220,30223.75,379
2026-09-21T08:41:00+00:00,30224,30234.5,30223.75,30233,1075
2026-09-21T08:42:00+00:00,30233.25,30233.5,30229.25,30231.5,399
2026-09-21T08:43:00+00:00,30231,30237.5,30230.75,30234,760
2026-09-21T08:44:00+00:00,30233.75,30234,30230.25,30233.5,336
2026-09-21T08:45:00+00:00,30233,30233.25,30226.75,30230.75,687
2026-09-21T08:46:00+00:00,30231.5,30233.25,30227,30230.75,442
2026-09-21T08:47:00+00:00,30230.5,30234.25,30222,30227.25,740
2026-09-21T08:48:00+00:00,30227.25,30232,30225.75,30231.75,407
2026-09-21T08:49:00+00:00,30232,30234.75,30230,30231.25,418
2026-09-21T08:50:00+00:00,30229.75,30232,30223.75,30229.25,504
2026-09-21T08:51:00+00:00,30229.5,30232.25,30227,30228.25,295
2026-09-21T08:52:00+00:00,30227.5,30230,30225.5,30229.75,186
2026-09-21T08:53:00+00:00,30229.5,30235.5,30229.5,30232.5,401
2026-09-21T08:54:00+00:00,30233,30236.75,30225.5,30227.5,831
2026-09-21T08:55:00+00:00,30227.5,30231.5,30224.5,30230.75,251
2026-09-21T08:56:00+00:00,30230.75,30232.25,30227,30227.25,238
2026-09-21T08:57:00+00:00,30228.25,30234.25,30227.25,30232.75,291
2026-09-21T08:58:00+00:00,30232,30236,30230.5,30234.25,346
2026-09-21T08:59:00+00:00,30234.75,30238.5,30232.5,30234,575
2026-09-21T09:00:00+00:00,30234.75,30236,30228.75,30232.75,575
2026-09-21T09:01:00+00:00,30233.5,30236.25,30230,30235,398
2026-09-21T09:02:00+00:00,30234.25,30237.75,30232.25,30233.75,385
2026-09-21T09:03:00+00:00,30233.75,30237.75,30230.5,30236.75,262
2026-09-21T09:04:00+00:00,30236.75,30237,30229,30230,392
2026-09-21T09:05:00+00:00,30229.75,30233.75,30228.5,30233.25,257
2026-09-21T09:06:00+00:00,30234,30240.25,30233,30236.5,576
2026-09-21T09:07:00+00:00,30237,30243.75,30237,30242.25,653
2026-09-21T09:08:00+00:00,30242.25,30250,30242,30247.75,1327
2026-09-21T09:09:00+00:00,30247.5,30249,30240.25,30240.25,591
2026-09-21T09:10:00+00:00,30240.75,30245,30238.25,30239.25,513
2026-09-21T09:11:00+00:00,30239.25,30242.25,30232.25,30241,851
2026-09-21T09:12:00+00:00,30240.75,30243.5,30239.75,30242,302
2026-09-21T09:13:00+00:00,30241.75,30242.25,30236.25,30239.75,273
2026-09-21T09:14:00+00:00,30240,30243.25,30239,30239,226
2026-09-21T09:15:00+00:00,30238.75,30248,30237.5,30245.25,428
2026-09-21T09:16:00+00:00,30245.25,30246.25,30240,30240.5,312
2026-09-21T09:17:00+00:00,30240,30240.75,30234.25,30238,346
2026-09-21T09:18:00+00:00,30238.25,30240.75,30233.75,30234.25,384
2026-09-21T09:19:00+00:00,30234.75,30236.75,30232.5,30235,417
2026-09-21T09:20:00+00:00,30235.75,30237.5,30233,30233.75,221
2026-09-21T09:21:00+00:00,30233.25,30238.5,30232.25,30237.25,282
2026-09-21T09:22:00+00:00,30238.25,30247.75,30237.25,30246.75,557
2026-09-21T09:23:00+00:00,30247.25,30250,30244,30247.5,652
2026-09-21T09:24:00+00:00,30247,30248.5,30245.25,30246.75,212
2026-09-21T09:25:00+00:00,30246.25,30250,30242.75,30247,504
2026-09-21T09:26:00+00:00,30246.75,30256.25,30246.25,30254.25,1145
2026-09-21T09:27:00+00:00,30254.25,30261.75,30254,30260.5,1081
2026-09-21T09:28:00+00:00,30260.5,30261,30252.75,30254.25,736
2026-09-21T09:29:00+00:00,30254,30254.75,30246.25,30246.5,500
2026-09-21T09:30:00+00:00,30247,30248.25,30243.25,30248,575
2026-09-21T09:31:00+00:00,30249,30249.5,30241,30243,470
2026-09-21T09:32:00+00:00,30242.75,30246,30239.5,30245.5,501
2026-09-21T09:33:00+00:00,30245.75,30249,30243.25,30246,325
2026-09-21T09:34:00+00:00,30246.25,30250,30246,30249.5,330
2026-09-21T09:35:00+00:00,30250.5,30252.75,30247.75,30251.75,455
2026-09-21T09:36:00+00:00,30252,30254.5,30249,30249.5,359
2026-09-21T09:37:00+00:00,30249,30253.25,30249,30252.5,239
2026-09-21T09:38:00+00:00,30252.5,30256,30251.5,30253,354
2026-09-21T09:39:00+00:00,30253.25,30255.75,30250.75,30254.25,260
2026-09-21T09:40:00+00:00,30254,30255,30251.25,30252,222
2026-09-21T09:41:00+00:00,30251.75,30259.5,30251.75,30257.25,480
2026-09-21T09:42:00+00:00,30258,30258,30254.5,30255.25,207
2026-09-21T09:43:00+00:00,30255.25,30258,30255,30256.5,133
2026-09-21T09:44:00+00:00,30256.75,30260,30256.25,30257.25,227
2026-09-21T09:45:00+00:00,30257.75,30259,30255.5,30257,233
2026-09-21T09:46:00+00:00,30257.5,30258.5,30254.5,30257.75,301
2026-09-21T09:47:00+00:00,30257.5,30259.25,30256.25,30257.5,144
2026-09-21T09:48:00+00:00,30257.5,30264,30256.5,30262.5,747
2026-09-21T09:49:00+00:00,30262.5,30262.5,30253,30254.75,552
2026-09-21T09:50:00+00:00,30255,30259.75,30255,30256.25,532
2026-09-21T09:51:00+00:00,30256.25,30260.5,30254.75,30256,398
2026-09-21T09:52:00+00:00,30256,30258.5,30253.25,30253.25,349
2026-09-21T09:53:00+00:00,30253.25,30256.25,30250.75,30253,514
2026-09-21T09:54:00+00:00,30253,30255.75,30250.75,30254,324
2026-09-21T09:55:00+00:00,30253.75,30253.75,30248.75,30250.25,351
2026-09-21T09:56:00+00:00,30250,30251,30245.5,30246,502
2026-09-21T09:57:00+00:00,30246,30247,30235,30237.5,971
2026-09-21T09:58:00+00:00,30237.25,30238.5,30233.5,30234.75,749
2026-09-21T09:59:00+00:00,30235,30239.75,30232.75,30233.5,726
2026-09-21T10:00:00+00:00,30234,30238.75,30232.75,30234.75,710
2026-09-21T10:01:00+00:00,30235.5,30248,30233.5,30245.25,835
2026-09-21T10:02:00+00:00,30245.5,30247,30241,30246.75,448
2026-09-21T10:03:00+00:00,30247,30247.5,30244.25,30246,303
2026-09-21T10:04:00+00:00,30245.5,30246.5,30242.75,30246.5,334
2026-09-21T10:05:00+00:00,30246,30248.25,30241.25,30243.75,333
2026-09-21T10:06:00+00:00,30244,30245.25,30240,30240.75,355
2026-09-21T10:07:00+00:00,30241,30245,30238,30244.25,374
2026-09-21T10:08:00+00:00,30244.25,30245.5,30239.75,30242.25,331
2026-09-21T10:09:00+00:00,30242,30248,30242,30247,379
2026-09-21T10:10:00+00:00,30246.25,30247,30244.5,30245.25,216
2026-09-21T10:11:00+00:00,30245.5,30246.25,30242.25,30245.5,216
2026-09-21T10:12:00+00:00,30244.75,30245,30242.5,30242.75,213
2026-09-21T10:13:00+00:00,30242.5,30242.5,30238.5,30240.75,455
2026-09-21T10:14:00+00:00,30241,30246.5,30240.5,30246.5,340
2026-09-21T10:15:00+00:00,30246,30254,30245,30252.5,1057
2026-09-21T10:16:00+00:00,30252,30252.5,30248,30250.5,327
2026-09-21T10:17:00+00:00,30251.25,30252.75,30246.5,30247,350
2026-09-21T10:18:00+00:00,30247,30248,30241.75,30244.5,668
2026-09-21T10:19:00+00:00,30245.25,30249,30243.75,30246.25,352
2026-09-21T10:20:00+00:00,30246.25,30247.5,30243.5,30246.75,443
2026-09-21T10:21:00+00:00,30246.75,30247.5,30245,30246.5,116
2026-09-21T10:22:00+00:00,30246,30246,30242.5,30244.25,145
2026-09-21T10:23:00+00:00,30244.5,30245.25,30238.5,30240.75,455
2026-09-21T10:24:00+00:00,30240.75,30242.75,30239.5,30240.5,212
2026-09-21T10:25:00+00:00,30240.75,30243.5,30239,30239,302
2026-09-21T10:26:00+00:00,30240.25,30245.75,30239,30244.75,340
2026-09-21T10:27:00+00:00,30246,30251.75,30246,30250.25,584
2026-09-21T10:28:00+00:00,30250.25,30251.5,30248.5,30250,159
2026-09-21T10:29:00+00:00,30250,30250,30243.25,30245.75,304
2026-09-21T10:30:00+00:00,30246.5,30251,30236.75,30250,1247
2026-09-21T10:31:00+00:00,30249.5,30257.25,30247.5,30253.75,824
2026-09-21T10:32:00+00:00,30254.25,30255.75,30251.75,30253.5,336
2026-09-21T10:33:00+00:00,30252.75,30260.25,30252,30259,523
2026-09-21T10:34:00+00:00,30259.25,30261,30257.5,30259.5,370
2026-09-21T10:35:00+00:00,30259.5,30262,30248.75,30248.75,999
2026-09-21T10:36:00+00:00,30249.25,30253.75,30246.5,30253.25,579
2026-09-21T10:37:00+00:00,30253.25,30255.5,30252.25,30255.25,268
2026-09-21T10:38:00+00:00,30255.75,30259,30254.75,30257.75,264
2026-09-21T10:39:00+00:00,30257.75,30273,30257.75,30259,1724
2026-09-21T10:40:00+00:00,30258.75,30259.75,30254.5,30256.75,529
2026-09-21T10:41:00+00:00,30257,30257.75,30251.5,30253.75,428
2026-09-21T10:42:00+00:00,30253.75,30253.75,30250.75,30251.75,316
2026-09-21T10:43:00+00:00,30251,30253.5,30250,30251.75,359
2026-09-21T10:44:00+00:00,30251.75,30255.5,30251,30251.75,251
2026-09-21T10:45:00+00:00,30251.75,30254.25,30250,30252.5,196
2026-09-21T10:46:00+00:00,30252.25,30258.5,30251.75,30254,387
2026-09-21T10:47:00+00:00,30253.5,30256.25,30250.5,30254.5,398
2026-09-21T10:48:00+00:00,30254.25,30255.5,30248.25,30250.75,342
2026-09-21T10:49:00+00:00,30250.75,30251.5,30247.25,30249.5,207
2026-09-21T10:50:00+00:00,30249.75,30252.5,30248.5,30250,243
2026-09-21T10:51:00+00:00,30249.75,30251,30247.5,30249.25,162
2026-09-21T10:52:00+00:00,30249.5,30252.5,30247.75,30248.5,185
2026-09-21T10:53:00+00:00,30249.25,30254.75,30248.25,30254,212
2026-09-21T10:54:00+00:00,30253.25,30256,30250.25,30255.5,360
2026-09-21T10:55:00+00:00,30255,30255.75,30246.75,30247.25,402
2026-09-21T10:56:00+00:00,30246.75,30251,30245.5,30248,543
2026-09-21T10:57:00+00:00,30248,30249.5,30242.5,30243.25,494
2026-09-21T10:58:00+00:00,30243.5,30245.5,30241,30242.25,360
2026-09-21T10:59:00+00:00,30242.5,30244,30239,30241.25,549
2026-09-21T11:00:00+00:00,30241,30245.75,30232.75,30241.5,1616
2026-09-21T11:01:00+00:00,30241.25,30251.75,30241,30248.25,856
2026-09-21T11:02:00+00:00,30247.75,30248.25,30240.5,30243.75,553
2026-09-21T11:03:00+00:00,30243.75,30249.25,30243.5,30246.5,306
2026-09-21T11:04:00+00:00,30246.5,30247,30235.25,30235.25,437
2026-09-21T11:05:00+00:00,30235.5,30238.25,30232.75,30234.75,574
2026-09-21T11:06:00+00:00,30234.5,30236.75,30229.75,30231.5,693
2026-09-21T11:07:00+00:00,30231,30234.25,30227.25,30228.5,884
2026-09-21T11:08:00+00:00,30228.5,30229,30222.25,30225.75,837
2026-09-21T11:09:00+00:00,30226,30231.25,30225,30229.25,573
2026-09-21T11:10:00+00:00,30229.25,30229.5,30224.75,30226.5,387
2026-09-21T11:11:00+00:00,30226.75,30228,30224.25,30225.75,280
2026-09-21T11:12:00+00:00,30226,30230.25,30225.5,30229.5,262
2026-09-21T11:13:00+00:00,30230,30233.25,30229.75,30232,373
2026-09-21T11:14:00+00:00,30232.25,30238.25,30231,30233,718
2026-09-21T11:15:00+00:00,30233,30242.5,30232.25,30240.25,721
2026-09-21T11:16:00+00:00,30240.25,30240.25,30234,30237.25,458
2026-09-21T11:17:00+00:00,30236.75,30238,30233,30237.25,389
2026-09-21T11:18:00+00:00,30236.25,30237.25,30233.5,30236,270
2026-09-21T11:19:00+00:00,30236.5,30240.5,30235.25,30239.25,309
2026-09-21T11:20:00+00:00,30239,30239,30230.75,30233,655
2026-09-21T11:21:00+00:00,30232.75,30234.25,30231,30233.5,234
2026-09-21T11:22:00+00:00,30234,30234.25,30228.25,30232.25,466
2026-09-21T11:23:00+00:00,30232.75,30233,30223.5,30223.75,695
2026-09-21T11:24:00+00:00,30223.75,30228.25,30221,30224.5,702
2026-09-21T11:25:00+00:00,30224,30226.5,30221,30221,462
2026-09-21T11:26:00+00:00,30221.5,30224,30218.25,30221.25,880
2026-09-21T11:27:00+00:00,30221.5,30226.5,30221.5,30224.25,431
2026-09-21T11:28:00+00:00,30224,30228.25,30224,30226.25,361
2026-09-21T11:29:00+00:00,30226.75,30229.75,30222.75,30226.25,483
2026-09-21T11:30:00+00:00,30225.75,30229.75,30223,30227.5,361
2026-09-21T11:31:00+00:00,30228,30231.25,30224.75,30230,382
2026-09-21T11:32:00+00:00,30229.5,30232,30228.75,30230.5,373
2026-09-21T11:33:00+00:00,30231,30235.5,30227,30235.5,693
2026-09-21T11:34:00+00:00,30235.25,30240,30234.5,30234.5,747
2026-09-21T11:35:00+00:00,30234.75,30236.75,30231.75,30234.5,383
2026-09-21T11:36:00+00:00,30235,30235,30228.5,30229.5,364
2026-09-21T11:37:00+00:00,30229,30230,30220.75,30220.75,688
2026-09-21T11:38:00+00:00,30220.75,30226,30220.25,30225.25,581
2026-09-21T11:39:00+00:00,30225.25,30238.25,30224.75,30232,1270
2026-09-21T11:40:00+00:00,30231,30234.5,30229.25,30233.25,593
2026-09-21T11:41:00+00:00,30233,30234,30226.5,30229,453
2026-09-21T11:42:00+00:00,30229.25,30233.5,30228.75,30230.75,254
2026-09-21T11:43:00+00:00,30230.5,30231,30226,30229.5,307
2026-09-21T11:44:00+00:00,30229.75,30241,30229.75,30240.5,794
2026-09-21T11:45:00+00:00,30240.5,30244.25,30238,30242.75,851
2026-09-21T11:46:00+00:00,30242.5,30243.75,30239,30239.5,498
2026-09-21T11:47:00+00:00,30239.5,30239.75,30232.75,30237,619
2026-09-21T11:48:00+00:00,30236.5,30239.25,30235.5,30238.75,245
2026-09-21T11:49:00+00:00,30238.25,30250,30238.25,30248.75,1047
2026-09-21T11:50:00+00:00,30248.5,30250.75,30246.25,30249.5,681
2026-09-21T11:51:00+00:00,30249.25,30251.75,30246.75,30250.75,556
2026-09-21T11:52:00+00:00,30251,30257.25,30248.5,30257.25,1052
2026-09-21T11:53:00+00:00,30256.75,30257.25,30250,30252.25,720
2026-09-21T11:54:00+00:00,30252.25,30257.5,30251.5,30254,566
2026-09-21T11:55:00+00:00,30254.25,30261.5,30253.25,30255.75,868
2026-09-21T11:56:00+00:00,30255.75,30257.5,30247.5,30250.25,778
2026-09-21T11:57:00+00:00,30250.75,30251.75,30243.75,30249.5,780
2026-09-21T11:58:00+00:00,30249.5,30249.5,30245,30246.25,362
2026-09-21T11:59:00+00:00,30246.25,30249.25,30246,30247,249
2026-09-21T12:00:00+00:00,30247.25,30254.75,30245.5,30249.5,933
2026-09-21T12:01:00+00:00,30249.25,30250.25,30246,30248.5,350
2026-09-21T12:02:00+00:00,30249.5,30255,30236,30247,1948
2026-09-21T12:03:00+00:00,30247.25,30257,30243.25,30252.25,1178
2026-09-21T12:04:00+00:00,30252.25,30268.5,30252.25,30267.5,2259
2026-09-21T12:05:00+00:00,30267.75,30277.25,30264.25,30268.5,2155
2026-09-21T12:06:00+00:00,30268.75,30275,30268,30272.75,1055
2026-09-21T12:07:00+00:00,30273.5,30273.75,30262.25,30263.25,1041
2026-09-21T12:08:00+00:00,30263.5,30267,30262.25,30263.5,586
2026-09-21T12:09:00+00:00,30264,30266.5,30261,30264,518
2026-09-21T12:10:00+00:00,30264.5,30265.5,30260.75,30263.75,476
2026-09-21T12:11:00+00:00,30263.25,30266,30259.75,30265.5,728
2026-09-21T12:12:00+00:00,30265.5,30265.75,30259.25,30263.25,777
2026-09-21T12:13:00+00:00,30263.25,30264.5,30259.25,30262,367
2026-09-21T12:14:00+00:00,30262.5,30262.75,30251.5,30252.25,1209
2026-09-21T12:15:00+00:00,30252.5,30255.75,30250.25,30254.75,773
2026-09-21T12:16:00+00:00,30254.75,30258,30251,30251.75,643
2026-09-21T12:17:00+00:00,30251.75,30252,30245.75,30247,1142
2026-09-21T12:18:00+00:00,30247.5,30257.75,30246.75,30256.75,699
2026-09-21T12:19:00+00:00,30257.5,30258.25,30252.5,30252.5,696
2026-09-21T12:20:00+00:00,30252.25,30255.5,30247,30254.5,725
2026-09-21T12:21:00+00:00,30254.75,30256,30244.5,30245.75,909
2026-09-21T12:22:00+00:00,30246.25,30246.25,30236,30242.5,1449
2026-09-21T12:23:00+00:00,30242,30242.75,30237.5,30240.75,607
2026-09-21T12:24:00+00:00,30241,30242.25,30236,30236,588
2026-09-21T12:25:00+00:00,30235.75,30237.5,30233,30236.25,742
2026-09-21T12:26:00+00:00,30237,30238.25,30233.75,30236,410
2026-09-21T12:27:00+00:00,30236.75,30238,30229.5,30230.75,832
2026-09-21T12:28:00+00:00,30230.5,30231.5,30225.5,30229,1280
2026-09-21T12:29:00+00:00,30228.75,30230.75,30225.5,30225.5,425
2026-09-21T12:30:00+00:00,30225.5,30234.25,30225.5,30231.75,873
2026-09-21T12:31:00+00:00,30231.75,30235.75,30225,30234.75,855
2026-09-21T12:32:00+00:00,30236,30236.5,30226.25,30233,887
2026-09-21T12:33:00+00:00,30232.75,30233.25,30228.5,30230,468
2026-09-21T12:34:00+00:00,30230,30231,30223.5,30229.5,854
2026-09-21T12:35:00+00:00,30230,30231,30227.5,30229.5,378
2026-09-21T12:36:00+00:00,30229.25,30232.5,30227,30228.5,570
2026-09-21T12:37:00+00:00,30228.25,30230,30224.75,30228.75,713
2026-09-21T12:38:00+00:00,30228,30236,30222.25,30233,1291
2026-09-21T12:39:00+00:00,30233.25,30235.25,30230.5,30232,545
2026-09-21T12:40:00+00:00,30231.5,30234.75,30228.75,30232.25,382
2026-09-21T12:41:00+00:00,30232,30234,30226.5,30233,828
2026-09-21T12:42:00+00:00,30232.75,30240.5,30231.75,30239,1150
2026-09-21T12:43:00+00:00,30238.75,30240.5,30236.25,30236.75,572
2026-09-21T12:44:00+00:00,30236.5,30257,30232.75,30256,4444
2026-09-21T12:45:00+00:00,30256,30258.75,30248.25,30250.25,1732
2026-09-21T12:46:00+00:00,30250.5,30250.75,30241,30243.75,1082
2026-09-21T12:47:00+00:00,30243.75,30244.25,30238,30241.25,761
2026-09-21T12:48:00+00:00,30241.25,30241.5,30235,30238.75,608
2026-09-21T12:49:00+00:00,30239,30239,30233.25,30237.75,566
2026-09-21T12:50:00+00:00,30238,30240.5,30236,30239,664
2026-09-21T12:51:00+00:00,30238.75,30239.75,30237,30238.25,264
2026-09-21T12:52:00+00:00,30238.25,30241.75,30237,30240.75,634
2026-09-21T12:53:00+00:00,30241,30243,30238,30241,501
2026-09-21T12:54:00+00:00,30240.25,30240.25,30235,30237.5,462
2026-09-21T12:55:00+00:00,30236.75,30236.75,30229.75,30231.25,929
2026-09-21T12:56:00+00:00,30231.25,30233.5,30226,30226.25,870
2026-09-21T12:57:00+00:00,30226.5,30230,30225.5,30226.5,749
2026-09-21T12:58:00+00:00,30226.5,30231.25,30224.75,30230,722
2026-09-21T12:59:00+00:00,30230.25,30230.5,30224.5,30225,681
2026-09-21T13:00:00+00:00,30224.75,30226,30219,30223.25,2165
2026-09-21T13:01:00+00:00,30223,30228.25,30221.5,30225.5,1007
2026-09-21T13:02:00+00:00,30225.5,30235.25,30224.75,30233.75,1385
2026-09-21T13:03:00+00:00,30233.5,30234.75,30227.75,30229,900
2026-09-21T13:04:00+00:00,30229.25,30237.25,30229.25,30233.25,1050
2026-09-21T13:05:00+00:00,30233.25,30235.75,30227.25,30229.5,921
2026-09-21T13:06:00+00:00,30229.25,30230.75,30226.25,30230.25,445
2026-09-21T13:07:00+00:00,30230.25,30231.25,30224.5,30228.25,790
2026-09-21T13:08:00+00:00,30227.5,30231.25,30226.75,30228,471
2026-09-21T13:09:00+00:00,30228.5,30234.25,30228.5,30233.25,594
2026-09-21T13:10:00+00:00,30233.25,30239.25,30231.75,30233,1221
2026-09-21T13:11:00+00:00,30233,30234.25,30224.75,30225.25,898
2026-09-21T13:12:00+00:00,30225.5,30230.25,30225.25,30230.25,518
2026-09-21T13:13:00+00:00,30230.5,30230.5,30223,30223.75,869
2026-09-21T13:14:00+00:00,30223.25,30226,30220.25,30223.25,892
2026-09-21T13:15:00+00:00,30223.75,30229.5,30223.5,30229.5,675
2026-09-21T13:16:00+00:00,30229.5,30230,30225.25,30226.25,583
2026-09-21T13:17:00+00:00,30226.25,30228.25,30222.25,30223.5,727
2026-09-21T13:18:00+00:00,30223.5,30226.25,30223,30225,344
2026-09-21T13:19:00+00:00,30225.25,30231.75,30225.25,30230.25,814
2026-09-21T13:20:00+00:00,30230,30230.5,30212,30219.25,2004
2026-09-21T13:21:00+00:00,30219.25,30222,30217.5,30219.25,804
2026-09-21T13:22:00+00:00,30219,30219.5,30210.5,30212,1903
2026-09-21T13:23:00+00:00,30212,30214.5,30208,30209.75,1659
2026-09-21T13:24:00+00:00,30210,30211,30202.25,30202.75,1873
2026-09-21T13:25:00+00:00,30203,30213.75,30203,30212.25,2882
2026-09-21T13:26:00+00:00,30212.5,30227.25,30210,30218.5,3920
2026-09-21T13:27:00+00:00,30219,30233,30213,30232.5,3053
2026-09-21T13:28:00+00:00,30232.75,30232.75,30209.25,30209.75,2937
2026-09-21T13:29:00+00:00,30210,30223.5,30208.75,30222,2491
2026-09-21T13:30:00+00:00,30221.75,30260.75,30221.75,30253.5,15219
2026-09-21T13:31:00+00:00,30253,30255.25,30229.75,30253.25,11625
2026-09-21T13:32:00+00:00,30254,30259.25,30236.25,30238.25,9502
2026-09-21T13:33:00+00:00,30238.5,30240,30216.5,30224.5,10861
2026-09-21T13:34:00+00:00,30225,30252,30223.5,30251.5,8446
2026-09-21T13:35:00+00:00,30251.75,30259,30235,30256.25,9732
2026-09-21T13:36:00+00:00,30256.5,30265,30244.25,30264.25,8536
2026-09-21T13:37:00+00:00,30264,30296,30257.75,30292,17010
2026-09-21T13:38:00+00:00,30291.75,30293.75,30282.5,30291.75,6690
2026-09-21T13:39:00+00:00,30292.5,30303.75,30287.5,30297.25,7793
2026-09-21T13:40:00+00:00,30297,30310.25,30296.75,30307,8520
2026-09-21T13:41:00+00:00,30307.25,30313.25,30302.5,30307.75,5838
2026-09-21T13:42:00+00:00,30308,30316,30305.5,30315,4934
2026-09-21T13:43:00+00:00,30314.5,30328.75,30311.75,30323.5,7742
2026-09-21T13:44:00+00:00,30323.25,30340.75,30320.75,30340,7202
2026-09-21T13:45:00+00:00,30340.25,30366.75,30339.75,30366.5,13943
2026-09-21T13:46:00+00:00,30366.75,30369,30358.75,30365.25,6811
2026-09-21T13:47:00+00:00,30365.25,30365.75,30355.5,30358,5198
2026-09-21T13:48:00+00:00,30358.25,30371.75,30357,30364.75,5891
2026-09-21T13:49:00+00:00,30364.5,30365.5,30356.5,30358.75,4491
2026-09-21T13:50:00+00:00,30358.75,30361,30351.75,30357,5250
2026-09-21T13:51:00+00:00,30357.25,30383.25,30357.25,30371,8448
2026-09-21T13:52:00+00:00,30371.75,30396,30371.25,30392,12895
2026-09-21T13:53:00+00:00,30392,30399.75,30390.75,30399.25,5183
2026-09-21T13:54:00+00:00,30399.25,30408.5,30394,30407.75,8097
2026-09-21T13:55:00+00:00,30407.75,30408.25,30395,30403,6091
2026-09-21T13:56:00+00:00,30402.25,30408,30396,30398,4315
2026-09-21T13:57:00+00:00,30397.75,30418,30394.5,30417.75,6637
2026-09-21T13:58:00+00:00,30417.25,30422.75,30406.75,30409.5,7788
2026-09-21T13:59:00+00:00,30410,30419.5,30404.75,30417,5646
2026-09-21T14:00:00+00:00,30416.5,30426.75,30411.75,30418.75,7676
2026-09-21T14:01:00+00:00,30419,30438.25,30416.75,30429.75,10109
2026-09-21T14:02:00+00:00,30429.75,30430.5,30414,30423.25,6128
2026-09-21T14:03:00+00:00,30423,30424.75,30410.5,30413.25,4811
2026-09-21T14:04:00+00:00,30414,30422,30413.5,30417,4210
2026-09-21T14:05:00+00:00,30417.5,30419,30398.75,30410.5,9179
2026-09-21T14:06:00+00:00,30410.25,30410.75,30401.5,30402.75,3607
2026-09-21T14:07:00+00:00,30403,30408.75,30396.75,30403.25,5227
2026-09-21T14:08:00+00:00,30403.25,30416.25,30402.5,30415.5,4771
2026-09-21T14:09:00+00:00,30415.75,30421.75,30406.25,30408.25,5658
2026-09-21T14:10:00+00:00,30408.5,30427.25,30408.25,30421,6488
2026-09-21T14:11:00+00:00,30421.5,30429,30417.75,30426,4698
2026-09-21T14:12:00+00:00,30425.75,30434.5,30423.5,30432.75,6433
2026-09-21T14:13:00+00:00,30432.75,30450,30431.25,30442.5,9551
2026-09-21T14:14:00+00:00,30442.5,30444,30432.25,30437.25,4892
2026-09-21T14:15:00+00:00,30437.5,30455.25,30437.5,30453.5,7622
2026-09-21T14:16:00+00:00,30453.75,30471,30451.75,30467.5,9522
2026-09-21T14:17:00+00:00,30468.25,30469,30460.25,30463.5,4659
2026-09-21T14:18:00+00:00,30463.25,30471.25,30463,30468.5,3569
2026-09-21T14:19:00+00:00,30468.75,30470,30462.25,30468.75,3193
2026-09-21T14:20:00+00:00,30468.75,30469.5,30457.25,30458,4280
2026-09-21T14:21:00+00:00,30457.75,30488.5,30456,30487.25,10384
2026-09-21T14:22:00+00:00,30487.25,30498.75,30485.25,30497.5,8117
2026-09-21T14:23:00+00:00,30497.5,30503.75,30491.25,30502.25,6556
2026-09-21T14:24:00+00:00,30502.5,30505.25,30498,30502.25,5648
2026-09-21T14:25:00+00:00,30502.5,30502.75,30493.25,30500,4588
2026-09-21T14:26:00+00:00,30500,30510,30497.75,30506.25,6103
2026-09-21T14:27:00+00:00,30506.5,30514.5,30504,30512,5372
2026-09-21T14:28:00+00:00,30512,30519.75,30511.25,30516.5,5228
2026-09-21T14:29:00+00:00,30516.25,30519.75,30512,30518,4469
2026-09-21T14:30:00+00:00,30518.75,30525.75,30510.25,30524.75,5382
2026-09-21T14:31:00+00:00,30524.75,30527.5,30514,30522,6365
2026-09-21T14:32:00+00:00,30522,30534.25,30518.25,30527,6749
2026-09-21T14:33:00+00:00,30527.25,30531,30523.25,30527.5,3663
2026-09-21T14:34:00+00:00,30527.25,30529.25,30520.25,30524,3433
2026-09-21T14:35:00+00:00,30524.25,30532.25,30524.25,30531,3481
2026-09-21T14:36:00+00:00,30530.75,30548.5,30529.25,30547,9741
2026-09-21T14:37:00+00:00,30547.25,30556.5,30546.25,30546.75,7795
2026-09-21T14:38:00+00:00,30546.5,30548.5,30531.75,30532.75,6694
2026-09-21T14:39:00+00:00,30532.75,30537.5,30525.25,30531,6600
2026-09-21T14:40:00+00:00,30531.25,30532.25,30522,30526.25,5263
2026-09-21T14:41:00+00:00,30526,30539.5,30517.75,30522,8951
2026-09-21T14:42:00+00:00,30521.75,30522.5,30510.25,30512,5917
2026-09-21T14:43:00+00:00,30511.75,30513.25,30500.5,30509.5,7381
2026-09-21T14:44:00+00:00,30509,30519,30504.5,30517,5182
2026-09-21T14:45:00+00:00,30517,30517.75,30504,30507.5,5621
2026-09-21T14:46:00+00:00,30507.5,30525,30507.25,30520,5505
2026-09-21T14:47:00+00:00,30519.75,30531.5,30517,30526.5,6356
2026-09-21T14:48:00+00:00,30526,30531.5,30522.25,30529.25,3306
2026-09-21T14:49:00+00:00,30529.75,30531,30519,30519,3398
2026-09-21T14:50:00+00:00,30519,30522.75,30507,30509.25,5828
2026-09-21T14:51:00+00:00,30509.25,30522,30508.25,30518.25,3329
2026-09-21T14:52:00+00:00,30518.25,30524.25,30513,30517.25,2605
2026-09-21T14:53:00+00:00,30517.25,30521.25,30506.25,30507.25,2893
2026-09-21T14:54:00+00:00,30507,30529.25,30506.75,30528.25,4990
2026-09-21T14:55:00+00:00,30528.25,30528.25,30522,30524,2077
2026-09-21T14:56:00+00:00,30524.25,30543.75,30519.25,30543,6856
2026-09-21T14:57:00+00:00,30542.5,30546.5,30538.5,30541.5,5267
2026-09-21T14:58:00+00:00,30541,30564.5,30539.25,30551,7906
2026-09-21T14:59:00+00:00,30551,30551.5,30543.75,30550.25,4016
2026-09-21T15:00:00+00:00,30550.75,30561.5,30549.25,30556.75,6105
2026-09-21T15:01:00+00:00,30556.75,30560,30552.25,30557,3913
2026-09-21T15:02:00+00:00,30556.75,30559.75,30552.25,30557.25,2966
2026-09-21T15:03:00+00:00,30557.25,30574.75,30556.75,30569,7003
2026-09-21T15:04:00+00:00,30569.5,30577,30567,30576.25,5993
2026-09-21T15:05:00+00:00,30576.25,30577,30568.5,30570.25,4392
2026-09-21T15:06:00+00:00,30570.75,30571,30564,30565.25,4043
2026-09-21T15:07:00+00:00,30565,30573.75,30565,30571.25,2916
2026-09-21T15:08:00+00:00,30571,30574,30567,30572.5,1794
2026-09-21T15:09:00+00:00,30572.25,30579.75,30570.25,30575.5,3695
2026-09-21T15:10:00+00:00,30576.25,30577,30568.75,30569.75,3397
2026-09-21T15:11:00+00:00,30570,30572.25,30566.5,30571.25,2288
2026-09-21T15:12:00+00:00,30571.5,30581.25,30568.75,30580,4166
2026-09-21T15:13:00+00:00,30580,30581,30571.75,30574,3158
2026-09-21T15:14:00+00:00,30574.25,30576.25,30570,30575.5,2712
2026-09-21T15:15:00+00:00,30575.25,30589,30575.25,30579.75,4598
2026-09-21T15:16:00+00:00,30580,30582,30573.25,30576.5,2589
2026-09-21T15:17:00+00:00,30576.5,30578.75,30570.75,30578.75,3140
2026-09-21T15:18:00+00:00,30578.75,30582.25,30577,30579,2386
2026-09-21T15:19:00+00:00,30579,30586.75,30577.75,30585,3405
2026-09-21T15:20:00+00:00,30585.25,30586,30575.25,30577.75,2619
2026-09-21T15:21:00+00:00,30578,30582.75,30576.75,30580,2107
2026-09-21T15:22:00+00:00,30579.75,30580.75,30570,30576,2849
2026-09-21T15:23:00+00:00,30575.75,30577,30570.75,30574.25,1794
2026-09-21T15:24:00+00:00,30574.5,30577,30571.75,30574,1242
2026-09-21T15:25:00+00:00,30574,30581.25,30571,30576.25,2533
2026-09-21T15:26:00+00:00,30576.5,30581.5,30575.25,30578.25,1467
2026-09-21T15:27:00+00:00,30578.25,30588.5,30577.5,30581.5,2768
2026-09-21T15:28:00+00:00,30581.75,30586.25,30578,30578.25,2277
2026-09-21T15:29:00+00:00,30578,30586.75,30578,30584.5,1819
2026-09-21T15:30:00+00:00,30584.5,30595,30584.25,30594.75,5806
2026-09-21T15:31:00+00:00,30594.25,30594.5,30588.5,30593,2504
2026-09-21T15:32:00+00:00,30592.75,30593.75,30588.25,30589.5,1909
2026-09-21T15:33:00+00:00,30590,30592,30586.75,30588,2037
2026-09-21T15:34:00+00:00,30588.25,30591.25,30579.25,30582.5,3420
2026-09-21T15:35:00+00:00,30582.25,30586.75,30580,30582,2053
2026-09-21T15:36:00+00:00,30582,30598.25,30581.25,30592.25,6253
2026-09-21T15:37:00+00:00,30592.5,30598,30590.75,30597.25,2543
2026-09-21T15:38:00+00:00,30597,30599.75,30593.25,30597.75,3414
2026-09-21T15:39:00+00:00,30598,30617.75,30597.5,30607.75,9261
2026-09-21T15:40:00+00:00,30607.75,30610.5,30600.75,30602.75,4157
2026-09-21T15:41:00+00:00,30603,30607.5,30598.5,30606.75,3564
2026-09-21T15:42:00+00:00,30606.5,30607.75,30600.5,30606,1723
2026-09-21T15:43:00+00:00,30606.25,30611.25,30606,30609,2299
2026-09-21T15:44:00+00:00,30609.25,30614.75,30608.25,30613.5,2737
2026-09-21T15:45:00+00:00,30613.25,30624,30613.25,30620,6909
2026-09-21T15:46:00+00:00,30620.5,30625.25,30620,30624,3277
2026-09-21T15:47:00+00:00,30624,30632.5,30622,30630.75,4890
2026-09-21T15:48:00+00:00,30631,30631,30625.75,30627.5,2872
2026-09-21T15:49:00+00:00,30627.5,30628.75,30622.75,30624.5,2791
2026-09-21T15:50:00+00:00,30624.25,30639.5,30615.25,30621.75,12042
2026-09-21T15:51:00+00:00,30621.5,30623.75,30615,30616.75,3381
2026-09-21T15:52:00+00:00,30616.75,30624.5,30616,30620.5,2465
2026-09-21T15:53:00+00:00,30620.25,30624.5,30619,30621.75,1330
2026-09-21T15:54:00+00:00,30621.5,30622.75,30611.5,30612.5,2902
2026-09-21T15:55:00+00:00,30613,30616.75,30608,30615.75,3761
2026-09-21T15:56:00+00:00,30615.5,30617.5,30612,30613.25,1853
2026-09-21T15:57:00+00:00,30613.25,30613.5,30601.75,30606.25,3755
2026-09-21T15:58:00+00:00,30606.25,30610,30601.5,30608.5,2486
2026-09-21T15:59:00+00:00,30608.25,30611.25,30602.25,30610.25,2498
2026-09-21T16:00:00+00:00,30610.25,30610.75,30601.25,30606.25,2677
2026-09-21T16:01:00+00:00,30606.5,30609,30604.75,30608.25,1331
2026-09-21T16:02:00+00:00,30608.25,30622.75,30607.75,30620.75,5034
2026-09-21T16:03:00+00:00,30621.25,30627,30620.5,30626,3032
2026-09-21T16:04:00+00:00,30625.75,30632.75,30624.5,30629.75,3449
2026-09-21T16:05:00+00:00,30630.25,30634,30627,30627.75,3067
2026-09-21T16:06:00+00:00,30628.25,30631.25,30623.5,30623.75,2862
2026-09-21T16:07:00+00:00,30623.75,30649.25,30619.5,30638.75,16463
2026-09-21T16:08:00+00:00,30639,30643.5,30636,30641.25,3635
2026-09-21T16:09:00+00:00,30641.5,30655.75,30640.25,30652.25,6764
2026-09-21T16:10:00+00:00,30652.75,30659.5,30648.25,30658.75,5111
2026-09-21T16:11:00+00:00,30658.75,30661.5,30656,30656.75,3371
2026-09-21T16:12:00+00:00,30656.75,30657,30646.5,30651.75,5560
2026-09-21T16:13:00+00:00,30651.75,30660,30649.25,30650,2916
2026-09-21T16:14:00+00:00,30649.75,30653.5,30645.75,30652.75,2497
2026-09-21T16:15:00+00:00,30652.75,30660.5,30652.75,30658,3837
2026-09-21T16:16:00+00:00,30658,30663,30655.75,30659.5,2291
2026-09-21T16:17:00+00:00,30659.5,30664.25,30652,30652.5,4644
2026-09-21T16:18:00+00:00,30652.5,30656.75,30648,30651.75,2947
2026-09-21T16:19:00+00:00,30651.5,30659,30651.25,30657.25,2527
2026-09-21T16:20:00+00:00,30657.5,30667.5,30655.5,30658,4959
2026-09-21T16:21:00+00:00,30658,30664,30652.25,30663,3266
2026-09-21T16:22:00+00:00,30663,30669.25,30661.25,30666.25,3255
2026-09-21T16:23:00+00:00,30666.5,30669.5,30663.5,30669.5,1525
2026-09-21T16:24:00+00:00,30669.5,30672,30665.5,30670.5,2670
2026-09-21T16:25:00+00:00,30670.25,30673,30668,30671.75,2048
2026-09-21T16:26:00+00:00,30671.75,30677,30667,30675.5,2897
2026-09-21T16:27:00+00:00,30675,30685.75,30674.75,30685.75,4488
2026-09-21T16:28:00+00:00,30685.75,30687.75,30682.5,30684.75,3729
2026-09-21T16:29:00+00:00,30685,30685.5,30676.5,30678.25,3485
2026-09-21T16:30:00+00:00,30678,30686.25,30676.75,30685.5,3139
2026-09-21T16:31:00+00:00,30685.5,30693.75,30684.25,30692.25,3695
2026-09-21T16:32:00+00:00,30692.5,30699.75,30690,30697,5213
2026-09-21T16:33:00+00:00,30696.75,30703.75,30695.5,30698.5,5203
2026-09-21T16:34:00+00:00,30698.75,30699.75,30691.75,30696.75,3471
2026-09-21T16:35:00+00:00,30696.5,30699.75,30693.25,30695.25,2083
2026-09-21T16:36:00+00:00,30695.25,30698.25,30690.5,30693.25,2458
2026-09-21T16:37:00+00:00,30693.25,30694.5,30682.5,30683,3252
2026-09-21T16:38:00+00:00,30682.75,30683.25,30673.75,30676.75,4561
2026-09-21T16:39:00+00:00,30676.5,30677,30665.5,30667.25,3647
2026-09-21T16:40:00+00:00,30667.25,30678,30666.25,30677,3765
2026-09-21T16:41:00+00:00,30677.25,30680.5,30669.25,30677.25,3064
2026-09-21T16:42:00+00:00,30677,30683,30676,30679.5,2865
2026-09-21T16:43:00+00:00,30679.25,30683.5,30677.75,30679,1892
2026-09-21T16:44:00+00:00,30679.25,30680.5,30668.75,30669.75,3440
2026-09-21T16:45:00+00:00,30670.25,30679.5,30669.75,30674.25,2557
2026-09-21T16:46:00+00:00,30675,30680.75,30671.25,30676.75,2029
2026-09-21T16:47:00+00:00,30676.75,30678.75,30672.75,30678,1590
2026-09-21T16:48:00+00:00,30678.25,30681.5,30670.75,30677,1575
2026-09-21T16:49:00+00:00,30677.25,30678.5,30674,30678.25,882
2026-09-21T16:50:00+00:00,30678.25,30682.5,30676.75,30679,1849
2026-09-21T16:51:00+00:00,30678.5,30678.5,30671,30674,1620
2026-09-21T16:52:00+00:00,30673.75,30674.75,30663,30671,3695
2026-09-21T16:53:00+00:00,30671,30673.5,30666.75,30668.75,2058
2026-09-21T16:54:00+00:00,30669.25,30675,30668.5,30674,1742
2026-09-21T16:55:00+00:00,30674.25,30680,30673.5,30678.5,2123
2026-09-21T16:56:00+00:00,30678.75,30679.75,30670,30671,2123
2026-09-21T16:57:00+00:00,30670.75,30678.5,30670.75,30676.5,1534
2026-09-21T16:58:00+00:00,30677,30678.5,30673.75,30675.75,1043
2026-09-21T16:59:00+00:00,30675.5,30681,30675.25,30680.25,1491
2026-09-21T17:00:00+00:00,30680.5,30686,30678.5,30683.25,2862
2026-09-21T17:01:00+00:00,30683.25,30688,30681.75,30684.25,2516
2026-09-21T17:02:00+00:00,30684.5,30685.5,30680.25,30681.75,1601
2026-09-21T17:03:00+00:00,30682,30686,30680,30684,1126
2026-09-21T17:04:00+00:00,30683.5,30687.25,30679,30685.25,2051
2026-09-21T17:05:00+00:00,30685.25,30693.75,30685.25,30691.75,2747
2026-09-21T17:06:00+00:00,30691.5,30693.75,30687.75,30689.5,1688
2026-09-21T17:07:00+00:00,30689.25,30690.5,30682,30682,2045
2026-09-21T17:08:00+00:00,30682.25,30683,30675.75,30680,2891
2026-09-21T17:09:00+00:00,30679.75,30682,30676.25,30681,1605
2026-09-21T17:10:00+00:00,30680.75,30682,30676,30678.5,1606
2026-09-21T17:11:00+00:00,30679,30681.75,30675.75,30681.5,1239
2026-09-21T17:12:00+00:00,30681.25,30689,30680,30688.5,2997
2026-09-21T17:13:00+00:00,30688.5,30690.5,30687.25,30688,1557
2026-09-21T17:14:00+00:00,30688,30696,30685.75,30688.75,3157
2026-09-21T17:15:00+00:00,30688.75,30692,30686.25,30688,2185
2026-09-21T17:16:00+00:00,30688,30689,30683.75,30684.5,1723
2026-09-21T17:17:00+00:00,30684.25,30685.5,30680,30683.25,2560
2026-09-21T17:18:00+00:00,30683,30690.25,30680.75,30688.25,1868
2026-09-21T17:19:00+00:00,30688.25,30691.25,30686.5,30688.5,1426
2026-09-21T17:20:00+00:00,30689,30693.25,30688.5,30691.25,1577
2026-09-21T17:21:00+00:00,30691,30692.5,30687,30688.75,1423
2026-09-21T17:22:00+00:00,30688.75,30689.5,30678,30680.5,2585
2026-09-21T17:23:00+00:00,30680.5,30682.75,30671.5,30673.25,3168
2026-09-21T17:24:00+00:00,30673,30673.75,30667.25,30670.75,2732
2026-09-21T17:25:00+00:00,30670.75,30675,30668.75,30671.5,2071
2026-09-21T17:26:00+00:00,30671.75,30675.25,30667.5,30668.25,1857
2026-09-21T17:27:00+00:00,30668,30676,30664.25,30675.25,3359
2026-09-21T17:28:00+00:00,30675.25,30682.75,30671.75,30681.5,3029
2026-09-21T17:29:00+00:00,30681.25,30689.5,30681,30687.25,3670
2026-09-21T17:30:00+00:00,30687.75,30692.25,30685.25,30692.25,2328
2026-09-21T17:31:00+00:00,30692.25,30698.25,30676.5,30684.25,6498
2026-09-21T17:32:00+00:00,30684,30684.25,30677.75,30681.5,1981
2026-09-21T17:33:00+00:00,30681.75,30683,30675.25,30678.5,1669
2026-09-21T17:34:00+00:00,30678.5,30679.5,30673.5,30675.5,1620
2026-09-21T17:35:00+00:00,30675.5,30680,30670.75,30677,2173
2026-09-21T17:36:00+00:00,30677.5,30681.25,30677,30679.25,1305
2026-09-21T17:37:00+00:00,30679.5,30684.25,30674,30675,2286
2026-09-21T17:38:00+00:00,30675,30681.75,30675,30681,1220
2026-09-21T17:39:00+00:00,30680.75,30683.75,30677.75,30680.5,1152
2026-09-21T17:40:00+00:00,30680.5,30684.25,30678.25,30682.25,1401
2026-09-21T17:41:00+00:00,30682.5,30688.75,30682.5,30686.5,1651
2026-09-21T17:42:00+00:00,30686.5,30700,30686.5,30697.5,3883
2026-09-21T17:43:00+00:00,30697.5,30702.75,30694.25,30701.75,2443
2026-09-21T17:44:00+00:00,30701.75,30716.75,30701.25,30714,6524
2026-09-21T17:45:00+00:00,30714.25,30723.25,30713.75,30721.25,4101
2026-09-21T17:46:00+00:00,30721.25,30724.75,30718.5,30720.75,3249
2026-09-21T17:47:00+00:00,30720.75,30722,30710.5,30712,4161
2026-09-21T17:48:00+00:00,30711.75,30714.75,30709.5,30710.25,1951
2026-09-21T17:49:00+00:00,30710.25,30717.5,30708.25,30712.5,2469
2026-09-21T17:50:00+00:00,30712.25,30716.75,30710.75,30711.5,1466
2026-09-21T17:51:00+00:00,30711.75,30716,30711.5,30715.75,1084
2026-09-21T17:52:00+00:00,30715.5,30719.5,30714.75,30718.25,1654
2026-09-21T17:53:00+00:00,30718.5,30720.5,30716.5,30719.75,1961
2026-09-21T17:54:00+00:00,30719.75,30723,30718,30719,1775
2026-09-21T17:55:00+00:00,30718.75,30719.25,30712,30716,2157
2026-09-21T17:56:00+00:00,30715.75,30719.25,30710.5,30711,1627
2026-09-21T17:57:00+00:00,30711.25,30713.75,30709,30712.25,1581
2026-09-21T17:58:00+00:00,30712.5,30718.25,30712,30714.5,1308
2026-09-21T17:59:00+00:00,30714.25,30714.5,30710.25,30712.75,940
2026-09-21T18:00:00+00:00,30712.75,30716.75,30711.75,30714.75,1708
2026-09-21T18:01:00+00:00,30714.25,30718.5,30713.25,30717.5,1372
2026-09-21T18:02:00+00:00,30717.5,30722.25,30717.25,30721.5,1648
2026-09-21T18:03:00+00:00,30721,30724.25,30716.75,30718.75,1722
2026-09-21T18:04:00+00:00,30718.5,30724.5,30717,30724.5,1414
2026-09-21T18:05:00+00:00,30724.5,30729,30723.75,30727.5,4219
2026-09-21T18:06:00+00:00,30727.5,30729,30724.5,30728.75,1292
2026-09-21T18:07:00+00:00,30728.5,30730.75,30726.5,30729.5,1952
2026-09-21T18:08:00+00:00,30729.25,30732,30723.5,30727.75,2519
2026-09-21T18:09:00+00:00,30727.75,30728.5,30721.25,30724,1875
2026-09-21T18:10:00+00:00,30724.25,30728.5,30722.75,30724,1765
2026-09-21T18:11:00+00:00,30724,30728.25,30719.75,30727.5,1500
2026-09-21T18:12:00+00:00,30727.5,30728.25,30724.25,30725.75,803
2026-09-21T18:13:00+00:00,30726,30730.25,30725.25,30729.25,1489
2026-09-21T18:14:00+00:00,30728.75,30736.75,30728.75,30730.25,4300
2026-09-21T18:15:00+00:00,30730.75,30738.75,30729.5,30738,2606
2026-09-21T18:16:00+00:00,30738,30740.25,30732.5,30733,3159
2026-09-21T18:17:00+00:00,30733,30738,30732,30735.75,1360
2026-09-21T18:18:00+00:00,30736,30745.25,30736,30741.5,3722
2026-09-21T18:19:00+00:00,30741.5,30742.25,30734.75,30739,1887
2026-09-21T18:20:00+00:00,30739.5,30743.25,30738.75,30741.5,1487
2026-09-21T18:21:00+00:00,30742,30747.75,30739,30744.5,2491
2026-09-21T18:22:00+00:00,30744,30756.25,30744,30755.5,4208
2026-09-21T18:23:00+00:00,30755,30757.25,30752.25,30755.75,2552
2026-09-21T18:24:00+00:00,30755.75,30756.75,30752.75,30754.5,1542
2026-09-21T18:25:00+00:00,30754.75,30758.5,30750,30755,2617
2026-09-21T18:26:00+00:00,30754.75,30756,30748,30750,2695
2026-09-21T18:27:00+00:00,30750.25,30754.75,30749.75,30753,1489
2026-09-21T18:28:00+00:00,30753,30759.75,30753,30755.5,2086
2026-09-21T18:29:00+00:00,30755.75,30757.25,30751.75,30753,1730
2026-09-21T18:30:00+00:00,30753.75,30755.5,30750.5,30753,1697
2026-09-21T18:31:00+00:00,30752.75,30755.5,30744,30744.75,3190
2026-09-21T18:32:00+00:00,30745,30747,30735.5,30740.5,3046
2026-09-21T18:33:00+00:00,30740.75,30746.5,30737.5,30743,2518
2026-09-21T18:34:00+00:00,30743.25,30743.75,30739.25,30743,1112
2026-09-21T18:35:00+00:00,30743.25,30748.25,30738.75,30743.25,2471
2026-09-21T18:36:00+00:00,30742.75,30750.25,30741.25,30749.25,2151
2026-09-21T18:37:00+00:00,30749.25,30754,30748.25,30753.5,1900
2026-09-21T18:38:00+00:00,30753.25,30762,30753.25,30756.5,3675
2026-09-21T18:39:00+00:00,30756.75,30763.25,30756.75,30762.75,2076
2026-09-21T18:40:00+00:00,30762.75,30764,30756.25,30760,2378
2026-09-21T18:41:00+00:00,30760,30765.5,30757.25,30762.5,1887
2026-09-21T18:42:00+00:00,30762.75,30767.25,30762.5,30764,2009
2026-09-21T18:43:00+00:00,30763.5,30767,30760,30764.75,2025
2026-09-21T18:44:00+00:00,30765.25,30766.5,30762.75,30765.25,1199
2026-09-21T18:45:00+00:00,30765.25,30773,30765,30765.5,3986
2026-09-21T18:46:00+00:00,30765.25,30766.5,30761.5,30764,1947
2026-09-21T18:47:00+00:00,30764.75,30772.25,30764,30771.5,1620
2026-09-21T18:48:00+00:00,30771.25,30774.75,30769.25,30773.25,1950
2026-09-21T18:49:00+00:00,30773.5,30775,30769.5,30772.5,1788
2026-09-21T18:50:00+00:00,30772.5,30785,30772.5,30781,5950
2026-09-21T18:51:00+00:00,30781.25,30786,30781,30786,2219
2026-09-21T18:52:00+00:00,30785.5,30786,30780.75,30781.25,2133
2026-09-21T18:53:00+00:00,30781,30795,30780.75,30795,4363
2026-09-21T18:54:00+00:00,30795,30798.75,30791,30791.5,3670
2026-09-21T18:55:00+00:00,30792,30795,30788,30789.75,2243
2026-09-21T18:56:00+00:00,30790,30792.25,30786.25,30790,1880
2026-09-21T18:57:00+00:00,30790.25,30792.5,30786.25,30787.75,1653
2026-09-21T18:58:00+00:00,30787.75,30790,30781,30782.25,2556
2026-09-21T18:59:00+00:00,30782.5,30789.25,30778.25,30786.75,2922
2026-09-21T19:00:00+00:00,30786.75,30797,30784,30785.75,4593
2026-09-21T19:01:00+00:00,30786,30790,30784.25,30789.25,2081
2026-09-21T19:02:00+00:00,30788.75,30793.5,30786,30788.5,1760
2026-09-21T19:03:00+00:00,30788.25,30788.25,30783.5,30784.75,1601
2026-09-21T19:04:00+00:00,30785,30788,30775.25,30777.25,2696
2026-09-21T19:05:00+00:00,30777.5,30780.75,30773.25,30773.5,2784
2026-09-21T19:06:00+00:00,30773.5,30785,30772.5,30784.25,2720
2026-09-21T19:07:00+00:00,30784,30787,30781.75,30785.75,1755
2026-09-21T19:08:00+00:00,30786,30790.25,30785.25,30786,2358
2026-09-21T19:09:00+00:00,30786.75,30791,30786.75,30789,1578
2026-09-21T19:10:00+00:00,30789,30789,30778.5,30782.5,2732
2026-09-21T19:11:00+00:00,30782.5,30790.25,30781.25,30789,1729
2026-09-21T19:12:00+00:00,30789.5,30795.75,30788.75,30794.5,2745
2026-09-21T19:13:00+00:00,30794.5,30797.75,30793,30797,2033
2026-09-21T19:14:00+00:00,30797,30802.5,30794.75,30801.5,3095
2026-09-21T19:15:00+00:00,30801.5,30801.75,30794.25,30800.25,2922
2026-09-21T19:16:00+00:00,30800.25,30804,30797.75,30804,1757
2026-09-21T19:17:00+00:00,30803.5,30806,30802.25,30804.25,2323
2026-09-21T19:18:00+00:00,30804.25,30806.75,30801.75,30802.25,1659
2026-09-21T19:19:00+00:00,30802,30807.25,30800.75,30805.5,1643
2026-09-21T19:20:00+00:00,30805.25,30806.5,30800.5,30803,1680
2026-09-21T19:21:00+00:00,30802.75,30806,30796,30805,3142
2026-09-21T19:22:00+00:00,30805,30809.75,30803.5,30808.5,2103
2026-09-21T19:23:00+00:00,30808.75,30813.5,30804.75,30805.5,3251
2026-09-21T19:24:00+00:00,30805.25,30806.5,30801.75,30802.5,1494
2026-09-21T19:25:00+00:00,30803,30806.25,30797.75,30799,1629
2026-09-21T19:26:00+00:00,30799,30805.5,30797.75,30805.25,1592
2026-09-21T19:27:00+00:00,30805.5,30808.75,30805,30806,1432
2026-09-21T19:28:00+00:00,30806.25,30812.5,30804.75,30807,2213
2026-09-21T19:29:00+00:00,30807.5,30808.75,30802.25,30803.5,1823
2026-09-21T19:30:00+00:00,30803.25,30810.25,30800.25,30809,2330
2026-09-21T19:31:00+00:00,30808.75,30813,30804.25,30812.25,2338
2026-09-21T19:32:00+00:00,30812,30822.75,30811.5,30819,4888
2026-09-21T19:33:00+00:00,30819.25,30831,30818.75,30829.5,4389
2026-09-21T19:34:00+00:00,30829.5,30838,30828.5,30835.75,3768
2026-09-21T19:35:00+00:00,30835.5,30838.25,30832.5,30834.75,3026
2026-09-21T19:36:00+00:00,30834.75,30839.25,30832.75,30838.75,2163
2026-09-21T19:37:00+00:00,30839,30849.25,30837.5,30848.5,5112
2026-09-21T19:38:00+00:00,30848.5,30863,30848.5,30861.25,6106
2026-09-21T19:39:00+00:00,30861.5,30861.75,30853.75,30854,3378
2026-09-21T19:40:00+00:00,30854.5,30858,30840,30841.75,5360
2026-09-21T19:41:00+00:00,30842,30846.5,30834,30835.75,3705
2026-09-21T19:42:00+00:00,30835.75,30838.25,30827.75,30828.5,3173
2026-09-21T19:43:00+00:00,30828.5,30838.75,30826.75,30835.75,2920
2026-09-21T19:44:00+00:00,30835.75,30838.5,30832.5,30835.5,2086
2026-09-21T19:45:00+00:00,30835.25,30837.75,30823,30835.75,4530
2026-09-21T19:46:00+00:00,30835.5,30837.75,30826.5,30829,2388
2026-09-21T19:47:00+00:00,30828.75,30835.75,30828,30829.5,1990
2026-09-21T19:48:00+00:00,30829.5,30834,30824.25,30828.75,2090
2026-09-21T19:49:00+00:00,30828.5,30829.25,30821.5,30825.75,2717
2026-09-21T19:50:00+00:00,30825.75,30825.75,30787.75,30802,11774
2026-09-21T19:51:00+00:00,30802.25,30809.25,30796.25,30803.75,4915
2026-09-21T19:52:00+00:00,30804,30819.5,30804,30813,5656
2026-09-21T19:53:00+00:00,30813.25,30813.75,30802.75,30804.5,3056
2026-09-21T19:54:00+00:00,30804,30809.75,30793.5,30794.5,6083
2026-09-21T19:55:00+00:00,30794.75,30807.5,30788.25,30802,7037
2026-09-21T19:56:00+00:00,30802.25,30803,30794.5,30796.75,2771
2026-09-21T19:57:00+00:00,30796.75,30805,30793.75,30798.25,3230
2026-09-21T19:58:00+00:00,30798.25,30801,30792,30794.5,2933
2026-09-21T19:59:00+00:00,30794.75,30798.75,30778,30783.25,13426
2026-09-21T20:00:00+00:00,30783.75,30794,30775.75,30779.75,5981
2026-09-21T20:01:00+00:00,30779.25,30782.25,30774.5,30779.75,3579
2026-09-21T20:02:00+00:00,30780.25,30780.25,30772.75,30776.25,1763
2026-09-21T20:03:00+00:00,30776.75,30777.5,30769.75,30771,2214
2026-09-21T20:04:00+00:00,30771.5,30771.75,30763.5,30767.75,2716
2026-09-21T20:05:00+00:00,30768,30772,30766.25,30770,1730
2026-09-21T20:06:00+00:00,30770,30781.75,30769.75,30781.25,3097
2026-09-21T20:07:00+00:00,30781.25,30786.75,30778.25,30779.25,2518
2026-09-21T20:08:00+00:00,30779.25,30783,30775.5,30782.25,1337
2026-09-21T20:09:00+00:00,30782.25,30783.75,30780,30781.75,734
2026-09-21T20:10:00+00:00,30781.75,30784,30778.75,30779.25,740
2026-09-21T20:11:00+00:00,30779.75,30780,30772,30775.5,1503
2026-09-21T20:12:00+00:00,30775.75,30776,30770.75,30774,871
2026-09-21T20:13:00+00:00,30774,30782,30773.5,30779,1491
2026-09-21T20:14:00+00:00,30779,30782,30777.5,30778.25,764
2026-09-21T20:15:00+00:00,30778.5,30779,30773.25,30776.5,772
2026-09-21T20:16:00+00:00,30777.25,30777.25,30762,30766.25,2167
2026-09-21T20:17:00+00:00,30766,30766,30762,30764,955
2026-09-21T20:18:00+00:00,30763.75,30768.5,30763.25,30768,780
2026-09-21T20:19:00+00:00,30767.75,30771.75,30767.75,30771.25,1017
2026-09-21T20:20:00+00:00,30771.25,30772.75,30768.75,30769.75,573
2026-09-21T20:21:00+00:00,30769.75,30769.75,30765.25,30767.5,570
2026-09-21T20:22:00+00:00,30767.25,30768,30765.75,30767.75,321
2026-09-21T20:23:00+00:00,30767.5,30771.25,30767.5,30768.25,449
2026-09-21T20:24:00+00:00,30768.75,30772,30768.25,30769,523
2026-09-21T20:25:00+00:00,30769.25,30780.25,30769.25,30778.25,1652
2026-09-21T20:26:00+00:00,30777.75,30782,30777.5,30777.5,1337
2026-09-21T20:27:00+00:00,30777.5,30777.5,30775,30775.5,375
2026-09-21T20:28:00+00:00,30775.25,30781.25,30774.25,30781.25,509
2026-09-21T20:29:00+00:00,30780.75,30781,30776.25,30777.75,358
2026-09-21T20:30:00+00:00,30777.25,30778.5,30775.25,30775.75,406
2026-09-21T20:31:00+00:00,30775,30775.5,30772,30773.25,686
2026-09-21T20:32:00+00:00,30773.25,30775,30769.25,30771.75,605
2026-09-21T20:33:00+00:00,30771.5,30773.75,30771,30772,320
2026-09-21T20:34:00+00:00,30772,30773.5,30771,30772.5,238
2026-09-21T20:35:00+00:00,30772.25,30772.25,30769.25,30769.75,428
2026-09-21T20:36:00+00:00,30769.75,30770,30766,30766.75,687
2026-09-21T20:37:00+00:00,30766.75,30767.25,30762.25,30764,777
2026-09-21T20:38:00+00:00,30763.5,30765.25,30761.5,30763.25,971
2026-09-21T20:39:00+00:00,30763,30765.75,30761.5,30765,495
2026-09-21T20:40:00+00:00,30765,30767.25,30763.5,30764.5,711
2026-09-21T20:41:00+00:00,30764.25,30764.75,30760.75,30762.25,735
2026-09-21T20:42:00+00:00,30762.5,30763,30758.75,30759.75,917
2026-09-21T20:43:00+00:00,30760.25,30762.5,30759.75,30761.25,403
2026-09-21T20:44:00+00:00,30761,30764,30758,30762.75,908
2026-09-21T20:45:00+00:00,30762.5,30763,30760.5,30760.75,741
2026-09-21T20:46:00+00:00,30761,30764.25,30760.75,30762.25,403
2026-09-21T20:47:00+00:00,30762.25,30764.25,30760.25,30764.25,293
2026-09-21T20:48:00+00:00,30764.25,30766.75,30763,30765.5,527
2026-09-21T20:49:00+00:00,30764.75,30768,30764.75,30765.5,481
2026-09-21T20:50:00+00:00,30765.75,30767.75,30764.5,30765.5,367
2026-09-21T20:51:00+00:00,30765.5,30767.25,30763.5,30766.75,212
2026-09-21T20:52:00+00:00,30766.75,30771,30765.75,30766.5,466
2026-09-21T20:53:00+00:00,30766,30768,30765.75,30767.25,133
2026-09-21T20:54:00+00:00,30767.25,30770.25,30766.25,30768.5,625
2026-09-21T20:55:00+00:00,30768.5,30769.75,30767,30767.75,435
2026-09-21T20:56:00+00:00,30767.5,30768.5,30764.5,30768,296
2026-09-21T20:57:00+00:00,30768,30774.25,30767.5,30773.25,614
2026-09-21T20:58:00+00:00,30773,30778.25,30771.25,30776.25,538
2026-09-21T20:59:00+00:00,30776.25,30786,30773.25,30781.75,789
2026-09-21T22:00:00+00:00,30781.75,30803.25,30780,30789,0
2026-09-21T22:01:00+00:00,30788.5,30794,30783.25,30788.75,936
2026-09-21T22:02:00+00:00,30788.75,30790,30785.25,30787.5,383
2026-09-21T22:03:00+00:00,30787,30794.25,30786.5,30793.75,632
2026-09-21T22:04:00+00:00,30793.75,30810,30793,30809.25,1377
2026-09-21T22:05:00+00:00,30809.25,30821,30806.25,30809.5,1930
2026-09-21T22:06:00+00:00,30810.25,30810.5,30797.25,30801,1210
2026-09-21T22:07:00+00:00,30800.5,30807.25,30797.25,30804,667
2026-09-21T22:08:00+00:00,30803.5,30807,30802.5,30803.5,425
2026-09-21T22:09:00+00:00,30804.25,30807,30802,30804,220
2026-09-21T22:10:00+00:00,30804,30806.75,30802,30803.5,288
2026-09-21T22:11:00+00:00,30803,30804,30785.5,30801.25,1539
2026-09-21T22:12:00+00:00,30800.25,30805.75,30795.25,30797.75,632
2026-09-21T22:13:00+00:00,30796.75,30806.75,30795.25,30805.75,627
2026-09-21T22:14:00+00:00,30805,30810,30802.25,30803.75,633
2026-09-21T22:15:00+00:00,30803,30807.25,30802.25,30807,331
2026-09-21T22:16:00+00:00,30807,30807,30802.75,30803.5,215
2026-09-21T22:17:00+00:00,30803,30816.25,30801.25,30812.25,815
2026-09-21T22:18:00+00:00,30812,30812.75,30803.25,30807.25,601
2026-09-21T22:19:00+00:00,30807.25,30809.25,30805.25,30807.75,219
2026-09-21T22:20:00+00:00,30807.75,30811,30806.75,30807.25,401
2026-09-21T22:21:00+00:00,30807.25,30814,30807,30811,330
2026-09-21T22:22:00+00:00,30810.75,30812,30804.25,30808.5,315
2026-09-21T22:23:00+00:00,30807.75,30808.5,30803.25,30807.25,268
2026-09-21T22:24:00+00:00,30807.25,30812,30807.25,30811.5,296
2026-09-21T22:25:00+00:00,30811.5,30812.75,30809.25,30810.25,203
2026-09-21T22:26:00+00:00,30810,30811.25,30809,30810.5,191
2026-09-21T22:27:00+00:00,30810.5,30811.25,30808,30809.5,112
2026-09-21T22:28:00+00:00,30809.5,30813.75,30808.75,30813.75,239
2026-09-21T22:29:00+00:00,30812.75,30815.75,30811,30815,484
2026-09-21T22:30:00+00:00,30815,30829.5,30814.75,30826.75,1686
2026-09-21T22:31:00+00:00,30826,30828.5,30816.5,30820.75,930
2026-09-21T22:32:00+00:00,30820.75,30822.25,30813.75,30814.25,644
2026-09-21T22:33:00+00:00,30814,30815.25,30809.75,30814.5,511
2026-09-21T22:34:00+00:00,30813.5,30822,30812.5,30815.25,921
2026-09-21T22:35:00+00:00,30815.5,30817.25,30810,30815.25,432
2026-09-21T22:36:00+00:00,30815.25,30816.25,30810.5,30815.25,308
2026-09-21T22:37:00+00:00,30814.75,30818.25,30812.75,30817,245
2026-09-21T22:38:00+00:00,30816.25,30820,30813.5,30813.5,376
2026-09-21T22:39:00+00:00,30813.75,30815,30811.75,30813,260
2026-09-21T22:40:00+00:00,30813.75,30815.5,30811.25,30812,350
2026-09-21T22:41:00+00:00,30811.5,30813.75,30804.25,30807,1008
2026-09-21T22:42:00+00:00,30806.75,30810,30804.75,30808.5,437
2026-09-21T22:43:00+00:00,30808.75,30812.5,30807.5,30811.25,254
2026-09-21T22:44:00+00:00,30811.5,30823,30809.75,30822.5,807
2026-09-21T22:45:00+00:00,30821.75,30821.75,30812.75,30818,557
2026-09-21T22:46:00+00:00,30817.5,30818,30813.5,30817.5,316
2026-09-21T22:47:00+00:00,30816.75,30821.75,30816.25,30817.5,384
2026-09-21T22:48:00+00:00,30817,30825,30816,30823.25,406
2026-09-21T22:49:00+00:00,30822.75,30824.5,30820.5,30823.75,397
2026-09-21T22:50:00+00:00,30823,30828.5,30821,30825.25,651
2026-09-21T22:51:00+00:00,30825,30825.25,30819.25,30821.25,556
2026-09-21T22:52:00+00:00,30820.25,30820.5,30815.75,30820.5,466
2026-09-21T22:53:00+00:00,30820.25,30827.75,30819.5,30825.75,433
2026-09-21T22:54:00+00:00,30826,30830,30826,30829.75,502
2026-09-21T22:55:00+00:00,30830,30833.25,30824.25,30829.75,834
2026-09-21T22:56:00+00:00,30830,30831.75,30827,30829,439
2026-09-21T22:57:00+00:00,30829,30831.75,30828.75,30830,308
2026-09-21T22:58:00+00:00,30830.25,30831.75,30829,30829.75,362
2026-09-21T22:59:00+00:00,30829.75,30831.25,30827.75,30828.25,277
2026-09-21T23:00:00+00:00,30828.25,30831.75,30828,30829.75,433
2026-09-21T23:01:00+00:00,30830.25,30834,30823,30825.5,931
2026-09-21T23:02:00+00:00,30825.25,30830.25,30824.75,30829,402
2026-09-21T23:03:00+00:00,30829.25,30836.25,30829,30834.25,700
2026-09-21T23:04:00+00:00,30833.25,30834.25,30827.25,30828.75,474
2026-09-21T23:05:00+00:00,30828.75,30831.5,30827.5,30831.5,277
2026-09-21T23:06:00+00:00,30831.75,30837.75,30831.5,30834.5,486
2026-09-21T23:07:00+00:00,30834.5,30837,30832.5,30836.5,231
2026-09-21T23:08:00+00:00,30836,30840,30835.25,30837,604
2026-09-21T23:09:00+00:00,30837.25,30839.5,30836,30838,399
2026-09-21T23:10:00+00:00,30838.5,30839.25,30835.5,30838,304
2026-09-21T23:11:00+00:00,30837.5,30839.75,30836,30839.25,265
2026-09-21T23:12:00+00:00,30839,30844.75,30837.5,30843.75,993
2026-09-21T23:13:00+00:00,30843.25,30852.25,30841.75,30848.75,1462
2026-09-21T23:14:00+00:00,30848,30849.5,30842.75,30843,732
2026-09-21T23:15:00+00:00,30843.75,30847.25,30842.75,30846,307
2026-09-21T23:16:00+00:00,30846.25,30847.75,30842,30843.75,330
2026-09-21T23:17:00+00:00,30843.75,30845,30835.5,30837.5,936
2026-09-21T23:18:00+00:00,30837.25,30846.5,30837.25,30843.5,711
2026-09-21T23:19:00+00:00,30843.25,30846.25,30839.5,30842.75,404
2026-09-21T23:20:00+00:00,30842.5,30842.75,30838.25,30840,489
2026-09-21T23:21:00+00:00,30839.75,30843,30838,30841.5,329
2026-09-21T23:22:00+00:00,30841.25,30844.75,30841,30844.25,219
2026-09-21T23:23:00+00:00,30844.25,30845,30838.75,30841,538
2026-09-21T23:24:00+00:00,30840.5,30844.5,30840,30843.75,274
2026-09-21T23:25:00+00:00,30844,30844,30839.5,30842,288
2026-09-21T23:26:00+00:00,30842,30844.5,30841.25,30844.5,109
2026-09-21T23:27:00+00:00,30844.5,30845,30841.75,30842.5,181
2026-09-21T23:28:00+00:00,30841.75,30842.25,30837.5,30838.25,414
2026-09-21T23:29:00+00:00,30838,30843.5,30836.25,30842.25,459
2026-09-21T23:30:00+00:00,30842.25,30850,30840.5,30842,741
2026-09-21T23:31:00+00:00,30842,30844.5,30840.25,30840.5,238
2026-09-21T23:32:00+00:00,30840.75,30846.25,30837.25,30844.75,526
2026-09-21T23:33:00+00:00,30844.5,30848.75,30843.25,30846.5,460
2026-09-21T23:34:00+00:00,30847.5,30850.75,30846.75,30848.25,530
2026-09-21T23:35:00+00:00,30848.75,30850,30846.25,30846.75,344
2026-09-21T23:36:00+00:00,30846.5,30847.5,30841.5,30847,655
2026-09-21T23:37:00+00:00,30847,30851,30844,30844.25,668
2026-09-21T23:38:00+00:00,30844.5,30848,30842.75,30846.5,298
2026-09-21T23:39:00+00:00,30846.25,30847.25,30843,30846.75,226
2026-09-21T23:40:00+00:00,30846.75,30856,30846.75,30851,1004
2026-09-21T23:41:00+00:00,30851.75,30856,30851,30853.25,605
2026-09-21T23:42:00+00:00,30852.75,30854.25,30851.25,30853,381
2026-09-21T23:43:00+00:00,30853.25,30853.5,30851,30851.75,288
2026-09-21T23:44:00+00:00,30851.25,30853,30849.25,30849.75,332
2026-09-21T23:45:00+00:00,30850,30852.25,30847.5,30849.25,551
2026-09-21T23:46:00+00:00,30848.5,30854.75,30847,30851.75,462
2026-09-21T23:47:00+00:00,30851.5,30854,30848,30853.5,338
2026-09-21T23:48:00+00:00,30853.25,30853.5,30847,30849.5,395
2026-09-21T23:49:00+00:00,30849.25,30851,30847.5,30849.75,203
2026-09-21T23:50:00+00:00,30850,30850.75,30847.25,30849,335
2026-09-21T23:51:00+00:00,30848.75,30851.5,30848.25,30850,204
2026-09-21T23:52:00+00:00,30849.5,30851,30848.25,30850.5,191
2026-09-21T23:53:00+00:00,30850.25,30854.5,30850,30853.5,360
2026-09-21T23:54:00+00:00,30853,30856.75,30852.25,30854.25,435
2026-09-21T23:55:00+00:00,30854.5,30855.5,30851.5,30855.25,439
2026-09-21T23:56:00+00:00,30854.75,30855.25,30849.25,30852.75,373
2026-09-21T23:57:00+00:00,30852.75,30854.75,30852,30854.25,186
2026-09-21T23:58:00+00:00,30854.5,30855.25,30852.25,30852.75,192
2026-09-21T23:59:00+00:00,30852.25,30853.75,30850.5,30852,254
2026-09-22T00:00:00+00:00,30852,30858.5,30850,30856.75,1131
2026-09-22T00:01:00+00:00,30857.5,30868.5,30856,30862.5,2934
2026-09-22T00:02:00+00:00,30861.75,30867.5,30860.5,30867,1315
2026-09-22T00:03:00+00:00,30867.25,30869.25,30863.25,30864.75,1172
2026-09-22T00:04:00+00:00,30864.5,30867.75,30859,30865.25,1166
2026-09-22T00:05:00+00:00,30865.5,30870,30864,30868,1071
2026-09-22T00:06:00+00:00,30867.5,30869.5,30864,30868.25,703
2026-09-22T00:07:00+00:00,30868.5,30873,30868.25,30870.25,1163
2026-09-22T00:08:00+00:00,30871,30873,30869,30872.75,720
2026-09-22T00:09:00+00:00,30872.25,30885.5,30872,30884,2163
2026-09-22T00:10:00+00:00,30884.25,30887.75,30876,30885.25,2040
2026-09-22T00:11:00+00:00,30885,30888.5,30881.75,30884.75,1225
2026-09-22T00:12:00+00:00,30884.75,30889,30880,30881.5,1134
2026-09-22T00:13:00+00:00,30882,30882.25,30873.25,30879,1467
2026-09-22T00:14:00+00:00,30879.25,30880.25,30876.5,30876.5,461
2026-09-22T00:15:00+00:00,30877,30878.5,30862.5,30875,3487
2026-09-22T00:16:00+00:00,30876,30882.5,30872.25,30874.5,1424
2026-09-22T00:17:00+00:00,30874.75,30877.5,30870.5,30872.25,726
2026-09-22T00:18:00+00:00,30872.25,30875.75,30870,30872.75,634
2026-09-22T00:19:00+00:00,30872.5,30874.75,30870.75,30873.75,341
2026-09-22T00:20:00+00:00,30873.75,30875.75,30870.75,30871.5,436
2026-09-22T00:21:00+00:00,30871.5,30884.25,30870,30881,1638
2026-09-22T00:22:00+00:00,30881,30882.5,30878.5,30880.75,547
2026-09-22T00:23:00+00:00,30880,30882,30877.5,30879.25,447
2026-09-22T00:24:00+00:00,30879.25,30879.75,30874.5,30879.5,553
2026-09-22T00:25:00+00:00,30878.75,30880.75,30874.5,30875.5,417
2026-09-22T00:26:00+00:00,30875,30882.5,30874.75,30882.25,467
2026-09-22T00:27:00+00:00,30882,30886,30880.75,30883.25,850
2026-09-22T00:28:00+00:00,30883.5,30888.75,30881.5,30888,793
2026-09-22T00:29:00+00:00,30888,30893.75,30886.75,30892.75,1501
2026-09-22T00:30:00+00:00,30893.25,30906.25,30891.5,30905.5,3124
2026-09-22T00:31:00+00:00,30905.75,30909.5,30904.5,30908.75,1595
2026-09-22T00:32:00+00:00,30908.75,30917.5,30908,30912.75,2100
2026-09-22T00:33:00+00:00,30912.5,30912.75,30898,30900,2285
2026-09-22T00:34:00+00:00,30899.75,30901,30864,30881.75,4071
2026-09-22T00:35:00+00:00,30881.5,30884.25,30873.25,30877.75,2585
2026-09-22T00:36:00+00:00,30877.25,30881,30874.5,30877.75,1091
2026-09-22T00:37:00+00:00,30877.25,30879.25,30872.5,30878,727
2026-09-22T00:38:00+00:00,30878.5,30885.75,30877.75,30884.5,1018
2026-09-22T00:39:00+00:00,30884.5,30884.5,30874,30875,925
2026-09-22T00:40:00+00:00,30875.5,30882.5,30872.25,30876.75,878
2026-09-22T00:41:00+00:00,30876,30887.5,30875.5,30885.5,1025
2026-09-22T00:42:00+00:00,30885.75,30896.25,30884,30893.75,1632
2026-09-22T00:43:00+00:00,30894.5,30897.25,30890.5,30893.75,870
2026-09-22T00:44:00+00:00,30893.25,30893.75,30888.5,30891.25,468
2026-09-22T00:45:00+00:00,30891.75,30899.5,30889.75,30897,1053
2026-09-22T00:46:00+00:00,30897,30907.25,30894.5,30899.25,1916
2026-09-22T00:47:00+00:00,30899.75,30899.75,30891.75,30892.25,864
2026-09-22T00:48:00+00:00,30892.75,30896,30885,30895,1309
2026-09-22T00:49:00+00:00,30895,30899.75,30893.75,30896.25,664
2026-09-22T00:50:00+00:00,30895.75,30897.75,30892.75,30897.75,368
2026-09-22T00:51:00+00:00,30897.75,30901.5,30896.25,30898.5,480
2026-09-22T00:52:00+00:00,30898.75,30901.75,30896,30896.25,455
2026-09-22T00:53:00+00:00,30896,30901.25,30894.5,30900,468
2026-09-22T00:54:00+00:00,30900.25,30900.75,30897.75,30899.5,233
2026-09-22T00:55:00+00:00,30900,30901.75,30895.25,30895.5,493
2026-09-22T00:56:00+00:00,30895.25,30898.5,30892,30898,559
2026-09-22T00:57:00+00:00,30898.25,30900.5,30897.5,30898,314
2026-09-22T00:58:00+00:00,30898,30902.25,30896.5,30902,515
2026-09-22T00:59:00+00:00,30902,30903,30898,30900.5,753
2026-09-22T01:00:00+00:00,30900.25,30901,30894.25,30895.75,856
2026-09-22T01:01:00+00:00,30895.5,30896.5,30888.5,30892.25,1132
2026-09-22T01:02:00+00:00,30893,30893,30888.25,30889.75,681
2026-09-22T01:03:00+00:00,30889.75,30893,30883.25,30884.25,1160
2026-09-22T01:04:00+00:00,30884.5,30887.75,30882.25,30884.75,976
2026-09-22T01:05:00+00:00,30885.25,30891.5,30877.75,30889,1302
2026-09-22T01:06:00+00:00,30888.5,30896,30886.25,30893.25,803
2026-09-22T01:07:00+00:00,30892.5,30894.75,30889.25,30891.5,431
2026-09-22T01:08:00+00:00,30891.25,30897.5,30888.5,30894.5,653
2026-09-22T01:09:00+00:00,30894.75,30895,30887,30889.5,652
2026-09-22T01:10:00+00:00,30888.75,30888.75,30882,30882.75,835
2026-09-22T01:11:00+00:00,30883,30883.5,30876.75,30878.25,1231
2026-09-22T01:12:00+00:00,30879,30887.5,30878.75,30885.75,946
2026-09-22T01:13:00+00:00,30886,30886.25,30880.75,30883.25,433
2026-09-22T01:14:00+00:00,30883.5,30886.75,30881,30884.5,541
2026-09-22T01:15:00+00:00,30884.5,30884.75,30874.5,30879.5,937
2026-09-22T01:16:00+00:00,30879.75,30881,30871,30873.75,1187
2026-09-22T01:17:00+00:00,30874.25,30877.75,30873.5,30874,644
2026-09-22T01:18:00+00:00,30874,30879.5,30873.75,30874.75,459
2026-09-22T01:19:00+00:00,30874.5,30876.75,30871,30871,503
2026-09-22T01:20:00+00:00,30871.5,30876.5,30870.25,30874,827
2026-09-22T01:21:00+00:00,30874,30878.25,30872.75,30874.75,525
2026-09-22T01:22:00+00:00,30875,30875.5,30867,30870.25,1368
2026-09-22T01:23:00+00:00,30870.25,30876.75,30870.25,30871.75,1004
2026-09-22T01:24:00+00:00,30871.25,30875.75,30871.25,30872.25,443
2026-09-22T01:25:00+00:00,30872.25,30874.5,30870.5,30871.5,416
2026-09-22T01:26:00+00:00,30870.75,30872.5,30868.5,30871.5,438
2026-09-22T01:27:00+00:00,30871.25,30880.5,30871.25,30874.5,1404
2026-09-22T01:28:00+00:00,30874.5,30882.75,30874.25,30881.5,855
2026-09-22T01:29:00+00:00,30881.5,30891.5,30879.25,30882.5,1410
2026-09-22T01:30:00+00:00,30882.25,30884.5,30870,30878.75,1539
2026-09-22T01:31:00+00:00,30878.5,30888.25,30878.5,30886.25,957
2026-09-22T01:32:00+00:00,30886.5,30888,30883.25,30887,565
2026-09-22T01:33:00+00:00,30887,30899.25,30886.75,30892.5,1844
2026-09-22T01:34:00+00:00,30892.5,30897.75,30890.25,30897,641
2026-09-22T01:35:00+00:00,30897,30899.25,30893.5,30895,719
2026-09-22T01:36:00+00:00,30895.25,30900,30891.5,30896.5,905
2026-09-22T01:37:00+00:00,30897.25,30905.5,30894,30897.25,1362
2026-09-22T01:38:00+00:00,30897.25,30897.75,30890,30890.75,768
2026-09-22T01:39:00+00:00,30890.25,30892.5,30886.25,30888.25,1117
2026-09-22T01:40:00+00:00,30889,30891.75,30886,30889.25,608
2026-09-22T01:41:00+00:00,30889,30898.75,30889,30896,884
2026-09-22T01:42:00+00:00,30897,30898.5,30887.75,30892.75,665
2026-09-22T01:43:00+00:00,30892.5,30894.5,30888.75,30893.25,367
2026-09-22T01:44:00+00:00,30892.5,30892.75,30883.25,30884.75,537
2026-09-22T01:45:00+00:00,30886.5,30893,30886.25,30888.5,609
2026-09-22T01:46:00+00:00,30887.75,30889.25,30873.25,30884.25,1515
2026-09-22T01:47:00+00:00,30885.25,30890.75,30882.75,30884,757
2026-09-22T01:48:00+00:00,30885,30890.5,30879.25,30884.25,962
2026-09-22T01:49:00+00:00,30884.25,30884.25,30874,30876.75,1004
2026-09-22T01:50:00+00:00,30876.5,30881,30875.75,30878.75,580
2026-09-22T01:51:00+00:00,30879,30889.5,30875.75,30887.5,1073
2026-09-22T01:52:00+00:00,30887.25,30889.5,30882,30882.25,812
2026-09-22T01:53:00+00:00,30882.5,30886.5,30879.75,30883.5,474
2026-09-22T01:54:00+00:00,30883.5,30887,30881.25,30884.75,439
2026-09-22T01:55:00+00:00,30884.5,30886.25,30880.5,30881,309
2026-09-22T01:56:00+00:00,30881,30884.5,30877.75,30883.25,809
2026-09-22T01:57:00+00:00,30883.5,30890,30882.5,30883.75,1040
2026-09-22T01:58:00+00:00,30884.25,30884.25,30878.25,30879.5,371
2026-09-22T01:59:00+00:00,30879.5,30880.25,30871.5,30873,876
2026-09-22T02:00:00+00:00,30873.5,30886,30873.5,30883.25,848
2026-09-22T02:01:00+00:00,30883.75,30889.5,30882.5,30887,685
2026-09-22T02:02:00+00:00,30887.75,30894.75,30887.25,30892,880
2026-09-22T02:03:00+00:00,30892.5,30892.75,30886.25,30890.5,443
2026-09-22T02:04:00+00:00,30890,30893.25,30886.25,30890.75,488
2026-09-22T02:05:00+00:00,30891.5,30891.5,30882.5,30884,581
2026-09-22T02:06:00+00:00,30883.75,30887,30883.5,30886.75,192
2026-09-22T02:07:00+00:00,30886.75,30887,30880.75,30881.5,407
2026-09-22T02:08:00+00:00,30882,30884.75,30880.25,30881.75,226
2026-09-22T02:09:00+00:00,30881.5,30882.25,30877,30878.75,547
2026-09-22T02:10:00+00:00,30879.25,30879.25,30870.25,30870.5,1217
2026-09-22T02:11:00+00:00,30870.5,30875.5,30870.5,30872.75,322
2026-09-22T02:12:00+00:00,30872.75,30876.5,30870.5,30874.5,489
2026-09-22T02:13:00+00:00,30874.5,30875,30871,30873,223
2026-09-22T02:14:00+00:00,30873.25,30874.75,30872,30873,185
2026-09-22T02:15:00+00:00,30873.75,30878.25,30873.25,30877.75,381
2026-09-22T02:16:00+00:00,30877.5,30878.75,30875,30878,330
2026-09-22T02:17:00+00:00,30878,30879.5,30872,30874.5,417
2026-09-22T02:18:00+00:00,30875.5,30878.5,30872.25,30877.25,289
2026-09-22T02:19:00+00:00,30878,30879.25,30875.75,30877.5,338
2026-09-22T02:20:00+00:00,30877.25,30881.25,30877.25,30879.5,430
2026-09-22T02:21:00+00:00,30879.25,30880.75,30877.5,30879,280
2026-09-22T02:22:00+00:00,30879.5,30885.25,30878.5,30883.5,596
2026-09-22T02:23:00+00:00,30883.25,30884,30876,30876.5,370
2026-09-22T02:24:00+00:00,30877,30881.75,30874.5,30879.75,694
2026-09-22T02:25:00+00:00,30879.75,30881.25,30878.25,30880.25,216
2026-09-22T02:26:00+00:00,30880.5,30881.25,30878,30878.25,203
2026-09-22T02:27:00+00:00,30879.75,30882,30878.75,30880.75,209
2026-09-22T02:28:00+00:00,30880.25,30885,30879,30881.75,480
2026-09-22T02:29:00+00:00,30881,30881.25,30878.25,30879,182
2026-09-22T02:30:00+00:00,30879.25,30879.75,30867,30870.75,1550
2026-09-22T02:31:00+00:00,30870.5,30872,30866.5,30867.75,753
2026-09-22T02:32:00+00:00,30867.75,30871.25,30867.5,30870.25,381
2026-09-22T02:33:00+00:00,30870.25,30873.75,30866.25,30867.75,465
2026-09-22T02:34:00+00:00,30868.25,30870.5,30866.5,30869.5,304
2026-09-22T02:35:00+00:00,30870,30872,30868.25,30870.5,300
2026-09-22T02:36:00+00:00,30869.75,30874,30868.5,30872.25,356
2026-09-22T02:37:00+00:00,30871.5,30878.5,30868,30873.75,1031
2026-09-22T02:38:00+00:00,30874,30883.75,30872.75,30881.5,1094
2026-09-22T02:39:00+00:00,30882.25,30887.25,30878.5,30885.75,912
2026-09-22T02:40:00+00:00,30885.5,30895,30885,30889.25,1248
2026-09-22T02:41:00+00:00,30888.75,30891.25,30884.5,30890.75,488
2026-09-22T02:42:00+00:00,30891,30893.5,30888.75,30892,293
2026-09-22T02:43:00+00:00,30892.5,30892.75,30890.25,30891,268
2026-09-22T02:44:00+00:00,30891,30891,30887.75,30887.75,292
2026-09-22T02:45:00+00:00,30888.5,30890.75,30886,30888.25,323
2026-09-22T02:46:00+00:00,30888.5,30888.75,30885.75,30886.25,178
2026-09-22T02:47:00+00:00,30886.25,30889.75,30883.5,30889.5,340
2026-09-22T02:48:00+00:00,30889.25,30896,30887,30893.75,842
2026-09-22T02:49:00+00:00,30894,30895,30888,30888.5,498
2026-09-22T02:50:00+00:00,30888,30891.25,30886,30891.25,424
2026-09-22T02:51:00+00:00,30891.5,30893.25,30889.5,30890.5,346
2026-09-22T02:52:00+00:00,30891,30894,30890.25,30891.75,223
2026-09-22T02:53:00+00:00,30891.5,30896,30888.25,30895.75,417
2026-09-22T02:54:00+00:00,30895.5,30897,30893.5,30896.75,487
2026-09-22T02:55:00+00:00,30895.25,30895.25,30887.75,30889,345
2026-09-22T02:56:00+00:00,30888,30894.25,30887.75,30891.5,346
2026-09-22T02:57:00+00:00,30891,30895.5,30888,30893.75,304
2026-09-22T02:58:00+00:00,30893.5,30897,30891.5,30893,401
2026-09-22T02:59:00+00:00,30893.25,30897.75,30892.5,30895,439
2026-09-22T03:00:00+00:00,30894.25,30896,30891,30895.5,299
2026-09-22T03:01:00+00:00,30895.25,30895.75,30886.75,30889.5,638
2026-09-22T03:02:00+00:00,30889.5,30891,30888.75,30890.25,232
2026-09-22T03:03:00+00:00,30890,30897.25,30889.75,30895,611
2026-09-22T03:04:00+00:00,30895.5,30896.5,30892.25,30893.5,271
2026-09-22T03:05:00+00:00,30894.5,30894.5,30890.25,30891.75,154
2026-09-22T03:06:00+00:00,30891.75,30892.75,30889.25,30890.5,211
2026-09-22T03:07:00+00:00,30890.5,30891.5,30885.75,30887.5,397
2026-09-22T03:08:00+00:00,30887.5,30889.75,30886.75,30888.25,248
2026-09-22T03:09:00+00:00,30888.25,30888.25,30882.5,30884.5,491
2026-09-22T03:10:00+00:00,30884,30890,30884,30887.75,576
2026-09-22T03:11:00+00:00,30887.5,30888.75,30886.75,30887.75,181
2026-09-22T03:12:00+00:00,30887.75,30891.25,30886.25,30889.5,231
2026-09-22T03:13:00+00:00,30890.25,30890.75,30886.25,30886.5,114
2026-09-22T03:14:00+00:00,30886.75,30891.5,30886.5,30891.5,222
2026-09-22T03:15:00+00:00,30891.25,30899.25,30890.75,30898.75,589
2026-09-22T03:16:00+00:00,30899,30899.25,30890.5,30892.75,470
2026-09-22T03:17:00+00:00,30892.5,30894,30888.5,30890.5,289
2026-09-22T03:18:00+00:00,30890.25,30894.5,30890.25,30893,156
2026-09-22T03:19:00+00:00,30893.25,30894,30887,30891.75,294
2026-09-22T03:20:00+00:00,30891,30892,30887.75,30888.75,142
2026-09-22T03:21:00+00:00,30888.75,30890.75,30887.75,30890.5,100
2026-09-22T03:22:00+00:00,30890.25,30892.25,30887,30891.5,203
2026-09-22T03:23:00+00:00,30892.25,30892.25,30888.75,30889.75,174
2026-09-22T03:24:00+00:00,30890,30891,30887,30887,197
2026-09-22T03:25:00+00:00,30887,30890,30887,30889.25,124
2026-09-22T03:26:00+00:00,30889.25,30890.5,30888,30889.75,101
2026-09-22T03:27:00+00:00,30889.75,30890.75,30887.75,30889.75,85
2026-09-22T03:28:00+00:00,30889.75,30890.75,30887.75,30888.75,87
2026-09-22T03:29:00+00:00,30888.75,30889.75,30886.75,30889,155
2026-09-22T03:30:00+00:00,30889.25,30890.75,30887,30887.25,186
2026-09-22T03:31:00+00:00,30886.5,30887,30884.5,30884.75,325
2026-09-22T03:32:00+00:00,30884.75,30885.5,30880.25,30882.25,649
2026-09-22T03:33:00+00:00,30882.5,30887.25,30882,30885.75,263
2026-09-22T03:34:00+00:00,30885.75,30892,30884,30891.25,772
2026-09-22T03:35:00+00:00,30890.75,30895,30890,30893.75,523
2026-09-22T03:36:00+00:00,30893.25,30898.5,30893,30897.75,450
2026-09-22T03:37:00+00:00,30897,30898.75,30895,30895.25,300
2026-09-22T03:38:00+00:00,30895.5,30897.5,30893.75,30894.75,173
2026-09-22T03:39:00+00:00,30895,30897.5,30888,30889.75,678
2026-09-22T03:40:00+00:00,30889.5,30891,30883.5,30883.5,649
2026-09-22T03:41:00+00:00,30884,30888.5,30883.5,30886,381
2026-09-22T03:42:00+00:00,30886.25,30888.75,30883.5,30887.25,207
2026-09-22T03:43:00+00:00,30886.5,30887.25,30877.75,30882.25,720
2026-09-22T03:44:00+00:00,30882.5,30883,30880.5,30882,265
2026-09-22T03:45:00+00:00,30881.75,30885,30879.75,30881.5,378
2026-09-22T03:46:00+00:00,30881,30881.75,30878.25,30878.75,300
2026-09-22T03:47:00+00:00,30879.25,30880.75,30877.25,30878.75,500
2026-09-22T03:48:00+00:00,30878.75,30882,30878.25,30881.25,222
2026-09-22T03:49:00+00:00,30881.5,30883.75,30881,30882.5,259
2026-09-22T03:50:00+00:00,30881.75,30882,30878.5,30879.5,199
2026-09-22T03:51:00+00:00,30880,30881.75,30877.75,30881.25,166
2026-09-22T03:52:00+00:00,30881,30881.25,30877,30877.75,175
2026-09-22T03:53:00+00:00,30877.25,30880,30877,30878.25,281
2026-09-22T03:54:00+00:00,30879,30879,30874.5,30875,626
2026-09-22T03:55:00+00:00,30875.75,30875.75,30871.25,30874,695
2026-09-22T03:56:00+00:00,30873.75,30874,30856.75,30871.75,2116
2026-09-22T03:57:00+00:00,30871.5,30877.25,30870.25,30877.25,872
2026-09-22T03:58:00+00:00,30877.25,30879,30873.25,30875,781
2026-09-22T04:09:00+00:00,30846.25,30848,30840.25,30841.75,841
2026-09-22T04:10:00+00:00,30842,30850.25,30832.25,30850,2774
2026-09-22T04:11:00+00:00,30849.75,30867.75,30849.25,30863.5,2477
2026-09-22T04:12:00+00:00,30863.5,30863.5,30856.5,30862.75,855
2026-09-22T04:13:00+00:00,30862.5,30863.75,30854.5,30855.25,608
2026-09-22T04:14:00+00:00,30855.75,30859,30852.75,30852.75,522
2026-09-22T04:15:00+00:00,30853.25,30856.5,30851,30852,553
2026-09-22T04:16:00+00:00,30852.5,30853.75,30851,30853,292
2026-09-22T04:17:00+00:00,30852.5,30852.5,30844.75,30845.25,742
2026-09-22T04:18:00+00:00,30844.75,30845.25,30840,30843.5,1112
2026-09-22T04:19:00+00:00,30843.75,30845,30836.5,30836.5,885
2026-09-22T04:20:00+00:00,30836.5,30839.5,30833,30837.25,1151
2026-09-22T04:21:00+00:00,30837,30838.5,30833,30835.25,499
2026-09-22T04:22:00+00:00,30835,30840.75,30835,30838.5,519
2026-09-22T04:23:00+00:00,30838.5,30840,30832.5,30838,588
2026-09-22T04:24:00+00:00,30838,30841.75,30834.5,30838.75,565
2026-09-22T04:25:00+00:00,30838.75,30838.75,30831,30835,689
2026-09-22T04:26:00+00:00,30834.5,30841.25,30834.5,30838.75,495
2026-09-22T04:27:00+00:00,30838.25,30839.5,30834.5,30837,438
2026-09-22T04:28:00+00:00,30837.25,30843.25,30836.25,30841.5,502
2026-09-22T04:29:00+00:00,30841.25,30849.5,30837,30837.25,1356
2026-09-22T04:30:00+00:00,30836.75,30847,30835.5,30845,846
2026-09-22T04:31:00+00:00,30845.75,30848.5,30842.5,30843.25,517
2026-09-22T04:32:00+00:00,30843.5,30843.5,30834.75,30835.5,623
2026-09-22T04:33:00+00:00,30835.5,30838.25,30831.75,30833.75,618
2026-09-22T04:34:00+00:00,30834,30835.75,30831.25,30834.5,441
2026-09-22T04:35:00+00:00,30834,30834,30827.25,30829.25,1066
2026-09-22T04:36:00+00:00,30829.75,30832.5,30826.25,30828,472
2026-09-22T04:37:00+00:00,30828,30838.25,30827.25,30837,793
2026-09-22T04:38:00+00:00,30836.75,30839.75,30833.75,30835,439
2026-09-22T04:39:00+00:00,30834,30836,30829.75,30831,468
2026-09-22T04:40:00+00:00,30830.25,30831.75,30824,30826.5,844
2026-09-22T04:41:00+00:00,30826,30836,30824,30835.5,759
2026-09-22T04:42:00+00:00,30835.25,30839.5,30833.5,30839,730
2026-09-22T04:43:00+00:00,30838.75,30841.75,30833.5,30837,495
2026-09-22T04:44:00+00:00,30836.75,30837.25,30828.75,30828.75,372
2026-09-22T04:45:00+00:00,30829,30835.5,30827.5,30834,500
2026-09-22T04:46:00+00:00,30833.75,30835,30826.25,30827,409
2026-09-22T04:47:00+00:00,30826.75,30827.75,30820.75,30822.25,943
2026-09-22T04:48:00+00:00,30822,30823.75,30820.75,30821.75,370
2026-09-22T04:49:00+00:00,30821.5,30823.25,30820,30821.5,384
2026-09-22T04:50:00+00:00,30821.75,30823.75,30812.5,30814,1473
2026-09-22T04:51:00+00:00,30814.25,30818,30813,30816.25,565
2026-09-22T04:52:00+00:00,30816.25,30822.25,30813.5,30820.25,493
2026-09-22T04:53:00+00:00,30820.75,30821,30814.75,30816.75,358
2026-09-22T04:54:00+00:00,30816.25,30819,30814,30816,300
2026-09-22T04:55:00+00:00,30816.75,30821,30816.25,30816.75,277
2026-09-22T04:56:00+00:00,30817,30817,30813,30814.75,310
2026-09-22T04:57:00+00:00,30814.75,30814.75,30810,30813.25,641
2026-09-22T04:58:00+00:00,30813.25,30813.75,30810,30811.25,361
2026-09-22T04:59:00+00:00,30811,30813.5,30809,30812.75,355
2026-09-22T05:00:00+00:00,30813,30814.75,30808.25,30814,803
2026-09-22T05:01:00+00:00,30814.25,30815.5,30809,30812.25,534
2026-09-22T05:02:00+00:00,30813.25,30818.75,30812,30816.5,655
2026-09-22T05:03:00+00:00,30815.5,30821.25,30813,30813.75,848
2026-09-22T05:04:00+00:00,30813.75,30817.25,30811.25,30813.75,606
2026-09-22T05:05:00+00:00,30814,30815.5,30811.25,30814.25,198
2026-09-22T05:06:00+00:00,30814.5,30820,30813,30818,489
2026-09-22T05:07:00+00:00,30818.5,30820.75,30814.5,30815.25,517
2026-09-22T05:08:00+00:00,30815.75,30816.25,30811.5,30813.5,308
2026-09-22T05:09:00+00:00,30813.75,30814.75,30807.25,30808,864
2026-09-22T05:10:00+00:00,30808.25,30812,30804.5,30811.5,1094
2026-09-22T05:11:00+00:00,30811.75,30812.5,30807.5,30808,343
2026-09-22T05:12:00+00:00,30807.5,30809.5,30806.25,30808.75,356
2026-09-22T05:13:00+00:00,30809,30811.25,30805.75,30811.25,389
2026-09-22T05:14:00+00:00,30811,30812.5,30807.25,30809.75,358
2026-09-22T05:15:00+00:00,30809.5,30810.5,30801.5,30802,718
2026-09-22T05:16:00+00:00,30801.75,30804,30797,30800,1618
2026-09-22T05:17:00+00:00,30800,30800,30791.5,30796.25,1364
2026-09-22T05:18:00+00:00,30796.25,30796.25,30784,30785.5,1358
2026-09-22T05:19:00+00:00,30785,30789,30783.5,30784.75,944
2026-09-22T05:20:00+00:00,30784.5,30791.5,30783.5,30789.25,968
2026-09-22T05:21:00+00:00,30789.25,30809,30788,30805.25,1583
2026-09-22T05:22:00+00:00,30805.5,30810,30804.25,30805.75,1204
2026-09-22T05:23:00+00:00,30805.5,30808,30802.75,30803.5,491
2026-09-22T05:24:00+00:00,30804.25,30807.75,30789,30790.5,1863
2026-09-22T05:25:00+00:00,30790.25,30795.25,30788.25,30791.5,865
2026-09-22T05:26:00+00:00,30791,30791.5,30786.5,30790,713
2026-09-22T05:27:00+00:00,30790.25,30793.5,30785.25,30785.5,546
2026-09-22T05:28:00+00:00,30786.5,30797.75,30786,30797.25,581
2026-09-22T05:29:00+00:00,30797.25,30801,30792.75,30792.75,862
2026-09-22T05:30:00+00:00,30792,30793,30784,30785,843
2026-09-22T05:31:00+00:00,30784.5,30786.5,30780,30784,1362
2026-09-22T05:32:00+00:00,30783.5,30785,30778.75,30782.5,745
2026-09-22T05:33:00+00:00,30782.75,30790,30781.75,30789.5,535
2026-09-22T05:34:00+00:00,30789,30793.75,30787,30790.5,609
2026-09-22T05:35:00+00:00,30791,30802.5,30790.75,30794,1055
2026-09-22T05:36:00+00:00,30794,30798.25,30791.5,30792.75,512
2026-09-22T05:37:00+00:00,30793.5,30809.25,30793,30802.75,1140
2026-09-22T05:38:00+00:00,30802.75,30805,30799,30804.25,516
2026-09-22T05:39:00+00:00,30804.75,30815,30804.5,30813.5,1199
2026-09-22T05:40:00+00:00,30813,30817.75,30812,30815.5,1205
2026-09-22T05:41:00+00:00,30815,30823.5,30814.75,30816.75,1347
2026-09-22T05:42:00+00:00,30816.25,30817,30809.75,30813,842
2026-09-22T05:43:00+00:00,30813,30814.5,30807.5,30811.25,446
2026-09-22T05:44:00+00:00,30811.25,30818.75,30809.5,30818.25,598
2026-09-22T05:45:00+00:00,30817.25,30829.25,30815.5,30826.75,1296
2026-09-22T05:46:00+00:00,30826.75,30834.75,30824.5,30832.25,1114
2026-09-22T05:47:00+00:00,30831.75,30838,30830.25,30836.5,1028
2026-09-22T05:48:00+00:00,30836.25,30838.5,30826.75,30831.75,1551
2026-09-22T05:49:00+00:00,30831.5,30844.75,30828,30843.75,1210
2026-09-22T05:50:00+00:00,30843.75,30844.75,30828,30831.25,1369
2026-09-22T05:51:00+00:00,30831.5,30835,30829.25,30834,444
2026-09-22T05:52:00+00:00,30834,30835.25,30826.5,30827.25,769
2026-09-22T05:53:00+00:00,30828,30830,30826.25,30827.25,384
2026-09-22T05:54:00+00:00,30827.75,30829.75,30820.25,30821,842
2026-09-22T05:55:00+00:00,30821.5,30821.75,30813.75,30818.75,954
2026-09-22T05:56:00+00:00,30818.5,30822.5,30817.75,30820,471
2026-09-22T05:57:00+00:00,30820.25,30821.75,30817.75,30820.25,363
2026-09-22T05:58:00+00:00,30820.5,30821,30817.75,30819.5,258
2026-09-22T05:59:00+00:00,30819,30821.5,30812.75,30815.5,851
2026-09-22T06:00:00+00:00,30816,30819.25,30805.75,30816.75,1945
2026-09-22T06:01:00+00:00,30817,30818.25,30809.5,30810.25,757
2026-09-22T06:02:00+00:00,30810.25,30811.5,30797.25,30800.75,1377
2026-09-22T06:03:00+00:00,30800.75,30800.75,30791.25,30795.5,1252
2026-09-22T06:04:00+00:00,30795.75,30800.5,30790,30790,929
2026-09-22T06:05:00+00:00,30790,30799,30785.75,30798.5,1403
2026-09-22T06:06:00+00:00,30799,30800.5,30792.75,30793.5,663
2026-09-22T06:07:00+00:00,30793,30794.75,30788.25,30792.5,497
2026-09-22T06:08:00+00:00,30791.75,30795.75,30789.5,30795.75,419
2026-09-22T06:09:00+00:00,30795.25,30803.75,30793,30796,930
2026-09-22T06:10:00+00:00,30796.25,30800.5,30792,30796,656
2026-09-22T06:11:00+00:00,30794.75,30794.75,30786.25,30790,779
2026-09-22T06:12:00+00:00,30790.5,30790.5,30785.25,30787,485
2026-09-22T06:13:00+00:00,30787,30788.75,30780.5,30781,932
2026-09-22T06:14:00+00:00,30780.75,30784.75,30777,30784.25,1111
2026-09-22T06:15:00+00:00,30784,30788.25,30781.5,30785.75,857
2026-09-22T06:16:00+00:00,30786.75,30789.25,30777.5,30780,624
2026-09-22T06:17:00+00:00,30779.5,30781.5,30775.25,30779.75,825
2026-09-22T06:18:00+00:00,30779.5,30779.75,30776,30777.5,393
2026-09-22T06:19:00+00:00,30778,30778.5,30773.25,30774,728
2026-09-22T06:20:00+00:00,30774,30780.25,30771.5,30776.75,879
2026-09-22T06:21:00+00:00,30776.75,30778.5,30766,30776,1906
2026-09-22T06:22:00+00:00,30776.25,30782.75,30776,30776.75,939
2026-09-22T06:23:00+00:00,30777.25,30778.5,30773.5,30776.25,479
2026-09-22T06:24:00+00:00,30776,30776,30767,30770.5,805
2026-09-22T06:25:00+00:00,30771.25,30776,30769.5,30774.25,578
2026-09-22T06:26:00+00:00,30774.75,30781.75,30771.5,30772,845
2026-09-22T06:27:00+00:00,30771.25,30773.75,30768.25,30772.75,530
2026-09-22T06:28:00+00:00,30772.75,30777.25,30772,30777,414
2026-09-22T06:29:00+00:00,30777,30788.25,30776.75,30787,1056
2026-09-22T06:30:00+00:00,30786.5,30793,30783.75,30788.25,1220
2026-09-22T06:31:00+00:00,30788,30788,30782,30784.25,543
2026-09-22T06:32:00+00:00,30784,30788.75,30780.25,30784.25,457
2026-09-22T06:33:00+00:00,30784.25,30790.75,30781.75,30782.75,804
2026-09-22T06:34:00+00:00,30783,30784.5,30778.25,30780.75,678
2026-09-22T06:35:00+00:00,30780.25,30789.25,30778.25,30787.5,471
2026-09-22T06:36:00+00:00,30788.25,30795.25,30786.75,30793,561
2026-09-22T06:37:00+00:00,30792.25,30793.5,30788,30790.25,343
2026-09-22T06:38:00+00:00,30790,30791.25,30787.25,30790,263
2026-09-22T06:39:00+00:00,30788.75,30789.75,30778.5,30786.25,752
2026-09-22T06:40:00+00:00,30786.25,30792,30783.5,30790.75,479
2026-09-22T06:41:00+00:00,30790.5,30794.75,30788,30792.5,380
2026-09-22T06:42:00+00:00,30793.25,30794.25,30783.5,30784.25,460
2026-09-22T06:43:00+00:00,30784,30784,30775.75,30776.75,726
2026-09-22T06:44:00+00:00,30777,30781,30775.5,30780.25,333
2026-09-22T06:45:00+00:00,30780.25,30780.5,30775,30779,404
2026-09-22T06:46:00+00:00,30778.5,30786,30778,30786,349
2026-09-22T06:47:00+00:00,30785.75,30787.5,30780,30782.75,265
2026-09-22T06:48:00+00:00,30783,30787,30783,30784,155
2026-09-22T06:49:00+00:00,30783.75,30786.75,30780,30781.25,273
2026-09-22T06:50:00+00:00,30782.25,30785,30781.25,30784.5,107
2026-09-22T06:51:00+00:00,30783,30784.5,30781.5,30782.75,120
2026-09-22T06:52:00+00:00,30783.5,30785.5,30781.75,30785.5,159
2026-09-22T06:53:00+00:00,30784.5,30786,30782,30782.25,135
2026-09-22T06:54:00+00:00,30782,30782,30775,30776.75,489
2026-09-22T06:55:00+00:00,30776.75,30782.75,30776.25,30782,399
2026-09-22T06:56:00+00:00,30781.5,30785.25,30779.75,30784.5,225
2026-09-22T06:57:00+00:00,30785.5,30789.75,30782.5,30783.5,439
2026-09-22T06:58:00+00:00,30784.5,30786.5,30782.5,30785.75,151
2026-09-22T06:59:00+00:00,30785.75,30787.25,30778,30778.75,535
2026-09-22T07:00:00+00:00,30779,30789.5,30772.5,30776.5,1530
2026-09-22T07:01:00+00:00,30775.5,30777.5,30772.5,30775.25,604
2026-09-22T07:02:00+00:00,30775,30775,30767.25,30772.5,795
2026-09-22T07:03:00+00:00,30772.75,30777,30762,30768.75,1036
2026-09-22T07:04:00+00:00,30769,30778.25,30768,30775.5,826
2026-09-22T07:05:00+00:00,30775.5,30786.75,30770.25,30775,1021
2026-09-22T07:06:00+00:00,30775.5,30776.5,30766.5,30767,443
2026-09-22T07:07:00+00:00,30767.5,30775.5,30766.75,30771.5,494
2026-09-22T07:08:00+00:00,30771.75,30775.25,30769,30774.25,305
2026-09-22T07:09:00+00:00,30774.75,30782.5,30772.75,30781.25,709
2026-09-22T07:10:00+00:00,30782,30786.5,30775.75,30783.25,629
2026-09-22T07:11:00+00:00,30782.5,30785,30776.75,30781.5,415
2026-09-22T07:12:00+00:00,30783,30788.25,30780,30781.75,448
2026-09-22T07:13:00+00:00,30782.25,30782.75,30769.25,30773,773
2026-09-22T07:14:00+00:00,30773.75,30779.75,30768.25,30779.5,625
2026-09-22T07:15:00+00:00,30778.5,30784.75,30775.75,30784.5,483
2026-09-22T07:16:00+00:00,30784,30792.5,30780,30780.75,928
2026-09-22T07:17:00+00:00,30780.25,30792,30780.25,30788.5,876
2026-09-22T07:18:00+00:00,30788,30788,30782,30783.5,417
2026-09-22T07:19:00+00:00,30783.5,30784.25,30773.5,30774.25,575
2026-09-22T07:20:00+00:00,30774.75,30777.75,30772.5,30777.25,817
2026-09-22T07:21:00+00:00,30776.75,30780.75,30773.5,30780.25,337
2026-09-22T07:22:00+00:00,30779.75,30780.5,30773.5,30776.5,623
2026-09-22T07:23:00+00:00,30776.25,30779.75,30772.5,30775,403
2026-09-22T07:24:00+00:00,30774.5,30784,30767.5,30775.25,962
2026-09-22T07:25:00+00:00,30776.75,30778.75,30770.75,30776.25,486
2026-09-22T07:26:00+00:00,30776.75,30777.25,30768.75,30773,442
2026-09-22T07:27:00+00:00,30772.25,30780.25,30769.5,30776.25,406
2026-09-22T07:28:00+00:00,30775,30775.5,30770,30772.75,411
2026-09-22T07:29:00+00:00,30772.75,30773.5,30765,30769.25,539
2026-09-22T07:30:00+00:00,30769,30771.75,30761.25,30767.75,1223
2026-09-22T07:31:00+00:00,30767.5,30772.5,30765.75,30771.25,593
2026-09-22T07:32:00+00:00,30771.25,30776.75,30767.25,30768,819
2026-09-22T07:33:00+00:00,30767.5,30769.25,30762,30764.25,611
2026-09-22T07:34:00+00:00,30764.5,30769.75,30761.75,30765.25,479
2026-09-22T07:35:00+00:00,30765.25,30766.25,30762,30762.5,570
2026-09-22T07:36:00+00:00,30762.5,30772.25,30762.5,30771,534
2026-09-22T07:37:00+00:00,30770.75,30777.5,30769.25,30775.5,540
2026-09-22T07:38:00+00:00,30775.5,30776.25,30771,30772.75,427
2026-09-22T07:39:00+00:00,30770.75,30774.75,30769,30773.5,337
2026-09-22T07:40:00+00:00,30773,30777,30770,30770,272
2026-09-22T07:41:00+00:00,30770.25,30779,30770,30777,443
2026-09-22T07:42:00+00:00,30777,30779.75,30773.5,30777.75,249
2026-09-22T07:43:00+00:00,30777.75,30777.75,30773.25,30776.25,250
2026-09-22T07:44:00+00:00,30777,30780,30775.25,30780,221
2026-09-22T07:45:00+00:00,30780,30782,30776.5,30777.5,324
2026-09-22T07:46:00+00:00,30777.75,30786,30777.5,30777.75,623
2026-09-22T07:47:00+00:00,30777.5,30780,30766.75,30768.75,801
2026-09-22T07:48:00+00:00,30768.25,30769.5,30764.25,30769.5,525
2026-09-22T07:49:00+00:00,30769.5,30775.25,30768,30769.25,530
2026-09-22T07:50:00+00:00,30770,30773,30768,30770.5,367
2026-09-22T07:51:00+00:00,30770.25,30772.25,30766.5,30767.75,251
2026-09-22T07:52:00+00:00,30769.5,30777.5,30769.5,30777,419
2026-09-22T07:53:00+00:00,30777,30780.75,30772.5,30777,449
2026-09-22T07:54:00+00:00,30777.5,30780.75,30773.25,30779.5,350
2026-09-22T07:55:00+00:00,30778.25,30782.5,30777,30777.25,419
2026-09-22T07:56:00+00:00,30778,30782,30777.75,30778.5,303
2026-09-22T07:57:00+00:00,30778.25,30781,30769.75,30770.5,629
2026-09-22T07:58:00+00:00,30771,30774,30768.5,30769.5,374
2026-09-22T07:59:00+00:00,30769.5,30775.75,30769.5,30770,426
2026-09-22T08:00:00+00:00,30770.5,30771.75,30755.25,30764.75,3149
2026-09-22T08:01:00+00:00,30764.5,30764.75,30754.25,30758.5,1207
2026-09-22T08:02:00+00:00,30758.5,30766.75,30758.5,30763.25,1067
2026-09-22T08:03:00+00:00,30762.25,30763,30737.75,30742.5,2935
2026-09-22T08:04:00+00:00,30742.25,30744.5,30729,30731.25,1920
2026-09-22T08:05:00+00:00,30731,30747.5,30726,30738,2043
2026-09-22T08:06:00+00:00,30738.25,30742,30733.75,30735,780
2026-09-22T08:07:00+00:00,30734.75,30745.75,30731,30744.5,1145
2026-09-22T08:08:00+00:00,30745.25,30747.5,30736.5,30737.25,986
2026-09-22T08:09:00+00:00,30738,30739.75,30724.5,30737.25,1438
2026-09-22T08:10:00+00:00,30737.5,30742.75,30732.25,30737.5,1364
2026-09-22T08:11:00+00:00,30737.75,30738.5,30733,30737.25,553
2026-09-22T08:12:00+00:00,30737.25,30742,30730.25,30732.25,793
2026-09-22T08:13:00+00:00,30732.25,30738.75,30729.25,30735.25,679
2026-09-22T08:14:00+00:00,30735.5,30742.75,30735,30735.5,586
2026-09-22T08:15:00+00:00,30736.25,30737.5,30724,30726,1193
2026-09-22T08:16:00+00:00,30726.25,30726.75,30718,30721.25,1021
2026-09-22T08:17:00+00:00,30721.25,30721.75,30715.75,30717,671
2026-09-22T08:18:00+00:00,30716.5,30718.5,30712.5,30715.5,1023
2026-09-22T08:19:00+00:00,30716.25,30724.75,30716.25,30723.75,1011
2026-09-22T08:20:00+00:00,30724,30725,30710.5,30711.25,956
2026-09-22T08:21:00+00:00,30712,30718.5,30711.5,30718,644
2026-09-22T08:22:00+00:00,30717.5,30717.5,30705.25,30705.75,1196
2026-09-22T08:23:00+00:00,30705.75,30715,30700.75,30711,1561
2026-09-22T08:24:00+00:00,30711,30718,30709.25,30711.5,800
2026-09-22T08:25:00+00:00,30711.5,30734.75,30700.25,30700.5,3379
2026-09-22T08:26:00+00:00,30701,30705.25,30696.25,30698,1350
2026-09-22T08:27:00+00:00,30698,30698.5,30689.5,30692.5,1359
2026-09-22T08:28:00+00:00,30692.75,30696.25,30684,30685,1223
2026-09-22T08:29:00+00:00,30684.75,30688.75,30682.75,30686.75,1022
2026-09-22T08:30:00+00:00,30687,30687.75,30674,30674.25,1906
2026-09-22T08:31:00+00:00,30674.5,30686.75,30671,30680,2458
2026-09-22T08:32:00+00:00,30680,30700.25,30674,30682.5,2584
2026-09-22T08:33:00+00:00,30681.75,30682.75,30671.25,30680,1202
2026-09-22T08:34:00+00:00,30679,30692.75,30677.75,30690.75,1015
2026-09-22T08:35:00+00:00,30690.75,30705,30687.75,30703.25,1655
2026-09-22T08:36:00+00:00,30702.5,30717.5,30693,30714.25,1738
2026-09-22T08:37:00+00:00,30714.5,30720.25,30710,30712.5,1428
2026-09-22T08:38:00+00:00,30714,30723.25,30712,30721.25,1129
2026-09-22T08:39:00+00:00,30721.5,30744,30720.25,30735.75,2431
2026-09-22T08:40:00+00:00,30736,30737,30727,30731.25,1407
2026-09-22T08:41:00+00:00,30731,30751.75,30728.5,30748.75,1667
2026-09-22T08:42:00+00:00,30748.5,30765.25,30745.5,30755,2265
2026-09-22T08:43:00+00:00,30754.5,30762.25,30750,30755.5,1463
2026-09-22T08:44:00+00:00,30756,30762,30748.75,30759.75,1146
2026-09-22T08:45:00+00:00,30760.25,30763.75,30746,30751,1486
2026-09-22T08:46:00+00:00,30750.75,30760.75,30744,30756.5,1289
2026-09-22T08:47:00+00:00,30756,30772.75,30756,30769.75,1748
2026-09-22T08:48:00+00:00,30769.5,30776.25,30763.5,30772.5,1382
2026-09-22T08:49:00+00:00,30772.75,30780.5,30769.75,30777.5,1607
2026-09-22T08:50:00+00:00,30778,30780.5,30772,30779.25,1137
2026-09-22T08:51:00+00:00,30779,30784,30767.25,30768.75,1275
2026-09-22T08:52:00+00:00,30768.75,30780.75,30766.5,30776.75,1127
2026-09-22T08:53:00+00:00,30777.25,30787.25,30772.5,30786.25,1388
2026-09-22T08:54:00+00:00,30786.5,30788.25,30770,30776.5,1483
2026-09-22T08:55:00+00:00,30776.5,30783.5,30770.5,30772.5,1347
2026-09-22T08:56:00+00:00,30772.75,30785,30769.25,30783,886
2026-09-22T08:57:00+00:00,30783,30787.75,30778.25,30787.5,643
2026-09-22T08:58:00+00:00,30787.75,30790.5,30773.75,30777,1142
2026-09-22T08:59:00+00:00,30777.25,30789,30777.25,30782.25,795
2026-09-22T09:00:00+00:00,30783.25,30790,30777,30778.75,1390
2026-09-22T09:01:00+00:00,30778.5,30786.25,30770.5,30773.5,974
2026-09-22T09:02:00+00:00,30775,30802.5,30773.5,30786,2280
2026-09-22T09:03:00+00:00,30786,30789.25,30771.75,30771.75,879
2026-09-22T09:04:00+00:00,30771.75,30772,30756.5,30757.5,2142
2026-09-22T09:05:00+00:00,30756.75,30765.25,30754.25,30761,919
2026-09-22T09:06:00+00:00,30761.5,30780.75,30761.5,30777.5,1102
2026-09-22T09:07:00+00:00,30777.75,30777.75,30766.75,30777.25,1019
2026-09-22T09:08:00+00:00,30777.25,30779.75,30763.25,30763.5,912
2026-09-22T09:09:00+00:00,30763.75,30777.25,30758,30767.25,1399
2026-09-22T09:10:00+00:00,30766.75,30772.5,30762.75,30770,703
2026-09-22T09:11:00+00:00,30769.75,30781.25,30760.75,30773,1529
2026-09-22T09:12:00+00:00,30773,30774.25,30752.5,30755.5,1265
2026-09-22T09:13:00+00:00,30755.25,30770,30755,30763.75,758
2026-09-22T09:14:00+00:00,30763.5,30767.25,30760.75,30764.5,420
2026-09-22T09:15:00+00:00,30764.25,30788,30762,30785,2442
2026-09-22T09:16:00+00:00,30784.25,30784.75,30773.25,30777,767
2026-09-22T09:17:00+00:00,30776.5,30777.5,30769,30770,601
2026-09-22T09:18:00+00:00,30770.5,30774.75,30767.75,30768.5,322
2026-09-22T09:19:00+00:00,30768.5,30773.75,30766.75,30767.5,316
2026-09-22T09:20:00+00:00,30767.5,30770.75,30766,30770.25,433
2026-09-22T09:21:00+00:00,30770.5,30773.25,30769,30769.75,282
2026-09-22T09:22:00+00:00,30769.25,30775,30760,30768.75,969
2026-09-22T09:23:00+00:00,30768.75,30770,30760.25,30767.75,251
2026-09-22T09:24:00+00:00,30767.75,30772,30766.75,30766.75,294
2026-09-22T09:25:00+00:00,30766.25,30769.5,30761,30764.75,294
2026-09-22T09:26:00+00:00,30765.25,30769.25,30762.5,30767.5,240
2026-09-22T09:27:00+00:00,30767.75,30769.75,30765,30767.25,374
2026-09-22T09:28:00+00:00,30768.25,30768.75,30766,30768.75,114
2026-09-22T09:29:00+00:00,30768.75,30773,30767,30769.75,272
2026-09-22T09:30:00+00:00,30770.75,30777.75,30770,30776.5,515
2026-09-22T09:31:00+00:00,30776,30786.25,30776,30785.5,771
2026-09-22T09:32:00+00:00,30785,30787,30782.25,30782.75,372
2026-09-22T09:33:00+00:00,30782.25,30783.75,30766,30772,1768
2026-09-22T09:34:00+00:00,30772,30781,30772,30777.75,480
2026-09-22T09:35:00+00:00,30777.25,30777.75,30766.75,30769.75,530
2026-09-22T09:36:00+00:00,30770,30770.75,30765.5,30767,373
2026-09-22T09:37:00+00:00,30767.5,30772.25,30766,30769.5,311
2026-09-22T09:38:00+00:00,30768,30769.25,30763.5,30764.5,308
2026-09-22T09:39:00+00:00,30765.25,30769,30765,30766.5,266
2026-09-22T09:40:00+00:00,30766.5,30772,30765.75,30769.5,349
2026-09-22T09:41:00+00:00,30769,30783.25,30768,30775,1048
2026-09-22T09:42:00+00:00,30776,30778.5,30769,30777.25,403
2026-09-22T09:43:00+00:00,30777,30785,30777,30783.5,582
2026-09-22T09:44:00+00:00,30783.5,30790,30782.5,30789.5,604
2026-09-22T09:45:00+00:00,30789,30790.25,30783.75,30784.5,752
2026-09-22T09:46:00+00:00,30784.25,30788.25,30781.5,30785,500
2026-09-22T09:47:00+00:00,30784.5,30793.75,30783.25,30789.75,776
2026-09-22T09:48:00+00:00,30789.75,30792.25,30785,30786.25,321
2026-09-22T09:49:00+00:00,30785.75,30789,30784.75,30787.5,322
2026-09-22T09:50:00+00:00,30787.5,30791.75,30786,30791.75,400
2026-09-22T09:51:00+00:00,30791.25,30813,30790.75,30799.25,1540
2026-09-22T09:52:00+00:00,30799.5,30855.25,30795.25,30822.5,7218
2026-09-22T09:53:00+00:00,30823.25,30832.75,30800,30822.5,3743
2026-09-22T09:54:00+00:00,30821,30827,30806.75,30821.75,1947
2026-09-22T09:55:00+00:00,30821.75,30823.25,30800,30801,1973
2026-09-22T09:56:00+00:00,30800.25,30845.5,30794.5,30823.5,4596
2026-09-22T09:57:00+00:00,30823.5,30824.25,30806.75,30815.5,1525
2026-09-22T09:58:00+00:00,30815.75,30837.75,30814.25,30837,987
2026-09-22T09:59:00+00:00,30836.25,30842.25,30833.75,30836.5,1062
2026-09-22T10:00:00+00:00,30838,30838.5,30818,30826.75,1506
2026-09-22T10:01:00+00:00,30826.75,30832.25,30819.5,30824.75,961
2026-09-22T10:02:00+00:00,30824.25,30837,30823.75,30835,839
2026-09-22T10:03:00+00:00,30834.75,30842,30829,30839.5,976
2026-09-22T10:04:00+00:00,30838.75,30841.5,30832,30834.75,574
2026-09-22T10:05:00+00:00,30834.25,30842.25,30834,30834.75,900
2026-09-22T10:06:00+00:00,30834.75,30837,30830,30834.25,858
2026-09-22T10:07:00+00:00,30834,30839,30832,30838.25,466
2026-09-22T10:08:00+00:00,30837.5,30848,30837.5,30846.5,900
2026-09-22T10:09:00+00:00,30846,30847.25,30836,30838.25,649
2026-09-22T10:10:00+00:00,30838.5,30843.25,30830.5,30834.25,832
2026-09-22T10:11:00+00:00,30833.75,30835,30823.25,30824.5,757
2026-09-22T10:12:00+00:00,30825,30835.75,30825,30825,619
2026-09-22T10:13:00+00:00,30825.75,30827.25,30809.5,30816,1088
2026-09-22T10:14:00+00:00,30816.25,30824,30816.25,30818.25,714
2026-09-22T10:15:00+00:00,30817.75,30825.75,30817.25,30822.25,611
2026-09-22T10:16:00+00:00,30822.25,30824.25,30818.75,30822.5,415
2026-09-22T10:17:00+00:00,30822.5,30824.25,30817.5,30822.25,297
2026-09-22T10:18:00+00:00,30822.5,30823.75,30813,30814.75,417
2026-09-22T10:19:00+00:00,30814.25,30817.25,30809.5,30812.5,615
2026-09-22T10:20:00+00:00,30813,30815.25,30803.5,30807.25,734
2026-09-22T10:21:00+00:00,30807.75,30811.75,30804.75,30809.75,415
2026-09-22T10:22:00+00:00,30809.5,30811.5,30803,30805.5,568
2026-09-22T10:23:00+00:00,30804.75,30807,30799,30800,611
2026-09-22T10:24:00+00:00,30800.5,30803.75,30799.75,30801.25,481
2026-09-22T10:25:00+00:00,30802,30804.5,30794.5,30803.5,900
2026-09-22T10:26:00+00:00,30803.75,30807.75,30801,30804,601
2026-09-22T10:27:00+00:00,30804.25,30806.25,30799.5,30803.75,385
2026-09-22T10:28:00+00:00,30803.25,30808.25,30802.5,30808.25,365
2026-09-22T10:29:00+00:00,30808,30815.75,30804,30809.75,659
2026-09-22T10:30:00+00:00,30809.25,30814.25,30806,30814.25,615
2026-09-22T10:31:00+00:00,30813,30815.75,30805,30810.25,993
2026-09-22T10:32:00+00:00,30809,30811.25,30805.75,30807,402
2026-09-22T10:33:00+00:00,30807.75,30809.25,30797.75,30802.25,580
2026-09-22T10:34:00+00:00,30801.75,30806.25,30801.75,30805.25,249
2026-09-22T10:35:00+00:00,30804.75,30805,30798.25,30798.25,328
2026-09-22T10:36:00+00:00,30798.75,30805.25,30797.75,30803.75,394
2026-09-22T10:37:00+00:00,30804.25,30810.25,30802,30808.25,641
2026-09-22T10:38:00+00:00,30808.75,30809.75,30805.75,30806.75,285
2026-09-22T10:39:00+00:00,30807.25,30810,30806,30809.25,278
2026-09-22T10:40:00+00:00,30809.75,30811.75,30806.75,30810.75,275
2026-09-22T10:41:00+00:00,30811,30818.25,30810.5,30816.5,510
2026-09-22T10:42:00+00:00,30816.25,30817.75,30813.75,30817.75,415
2026-09-22T10:43:00+00:00,30817.5,30830.75,30816.25,30825.75,1158
2026-09-22T10:44:00+00:00,30825.75,30826.5,30818.75,30821.75,807
2026-09-22T10:45:00+00:00,30821.75,30822,30812.5,30817.5,808
2026-09-22T10:46:00+00:00,30817.75,30819.75,30808.25,30810.75,787
2026-09-22T10:47:00+00:00,30810.75,30820.75,30809.75,30820.75,550
2026-09-22T10:48:00+00:00,30820.25,30829.25,30819.25,30828.5,989
2026-09-22T10:49:00+00:00,30828.5,30832.25,30826.75,30828.25,528
2026-09-22T10:50:00+00:00,30828.25,30834.75,30828,30833.25,500
2026-09-22T10:51:00+00:00,30834.25,30834.5,30828,30831.5,509
2026-09-22T10:52:00+00:00,30830.75,30830.75,30827,30828,334
2026-09-22T10:53:00+00:00,30827.75,30833.5,30826.25,30829.75,350
2026-09-22T10:54:00+00:00,30829.25,30829.75,30823.75,30826.5,422
2026-09-22T10:55:00+00:00,30826.75,30829.5,30818,30819.75,655
2026-09-22T10:56:00+00:00,30820.5,30825.25,30818,30825.25,422
2026-09-22T10:57:00+00:00,30824.25,30826.75,30821.75,30823,316
2026-09-22T10:58:00+00:00,30823.75,30828.25,30823.5,30826.5,235
2026-09-22T10:59:00+00:00,30827,30830,30813.5,30814.5,879
2026-09-22T11:00:00+00:00,30814.5,30829.5,30810.25,30810.75,1321
2026-09-22T11:01:00+00:00,30811.25,30811.5,30802,30802,1147
2026-09-22T11:02:00+00:00,30802.25,30806.25,30800.25,30801,854
2026-09-22T11:03:00+00:00,30801.5,30808,30796.25,30807.5,1054
2026-09-22T11:04:00+00:00,30807,30811.25,30802.25,30809.75,901
2026-09-22T11:05:00+00:00,30810,30813.5,30796.75,30796.75,812
2026-09-22T11:06:00+00:00,30797.25,30804.75,30789,30800.25,1693
2026-09-22T11:07:00+00:00,30800.25,30810.25,30800.25,30807.75,716
2026-09-22T11:08:00+00:00,30808.75,30809.25,30800.75,30801.75,294
2026-09-22T11:09:00+00:00,30801.75,30809.75,30754.75,30773.5,6861
2026-09-22T11:10:00+00:00,30774.25,30791.25,30765,30790,3408
2026-09-22T11:11:00+00:00,30790,30794,30776.25,30794,1588
2026-09-22T11:12:00+00:00,30794,30805,30775.25,30783.5,2922
2026-09-22T11:13:00+00:00,30783.5,30786.75,30775.25,30781.5,1417
2026-09-22T11:14:00+00:00,30781.75,30797,30779.25,30795.25,1187
2026-09-22T11:15:00+00:00,30795,30800.25,30790.25,30796.5,1094
2026-09-22T11:16:00+00:00,30796.75,30798.5,30793,30797.5,666
2026-09-22T11:17:00+00:00,30797.5,30799.75,30793.25,30798.25,692
2026-09-22T11:18:00+00:00,30798,30798.25,30790.25,30792,443
2026-09-22T11:19:00+00:00,30792,30794.75,30788.25,30791.25,625
2026-09-22T11:20:00+00:00,30791,30793.5,30783.75,30786.5,650
2026-09-22T11:21:00+00:00,30787,30792,30786.5,30786.75,379
2026-09-22T11:22:00+00:00,30786.75,30796,30785.75,30790,580
2026-09-22T11:23:00+00:00,30790.25,30797.5,30788,30793.25,413
2026-09-22T11:24:00+00:00,30792.5,30802.5,30792.5,30799.25,987
2026-09-22T11:25:00+00:00,30799,30799.5,30791.25,30795.25,373
2026-09-22T11:26:00+00:00,30795.5,30801.75,30790.75,30794.5,770
2026-09-22T11:27:00+00:00,30794.75,30794.75,30783.5,30785.25,511
2026-09-22T11:28:00+00:00,30785,30787,30780.75,30783,375
2026-09-22T11:29:00+00:00,30783.25,30784.75,30777.5,30779,618
2026-09-22T11:30:00+00:00,30779.5,30783.5,30776.25,30783,913
2026-09-22T11:31:00+00:00,30782.25,30790.25,30780.25,30784.75,671
2026-09-22T11:32:00+00:00,30784.25,30795.5,30783.25,30792,667
2026-09-22T11:33:00+00:00,30792,30792.5,30787,30787.25,301
2026-09-22T11:34:00+00:00,30788.25,30788.75,30780.75,30788,588
2026-09-22T11:35:00+00:00,30787.75,30797,30787.5,30794.75,489
2026-09-22T11:36:00+00:00,30794.75,30798.25,30790.25,30791.5,516
2026-09-22T11:37:00+00:00,30791.25,30793.5,30789.5,30791.5,266
2026-09-22T11:38:00+00:00,30791.5,30797,30791.25,30795.75,388
2026-09-22T11:39:00+00:00,30795.5,30801.25,30793.25,30796.25,861
2026-09-22T11:40:00+00:00,30796.25,30799,30792,30798.25,573
2026-09-22T11:41:00+00:00,30798.5,30805,30794,30802.25,950
2026-09-22T11:42:00+00:00,30802.75,30803.5,30789.75,30790.75,725
2026-09-22T11:43:00+00:00,30791,30798.5,30790,30795,353
2026-09-22T11:44:00+00:00,30795.5,30796.25,30785.5,30794.25,776
2026-09-22T11:45:00+00:00,30794.75,30813.75,30790.75,30804.5,1653
2026-09-22T11:46:00+00:00,30804.5,30804.5,30784.5,30788.75,928
2026-09-22T11:47:00+00:00,30788.5,30793,30785.25,30792.5,591
2026-09-22T11:48:00+00:00,30792.75,30793,30788.5,30791,250
2026-09-22T11:49:00+00:00,30791.5,30793.75,30787.25,30792,327
2026-09-22T11:50:00+00:00,30792,30794,30782.5,30783,549
2026-09-22T11:51:00+00:00,30784,30786,30782.75,30784.75,410
2026-09-22T11:52:00+00:00,30784.5,30786.75,30778.5,30781.5,674
2026-09-22T11:53:00+00:00,30781.25,30783.75,30779,30781,316
2026-09-22T11:54:00+00:00,30781.25,30782,30775.25,30776.5,637
2026-09-22T11:55:00+00:00,30776,30792,30775.75,30786,1045
2026-09-22T11:56:00+00:00,30785.5,30786,30775.25,30778.75,585
2026-09-22T11:57:00+00:00,30778.5,30788.25,30778.5,30779.75,604
2026-09-22T11:58:00+00:00,30779.25,30780.25,30772,30774,730
2026-09-22T11:59:00+00:00,30774.5,30778.25,30772.25,30776.25,709
2026-09-22T12:00:00+00:00,30776.5,30781,30770.75,30774.5,931
2026-09-22T12:01:00+00:00,30774.75,30778.25,30771.75,30778.25,840
2026-09-22T12:02:00+00:00,30778,30783.5,30775,30780.75,1023
2026-09-22T12:03:00+00:00,30781,30791.75,30778.75,30789.75,893
2026-09-22T12:04:00+00:00,30789.25,30790.75,30784.5,30786.25,547
2026-09-22T12:05:00+00:00,30785.75,30789,30783,30783.5,326
2026-09-22T12:06:00+00:00,30783.25,30784.25,30768.25,30771.75,1132
2026-09-22T12:07:00+00:00,30771.75,30774.5,30767.75,30770,1059
2026-09-22T12:08:00+00:00,30770.25,30772.5,30762.25,30769,1400
2026-09-22T12:09:00+00:00,30769,30769.5,30747.75,30759.75,2970
2026-09-22T12:10:00+00:00,30759.75,30765.5,30757.25,30761.25,1160
2026-09-22T12:11:00+00:00,30762,30767,30758.25,30766,822
2026-09-22T12:12:00+00:00,30766,30769.5,30762.75,30766.5,457
2026-09-22T12:13:00+00:00,30766.5,30768.25,30763.5,30766.25,340
2026-09-22T12:14:00+00:00,30766.25,30768.5,30759.5,30761,384
2026-09-22T12:15:00+00:00,30762,30763.75,30753.25,30762.75,1032
2026-09-22T12:16:00+00:00,30762.5,30770.75,30754,30754.75,1527
2026-09-22T12:17:00+00:00,30754.25,30760.25,30749.25,30757.25,1217
2026-09-22T12:18:00+00:00,30756.75,30759.25,30754.75,30755.75,615
2026-09-22T12:19:00+00:00,30756,30763.5,30754.75,30758.5,707
2026-09-22T12:20:00+00:00,30758.25,30765.75,30757.25,30764,520
2026-09-22T12:21:00+00:00,30764.5,30783.25,30763.5,30773,2038
2026-09-22T12:22:00+00:00,30773.5,30774.5,30768.5,30770.75,597
2026-09-22T12:23:00+00:00,30771,30773.25,30770,30771.75,381
2026-09-22T12:24:00+00:00,30772.25,30776.75,30770.25,30771,646
2026-09-22T12:25:00+00:00,30771,30780.75,30770.5,30775.5,888
2026-09-22T12:26:00+00:00,30775,30776.25,30771.5,30776,693
2026-09-22T12:27:00+00:00,30776,30776.5,30771.5,30771.75,252
2026-09-22T12:28:00+00:00,30771.75,30777.75,30771.25,30776.5,297
2026-09-22T12:29:00+00:00,30777,30784.5,30775.75,30784.5,716
2026-09-22T12:30:00+00:00,30783.75,30785,30775.5,30777.5,834
2026-09-22T12:31:00+00:00,30777.75,30784,30772,30782.75,980
2026-09-22T12:32:00+00:00,30783,30787.25,30776.75,30780.5,1106
2026-09-22T12:33:00+00:00,30780.75,30788.25,30777.75,30788,710
2026-09-22T12:34:00+00:00,30788,30788,30782.25,30784.75,651
2026-09-22T12:35:00+00:00,30784.75,30787.25,30776,30777,975
2026-09-22T12:36:00+00:00,30777.25,30786.25,30771,30771.5,1394
2026-09-22T12:37:00+00:00,30771.75,30773.25,30764,30768,1505
2026-09-22T12:38:00+00:00,30767.75,30769.25,30765,30766.5,545
2026-09-22T12:39:00+00:00,30766.5,30772.5,30764.25,30767.75,745
2026-09-22T12:40:00+00:00,30767.5,30781,30767.25,30780,1123
2026-09-22T12:41:00+00:00,30779.5,30779.75,30773.75,30776.75,652
2026-09-22T12:42:00+00:00,30777.25,30779.5,30773.75,30778.25,563
2026-09-22T12:43:00+00:00,30779,30781,30771.75,30771.75,553
2026-09-22T12:44:00+00:00,30772,30772.75,30763.25,30764.5,882
2026-09-22T12:45:00+00:00,30765,30769,30763.25,30766,935
2026-09-22T12:46:00+00:00,30765.5,30769,30762,30762.75,635
2026-09-22T12:47:00+00:00,30762.5,30766.25,30761.25,30762.75,838
2026-09-22T12:48:00+00:00,30762.5,30769.75,30761.75,30766.5,440
2026-09-22T12:49:00+00:00,30767,30767.75,30761.25,30763,580
2026-09-22T12:50:00+00:00,30763.5,30765.25,30759,30759.75,707
2026-09-22T12:51:00+00:00,30759.75,30761.25,30757,30758.75,660
2026-09-22T12:52:00+00:00,30758.75,30760,30752.75,30758.5,997
2026-09-22T12:53:00+00:00,30758.5,30762.5,30756.25,30757.5,663
2026-09-22T12:54:00+00:00,30758,30758.75,30755.75,30758,444
2026-09-22T12:55:00+00:00,30757.5,30758.5,30753,30755,694
2026-09-22T12:56:00+00:00,30754.75,30755.25,30750.75,30752.75,862
2026-09-22T12:57:00+00:00,30752.5,30762,30752,30755.75,1008
2026-09-22T12:58:00+00:00,30755.75,30758.5,30752.5,30752.75,748
2026-09-22T12:59:00+00:00,30752.5,30753.5,30748,30752.5,1195
2026-09-22T13:00:00+00:00,30752.75,30760,30748.75,30758.75,1694
2026-09-22T13:01:00+00:00,30758.75,30767.75,30753.25,30767.25,1795
2026-09-22T13:02:00+00:00,30767.75,30770.75,30765.5,30769.75,1319
2026-09-22T13:03:00+00:00,30769.25,30771.25,30766.75,30769.75,1107
2026-09-22T13:04:00+00:00,30770,30771.75,30767,30767.5,624
2026-09-22T13:05:00+00:00,30767.75,30769.25,30761.25,30765.25,1073
2026-09-22T13:06:00+00:00,30765.5,30777,30757.75,30770,3582
2026-09-22T13:07:00+00:00,30769.75,30771,30763.75,30765.75,1060
2026-09-22T13:08:00+00:00,30766,30781,30766,30773,1760
2026-09-22T13:09:00+00:00,30772.75,30773.5,30766.25,30767,1195
2026-09-22T13:10:00+00:00,30766.75,30771,30760.5,30769.75,1309
2026-09-22T13:11:00+00:00,30769,30771.75,30765.25,30765.75,727
2026-09-22T13:12:00+00:00,30765.5,30768.5,30762.25,30765,660
2026-09-22T13:13:00+00:00,30765,30768.25,30760.25,30766.25,834
2026-09-22T13:14:00+00:00,30766.5,30773,30766.5,30769.75,934
2026-09-22T13:15:00+00:00,30769.5,30771.5,30761.5,30766,1125
2026-09-22T13:16:00+00:00,30766,30774.75,30764.75,30767.5,1134
2026-09-22T13:17:00+00:00,30767.5,30768,30757.75,30759.25,1038
2026-09-22T13:18:00+00:00,30759.5,30763.75,30756.75,30757.75,949
2026-09-22T13:19:00+00:00,30758,30759.75,30755.25,30759.25,939
2026-09-22T13:20:00+00:00,30759.25,30759.75,30750.75,30753.5,1167
2026-09-22T13:21:00+00:00,30753.25,30765.75,30752.75,30763.5,1324
2026-09-22T13:22:00+00:00,30763.25,30766.25,30759.25,30764.75,1369
2026-09-22T13:23:00+00:00,30764,30766.75,30759.5,30763.25,796
2026-09-22T13:24:00+00:00,30763.5,30771.25,30763.5,30768.25,1131
2026-09-22T13:25:00+00:00,30768.75,30777.75,30762,30777.5,2844
2026-09-22T13:26:00+00:00,30777.25,30777.75,30769.25,30773,1594
2026-09-22T13:27:00+00:00,30773.25,30776.75,30770,30776,2069
2026-09-22T13:28:00+00:00,30775.75,30775.75,30757,30765,3156
2026-09-22T13:29:00+00:00,30764.75,30769,30759.75,30764,2073
2026-09-22T13:30:00+00:00,30764.5,30815.75,30763.25,30812.75,17239
2026-09-22T13:31:00+00:00,30813.25,30846.75,30809.5,30842.25,13493
2026-09-22T13:32:00+00:00,30842.25,30864.5,30836.75,30859,12284
2026-09-22T13:33:00+00:00,30859.25,30868.25,30847.25,30853.5,10645
2026-09-22T13:34:00+00:00,30853.5,30866.25,30842.25,30865.5,8565
2026-09-22T13:35:00+00:00,30865.25,30886.5,30863.5,30882.25,14130
2026-09-22T13:36:00+00:00,30882,30894.5,30872.75,30891.25,8884
2026-09-22T13:37:00+00:00,30891.25,30894.25,30881,30884.5,6309
2026-09-22T13:38:00+00:00,30884.75,30895.5,30879,30884.5,6487
2026-09-22T13:39:00+00:00,30884.75,30897.5,30878.25,30893,6738
2026-09-22T13:40:00+00:00,30892.75,30900.5,30886.5,30894,7064
2026-09-22T13:41:00+00:00,30894.25,30913,30891.75,30896.25,10896
2026-09-22T13:42:00+00:00,30896.5,30922.5,30892.75,30918,10198
2026-09-22T13:43:00+00:00,30918,30927.5,30914.75,30925.5,6664
2026-09-22T13:44:00+00:00,30925.25,30925.75,30902.25,30902.25,7534
2026-09-22T13:45:00+00:00,30902.5,30913.5,30881,30907.5,13488
2026-09-22T13:46:00+00:00,30907,30919.25,30891.75,30894,9281
2026-09-22T13:47:00+00:00,30894,30904.25,30889.25,30899.75,5628
2026-09-22T13:48:00+00:00,30900,30924.75,30892,30922.25,9124
2026-09-22T13:49:00+00:00,30922.25,30923.25,30898.75,30907,6326
2026-09-22T13:50:00+00:00,30907.25,30941,30905,30939,10715
2026-09-22T13:51:00+00:00,30939.5,30942,30923,30934.5,6710
2026-09-22T13:52:00+00:00,30933.75,30939,30921.5,30932.75,5231
2026-09-22T13:53:00+00:00,30932.5,30944.25,30929,30937.75,4634
2026-09-22T13:54:00+00:00,30938,30947.25,30931,30941.5,4603
2026-09-22T13:55:00+00:00,30941.5,30943.5,30892,30922.75,10172
2026-09-22T13:56:00+00:00,30922.25,30924.75,30898.75,30906.25,7919
2026-09-22T13:57:00+00:00,30906.5,30929,30903.75,30923,6691
2026-09-22T13:58:00+00:00,30922.75,30934.75,30921.75,30930,5282
2026-09-22T13:59:00+00:00,30930,30930.75,30915.75,30930,4812
2026-09-22T14:00:00+00:00,30929.75,30937.75,30920,30920.75,9400
2026-09-22T14:01:00+00:00,30920.75,30931.25,30910.5,30926.25,5403
2026-09-22T14:02:00+00:00,30926.5,30931.25,30911.25,30923.25,3553
2026-09-22T14:03:00+00:00,30923,30925.5,30914.25,30917.75,2546
2026-09-22T14:04:00+00:00,30917.5,30933.25,30910,30928,4595
2026-09-22T14:05:00+00:00,30928.25,30933.75,30923,30925.5,3047
2026-09-22T14:06:00+00:00,30925.75,30928,30907.25,30915.25,5116
2026-09-22T14:07:00+00:00,30915.5,30930,30914.75,30924.25,3785
2026-09-22T14:08:00+00:00,30924.5,30927,30914.25,30919.5,2646
2026-09-22T14:09:00+00:00,30919.5,30919.75,30912.5,30915,2627
2026-09-22T14:10:00+00:00,30914.75,30939.25,30912.5,30937,6088
2026-09-22T14:11:00+00:00,30936.5,30961.75,30934,30955,11806
2026-09-22T14:12:00+00:00,30955,30967.25,30954.5,30966.75,7688
2026-09-22T14:13:00+00:00,30966.5,30987.5,30957,30959.25,12412
2026-09-22T14:14:00+00:00,30959.5,30966.25,30932,30960.25,8197
2026-09-22T14:15:00+00:00,30960.75,30974.25,30951.5,30974.25,6690
2026-09-22T14:16:00+00:00,30974.5,30978.75,30960.5,30964.75,5101
2026-09-22T14:17:00+00:00,30965,30965.25,30954.5,30962.25,3574
2026-09-22T14:18:00+00:00,30962.25,30962.25,30938.25,30946.25,7107
2026-09-22T14:19:00+00:00,30946.5,30954.25,30942,30950,3752
2026-09-22T14:20:00+00:00,30950,30960.75,30943.75,30954.75,4017
2026-09-22T14:21:00+00:00,30954.75,30955.5,30934.25,30948.75,5915
2026-09-22T14:22:00+00:00,30948.75,30959,30945.75,30957.25,4224
2026-09-22T14:23:00+00:00,30958,30959,30947.25,30949.75,2720
2026-09-22T14:24:00+00:00,30950,30952.5,30937.5,30950.75,4219
2026-09-22T14:25:00+00:00,30950.75,30952.25,30939.5,30947.25,2486
2026-09-22T14:26:00+00:00,30947.25,30962.5,30945,30957.75,4158
2026-09-22T14:27:00+00:00,30958,30964.5,30955.5,30957.75,3068
2026-09-22T14:28:00+00:00,30957.75,30963.75,30955.25,30962,2366
2026-09-22T14:29:00+00:00,30961.75,30966.5,30956.75,30961,2699
2026-09-22T14:30:00+00:00,30961,30966,30953.5,30956,3013
2026-09-22T14:31:00+00:00,30956.25,30977.75,30955.25,30974,6148
2026-09-22T14:32:00+00:00,30974.25,30987.25,30974,30983,6045
2026-09-22T14:33:00+00:00,30982.75,30997.75,30980.25,30991.25,6601
2026-09-22T14:34:00+00:00,30991.25,30996,30985,30987.75,3976
2026-09-22T14:35:00+00:00,30987.75,30988.5,30947.25,30953.75,12763
2026-09-22T14:36:00+00:00,30953.75,30959.75,30949.25,30958.5,4846
2026-09-22T14:37:00+00:00,30958.25,30972.5,30951.5,30969.25,5720
2026-09-22T14:38:00+00:00,30969,30970.5,30941,30947.25,9664
2026-09-22T14:39:00+00:00,30947,30989.25,30935.75,30943.5,15810
2026-09-22T14:40:00+00:00,30944,30949.25,30926.25,30942.5,8971
2026-09-22T14:41:00+00:00,30942.25,30942.75,30903,30908.75,12446
2026-09-22T14:42:00+00:00,30909,30914.5,30896.25,30902.5,9413
2026-09-22T14:43:00+00:00,30902.75,30918,30897.5,30916.5,5823
2026-09-22T14:44:00+00:00,30916.5,30927.25,30911.5,30914,7110
2026-09-22T14:45:00+00:00,30914.25,30920.5,30906.5,30906.5,6214
2026-09-22T14:46:00+00:00,30906.75,30912.75,30893.75,30896,7663
2026-09-22T14:47:00+00:00,30896.5,30920,30890.25,30915.25,8775
2026-09-22T14:48:00+00:00,30914.5,30933.25,30906.75,30932.75,7425
2026-09-22T14:49:00+00:00,30932.75,30944.75,30928.5,30942,6950
2026-09-22T14:50:00+00:00,30942,30955.75,30939.75,30945.25,7565
2026-09-22T14:51:00+00:00,30944.75,30946,30924,30929.5,6868
2026-09-22T14:52:00+00:00,30929.5,30936.5,30923,30934.25,4179
2026-09-22T14:53:00+00:00,30934.5,30943.25,30930.75,30933.25,3624
2026-09-22T14:54:00+00:00,30933,30946,30928,30943.75,3823
2026-09-22T14:55:00+00:00,30944.25,30950,30931.5,30941.75,4077
2026-09-22T14:56:00+00:00,30940.75,30944,30933.25,30937,2546
2026-09-22T14:57:00+00:00,30937.25,30942.5,30927.25,30929.5,2784
2026-09-22T14:58:00+00:00,30930,30933,30916,30921,4661
2026-09-22T14:59:00+00:00,30921,30927.75,30919.5,30925,2358
2026-09-22T15:00:00+00:00,30925.5,30930,30917,30922,3546
2026-09-22T15:01:00+00:00,30921.75,30929.5,30913.25,30928.25,4022
2026-09-22T15:02:00+00:00,30928.5,30930,30917.5,30926.25,3347
2026-09-22T15:03:00+00:00,30926.25,30927.5,30915.5,30919.75,2651
2026-09-22T15:04:00+00:00,30920,30924.5,30902.5,30915.5,6732
2026-09-22T15:05:00+00:00,30915.25,30922.5,30911,30922,2692
2026-09-22T15:06:00+00:00,30922.25,30930,30915,30916,6026
2026-09-22T15:07:00+00:00,30915.75,30940.5,30911.5,30921.75,6543
2026-09-22T15:08:00+00:00,30921.75,30925,30918,30922,2127
2026-09-22T15:09:00+00:00,30922.5,30928,30911.75,30914.5,2693
2026-09-22T15:10:00+00:00,30914.75,30926.25,30914.25,30921.75,2538
2026-09-22T15:11:00+00:00,30921.75,30928.5,30918,30920.25,1909
2026-09-22T15:12:00+00:00,30920.25,30923,30912.5,30918.5,2491
2026-09-22T15:13:00+00:00,30918.5,30918.5,30906.75,30913.5,3078
2026-09-22T15:14:00+00:00,30914,30945,30913.75,30938,7806
2026-09-22T15:15:00+00:00,30938.25,30940,30928,30928.5,3846
2026-09-22T15:16:00+00:00,30928.25,30942.25,30924,30941.75,3327
2026-09-22T15:17:00+00:00,30941.75,30942.75,30933.25,30935.5,2620
2026-09-22T15:18:00+00:00,30935.25,30937,30925.75,30926,2391
2026-09-22T15:19:00+00:00,30926.25,30948.25,30926.25,30946.5,3086
2026-09-22T15:20:00+00:00,30946.75,30947.25,30931.5,30932,2933
2026-09-22T15:21:00+00:00,30932.25,30945.75,30932,30941.75,2194
2026-09-22T15:22:00+00:00,30942,30944,30935.25,30937.25,1777
2026-09-22T15:23:00+00:00,30937.25,30937.5,30929.5,30935,2299
2026-09-22T15:24:00+00:00,30935.25,30938,30930.5,30933,1286
2026-09-22T15:25:00+00:00,30932.75,30945,30931,30939.5,2339
2026-09-22T15:26:00+00:00,30939.5,30941,30935.25,30937.25,1227
2026-09-22T15:27:00+00:00,30937.5,30939.75,30932.5,30937.25,1407
2026-09-22T15:28:00+00:00,30937,30938,30920.5,30922.25,3243
2026-09-22T15:29:00+00:00,30922.75,30932.5,30921.75,30928.25,2234
2026-09-22T15:30:00+00:00,30928.25,30928.5,30916,30919,3745
2026-09-22T15:31:00+00:00,30918.75,30929.25,30918.25,30923.75,2315
2026-09-22T15:32:00+00:00,30923.75,30929,30920.5,30923,1436
2026-09-22T15:33:00+00:00,30923.25,30930.75,30918.25,30922.75,2256
2026-09-22T15:34:00+00:00,30922.5,30934.25,30921.75,30923.75,2856
2026-09-22T15:35:00+00:00,30923.75,30925.75,30918.25,30918.5,2215
2026-09-22T15:36:00+00:00,30918.75,30922.75,30911.5,30916.5,4043
2026-09-22T15:37:00+00:00,30915.25,30915.75,30904.25,30910,3742
2026-09-22T15:38:00+00:00,30910.25,30910.75,30895.75,30898,4688
2026-09-22T15:39:00+00:00,30897.5,30902,30893.75,30897.5,3474
2026-09-22T15:40:00+00:00,30897.5,30902,30890.75,30901.75,3676
2026-09-22T15:41:00+00:00,30901.75,30904.5,30883.5,30894.25,4672
2026-09-22T15:42:00+00:00,30894.5,30903,30892,30901.25,3211
2026-09-22T15:43:00+00:00,30900.75,30906.5,30896,30896.25,2464
2026-09-22T15:44:00+00:00,30896.75,30904,30896.25,30899.5,1797
2026-09-22T15:45:00+00:00,30899.5,30905.25,30898.5,30901.5,1732
2026-09-22T15:46:00+00:00,30901.5,30907,30898,30903,2067
2026-09-22T15:47:00+00:00,30903,30913.5,30903,30913.25,3354
2026-09-22T15:48:00+00:00,30913.5,30914.25,30908,30913.75,2045
2026-09-22T15:49:00+00:00,30913.75,30918.75,30907.75,30908.25,3421
2026-09-22T15:50:00+00:00,30909,30914.75,30900.25,30908.5,3727
2026-09-22T15:51:00+00:00,30908.75,30911.5,30902.75,30907,1426
2026-09-22T15:52:00+00:00,30907.25,30911.5,30902.25,30903.5,1438
2026-09-22T15:53:00+00:00,30903.75,30909.25,30900.5,30903.5,1968
2026-09-22T15:54:00+00:00,30903.25,30906.75,30894.25,30895.5,2478
2026-09-22T15:55:00+00:00,30895.75,30897.75,30887.75,30896,3770
2026-09-22T15:56:00+00:00,30896.25,30896.5,30889.75,30890,1397
2026-09-22T15:57:00+00:00,30890.5,30896.75,30887,30896.5,1964
2026-09-22T15:58:00+00:00,30896.25,30904.25,30895.75,30903.25,2917
2026-09-22T15:59:00+00:00,30903.75,30912,30903.25,30911,2234
2026-09-22T16:00:00+00:00,30911,30920,30909.25,30910.5,4063
2026-09-22T16:01:00+00:00,30910.25,30911.75,30894.75,30899.5,3929
2026-09-22T16:02:00+00:00,30899.5,30900.75,30896.25,30899.25,1617
2026-09-22T16:03:00+00:00,30899,30906.25,30896.75,30905.75,1826
2026-09-22T16:04:00+00:00,30905.25,30911,30903.75,30908.75,1829
2026-09-22T16:05:00+00:00,30908.5,30913.75,30906.25,30912,1592
2026-09-22T16:06:00+00:00,30912.25,30917.5,30907.5,30914.75,2314
2026-09-22T16:07:00+00:00,30915,30927.25,30914.5,30925.75,4155
2026-09-22T16:08:00+00:00,30925.75,30931,30924.75,30930,2979
2026-09-22T16:09:00+00:00,30929.75,30935.25,30923,30926.75,4075
2026-09-22T16:10:00+00:00,30927.25,30934.5,30926.5,30930.25,2358
2026-09-22T16:11:00+00:00,30930,30930.25,30923.25,30928.25,1606
2026-09-22T16:12:00+00:00,30928.75,30931.5,30923.25,30923.25,1090
2026-09-22T16:13:00+00:00,30923.5,30926,30919.5,30924,2319
2026-09-22T16:14:00+00:00,30923,30925.75,30920.25,30925.25,1061
2026-09-22T16:15:00+00:00,30924.75,30924.75,30914,30916.25,2198
2026-09-22T16:16:00+00:00,30916.5,30921.75,30915.25,30920,1592
2026-09-22T16:17:00+00:00,30919.75,30926.75,30918.25,30925,1488
2026-09-22T16:18:00+00:00,30924.5,30926.25,30911.5,30915.25,2267
2026-09-22T16:19:00+00:00,30915.25,30916,30908.75,30910.5,2284
2026-09-22T16:20:00+00:00,30910.25,30917.25,30903.25,30916.25,4216
2026-09-22T16:21:00+00:00,30916.5,30922,30913.75,30918.5,1833
2026-09-22T16:22:00+00:00,30918.75,30923.25,30917.5,30918,1639
2026-09-22T16:23:00+00:00,30918.5,30926.5,30906.25,30907,3783
2026-09-22T16:24:00+00:00,30907,30908,30897.5,30900,3437
2026-09-22T16:25:00+00:00,30899.75,30907.75,30894.75,30904.5,2609
2026-09-22T16:26:00+00:00,30905.25,30907.5,30893.5,30894.5,1917
2026-09-22T16:27:00+00:00,30895,30901.25,30892.75,30898.5,1868
2026-09-22T16:28:00+00:00,30899.25,30901,30893.75,30895.25,1140
2026-09-22T16:29:00+00:00,30895,30896.5,30889.25,30892.25,2120
2026-09-22T16:30:00+00:00,30891.75,30900.75,30891.25,30899.5,2112
2026-09-22T16:31:00+00:00,30899.5,30906.75,30898,30903,2342
2026-09-22T16:32:00+00:00,30903.5,30910,30897,30906,2623
2026-09-22T16:33:00+00:00,30906.25,30914.5,30904.5,30910.5,2364
2026-09-22T16:34:00+00:00,30910.5,30920,30907.75,30919.25,2717
2026-09-22T16:35:00+00:00,30919.5,30920,30904.25,30908,2393
2026-09-22T16:36:00+00:00,30908,30913.5,30903.25,30910.75,1645
2026-09-22T16:37:00+00:00,30911,30912.25,30905,30906,1255
2026-09-22T16:38:00+00:00,30905.5,30906.75,30900,30905.25,1745
2026-09-22T16:39:00+00:00,30905.75,30908.75,30902.75,30904.5,1172
2026-09-22T16:40:00+00:00,30904,30905.5,30899,30903.25,1382
2026-09-22T16:41:00+00:00,30903.25,30905,30897,30900.75,1385
2026-09-22T16:42:00+00:00,30900.75,30901.75,30895.5,30897.25,1010
2026-09-22T16:43:00+00:00,30897.5,30909.75,30897.5,30909.25,1773
2026-09-22T16:44:00+00:00,30908.75,30916.25,30907.5,30915.5,1559
2026-09-22T16:45:00+00:00,30915.25,30918,30911,30912.5,2029
2026-09-22T16:46:00+00:00,30912.25,30921.25,30911.25,30919.75,1792
2026-09-22T16:47:00+00:00,30920,30922.25,30914.25,30915.25,1706
2026-09-22T16:48:00+00:00,30915,30945.75,30914,30930,9258
2026-09-22T16:49:00+00:00,30930.25,30945,30928.5,30943,5323
2026-09-22T16:50:00+00:00,30942.75,30945.5,30938.25,30944.75,3851
2026-09-22T16:51:00+00:00,30945,30946,30940.25,30942.5,1743
2026-09-22T16:52:00+00:00,30943,30944,30938.5,30940.75,1385
2026-09-22T16:53:00+00:00,30940.5,30946,30939.25,30943.25,1648
2026-09-22T16:54:00+00:00,30943.5,30944.25,30933,30938.25,2096
2026-09-22T16:55:00+00:00,30938,30943.5,30935.75,30938,1478
2026-09-22T16:56:00+00:00,30938.25,30942.75,30936.25,30939.25,1364
2026-09-22T16:57:00+00:00,30939.25,30942,30934.75,30942,1048
2026-09-22T16:58:00+00:00,30942,30944,30937.25,30942.5,1023
2026-09-22T16:59:00+00:00,30943,30943.75,30940.75,30941,940
2026-09-22T17:00:00+00:00,30941,30942.25,30936.5,30939.75,1531
2026-09-22T17:01:00+00:00,30939.75,30944,30939.25,30941.75,876
2026-09-22T17:02:00+00:00,30942,30943.25,30936.75,30939,1396
2026-09-22T17:03:00+00:00,30938.75,30943.25,30938.75,30940.25,595
2026-09-22T17:04:00+00:00,30940.25,30942.75,30938.25,30938.75,861
2026-09-22T17:05:00+00:00,30938.5,30945.5,30938,30944.75,1428
2026-09-22T17:06:00+00:00,30944.75,30954,30944.75,30952.25,3959
2026-09-22T17:07:00+00:00,30952,30953.5,30945.75,30948.25,2010
2026-09-22T17:08:00+00:00,30948.5,30948.5,30941.5,30942.25,1949
2026-09-22T17:09:00+00:00,30942,30943,30935,30942,2249
2026-09-22T17:10:00+00:00,30942,30946.75,30940.5,30940.75,1691
2026-09-22T17:11:00+00:00,30940.75,30943.25,30938,30941,1105
2026-09-22T17:12:00+00:00,30941.25,30941.75,30937,30939.75,1384
2026-09-22T17:13:00+00:00,30939.5,30941.75,30939,30939.75,557
2026-09-22T17:14:00+00:00,30939.5,30944,30938,30941.5,866
2026-09-22T17:15:00+00:00,30941.75,30943,30935,30942.5,1757
2026-09-22T17:16:00+00:00,30942.5,30944.25,30937.75,30937.75,1160
2026-09-22T17:17:00+00:00,30937.75,30942,30935,30940,1439
2026-09-22T17:18:00+00:00,30940,30940.5,30935.5,30939,789
2026-09-22T17:19:00+00:00,30939,30941,30937,30939.5,801
2026-09-22T17:20:00+00:00,30939.5,30939.5,30931,30934.5,2215
2026-09-22T17:21:00+00:00,30934.25,30935.5,30931.25,30933,1260
2026-09-22T17:22:00+00:00,30933,30934.75,30928.5,30933.25,1813
2026-09-22T17:23:00+00:00,30933,30934,30930.25,30933,777
2026-09-22T17:24:00+00:00,30933.5,30937,30931.5,30935,1389
2026-09-22T17:25:00+00:00,30935.25,30939,30932.75,30937.5,1126
2026-09-22T17:26:00+00:00,30937.5,30942,30936,30941.5,1567
2026-09-22T17:27:00+00:00,30941.5,30949,30941.5,30948.5,1900
2026-09-22T17:28:00+00:00,30948.5,30953.5,30947.25,30951.75,2024
2026-09-22T17:29:00+00:00,30951.75,30957.75,30951.25,30953.25,2495
2026-09-22T17:30:00+00:00,30953.25,30953.75,30942.75,30946.25,2721
2026-09-22T17:31:00+00:00,30946.25,30947.25,30935.25,30937.25,2069
2026-09-22T17:32:00+00:00,30937.25,30940,30934.5,30934.75,1428
2026-09-22T17:33:00+00:00,30935.25,30937.25,30931.5,30933.25,1502
2026-09-22T17:34:00+00:00,30933.25,30936.25,30930.25,30935.5,1335
2026-09-22T17:35:00+00:00,30935.25,30939,30933.25,30938.5,1130
2026-09-22T17:36:00+00:00,30938.5,30939,30925.5,30931,2527
2026-09-22T17:37:00+00:00,30931,30933,30929.25,30931.5,1056
2026-09-22T17:38:00+00:00,30931.75,30938.5,30929.25,30934.5,1482
2026-09-22T17:39:00+00:00,30934.5,30934.5,30928.75,30929.75,1051
2026-09-22T17:40:00+00:00,30929.75,30930.25,30921.75,30929.5,2690
2026-09-22T17:41:00+00:00,30929.25,30932.5,30928,30929,1302
2026-09-22T17:42:00+00:00,30929.25,30939.75,30929.25,30937.75,1687
2026-09-22T17:43:00+00:00,30937.25,30942.75,30934.75,30941.75,1504
2026-09-22T17:44:00+00:00,30942,30945.5,30941.75,30944.25,1216
2026-09-22T17:45:00+00:00,30944.5,30951,30943.75,30949.75,1889
2026-09-22T17:46:00+00:00,30949.75,30950.5,30943.25,30945.75,1579
2026-09-22T17:47:00+00:00,30945.25,30945.5,30937.5,30941.75,1900
2026-09-22T17:48:00+00:00,30942,30944.75,30941.5,30942,1002
2026-09-22T17:49:00+00:00,30942,30943.25,30939.25,30942,808
2026-09-22T17:50:00+00:00,30942,30944,30936.5,30941.5,1609
2026-09-22T17:51:00+00:00,30941.75,30945.5,30940.5,30944.5,1309
2026-09-22T17:52:00+00:00,30944.5,30987.75,30943,30976.75,14791
2026-09-22T17:53:00+00:00,30976.75,30984.75,30971.25,30973,5425
2026-09-22T17:54:00+00:00,30973.25,30987,30971.25,30976.75,6951
2026-09-22T17:55:00+00:00,30976.75,30979,30971.5,30977.25,2925
2026-09-22T17:56:00+00:00,30976.5,30980.75,30971,30972.5,2229
2026-09-22T17:57:00+00:00,30972.75,30973.5,30965.75,30966.75,2913
2026-09-22T17:58:00+00:00,30967,30973.75,30965.75,30971.25,1948
2026-09-22T17:59:00+00:00,30971.25,30977.75,30970.75,30977.25,1287
2026-09-22T18:00:00+00:00,30977.5,30979.75,30955.75,30957.75,4747
2026-09-22T18:01:00+00:00,30957.75,30960.5,30951,30958.5,4375
2026-09-22T18:02:00+00:00,30958.5,30959.75,30951.25,30957.25,1904
2026-09-22T18:03:00+00:00,30957.5,30959.25,30955.5,30956.75,1205
2026-09-22T18:04:00+00:00,30956.75,30964.5,30954.75,30960.5,3539
2026-09-22T18:05:00+00:00,30960.5,30973.75,30958.75,30970,2480
2026-09-22T18:06:00+00:00,30970.25,30977,30969.75,30974.5,2046
2026-09-22T18:07:00+00:00,30974.75,30975,30969.25,30973.75,1506
2026-09-22T18:08:00+00:00,30973.5,30976.25,30972.25,30974.75,1058
2026-09-22T18:09:00+00:00,30975,30981.5,30974.25,30980.5,1757
2026-09-22T18:10:00+00:00,30980.25,30984.25,30975.5,30980.5,2386
2026-09-22T18:11:00+00:00,30980.5,30984,30979,30982.75,1201
2026-09-22T18:12:00+00:00,30982.75,30985.25,30981.25,30982.25,1682
2026-09-22T18:13:00+00:00,30982.25,30982.75,30974,30978.5,2418
2026-09-22T18:14:00+00:00,30979,30982.5,30978,30980.5,1792
2026-09-22T18:15:00+00:00,30980.75,30987,30980.75,30986.75,1716
2026-09-22T18:16:00+00:00,30986.75,30988.75,30981.5,30986.25,2123
2026-09-22T18:17:00+00:00,30986,30989,30985,30988.25,1219
2026-09-22T18:18:00+00:00,30988,30994.75,30987.75,30992.75,2682
2026-09-22T18:19:00+00:00,30992.75,30994,30989.75,30990.5,1408
2026-09-22T18:20:00+00:00,30990.5,30996,30988.25,30994.25,2311
2026-09-22T18:21:00+00:00,30994,30995.5,30990.75,30993.75,1418
2026-09-22T18:22:00+00:00,30994.5,30998.5,30993.75,30996.75,2333
2026-09-22T18:23:00+00:00,30996.75,31009.75,30994.75,31006,4856
2026-09-22T18:24:00+00:00,31006,31007.5,31002.5,31004,2240
2026-09-22T18:25:00+00:00,31004,31006.75,31000.75,31002.25,1624
2026-09-22T18:26:00+00:00,31002.25,31003.25,30997.25,30999,2044
2026-09-22T18:27:00+00:00,30999,31000.25,30994.25,30996.75,2199
2026-09-22T18:28:00+00:00,30996.75,31000.75,30993.25,30997.5,2127
2026-09-22T18:29:00+00:00,30997.25,30999.25,30992,30994,1494
2026-09-22T18:30:00+00:00,30994,30995.75,30987,30993.5,3686
2026-09-22T18:31:00+00:00,30993.5,30998.75,30992,30992.75,1766
2026-09-22T18:32:00+00:00,30993,30993.5,30985.25,30989.25,2256
2026-09-22T18:33:00+00:00,30989.75,30990.5,30982.75,30984,2040
2026-09-22T18:34:00+00:00,30984,30985.25,30980.75,30981.75,1920
2026-09-22T18:35:00+00:00,30981.75,30985,30975.25,30977.25,3307
2026-09-22T18:36:00+00:00,30977,30980.25,30967.75,30978.5,3881
2026-09-22T18:37:00+00:00,30978.5,30980.5,30976,30976.75,1153
2026-09-22T18:38:00+00:00,30976.75,30978.25,30970.5,30972.25,2030
2026-09-22T18:39:00+00:00,30972.25,30973.75,30966,30972.25,2698
2026-09-22T18:40:00+00:00,30972,30978.75,30970.25,30977,2365
2026-09-22T18:41:00+00:00,30976.75,30979.75,30966,30975.75,3485
2026-09-22T18:42:00+00:00,30975.5,30984.25,30974.75,30982,2220
2026-09-22T18:43:00+00:00,30982.25,30992.5,30981.75,30989.25,3103
2026-09-22T18:44:00+00:00,30988.75,30992.75,30987.25,30988,2270
2026-09-22T18:45:00+00:00,30988.25,30991.75,30986.5,30989,1446
2026-09-22T18:46:00+00:00,30989,30989,30980,30981.5,2059
2026-09-22T18:47:00+00:00,30981.5,30985.25,30981.5,30983,1158
2026-09-22T18:48:00+00:00,30983.25,30986.5,30980.25,30985.75,1078
2026-09-22T18:49:00+00:00,30985.5,30987.75,30983.75,30984.25,727
2026-09-22T18:50:00+00:00,30984,30985.5,30978,30979.75,1410
2026-09-22T18:51:00+00:00,30979.5,30987,30979,30987,1354
2026-09-22T18:52:00+00:00,30987,30987.25,30982.5,30986.25,799
2026-09-22T18:53:00+00:00,30985.75,30989.25,30984.25,30984.75,874
2026-09-22T18:54:00+00:00,30984.5,30988.75,30984,30985.5,820
2026-09-22T18:55:00+00:00,30985.5,30985.75,30980.75,30984.75,1134
2026-09-22T18:56:00+00:00,30984.75,30987.5,30978,30978.25,1384
2026-09-22T18:57:00+00:00,30978.5,30978.5,30973.25,30974.5,1830
2026-09-22T18:58:00+00:00,30974.5,30976.25,30971.5,30972.75,1731
2026-09-22T18:59:00+00:00,30972.75,30977.5,30972.25,30976,1162
2026-09-22T19:00:00+00:00,30976,30983,30975,30982,2113
2026-09-22T19:01:00+00:00,30981.75,30985.5,30976.25,30984,1926
2026-09-22T19:02:00+00:00,30984,30986.5,30981.25,30982.5,1537
2026-09-22T19:03:00+00:00,30982.5,30984.75,30981.75,30983,796
2026-09-22T19:04:00+00:00,30983.5,30989,30980.5,30988.25,1225
2026-09-22T19:05:00+00:00,30988.5,30988.75,30984.25,30986.25,1102
2026-09-22T19:06:00+00:00,30985.75,30993.5,30985.5,30991,2369
2026-09-22T19:07:00+00:00,30991.25,30994.25,30988.75,30993.5,1149
2026-09-22T19:08:00+00:00,30993.5,30998.25,30991.5,30996.25,1778
2026-09-22T19:09:00+00:00,30996,30998.25,30991.5,30995.5,1155
2026-09-22T19:10:00+00:00,30996,31002,30995.75,30999,2016
2026-09-22T19:11:00+00:00,30999.25,31003.75,30997,31002,1417
2026-09-22T19:12:00+00:00,31002,31003.5,30999.75,31001.25,1206
2026-09-22T19:13:00+00:00,31001.5,31005,30999.75,31004,1202
2026-09-22T19:14:00+00:00,31003.5,31004.25,30999.25,31003.25,1056
2026-09-22T19:15:00+00:00,31003,31008.25,31002.25,31005,2117
2026-09-22T19:16:00+00:00,31005,31013.5,31002.25,31012.25,2854
2026-09-22T19:17:00+00:00,31012.25,31013.25,31009.5,31012.75,1314
2026-09-22T19:18:00+00:00,31012.75,31016.25,31010.75,31013,2164
2026-09-22T19:19:00+00:00,31013.25,31014.75,31009.25,31011.5,1436
2026-09-22T19:20:00+00:00,31011.5,31011.5,31002.5,31006.75,2641
2026-09-22T19:21:00+00:00,31006.25,31007.75,31000,31002.25,1549
2026-09-22T19:22:00+00:00,31002.25,31004.25,30997.75,30998.5,1584
2026-09-22T19:23:00+00:00,30998.75,31003,30998,31001.25,1067
2026-09-22T19:24:00+00:00,31001,31011,30999,31004.5,3215
2026-09-22T19:25:00+00:00,31005,31022.25,31003.75,31020.25,6092
2026-09-22T19:26:00+00:00,31020,31027,31019.5,31025,3601
2026-09-22T19:27:00+00:00,31025.25,31025.5,31016.25,31016.25,2890
2026-09-22T19:28:00+00:00,31016.5,31023.75,31016.25,31020.25,1322
2026-09-22T19:29:00+00:00,31020.25,31023.25,31018.75,31020.75,1079
2026-09-22T19:30:00+00:00,31020.5,31025,31018.5,31021.5,1756
2026-09-22T19:31:00+00:00,31021.5,31032,31021.5,31029.75,2860
2026-09-22T19:32:00+00:00,31029.5,31036,31028.25,31035.75,3890
2026-09-22T19:33:00+00:00,31036,31043.25,31033.75,31040.75,4376
2026-09-22T19:34:00+00:00,31040.5,31048,31036.25,31046.75,4722
2026-09-22T19:35:00+00:00,31046.5,31049,31040.5,31046.75,3394
2026-09-22T19:36:00+00:00,31046.5,31047.5,31037,31043.25,2713
2026-09-22T19:37:00+00:00,31043.25,31050,31040.75,31047.5,2462
2026-09-22T19:38:00+00:00,31047.5,31047.5,31040,31041.75,2115
2026-09-22T19:39:00+00:00,31041.5,31048,31037.5,31043.75,2228
2026-09-22T19:40:00+00:00,31043.25,31045.25,31042,31042.25,953
2026-09-22T19:41:00+00:00,31042,31042.75,31027.25,31029,4259
2026-09-22T19:42:00+00:00,31028.5,31028.75,31018.25,31025,4520
2026-09-22T19:43:00+00:00,31025.5,31034,31024,31034,2727
2026-09-22T19:44:00+00:00,31032.75,31037,31030.5,31034.25,1927
2026-09-22T19:45:00+00:00,31035,31042.75,31034.75,31035.25,2662
2026-09-22T19:46:00+00:00,31035.5,31039.5,31035.25,31037.5,1012
2026-09-22T19:47:00+00:00,31037.75,31043.25,31037.5,31042,1101
2026-09-22T19:48:00+00:00,31042.25,31045.5,31040.25,31043.25,1813
2026-09-22T19:49:00+00:00,31043,31049.25,31040.5,31046.75,2145
2026-09-22T19:50:00+00:00,31046.5,31050,31027.5,31042,6524
2026-09-22T19:51:00+00:00,31042.25,31054.25,31040.25,31054.25,2858
2026-09-22T19:52:00+00:00,31053.75,31064.5,31052.25,31060.75,5234
2026-09-22T19:53:00+00:00,31060.25,31066,31049.25,31049.75,3628
2026-09-22T19:54:00+00:00,31050,31053,31036,31039.75,6573
2026-09-22T19:55:00+00:00,31040,31040.75,31022.75,31027,7092
2026-09-22T19:56:00+00:00,31027,31030,31022.75,31028,3032
2026-09-22T19:57:00+00:00,31028,31033,31024,31028.5,2445
2026-09-22T19:58:00+00:00,31029.5,31033,31016,31016.25,3664
2026-09-22T19:59:00+00:00,31016.25,31035.75,31013,31030.5,9783
2026-09-22T20:00:00+00:00,31029.75,31030.25,31018.75,31023.5,3350
2026-09-22T20:01:00+00:00,31023,31027.5,31021,31022,1034
2026-09-22T20:02:00+00:00,31021.5,31022.5,31017.25,31022.5,1109
2026-09-22T20:03:00+00:00,31022.5,31022.75,31018.5,31021.5,712
2026-09-22T20:04:00+00:00,31021.5,31026,31020.25,31026,806
2026-09-22T20:05:00+00:00,31026,31027.75,31018,31020.25,1234
2026-09-22T20:06:00+00:00,31020.25,31029.75,31019,31028,1218
2026-09-22T20:07:00+00:00,31027.75,31035.5,31027.25,31029,1677
2026-09-22T20:08:00+00:00,31029.25,31032.25,31027.25,31030.75,680
2026-09-22T20:09:00+00:00,31030.75,31032.5,31027,31028.75,624
2026-09-22T20:10:00+00:00,31028.75,31031,31026.25,31030,718
2026-09-22T20:11:00+00:00,31030.25,31031,31027,31029,324
2026-09-22T20:12:00+00:00,31029.5,31034.75,31029.25,31030.5,804
2026-09-22T20:13:00+00:00,31030.25,31031,31026.25,31027.25,553
2026-09-22T20:14:00+00:00,31027,31027.5,31020.25,31021.5,1257
2026-09-22T20:15:00+00:00,31020.75,31024.25,31018.5,31018.75,827
2026-09-22T20:16:00+00:00,31018.5,31020,31015.75,31017.25,811
2026-09-22T20:17:00+00:00,31017,31021.25,31016.75,31021,444
2026-09-22T20:18:00+00:00,31021.25,31024,31017.25,31018,554
2026-09-22T20:19:00+00:00,31017.75,31018,31015.75,31016,321
2026-09-22T20:20:00+00:00,31016.5,31017,31008.75,31009.75,1564
2026-09-22T20:21:00+00:00,31010.25,31010.5,31005.25,31007.5,948
2026-09-22T20:22:00+00:00,31007.25,31007.5,31003.5,31005,679
2026-09-22T20:23:00+00:00,31005,31007,31000,31004.75,783
2026-09-22T20:24:00+00:00,31004.25,31010,31004,31008.5,826
2026-09-22T20:25:00+00:00,31008.5,31014,31006,31013.5,821
2026-09-22T20:26:00+00:00,31014,31014.75,31005.75,31007.25,689
2026-09-22T20:27:00+00:00,31007,31007.5,31005,31006,236
2026-09-22T20:28:00+00:00,31006,31007.75,31005.25,31007.75,165
2026-09-22T20:29:00+00:00,31007.75,31007.75,31002.75,31003.75,590
2026-09-22T20:30:00+00:00,31005,31008.5,31002.25,31008,637
2026-09-22T20:31:00+00:00,31008,31011.75,31007.75,31010,436
2026-09-22T20:32:00+00:00,31009.75,31010.75,31007.25,31008.25,197
2026-09-22T20:33:00+00:00,31008.75,31009.75,31007.75,31009.5,125
2026-09-22T20:34:00+00:00,31009.75,31010.75,31007.5,31007.5,276
2026-09-22T20:35:00+00:00,31007.5,31009.75,31007.25,31009.5,215
2026-09-22T20:36:00+00:00,31009.25,31009.75,31007.25,31008,154
2026-09-22T20:37:00+00:00,31008.25,31009,31006.75,31007,261
2026-09-22T20:38:00+00:00,31007.75,31009.5,31007.25,31008.25,188
2026-09-22T20:39:00+00:00,31008.5,31009.25,31006.5,31007,141
2026-09-22T20:40:00+00:00,31007.25,31008.5,31006.5,31007,204
2026-09-22T20:41:00+00:00,31006.5,31008,31006,31007.25,204
2026-09-22T20:42:00+00:00,31007.5,31009.75,31006.75,31006.75,303
2026-09-22T20:43:00+00:00,31007,31007,31005,31005.5,221
2026-09-22T20:44:00+00:00,31005.75,31006.25,31001.75,31002.5,474
2026-09-22T20:45:00+00:00,31002.5,31004,30996.5,30996.75,1072
2026-09-22T20:46:00+00:00,30997,30998.5,30995.75,30997.5,510
2026-09-22T20:47:00+00:00,30998.25,30999.75,30995,30995.5,276
2026-09-22T20:48:00+00:00,30995.75,30997.75,30994.75,30996.25,384
2026-09-22T20:49:00+00:00,30996,31000.5,30995.5,30999.25,344
2026-09-22T20:50:00+00:00,30999.25,31006,30999.25,31005.5,556
2026-09-22T20:51:00+00:00,31005,31005,30998,30998.75,365
2026-09-22T20:52:00+00:00,30999.5,31000.5,30998.25,30999.5,290
2026-09-22T20:53:00+00:00,31000.25,31002.25,30999.75,31001.75,175
2026-09-22T20:54:00+00:00,31002,31003.5,31000.75,31002,236
2026-09-22T20:55:00+00:00,31002,31004,31000.25,31001,355
2026-09-22T20:56:00+00:00,31000,31002.25,30999,31001.5,208
2026-09-22T20:57:00+00:00,31001.5,31005.75,31000,31003.25,266
2026-09-22T20:58:00+00:00,31002.5,31006.25,31001,31005,142
2026-09-22T20:59:00+00:00,31005,31006.25,30990.5,31002.5,912
2026-09-22T22:00:00+00:00,31010,31030.75,31000.5,31028.75,0
2026-09-22T22:01:00+00:00,31028,31034,31023,31027,1210
2026-09-22T22:02:00+00:00,31026.25,31026.5,31015,31017.25,1020
2026-09-22T22:03:00+00:00,31017.75,31023.75,31017.25,31021.5,594
2026-09-22T22:04:00+00:00,31021.25,31022,31015.5,31017.5,396
2026-09-22T22:05:00+00:00,31017.5,31031.5,31017.5,31030.75,1000
2026-09-22T22:06:00+00:00,31031,31038.75,31029.75,31034,1232
2026-09-22T22:07:00+00:00,31034,31034.75,31026.5,31031,657
2026-09-22T22:08:00+00:00,31031,31031.75,31028,31030.75,269
2026-09-22T22:09:00+00:00,31031.5,31040.5,31031.25,31032.75,884
2026-09-22T22:10:00+00:00,31033.5,31034.75,31026.75,31028.25,403
2026-09-22T22:11:00+00:00,31028.25,31031.75,31027,31031.5,268
2026-09-22T22:12:00+00:00,31031.75,31036.75,31030.75,31034.25,559
2026-09-22T22:13:00+00:00,31034.25,31040,31033.75,31039.25,675
2026-09-22T22:14:00+00:00,31038.75,31042.25,31037.25,31041,457
2026-09-22T22:15:00+00:00,31041,31045.25,31036.5,31045,851
2026-09-22T22:16:00+00:00,31044.25,31046.75,31040.75,31043,507
2026-09-22T22:17:00+00:00,31043.5,31044,31041,31042,294
2026-09-22T22:18:00+00:00,31042.5,31042.75,31039.75,31041.75,275
2026-09-22T22:19:00+00:00,31041.5,31045,31040.5,31043.75,236
2026-09-22T22:20:00+00:00,31043.75,31049.5,31043.75,31048.5,774
2026-09-22T22:21:00+00:00,31048.5,31052.75,31046.25,31051.75,952
2026-09-22T22:22:00+00:00,31051.75,31057,31051.25,31054.25,947
2026-09-22T22:23:00+00:00,31054.75,31055,31050.5,31053.75,434
2026-09-22T22:24:00+00:00,31053.75,31054.75,31051.75,31052.75,243
2026-09-22T22:25:00+00:00,31053.25,31054.25,31052,31053.5,287
2026-09-22T22:26:00+00:00,31053.25,31058.25,31053,31055.5,545
2026-09-22T22:27:00+00:00,31056,31056,31051.5,31052.25,435
2026-09-22T22:28:00+00:00,31053,31053,31045.75,31051,777
2026-09-22T22:29:00+00:00,31051.5,31051.5,31048,31049.75,206
2026-09-22T22:30:00+00:00,31049.5,31052,31048.25,31051,392
2026-09-22T22:31:00+00:00,31051,31053,31049.75,31051.5,271
2026-09-22T22:32:00+00:00,31052,31053.5,31050,31053.5,272
2026-09-22T22:33:00+00:00,31053.25,31056.25,31052.25,31055.25,336
2026-09-22T22:34:00+00:00,31056,31059.5,31055,31057,610
2026-09-22T22:35:00+00:00,31056.5,31058.75,31056.25,31058,202
2026-09-22T22:36:00+00:00,31058.25,31058.5,31051,31053,645
2026-09-22T22:37:00+00:00,31053.5,31054,31051,31051.5,262
2026-09-22T22:38:00+00:00,31051.5,31055,31051.25,31052.25,185
2026-09-22T22:39:00+00:00,31053.25,31053.5,31051.5,31052.5,193
2026-09-22T22:40:00+00:00,31052.5,31055.75,31051.75,31055.25,201
2026-09-22T22:41:00+00:00,31056,31061,31055,31056.25,677
2026-09-22T22:42:00+00:00,31056.75,31057,31054,31055.75,247
2026-09-22T22:43:00+00:00,31056,31056.5,31053.25,31055.5,221
2026-09-22T22:44:00+00:00,31055.75,31056,31051.5,31053,320
2026-09-22T22:45:00+00:00,31053,31053,31049.25,31050.25,425
2026-09-22T22:46:00+00:00,31050.75,31051,31042.25,31046.25,1181
2026-09-22T22:47:00+00:00,31046.25,31047,31043.25,31043.25,565
2026-09-22T22:48:00+00:00,31043.25,31046.25,31035,31037.75,1383
2026-09-22T22:49:00+00:00,31037.5,31037.5,31027.25,31028.75,1710
2026-09-22T22:50:00+00:00,31029.75,31034,31025.5,31031.5,1099
2026-09-22T22:51:00+00:00,31031.25,31038.75,31030.75,31036.25,954
2026-09-22T22:52:00+00:00,31036.25,31038.5,31035.5,31037.25,499
2026-09-22T22:53:00+00:00,31036.75,31044.25,31034,31042.5,1034
2026-09-22T22:54:00+00:00,31042.5,31046.25,31041.5,31043.25,818
2026-09-22T22:55:00+00:00,31044.25,31046.5,31043.5,31046,405
2026-09-22T22:56:00+00:00,31045.75,31049,31044.5,31047.25,532
2026-09-22T22:57:00+00:00,31047,31047.5,31044.75,31045.5,320
2026-09-22T22:58:00+00:00,31045.5,31047.25,31042.75,31045.5,356
2026-09-22T22:59:00+00:00,31045.5,31045.5,31042.5,31044.75,299
2026-09-22T23:00:00+00:00,31044.25,31050.5,31044.25,31048,683
2026-09-22T23:01:00+00:00,31047.75,31052,31047.25,31051.75,631
2026-09-22T23:02:00+00:00,31051.25,31054,31047,31047.25,702
2026-09-22T23:03:00+00:00,31047.25,31049.25,31047,31047.75,0
