open_time,open,high,low,close,volume
2025-11-05T08:00:00+00:00,25475,25538,25453.5,25513,37417
2025-11-05T09:00:00+00:00,25512.75,25552,25481,25519.25,30049
2025-11-05T10:00:00+00:00,25518.5,25537.75,25411.75,25413.5,31865
2025-11-05T11:00:00+00:00,25413,25484.25,25403.75,25481.25,36034
2025-11-05T12:00:00+00:00,25481.5,25535.75,25458.25,25529.25,35442
2025-11-05T13:00:00+00:00,25528.5,25595.75,25508.25,25587.5,57374
2025-11-05T14:00:00+00:00,25586.5,25690.75,25487.75,25686.75,242127
2025-11-05T15:00:00+00:00,25686.25,25736.5,25618.5,25720.25,268963
2025-11-05T16:00:00+00:00,25720,25789,25658.25,25774.5,159858
2025-11-05T17:00:00+00:00,25774,25828.25,25740,25812.25,88708
2025-11-05T18:00:00+00:00,25812,25872.75,25804.75,25864.75,69034
2025-11-05T19:00:00+00:00,25864,25878.5,25823,25863.5,72714
2025-11-05T20:00:00+00:00,25863,25877.5,25730,25741.25,124723
2025-11-05T21:00:00+00:00,25741,25763.5,25694.25,25728.75,59346
2025-11-05T23:00:00+00:00,25732,25776.25,25702.25,25773,0
2025-11-06T00:00:00+00:00,25772.75,25775.5,25652.25,25698.5,48145
2025-11-06T01:00:00+00:00,25697.75,25697.75,25616.75,25673.25,46369
2025-11-06T02:00:00+00:00,25673,25718.75,25639.25,25714.5,30218
2025-11-06T03:00:00+00:00,25714.5,25734.75,25700,25720.75,24143
2025-11-06T04:00:00+00:00,25720.25,25742.5,25704.5,25738.25,15121
2025-11-06T05:00:00+00:00,25729,25736.5,25687.75,25693,18335
2025-11-06T06:00:00+00:00,25692.25,25712.75,25672.25,25681.75,21214
2025-11-06T07:00:00+00:00,25681.5,25715,25642.5,25646.25,29522
2025-11-06T08:00:00+00:00,25645.5,25683.75,25628.25,25672,37778
2025-11-06T09:00:00+00:00,25672.5,25747.5,25671.25,25727.5,29609
2025-11-06T10:00:00+00:00,25728,25777.25,25725.75,25752,21286
2025-11-06T11:00:00+00:00,25752,25775.75,25742.5,25747.25,23181
2025-11-06T12:00:00+00:00,25747.25,25791.5,25745.75,25778.75,32569
2025-11-06T13:00:00+00:00,25778.5,25823.75,25761.5,25767,38821
2025-11-06T14:00:00+00:00,25766.75,25774.25,25509.5,25513.5,297367
2025-11-06T15:00:00+00:00,25513.25,25544,25290.5,25303,421383
2025-11-06T16:00:00+00:00,25302.75,25370.5,25201.5,25221,295487
2025-11-06T17:00:00+00:00,25220.5,25356.5,25197.25,25338,216131
2025-11-06T18:00:00+00:00,25337.5,25372.75,25224.25,25330.5,186895
2025-11-06T19:00:00+00:00,25330.5,25438.75,25320.75,25404.25,176274
2025-11-06T20:00:00+00:00,25404,25415,25226.25,25258.75,190073
2025-11-06T21:00:00+00:00,25257.75,25319.5,25241.5,25310.5,44282
2025-11-06T23:00:00+00:00,25311,25336,25269.75,25316.75,0
2025-11-07T00:00:00+00:00,25316.75,25350,25279.5,25323.25,42425
2025-11-07T01:00:00+00:00,25323.75,25334,25200.75,25271.75,68999
2025-11-07T02:00:00+00:00,25271.75,25274.75,25207.75,25268.5,42767
2025-11-07T03:00:00+00:00,25268.25,25281,25203.25,25223.5,33551
2025-11-07T04:00:00+00:00,25223.25,25265.5,25162,25253.25,39296
2025-11-07T05:00:00+00:00,25296,25333.25,25286.75,25332.75,27100
2025-11-07T06:00:00+00:00,25332.5,25341.75,25307.25,25325.25,19548
2025-11-07T07:00:00+00:00,25325.25,25348.75,25313,25336.25,17972
2025-11-07T08:00:00+00:00,25335.75,25354.75,25271.75,25312.75,42712
2025-11-07T09:00:00+00:00,25312,25328.75,25240.5,25259.25,41478
2025-11-07T10:00:00+00:00,25260.25,25277.75,25186,25218.75,42519
2025-11-07T11:00:00+00:00,25219,25220.25,25084.25,25179.5,88424
2025-11-07T12:00:00+00:00,25179.75,25195.75,25062,25093,76276
2025-11-07T13:00:00+00:00,25092.5,25147,25066.5,25111.25,88702
2025-11-07T14:00:00+00:00,25111.5,25124.25,24918.5,25025,310916
2025-11-07T15:00:00+00:00,25006.5,25045,24822,24823.5,383346
2025-11-07T16:00:00+00:00,24823.5,24861.25,24719,24746.25,268253
2025-11-07T17:00:00+00:00,24746,24863,24709,24841.25,227369
2025-11-07T18:00:00+00:00,24841,24953.5,24822,24922.75,195006
2025-11-07T19:00:00+00:00,24922.75,25116.5,24900.5,25113.75,198096
2025-11-07T20:00:00+00:00,25113.75,25173,25023.75,25164.25,235858
2025-11-07T21:00:00+00:00,25169.5,25228.5,25161,25166.25,51117
2025-11-09T23:00:00+00:00,25337.5,25356.75,25166.25,25336,30422
2025-11-10T00:00:00+00:00,25335.25,25346,25268.75,25330,51041
2025-11-10T01:00:00+00:00,25329.75,25437.5,25326.5,25428.5,51162
2025-11-10T02:00:00+00:00,25428.5,25449,25409.5,25431.75,25776
2025-11-10T03:00:00+00:00,25432,25488.5,25431.25,25460.25,29209
2025-11-10T04:00:00+00:00,25460.25,25486.25,25455.75,25470.75,21400
2025-11-10T05:00:00+00:00,25466.75,25496,25466.25,25483.5,19701
2025-11-10T06:00:00+00:00,25483,25502.75,25466.25,25470.5,19589
2025-11-10T07:00:00+00:00,25470,25499.75,25463.25,25489.5,21095
2025-11-10T08:00:00+00:00,25490,25536.5,25456,25532,31722
2025-11-10T09:00:00+00:00,25532.5,25569.5,25517.25,25552.75,35169
2025-11-10T10:00:00+00:00,25553,25558.25,25525.5,25530,19448
2025-11-10T11:00:00+00:00,25529.75,25546.25,25504.75,25545.75,25166
2025-11-10T12:00:00+00:00,25546,25551.5,25513.25,25538.5,28277
2025-11-10T13:00:00+00:00,25539.5,25560,25519.25,25555.25,34890
2025-11-10T14:00:00+00:00,25555.5,25657.75,25521.5,25638.25,220766
2025-11-10T15:00:00+00:00,25637.25,25666.5,25515.75,25523.5,242808
2025-11-10T16:00:00+00:00,25524,25537.5,25452.25,25521.25,263982
2025-11-10T17:00:00+00:00,25521.5,25647.25,25507.5,25635,183002
2025-11-10T18:00:00+00:00,25635.75,25683,25628.5,25647.25,105907
2025-11-10T19:00:00+00:00,25647.25,25718,25642.5,25702.5,100190
2025-11-10T20:00:00+00:00,25702,25760,25696.5,25713,143896
2025-11-10T21:00:00+00:00,25713,25746,25707.75,25721,38748
2025-11-10T23:00:00+00:00,25721,25747.75,25702.25,25742.75,0
2025-11-11T00:00:00+00:00,25742,25768.75,25729,25738.5,28812
2025-11-11T01:00:00+00:00,25739,25768,25733.5,25743.25,23169
2025-11-11T02:00:00+00:00,25743.5,25754.5,25720.5,25735.25,24700
2025-11-11T03:00:00+00:00,25735.25,25745.75,25717.25,25737.25,15421
2025-11-11T04:00:00+00:00,25737,25742.5,25683.5,25684,21021
2025-11-11T05:00:00+00:00,25671.75,25682.5,25652.5,25653.5,34507
2025-11-11T06:00:00+00:00,25653,25704.75,25652,25684.5,24304
2025-11-11T07:00:00+00:00,25684.5,25690.5,25645.75,25652,25131
2025-11-11T08:00:00+00:00,25651.75,25682.5,25630.25,25634.5,30024
2025-11-11T09:00:00+00:00,25635.5,25655.25,25596.5,25603.25,32336
2025-11-11T10:00:00+00:00,25603,25634,25596.25,25621,20708
2025-11-11T11:00:00+00:00,25621.25,25645.25,25607.75,25622.75,24103
2025-11-11T12:00:00+00:00,25623.25,25639,25582.75,25591,33922
2025-11-11T13:00:00+00:00,25591.5,25626,25572.5,25596.75,50616
2025-11-11T14:00:00+00:00,25597,25646,25560.5,25627,200671
2025-11-11T15:00:00+00:00,25627,25628.5,25486,25512.5,278084
2025-11-11T16:00:00+00:00,25513.25,25591.5,25478.5,25510.5,196914
2025-11-11T17:00:00+00:00,25510.25,25631.25,25506.75,25617.5,140089
2025-11-11T18:00:00+00:00,25617.75,25695.75,25607.25,25690.75,137042
2025-11-11T19:00:00+00:00,25690.75,25691.25,25642.25,25663.5,83536
2025-11-11T20:00:00+00:00,25663.5,25688.5,25619.25,25646.25,100045
2025-11-11T21:00:00+00:00,25649,25687.5,25626.5,25659.25,34900
2025-11-11T23:00:00+00:00,25676.5,25676.5,25629.25,25650.25,0
2025-11-12T00:00:00+00:00,25650.5,25700,25649.25,25684.5,20926
2025-11-12T01:00:00+00:00,25684.75,25739,25678.25,25730.25,28036
2025-11-12T02:00:00+00:00,25731.25,25761,25710.25,25724.75,28003
2025-11-12T03:00:00+00:00,25725.75,25735.25,25708,25729.25,13698
2025-11-12T04:00:00+00:00,25728.75,25732,25694.25,25714,15822
2025-11-12T05:00:00+00:00,25724,25754.5,25717,25742.75,14051
2025-11-12T06:00:00+00:00,25742.25,25774.75,25741,25771.25,12669
2025-11-12T07:00:00+00:00,25771.5,25813.25,25771.5,25778.25,20244
2025-11-12T08:00:00+00:00,25778.5,25810.5,25763.75,25793.25,25334
2025-11-12T09:00:00+00:00,25793,25825.5,25770.25,25819,22526
2025-11-12T10:00:00+00:00,25819.25,25830.5,25779,25796.75,18621
2025-11-12T11:00:00+00:00,25797,25804,25728.5,25736.75,28824
2025-11-12T12:00:00+00:00,25737,25803.75,25721,25792.5,35001
2025-11-12T13:00:00+00:00,25792.25,25812.25,25786.75,25800.25,26064
2025-11-12T14:00:00+00:00,25800.75,25801.25,25561.5,25593.75,239858
2025-11-12T15:00:00+00:00,25594.25,25659.75,25531.5,25557.5,306811
2025-11-12T16:00:00+00:00,25557.25,25607.5,25488.75,25533,249610
2025-11-12T17:00:00+00:00,25532.25,25628.25,25520.25,25608.75,197045
2025-11-12T18:00:00+00:00,25608.75,25637.25,25582.75,25613,120785
2025-11-12T19:00:00+00:00,25613,25624.5,25552.5,25581,121277
2025-11-12T20:00:00+00:00,25580.5,25651.5,25544,25625.75,144112
2025-11-12T21:00:00+00:00,25625.25,25654.5,25619.25,25625.5,39025
2025-11-12T23:00:00+00:00,25626.25,25636.75,25502,25540.5,0
2025-11-13T00:00:00+00:00,25541.25,25599.75,25538,25565,44507
2025-11-13T01:00:00+00:00,25564.5,25720.5,25557.5,25692,74002
2025-11-13T02:00:00+00:00,25691.75,25701.75,25646,25659,28173
2025-11-13T03:00:00+00:00,25659.5,25693.25,25633,25676.25,28749
2025-11-13T04:00:00+00:00,25676.25,25697,25664.25,25692,14907
2025-11-13T05:00:00+00:00,25698.5,25710,25692.5,25696.5,13244
2025-11-13T06:00:00+00:00,25697,25721.25,25679,25711.5,16039
2025-11-13T07:00:00+00:00,25712.25,25721.75,25664.25,25666.75,22396
2025-11-13T08:00:00+00:00,25666.5,25687.25,25643,25677,30852
2025-11-13T09:00:00+00:00,25677.5,25684,25530.75,25567.75,51364
2025-11-13T10:00:00+00:00,25567.75,25629,25562,25597.25,30565
2025-11-13T11:00:00+00:00,25597,25627,25548,25591,37003
2025-11-13T12:00:00+00:00,25590.5,25615.75,25550.5,25585.5,35226
2025-11-13T13:00:00+00:00,25585.5,25596.75,25491.75,25498.25,73600
2025-11-13T14:00:00+00:00,25498,25509.25,25280.75,25381.25,316026
2025-11-13T15:00:00+00:00,25382,25497,25197,25258,416675
2025-11-13T16:00:00+00:00,25258,25277.75,25155,25193,322325
2025-11-13T17:00:00+00:00,25192.75,25255,25125.75,25136.75,267397
2025-11-13T18:00:00+00:00,25136.75,25164.75,25012.5,25070.5,241474
2025-11-13T19:00:00+00:00,25070.5,25132.5,25002,25054.25,209814
2025-11-13T20:00:00+00:00,25054.25,25144.75,25015.5,25100.5,220063
2025-11-13T21:00:00+00:00,25100.5,25167,25079.5,25088,49783
2025-11-13T23:00:00+00:00,25100,25151.75,25087.5,25108,0
2025-11-14T00:00:00+00:00,25107.5,25143,25094.5,25106.5,33320
2025-11-14T01:00:00+00:00,25106,25149.25,25103,25118.25,33025
2025-11-14T02:00:00+00:00,25118.25,25155.75,25118.25,25134.25,20050
2025-11-14T03:00:00+00:00,25134,25144.75,25085.25,25110.75,20222
2025-11-14T04:00:00+00:00,25110.75,25118.25,25026.5,25026.75,42374
2025-11-14T05:00:00+00:00,25024.75,25121.25,24974.25,25101,53739
2025-11-14T06:00:00+00:00,25100.5,25104,25004.5,25069.5,44657
2025-11-14T07:00:00+00:00,25068.25,25074.25,24934,25000.75,68578
2025-11-14T08:00:00+00:00,25001,25012,24900,24984.25,69199
2025-11-14T09:00:00+00:00,24983.75,25035.5,24931.25,24941,45605
2025-11-14T10:00:00+00:00,24940.5,24994.25,24927.25,24943.75,33511
2025-11-14T11:00:00+00:00,24943.75,24944,24776.75,24828.25,76896
2025-11-14T12:00:00+00:00,24829.75,24833,24670,24724.25,110666
2025-11-14T13:00:00+00:00,24723.75,24766.5,24657.5,24717.75,114793
2025-11-14T14:00:00+00:00,24717,24970.25,24626,24953.25,374028
2025-11-14T15:00:00+00:00,24953,25178.5,24862.5,25143,429349
2025-11-14T16:00:00+00:00,25142.75,25268,25069.25,25247.75,266985
2025-11-14T17:00:00+00:00,25247.75,25293.5,25160.5,25204,227270
2025-11-14T18:00:00+00:00,25203.75,25225.25,25088,25172.75,232647
2025-11-14T19:00:00+00:00,25171.75,25242,25124.25,25228.5,153139
2025-11-14T20:00:00+00:00,25228.25,25251.25,25070.75,25106,180647
2025-11-14T21:00:00+00:00,25107.25,25162.75,25076,25094,42054
2025-11-16T23:00:00+00:00,25073.25,25188.75,25056.5,25170,39213
2025-11-17T00:00:00+00:00,25169.5,25244.25,25113.5,25231,60111
2025-11-17T01:00:00+00:00,25231,25256.25,25196.25,25198.25,46870
2025-11-17T02:00:00+00:00,25199.5,25259.25,25198.75,25251.25,34827
2025-11-17T03:00:00+00:00,25251,25269.5,25234.5,25265.25,24263
2025-11-17T04:00:00+00:00,25265.25,25284.75,25257.25,25273.5,16680
2025-11-17T05:00:00+00:00,25275,25286.25,25241.5,25246.25,20033
2025-11-17T06:00:00+00:00,25246.5,25272,25228.25,25238.25,21763
2025-11-17T07:00:00+00:00,25237.75,25327.5,25231.25,25314.5,30604
2025-11-17T08:00:00+00:00,25313.75,25362,25302,25356.5,32989
2025-11-17T09:00:00+00:00,25355,25361,25264,25284.5,38181
2025-11-17T10:00:00+00:00,25283.75,25290.25,25169.75,25198.5,47358
2025-11-17T11:00:00+00:00,25199.25,25244.75,25170,25202.75,44647
2025-11-17T12:00:00+00:00,25202.75,25203.75,25111.75,25131,61428
2025-11-17T13:00:00+00:00,25130.75,25140,25010.25,25078,90588
2025-11-17T14:00:00+00:00,25078.5,25254.75,24955.25,25200.5,300323
2025-11-17T15:00:00+00:00,25199.75,25216,25056,25080.25,387458
2025-11-17T16:00:00+00:00,25080.25,25201,24943.5,25196.25,301885
2025-11-17T17:00:00+00:00,25196.25,25199.5,24996.75,25001,205152
2025-11-17T18:00:00+00:00,25000.75,25050.75,24886.75,24895.75,236967
2025-11-17T19:00:00+00:00,24895.5,24912.25,24754.5,24756,250648
2025-11-17T20:00:00+00:00,24756.25,24890.75,24732,24888,246296
2025-11-17T21:00:00+00:00,24888,24926,24877.25,24905.75,42354
2025-11-17T23:00:00+00:00,24904.75,24954.5,24882,24920,0
2025-11-18T00:00:00+00:00,24920.25,24938.75,24830.25,24853.5,49222
2025-11-18T01:00:00+00:00,24852.5,24959.75,24851,24935,49723
2025-11-18T02:00:00+00:00,24933.5,24953.75,24837.5,24840,42371
2025-11-18T03:00:00+00:00,24840,24841.5,24762,24785.5,53574
2025-11-18T04:00:00+00:00,24784.75,24785.25,24607.5,24730.5,80827
2025-11-18T05:00:00+00:00,24743.5,24767.25,24708.25,24709.25,46800
2025-11-18T06:00:00+00:00,24709.75,24747.75,24641,24660,45264
2025-11-18T07:00:00+00:00,24660.25,24741.75,24603.75,24700,61493
2025-11-18T08:00:00+00:00,24701.25,24857,24697,24804.75,68324
2025-11-18T09:00:00+00:00,24804.75,24859.75,24765.75,24837.5,46958
2025-11-18T10:00:00+00:00,24836.75,24846.75,24788.25,24826,29990
2025-11-18T11:00:00+00:00,24825.5,24835.5,24760.5,24801,39967
2025-11-18T12:00:00+00:00,24801,24801.5,24659.25,24693.75,74640
2025-11-18T13:00:00+00:00,24694.25,24769.25,24694.25,24731.75,80643
2025-11-18T14:00:00+00:00,24731.75,24832,24522,24523.25,381894
2025-11-18T15:00:00+00:00,24522.5,24610.25,24430,24458.25,496376
2025-11-18T16:00:00+00:00,24458,24697.75,24380,24653.5,371491
2025-11-18T17:00:00+00:00,24653.5,24783.25,24491.5,24752.75,298053
2025-11-18T18:00:00+00:00,24753.25,24804.5,24691,24709.25,230957
2025-11-18T19:00:00+00:00,24710,24810.25,24685,24774.75,209194
2025-11-18T20:00:00+00:00,24775.25,24795.75,24577.75,24583.5,228770
2025-11-18T21:00:00+00:00,24583.75,24594.5,24524,24531.75,61762
2025-11-18T23:00:00+00:00,24547,24631,24539,24591,0
2025-11-19T00:00:00+00:00,24590.25,24601,24497.75,24556.5,53488
2025-11-19T01:00:00+00:00,24556,24627,24510.75,24551.25,57098
2025-11-19T02:00:00+00:00,24551.5,24649,24551.5,24647.25,40889
2025-11-19T03:00:00+00:00,24646.75,24656.75,24535.75,24542.25,40090
2025-11-19T04:00:00+00:00,24542.5,24562.5,24492,24525.25,43261
2025-11-19T05:00:00+00:00,24532.5,24558.5,24446.5,24535.75,45585
2025-11-19T06:00:00+00:00,24535.25,24572.75,24521,24553.25,29867
2025-11-19T07:00:00+00:00,24553.25,24626.5,24532,24607.75,33790
2025-11-19T08:00:00+00:00,24607.25,24652,24571.25,24590,42979
2025-11-19T09:00:00+00:00,24589.5,24682.5,24568.75,24677.75,34680
2025-11-19T10:00:00+00:00,24677,24710,24663,24700.25,28874
2025-11-19T11:00:00+00:00,24700,24731.5,24687.75,24692,32784
2025-11-19T12:00:00+00:00,24692.25,24722.25,24672.5,24695.5,38954
2025-11-19T13:00:00+00:00,24696,24709.75,24641,24664.75,63169
2025-11-19T14:00:00+00:00,24665,24901.5,24573,24894.25,310140
2025-11-19T15:00:00+00:00,24894,24988,24747.25,24769.25,400101
2025-11-19T16:00:00+00:00,24769,24786,24646.5,24715,373975
2025-11-19T17:00:00+00:00,24714.75,24721.25,24508,24635.75,342190
2025-11-19T18:00:00+00:00,24634.75,24712.5,24587.5,24689.75,243163
2025-11-19T19:00:00+00:00,24688.25,24702.25,24570,24658.25,214166
2025-11-19T20:00:00+00:00,24657.75,24830.25,24644.25,24724.5,230183
2025-11-19T21:00:00+00:00,24725.5,24976.25,24664.25,24958.5,138043
2025-11-19T22:00:00+00:00,24959.75,24959.75,24959.75,24959.75,2
2025-11-19T23:00:00+00:00,24968.75,25111.25,24950.5,25109.25,0
2025-11-20T00:00:00+00:00,25108.25,25161.5,25087.25,25127.25,39837
2025-11-20T01:00:00+00:00,25126.75,25167,25102.5,25156.5,33730
2025-11-20T02:00:00+00:00,25155.75,25174.75,25129,25168.5,26147
2025-11-20T03:00:00+00:00,25167.75,25196.25,25139,25168.75,31996
2025-11-20T04:00:00+00:00,25168.5,25188.5,25150.75,25185.75,19064
2025-11-20T05:00:00+00:00,25207.25,25209,25154.75,25168.75,21993
2025-11-20T06:00:00+00:00,25169.25,25185.5,25132.5,25176,25340
2025-11-20T07:00:00+00:00,25176,25207,25138,25151,28018
2025-11-20T08:00:00+00:00,25150.5,25184.75,25121,25132.5,35302
2025-11-20T09:00:00+00:00,25132.5,25144.5,25046.5,25059,42317
2025-11-20T10:00:00+00:00,25060,25125.75,25022,25113,35870
2025-11-20T11:00:00+00:00,25113.5,25127.5,25047.5,25087,45434
2025-11-20T12:00:00+00:00,25088.25,25158.25,25060.5,25155,38160
2025-11-20T13:00:00+00:00,25155.75,25265,25119,25230,110277
2025-11-20T14:00:00+00:00,25230,25293.5,25145,25275,318084
2025-11-20T15:00:00+00:00,25273.75,25310,25156,25162,356377
2025-11-20T16:00:00+00:00,25162.75,25165.5,24511.75,24553.75,627060
2025-11-20T17:00:00+00:00,24553.75,24642.25,24308.25,24395,470045
2025-11-20T18:00:00+00:00,24395,24599,24236.25,24278.25,316269
2025-11-20T19:00:00+00:00,24278.5,24402,24204.5,24397.75,235587
2025-11-20T20:00:00+00:00,24396.25,24396.25,24099.5,24137.25,253081
2025-11-20T21:00:00+00:00,24137.25,24142.25,24071.5,24075.5,60114
2025-11-20T23:00:00+00:00,24096.75,24167.5,24018,24137,0
2025-11-21T00:00:00+00:00,24137,24205,24111,24182.75,47510
2025-11-21T01:00:00+00:00,24183,24235,24165.25,24206,52506
2025-11-21T02:00:00+00:00,24206.5,24217,24157,24173,47157
2025-11-21T03:00:00+00:00,24172.75,24237.75,24159,24192,37351
2025-11-21T04:00:00+00:00,24192.25,24203.75,24097.5,24157.25,39384
2025-11-21T05:00:00+00:00,24178.5,24210,24127,24141,33442
2025-11-21T06:00:00+00:00,24140.75,24200.75,24129.25,24175.25,26122
2025-11-21T07:00:00+00:00,24174.75,24202,24060.5,24078.25,43623
2025-11-21T08:00:00+00:00,24078.75,24215.75,24078,24207.75,57168
2025-11-21T09:00:00+00:00,24207.5,24217.25,24030.75,24035.5,47559
2025-11-21T10:00:00+00:00,24034.25,24095,23904,24092.25,86911
2025-11-21T11:00:00+00:00,24092,24153.5,24009.5,24056.5,62053
2025-11-21T12:00:00+00:00,24056.25,24261.75,23952.5,24191,132548
2025-11-21T13:00:00+00:00,24190.75,24291.75,24144,24243,94693
2025-11-21T14:00:00+00:00,24242.75,24298.25,24101.5,24180.25,311113
2025-11-21T15:00:00+00:00,24175.5,24229,23927.25,24021.75,489105
2025-11-21T16:00:00+00:00,24019,24373.25,23934.5,24371.75,311304
2025-11-21T17:00:00+00:00,24372,24416,24307.25,24349.5,228547
2025-11-21T18:00:00+00:00,24350.75,24558,24203.25,24477.25,271137
2025-11-21T19:00:00+00:00,24477.5,24596.5,24426.75,24459,198034
2025-11-21T20:00:00+00:00,24458.75,24496.5,24285,24317.75,215312
2025-11-21T21:00:00+00:00,24309,24360.5,24302.75,24305.5,48677
2025-11-23T23:00:00+00:00,24494.75,24523,24456.25,24471.75,28152
2025-11-24T00:00:00+00:00,24470.75,24473.75,24404,24445.5,39081
2025-11-24T01:00:00+00:00,24446.25,24483,24414.5,24449.25,35277
2025-11-24T02:00:00+00:00,24449.5,24517.5,24433.25,24515.25,34894
2025-11-24T03:00:00+00:00,24515.5,24523,24476,24484.25,26524
2025-11-24T04:00:00+00:00,24484,24491.75,24431.5,24454.25,33342
2025-11-24T05:00:00+00:00,24452,24511.75,24445.5,24494.25,24767
2025-11-24T06:00:00+00:00,24496,24501.5,24457.5,24476.25,18681
2025-11-24T07:00:00+00:00,24475.75,24525.5,24450.25,24513.25,28004
2025-11-24T08:00:00+00:00,24513,24563.25,24456,24552.25,46038
2025-11-24T09:00:00+00:00,24551.75,24563.25,24365.75,24422.25,67962
2025-11-24T10:00:00+00:00,24422.5,24438.5,24361.25,24402,45455
2025-11-24T11:00:00+00:00,24401.5,24463.5,24378,24455.25,37891
2025-11-24T12:00:00+00:00,24455.25,24516.5,24422.75,24505.5,48223
2025-11-24T13:00:00+00:00,24505.25,24564.25,24491,24499,53155
2025-11-24T14:00:00+00:00,24498.5,24722.25,24494.75,24683.75,325469
2025-11-24T15:00:00+00:00,24683.25,24817,24664,24780,330212
2025-11-24T16:00:00+00:00,24780,24890.25,24779.5,24846.5,166620
2025-11-24T17:00:00+00:00,24846.75,24940,24828.75,24920,131669
2025-11-24T18:00:00+00:00,24919.75,24954.25,24913.5,24926,89539
2025-11-24T19:00:00+00:00,24926,24960.5,24893.25,24913.75,104606
2025-11-24T20:00:00+00:00,24914.25,24993.25,24912.75,24942.25,140544
2025-11-24T21:00:00+00:00,24933.25,24975.25,24925.25,24962.5,42098
2025-11-24T23:00:00+00:00,24973.25,24986.75,24951,24959.75,0
2025-11-25T00:00:00+00:00,24960,24964,24918.75,24958,31475
2025-11-25T01:00:00+00:00,24957.5,24962.5,24919.5,24923.25,21174
2025-11-25T02:00:00+00:00,24923.25,24955.75,24920.75,24946.75,20441
2025-11-25T03:00:00+00:00,24947.25,24959,24915,24923.5,20466
2025-11-25T04:00:00+00:00,24924,24954,24920.5,24933.5,12999
2025-11-25T05:00:00+00:00,24940,24955.5,24913.25,24921,17484
2025-11-25T06:00:00+00:00,24921,24938.5,24894,24901.75,18069
2025-11-25T07:00:00+00:00,24902,24936,24880.75,24915,25054
2025-11-25T08:00:00+00:00,24914,24931.25,24856,24866.5,30157
2025-11-25T09:00:00+00:00,24867,24899,24821.75,24857.5,41589
2025-11-25T10:00:00+00:00,24857.25,24894,24835.25,24886.5,27670
2025-11-25T11:00:00+00:00,24887,24897.75,24844.25,24875,27590
2025-11-25T12:00:00+00:00,24874.5,24975.5,24866.25,24910.75,66574
2025-11-25T13:00:00+00:00,24910.5,24958,24873.5,24884,75024
2025-11-25T14:00:00+00:00,24884,24892.75,24602,24815.5,364244
2025-11-25T15:00:00+00:00,24817.5,24873.5,24654,24818,470494
2025-11-25T16:00:00+00:00,24818,24913.5,24773.75,24899.5,223146
2025-11-25T17:00:00+00:00,24899.5,25061.25,24893.75,24986,190252
2025-11-25T18:00:00+00:00,24986.5,25049.5,24983,25023.75,114707
2025-11-25T19:00:00+00:00,25024.25,25033.25,24938,25013.75,128507
2025-11-25T20:00:00+00:00,25013.75,25135.75,25012.75,25079.25,128202
2025-11-25T21:00:00+00:00,25080,25099.75,25059.25,25085.5,28981
2025-11-25T23:00:00+00:00,25070,25094.25,25061.75,25086.25,0
2025-11-26T00:00:00+00:00,25086.5,25127.5,25066.75,25121,22784
2025-11-26T01:00:00+00:00,25120.5,25171,25112,25165.75,28164
2025-11-26T02:00:00+00:00,25165.5,25184,25155.25,25181.75,16708
2025-11-26T03:00:00+00:00,25181.75,25196.5,25168,25181.25,16334
2025-11-26T04:00:00+00:00,25181,25188.75,25160.5,25168.5,12973
2025-11-26T05:00:00+00:00,25186.5,25202.75,25181.5,25199.25,16002
2025-11-26T06:00:00+00:00,25199.75,25221.5,25186.25,25210.75,15084
2025-11-26T07:00:00+00:00,25211,25236,25208.5,25212,16479
2025-11-26T08:00:00+00:00,25212,25224.75,25171.5,25172.5,28774
2025-11-26T09:00:00+00:00,25172,25175.25,25137.5,25149.25,31881
2025-11-26T10:00:00+00:00,25149.75,25203.75,25148.5,25196.5,22265
2025-11-26T11:00:00+00:00,25196.75,25215.25,25173.5,25179.5,27479
2025-11-26T12:00:00+00:00,25179.25,25185,25118.75,25175.75,54314
2025-11-26T13:00:00+00:00,25175.5,25220,25168.25,25215,58768
2025-11-26T14:00:00+00:00,25214.25,25281.5,25155.75,25167.25,261419
2025-11-26T15:00:00+00:00,25167.5,25271.5,25134.75,25268,318376
2025-11-26T16:00:00+00:00,25268,25375.5,25263.5,25354.75,182960
2025-11-26T17:00:00+00:00,25355,25369.75,25313,25338.5,121926
2025-11-26T18:00:00+00:00,25338.75,25361,25281.25,25317,157380
2025-11-26T19:00:00+00:00,25316.5,25355.25,25297.25,25332.25,100918
2025-11-26T20:00:00+00:00,25332.25,25360.25,25295,25296.5,107876
2025-11-26T21:00:00+00:00,25296,25331.75,25293.5,25314.5,30787
2025-11-26T23:00:00+00:00,25316.75,25338,25311.5,25323.5,0
2025-11-27T00:00:00+00:00,25322.75,25333.25,25314.5,25330.25,10138
2025-11-27T01:00:00+00:00,25330.25,25339.25,25303.25,25334,15095
2025-11-27T02:00:00+00:00,25334.25,25339.5,25314.5,25316,9434
2025-11-27T03:00:00+00:00,25317,25322.5,25304.75,25313.25,7079
2025-11-27T04:00:00+00:00,25313.25,25326.75,25307.25,25324,7707
2025-11-28T13:00:00+00:00,25363.25,25420,25352.5,25371.5,7124
2025-11-28T14:30:00+00:00,25371.5,25421.5,25329.5,25370,66863
2025-11-28T15:30:00+00:00,25370,25421,25348.5,25408.75,69277
2025-11-28T16:30:00+00:00,25408.75,25437,25367.5,25426.75,80962
2025-11-28T17:30:00+00:00,25426.75,25490.25,25394.25,25487,74314
2025-11-28T18:00:00+00:00,25488.25,25500.25,25468,25482,0
2025-11-30T23:00:00+00:00,25499,25524,25442.75,25466.5,47758
2025-12-01T00:00:00+00:00,25467.5,25471,25305.25,25321.5,68460
2025-12-01T01:00:00+00:00,25320.25,25344.5,25265.75,25318.25,64535
2025-12-01T02:00:00+00:00,25318.5,25328.25,25267.25,25282.75,40211
2025-12-01T03:00:00+00:00,25282,25284.75,25236.75,25259.75,38055
2025-12-01T04:00:00+00:00,25259,25266,25227.25,25235,23683
2025-12-01T05:00:00+00:00,25230.75,25257.5,25193.5,25251.75,37118
2025-12-01T06:00:00+00:00,25251.25,25272,25232.5,25268.5,23984
2025-12-01T07:00:00+00:00,25268,25284.75,25237.75,25279.5,28070
2025-12-01T08:00:00+00:00,25279,25343,25268.25,25308.75,33801
2025-12-01T09:00:00+00:00,25308,25341.25,25272.25,25281,31238
2025-12-01T10:00:00+00:00,25281,25333.75,25281,25312.75,21940
2025-12-01T11:00:00+00:00,25313.25,25319.75,25279.25,25296,24384
2025-12-01T12:00:00+00:00,25296,25307.5,25210.75,25225.75,43991
2025-12-01T13:00:00+00:00,25226,25271,25214,25266,46662
2025-12-01T14:00:00+00:00,25266,25379.75,25209,25360.5,239034
2025-12-01T15:00:00+00:00,25364.25,25419.75,25266.25,25412.75,290045
2025-12-01T16:00:00+00:00,25412.5,25450.75,25322.5,25435,189025
2025-12-01T17:00:00+00:00,25434.75,25495.75,25414.25,25450.75,129963
2025-12-01T18:00:00+00:00,25450.75,25493,25446,25486.25,76633
2025-12-01T19:00:00+00:00,25486.75,25488.25,25356.75,25374.25,158425
2025-12-01T20:00:00+00:00,25373.75,25421.25,25365.25,25401.75,137876
2025-12-01T21:00:00+00:00,25401.75,25412,25383.25,25400.25,28893
2025-12-01T23:00:00+00:00,25422.75,25426,25378.75,25399,0
2025-12-02T00:00:00+00:00,25398.5,25418.75,25384,25408.5,18355
2025-12-02T01:00:00+00:00,25408.75,25445.75,25399.75,25413,24440
2025-12-02T02:00:00+00:00,25413.5,25432.5,25386,25424.5,21557
2025-12-02T03:00:00+00:00,25423.75,25426.75,25348.25,25390.75,32515
2025-12-02T04:00:00+00:00,25390.75,25400,25367.25,25369.25,12885
2025-12-02T05:00:00+00:00,25375.75,25380,25360,25373.25,14152
2025-12-02T06:00:00+00:00,25373,25387.25,25334.5,25369,19195
2025-12-02T07:00:00+00:00,25369.25,25387.75,25351,25358.5,17146
2025-12-02T08:00:00+00:00,25357.5,25427.25,25324,25421,32896
2025-12-02T09:00:00+00:00,25420.5,25451.5,25418.5,25442,26126
2025-12-02T10:00:00+00:00,25441.5,25499.75,25436.25,25489.75,23873
2025-12-02T11:00:00+00:00,25489.25,25508.75,25477.75,25481.25,22757
2025-12-02T12:00:00+00:00,25481.25,25501.5,25457.75,25498.75,32930
2025-12-02T13:00:00+00:00,25498.75,25514.75,25481,25506.25,41404
2025-12-02T14:00:00+00:00,25506.75,25613,25471.25,25597.25,236864
2025-12-02T15:00:00+00:00,25597.25,25670,25528,25647.75,304649
2025-12-02T16:00:00+00:00,25648,25664,25413.75,25509,355961
2025-12-02T17:00:00+00:00,25509.25,25622.5,25503.75,25506,175903
2025-12-02T18:00:00+00:00,25506,25587.25,25496.5,25577,144920
2025-12-02T19:00:00+00:00,25577.5,25643.25,25563.5,25633.5,121289
2025-12-02T20:00:00+00:00,25633.75,25646.75,25591.25,25600.25,102112
2025-12-02T21:00:00+00:00,25600.5,25607.75,25587,25606.75,21087
2025-12-02T23:00:00+00:00,25613.5,25633.25,25610.75,25623.25,0
2025-12-03T00:00:00+00:00,25624.5,25639,25575.25,25627,32448
2025-12-03T01:00:00+00:00,25627.25,25649.5,25624.5,25639.5,18336
2025-12-03T02:00:00+00:00,25639.75,25674,25636.25,25654.75,20897
2025-12-03T03:00:00+00:00,25654.75,25677.25,25642.5,25668.25,13813
2025-12-03T04:00:00+00:00,25667.5,25673.25,25655.75,25660.5,8363
2025-12-03T05:00:00+00:00,25673.25,25678.5,25654.5,25660.25,11268
2025-12-03T06:00:00+00:00,25660.25,25666.25,25637.75,25657.5,14478
2025-12-03T07:00:00+00:00,25657.5,25676.75,25643.75,25651,14094
2025-12-03T08:00:00+00:00,25650.75,25667.25,25612.5,25659.5,26607
2025-12-03T09:00:00+00:00,25659.5,25661.5,25613.25,25637.5,26045
2025-12-03T10:00:00+00:00,25637.5,25650.25,25605.5,25624,17095
2025-12-03T11:00:00+00:00,25624.75,25644.5,25610,25634.25,15378
2025-12-03T12:00:00+00:00,25634,25664.75,25615,25654.75,23010
2025-12-03T13:00:00+00:00,25655,25678.25,25640,25648.75,39697
2025-12-03T14:00:00+00:00,25648.5,25653,25420.75,25495.25,362188
2025-12-03T15:00:00+00:00,25500,25605.25,25488.75,25562.5,303083
2025-12-03T16:00:00+00:00,25562.75,25623,25521.75,25560.5,205316
2025-12-03T17:00:00+00:00,25560.75,25637,25555,25625.5,130022
2025-12-03T18:00:00+00:00,25625.5,25654.25,25608,25629.25,82960
2025-12-03T19:00:00+00:00,25628.75,25672.25,25625.75,25669.75,64994
2025-12-03T20:00:00+00:00,25670,25685.75,25640.5,25657.5,100864
2025-12-03T21:00:00+00:00,25657.25,25661.5,25636,25657.5,25307
2025-12-03T23:00:00+00:00,25649.75,25658.75,25634.25,25647.5,0
2025-12-04T00:00:00+00:00,25648,25666,25621.25,25632.75,17615
2025-12-04T01:00:00+00:00,25633,25663,25628.5,25641.75,17222
2025-12-04T02:00:00+00:00,25641.75,25656.75,25618.75,25648.5,17382
2025-12-04T03:00:00+00:00,25649.25,25649.5,25614,25631.25,15634
2025-12-04T04:00:00+00:00,25631,25643,25619.25,25640,10342
2025-12-04T05:00:00+00:00,25637.25,25649.5,25628.75,25639.75,10736
2025-12-04T06:00:00+00:00,25640,25663.75,25639.5,25654.75,12764
2025-12-04T07:00:00+00:00,25655,25669.75,25650.25,25656.25,12621
2025-12-04T08:00:00+00:00,25656.25,25657.75,25602.75,25634.75,28952
2025-12-04T09:00:00+00:00,25634.25,25693.5,25611.75,25684,28001
2025-12-04T10:00:00+00:00,25684.25,25691.5,25640.5,25644.75,19769
2025-12-04T11:00:00+00:00,25644,25657.5,25626.5,25656.25,22279
2025-12-04T12:00:00+00:00,25656,25674.75,25651.75,25659.25,21039
2025-12-04T13:00:00+00:00,25658.5,25667,25618.5,25632,41540
2025-12-04T14:00:00+00:00,25632,25732.5,25540,25554.5,285839
2025-12-04T15:00:00+00:00,25555.25,25639,25520,25569.75,270195
2025-12-04T16:00:00+00:00,25569.75,25650.25,25505.25,25642,208787
2025-12-04T17:00:00+00:00,25642,25654.25,25586,25617.5,125893
2025-12-04T18:00:00+00:00,25617.5,25633.5,25574.25,25604.25,100354
2025-12-04T19:00:00+00:00,25603.75,25612,25487,25588.75,175891
2025-12-04T20:00:00+00:00,25589,25633,25551.5,25627,132055
2025-12-04T21:00:00+00:00,25627.5,25638,25617.5,25632.25,25365
2025-12-04T23:00:00+00:00,25631,25647.75,25608.5,25621.25,0
2025-12-05T00:00:00+00:00,25620.75,25656.75,25611,25654.5,17461
2025-12-05T01:00:00+00:00,25654.25,25684.25,25653,25681.75,18919
2025-12-05T02:00:00+00:00,25681.75,25713.25,25679.25,25689,21209
2025-12-05T03:00:00+00:00,25689,25707,25683.25,25701,13352
2025-12-05T04:00:00+00:00,25700.5,25717,25697,25712.75,13315
2025-12-05T05:00:00+00:00,25718,25724.5,25707.75,25723.25,10070
2025-12-05T06:00:00+00:00,25723,25731,25703.25,25712.5,13781
2025-12-05T07:00:00+00:00,25712.5,25729.5,25705,25724.5,12909
2025-12-05T08:00:00+00:00,25724.5,25755.5,25721,25724.75,24857
2025-12-05T09:00:00+00:00,25724.5,25736,25706.25,25718,15686
2025-12-05T10:00:00+00:00,25717.75,25733.25,25712,25716.5,11989
2025-12-05T11:00:00+00:00,25716.25,25727,25704.5,25719.25,13037
2025-12-05T12:00:00+00:00,25719.75,25733,25689.25,25703.5,23131
2025-12-05T13:00:00+00:00,25703,25710,25579,25614.25,78349
2025-12-05T14:00:00+00:00,25614.5,25803.25,25611.25,25791,235957
2025-12-05T15:00:00+00:00,25791,25867.75,25716.5,25743.25,281414
2025-12-05T16:00:00+00:00,25743,25767,25651,25729.75,253184
2025-12-05T17:00:00+00:00,25729.75,25740.5,25665,25730,139529
2025-12-05T18:00:00+00:00,25730,25758.5,25699.75,25727,98934
2025-12-05T19:00:00+00:00,25727.25,25743.75,25702.75,25737.5,88633
2025-12-05T20:00:00+00:00,25737.75,25740.25,25677.75,25726,108809
2025-12-05T21:00:00+00:00,25726,25743.75,25723.25,25732,22749
2025-12-07T23:00:00+00:00,25740.25,25756.5,25723.25,25745.5,14150
2025-12-08T00:00:00+00:00,25745.75,25750.5,25700,25746.75,23431
2025-12-08T01:00:00+00:00,25746.75,25771.75,25743,25767.5,17627
2025-12-08T02:00:00+00:00,25768,25783.75,25761.75,25782.75,14066
2025-12-08T03:00:00+00:00,25782.25,25794.5,25777,25789,12063
2025-12-08T04:00:00+00:00,25789.5,25803.25,25787.25,25800.5,9010
2025-12-08T05:00:00+00:00,25799,25804.5,25790.5,25794.25,8516
2025-12-08T06:00:00+00:00,25794.25,25811.5,25785.25,25790,12040
2025-12-08T07:00:00+00:00,25789.75,25821,25777.5,25805,16677
2025-12-08T08:00:00+00:00,25805.5,25806.5,25768.25,25774.25,18245
2025-12-08T09:00:00+00:00,25774,25797.75,25768.5,25774,15031
2025-12-08T10:00:00+00:00,25773.75,25800,25762,25793.5,15587
2025-12-08T11:00:00+00:00,25793.5,25797.5,25770.75,25774.75,16976
2025-12-08T12:00:00+00:00,25775,25811.5,25764.75,25803.5,20999
2025-12-08T13:00:00+00:00,25803.25,25833,25784.75,25809.75,36961
2025-12-08T14:00:00+00:00,25810,25860.75,25722,25744.5,202758
2025-12-08T15:00:00+00:00,25744,25778.5,25650,25663,221707
2025-12-08T16:00:00+00:00,25663,25671,25622.25,25639.75,155708
2025-12-08T17:00:00+00:00,25640,25690,25593.75,25680.75,151701
2025-12-08T18:00:00+00:00,25680.25,25696.5,25563.75,25592.25,150809
2025-12-08T19:00:00+00:00,25592.5,25622.5,25567.25,25591.5,105086
2025-12-08T20:00:00+00:00,25592.5,25672,25582.5,25668.25,100006
2025-12-08T21:00:00+00:00,25669.5,25708.25,25656,25706.5,44229
2025-12-08T23:00:00+00:00,25713,25728.75,25692.5,25726.5,0
2025-12-09T00:00:00+00:00,25727,25727.75,25711.5,25719.75,11929
2025-12-09T01:00:00+00:00,25719.5,25729.5,25685,25692,23465
2025-12-09T02:00:00+00:00,25691.75,25708.75,25675.25,25692.5,16730
2025-12-09T03:00:00+00:00,25691.75,25702,25684.25,25698.25,10899
2025-12-09T04:00:00+00:00,25698.75,25700.5,25683,25686.5,7133
2025-12-09T05:00:00+00:00,25676.5,25679.25,25662.5,25663.25,12990
2025-12-09T06:00:00+00:00,25664,25688,25646.75,25683.5,15633
2025-12-09T07:00:00+00:00,25683.25,25697.5,25676.25,25692,13104
2025-12-09T08:00:00+00:00,25692,25712.5,25682.25,25695.5,16578
2025-12-09T09:00:00+00:00,25695.5,25696.5,25650,25657,17704
2025-12-09T10:00:00+00:00,25656.25,25692.5,25601,25667.75,35400
2025-12-09T11:00:00+00:00,25668,25681.5,25630.5,25672.5,24233
2025-12-09T12:00:00+00:00,25673,25676.5,25645.25,25664.25,19529
2025-12-09T13:00:00+00:00,25663.75,25666,25607,25616,37453
2025-12-09T14:00:00+00:00,25616.5,25653.25,25560,25630.25,195047
2025-12-09T15:00:00+00:00,25630.75,25687,25615.25,25684,204110
2025-12-09T16:00:00+00:00,25683.75,25715.75,25667,25708.75,141445
2025-12-09T17:00:00+00:00,25708.5,25733,25689,25717.25,104247
2025-12-09T18:00:00+00:00,25717,25738.5,25690.5,25721.75,88878
2025-12-09T19:00:00+00:00,25722,25724.25,25682.75,25702.5,73762
2025-12-09T20:00:00+00:00,25702,25722,25686,25703,83890
2025-12-09T21:00:00+00:00,25703.25,25704,25674.75,25676.5,23743
2025-12-09T23:00:00+00:00,25681,25689.25,25667,25672,0
2025-12-10T00:00:00+00:00,25672,25693.75,25650.25,25651,17428
2025-12-10T01:00:00+00:00,25650.5,25664,25640,25655.75,15686
2025-12-10T02:00:00+00:00,25656.25,25679,25654.25,25673.5,10413
2025-12-10T03:00:00+00:00,25673.5,25685,25663.25,25673.5,11293
2025-12-10T04:00:00+00:00,25674,25709.5,25674,25692.25,11389
2025-12-10T05:00:00+00:00,25677.25,25687,25668.5,25681.75,10306
2025-12-10T06:00:00+00:00,25681.75,25713.75,25681,25704,11287
2025-12-10T07:00:00+00:00,25703,25730.75,25698,25728.25,12564
2025-12-10T08:00:00+00:00,25728.75,25746.25,25705.25,25720.5,23255
2025-12-10T09:00:00+00:00,25720.5,25732,25704,25709.5,14334
2025-12-10T10:00:00+00:00,25708.75,25734,25615.75,25650.75,37457
2025-12-10T11:00:00+00:00,25650.5,25693,25639,25666,23450
2025-12-10T12:00:00+00:00,25666,25668.5,25627.5,25648.25,21666
2025-12-10T13:00:00+00:00,25648.75,25718,25645.25,25673,36674
2025-12-10T14:00:00+00:00,25673,25683,25567,25630.75,221742
2025-12-10T15:00:00+00:00,25630.75,25656.75,25550.25,25566.75,217962
2025-12-10T16:00:00+00:00,25566.75,25658.5,25528.25,25650.5,164442
2025-12-10T17:00:00+00:00,25650.5,25682,25616,25665,92216
2025-12-10T18:00:00+00:00,25664.75,25667.75,25595,25614,79202
2025-12-10T19:00:00+00:00,25616.75,25834,25579,25824,398603
2025-12-10T20:00:00+00:00,25824,25869.75,25788,25800.25,212348
2025-12-10T21:00:00+00:00,25799.5,25813.25,25754.25,25800.25,46654
2025-12-10T23:00:00+00:00,25777.75,25792.5,25715,25729.25,0
2025-12-11T00:00:00+00:00,25730,25733.5,25670.75,25684,26180
2025-12-11T01:00:00+00:00,25683.5,25683.5,25651.25,25659.75,22751
2025-12-11T02:00:00+00:00,25660,25661.5,25523.25,25549.75,57576
2025-12-11T03:00:00+00:00,25548.75,25550.75,25382,25486.75,84072
2025-12-11T04:00:00+00:00,25486.75,25533,25475.25,25509,30405
2025-12-11T05:00:00+00:00,25497.5,25521.75,25482.75,25514.25,19239
2025-12-11T06:00:00+00:00,25513.75,25523.75,25470.5,25509.25,18486
2025-12-11T07:00:00+00:00,25509.25,25543,25475,25539.25,22653
2025-12-11T08:00:00+00:00,25539.25,25543.75,25474,25537.25,35220
2025-12-11T09:00:00+00:00,25536.25,25623.5,25528.75,25603.75,33692
2025-12-11T10:00:00+00:00,25604,25616.75,25580,25597.5,22035
2025-12-11T11:00:00+00:00,25597.5,25630.25,25591,25623,17891
2025-12-11T12:00:00+00:00,25623,25700.75,25617.25,25692.5,38253
2025-12-11T13:00:00+00:00,25692.5,25699.25,25632.25,25643.75,44795
2025-12-11T14:00:00+00:00,25644,25680.75,25400.5,25414.25,319306
2025-12-11T15:00:00+00:00,25414.5,25629.25,25390.25,25531.25,364858
2025-12-11T16:00:00+00:00,25531.25,25589.25,25456,25500.75,239772
2025-12-11T17:00:00+00:00,25500.75,25647.25,25495,25592.5,159144
2025-12-11T18:00:00+00:00,25591.75,25686.75,25582.25,25637.75,123841
2025-12-11T19:00:00+00:00,25637.5,25723,25635,25689.75,87032
2025-12-11T20:00:00+00:00,25690,25720,25660,25715,97759
2025-12-11T21:00:00+00:00,25714.25,25862.5,25708.5,25835,62354
2025-12-11T23:00:00+00:00,25719.5,25733.75,25649.25,25671.5,0
2025-12-12T00:00:00+00:00,25672,25686.25,25641.25,25647.5,27840
2025-12-12T01:00:00+00:00,25647.75,25681.5,25646.25,25678,14941
2025-12-12T02:00:00+00:00,25678.25,25703.75,25675,25694.25,14214
2025-12-12T03:00:00+00:00,25694.25,25697.75,25663.75,25669,12535
2025-12-12T04:00:00+00:00,25669,25673.75,25653.5,25658.25,11063
2025-12-12T05:00:00+00:00,25668.75,25699.25,25659,25691,13317
2025-12-12T06:00:00+00:00,25690.75,25704.5,25675.75,25679.75,12707
2025-12-12T07:00:00+00:00,25679.25,25679.75,25657,25665,11961
2025-12-12T08:00:00+00:00,25665.75,25682.75,25650.75,25662.5,20194
2025-12-12T09:00:00+00:00,25662.25,25667.5,25562.25,25588,39233
2025-12-12T10:00:00+00:00,25588.25,25621.75,25565,25583.75,23929
2025-12-12T11:00:00+00:00,25584,25588.25,25532.25,25553,27209
2025-12-12T12:00:00+00:00,25553.5,25596.25,25537.75,25568.25,33491
2025-12-12T13:00:00+00:00,25567.5,25626.25,25558.75,25625.5,38660
2025-12-12T14:00:00+00:00,25625,25632.5,25501.5,25558,250376
2025-12-12T15:00:00+00:00,25558.5,25559.25,25213.75,25240.5,450976
2025-12-12T16:00:00+00:00,25240.25,25278,25117.75,25174.25,422270
2025-12-12T17:00:00+00:00,25174.25,25309.75,25162.75,25276.75,217636
2025-12-12T18:00:00+00:00,25277,25368.25,25262.5,25278.5,172109
2025-12-12T19:00:00+00:00,25279,25286,25215,25244.25,140256
2025-12-12T20:00:00+00:00,25244.25,25263,25145.5,25209.75,172633
2025-12-12T21:00:00+00:00,25211.75,25225.75,25199,25213.5,33080
2025-12-14T23:00:00+00:00,25145.5,25200,25138.75,25194,17016
2025-12-15T00:00:00+00:00,25191.25,25241,25187.75,25234.25,16758
2025-12-15T01:00:00+00:00,25234.25,25265,25221,25262.75,14461
2025-12-15T02:00:00+00:00,25262.5,25284,25253.75,25261.75,15205
2025-12-15T03:00:00+00:00,25261,25273,25245.25,25255.5,11227
2025-12-15T04:00:00+00:00,25255.5,25276.25,25233,25266.75,11098
2025-12-15T05:00:00+00:00,25268.75,25282.75,25254,25277.25,7248
2025-12-15T06:00:00+00:00,25277,25279,25249.25,25273,9169
2025-12-15T07:00:00+00:00,25273,25282.25,25237.5,25252,10448
2025-12-15T08:00:00+00:00,25253.25,25292.25,25230.25,25285.5,13761
2025-12-15T09:00:00+00:00,25284.5,25334.25,25274,25325.5,13281
2025-12-15T10:00:00+00:00,25324.5,25342.5,25316.75,25336,8697
2025-12-15T11:00:00+00:00,25336.75,25360,25327.5,25354.75,8880
2025-12-15T12:00:00+00:00,25354.5,25361.5,25323,25352,14873
2025-12-15T13:00:00+00:00,25351.25,25384,25336.25,25379.75,18441
2025-12-15T14:00:00+00:00,25380.25,25410,25213.75,25225.75,142613
2025-12-15T15:00:00+00:00,25225.75,25235.5,25034.5,25152.75,198031
2025-12-15T16:00:00+00:00,25154.25,25266.75,25118.75,25163.25,121268
2025-12-15T17:00:00+00:00,25163.5,25187.25,25083.5,25131,70392
2025-12-15T18:00:00+00:00,25130.25,25169.5,25079,25153,63554
2025-12-15T19:00:00+00:00,25152,25183.5,25106.75,25150,51767
2025-12-15T20:00:00+00:00,25149.5,25157.5,25082.25,25083.5,55152
2025-12-15T21:00:00+00:00,25087.5,25108,25077.5,25102.5,13228
2025-12-15T23:00:00+00:00,25100,25123,25036.75,25058.5,0
2025-12-16T00:00:00+00:00,25058.5,25068.5,24993.25,25004.25,16799
2025-12-16T01:00:00+00:00,25003.75,25014.5,24865,24903.5,25793
2025-12-16T02:00:00+00:00,24904.5,24938.75,24877.75,24902,13117
2025-12-16T03:00:00+00:00,24902,24921.25,24855.75,24913,12449
2025-12-16T04:00:00+00:00,24912.25,24927.75,24867.5,24917.25,6609
2025-12-16T05:00:00+00:00,24906.5,24909.25,24858,24867.5,7591
2025-12-16T06:00:00+00:00,24868.25,24889.25,24857.75,24885.5,6349
2025-12-16T07:00:00+00:00,24886,24899,24826,24880.25,10359
2025-12-16T08:00:00+00:00,24880.5,25211.75,24878.5,25203.5,115474
2025-12-16T09:00:00+00:00,25204,25231.75,24918.5,25182.75,18455
2025-12-16T10:00:00+00:00,25183,25274.5,24921,25246,18542
2025-12-16T11:00:00+00:00,25246.25,25294,24988.5,25293.75,13633
2025-12-16T12:00:00+00:00,25047.25,25324.25,25034.25,25048.75,0
2025-12-16T13:00:00+00:00,25298,25383.5,24994.75,25251.75,31231
2025-12-16T14:00:00+00:00,25252.25,25399,24960.5,25393.5,455750
2025-12-16T15:00:00+00:00,25393.5,25408.5,24936.5,25079.5,0
2025-12-16T16:00:00+00:00,25078.5,25344,24970.5,25335,799092
2025-12-16T17:00:00+00:00,25092.25,25355.5,24951.5,25200,140015
2025-12-16T18:00:00+00:00,25200.75,25350.25,24927.75,25316.25,146626
2025-12-16T19:00:00+00:00,25315.75,25349.5,24985.25,25318.25,116274
2025-12-16T20:00:00+00:00,25318.25,25444,25070.25,25374.25,122001
2025-12-16T21:00:00+00:00,25132,25375.5,25068.5,25084.75,36719
2025-12-16T23:00:00+00:00,25100,25362.75,25055.75,25316.25,0
2025-12-17T00:00:00+00:00,25075,25328,25025.5,25304.75,33906
2025-12-17T01:00:00+00:00,25063,25359,25063,25357,24663
2025-12-17T02:00:00+00:00,25357.25,25375,25087,25121,0
2025-12-17T03:00:00+00:00,25362.75,25380,25100,25109,86292
2025-12-17T04:00:00+00:00,25351,25366,25071,25075.5,0
2025-12-17T05:00:00+00:00,25078.5,25357.75,25062,25353,110532
2025-12-17T06:00:00+00:00,25112.75,25417,25112.25,25393.5,18022
2025-12-17T07:00:00+00:00,25394,25432.25,25142.25,25412.25,19113
2025-12-17T08:00:00+00:00,25411.75,25436,25148.5,25415.75,22665
2025-12-17T09:00:00+00:00,25415.75,25470,25160.75,25221,0
2025-12-17T10:00:00+00:00,25463.5,25491.75,25213,25483,186629
2025-12-17T11:00:00+00:00,25482.5,25499,25223.25,25495,17909
2025-12-17T12:00:00+00:00,25251.25,25508,25232,25245.5,0
2025-12-17T13:00:00+00:00,25245.5,25496.75,25154,25464,283256
2025-12-17T14:00:00+00:00,25224.25,25481.75,25010.5,25333,259224
2025-12-17T15:00:00+00:00,25098.75,25346.5,24806,25059,342744
2025-12-17T16:00:00+00:00,25058.5,25122.5,24758,25034.5,271951
2025-12-17T17:00:00+00:00,25035.25,25085,24756,25022.25,174031
2025-12-17T18:00:00+00:00,25022,25078,24795.25,24958.5,135908
2025-12-17T19:00:00+00:00,24958,24985.5,24922.25,24975,105980
2025-12-17T20:00:00+00:00,24975.25,24983.25,24887.75,24891.5,120471
2025-12-17T21:00:00+00:00,24892.5,24995.75,24892.5,24951.75,50880
2025-12-17T23:00:00+00:00,24980,25000.25,24925.25,24932.5,0
2025-12-18T00:00:00+00:00,24934,24997.75,24901.25,24987.75,35383
2025-12-18T01:00:00+00:00,24987,24994,24950.75,24961.5,24112
2025-12-18T02:00:00+00:00,24962.5,25012,24955.5,24969,25232
2025-12-18T03:00:00+00:00,24969.25,24972.75,24902.5,24940.5,23757
2025-12-18T04:00:00+00:00,24941.25,24990.75,24938.75,24988.25,13815
2025-12-18T05:00:00+00:00,24992.75,24993.5,24964.75,24985.5,13047
2025-12-18T06:00:00+00:00,24985.75,24991.75,24953.75,24983,13729
2025-12-18T07:00:00+00:00,24983.5,25040.5,24982.25,25031,23711
2025-12-18T08:00:00+00:00,25030.75,25073,25008.25,25055.75,27272
2025-12-18T09:00:00+00:00,25054.75,25097.5,25030.75,25095.75,20552
2025-12-18T10:00:00+00:00,25096.25,25100,25065.25,25079,14957
2025-12-18T11:00:00+00:00,25079.5,25104,25073.75,25100.5,13698
2025-12-18T12:00:00+00:00,25100.75,25114.75,25085.5,25094.75,19524
2025-12-18T13:00:00+00:00,25094.75,25264.25,25064.75,25222.5,102611
2025-12-18T14:00:00+00:00,25222.25,25329.5,25160.75,25277.5,277203
2025-12-18T15:00:00+00:00,25277.5,25407.5,25174.75,25366,295386
2025-12-18T16:00:00+00:00,25366.5,25417,25343.5,25386.25,149502
2025-12-18T17:00:00+00:00,25386.5,25386.5,25184.75,25355.5,290346
2025-12-18T18:00:00+00:00,25355.5,25402.5,25317.5,25338.5,124812
2025-12-18T19:00:00+00:00,25338.5,25340,25193.75,25208.75,168693
2025-12-18T20:00:00+00:00,25208.5,25342.5,25192.75,25252,153110
2025-12-18T21:00:00+00:00,25252,25257.5,25193.5,25219,35609
2025-12-18T23:00:00+00:00,25237.5,25257.5,25209,25256.75,0
2025-12-19T00:00:00+00:00,25256.5,25266.5,25221,25244.5,22671
2025-12-19T01:00:00+00:00,25244,25277.75,25211.75,25267,25853
2025-12-19T02:00:00+00:00,25266.25,25286.75,25250,25251.25,19862
2025-12-19T03:00:00+00:00,25252.25,25322,25236.25,25306.75,26987
2025-12-19T04:00:00+00:00,25307,25318,25286.5,25307,13127
2025-12-19T05:00:00+00:00,25291.25,25313.5,25281.75,25291.25,12224
2025-12-19T06:00:00+00:00,25291.5,25305.75,25266.75,25298.75,15228
2025-12-19T07:00:00+00:00,25299,25373.5,25298.5,25346.5,26881
2025-12-19T08:00:00+00:00,25346.75,25387.5,25340.25,25371,25733
2025-12-19T09:00:00+00:00,25370.25,25393.5,25356,25383.75,17556
2025-12-19T10:00:00+00:00,25384,25384.25,25354.75,25361.25,15449
2025-12-19T11:00:00+00:00,25360.5,25364.75,25315.5,25340.5,22545
2025-12-19T12:00:00+00:00,25341.25,25357.25,25279.25,25280.75,32376
2025-12-19T13:00:00+00:00,25280.75,25339.5,25273.75,25322.25,42872
2025-12-19T14:00:00+00:00,25323,25573.25,25298.25,25557.75,280302
2025-12-19T15:00:00+00:00,25558.25,25601,25465.25,25483.25,249810
2025-12-19T16:00:00+00:00,25483.25,25565,25459.75,25505.75,156771
2025-12-19T17:00:00+00:00,25505.5,25597.5,25501.75,25578,92053
2025-12-19T18:00:00+00:00,25577.75,25592,25544.25,25551.75,71020
2025-12-19T19:00:00+00:00,25551.5,25589.5,25550.25,25568.75,54333
2025-12-19T20:00:00+00:00,25569.25,25592.5,25549.75,25581.25,92156
2025-12-19T21:00:00+00:00,25581.25,25599.5,25567,25574.75,29913
2025-12-21T23:00:00+00:00,25643.5,25676.5,25631.5,25669.25,17798
2025-12-22T00:00:00+00:00,25668.75,25682,25644.25,25654.5,21869
2025-12-22T01:00:00+00:00,25655,25697,25653.75,25688.5,17863
2025-12-22T02:00:00+00:00,25688.75,25698.25,25680.5,25696,11254
2025-12-22T03:00:00+00:00,25696,25699.75,25673.25,25679,11346
2025-12-22T04:00:00+00:00,25678.75,25690.5,25671.5,25683.5,9317
2025-12-22T05:00:00+00:00,25681,25683,25662.25,25674.25,10538
2025-12-22T06:00:00+00:00,25674,25700,25673.75,25690.25,10489
2025-12-22T07:00:00+00:00,25690,25711.5,25688.75,25702.25,12805
2025-12-22T08:00:00+00:00,25702.5,25717.25,25681.25,25688,16572
2025-12-22T09:00:00+00:00,25687.75,25725.75,25683.25,25712.25,14677
2025-12-22T10:00:00+00:00,25712.5,25720.5,25706.5,25707.25,8690
2025-12-22T11:00:00+00:00,25707.5,25719.5,25698.5,25699.75,12163
2025-12-22T12:00:00+00:00,25700.25,25738.75,25697,25737,21998
2025-12-22T13:00:00+00:00,25736.75,25756.75,25731,25752.75,26101
2025-12-22T14:00:00+00:00,25752.75,25795,25671,25747.75,220948
2025-12-22T15:00:00+00:00,25747.25,25754.5,25629.5,25674.25,214918
2025-12-22T16:00:00+00:00,25674,25723,25672.75,25714.75,101466
2025-12-22T17:00:00+00:00,25714.75,25731.25,25684.75,25721,70847
2025-12-22T18:00:00+00:00,25721.5,25722.5,25672.25,25689.5,69228
2025-12-22T19:00:00+00:00,25689.75,25712.25,25676.25,25690.75,53136
2025-12-22T20:00:00+00:00,25690.75,25705,25679.75,25688.25,67619
2025-12-22T21:00:00+00:00,25688.25,25706.25,25687.5,25700.5,17245
2025-12-22T23:00:00+00:00,25701.25,25722.25,25699.5,25713.25,0
2025-12-23T00:00:00+00:00,25713.5,25723.75,25708.5,25722.25,7356
2025-12-23T01:00:00+00:00,25722.25,25730,25695.5,25710.75,15925
2025-12-23T02:00:00+00:00,25710.25,25738.5,25708.5,25723,13849
2025-12-23T03:00:00+00:00,25723.25,25731.25,25708,25712,9053
2025-12-23T04:00:00+00:00,25711.75,25713.5,25683.25,25688.75,11475
2025-12-23T05:00:00+00:00,25687.25,25698.5,25677.25,25678.25,10228
2025-12-23T06:00:00+00:00,25678,25681.25,25653.75,25667.75,12507
2025-12-23T07:00:00+00:00,25668.25,25679.25,25658,25671,9775
2025-12-23T08:00:00+00:00,25671,25708.25,25665.5,25690.75,15677
2025-12-23T09:00:00+00:00,25690,25728.75,25689,25718.75,10661
2025-12-23T10:00:00+00:00,25719.25,25725,25699,25706.5,8861
2025-12-23T11:00:00+00:00,25706.25,25709.75,25686.25,25694,9708
2025-12-23T12:00:00+00:00,25694,25701.75,25661,25685,19095
2025-12-23T13:00:00+00:00,25685,25687.5,25608.5,25620.75,48582
2025-12-23T14:00:00+00:00,25620.75,25751.25,25609,25692.25,190288
2025-12-23T15:00:00+00:00,25691,25740.75,25627.25,25731.25,187182
2025-12-23T16:00:00+00:00,25731.25,25776.75,25726.25,25773.25,92094
2025-12-23T17:00:00+00:00,25773.75,25778.5,25750.75,25754.75,52168
2025-12-23T18:00:00+00:00,25754.25,25780.5,25751.5,25773.75,41377
2025-12-23T19:00:00+00:00,25774,25802.25,25771.5,25797,41082
2025-12-23T20:00:00+00:00,25797.25,25820.25,25793,25811.25,61264
2025-12-23T21:00:00+00:00,25811.5,25822.25,25803,25811.5,22979
2025-12-23T23:00:00+00:00,25812,25820.5,25800.75,25810,0
2025-12-24T00:00:00+00:00,25810,25825.75,25808.75,25816.5,8584
2025-12-24T01:00:00+00:00,25816,25823.5,25802,25807.75,8734
2025-12-24T02:00:00+00:00,25807.25,25812.25,25782.75,25793.75,10650
2025-12-24T03:00:00+00:00,25793.5,25803.25,25786.25,25796.75,6496
2025-12-24T04:00:00+00:00,25796.5,25802,25781,25782,6015
2025-12-24T05:00:00+00:00,25783.75,25799,25780.25,25791.25,7806
2025-12-24T06:00:00+00:00,25790.75,25800.75,25790.25,25792.75,4546
2025-12-24T07:00:00+00:00,25792.75,25795,25784.25,25788.25,4777
2025-12-24T08:00:00+00:00,25788.25,25797,25786.75,25789.5,5516
2025-12-24T09:00:00+00:00,25789.75,25807,25783,25799,7419
2025-12-24T10:00:00+00:00,25798.75,25799,25787.25,25792.75,5729
2025-12-24T11:00:00+00:00,25793,25801.75,25785,25792,6357
2025-12-24T12:00:00+00:00,25792.25,25820.5,25788.75,25816,11448
2025-12-24T13:00:00+00:00,25816,25831.75,25800.5,25822.5,18306
2025-12-24T14:30:00+00:00,25822.5,25827.5,25781.75,25809.75,90518
2025-12-24T15:30:00+00:00,25809.5,25841,25804,25829,91627
2025-12-24T16:30:00+00:00,25829.25,25886.5,25827.75,25876.25,65872
2025-12-24T17:30:00+00:00,25876.5,25892.25,25863.75,25878,48802
2025-12-24T18:00:00+00:00,25878,25881.5,25852.25,25880.5,8940
2025-12-26T05:00:00+00:00,25879,25888.75,25867.5,25876,5185
2025-12-26T06:00:00+00:00,25876,25881,25868,25871.75,5938
2025-12-26T07:00:00+00:00,25871.5,25873.25,25848.25,25860,8522
2025-12-26T08:00:00+00:00,25860,25862.5,25842.5,25857,7326
2025-12-26T09:00:00+00:00,25857,25878,25855,25876,7812
2025-12-26T10:00:00+00:00,25876.25,25892.25,25875.75,25883.5,8471
2025-12-26T11:00:00+00:00,25884,25888.5,25865.25,25876,7629
2025-12-26T12:00:00+00:00,25876.25,25897.5,25868,25889.75,8576
2025-12-26T13:00:00+00:00,25890,25923.25,25886.25,25896.75,20769
2025-12-26T14:00:00+00:00,25897,25935,25864.5,25880.75,121181
2025-12-26T15:00:00+00:00,25881,25906,25834.25,25899.25,139000
2025-12-26T16:00:00+00:00,25899,25911,25856.75,25874.25,72926
2025-12-26T17:00:00+00:00,25873.25,25882,25848.25,25871.5,55808
2025-12-26T18:00:00+00:00,25871.75,25893.5,25854.25,25891.75,42812
2025-12-26T19:00:00+00:00,25891.75,25898.5,25874,25891.25,36902
2025-12-26T20:00:00+00:00,25891,25892,25857,25866.75,44268
2025-12-26T21:00:00+00:00,25866.75,25874.25,25852.25,25863.25,14651
2025-12-28T23:00:00+00:00,25871,25879,25843.25,25870,12109
2025-12-29T00:00:00+00:00,25871,25893.5,25853,25892,17395
2025-12-29T01:00:00+00:00,25890.75,25892.75,25835.25,25842.25,17794
2025-12-29T02:00:00+00:00,25842,25850.75,25824.25,25845.5,12107
2025-12-29T03:00:00+00:00,25845.75,25854.25,25825.25,25852.5,13350
2025-12-29T04:00:00+00:00,25852.5,25867.75,25851.75,25859.25,9691
2025-12-29T05:00:00+00:00,25856,25856.25,25817.75,25820,19200
2025-12-29T06:00:00+00:00,25820.75,25843,25810.25,25815.5,14377
2025-12-29T07:00:00+00:00,25815.75,25822.75,25785,25799.75,16837
2025-12-29T08:00:00+00:00,25800.25,25804,25731.5,25739.25,26358
2025-12-29T09:00:00+00:00,25739,25770.75,25733.75,25762.75,17947
2025-12-29T10:00:00+00:00,25762.75,25769.25,25744.5,25746.5,10435
2025-12-29T11:00:00+00:00,25747.25,25775.75,25736,25770.5,13783
2025-12-29T12:00:00+00:00,25770.25,25777,25734.25,25746.5,19578
2025-12-29T13:00:00+00:00,25745.25,25763.5,25660.5,25693.5,46233
2025-12-29T14:00:00+00:00,25693.75,25818.75,25656,25723,207411
2025-12-29T15:00:00+00:00,25722.75,25773.25,25661.5,25702.75,213128
2025-12-29T16:00:00+00:00,25702.5,25718.5,25680,25695.75,110463
2025-12-29T17:00:00+00:00,25696,25707.5,25647.75,25699.75,82940
2025-12-29T18:00:00+00:00,25699.75,25729.25,25680.5,25694,67172
2025-12-29T19:00:00+00:00,25694.25,25774.5,25683.5,25765.75,69009
2025-12-29T20:00:00+00:00,25765.75,25766,25729.25,25741.25,71113
2025-12-29T21:00:00+00:00,25741.25,25748.75,25727.5,25744.5,17442
2025-12-29T23:00:00+00:00,25747.5,25747.75,25705.75,25707,0
2025-12-30T00:00:00+00:00,25707.25,25727.5,25699.75,25703.25,10056
2025-12-30T01:00:00+00:00,25704.5,25725,25696.5,25723.75,9822
2025-12-30T02:00:00+00:00,25724.5,25729,25701,25710.25,9594
2025-12-30T03:00:00+00:00,25710.5,25742.75,25709,25735.5,11227
2025-12-30T04:00:00+00:00,25736.25,25752.25,25726.5,25747.5,9774
2025-12-30T05:00:00+00:00,25747.25,25748.5,25721.5,25744.25,11411
2025-12-30T06:00:00+00:00,25744.5,25744.5,25715.5,25726,8909
2025-12-30T07:00:00+00:00,25725.75,25726.25,25684,25703,13546
2025-12-30T08:00:00+00:00,25704,25740.75,25703,25739,15188
2025-12-30T09:00:00+00:00,25739,25754,25729,25738.75,12001
2025-12-30T10:00:00+00:00,25739,25746,25718.5,25727.5,10369
2025-12-30T11:00:00+00:00,25728.25,25736.75,25702,25732.25,13649
2025-12-30T12:00:00+00:00,25732.5,25743.25,25711.75,25727.25,15450
2025-12-30T13:00:00+00:00,25726.75,25745,25691,25714.25,28224
2025-12-30T14:00:00+00:00,25714.25,25774.75,25673.5,25756.75,165776
2025-12-30T15:00:00+00:00,25756,25761.5,25678.25,25744.25,161862
2025-12-30T16:00:00+00:00,25744.25,25794,25717.25,25720,112540
2025-12-30T17:00:00+00:00,25720,25737.25,25699.5,25729,69122
2025-12-30T18:00:00+00:00,25728.75,25744,25707.5,25733.25,53199
2025-12-30T19:00:00+00:00,25732.25,25743.25,25705.5,25711.75,52481
2025-12-30T20:00:00+00:00,25711.25,25717.75,25668.25,25677.5,73210
2025-12-30T21:00:00+00:00,25677.5,25691.75,25670.25,25676.5,19945
2025-12-30T23:00:00+00:00,25678.25,25690.5,25643.5,25656.75,0
2025-12-31T00:00:00+00:00,25657.25,25657.5,25606,25614.75,19301
2025-12-31T01:00:00+00:00,25615,25624.75,25588,25618.25,20234
2025-12-31T02:00:00+00:00,25617.75,25635.5,25604,25626,15080
2025-12-31T03:00:00+00:00,25625.25,25634.75,25606.75,25616.25,8853
2025-12-31T04:00:00+00:00,25616.75,25633.75,25613,25618.75,9113
2025-12-31T05:00:00+00:00,25620.5,25627,25593,25599.5,11867
2025-12-31T06:00:00+00:00,25599.5,25606,25577,25596,11955
2025-12-31T07:00:00+00:00,25595.25,25609.75,25575.25,25597.5,12183
2025-12-31T08:00:00+00:00,25598,25604.25,25552.25,25558.5,14513
2025-12-31T09:00:00+00:00,25558.5,25584.75,25555.75,25568.75,11240
2025-12-31T10:00:00+00:00,25568.5,25591.75,25560.75,25584.75,8731
2025-12-31T11:00:00+00:00,25585,25611.5,25581.75,25609.25,11648
2025-12-31T12:00:00+00:00,25609.5,25632,25597.5,25629.25,16391
2025-12-31T13:00:00+00:00,25629.25,25715,25622.5,25703.25,34230
2025-12-31T14:00:00+00:00,25703,25718.25,25581.75,25605.75,161445
2025-12-31T15:00:00+00:00,25605.75,25618,25542.5,25554.75,141845
2025-12-31T16:00:00+00:00,25554.25,25607.5,25552.75,25605.25,84852
2025-12-31T17:00:00+00:00,25605.25,25606.5,25567.75,25581.5,67326
2025-12-31T18:00:00+00:00,25581.75,25629.75,25572.5,25614.75,59827
2025-12-31T19:00:00+00:00,25614.25,25634.75,25532,25536.25,91810
2025-12-31T20:00:00+00:00,25536.25,25539.5,25444.5,25454.25,153152
2025-12-31T21:00:00+00:00,25455.5,25471.75,25426.5,25434.5,31872
2026-01-02T05:00:00+00:00,25625.75,25644,25612.25,25638.75,12560
2026-01-02T06:00:00+00:00,25639.25,25650,25634,25637.25,10629
2026-01-02T07:00:00+00:00,25637,25647.75,25623.75,25637.5,14420
2026-01-02T08:00:00+00:00,25638.25,25718.25,25636.75,25709.25,30099
2026-01-02T09:00:00+00:00,25709.75,25738.75,25704.75,25733,21961
2026-01-02T10:00:00+00:00,25734,25737.75,25707.75,25731,15094
2026-01-02T11:00:00+00:00,25730.75,25744,25713.75,25727,13037
2026-01-02T12:00:00+00:00,25726.75,25727.25,25680.25,25703,22199
2026-01-02T13:00:00+00:00,25702.5,25711,25678,25692.75,23141
2026-01-02T14:00:00+00:00,25692.25,25803.5,25638,25733.25,232427
2026-01-02T15:00:00+00:00,25733.75,25780,25360.5,25375.5,407343
2026-01-02T16:00:00+00:00,25375,25427.25,25294.25,25341.5,284446
2026-01-02T17:00:00+00:00,25341.5,25405.5,25311.5,25324,128938
2026-01-02T18:00:00+00:00,25324,25363.75,25265.25,25295,107221
2026-01-02T19:00:00+00:00,25294.5,25457,25287,25400,125311
2026-01-02T20:00:00+00:00,25399.5,25450,25366,25385.75,109599
2026-01-02T21:00:00+00:00,25384.75,25415,25378.5,25385.25,23868
2026-01-04T23:00:00+00:00,25426.5,25463.5,25407.75,25457.75,28119
2026-01-05T00:00:00+00:00,25457.5,25479.75,25435.25,25467.25,29137
2026-01-05T01:00:00+00:00,25467,25488,25448.5,25458.25,28660
2026-01-05T02:00:00+00:00,25458,25483.5,25453,25474.25,17178
2026-01-05T03:00:00+00:00,25474,25482.5,25458.5,25463.25,10147
2026-01-05T04:00:00+00:00,25463.75,25491.5,25456,25485.75,11497
2026-01-05T05:00:00+00:00,25487.5,25497.5,25465.75,25495,11337
2026-01-05T06:00:00+00:00,25494.5,25508.25,25468.5,25506.25,15657
2026-01-05T07:00:00+00:00,25506.25,25509.25,25455.25,25478,17910
2026-01-05T08:00:00+00:00,25478,25556,25467.5,25512.25,30453
2026-01-05T09:00:00+00:00,25511.5,25532.5,25495.25,25511.75,19457
2026-01-05T10:00:00+00:00,25511.75,25558.75,25510.5,25553.75,17805
2026-01-05T11:00:00+00:00,25554.25,25577,25544.25,25567.75,18065
2026-01-05T12:00:00+00:00,25567.75,25586.75,25544.5,25557.5,21527
2026-01-05T13:00:00+00:00,25558,25591.5,25520,25576,37699
2026-01-05T14:00:00+00:00,25575.75,25673,25539.25,25594.75,283540
2026-01-05T15:00:00+00:00,25594.75,25691.25,25565.5,25664.5,223167
2026-01-05T16:00:00+00:00,25664.5,25708,25651.25,25658,120018
2026-01-05T17:00:00+00:00,25658.75,25673.5,25607.5,25626.75,111009
2026-01-05T18:00:00+00:00,25626.5,25632.25,25557,25612.75,102224
2026-01-05T19:00:00+00:00,25613,25618.5,25548.5,25577,76840
2026-01-05T20:00:00+00:00,25577.25,25618.75,25565.75,25587,100186
2026-01-05T21:00:00+00:00,25587.5,25590.5,25573,25578.5,21494
2026-01-05T23:00:00+00:00,25581,25597.5,25560,25566,0
2026-01-06T00:00:00+00:00,25566.25,25582.25,25552.25,25563.75,16966
2026-01-06T01:00:00+00:00,25564,25602.75,25555.5,25597.75,17063
2026-01-06T02:00:00+00:00,25598,25625.25,25592.75,25624,12688
2026-01-06T03:00:00+00:00,25623.75,25629.5,25616.5,25620.5,8960
2026-01-06T04:00:00+00:00,25620.75,25647.5,25620.25,25647.25,12093
2026-01-06T05:00:00+00:00,25642.5,25653.5,25638.25,25643,9938
2026-01-06T06:00:00+00:00,25643,25674.5,25641.5,25669,12191
2026-01-06T07:00:00+00:00,25669.25,25669.75,25642.5,25646.75,9495
2026-01-06T08:00:00+00:00,25647.25,25647.75,25527,25572.75,46775
2026-01-06T09:00:00+00:00,25572,25608.25,25557,25585.75,24149
2026-01-06T10:00:00+00:00,25586.5,25597.5,25571.25,25592.25,12977
2026-01-06T11:00:00+00:00,25593.25,25614.25,25589.5,25596.75,11767
2026-01-06T12:00:00+00:00,25596.5,25649.25,25591.5,25641.25,19958
2026-01-06T13:00:00+00:00,25640.75,25652.75,25590.5,25616.25,34620
2026-01-06T14:00:00+00:00,25616.5,25761.5,25592.75,25753,252493
2026-01-06T15:00:00+00:00,25753.25,25778.75,25676.5,25687.75,262281
2026-01-06T16:00:00+00:00,25687.25,25706.25,25644.5,25695.75,203361
2026-01-06T17:00:00+00:00,25695.75,25772.75,25674.5,25759.75,122379
2026-01-06T18:00:00+00:00,25759.75,25806,25745.25,25800,83719
2026-01-06T19:00:00+00:00,25805,25820.25,25794,25809.5,61511
2026-01-06T20:00:00+00:00,25812.5,25837.75,25802.25,25835.5,79994
2026-01-06T21:00:00+00:00,25818.75,25833.25,25817.5,25831.25,37156
2026-01-06T23:00:00+00:00,25834.5,25844.75,25814.5,25825,0
2026-01-07T00:00:00+00:00,25825.25,25842.5,25818.75,25829,15915
2026-01-07T01:00:00+00:00,25829,25835,25811.5,25816.25,14021
2026-01-07T02:00:00+00:00,25816.5,25832.75,25801.75,25806.75,10935
2026-01-07T03:00:00+00:00,25807,25822,25797.5,25800,9659
2026-01-07T04:00:00+00:00,25800.25,25803.5,25780.75,25784.75,13540
2026-01-07T05:00:00+00:00,25782,25794.5,25779,25783.5,10811
2026-01-07T06:00:00+00:00,25783,25799.75,25768,25768.75,12071
2026-01-07T07:00:00+00:00,25768,25779.75,25764.25,25766.5,9612
2026-01-07T08:00:00+00:00,25766,25788.25,25753.5,25753.5,18747
2026-01-07T09:00:00+00:00,25754,25758.75,25727,25753,21789
2026-01-07T10:00:00+00:00,25753,25762.5,25727.75,25739.25,13570
2026-01-07T11:00:00+00:00,25739.75,25768.75,25731.75,25767.75,15213
2026-01-07T12:00:00+00:00,25767.25,25782.25,25753.25,25766.25,22431
2026-01-07T13:00:00+00:00,25766,25793.75,25755.25,25788.5,35690
2026-01-07T14:00:00+00:00,25788.5,25880,25761.5,25857,201258
2026-01-07T15:00:00+00:00,25855,25911.25,25810,25902.75,276406
2026-01-07T16:00:00+00:00,25919.75,25971.25,25879.25,25970,160959
2026-01-07T17:00:00+00:00,25970,25998,25961,25971,103356
2026-01-07T18:00:00+00:00,25970.75,25978.75,25925.5,25955.5,111409
2026-01-07T19:00:00+00:00,25956,25956.5,25888.75,25902.75,110527
2026-01-07T20:00:00+00:00,25902.75,25913.5,25814.25,25834.25,156325
2026-01-07T21:00:00+00:00,25834.5,25839,25820,25836.5,25976
2026-01-07T23:00:00+00:00,25839.25,25850.25,25818.25,25823.5,0
2026-01-08T00:00:00+00:00,25822.75,25843.5,25806.25,25842.5,16055
2026-01-08T01:00:00+00:00,25842,25844.25,25816.5,25837,15378
2026-01-08T02:00:00+00:00,25837.25,25840.5,25773.75,25785.75,19681
2026-01-08T03:00:00+00:00,25786,25795.5,25769.25,25776.25,14853
2026-01-08T04:00:00+00:00,25776.5,25793.5,25773,25779,10951
2026-01-08T05:00:00+00:00,25778.25,25779.75,25737.5,25737.75,15271
2026-01-08T06:00:00+00:00,25738.5,25742,25671,25705,36538
2026-01-08T07:00:00+00:00,25705.5,25804.5,25680.25,25749.75,42226
2026-01-08T08:00:00+00:00,25749.25,25803,25747.75,25780,22363
2026-01-08T09:00:00+00:00,25780.5,25795.5,25751,25769.5,18717
2026-01-08T10:00:00+00:00,25769.5,25774.5,25743.5,25772.5,15183
2026-01-08T11:00:00+00:00,25772.5,25786.25,25739,25770.75,22170
2026-01-08T12:00:00+00:00,25770.5,25777.75,25746.5,25767.5,22700
2026-01-08T13:00:00+00:00,25767.25,25818.75,25757,25799.25,39328
2026-01-08T14:00:00+00:00,25799,25811,25597.5,25603.5,305057
2026-01-08T15:00:00+00:00,25603.25,25713.5,25569.5,25684.75,315832
2026-01-08T16:00:00+00:00,25684.25,25686.75,25583.75,25670.75,192765
2026-01-08T17:00:00+00:00,25671.25,25703.5,25626.75,25680.5,111820
2026-01-08T18:00:00+00:00,25680.5,25684.5,25619.5,25631.5,111672
2026-01-08T19:00:00+00:00,25631,25658,25597,25633.75,111329
2026-01-08T20:00:00+00:00,25633.5,25700,25625.25,25682.5,130112
2026-01-08T21:00:00+00:00,25683,25741.75,25681.25,25711.5,37436
2026-01-08T23:00:00+00:00,25720.5,25727,25672.25,25675.75,0
2026-01-09T00:00:00+00:00,25675.25,25695.5,25664.5,25666,17596
2026-01-09T01:00:00+00:00,25666.5,25679.5,25627,25651.5,21321
2026-01-09T02:00:00+00:00,25651.5,25694,25649,25684.25,18427
2026-01-09T03:00:00+00:00,25683.75,25690.25,25666.75,25674.5,12789
2026-01-09T04:00:00+00:00,25674.75,25680.75,25657.75,25678,9987
2026-01-09T05:00:00+00:00,25683.75,25695.5,25666.75,25693.25,10378
2026-01-09T06:00:00+00:00,25693.25,25702,25672.5,25691,10241
2026-01-09T07:00:00+00:00,25691,25692,25652,25672.5,14566
2026-01-09T08:00:00+00:00,25672.5,25701.5,25665.25,25674.5,22246
2026-01-09T09:00:00+00:00,25674.5,25725.75,25662.25,25721.75,19373
2026-01-09T10:00:00+00:00,25722.75,25737.75,25716.75,25727.75,12197
2026-01-09T11:00:00+00:00,25727.75,25767,25721.25,25740.5,17759
2026-01-09T12:00:00+00:00,25740.5,25752.75,25713.5,25749,19652
2026-01-09T13:00:00+00:00,25748.75,25809.25,25715.25,25804.75,58324
2026-01-09T14:00:00+00:00,25805,25824.75,25648.25,25734,319859
2026-01-09T15:00:00+00:00,25738.25,25879,25615.75,25811.75,422052
2026-01-09T16:00:00+00:00,25811.25,25920.5,25810.75,25910.25,192779
2026-01-09T17:00:00+00:00,25910,25936,25885.25,25923,102844
2026-01-09T18:00:00+00:00,25923.25,25968.25,25882,25961.25,101822
2026-01-09T19:00:00+00:00,25962.25,25972.75,25948,25954.5,61712
2026-01-09T20:00:00+00:00,25954.25,25986,25930.75,25932.75,92950
2026-01-09T21:00:00+00:00,25933.25,25943.5,25923.5,25931.5,28333
2026-01-11T23:00:00+00:00,25913.25,25919.75,25879.75,25894,17190
2026-01-12T00:00:00+00:00,25893.5,25902.5,25772.75,25788.5,54314
2026-01-12T01:00:00+00:00,25789,25797.5,25723.5,25778,55775
2026-01-12T02:00:00+00:00,25777.75,25778.5,25731,25747.75,31109
2026-01-12T03:00:00+00:00,25747.75,25753.5,25710,25737.75,22476
2026-01-12T04:00:00+00:00,25738,25740.25,25715,25729,14750
2026-01-12T05:00:00+00:00,25727,25743,25677.25,25699,25894
2026-01-12T06:00:00+00:00,25699,25726,25696.5,25717.5,15812
2026-01-12T07:00:00+00:00,25717.5,25746.5,25715.5,25731.5,16575
2026-01-12T08:00:00+00:00,25731.75,25750,25632.75,25660,46922
2026-01-12T09:00:00+00:00,25659.75,25706.75,25659.5,25698,24823
2026-01-12T10:00:00+00:00,25698.25,25723.25,25686.5,25708,15555
2026-01-12T11:00:00+00:00,25707.75,25733,25705.5,25719,15327
2026-01-12T12:00:00+00:00,25718.25,25761.75,25713.25,25753.5,25494
2026-01-12T13:00:00+00:00,25753,25762.75,25727.5,25743.5,30222
2026-01-12T14:00:00+00:00,25743.75,25924.75,25719.75,25901,233848
2026-01-12T15:00:00+00:00,25901.25,25933.25,25863.5,25916,210115
2026-01-12T16:00:00+00:00,25915.5,25969.5,25901.25,25960.5,134212
2026-01-12T17:00:00+00:00,25960.75,25977,25938.5,25968.25,85836
2026-01-12T18:00:00+00:00,25968.25,25997.25,25965,25978.5,69565
2026-01-12T19:00:00+00:00,25978.75,26018.5,25962,26014.75,71992
2026-01-12T20:00:00+00:00,26015,26020.5,25950.5,25952,100807
2026-01-12T21:00:00+00:00,25952,25974.25,25932.75,25942.25,35948
2026-01-12T23:00:00+00:00,25948,25954,25893.5,25895.75,0
2026-01-13T00:00:00+00:00,25896,25899.75,25871.5,25875.5,21428
2026-01-13T01:00:00+00:00,25875,25891,25846,25879.25,26650
2026-01-13T02:00:00+00:00,25879.25,25897.25,25874,25878.25,19027
2026-01-13T03:00:00+00:00,25878.25,25892.75,25861.25,25883,14081
2026-01-13T04:00:00+00:00,25883.5,25891.75,25869,25886.25,11105
2026-01-13T05:00:00+00:00,25881.5,25907.5,25877.5,25901.75,13444
2026-01-13T06:00:00+00:00,25901.75,25932.75,25900.5,25915.75,15250
2026-01-13T07:00:00+00:00,25916,25925.75,25906.75,25917.25,10102
2026-01-13T08:00:00+00:00,25916.75,25926.5,25895.25,25906.25,17955
2026-01-13T09:00:00+00:00,25906.25,25937.25,25887.5,25910,18070
2026-01-13T10:00:00+00:00,25909.5,25914.5,25867.25,25878.5,17045
2026-01-13T11:00:00+00:00,25878.5,25901.25,25870.75,25900.75,17228
2026-01-13T12:00:00+00:00,25900.5,25919.25,25888.25,25895.25,20544
2026-01-13T13:00:00+00:00,25895,26046.25,25886.5,25971,94749
2026-01-13T14:00:00+00:00,25970.75,26043,25930.75,25947,267227
2026-01-13T15:00:00+00:00,25946.25,25971.25,25806,25894.5,385140
2026-01-13T16:00:00+00:00,25894.5,26026,25847.25,26008.75,199645
2026-01-13T17:00:00+00:00,26008.5,26018,25857.25,25876.75,175111
2026-01-13T18:00:00+00:00,25876.25,25911.25,25833.75,25840,150874
2026-01-13T19:00:00+00:00,25840.25,25885.5,25821.5,25866.25,133576
2026-01-13T20:00:00+00:00,25866.25,25912.25,25803.25,25904,138721
2026-01-13T21:00:00+00:00,25904.25,25926.75,25895.75,25898.25,30803
2026-01-13T23:00:00+00:00,25900,25914,25886.25,25891,0
2026-01-14T00:00:00+00:00,25891.25,25924.75,25883.25,25907,16429
2026-01-14T01:00:00+00:00,25906.5,25924.5,25878.75,25886,17034
2026-01-14T02:00:00+00:00,25885.5,25897.25,25873,25893.75,10992
2026-01-14T03:00:00+00:00,25893.5,25926,25889.5,25915,13382
2026-01-14T04:00:00+00:00,25915.5,25919,25873.25,25882.5,13970
2026-01-14T05:00:00+00:00,25876.75,25882,25852.5,25855.75,14467
2026-01-14T06:00:00+00:00,25856.25,25863.75,25835.5,25859.75,17243
2026-01-14T07:00:00+00:00,25860.75,25871.75,25848.5,25862.5,10798
2026-01-14T08:00:00+00:00,25862.25,25876,25840.25,25857.75,16095
2026-01-14T09:00:00+00:00,25858.25,25878.75,25836,25851.75,14486
2026-01-14T10:00:00+00:00,25852.25,25852.75,25711.5,25737,47319
2026-01-14T11:00:00+00:00,25737.5,25769,25714.25,25743,27912
2026-01-14T12:00:00+00:00,25743,25785.5,25701,25779.5,31160
2026-01-14T13:00:00+00:00,25778,25807.75,25732.5,25754.25,55600
2026-01-14T14:00:00+00:00,25754.25,25791.25,25578.25,25585.25,341856
2026-01-14T15:00:00+00:00,25585.75,25695,25469.5,25491.75,420960
2026-01-14T16:00:00+00:00,25491.75,25592,25440,25460,255083
2026-01-14T17:00:00+00:00,25459.75,25508.75,25433.25,25449.75,200824
2026-01-14T18:00:00+00:00,25449.5,25526.5,25421.25,25515,172055
2026-01-14T19:00:00+00:00,25515,25534,25485.25,25500.5,132678
2026-01-14T20:00:00+00:00,25500.25,25644,25462.25,25636.75,258683
2026-01-14T21:00:00+00:00,25636.5,25658.5,25552.25,25610.5,40261
2026-01-14T23:00:00+00:00,25597.25,25615.75,25562.75,25605.5,0
2026-01-15T00:00:00+00:00,25605.5,25613,25586,25602.5,16141
2026-01-15T01:00:00+00:00,25601.75,25643.5,25562.5,25629.75,36168
2026-01-15T02:00:00+00:00,25630,25634.25,25596,25609,16164
2026-01-15T03:00:00+00:00,25609.25,25627.25,25579.5,25582,15852
2026-01-15T04:00:00+00:00,25582,25599.75,25570,25580.5,14059
2026-01-15T05:00:00+00:00,25601.25,25647.75,25598.5,25622.5,24108
2026-01-15T06:00:00+00:00,25622,25722.75,25611,25700.75,39603
2026-01-15T07:00:00+00:00,25700.25,25708,25677.25,25688.5,20158
2026-01-15T08:00:00+00:00,25689.5,25747.5,25673.5,25738.25,31694
2026-01-15T09:00:00+00:00,25737.25,25833.25,25733.25,25813,35194
2026-01-15T10:00:00+00:00,25812.25,25830,25800,25817.25,18091
2026-01-15T11:00:00+00:00,25818,25855.75,25816.5,25841.5,21318
2026-01-15T12:00:00+00:00,25841.5,25854,25811,25852.25,29153
2026-01-15T13:00:00+00:00,25852,25916.5,25833.75,25893.25,50865
2026-01-15T14:00:00+00:00,25894.25,25954.25,25842.75,25864,307572
2026-01-15T15:00:00+00:00,25863.75,25925.75,25803.5,25884,326840
2026-01-15T16:00:00+00:00,25884.5,25937.25,25877.25,25924.5,166172
2026-01-15T17:00:00+00:00,25924.75,25939.75,25849.25,25853.75,122768
2026-01-15T18:00:00+00:00,25853.5,25911,25848.5,25885.5,91456
2026-01-15T19:00:00+00:00,25885,25885,25746,25757,179497
2026-01-15T20:00:00+00:00,25756.25,25771.75,25680.75,25719,194961
2026-01-15T21:00:00+00:00,25718.75,25727,25694,25705.75,28925
2026-01-15T23:00:00+00:00,25720,25751,25704.25,25741.5,0
2026-01-16T00:00:00+00:00,25741.25,25762.25,25730.5,25760.75,13786
2026-01-16T01:00:00+00:00,25760,25783.75,25748.75,25770.25,19330
2026-01-16T02:00:00+00:00,25769.25,25797.75,25762.25,25787,12661
2026-01-16T03:00:00+00:00,25787.5,25800,25784,25786.75,8625
2026-01-16T04:00:00+00:00,25787,25810.75,25784.25,25809,11282
2026-01-16T05:00:00+00:00,25812,25820.25,25802.25,25807.75,10019
2026-01-16T06:00:00+00:00,25808,25827.25,25803.25,25823.5,9727
2026-01-16T07:00:00+00:00,25823.75,25838,25806.75,25823.75,13135
2026-01-16T08:00:00+00:00,25823.25,25845.5,25795.25,25816.25,21910
2026-01-16T09:00:00+00:00,25817.25,25842.5,25810,25815.25,17369
2026-01-16T10:00:00+00:00,25815.5,25864.5,25810,25854.25,18097
2026-01-16T11:00:00+00:00,25854.75,25873.5,25825.75,25833.25,20949
2026-01-16T12:00:00+00:00,25833,25853,25805.75,25831.25,27665
2026-01-16T13:00:00+00:00,25830.75,25838.5,25801.75,25826,36885
2026-01-16T14:00:00+00:00,25826.25,25891.25,25726.25,25728.75,255875
2026-01-16T15:00:00+00:00,25729,25765.5,25590.25,25680.75,366152
2026-01-16T16:00:00+00:00,25680.5,25753.25,25660.5,25717,185144
2026-01-16T17:00:00+00:00,25716.75,25721.5,25657.75,25660.25,110555
2026-01-16T18:00:00+00:00,25660.5,25732.5,25654,25716.5,88061
2026-01-16T19:00:00+00:00,25716.25,25748.25,25672.5,25716,113784
2026-01-16T20:00:00+00:00,25715.75,25729.75,25681.75,25684.75,124777
2026-01-16T21:00:00+00:00,25684.25,25702.5,25670.75,25681.75,28578
2026-01-19T04:00:00+00:00,25689,25689,25381.5,25384.75,3020
2026-01-20T05:00:00+00:00,25380.5,25412.75,25367,25382.75,19849
2026-01-20T06:00:00+00:00,25382.75,25390.25,25259.75,25311,50079
2026-01-20T07:00:00+00:00,25310.75,25320.5,25256.5,25283.75,36907
2026-01-20T08:00:00+00:00,25283.5,25288.75,25166.75,25201,71827
2026-01-20T09:00:00+00:00,25201.5,25220.75,25095.25,25134.5,67569
2026-01-20T10:00:00+00:00,25134.5,25207.75,25106.75,25175.25,42705
2026-01-20T11:00:00+00:00,25175,25228.5,25173,25206,37595
2026-01-20T12:00:00+00:00,25205.5,25283.75,25191.75,25258,54735
2026-01-20T13:00:00+00:00,25258,25277.5,25181.5,25212.5,101101
2026-01-20T14:00:00+00:00,25212.25,25369,25201.25,25323.25,319668
2026-01-20T15:00:00+00:00,25323,25417.75,25254,25363.25,363809
2026-01-20T16:00:00+00:00,25363,25430,25333.5,25399,271016
2026-01-20T17:00:00+00:00,25398.5,25407.25,25255,25292.75,210966
2026-01-20T18:00:00+00:00,25293,25311.25,25170.75,25199.25,163296
2026-01-20T19:00:00+00:00,25199.25,25225.25,25128,25169.25,162852
2026-01-20T20:00:00+00:00,25169.25,25169.75,25099,25143,191306
2026-01-20T21:00:00+00:00,25142.25,25167,25122.5,25143.25,39206
2026-01-20T23:00:00+00:00,25147,25175.5,25103.5,25116.25,0
2026-01-21T00:00:00+00:00,25116.75,25186,25115.5,25178.75,26769
2026-01-21T01:00:00+00:00,25179,25218.75,25178.5,25201.75,24217
2026-01-21T02:00:00+00:00,25202,25209.75,25168,25180,22566
2026-01-21T03:00:00+00:00,25179.75,25227.5,25178.5,25197.75,24253
2026-01-21T04:00:00+00:00,25197.5,25213.75,25182.5,25200,14507
2026-01-21T05:00:00+00:00,25204.5,25225.75,25200.5,25220,14440
2026-01-21T06:00:00+00:00,25220,25234.5,25191.75,25196.25,18316
2026-01-21T07:00:00+00:00,25196.25,25246.75,25193,25212.75,19795
2026-01-21T08:00:00+00:00,25212.75,25233.5,25195,25204.75,25124
2026-01-21T09:00:00+00:00,25204.25,25226.75,25128.5,25129,32404
2026-01-21T10:00:00+00:00,25129.5,25188.5,25121.75,25153,26271
2026-01-21T11:00:00+00:00,25153,25159.75,25040.25,25047.75,45141
2026-01-21T12:00:00+00:00,25047.5,25090.25,25026,25086.25,54490
2026-01-21T13:00:00+00:00,25086,25125.75,25040,25085,80628
2026-01-21T14:00:00+00:00,25084,25339.75,25072.25,25325,388558
2026-01-21T15:00:00+00:00,25324.5,25488,25293,25470,330555
2026-01-21T16:00:00+00:00,25469.75,25496.5,25221,25229.75,352403
2026-01-21T17:00:00+00:00,25229.75,25262.75,25142.75,25246,343772
2026-01-21T18:00:00+00:00,25245.5,25294.75,25151.25,25282.75,230579
2026-01-21T19:00:00+00:00,25282.5,25641.75,25232.75,25639,312767
2026-01-21T20:00:00+00:00,25639,25653.25,25445.75,25473,252005
2026-01-21T21:00:00+00:00,25476.25,25530.75,25474.5,25509,35031
2026-01-21T23:00:00+00:00,25529,25569.75,25523,25552.25,0
2026-01-22T00:00:00+00:00,25553.25,25582.25,25537.75,25559.5,23099
2026-01-22T01:00:00+00:00,25559.25,25601,25552.5,25594.5,19000
2026-01-22T02:00:00+00:00,25594.5,25602.75,25565,25568.25,14834
2026-01-22T03:00:00+00:00,25569.25,25595.25,25568,25589.75,14035
2026-01-22T04:00:00+00:00,25589.5,25590.5,25565.75,25574.5,10378
2026-01-22T05:00:00+00:00,25575.25,25575.5,25528,25533.75,17982
2026-01-22T06:00:00+00:00,25533.75,25548.25,25483.25,25539.75,30340
2026-01-22T07:00:00+00:00,25539.75,25593.75,25498.25,25588,29875
2026-01-22T08:00:00+00:00,25587.5,25707.5,25582.5,25683,46231
2026-01-22T09:00:00+00:00,25682.5,25715.75,25672.75,25699,24886
2026-01-22T10:00:00+00:00,25699.25,25703.75,25670.25,25688.5,21867
2026-01-22T11:00:00+00:00,25688.75,25715,25666.25,25675,30425
2026-01-22T12:00:00+00:00,25675.25,25696.25,25659,25691.25,25459
2026-01-22T13:00:00+00:00,25690.75,25739.75,25677.5,25735.75,57312
2026-01-22T14:00:00+00:00,25735.75,25739.25,25554.25,25580.25,310576
2026-01-22T15:00:00+00:00,25580,25658.75,25534.75,25606,324192
2026-01-22T16:00:00+00:00,25606,25699.75,25603.25,25669.25,166815
2026-01-22T17:00:00+00:00,25668.5,25721,25652.5,25711.5,129692
2026-01-22T18:00:00+00:00,25711.5,25721.25,25666.5,25673.5,97539
2026-01-22T19:00:00+00:00,25673.5,25715,25634,25639.75,111254
2026-01-22T20:00:00+00:00,25639.5,25665.25,25584.25,25661,166940
2026-01-22T21:00:00+00:00,25662,25678.5,25610,25630,40771
2026-01-22T23:00:00+00:00,25609.75,25629,25577.25,25617.25,0
2026-01-23T00:00:00+00:00,25617.25,25654.5,25597,25654,17713
2026-01-23T01:00:00+00:00,25653.75,25688,25648.5,25687,24005
2026-01-23T02:00:00+00:00,25687,25689.75,25664.75,25668.75,11942
2026-01-23T03:00:00+00:00,25669,25708,25668.25,25695.5,16301
2026-01-23T04:00:00+00:00,25695.25,25707.75,25685.75,25702.25,12406
2026-01-23T05:00:00+00:00,25703.25,25714.5,25698.75,25713.25,10834
2026-01-23T06:00:00+00:00,25713.25,25731.75,25702.75,25705.75,14928
2026-01-23T07:00:00+00:00,25705.75,25725,25682.5,25691.5,16631
2026-01-23T08:00:00+00:00,25692.25,25692.25,25580.5,25600.75,39800
2026-01-23T09:00:00+00:00,25601.75,25629.25,25540,25558.25,41033
2026-01-23T10:00:00+00:00,25558,25575,25550,25573.75,19847
2026-01-23T11:00:00+00:00,25574.5,25658.25,25570.75,25607,47098
2026-01-23T12:00:00+00:00,25606.5,25632.75,25583.75,25628.5,31427
2026-01-23T13:00:00+00:00,25628,25635.75,25560.25,25571.5,47387
2026-01-23T14:00:00+00:00,25570.75,25674,25556.75,25673.5,251279
2026-01-23T15:00:00+00:00,25673.25,25827.5,25662.5,25826.5,272553
2026-01-23T16:00:00+00:00,25826.5,25845.5,25760.75,25788.25,193977
2026-01-23T17:00:00+00:00,25789.25,25808.25,25682.75,25694,175280
2026-01-23T18:00:00+00:00,25693.75,25764,25688.5,25725.5,146224
2026-01-23T19:00:00+00:00,25725.25,25775,25719,25748,112892
2026-01-23T20:00:00+00:00,25747.75,25756,25691.25,25734.75,144684
2026-01-23T21:00:00+00:00,25734.75,25738.5,25672,25738.25,40786
2026-01-25T23:00:00+00:00,25464.25,25571.5,25462,25559.5,51847
2026-01-26T00:00:00+00:00,25559.25,25618,25543.25,25582,50742
2026-01-26T01:00:00+00:00,25582.25,25669.25,25570,25649.5,47158
2026-01-26T02:00:00+00:00,25649.75,25666.25,25598,25610,30272
2026-01-26T03:00:00+00:00,25609.75,25657.75,25600,25634.25,30660
2026-01-26T04:00:00+00:00,25635,25659.25,25622.75,25638.25,17471
2026-01-26T05:00:00+00:00,25635.25,25677,25626.5,25674.75,15876
2026-01-26T06:00:00+00:00,25674.75,25703.5,25665.25,25669,23795
2026-01-26T07:00:00+00:00,25668.75,25711.5,25665,25699.75,15545
2026-01-26T08:00:00+00:00,25700.5,25742.25,25699,25727.5,21273
2026-01-26T09:00:00+00:00,25727.5,25735,25582.25,25618.5,38002
2026-01-26T10:00:00+00:00,25617.75,25674.25,25614,25651.5,23475
2026-01-26T11:00:00+00:00,25651.5,25673.25,25641.75,25670.5,14090
2026-01-26T12:00:00+00:00,25669.75,25714.75,25668.75,25688.5,25461
2026-01-26T13:00:00+00:00,25688.5,25722.75,25658,25716.5,41517
2026-01-26T14:00:00+00:00,25716.75,25853.5,25704.25,25838,234132
2026-01-26T15:00:00+00:00,25837.5,25898.75,25803,25881.5,240398
2026-01-26T16:00:00+00:00,25881.25,25928.25,25850.75,25906.25,150679
2026-01-26T17:00:00+00:00,25906.5,25932.5,25881.75,25890.75,99650
2026-01-26T18:00:00+00:00,25891,25932.75,25873.25,25899,106386
2026-01-26T19:00:00+00:00,25898.75,25914.25,25877.75,25878.5,78934
2026-01-26T20:00:00+00:00,25878.75,25901.5,25840.25,25844.25,105046
2026-01-26T21:00:00+00:00,25844.25,25871,25833.75,25861.75,38107
2026-01-26T23:00:00+00:00,25857.25,25897,25839.75,25889.75,0
2026-01-27T00:00:00+00:00,25889.75,25903.25,25874.75,25898.75,14635
2026-01-27T01:00:00+00:00,25898.5,25926.25,25895.5,25922.25,15124
2026-01-27T02:00:00+00:00,25922.25,25975,25921.5,25970.75,22956
2026-01-27T03:00:00+00:00,25970.5,25979.5,25962,25976,12995
2026-01-27T04:00:00+00:00,25976,26003,25971.75,25990.25,14693
2026-01-27T05:00:00+00:00,25980.5,26010,25971.75,26008.25,14895
2026-01-27T06:00:00+00:00,26007.75,26028.25,25998.5,26001.5,17798
2026-01-27T07:00:00+00:00,26002.5,26020.75,25992.25,26006.25,15547
2026-01-27T08:00:00+00:00,26005.75,26012,25967,25984,23087
2026-01-27T09:00:00+00:00,25983.5,25995.5,25967,25974,18971
2026-01-27T10:00:00+00:00,25974,26007.75,25970.25,26005.75,15762
2026-01-27T11:00:00+00:00,26006,26043.5,25991.75,26032.25,24451
2026-01-27T12:00:00+00:00,26031.5,26033.25,25991,26004.25,26216
2026-01-27T13:00:00+00:00,26004,26018.25,25982.5,25990.25,29025
2026-01-27T14:00:00+00:00,25990.5,26061,25917.25,26054.25,268058
2026-01-27T15:00:00+00:00,26052.75,26098.5,26022,26078.5,223310
2026-01-27T16:00:00+00:00,26078.5,26107,26072.75,26079.75,106391
2026-01-27T17:00:00+00:00,26079.75,26092,26050.5,26061.75,105806
2026-01-27T18:00:00+00:00,26062.25,26097,26036.75,26090.25,84635
2026-01-27T19:00:00+00:00,26090,26099.5,26074,26092.25,59125
2026-01-27T20:00:00+00:00,26092,26114.5,26068.25,26075.5,94657
2026-01-27T21:00:00+00:00,26075.5,26119,26061,26109.5,43513
2026-01-27T23:00:00+00:00,26112,26147,26109.5,26138.25,0
2026-01-28T00:00:00+00:00,26138,26208.25,26135.25,26206.75,28265
2026-01-28T01:00:00+00:00,26206.75,26228.5,26201.5,26204.75,22391
2026-01-28T02:00:00+00:00,26205,26221.75,26203.25,26213.75,12369
2026-01-28T03:00:00+00:00,26214.25,26218.5,26190.25,26199.75,13095
2026-01-28T04:00:00+00:00,26200,26227.25,26199.5,26220,12142
2026-01-28T05:00:00+00:00,26225,26248.75,26225,26245.75,12440
2026-01-28T06:00:00+00:00,26245.75,26349,26245.75,26302.5,47243
2026-01-28T07:00:00+00:00,26301.75,26324.25,26288.75,26316,21345
2026-01-28T08:00:00+00:00,26315.25,26332,26270.25,26279.75,27419
2026-01-28T09:00:00+00:00,26279.75,26291,26252,26285.25,22801
2026-01-28T10:00:00+00:00,26284.75,26320.75,26271.75,26316.75,17644
2026-01-28T11:00:00+00:00,26317.25,26326.75,26287.5,26318.5,19067
2026-01-28T12:00:00+00:00,26319.25,26320.75,26265,26281.25,37426
2026-01-28T13:00:00+00:00,26281.75,26306,26255.25,26273.5,36449
2026-01-28T14:00:00+00:00,26273.25,26305.25,26213.5,26253.5,233398
2026-01-28T15:00:00+00:00,26253,26265.5,26159,26162.5,235194
2026-01-28T16:00:00+00:00,26162.5,26198.75,26100.75,26116.75,159648
2026-01-28T17:00:00+00:00,26116.75,26164.75,26110,26141.25,116442
2026-01-28T18:00:00+00:00,26140.75,26180,26122,26168,72354
2026-01-28T19:00:00+00:00,26168,26210.75,26111.75,26160.75,217192
2026-01-28T20:00:00+00:00,26160.75,26212,26131.25,26151,134310
2026-01-28T21:00:00+00:00,26151,26287.75,25996.25,26268.5,142250
2026-01-28T23:00:00+00:00,26278,26294.5,26159,26170,0
2026-01-29T00:00:00+00:00,26169,26179.75,26104.75,26163,45260
2026-01-29T01:00:00+00:00,26163,26168.5,26085.75,26128.5,35159
2026-01-29T02:00:00+00:00,26129.25,26177.25,26122,26162.25,28885
2026-01-29T03:00:00+00:00,26161.5,26200,26161.5,26198.5,16195
2026-01-29T04:00:00+00:00,26198.5,26233.75,26194.75,26229,12545
2026-01-29T05:00:00+00:00,26222,26249.75,26210.75,26234,15695
2026-01-29T06:00:00+00:00,26233.5,26268.5,26231.5,26246.75,14875
2026-01-29T07:00:00+00:00,26246.25,26276.75,26231.5,26255.25,16206
2026-01-29T08:00:00+00:00,26255.25,26280.75,26226.75,26248.75,29808
2026-01-29T09:00:00+00:00,26248.75,26273,26210.25,26211.5,20850
2026-01-29T10:00:00+00:00,26211.25,26237.25,26186.75,26191.5,25464
2026-01-29T11:00:00+00:00,26192,26208.5,26175.5,26201,25962
2026-01-29T12:00:00+00:00,26201,26222,26155.75,26176,27700
2026-01-29T13:00:00+00:00,26175.25,26204,26150.75,26194.5,35807
2026-01-29T14:00:00+00:00,26194.5,26197,25858.25,25864,372184
2026-01-29T15:00:00+00:00,25864.25,25868.5,25536,25576.75,544081
2026-01-29T16:00:00+00:00,25576.5,25739.5,25537.75,25711.25,341557
2026-01-29T17:00:00+00:00,25711.5,25878.75,25708.5,25760.5,235861
2026-01-29T18:00:00+00:00,25760.25,25890.25,25757.75,25837.75,197363
2026-01-29T19:00:00+00:00,25837,25898.5,25820.25,25849,139322
2026-01-29T20:00:00+00:00,25849.75,26020,25841.25,25992.75,150458
2026-01-29T21:00:00+00:00,25992.5,26040.25,25948,25982.5,65529
2026-01-29T23:00:00+00:00,25994.5,26019,25884,25972,0
2026-01-30T00:00:00+00:00,25971.5,25994,25907.25,25929.25,38268
2026-01-30T01:00:00+00:00,25930.75,25933.75,25796.25,25852.5,48015
2026-01-30T02:00:00+00:00,25852.25,25865.75,25736.25,25843.75,53899
2026-01-30T03:00:00+00:00,25844.25,25999.25,25827.5,25847.5,36884
2026-01-30T04:00:00+00:00,25847.5,25896.5,25843,25854,19056
2026-01-30T05:00:00+00:00,25886.25,25886.5,25831.5,25833.25,17256
2026-01-30T06:00:00+00:00,25833.25,25839,25736.75,25751.25,33887
2026-01-30T07:00:00+00:00,25751,25804.75,25700.25,25708.75,36118
2026-01-30T08:00:00+00:00,25709.25,25792.75,25681.75,25768.5,43058
2026-01-30T09:00:00+00:00,25768.75,25787,25649,25696.5,38320
2026-01-30T10:00:00+00:00,25697,25790,25693.25,25764.25,29507
2026-01-30T11:00:00+00:00,25765.5,25883.75,25763,25870.75,37886
2026-01-30T12:00:00+00:00,25870.25,25905,25821.25,25846.5,41944
2026-01-30T13:00:00+00:00,25846.5,25886.75,25776.5,25825.75,57294
2026-01-30T14:00:00+00:00,25825.5,25939.25,25805,25828.25,291807
2026-01-30T15:00:00+00:00,25827.5,25925.75,25810.25,25859,166917
2026-02-02T18:00:00+00:00,25929,25949,25926.5,25941.75,663669
2026-02-02T19:00:00+00:00,25941.75,25945.5,25841.25,25846.75,95804
2026-02-02T20:00:00+00:00,25846.75,25900.25,25821.5,25855.75,160361
2026-02-02T21:00:00+00:00,25856.75,25896.75,25835.25,25873,47934
2026-02-02T23:00:00+00:00,25873.25,25978.75,25866,25948,0
2026-02-03T00:00:00+00:00,25948.25,25984.75,25914.5,25952.5,28128
2026-02-03T01:00:00+00:00,25952.5,25990.75,25947.5,25959.75,23960
2026-02-03T02:00:00+00:00,25959,25959.75,25900.5,25928.25,31457
2026-02-03T03:00:00+00:00,25927.5,25964.75,25913,25956.25,20960
2026-02-03T04:00:00+00:00,25956,25987.75,25952.75,25978.5,12920
2026-02-03T05:00:00+00:00,25960.75,25996.75,25951.75,25987.5,14287
2026-02-03T06:00:00+00:00,25987.5,26008.5,25973,25992,16658
2026-02-03T07:00:00+00:00,25992,26027.75,25974.75,26012,20674
2026-02-03T08:00:00+00:00,26011.75,26024,25969.5,25977,26801
2026-02-03T09:00:00+00:00,25976.5,26010.75,25958,25969.75,23729
2026-02-03T10:00:00+00:00,25969.75,25993.5,25944.5,25956,18372
2026-02-03T11:00:00+00:00,25955.75,25966,25935,25945.75,20461
2026-02-03T12:00:00+00:00,25945,25997.25,25922.75,25981.75,29942
2026-02-03T13:00:00+00:00,25982,26003.5,25961.5,25967.25,36053
2026-02-03T14:00:00+00:00,25967.25,25978,25623,25631.25,358153
2026-02-03T15:00:00+00:00,25632,25647.25,25470.25,25617.5,523265
2026-02-03T16:00:00+00:00,25617.25,25620,25465.75,25491.75,263976
2026-02-03T17:00:00+00:00,25491.5,25502.25,25344.5,25387.25,256828
2026-02-03T18:00:00+00:00,25387,25424,25246,25246.25,221292
2026-02-03T19:00:00+00:00,25246.25,25359.25,25218,25316.75,313646
2026-02-03T20:00:00+00:00,25316.25,25459.25,25269.5,25446,235659
2026-02-03T21:00:00+00:00,25445.75,25478,25380.5,25421.5,83171
2026-02-03T23:00:00+00:00,25390.25,25441.5,25361.5,25427.75,0
2026-02-04T00:00:00+00:00,25427.25,25435.25,25375.5,25376.5,27190
2026-02-04T01:00:00+00:00,25376,25455,25375.5,25439,31437
2026-02-04T02:00:00+00:00,25440,25473.5,25398.75,25413.5,27337
2026-02-04T03:00:00+00:00,25412.75,25452.5,25402.75,25433.25,20972
2026-02-04T04:00:00+00:00,25433.5,25448.5,25417,25427.5,9950
2026-02-04T05:00:00+00:00,25421.5,25443.5,25408.25,25442.75,11204
2026-02-04T06:00:00+00:00,25443.25,25489.75,25435.25,25470.5,19149
2026-02-04T07:00:00+00:00,25470.75,25514.5,25468.25,25502.75,18782
2026-02-04T08:00:00+00:00,25502.25,25509.75,25401,25425.5,46089
2026-02-04T09:00:00+00:00,25426,25449.25,25355,25402.5,39787
2026-02-04T10:00:00+00:00,25402.5,25466.75,25395,25449.5,28599
2026-02-04T11:00:00+00:00,25450.25,25483.5,25436,25474.25,24446
2026-02-04T12:00:00+00:00,25474.25,25491,25396.25,25406,33714
2026-02-04T13:00:00+00:00,25406.5,25417,25342.25,25358.25,58100
2026-02-04T14:00:00+00:00,25357.75,25389.25,25186,25200.75,333693
2026-02-04T15:00:00+00:00,25197.5,25305.75,25107.75,25151.75,490620
2026-02-04T16:00:00+00:00,25152.25,25171.5,24928,25035.75,391422
2026-02-04T17:00:00+00:00,25035.75,25057.5,24784,24874.25,313911
2026-02-04T18:00:00+00:00,24873.75,24959,24819,24923.75,265492
2026-02-04T19:00:00+00:00,24923.75,25115.5,24863.25,25105.75,192768
2026-02-04T20:00:00+00:00,25106.25,25119.25,24978.75,24997.75,140900
2026-02-04T21:00:00+00:00,24996.75,25181.25,24875,25118.25,84273
2026-02-04T23:00:00+00:00,25067.25,25125.25,25042.25,25067.75,0
2026-02-05T00:00:00+00:00,25068.5,25136,25030.25,25108,30588
2026-02-05T01:00:00+00:00,25108.75,25169.25,25098.25,25123,32764
2026-02-05T02:00:00+00:00,25123.75,25134.75,24958.5,24961.75,69143
2026-02-05T03:00:00+00:00,24961.25,25037,24929,24947.75,48307
2026-02-05T04:00:00+00:00,24948.75,25027,24915.5,25006.25,35560
2026-02-05T05:00:00+00:00,24986.5,25045,24962.5,24996.5,29821
2026-02-05T06:00:00+00:00,24996.5,25076.75,24992.5,25072,25885
2026-02-05T07:00:00+00:00,25072.25,25089.25,25040,25045.75,27242
2026-02-05T08:00:00+00:00,25044,25124,24998.5,24998.75,53029
2026-02-05T09:00:00+00:00,24999.25,25097,24978,25028.75,39896
2026-02-05T10:00:00+00:00,25030.25,25092.25,25021.75,25033.75,26640
2026-02-05T11:00:00+00:00,25033.25,25065.25,24991,25030,30774
2026-02-05T12:00:00+00:00,25029.75,25056.5,24707.75,24793.75,111194
2026-02-05T13:00:00+00:00,24793.25,24869,24758.5,24767.5,103908
2026-02-05T14:00:00+00:00,24767.75,24961.25,24651.75,24769.5,364260
2026-02-05T15:00:00+00:00,24769.75,24805.5,24550.75,24635,445398
2026-02-05T16:00:00+00:00,24634.5,24856.75,24537,24829.5,298466
2026-02-05T17:00:00+00:00,24829,24887.75,24722.75,24782.5,181707
2026-02-05T18:00:00+00:00,24783.5,24834.5,24661.75,24700.5,142646
2026-02-05T19:00:00+00:00,24700.5,24839,24672,24712.5,176063
2026-02-05T20:00:00+00:00,24712,24808.25,24567,24639,219836
2026-02-05T21:00:00+00:00,24639.25,24703.75,24407,24425.75,112927
2026-02-05T23:00:00+00:00,24410,24475,24293.75,24335,0
2026-02-06T00:00:00+00:00,24335,24408.75,24240.5,24400.25,76419
2026-02-06T01:00:00+00:00,24400.75,24535.5,24340.5,24530.75,64315
2026-02-06T02:00:00+00:00,24530,24578.25,24510.5,24534.25,48160
2026-02-06T03:00:00+00:00,24533.75,24565.75,24472.5,24527,36623
2026-02-06T04:00:00+00:00,24527,24528.25,24426.25,24448.5,27822
2026-02-06T05:00:00+00:00,24442.75,24597.25,24430.75,24582.5,34903
2026-02-06T06:00:00+00:00,24582,24614.25,24540.5,24547.75,26568
2026-02-06T07:00:00+00:00,24547.25,24579,24506.5,24557.5,31015
2026-02-06T08:00:00+00:00,24557.5,24606,24490.5,24583.5,46668
2026-02-06T09:00:00+00:00,24584,24783.25,24562,24750.5,59984
2026-02-06T10:00:00+00:00,24750,24798.5,24711.25,24795.25,32268
2026-02-06T11:00:00+00:00,24793.5,24873.25,24788.75,24854.75,45085
2026-02-06T12:00:00+00:00,24854.25,24861,24761,24783,50750
2026-02-06T13:00:00+00:00,24782.75,24853.25,24757.5,24798.25,62975
2026-02-06T14:00:00+00:00,24797.5,24984,24719,24855,304770
2026-02-06T15:00:00+00:00,24854.75,24962.25,24742,24878.5,392169
2026-02-06T16:00:00+00:00,24945,25051.75,24940.5,25000.75,229855
2026-02-06T17:00:00+00:00,25000.75,25109,24986.25,25097,140580
2026-02-06T18:00:00+00:00,25096,25123.75,25073.75,25084.25,97707
2026-02-06T19:00:00+00:00,25084.25,25108.75,25065,25069.75,77313
2026-02-06T20:00:00+00:00,25070.5,25221.5,25055.75,25148,144968
2026-02-06T21:00:00+00:00,25147.5,25164.5,25089.25,25107.75,45559
2026-02-08T23:00:00+00:00,25241.75,25295,25223.5,25275.75,34127
2026-02-09T00:00:00+00:00,25275.25,25347,25257.5,25263.5,43780
2026-02-09T01:00:00+00:00,25263.5,25265.75,25196.25,25217.75,39748
2026-02-09T02:00:00+00:00,25217.5,25266,25207.5,25228.25,26714
2026-02-09T03:00:00+00:00,25228.25,25242.25,25188,25189.75,20461
2026-02-09T04:00:00+00:00,25190,25223,25180,25185.25,16355
2026-02-09T05:00:00+00:00,25187,25229,25176.75,25215.5,18375
2026-02-09T06:00:00+00:00,25216,25222,25156.75,25167,32555
2026-02-09T07:00:00+00:00,25167.25,25181.75,25120.5,25159.25,26703
2026-02-09T08:00:00+00:00,25159.25,25214.75,25147.5,25161.25,35106
2026-02-09T09:00:00+00:00,25160,25185.5,25074,25087.75,32433
2026-02-09T10:00:00+00:00,25088,25094.5,24967.75,25044,55070
2026-02-09T11:00:00+00:00,25045.25,25072,25020.5,25047.5,31367
2026-02-09T12:00:00+00:00,25049.25,25104.75,25014.5,25101.75,39991
2026-02-09T13:00:00+00:00,25101.25,25157.25,25074.25,25079,53470
2026-02-09T14:00:00+00:00,25079.25,25188.5,24955.5,25113.5,279115
2026-02-09T15:00:00+00:00,25112.5,25329,25103.25,25312,264527
2026-02-09T16:00:00+00:00,25312.25,25405.5,25305.5,25391,130544
2026-02-09T17:00:00+00:00,25390.75,25416.75,25349.5,25355.5,103658
2026-02-09T18:00:00+00:00,25355,25389,25311.5,25369.75,126303
2026-02-09T19:00:00+00:00,25370,25429,25363.75,25399,81049
2026-02-09T20:00:00+00:00,25399.5,25413.75,25334,25340.5,134799
2026-02-09T21:00:00+00:00,25338.5,25374.75,25337,25361.5,31037
2026-02-09T23:00:00+00:00,25361.25,25396.25,25328,25345,0
2026-02-10T00:00:00+00:00,25344.5,25362.75,25312,25334.5,26137
2026-02-10T01:00:00+00:00,25335.25,25352.25,25300,25334.75,32935
2026-02-10T02:00:00+00:00,25334.5,25336,25287,25306,20631
2026-02-10T03:00:00+00:00,25307.75,25313.75,25278.5,25300,17383
2026-02-10T04:00:00+00:00,25299.5,25347.25,25298.75,25343.5,13571
2026-02-10T05:00:00+00:00,25334.25,25358,25311.75,25352.5,19733
2026-02-10T06:00:00+00:00,25352.25,25354,25291.25,25313.25,18541
2026-02-10T07:00:00+00:00,25314,25349.25,25306.75,25349.25,16252
2026-02-10T08:00:00+00:00,25349.25,25367.5,25321.75,25334.5,30674
2026-02-10T09:00:00+00:00,25334,25405.75,25334,25363.5,26100
2026-02-10T10:00:00+00:00,25363.75,25374.75,25341.75,25355.5,27566
2026-02-10T11:00:00+00:00,25355.5,25373.75,25333,25370,19830
2026-02-10T12:00:00+00:00,25370,25421.75,25337.75,25338.25,44516
2026-02-10T13:00:00+00:00,25339.25,25374.5,25292.5,25372.75,71517
2026-02-10T14:00:00+00:00,25372.5,25410.25,25251.25,25391.75,318364
2026-02-10T15:00:00+00:00,25392,25447,25347.75,25374.75,342113
2026-02-10T16:00:00+00:00,25375,25401.25,25316.75,25327.25,230381
2026-02-10T17:00:00+00:00,25327.25,25397.75,25305,25383.75,129644
2026-02-10T18:00:00+00:00,25383.5,25385.25,25271,25312.75,175850
2026-02-10T19:00:00+00:00,25312.5,25323,25274.5,25294.25,112692
2026-02-10T20:00:00+00:00,25294.25,25297,25197.5,25219.75,169871
2026-02-10T21:00:00+00:00,25219.25,25260,25209,25257.75,31793
2026-02-10T23:00:00+00:00,25254,25287.5,25254,25273.25,0
2026-02-11T00:00:00+00:00,25273.25,25296.5,25265.75,25290,12942
2026-02-11T01:00:00+00:00,25290.75,25326.25,25290.5,25315.5,17685
2026-02-11T02:00:00+00:00,25316,25330,25306,25322,15077
2026-02-11T03:00:00+00:00,25321.5,25345.25,25303,25338,15608
2026-02-11T04:00:00+00:00,25337.75,25340.25,25295.5,25304.25,14124
2026-02-11T05:00:00+00:00,25316,25325.5,25278.75,25286.75,14666
2026-02-11T06:00:00+00:00,25287.25,25316.5,25266.75,25269.25,16793
2026-02-11T07:00:00+00:00,25269.25,25290.25,25252.75,25270.5,17071
2026-02-11T08:00:00+00:00,25270.75,25279.5,25209.5,25250.5,28092
2026-02-11T09:00:00+00:00,25250.25,25279,25204,25204.75,28338
2026-02-11T10:00:00+00:00,25204.5,25207.5,25147,25207.5,39497
2026-02-11T11:00:00+00:00,25207.25,25250.5,25205.5,25209,28808
2026-02-11T12:00:00+00:00,25209.25,25276.75,25205.5,25247.25,33837
2026-02-11T13:00:00+00:00,25247.25,25451.5,25225,25443.5,100381
2026-02-11T14:00:00+00:00,25443.5,25465.5,25290,25305,306782
2026-02-11T15:00:00+00:00,25305,25342.75,25058,25244.75,520979
2026-02-11T16:00:00+00:00,25244.5,25275.25,25175,25180.75,273840
2026-02-11T17:00:00+00:00,25180.25,25325,25142,25264.5,213125
2026-02-11T18:00:00+00:00,25264.25,25312.5,25200.75,25301.5,172493
2026-02-11T19:00:00+00:00,25301.5,25360.75,25257.75,25309,142307
2026-02-11T20:00:00+00:00,25308.75,25322.75,25272,25278.25,126674
2026-02-11T21:00:00+00:00,25278.5,25308,25268.25,25277.75,39013
2026-02-11T23:00:00+00:00,25281.75,25294.5,25205.5,25235,0
2026-02-12T00:00:00+00:00,25234.5,25273.5,25213.75,25265,26620
2026-02-12T01:00:00+00:00,25265.5,25314.75,25242.5,25300,29494
2026-02-12T02:00:00+00:00,25301.5,25310.25,25269,25293,18464
2026-02-12T03:00:00+00:00,25293.25,25321,25282,25310.75,14732
2026-02-12T04:00:00+00:00,25310.25,25339.5,25303,25328.5,14534
2026-02-12T05:00:00+00:00,25334.25,25344.5,25327.5,25339,10998
2026-02-12T06:00:00+00:00,25339,25344.5,25292.5,25320.25,20624
2026-02-12T07:00:00+00:00,25320.75,25359.25,25313.25,25350.25,17072
2026-02-12T08:00:00+00:00,25350.5,25369.5,25324.5,25353.5,25692
2026-02-12T09:00:00+00:00,25353.25,25364.5,25329.5,25355,17289
2026-02-12T10:00:00+00:00,25355,25374,25334.5,25349.5,15965
2026-02-12T11:00:00+00:00,25350,25371,25338,25366.5,17191
2026-02-12T12:00:00+00:00,25366.25,25384,25343,25357,24950
2026-02-12T13:00:00+00:00,25356.75,25420,25320,25395.5,61713
2026-02-12T14:00:00+00:00,25395.75,25400.25,25186.25,25206.25,307931
2026-02-12T15:00:00+00:00,25208.25,25260.25,25006.5,25010.75,421002
2026-02-12T16:00:00+00:00,25011.25,25032.25,24805.5,24878.75,463183
2026-02-12T17:00:00+00:00,24878.5,24940.75,24824,24825.5,263936
2026-02-12T18:00:00+00:00,24825.25,24929.75,24801,24905.5,215802
2026-02-12T19:00:00+00:00,24906.5,24944,24846,24898.5,175146
2026-02-12T20:00:00+00:00,24898.75,24912.75,24721.5,24762.75,212740
2026-02-12T21:00:00+00:00,24764.25,24839,24744,24822,54476
2026-02-12T22:00:00+00:00,24822,24822,24822,24822,1
2026-02-12T23:00:00+00:00,24838.75,24855.5,24744.5,24823.25,0
2026-02-13T00:00:00+00:00,24823,24864.5,24708.5,24731,58859
2026-02-13T01:00:00+00:00,24731.75,24822.5,24730,24787,49688
2026-02-13T02:00:00+00:00,24786.5,24832.25,24785.75,24802.5,26581
2026-02-13T03:00:00+00:00,24803.5,24820.5,24744.75,24749.75,22144
2026-02-13T04:00:00+00:00,24750.25,24803.25,24743.75,24762,19256
2026-02-13T05:00:00+00:00,24759,24768,24690.75,24711.75,32637
2026-02-13T06:00:00+00:00,24711.75,24732,24642.75,24713.75,36054
2026-02-13T07:00:00+00:00,24713.25,24763,24711.25,24746.75,29841
2026-02-13T08:00:00+00:00,24747.75,24784,24674.5,24775.25,49358
2026-02-13T09:00:00+00:00,24775.75,24808.75,24731,24774.5,32902
2026-02-13T10:00:00+00:00,24773.25,24799.5,24727.25,24729.25,25470
2026-02-13T11:00:00+00:00,24729.75,24738.75,24624.25,24720.75,53460
2026-02-13T12:00:00+00:00,24720.5,24745.5,24666.5,24695.5,48489
2026-02-13T13:00:00+00:00,24695.75,24824.5,24620,24781.25,129573
2026-02-13T14:00:00+00:00,24781,24849.75,24578.75,24698.5,391621
2026-02-13T15:00:00+00:00,24699,24929.25,24691.75,24811,417161
2026-02-13T16:00:00+00:00,24810.75,24934.75,24762.75,24894.5,270356
2026-02-13T17:00:00+00:00,24894.25,24994,24883.25,24938.25,172503
2026-02-13T18:00:00+00:00,24939,24995.5,24900.5,24939.75,171140
2026-02-13T19:00:00+00:00,24940,24968.75,24848,24852.75,159958
2026-02-13T20:00:00+00:00,24853.25,24890.75,24731.5,24803.5,243730
2026-02-13T21:00:00+00:00,24802.5,24828.25,24770.75,24772.75,38289
2026-02-15T23:00:00+00:00,24803.25,24839.5,24793,24836.25,15729
2026-02-16T00:00:00+00:00,24836.25,24849,24809.25,24834.75,25146
2026-02-16T01:00:00+00:00,24834.5,24868.75,24821.75,24860.25,16989
2026-02-16T02:00:00+00:00,24860.5,24872.5,24827,24831.25,16416
2026-02-16T03:00:00+00:00,24831.25,24836.5,24808.25,24824,13849
2026-02-16T04:00:00+00:00,24823.5,24840.5,24818.5,24826.5,13207
2026-02-17T05:00:00+00:00,24622.75,24626,24558,24582,34301
2026-02-17T06:00:00+00:00,24581.75,24640.75,24581.5,24629.25,23628
2026-02-17T07:00:00+00:00,24629.25,24664,24584,24660,31385
2026-02-17T08:00:00+00:00,24660.25,24727,24624,24639.75,44345
2026-02-17T09:00:00+00:00,24640.5,24696,24636,24685.75,28602
2026-02-17T10:00:00+00:00,24686.5,24697.5,24590.5,24606.5,25915
2026-02-17T11:00:00+00:00,24605.5,24637,24572,24623,31991
2026-02-17T12:00:00+00:00,24623.25,24667.5,24576.75,24584.75,40744
2026-02-17T13:00:00+00:00,24584.25,24703.75,24518,24612.5,106005
2026-02-17T14:00:00+00:00,24612.75,24815.5,24475.75,24484.75,341469
2026-02-17T15:00:00+00:00,24484.25,24641.25,24449.25,24600,412220
2026-02-17T16:00:00+00:00,24599.5,24796.5,24592.75,24759.5,279973
2026-02-17T17:00:00+00:00,24759.5,24765.5,24608.5,24697.5,208081
2026-02-17T18:00:00+00:00,24697.75,24872.75,24649,24845.25,201717
2026-02-17T19:00:00+00:00,24845.5,24889.5,24807.25,24814.75,136757
2026-02-17T20:00:00+00:00,24814.75,24842,24735.75,24776.75,167948
2026-02-17T21:00:00+00:00,24779,24818.5,24755,24770.25,48918
2026-02-17T23:00:00+00:00,24786,24786,24702,24710.75,0
2026-02-18T00:00:00+00:00,24711,24755,24707.75,24726.75,31107
2026-02-18T01:00:00+00:00,24725.75,24746.25,24709.25,24744.5,19137
2026-02-18T02:00:00+00:00,24744.5,24771.5,24735,24758,16954
2026-02-18T03:00:00+00:00,24758.75,24799,24736.25,24793,17208
2026-02-18T04:00:00+00:00,24793.25,24840.5,24783.75,24837.5,17568
2026-02-18T05:00:00+00:00,24828.25,24844.5,24820,24824.75,12348
2026-02-18T06:00:00+00:00,24825.25,24848.25,24809,24824,15351
2026-02-18T07:00:00+00:00,24823.5,24842,24802,24833.5,13751
2026-02-18T08:00:00+00:00,24833.75,24916.5,24832.75,24903.5,37539
2026-02-18T09:00:00+00:00,24903.25,24942,24899.5,24909.25,27538
2026-02-18T10:00:00+00:00,24909.25,24940,24907.75,24922,18024
2026-02-18T11:00:00+00:00,24921.75,24928.5,24889,24895,21234
2026-02-18T12:00:00+00:00,24895,24962.25,24844,24889.75,61279
2026-02-18T13:00:00+00:00,24890.25,24921.75,24817,24828,62157
2026-02-18T14:00:00+00:00,24828.25,24958.75,24752,24940.5,311597
2026-02-18T15:00:00+00:00,24941,25099.5,24937,25086.25,277093
2026-02-18T16:00:00+00:00,25086.5,25118.75,25057.75,25061.25,151100
2026-02-18T17:00:00+00:00,25061.75,25128.5,25058,25097.75,125500
2026-02-18T18:00:00+00:00,25097.5,25127.5,24982,25027.25,153266
2026-02-18T19:00:00+00:00,25027.75,25036.75,24861.75,24883,191692
2026-02-18T20:00:00+00:00,24884,24997.75,24856,24957.5,184310
2026-02-18T21:00:00+00:00,24957.5,24967,24926.25,24937,30746
2026-02-18T23:00:00+00:00,24940.25,24994.75,24940.25,24964.25,0
2026-02-19T00:00:00+00:00,24964.5,24974,24916.25,24947.5,28309
2026-02-19T01:00:00+00:00,24946.75,24994.75,24937.75,24973.5,30599
2026-02-19T02:00:00+00:00,24973,24988.5,24953,24979.75,16349
2026-02-19T03:00:00+00:00,24979.75,24999.5,24966.25,24984,15987
2026-02-19T04:00:00+00:00,24984.75,24994.5,24953.5,24957,13165
2026-02-19T05:00:00+00:00,24947.5,25004.5,24943.25,24996.5,17969
2026-02-19T06:00:00+00:00,24996,25022.25,24987.5,25018.75,17176
2026-02-19T07:00:00+00:00,25019.5,25048,25007.5,25019.5,18695
2026-02-19T08:00:00+00:00,25019.75,25054.25,24945,24954.75,35355
2026-02-19T09:00:00+00:00,24955.25,24974.25,24850.5,24893,50031
2026-02-19T10:00:00+00:00,24892.5,24902.75,24825.25,24854.5,46183
2026-02-19T11:00:00+00:00,24855,24885.75,24836.25,24879,29033
2026-02-19T12:00:00+00:00,24878.25,24897.5,24814,24868.5,41729
2026-02-19T13:00:00+00:00,24869,24881,24796.25,24854,66406
2026-02-19T14:00:00+00:00,24854,24920,24762.5,24881.75,293495
2026-02-19T15:00:00+00:00,24880.25,24950.5,24842.25,24924.5,352667
2026-02-19T16:00:00+00:00,24924.75,24961.75,24801.75,24843.5,263172
2026-02-19T17:00:00+00:00,24844.5,24905,24765,24780.75,206864
2026-02-19T18:00:00+00:00,24780.5,24849,24748,24840.75,184290
2026-02-19T19:00:00+00:00,24841.25,24850,24751.5,24782.25,150851
2026-02-19T20:00:00+00:00,24782,24865.75,24777,24863,147052
2026-02-19T21:00:00+00:00,24863.75,24872,24828.25,24836.25,45741
2026-02-19T23:00:00+00:00,24844,24888.75,24825.25,24878.25,0
2026-02-20T00:00:00+00:00,24877.25,24913.25,24858,24901.5,28123
2026-02-20T01:00:00+00:00,24901,24936,24891,24906.5,25726
2026-02-20T02:00:00+00:00,24907,24934,24877,24896.75,24466
2026-02-20T03:00:00+00:00,24896.5,24911.25,24887.5,24890,12299
2026-02-20T04:00:00+00:00,24890.25,24914.75,24885.25,24899,11575
2026-02-20T05:00:00+00:00,24908,24947.75,24905.25,24943,14767
2026-02-20T06:00:00+00:00,24942.75,24960,24930.5,24943.25,12767
2026-02-20T07:00:00+00:00,24943,24954.75,24908,24921.25,16113
2026-02-20T08:00:00+00:00,24922,24942.5,24896.25,24937.25,22340
2026-02-20T09:00:00+00:00,24937,24985.25,24931.5,24936,26916
2026-02-20T10:00:00+00:00,24935.75,24947,24900.75,24902.5,19866
2026-02-20T11:00:00+00:00,24902.25,24902.25,24811.25,24829,44253
2026-02-20T12:00:00+00:00,24829.25,24850,24790.5,24829.75,46929
2026-02-20T13:00:00+00:00,24829,24864,24721.75,24769.5,95125
2026-02-20T14:00:00+00:00,24769,24958,24677,24900,290692
2026-02-20T15:00:00+00:00,24899.25,25127,24858.25,25118.75,463278
2026-02-20T16:00:00+00:00,25118,25139.75,24967,25098.5,269661
2026-02-20T17:00:00+00:00,25098.5,25109.5,24879.25,25034.75,283420
2026-02-20T18:00:00+00:00,25034,25122.5,24929,25098.25,221569
2026-02-20T19:00:00+00:00,25098.5,25120,25017.75,25022.5,109701
2026-02-20T20:00:00+00:00,25023,25079,25013.75,25073.75,104500
2026-02-20T21:00:00+00:00,25074.75,25088.25,25063.5,25067.5,27104
2026-02-22T23:00:00+00:00,25032,25057.5,24935.75,24973,43069
2026-02-23T00:00:00+00:00,24971.75,24971.75,24848,24853,55649
2026-02-23T01:00:00+00:00,24854,24882.75,24831,24843.25,50654
2026-02-23T02:00:00+00:00,24843,24857.75,24810.75,24839,32656
2026-02-23T03:00:00+00:00,24838.5,24863.25,24813.25,24841.5,28232
2026-02-23T04:00:00+00:00,24842.25,24853,24811.25,24829,17518
2026-02-23T05:00:00+00:00,24833.75,24843.75,24807,24838.5,17202
2026-02-23T06:00:00+00:00,24838.5,24869.25,24832.25,24868.25,12832
2026-02-23T07:00:00+00:00,24867.75,24914.5,24863.25,24898,24741
2026-02-23T08:00:00+00:00,24898.5,24934.25,24877.25,24929.75,27748
2026-02-23T09:00:00+00:00,24929.25,25004.25,24929.25,24983.75,30881
2026-02-23T10:00:00+00:00,24984.25,25002.75,24945.5,24970.75,23127
2026-02-23T11:00:00+00:00,24970.5,24988.25,24907.75,24929.25,24357
2026-02-23T12:00:00+00:00,24928.75,24942.75,24883.75,24905,35985
2026-02-23T13:00:00+00:00,24904,24954.25,24886.5,24935.25,50094
2026-02-23T14:00:00+00:00,24935,25040,24857.5,24913.75,292931
2026-02-23T15:00:00+00:00,24913.5,24952.75,24738,24744,354130
2026-02-23T16:00:00+00:00,24743.75,24789.5,24667.75,24735,267726
2026-02-23T17:00:00+00:00,24735.25,24764,24677.5,24744.5,151135
2026-02-23T18:00:00+00:00,24744.5,24820.5,24720.25,24727.25,136699
2026-02-23T19:00:00+00:00,24727.5,24754.75,24683.5,24692,122041
2026-02-23T20:00:00+00:00,24692,24772.75,24678.5,24766.25,143003
2026-02-23T21:00:00+00:00,24768.5,24796.75,24757.75,24787,34480
2026-02-23T23:00:00+00:00,24787,24824.75,24769.25,24788.25,0
2026-02-24T00:00:00+00:00,24789,24824.25,24772.75,24816,30772
2026-02-24T01:00:00+00:00,24816.5,24836,24795,24822,25628
2026-02-24T02:00:00+00:00,24822,24879.5,24816.5,24869.25,25012
2026-02-24T03:00:00+00:00,24869.5,24884.75,24866.25,24873,13480
2026-02-24T04:00:00+00:00,24873,24884,24865.25,24878.75,9239
2026-02-24T05:00:00+00:00,24884.5,24886.75,24825.75,24840.75,19377
2026-02-24T06:00:00+00:00,24840.25,24853,24822.75,24838,14644
2026-02-24T07:00:00+00:00,24837.5,24869,24829.75,24832.75,17235
2026-02-24T08:00:00+00:00,24833.75,24834.5,24761,24791.25,45668
2026-02-24T09:00:00+00:00,24791.25,24848,24788,24846.75,29250
2026-02-24T10:00:00+00:00,24847.5,24865.75,24824,24841.75,18793
2026-02-24T11:00:00+00:00,24842.25,24853.5,24808.75,24833,21202
2026-02-24T12:00:00+00:00,24832.75,24901.25,24796.25,24815.75,57861
2026-02-24T13:00:00+00:00,24817.25,24891.25,24814,24877.5,53364
2026-02-24T14:00:00+00:00,24877,24964.25,24694,24877.5,334813
2026-02-24T15:00:00+00:00,24876.75,25031.25,24819.5,24976.25,361956
2026-02-24T16:00:00+00:00,24976.25,25047,24969.25,25028.75,199714
2026-02-24T17:00:00+00:00,25029,25076,25021.5,25046.5,117215
2026-02-24T18:00:00+00:00,25046.25,25080.75,25011.75,25029.5,105839
2026-02-24T19:00:00+00:00,25029.5,25050.75,24988.25,25021.25,107362
2026-02-24T20:00:00+00:00,25021.75,25071.75,24994.75,25029,118174
2026-02-24T21:00:00+00:00,25029.75,25037.25,25003.75,25017,30680
2026-02-24T23:00:00+00:00,25020.5,25051,24992.25,25044.25,0
2026-02-25T00:00:00+00:00,25044.25,25075,25018.5,25071.25,23280
2026-02-25T01:00:00+00:00,25071.5,25113.25,25062.5,25102.75,34991
2026-02-25T02:00:00+00:00,25102.75,25118,25083.75,25107.25,24574
2026-02-25T03:00:00+00:00,25106.75,25110,24995,25066.5,40291
2026-02-25T04:00:00+00:00,25067.5,25068.25,25033.25,25047.25,16930
2026-02-25T05:00:00+00:00,25059.25,25067.75,25030.25,25040.75,14366
2026-02-25T06:00:00+00:00,25040.75,25059,25032,25041.25,12350
2026-02-25T07:00:00+00:00,25042.25,25053.75,25017.5,25036,16092
2026-02-25T08:00:00+00:00,25036.25,25090.75,25036,25074.5,26426
2026-02-25T09:00:00+00:00,25073.75,25088,25055,25081.75,15443
2026-02-25T10:00:00+00:00,25082.25,25094.25,25065,25073.5,13974
2026-02-25T11:00:00+00:00,25073.75,25128.5,25068.25,25124.75,19053
2026-02-25T12:00:00+00:00,25124.5,25150,25105.75,25138.75,34879
2026-02-25T13:00:00+00:00,25139.5,25166,25123.75,25150.25,36896
2026-02-25T14:00:00+00:00,25150.75,25352,25130,25343.25,270909
2026-02-25T15:00:00+00:00,25343.25,25361,25264.75,25294.75,275423
2026-02-25T16:00:00+00:00,25295,25333,25281.5,25316.5,135808
2026-02-25T17:00:00+00:00,25316.75,25354.75,25309,25351.75,89564
2026-02-25T18:00:00+00:00,25352.75,25356.25,25334,25350.5,51810
2026-02-25T19:00:00+00:00,25350.75,25379,25349.5,25368.5,56754
2026-02-25T20:00:00+00:00,25368.75,25396.75,25352,25383.5,96080
2026-02-25T21:00:00+00:00,25384,25495,25371.25,25460.75,92139
2026-02-25T23:00:00+00:00,25398.75,25418.5,25274.5,25316.5,0
2026-02-26T00:00:00+00:00,25316.25,25343,25302.25,25316,33642
2026-02-26T01:00:00+00:00,25316.25,25320.25,25264.75,25316.5,33265
2026-02-26T02:00:00+00:00,25315.75,25320,25289.25,25307.5,18428
2026-02-26T03:00:00+00:00,25306.25,25323.75,25294.5,25301.25,12076
2026-02-26T04:00:00+00:00,25301,25310.5,25292.75,25299,8424
2026-02-26T05:00:00+00:00,25285.25,25310,25283,25307.25,11628
2026-02-26T06:00:00+00:00,25308,25344.5,25306.75,25327.5,15894
2026-02-26T07:00:00+00:00,25327.25,25365,25326,25347.5,17746
2026-02-26T08:00:00+00:00,25348,25392.25,25343,25349.5,26265
2026-02-26T09:00:00+00:00,25349.75,25402,25345.5,25378,20082
2026-02-26T10:00:00+00:00,25378.75,25389,25347,25356.5,15332
2026-02-26T11:00:00+00:00,25358,25370.75,25338,25362.25,17425
2026-02-26T12:00:00+00:00,25361.75,25390.75,25360.25,25373.5,20372
2026-02-26T13:00:00+00:00,25373,25415.5,25360.75,25383.75,39603
2026-02-26T14:00:00+00:00,25384,25398.75,25182.5,25193.25,355579
2026-02-26T15:00:00+00:00,25192.5,25211,24862,24999.75,569931
2026-02-26T16:00:00+00:00,24999,25085.5,24954.25,24963.5,261496
2026-02-26T17:00:00+00:00,24963.75,25009.25,24912.25,24935.25,163662
2026-02-26T18:00:00+00:00,24935.25,25030.75,24888.75,25001.25,177208
2026-02-26T19:00:00+00:00,25001.75,25099,24988.25,25063,140541
2026-02-26T20:00:00+00:00,25063,25093.75,25023.75,25082.75,146149
2026-02-26T21:00:00+00:00,25083,25090,25024.75,25028.75,37891
2026-02-26T23:00:00+00:00,25026,25036.75,24954,24996.25,0
2026-02-27T00:00:00+00:00,24995.75,25026.25,24954.75,24986.25,33852
2026-02-27T01:00:00+00:00,24986.75,25018,24970.5,24993.25,30899
2026-02-27T02:00:00+00:00,24992.5,25033.5,24985,25032,19740
2026-02-27T03:00:00+00:00,25031.75,25036,25002.25,25025.25,15984
2026-02-27T04:00:00+00:00,25025.5,25036,25012,25022.5,10024
2026-02-27T05:00:00+00:00,25041.25,25060.5,25032.75,25039.5,13593
2026-02-27T06:00:00+00:00,25040.25,25046.25,24991.75,25031.75,20721
2026-02-27T07:00:00+00:00,25033.75,25079,25032.75,25073.25,18492
2026-02-27T08:00:00+00:00,25073,25090,25038.25,25067.5,26186
2026-02-27T09:00:00+00:00,25067.5,25098.75,25024.25,25030.25,32325
2026-02-27T10:00:00+00:00,25029.75,25045.25,24966,25000.75,40025
2026-02-27T11:00:00+00:00,25001,25012.5,24928.75,24952.75,38043
2026-02-27T12:00:00+00:00,24953.25,24994.5,24897.25,24921.25,56449
2026-02-27T13:00:00+00:00,24921,24942.75,24795.5,24870.25,113251
2026-02-27T14:00:00+00:00,24871,24938.75,24780,24881,331964
2026-02-27T15:00:00+00:00,24880.5,25017.5,24866.25,24983,342715
2026-02-27T16:00:00+00:00,24983.25,25021.5,24931,24969.25,229402
2026-02-27T17:00:00+00:00,24969.5,25036.75,24900.25,24945.75,210374
2026-02-27T18:00:00+00:00,24945.25,24955.5,24874.75,24902.75,145075
2026-02-27T19:00:00+00:00,24902.5,24960.25,24873.5,24894.5,116977
2026-02-27T20:00:00+00:00,24894.5,25022.75,24893.25,24997.75,195891
2026-02-27T21:00:00+00:00,24998.25,24998.25,24942,24958.25,45276
2026-03-01T23:00:00+00:00,24787,24816.25,24715.5,24739,63037
2026-03-02T00:00:00+00:00,24740,24797,24712.5,24786.25,53205
2026-03-02T01:00:00+00:00,24786,24901.25,24772,24861.75,67230
2026-03-02T02:00:00+00:00,24863.25,24875,24796.25,24821,40956
2026-03-02T03:00:00+00:00,24820.5,24835.25,24786.5,24791.75,26366
2026-03-02T04:00:00+00:00,24791.5,24817.25,24740.75,24761.5,34823
2026-03-02T05:00:00+00:00,24759,24768.75,24672,24677,33942
2026-03-02T06:00:00+00:00,24676.25,24702.75,24534.5,24590.5,58362
2026-03-02T07:00:00+00:00,24590.25,24603.25,24530.5,24541.5,62470
2026-03-02T08:00:00+00:00,24541.25,24591.25,24477,24563.5,87646
2026-03-02T09:00:00+00:00,24562.5,24655,24551.75,24629.25,57041
2026-03-02T10:00:00+00:00,24629,24685,24625,24657.75,44045
2026-03-02T11:00:00+00:00,24657.75,24729.25,24634.75,24688,42197
2026-03-02T12:00:00+00:00,24686,24705.5,24609.25,24628.75,52826
2026-03-02T13:00:00+00:00,24629.5,24739.75,24594.5,24620.5,82401
2026-03-02T14:00:00+00:00,24621.5,24899,24605.75,24863,291454
2026-03-02T15:00:00+00:00,24859.25,24957.75,24803,24924,349502
2026-03-02T16:00:00+00:00,24923.75,25044.5,24852.25,25033.5,250587
2026-03-02T17:00:00+00:00,25033.5,25076.5,25007.75,25064.75,130409
2026-03-02T18:00:00+00:00,25065.75,25074,24968.25,24971.75,113667
2026-03-02T19:00:00+00:00,24972,25100,24967,25082.75,130682
2026-03-02T20:00:00+00:00,25082.75,25090.75,24947,25021.25,213338
2026-03-02T21:00:00+00:00,25022.25,25028.75,24975.75,24997.5,39941
2026-03-02T23:00:00+00:00,25002.75,25011.25,24944,24971.75,0
2026-03-03T00:00:00+00:00,24972.5,24983,24925.5,24930.75,30020
2026-03-03T01:00:00+00:00,24931.25,24962,24869.25,24873.75,47648
2026-03-03T02:00:00+00:00,24873.75,24879,24808.25,24861.25,54586
2026-03-03T03:00:00+00:00,24861,24884.75,24805,24845.75,37746
2026-03-03T04:00:00+00:00,24846.5,24863.25,24792.75,24803.25,34230
2026-03-03T05:00:00+00:00,24824.25,24829.75,24750,24765,36209
2026-03-03T06:00:00+00:00,24765,24800.75,24737.25,24753.25,38189
2026-03-03T07:00:00+00:00,24753.5,24768,24668.5,24675.75,49675
2026-03-03T08:00:00+00:00,24675,24695.75,24505.5,24517,111248
2026-03-03T09:00:00+00:00,24516.5,24582,24446.5,24455,96699
2026-03-03T10:00:00+00:00,24456.25,24484,24392.75,24452.5,96818
2026-03-03T11:00:00+00:00,24450.75,24514.5,24369.5,24488,92398
2026-03-03T12:00:00+00:00,24487.5,24607.25,24477.5,24582,91732
2026-03-03T13:00:00+00:00,24583.75,24590.25,24447.75,24496.25,105914
2026-03-03T14:00:00+00:00,24496.5,24661,24455.75,24489.75,382989
2026-03-03T15:00:00+00:00,24489.75,24563.75,24350.75,24446.75,462079
2026-03-03T16:00:00+00:00,24446.25,24725,24436.25,24671.25,306912
2026-03-03T17:00:00+00:00,24671.5,24712.5,24601.75,24641,186080
2026-03-03T18:00:00+00:00,24641.25,24835,24640,24800,178459
2026-03-03T19:00:00+00:00,24799.75,24850.25,24709.25,24787,188291
2026-03-03T20:00:00+00:00,24786.75,24821.25,24717.75,24756.75,157764
2026-03-03T21:00:00+00:00,24756.75,24759,24693,24711.5,37514
2026-03-03T23:00:00+00:00,24711.5,24759.75,24668.75,24702.5,0
2026-03-04T00:00:00+00:00,24702.75,24804.25,24677,24747.5,65005
2026-03-04T01:00:00+00:00,24748.75,24773.25,24629.75,24675.25,70191
2026-03-04T02:00:00+00:00,24676,24703.25,24588.75,24636.5,55562
2026-03-04T03:00:00+00:00,24636.25,24638,24525,24599,60678
2026-03-04T04:00:00+00:00,24599.25,24644.75,24566.25,24595.25,43667
2026-03-04T05:00:00+00:00,24580.25,24617.75,24532,24574,41699
2026-03-04T06:00:00+00:00,24574.5,24590.5,24498.5,24571.5,42245
2026-03-04T07:00:00+00:00,24570.25,24677.75,24535.75,24655.5,49210
2026-03-04T08:00:00+00:00,24656,24689.25,24611.5,24645.25,51605
2026-03-04T09:00:00+00:00,24647,24771,24621.75,24754.75,36397
2026-03-04T10:00:00+00:00,24754.25,24866,24734.5,24842.5,61078
2026-03-04T11:00:00+00:00,24842.25,24894.5,24801.5,24806,48830
2026-03-04T12:00:00+00:00,24806.25,24844.75,24720,24800.25,62401
2026-03-04T13:00:00+00:00,24799.75,24928,24795.5,24889.5,89329
2026-03-04T14:00:00+00:00,24889.5,24970.5,24813.5,24921.25,260028
2026-03-04T15:00:00+00:00,24921.25,25147.75,24890.25,25127.25,379387
2026-03-04T16:00:00+00:00,25127.75,25172.25,25051.25,25145,228687
2026-03-04T17:00:00+00:00,25146,25181.25,25105,25169,135505
2026-03-04T18:00:00+00:00,25169.5,25215,25140.5,25192.5,113661
2026-03-04T19:00:00+00:00,25192.5,25217,25180.5,25189,79250
2026-03-04T20:00:00+00:00,25188.75,25196,25113.25,25120.5,135857
2026-03-04T21:00:00+00:00,25120.25,25163.5,25093.75,25137.75,53654
2026-03-04T23:00:00+00:00,25154.5,25190.25,25141,25171.75,0
2026-03-05T00:00:00+00:00,25171,25243,25160,25209,40746
2026-03-05T01:00:00+00:00,25209.25,25217.5,25044,25070.25,76158
2026-03-05T02:00:00+00:00,25071,25125.25,25049,25091,44813
2026-03-05T03:00:00+00:00,25091.5,25101.5,25025.5,25048,43751
2026-03-05T04:00:00+00:00,25047.75,25106.5,25032,25098,26228
2026-03-05T05:00:00+00:00,25097,25104.25,25030,25035.25,24181
2026-03-05T06:00:00+00:00,25035.25,25092.5,24980.75,25091.75,48885
2026-03-05T07:00:00+00:00,25092,25096.5,25039.25,25072.75,33406
2026-03-05T08:00:00+00:00,25071.75,25079.25,24973,25051.75,74073
2026-03-05T09:00:00+00:00,25051,25206.5,25040.75,25114.25,112032
2026-03-05T10:00:00+00:00,25114.25,25143.25,25085.75,25107,42886
2026-03-05T11:00:00+00:00,25107.25,25152,25083.5,25093.25,35217
2026-03-05T12:00:00+00:00,25094.25,25156.75,25037.5,25068.25,54357
2026-03-05T13:00:00+00:00,25069.25,25076,24981.5,24993.75,77493
2026-03-05T14:00:00+00:00,24994.25,25188,24962.25,25185.75,288517
2026-03-05T15:00:00+00:00,25185.25,25208.25,24930.5,25081.5,390005
2026-03-05T16:00:00+00:00,25081.75,25092.5,24940,25042.75,251489
2026-03-05T17:00:00+00:00,25043,25123,24785.25,24806.75,273979
2026-03-05T18:00:00+00:00,24806.75,24889,24774,24814.25,186259
2026-03-05T19:00:00+00:00,24814.25,24883,24792.75,24858,137907
2026-03-05T20:00:00+00:00,24858.25,25056,24826.25,25048,201965
2026-03-05T21:00:00+00:00,25048,25051,25000,25010.5,39030
2026-03-05T23:00:00+00:00,25015.75,25070,25000.75,25060.75,0
2026-03-06T00:00:00+00:00,25060.5,25098.5,25059,25074,28011
2026-03-06T01:00:00+00:00,25073.75,25091.25,25038,25066.75,39189
2026-03-06T02:00:00+00:00,25067.5,25116.25,25060,25069.5,29858
2026-03-06T03:00:00+00:00,25070,25116,25069.75,25113,22511
2026-03-06T04:00:00+00:00,25113.75,25137.75,25093.5,25106.75,19765
2026-03-06T05:00:00+00:00,25118.75,25141.5,25106.75,25117.75,21857
2026-03-06T06:00:00+00:00,25118.25,25137.25,25100.5,25106.75,19536
2026-03-06T07:00:00+00:00,25106.5,25140.25,25091.25,25124.75,25280
2026-03-06T08:00:00+00:00,25125.25,25128.25,25033,25074,56451
2026-03-06T09:00:00+00:00,25074.25,25082,24882,24920.5,87450
2026-03-06T10:00:00+00:00,24920.5,24980,24917.75,24948,50752
2026-03-06T11:00:00+00:00,24947.5,24963,24836.25,24857,76223
2026-03-06T12:00:00+00:00,24857.5,24884.5,24805.25,24836,78859
2026-03-06T13:00:00+00:00,24835.25,24894.5,24616.75,24646,173636
2026-03-06T14:00:00+00:00,24646,24742.5,24611.75,24690.25,358725
2026-03-06T15:00:00+00:00,24690.25,24892.75,24664.25,24858.5,426134
2026-03-06T16:00:00+00:00,24858.5,24915.5,24791,24880.5,286304
2026-03-06T17:00:00+00:00,24881,24921,24744,24784.75,212798
2026-03-06T18:00:00+00:00,24785,24899,24779.25,24800.5,203277
2026-03-06T19:00:00+00:00,24800.5,24854,24774.25,24808.75,145828
2026-03-06T20:00:00+00:00,24808,24853.25,24605,24667.75,241978
2026-03-06T21:00:00+00:00,24667.25,24682,24621.75,24670.25,46372
2026-03-08T22:00:00+00:00,24246.5,24320,24224,24305.25,58430
2026-03-08T23:00:00+00:00,24305.75,24326.5,24167,24214.5,75735
2026-03-09T00:00:00+00:00,24215.25,24239.25,24092,24119,97255
2026-03-09T01:00:00+00:00,24118.75,24137.5,24005,24008.25,86285
2026-03-09T02:00:00+00:00,24010.5,24103.5,23999,24085,68601
2026-03-09T03:00:00+00:00,24084,24132.75,24076.75,24096,47367
2026-03-09T04:00:00+00:00,24093.5,24134.75,24092,24101.5,28666
2026-03-09T05:00:00+00:00,24102,24258.5,24086,24257.75,59691
2026-03-09T06:00:00+00:00,24258,24316.75,24226.75,24245.25,49583
2026-03-09T07:00:00+00:00,24245,24314.25,24210.25,24277.5,50991
2026-03-09T08:00:00+00:00,24278,24337.75,24233,24313.5,88882
2026-03-09T09:00:00+00:00,24313.75,24495,24284.25,24420,89511
2026-03-09T10:00:00+00:00,24420.25,24434.75,24344.75,24370.75,56623
2026-03-09T11:00:00+00:00,24372,24423.5,24350,24384,47258
2026-03-09T12:00:00+00:00,24384.25,24460,24348.75,24379.5,61728
2026-03-09T13:00:00+00:00,24380,24526,24313.25,24371.25,268838
2026-03-09T14:00:00+00:00,24371.25,24584.75,24323.5,24550.25,351279
2026-03-09T15:00:00+00:00,24550,24658.5,24549.5,24641.5,199620
2026-03-09T16:00:00+00:00,24642.75,24750,24630,24709,171682
2026-03-09T17:00:00+00:00,24709.25,24712.5,24575.5,24610.75,156960
2026-03-09T18:00:00+00:00,24611.75,24708.25,24608.75,24655.75,135436
2026-03-09T19:00:00+00:00,24656,25055,24640.75,24992,291036
2026-03-09T20:00:00+00:00,24992,25025.75,24906.75,24958.25,67936
2026-03-09T22:00:00+00:00,24978,24983,24873.25,24908,0
2026-03-09T23:00:00+00:00,24908.5,24933,24858.25,24881.75,30182
2026-03-10T00:00:00+00:00,24881.5,24970.25,24832.5,24934.5,53263
2026-03-10T01:00:00+00:00,24934.75,24998.25,24925.75,24987.75,39709
2026-03-10T02:00:00+00:00,24987,24999.25,24906.75,24927,29240
2026-03-10T03:00:00+00:00,24926.75,24961.5,24854.25,24888.5,35601
2026-03-10T04:00:00+00:00,24885,24920,24874,24904.5,22145
2026-03-10T05:00:00+00:00,24903.75,24962.5,24902.75,24957,23386
2026-03-10T06:00:00+00:00,24957,24983,24941,24953.25,19768
2026-03-10T07:00:00+00:00,24953,25076.75,24939.5,25073,53443
2026-03-10T08:00:00+00:00,25073.25,25146.75,25063,25086.75,61664
2026-03-10T09:00:00+00:00,25087,25134.5,25081.25,25090.75,32668
2026-03-10T10:00:00+00:00,25091.25,25095.75,25020.25,25066.5,42498
2026-03-10T11:00:00+00:00,25065.75,25108,24958.5,24971.5,64946
2026-03-10T12:00:00+00:00,24972.5,24999.5,24892.5,24968.75,75738
2026-03-10T13:00:00+00:00,24969,25081,24945.5,24964.25,267175
2026-03-10T14:00:00+00:00,24964.5,25153.25,24892.5,25151.75,338113
2026-03-10T15:00:00+00:00,25151.25,25182,25109,25148.75,192881
2026-03-10T16:00:00+00:00,25149.25,25169.25,25080,25156,163373
2026-03-10T17:00:00+00:00,25156.25,25217.75,25102,25169.25,193324
2026-03-10T18:00:00+00:00,25169.5,25180.75,24987.5,25029,285661
2026-03-10T19:00:00+00:00,25029.75,25073,24940.75,24985.75,222445
2026-03-10T20:00:00+00:00,24985.75,25038.25,24985.5,25008.75,40518
2026-03-10T22:00:00+00:00,25015,25020,24951.5,24970,0
2026-03-10T23:00:00+00:00,24970.5,25025.5,24963.25,25015.75,22443
2026-03-11T00:00:00+00:00,25016.5,25085.75,25009.25,25061,40843
2026-03-11T01:00:00+00:00,25061.25,25098,25050.5,25091,22187
2026-03-11T02:00:00+00:00,25091,25102.5,25073.75,25094.25,16166
2026-03-11T03:00:00+00:00,25094.25,25123.5,25086.5,25118,12977
2026-03-11T04:00:00+00:00,25116,25119,25086.75,25091.75,12071
2026-03-11T05:00:00+00:00,25091.75,25095.25,25025.25,25030.25,24111
2026-03-11T06:00:00+00:00,25029.5,25053.5,25008.25,25041.25,24616
2026-03-11T07:00:00+00:00,25040.75,25048.25,24947.5,25006,40529
2026-03-11T08:00:00+00:00,25005.5,25037.75,24934,24965.75,54210
2026-03-11T09:00:00+00:00,24966.5,24971,24899.5,24902.25,36216
2026-03-11T10:00:00+00:00,24902,25025,24895.25,25017.25,35835
2026-03-11T11:00:00+00:00,25017.75,25043.5,24928.5,24946.25,52575
2026-03-11T12:00:00+00:00,24947,25056,24908.5,24945.5,67145
2026-03-11T13:00:00+00:00,24945,25115.5,24943.25,25101.5,236298
2026-03-11T14:00:00+00:00,25101.5,25180,24958.5,25065,343044
2026-03-11T15:00:00+00:00,25065.5,25090,24892,24934.75,270869
2026-03-11T16:00:00+00:00,24934.5,25012.25,24897.25,25007,160052
2026-03-11T17:00:00+00:00,25007,25035,24873.75,24952.25,176018
2026-03-11T18:00:00+00:00,24951.5,24977.5,24890.25,24957.75,129758
2026-03-11T19:00:00+00:00,24958.25,25006.75,24913.5,24984,105791
2026-03-11T20:00:00+00:00,24983.75,24991.25,24940,24947.5,26424
2026-03-11T22:00:00+00:00,24940,24949.75,24816,24850,0
2026-03-11T23:00:00+00:00,24848.5,24854.25,24732.5,24788,58968
2026-03-12T00:00:00+00:00,24787.75,24805.5,24740.25,24791,40786
2026-03-12T01:00:00+00:00,24791.25,24842.25,24768.5,24789.25,40763
2026-03-12T02:00:00+00:00,24790,24795.75,24703.75,24729.75,39133
2026-03-12T03:00:00+00:00,24729.5,24758.75,24696.25,24726.5,27016
2026-03-12T04:00:00+00:00,24744,24751.75,24709.25,24718.75,20003
2026-03-12T05:00:00+00:00,24718.25,24779.5,24717.5,24771.25,29900
2026-03-12T06:00:00+00:00,24770.75,24813.75,24746.25,24809.5,21433
2026-03-12T07:00:00+00:00,24809.5,24872.25,24807.75,24871.75,29513
2026-03-12T08:00:00+00:00,24870.75,24902,24837,24877.25,42487
2026-03-12T09:00:00+00:00,24877.75,24921.5,24813.25,24917,37304
2026-03-12T10:00:00+00:00,24917,24926.75,24875,24884,30844
2026-03-12T11:00:00+00:00,24883.75,24929,24847,24858.25,42349
2026-03-12T12:00:00+00:00,24858.25,24862.75,24801,24834.25,61279
2026-03-12T13:00:00+00:00,24833.25,24852.75,24630.5,24657.5,306490
2026-03-12T14:00:00+00:00,24658.75,24750,24572.5,24619.75,367180
2026-03-12T15:00:00+00:00,24620.25,24710.75,24561,24665.25,257707
2026-03-12T16:00:00+00:00,24666,24735.25,24587.75,24661.75,235152
2026-03-12T17:00:00+00:00,24661.5,24724,24585.25,24624.25,149309
2026-03-12T18:00:00+00:00,24625.5,24671.5,24594.75,24600,113463
2026-03-12T19:00:00+00:00,24599.75,24643.25,24543,24555.75,143165
2026-03-12T20:00:00+00:00,24555.5,24577.75,24517,24567.25,43822
2026-03-12T22:00:00+00:00,24565,24601.5,24538,24586.25,0
2026-03-12T23:00:00+00:00,24586.75,24613.5,24526.25,24528.75,32546
2026-03-13T00:00:00+00:00,24529,24647.25,24491.5,24625.75,64728
2026-03-13T01:00:00+00:00,24626,24661.25,24619,24630.25,30985
2026-03-13T02:00:00+00:00,24629.75,24651,24599,24604,25859
2026-03-13T03:00:00+00:00,24604.25,24629.5,24582.25,24625.25,27902
2026-03-13T04:00:00+00:00,24620.5,24620.75,24562.75,24575.75,21916
2026-03-13T05:00:00+00:00,24576.5,24599.75,24553.25,24585.75,20841
2026-03-13T06:00:00+00:00,24585,24596,24476,24480.75,36432
2026-03-13T07:00:00+00:00,24479.5,24488.25,24410.5,24447.5,56635
2026-03-13T08:00:00+00:00,24448.75,24523.75,24397.5,24513,61376
2026-03-13T09:00:00+00:00,24513.25,24574.75,24509.5,24530.25,48854
2026-03-13T10:00:00+00:00,24532,24623.25,24525,24618,43955
2026-03-13T11:00:00+00:00,24618,24665.25,24602.25,24662.75,53607
2026-03-13T12:00:00+00:00,24662.5,24735.25,24630.25,24681.25,83822
2026-03-13T13:00:00+00:00,24680.75,24805,24611,24727.75,282421
2026-03-13T14:00:00+00:00,24728,24765.5,24480.75,24491,395162
2026-03-13T15:00:00+00:00,24490.5,24569.5,24391.75,24409,321241
2026-03-13T16:00:00+00:00,24409,24488.25,24386,24396.75,211948
2026-03-13T17:00:00+00:00,24396.25,24474.25,24353,24374.25,165911
2026-03-13T18:00:00+00:00,24374.25,24472.75,24367.25,24448.75,131930
2026-03-13T19:00:00+00:00,24448.75,24449.5,24350.75,24397.5,149538
2026-03-13T20:00:00+00:00,24397.75,24400.75,24333.75,24394.25,35983
2026-03-15T22:00:00+00:00,24323.75,24476,24295,24466,35031
2026-03-15T23:00:00+00:00,24465.75,24495.75,24407,24440.5,39660
2026-03-16T00:00:00+00:00,24440,24526.25,24435,24510.75,37248
2026-03-16T01:00:00+00:00,24510.75,24525,24468.75,24516.5,28695
2026-03-16T02:00:00+00:00,24515.5,24518.5,24474.5,24488.5,19155
2026-03-16T03:00:00+00:00,24490.75,24539.75,24485.25,24532.75,11183
2026-03-16T04:00:00+00:00,24530.75,24550,24504,24507,10351
2026-03-16T05:00:00+00:00,24506.5,24562,24506,24560,11706
2026-03-16T06:00:00+00:00,24559.75,24568,24536,24565.25,9895
2026-03-16T07:00:00+00:00,24564.5,24585.25,24504,24513.75,18148
2026-03-16T08:00:00+00:00,24513,24570.5,24497.25,24528.5,24347
2026-03-16T09:00:00+00:00,24528.5,24536.75,24478,24491.75,18846
2026-03-16T10:00:00+00:00,24491.25,24614,24487.5,24604.25,25308
2026-03-16T11:00:00+00:00,24604,24636.75,24576.5,24625.75,21776
2026-03-16T12:00:00+00:00,24624.75,24689.75,24624.25,24658.25,32194
2026-03-16T13:00:00+00:00,24658,24744.25,24623,24736.75,120160
2026-03-16T14:00:00+00:00,24736,24765.75,24602.25,24694.5,155890
2026-03-16T15:00:00+00:00,24694.75,24739.75,24647,24675.5,89060
2026-03-16T16:00:00+00:00,24675.25,24704,24617.25,24674,75720
2026-03-16T17:00:00+00:00,24674.75,24727.25,24652,24681.5,57587
2026-03-16T18:00:00+00:00,24682.75,24735.5,24676.5,24704.75,42630
2026-03-16T19:00:00+00:00,24704,24816.25,24636.5,24669.5,84683
2026-03-16T20:00:00+00:00,24669.75,24685.25,24640.25,24659.5,15269
2026-03-16T22:00:00+00:00,24660,24666.5,24619.25,24624,0
2026-03-16T23:00:00+00:00,24623.75,24667.75,24622.25,24666.5,6730
2026-03-17T00:00:00+00:00,24666.75,24667.75,24590,24600.25,11354
2026-03-17T01:00:00+00:00,24600.25,24634,24597,24623,8540
2026-03-17T02:00:00+00:00,24621.25,24625.5,24572.5,24578.5,6500
2026-03-17T03:00:00+00:00,24579,24598.5,24566.75,24575.5,5772
2026-03-17T04:00:00+00:00,24583.75,24635.75,24582.75,24623,4599
2026-03-17T05:00:00+00:00,24623,24640.75,24540.5,24544,6178
2026-03-17T06:00:00+00:00,24544,24563,24517.5,24543.25,8977
2026-03-17T07:00:00+00:00,24540.75,24816.25,24525,24772,123370
2026-03-17T08:00:00+00:00,24771.25,24809.5,24739.75,24769.75,32635
2026-03-17T09:00:00+00:00,24768.25,24850.5,24768,24844,23953
2026-03-17T10:00:00+00:00,24843.25,24844.25,24793.5,24833.5,18901
2026-03-17T11:00:00+00:00,24833.25,24860.5,24812.5,24814.5,26445
2026-03-17T12:00:00+00:00,24815,24940,24812.75,24932.5,47554
2026-03-17T13:00:00+00:00,24932.25,25114.5,24929.25,25093,184979
2026-03-17T14:00:00+00:00,25093,25098,24996,25076.5,220872
2026-03-17T15:00:00+00:00,25076.25,25089.25,24951.5,24990.75,187767
2026-03-17T16:00:00+00:00,24991.25,25027,24946,24995.5,127976
2026-03-17T17:00:00+00:00,24995.75,25043.5,24994.25,25034.25,88246
2026-03-17T18:00:00+00:00,25034.25,25058.25,24989.75,25003.25,84295
2026-03-17T19:00:00+00:00,25003.5,25029,24981.5,25010.5,83596
2026-03-17T20:00:00+00:00,25010.5,25030.5,25004,25027,23167
2026-03-17T22:00:00+00:00,25026,25027,24990,25006.75,0
2026-03-17T23:00:00+00:00,25007,25024,24995.25,25004.75,14683
2026-03-18T00:00:00+00:00,25004.25,25082.5,24998,25078.5,26766
2026-03-18T01:00:00+00:00,25079,25099,25079,25096.5,20506
2026-03-18T02:00:00+00:00,25096.25,25131.25,25094.25,25118,21665
2026-03-18T03:00:00+00:00,25118,25144.5,25107.5,25136.75,13955
2026-03-18T04:00:00+00:00,25140.75,25150,25130.5,25139.75,13243
2026-03-18T05:00:00+00:00,25139.75,25171.5,25135,25168.25,12354
2026-03-18T06:00:00+00:00,25168.75,25210.75,25165.75,25182.5,21140
2026-03-18T07:00:00+00:00,25182,25188.5,25158.25,25161.75,17274
2026-03-18T08:00:00+00:00,25161,25186,25153.5,25171.5,19277
2026-03-18T09:00:00+00:00,25171.5,25191.25,25158,25169.25,16398
2026-03-18T10:00:00+00:00,25169.25,25197.75,25159,25161.5,17558
2026-03-18T11:00:00+00:00,25161,25177.25,25097.5,25112.75,46339
2026-03-18T12:00:00+00:00,25112.5,25118.5,24869.25,24880.5,130878
2026-03-18T13:00:00+00:00,24881.25,24999,24863,24969.75,232680
2026-03-18T14:00:00+00:00,24970.5,24985,24811.25,24882.5,238191
2026-03-18T15:00:00+00:00,24882.5,24931.75,24860.25,24899.25,164249
2026-03-18T16:00:00+00:00,24899,24912,24830.75,24845,109315
2026-03-18T17:00:00+00:00,24844.75,24885,24795.5,24880.75,96393
2026-03-18T18:00:00+00:00,24880.75,24916.75,24741.25,24743.75,168457
2026-03-18T19:00:00+00:00,24743.5,24801.25,24641.5,24651.75,165670
2026-03-18T20:00:00+00:00,24651.75,24682.5,24564,24606.25,61752
2026-03-18T22:00:00+00:00,24615,24627.75,24560.5,24593.75,0
2026-03-18T23:00:00+00:00,24593.5,24644.25,24590.25,24616.75,35172
2026-03-19T00:00:00+00:00,24617.5,24643.5,24586.75,24619.5,39543
2026-03-19T01:00:00+00:00,24619.5,24670.5,24603.75,24639.5,29565
2026-03-19T02:00:00+00:00,24639.75,24725.25,24600.75,24695.75,46954
2026-03-19T03:00:00+00:00,24696,24715.5,24668.25,24669.5,21139
2026-03-19T04:00:00+00:00,24642,24648.5,24610,24629.5,25482
2026-03-19T05:00:00+00:00,24630.25,24647.75,24576.25,24597.75,30292
2026-03-19T06:00:00+00:00,24598,24639.25,24573.75,24605.25,31543
2026-03-19T07:00:00+00:00,24605.75,24627.5,24543.25,24557.5,52750
2026-03-19T08:00:00+00:00,24557.75,24594,24505.5,24546,67347
2026-03-19T09:00:00+00:00,24546.25,24650.25,24500.25,24628,82497
2026-03-19T10:00:00+00:00,24627.75,24628.5,24571.25,24591.25,42662
2026-03-19T11:00:00+00:00,24592,24613.5,24509,24548.25,52108
2026-03-19T12:00:00+00:00,24547,24559.5,24422.25,24446.75,111170
2026-03-19T13:00:00+00:00,24446.75,24521.25,24324.25,24502,314352
2026-03-19T14:00:00+00:00,24502.25,24546,24407.25,24489.25,311726
2026-03-19T15:00:00+00:00,24489.5,24577.75,24396.5,24475.25,249361
2026-03-19T16:00:00+00:00,24474.75,24524,24423.5,24455.25,171480
2026-03-19T17:00:00+00:00,24454.75,24481.5,24377.25,24453.5,139043
2026-03-19T18:00:00+00:00,24453.25,24524.25,24417.25,24509,125483
2026-03-19T19:00:00+00:00,24509,24691.5,24506,24574.5,278471
2026-03-19T20:00:00+00:00,24574.5,24633,24563.25,24617,34086
2026-03-19T22:00:00+00:00,24629.25,24657.75,24605,24636.25,0
2026-03-19T23:00:00+00:00,24636.25,24658.5,24605.25,24620,24644
2026-03-20T00:00:00+00:00,24620.25,24642.75,24582.25,24598,35040
2026-03-20T01:00:00+00:00,24599,24660.75,24590,24617.5,33137
2026-03-20T02:00:00+00:00,24618,24642,24611.25,24620.5,16240
2026-03-20T03:00:00+00:00,24620.75,24629,24597.75,24606.25,14443
2026-03-20T04:00:00+00:00,24614.5,24616.25,24584.75,24586,11761
2026-03-20T05:00:00+00:00,24586,24603.5,24559,24593,16625
2026-03-20T06:00:00+00:00,24592,24604.5,24519,24529,20761
2026-03-20T07:00:00+00:00,24529.25,24608.25,24482.75,24593.75,37537
2026-03-20T08:00:00+00:00,24594,24616.5,24553.25,24558.5,42608
2026-03-20T09:00:00+00:00,24559.5,24585.5,24408,24431.5,62223
2026-03-20T10:00:00+00:00,24431.75,24440.5,24319,24407.25,74104
2026-03-20T11:00:00+00:00,24407.25,24468.25,24397.5,24443.5,53973
2026-03-20T12:00:00+00:00,24443.75,24502,24425.5,24496.75,76205
2026-03-20T13:00:00+00:00,24496,24527.25,24279.5,24284.75,263258
2026-03-20T14:00:00+00:00,24285.5,24328.75,24231.5,24270.5,293544
2026-03-20T15:00:00+00:00,24270.5,24343.5,24236.75,24311.75,201564
2026-03-20T16:00:00+00:00,24313,24359,24235.25,24272.5,158730
2026-03-20T17:00:00+00:00,24272.25,24292.25,24164.5,24212.25,151593
2026-03-20T18:00:00+00:00,24211.75,24222.25,24073.25,24094.5,157457
2026-03-20T19:00:00+00:00,24094.75,24118.75,23970.75,24113,203373
2026-03-20T20:00:00+00:00,24114.25,24215.75,24095.5,24206.75,58102
2026-03-22T22:00:00+00:00,24007.75,24095.75,23956.25,24044.25,51938
2026-03-22T23:00:00+00:00,24045,24084.25,23975,24006,47193
2026-03-23T00:00:00+00:00,24006.75,24090.25,23940.5,23950,79375
2026-03-23T01:00:00+00:00,23949.75,24072.75,23936,24044,59082
2026-03-23T02:00:00+00:00,24044.75,24068.5,23989.25,24009.25,40964
2026-03-23T03:00:00+00:00,24009.25,24027,23950,23954.25,34498
2026-03-23T04:00:00+00:00,23953.25,24004.25,23945.75,23996.5,24793
2026-03-23T05:00:00+00:00,23997,24033.5,23933.75,23973.5,37257
2026-03-23T06:00:00+00:00,23973.5,23976.5,23826.5,23855,44867
2026-03-23T07:00:00+00:00,23856,23915.25,23772.75,23841.5,63984
2026-03-23T08:00:00+00:00,23841.25,23955.5,23839.75,23931.25,63841
2026-03-23T09:00:00+00:00,23932.25,23971.25,23844.75,23883,51708
2026-03-23T10:00:00+00:00,23883.25,23929.25,23815.75,23881,54436
2026-03-23T11:00:00+00:00,23881,24763.5,23876.25,24392.5,163644
2026-03-23T12:00:00+00:00,24391.75,24621,24344.5,24609,117782
2026-03-23T13:00:00+00:00,24609.5,24643,24432.5,24600,261747
2026-03-23T14:00:00+00:00,24600.25,24690,24527,24610.75,280209
2026-03-23T15:00:00+00:00,24611,24689,24370.75,24381.5,249875
2026-03-23T16:00:00+00:00,24381.75,24466.5,24305,24368.5,199054
2026-03-23T17:00:00+00:00,24368.5,24474.25,24311.5,24467.75,138838
2026-03-23T18:00:00+00:00,24468.25,24537,24416.5,24514.75,120989
2026-03-23T19:00:00+00:00,24514.5,24517.5,24398.5,24399.25,108082
2026-03-23T20:00:00+00:00,24399.5,24434.25,24357.75,24400.25,40153
2026-03-23T22:00:00+00:00,24408.25,24490,24377,24482,0
2026-03-23T23:00:00+00:00,24482.25,24483.5,24426,24456.25,24349
2026-03-24T00:00:00+00:00,24454.75,24457.75,24267.5,24324.25,68341
2026-03-24T01:00:00+00:00,24325,24326.75,24225.5,24264,52880
2026-03-24T02:00:00+00:00,24263,24294.5,24222.75,24249.25,37964
2026-03-24T03:00:00+00:00,24249.75,24282.25,24230.75,24274.75,24476
2026-03-24T04:00:00+00:00,24291.75,24307.25,24240.5,24257.25,22465
2026-03-24T05:00:00+00:00,24258,24305.5,24193.5,24262,37126
2026-03-24T06:00:00+00:00,24262.25,24395.5,24259.25,24377.5,33015
2026-03-24T07:00:00+00:00,24377,24507,24371.5,24467.25,54989
2026-03-24T08:00:00+00:00,24466.5,24491.25,24361.75,24377,58616
2026-03-24T09:00:00+00:00,24378.75,24430,24304.5,24420.5,52045
2026-03-24T10:00:00+00:00,24421,24434.25,24368.5,24407,37031
2026-03-24T11:00:00+00:00,24406.5,24424.5,24296.5,24383.25,50480
2026-03-24T12:00:00+00:00,24383.25,24398,24264.75,24279.75,66140
2026-03-24T13:00:00+00:00,24279.5,24317,24134.75,24215.75,257680
2026-03-24T14:00:00+00:00,24216,24343.5,24175.75,24244,366264
2026-03-24T15:00:00+00:00,24244,24384.75,24240.25,24296,226091
2026-03-24T16:00:00+00:00,24296,24346.25,24243.75,24281,155049
2026-03-24T17:00:00+00:00,24280.75,24295,24160.25,24242.5,178737
2026-03-24T18:00:00+00:00,24242.25,24349,24208.75,24274.75,150775
2026-03-24T19:00:00+00:00,24276,24319.5,24189.25,24218.5,126143
2026-03-24T20:00:00+00:00,24218.75,24547.75,24214.25,24403.5,114126
2026-03-24T22:00:00+00:00,24422.5,24457.5,24379.75,24426.5,0
2026-03-24T23:00:00+00:00,24426.25,24443.75,24402,24413,22856
2026-03-25T00:00:00+00:00,24414,24494,24383.25,24448.75,51671
2026-03-25T01:00:00+00:00,24448.25,24468.25,24392.25,24396.5,34861
2026-03-25T02:00:00+00:00,24396.75,24400.5,24333.75,24337,34032
2026-03-25T03:00:00+00:00,24337.25,24389.25,24320.25,24376.75,23491
2026-03-25T04:00:00+00:00,24386.25,24423,24385.5,24418.5,18483
2026-03-25T05:00:00+00:00,24419,24429.5,24373,24381.5,18329
2026-03-25T06:00:00+00:00,24381.5,24389.75,24324.5,24379,27791
2026-03-25T07:00:00+00:00,24378,24419.5,24351.25,24407.75,34588
2026-03-25T08:00:00+00:00,24410,24534.75,24408.5,24440,65303
2026-03-25T09:00:00+00:00,24440.5,24481.5,24412.25,24455,37717
2026-03-25T10:00:00+00:00,24454.5,24487.75,24426.5,24448,34152
2026-03-25T11:00:00+00:00,24447.75,24522,24440.5,24494.75,51081
2026-03-25T12:00:00+00:00,24494.5,24540,24373,24448,103688
2026-03-25T13:00:00+00:00,24448.5,24526,24360,24368,246869
2026-03-25T14:00:00+00:00,24368.5,24519.25,24328.5,24484,290428
2026-03-25T15:00:00+00:00,24484,24494.75,24287.25,24378.75,281823
2026-03-25T16:00:00+00:00,24377.5,24450.75,24330.5,24421.5,158442
2026-03-25T17:00:00+00:00,24422.25,24493.75,24378,24426,154203
2026-03-25T18:00:00+00:00,24426,24453.75,24322.5,24355.25,104622
2026-03-25T19:00:00+00:00,24354.75,24392.25,24312,24372.25,129097
2026-03-25T20:00:00+00:00,24372,24393.5,24349.25,24368.25,26354
2026-03-25T22:00:00+00:00,24368.25,24368.75,24310,24314.5,0
2026-03-25T23:00:00+00:00,24314.5,24332,24283.75,24322.5,29931
2026-03-26T00:00:00+00:00,24323,24410,24316.75,24355,45040
2026-03-26T01:00:00+00:00,24355.75,24382,24330.75,24361.25,30962
2026-03-26T02:00:00+00:00,24360.75,24378.5,24243,24284.5,50964
2026-03-26T03:00:00+00:00,24284,24421.25,24282,24378.75,44010
2026-03-26T04:00:00+00:00,24369.25,24377.5,24317.25,24325,23676
2026-03-26T05:00:00+00:00,24324.75,24341,24250.5,24255.25,36579
2026-03-26T06:00:00+00:00,24255.25,24295,24232.25,24289.5,34473
2026-03-26T07:00:00+00:00,24290.25,24298,24202.25,24259.75,42834
2026-03-26T08:00:00+00:00,24259.25,24288.75,24155,24193,55211
2026-03-26T09:00:00+00:00,24194,24197.5,24108.5,24155,52846
2026-03-26T10:00:00+00:00,24155.5,24202.5,24132.25,24176.75,42657
2026-03-26T11:00:00+00:00,24177.75,24189.25,24098.25,24101.75,45088
2026-03-26T12:00:00+00:00,24102.75,24148,24073,24118,67208
2026-03-26T13:00:00+00:00,24117.5,24233.25,24066,24215.75,265895
2026-03-26T14:00:00+00:00,24215.75,24241.25,24032.75,24102.5,331499
2026-03-26T15:00:00+00:00,24102.5,24130.75,24050.75,24092.75,191275
2026-03-26T16:00:00+00:00,24092.25,24101.75,23967.75,23997.75,175673
2026-03-26T17:00:00+00:00,23998,24018.5,23851.5,23861,155330
2026-03-26T18:00:00+00:00,23861.5,23901,23844,23882.5,134006
2026-03-26T19:00:00+00:00,23882.75,23886.5,23775,23787,158020
2026-03-26T20:00:00+00:00,23787.25,24024.5,23762,23821.25,120222
2026-03-26T22:00:00+00:00,23830,23889.5,23828,23869.25,0
2026-03-26T23:00:00+00:00,23869.25,23892,23841,23876.25,23101
2026-03-27T00:00:00+00:00,23876.75,23909.75,23806.25,23818.25,48403
2026-03-27T01:00:00+00:00,23818.5,23875,23805.25,23872,29041
2026-03-27T02:00:00+00:00,23871.75,23886.5,23844.75,23854.25,23527
2026-03-27T03:00:00+00:00,23854,23897.25,23839.25,23897,18537
2026-03-27T04:00:00+00:00,23883.75,23920.5,23882.25,23916.5,14736
2026-03-27T05:00:00+00:00,23916.5,23975.75,23914.5,23927,28886
2026-03-27T06:00:00+00:00,23926.5,23955,23894.25,23905.5,23261
2026-03-27T07:00:00+00:00,23905,23907,23854.25,23871.75,25104
2026-03-27T08:00:00+00:00,23872.5,23899.75,23770.25,23779.75,50373
2026-03-27T09:00:00+00:00,23779.5,23813.5,23709.75,23739.25,49503
2026-03-27T10:00:00+00:00,23739.25,23767.5,23632.25,23649.5,52995
2026-03-27T11:00:00+00:00,23649.25,23689.25,23609.75,23664,52463
2026-03-27T12:00:00+00:00,23663.75,23667.25,23596.75,23613.25,65325
2026-03-27T13:00:00+00:00,23613.75,23664.25,23472,23481,263819
2026-03-27T14:00:00+00:00,23481.75,23558.75,23438.75,23511.5,273598
2026-03-27T15:00:00+00:00,23511.5,23611,23458.25,23549.75,222913
2026-03-27T16:00:00+00:00,23550.25,23556.75,23444,23474.5,136201
2026-03-27T17:00:00+00:00,23474,23528.25,23345.75,23360.5,150432
2026-03-27T18:00:00+00:00,23360.25,23396.75,23327,23340,121961
2026-03-27T19:00:00+00:00,23339.5,23360.5,23269,23309,158294
2026-03-27T20:00:00+00:00,23309,23331,23231,23263.25,60846
2026-03-29T22:00:00+00:00,23162.5,23242,23155.25,23208.75,43953
2026-03-29T23:00:00+00:00,23208,23223.75,23108.75,23128,52013
2026-03-30T00:00:00+00:00,23127.5,23263,23093.75,23150.25,90063
2026-03-30T01:00:00+00:00,23150.75,23217.25,23135.75,23201.75,47851
2026-03-30T02:00:00+00:00,23201.25,23274.5,23193,23252.25,42057
2026-03-30T03:00:00+00:00,23251.75,23306.25,23250.75,23299.25,29170
2026-03-30T04:00:00+00:00,23295.75,23362,23288.5,23320.75,29051
2026-03-30T05:00:00+00:00,23320.75,23364.25,23320,23345.5,25257
2026-03-30T06:00:00+00:00,23345.5,23416.5,23336.75,23390,34739
2026-03-30T07:00:00+00:00,23390,23414,23359.75,23396.75,34046
2026-03-30T08:00:00+00:00,23396.5,23449.75,23373.75,23443.25,36516
2026-03-30T09:00:00+00:00,23443.75,23451.5,23389.25,23403.25,31811
2026-03-30T10:00:00+00:00,23404,23420,23373.75,23411,25367
2026-03-30T11:00:00+00:00,23411.75,23580,23406.25,23458.75,65666
2026-03-30T12:00:00+00:00,23459.75,23524,23435.5,23505.5,47040
2026-03-30T13:00:00+00:00,23506.25,23538,23293,23302.5,230193
2026-03-30T14:00:00+00:00,23302.5,23383,23262.25,23377.5,279923
2026-03-30T15:00:00+00:00,23377.5,23437.75,23282.5,23375.25,214980
2026-03-30T16:00:00+00:00,23374.75,23380.25,23266.5,23288,138277
2026-03-30T17:00:00+00:00,23288,23306.75,23169,23210.75,173009
2026-03-30T18:00:00+00:00,23210.5,23213,23114.5,23120.75,118309
2026-03-30T19:00:00+00:00,23120.5,23165,23024.25,23136,190451
2026-03-30T20:00:00+00:00,23135.75,23144.5,23091.5,23106,34327
2026-03-30T22:00:00+00:00,23112,23147.25,23093.25,23099.75,0
2026-03-30T23:00:00+00:00,23100.5,23101.25,23021,23044.75,43962
2026-03-31T00:00:00+00:00,23045.25,23284.5,22960.5,23202.5,113269
2026-03-31T01:00:00+00:00,23201.75,23397.5,23160,23339.5,86614
2026-03-31T02:00:00+00:00,23340,23405.75,23322.25,23345.75,45865
2026-03-31T03:00:00+00:00,23345.75,23397.75,23311.25,23321,31120
2026-03-31T04:00:00+00:00,23325.5,23342.25,23277.25,23284,25112
2026-03-31T05:00:00+00:00,23284,23339,23234,23309.75,33105
2026-03-31T06:00:00+00:00,23310.25,23318.5,23264.75,23292.25,32830
2026-03-31T07:00:00+00:00,23292,23371.25,23238,23370.25,42933
2026-03-31T08:00:00+00:00,23369.5,23391.25,23293.25,23313,40624
2026-03-31T09:00:00+00:00,23312.75,23351.5,23293.75,23305.25,31514
2026-03-31T10:00:00+00:00,23305.75,23332.75,23238,23284.75,35894
2026-03-31T11:00:00+00:00,23284.75,23400,23263.75,23360,69279
2026-03-31T12:00:00+00:00,23359.75,23436.25,23311.5,23369.75,94745
2026-03-31T13:00:00+00:00,23370.25,23577.5,23357.25,23577.5,230372
2026-03-31T14:00:00+00:00,23577.25,23588.5,23377.5,23409.25,306804
2026-03-31T15:00:00+00:00,23409.25,23559.5,23407.75,23446.25,246298
2026-03-31T16:00:00+00:00,23446.25,23860,23436,23774.75,336655
2026-03-31T17:00:00+00:00,23775,23877.25,23747.25,23761.75,252354
2026-03-31T18:00:00+00:00,23760.25,23871.75,23760,23855.75,141543
2026-03-31T19:00:00+00:00,23856.25,23974,23834,23909.75,195185
2026-03-31T20:00:00+00:00,23910,23946,23868,23904.75,60420
2026-03-31T22:00:00+00:00,23895,23973.25,23880.25,23958.25,0
2026-03-31T23:00:00+00:00,23957.5,24045.75,23943,24037,39120
2026-04-01T00:00:00+00:00,24036.25,24049,23992.25,24036,40493
2026-04-01T01:00:00+00:00,24036.75,24042.5,23967,23977.5,38522
2026-04-01T02:00:00+00:00,23978.25,23996,23956,23967,21558
2026-04-01T03:00:00+00:00,23967.25,24000.75,23963.5,23980.5,15336
2026-04-01T04:00:00+00:00,23986.75,24023.25,23978.25,24012.5,15238
2026-04-01T05:00:00+00:00,24012.75,24074,24007,24040.5,24757
2026-04-01T06:00:00+00:00,24041.5,24177.25,24039,24169,53035
2026-04-01T07:00:00+00:00,24169.5,24181.5,24074.75,24078.25,46959
2026-04-01T08:00:00+00:00,24078.5,24107.25,24026.25,24070.5,50280
2026-04-01T09:00:00+00:00,24071.5,24090.5,24003.75,24069.75,38300
2026-04-01T10:00:00+00:00,24070.5,24139.5,24050.25,24128,36561
2026-04-01T11:00:00+00:00,24128,24205.5,24123,24191,44196
2026-04-01T12:00:00+00:00,24190,24245,24049,24061.75,98403
2026-04-01T13:00:00+00:00,24061.25,24194.5,24036.25,24119.5,277992
2026-04-01T14:00:00+00:00,24119.75,24269.75,24108,24260.25,329597
2026-04-01T15:00:00+00:00,24260.5,24326.5,24230,24313.5,172035
2026-04-01T16:00:00+00:00,24314,24331.75,24288,24318.75,103129
2026-04-01T17:00:00+00:00,24319.5,24349,24265.75,24266.5,96768
2026-04-01T18:00:00+00:00,24266.75,24274.5,24124.75,24159,211664
2026-04-01T19:00:00+00:00,24159,24253.75,24154,24199.75,159942
2026-04-01T20:00:00+00:00,24201,24216,24176.5,24188.25,32644
2026-04-01T22:00:00+00:00,24181.5,24204.5,24157.75,24169.5,0
2026-04-01T23:00:00+00:00,24170.5,24204.25,24159,24183.25,24242
2026-04-02T00:00:00+00:00,24183.75,24245.75,24154.25,24236.75,48608
2026-04-02T01:00:00+00:00,24236.5,24240,23912.25,23940.25,178072
2026-04-02T02:00:00+00:00,23940.75,23967,23853.5,23885,70457
2026-04-02T03:00:00+00:00,23884.75,23894.25,23815,23822.25,39180
2026-04-02T04:00:00+00:00,23815.25,23841.75,23795,23804.75,31146
2026-04-02T05:00:00+00:00,23804.75,23828,23754.5,23757.25,36634
2026-04-02T06:00:00+00:00,23757.25,23818.5,23752,23816,38590
2026-04-02T07:00:00+00:00,23815.75,23882.25,23795.5,23879,41559
2026-04-02T08:00:00+00:00,23878.25,23882.25,23822.5,23834.5,34076
2026-04-02T09:00:00+00:00,23835.25,23860,23818.25,23830.5,25532
2026-04-02T10:00:00+00:00,23830.5,23840.75,23773.5,23812.75,37390
2026-04-02T11:00:00+00:00,23812.75,23822,23683,23683,56128
2026-04-02T12:00:00+00:00,23683.75,23757.75,23666.5,23725.25,73359
2026-04-02T13:00:00+00:00,23725.5,23907.75,23678,23898,293549
2026-04-02T14:00:00+00:00,23897.75,24267.75,23858.5,24175.5,438918
2026-04-02T15:00:00+00:00,24174.75,24214.25,24089,24136.25,241531
2026-04-02T16:00:00+00:00,24135.5,24177,24057.75,24120.5,169507
2026-04-02T17:00:00+00:00,24120.75,24184.75,24063.5,24090.25,124949
2026-04-02T18:00:00+00:00,24090.75,24165.25,24090.75,24140.5,104074
2026-04-02T19:00:00+00:00,24140.75,24225.75,24134.75,24221,116938
2026-04-02T20:00:00+00:00,24221,24235.75,24199.25,24219.75,39408
2026-04-02T22:00:00+00:00,24213.75,24218.75,24177.5,24203,0
2026-04-02T23:00:00+00:00,24203.75,24217,24189,24212.75,11174
2026-04-03T00:00:00+00:00,24214,24255.5,24213,24225.25,24606
2026-04-03T01:00:00+00:00,24226,24232.25,24195.75,24197.25,12052
2026-04-03T02:00:00+00:00,24198,24205.5,24151,24181.5,18988
2026-04-03T03:00:00+00:00,24181,24193,24161.5,24167.25,11059
2026-04-05T22:00:00+00:00,24093.25,24100,23981,24079.25,69854
2026-04-05T23:00:00+00:00,24079,24094.5,24040,24092,31640
2026-04-06T00:00:00+00:00,24091.25,24215,24087.25,24209,41718
2026-04-06T01:00:00+00:00,24209.75,24241.25,24184,24193.75,31431
2026-04-06T02:00:00+00:00,24192.75,24326.5,24188.25,24223.75,54623
2026-04-06T03:00:00+00:00,24223.25,24230,24128.75,24212.5,37116
2026-04-06T04:00:00+00:00,24213,24261,24207.5,24252.5,20130
2026-04-06T05:00:00+00:00,24252.75,24268.75,24212.75,24232.75,16553
2026-04-06T06:00:00+00:00,24232.25,24291.25,24216,24256.5,29532
2026-04-06T07:00:00+00:00,24256.25,24325.75,24207.5,24309.75,32503
2026-04-06T08:00:00+00:00,24309.75,24393.5,24309,24370.75,33782
2026-04-06T09:00:00+00:00,24370.25,24398.25,24332,24336.75,25248
2026-04-06T10:00:00+00:00,24337,24359.25,24264,24315.25,30081
2026-04-06T11:00:00+00:00,24315.25,24316.75,24282.5,24306,28107
2026-04-06T12:00:00+00:00,24306,24338.25,24288,24306.5,36692
2026-04-06T13:00:00+00:00,24306.5,24418,24245.25,24418,254124
2026-04-06T14:00:00+00:00,24417.75,24453,24262.25,24306,321930
2026-04-06T15:00:00+00:00,24306.5,24338,24252.5,24323.75,157701
2026-04-06T16:00:00+00:00,24324,24347,24283,24309,101147
2026-04-06T17:00:00+00:00,24309,24335,24202.5,24263.75,168133
2026-04-06T18:00:00+00:00,24264.25,24364.5,24245.5,24351.75,125698
2026-04-06T19:00:00+00:00,24352.25,24376.25,24326.25,24363,82486
2026-04-06T20:00:00+00:00,24363.5,24369.75,24334,24349.75,25678
2026-04-06T22:00:00+00:00,24342,24383,24299.5,24303,0
2026-04-06T23:00:00+00:00,24303.25,24333,24297.75,24300.25,17154
2026-04-07T00:00:00+00:00,24299.25,24359.25,24278,24302.75,47399
2026-04-07T01:00:00+00:00,24302.75,24311,24168.5,24178,52125
2026-04-07T02:00:00+00:00,24177.5,24220.75,24152.5,24212.25,38269
2026-04-07T03:00:00+00:00,24212.75,24233,24192.25,24224.25,19844
2026-04-07T04:00:00+00:00,24214,24262.75,24198.5,24247.25,24251
2026-04-07T05:00:00+00:00,24247.5,24259.25,24204.5,24228,21545
2026-04-07T06:00:00+00:00,24228,24245,24207.25,24242,23719
2026-04-07T07:00:00+00:00,24242.5,24256.75,24209.25,24247.25,27916
2026-04-07T08:00:00+00:00,24247.5,24383,24246.25,24360.75,69329
2026-04-07T09:00:00+00:00,24360,24421,24352,24385.75,41785
2026-04-07T10:00:00+00:00,24386,24399.75,24186,24205,95709
2026-04-07T11:00:00+00:00,24205,24257.75,24177.25,24210.5,62645
2026-04-07T12:00:00+00:00,24211,24280.5,24133.75,24215.5,97671
2026-04-07T13:00:00+00:00,24216,24303.25,24118,24120.25,273723
2026-04-07T14:00:00+00:00,24121,24146,23994,24009.25,363930
2026-04-07T15:00:00+00:00,24009,24132.25,23941.5,24108.25,249340
2026-04-07T16:00:00+00:00,24107.5,24241.5,24105.5,24202.25,208608
2026-04-07T17:00:00+00:00,24202,24299.25,24170,24225.5,166901
2026-04-07T18:00:00+00:00,24225.75,24238.75,24076.5,24102.25,139957
2026-04-07T19:00:00+00:00,24102.25,24380.75,24083,24369.5,302789
2026-04-07T20:00:00+00:00,24369.25,24451.5,24345.75,24397.75,83374
2026-04-07T22:00:00+00:00,24490,24924.5,24360,24913.5,0
2026-04-07T23:00:00+00:00,24913.75,25086.75,24913.5,25050.75,104908
2026-04-08T00:00:00+00:00,25050.25,25102.75,25006.75,25080.75,74464
2026-04-08T01:00:00+00:00,25081.75,25116.5,25046.75,25094.5,42300
2026-04-08T02:00:00+00:00,25094,25113.5,25091,25111.25,20969
2026-04-08T03:00:00+00:00,25111.25,25120,25086.25,25102,19868
2026-04-08T04:00:00+00:00,25125.25,25158.75,25121,25124.75,28592
2026-04-08T05:00:00+00:00,25125.25,25194.75,25118,25191.75,31633
2026-04-08T06:00:00+00:00,25192,25203,25161.75,25171.25,36731
2026-04-08T07:00:00+00:00,25171.25,25190,25135.75,25141.75,45822
2026-04-08T08:00:00+00:00,25142,25220.5,25134.25,25215.75,40241
2026-04-08T09:00:00+00:00,25215.75,25245.25,25184,25200.5,38018
2026-04-08T10:00:00+00:00,25199.5,25232,25185.25,25204.25,26112
2026-04-08T11:00:00+00:00,25204,25235,25179.75,25209.25,42369
2026-04-08T12:00:00+00:00,25209.75,25257.25,25154.5,25213,92986
2026-04-08T13:00:00+00:00,25213.25,25250.25,25065,25080.75,297732
2026-04-08T14:00:00+00:00,25080.25,25107,24926.5,24993,312906
2026-04-08T15:00:00+00:00,24993,25089.25,24978.75,25078.5,208491
2026-04-08T16:00:00+00:00,25078,25157.5,25061,25141.75,150224
2026-04-08T17:00:00+00:00,25142.25,25157,25065,25094.5,127235
2026-04-08T18:00:00+00:00,25094,25131.75,24948.75,24953.5,178473
2026-04-08T19:00:00+00:00,24953.5,25091.75,24943.25,25079.75,176830
2026-04-08T20:00:00+00:00,25080,25095.25,25033.25,25038.75,41521
2026-04-08T22:00:00+00:00,25038.75,25066.25,25010.5,25035,0
2026-04-08T23:00:00+00:00,25034.25,25055.25,25022.25,25026,19463
2026-04-09T00:00:00+00:00,25026.5,25035,25000,25012,33030
2026-04-09T01:00:00+00:00,25012,25026,24980.75,25022.75,31583
2026-04-09T02:00:00+00:00,25022.5,25049.75,25022.5,25030.75,18987
2026-04-09T03:00:00+00:00,25031,25037.5,25008.5,25017,15621
2026-04-09T04:00:00+00:00,25012.75,25024.5,25006.5,25013.75,11200
2026-04-09T05:00:00+00:00,25014.75,25047.25,24994.25,25029.5,18522
2026-04-09T06:00:00+00:00,25029.5,25058.25,25017.5,25039.5,22141
2026-04-09T07:00:00+00:00,25040,25049,24965,24985,29533
2026-04-09T08:00:00+00:00,24986,25003.75,24953,24972.75,28637
2026-04-09T09:00:00+00:00,24972.5,25019,24963.75,25016,20587
2026-04-09T10:00:00+00:00,25017.25,25027.75,24980.75,24984.75,25915
2026-04-09T11:00:00+00:00,24984,25038.25,24976.25,25030.25,32079
2026-04-09T12:00:00+00:00,25030.25,25064.5,25014.25,25028.75,50151
2026-04-09T13:00:00+00:00,25029.25,25112.75,25005.5,25032.75,224705
2026-04-09T14:00:00+00:00,25033.25,25057,24960.25,25040.5,271880
2026-04-09T15:00:00+00:00,25041,25197.25,25013.5,25189.75,269713
2026-04-09T16:00:00+00:00,25189,25264.5,25161.25,25196.75,171774
2026-04-09T17:00:00+00:00,25196.75,25256.75,25180.5,25226.5,123512
2026-04-09T18:00:00+00:00,25226.75,25231.5,25145,25179.75,148753
2026-04-09T19:00:00+00:00,25180.25,25273.25,25175.5,25249,127759
2026-04-09T20:00:00+00:00,25248.75,25257,25219.5,25242.25,32916
2026-04-09T22:00:00+00:00,25242.25,25254.5,25203.25,25207.75,0
2026-04-09T23:00:00+00:00,25207.75,25236,25193.25,25224,16950
2026-04-10T00:00:00+00:00,25224.5,25278,25205.25,25271,27193
2026-04-10T01:00:00+00:00,25271,25298.75,25255.5,25284.5,25452
2026-04-10T02:00:00+00:00,25285,25290.5,25253.75,25274,18562
2026-04-10T03:00:00+00:00,25274,25304,25267.75,25291.75,15375
2026-04-10T04:00:00+00:00,25279.5,25283.5,25264.5,25269.25,9683
2026-04-10T05:00:00+00:00,25269.5,25285.75,25259.5,25262.25,10769
2026-04-10T06:00:00+00:00,25261.75,25268,25220,25228.75,20424
2026-04-10T07:00:00+00:00,25228.75,25254.75,25223.25,25242.5,21511
2026-04-10T08:00:00+00:00,25243,25244,25203.25,25209,25158
2026-04-10T09:00:00+00:00,25209.75,25275,25206,25258.75,36189
2026-04-10T10:00:00+00:00,25259,25283.75,25240.25,25271.5,23770
2026-04-10T11:00:00+00:00,25272.25,25301.5,25261,25268,26576
2026-04-10T12:00:00+00:00,25269,25366.75,25263.25,25304.25,52548
2026-04-10T13:00:00+00:00,25304,25372,25290,25319.25,193971
2026-04-10T14:00:00+00:00,25319.5,25377,25268.75,25352.5,251203
2026-04-10T15:00:00+00:00,25352,25393.5,25245.25,25264.75,213750
2026-04-10T16:00:00+00:00,25264.75,25301.75,25222,25265,160472
2026-04-10T17:00:00+00:00,25265.25,25275.5,25223.25,25272,102471
2026-04-10T18:00:00+00:00,25272,25282,25236.5,25261,95722
2026-04-10T19:00:00+00:00,25260.75,25302.5,25259,25284.25,115398
2026-04-10T20:00:00+00:00,25284,25337.25,25276.75,25333,34801
2026-04-12T22:00:00+00:00,24992.5,25020,24928.5,24956.75,56320
2026-04-12T23:00:00+00:00,24956.75,24986.5,24922.75,24984,37532
2026-04-13T00:00:00+00:00,24983.75,25056.25,24949.25,25055.75,57607
2026-04-13T01:00:00+00:00,25055.75,25091.75,25051.5,25082.75,43044
2026-04-13T02:00:00+00:00,25083.5,25085.5,25053,25077.75,24427
2026-04-13T03:00:00+00:00,25078,25084.5,25053.75,25061.75,18892
2026-04-13T04:00:00+00:00,25060,25096.25,25044,25081,19791
2026-04-13T05:00:00+00:00,25081,25090.25,25059,25079.75,17808
2026-04-13T06:00:00+00:00,25079.75,25120,25077.75,25114.5,22993
2026-04-13T07:00:00+00:00,25115.25,25128,25088.25,25102,24057
2026-04-13T08:00:00+00:00,25101.25,25134,25089,25098,27489
2026-04-13T09:00:00+00:00,25098.25,25133.75,25098,25116.5,20862
2026-04-13T10:00:00+00:00,25116.5,25158,25109.25,25156.5,17642
2026-04-13T11:00:00+00:00,25156.25,25195.25,25084.75,25090,48461
2026-04-13T12:00:00+00:00,25090,25180,25073.25,25168,55958
2026-04-13T13:00:00+00:00,25167.75,25311.25,25156.75,25307.25,273957
2026-04-13T14:00:00+00:00,25307.5,25358.75,25245,25352,244190
2026-04-13T15:00:00+00:00,25351.75,25355,25294.75,25309.5,150210
2026-04-13T16:00:00+00:00,25309.5,25435.25,25282.25,25410.5,207063
2026-04-13T17:00:00+00:00,25411,25441.25,25396,25404,83966
2026-04-13T18:00:00+00:00,25404.5,25456,25396,25445,78958
2026-04-13T19:00:00+00:00,25445,25550.25,25431,25537.5,126965
2026-04-13T20:00:00+00:00,25537.75,25590.25,25532.75,25585.25,48523
2026-04-13T22:00:00+00:00,25581,25600,25565.25,25593.5,0
2026-04-13T23:00:00+00:00,25593.75,25618.75,25583,25585.5,27358
2026-04-14T00:00:00+00:00,25585.25,25600.5,25559.5,25591,31491
2026-04-14T01:00:00+00:00,25591,25593.25,25571.5,25581.5,16505
2026-04-14T02:00:00+00:00,25581.5,25597.5,25575.5,25595.75,11461
2026-04-14T03:00:00+00:00,25595.5,25596,25574.25,25584.25,9177
2026-04-14T04:00:00+00:00,25583.75,25595,25580.75,25593.5,6912
2026-04-14T05:00:00+00:00,25594,25599,25571.25,25573.75,9968
2026-04-14T06:00:00+00:00,25574,25593,25564.5,25585,14878
2026-04-14T07:00:00+00:00,25586.25,25643,25581.5,25618.5,36057
2026-04-14T08:00:00+00:00,25618.25,25664.5,25609.75,25662.5,24231
2026-04-14T09:00:00+00:00,25662.75,25674,25632,25637.75,20052
2026-04-14T10:00:00+00:00,25638,25655.75,25622,25625.5,24097
2026-04-14T11:00:00+00:00,25625.5,25696.25,25619.75,25666.5,32077
2026-04-14T12:00:00+00:00,25667.25,25716.25,25657.5,25675.75,49539
2026-04-14T13:00:00+00:00,25676,25763.75,25639.5,25722,216120
2026-04-14T14:00:00+00:00,25721.75,25823,25710.5,25806,234892
2026-04-14T15:00:00+00:00,25805.75,25899.75,25762.5,25876,185829
2026-04-14T16:00:00+00:00,25876,25940,25873.25,25914,124902
2026-04-14T17:00:00+00:00,25914.25,25969.25,25911.25,25958.5,95507
2026-04-14T18:00:00+00:00,25958.75,25964.5,25885,25918,126194
2026-04-14T19:00:00+00:00,25918,26002.75,25915,26001,145674
2026-04-14T20:00:00+00:00,26001,26005.25,25972.5,25990.75,36960
2026-04-14T22:00:00+00:00,25986.75,26015.5,25976.25,25995.75,0
2026-04-14T23:00:00+00:00,25996,26037.75,25993.75,26018.5,25310
2026-04-15T00:00:00+00:00,26018.25,26023,25995,26018.5,25460
2026-04-15T01:00:00+00:00,26018.5,26044.25,26014,26038.25,21234
2026-04-15T02:00:00+00:00,26038.25,26038.5,25990,25996,19963
2026-04-15T03:00:00+00:00,25995.75,26026,25994.75,26022.25,12663
2026-04-15T04:00:00+00:00,26018.25,26025.75,26008.75,26013.25,8088
2026-04-15T05:00:00+00:00,26013.5,26058.25,25966,25978.25,31602
2026-04-15T06:00:00+00:00,25978.5,25998.25,25967.75,25987.75,16380
2026-04-15T07:00:00+00:00,25988.5,26009.5,25975.25,26004.5,21004
2026-04-15T08:00:00+00:00,26004.25,26038,25999.75,26031.75,18961
2026-04-15T09:00:00+00:00,26032,26038,25975.75,25978.5,25040
2026-04-15T10:00:00+00:00,25978.75,25998,25934.5,25984.75,40879
2026-04-15T11:00:00+00:00,25985.25,26044,25972,25998,38004
2026-04-15T12:00:00+00:00,25998.25,26007.5,25960.25,25989.75,35937
2026-04-15T13:00:00+00:00,25989.75,26073.5,25979.75,26069,211788
2026-04-15T14:00:00+00:00,26069,26176.5,26047.25,26162.75,249746
2026-04-15T15:00:00+00:00,26162.75,26216,26138.75,26196.75,163964
2026-04-15T16:00:00+00:00,26196.75,26252.75,26103,26144.5,191352
2026-04-15T17:00:00+00:00,26144.5,26219.75,26136.25,26190.25,119085
2026-04-15T18:00:00+00:00,26190.25,26315.75,26172.75,26303,137278
2026-04-15T19:00:00+00:00,26303,26377.25,26292,26364,138369
2026-04-15T20:00:00+00:00,26364,26371.5,26330.25,26360,36725
2026-04-15T22:00:00+00:00,26345.25,26393,26344,26390,0
2026-04-15T23:00:00+00:00,26389.25,26415.5,26382.75,26407,17987
2026-04-16T00:00:00+00:00,26407.25,26445.25,26390.5,26437.5,34192
2026-04-16T01:00:00+00:00,26438,26466,26426,26441,25619
2026-04-16T02:00:00+00:00,26441.25,26459.5,26436,26442.75,15079
2026-04-16T03:00:00+00:00,26442,26460.75,26432,26445.75,13488
2026-04-16T04:00:00+00:00,26435.5,26444.75,26427,26434.25,10364
2026-04-16T05:00:00+00:00,26434.75,26461.75,26416.5,26454.5,16959
2026-04-16T06:00:00+00:00,26455,26486.5,26455,26479.75,20809
2026-04-16T07:00:00+00:00,26480,26487.25,26451.75,26459.75,18289
2026-04-16T08:00:00+00:00,26459,26465,26410.75,26440,27195
2026-04-16T09:00:00+00:00,26440.5,26457.75,26433.25,26453,13953
2026-04-16T10:00:00+00:00,26453.25,26466,26364.25,26405.75,35011
2026-04-16T11:00:00+00:00,26406.5,26425.5,26382.75,26418,29134
2026-04-16T12:00:00+00:00,26418.75,26434,26392,26401.5,36169
2026-04-16T13:00:00+00:00,26402,26453.5,26275.75,26321.25,278036
2026-04-16T14:00:00+00:00,26321.25,26422.75,26288.75,26403.75,326228
2026-04-16T15:00:00+00:00,26403.75,26541.75,26403.75,26533.5,251454
2026-04-16T16:00:00+00:00,26534,26562.75,26430.25,26473.25,188207
2026-04-16T17:00:00+00:00,26474.25,26509.75,26431,26460.75,161153
2026-04-16T18:00:00+00:00,26460.75,26484.5,26355,26438,180001
2026-04-16T19:00:00+00:00,26438,26498.75,26433.25,26483.75,124119
2026-04-16T20:00:00+00:00,26483.75,26491,26440,26464.75,36666
2026-04-16T22:00:00+00:00,26464.25,26488.25,26446.5,26474,0
2026-04-16T23:00:00+00:00,26473.5,26488.25,26470,26479.75,13541
2026-04-17T00:00:00+00:00,26479.75,26496,26455.75,26487,26809
2026-04-17T01:00:00+00:00,26486.75,26497.75,26480,26489,15132
2026-04-17T02:00:00+00:00,26489.25,26495,26454,26465,16125
2026-04-17T03:00:00+00:00,26465.25,26469,26448,26459.25,11986
2026-04-17T04:00:00+00:00,26470,26481.75,26457.75,26463,12289
2026-04-17T05:00:00+00:00,26463.25,26470.5,26443.25,26465.25,15107
2026-04-17T06:00:00+00:00,26466,26479.75,26446.75,26456.75,15115
2026-04-17T07:00:00+00:00,26456.75,26491.75,26456.75,26489.5,18338
2026-04-17T08:00:00+00:00,26488.75,26520.25,26476.5,26518.75,19585
2026-04-17T09:00:00+00:00,26518.75,26540.75,26506.75,26536.75,21165
2026-04-17T10:00:00+00:00,26536.75,26546.25,26504,26525.5,21043
2026-04-17T11:00:00+00:00,26525.75,26568.75,26521.75,26565.5,29048
2026-04-17T12:00:00+00:00,26566.25,26745.75,26560.75,26741.25,129246
2026-04-17T13:00:00+00:00,26741.25,26812.5,26629.5,26732,367442
2026-04-17T14:00:00+00:00,26731.5,26856,26699,26827.5,289524
2026-04-17T15:00:00+00:00,26827.5,26877.25,26797.25,26804.75,210461
2026-04-17T16:00:00+00:00,26805,26883,26792,26859.25,134974
2026-04-17T17:00:00+00:00,26859.5,26877.25,26736,26808.25,202099
2026-04-17T18:00:00+00:00,26808.25,26822.25,26755.25,26784.75,150049
2026-04-17T19:00:00+00:00,26785,26832,26757.75,26827.5,128483
2026-04-17T20:00:00+00:00,26827.25,26844.75,26815.75,26825.5,36929
2026-04-19T22:00:00+00:00,26639,26673.75,26608.25,26665.5,34404
2026-04-19T23:00:00+00:00,26665.75,26682.25,26636.75,26658,33249
2026-04-20T00:00:00+00:00,26658.25,26665,26616,26656.5,40619
2026-04-20T01:00:00+00:00,26657.25,26715,26653.25,26705.25,32367
2026-04-20T02:00:00+00:00,26705.5,26706.25,26683.5,26694.25,16026
2026-04-20T03:00:00+00:00,26694.25,26702.75,26675.5,26678.75,11647
2026-04-20T04:00:00+00:00,26679.25,26682.25,26655,26675.75,15955
2026-04-20T05:00:00+00:00,26675.75,26679,26612.25,26635.25,21886
2026-04-20T06:00:00+00:00,26635.25,26647,26633.5,26646.25,1445
2026-04-20T09:00:00+00:00,26825.5,26825.5,26693,26694.5,109947
2026-04-20T10:00:00+00:00,26695,26825.5,26691.25,26700.5,19505
2026-04-20T11:00:00+00:00,26700.75,26825.5,26680.25,26709.75,27796
2026-04-20T12:00:00+00:00,26710.25,26774.75,26702,26750.5,41000
2026-04-20T13:00:00+00:00,26750.75,26826,26716,26781,243020
2026-04-20T14:00:00+00:00,26781.5,26788.75,26612.25,26637.75,324231
2026-04-20T15:00:00+00:00,26637.75,26710.5,26569,26658.25,245620
2026-04-20T16:00:00+00:00,26658.5,26699.75,26639.5,26679.5,113499
2026-04-20T17:00:00+00:00,26679.5,26727,26660,26707.25,104168
2026-04-20T18:00:00+00:00,26707.5,26748.25,26695.5,26732.25,106566
2026-04-20T19:00:00+00:00,26732.5,26752.25,26708.25,26745,85654
2026-04-20T20:00:00+00:00,26745.25,26810,26729.75,26774.25,48515
2026-04-20T22:00:00+00:00,26776.5,26817.25,26751.5,26810.5,0
2026-04-20T23:00:00+00:00,26810.75,26812.5,26790.5,26797,10816
2026-04-21T00:00:00+00:00,26797.25,26838.75,26784.25,26824.75,32692
2026-04-21T01:00:00+00:00,26824.75,26837.5,26807.75,26812.5,18876
2026-04-21T02:00:00+00:00,26812.75,26823.25,26808.25,26812.5,10248
2026-04-21T03:00:00+00:00,26812.25,26817.25,26791.5,26811,12497
2026-04-21T04:00:00+00:00,26816.5,26831,26811.5,26825.5,9510
2026-04-21T05:00:00+00:00,26825,26843.5,26818.25,26826.25,13798
2026-04-21T06:00:00+00:00,26825.75,26857.25,26748.75,26846.75,15593
2026-04-21T07:00:00+00:00,26846.5,26847.75,26805.75,26812.75,24993
2026-04-21T08:00:00+00:00,26813,26854.75,26797,26837,21318
2026-04-21T09:00:00+00:00,26836.75,26847.5,26805.25,26841,18954
2026-04-21T10:00:00+00:00,26841.25,26882.5,26834.25,26871.75,20860
2026-04-21T11:00:00+00:00,26871.25,26902,26839.25,26871,40365
2026-04-21T12:00:00+00:00,26871.75,26880.25,26811.5,26820.75,64412
2026-04-21T13:00:00+00:00,26821,26840.25,26726.25,26838.5,231855
2026-04-21T14:00:00+00:00,26838.5,26885,26730,26737.25,314179
2026-04-21T15:00:00+00:00,26737.5,26786.25,26662.25,26731.5,340858
2026-04-21T16:00:00+00:00,26732.5,26783,26666.75,26670.75,172822
2026-04-21T17:00:00+00:00,26671,26765.75,26600,26699.5,264851
2026-04-21T18:00:00+00:00,26699,26746.25,26658.25,26724,147533
2026-04-21T19:00:00+00:00,26723.5,26788.25,26551.75,26641.5,228042
2026-04-21T20:00:00+00:00,26641.5,26794.5,26601.25,26722,76483
2026-04-21T22:00:00+00:00,26735,26760.75,26728,26740.5,0
2026-04-21T23:00:00+00:00,26741,26777,26736.25,26773.75,13509
2026-04-22T00:00:00+00:00,26774,26817.75,26771.5,26796.5,27744
2026-04-22T01:00:00+00:00,26796.75,26831.75,26793.25,26821.25,21319
2026-04-22T02:00:00+00:00,26822,26833.75,26814.75,26817.75,12487
2026-04-22T03:00:00+00:00,26817.5,26827.5,26804.25,26811.5,12378
2026-04-22T04:00:00+00:00,26813.25,26818,26774.5,26777.5,14385
2026-04-22T05:00:00+00:00,26778,26856.75,26768.5,26832.75,34342
2026-04-22T06:00:00+00:00,26831.75,26845,26802.75,26837,18262
2026-04-22T07:00:00+00:00,26835.75,26864.5,26825.75,26845.75,22612
2026-04-22T08:00:00+00:00,26845.25,26850.5,26779.75,26819,27806
2026-04-22T09:00:00+00:00,26819.5,26862.75,26807.75,26825.5,26827
2026-04-22T10:00:00+00:00,26826,26849.25,26805,26825.75,22659
2026-04-22T11:00:00+00:00,26826,26839,26806,26834,23821
2026-04-22T12:00:00+00:00,26833.75,26900.5,26818,26821.25,69803
2026-04-22T13:00:00+00:00,26821.75,26892.5,26807.75,26865,228721
2026-04-22T14:00:00+00:00,26864.5,27006.75,26852.25,26971.5,298848
2026-04-22T15:00:00+00:00,26972,27009.25,26940.25,26980.25,174730
2026-04-22T16:00:00+00:00,26980.5,27003.75,26958,26966.25,123510
2026-04-22T17:00:00+00:00,26966.5,27050,26966,27029.75,136785
2026-04-22T18:00:00+00:00,27029.5,27041.25,26992,27014,94163
2026-04-22T19:00:00+00:00,27013.75,27093,26977.75,27080,135383
2026-04-22T20:00:00+00:00,27079.5,27138,27068.25,27105.75,52337
2026-04-22T22:00:00+00:00,27080.75,27098,27065,27087.25,0
2026-04-22T23:00:00+00:00,27088,27100,27081.5,27096.25,10366
2026-04-23T00:00:00+00:00,27095.5,27099,26848,27060.5,108630
2026-04-23T01:00:00+00:00,27059.75,27062.5,26993.25,27000.25,36430
2026-04-23T02:00:00+00:00,27001,27001,26944.25,26951.25,39774
2026-04-23T03:00:00+00:00,26952,26962,26865.25,26904,47305
2026-04-23T04:00:00+00:00,26910,26957.5,26909.75,26955.75,23046
2026-04-23T05:00:00+00:00,26955.75,26982,26939,26978.25,23750
2026-04-23T06:00:00+00:00,26978,27008,26977.25,26991.5,22789
2026-04-23T07:00:00+00:00,26991,27014,26970.25,26996.5,26481
2026-04-23T08:00:00+00:00,26996.5,27002,26917.75,26927.25,32345
2026-04-23T09:00:00+00:00,26927.5,26961.75,26890.5,26942,30929
2026-04-23T10:00:00+00:00,26941.75,26985,26916.25,26979.5,33569
2026-04-23T11:00:00+00:00,26979.5,27049,26942,27032,58614
2026-04-23T12:00:00+00:00,27032.25,27080,26957,27009.5,80935
2026-04-23T13:00:00+00:00,27009.5,27102.5,26964,27017.25,218719
2026-04-23T14:00:00+00:00,27017,27107.25,26966,27094.5,285228
2026-04-23T15:00:00+00:00,27094.5,27156,27061,27092.75,205504
2026-04-23T16:00:00+00:00,27093,27118.75,27038.5,27088,143545
2026-04-23T17:00:00+00:00,27088.25,27098.75,26680,26879.25,463813
2026-04-23T18:00:00+00:00,26879.25,26982.5,26843.25,26861.75,189693
2026-04-23T19:00:00+00:00,26860.25,26944.75,26841.75,26926.75,148868
2026-04-23T20:00:00+00:00,26926.25,26989,26910,26942.25,53667
2026-04-23T22:00:00+00:00,26990.75,27052.75,26990.75,27041.75,0
2026-04-23T23:00:00+00:00,27042,27081,27032,27080.75,17881
2026-04-24T00:00:00+00:00,27081,27137.5,27070.25,27118.5,38721
2026-04-24T01:00:00+00:00,27119.25,27128.75,27099.5,27118.75,24615
2026-04-24T02:00:00+00:00,27118.25,27120.5,27058.5,27070.75,28396
2026-04-24T03:00:00+00:00,27070.75,27079,27023.25,27030.25,25670
2026-04-24T04:00:00+00:00,27036.75,27057,27015.25,27054,21169
2026-04-24T05:00:00+00:00,27054.5,27086.75,27030.75,27086,19340
2026-04-24T06:00:00+00:00,27086.25,27099.5,27066,27075,16673
2026-04-24T07:00:00+00:00,27074.25,27115.25,27071,27109.25,21781
2026-04-24T08:00:00+00:00,27109.5,27154,27072.75,27095.25,34860
2026-04-24T09:00:00+00:00,27095.75,27120.5,27063.75,27109.75,21509
2026-04-24T10:00:00+00:00,27109.25,27194,27108.25,27172.5,33447
2026-04-24T11:00:00+00:00,27171.5,27366,27170.5,27275.75,109795
2026-04-24T12:00:00+00:00,27276.5,27312.5,27202.75,27237.75,84858
2026-04-24T13:00:00+00:00,27238.25,27268,27130,27196.25,259524
2026-04-24T14:00:00+00:00,27194.25,27297.25,27155.75,27289.75,319714
2026-04-24T15:00:00+00:00,27290.25,27418,27284,27396,246545
2026-04-24T16:00:00+00:00,27395.75,27432,27359.25,27409.75,140364
2026-04-24T17:00:00+00:00,27409.75,27462.75,27367,27432.75,125844
2026-04-24T18:00:00+00:00,27432.5,27444,27383.75,27409,100062
2026-04-24T19:00:00+00:00,27408.5,27454.25,27403.75,27433.5,122141
2026-04-24T20:00:00+00:00,27433.5,27446.5,27408.25,27439.5,36593
2026-04-26T22:00:00+00:00,27357,27399.5,27344.75,27396,22726
2026-04-26T23:00:00+00:00,27395.5,27399.25,27367.5,27384.75,24307
2026-04-27T00:00:00+00:00,27384.75,27472.75,27379.25,27455.5,44140
2026-04-27T01:00:00+00:00,27456,27539.25,27456,27537.75,51888
2026-04-27T02:00:00+00:00,27537.5,27542,27511.5,27519.25,24845
2026-04-27T03:00:00+00:00,27519,27539,27513,27527,16438
2026-04-27T04:00:00+00:00,27524.75,27540,27507.25,27518.25,16924
2026-04-27T05:00:00+00:00,27518.25,27520,27443.5,27449,28686
2026-04-27T06:00:00+00:00,27448.75,27455.75,27422.25,27434.5,23816
2026-04-27T07:00:00+00:00,27434.25,27443.75,27407.25,27426,21524
2026-04-27T08:00:00+00:00,27425.25,27445,27387.75,27440,24178
2026-04-27T09:00:00+00:00,27440.25,27466.75,27436,27455.25,16279
2026-04-27T10:00:00+00:00,27455.75,27483.5,27440.25,27475,18542
2026-04-27T11:00:00+00:00,27475.5,27500.75,27474.75,27481.5,21969
2026-04-27T12:00:00+00:00,27482,27483.5,27390,27419,60198
2026-04-27T13:00:00+00:00,27419.75,27433.5,27298,27401.75,294802
2026-04-27T14:00:00+00:00,27401.75,27410,27321.75,27368.5,269682
2026-04-27T15:00:00+00:00,27368.25,27383.25,27307.25,27367.25,173908
2026-04-27T16:00:00+00:00,27366.75,27406.75,27347,27390.75,105952
2026-04-27T17:00:00+00:00,27390.75,27440,27380.25,27428.75,116907
2026-04-27T18:00:00+00:00,27428.75,27436.75,27391,27399.5,75252
2026-04-27T19:00:00+00:00,27399.75,27452.25,27389.75,27444.75,106974
2026-04-27T20:00:00+00:00,27444.75,27446,27410.75,27418.25,29047
2026-04-27T22:00:00+00:00,27425.75,27501.75,27419.25,27485,0
2026-04-27T23:00:00+00:00,27485.5,27504.75,27474.5,27489.5,17433
2026-04-28T00:00:00+00:00,27490,27512.5,27450.75,27467.75,37115
2026-04-28T01:00:00+00:00,27468.25,27485,27417.5,27421.75,32276
2026-04-28T02:00:00+00:00,27422.75,27436.75,27386.25,27395.25,27839
2026-04-28T03:00:00+00:00,27395.25,27428.5,27388.75,27409.5,17477
2026-04-28T04:00:00+00:00,27412,27439.5,27411,27417.25,15833
2026-04-28T05:00:00+00:00,27418,27423.5,27350.25,27363.25,31072
2026-04-28T06:00:00+00:00,27363.25,27378.25,27322.25,27337,23152
2026-04-28T07:00:00+00:00,27337.25,27352.75,27320,27337.75,25453
2026-04-28T08:00:00+00:00,27338,27359.5,27302.25,27352.25,30367
2026-04-28T09:00:00+00:00,27352.25,27355.25,27255.75,27284.25,40726
2026-04-28T10:00:00+00:00,27285,27301,27238.25,27262,35112
2026-04-28T11:00:00+00:00,27261.5,27269.75,27080.5,27095,96714
2026-04-28T12:00:00+00:00,27094.5,27153.25,27036,27148.25,120743
2026-04-28T13:00:00+00:00,27148.5,27250.75,27069.25,27202.25,318146
2026-04-28T14:00:00+00:00,27203.25,27234.5,27010.5,27091.5,384592
2026-04-28T15:00:00+00:00,27091.5,27120,27006.25,27053,235260
2026-04-28T16:00:00+00:00,27053.5,27096,27026,27084.25,146947
2026-04-28T17:00:00+00:00,27084.5,27143.75,27047.5,27141.5,113432
2026-04-28T18:00:00+00:00,27141.5,27195,27120.75,27194.5,108498
2026-04-28T19:00:00+00:00,27194.75,27224.75,27154.25,27169.5,119975
2026-04-28T20:00:00+00:00,27169.25,27207.75,27147.25,27191,39474
2026-04-28T22:00:00+00:00,27196,27232.75,27196,27224,0
2026-04-28T23:00:00+00:00,27223.5,27248,27213.25,27246.25,12969
2026-04-29T00:00:00+00:00,27246.75,27294,27246.5,27263.5,31219
2026-04-29T01:00:00+00:00,27264.25,27269.75,27191.5,27247,50809
2026-04-29T02:00:00+00:00,27247.25,27282,27243.25,27267.5,24313
2026-04-29T03:00:00+00:00,27268,27293.5,27266,27285,13526
2026-04-29T04:00:00+00:00,27290,27312.5,27288.25,27298,14107
2026-04-29T05:00:00+00:00,27298.25,27309.5,27273,27297.25,16297
2026-04-29T06:00:00+00:00,27297.25,27318.25,27260.75,27266,21570
2026-04-29T07:00:00+00:00,27265.25,27288.75,27210,27237.75,32043
2026-04-29T08:00:00+00:00,27238.5,27262.25,27198.25,27241.75,36515
2026-04-29T09:00:00+00:00,27241.75,27271,27222,27228.25,24775
2026-04-29T10:00:00+00:00,27227.75,27288.25,27211.5,27263.5,26549
2026-04-29T11:00:00+00:00,27262.75,27285.5,27234.5,27251,32074
2026-04-29T12:00:00+00:00,27251.25,27253.5,27192,27225.75,47609
2026-04-29T13:00:00+00:00,27225.75,27250,27124.25,27220.75,221387
2026-04-29T14:00:00+00:00,27220,27315.75,27178,27302.5,227820
2026-04-29T15:00:00+00:00,27303,27309.5,27198,27240,215080
2026-04-29T16:00:00+00:00,27240,27273.5,27153,27199.5,144345
2026-04-29T17:00:00+00:00,27199,27253.5,27170,27248,93505
2026-04-29T18:00:00+00:00,27251.25,27301.25,27158,27295.75,148375
2026-04-29T19:00:00+00:00,27295.5,27338.25,27262,27334.75,141928
2026-04-29T20:00:00+00:00,27336.5,27411,27089,27150.5,163399
2026-04-29T22:00:00+00:00,27202.75,27500,27202.75,27471.25,0
2026-04-29T23:00:00+00:00,27472,27556.75,27453,27551.25,44365
2026-04-30T00:00:00+00:00,27552,27623,27551.25,27595,56959
2026-04-30T01:00:00+00:00,27594.75,27601.75,27554.75,27581.25,37307
2026-04-30T02:00:00+00:00,27580.25,27588,27386.25,27427.5,69389
2026-04-30T03:00:00+00:00,27426.75,27453.5,27402.25,27414.5,33999
2026-04-30T04:00:00+00:00,27358.5,27367,27230.75,27233.5,71456
2026-04-30T05:00:00+00:00,27233.5,27308.75,27221.75,27224,46755
2026-04-30T06:00:00+00:00,27224,27307.5,27185.5,27283.75,52059
2026-04-30T07:00:00+00:00,27283.75,27378,27269.75,27351.25,44370
2026-04-30T08:00:00+00:00,27351,27396.75,27323.5,27359.75,40149
2026-04-30T09:00:00+00:00,27359.5,27442.75,27330.75,27368,45526
2026-04-30T10:00:00+00:00,27368.25,27433.25,27356.25,27375.75,47012
2026-04-30T11:00:00+00:00,27376,27494.25,27371.25,27439.5,56711
2026-04-30T12:00:00+00:00,27440.25,27548.5,27437.5,27524,72717
2026-04-30T13:00:00+00:00,27523.75,27540.75,27204.5,27247.25,327542
2026-04-30T14:00:00+00:00,27247.25,27376.25,27163,27359.75,375160
2026-04-30T15:00:00+00:00,27358.75,27435.5,27331,27388.5,219522
2026-04-30T16:00:00+00:00,27388.25,27435,27348.5,27370.75,134335
2026-04-30T17:00:00+00:00,27370.75,27548.25,27369.5,27543,140842
2026-04-30T18:00:00+00:00,27543.25,27592,27541.75,27551.5,115978
2026-04-30T19:00:00+00:00,27551.5,27624.5,27542.25,27578.25,136870
2026-04-30T20:00:00+00:00,27578.5,27619.25,27561.75,27597.25,56912
2026-04-30T22:00:00+00:00,27630,27648,27554.75,27580.25,0
2026-04-30T23:00:00+00:00,27579.5,27623,27576.5,27593.75,27883
2026-05-01T00:00:00+00:00,27594.25,27642.25,27591.5,27624.5,30762
2026-05-01T01:00:00+00:00,27625.25,27659.75,27612.5,27649.75,24993
2026-05-01T02:00:00+00:00,27649.5,27652.5,27624.25,27642,16087
2026-05-01T03:00:00+00:00,27642,27673.75,27635,27644.25,19692
2026-05-01T04:00:00+00:00,27629.25,27635.25,27620.5,27627.75,10977
2026-05-01T05:00:00+00:00,27627.75,27640.75,27612,27617,14083
2026-05-01T06:00:00+00:00,27617.75,27629.25,27591.25,27596.25,16706
2026-05-01T07:00:00+00:00,27596,27625.5,27571.5,27580.25,25933
2026-05-01T08:00:00+00:00,27580,27597.75,27555,27567,20803
2026-05-01T09:00:00+00:00,27567,27576.5,27545.25,27570.75,18197
2026-05-01T10:00:00+00:00,27570.25,27581.25,27535,27570.25,20627
2026-05-01T11:00:00+00:00,27570.25,27574.5,27536.75,27563.5,28348
2026-05-01T12:00:00+00:00,27564,27625.5,27547,27576.75,63796
2026-05-01T13:00:00+00:00,27576.75,27887.5,27574.75,27871.25,274965
2026-05-01T14:00:00+00:00,27883,27908.25,27751.5,27815,311069
2026-05-01T15:00:00+00:00,27815.5,27917.5,27769.25,27890.75,209214
2026-05-01T16:00:00+00:00,27890.75,27901.75,27804.75,27831.5,162920
2026-05-01T17:00:00+00:00,27831.25,27899,27828.5,27883.5,85277
2026-05-01T18:00:00+00:00,27883.5,27890.75,27795,27822.5,119323
2026-05-01T19:00:00+00:00,27822,27900.75,27818.25,27836.75,131731
2026-05-01T20:00:00+00:00,27837.25,27837.75,27755.5,27835.75,46811
2026-05-01T21:00:00+00:00,27835.75,27835.75,27835.75,27835.75,0
2026-05-04T04:00:00+00:00,27835.75,27953,27835.75,27938,238692
2026-05-04T05:00:00+00:00,27938.75,27966.5,27927.25,27935,23232
2026-05-04T06:00:00+00:00,27935,27941,27871.75,27896.25,29166
2026-05-04T07:00:00+00:00,27896.5,27956.25,27881,27912.75,31010
2026-05-04T08:00:00+00:00,27912.75,27915,27864.25,27893.5,32029
2026-05-04T09:00:00+00:00,27894.25,27925,27870.75,27890.75,19001
2026-05-04T10:00:00+00:00,27890.75,27897.75,27651,27814.25,116755
2026-05-04T11:00:00+00:00,27814,27845.75,27778,27827.75,46678
2026-05-04T12:00:00+00:00,27828,27881.75,27826.5,27844.25,47916
2026-05-04T13:00:00+00:00,27845,27897.5,27787,27895,214381
2026-05-04T14:00:00+00:00,27896,27941,27829.5,27882,245766
2026-05-04T15:00:00+00:00,27882.25,27915,27697.25,27734,340247
2026-05-04T16:00:00+00:00,27734.25,27747.25,27614.25,27705.5,232735
2026-05-04T17:00:00+00:00,27705.25,27804.75,27703.75,27792.25,131014
2026-05-04T18:00:00+00:00,27792.25,27818.25,27718.5,27759.75,121999
2026-05-04T19:00:00+00:00,27759,27793,27740,27780.25,118171
2026-05-04T20:00:00+00:00,27779.75,27780.75,27737.25,27743.5,29904
2026-05-04T22:00:00+00:00,27754,27786.5,27741.25,27753,0
2026-05-04T23:00:00+00:00,27752.5,27763.5,27727.5,27746,15783
2026-05-05T00:00:00+00:00,27746.75,27794.25,27740.25,27784.25,34583
2026-05-05T01:00:00+00:00,27784.5,27833,27768,27815,26822
2026-05-05T02:00:00+00:00,27815.5,27841,27801.5,27815.25,20744
2026-05-05T03:00:00+00:00,27815,27848,27811.75,27842,11301
2026-05-05T04:00:00+00:00,27851.25,27852,27826,27827.25,14290
2026-05-05T05:00:00+00:00,27827.25,27856,27819.75,27853,13420
2026-05-05T06:00:00+00:00,27853.25,27887.5,27818.5,27880,27102
2026-05-05T07:00:00+00:00,27880.5,27926.5,27874.25,27882,29973
2026-05-05T08:00:00+00:00,27881.75,27943,27879,27929.5,25523
2026-05-05T09:00:00+00:00,27928.5,27956.25,27908.5,27935.5,21594
2026-05-05T10:00:00+00:00,27936.5,27961.5,27922.25,27935.25,20064
2026-05-05T11:00:00+00:00,27934.5,27947,27899.75,27942.75,30654
2026-05-05T12:00:00+00:00,27942,28006.75,27928.5,27973,45907
2026-05-05T13:00:00+00:00,27973.5,28112,27970.5,28080.5,208293
2026-05-05T14:00:00+00:00,28087,28140,28032.25,28096,285605
2026-05-05T15:00:00+00:00,28096,28150,28084.25,28126.75,129123
2026-05-05T16:00:00+00:00,28126.75,28155,28091,28125.25,122094
2026-05-05T17:00:00+00:00,28125.5,28167.75,28107.75,28159,86629
2026-05-05T18:00:00+00:00,28159.25,28189,28154.25,28168.75,72672
2026-05-05T19:00:00+00:00,28168.5,28188.25,28108.5,28135.5,119300
2026-05-05T20:00:00+00:00,28135.25,28247,28104.75,28208,79684
2026-05-05T22:00:00+00:00,28246.5,28464,28245.25,28376,0
2026-05-05T23:00:00+00:00,28375.75,28386.25,28345,28370,39648
2026-05-06T00:00:00+00:00,28369.5,28374,28248.25,28275.5,66390
2026-05-06T01:00:00+00:00,28276,28310.5,28265.25,28292.25,37283
2026-05-06T02:00:00+00:00,28292,28297,28262.5,28288.5,21706
2026-05-06T03:00:00+00:00,28288,28334.5,28282.5,28313,20437
2026-05-06T04:00:00+00:00,28318.5,28344.5,28312,28335.5,18458
2026-05-06T05:00:00+00:00,28335.5,28359.5,28326,28355,17592
2026-05-06T06:00:00+00:00,28354.25,28368.5,28300,28335.5,29073
2026-05-06T07:00:00+00:00,28335.5,28352.5,28307.5,28347,27577
2026-05-06T08:00:00+00:00,28347.75,28519,28323.75,28483.25,63032
2026-05-06T09:00:00+00:00,28483,28514.5,28415,28507,53457
2026-05-06T10:00:00+00:00,28507,28618,28501.5,28584.5,69690
2026-05-06T11:00:00+00:00,28585,28634.75,28514.75,28539.25,82663
2026-05-06T12:00:00+00:00,28540,28540.75,28426,28457.25,89050
2026-05-06T13:00:00+00:00,28457.75,28506,28336.5,28468.75,292031
2026-05-06T14:00:00+00:00,28468.75,28550.5,28384.75,28537.5,307735
2026-05-06T15:00:00+00:00,28537.75,28586.5,28518.25,28560.25,163978
2026-05-06T16:00:00+00:00,28560.5,28601,28512.25,28539.25,119074
2026-05-06T17:00:00+00:00,28540,28610.5,28528.75,28600,91966
2026-05-06T18:00:00+00:00,28600,28666,28592.25,28640,98644
2026-05-06T19:00:00+00:00,28640.25,28725.75,28637.25,28711.25,129108
2026-05-06T20:00:00+00:00,28711,28800,28694,28713,81580
2026-05-06T22:00:00+00:00,28663.75,28699.25,28650,28677.25,0
2026-05-06T23:00:00+00:00,28677.25,28693.5,28653.75,28670.5,22502
2026-05-07T00:00:00+00:00,28670,28696.5,28637.5,28662,39204
2026-05-07T01:00:00+00:00,28662,28717.25,28638,28697.75,33399
2026-05-07T02:00:00+00:00,28697.75,28706.75,28652.25,28685.75,29905
2026-05-07T03:00:00+00:00,28686.25,28702.75,28669.75,28695.5,15328
2026-05-07T04:00:00+00:00,28692.5,28715,28690.75,28704.25,13071
2026-05-07T05:00:00+00:00,28704.5,28728.5,28691,28720.25,14976
2026-05-07T06:00:00+00:00,28720,28748,28694.5,28738.25,24926
2026-05-07T07:00:00+00:00,28737.5,28805,28728.25,28777.75,44404
2026-05-07T08:00:00+00:00,28777.5,28814.75,28728.75,28737.25,37012
2026-05-07T09:00:00+00:00,28736.75,28763,28712.75,28729.75,27185
2026-05-07T10:00:00+00:00,28730.25,28742.75,28692.75,28727.25,26911
2026-05-07T11:00:00+00:00,28727.75,28751.25,28705,28733.25,31941
2026-05-07T12:00:00+00:00,28732.25,28760,28717.25,28755.25,37555
2026-05-07T13:00:00+00:00,28755,28802.75,28708,28781.5,253191
2026-05-07T14:00:00+00:00,28781.5,28945,28779,28928.5,287735
2026-05-07T15:00:00+00:00,28928.75,28930.5,28772.75,28784.25,267034
2026-05-07T16:00:00+00:00,28784.75,28788.5,28636.75,28697,326843
2026-05-07T17:00:00+00:00,28697,28713.75,28553.5,28696,301035
2026-05-07T18:00:00+00:00,28696.25,28716.5,28582.25,28645,209735
2026-05-07T19:00:00+00:00,28644.75,28709.5,28586.75,28683.75,181718
2026-05-07T20:00:00+00:00,28683.75,28767,28632.25,28643,73212
2026-05-07T22:00:00+00:00,28588,28671.75,28542,28614.25,0
2026-05-07T23:00:00+00:00,28615.25,28680,28607,28679.5,17094
2026-05-08T00:00:00+00:00,28679.75,28747.5,28679.75,28745.25,35079
2026-05-08T01:00:00+00:00,28745,28782.5,28744,28760.5,26643
2026-05-08T02:00:00+00:00,28761,28773.25,28709.5,28747.75,30852
2026-05-08T03:00:00+00:00,28748.25,28777,28743,28774.5,14325
2026-05-08T04:00:00+00:00,28775.5,28795.75,28758,28779.75,15350
2026-05-08T05:00:00+00:00,28780.25,28829.5,28779,28805,16341
2026-05-08T06:00:00+00:00,28804.25,28838.25,28783.75,28836.25,19548
2026-05-08T07:00:00+00:00,28836,28837,28804.5,28828,23828
2026-05-08T08:00:00+00:00,28827.75,28869,28824,28861.75,24428
2026-05-08T09:00:00+00:00,28862,28897.25,28832,28852,26903
2026-05-08T10:00:00+00:00,28852.25,28889.75,28840.25,28863.5,23237
2026-05-08T11:00:00+00:00,28863.75,28915,28863.75,28898.25,24689
2026-05-08T12:00:00+00:00,28898,28976.75,28850,28912.5,72710
2026-05-08T13:00:00+00:00,28912.25,29110.5,28862.25,29110.5,264339
2026-05-08T14:00:00+00:00,29109.75,29173.5,29073,29161.75,276400
2026-05-08T15:00:00+00:00,29162,29221,29125.25,29191.5,194875
2026-05-08T16:00:00+00:00,29191.25,29248,29190.5,29241,128350
2026-05-08T17:00:00+00:00,29241,29320.75,29235,29263.75,152535
2026-05-08T18:00:00+00:00,29264,29305,29237,29240.5,114195
2026-05-08T19:00:00+00:00,29240.25,29340.75,29238.25,29339.5,145619
2026-05-08T20:00:00+00:00,29339.25,29383.25,29330.75,29332.5,51710
2026-05-10T22:00:00+00:00,29281.75,29299,29222.25,29294,29025
2026-05-10T23:00:00+00:00,29293.75,29347.25,29290.5,29304.25,43898
2026-05-11T00:00:00+00:00,29304.25,29402.5,29266,29296,78425
2026-05-11T01:00:00+00:00,29296,29353.5,29250.5,29340,61023
2026-05-11T02:00:00+00:00,29339.25,29361.25,29322.5,29337.5,29617
2026-05-11T03:00:00+00:00,29337,29348.25,29313,29324.75,26265
2026-05-11T04:00:00+00:00,29324.5,29344.25,29292.5,29341.5,16862
2026-05-11T05:00:00+00:00,29342.25,29354.25,29317.25,29321.5,17716
2026-05-11T06:00:00+00:00,29321.25,29355,29300.5,29322,21222
2026-05-11T07:00:00+00:00,29321.75,29332.5,29286.5,29323,23929
2026-05-11T08:00:00+00:00,29323.25,29331.75,29263.75,29297,34748
2026-05-11T09:00:00+00:00,29297,29366.25,29295.25,29316.25,27758
2026-05-11T10:00:00+00:00,29315,29333.5,29288.25,29301.25,20398
2026-05-11T11:00:00+00:00,29301.75,29388.5,29300.75,29348.75,39375
2026-05-11T12:00:00+00:00,29349,29353.5,29259,29298,65256
2026-05-11T13:00:00+00:00,29297.25,29437.25,29280.25,29310.75,296063
2026-05-11T14:00:00+00:00,29311.25,29418.5,29247,29391,325015
2026-05-11T15:00:00+00:00,29390.75,29475.25,29358,29465.25,191865
2026-05-11T16:00:00+00:00,29465.25,29480.5,29367.75,29404.75,148731
2026-05-11T17:00:00+00:00,29405.25,29477,29377,29442,122491
2026-05-11T18:00:00+00:00,29442,29475.25,29386,29388,107111
2026-05-11T19:00:00+00:00,29388.75,29434.5,29370.75,29429,164777
2026-05-11T20:00:00+00:00,29429.25,29430.5,29320.75,29398.75,44784
2026-05-11T22:00:00+00:00,29399.75,29456.5,29392,29445.25,0
2026-05-11T23:00:00+00:00,29445.25,29454,29418.5,29428,18830
2026-05-12T00:00:00+00:00,29428,29428.75,29353.25,29378.25,41362
2026-05-12T01:00:00+00:00,29378.5,29392,29226.75,29269.75,72499
2026-05-12T02:00:00+00:00,29270.25,29364.75,29259.25,29361.5,43060
2026-05-12T03:00:00+00:00,29361.5,29364,29318.5,29326,18458
2026-05-12T04:00:00+00:00,29332,29338,29282,29282.75,16412
2026-05-12T05:00:00+00:00,29282.75,29303.25,29270.5,29281.75,22870
2026-05-12T06:00:00+00:00,29281.75,29291.75,29214,29219.75,26711
2026-05-12T07:00:00+00:00,29219.25,29255.5,29176,29239.75,35568
2026-05-12T08:00:00+00:00,29240.75,29245.5,29173.75,29214,33415
2026-05-12T09:00:00+00:00,29214,29246,29175.5,29220,26618
2026-05-12T10:00:00+00:00,29221.75,29248.25,29185.5,29207.75,24092
2026-05-12T11:00:00+00:00,29207.5,29217,29132.5,29165.75,44117
2026-05-12T12:00:00+00:00,29165.75,29232.25,29113.25,29222.75,79572
2026-05-12T13:00:00+00:00,29222.75,29295.75,29113.5,29129.5,345572
2026-05-12T14:00:00+00:00,29129.5,29227.25,28999.5,29014,437001
2026-05-12T15:00:00+00:00,29013.75,29031,28828,28840.5,287897
2026-05-12T16:00:00+00:00,28840,28914.75,28741.25,28748.75,199982
2026-05-12T17:00:00+00:00,28749.5,28930,28749,28920,175840
2026-05-12T18:00:00+00:00,28920.25,29007.5,28911,28956.25,155039
2026-05-12T19:00:00+00:00,28956.75,29188,28956,29174.25,175554
2026-05-12T20:00:00+00:00,29174.25,29175.75,29101.5,29133.5,49666
2026-05-12T22:00:00+00:00,29148,29187.25,29133.75,29143,0
2026-05-12T23:00:00+00:00,29143,29158,29078,29082,33612
2026-05-13T00:00:00+00:00,29082,29156.75,29056.25,29144.5,54145
2026-05-13T01:00:00+00:00,29144.5,29261,29142,29215,52782
2026-05-13T02:00:00+00:00,29215.25,29240.75,29202.25,29223.75,27048
2026-05-13T03:00:00+00:00,29221.75,29265.5,29201.5,29252.5,22335
2026-05-13T04:00:00+00:00,29261.75,29297.25,29255.25,29287,19170
2026-05-13T05:00:00+00:00,29287,29310.25,29275.25,29296.25,20760
2026-05-13T06:00:00+00:00,29296.5,29352.5,29290,29309.75,28212
2026-05-13T07:00:00+00:00,29309.75,29371.5,29288.75,29370,28420
2026-05-13T08:00:00+00:00,29371,29448.25,29369.5,29412.5,40468
2026-05-13T09:00:00+00:00,29412.5,29426.25,29366.75,29420.25,29348
2026-05-13T10:00:00+00:00,29420.25,29423.25,29367.5,29384.5,26184
2026-05-13T11:00:00+00:00,29384.5,29394.75,29347.75,29370,34779
2026-05-13T12:00:00+00:00,29369.25,29402.25,29200,29236.25,112362
2026-05-13T13:00:00+00:00,29236.75,29304.75,29075.25,29169.5,366521
2026-05-13T14:00:00+00:00,29169.5,29322.5,29114,29317.5,313636
2026-05-13T15:00:00+00:00,29317.25,29384,29281.5,29310,199009
2026-05-13T16:00:00+00:00,29309.25,29463.25,29299.5,29447.5,173155
2026-05-13T17:00:00+00:00,29448,29496.25,29442.25,29444,108033
2026-05-13T18:00:00+00:00,29444.5,29565.25,29441.75,29472.25,149838
2026-05-13T19:00:00+00:00,29472.25,29540.5,29449.5,29475.5,142296
2026-05-13T20:00:00+00:00,29475.75,29547,29446.5,29537,53990
2026-05-13T22:00:00+00:00,29537,29608.75,29528,29589.5,0
2026-05-13T23:00:00+00:00,29590.25,29648.75,29589.75,29632.25,40067
2026-05-14T00:00:00+00:00,29631.75,29693.5,29590.75,29680.5,55280
2026-05-14T01:00:00+00:00,29680.5,29684,29603.25,29608.75,43432
2026-05-14T02:00:00+00:00,29608.75,29635.25,29571,29587,30609
2026-05-14T03:00:00+00:00,29587,29612.5,29521.25,29527,35901
2026-05-14T04:00:00+00:00,29535,29599.5,29533,29567.5,31416
2026-05-14T05:00:00+00:00,29567.75,29614,29534.25,29603.75,37380
2026-05-14T06:00:00+00:00,29603.5,29640.25,29602.75,29608,27439
2026-05-14T07:00:00+00:00,29608.75,29633.25,29565.75,29573.5,26445
2026-05-14T08:00:00+00:00,29574.25,29629.25,29546.25,29575.75,37609
2026-05-14T09:00:00+00:00,29576.5,29590.25,29481,29533.75,36629
2026-05-14T10:00:00+00:00,29533.5,29594,29514.75,29544.5,40999
2026-05-14T11:00:00+00:00,29544.25,29577.25,29507.75,29539.25,32176
2026-05-14T12:00:00+00:00,29539.5,29575.25,29476.75,29494.25,54452
2026-05-14T13:00:00+00:00,29494.25,29684.75,29448.25,29541.75,346159
2026-05-14T14:00:00+00:00,29542,29729.75,29533.25,29674.5,349806
2026-05-14T15:00:00+00:00,29674.75,29774,29665,29755.75,184239
2026-05-14T16:00:00+00:00,29755.75,29783.75,29692,29728,185176
2026-05-14T17:00:00+00:00,29727.75,29755.5,29595.25,29731.5,240306
2026-05-14T18:00:00+00:00,29731.25,29731.25,29639.75,29708.75,169801
2026-05-14T19:00:00+00:00,29709,29735,29678.5,29686.5,139273
2026-05-14T20:00:00+00:00,29686.5,29739,29636.75,29689,54021
2026-05-14T22:00:00+00:00,29695.25,29721,29669.5,29708.25,0
2026-05-14T23:00:00+00:00,29708.25,29733.5,29675,29687.75,22207
2026-05-15T00:00:00+00:00,29687.5,29727.5,29637,29684,53329
2026-05-15T01:00:00+00:00,29683.5,29691.5,29513.25,29518.25,76071
2026-05-15T02:00:00+00:00,29519,29598.5,29492.5,29581.75,63491
2026-05-15T03:00:00+00:00,29580.5,29594.25,29531.5,29568.25,32391
2026-05-15T04:00:00+00:00,29546.75,29555,29452,29462,39897
2026-05-15T05:00:00+00:00,29462,29464.25,29280,29281,74893
2026-05-15T06:00:00+00:00,29281,29414.25,29247.25,29403.5,95542
2026-05-15T07:00:00+00:00,29403,29469.5,29376,29405,68412
2026-05-15T08:00:00+00:00,29406,29412.25,29185.25,29266.25,88739
2026-05-15T09:00:00+00:00,29264.75,29290,29177.25,29223.5,61437
2026-05-15T10:00:00+00:00,29224.75,29369.25,29198.5,29329,76973
2026-05-15T11:00:00+00:00,29329.25,29354.25,29252,29254,61785
2026-05-15T12:00:00+00:00,29254.75,29256,29140.75,29190.75,107915
2026-05-15T13:00:00+00:00,29191,29291.75,29089.5,29143,396887
2026-05-15T14:00:00+00:00,29143,29382.5,29131.25,29281.25,434590
2026-05-15T15:00:00+00:00,29281,29380.25,29211.5,29281.75,289646
2026-05-15T16:00:00+00:00,29282,29352.25,29251,29322.75,166488
2026-05-15T17:00:00+00:00,29323,29451,29311.5,29448.5,142093
2026-05-15T18:00:00+00:00,29448.5,29487,29316.25,29390,185350
2026-05-15T19:00:00+00:00,29389.75,29398.75,29208,29231,193756
2026-05-15T20:00:00+00:00,29230.75,29234.25,29110.75,29231.75,78662
2026-05-15T21:00:00+00:00,29231.75,29231.75,29231.75,29231.75,0
2026-05-17T22:00:00+00:00,29269.75,29280.75,29188.75,29232.5,74377
2026-05-17T23:00:00+00:00,29232.75,29248.5,29011.25,29117.25,91182
2026-05-18T00:00:00+00:00,29118,29145,28936.5,29034.75,105256
2026-05-18T01:00:00+00:00,29033.5,29051.5,28924,29023,68998
2026-05-18T02:00:00+00:00,29022.75,29094,28988.75,29010.5,48174
2026-05-18T03:00:00+00:00,29011.25,29071.25,29002.5,29059,35439
2026-05-18T04:00:00+00:00,29055.75,29117.25,29019.5,29050.75,36337
2026-05-18T05:00:00+00:00,29050.5,29098,29021,29043.75,32331
2026-05-18T06:00:00+00:00,29043,29113,28990,29111.75,43214
2026-05-18T07:00:00+00:00,29111,29175.75,29059,29119.75,61606
2026-05-18T08:00:00+00:00,29120.75,29243.25,29120.75,29241.5,47599
2026-05-18T09:00:00+00:00,29240.75,29249,29168.5,29189.5,30904
2026-05-18T10:00:00+00:00,29190.5,29195.75,29080.5,29119.75,35255
2026-05-18T11:00:00+00:00,29120.5,29275.75,29050,29177.5,74691
2026-05-18T12:00:00+00:00,29177.5,29419.75,29170.75,29408.5,98693
2026-05-18T13:00:00+00:00,29408.25,29418.75,29134.5,29244,330860
2026-05-18T14:00:00+00:00,29242,29298.75,28971,29081.5,423558
2026-05-18T15:00:00+00:00,29082.25,29126.25,28941.5,28996,280534
2026-05-18T16:00:00+00:00,28995.75,29074,28843,29005.5,245263
2026-05-18T17:00:00+00:00,29005.75,29038.25,28957.5,29013.25,151065
2026-05-18T18:00:00+00:00,29014,29020.25,28814.25,28842.5,198855
2026-05-18T19:00:00+00:00,28842.25,29113.5,28837.25,29099,236379
2026-05-18T20:00:00+00:00,29099.25,29110,29069.25,29075.25,31329
2026-05-18T22:00:00+00:00,29100,29173.5,29093.5,29158.25,0
2026-05-18T23:00:00+00:00,29158.5,29185,29113.25,29135,32314
2026-05-19T00:00:00+00:00,29134.75,29190,29078.5,29083.25,62838
2026-05-19T01:00:00+00:00,29083.25,29095.25,28989,29013.5,57534
2026-05-19T02:00:00+00:00,29012.75,29016.25,28930,28972,48373
2026-05-19T03:00:00+00:00,28971.5,29039,28944.75,28985,30413
2026-05-19T04:00:00+00:00,28951.5,28974.25,28904,28960.75,39223
2026-05-19T05:00:00+00:00,28961.75,28977.75,28885,28936.25,38665
2026-05-19T06:00:00+00:00,28936,29023,28905,29020.75,38924
2026-05-19T07:00:00+00:00,29021.25,29125.25,29005.5,29102.75,39180
2026-05-19T08:00:00+00:00,29101.75,29117.5,28972.5,29005,42273
2026-05-19T09:00:00+00:00,29005,29006,28837.75,28915.5,49492
2026-05-19T10:00:00+00:00,28914.5,28931,28839.25,28924,53021
2026-05-19T11:00:00+00:00,28923,28951,28853.75,28854.25,44169
2026-05-19T12:00:00+00:00,28854.5,28939.5,28832.25,28912.75,63205
2026-05-19T13:00:00+00:00,28912.75,29068,28802.25,28938.5,374614
2026-05-19T14:00:00+00:00,28938.5,28946,28663,28804.5,471964
2026-05-19T15:00:00+00:00,28803.75,28878,28727,28816.5,299229
2026-05-19T16:00:00+00:00,28817.25,29035,28791,29022,232963
2026-05-19T17:00:00+00:00,29022,29126.25,29008.75,29068.75,202394
2026-05-19T18:00:00+00:00,29069.5,29101.75,28941.75,28959.25,183982
2026-05-19T19:00:00+00:00,28959.5,29059.5,28866.5,28923.25,217862
2026-05-19T20:00:00+00:00,28923.75,28941.25,28887,28899,39027
2026-05-19T22:00:00+00:00,28930,28956.5,28864.5,28911,0
2026-05-19T23:00:00+00:00,28910.75,29024.5,28903.25,28950.5,45242
2026-05-20T00:00:00+00:00,28949.5,28972.75,28796,28939.75,99214
2026-05-20T01:00:00+00:00,28938.5,28998.75,28858.25,28981.25,76735
2026-05-20T02:00:00+00:00,28981.25,29017,28864.5,28885,58795
2026-05-20T03:00:00+00:00,28884.75,28914.25,28838.75,28897.5,43253
2026-05-20T04:00:00+00:00,28927.5,28949.25,28870.75,28882.5,33145
2026-05-20T05:00:00+00:00,28882,28983,28882,28955,43155
2026-05-20T06:00:00+00:00,28955,29040,28950.5,29039.25,44754
2026-05-20T07:00:00+00:00,29039,29065,29014.25,29027.5,40307
2026-05-20T08:00:00+00:00,29027,29136.75,29023.5,29098.75,51121
2026-05-20T09:00:00+00:00,29098.25,29149.75,29065.25,29123.75,32608
2026-05-20T10:00:00+00:00,29124.75,29158,29103.5,29108,32919
2026-05-20T11:00:00+00:00,29107.75,29128,29059.75,29081.5,45149
2026-05-20T12:00:00+00:00,29081.75,29170.75,29072.75,29103.75,61404
2026-05-20T13:00:00+00:00,29103.5,29195.25,29022.75,29099.75,346452
2026-05-20T14:00:00+00:00,29100.5,29280.5,29008,29261.5,417938
2026-05-20T15:00:00+00:00,29261.5,29395.5,29231.5,29332,251425
2026-05-20T16:00:00+00:00,29331.75,29337.75,29209.75,29262.25,217683
2026-05-20T17:00:00+00:00,29262.5,29326,29229.25,29301.25,136784
2026-05-20T18:00:00+00:00,29302,29345,29257.25,29301.25,111885
2026-05-20T19:00:00+00:00,29301,29396,29298.25,29395.5,121575
2026-05-20T20:00:00+00:00,29395,29397,29247.5,29390.5,88788
2026-05-20T22:00:00+00:00,29260,29279.5,29113,29191.5,0
2026-05-20T23:00:00+00:00,29191.25,29225.5,29167,29192.25,37316
2026-05-21T00:00:00+00:00,29190.5,29233,29170.25,29220.75,47339
2026-05-21T01:00:00+00:00,29221,29321.25,29221,29313,51166
2026-05-21T02:00:00+00:00,29313,29377,29312,29329.25,42578
2026-05-21T03:00:00+00:00,29329,29381.5,29324.75,29361.25,28357
2026-05-21T04:00:00+00:00,29378.25,29424.5,29374.25,29419.5,27175
2026-05-21T05:00:00+00:00,29420,29440,29298,29366.75,43046
2026-05-21T06:00:00+00:00,29366.5,29393.75,29279.25,29300.5,50672
2026-05-21T07:00:00+00:00,29300.25,29333,29205,29321,54751
2026-05-21T08:00:00+00:00,29321.75,29463.25,29310.25,29373.5,72143
2026-05-21T09:00:00+00:00,29373.25,29429.75,29367.5,29381,32955
2026-05-21T10:00:00+00:00,29381,29393.25,29193.25,29246.75,77422
2026-05-21T11:00:00+00:00,29246,29293.75,29204.25,29253,51853
2026-05-21T12:00:00+00:00,29253,29292.25,29185.75,29193.5,79184
2026-05-21T13:00:00+00:00,29193.75,29314.75,29172.25,29288,323774
2026-05-21T14:00:00+00:00,29287.75,29338.75,29127.25,29234.75,405964
2026-05-21T15:00:00+00:00,29234.75,29304,29138,29266.5,252822
2026-05-21T16:00:00+00:00,29266.75,29310.5,29207,29257.25,157686
2026-05-21T17:00:00+00:00,29257.25,29553.75,29257.25,29496.75,254690
2026-05-21T18:00:00+00:00,29497,29521.75,29296.5,29337,196756
2026-05-21T19:00:00+00:00,29337.25,29463.25,29335.25,29445,162058
2026-05-21T20:00:00+00:00,29445.25,29472.5,29433.5,29455,29496
2026-05-21T22:00:00+00:00,29450,29547,29443.5,29538,0
2026-05-21T23:00:00+00:00,29538.25,29579.25,29529.5,29550.5,24611
2026-05-22T00:00:00+00:00,29550.5,29603,29522.5,29565.5,53565
2026-05-22T01:00:00+00:00,29565.5,29579.25,29493.5,29529.75,47458
2026-05-22T02:00:00+00:00,29529,29556.5,29504,29548.75,28268
2026-05-22T03:00:00+00:00,29548.5,29573.25,29527.75,29570,18532
2026-05-22T04:00:00+00:00,29589,29598,29564,29592,21881
2026-05-22T05:00:00+00:00,29591.75,29606.75,29540.75,29546.25,28723
2026-05-22T06:00:00+00:00,29546.5,29593.25,29533.25,29562.5,36529
2026-05-22T07:00:00+00:00,29563,29585.5,29528.25,29583.5,38297
2026-05-22T08:00:00+00:00,29583.25,29665.5,29562.75,29564.75,52873
2026-05-22T09:00:00+00:00,29565.25,29566,29477,29526.25,47302
2026-05-22T10:00:00+00:00,29526.5,29527.25,29437.5,29466.25,40463
2026-05-22T11:00:00+00:00,29465.5,29528,29452,29508.75,39340
2026-05-22T12:00:00+00:00,29508.5,29596.25,29495.25,29594.25,77971
2026-05-22T13:00:00+00:00,29593.5,29718.25,29531.5,29641.5,306413
2026-05-22T14:00:00+00:00,29642.25,29654.5,29490.25,29648,303242
2026-05-22T15:00:00+00:00,29647.25,29713.75,29644,29687.25,161671
2026-05-22T16:00:00+00:00,29687.75,29694,29630.75,29671.75,144231
2026-05-22T17:00:00+00:00,29672,29747.75,29645,29679,170038
2026-05-22T18:00:00+00:00,29679.5,29689.75,29624.25,29650.25,113631
2026-05-22T19:00:00+00:00,29650.5,29661.25,29516.75,29551.5,176767
2026-05-22T20:00:00+00:00,29552,29578,29502,29558.75,43083
2026-05-26T04:00:00+00:00,29819.75,29829,29792.25,29800.5,18117
2026-05-26T05:00:00+00:00,29800,29816.5,29783.25,29806,18242
2026-05-26T06:00:00+00:00,29805.5,29846,29798.25,29825.25,29613
2026-05-26T07:00:00+00:00,29825,29830,29743,29774,46556
2026-05-26T08:00:00+00:00,29774.5,29811.5,29758.5,29808.25,26043
2026-05-26T09:00:00+00:00,29807.75,29851,29804.25,29846.75,24799
2026-05-26T10:00:00+00:00,29847.75,29915,29843.5,29854.5,36101
2026-05-26T11:00:00+00:00,29855.25,29875,29818,29865.75,41584
2026-05-26T12:00:00+00:00,29866,29930.5,29850,29920.5,46959
2026-05-26T13:00:00+00:00,29920,30006,29826.5,30006,314180
2026-05-26T14:00:00+00:00,30006,30119,29975,30055,293949
2026-05-26T15:00:00+00:00,30055.5,30067,29885.5,29927.5,316986
2026-05-26T16:00:00+00:00,29926.75,30015.5,29920.75,29975,197590
2026-05-26T17:00:00+00:00,29975.5,30013.25,29954.25,29996.5,123290
2026-05-26T18:00:00+00:00,29996.75,30061,29982.25,30014,120362
2026-05-26T19:00:00+00:00,30014,30112,30005.75,30079,142302
2026-05-26T20:00:00+00:00,30079.25,30083.75,30033.25,30043.5,36961
2026-05-26T22:00:00+00:00,30053.75,30078.25,30027,30038.5,0
2026-05-26T23:00:00+00:00,30039.5,30104.75,30038.5,30099.25,27715
2026-05-27T00:00:00+00:00,30099.5,30137.5,30071,30129.5,49672
2026-05-27T01:00:00+00:00,30129.75,30159,30114.75,30122.75,34818
2026-05-27T02:00:00+00:00,30122.5,30162.5,30120.5,30137.25,21530
2026-05-27T03:00:00+00:00,30137.5,30155.5,30093.5,30103.75,22778
2026-05-27T04:00:00+00:00,30118.5,30124.5,30075,30106,24588
2026-05-27T05:00:00+00:00,30105.25,30120.75,30067,30103.25,25209
2026-05-27T06:00:00+00:00,30103.5,30111.5,30055.5,30076,22790
2026-05-27T07:00:00+00:00,30076,30144.25,30075.25,30140,26547
2026-05-27T08:00:00+00:00,30140.75,30218,30131.5,30196.5,37730
2026-05-27T09:00:00+00:00,30196,30214,30173,30213,27614
2026-05-27T10:00:00+00:00,30213.5,30248.25,30212,30235.25,29772
2026-05-27T11:00:00+00:00,30235.75,30297.25,30235.75,30265.25,45346
2026-05-27T12:00:00+00:00,30265.25,30380,30243,30261.25,121244
2026-05-27T13:00:00+00:00,30261.5,30271,29937.5,30060,460718
2026-05-27T14:00:00+00:00,30059.75,30099.25,29876,29940.75,472544
2026-05-27T15:00:00+00:00,29940.75,29981,29877.25,29935,263150
2026-05-27T16:00:00+00:00,29934.75,30048.5,29917.5,29988,189827
2026-05-27T17:00:00+00:00,29989.5,29997.5,29895,29973.25,164796
2026-05-27T18:00:00+00:00,29973,30060.5,29962.75,30039.25,125962
2026-05-27T19:00:00+00:00,30039,30071,30009.5,30046.75,124469
2026-05-27T20:00:00+00:00,30047,30130,30034.5,30125,49994
2026-05-27T22:00:00+00:00,30114,30137.5,30026.25,30061,0
2026-05-27T23:00:00+00:00,30062,30081.5,29966.75,29979.75,43425
2026-05-28T00:00:00+00:00,29978.75,30090,29962.5,30071.25,53966
2026-05-28T01:00:00+00:00,30071,30080.75,30032.75,30071.25,35866
2026-05-28T02:00:00+00:00,30071.75,30080,29970.5,29974,41272
2026-05-28T03:00:00+00:00,29974,29986.25,29796.5,29822.25,79469
2026-05-28T04:00:00+00:00,29821.25,29825,29763.25,29788.75,60618
2026-05-28T05:00:00+00:00,29788.75,29911.75,29769.25,29904.5,48093
2026-05-28T06:00:00+00:00,29905,29938.5,29880.25,29908.75,35031
2026-05-28T07:00:00+00:00,29908.75,29964.75,29908.5,29956,35178
2026-05-28T08:00:00+00:00,29956.5,29995,29946.25,29983.75,31962
2026-05-28T09:00:00+00:00,29983.75,29998.75,29941.5,29975.75,24313
2026-05-28T10:00:00+00:00,29975,29976.5,29862.5,29885,39183
2026-05-28T11:00:00+00:00,29884.5,29940,29871,29924,38153
2026-05-28T12:00:00+00:00,29923.5,30067.5,29922,30056,76040
2026-05-28T13:00:00+00:00,30055.5,30112.5,29920.25,29992.75,342663
2026-05-28T14:00:00+00:00,29992.75,30192.5,29963,30187.75,415544
2026-05-28T15:00:00+00:00,30187.75,30293.75,30180.5,30264.5,191821
2026-05-28T16:00:00+00:00,30264.25,30329.5,30238.75,30326.75,129504
2026-05-28T17:00:00+00:00,30326.75,30342,30282.25,30319.5,107630
2026-05-28T18:00:00+00:00,30319.75,30337.75,30280,30292.75,112046
2026-05-28T19:00:00+00:00,30292.25,30331.75,30274.5,30306.25,130467
2026-05-28T20:00:00+00:00,30306,30339,30291.5,30313.5,37981
2026-05-28T22:00:00+00:00,30323,30364.75,30276,30297.25,0
2026-05-28T23:00:00+00:00,30297.75,30327,30295.25,30301.25,17995
2026-05-29T00:00:00+00:00,30301,30303.5,30234.5,30247.5,43155
2026-05-29T01:00:00+00:00,30247.25,30263.5,30216.25,30248,43844
2026-05-29T02:00:00+00:00,30247.75,30272,30227,30238.25,27294
2026-05-29T03:00:00+00:00,30238.5,30276.5,30235.75,30259.75,19444
2026-05-29T04:00:00+00:00,30268.75,30308.25,30265.75,30298.25,22366
2026-05-29T05:00:00+00:00,30298.5,30318.5,30292,30300,19953
2026-05-29T06:00:00+00:00,30300.75,30350.75,30299.5,30349,27099
2026-05-29T07:00:00+00:00,30348,30349.25,30266.5,30301,36803
2026-05-29T08:00:00+00:00,30300,30326,30287,30315.75,36540
2026-05-29T09:00:00+00:00,30315.75,30369.5,30309.25,30331.75,39700
2026-05-29T10:00:00+00:00,30332.5,30350,30300.25,30340.25,30631
2026-05-29T11:00:00+00:00,30340.25,30372.25,30299,30349.5,51452
2026-05-29T12:00:00+00:00,30349.5,30351,30294.25,30349.25,52904
2026-05-29T13:00:00+00:00,30349,30520.5,30335.5,30518.5,299560
2026-05-29T14:00:00+00:00,30518.25,30535.75,30269.75,30360,576762
2026-05-29T15:00:00+00:00,30359.75,30439.25,30333.5,30362.75,264905
2026-05-29T16:00:00+00:00,30362,30448,30357.75,30398,159251
2026-05-29T17:00:00+00:00,30397.75,30410.75,30295.75,30302.5,140557
2026-05-29T18:00:00+00:00,30301.75,30402.25,30291,30324.5,160215
2026-05-29T19:00:00+00:00,30324.5,30445.5,30313.5,30396.5,164063
2026-05-29T20:00:00+00:00,30396.5,30410.5,30376.25,30405.25,41292
2026-05-31T22:00:00+00:00,30378,30473.5,30373.25,30456,33578
2026-05-31T23:00:00+00:00,30455.5,30486,30450.5,30477.5,31266
2026-06-01T00:00:00+00:00,30477.75,30560,30470.25,30540,59775
2026-06-01T01:00:00+00:00,30540.75,30554.5,30517.25,30548.25,37499
2026-06-01T02:00:00+00:00,30548.75,30572.75,30543,30549.5,27934
2026-06-01T03:00:00+00:00,30549,30595,30536.25,30545.75,38003
2026-06-01T04:00:00+00:00,30546.25,30581,30543.5,30573,20019
2026-06-01T05:00:00+00:00,30573.25,30591.5,30550.5,30579.5,21101
2026-06-01T06:00:00+00:00,30579.5,30589.75,30554.25,30578.75,21995
2026-06-01T07:00:00+00:00,30579.25,30592,30486.5,30511.75,39884
2026-06-01T08:00:00+00:00,30510.75,30516.5,30444,30499.25,40070
2026-06-01T09:00:00+00:00,30499.25,30512.5,30453.75,30462.25,28026
2026-06-01T10:00:00+00:00,30462.25,30505,30454.25,30494.25,26067
2026-06-01T11:00:00+00:00,30493.75,30501.5,30450,30462.75,42143
2026-06-01T12:00:00+00:00,30462,30496.5,30415,30449.25,72161
2026-06-01T13:00:00+00:00,30449.25,30467.25,30291,30316,383134
2026-06-01T14:00:00+00:00,30313.75,30447,30295,30437.25,327616
2026-06-01T15:00:00+00:00,30437,30554,30412.5,30501.75,235888
2026-06-01T16:00:00+00:00,30501.5,30584.25,30450,30581,185669
2026-06-01T17:00:00+00:00,30581.25,30692,30535,30670.5,193091
2026-06-01T18:00:00+00:00,30670,30675,30613.5,30623.25,108027
2026-06-01T19:00:00+00:00,30622.5,30647.75,30556,30571.25,140419
2026-06-01T20:00:00+00:00,30571.25,30575,30505,30523.75,47363
2026-06-01T22:00:00+00:00,30542.75,30550,30431,30458.75,0
2026-06-01T23:00:00+00:00,30458,30481.25,30440.75,30469.25,30209
2026-06-02T00:00:00+00:00,30469.5,30470.25,30363,30373,66008
2026-06-02T01:00:00+00:00,30372.75,30402,30332.75,30333.5,52251
2026-06-02T02:00:00+00:00,30333.5,30385,30321,30373.5,37943
2026-06-02T03:00:00+00:00,30373.25,30383.5,30317.75,30359.25,35195
2026-06-02T04:00:00+00:00,30383.5,30444.75,30369.75,30443.75,30774
2026-06-02T05:00:00+00:00,30443.25,30493.5,30430,30476.5,31650
2026-06-02T06:00:00+00:00,30476.5,30516.25,30466.5,30514.5,30497
2026-06-02T07:00:00+00:00,30514.5,30547.5,30509,30529.5,30916
2026-06-02T08:00:00+00:00,30529.75,30570,30529.75,30549,33800
2026-06-02T09:00:00+00:00,30548,30587.75,30525.5,30565.5,27656
2026-06-02T10:00:00+00:00,30565.25,30572,30527.75,30529.25,22393
2026-06-02T11:00:00+00:00,30529.75,30574.25,30502.5,30531.25,38736
2026-06-02T12:00:00+00:00,30531.25,30560.5,30519.25,30529.5,43830
2026-06-02T13:00:00+00:00,30529.5,30604,30423.75,30604,336913
2026-06-02T14:00:00+00:00,30602.75,30647.25,30526.75,30642.5,345867
2026-06-02T15:00:00+00:00,30642.75,30698,30612,30689.5,184081
2026-06-02T16:00:00+00:00,30689.5,30712.5,30640.75,30691.5,156431
2026-06-02T17:00:00+00:00,30691.5,30703,30609,30627.75,144754
2026-06-02T18:00:00+00:00,30628.25,30668.5,30597.75,30638.25,113312
2026-06-02T19:00:00+00:00,30638.75,30720.5,30637.5,30707.25,130921
2026-06-02T20:00:00+00:00,30707,30763.5,30697.75,30743,55276
2026-06-02T22:00:00+00:00,30743,30757.25,30697.75,30704.5,0
2026-06-02T23:00:00+00:00,30704.5,30714.25,30566.25,30707.25,97065
2026-06-03T00:00:00+00:00,30707.5,30726.25,30670.75,30720.25,46380
2026-06-03T01:00:00+00:00,30719.5,30724,30652,30683,47333
2026-06-03T02:00:00+00:00,30683.25,30695,30664.25,30679.25,26190
2026-06-03T03:00:00+00:00,30679,30710,30670.75,30707,18503
2026-06-03T04:00:00+00:00,30718.75,30730.75,30700.25,30702.25,19850
2026-06-03T05:00:00+00:00,30702,30723.25,30678.25,30689.25,22553
2026-06-03T06:00:00+00:00,30689.5,30718.75,30672.5,30698.75,30372
2026-06-03T07:00:00+00:00,30698,30740,30686.25,30722.5,33431
2026-06-03T08:00:00+00:00,30722.5,30751.5,30701,30717,34487
2026-06-03T09:00:00+00:00,30717,30772.25,30711.5,30734,33939
2026-06-03T10:00:00+00:00,30734.5,30785.5,30715.75,30754,47754
2026-06-03T11:00:00+00:00,30754,30794,30753,30780,35364
2026-06-03T12:00:00+00:00,30780.25,30797.5,30699.25,30717.5,72655
2026-06-03T13:00:00+00:00,30717.5,30807.75,30495.5,30558.5,447744
2026-06-03T14:00:00+00:00,30562.25,30739.5,30531.75,30667,414142
2026-06-03T15:00:00+00:00,30667.25,30715.75,30568,30604.5,297380
2026-06-03T16:00:00+00:00,30604.5,30623.25,30505.5,30607,237387
2026-06-03T17:00:00+00:00,30607,30647.25,30518.5,30642.75,178401
2026-06-03T18:00:00+00:00,30643.25,30682.5,30608,30651.75,154868
2026-06-03T19:00:00+00:00,30651.75,30694.75,30610.75,30635.75,184019
2026-06-03T20:00:00+00:00,30635.5,30639.5,30477.75,30494.25,104084
2026-06-03T22:00:00+00:00,30460.5,30500,30370,30458,0
2026-06-03T23:00:00+00:00,30457.5,30463.75,30367.75,30394.75,59795
2026-06-04T00:00:00+00:00,30393.25,30503,30376.75,30499.25,76452
2026-06-04T01:00:00+00:00,30499,30531,30438,30453.75,57878
2026-06-04T02:00:00+00:00,30453.5,30456.75,30352.5,30412.75,64714
2026-06-04T03:00:00+00:00,30412.75,30487,30409.75,30478.25,38580
2026-06-04T04:00:00+00:00,30473.75,30508.5,30470.25,30497.75,25829
2026-06-04T05:00:00+00:00,30498,30500.5,30450,30483.75,32900
2026-06-04T06:00:00+00:00,30484.5,30534.25,30465,30530,32856
2026-06-04T07:00:00+00:00,30530,30546,30489.25,30499.5,37936
2026-06-04T08:00:00+00:00,30499.25,30501.5,30326.5,30343.75,83499
2026-06-04T09:00:00+00:00,30343.75,30349,30245.5,30336.5,78583
2026-06-04T10:00:00+00:00,30336.25,30338.5,30204,30244.5,64075
2026-06-04T11:00:00+00:00,30245,30288.5,30163,30279.25,107060
2026-06-04T12:00:00+00:00,30279.25,30330,30223.25,30310.25,104511
2026-06-04T13:00:00+00:00,30310,30364.5,30187.5,30248,448993
2026-06-04T14:00:00+00:00,30248,30359.5,30152.25,30356.75,426931
2026-06-04T15:00:00+00:00,30356.5,30469,30354,30413,255010
2026-06-04T16:00:00+00:00,30413.25,30493.75,30393.5,30478.75,148517
2026-06-04T17:00:00+00:00,30479,30563.75,30463.75,30559.5,136689
2026-06-04T18:00:00+00:00,30559.25,30598.5,30550,30557.5,135003
2026-06-04T19:00:00+00:00,30558,30603.25,30481,30485.25,193448
2026-06-04T20:00:00+00:00,30485,30495.5,30397,30400.25,77999
2026-06-04T22:00:00+00:00,30410,30423,30316.25,30366.25,0
2026-06-04T23:00:00+00:00,30365.75,30371.5,30254.5,30264.25,51669
2026-06-05T00:00:00+00:00,30264.5,30264.5,30131.25,30143,105844
2026-06-05T01:00:00+00:00,30143,30196.75,30052.25,30195.5,103420
2026-06-05T02:00:00+00:00,30195.5,30249,30171.25,30213.5,62391
2026-06-05T03:00:00+00:00,30214.25,30229.25,30144.25,30166.75,50935
2026-06-05T04:00:00+00:00,30177.25,30242.75,30167.75,30229.5,37109
2026-06-05T05:00:00+00:00,30229.75,30233.25,30162.25,30170,33981
2026-06-05T06:00:00+00:00,30170,30214,30112.5,30123.5,45406
2026-06-05T07:00:00+00:00,30123.25,30159.25,30062,30150.75,45955
2026-06-05T08:00:00+00:00,30150.75,30222.75,30118.5,30159.75,44864
2026-06-05T09:00:00+00:00,30159.5,30260,30151,30198.5,44629
2026-06-05T10:00:00+00:00,30199,30236.5,30191,30194.75,22403
2026-06-05T11:00:00+00:00,30194.25,30197.25,30135,30147.75,36739
2026-06-05T12:00:00+00:00,30147.5,30168.5,30042.25,30054.5,104895
2026-06-05T13:00:00+00:00,30054.75,30100.75,29770.5,29773.75,446297
2026-06-05T14:00:00+00:00,29773.75,29942,29758,29853.25,531847
2026-06-05T15:00:00+00:00,29853.25,29869.75,29615.75,29658.75,368593
2026-06-05T16:00:00+00:00,29658.5,29660.25,29384,29489.75,399360
2026-06-05T17:00:00+00:00,29490.5,29505.25,29361,29471,304858
2026-06-05T18:00:00+00:00,29471,29477,29100.25,29191.25,371640
2026-06-05T19:00:00+00:00,29191.25,29211.25,28973.75,29016.25,450444
2026-06-05T20:00:00+00:00,29016.25,29042.25,28778.5,29026.5,138036
2026-06-07T22:00:00+00:00,28899.5,29025,28871.75,28893.5,85437
2026-06-07T23:00:00+00:00,28893.25,29103.75,28890.75,29085.5,76612
2026-06-08T00:00:00+00:00,29085.25,29288.25,29059.5,29217,114860
2026-06-08T01:00:00+00:00,29217.5,29236.5,29024.5,29158.25,114513
2026-06-08T02:00:00+00:00,29159.5,29244.5,29102.25,29210.25,68675
2026-06-08T03:00:00+00:00,29210.75,29233,29175.25,29205,33066
2026-06-08T04:00:00+00:00,29212.25,29223.25,29088,29090.5,47173
2026-06-08T05:00:00+00:00,29090.75,29142.25,28972.5,29016.5,54832
2026-06-08T06:00:00+00:00,29016.5,29150.75,29000.5,29101,57575
2026-06-08T07:00:00+00:00,29101.25,29280.5,29082.25,29256.25,64395
2026-06-08T08:00:00+00:00,29256.75,29267.25,29157.25,29177,58989
2026-06-08T09:00:00+00:00,29177.75,29251.75,29143,29239.25,40444
2026-06-08T10:00:00+00:00,29239.75,29273.75,29174.75,29241.75,42488
2026-06-08T11:00:00+00:00,29241.5,29437.5,29213.5,29374.75,84849
2026-06-08T12:00:00+00:00,29374.5,29511.5,29363,29486,82453
2026-06-08T13:00:00+00:00,29485,29604.25,29341.5,29350,432009
2026-06-08T14:00:00+00:00,29350,29680.5,29331.25,29676,423693
2026-06-08T15:00:00+00:00,29676.25,29743,29558,29610.5,300819
2026-06-08T16:00:00+00:00,29610,29693,29553.25,29580,212991
2026-06-08T17:00:00+00:00,29580.75,29624.75,29486,29558.25,238991
2026-06-08T18:00:00+00:00,29558.75,29618,29527.75,29542,139318
2026-06-08T19:00:00+00:00,29542.25,29548.25,29377,29452.5,233273
2026-06-08T20:00:00+00:00,29453,29470.25,29400.25,29436.75,45087
2026-06-08T22:00:00+00:00,29436.75,29468.5,29320.25,29425.75,0
2026-06-08T23:00:00+00:00,29425.75,29482.25,29377.25,29424.5,67122
2026-06-09T00:00:00+00:00,29424.5,29443,29302.5,29337.75,99878
2026-06-09T01:00:00+00:00,29337.75,29547.25,29329.5,29491.75,91494
2026-06-09T02:00:00+00:00,29492.25,29524.25,29458.5,29514.5,52901
2026-06-09T03:00:00+00:00,29514,29593.75,29500.5,29574,45622
2026-06-09T04:00:00+00:00,29594.25,29630.75,29594.25,29604.5,33860
2026-06-09T05:00:00+00:00,29604.25,29651.5,29589,29633.25,39934
2026-06-09T06:00:00+00:00,29634,29675,29601.25,29623,45075
2026-06-09T07:00:00+00:00,29622.25,29689.75,29583.25,29593.25,57287
2026-06-09T08:00:00+00:00,29593.5,29687,29566,29642.25,53058
2026-06-09T09:00:00+00:00,29641.5,29696.75,29636,29679.25,27481
2026-06-09T10:00:00+00:00,29680,29699.75,29615.25,29685.25,43526
2026-06-09T11:00:00+00:00,29685.5,29727.25,29671,29681.5,44938
2026-06-09T12:00:00+00:00,29681.75,29737.5,29651.75,29734.75,69438
2026-06-09T13:00:00+00:00,29735.5,29847,29633.25,29674.5,417698
2026-06-09T14:00:00+00:00,29672,29713.75,29083.75,29239.5,750634
2026-06-09T15:00:00+00:00,29240.25,29302,28681.25,28695.5,550863
2026-06-09T16:00:00+00:00,28695.75,28787.75,28227.25,28479.25,576731
2026-06-09T17:00:00+00:00,28480.5,28925,28467.75,28832.5,424035
2026-06-09T18:00:00+00:00,28832.75,29091.25,28784.75,29066.5,310766
2026-06-09T19:00:00+00:00,29066.5,29145.75,28839,29116.75,374659
2026-06-09T20:00:00+00:00,29116,29195.75,29082.25,29139.75,83618
2026-06-09T22:00:00+00:00,29102,29117,28985.75,29028.25,0
2026-06-09T23:00:00+00:00,29026.25,29100,28980.25,29065,70232
2026-06-10T00:00:00+00:00,29065.25,29169,28965,29075.25,116113
2026-06-10T01:00:00+00:00,29075,29113,29010.75,29034.5,82286
2026-06-10T02:00:00+00:00,29033.5,29042.25,28957.25,28971,59674
2026-06-10T03:00:00+00:00,28971.75,29046,28965.5,28997.25,41751
2026-06-10T04:00:00+00:00,28956,28978.25,28870,28897.75,51066
2026-06-10T05:00:00+00:00,28898.5,28967.25,28853,28943.5,51692
2026-06-10T06:00:00+00:00,28945,29013.5,28935.5,28968.5,38711
2026-06-10T07:00:00+00:00,28968.5,29001.25,28926.5,28963,45668
2026-06-10T08:00:00+00:00,28963.25,28965.25,28742,28762.5,72871
2026-06-10T09:00:00+00:00,28762.75,28822.75,28684,28777.75,68926
2026-06-10T10:00:00+00:00,28779.25,28843.75,28700,28828,59543
2026-06-10T11:00:00+00:00,28828.75,28845.25,28610.25,28677.75,112670
2026-06-10T12:00:00+00:00,28678.25,28991.5,28658,28832.75,155043
2026-06-10T13:00:00+00:00,28833,29162.25,28771.75,29021.25,463944
2026-06-10T14:00:00+00:00,29021.25,29251,28855.5,28902.75,547562
2026-06-10T15:00:00+00:00,28901.75,28987,28627.5,28855,468126
2026-06-10T16:00:00+00:00,28856.25,28896.75,28663.75,28717.5,267669
2026-06-10T17:00:00+00:00,28717.5,28794,28616.25,28779.25,256299
2026-06-10T18:00:00+00:00,28779.25,28833,28575.25,28607.5,224656
2026-06-10T19:00:00+00:00,28607,28668.75,28493.5,28528.75,283284
2026-06-10T20:00:00+00:00,28528.25,28537.75,28410,28471.5,75968
2026-06-10T22:00:00+00:00,28458,28469.75,28328,28342,0
2026-06-10T23:00:00+00:00,28342.25,28447.25,28264.25,28364.25,118608
2026-06-11T00:00:00+00:00,28365,28571.5,28335,28549.75,132995
2026-06-11T01:00:00+00:00,28550.5,28763.5,28549.25,28643.25,105623
2026-06-11T02:00:00+00:00,28644,28697.75,28533,28635.5,86044
2026-06-11T03:00:00+00:00,28635.25,28740,28581.25,28735.25,60157
2026-06-11T04:00:00+00:00,28727.75,28807.75,28704,28775.25,47080
2026-06-11T05:00:00+00:00,28775.75,28781.5,28712,28747,43523
2026-06-11T06:00:00+00:00,28746.5,28797,28688.25,28791.25,54999
2026-06-11T07:00:00+00:00,28790.75,28868.5,28763.5,28844.5,48418
2026-06-11T08:00:00+00:00,28844.5,28935,28839.25,28910,46444
2026-06-11T09:00:00+00:00,28910.25,28922.25,28857,28877.5,37209
2026-06-11T10:00:00+00:00,28877.5,28916.75,28873.75,28878.75,34550
2026-06-11T11:00:00+00:00,28878.5,28909.25,28811.5,28900,55345
2026-06-11T12:00:00+00:00,28900.25,28914.75,28638.25,28813.5,144974
2026-06-11T13:00:00+00:00,28812,29014.75,28651,28900.75,464903
2026-06-11T14:00:00+00:00,28900.75,29048.75,28606.25,28649.25,538761
2026-06-11T15:00:00+00:00,28649,28907.75,28577.5,28858,377659
2026-06-11T16:00:00+00:00,28858.25,28975.5,28765,28769.25,261527
2026-06-11T17:00:00+00:00,28770.75,29302,28678.5,29214.5,364706
2026-06-11T18:00:00+00:00,29214.5,29309.5,29068.75,29268.75,244073
2026-06-11T19:00:00+00:00,29268.75,29542.25,29229.25,29457.5,263427
2026-06-11T20:00:00+00:00,29457.5,29522.75,29411.75,29432.25,59990
2026-06-11T22:00:00+00:00,29450,29587.5,29445,29559.75,0
2026-06-11T23:00:00+00:00,29559.75,29593,29494.5,29578,43134
2026-06-12T00:00:00+00:00,29577.75,29647.5,29533.75,29588.75,57573
2026-06-12T01:00:00+00:00,29588.5,29590.25,29466.25,29552.25,55878
2026-06-12T02:00:00+00:00,29552.25,29588,29501.75,29562.5,40594
2026-06-12T03:00:00+00:00,29562,29564.75,29492,29531,36346
2026-06-12T04:00:00+00:00,29503.5,29550,29488.5,29544.75,26191
2026-06-12T05:00:00+00:00,29544.5,29556.75,29374.25,29402.25,46121
2026-06-12T06:00:00+00:00,29402,29474.75,29334.75,29360.5,39416
2026-06-12T07:00:00+00:00,29361.5,29460.75,29261,29431.5,58698
2026-06-12T08:00:00+00:00,29433,29570,29416.25,29480.25,58149
2026-06-12T09:00:00+00:00,29479.25,29668,29476.25,29622,43358
2026-06-12T10:00:00+00:00,29622,29658,29517.5,29550,44894
2026-06-12T11:00:00+00:00,29551.25,29659.75,29549,29638.5,42157
2026-06-12T12:00:00+00:00,29637.25,29645.75,29386.25,29412.75,85535
2026-06-12T13:00:00+00:00,29412.5,29502.5,29231.25,29351,352339
2026-06-12T14:00:00+00:00,29352.5,29645.25,29336.25,29632.5,455240
2026-06-12T15:00:00+00:00,29632.75,29759.25,29408,29439.75,318957
2026-06-12T16:00:00+00:00,29440.75,29678.75,29410,29672,218996
2026-06-12T17:00:00+00:00,29672.25,29753.5,29646.75,29683,139598
2026-06-12T18:00:00+00:00,29683,29719.25,29607.25,29646,139644
2026-06-12T19:00:00+00:00,29644.5,29711.25,29580.75,29650.25,141194
2026-06-12T20:00:00+00:00,29650.25,29730.75,29646.75,29662,41898
2026-06-14T22:00:00+00:00,30070.75,30095,30012,30050.5,27300
2026-06-14T23:00:00+00:00,30051.25,30072,29990,30051.5,21644
2026-06-15T00:00:00+00:00,30052.5,30172.25,30043,30138.75,28555
2026-06-15T01:00:00+00:00,30140,30185.5,30125.25,30169.5,17013
2026-06-15T02:00:00+00:00,30168.25,30211.75,30163,30202.25,10740
2026-06-15T03:00:00+00:00,30202,30219,30182.5,30187.25,10022
2026-06-15T04:00:00+00:00,30188,30232.75,30172,30230,9387
2026-06-15T05:00:00+00:00,30230.25,30246.5,30204.5,30234.5,9784
2026-06-15T06:00:00+00:00,30235.75,30260.25,30220.25,30251.25,11616
2026-06-15T07:00:00+00:00,30252,30572.75,30220.25,30545.25,195807
2026-06-15T08:00:00+00:00,30544.75,30628.5,30539,30591,33672
2026-06-15T09:00:00+00:00,30591,30603.75,30509.5,30549,31804
2026-06-15T10:00:00+00:00,30549.75,30572.75,30529.5,30561.25,22862
2026-06-15T11:00:00+00:00,30561.75,30623,30554,30598.75,34514
2026-06-15T12:00:00+00:00,30598.75,30617.25,30538.5,30581.5,47104
2026-06-15T13:00:00+00:00,30581,30800,30562.5,30703.25,281088
2026-06-15T14:00:00+00:00,30703.25,30791.25,30670.25,30776.75,289314
2026-06-15T15:00:00+00:00,30776.25,30887.25,30772.25,30879.5,154464
2026-06-15T16:00:00+00:00,30879.75,30918.5,30850.75,30868.5,114563
2026-06-15T17:00:00+00:00,30868.25,30892.75,30828,30858.75,105123
2026-06-15T18:00:00+00:00,30858.75,30891,30823.75,30861.25,98514
2026-06-15T19:00:00+00:00,30861.25,30879.5,30815.25,30873.25,128343
2026-06-15T20:00:00+00:00,30872.5,30895.75,30826.5,30831.25,35282
2026-06-15T22:00:00+00:00,30833,30869,30755.75,30807,0
2026-06-15T23:00:00+00:00,30806.5,30845,30794.25,30835.25,25886
2026-06-16T00:00:00+00:00,30834.5,30853.5,30767,30776.5,55905
2026-06-16T01:00:00+00:00,30775.5,30804,30755.25,30784.25,40602
2026-06-16T02:00:00+00:00,30784.25,30807,30769.5,30783,24002
2026-06-16T03:00:00+00:00,30783.25,30857.25,30779,30831.75,25666
2026-06-16T04:00:00+00:00,30825.5,30835,30793.5,30814.5,18236
2026-06-16T05:00:00+00:00,30815.25,30846,30795.75,30806.25,22423
2026-06-16T06:00:00+00:00,30805.5,30838,30797.5,30828.5,19438
2026-06-16T07:00:00+00:00,30828,30848.25,30804.75,30839.5,28996
2026-06-16T08:00:00+00:00,30840.75,30944.25,30828.25,30926.75,44857
2026-06-16T09:00:00+00:00,30926.75,30931.75,30862.75,30870,31728
2026-06-16T10:00:00+00:00,30870.25,30937,30869.5,30934,27451
2026-06-16T11:00:00+00:00,30934,30975.5,30922.5,30940.5,38834
2026-06-16T12:00:00+00:00,30939.25,30952.5,30814.5,30826.25,86029
2026-06-16T13:00:00+00:00,30826.25,30889,30750.75,30807.5,391277
2026-06-16T14:00:00+00:00,30807.5,30857.75,30561.75,30601.75,577732
2026-06-16T15:00:00+00:00,30601.25,30664.5,30407.5,30467.25,417226
2026-06-16T16:00:00+00:00,30466.5,30573,30446,30495.75,262377
2026-06-16T17:00:00+00:00,30495.75,30520.5,30403.25,30477,176589
2026-06-16T18:00:00+00:00,30476.75,30496.25,30424.25,30442.5,126584
2026-06-16T19:00:00+00:00,30443,30480.25,30302,30310,252567
2026-06-16T20:00:00+00:00,30310.75,30330.75,30273.75,30300.25,55086
2026-06-16T22:00:00+00:00,30314,30388.75,30314,30379.25,0
2026-06-16T23:00:00+00:00,30379.25,30381.25,30308,30329.5,31014
2026-06-17T00:00:00+00:00,30330,30404,30330,30383.75,51634
2026-06-17T01:00:00+00:00,30383.75,30449.5,30367,30446.75,37729
2026-06-17T02:00:00+00:00,30447,30463.5,30432.25,30440.5,24931
2026-06-17T03:00:00+00:00,30440.75,30472.5,30417,30466.25,26131
2026-06-17T04:00:00+00:00,30465.25,30487,30447,30486.5,22651
2026-06-17T05:00:00+00:00,30485.75,30526.75,30480,30500.25,28292
2026-06-17T06:00:00+00:00,30499.75,30546,30484.5,30543.75,31119
2026-06-17T07:00:00+00:00,30544.25,30579.25,30538.5,30559.5,31020
2026-06-17T08:00:00+00:00,30559.25,30584.25,30464.5,30509.25,50876
2026-06-17T09:00:00+00:00,30510.25,30527,30448.25,30461.75,36616
2026-06-17T10:00:00+00:00,30463,30498.5,30420,30459.5,42630
2026-06-17T11:00:00+00:00,30459.75,30493.5,30387.25,30415,45958
2026-06-17T12:00:00+00:00,30416,30520.75,30414.75,30491,68997
2026-06-17T13:00:00+00:00,30490.5,30540.75,30346,30347.75,414379
2026-06-17T14:00:00+00:00,30347.75,30544.75,30289,30358.25,529177
2026-06-17T15:00:00+00:00,30357.75,30461,30346.25,30448.75,246825
2026-06-17T16:00:00+00:00,30450,30472.5,30396,30408.75,122350
2026-06-17T17:00:00+00:00,30408.5,30502.25,30325,30480.5,126972
2026-06-17T18:00:00+00:00,30471.75,30520,30072.25,30275.75,540162
2026-06-17T19:00:00+00:00,30275,30370.25,29922,29995.25,468432
2026-06-17T20:00:00+00:00,29994.75,30159.5,29993.25,30140.75,79482
2026-06-17T22:00:00+00:00,30146,30259.25,30092.25,30236,0
2026-06-17T23:00:00+00:00,30235,30313.75,30225,30313.5,43614
2026-06-18T00:00:00+00:00,30313.5,30432.25,30306.25,30366.75,88600
2026-06-18T01:00:00+00:00,30366.75,30439,30363,30381.25,58106
2026-06-18T02:00:00+00:00,30382,30431,30372.75,30400.5,33668
2026-06-18T03:00:00+00:00,30401,30419,30365.5,30398,28932
2026-06-18T04:00:00+00:00,30373.25,30380.75,30284,30341.25,45234
2026-06-18T05:00:00+00:00,30341,30378,30324,30354.5,30783
2026-06-18T06:00:00+00:00,30354.25,30426.5,30321.5,30420.25,45302
2026-06-18T07:00:00+00:00,30419.5,30445.25,30382.75,30444.25,33324
2026-06-18T08:00:00+00:00,30445,30499.25,30387.25,30396,49004
2026-06-18T09:00:00+00:00,30396,30496,30387.25,30488.75,30957
2026-06-18T10:00:00+00:00,30488.75,30494.5,30420,30434.75,30249
2026-06-18T11:00:00+00:00,30435.5,30457.75,30359.5,30423,55867
2026-06-18T12:00:00+00:00,30423.75,30536.5,30397,30515.25,64584
2026-06-18T13:00:00+00:00,30515,30615,30392,30467,447196
2026-06-18T14:00:00+00:00,30468,30661,30448.75,30623.25,486784
2026-06-18T15:00:00+00:00,30622.75,30675.75,30496,30640.5,314890
2026-06-18T16:00:00+00:00,30640.5,30708.5,30628.75,30685,175098
2026-06-18T17:00:00+00:00,30685,30737.75,30657.25,30708.5,115535
2026-06-18T18:00:00+00:00,30708.5,30722.75,30666,30690.5,126101
2026-06-18T19:00:00+00:00,30690.25,30783.25,30645,30694,184403
2026-06-18T20:00:00+00:00,30693.25,30747.75,30682,30726.5,47429
2026-06-18T22:00:00+00:00,30740,30771,30650,30663.25,0
2026-06-18T23:00:00+00:00,30663.25,30704,30657,30691.25,29584
2026-06-19T00:00:00+00:00,30691,30694.25,30627,30642.75,47233
2026-06-19T01:00:00+00:00,30642.75,30664.75,30592.25,30595,34203
2026-06-19T02:00:00+00:00,30595,30619.75,30575,30593.75,29335
2026-06-19T03:00:00+00:00,30593.5,30606,30505.5,30508,38063
2026-06-21T22:00:00+00:00,30580.75,30651,30465,30523,80131
2026-06-21T23:00:00+00:00,30523,30651,30336.75,30354,84602
2026-06-22T00:00:00+00:00,30353.75,30651,30347.75,30616.75,107792
2026-06-22T01:00:00+00:00,30617.25,30662,30603.5,30607.25,58967
2026-06-22T02:00:00+00:00,30607.5,30651,30577,30584.5,41347
2026-06-22T03:00:00+00:00,30584.25,30651,30545,30555.75,39546
2026-06-22T04:00:00+00:00,30556,30591.75,30524,30582.5,37909
2026-06-22T05:00:00+00:00,30583.25,30664.5,30571.25,30640.75,35765
2026-06-22T06:00:00+00:00,30641,30743,30637.5,30736.75,35401
2026-06-22T07:00:00+00:00,30737,30782,30732.5,30758.5,29579
2026-06-22T08:00:00+00:00,30758.75,30765.5,30686.25,30730.25,36860
2026-06-22T09:00:00+00:00,30730,30757.5,30698,30699.75,26072
2026-06-22T10:00:00+00:00,30699.5,30765.75,30699,30720,28275
2026-06-22T11:00:00+00:00,30720.25,30828.5,30710.75,30756.5,56438
2026-06-22T12:00:00+00:00,30756,30845.5,30751.75,30800.75,54852
2026-06-22T13:00:00+00:00,30800.5,30937.75,30757.25,30937,452828
2026-06-22T14:00:00+00:00,30937.25,30967.75,30545,30639.75,588290
2026-06-22T15:00:00+00:00,30639.5,30679.75,30539.25,30557.5,348848
2026-06-22T16:00:00+00:00,30556.75,30615.5,30502.75,30589,215926
2026-06-22T17:00:00+00:00,30589.5,30650,30532,30614.75,140270
2026-06-22T18:00:00+00:00,30615,30663.25,30550.75,30558.25,131603
2026-06-22T19:00:00+00:00,30558.75,30672.75,30534,30654,159904
2026-06-22T20:00:00+00:00,30653.5,30677.75,30637.75,30661.25,35595
2026-06-22T21:00:00+00:00,30662,30662,30662,30662,1
2026-06-22T22:00:00+00:00,30662,30699.75,30566.75,30582.5,0
2026-06-22T23:00:00+00:00,30582.5,30588.75,30538.75,30575.5,36963
2026-06-23T00:00:00+00:00,30574.75,30635,30461,30601.5,95830
2026-06-23T01:00:00+00:00,30600.75,30617.25,30405,30460.5,98621
2026-06-23T02:00:00+00:00,30460.25,30474,30390,30405.25,69898
2026-06-23T03:00:00+00:00,30405.75,30414.25,30301,30382.75,68345
2026-06-23T04:00:00+00:00,30370.25,30370.25,30231,30241.25,63311
2026-06-23T05:00:00+00:00,30241.25,30268.75,30092,30107.75,88086
2026-06-23T06:00:00+00:00,30108.25,30134.25,29948.5,29969.25,112003
2026-06-23T07:00:00+00:00,29969,30054.25,29889,29908,95314
2026-06-23T08:00:00+00:00,29908.5,29919.5,29776,29828.5,110016
2026-06-23T09:00:00+00:00,29829.25,29933.25,29823.25,29886,63264
2026-06-23T10:00:00+00:00,29886.75,29916.75,29750.5,29817.75,69538
2026-06-23T11:00:00+00:00,29817.75,29885.75,29787.75,29872.25,76273
2026-06-23T12:00:00+00:00,29872.25,29901,29707.5,29734.75,106161
2026-06-23T13:00:00+00:00,29734.25,29934,29616.5,29925.75,462982
2026-06-23T14:00:00+00:00,29925.75,30046.75,29813,29854.25,601532
2026-06-23T15:00:00+00:00,29854.25,29886.25,29695,29797.5,327387
2026-06-23T16:00:00+00:00,29797.75,29915.5,29789.75,29863.5,223693
2026-06-23T17:00:00+00:00,29863.75,29897,29731.5,29732.5,195592
2026-06-23T18:00:00+00:00,29732.75,29782.5,29577.25,29629.25,199776
2026-06-23T19:00:00+00:00,29629,29753.25,29612.5,29650.75,287225
2026-06-23T20:00:00+00:00,29651.5,29757.5,29632.75,29750.25,45643
2026-06-23T22:00:00+00:00,29766.25,29804.75,29633,29679,0
2026-06-23T23:00:00+00:00,29679.75,29765.75,29581.5,29747.5,74100
2026-06-24T00:00:00+00:00,29746.75,29891.75,29736,29846.25,109724
2026-06-24T01:00:00+00:00,29846.75,29853.25,29760.5,29826.5,81638
2026-06-24T02:00:00+00:00,29827,29838.25,29636,29637.75,61216
2026-06-24T03:00:00+00:00,29637.5,29779.25,29614.75,29743.5,71573
2026-06-24T04:00:00+00:00,29687,29791.5,29654.25,29785,51447
2026-06-24T05:00:00+00:00,29784.75,29884.75,29780,29819.75,49632
2026-06-24T06:00:00+00:00,29820,29865.75,29797.5,29823,38858
2026-06-24T07:00:00+00:00,29823.25,29841.5,29763.5,29770,44279
2026-06-24T08:00:00+00:00,29771,29866.75,29763,29819,39354
2026-06-24T09:00:00+00:00,29818.5,29844.25,29754.25,29809,32446
2026-06-24T10:00:00+00:00,29808.75,29852,29774.75,29794,31636
2026-06-24T11:00:00+00:00,29794.25,29865.5,29735.25,29862,55118
2026-06-24T12:00:00+00:00,29861.5,29874,29752.25,29763.5,59227
2026-06-24T13:00:00+00:00,29763.75,29843.5,29564,29686.25,459300
2026-06-24T14:00:00+00:00,29684.5,29893.25,29525.25,29890.75,533611
2026-06-24T15:00:00+00:00,29891.5,29907.5,29699.25,29756.25,379333
2026-06-24T16:00:00+00:00,29756.25,29805.5,29595.5,29606.75,255558
2026-06-24T17:00:00+00:00,29607.75,29661.5,29364.75,29388.25,340628
2026-06-24T18:00:00+00:00,29388.75,29563.25,29324.25,29346,288608
2026-06-24T19:00:00+00:00,29345.75,29528.5,29263,29514.5,305214
2026-06-24T20:00:00+00:00,29515,30158.75,29487.25,30099,190413
2026-06-24T22:00:00+00:00,30095.75,30169,30044,30051.75,0
2026-06-24T23:00:00+00:00,30052,30135.5,30047,30096.25,49343
2026-06-25T00:00:00+00:00,30096.25,30103.5,29936.5,29966.25,100628
2026-06-25T01:00:00+00:00,29967.25,30031.5,29950.5,29997.5,70877
2026-06-25T02:00:00+00:00,29998,30020.5,29924,29998.5,54983
2026-06-25T03:00:00+00:00,29998.5,30044.75,29981.75,30036.5,42679
2026-06-25T04:00:00+00:00,30032.5,30064.75,29997.5,30040,32997
2026-06-25T05:00:00+00:00,30041,30121.75,30039.75,30089.25,36602
2026-06-25T06:00:00+00:00,30090,30131.5,30077.75,30105.25,36426
2026-06-25T07:00:00+00:00,30105.75,30186.75,30105.5,30181.25,39277
2026-06-25T08:00:00+00:00,30180,30217.75,30110.5,30120,47619
2026-06-25T09:00:00+00:00,30120.75,30158.5,30112.75,30131.75,34386
2026-06-25T10:00:00+00:00,30132.25,30185.5,30124.75,30159.75,32686
2026-06-25T11:00:00+00:00,30159.75,30193.25,30099,30131,50549
2026-06-25T12:00:00+00:00,30130.75,30264.25,30116.75,30202.25,104052
2026-06-25T13:00:00+00:00,30202,30215,29296.5,29316.5,637701
2026-06-25T14:00:00+00:00,29317,29776.5,29307.75,29634.5,640865
2026-06-25T15:00:00+00:00,29634,29762.5,29462.5,29658.75,444445
2026-06-25T16:00:00+00:00,29660,29872,29586.25,29681.5,329679
2026-06-25T17:00:00+00:00,29681.5,29811,29671.75,29794,246841
2026-06-25T18:00:00+00:00,29794.5,29891.5,29678.75,29773.5,286614
2026-06-25T19:00:00+00:00,29773,29776.75,29615.5,29749,246451
2026-06-25T20:00:00+00:00,29749.5,29919.5,29745.5,29760.5,78986
2026-06-25T22:00:00+00:00,29748,29761.75,29601.5,29679,0
2026-06-25T23:00:00+00:00,29678.5,29893.75,29665.75,29706,92202
2026-06-26T00:00:00+00:00,29706,29774,29616.75,29635.75,104812
2026-06-26T01:00:00+00:00,29636.25,29677,29462.25,29492.25,98476
2026-06-26T02:00:00+00:00,29492.5,29507.75,29230.5,29265.25,112425
2026-06-26T03:00:00+00:00,29265,29356.75,29160,29356.75,106857
2026-06-26T04:00:00+00:00,29365.75,29386.5,29252,29270.5,83192
2026-06-26T05:00:00+00:00,29270.25,29411,29255.25,29326,74252
2026-06-26T06:00:00+00:00,29326,29535.75,29286,29503.5,74302
2026-06-26T07:00:00+00:00,29502.75,29563.25,29435,29527.25,55612
2026-06-26T08:00:00+00:00,29527.25,29557.75,29364,29399,54886
2026-06-26T09:00:00+00:00,29399.5,29445,29344,29371.25,50784
2026-06-26T10:00:00+00:00,29371.75,29400.75,29317.5,29360.75,41608
2026-06-26T11:00:00+00:00,29362,29425.5,29304.25,29350,48963
2026-06-26T12:00:00+00:00,29350.75,29450.25,29298,29315.5,81755
2026-06-26T13:00:00+00:00,29316.5,29464.5,29182,29444.5,430870
2026-06-26T14:00:00+00:00,29449,29664.25,29420.75,29501.75,459288
2026-06-26T15:00:00+00:00,29502.75,29717.25,29409,29620,344825
2026-06-26T16:00:00+00:00,29620.75,29646,29494.75,29612,205026
2026-06-26T17:00:00+00:00,29612.25,29700.25,29535,29544.5,188512
2026-06-26T18:00:00+00:00,29544.75,29582,29389,29415.75,183284
2026-06-26T19:00:00+00:00,29415.75,29569.5,29284,29311.25,253264
2026-06-26T20:00:00+00:00,29312.75,29414.25,29254.75,29368.25,101781
2026-06-28T22:00:00+00:00,29503.25,29599,29484.25,29559,57575
2026-06-28T23:00:00+00:00,29559,29684.75,29550.25,29619.25,70104
2026-06-29T00:00:00+00:00,29620,29622.25,29363.25,29493.25,158420
2026-06-29T01:00:00+00:00,29493,29558.25,29421.25,29516.5,102372
2026-06-29T02:00:00+00:00,29516.75,29544.75,29388.75,29523.5,78087
2026-06-29T03:00:00+00:00,29524.5,29605.5,29481.75,29593.75,65315
2026-06-29T04:00:00+00:00,29592.75,29594,29505.25,29518.75,54214
2026-06-29T05:00:00+00:00,29519.25,29672.75,29492,29669.75,62096
2026-06-29T06:00:00+00:00,29669.5,29684.75,29590.5,29630.25,52995
2026-06-29T07:00:00+00:00,29631.25,29696,29578,29663.75,50681
2026-06-29T08:00:00+00:00,29663.5,29732,29653,29660,52905
2026-06-29T09:00:00+00:00,29659,29688,29619.75,29665,38278
2026-06-29T10:00:00+00:00,29664.75,29746.75,29664.75,29741.25,38224
2026-06-29T11:00:00+00:00,29741,29770,29682.75,29704.75,45976
2026-06-29T12:00:00+00:00,29705,29740,29650,29705,54399
2026-06-29T13:00:00+00:00,29704.5,29838.5,29557,29619.25,483676
2026-06-29T14:00:00+00:00,29617.25,29716.5,29274,29713.75,675806
2026-06-29T15:00:00+00:00,29714,29848,29658.75,29839,334028
2026-06-29T16:00:00+00:00,29839.5,29933.75,29834,29916,188424
2026-06-29T17:00:00+00:00,29916.25,30038.75,29915.75,30003.25,148460
2026-06-29T18:00:00+00:00,30003.75,30069,29986.5,30032.5,116208
2026-06-29T19:00:00+00:00,30032.75,30068.5,29973.5,30047,162791
2026-06-29T20:00:00+00:00,30046.75,30052.75,29991.25,29995.5,41151
2026-06-29T22:00:00+00:00,30005.5,30039.5,29971.5,30012,0
2026-06-29T23:00:00+00:00,30011.75,30055,30005,30039.75,35296
2026-06-30T00:00:00+00:00,30039.75,30088,29935.25,30009.75,101785
2026-06-30T01:00:00+00:00,30010.25,30080,29951,30053.75,75198
2026-06-30T02:00:00+00:00,30054,30056.5,29978,30020.5,39680
2026-06-30T03:00:00+00:00,30021,30130.25,30011,30103.25,37987
2026-06-30T04:00:00+00:00,30134,30209,30128.25,30186.5,37657
2026-06-30T05:00:00+00:00,30186,30217.25,30115.75,30167.25,42405
2026-06-30T06:00:00+00:00,30167.25,30173.5,30098.25,30132.5,35700
2026-06-30T07:00:00+00:00,30132.5,30151,30069.5,30081.75,32901
2026-06-30T08:00:00+00:00,30082.25,30135,30019.5,30069.5,52430
2026-06-30T09:00:00+00:00,30070,30094,30034.25,30081.75,31974
2026-06-30T10:00:00+00:00,30082.5,30151.25,30068,30140.75,36965
2026-06-30T11:00:00+00:00,30140.75,30175.5,30115,30137.5,44605
2026-06-30T12:00:00+00:00,30138,30142.75,30004.25,30013,83905
2026-06-30T13:00:00+00:00,30013.25,30367.75,29996.5,30367.75,378851
2026-06-30T14:00:00+00:00,30365.5,30441.75,30274.25,30305,427747
2026-06-30T15:00:00+00:00,30305.25,30482,30298.25,30460,240089
2026-06-30T16:00:00+00:00,30460.25,30546.5,30453,30528,137657
2026-06-30T17:00:00+00:00,30528,30563,30512.25,30523.75,122170
2026-06-30T18:00:00+00:00,30524.5,30575.5,30498.75,30553.75,118746
2026-06-30T19:00:00+00:00,30554,30600,30510.5,30513,197040
2026-06-30T20:00:00+00:00,30513,30543.75,30484.25,30501,56604
2026-06-30T22:00:00+00:00,30502.5,30535.75,30492,30510.5,0
2026-06-30T23:00:00+00:00,30510.5,30543.5,30509.25,30533,31385
2026-07-01T00:00:00+00:00,30533,30555.75,30506.5,30523.25,52696
2026-07-01T01:00:00+00:00,30523.5,30530.25,30450.75,30453,65314
2026-07-01T02:00:00+00:00,30453.25,30456.25,30367,30437.75,61378
2026-07-01T03:00:00+00:00,30438.25,30477.25,30429.25,30466.25,37183
2026-07-01T04:00:00+00:00,30452,30474.75,30426.25,30443.75,30558
2026-07-01T05:00:00+00:00,30443.5,30463.5,30422,30429.25,28264
2026-07-01T06:00:00+00:00,30429.75,30444.25,30364.25,30391.5,46740
2026-07-01T07:00:00+00:00,30391.75,30395,30298.75,30374,50292
2026-07-01T08:00:00+00:00,30374.5,30378.5,30317.25,30377.25,40386
2026-07-01T09:00:00+00:00,30376.75,30386.25,30338.5,30384.25,24156
2026-07-01T10:00:00+00:00,30384.25,30414.25,30351.5,30407,30572
2026-07-01T11:00:00+00:00,30407,30435.5,30354.5,30362,47708
2026-07-01T12:00:00+00:00,30362.75,30395.25,30233.25,30267,155140
2026-07-01T13:00:00+00:00,30266.25,30314.25,30087.25,30279.5,482097
2026-07-01T14:00:00+00:00,30282.5,30327.25,30136.5,30193,468812
2026-07-01T15:00:00+00:00,30192.75,30357.75,30186,30254.75,320318
2026-07-01T16:00:00+00:00,30254.75,30281,30173.75,30189.5,182266
2026-07-01T17:00:00+00:00,30190.25,30240.5,30153.5,30163,162417
2026-07-01T18:00:00+00:00,30163.5,30190.25,30099,30132.25,132349
2026-07-01T19:00:00+00:00,30132.75,30231.75,30054,30080.5,232529
2026-07-01T20:00:00+00:00,30080.75,30086.5,30009.25,30064.5,72219
2026-07-01T22:00:00+00:00,30084.75,30116,30050.75,30107,0
2026-07-01T23:00:00+00:00,30107.75,30111,30011,30045.5,43068
2026-07-02T00:00:00+00:00,30045.5,30118.25,29953,30109.5,102936
2026-07-02T01:00:00+00:00,30109.5,30227.25,30097.5,30203.25,61736
2026-07-02T02:00:00+00:00,30202.75,30239,30177.75,30207.25,44244
2026-07-02T03:00:00+00:00,30207,30214,30134.25,30171.75,49022
2026-07-02T04:00:00+00:00,30155.5,30159,30052,30113.25,49501
2026-07-02T05:00:00+00:00,30113,30159.75,30037,30050.25,49664
2026-07-02T06:00:00+00:00,30050.75,30066.5,29894.25,29920.5,69284
2026-07-02T07:00:00+00:00,29920.5,29944.5,29826,29890.75,73049
2026-07-02T08:00:00+00:00,29891,30039,29827,30033,67839
2026-07-02T09:00:00+00:00,30033,30034,29941.5,29958.75,46279
2026-07-02T10:00:00+00:00,29958.25,30008.5,29919.25,30004,39910
2026-07-02T11:00:00+00:00,30004.5,30079,29967.75,30034.5,55122
2026-07-02T12:00:00+00:00,30034.75,30319.75,30021.75,30182.5,144850
2026-07-02T13:00:00+00:00,30183,30261.75,30007.25,30256.75,485615
2026-07-02T14:00:00+00:00,30257.25,30293,29730.5,29840.5,734702
2026-07-02T15:00:00+00:00,29840.5,29851.75,29611,29676.25,514940
2026-07-02T16:00:00+00:00,29676.25,29688.75,29434,29461.75,363278
2026-07-02T17:00:00+00:00,29461.5,29483.5,29328.5,29338.5,293424
2026-07-02T18:00:00+00:00,29339.25,29528,29330.75,29488.25,303984
2026-07-02T19:00:00+00:00,29488,29588,29349,29539.5,297539
2026-07-02T20:00:00+00:00,29538.5,29565.25,29514,29551.75,53738
2026-07-02T22:00:00+00:00,29566,29623.5,29558.25,29616,0
2026-07-02T23:00:00+00:00,29616,29620,29552.25,29600.75,42767
2026-07-03T00:00:00+00:00,29600.25,29638.5,29522.5,29537.75,73886
2026-07-03T01:00:00+00:00,29538.25,29699,29534.5,29682.75,58305
2026-07-03T02:00:00+00:00,29683,29755.25,29681.25,29750.5,34071
2026-07-03T03:00:00+00:00,29750,29774.75,29718,29767.5,31145
2026-07-05T22:00:00+00:00,29936.75,29980,29860.5,29945.5,63044
2026-07-05T23:00:00+00:00,29945.5,30010,29903.75,29985,51672
2026-07-06T00:00:00+00:00,29985.25,30005,29845,29925,110567
2026-07-06T01:00:00+00:00,29925.25,29931.75,29750.75,29792.75,94094
2026-07-06T02:00:00+00:00,29793.5,29903.75,29683.25,29725.75,78338
2026-07-06T03:00:00+00:00,29725.25,29903.75,29693.75,29718.75,65779
2026-07-06T04:00:00+00:00,29730.25,29840.5,29703,29828.75,49950
2026-07-06T05:00:00+00:00,29829,29832,29752.5,29791,40727
2026-07-06T06:00:00+00:00,29791.75,29858.75,29754.5,29847.75,38895
2026-07-06T07:00:00+00:00,29847,29875.5,29815.75,29851.75,35614
2026-07-06T08:00:00+00:00,29851.75,29885,29780,29869.75,44785
2026-07-06T09:00:00+00:00,29869.25,29889,29827.25,29877.25,32704
2026-07-06T10:00:00+00:00,29877.75,29891.5,29846.75,29885,28824
2026-07-06T11:00:00+00:00,29884.5,29915,29841,29879,47047
2026-07-06T12:00:00+00:00,29879,29936.25,29865.5,29933.75,66648
2026-07-06T13:00:00+00:00,29933.5,30008.5,29776,29935.75,384060
2026-07-06T14:00:00+00:00,29935.5,30068.25,29902,30025.5,364902
2026-07-06T15:00:00+00:00,30025.5,30085,29941.25,30074,244215
2026-07-06T16:00:00+00:00,30074.25,30094,29979,29989.25,153983
2026-07-06T17:00:00+00:00,29989.25,30036.5,29881.75,29897,190704
2026-07-06T18:00:00+00:00,29896.5,30006,29895,29990.75,156146
2026-07-06T19:00:00+00:00,29990.75,30052,29931.5,29951,174504
2026-07-06T20:00:00+00:00,29951,29974.75,29931.25,29946.5,36375
2026-07-06T22:00:00+00:00,29960,29974,29889,29895,0
2026-07-06T23:00:00+00:00,29894.5,29929.75,29840,29852.25,47374
2026-07-07T00:00:00+00:00,29851.5,29916.75,29808,29817.25,98067
2026-07-07T01:00:00+00:00,29817.5,29834.75,29717,29773.25,88767
2026-07-07T02:00:00+00:00,29773,29819.75,29738.75,29747.25,52798
2026-07-07T03:00:00+00:00,29747.5,29785,29628.5,29660.5,67958
2026-07-07T04:00:00+00:00,29666.25,29669.75,29607,29625,48264
2026-07-07T05:00:00+00:00,29625,29704.25,29557.5,29688.75,64083
2026-07-07T06:00:00+00:00,29688.5,29702,29631.25,29690,44204
2026-07-07T07:00:00+00:00,29689.5,29744,29643.5,29646.75,43923
2026-07-07T08:00:00+00:00,29646.5,29709.75,29641.25,29660.25,38201
2026-07-07T09:00:00+00:00,29659,29693.75,29622.25,29662.5,33887
2026-07-07T10:00:00+00:00,29662.75,29689.5,29625,29658.5,40374
2026-07-07T11:00:00+00:00,29659.25,29661.5,29591.25,29641.25,55792
2026-07-07T12:00:00+00:00,29641.75,29716.25,29622.25,29642.75,79174
2026-07-07T13:00:00+00:00,29642.75,29686.25,29420.25,29469.75,442175
2026-07-07T14:00:00+00:00,29469,29505.25,29209.75,29302.5,587186
2026-07-07T15:00:00+00:00,29302.5,29389.5,29248,29387.25,339016
2026-07-07T16:00:00+00:00,29387.75,29558.5,29376.75,29539.75,276213
2026-07-07T17:00:00+00:00,29539.5,29581,29510.25,29567.25,178197
2026-07-07T18:00:00+00:00,29567.25,29574.5,29384.25,29391,203672
2026-07-07T19:00:00+00:00,29390.75,29410.75,29270.5,29395.25,320774
2026-07-07T20:00:00+00:00,29395.25,29437.25,29388,29419.5,47470
2026-07-07T22:00:00+00:00,29387,29402,29319,29387.5,0
2026-07-07T23:00:00+00:00,29391.5,29407,29292.75,29300.5,54660
2026-07-08T00:00:00+00:00,29301,29546.5,29266,29543.25,123517
2026-07-08T01:00:00+00:00,29543.25,29558,29426,29436.5,88773
2026-07-08T02:00:00+00:00,29436,29475.5,29387.5,29461.25,70343
2026-07-08T03:00:00+00:00,29461.25,29532,29461,29469.75,44595
2026-07-08T04:00:00+00:00,29464,29469.25,29376.25,29415.75,52846
2026-07-08T05:00:00+00:00,29416,29447.25,29312,29347.5,61084
2026-07-08T06:00:00+00:00,29347.5,29364.25,29282.75,29329.5,57628
2026-07-08T07:00:00+00:00,29329.25,29404.25,29280.5,29380.5,62019
2026-07-08T08:00:00+00:00,29381.75,29415.25,28957.75,29010,164933
2026-07-08T09:00:00+00:00,29010,29034.25,28910.25,28958.75,82064
2026-07-08T10:00:00+00:00,28959.25,29062.25,28923.75,29018.75,62171
2026-07-08T11:00:00+00:00,29018.75,29125,28973,29089.5,76097
2026-07-08T12:00:00+00:00,29088.25,29239,29053.75,29154.75,92078
2026-07-08T13:00:00+00:00,29154.75,29399,29148,29366.75,431780
2026-07-08T14:00:00+00:00,29365.75,29389.75,29151.25,29211.5,568012
2026-07-08T15:00:00+00:00,29211.75,29226.5,29034,29096.75,392788
2026-07-08T16:00:00+00:00,29096.5,29377.25,29094,29372.75,282372
2026-07-08T17:00:00+00:00,29372.5,29458.5,29324,29352.75,181156
2026-07-08T18:00:00+00:00,29352.5,29425.25,29327.5,29405.25,171062
2026-07-08T19:00:00+00:00,29405.5,29500,29376.5,29457.5,177075
2026-07-08T20:00:00+00:00,29457.5,29469,29352.5,29390,52992
2026-07-08T22:00:00+00:00,29410,29449.75,29402.75,29424.75,0
2026-07-08T23:00:00+00:00,29425.5,29504.5,29395,29492,59605
2026-07-09T00:00:00+00:00,29492,29582.5,29488.75,29504,96653
2026-07-09T01:00:00+00:00,29503.75,29556.25,29445.25,29449.5,72295
2026-07-09T02:00:00+00:00,29449.5,29578.25,29418.5,29429.75,79186
2026-07-09T03:00:00+00:00,29429.5,29518.75,29396,29506.25,58072
2026-07-09T04:00:00+00:00,29507.25,29558.75,29462.25,29552.25,39904
2026-07-09T05:00:00+00:00,29554.5,29609.25,29474.25,29606.75,64400
2026-07-09T06:00:00+00:00,29606.5,29643.25,29572,29612,47769
2026-07-09T07:00:00+00:00,29613,29706.75,29603.25,29684.5,49608
2026-07-09T08:00:00+00:00,29684.75,29736,29643.5,29661,54868
2026-07-09T09:00:00+00:00,29662,29670,29611,29645,38235
2026-07-09T10:00:00+00:00,29644.75,29669.5,29564,29601,43688
2026-07-09T11:00:00+00:00,29600.75,29720.75,29578.5,29695.75,69100
2026-07-09T12:00:00+00:00,29696,29786.5,29680.5,29735.75,83340
2026-07-09T13:00:00+00:00,29735.5,29930.5,29671.5,29910.75,347633
2026-07-09T14:00:00+00:00,29910.25,29923,29613.75,29787.25,568396
2026-07-09T15:00:00+00:00,29787.5,29905.25,29777.5,29886.5,210553
2026-07-09T16:00:00+00:00,29886.5,29924.5,29864.5,29897.25,138150
2026-07-09T17:00:00+00:00,29897.25,29993.25,29893,29974.5,133053
2026-07-09T18:00:00+00:00,29974.5,29984.75,29929,29939,115589
2026-07-09T19:00:00+00:00,29939.75,29957.75,29894,29948,168014
2026-07-09T20:00:00+00:00,29948.5,29973.75,29926.75,29929.75,40224
2026-07-09T21:00:00+00:00,29930.75,29930.75,29930.75,29930.75,1
2026-07-09T22:00:00+00:00,29936.5,29962,29904,29921.75,0
2026-07-09T23:00:00+00:00,29922,29964.75,29907.25,29932.75,35921
2026-07-10T00:00:00+00:00,29932.25,29952.5,29803.5,29866.5,97803
2026-07-10T01:00:00+00:00,29867,29922.75,29816.25,29892,59219
2026-07-10T02:00:00+00:00,29892.25,29952.75,29854.25,29951.5,51630
2026-07-10T03:00:00+00:00,29952,29963.75,29911.75,29930,28600
2026-07-10T04:00:00+00:00,29937.75,29948.5,29875.75,29882.5,31349
2026-07-10T05:00:00+00:00,29883,29897,29840,29845.75,34952
2026-07-10T06:00:00+00:00,29846,29857.5,29775.5,29819.75,51523
2026-07-10T07:00:00+00:00,29819.75,29826,29763,29773.5,34433
2026-07-10T08:00:00+00:00,29773.75,29804.25,29743.25,29773,47007
2026-07-10T09:00:00+00:00,29773.75,29828,29716.25,29815.5,40166
2026-07-10T10:00:00+00:00,29815,29862.75,29805.75,29851,31499
2026-07-10T11:00:00+00:00,29850.25,29887.75,29806,29814.75,45458
2026-07-10T12:00:00+00:00,29816.25,29879.75,29771,29800,75104
2026-07-10T13:00:00+00:00,29800.25,29968.5,29790,29922.5,364894
2026-07-10T14:00:00+00:00,29922.25,29966.75,29677.5,29817.75,480975
2026-07-10T15:00:00+00:00,29817.75,29991.5,29780,29944.5,333745
2026-07-10T16:00:00+00:00,29944.75,30042.75,29944,30026.75,164453
2026-07-10T17:00:00+00:00,30027,30072.5,29996.25,30038.75,111628
2026-07-10T18:00:00+00:00,30038.75,30070,30023,30037.75,102952
2026-07-10T19:00:00+00:00,30038.25,30076.75,30024.75,30037,112646
2026-07-10T20:00:00+00:00,30037.25,30075,30031.75,30032.25,28633
2026-07-12T22:00:00+00:00,29892.75,29914.75,29855.75,29909.5,40817
2026-07-12T23:00:00+00:00,29910,29911.25,29843.75,29893.75,44743
2026-07-13T00:00:00+00:00,29892.25,30042.5,29807.5,29835.25,138583
2026-07-13T01:00:00+00:00,29835,29850.75,29737.25,29761,86227
2026-07-13T02:00:00+00:00,29762.25,29809.75,29713.5,29716.75,64866
2026-07-13T03:00:00+00:00,29716.5,29727.75,29682.5,29697.25,51804
2026-07-13T04:00:00+00:00,29689,29689.75,29613,29627.25,47021
2026-07-13T05:00:00+00:00,29627.25,29693.5,29546.5,29651.5,88138
2026-07-13T06:00:00+00:00,29650,29666.25,29585.25,29630.5,54466
2026-07-13T07:00:00+00:00,29630.5,29690,29607,29653.5,45680
2026-07-13T08:00:00+00:00,29653.25,29754.25,29646.75,29746.5,51959
2026-07-13T09:00:00+00:00,29746.75,29776.75,29717.25,29771,25855
2026-07-13T10:00:00+00:00,29771,29778.5,29735.25,29756,27908
2026-07-13T11:00:00+00:00,29756.25,29800,29729.25,29740,48958
2026-07-13T12:00:00+00:00,29740.75,29758.25,29655.25,29718.25,74189
2026-07-13T13:00:00+00:00,29718.75,29748.5,29517.75,29631,412516
2026-07-13T14:00:00+00:00,29631,29724,29493.25,29717.75,488890
2026-07-13T15:00:00+00:00,29718,29752.25,29596.5,29611.5,238301
2026-07-13T16:00:00+00:00,29611.5,29638.75,29460.25,29526.75,262665
2026-07-13T17:00:00+00:00,29526,29581,29468.25,29480,166735
2026-07-13T18:00:00+00:00,29479.5,29539.5,29454,29492.75,163535
2026-07-13T19:00:00+00:00,29492.75,29524.75,29395,29467,207780
2026-07-13T20:00:00+00:00,29466.75,29474,29386.5,29430.75,46751
2026-07-13T22:00:00+00:00,29440,29480,29394,29399.25,0
2026-07-13T23:00:00+00:00,29399.75,29423.5,29327.5,29421.25,57323
2026-07-14T00:00:00+00:00,29422,29534.75,29325,29522.5,141615
2026-07-14T01:00:00+00:00,29521.5,29541,29436.5,29448.25,71870
2026-07-14T02:00:00+00:00,29447.5,29489,29366.25,29388.75,62263
2026-07-14T03:00:00+00:00,29389,29426.5,29303.25,29423.5,69475
2026-07-14T04:00:00+00:00,29406.25,29517,29371.75,29509.25,45272
2026-07-14T05:00:00+00:00,29509.5,29632.25,29489,29592.75,50487
2026-07-14T06:00:00+00:00,29592.5,29649.75,29563,29564.5,38667
2026-07-14T07:00:00+00:00,29564.25,29623.5,29545.5,29573.75,42053
2026-07-14T08:00:00+00:00,29574,29636.25,29547.5,29572.5,43381
2026-07-14T09:00:00+00:00,29572,29629.25,29557.75,29602,28794
2026-07-14T10:00:00+00:00,29602.25,29633,29578,29607.25,27870
2026-07-14T11:00:00+00:00,29607,29670.5,29554,29633.25,66715
2026-07-14T12:00:00+00:00,29633,29922,29570,29772.75,137396
2026-07-14T13:00:00+00:00,29773.25,29832,29685,29780.5,371788
2026-07-14T14:00:00+00:00,29780.5,29810,29567.25,29774,527124
2026-07-14T15:00:00+00:00,29773.75,29896,29753,29785.75,283185
2026-07-14T16:00:00+00:00,29786.5,29829.75,29704.25,29826.75,207825
2026-07-14T17:00:00+00:00,29826.75,29866.5,29806.75,29862.5,113908
2026-07-14T18:00:00+00:00,29863,29877.75,29810.75,29824.25,114123
2026-07-14T19:00:00+00:00,29824.5,29838.25,29771,29786.5,153580
2026-07-14T20:00:00+00:00,29786.25,29810.25,29764.5,29794.75,35692
2026-07-14T22:00:00+00:00,29798,29806.75,29745.75,29774,0
2026-07-14T23:00:00+00:00,29773.5,29900,29758,29888.75,51057
2026-07-15T00:00:00+00:00,29888.25,29933.5,29837.75,29918.75,85215
2026-07-15T01:00:00+00:00,29918,29959.25,29860.25,29956,70744
2026-07-15T02:00:00+00:00,29956.75,29989,29949.25,29960,40074
2026-07-15T03:00:00+00:00,29960,30019.5,29946.75,30013,34689
2026-07-15T04:00:00+00:00,30000.75,30024.75,29983,30021.5,25444
2026-07-15T05:00:00+00:00,30022,30058.5,29967.25,30030.75,53827
2026-07-15T06:00:00+00:00,30031,30050,30009.25,30031.25,31384
2026-07-15T07:00:00+00:00,30031.5,30062.5,29928.25,29996.75,49226
2026-07-15T08:00:00+00:00,29996.75,29998.75,29871.75,29937.5,51076
2026-07-15T09:00:00+00:00,29937.25,29963.5,29915.5,29923.25,25638
2026-07-15T10:00:00+00:00,29924.75,29947.5,29886,29927.25,32208
2026-07-15T11:00:00+00:00,29926.25,29953.75,29904.5,29912.25,34450
2026-07-15T12:00:00+00:00,29912.25,29995.5,29850,29980.25,86499
2026-07-15T13:00:00+00:00,29980,29999.25,29755,29823,369153
2026-07-15T14:00:00+00:00,29823.5,29892.25,29536.75,29631.25,603678
2026-07-15T15:00:00+00:00,29631.5,29661.75,29531.25,29581,291957
2026-07-15T16:00:00+00:00,29580.75,29600,29396.75,29513,283362
2026-07-15T17:00:00+00:00,29512.25,29705.75,29504.5,29686.5,182925
2026-07-15T18:00:00+00:00,29686.25,29743,29595,29612.5,177516
2026-07-15T19:00:00+00:00,29612.5,29706.75,29589,29700.75,213121
2026-07-15T20:00:00+00:00,29700.75,29737.5,29663.25,29708,41729
2026-07-15T22:00:00+00:00,29707.75,29749,29677.75,29717.5,0
2026-07-15T23:00:00+00:00,29716.75,29737,29682.25,29690.5,37073
2026-07-16T00:00:00+00:00,29690.75,29765.25,29622.25,29652,88881
2026-07-16T01:00:00+00:00,29652.25,29686.5,29596,29650.75,70052
2026-07-16T02:00:00+00:00,29650.75,29735.75,29620,29727.25,49669
2026-07-16T03:00:00+00:00,29727,29752.5,29705.75,29737.75,35301
2026-07-16T04:00:00+00:00,29727.5,29756,29695.75,29708.75,26924
2026-07-16T05:00:00+00:00,29708.75,29796.5,29667,29687,53498
2026-07-16T06:00:00+00:00,29688,29748.75,29642.25,29685.25,53070
2026-07-16T07:00:00+00:00,29684.75,29686.75,29548.5,29563.25,44573
2026-07-16T08:00:00+00:00,29562.75,29595.75,29478,29591.25,51248
2026-07-16T09:00:00+00:00,29591.75,29644.75,29527.5,29531.25,38111
2026-07-16T10:00:00+00:00,29530.5,29562,29502.75,29529.5,37903
2026-07-16T11:00:00+00:00,29529.25,29531.75,29353.5,29446.25,71701
2026-07-16T12:00:00+00:00,29446.5,29458.25,29363.25,29392,73039
2026-07-16T13:00:00+00:00,29393,29532,29257.75,29346.5,405492
2026-07-16T14:00:00+00:00,29346.75,29509,29315,29435.5,435929
2026-07-16T15:00:00+00:00,29434.75,29466.25,29335.75,29392.25,303831
2026-07-16T16:00:00+00:00,29392.5,29395.5,29263,29338.5,237357
2026-07-16T17:00:00+00:00,29338.75,29344.5,29219.25,29243.5,176464
2026-07-16T18:00:00+00:00,29243.75,29304.25,29197.75,29210.5,183747
2026-07-16T19:00:00+00:00,29210.25,29242.25,29079,29217.25,236626
2026-07-16T20:00:00+00:00,29217.75,29230.75,29162,29178.5,48469
2026-07-16T22:00:00+00:00,29186.75,29220,29116,29135.75,0
2026-07-16T23:00:00+00:00,29135.5,29145.25,29060.5,29096.5,49405
2026-07-17T00:00:00+00:00,29096.25,29124,28993.5,29057.75,89835
2026-07-17T01:00:00+00:00,29057.75,29106.5,28946.25,28971.25,78012
2026-07-17T02:00:00+00:00,28971,28987,28893.75,28925.25,59122
2026-07-17T03:00:00+00:00,28925,29026.5,28912.5,28921.75,59850
2026-07-17T04:00:00+00:00,28873,28879.5,28773.75,28805.5,82180
2026-07-17T05:00:00+00:00,28805.5,28822.5,28726.5,28755.75,64271
2026-07-17T06:00:00+00:00,28755.5,28825,28722,28742.75,61113
2026-07-17T07:00:00+00:00,28744.5,28767.75,28682.75,28686.75,62328
2026-07-17T08:00:00+00:00,28686.25,28735.5,28554.75,28628.75,96851
2026-07-17T09:00:00+00:00,28629.25,28728,28618,28711.25,54041
2026-07-17T10:00:00+00:00,28711.25,28826,28693,28783.5,67373
2026-07-17T11:00:00+00:00,28784,28808.5,28717.5,28740.25,55445
2026-07-17T12:00:00+00:00,28739.75,28745.5,28645.5,28665.25,74189
2026-07-17T13:00:00+00:00,28665,28685.5,28408.25,28673.75,448790
2026-07-17T14:00:00+00:00,28677,28896,28665,28726.25,582769
2026-07-17T15:00:00+00:00,28726.5,28948.5,28672,28933.25,392654
2026-07-17T16:00:00+00:00,28933.25,29028.75,28845.5,28974.5,274043
2026-07-17T17:00:00+00:00,28974.75,29047,28883.25,28896,194675
2026-07-17T18:00:00+00:00,28896.25,28935.75,28796.75,28861.25,195889
2026-07-17T19:00:00+00:00,28861.75,28869.25,28718.5,28765,239510
2026-07-17T20:00:00+00:00,28764.25,28779.25,28712.5,28773.25,57898
2026-07-19T22:00:00+00:00,28735.75,28851.25,28706.75,28815.75,60377
2026-07-19T23:00:00+00:00,28815.75,28877,28777.25,28869.5,68168
2026-07-20T00:00:00+00:00,28869.25,28964,28804.25,28859.5,107989
2026-07-20T01:00:00+00:00,28859.5,28918.5,28762.75,28796.5,88894
2026-07-20T02:00:00+00:00,28797.25,28939.75,28792.75,28886.25,76374
2026-07-20T03:00:00+00:00,28886.25,28937.5,28849.75,28894.75,48907
2026-07-20T04:00:00+00:00,28898,28942.75,28842.5,28896.75,43431
2026-07-20T05:00:00+00:00,28897,28903,28788,28807.75,48689
2026-07-20T06:00:00+00:00,28807.75,28824.75,28765.5,28804.25,44105
2026-07-20T07:00:00+00:00,28805,28926.25,28797.75,28909.25,56251
2026-07-20T08:00:00+00:00,28909,28939.75,28860,28881.25,39975
2026-07-20T09:00:00+00:00,28882,28997.75,28854.75,28952,35737
2026-07-20T10:00:00+00:00,28952.5,28980,28921,28969.75,29815
2026-07-20T11:00:00+00:00,28969.75,29110.5,28963.5,29072.75,70368
2026-07-20T12:00:00+00:00,29073.5,29076.5,28981.5,29024.5,66264
2026-07-20T13:00:00+00:00,29024.75,29192.5,28979.75,28996.25,309132
2026-07-20T14:00:00+00:00,28996.25,29050,28874.25,28891.75,483335
2026-07-20T15:00:00+00:00,28891.5,29065.5,28873.25,29051,274296
2026-07-20T16:00:00+00:00,29051,29118.5,28955.5,28983,211712
2026-07-20T17:00:00+00:00,28983.5,28999.5,28900.5,28957,169684
2026-07-20T18:00:00+00:00,28956.5,29010.5,28855.25,28870.75,176517
2026-07-20T19:00:00+00:00,28870.5,28896,28767.75,28785.75,222205
2026-07-20T20:00:00+00:00,28785,28832,28750,28777.75,43317
2026-07-20T22:00:00+00:00,28783.25,28801.75,28700,28717.25,0
2026-07-20T23:00:00+00:00,28717.5,28833,28706.5,28779.75,56115
2026-07-21T00:00:00+00:00,28778.25,28897,28706.5,28858.25,109658
2026-07-21T01:00:00+00:00,28858.5,28921.25,28836.5,28884,71338
2026-07-21T02:00:00+00:00,28884.5,28956.75,28859.25,28954.75,53728
2026-07-21T03:00:00+00:00,28954.5,29077.75,28951.25,29058,43393
2026-07-21T04:00:00+00:00,29076.25,29077.5,29048.5,29055,34361
2026-07-21T05:00:00+00:00,29055.25,29104.75,29016.75,29098.5,38340
2026-07-21T06:00:00+00:00,29097.5,29155.5,29095.5,29146.5,41566
2026-07-21T07:00:00+00:00,29147.5,29161.5,29087.75,29117,37818
2026-07-21T08:00:00+00:00,29117,29176.75,29104.25,29167.25,40009
2026-07-21T09:00:00+00:00,29167.25,29196.5,29150.75,29154,34573
2026-07-21T10:00:00+00:00,29154.75,29204,29154.75,29166.5,43484
2026-07-21T11:00:00+00:00,29167.25,29183.75,29117,29153.5,50242
2026-07-21T12:00:00+00:00,29153.25,29195.5,29111,29172.5,71599
2026-07-21T13:00:00+00:00,29172.5,29246.75,29092.5,29153.25,394536
2026-07-21T14:00:00+00:00,29153.75,29257.75,29063,29237.25,427159
2026-07-21T15:00:00+00:00,29237.25,29319.75,29181.5,29259.25,220652
2026-07-21T16:00:00+00:00,29259,29352,29254.25,29331.25,131212
2026-07-21T17:00:00+00:00,29331.75,29363.5,29322.75,29341.25,101795
2026-07-21T18:00:00+00:00,29341.75,29363,29310.5,29328.25,107022
2026-07-21T19:00:00+00:00,29328.25,29351.25,29290.5,29311.25,147461
2026-07-21T20:00:00+00:00,29310.75,29317,29279.25,29290,43813
2026-07-21T22:00:00+00:00,29309,29311.75,29251.75,29274.5,0
2026-07-21T23:00:00+00:00,29274,29304.75,29261.5,29298,38825
2026-07-22T00:00:00+00:00,29298.25,29337.25,29258.5,29288.25,71190
2026-07-22T01:00:00+00:00,29288.75,29306.25,29231.75,29276.5,56559
2026-07-22T02:00:00+00:00,29277,29285.5,29228.5,29239.25,45130
2026-07-22T03:00:00+00:00,29239.5,29267.75,29190.25,29197.75,45059
2026-07-22T04:00:00+00:00,29222,29239,29193.5,29221.75,29243
2026-07-22T05:00:00+00:00,29222.25,29226.5,29145.25,29173.25,41643
2026-07-22T06:00:00+00:00,29172.5,29173,29060,29092.75,56949
2026-07-22T07:00:00+00:00,29092.5,29124.5,29026,29056.25,59526
2026-07-22T08:00:00+00:00,29057.75,29118,29038.75,29110.5,47638
2026-07-22T09:00:00+00:00,29110,29149.75,29089,29127.75,35389
2026-07-22T10:00:00+00:00,29127.75,29173.5,29113.5,29154.25,38764
2026-07-22T11:00:00+00:00,29154.25,29166,29017.25,29054.75,68165
2026-07-22T12:00:00+00:00,29055,29072,28961.25,29016.75,93037
2026-07-22T13:00:00+00:00,29017,29278,29017,29277,312627
2026-07-22T14:00:00+00:00,29276.75,29284.25,29172.5,29240.5,393200
2026-07-22T15:00:00+00:00,29240.75,29342.5,29240.25,29330.25,221049
2026-07-22T16:00:00+00:00,29330,29335.25,29276.5,29311,121584
2026-07-22T17:00:00+00:00,29311,29330.75,29234.25,29244,125590
2026-07-22T18:00:00+00:00,29244.25,29271,29207.75,29245.75,144899
2026-07-22T19:00:00+00:00,29245.75,29260.75,29158,29160.25,153535
2026-07-22T20:00:00+00:00,29161,29260.25,29119,29169,98402
2026-07-22T22:00:00+00:00,29107.5,29144,29039,29071.75,0
2026-07-22T23:00:00+00:00,29072.75,29144,29025.75,29142.75,54111
2026-07-23T00:00:00+00:00,29143,29283,29132,29256,80478
2026-07-23T01:00:00+00:00,29255.5,29273.75,29175,29177,71043
2026-07-23T02:00:00+00:00,29176.5,29200.5,29058.75,29091.75,67565
2026-07-23T03:00:00+00:00,29091.25,29128,29030,29125,52761
2026-07-23T04:00:00+00:00,29097,29166,29085,29124.75,46638
2026-07-23T05:00:00+00:00,29125.75,29183.75,29078.5,29087.25,42124
2026-07-23T06:00:00+00:00,29087.75,29119.75,29074.25,29083.75,35624
2026-07-23T07:00:00+00:00,29084.25,29087.5,28922,28987.75,67977
2026-07-23T08:00:00+00:00,28987,29111,28958.5,29102.75,48415
2026-07-23T09:00:00+00:00,29103.25,29137.75,29044.5,29054.5,37417
2026-07-23T10:00:00+00:00,29054.5,29122.75,29036.75,29103,38542
2026-07-23T11:00:00+00:00,29102.5,29107.75,28913.25,28964.75,77601
2026-07-23T12:00:00+00:00,28965.25,28967.25,28753.25,28787.25,118874
2026-07-23T13:00:00+00:00,28786.75,28883.75,28656,28707.5,465000
2026-07-23T14:00:00+00:00,28708.5,28801.75,28577.5,28597,562543
2026-07-23T15:00:00+00:00,28597,28605,28432.5,28588,352782
2026-07-23T16:00:00+00:00,28588.25,28739,28573,28641.5,230117
2026-07-23T17:00:00+00:00,28641.25,28677.5,28565.5,28567.25,193524
2026-07-23T18:00:00+00:00,28568,28603.25,28524.25,28549.75,137792
2026-07-23T19:00:00+00:00,28549.75,28633.25,28485.75,28614.25,183290
2026-07-23T20:00:00+00:00,28614.75,28782,28613.25,28740.75,93899
2026-07-23T22:00:00+00:00,28708,28732.75,28622,28730.25,0
2026-07-23T23:00:00+00:00,28729.75,28734.75,28655.5,28679.25,45384
2026-07-24T00:00:00+00:00,28681,28725,28615.5,28671,88897
2026-07-24T01:00:00+00:00,28672,28701.75,28608.5,28614,70577
2026-07-24T02:00:00+00:00,28613.75,28632,28516.25,28519.75,60304
2026-07-24T03:00:00+00:00,28520.25,28561.5,28482,28485.75,53535
2026-07-24T04:00:00+00:00,28513.75,28571.5,28481.75,28565,48135
2026-07-24T05:00:00+00:00,28564.75,28607.25,28543.5,28545.25,44598
2026-07-24T06:00:00+00:00,28546,28576.25,28481.5,28544.75,47878
2026-07-24T07:00:00+00:00,28544.25,28663.5,28540,28615.75,48212
2026-07-24T08:00:00+00:00,28616.75,28649.5,28557,28620.5,50218
2026-07-24T09:00:00+00:00,28621.75,28704.25,28610.75,28699.75,41198
2026-07-24T10:00:00+00:00,28699.75,28705.75,28633,28639.25,35221
2026-07-24T11:00:00+00:00,28639.5,28699,28601,28678.5,52185
2026-07-24T12:00:00+00:00,28677.75,28695.25,28588,28591.75,79013
2026-07-24T13:00:00+00:00,28591.5,28622.25,28313.25,28323,422323
2026-07-24T14:00:00+00:00,28323.25,28461.75,28254.25,28449,566986
2026-07-24T15:00:00+00:00,28448.75,28583.75,28355,28576.5,395858
2026-07-24T16:00:00+00:00,28576.75,28631.25,28460.5,28494.75,206531
2026-07-24T17:00:00+00:00,28494.5,28544.25,28427,28466.5,187743
2026-07-24T18:00:00+00:00,28467,28487,28259,28301.5,194179
2026-07-24T19:00:00+00:00,28301.5,28329.75,28212.5,28283.25,244629
2026-07-24T20:00:00+00:00,28283.25,28329.25,28260,28282.25,56223
2026-07-26T22:00:00+00:00,28594.75,28646.75,28583.75,28609.75,37571
2026-07-26T23:00:00+00:00,28610.25,28733.5,28596.75,28728.25,60969
2026-07-27T00:00:00+00:00,28729,28732.5,28581.25,28597.75,116480
2026-07-27T01:00:00+00:00,28598.75,28635,28525.25,28614.25,88224
2026-07-27T02:00:00+00:00,28614.5,28658.25,28587,28614.75,54947
2026-07-27T03:00:00+00:00,28614.75,28650.75,28593.25,28612.75,41426
2026-07-27T04:00:00+00:00,28614.5,28663.5,28597.5,28644.75,32023
2026-07-27T05:00:00+00:00,28644,28705.5,28636.75,28694.75,26653
2026-07-27T06:00:00+00:00,28694.75,28728.5,28680.25,28693.5,29998
2026-07-27T07:00:00+00:00,28693.25,28732,28661.25,28662,38771
2026-07-27T08:00:00+00:00,28662.25,28749,28658.75,28736.5,38775
2026-07-27T09:00:00+00:00,28736.75,28763.75,28718,28744.5,26837
2026-07-27T10:00:00+00:00,28744.25,28758.75,28726.75,28741,21780
2026-07-27T11:00:00+00:00,28741,28744.5,28645.75,28672.75,49617
2026-07-27T12:00:00+00:00,28672.5,28697.75,28628.75,28691,61891
2026-07-27T13:00:00+00:00,28691,28702.75,28341.5,28347,441629
2026-07-27T14:00:00+00:00,28347.5,28372.5,27938.5,28170.5,689757
2026-07-27T15:00:00+00:00,28170,28198.75,27980.25,28062.5,408592
2026-07-27T16:00:00+00:00,28062.5,28204.5,28025,28047.25,279245
2026-07-27T17:00:00+00:00,28048,28106.25,27986.75,28104.5,180166
2026-07-27T18:00:00+00:00,28104.5,28191,28018.75,28188.25,181316
2026-07-27T19:00:00+00:00,28188,28255,28154.25,28192.75,176709
2026-07-27T20:00:00+00:00,28193.25,28231,28169.25,28210.25,43427
2026-07-27T22:00:00+00:00,28210.5,28229,28124.25,28132,0
2026-07-27T23:00:00+00:00,28132.75,28178.75,28105,28163.25,45411
2026-07-28T00:00:00+00:00,28164.5,28195,28055,28071,99054
2026-07-28T01:00:00+00:00,28072,28095.5,27969.25,28020.25,90923
2026-07-28T02:00:00+00:00,28021,28030.25,27951.5,27992.75,71570
2026-07-28T03:00:00+00:00,27993,28071,27932.5,28051.25,71345
2026-07-28T04:00:00+00:00,28013.25,28016.75,27951.25,27956.25,37425
2026-07-28T05:00:00+00:00,27956.5,28190,27871.25,27881.25,47469
2026-07-28T06:00:00+00:00,27881.25,27959,27839.25,27945.75,57614
2026-07-28T07:00:00+00:00,27946,27988.25,27907.5,27932.5,45860
2026-07-28T08:00:00+00:00,27933.75,28052.75,27879.25,27994,58423
2026-07-28T09:00:00+00:00,27993.25,28018.5,27941.75,27956.5,25689
2026-07-28T10:00:00+00:00,27956.5,27981.25,27904.25,27944.25,35004
2026-07-28T11:00:00+00:00,27944,27974,27849,27963.5,65404
2026-07-28T12:00:00+00:00,27962.5,28034,27946.75,27993.75,65052
2026-07-28T13:00:00+00:00,27993,28028.5,27640.25,27666,410719
2026-07-28T14:00:00+00:00,27662.75,27892.5,27603.25,27802.5,493521
2026-07-28T15:00:00+00:00,27802.75,28062.75,27767.25,28048.5,315087
2026-07-28T16:00:00+00:00,28048,28079.75,27954,28057.75,201096
2026-07-28T17:00:00+00:00,28058,28066.5,27924.5,27974,167366
2026-07-28T18:00:00+00:00,27974.5,27999.75,27912,27972.5,142410
2026-07-28T19:00:00+00:00,27972.25,28024,27911.25,27919.75,165343
2026-07-28T20:00:00+00:00,27920.25,27991.75,27884,27959.75,59445
2026-07-28T22:00:00+00:00,27962.25,28014,27756.5,27757,0
2026-07-28T23:00:00+00:00,27758,28105,27731.5,28102.75,118556
2026-07-29T00:00:00+00:00,28102.75,28177.25,28000.75,28010.25,105637
2026-07-29T01:00:00+00:00,28011.5,28042,27784,27785.25,104034
2026-07-29T02:00:00+00:00,27785.75,27912,27770,27840.5,84250
2026-07-29T03:00:00+00:00,27839.5,27882,27701.25,27717,75961
2026-07-29T04:00:00+00:00,27697.25,27759.75,27640.5,27757,81314
2026-07-29T05:00:00+00:00,27757.75,27854.75,27735.5,27794.75,73925
2026-07-29T06:00:00+00:00,27794.5,27941.75,27736.75,27929.75,59645
2026-07-29T07:00:00+00:00,27929,27963.75,27890.5,27907.25,43215
2026-07-29T08:00:00+00:00,27906.5,27939.75,27819.75,27904,45048
2026-07-29T09:00:00+00:00,27904,28060,27900.25,28019.5,41665
2026-07-29T10:00:00+00:00,28019,28046,27931.5,27949,36979
2026-07-29T11:00:00+00:00,27949.75,28024,27928.5,28002.75,45453
2026-07-29T12:00:00+00:00,28002.25,28007.25,27844.75,27908.75,72474
2026-07-29T13:00:00+00:00,27908.5,27997,27667.75,27734.25,347160
2026-07-29T14:00:00+00:00,27733.75,27827,27510,27600.25,417402
2026-07-29T15:00:00+00:00,27600.5,27656.25,27464.5,27519,248177
2026-07-29T16:00:00+00:00,27518.25,27603.5,27409,27603.5,219549
2026-07-29T17:00:00+00:00,27603.25,27749.75,27595,27721.75,187002
2026-07-29T18:00:00+00:00,27723,28097,27703.75,28057.75,334084
2026-07-29T19:00:00+00:00,28057.25,28099.75,27317.5,27337.25,437522
2026-07-29T20:00:00+00:00,27337.75,27361.75,27200,27259.75,128419
2026-07-29T22:00:00+00:00,27208,27489.75,27204.75,27450.5,0
2026-07-29T23:00:00+00:00,27450,27559.25,27444,27522.25,91680
2026-07-30T00:00:00+00:00,27522.5,27611.5,27472.25,27546.5,125703
2026-07-30T01:00:00+00:00,27547.5,27697,27533.75,27651,86401
2026-07-30T02:00:00+00:00,27651.25,27687.75,27539,27540.75,71840
2026-07-30T03:00:00+00:00,27541.5,27577.25,27471.5,27522.25,70949
2026-07-30T04:00:00+00:00,27507.75,27543.5,27435,27446.75,57443
2026-07-30T05:00:00+00:00,27447.5,27547.25,27420.5,27487.75,55931
2026-07-30T06:00:00+00:00,27487.25,27506.25,27414.5,27434.5,44804
2026-07-30T07:00:00+00:00,27434.75,27521.5,27351.75,27395,73232
2026-07-30T08:00:00+00:00,27393.5,27527,27337,27485.25,55649
2026-07-30T09:00:00+00:00,27485.5,27586,27470.75,27517,42930
2026-07-30T10:00:00+00:00,27516.25,27648,27488,27618.25,48205
2026-07-30T11:00:00+00:00,27618.5,27745,27612.75,27724.25,62282
2026-07-30T12:00:00+00:00,27724.25,27819.75,27695.5,27806.25,93525
2026-07-30T13:00:00+00:00,27806,28155,27793.25,28151.25,398668
2026-07-30T14:00:00+00:00,28150.5,28245.75,28022.75,28070.75,462089
2026-07-30T15:00:00+00:00,28070.75,28138,27995.5,28078.75,360523
2026-07-30T16:00:00+00:00,28079,28192.75,28055.25,28126.75,196692
2026-07-30T17:00:00+00:00,28126.25,28208.5,28126.25,28177.25,149441
2026-07-30T18:00:00+00:00,28177.75,28205.5,28147.75,28181.25,109163
2026-07-30T19:00:00+00:00,28181,28298,28180,28230.25,187518
2026-07-30T20:00:00+00:00,28230.75,28410,28203.75,28333.5,92157
2026-07-30T22:00:00+00:00,28317.25,28416.5,28304.25,28394.25,0
2026-07-30T23:00:00+00:00,28393.25,28445.75,28357.75,28423.5,53738
2026-07-31T00:00:00+00:00,28422,28525,28395,28522,79458
2026-07-31T01:00:00+00:00,28522.75,28580,28455,28476.75,71980
2026-07-31T02:00:00+00:00,28477.75,28499.75,28389.75,28432.25,65489
2026-07-31T03:00:00+00:00,28431.5,28478.75,28396,28462.25,48489
2026-07-31T04:00:00+00:00,28458,28557,28451.75,28549,38438
2026-07-31T05:00:00+00:00,28549.25,28592,28538.25,28586.25,36620
2026-07-31T06:00:00+00:00,28585.75,28612.25,28450.25,28486.25,57363
2026-07-31T07:00:00+00:00,28485.5,28584,28455,28573.25,53213
2026-07-31T08:00:00+00:00,28573.75,28611.25,28523.75,28602.5,48402
2026-07-31T09:00:00+00:00,28602.75,28642,28529.25,28532.25,37519
2026-07-31T10:00:00+00:00,28531.5,28592,28519.25,28564.75,32193
2026-07-31T11:00:00+00:00,28565,28626,28522.25,28553.5,44039
2026-07-31T12:00:00+00:00,28554.75,28555.75,28432,28468,67557
2026-07-31T13:00:00+00:00,28467.75,28725.75,28294.75,28358.5,417734
2026-07-31T14:00:00+00:00,28359.5,28392,28079.75,28307.75,503299
2026-07-31T15:00:00+00:00,28308.5,28342.5,28115.5,28273.75,345105
2026-07-31T16:00:00+00:00,28273.75,28391,28242,28366.75,202848
2026-07-31T17:00:00+00:00,28367.25,28502.75,28359.75,28429,169587
2026-07-31T18:00:00+00:00,28428.75,28461.75,28395.25,28433.75,132530
2026-07-31T19:00:00+00:00,28433.5,28524.5,28383.5,28402.5,192117
2026-07-31T20:00:00+00:00,28403,28436,28266,28404.25,75477
2026-08-02T22:00:00+00:00,28602.75,28642,28560,28570.5,38586
2026-08-02T23:00:00+00:00,28570,28637.75,28541.5,28613.5,58247
2026-08-03T00:00:00+00:00,28611.75,28630.25,28536.5,28622.25,73354
2026-08-03T01:00:00+00:00,28622.25,28650,28564,28643.75,51457
2026-08-03T02:00:00+00:00,28644.25,28680.75,28631,28660.75,42680
2026-08-03T03:00:00+00:00,28661.5,28698.25,28640.5,28674,32581
2026-08-03T04:00:00+00:00,28670,28689.5,28647.25,28651,24646
2026-08-03T05:00:00+00:00,28651,28667.5,28617.5,28641.75,27617
2026-08-03T06:00:00+00:00,28642,28661.25,28576,28592.75,35505
2026-08-03T07:00:00+00:00,28593.5,28635.25,28558,28587.5,47443
2026-08-03T08:00:00+00:00,28587.5,28595.5,28472,28593.75,60218
2026-08-03T09:00:00+00:00,28594,28601.5,28520.5,28558.5,37367
2026-08-03T10:00:00+00:00,28559.25,28566,28488.5,28541,35596
2026-08-03T11:00:00+00:00,28542.25,28547.25,28403.5,28420,62858
2026-08-03T12:00:00+00:00,28419.5,28491.5,28382.75,28459.25,76873
2026-08-03T13:00:00+00:00,28459.75,28629,28313,28628.25,370864
2026-08-03T14:00:00+00:00,28629,28805,28525,28802,395786
2026-08-03T15:00:00+00:00,28801.25,28813,28723.25,28792.25,232629
2026-08-03T16:00:00+00:00,28792,28847.5,28790.25,28821.75,139250
2026-08-03T17:00:00+00:00,28823,28921.75,28812.75,28917.75,126291
2026-08-03T18:00:00+00:00,28917.5,28965,28882.25,28907.5,172314
2026-08-03T19:00:00+00:00,28907.5,28943.75,28865.75,28900.75,169216
2026-08-03T20:00:00+00:00,28900.75,28942.5,28877.75,28929.25,45027
2026-08-03T22:00:00+00:00,28930,28962.25,28918,28945.75,0
2026-08-03T23:00:00+00:00,28945.25,28972.25,28929.5,28971.5,33152
2026-08-04T00:00:00+00:00,28971.25,28979,28864,28877.25,82935
2026-08-04T01:00:00+00:00,28876.75,29049.25,28831.5,29041,85348
2026-08-04T02:00:00+00:00,29041.25,29045,28942.75,28972.75,67484
2026-08-04T03:00:00+00:00,28972.5,29008,28930,29004.25,47568
2026-08-04T04:00:00+00:00,28992.25,29023.5,28968.5,29015.75,28898
2026-08-04T05:00:00+00:00,29016,29074.75,28978.5,29072.75,36947
2026-08-04T06:00:00+00:00,29073,29099,29042.25,29072.75,32476
2026-08-04T07:00:00+00:00,29072,29118.25,29037.25,29070.75,43139
2026-08-04T08:00:00+00:00,29072.25,29132.25,29037.75,29069.25,43137
2026-08-04T09:00:00+00:00,29069,29086,29007.5,29077.75,37537
2026-08-04T10:00:00+00:00,29077.5,29145.5,29066,29116.5,49222
2026-08-04T11:00:00+00:00,29116.75,29246,29114,29237.75,68167
2026-08-04T12:00:00+00:00,29237.25,29238.5,29186.5,29202.75,53583
2026-08-04T13:00:00+00:00,29203,29504.5,29185,29469,394322
2026-08-04T14:00:00+00:00,29466.75,29579.25,29432.5,29549.5,347744
2026-08-04T15:00:00+00:00,29549.5,29697,29544,29671.25,239722
2026-08-04T16:00:00+00:00,29671.25,29746.25,29660.75,29743,159600
2026-08-04T17:00:00+00:00,29742.75,29898.25,29739,29834.5,221668
2026-08-04T18:00:00+00:00,29835,29895.75,29809.5,29881,184578
2026-08-04T19:00:00+00:00,29881.5,29956.5,29847.5,29875.5,218124
2026-08-04T20:00:00+00:00,29875,29949.5,29757.75,29819,122525
2026-08-04T22:00:00+00:00,29781.25,29844.25,29775.5,29826,0
2026-08-04T23:00:00+00:00,29826.25,29857.25,29802.75,29835.5,40863
2026-08-05T00:00:00+00:00,29835.25,29877.5,29812.5,29848.5,62012
2026-08-05T01:00:00+00:00,29848.75,29887,29796.75,29869.75,59580
2026-08-05T02:00:00+00:00,29869.5,29889,29842.25,29860.25,35003
2026-08-05T03:00:00+00:00,29860,29894.25,29853.5,29891.25,27578
2026-08-05T04:00:00+00:00,29896.25,29916.75,29859.25,29903.25,26583
2026-08-05T05:00:00+00:00,29902.5,29986.75,29894.5,29980.25,34285
2026-08-05T06:00:00+00:00,29980.25,29990.75,29925.25,29970,36864
2026-08-05T07:00:00+00:00,29969.75,29987.25,29884,29903.5,43922
2026-08-05T08:00:00+00:00,29903,29926,29796.75,29837.5,61992
2026-08-05T09:00:00+00:00,29837.25,29894.5,29814.5,29858.25,41544
2026-08-05T10:00:00+00:00,29857.5,29872,29833,29864.25,32312
2026-08-05T11:00:00+00:00,29863.75,29943.75,29863.75,29919.5,53839
2026-08-05T12:00:00+00:00,29920,29947,29888.5,29915.25,63544
2026-08-05T13:00:00+00:00,29915.5,30073.25,29895.75,30049.5,416938
2026-08-05T14:00:00+00:00,30048.25,30048.25,29787.75,29848,556983
2026-08-05T15:00:00+00:00,29848.75,29891,29712.75,29738.25,298741
2026-08-05T16:00:00+00:00,29738.75,29840,29701.75,29809,226536
2026-08-05T17:00:00+00:00,29809.25,29819.75,29734.25,29757,148263
2026-08-05T18:00:00+00:00,29756.25,29786.25,29722.75,29726.25,111675
2026-08-05T19:00:00+00:00,29727.25,29780,29593,29608,165280
2026-08-05T20:00:00+00:00,29607.75,29618.5,29530.75,29594.75,85055
2026-08-05T22:00:00+00:00,29576,29678.75,29560,29621.75,0
2026-08-05T23:00:00+00:00,29622.5,29650.5,29566.5,29583.75,43626
2026-08-06T00:00:00+00:00,29584.25,29608.75,29535.25,29539,74262
2026-08-06T01:00:00+00:00,29538.5,29541.25,29454.25,29498,71740
2026-08-06T02:00:00+00:00,29497.75,29621,29487.75,29594,59231
2026-08-06T03:00:00+00:00,29593.75,29608.75,29522.75,29564.25,41580
2026-08-06T04:00:00+00:00,29571.5,29600.5,29543.5,29575,32780
2026-08-06T05:00:00+00:00,29575,29596,29544.25,29580.25,27483
2026-08-06T06:00:00+00:00,29580.25,29581.5,29484,29521.5,38745
2026-08-06T07:00:00+00:00,29520.75,29564,29500,29506.25,34852
2026-08-06T08:00:00+00:00,29506.75,29532.75,29444.25,29517.25,48550
2026-08-06T09:00:00+00:00,29518,29531,29437.75,29526.75,33151
2026-08-06T10:00:00+00:00,29526.25,29537.5,29466.25,29485.5,31719
2026-08-06T11:00:00+00:00,29484.5,29516,29364.75,29466.25,81640
2026-08-06T12:00:00+00:00,29465.75,29476.25,29388.25,29399,72197
2026-08-06T13:00:00+00:00,29399.5,29551,29241,29527.5,433508
2026-08-06T14:00:00+00:00,29527.5,29666.5,29487.75,29657.25,505557
2026-08-06T15:00:00+00:00,29656.5,29686.25,29505.75,29516,368144
2026-08-06T16:00:00+00:00,29516.25,29558.25,29448.75,29556.75,266381
2026-08-06T17:00:00+00:00,29556.75,29574.25,29493.25,29529.25,164380
2026-08-06T18:00:00+00:00,29528.75,29576,29498.5,29515.75,144239
2026-08-06T19:00:00+00:00,29515.75,29570.75,29475,29497.25,177592
2026-08-06T20:00:00+00:00,29497.25,29551.5,29480,29504.5,54471
2026-08-06T22:00:00+00:00,29515,29573.75,29494,29564.75,0
2026-08-06T23:00:00+00:00,29564.75,29604,29553.75,29595.25,35840
2026-08-07T00:00:00+00:00,29594.5,29619.25,29496.25,29561.75,90923
2026-08-07T01:00:00+00:00,29562,29582.5,29482.75,29526.5,77159
2026-08-07T02:00:00+00:00,29526.75,29548.5,29476,29525.75,43896
2026-08-07T03:00:00+00:00,29526.25,29549.25,29486,29489.25,30175
2026-08-07T04:00:00+00:00,29495.5,29525.75,29455,29509.5,33104
2026-08-07T05:00:00+00:00,29508.75,29557,29505.5,29522.75,21334
2026-08-07T06:00:00+00:00,29523.25,29584.75,29520.5,29552.75,25020
2026-08-07T07:00:00+00:00,29552.25,29593,29531.75,29583.25,26002
2026-08-07T08:00:00+00:00,29584,29647.5,29583.25,29633.25,34586
2026-08-07T09:00:00+00:00,29633,29650.5,29615.75,29617.25,20989
2026-08-07T10:00:00+00:00,29618.25,29629.75,29592.25,29607.25,20950
2026-08-07T11:00:00+00:00,29606.75,29669.75,29606.25,29613.75,34230
2026-08-07T12:00:00+00:00,29614,29867.25,29596,29843.5,120959
2026-08-07T13:00:00+00:00,29843.75,29851.25,29644.25,29678.75,429270
2026-08-07T14:00:00+00:00,29678.75,29779,29564.25,29720.25,495217
2026-08-07T15:00:00+00:00,29721,29855,29708.75,29813.5,216895
2026-08-07T16:00:00+00:00,29814,29830.25,29669,29739.75,218199
2026-08-07T17:00:00+00:00,29740.25,29768.5,29725.5,29743.25,110905
2026-08-07T18:00:00+00:00,29743.5,29754.75,29676.75,29724.75,110704
2026-08-07T19:00:00+00:00,29725.25,29860.5,29722.75,29834,178391
2026-08-07T20:00:00+00:00,29833.5,29850.5,29802.5,29834.75,39181
2026-08-09T22:00:00+00:00,29851,29860.75,29805,29844.25,37557
2026-08-09T23:00:00+00:00,29845,29881.75,29827.75,29829.75,41700
2026-08-10T00:00:00+00:00,29829.25,29906.5,29788,29803,84160
2026-08-10T01:00:00+00:00,29802.5,29895,29791.5,29884.5,58325
2026-08-10T02:00:00+00:00,29885.75,29899.25,29848.5,29881,35610
2026-08-10T03:00:00+00:00,29881,29899,29868.5,29880,26789
2026-08-10T04:00:00+00:00,29878.25,29904,29863.75,29882.25,25312
2026-08-10T05:00:00+00:00,29881.75,29930.5,29880.75,29929.5,24873
2026-08-10T06:00:00+00:00,29929.75,29963.75,29904.25,29908.75,32956
2026-08-10T07:00:00+00:00,29908.5,29985,29886.75,29952.75,37721
2026-08-10T08:00:00+00:00,29953,29981.25,29939,29971.75,29812
2026-08-10T09:00:00+00:00,29972,29984.25,29936,29938.25,21313
2026-08-10T10:00:00+00:00,29939,29959.25,29909.25,29912.75,32354
2026-08-10T11:00:00+00:00,29912.5,29926.25,29845.25,29871,57986
2026-08-10T12:00:00+00:00,29871.5,29884.25,29771,29777.75,62446
2026-08-10T13:00:00+00:00,29777.75,29841.25,29719,29806.5,386465
2026-08-10T14:00:00+00:00,29806.75,29900,29776.75,29779.5,383208
2026-08-10T15:00:00+00:00,29779.75,29855,29741.25,29844,244978
2026-08-10T16:00:00+00:00,29844.25,29858.75,29730.25,29779.75,192686
2026-08-10T17:00:00+00:00,29780,29811.5,29744.25,29759.25,126158
2026-08-10T18:00:00+00:00,29759.5,29784.75,29742.25,29782,97301
2026-08-10T19:00:00+00:00,29782.75,29796.5,29722.75,29744.25,129820
2026-08-10T20:00:00+00:00,29744.5,29770,29737,29763.75,37171
2026-08-10T22:00:00+00:00,29764.25,29788.5,29720.25,29732.5,0
2026-08-10T23:00:00+00:00,29732.5,29734.75,29677.75,29703.5,32081
2026-08-11T00:00:00+00:00,29703,29794.25,29666,29784.75,69549
2026-08-11T01:00:00+00:00,29784.75,29842.75,29764.25,29818.5,54112
2026-08-11T02:00:00+00:00,29818,29846.25,29812,29818.75,28765
2026-08-11T03:00:00+00:00,29818.5,29847.5,29814.75,29834,20943
2026-08-11T04:00:00+00:00,29839.25,29862,29833.75,29839.25,18668
2026-08-11T05:00:00+00:00,29839.25,29855,29788.25,29792.75,28922
2026-08-11T06:00:00+00:00,29793.25,29827.5,29732.25,29754.75,45067
2026-08-11T07:00:00+00:00,29755.25,29780,29726,29775.25,36379
2026-08-11T08:00:00+00:00,29774.75,29805.5,29717.5,29749,45497
2026-08-11T09:00:00+00:00,29748,29784.25,29718.5,29769.5,31758
2026-08-11T10:00:00+00:00,29769.5,29833.25,29749.5,29817.75,31864
2026-08-11T11:00:00+00:00,29817.25,29887,29810.5,29832.5,53770
2026-08-11T12:00:00+00:00,29832,29871.5,29819,29832.25,47448
2026-08-11T13:00:00+00:00,29833,29852,29636,29732.5,383619
2026-08-11T14:00:00+00:00,29733,29805,29718.25,29776.25,382187
2026-08-11T15:00:00+00:00,29777.25,29793,29658.25,29663,250550
2026-08-11T16:00:00+00:00,29663,29682,29616,29625.75,166143
2026-08-11T17:00:00+00:00,29626.5,29641,29573,29629,145546
2026-08-11T18:00:00+00:00,29629,29635.75,29533.5,29582.5,146306
2026-08-11T19:00:00+00:00,29582.5,29660.25,29571.5,29635.75,154402
2026-08-11T20:00:00+00:00,29635.5,29677.5,29615,29647.25,44847
2026-08-11T22:00:00+00:00,29663,29667.25,29628.5,29649.75,0
2026-08-11T23:00:00+00:00,29649.75,29665.25,29634,29662.5,17887
2026-08-12T00:00:00+00:00,29662,29681.5,29625,29667.5,51913
2026-08-12T01:00:00+00:00,29666.25,29684.75,29639,29658.5,42632
2026-08-12T02:00:00+00:00,29658.5,29703.75,29649.5,29702.25,24884
2026-08-12T03:00:00+00:00,29702.25,29710.5,29684,29695,20431
2026-08-12T04:00:00+00:00,29694,29716.75,29683,29713.5,16058
2026-08-12T05:00:00+00:00,29714,29718.5,29668,29715.5,22029
2026-08-12T06:00:00+00:00,29715.5,29737.5,29697.75,29736.25,22352
2026-08-12T07:00:00+00:00,29736.5,29754.75,29728,29750.75,21338
2026-08-12T08:00:00+00:00,29751.25,29799.5,29748,29793.5,26628
2026-08-12T09:00:00+00:00,29794,29849,29793,29815.75,30750
2026-08-12T10:00:00+00:00,29815.75,29845.25,29782.25,29815.5,23719
2026-08-12T11:00:00+00:00,29815.25,29847.75,29805.5,29845.5,25399
2026-08-12T12:00:00+00:00,29846,29950,29745,29919.75,95058
2026-08-12T13:00:00+00:00,29919.25,30001.5,29853.25,29907.25,392036
2026-08-12T14:00:00+00:00,29907.25,29946.25,29835.75,29867.25,386475
2026-08-12T15:00:00+00:00,29867.5,29891.25,29818.75,29831.75,214552
2026-08-12T16:00:00+00:00,29832.25,29917.5,29829,29905.5,139190
2026-08-12T17:00:00+00:00,29905.75,29924.5,29888.25,29909.75,98260
2026-08-12T18:00:00+00:00,29910.25,29928.75,29884.75,29890.25,96017
2026-08-12T19:00:00+00:00,29890.25,29905,29825.5,29852.75,158720
2026-08-12T20:00:00+00:00,29852.75,29906,29802,29807.25,59212
2026-08-12T22:00:00+00:00,29820.25,29832.75,29780.5,29797.25,0
2026-08-12T23:00:00+00:00,29797.75,29817.25,29792.5,29805.25,22100
2026-08-13T00:00:00+00:00,29805,29866.5,29796.5,29846.5,51159
2026-08-13T01:00:00+00:00,29846.75,29865.75,29808.25,29857.5,39658
2026-08-13T02:00:00+00:00,29857.5,29877.75,29831,29868.75,28238
2026-08-13T03:00:00+00:00,29868.5,29881,29865.5,29878.5,11308
2026-08-13T04:00:00+00:00,29885.5,29895.75,29854,29878.5,24058
2026-08-13T05:00:00+00:00,29879.75,29924.25,29874,29883.75,26387
2026-08-13T06:00:00+00:00,29884.25,29905.75,29858.5,29888.25,27186
2026-08-13T07:00:00+00:00,29887.75,29893.5,29843.75,29860,25381
2026-08-13T08:00:00+00:00,29860,29875.25,29827.5,29861.5,31704
2026-08-13T09:00:00+00:00,29861.5,29879.75,29821.25,29877.5,20383
2026-08-13T10:00:00+00:00,29876.5,29886.25,29863,29880.5,16185
2026-08-13T11:00:00+00:00,29881,29895,29855.25,29869,25777
2026-08-13T12:00:00+00:00,29868.25,29894,29813,29880.25,66098
2026-08-13T13:00:00+00:00,29880.5,30181,29862.75,30176,355422
2026-08-13T14:00:00+00:00,30175.75,30267,30155.75,30199.5,289044
2026-08-13T15:00:00+00:00,30199.25,30240.25,30104,30115.25,289104
2026-08-13T16:00:00+00:00,30115.25,30203.5,30114,30193.5,146450
2026-08-13T17:00:00+00:00,30194,30250.25,30192.75,30204.25,110841
2026-08-13T18:00:00+00:00,30205,30246,30181,30244,110024
2026-08-13T19:00:00+00:00,30244.25,30273.25,30173.5,30194.5,164950
2026-08-13T20:00:00+00:00,30194.25,30219.5,30141,30216.25,47217
2026-08-13T22:00:00+00:00,30213,30218,30186.75,30204.5,0
2026-08-13T23:00:00+00:00,30203,30227.25,30188.75,30203.25,23083
2026-08-14T00:00:00+00:00,30203.25,30232.5,30165.25,30169.75,45292
2026-08-14T01:00:00+00:00,30169.5,30169.75,30124.25,30151.75,48319
2026-08-14T02:00:00+00:00,30152,30181,30149,30154.25,26918
2026-08-14T03:00:00+00:00,30154.5,30188.25,30150.75,30153.75,18746
2026-08-14T04:00:00+00:00,30158,30165.5,30136.5,30147.25,18757
2026-08-14T05:00:00+00:00,30147.5,30184,30128,30174,20992
2026-08-14T06:00:00+00:00,30174,30178.5,30145.75,30172.5,17373
2026-08-14T07:00:00+00:00,30173,30203.75,30171,30194.5,22899
2026-08-14T08:00:00+00:00,30194.5,30244.5,30187,30221.75,33776
2026-08-14T09:00:00+00:00,30221.25,30236.5,30206,30235,18688
2026-08-14T10:00:00+00:00,30234.25,30252.5,30222.5,30251.75,22335
2026-08-14T11:00:00+00:00,30251.5,30268,30237.25,30264,25737
2026-08-14T12:00:00+00:00,30264.5,30280.25,30206.75,30268.5,55217
2026-08-14T13:00:00+00:00,30268.25,30287.25,30170,30226.5,356049
2026-08-14T14:00:00+00:00,30226.25,30272.25,30122.75,30122.75,358602
2026-08-14T15:00:00+00:00,30123,30145,30025,30066,274501
2026-08-14T16:00:00+00:00,30066.5,30107.5,30049.75,30058.5,160313
2026-08-14T17:00:00+00:00,30059,30084.5,30047,30081.25,110916
2026-08-14T18:00:00+00:00,30081.25,30104,30062.5,30088.25,92423
2026-08-14T19:00:00+00:00,30088.5,30148,30073,30144.5,118725
2026-08-14T20:00:00+00:00,30144.5,30154.75,30126.5,30141.75,37708
2026-08-16T22:00:00+00:00,30192,30212,30187.75,30206,17693
2026-08-16T23:00:00+00:00,30205.25,30228,30191.5,30215,24528
2026-08-17T00:00:00+00:00,30215.5,30227.25,30185.25,30201.25,38506
2026-08-17T01:00:00+00:00,30201.25,30245,30186.5,30192,54483
2026-08-17T02:00:00+00:00,30192.5,30231,30185.75,30221.75,26357
2026-08-17T03:00:00+00:00,30222.5,30249,30221.25,30245.5,18150
2026-08-17T04:00:00+00:00,30246.25,30254.75,30233,30235.25,17528
2026-08-17T05:00:00+00:00,30235.25,30275.25,30230.25,30272.75,20867
2026-08-17T06:00:00+00:00,30272.5,30327.5,30267.25,30324.75,32507
2026-08-17T07:00:00+00:00,30324.5,30331.75,30260,30312.25,39201
2026-08-17T08:00:00+00:00,30312.5,30328,30283.75,30298.25,26005
2026-08-17T09:00:00+00:00,30298,30303,30267,30281,20387
2026-08-17T10:00:00+00:00,30281.25,30339.75,30273.75,30315,31442
2026-08-17T11:00:00+00:00,30315,30325.25,30284,30286,26713
2026-08-17T12:00:00+00:00,30286.75,30288.75,30180,30202,77215
2026-08-17T13:00:00+00:00,30202.25,30265.75,30165.25,30234.5,338302
2026-08-17T14:00:00+00:00,30235,30246,30156.5,30243.5,292863
2026-08-17T15:00:00+00:00,30243.75,30286.75,30201.25,30239.25,219148
2026-08-17T16:00:00+00:00,30239.5,30243.75,30175.25,30183.5,120342
2026-08-17T17:00:00+00:00,30183.75,30188,30086.25,30102.25,187739
2026-08-17T18:00:00+00:00,30102,30136.5,30079,30122,110554
2026-08-17T19:00:00+00:00,30122.5,30124.25,30066.5,30091,149878
2026-08-17T20:00:00+00:00,30090.75,30097.75,30053.25,30080.25,39436
2026-08-17T22:00:00+00:00,30078.75,30091.5,30062,30078.25,0
2026-08-17T23:00:00+00:00,30079.25,30101.25,30070,30095,24863
2026-08-18T00:00:00+00:00,30094.25,30124.25,30081.5,30098.5,36752
2026-08-18T01:00:00+00:00,30099,30110,29968.5,30012,69010
2026-08-18T02:00:00+00:00,30012.25,30021.75,29879.25,29908.5,91829
2026-08-18T03:00:00+00:00,29909.25,29916,29853,29899,54041
2026-08-18T04:00:00+00:00,29888.5,29927.75,29878.75,29917.75,38760
2026-08-18T05:00:00+00:00,29917.5,29919.25,29820,29840.25,37635
2026-08-18T06:00:00+00:00,29841,29895.75,29785.5,29893,51642
2026-08-18T07:00:00+00:00,29892,29897,29808.75,29810.25,38538
2026-08-18T08:00:00+00:00,29811,29814.25,29735,29766.75,67930
2026-08-18T09:00:00+00:00,29766,29778.5,29687,29733,55059
2026-08-18T10:00:00+00:00,29732.5,29753,29704,29739,34919
2026-08-18T11:00:00+00:00,29739,29774.25,29727,29747.5,46602
2026-08-18T12:00:00+00:00,29747.75,29785.5,29680.75,29714,64606
2026-08-18T13:00:00+00:00,29713.25,29770,29605,29647.5,416225
2026-08-18T14:00:00+00:00,29647.5,29706.5,29536.75,29547.75,452468
2026-08-18T15:00:00+00:00,29547.75,29641.25,29514,29636.5,272249
2026-08-18T16:00:00+00:00,29637,29671,29603.5,29650,178790
2026-08-18T17:00:00+00:00,29649.75,29661.25,29565.5,29566,140694
2026-08-18T18:00:00+00:00,29566,29614.75,29547.25,29571.5,131903
2026-08-18T19:00:00+00:00,29571.25,29609.5,29559,29586.5,144895
2026-08-18T20:00:00+00:00,29586.75,29597.25,29550.25,29560,35999
2026-08-18T22:00:00+00:00,29565.25,29593.75,29516.75,29520.25,0
2026-08-18T23:00:00+00:00,29520,29568,29514.25,29528.25,40960
2026-08-19T00:00:00+00:00,29527.5,29586.25,29441,29541,98213
2026-08-19T01:00:00+00:00,29540,29609.75,29530.25,29577.5,70898
2026-08-19T02:00:00+00:00,29578.75,29583.75,29510,29531.5,51422
2026-08-19T03:00:00+00:00,29532,29567.5,29516.25,29527.25,34692
2026-08-19T04:00:00+00:00,29516,29543.5,29464,29505.75,40236
2026-08-19T05:00:00+00:00,29505.75,29535,29446.75,29456.5,46305
2026-08-19T06:00:00+00:00,29456.75,29561.75,29430.25,29558.25,53862
2026-08-19T07:00:00+00:00,29558.5,29606.75,29520.25,29600.25,45679
2026-08-19T08:00:00+00:00,29600.25,29641.25,29592,29607.5,44486
2026-08-19T09:00:00+00:00,29608,29630.5,29536.25,29554,33732
2026-08-19T10:00:00+00:00,29553.5,29559.75,29504.25,29522,37798
2026-08-19T11:00:00+00:00,29521.75,29578,29506.5,29536,43078
2026-08-19T12:00:00+00:00,29535.25,29759,29511,29742.75,125774
2026-08-19T13:00:00+00:00,29742,29748.25,29407.75,29496.5,513900
2026-08-19T14:00:00+00:00,29496.5,29624.25,29375.75,29623.25,486106
2026-08-19T15:00:00+00:00,29623.25,29631.75,29550.5,29607.25,245737
2026-08-19T16:00:00+00:00,29607.25,29667.25,29553,29559.25,165334
2026-08-19T17:00:00+00:00,29560,29572.75,29510.25,29545,139494
2026-08-19T18:00:00+00:00,29544.25,29591.75,29491.75,29535,179510
2026-08-19T19:00:00+00:00,29535.25,29590.75,29485,29521.75,172067
2026-08-19T20:00:00+00:00,29521.5,29562.5,29514.25,29559,34565
2026-08-19T22:00:00+00:00,29562.5,29653.75,29554.75,29650.5,0
2026-08-19T23:00:00+00:00,29649.5,29688.5,29625.25,29629.75,38960
2026-08-20T00:00:00+00:00,29629.5,29675.5,29581.25,29670.5,72812
2026-08-20T01:00:00+00:00,29670.5,29684.5,29623.5,29643.25,56570
2026-08-20T02:00:00+00:00,29643.5,29683.75,29609,29629.5,49462
2026-08-20T03:00:00+00:00,29630.5,29657,29595,29611,37319
2026-08-20T04:00:00+00:00,29646,29656,29608,29617,24703
2026-08-20T05:00:00+00:00,29618,29641,29588.25,29606,30296
2026-08-20T06:00:00+00:00,29605.5,29686.75,29602,29672,33679
2026-08-20T07:00:00+00:00,29672.5,29672.75,29592.75,29594.5,40048
2026-08-20T08:00:00+00:00,29594,29606,29455.25,29477.5,73773
2026-08-20T09:00:00+00:00,29476.75,29547.25,29466.75,29527.25,37831
2026-08-20T10:00:00+00:00,29527.75,29566.75,29512,29566.5,33403
2026-08-20T11:00:00+00:00,29566,29583,29348.75,29360.75,89649
2026-08-20T12:00:00+00:00,29361,29374.75,29240.25,29346,132530
2026-08-20T13:00:00+00:00,29346.5,29470.25,29309.25,29353,411982
2026-08-20T14:00:00+00:00,29353.25,29435,29304.5,29392.5,459586
2026-08-20T15:00:00+00:00,29392.5,29457.25,29269.25,29330.5,315040
2026-08-20T16:00:00+00:00,29330,29389,29302.5,29379.75,166837
2026-08-20T17:00:00+00:00,29379.5,29382.25,29282,29292.25,140391
2026-08-20T18:00:00+00:00,29292.25,29292.75,29202.5,29244,162896
2026-08-20T19:00:00+00:00,29243.75,29335.5,29242,29305.5,169516
2026-08-20T20:00:00+00:00,29305.75,29321,29263.5,29317,42103
2026-08-20T22:00:00+00:00,29331,29345.25,29273.5,29322,0
2026-08-20T23:00:00+00:00,29322.25,29328.75,29286.25,29294,25422
2026-08-21T00:00:00+00:00,29293.75,29365,29290.5,29321.5,62382
2026-08-21T01:00:00+00:00,29320.75,29373,29291.75,29353.25,59821
2026-08-21T02:00:00+00:00,29352.75,29399.75,29342.75,29384.5,30838
2026-08-21T03:00:00+00:00,29384.5,29388,29341.75,29360.5,27550
2026-08-21T04:00:00+00:00,29362,29373.5,29321.25,29358.25,25780
2026-08-21T05:00:00+00:00,29358.5,29381,29340,29366.25,23420
2026-08-21T06:00:00+00:00,29366,29402.25,29354.25,29387.25,24482
2026-08-21T07:00:00+00:00,29386.25,29456,29380.25,29446.5,35979
2026-08-21T08:00:00+00:00,29446.5,29468,29390.5,29453.25,43401
2026-08-21T09:00:00+00:00,29453.5,29492,29410.75,29485.25,34764
2026-08-21T10:00:00+00:00,29485.5,29515.5,29470,29479,27788
2026-08-21T11:00:00+00:00,29479.75,29539.75,29452.75,29500,47725
2026-08-21T12:00:00+00:00,29499.75,29533.75,29472,29511.5,49643
2026-08-21T13:00:00+00:00,29511.75,29516.25,29257.25,29303.75,347534
2026-08-21T14:00:00+00:00,29303.5,29335.75,29220.25,29331.75,392930
2026-08-21T15:00:00+00:00,29332,29488.5,29326.25,29443.75,253472
2026-08-21T16:00:00+00:00,29443.25,29454.5,29380.5,29412.25,161750
2026-08-21T17:00:00+00:00,29412,29423.75,29375,29383.5,94393
2026-08-21T18:00:00+00:00,29383.25,29405.5,29353.75,29400.25,98619
2026-08-21T19:00:00+00:00,29399.75,29433.25,29375.25,29396,133057
2026-08-21T20:00:00+00:00,29396,29397.75,29367.75,29387.75,32660
2026-08-23T22:00:00+00:00,29321.75,29399.75,29313.5,29389.75,31894
2026-08-23T23:00:00+00:00,29390,29480.5,29384.25,29467.25,43383
2026-08-24T00:00:00+00:00,29467.5,29472.75,29334.75,29426,108646
2026-08-24T01:00:00+00:00,29425.5,29448.75,29320.25,29322.5,77259
2026-08-24T02:00:00+00:00,29321.75,29378.75,29300.5,29370.25,65566
2026-08-24T03:00:00+00:00,29370.25,29372.5,29264.25,29271.5,45995
2026-08-24T04:00:00+00:00,29271.75,29303.75,29263.25,29266.25,34756
2026-08-24T05:00:00+00:00,29266.25,29297.75,29192.25,29200,53141
2026-08-24T06:00:00+00:00,29199.75,29219.75,29124.75,29164,61719
2026-08-24T07:00:00+00:00,29164.25,29212.5,29132.25,29146.5,45523
2026-08-24T08:00:00+00:00,29146.25,29240,29116.75,29214.25,49620
2026-08-24T09:00:00+00:00,29215,29249.75,29201,29231.5,27126
2026-08-24T10:00:00+00:00,29231.5,29246.75,29179.25,29184.5,29773
2026-08-24T11:00:00+00:00,29185,29283.5,29145.5,29247.25,62280
2026-08-24T12:00:00+00:00,29246.75,29247,29171.5,29205.5,61670
2026-08-24T13:00:00+00:00,29205.75,29243.75,28947.75,29021.75,401139
2026-08-24T14:00:00+00:00,29022,29110.25,28953.5,29083,343311
2026-08-24T15:00:00+00:00,29083,29205,29034.25,29168.5,255875
2026-08-24T16:00:00+00:00,29169,29224.25,29156.75,29170.5,142133
2026-08-24T17:00:00+00:00,29171.25,29211.25,29116,29123,152471
2026-08-24T18:00:00+00:00,29123.5,29233.25,29122.5,29153.75,144248
2026-08-24T19:00:00+00:00,29153.75,29173,29094.5,29099.75,148724
2026-08-24T20:00:00+00:00,29099,29136.25,29080.5,29131,37755
2026-08-24T22:00:00+00:00,29140,29152.25,29110.25,29120.25,0
2026-08-24T23:00:00+00:00,29120.5,29128.25,29071.5,29095.5,31464
2026-08-25T00:00:00+00:00,29095.75,29145.25,29016.75,29126.75,82645
2026-08-25T01:00:00+00:00,29128,29156.5,29095.75,29126,56020
2026-08-25T02:00:00+00:00,29126.5,29169,29093.25,29102.25,51066
2026-08-25T03:00:00+00:00,29102.25,29190,29100.25,29158.5,41240
2026-08-25T04:00:00+00:00,29191,29217.5,29183.5,29199.75,28029
2026-08-25T05:00:00+00:00,29200.25,29241.25,29189.5,29232,29572
2026-08-25T06:00:00+00:00,29231.75,29288,29105.75,29262.75,34503
2026-08-25T07:00:00+00:00,29263.5,29290.5,29226.25,29233.25,31657
2026-08-25T08:00:00+00:00,29233,29327.75,29211,29302.25,47638
2026-08-25T09:00:00+00:00,29301.75,29420,29285.5,29391,39592
2026-08-25T10:00:00+00:00,29390,29411.25,29346.25,29359,25133
2026-08-25T11:00:00+00:00,29358.25,29390.75,29302.5,29373.5,36776
2026-08-25T12:00:00+00:00,29372.75,29409.25,29312.25,29333.75,54621
2026-08-25T13:00:00+00:00,29333.75,29416,29279.25,29311.5,354707
2026-08-25T14:00:00+00:00,29312.75,29316,29145.5,29232.5,414133
2026-08-25T15:00:00+00:00,29232.75,29310,29197.25,29262.5,235904
2026-08-25T16:00:00+00:00,29262.75,29299.75,29252.75,29275.5,135264
2026-08-25T17:00:00+00:00,29275.5,29279,29214,29226.75,111460
2026-08-25T18:00:00+00:00,29226.75,29274.75,29202.25,29255.75,111152
2026-08-25T19:00:00+00:00,29255.75,29290.25,29212,29270.25,140842
2026-08-25T20:00:00+00:00,29270.5,29313.25,29262.5,29287,46195
2026-08-25T22:00:00+00:00,29288.75,29310,29280,29283.5,0
2026-08-25T23:00:00+00:00,29284.25,29287.75,29206.75,29210.25,35834
2026-08-26T00:00:00+00:00,29210.5,29238.75,29110,29112.25,99934
2026-08-26T01:00:00+00:00,29112.75,29147.75,29095.5,29133,68054
2026-08-26T02:00:00+00:00,29132.75,29230,29118.75,29220.25,54203
2026-08-26T03:00:00+00:00,29221,29275.5,29205,29267.5,40070
2026-08-26T04:00:00+00:00,29265.75,29281.75,29217,29228.5,36167
2026-08-26T05:00:00+00:00,29228,29262.5,29225.5,29241.75,34099
2026-08-26T06:00:00+00:00,29241.75,29277,29203,29251.75,42308
2026-08-26T07:00:00+00:00,29251,29258,29186.25,29212,44277
2026-08-26T08:00:00+00:00,29212.75,29250.75,29187,29227.75,41365
2026-08-26T09:00:00+00:00,29227.75,29238.25,29191,29234.5,25094
2026-08-26T10:00:00+00:00,29234,29242.75,29188.5,29236.25,31092
2026-08-26T11:00:00+00:00,29237.25,29278.75,29186.5,29220,57285
2026-08-26T12:00:00+00:00,29220,29270,29133,29150.75,113544
2026-08-26T13:00:00+00:00,29150.75,29333.25,29134.25,29331.5,419634
2026-08-26T14:00:00+00:00,29331,29332.25,29156.25,29252.25,364834
2026-08-26T15:00:00+00:00,29252.25,29292.25,29215.5,29217.5,239097
2026-08-26T16:00:00+00:00,29217.5,29226,29170,29217,164989
2026-08-26T17:00:00+00:00,29216.5,29296.75,29210.5,29284.25,125390
2026-08-26T18:00:00+00:00,29284,29329.5,29264,29321.25,116205
2026-08-26T19:00:00+00:00,29320.75,29368.75,29280.25,29297.25,169565
2026-08-26T20:00:00+00:00,29296.75,29437.25,29284,29431,100774
2026-08-26T22:00:00+00:00,29500,29628.75,29497.75,29605.75,0
2026-08-26T23:00:00+00:00,29605.75,29653.75,29585.25,29647.5,41832
2026-08-27T00:00:00+00:00,29647,29655.75,29438,29445,116169
2026-08-27T01:00:00+00:00,29444,29554.25,29432.25,29531,92093
2026-08-27T02:00:00+00:00,29531,29560.25,29516.25,29550,42384
2026-08-27T03:00:00+00:00,29549.75,29575.5,29526,29534.5,37213
2026-08-27T04:00:00+00:00,29532.25,29551.75,29493.25,29499.75,30178
2026-08-27T05:00:00+00:00,29499.25,29504.75,29428.25,29438.5,48654
2026-08-27T06:00:00+00:00,29438.75,29500.25,29402.25,29498,47905
2026-08-27T07:00:00+00:00,29498.25,29549.75,29477,29538.25,44227
2026-08-27T08:00:00+00:00,29538.5,29661.25,29537.25,29624,64524
2026-08-27T09:00:00+00:00,29624.75,29634,29567,29601.75,49281
2026-08-27T10:00:00+00:00,29602.25,29606.75,29568,29597.5,32394
2026-08-27T11:00:00+00:00,29598,29630.25,29514.5,29558,61505
2026-08-27T12:00:00+00:00,29558,29590.75,29516,29522.5,59181
2026-08-27T13:00:00+00:00,29522.25,29605,29424,29482.75,497995
2026-08-27T14:00:00+00:00,29483,29622.25,29477.75,29601.25,420270
2026-08-27T15:00:00+00:00,29601.25,29634.5,29510.75,29597.25,244597
2026-08-27T16:00:00+00:00,29597.25,29659,29570,29651.5,151926
2026-08-27T17:00:00+00:00,29652,29678.25,29606.75,29611.5,141475
2026-08-27T18:00:00+00:00,29611.75,29622.25,29526.5,29570.75,182808
2026-08-27T19:00:00+00:00,29571.25,29704,29566.75,29692,174687
2026-08-27T20:00:00+00:00,29691,29707.5,29620.25,29635.25,52562
2026-08-27T22:00:00+00:00,29635,29645.25,29599.75,29634,0
2026-08-27T23:00:00+00:00,29633.75,29638.5,29591.5,29602,22680
2026-08-28T00:00:00+00:00,29601.75,29667.75,29593.5,29644.25,58986
2026-08-28T01:00:00+00:00,29644.75,29679.25,29641.5,29677.25,41521
2026-08-28T02:00:00+00:00,29677.5,29704.25,29643.5,29663.25,38218
2026-08-28T03:00:00+00:00,29663.75,29707.25,29639.5,29670.5,39883
2026-08-28T04:00:00+00:00,29645.5,29669.5,29635.25,29642,24746
2026-08-28T05:00:00+00:00,29642,29644.25,29597.5,29598,26987
2026-08-28T06:00:00+00:00,29598.75,29646,29592.5,29645,31773
2026-08-28T07:00:00+00:00,29645.25,29653.25,29593,29607,31313
2026-08-28T08:00:00+00:00,29606.5,29633.5,29577.75,29619.25,35629
2026-08-28T09:00:00+00:00,29618.75,29621,29595.5,29605.75,17128
2026-08-28T10:00:00+00:00,29606,29624.75,29592.5,29622,19351
2026-08-28T11:00:00+00:00,29622,29640.75,29595.75,29602,28806
2026-08-28T12:00:00+00:00,29602,29667,29597.25,29658.5,51258
2026-08-28T13:00:00+00:00,29658.5,29704,29562.5,29629.25,313185
2026-08-28T14:00:00+00:00,29629.75,29798.75,29505.5,29796.5,543925
2026-08-28T15:00:00+00:00,29796,29811.75,29544.75,29552.5,357914
2026-08-28T16:00:00+00:00,29552.75,29592.25,29464.5,29502,348895
2026-08-28T17:00:00+00:00,29502,29529.5,29437,29515.75,220577
2026-08-28T18:00:00+00:00,29515.75,29521.5,29440.5,29455.25,136679
2026-08-28T19:00:00+00:00,29455.5,29521,29443.5,29496.25,167332
2026-08-28T20:00:00+00:00,29496.25,29519,29478,29491.75,35747
2026-08-30T22:00:00+00:00,29457.5,29495,29427,29442.5,41740
2026-08-30T23:00:00+00:00,29443,29451,29288.75,29289.25,94878
2026-08-31T00:00:00+00:00,29290,29399,29273.5,29357.75,97813
2026-08-31T01:00:00+00:00,29357.5,29358.75,29292.25,29324,90367
2026-08-31T02:00:00+00:00,29324.25,29363,29286.5,29344.25,69016
2026-08-31T03:00:00+00:00,29345,29368.25,29336.75,29348.75,29948
2026-08-31T04:00:00+00:00,29352.5,29423.75,29329.5,29416,33938
2026-08-31T05:00:00+00:00,29415.5,29477.25,29407,29461.25,45709
2026-08-31T06:00:00+00:00,29461.25,29528.5,29449,29517.25,40881
2026-08-31T07:00:00+00:00,29516.75,29522.25,29492,29509,22834
2026-08-31T08:00:00+00:00,29508.25,29538.75,29475,29486,41789
2026-08-31T09:00:00+00:00,29485.25,29509.5,29445.5,29450.5,25173
2026-08-31T10:00:00+00:00,29451.5,29472,29440,29459,23994
2026-08-31T11:00:00+00:00,29459,29470,29425,29429.5,35812
2026-08-31T12:00:00+00:00,29430,29483,29379.75,29389.75,75118
2026-08-31T13:00:00+00:00,29389.75,29517,29374.25,29438.75,368130
2026-08-31T14:00:00+00:00,29439,29448.25,29354,29415.75,331026
2026-08-31T15:00:00+00:00,29415.5,29445.5,29381.75,29389,221542
2026-08-31T16:00:00+00:00,29389,29443.25,29363.25,29439.75,153646
2026-08-31T17:00:00+00:00,29440,29457.75,29388.25,29442,122188
2026-08-31T18:00:00+00:00,29442,29461.75,29382.5,29404,142120
2026-08-31T19:00:00+00:00,29404.5,29538,29403,29507,178637
2026-08-31T20:00:00+00:00,29506.75,29527,29505,29521.5,34065
2026-08-31T22:00:00+00:00,29518.5,29524,29490.75,29493.25,0
2026-08-31T23:00:00+00:00,29493.75,29519.5,29483.25,29500.75,29974
2026-09-01T00:00:00+00:00,29501.25,29522.5,29477,29506.75,63807
2026-09-01T01:00:00+00:00,29506.25,29516.5,29475,29499.5,44233
2026-09-01T02:00:00+00:00,29499,29503.5,29435.75,29491.75,47516
2026-09-01T03:00:00+00:00,29491.75,29494,29459.5,29483,29551
2026-09-01T04:00:00+00:00,29486.5,29502.25,29466.25,29473.25,32424
2026-09-01T05:00:00+00:00,29473.25,29571,29447.5,29561.5,48422
2026-09-01T06:00:00+00:00,29561.25,29567.75,29514,29515,42773
2026-09-01T07:00:00+00:00,29515.5,29556.5,29430,29435.75,61359
2026-09-01T08:00:00+00:00,29435.5,29450.5,29234.5,29235.25,109943
2026-09-01T09:00:00+00:00,29236,29243.75,29182,29212.5,55122
2026-09-01T10:00:00+00:00,29213,29258,29198,29210,41932
2026-09-01T11:00:00+00:00,29209.5,29238.25,29167.25,29172.25,59349
2026-09-01T12:00:00+00:00,29172,29179.75,29122.75,29125.75,76026
2026-09-01T13:00:00+00:00,29125.5,29157.75,29040,29105.5,356566
2026-09-01T14:00:00+00:00,29107.25,29268.25,29085,29228.5,341758
2026-09-01T15:00:00+00:00,29228,29317.25,29179,29296,236477
2026-09-01T16:00:00+00:00,29296,29300.5,29130,29191,253429
2026-09-01T17:00:00+00:00,29191,29191.75,29100.5,29140.25,164889
2026-09-01T18:00:00+00:00,29140.5,29151.25,29001.75,29075.75,185090
2026-09-01T19:00:00+00:00,29075.75,29141.25,29070.25,29125.5,198560
2026-09-01T20:00:00+00:00,29126.25,29160.25,29111.75,29139,53684
2026-09-01T22:00:00+00:00,29137.25,29150.5,29101.5,29131.25,0
2026-09-01T23:00:00+00:00,29130.5,29148.25,29118.5,29134.25,19174
2026-09-02T00:00:00+00:00,29134.75,29171.25,29103.25,29103.75,74654
2026-09-02T01:00:00+00:00,29104,29131.25,29047.25,29074.75,73134
2026-09-02T02:00:00+00:00,29075.25,29101.25,29044,29085.75,46727
2026-09-02T03:00:00+00:00,29085.75,29090,29046.25,29053.5,32268
2026-09-02T04:00:00+00:00,29054.25,29065.75,29035.25,29058.75,27306
2026-09-02T05:00:00+00:00,29059,29105,29037.25,29071.5,43929
2026-09-02T06:00:00+00:00,29072.5,29098.75,29016.5,29076.75,52698
2026-09-02T07:00:00+00:00,29076.75,29121,29049.75,29062,41904
2026-09-02T08:00:00+00:00,29062.25,29098,28954.75,28978,49030
2026-09-02T09:00:00+00:00,28977.25,29027,28940.75,28973.25,47917
2026-09-02T10:00:00+00:00,28973.25,28995.5,28947.25,28987,29077
2026-09-02T11:00:00+00:00,28987.25,29085.25,28927.25,29083.75,66188
2026-09-02T12:00:00+00:00,29083.25,29149.25,29033,29040,77355
2026-09-02T13:00:00+00:00,29040.25,29119,29017.25,29061.75,307650
2026-09-02T14:00:00+00:00,29062.5,29211.75,29032.25,29120.25,354408
2026-09-02T15:00:00+00:00,29120.5,29208.5,29106.25,29184.5,229187
2026-09-02T16:00:00+00:00,29184.75,29198,29136.75,29154.5,137743
2026-09-02T17:00:00+00:00,29155,29182.5,29125,29159.5,133683
2026-09-02T18:00:00+00:00,29159.25,29199.5,29130.25,29145.75,125464
2026-09-02T19:00:00+00:00,29145.25,29197.25,29138.75,29190.25,119982
2026-09-02T20:00:00+00:00,29190.25,29212.5,29139.5,29143,57617
2026-09-02T22:00:00+00:00,29175.75,29208.75,29149,29181.5,0
2026-09-02T23:00:00+00:00,29181.25,29218.25,29167,29200.5,28308
2026-09-03T00:00:00+00:00,29201,29201.75,29141.25,29151.25,50074
2026-09-03T01:00:00+00:00,29151.25,29200.5,29132.5,29137.25,66756
2026-09-03T02:00:00+00:00,29137.25,29199,29133,29182,43562
2026-09-03T03:00:00+00:00,29181.5,29242.75,29179.75,29231.5,36325
2026-09-03T04:00:00+00:00,29245.5,29255,29204.5,29207.5,29001
2026-09-03T05:00:00+00:00,29207.75,29208.75,29075,29188.75,98939
2026-09-03T06:00:00+00:00,29188.5,29204.25,29158.25,29173.5,43767
2026-09-03T07:00:00+00:00,29173.25,29245.75,29159.25,29220.25,47877
2026-09-03T08:00:00+00:00,29219.75,29293,29212.75,29216.75,55069
2026-09-03T09:00:00+00:00,29217.5,29226,29127,29137,33246
2026-09-03T10:00:00+00:00,29138,29159.25,29105.5,29128.75,36096
2026-09-03T11:00:00+00:00,29129,29187.25,29101.75,29105.25,54297
2026-09-03T12:00:00+00:00,29105.25,29260,29104,29244.5,94519
2026-09-03T13:00:00+00:00,29244.75,29375.25,29194.5,29336.75,355914
2026-09-03T14:00:00+00:00,29332.25,29367.75,29241.5,29363.25,414110
2026-09-03T15:00:00+00:00,29363.5,29543.75,29362,29538.25,284772
2026-09-03T16:00:00+00:00,29538.75,29548,29482.5,29527.75,136125
2026-09-03T17:00:00+00:00,29528.5,29553,29476,29544,120757
2026-09-03T18:00:00+00:00,29551.5,29585,29551.25,29568.5,110493
2026-09-03T19:00:00+00:00,29568.25,29570.25,29509,29531,135159
2026-09-03T20:00:00+00:00,29530.75,29536.25,29498.75,29502.75,32440
2026-09-03T22:00:00+00:00,29500,29513,29481.5,29508.5,0
2026-09-03T23:00:00+00:00,29508.25,29516.75,29496,29504.5,17205
2026-09-04T00:00:00+00:00,29503.75,29542,29491,29530.25,37919
2026-09-04T01:00:00+00:00,29530,29549.25,29516,29547.75,37811
2026-09-04T02:00:00+00:00,29548.25,29568.5,29537,29564.75,25020
2026-09-04T03:00:00+00:00,29565,29579.5,29557,29571.75,20062
2026-09-04T04:00:00+00:00,29564.75,29601,29563,29597.25,28428
2026-09-04T05:00:00+00:00,29597.75,29643.5,29591.5,29619.5,38374
2026-09-04T06:00:00+00:00,29620,29644.25,29573.75,29576,41498
2026-09-04T07:00:00+00:00,29577.25,29658.75,29575,29653,35334
2026-09-04T08:00:00+00:00,29653.75,29673,29634.75,29658.5,35616
2026-09-04T09:00:00+00:00,29657.5,29661.75,29616.25,29657.25,24346
2026-09-04T10:00:00+00:00,29656.75,29698.5,29654.25,29681,22374
2026-09-04T11:00:00+00:00,29681.25,29689.5,29650.5,29681.75,26038
2026-09-04T12:00:00+00:00,29682.25,29720,29502,29546.5,143903
2026-09-04T13:00:00+00:00,29546.5,29692,29523,29691,298347
2026-09-04T14:00:00+00:00,29691,29691.25,29498.5,29520.75,346035
2026-09-04T15:00:00+00:00,29520.5,29543.5,29477.75,29515.25,214788
2026-09-04T16:00:00+00:00,29514.75,29596,29504,29575.75,131486
2026-09-04T17:00:00+00:00,29576,29580.5,29468.25,29491.5,142255
2026-09-04T18:00:00+00:00,29491.5,29542.5,29471.25,29538.5,96316
2026-09-04T19:00:00+00:00,29538.5,29587,29506.25,29568.75,135657
2026-09-04T20:00:00+00:00,29569,29569.25,29514,29565.25,42415
2026-09-08T04:00:00+00:00,29742.5,29764.75,29727.75,29736.75,33346
2026-09-08T05:00:00+00:00,29737.5,29739.5,29610,29611.5,69346
2026-09-08T06:00:00+00:00,29612,29622.5,29546.25,29600.25,66200
2026-09-08T07:00:00+00:00,29600.25,29639.25,29529.5,29535,47255
2026-09-08T08:00:00+00:00,29534.75,29542.25,29478.5,29506.5,65506
2026-09-08T09:00:00+00:00,29507.25,29600.5,29483,29599.75,31752
2026-09-08T10:00:00+00:00,29600,29649,29546,29568.5,37486
2026-09-08T11:00:00+00:00,29568,29601.75,29534,29601.25,39889
2026-09-08T12:00:00+00:00,29600.75,29654.5,29548.5,29653.75,54185
2026-09-08T13:00:00+00:00,29653.5,29686.75,29454.75,29502.75,344255
2026-09-08T14:00:00+00:00,29503.25,29564.25,29424.5,29562.5,320537
2026-09-08T15:00:00+00:00,29563,29645,29545.25,29604.25,209382
2026-09-08T16:00:00+00:00,29604.5,29622.5,29549.5,29572.5,163728
2026-09-08T17:00:00+00:00,29573,29641.5,29571.75,29590.25,114318
2026-09-08T18:00:00+00:00,29590.25,29615.75,29519.5,29576,147306
2026-09-08T19:00:00+00:00,29576,29586.5,29495,29542.5,154201
2026-09-08T20:00:00+00:00,29543,29550.75,29503.25,29525.5,38830
2026-09-08T22:00:00+00:00,29528,29550.25,29503.25,29544.75,0
2026-09-08T23:00:00+00:00,29544.5,29546.25,29489.75,29500.25,30052
2026-09-09T00:00:00+00:00,29500.5,29562.75,29499,29560,74032
2026-09-09T01:00:00+00:00,29560.25,29608.5,29555.75,29593,55521
2026-09-09T02:00:00+00:00,29593.5,29625.5,29583.5,29611.75,36451
2026-09-09T03:00:00+00:00,29611.25,29614.25,29560.25,29567.25,34030
2026-09-09T04:00:00+00:00,29577.25,29620.25,29549.25,29614.25,38845
2026-09-09T05:00:00+00:00,29614.5,29621.5,29562,29621,37301
2026-09-09T06:00:00+00:00,29621,29634,29577.5,29580.75,38748
2026-09-09T07:00:00+00:00,29581,29614.25,29557.5,29589,40015
2026-09-09T08:00:00+00:00,29589,29609.25,29538.75,29564,36462
2026-09-09T09:00:00+00:00,29564.75,29575.25,29388.5,29400.5,58387
2026-09-09T10:00:00+00:00,29400.75,29432.25,29365,29391.25,65729
2026-09-09T11:00:00+00:00,29391.75,29451.75,29375,29396.5,69542
2026-09-09T12:00:00+00:00,29396.5,29403.75,29332.5,29389.75,69285
2026-09-09T13:00:00+00:00,29390.25,29567,29382.25,29558.75,307309
2026-09-09T14:00:00+00:00,29558.25,29594,29459.5,29528.25,366583
2026-09-09T15:00:00+00:00,29528.75,29563.25,29358.25,29447.75,373223
2026-09-09T16:00:00+00:00,29448,29478,29386.5,29457.75,146266
2026-09-09T17:00:00+00:00,29457.5,29483.75,29428.5,29468.25,118619
2026-09-09T18:00:00+00:00,29468.5,29474.75,29436.5,29447.75,87943
2026-09-09T19:00:00+00:00,29447.5,29471.25,29422.75,29455,108518
2026-09-09T20:00:00+00:00,29454.75,29460.5,29433.75,29460.25,27576
2026-09-09T22:00:00+00:00,29460.25,29474.5,29422.75,29431.5,0
2026-09-09T23:00:00+00:00,29431.25,29470.75,29414.5,29464.25,26913
2026-09-10T00:00:00+00:00,29464.25,29480,29407.75,29413.5,67715
2026-09-10T01:00:00+00:00,29414.25,29427.5,29364.25,29410.75,71529
2026-09-10T02:00:00+00:00,29411.25,29422.75,29371,29418.25,41295
2026-09-10T03:00:00+00:00,29418.5,29437.5,29388.75,29424.75,36216
2026-09-10T04:00:00+00:00,29427.25,29462,29423,29459.25,24467
2026-09-10T05:00:00+00:00,29459.25,29508.25,29448,29485,34966
2026-09-10T06:00:00+00:00,29485,29492.5,29435.5,29476.5,36082
2026-09-10T07:00:00+00:00,29477.25,29478.25,29417.5,29443.75,30838
2026-09-10T08:00:00+00:00,29443.75,29460,29405.75,29412.75,33235
2026-09-10T09:00:00+00:00,29412.75,29430.75,29359.5,29406.5,35344
2026-09-10T10:00:00+00:00,29406,29424,29363.5,29375,39879
2026-09-10T11:00:00+00:00,29375.5,29376,29263.75,29263.75,59315
2026-09-10T12:00:00+00:00,29265,29279.75,29042.5,29057.5,178272
2026-09-10T13:00:00+00:00,29057.5,29203.75,29045,29100.5,416297
2026-09-10T14:00:00+00:00,29098.25,29275.25,29097.25,29263.5,387903
2026-09-10T15:00:00+00:00,29263.25,29272.25,29185.75,29204.75,222222
2026-09-10T16:00:00+00:00,29205,29242.75,29133.5,29232.75,209550
2026-09-10T17:00:00+00:00,29232.5,29267,29175.75,29186,130210
2026-09-10T18:00:00+00:00,29186,29199.75,29144.75,29174,128440
2026-09-10T19:00:00+00:00,29174.25,29176.5,29123,29138.25,139133
2026-09-10T20:00:00+00:00,29138,29157,29124.75,29142.25,31035
2026-09-10T22:00:00+00:00,29142,29157.75,29099.5,29106.5,0
2026-09-10T23:00:00+00:00,29107.25,29116,29062.25,29064.75,26589
2026-09-11T00:00:00+00:00,29065,29166,29062.5,29159.75,76409
2026-09-11T01:00:00+00:00,29160.25,29171.75,29104.25,29129.5,46488
2026-09-11T02:00:00+00:00,29129.25,29138.25,29081.75,29092.5,43200
2026-09-11T03:00:00+00:00,29093,29097,29048.25,29070.5,44271
2026-09-11T04:00:00+00:00,29083.5,29151.5,29055.25,29124.25,53026
2026-09-11T05:00:00+00:00,29124.25,29243.25,29119.5,29233.25,53326
2026-09-11T06:00:00+00:00,29233.25,29261,29215,29254,51465
2026-09-11T07:00:00+00:00,29254,29268.5,29226,29241.75,32203
2026-09-11T08:00:00+00:00,29242.5,29325,29223.5,29323.75,56431
2026-09-11T09:00:00+00:00,29324,29333.75,29289.5,29319.25,22295
2026-09-11T10:00:00+00:00,29319.75,29340,29285.25,29310.5,26022
2026-09-11T11:00:00+00:00,29310.75,29338,29289.75,29323,30441
2026-09-11T12:00:00+00:00,29322.75,29476.25,29204.5,29468.75,163029
2026-09-11T13:00:00+00:00,29468.5,29500.75,29347.25,29472,412812
2026-09-11T14:00:00+00:00,29472.75,29473,29334,29370.5,386572
2026-09-11T15:00:00+00:00,29370.25,29499.5,29360,29449.75,201349
2026-09-11T16:00:00+00:00,29450.25,29485,29392,29436.25,148383
2026-09-11T17:00:00+00:00,29437,29479.25,29435.75,29452.25,89391
2026-09-11T18:00:00+00:00,29452.5,29460.25,29416.5,29429,96096
2026-09-11T19:00:00+00:00,29429,29433.5,29380.25,29386.75,100140
2026-09-11T20:00:00+00:00,29386.5,29396.75,29375.5,29387,29798
2026-09-13T22:00:00+00:00,29002.5,29105,28992,29069.5,42608
2026-09-13T23:00:00+00:00,29068.75,29102,29010.5,29016.75,38599
2026-09-14T00:00:00+00:00,29016.25,29075,29005,29015,52899
2026-09-14T01:00:00+00:00,29014.75,29074,28995.75,29069.5,34803
2026-09-14T02:00:00+00:00,29068.5,29083,29040.25,29052.75,25705
2026-09-14T03:00:00+00:00,29053,29059,29008.75,29015.5,20141
2026-09-14T04:00:00+00:00,29016.25,29035,29000.25,29015.25,20167
2026-09-14T05:00:00+00:00,29015.25,29025,28986.25,29014,16102
2026-09-14T06:00:00+00:00,29013.25,29036.5,28950,28976.5,22113
2026-09-14T07:00:00+00:00,28977,28987,28905,28916.75,31360
2026-09-14T08:00:00+00:00,28917.75,28943,28849.5,28876.5,33054
2026-09-14T09:00:00+00:00,28877,28891.5,28815.5,28855.25,28565
2026-09-14T10:00:00+00:00,28855.75,28941,28854.75,28926.5,19882
2026-09-14T11:00:00+00:00,28926.5,28977.25,28913.5,28927.75,29393
2026-09-14T12:00:00+00:00,28928.25,28946.5,28851,28879.75,55421
2026-09-14T13:00:00+00:00,28879.5,29046.25,28826,29003.75,167054
2026-09-14T14:00:00+00:00,29003.25,29088.5,28955.75,29010.75,189100
2026-09-14T15:00:00+00:00,29010.75,29208.5,28985.75,29175.25,149021
2026-09-14T16:00:00+00:00,29174.75,29276.75,29132,29259.25,98932
2026-09-14T17:00:00+00:00,29259.25,29305.75,29236.5,29281.25,57636
2026-09-14T18:00:00+00:00,29281.75,29301.25,29249.25,29257.5,47999
2026-09-14T19:00:00+00:00,29257.5,29258.75,29146.5,29151,62160
2026-09-14T20:00:00+00:00,29151.5,29200,29147.75,29195,18942
2026-09-14T22:00:00+00:00,29199,29199,29154,29164,0
2026-09-14T23:00:00+00:00,29164.5,29171.25,29150,29165,5698
2026-09-15T00:00:00+00:00,29164.75,29196.25,29134.5,29174.5,15814
2026-09-15T01:00:00+00:00,29174.25,29199.25,29134.5,29167.75,13392
2026-09-15T02:00:00+00:00,29168.75,29179.25,29156.75,29164.75,6534
2026-09-15T03:00:00+00:00,29164,29172,29120.75,29122.5,6251
2026-09-15T04:00:00+00:00,29122.5,29131,29058,29060,11876
2026-09-15T05:00:00+00:00,29058.5,29107.25,29014.75,29082.75,12534
2026-09-15T06:00:00+00:00,29083.25,29098.25,29044.75,29056.5,7982
2026-09-15T07:00:00+00:00,29057.75,29365,29030.25,29316.75,217683
2026-09-15T08:00:00+00:00,29317,29318,29231.25,29272,42755
2026-09-15T09:00:00+00:00,29272,29346.25,29236.5,29339.5,31975
2026-09-15T10:00:00+00:00,29340,29396.5,29331.5,29393.25,24111
2026-09-15T11:00:00+00:00,29393,29427.5,29388.5,29416.75,33407
2026-09-15T12:00:00+00:00,29416.25,29484.25,29398.5,29434.25,73001
2026-09-15T13:00:00+00:00,29434.25,29452.75,29371.75,29430,219406
2026-09-15T14:00:00+00:00,29429.75,29432.25,29215.75,29240,296641
2026-09-15T15:00:00+00:00,29240,29306.25,29239,29277.5,172790
2026-09-15T16:00:00+00:00,29278,29302.75,29240,29280.25,119595
2026-09-15T17:00:00+00:00,29280,29284,29241,29263.75,86552
2026-09-15T18:00:00+00:00,29263.5,29287.5,29229.5,29252.5,81575
2026-09-15T19:00:00+00:00,29252.25,29258.75,29208.75,29251.5,100464
2026-09-15T20:00:00+00:00,29251.75,29291,29250.25,29276.75,36291
2026-09-15T22:00:00+00:00,29268.5,29289,29256.75,29283,0
2026-09-15T23:00:00+00:00,29282.5,29287.75,29264,29279.5,16675
2026-09-16T00:00:00+00:00,29278.5,29286.5,29257.5,29272.25,29934
2026-09-16T01:00:00+00:00,29272,29290,29225.75,29229.75,51634
2026-09-16T02:00:00+00:00,29230,29284,29227,29283.25,38324
2026-09-16T03:00:00+00:00,29282.75,29357.25,29280.75,29331.5,45786
2026-09-16T04:00:00+00:00,29331.75,29341.5,29298,29303.25,22875
2026-09-16T05:00:00+00:00,29303.5,29348.5,29285.5,29334.5,29023
2026-09-16T06:00:00+00:00,29334.25,29372.5,29328.25,29364.75,37501
2026-09-16T07:00:00+00:00,29365.25,29398.25,29358.75,29368,31061
2026-09-16T08:00:00+00:00,29368,29376.75,29325.5,29372.75,39430
2026-09-16T09:00:00+00:00,29373,29391.75,29336.5,29379.5,24909
2026-09-16T10:00:00+00:00,29380,29400.75,29355.5,29397,18743
2026-09-16T11:00:00+00:00,29397,29419,29363.25,29417,38157
2026-09-16T12:00:00+00:00,29415.5,29439,29364,29401.75,54605
2026-09-16T13:00:00+00:00,29401.5,29481.5,29364.25,29479,211253
2026-09-16T14:00:00+00:00,29479.25,29500.5,29418,29499,242694
2026-09-16T15:00:00+00:00,29499,29552.5,29482,29500,189692
2026-09-16T16:00:00+00:00,29499.75,29502.5,29463.75,29468.25,87530
2026-09-16T17:00:00+00:00,29468.5,29484,29418.75,29478,76535
2026-09-16T18:00:00+00:00,29479,29538.75,29220.75,29231.75,407605
2026-09-16T19:00:00+00:00,29231.25,29303.5,29052.75,29254,389911
2026-09-16T20:00:00+00:00,29254,29282.75,29231,29264.75,46743
2026-09-16T22:00:00+00:00,29270.25,29369.25,29247.5,29350.75,0
2026-09-16T23:00:00+00:00,29350.5,29457,29348.25,29451,60544
2026-09-17T00:00:00+00:00,29451.25,29479.5,29409,29450.25,72496
2026-09-17T01:00:00+00:00,29450.5,29474.75,29406.25,29418.75,54892
2026-09-17T02:00:00+00:00,29419,29454.25,29405.25,29422.5,43653
2026-09-17T03:00:00+00:00,29422.5,29466.75,29419,29465.25,22220
2026-09-17T04:00:00+00:00,29465.5,29471.75,29439.25,29450.5,22424
2026-09-17T05:00:00+00:00,29450.25,29454,29371,29373.25,33181
2026-09-17T06:00:00+00:00,29372.5,29473.75,29368.75,29468.75,47747
2026-09-17T07:00:00+00:00,29469,29566.75,29462,29517.5,46389
2026-09-17T08:00:00+00:00,29518.5,29561.75,29485,29555.5,34743
2026-09-17T09:00:00+00:00,29555.75,29592.5,29545.5,29558.25,30065
2026-09-17T10:00:00+00:00,29558.5,29590.5,29557.75,29585.5,23113
2026-09-17T11:00:00+00:00,29586.25,29623,29555,29620.75,43234
2026-09-17T12:00:00+00:00,29621,29753.25,29596,29724.25,95669
2026-09-17T13:00:00+00:00,29724,29750,29605.75,29689.25,272111
2026-09-17T14:00:00+00:00,29689,29748.25,29638.75,29680,273253
2026-09-17T15:00:00+00:00,29680.25,29746.5,29652,29743,155260
2026-09-17T16:00:00+00:00,29743.25,29753,29703.75,29740.75,127349
2026-09-17T17:00:00+00:00,29741.25,29767,29717.25,29742.25,96846
2026-09-17T18:00:00+00:00,29742.5,29747.5,29705.25,29722,72822
2026-09-17T19:00:00+00:00,29722,29793.25,29719.75,29744.75,124189
2026-09-17T20:00:00+00:00,29744.75,29748,29712.25,29719.75,38485
2026-09-17T22:00:00+00:00,29723.5,29729.75,29672.5,29687.5,0
2026-09-17T23:00:00+00:00,29687.5,29712.5,29685.75,29696.25,28884
2026-09-18T00:00:00+00:00,29696.5,29708.5,29658.75,29666.25,46257
2026-09-18T01:00:00+00:00,29666,29683,29647.5,29678.75,39333
2026-09-18T02:00:00+00:00,29678.5,29703.75,29661.25,29693,32258
2026-09-18T03:00:00+00:00,29693.75,29764.5,29688.75,29751.25,41771
2026-09-18T04:00:00+00:00,29762.75,29814.5,29754.75,29810.5,37427
2026-09-18T05:00:00+00:00,29810.5,29860,29802.75,29846.5,41766
2026-09-18T06:00:00+00:00,29846,29923,29844.75,29916.5,49980
2026-09-18T07:00:00+00:00,29916.25,29967.25,29910.25,29929.75,44810
2026-09-18T08:00:00+00:00,29928.75,29945,29891,29893.25,42681
2026-09-18T09:00:00+00:00,29893.5,29899.75,29835.75,29838.5,31733
2026-09-18T10:00:00+00:00,29838.25,29903.5,29837.75,29877.5,29839
2026-09-18T11:00:00+00:00,29878,29899,29820,29838.25,54691
2026-09-18T12:00:00+00:00,29838.75,29853,29767.5,29775.75,74082
2026-09-18T13:00:00+00:00,29776.5,29845.25,29744.5,29776.25,264239
2026-09-18T14:00:00+00:00,29776.75,29785,29694,29759,312948
2026-09-18T15:00:00+00:00,29758.5,29771.5,29702.75,29708.25,163788
2026-09-18T16:00:00+00:00,29708.25,29735.25,29659.25,29727.75,149112
2026-09-18T17:00:00+00:00,29728,29768,29719.5,29763.5,82257
2026-09-18T18:00:00+00:00,29763.5,29849.25,29748,29831.75,111599
2026-09-18T19:00:00+00:00,29832,29938,29821.75,29915.5,148262
2026-09-18T20:00:00+00:00,29916.25,29993.5,29912.5,29917.25,70416
2026-09-20T22:00:00+00:00,29945.75,30033.75,29945,30025.75,48256
2026-09-20T23:00:00+00:00,30025,30040.25,30010.5,30029.25,29866
2026-09-21T00:00:00+00:00,30029.5,30097.75,30016.75,30095.25,68777
2026-09-21T01:00:00+00:00,30095.25,30128.75,30069.5,30071,60921
2026-09-21T02:00:00+00:00,30070.75,30104.75,30063.75,30079,45215
2026-09-21T03:00:00+00:00,30078.75,30107.5,30077.75,30089.5,26858
2026-09-21T04:00:00+00:00,30087.25,30101.5,30070.25,30089.75,24867
2026-09-21T05:00:00+00:00,30090.25,30112,30075,30090,24214
2026-09-21T06:00:00+00:00,30090.25,30143.75,30090,30141.75,36230
2026-09-21T07:00:00+00:00,30141.5,30188.25,30126,30178,49160
2026-09-21T08:00:00+00:00,30178.25,30238.5,30172.5,30234,43622
2026-09-21T09:00:00+00:00,30234.75,30264,30228.5,30233.5,27888
2026-09-21T10:00:00+00:00,30234,30273,30232.75,30241.25,25713
2026-09-21T11:00:00+00:00,30241,30261.5,30218.25,30247,34980
2026-09-21T12:00:00+00:00,30247.25,30277.25,30222.25,30225,53535
2026-09-21T13:00:00+00:00,30224.75,30422.75,30202.25,30417,287129
2026-09-21T14:00:00+00:00,30416.5,30564.5,30396.75,30550.25,345298
2026-09-21T15:00:00+00:00,30550.75,30639.5,30549.25,30610.25,207026
2026-09-21T16:00:00+00:00,30610.25,30703.75,30601.25,30680.25,195996
2026-09-21T17:00:00+00:00,30680.5,30724.75,30664.25,30712.75,136539
2026-09-21T18:00:00+00:00,30712.75,30798.75,30711.75,30786.75,139423
2026-09-21T19:00:00+00:00,30786.75,30863,30772.5,30783.25,196261
2026-09-21T20:00:00+00:00,30783.75,30794,30758,30781.75,59603
2026-09-21T22:00:00+00:00,30781.75,30833.25,30780,30828.25,0
2026-09-21T23:00:00+00:00,30828.25,30856.75,30823,30852,26895
2026-09-22T00:00:00+00:00,30852,30917.5,30850,30900.5,68964
2026-09-22T01:00:00+00:00,30900.25,30905.5,30867,30873,50160
2026-09-22T02:00:00+00:00,30873.5,30897.75,30866.25,30895,28796
2026-09-22T03:00:00+00:00,30894.25,30899.25,30856.75,30875,22153
2026-09-22T04:00:00+00:00,30846.25,30867.75,30809,30812.75,34844
2026-09-22T05:00:00+00:00,30813,30844.75,30778.75,30815.5,49898
2026-09-22T06:00:00+00:00,30816,30819.25,30766,30778.75,38668
2026-09-22T07:00:00+00:00,30779,30792.5,30761.25,30770,33716
2026-09-22T08:00:00+00:00,30770.5,30790.5,30671,30782.25,83283
2026-09-22T09:00:00+00:00,30783.25,30855.25,30752.5,30836.5,62004
2026-09-22T10:00:00+00:00,30838,30848,30794.5,30814.5,36927
2026-09-22T11:00:00+00:00,30814.5,30829.5,30754.75,30776.25,54396
2026-09-22T12:00:00+00:00,30776.5,30791.75,30747.75,30752.5,51034
2026-09-22T13:00:00+00:00,30752.75,30947.25,30748.75,30930,300127
2026-09-22T14:00:00+00:00,30929.75,30997.75,30890.25,30925,348866
2026-09-22T15:00:00+00:00,30925.5,30948.25,30883.5,30911,176938
2026-09-22T16:00:00+00:00,30911,30946,30889.25,30941,135365
2026-09-22T17:00:00+00:00,30941,30987.75,30921.75,30977.25,118234
2026-09-22T18:00:00+00:00,30977.5,31009.75,30951,30976,123036
2026-09-22T19:00:00+00:00,30976,31066,30975,31030.5,161440
2026-09-22T20:00:00+00:00,31029.75,31035.5,30990.5,31002.5,36485
2026-09-22T22:00:00+00:00,31010,31061,31000.5,31044.75,34001
