open_time,open,high,low,close,volume
2026-07-26T22:00:00+00:00,28594.75,28623.5,28583.75,28614.25,4488
2026-07-26T22:15:00+00:00,28613,28646.75,28595.5,28623.25,15565
2026-07-26T22:30:00+00:00,28623.25,28642.25,28618.75,28625.75,8918
2026-07-26T22:45:00+00:00,28627.25,28636,28604,28609.75,8600
2026-07-26T23:00:00+00:00,28610.25,28640.25,28596.75,28630.75,13084
2026-07-26T23:15:00+00:00,28631.25,28637.5,28610.25,28617.5,7333
2026-07-26T23:30:00+00:00,28617.25,28669.75,28610,28654.5,12636
2026-07-26T23:45:00+00:00,28654,28733.5,28637.5,28728.25,27916
2026-07-27T00:00:00+00:00,28729,28732.5,28616,28661.75,41331
2026-07-27T00:15:00+00:00,28662.75,28664,28581.25,28617,32872
2026-07-27T00:30:00+00:00,28618,28656.75,28597.5,28598.75,21451
2026-07-27T00:45:00+00:00,28599.5,28656,28595,28597.75,20826
2026-07-27T01:00:00+00:00,28598.75,28635,28566,28573.25,23937
2026-07-27T01:15:00+00:00,28574.25,28581.75,28525.25,28538.75,23336
2026-07-27T01:30:00+00:00,28538.75,28621.5,28535.25,28589.75,25861
2026-07-27T01:45:00+00:00,28589.25,28614.5,28572,28614.25,15090
2026-07-27T02:00:00+00:00,28614.5,28628.25,28587,28608.75,14615
2026-07-27T02:15:00+00:00,28609,28653,28605.25,28639,16924
2026-07-27T02:30:00+00:00,28639.5,28656,28606,28647.25,13764
2026-07-27T02:45:00+00:00,28647.5,28658.25,28611,28614.75,9644
2026-07-27T03:00:00+00:00,28614.75,28646,28603.75,28643.25,13575
2026-07-27T03:15:00+00:00,28643.75,28650.75,28617.75,28619.25,8364
2026-07-27T03:30:00+00:00,28619.5,28636.75,28599.75,28618.75,10605
2026-07-27T03:45:00+00:00,28618.75,28627,28593.25,28612.75,8882
2026-07-27T04:00:00+00:00,28614.5,28625,28597.5,28621,8130
2026-07-27T04:15:00+00:00,28620.5,28647.25,28607.25,28620.5,9465
2026-07-27T04:30:00+00:00,28620,28654,28609.25,28648.25,7475
2026-07-27T04:45:00+00:00,28648,28663.5,28637.5,28644.75,6953
2026-07-27T05:00:00+00:00,28644,28675,28636.75,28670.25,7285
2026-07-27T05:15:00+00:00,28669,28684.5,28664.5,28679.25,5742
2026-07-27T05:30:00+00:00,28679.75,28705.5,28673.75,28686.5,8823
2026-07-27T05:45:00+00:00,28686.5,28704,28681.75,28694.75,4803
2026-07-27T06:00:00+00:00,28694.75,28728.5,28693.75,28717.5,9872
2026-07-27T06:15:00+00:00,28717,28723.25,28693.75,28697.5,6455
2026-07-27T06:30:00+00:00,28697.25,28715,28694.25,28696.75,7300
2026-07-27T06:45:00+00:00,28696.25,28703,28680.25,28693.5,6371
2026-07-27T07:00:00+00:00,28693.25,28729.25,28689,28727.5,11215
2026-07-27T07:15:00+00:00,28727.5,28732,28702,28704.75,7834
2026-07-27T07:30:00+00:00,28705.75,28705.75,28672,28696,10224
2026-07-27T07:45:00+00:00,28695.75,28702,28661.25,28662,9498
2026-07-27T08:00:00+00:00,28662.25,28701,28658.75,28693.5,12815
2026-07-27T08:15:00+00:00,28693.25,28724.5,28677,28720.5,8983
2026-07-27T08:30:00+00:00,28720.5,28744,28702.75,28736.25,9619
2026-07-27T08:45:00+00:00,28737,28749,28724.25,28736.5,7358
2026-07-27T09:00:00+00:00,28736.75,28738.75,28719.75,28725.5,7128
2026-07-27T09:15:00+00:00,28725.25,28739.25,28723.25,28726,5326
2026-07-27T09:30:00+00:00,28726,28748,28718,28746.25,7605
2026-07-27T09:45:00+00:00,28746.25,28763.75,28742.25,28744.5,6778
2026-07-27T10:00:00+00:00,28744.25,28754,28726.75,28738.5,6750
2026-07-27T10:15:00+00:00,28738.5,28748,28730.5,28738,5102
2026-07-27T10:30:00+00:00,28737.75,28751.75,28733.25,28746.5,4628
2026-07-27T10:45:00+00:00,28746.5,28758.75,28739.25,28741,5300
2026-07-27T11:00:00+00:00,28741,28744.5,28708.5,28711.5,11304
2026-07-27T11:15:00+00:00,28712.25,28720.75,28649,28652.75,13530
2026-07-27T11:30:00+00:00,28653.25,28685.5,28645.75,28667,16980
2026-07-27T11:45:00+00:00,28667,28677.25,28659,28672.75,7803
2026-07-27T12:00:00+00:00,28672.5,28697.75,28632.5,28635.75,19383
2026-07-27T12:15:00+00:00,28636.75,28653,28628.75,28650,12241
2026-07-27T12:30:00+00:00,28649,28671.75,28631.25,28670.5,14133
2026-07-27T12:45:00+00:00,28669.5,28693,28666,28691,16134
2026-07-27T13:00:00+00:00,28691,28702.75,28648,28662.75,22996
2026-07-27T13:15:00+00:00,28663,28675.5,28588,28590,25618
2026-07-27T13:30:00+00:00,28591.25,28617,28427.5,28455.25,223189
2026-07-27T13:45:00+00:00,28455.25,28503.75,28341.5,28347,169826
2026-07-27T14:00:00+00:00,28347.5,28372.5,28230.75,28251.75,161303
2026-07-27T14:15:00+00:00,28253,28298.75,28075.5,28086.5,161307
2026-07-27T14:30:00+00:00,28086.25,28105.5,27938.5,27959.25,191221
2026-07-27T14:45:00+00:00,27959.25,28180.5,27957.5,28170.5,175926
2026-07-27T15:00:00+00:00,28170,28198.75,28121.5,28125,117747
2026-07-27T15:15:00+00:00,28125.25,28151.75,28044.5,28072.5,116642
2026-07-27T15:30:00+00:00,28072.75,28085.5,27980.25,28039.5,97360
2026-07-27T15:45:00+00:00,28039.75,28073.75,27995,28062.5,76843
2026-07-27T16:00:00+00:00,28062.5,28154,28057.25,28078.25,75949
2026-07-27T16:15:00+00:00,28078.25,28204.5,28044.5,28154.75,92030
2026-07-27T16:30:00+00:00,28154.25,28196.25,28112.5,28133.25,57552
2026-07-27T16:45:00+00:00,28134,28156.5,28025,28047.25,53714
2026-07-27T17:00:00+00:00,28048,28056.25,27993.75,28034.75,48784
2026-07-27T17:15:00+00:00,28035.25,28043,27986.75,27998.25,43417
2026-07-27T17:30:00+00:00,27998.5,28065,27997.25,28035.25,45021
2026-07-27T17:45:00+00:00,28036.5,28106.25,28013.5,28104.5,42944
2026-07-27T18:00:00+00:00,28104.5,28121.5,28085.25,28100.25,35585
2026-07-27T18:15:00+00:00,28100.5,28105.25,28049.25,28082,41688
2026-07-27T18:30:00+00:00,28081.75,28087.75,28018.75,28082,50666
2026-07-27T18:45:00+00:00,28082.75,28191,28069,28188.25,53377
2026-07-27T19:00:00+00:00,28188,28232.25,28164.75,28201.25,48711
2026-07-27T19:15:00+00:00,28200.75,28244.75,28194.75,28243.25,33250
2026-07-27T19:30:00+00:00,28243.25,28255,28171.75,28176.5,42722
2026-07-27T19:45:00+00:00,28176.5,28205.25,28154.25,28192.75,52026
2026-07-27T20:00:00+00:00,28193.25,28220,28169.25,28190.75,24559
2026-07-27T20:15:00+00:00,28190.5,28194.75,28174,28194.5,6280
2026-07-27T20:30:00+00:00,28194,28231,28189.75,28207.5,7714
2026-07-27T20:45:00+00:00,28208,28211,28186.5,28210.25,4874
2026-07-27T22:00:00+00:00,28210.5,28229,28155.25,28158.25,6440
2026-07-27T22:15:00+00:00,28157.75,28167.5,28125.25,28129.25,12023
2026-07-27T22:30:00+00:00,28129,28157.75,28124.25,28134,9599
2026-07-27T22:45:00+00:00,28134.5,28149.25,28125,28132,6986
2026-07-27T23:00:00+00:00,28132.75,28152.25,28105,28130.5,12503
2026-07-27T23:15:00+00:00,28130.5,28163.5,28117.75,28161.25,9793
2026-07-27T23:30:00+00:00,28161,28161.25,28129.75,28131.75,7253
2026-07-27T23:45:00+00:00,28132.5,28178.75,28120.75,28163.25,15862
2026-07-28T00:00:00+00:00,28164.5,28195,28094.5,28111.5,31889
2026-07-28T00:15:00+00:00,28111,28133,28068.25,28104,23041
2026-07-28T00:30:00+00:00,28104.5,28139.75,28060.25,28121,24278
2026-07-28T00:45:00+00:00,28121.5,28121.5,28055,28071,19846
2026-07-28T01:00:00+00:00,28072,28078.75,27969.25,27992.25,31302
2026-07-28T01:15:00+00:00,27992.5,28078.25,27986.75,28058.75,23081
2026-07-28T01:30:00+00:00,28092.5,28095.5,28046.5,28079.75,18784
2026-07-28T01:45:00+00:00,28079.5,28094.75,28007.75,28020.25,17756
2026-07-28T02:00:00+00:00,28021,28024.5,27983.75,27995.5,17544
2026-07-28T02:15:00+00:00,27995.25,28030.25,27972.5,27987.25,20461
2026-07-28T02:30:00+00:00,27987,27989,27951.5,27971.25,17965
2026-07-28T02:45:00+00:00,27971.75,28007.25,27955,27992.75,15600
2026-07-28T03:00:00+00:00,27993,27999.5,27932.5,27967.75,18491
2026-07-28T03:15:00+00:00,27968,28046.75,27963.75,27987,20629
2026-07-28T03:30:00+00:00,27986.5,28063.5,27951.5,28056.5,21092
2026-07-28T03:45:00+00:00,28057.25,28071,28025.75,28051.25,11133
2026-07-28T04:00:00+00:00,28013.25,28016.75,27978.25,27985,11958
2026-07-28T04:15:00+00:00,27985,28016.75,27970,27973.75,9671
2026-07-28T04:30:00+00:00,27973.5,27983.75,27960.5,27975,7270
2026-07-28T04:45:00+00:00,27974,28003.75,27951.25,27956.25,8526
2026-07-28T05:00:00+00:00,27956.5,27984,27947,27962,5930
2026-07-28T05:15:00+00:00,28190,28190,27914.25,27920.25,13860
2026-07-28T05:30:00+00:00,27919.25,27924.25,27876.75,27897.5,16276
2026-07-28T05:45:00+00:00,27897.25,27924.25,27871.25,27881.25,11403
2026-07-28T06:00:00+00:00,27881.25,27901.5,27839.25,27845.25,17375
2026-07-28T06:15:00+00:00,27845,27908.5,27844.5,27902.25,16755
2026-07-28T06:30:00+00:00,27901.75,27937,27892,27918,13073
2026-07-28T06:45:00+00:00,27918.25,27959,27901.5,27945.75,10411
2026-07-28T07:00:00+00:00,27946,27980.75,27934.25,27971.75,13777
2026-07-28T07:15:00+00:00,27972.5,27988.25,27938.25,27943.25,10396
2026-07-28T07:30:00+00:00,27943,27962,27927.25,27939.75,10347
2026-07-28T07:45:00+00:00,27939.75,27955,27907.5,27932.5,11340
2026-07-28T08:00:00+00:00,27933.75,27948,27879.25,27888.75,15743
2026-07-28T08:15:00+00:00,27888.5,28008,27884.25,28002.5,19163
2026-07-28T08:30:00+00:00,28002.75,28046.5,27974,28037.75,13759
2026-07-28T08:45:00+00:00,28036.75,28052.75,27986,27994,9758
2026-07-28T09:00:00+00:00,27993.25,28015,27981.5,27988.5,7433
2026-07-28T09:15:00+00:00,27989.5,28018.5,27984.5,28013,5442
2026-07-28T09:30:00+00:00,28013.25,28013.5,27966.5,27972.75,6885
2026-07-28T09:45:00+00:00,27972.75,27981,27941.75,27956.5,5929
2026-07-28T10:00:00+00:00,27956.5,27966.25,27947,27952,5423
2026-07-28T10:15:00+00:00,27951.25,27969.75,27933.25,27968.5,6603
2026-07-28T10:30:00+00:00,27967.75,27981.25,27904.25,27931.75,14865
2026-07-28T10:45:00+00:00,27932.75,27952.75,27925.25,27944.25,8113
2026-07-28T11:00:00+00:00,27944,27952.75,27864.75,27869.25,16387
2026-07-28T11:15:00+00:00,27869.25,27958.75,27869.25,27883.75,19104
2026-07-28T11:30:00+00:00,27883.25,27928.5,27849,27863.25,15068
2026-07-28T11:45:00+00:00,27862.75,27974,27859.75,27963.5,14845
2026-07-28T12:00:00+00:00,27962.5,28001.5,27949,27963.25,15538
2026-07-28T12:15:00+00:00,27963.5,28019,27946.75,28010.5,13875
2026-07-28T12:30:00+00:00,28010.5,28028,27955.75,28010,20509
2026-07-28T12:45:00+00:00,28009.5,28034,27978.75,27993.75,15130
2026-07-28T13:00:00+00:00,27993,28027.5,27973.75,28001.25,17306
2026-07-28T13:15:00+00:00,28001.25,28028.5,27937.75,27952.5,25955
2026-07-28T13:30:00+00:00,27950.5,27993,27728.25,27750,184836
2026-07-28T13:45:00+00:00,27749.5,27797.75,27640.25,27666,182622
2026-07-28T14:00:00+00:00,27662.75,27793,27608,27630,151042
2026-07-28T14:15:00+00:00,27630.75,27717.75,27603.25,27706.25,129913
2026-07-28T14:30:00+00:00,27706.25,27793,27668.75,27772.25,103581
2026-07-28T14:45:00+00:00,27771,27892.5,27744.75,27802.5,108985
2026-07-28T15:00:00+00:00,27802.75,27883.25,27767.25,27854,102012
2026-07-28T15:15:00+00:00,27853.25,28010.75,27836.25,27964.5,89705
2026-07-28T15:30:00+00:00,27964.5,28035,27948.75,28031.75,60430
2026-07-28T15:45:00+00:00,28031.5,28062.75,28010.25,28048.5,62940
2026-07-28T16:00:00+00:00,28048,28068.75,27997,28008,54942
2026-07-28T16:15:00+00:00,28007.75,28047,27984.5,27994.75,45088
2026-07-28T16:30:00+00:00,27995.25,28043.75,27954,28032,54363
2026-07-28T16:45:00+00:00,28032.25,28079.75,27992.5,28057.75,46703
2026-07-28T17:00:00+00:00,28058,28066.5,27968.75,27988.5,50572
2026-07-28T17:15:00+00:00,27988,28045.75,27973.25,27996,42087
2026-07-28T17:30:00+00:00,27996.75,28042.25,27949.25,27954.5,35115
2026-07-28T17:45:00+00:00,27954.5,27985.75,27924.5,27974,39592
2026-07-28T18:00:00+00:00,27974.5,27999.75,27915,27917.25,41558
2026-07-28T18:15:00+00:00,27917.75,27948,27912,27926.5,32300
2026-07-28T18:30:00+00:00,27926.5,27963.25,27920,27938.25,34996
2026-07-28T18:45:00+00:00,27937.75,27979.5,27928.75,27972.5,33556
2026-07-28T19:00:00+00:00,27972.25,28021.75,27971.75,27987,40643
2026-07-28T19:15:00+00:00,27986.75,28021.25,27964.25,28017.75,35070
2026-07-28T19:30:00+00:00,28017.75,28024,27941,27954.75,39457
2026-07-28T19:45:00+00:00,27954.5,27988.5,27911.25,27919.75,50173
2026-07-28T20:00:00+00:00,27920.25,27967.75,27884,27919.5,33747
2026-07-28T20:15:00+00:00,27919.5,27991.75,27910.75,27977.75,12256
2026-07-28T20:30:00+00:00,27977,27984,27936.5,27948,8952
2026-07-28T20:45:00+00:00,27948.5,27963,27935.75,27959.75,4490
2026-07-28T22:00:00+00:00,27962.25,28014,27956,27972.5,8484
2026-07-28T22:15:00+00:00,27971.75,27979,27906.5,27939.5,16051
2026-07-28T22:30:00+00:00,27939,27943,27854.5,27862.75,18452
2026-07-28T22:45:00+00:00,27863,27863.75,27756.5,27757,30913
2026-07-28T23:00:00+00:00,27758,27857.75,27731.5,27841.5,33940
2026-07-28T23:15:00+00:00,27842.25,27891.75,27808.75,27889.5,23855
2026-07-28T23:30:00+00:00,27889.75,28025.5,27883.5,28012.5,26539
2026-07-28T23:45:00+00:00,28012.25,28105,27990.5,28102.75,34222
2026-07-29T00:00:00+00:00,28102.75,28177.25,28076.75,28142,32780
2026-07-29T00:15:00+00:00,28139.5,28165.5,28052,28075.75,28973
2026-07-29T00:30:00+00:00,28074.75,28081.25,28018.5,28070.5,24713
2026-07-29T00:45:00+00:00,28069,28085.25,28000.75,28010.25,19171
2026-07-29T01:00:00+00:00,28011.5,28042,27911.75,27920.75,27399
2026-07-29T01:15:00+00:00,27921.5,28002.75,27896.5,27972.75,26989
2026-07-29T01:30:00+00:00,27972.75,27982.5,27878.5,27878.5,22951
2026-07-29T01:45:00+00:00,27878.75,27892.75,27784,27785.25,26695
2026-07-29T02:00:00+00:00,27785.75,27869.75,27770,27844.25,26741
2026-07-29T02:15:00+00:00,27844.5,27897,27795.75,27894.75,23664
2026-07-29T02:30:00+00:00,27896.5,27912,27858.75,27887.25,17910
2026-07-29T02:45:00+00:00,27886.25,27890,27823.5,27840.5,15935
2026-07-29T03:00:00+00:00,27839.5,27882,27788,27829.75,23090
2026-07-29T03:15:00+00:00,27830,27841.5,27775.5,27777,15639
2026-07-29T03:30:00+00:00,27777.25,27793.25,27742.5,27773,19844
2026-07-29T03:45:00+00:00,27773,27786.25,27701.25,27717,17388
2026-07-29T04:00:00+00:00,27697.25,27714.75,27677,27693,19834
2026-07-29T04:15:00+00:00,27692.25,27714,27647.75,27684.25,22462
2026-07-29T04:30:00+00:00,27683.5,27720,27647,27650,17978
2026-07-29T04:45:00+00:00,27651.5,27759.75,27640.5,27757,21040
2026-07-29T05:00:00+00:00,27757.75,27834.75,27735.5,27832.75,22532
2026-07-29T05:15:00+00:00,27833.25,27834,27772.25,27815.75,18837
2026-07-29T05:30:00+00:00,27816,27854.75,27785,27827.5,17637
2026-07-29T05:45:00+00:00,27829,27842.75,27789.5,27794.75,14919
2026-07-29T06:00:00+00:00,27794.5,27799,27736.75,27764.75,15616
2026-07-29T06:15:00+00:00,27764.5,27813,27754.5,27809.75,15267
2026-07-29T06:30:00+00:00,27809.75,27913.5,27809,27909,17929
2026-07-29T06:45:00+00:00,27908,27941.75,27894.25,27929.75,10833
2026-07-29T07:00:00+00:00,27929,27946.5,27897.75,27923.25,13798
2026-07-29T07:15:00+00:00,27923.5,27952.5,27905.25,27946.75,10815
2026-07-29T07:30:00+00:00,27947.25,27963.75,27920.5,27921.25,9147
2026-07-29T07:45:00+00:00,27921.25,27923.75,27890.5,27907.25,9455
2026-07-29T08:00:00+00:00,27906.5,27924.5,27857.25,27861,12452
2026-07-29T08:15:00+00:00,27865.75,27870.5,27819.75,27841,11461
2026-07-29T08:30:00+00:00,27841.5,27929.25,27830.25,27923,12910
2026-07-29T08:45:00+00:00,27923.25,27939.75,27895.75,27904,8225
2026-07-29T09:00:00+00:00,27904,27979,27900.25,27977.5,11839
2026-07-29T09:15:00+00:00,27978.5,27987.75,27950.25,27977.25,9154
2026-07-29T09:30:00+00:00,27977.5,28012.75,27957.75,27999.5,8638
2026-07-29T09:45:00+00:00,28000.25,28060,27998.5,28019.5,12034
2026-07-29T10:00:00+00:00,28019,28046,28003.5,28009.25,9880
2026-07-29T10:15:00+00:00,28010.25,28024.25,27985.5,28017.5,7534
2026-07-29T10:30:00+00:00,28016.25,28023.5,27954,27967.75,9806
2026-07-29T10:45:00+00:00,27967,27970.75,27931.5,27949,9759
2026-07-29T11:00:00+00:00,27949.75,28004.25,27928.5,27992.25,14660
2026-07-29T11:15:00+00:00,27991.25,28024,27983.5,27999.75,10410
2026-07-29T11:30:00+00:00,28000,28008,27960.25,27966.25,9209
2026-07-29T11:45:00+00:00,27965.75,28004,27955.5,28002.75,11174
2026-07-29T12:00:00+00:00,28002.25,28007.25,27934,27940.5,13823
2026-07-29T12:15:00+00:00,27941.25,27948,27852.75,27867,29485
2026-07-29T12:30:00+00:00,27867,27918.75,27844.75,27911.75,16691
2026-07-29T12:45:00+00:00,27911.75,27931.75,27903.25,27908.75,12475
2026-07-29T13:00:00+00:00,27908.5,27917.75,27870,27873.75,16955
2026-07-29T13:15:00+00:00,27872.75,27940,27856.25,27915.75,24984
2026-07-29T13:30:00+00:00,27915,27997,27836.5,27917.25,150718
2026-07-29T13:45:00+00:00,27917,27949,27667.75,27734.25,154503
2026-07-29T14:00:00+00:00,27733.75,27827,27636.25,27648.5,125329
2026-07-29T14:15:00+00:00,27648.5,27696.25,27538.5,27572.5,111746
2026-07-29T14:30:00+00:00,27572,27652.25,27510,27537.5,98869
2026-07-29T14:45:00+00:00,27537.5,27615.5,27517.75,27600.25,81458
2026-07-29T15:00:00+00:00,27600.5,27656.25,27565.5,27577,80501
2026-07-29T15:15:00+00:00,27577.5,27624.25,27546,27555.5,62131
2026-07-29T15:30:00+00:00,27555.75,27596,27518.5,27533.75,48746
2026-07-29T15:45:00+00:00,27533.5,27566.75,27464.5,27519,56799
2026-07-29T16:00:00+00:00,27518.25,27540,27418.75,27420,57596
2026-07-29T16:15:00+00:00,27419.75,27556.75,27409,27551,60594
2026-07-29T16:30:00+00:00,27551.75,27586,27484,27504.25,55464
2026-07-29T16:45:00+00:00,27503.5,27603.5,27490,27603.5,45895
2026-07-29T17:00:00+00:00,27603.25,27737.25,27595,27736,56660
2026-07-29T17:15:00+00:00,27736.5,27749.75,27650,27651.25,52302
2026-07-29T17:30:00+00:00,27650.75,27695.75,27629.25,27680,48575
2026-07-29T17:45:00+00:00,27681,27728,27655,27721.75,29465
2026-07-29T18:00:00+00:00,27723,27889,27717.75,27799,100090
2026-07-29T18:15:00+00:00,27800.25,27843.5,27727.75,27777,60748
2026-07-29T18:30:00+00:00,27776.75,27987.75,27703.75,27974.5,83374
2026-07-29T18:45:00+00:00,27974.5,28097,27960.25,28057.75,89872
2026-07-29T19:00:00+00:00,28057.25,28099.75,27839.25,27905.5,107872
2026-07-29T19:15:00+00:00,27905.5,27938.75,27641,27711,100820
2026-07-29T19:30:00+00:00,27711.25,27744,27459,27473.75,123403
2026-07-29T19:45:00+00:00,27473.5,27511,27317.5,27337.25,105427
2026-07-29T20:00:00+00:00,27337.75,27361.75,27200,27299.25,70497
2026-07-29T20:15:00+00:00,27300,27339,27208,27242.5,26534
2026-07-29T20:30:00+00:00,27241.75,27333.25,27205.75,27312.5,20893
2026-07-29T20:45:00+00:00,27313.5,27321.75,27259.75,27259.75,10495
2026-07-29T22:00:00+00:00,27208,27489.75,27204.75,27435.5,24913
2026-07-29T22:15:00+00:00,27436.25,27484.5,27395.25,27434,25826
2026-07-29T22:30:00+00:00,27434.5,27465.75,27412.75,27458.5,18305
2026-07-29T22:45:00+00:00,27459.5,27478.5,27420.5,27450.5,15007
2026-07-29T23:00:00+00:00,27450,27524.75,27444,27478,24317
2026-07-29T23:15:00+00:00,27478,27541.5,27468.25,27534,19279
2026-07-29T23:30:00+00:00,27533.5,27559.25,27500.75,27523.25,19320
2026-07-29T23:45:00+00:00,27523.25,27555.5,27496,27522.25,28764
2026-07-30T00:00:00+00:00,27522.5,27607.5,27472.25,27579,47111
2026-07-30T00:15:00+00:00,27579.25,27603,27550,27594,29152
2026-07-30T00:30:00+00:00,27594.25,27611.5,27489,27506.25,25563
2026-07-30T00:45:00+00:00,27506.25,27550.5,27490,27546.5,23877
2026-07-30T01:00:00+00:00,27547.5,27660.5,27533.75,27570,31695
2026-07-30T01:15:00+00:00,27570.5,27648,27563.75,27638.25,18008
2026-07-30T01:30:00+00:00,27638,27694,27635,27677,18960
2026-07-30T01:45:00+00:00,27677,27697,27647.5,27651,17738
2026-07-30T02:00:00+00:00,27651.25,27687.75,27629.5,27637,17807
2026-07-30T02:15:00+00:00,27636.5,27653.25,27603.25,27611.75,14951
2026-07-30T02:30:00+00:00,27612.25,27613.5,27559.25,27610,19065
2026-07-30T02:45:00+00:00,27610,27630.75,27539,27540.75,20017
2026-07-30T03:00:00+00:00,27541.5,27577.25,27486,27498.25,19162
2026-07-30T03:15:00+00:00,27498.75,27524.25,27471.5,27515.5,16486
2026-07-30T03:30:00+00:00,27516,27557.5,27480.5,27532,21116
2026-07-30T03:45:00+00:00,27531.5,27563.5,27517,27522.25,14185
2026-07-30T04:00:00+00:00,27507.75,27508.5,27481.25,27485.25,13900
2026-07-30T04:15:00+00:00,27485.25,27542,27459.25,27535,15938
2026-07-30T04:30:00+00:00,27534,27543.5,27460.5,27471.25,13310
2026-07-30T04:45:00+00:00,27471,27513,27435,27446.75,14295
2026-07-30T05:00:00+00:00,27447.5,27458,27420.5,27456.75,13485
2026-07-30T05:15:00+00:00,27457.5,27499.75,27452.75,27478.25,15436
2026-07-30T05:30:00+00:00,27478.5,27527.5,27465,27521,13128
2026-07-30T05:45:00+00:00,27521.75,27547.25,27463.75,27487.75,13882
2026-07-30T06:00:00+00:00,27487.25,27506.25,27458.75,27468.5,12050
2026-07-30T06:15:00+00:00,27467.75,27498.75,27447,27482.5,11565
2026-07-30T06:30:00+00:00,27481,27485.25,27433.75,27435.5,11122
2026-07-30T06:45:00+00:00,27435.25,27463.75,27414.5,27434.5,10067
2026-07-30T07:00:00+00:00,27434.75,27521.5,27415,27478.25,25423
2026-07-30T07:15:00+00:00,27477.5,27483.5,27395.25,27409.5,18952
2026-07-30T07:30:00+00:00,27409.75,27448.25,27351.75,27431.5,16951
2026-07-30T07:45:00+00:00,27433,27443.25,27390.5,27395,11906
2026-07-30T08:00:00+00:00,27393.5,27456.75,27337,27437.5,20525
2026-07-30T08:15:00+00:00,27436.75,27522.75,27424,27507.75,15461
2026-07-30T08:30:00+00:00,27508,27527,27488,27494.5,11259
2026-07-30T08:45:00+00:00,27494.25,27511.75,27460.5,27485.25,8404
2026-07-30T09:00:00+00:00,27485.5,27556.25,27470.75,27534.5,11469
2026-07-30T09:15:00+00:00,27534.5,27575,27524.5,27554.25,12976
2026-07-30T09:30:00+00:00,27554.25,27586,27537,27544.5,10278
2026-07-30T09:45:00+00:00,27544.5,27556,27513.5,27517,8207
2026-07-30T10:00:00+00:00,27516.25,27564,27488,27542.25,12255
2026-07-30T10:15:00+00:00,27543,27629.5,27541,27617.25,13058
2026-07-30T10:30:00+00:00,27617,27646.75,27606,27631.75,12210
2026-07-30T10:45:00+00:00,27631,27648,27610.5,27618.25,10682
2026-07-30T11:00:00+00:00,27618.5,27686.5,27612.75,27665.75,16400
2026-07-30T11:15:00+00:00,27665.75,27723.75,27661,27714.5,14459
2026-07-30T11:30:00+00:00,27715.25,27727,27673.5,27700.75,18058
2026-07-30T11:45:00+00:00,27701.5,27745,27700.5,27724.25,13365
2026-07-30T12:00:00+00:00,27724.25,27766,27695.5,27762.5,19412
2026-07-30T12:15:00+00:00,27762.75,27766,27714.25,27741,16354
2026-07-30T12:30:00+00:00,27738.75,27805,27715,27776.75,33171
2026-07-30T12:45:00+00:00,27776.5,27819.75,27762.75,27806.25,24588
2026-07-30T13:00:00+00:00,27806,27876.75,27793.25,27840,43377
2026-07-30T13:15:00+00:00,27839.75,27883.75,27831.25,27875.5,29994
2026-07-30T13:30:00+00:00,27875.5,27996.25,27813.25,27977.5,172911
2026-07-30T13:45:00+00:00,27977,28155,27973.25,28151.25,152386
2026-07-30T14:00:00+00:00,28150.5,28183.75,28067,28107.75,130603
2026-07-30T14:15:00+00:00,28107.25,28240,28080,28225.75,114043
2026-07-30T14:30:00+00:00,28226,28245.75,28160.25,28174.75,96248
2026-07-30T14:45:00+00:00,28175.25,28196,28022.75,28070.75,121195
2026-07-30T15:00:00+00:00,28070.75,28138,28012,28024.25,129269
2026-07-30T15:15:00+00:00,28024.5,28099.5,27995.5,28010.25,92462
2026-07-30T15:30:00+00:00,28010.25,28109.25,28001,28089.5,75756
2026-07-30T15:45:00+00:00,28090,28133.75,28048.5,28078.75,63036
2026-07-30T16:00:00+00:00,28079,28189.75,28059.5,28186,65027
2026-07-30T16:15:00+00:00,28186,28192.75,28140.25,28144.25,40410
2026-07-30T16:30:00+00:00,28144.5,28150.25,28055.25,28068.75,50482
2026-07-30T16:45:00+00:00,28068.25,28137,28066,28126.75,40773
2026-07-30T17:00:00+00:00,28126.25,28184.25,28126.25,28158.5,40553
2026-07-30T17:15:00+00:00,28158.75,28208.5,28156,28169,35610
2026-07-30T17:30:00+00:00,28169.25,28198.5,28138.5,28188.25,41445
2026-07-30T17:45:00+00:00,28188.25,28207.5,28165.5,28177.25,31833
2026-07-30T18:00:00+00:00,28177.75,28205.5,28167.5,28200.25,27541
2026-07-30T18:15:00+00:00,28200.5,28203.75,28160,28182.5,25320
2026-07-30T18:30:00+00:00,28183.5,28199.25,28147.75,28167.25,31438
2026-07-30T18:45:00+00:00,28167,28189.75,28154.5,28181.25,24864
2026-07-30T19:00:00+00:00,28181,28295.75,28180,28274.5,49236
2026-07-30T19:15:00+00:00,28273.75,28298,28241.5,28243.75,36285
2026-07-30T19:30:00+00:00,28243.75,28258.25,28219.5,28232.5,36401
2026-07-30T19:45:00+00:00,28232.5,28263,28202.25,28230.25,65596
2026-07-30T20:00:00+00:00,28230.75,28365.5,28203.75,28325,45429
2026-07-30T20:15:00+00:00,28324,28369,28322.25,28364.75,17877
2026-07-30T20:30:00+00:00,28365.5,28410,28311,28361,20370
2026-07-30T20:45:00+00:00,28361,28363.75,28323.25,28333.5,8481
2026-07-30T22:00:00+00:00,28317.25,28416.5,28304.25,28385,9569
2026-07-30T22:15:00+00:00,28384.25,28407,28350,28354.25,13359
2026-07-30T22:30:00+00:00,28352.75,28406,28332,28402.75,14371
2026-07-30T22:45:00+00:00,28403,28410,28388,28394.25,7825
2026-07-30T23:00:00+00:00,28393.25,28425.5,28377,28384.25,13447
2026-07-30T23:15:00+00:00,28384,28396,28361.25,28378.25,10442
2026-07-30T23:30:00+00:00,28379.25,28422,28357.75,28406,12834
2026-07-30T23:45:00+00:00,28406.25,28445.75,28391.25,28423.5,17015
2026-07-31T00:00:00+00:00,28422,28476.25,28395,28468,28746
2026-07-31T00:15:00+00:00,28467.5,28488.25,28447,28483,19062
2026-07-31T00:30:00+00:00,28481.75,28510,28480.5,28499.5,16863
2026-07-31T00:45:00+00:00,28499,28525,28468.5,28522,14787
2026-07-31T01:00:00+00:00,28522.75,28570,28522.75,28561,19519
2026-07-31T01:15:00+00:00,28560.25,28580,28542.75,28550,13029
2026-07-31T01:30:00+00:00,28549.5,28559.25,28488.5,28497.5,20138
2026-07-31T01:45:00+00:00,28498,28500.25,28455,28476.75,19294
2026-07-31T02:00:00+00:00,28477.75,28499.75,28433,28437.25,20505
2026-07-31T02:15:00+00:00,28437.75,28439,28400.5,28422.25,17988
2026-07-31T02:30:00+00:00,28422.5,28433.5,28389.75,28420.75,13314
2026-07-31T02:45:00+00:00,28420,28438.5,28397.75,28432.25,13682
2026-07-31T03:00:00+00:00,28431.5,28436.25,28396,28418.5,11825
2026-07-31T03:15:00+00:00,28417.75,28476.5,28416.25,28464.5,15027
2026-07-31T03:30:00+00:00,28464.5,28478.75,28452,28463,9768
2026-07-31T03:45:00+00:00,28462.25,28471,28427.25,28462.25,11869
2026-07-31T04:00:00+00:00,28458,28467.25,28452,28462.5,10462
2026-07-31T04:15:00+00:00,28463,28512.25,28451.75,28511,10370
2026-07-31T04:30:00+00:00,28510.75,28553,28507,28551,10188
2026-07-31T04:45:00+00:00,28550.75,28557,28535.5,28549,7418
2026-07-31T05:00:00+00:00,28549.25,28570,28538.25,28557.25,9481
2026-07-31T05:15:00+00:00,28558.25,28582.75,28551.75,28573,6822
2026-07-31T05:30:00+00:00,28572.75,28586.5,28540.25,28551,11255
2026-07-31T05:45:00+00:00,28551.5,28592,28548.75,28586.25,9062
2026-07-31T06:00:00+00:00,28585.75,28612.25,28576.5,28607.25,10360
2026-07-31T06:15:00+00:00,28607.5,28611,28580.5,28590.75,7784
2026-07-31T06:30:00+00:00,28590,28593.5,28457.5,28485,23987
2026-07-31T06:45:00+00:00,28485,28512,28450.25,28486.25,15232
2026-07-31T07:00:00+00:00,28485.5,28543,28455,28536.25,17025
2026-07-31T07:15:00+00:00,28535.5,28574.25,28505,28547.25,15208
2026-07-31T07:30:00+00:00,28546.25,28574.25,28533.75,28565.75,10908
2026-07-31T07:45:00+00:00,28566.5,28584,28542.75,28573.25,10072
2026-07-31T08:00:00+00:00,28573.75,28590.75,28523.75,28578,18146
2026-07-31T08:15:00+00:00,28578.25,28609,28564.5,28598,12474
2026-07-31T08:30:00+00:00,28598.25,28611.25,28560.75,28567.75,9149
2026-07-31T08:45:00+00:00,28568.25,28608,28563,28602.5,8633
2026-07-31T09:00:00+00:00,28602.75,28642,28597.75,28628.5,11074
2026-07-31T09:15:00+00:00,28628.5,28631.25,28584.25,28589.75,7936
2026-07-31T09:30:00+00:00,28589,28592.25,28534,28552.25,10723
2026-07-31T09:45:00+00:00,28552.5,28569.5,28529.25,28532.25,7786
2026-07-31T10:00:00+00:00,28531.5,28565,28519.25,28555.25,9714
2026-07-31T10:15:00+00:00,28555.5,28584,28546.25,28572.25,7535
2026-07-31T10:30:00+00:00,28572.75,28583.5,28561.5,28578.5,6314
2026-07-31T10:45:00+00:00,28578.75,28592,28550.25,28564.75,8630
2026-07-31T11:00:00+00:00,28565,28626,28563,28596.5,11166
2026-07-31T11:15:00+00:00,28595.5,28599.25,28547,28555,12110
2026-07-31T11:30:00+00:00,28555.5,28560.75,28522.25,28537.5,13040
2026-07-31T11:45:00+00:00,28538.75,28561.5,28531.75,28553.5,7723
2026-07-31T12:00:00+00:00,28554.75,28555.75,28476,28480.75,15393
2026-07-31T12:15:00+00:00,28480.25,28507.5,28447.75,28495.25,19122
2026-07-31T12:30:00+00:00,28494.75,28503.5,28432,28452.5,19379
2026-07-31T12:45:00+00:00,28452.75,28491,28437.75,28468,13663
2026-07-31T13:00:00+00:00,28467.75,28530.75,28456.5,28529.75,21975
2026-07-31T13:15:00+00:00,28529.75,28584.25,28528.25,28577.75,27634
2026-07-31T13:30:00+00:00,28576.5,28725.75,28415,28419.25,192669
2026-07-31T13:45:00+00:00,28420,28473.25,28294.75,28358.5,175456
2026-07-31T14:00:00+00:00,28359.5,28392,28100.25,28137.5,165774
2026-07-31T14:15:00+00:00,28136.75,28258.5,28079.75,28250.75,142177
2026-07-31T14:30:00+00:00,28250.5,28295.75,28210.75,28269,103557
2026-07-31T14:45:00+00:00,28268.25,28347.25,28236,28307.75,91791
2026-07-31T15:00:00+00:00,28308.5,28342.5,28214.75,28270,93047
2026-07-31T15:15:00+00:00,28269.75,28339,28121.75,28150.75,94653
2026-07-31T15:30:00+00:00,28151.25,28260.5,28115.5,28214.75,90112
2026-07-31T15:45:00+00:00,28215.25,28295.25,28165.25,28273.75,67293
2026-07-31T16:00:00+00:00,28273.75,28309,28242,28300.5,55797
2026-07-31T16:15:00+00:00,28301,28364,28256,28363.5,52189
2026-07-31T16:30:00+00:00,28364,28389,28313.75,28321.25,51253
2026-07-31T16:45:00+00:00,28321.5,28391,28308,28366.75,43609
2026-07-31T17:00:00+00:00,28367.25,28412,28359.75,28403,39318
2026-07-31T17:15:00+00:00,28403,28477.75,28395.5,28462.25,44355
2026-07-31T17:30:00+00:00,28462.25,28502.75,28443.25,28456.25,43234
2026-07-31T17:45:00+00:00,28456.25,28475.75,28416,28429,42680
2026-07-31T18:00:00+00:00,28428.75,28460,28395.25,28402.25,43372
2026-07-31T18:15:00+00:00,28403,28446.75,28398,28422.25,34995
2026-07-31T18:30:00+00:00,28422.25,28449,28415.25,28432.75,25248
2026-07-31T18:45:00+00:00,28432.75,28461.75,28416.25,28433.75,28915
2026-07-31T19:00:00+00:00,28433.5,28458.75,28405.25,28432.5,35391
2026-07-31T19:15:00+00:00,28433,28498.5,28426.5,28475.25,40879
2026-07-31T19:30:00+00:00,28475,28485,28434.25,28477.25,40529
2026-07-31T19:45:00+00:00,28477.5,28524.5,28383.5,28402.5,75318
2026-07-31T20:00:00+00:00,28403,28436,28340.5,28393.75,40847
2026-07-31T20:15:00+00:00,28393.75,28395.5,28360.25,28371.75,11448
2026-07-31T20:30:00+00:00,28371,28400.5,28355.75,28381.5,9760
2026-07-31T20:45:00+00:00,28381.5,28404.25,28266,28404.25,13422
2026-08-02T22:00:00+00:00,28602.75,28642,28600.25,28623.75,5579
2026-08-02T22:15:00+00:00,28623.75,28633,28580.5,28613.5,15457
2026-08-02T22:30:00+00:00,28613.5,28624.25,28595,28599.5,8129
2026-08-02T22:45:00+00:00,28599.25,28605.5,28560,28570.5,9421
2026-08-02T23:00:00+00:00,28570,28591.25,28541.5,28557.5,13000
2026-08-02T23:15:00+00:00,28557.5,28598,28553,28585.25,11484
2026-08-02T23:30:00+00:00,28585.5,28622,28573.75,28604.25,11364
2026-08-02T23:45:00+00:00,28604.25,28637.75,28559,28613.5,22399
2026-08-03T00:00:00+00:00,28611.75,28614.75,28554.25,28610,21913
2026-08-03T00:15:00+00:00,28610,28630.25,28536.5,28555,17890
2026-08-03T00:30:00+00:00,28554.25,28611.25,28542,28582.5,19008
2026-08-03T00:45:00+00:00,28583,28627,28572,28622.25,14543
2026-08-03T01:00:00+00:00,28622.25,28635,28584,28591.75,14434
2026-08-03T01:15:00+00:00,28592.5,28615.75,28564,28608.25,13120
2026-08-03T01:30:00+00:00,28607,28630,28578.25,28629.25,12787
2026-08-03T01:45:00+00:00,28630,28650,28618,28643.75,11116
2026-08-03T02:00:00+00:00,28644.25,28668.75,28631,28663,13766
2026-08-03T02:15:00+00:00,28663,28680.75,28634.5,28640,11983
2026-08-03T02:30:00+00:00,28639,28670,28634.5,28644.75,10606
2026-08-03T02:45:00+00:00,28644.5,28666.25,28638.75,28660.75,6325
2026-08-03T03:00:00+00:00,28661.5,28676,28657.25,28664.25,6902
2026-08-03T03:15:00+00:00,28664,28676.25,28641.25,28646.75,8617
2026-08-03T03:30:00+00:00,28647.25,28674.5,28640.5,28671.75,7631
2026-08-03T03:45:00+00:00,28672.25,28698.25,28664.75,28674,9431
2026-08-03T04:00:00+00:00,28670,28673,28652.5,28661.75,7645
2026-08-03T04:15:00+00:00,28661.25,28688.5,28660.75,28682.5,5712
2026-08-03T04:30:00+00:00,28682,28686,28667,28674.5,4232
2026-08-03T04:45:00+00:00,28675,28689.5,28647.25,28651,7057
2026-08-03T05:00:00+00:00,28651,28667.5,28632.5,28639.5,8871
2026-08-03T05:15:00+00:00,28638.75,28649,28622.5,28638,7366
2026-08-03T05:30:00+00:00,28638.25,28652,28628,28634.75,5401
2026-08-03T05:45:00+00:00,28634.75,28647.75,28617.5,28641.75,5979
2026-08-03T06:00:00+00:00,28642,28661.25,28631,28641.75,9211
2026-08-03T06:15:00+00:00,28641.25,28651.75,28617.75,28625.75,7964
2026-08-03T06:30:00+00:00,28625.75,28645.75,28610,28610.5,8181
2026-08-03T06:45:00+00:00,28610.5,28618,28576,28592.75,10149
2026-08-03T07:00:00+00:00,28593.5,28635.25,28562.75,28619,15271
2026-08-03T07:15:00+00:00,28619,28631,28569,28603.25,14607
2026-08-03T07:30:00+00:00,28602.75,28616.25,28560,28563,9258
2026-08-03T07:45:00+00:00,28563.5,28590,28558,28587.5,8307
2026-08-03T08:00:00+00:00,28587.5,28592,28519,28562.25,17736
2026-08-03T08:15:00+00:00,28562,28564.5,28473,28488.5,16089
2026-08-03T08:30:00+00:00,28487.5,28554.75,28472,28536.25,14353
2026-08-03T08:45:00+00:00,28536,28595.5,28527.25,28593.75,12040
2026-08-03T09:00:00+00:00,28594,28601.5,28543,28558.5,11737
2026-08-03T09:15:00+00:00,28559.25,28582.25,28547.25,28556.5,9232
2026-08-03T09:30:00+00:00,28556,28581,28543,28544.5,7821
2026-08-03T09:45:00+00:00,28545.5,28563.5,28520.5,28558.5,8577
2026-08-03T10:00:00+00:00,28559.25,28566,28525.25,28527.25,7858
2026-08-03T10:15:00+00:00,28526.25,28540.75,28488.5,28509.5,12071
2026-08-03T10:30:00+00:00,28508.75,28532.5,28490,28527,8706
2026-08-03T10:45:00+00:00,28527.75,28547.75,28513.5,28541,6961
2026-08-03T11:00:00+00:00,28542.25,28547.25,28466.5,28488,17630
2026-08-03T11:15:00+00:00,28488,28513,28468.75,28469.75,11599
2026-08-03T11:30:00+00:00,28469,28513.5,28450.5,28475,15344
2026-08-03T11:45:00+00:00,28474.5,28477.5,28403.5,28420,18285
2026-08-03T12:00:00+00:00,28419.5,28435.75,28382.75,28435.5,21284
2026-08-03T12:15:00+00:00,28435.75,28462,28421.5,28449.75,18523
2026-08-03T12:30:00+00:00,28450,28487.75,28437.25,28487.5,16699
2026-08-03T12:45:00+00:00,28487.5,28491.5,28441,28459.25,20367
2026-08-03T13:00:00+00:00,28459.75,28478.25,28439,28460.25,23969
2026-08-03T13:15:00+00:00,28460.75,28496.5,28396,28419,34526
2026-08-03T13:30:00+00:00,28418.75,28540.25,28313,28492.25,186047
2026-08-03T13:45:00+00:00,28494,28629,28443.75,28628.25,126322
2026-08-03T14:00:00+00:00,28629,28630,28525,28571.25,121952
2026-08-03T14:15:00+00:00,28571,28684.75,28555.5,28678.25,110724
2026-08-03T14:30:00+00:00,28677.75,28735.75,28661,28707.75,79311
2026-08-03T14:45:00+00:00,28707.5,28805,28699.5,28802,83799
2026-08-03T15:00:00+00:00,28801.25,28802.25,28747.25,28757.5,64859
2026-08-03T15:15:00+00:00,28757,28798.75,28723.25,28734.75,65441
2026-08-03T15:30:00+00:00,28734.25,28789.75,28731.5,28782,55081
2026-08-03T15:45:00+00:00,28782,28813,28776,28792.25,47248
2026-08-03T16:00:00+00:00,28792,28827.5,28790.25,28814.25,41171
2026-08-03T16:15:00+00:00,28813.75,28847.5,28812.25,28837,37242
2026-08-03T16:30:00+00:00,28837,28845,28810,28834,33398
2026-08-03T16:45:00+00:00,28834,28843,28819.5,28821.75,27439
2026-08-03T17:00:00+00:00,28823,28863.25,28812.75,28857.5,34584
2026-08-03T17:15:00+00:00,28857.25,28890.5,28855.5,28885.5,33488
2026-08-03T17:30:00+00:00,28885.5,28895,28874,28885.5,26392
2026-08-03T17:45:00+00:00,28885.5,28921.75,28884.75,28917.75,31827
2026-08-03T18:00:00+00:00,28917.5,28965,28917.25,28940.25,54651
2026-08-03T18:15:00+00:00,28940.5,28959.5,28890.25,28891.75,43616
2026-08-03T18:30:00+00:00,28892.5,28914.25,28882.25,28913.25,39292
2026-08-03T18:45:00+00:00,28913.25,28928.75,28892.5,28907.5,34755
2026-08-03T19:00:00+00:00,28907.5,28943.75,28894.25,28900,42571
2026-08-03T19:15:00+00:00,28899.75,28926.75,28898.75,28913.25,28880
2026-08-03T19:30:00+00:00,28912.75,28926,28898.5,28915,29459
2026-08-03T19:45:00+00:00,28915,28935.75,28865.75,28900.75,68306
2026-08-03T20:00:00+00:00,28900.75,28923,28877.75,28911.5,22577
2026-08-03T20:15:00+00:00,28911.5,28942.5,28910,28914.25,10757
2026-08-03T20:30:00+00:00,28913.25,28932.25,28909.5,28929.5,6811
2026-08-03T20:45:00+00:00,28929.25,28933.25,28914.5,28929.25,4882
2026-08-03T22:00:00+00:00,28930,28950.5,28918,28928,7239
2026-08-03T22:15:00+00:00,28928,28948.25,28928,28942.75,5255
2026-08-03T22:30:00+00:00,28942.75,28962.25,28932.25,28957.5,8724
2026-08-03T22:45:00+00:00,28957.5,28957.5,28940.5,28945.75,5951
2026-08-03T23:00:00+00:00,28945.25,28948.25,28929.5,28938.25,7751
2026-08-03T23:15:00+00:00,28937.5,28958.25,28936.5,28948.75,7825
2026-08-03T23:30:00+00:00,28948,28960,28932,28940.5,7439
2026-08-03T23:45:00+00:00,28940.5,28972.25,28939.5,28971.5,10137
2026-08-04T00:00:00+00:00,28971.25,28979,28925.75,28931.5,23025
2026-08-04T00:15:00+00:00,28931.25,28933.5,28900,28906.25,19772
2026-08-04T00:30:00+00:00,28905.5,28906.75,28864,28892,21502
2026-08-04T00:45:00+00:00,28891.75,28909,28868.5,28877.25,18636
2026-08-04T01:00:00+00:00,28876.75,28876.75,28831.5,28860,22988
2026-08-04T01:15:00+00:00,28859.25,28902.5,28851.25,28902,16455
2026-08-04T01:30:00+00:00,28902.75,28943.75,28899,28942.5,19276
2026-08-04T01:45:00+00:00,28942.25,29049.25,28941.5,29041,26629
2026-08-04T02:00:00+00:00,29041.25,29045,28967.5,28971,23081
2026-08-04T02:15:00+00:00,28970.25,28978,28942.75,28949.25,18123
2026-08-04T02:30:00+00:00,28948.75,28994.25,28948,28985.5,15441
2026-08-04T02:45:00+00:00,28987,28992.25,28958.5,28972.75,10839
2026-08-04T03:00:00+00:00,28972.5,28993,28932,28942.5,13576
2026-08-04T03:15:00+00:00,28943,28986.25,28930,28977,12704
2026-08-04T03:30:00+00:00,28977.5,29005,28957.5,28968,13273
2026-08-04T03:45:00+00:00,28967,29008,28958,29004.25,8015
2026-08-04T04:00:00+00:00,28992.25,28995.5,28968.5,28977.25,8834
2026-08-04T04:15:00+00:00,28977.5,29016.75,28974.25,29007,7634
2026-08-04T04:30:00+00:00,29007.75,29015,28995,28999,5394
2026-08-04T04:45:00+00:00,28999,29023.5,28994.25,29015.75,7036
2026-08-04T05:00:00+00:00,29016,29022.25,28978.5,28988,8505
2026-08-04T05:15:00+00:00,28987.5,29030.5,28982.75,29025.75,9254
2026-08-04T05:30:00+00:00,29026.5,29074.75,29024,29058.25,12565
2026-08-04T05:45:00+00:00,29058,29074.5,29043.5,29072.75,6623
2026-08-04T06:00:00+00:00,29073,29094,29067,29089,9363
2026-08-04T06:15:00+00:00,29089,29099,29076.25,29081.75,7756
2026-08-04T06:30:00+00:00,29081.75,29089.5,29042.25,29054.5,9818
2026-08-04T06:45:00+00:00,29055.5,29074.25,29051,29072.75,5539
2026-08-04T07:00:00+00:00,29072,29100.75,29037.25,29069.25,15626
2026-08-04T07:15:00+00:00,29069.75,29109,29062.5,29099,10160
2026-08-04T07:30:00+00:00,29099,29118.25,29074.25,29081.5,9431
2026-08-04T07:45:00+00:00,29081.5,29109.75,29065.75,29070.75,7922
2026-08-04T08:00:00+00:00,29072.25,29124.75,29067,29108.5,13013
2026-08-04T08:15:00+00:00,29108.75,29132.25,29096.75,29111.5,9650
2026-08-04T08:30:00+00:00,29110,29111,29060,29069.25,9766
2026-08-04T08:45:00+00:00,29068.75,29077.75,29037.75,29069.25,10708
2026-08-04T09:00:00+00:00,29069,29069.25,29012,29033.5,11575
2026-08-04T09:15:00+00:00,29033.25,29045.75,29007.5,29045.25,9170
2026-08-04T09:30:00+00:00,29046,29081,29042.25,29077,7558
2026-08-04T09:45:00+00:00,29076.75,29086,29058,29077.75,9234
2026-08-04T10:00:00+00:00,29077.5,29112,29066,29106,8962
2026-08-04T10:15:00+00:00,29106.25,29115.75,29086.5,29095.5,8722
2026-08-04T10:30:00+00:00,29096,29131.5,29073.5,29121.5,14142
2026-08-04T10:45:00+00:00,29120.5,29145.5,29103.75,29116.5,17396
2026-08-04T11:00:00+00:00,29116.75,29149.5,29114,29143.75,14168
2026-08-04T11:15:00+00:00,29144.5,29171.5,29139.5,29170.5,12694
2026-08-04T11:30:00+00:00,29170.75,29212.5,29151,29204.25,18698
2026-08-04T11:45:00+00:00,29204.75,29246,29189.75,29237.75,22607
2026-08-04T12:00:00+00:00,29237.25,29238.5,29199.75,29206,14544
2026-08-04T12:15:00+00:00,29205.75,29234.25,29204.5,29222,11535
2026-08-04T12:30:00+00:00,29222,29230.25,29197.75,29219.25,12545
2026-08-04T12:45:00+00:00,29219.5,29222.5,29186.5,29202.75,14959
2026-08-04T13:00:00+00:00,29203,29235.75,29185,29230.75,18543
2026-08-04T13:15:00+00:00,29230.5,29284,29218,29234.5,39533
2026-08-04T13:30:00+00:00,29234.25,29452.5,29208,29411,198834
2026-08-04T13:45:00+00:00,29411.5,29504.5,29410.25,29469,137412
2026-08-04T14:00:00+00:00,29466.75,29544,29432.5,29540.25,103663
2026-08-04T14:15:00+00:00,29540.5,29564.25,29482.25,29559,107474
2026-08-04T14:30:00+00:00,29558.75,29579.25,29515,29556.75,86222
2026-08-04T14:45:00+00:00,29557,29562.75,29523.25,29549.5,50385
2026-08-04T15:00:00+00:00,29549.5,29624.75,29544,29619,68328
2026-08-04T15:15:00+00:00,29619.25,29664.5,29613.25,29639.75,66060
2026-08-04T15:30:00+00:00,29639.5,29681.75,29621.75,29676.75,61040
2026-08-04T15:45:00+00:00,29676.5,29697,29667.25,29671.25,44294
2026-08-04T16:00:00+00:00,29671.25,29699.5,29660.75,29675.25,43187
2026-08-04T16:15:00+00:00,29674.5,29720,29673.75,29706.5,41379
2026-08-04T16:30:00+00:00,29706.5,29731.5,29695,29726.25,42515
2026-08-04T16:45:00+00:00,29726.25,29746.25,29726.25,29743,32519
2026-08-04T17:00:00+00:00,29742.75,29799.75,29739,29796.5,61459
2026-08-04T17:15:00+00:00,29797,29826,29780.25,29818.75,47991
2026-08-04T17:30:00+00:00,29819,29865.75,29800.25,29865.25,49288
2026-08-04T17:45:00+00:00,29865.25,29898.25,29832,29834.5,62930
2026-08-04T18:00:00+00:00,29835,29860.25,29809.5,29859.25,63848
2026-08-04T18:15:00+00:00,29859,29884.25,29855.25,29879.75,40992
2026-08-04T18:30:00+00:00,29879.75,29893,29840,29853.75,43136
2026-08-04T18:45:00+00:00,29854.75,29895.75,29854.25,29881,36602
2026-08-04T19:00:00+00:00,29881.5,29936.5,29878.25,29926.75,48164
2026-08-04T19:15:00+00:00,29926.25,29945.75,29888.5,29900.5,41957
2026-08-04T19:30:00+00:00,29900.5,29951.75,29889,29950,42072
2026-08-04T19:45:00+00:00,29950,29956.5,29847.5,29875.5,85931
2026-08-04T20:00:00+00:00,29875,29949.5,29851.25,29915.5,44780
2026-08-04T20:15:00+00:00,29877.5,29879.75,29757.75,29792.25,45418
2026-08-04T20:30:00+00:00,29792.5,29817.5,29764.5,29797.25,20840
2026-08-04T20:45:00+00:00,29797,29827,29785.25,29819,11487
2026-08-04T22:00:00+00:00,29781.25,29837.25,29775.5,29835.25,7128
2026-08-04T22:15:00+00:00,29835,29844.25,29810.25,29833.25,10084
2026-08-04T22:30:00+00:00,29833.25,29841.75,29794.25,29800,9638
2026-08-04T22:45:00+00:00,29800.5,29828.5,29793,29826,8740
2026-08-04T23:00:00+00:00,29826.25,29849.25,29809.25,29837.75,9504
2026-08-04T23:15:00+00:00,29838.5,29846,29816.25,29825,6518
2026-08-04T23:30:00+00:00,29825,29845,29802.75,29842.75,12047
2026-08-04T23:45:00+00:00,29843,29857.25,29825.25,29835.5,12794
2026-08-05T00:00:00+00:00,29835.25,29863.5,29818.75,29857,18331
2026-08-05T00:15:00+00:00,29857.25,29864,29834.25,29862.5,10428
2026-08-05T00:30:00+00:00,29862.5,29877.5,29837.75,29838.75,14026
2026-08-05T00:45:00+00:00,29838,29862.25,29812.5,29848.5,19227
2026-08-05T01:00:00+00:00,29848.75,29861,29816.5,29840.5,14510
2026-08-05T01:15:00+00:00,29840.25,29842.75,29796.75,29819.75,16386
2026-08-05T01:30:00+00:00,29819.5,29845,29810.75,29833.75,15232
2026-08-05T01:45:00+00:00,29833.75,29887,29833.5,29869.75,13452
2026-08-05T02:00:00+00:00,29869.5,29889,29862.5,29871.25,11181
2026-08-05T02:15:00+00:00,29871,29876.25,29850,29853.75,7404
2026-08-05T02:30:00+00:00,29854.25,29862.5,29842.25,29859,8240
2026-08-05T02:45:00+00:00,29859.25,29875,29855,29860.25,8178
2026-08-05T03:00:00+00:00,29860,29890.75,29853.5,29883.75,7725
2026-08-05T03:15:00+00:00,29883.75,29892.75,29863.5,29864,6844
2026-08-05T03:30:00+00:00,29864.75,29891.25,29858.5,29885.5,6830
2026-08-05T03:45:00+00:00,29885.5,29894.25,29867.75,29891.25,6179
2026-08-05T04:00:00+00:00,29896.25,29898.25,29883,29884,5861
2026-08-05T04:15:00+00:00,29883.25,29884.25,29859.25,29871,5805
2026-08-05T04:30:00+00:00,29870.75,29909.5,29869,29904.75,7303
2026-08-05T04:45:00+00:00,29905,29916.75,29883,29903.25,7614
2026-08-05T05:00:00+00:00,29902.5,29940.5,29894.5,29936.5,9511
2026-08-05T05:15:00+00:00,29937,29949,29934,29936.75,5926
2026-08-05T05:30:00+00:00,29937,29945,29920.25,29941.75,8746
2026-08-05T05:45:00+00:00,29941.5,29986.75,29940.75,29980.25,10102
2026-08-05T06:00:00+00:00,29980.25,29990.75,29961,29980.75,8455
2026-08-05T06:15:00+00:00,29980.5,29983.25,29925.25,29929.5,11797
2026-08-05T06:30:00+00:00,29929.25,29964.75,29925.25,29939.25,9813
2026-08-05T06:45:00+00:00,29939.75,29972,29936,29970,6799
2026-08-05T07:00:00+00:00,29969.75,29987.25,29936.5,29951,13521
2026-08-05T07:15:00+00:00,29951,29954.75,29901.25,29907.5,11332
2026-08-05T07:30:00+00:00,29907.5,29920,29884,29886.75,11535
2026-08-05T07:45:00+00:00,29886.5,29913.25,29885,29903.5,7534
2026-08-05T08:00:00+00:00,29903,29926,29853.75,29864.25,16660
2026-08-05T08:15:00+00:00,29864.75,29873.75,29820,29834.75,15276
2026-08-05T08:30:00+00:00,29835,29844,29798.25,29812.75,18196
2026-08-05T08:45:00+00:00,29813.25,29843.75,29796.75,29837.5,11860
2026-08-05T09:00:00+00:00,29837.25,29854.5,29820.25,29833.25,9682
2026-08-05T09:15:00+00:00,29833.75,29864,29814.5,29862,12607
2026-08-05T09:30:00+00:00,29862,29889,29860,29883.25,8783
2026-08-05T09:45:00+00:00,29882.75,29894.5,29852.5,29858.25,10472
2026-08-05T10:00:00+00:00,29857.5,29871.75,29833,29840,9111
2026-08-05T10:15:00+00:00,29840,29866.5,29836,29857.25,6360
2026-08-05T10:30:00+00:00,29858,29872,29849.25,29857.5,6220
2026-08-05T10:45:00+00:00,29857.5,29870.5,29833.75,29864.25,10621
2026-08-05T11:00:00+00:00,29863.75,29921.25,29863.75,29904.25,17491
2026-08-05T11:15:00+00:00,29904.25,29923.25,29896.75,29900.25,8591
2026-08-05T11:30:00+00:00,29901,29931.75,29890.5,29915.75,12424
2026-08-05T11:45:00+00:00,29915.5,29943.75,29903,29919.5,15333
2026-08-05T12:00:00+00:00,29920,29926,29892.25,29918.75,15467
2026-08-05T12:15:00+00:00,29919,29939.75,29900,29934.75,15381
2026-08-05T12:30:00+00:00,29935,29947,29888.5,29942.5,18819
2026-08-05T12:45:00+00:00,29942.5,29946.5,29908,29915.25,13877
2026-08-05T13:00:00+00:00,29915.5,29950,29915,29929.5,18291
2026-08-05T13:15:00+00:00,29929.75,29978.25,29895.75,29974.5,30393
2026-08-05T13:30:00+00:00,29975.25,30059,29909.5,30050.25,222351
2026-08-05T13:45:00+00:00,30052.25,30073.25,29966.75,30049.5,145903
2026-08-05T14:00:00+00:00,30048.25,30048.25,29918,29998.5,158198
2026-08-05T14:15:00+00:00,29998,30026.5,29901,29915.25,131785
2026-08-05T14:30:00+00:00,29915.25,29918.75,29824.75,29862.25,146369
2026-08-05T14:45:00+00:00,29862,29907.5,29787.75,29848,120631
2026-08-05T15:00:00+00:00,29848.75,29891,29825,29839,84898
2026-08-05T15:15:00+00:00,29839,29850.75,29762.25,29809.75,86560
2026-08-05T15:30:00+00:00,29808.75,29861.75,29805.25,29819.75,57876
2026-08-05T15:45:00+00:00,29819.5,29820,29712.75,29738.25,69407
2026-08-05T16:00:00+00:00,29738.75,29765.75,29701.75,29731.5,71270
2026-08-05T16:15:00+00:00,29731.25,29833.5,29719.5,29829.25,64896
2026-08-05T16:30:00+00:00,29829.25,29840,29769.75,29788.25,55722
2026-08-05T16:45:00+00:00,29789,29825.75,29778,29809,34648
2026-08-05T17:00:00+00:00,29809.25,29819.75,29743.75,29766.75,49457
2026-08-05T17:15:00+00:00,29766.25,29781.75,29740,29754.5,38515
2026-08-05T17:30:00+00:00,29754.5,29778.75,29735,29757.25,32369
2026-08-05T17:45:00+00:00,29756.25,29774.5,29734.25,29757,27922
2026-08-05T18:00:00+00:00,29756.25,29786.25,29752.5,29762,29379
2026-08-05T18:15:00+00:00,29762,29782,29755.5,29776.5,22413
2026-08-05T18:30:00+00:00,29776,29776.75,29727,29742.25,33181
2026-08-05T18:45:00+00:00,29742,29766.25,29722.75,29726.25,26702
2026-08-05T19:00:00+00:00,29727.25,29778.5,29718,29773.75,33474
2026-08-05T19:15:00+00:00,29774.25,29780,29753.5,29756.5,23661
2026-08-05T19:30:00+00:00,29756.25,29763.5,29706,29711.75,40427
2026-08-05T19:45:00+00:00,29710.75,29733,29593,29608,67718
2026-08-05T20:00:00+00:00,29607.75,29618.5,29530.75,29604.5,54277
2026-08-05T20:15:00+00:00,29605,29618,29560,29569.75,15686
2026-08-05T20:30:00+00:00,29571,29603.5,29566.25,29598.75,9069
2026-08-05T20:45:00+00:00,29598.5,29607,29576.25,29594.75,6023
2026-08-05T22:00:00+00:00,29576,29597,29560,29572.25,6136
2026-08-05T22:15:00+00:00,29571.25,29638.5,29570.75,29627.75,11520
2026-08-05T22:30:00+00:00,29627.25,29670.75,29623,29655,10944
2026-08-05T22:45:00+00:00,29654.5,29678.75,29617,29621.75,15317
2026-08-05T23:00:00+00:00,29622.5,29636.25,29611.75,29630.75,6725
2026-08-05T23:15:00+00:00,29630.75,29650.5,29616.5,29628.25,8382
2026-08-05T23:30:00+00:00,29628.25,29636.75,29575.75,29587.5,16816
2026-08-05T23:45:00+00:00,29587.5,29589.75,29566.5,29583.75,11703
2026-08-06T00:00:00+00:00,29584.25,29601.25,29546.25,29581.25,26781
2026-08-06T00:15:00+00:00,29580.75,29608.75,29553.5,29561,17528
2026-08-06T00:30:00+00:00,29561,29587.25,29548,29560,15828
2026-08-06T00:45:00+00:00,29560,29580.75,29535.25,29539,14125
2026-08-06T01:00:00+00:00,29538.5,29541.25,29501.75,29521.75,21523
2026-08-06T01:15:00+00:00,29522.5,29523,29454.25,29473.5,18838
2026-08-06T01:30:00+00:00,29473.5,29509.75,29469,29474.75,17769
2026-08-06T01:45:00+00:00,29475,29519,29472.75,29498,13610
2026-08-06T02:00:00+00:00,29497.75,29556.75,29487.75,29541.75,18442
2026-08-06T02:15:00+00:00,29542,29578.5,29535.5,29548.25,13686
2026-08-06T02:30:00+00:00,29548.25,29618.75,29529.25,29616.75,17012
2026-08-06T02:45:00+00:00,29617,29621,29585.25,29594,10091
2026-08-06T03:00:00+00:00,29593.75,29608.75,29571.25,29578.25,9284
2026-08-06T03:15:00+00:00,29579,29585.75,29535,29543.5,11014
2026-08-06T03:30:00+00:00,29543,29563.75,29522.75,29553,12179
2026-08-06T03:45:00+00:00,29552.25,29576,29539.75,29564.25,9103
2026-08-06T04:00:00+00:00,29571.5,29576,29553.5,29556.5,11676
2026-08-06T04:15:00+00:00,29556.25,29597.75,29556.25,29586,6960
2026-08-06T04:30:00+00:00,29585.5,29600.5,29544.75,29555.5,8445
2026-08-06T04:45:00+00:00,29556,29577.25,29543.5,29575,5699
2026-08-06T05:00:00+00:00,29575,29596,29557.75,29582,7459
2026-08-06T05:15:00+00:00,29581.25,29594,29565,29579.5,5789
2026-08-06T05:30:00+00:00,29578.5,29583.75,29548.75,29583.25,7389
2026-08-06T05:45:00+00:00,29583,29584.25,29544.25,29580.25,6846
2026-08-06T06:00:00+00:00,29580.25,29581.5,29499,29506,11048
2026-08-06T06:15:00+00:00,29506.5,29549,29484,29547,11746
2026-08-06T06:30:00+00:00,29547,29548.75,29494,29504.75,8805
2026-08-06T06:45:00+00:00,29504.25,29528.5,29486.25,29521.5,7146
2026-08-06T07:00:00+00:00,29520.75,29564,29506,29551.5,12005
2026-08-06T07:15:00+00:00,29552,29562.75,29525.25,29536.75,7871
2026-08-06T07:30:00+00:00,29537.75,29542.25,29501.75,29517.25,7526
2026-08-06T07:45:00+00:00,29517.5,29538,29500,29506.25,7450
2026-08-06T08:00:00+00:00,29506.75,29525.5,29444.25,29460,18211
2026-08-06T08:15:00+00:00,29460.25,29514,29446.75,29508,11754
2026-08-06T08:30:00+00:00,29509.25,29532.75,29500.5,29503.75,9651
2026-08-06T08:45:00+00:00,29503,29524.5,29489.75,29517.25,8934
2026-08-06T09:00:00+00:00,29518,29518.5,29437.75,29449.25,11946
2026-08-06T09:15:00+00:00,29448.5,29494,29446.5,29482.5,8911
2026-08-06T09:30:00+00:00,29483.25,29499,29475.25,29489,5204
2026-08-06T09:45:00+00:00,29489,29531,29489,29526.75,7090
2026-08-06T10:00:00+00:00,29526.25,29537.5,29495,29503.75,7653
2026-08-06T10:15:00+00:00,29503.75,29526.5,29492.75,29517.5,6791
2026-08-06T10:30:00+00:00,29517.5,29519.5,29474.75,29480,8008
2026-08-06T10:45:00+00:00,29480.5,29493.25,29466.25,29485.5,9267
2026-08-06T11:00:00+00:00,29484.5,29488.25,29364.75,29419.25,30367
2026-08-06T11:15:00+00:00,29419.5,29474.5,29417.5,29469,15408
2026-08-06T11:30:00+00:00,29469.25,29516,29468.5,29493.5,15198
2026-08-06T11:45:00+00:00,29494,29512,29439.25,29466.25,20667
2026-08-06T12:00:00+00:00,29465.75,29476.25,29409,29412,18251
2026-08-06T12:15:00+00:00,29413,29451.75,29388.25,29430.75,17476
2026-08-06T12:30:00+00:00,29432,29462.75,29413,29432,17950
2026-08-06T12:45:00+00:00,29432.25,29440,29389,29399,18520
2026-08-06T13:00:00+00:00,29399.5,29404,29350,29351.25,29692
2026-08-06T13:15:00+00:00,29352,29367.25,29327.5,29334.75,35203
2026-08-06T13:30:00+00:00,29335.25,29473.25,29241,29457.75,208561
2026-08-06T13:45:00+00:00,29457.75,29551,29447.25,29527.5,160052
2026-08-06T14:00:00+00:00,29527.5,29619.25,29487.75,29608.5,134726
2026-08-06T14:15:00+00:00,29608.25,29666.5,29563.5,29587,130366
2026-08-06T14:30:00+00:00,29587.5,29651.25,29545.5,29583,127998
2026-08-06T14:45:00+00:00,29583.5,29658.75,29532.75,29657.25,112467
2026-08-06T15:00:00+00:00,29656.5,29686.25,29598.75,29646,97859
2026-08-06T15:15:00+00:00,29646,29663.25,29564,29608,93733
2026-08-06T15:30:00+00:00,29607.75,29627.75,29533.25,29534.75,80308
2026-08-06T15:45:00+00:00,29534.5,29625.5,29505.75,29516,96244
2026-08-06T16:00:00+00:00,29516.25,29542.75,29478.5,29488,74874
2026-08-06T16:15:00+00:00,29488.75,29505,29448.75,29471.25,72190
2026-08-06T16:30:00+00:00,29471.75,29527.75,29461,29478.75,64620
2026-08-06T16:45:00+00:00,29478,29558.25,29468,29556.75,54697
2026-08-06T17:00:00+00:00,29556.75,29574.25,29515.5,29523.75,54273
2026-08-06T17:15:00+00:00,29524.25,29552.75,29512.25,29527.75,42238
2026-08-06T17:30:00+00:00,29528,29543,29493.25,29509.5,33996
2026-08-06T17:45:00+00:00,29509.75,29533.75,29494.5,29529.25,33873
2026-08-06T18:00:00+00:00,29528.75,29547.25,29505.75,29543.25,34334
2026-08-06T18:15:00+00:00,29543,29576,29498.5,29557.25,48532
2026-08-06T18:30:00+00:00,29557,29560.75,29500.75,29520.5,31801
2026-08-06T18:45:00+00:00,29521,29537,29506,29515.75,29572
2026-08-06T19:00:00+00:00,29515.75,29570.75,29510,29535.75,40036
2026-08-06T19:15:00+00:00,29536,29551.25,29496,29508.5,36113
2026-08-06T19:30:00+00:00,29507.75,29546,29488.75,29503.75,38973
2026-08-06T19:45:00+00:00,29503.75,29536.25,29475,29497.25,62470
2026-08-06T20:00:00+00:00,29497.25,29551.5,29496.25,29536.25,26106
2026-08-06T20:15:00+00:00,29536,29549,29482.75,29493.5,16377
2026-08-06T20:30:00+00:00,29493.5,29504.75,29480,29494,7670
2026-08-06T20:45:00+00:00,29494,29507,29487.25,29504.5,4318
2026-08-06T22:00:00+00:00,29515,29552.5,29494,29551,3886
2026-08-06T22:15:00+00:00,29572.25,29573.75,29542.5,29549.5,12957
2026-08-06T22:30:00+00:00,29549.5,29562.75,29529.25,29554,8682
2026-08-06T22:45:00+00:00,29554,29568,29546.75,29564.75,4290
2026-08-06T23:00:00+00:00,29564.75,29571,29553.75,29557.75,4955
2026-08-06T23:15:00+00:00,29558.5,29597.5,29558.5,29573.25,11412
2026-08-06T23:30:00+00:00,29574,29589,29562.25,29582.75,9633
2026-08-06T23:45:00+00:00,29582.5,29604,29574.5,29595.25,9840
2026-08-07T00:00:00+00:00,29594.5,29619.25,29562.5,29574.75,19816
2026-08-07T00:15:00+00:00,29575,29575.5,29496.25,29513.75,25658
2026-08-07T00:30:00+00:00,29514,29574.75,29500.5,29539.5,25371
2026-08-07T00:45:00+00:00,29539.75,29573.75,29503.25,29561.75,20078
2026-08-07T01:00:00+00:00,29562,29582.5,29515,29525,18317
2026-08-07T01:15:00+00:00,29525.75,29536,29482.75,29529.25,20235
2026-08-07T01:30:00+00:00,29529.25,29581.5,29493.75,29522.75,24759
2026-08-07T01:45:00+00:00,29522.5,29539.75,29501.75,29526.5,13848
2026-08-07T02:00:00+00:00,29526.75,29548.5,29489.25,29531.25,15398
2026-08-07T02:15:00+00:00,29531,29542.25,29514.75,29526,7945
2026-08-07T02:30:00+00:00,29525.5,29527.5,29476,29499,12762
2026-08-07T02:45:00+00:00,29498.75,29535.75,29493,29525.75,7791
2026-08-07T03:00:00+00:00,29526.25,29549.25,29525.25,29530.25,7408
2026-08-07T03:15:00+00:00,29530.25,29534,29490,29503.75,10470
2026-08-07T03:30:00+00:00,29504,29522.75,29496.5,29506,6653
2026-08-07T03:45:00+00:00,29506.5,29513,29486,29489.25,5644
2026-08-07T04:00:00+00:00,29495.5,29501.5,29463.75,29478.5,8259
2026-08-07T04:15:00+00:00,29478.75,29517.25,29455,29508,12627
2026-08-07T04:30:00+00:00,29508.75,29525.75,29492.25,29494.75,7016
2026-08-07T04:45:00+00:00,29494.25,29513.25,29488.75,29509.5,5202
2026-08-07T05:00:00+00:00,29508.75,29557,29505.5,29538.25,9868
2026-08-07T05:15:00+00:00,29538.25,29555,29536.5,29547.5,3687
2026-08-07T05:30:00+00:00,29547.25,29551,29519.25,29533.5,4859
2026-08-07T05:45:00+00:00,29533.75,29538.75,29522,29522.75,2920
2026-08-07T06:00:00+00:00,29523.25,29564.5,29520.5,29559.75,7291
2026-08-07T06:15:00+00:00,29559.25,29584.75,29543.75,29581,7622
2026-08-07T06:30:00+00:00,29580.5,29582.5,29539.25,29545.75,6214
2026-08-07T06:45:00+00:00,29545,29555,29536.75,29552.75,3893
2026-08-07T07:00:00+00:00,29552.25,29592.75,29531.75,29592.75,9729
2026-08-07T07:15:00+00:00,29592.25,29593,29574.5,29588,5032
2026-08-07T07:30:00+00:00,29588,29591.5,29570,29582.75,5154
2026-08-07T07:45:00+00:00,29583.25,29588.75,29562.25,29583.25,6087
2026-08-07T08:00:00+00:00,29584,29627.75,29583.25,29624.25,11735
2026-08-07T08:15:00+00:00,29624.75,29630,29599,29624,7462
2026-08-07T08:30:00+00:00,29624,29647.5,29609,29625.75,8799
2026-08-07T08:45:00+00:00,29626,29639.25,29615,29633.25,6590
2026-08-07T09:00:00+00:00,29633,29648.75,29625.75,29641.5,5856
2026-08-07T09:15:00+00:00,29641.5,29650.5,29623.75,29634.5,5610
2026-08-07T09:30:00+00:00,29634.25,29647.25,29621,29628.75,4710
2026-08-07T09:45:00+00:00,29628.75,29636.25,29615.75,29617.25,4813
2026-08-07T10:00:00+00:00,29618.25,29629.75,29608.75,29609,5500
2026-08-07T10:15:00+00:00,29609.5,29621.5,29592.25,29621.25,6866
2026-08-07T10:30:00+00:00,29621,29625.75,29609.75,29622.25,4166
2026-08-07T10:45:00+00:00,29621.25,29624.5,29600.5,29607.25,4418
2026-08-07T11:00:00+00:00,29606.75,29648.5,29606.25,29638,9291
2026-08-07T11:15:00+00:00,29637.25,29662,29635.75,29653,7742
2026-08-07T11:30:00+00:00,29653.25,29669.75,29646.75,29665.5,7182
2026-08-07T11:45:00+00:00,29666.25,29666.5,29612,29613.75,10015
2026-08-07T12:00:00+00:00,29614,29673,29604.75,29658.75,14124
2026-08-07T12:15:00+00:00,29658.5,29685.5,29596,29674.5,14832
2026-08-07T12:30:00+00:00,29667.25,29814,29647.5,29802,53750
2026-08-07T12:45:00+00:00,29802,29867.25,29801.75,29843.5,38253
2026-08-07T13:00:00+00:00,29843.75,29851.25,29734,29741,45850
2026-08-07T13:15:00+00:00,29742,29745.5,29686,29714.5,40842
2026-08-07T13:30:00+00:00,29714.5,29813,29683,29788,186949
2026-08-07T13:45:00+00:00,29787.25,29821.75,29644.25,29678.75,155629
2026-08-07T14:00:00+00:00,29678.75,29713,29564.25,29584.75,163713
2026-08-07T14:15:00+00:00,29585.5,29779,29568.25,29761,140782
2026-08-07T14:30:00+00:00,29760.75,29774.75,29660,29676,115387
2026-08-07T14:45:00+00:00,29676,29733.5,29666.25,29720.25,75335
2026-08-07T15:00:00+00:00,29721,29783,29708.75,29759.75,60470
2026-08-07T15:15:00+00:00,29760,29828.75,29746.75,29826.75,52496
2026-08-07T15:30:00+00:00,29826.25,29855,29793.75,29812,60904
2026-08-07T15:45:00+00:00,29811.75,29843.25,29796.25,29813.5,43025
2026-08-07T16:00:00+00:00,29814,29830.25,29794.25,29799.75,37100
2026-08-07T16:15:00+00:00,29800,29821.5,29689,29714,75580
2026-08-07T16:30:00+00:00,29714.25,29761.25,29669,29754.25,66449
2026-08-07T16:45:00+00:00,29754.75,29780.75,29738,29739.75,39070
2026-08-07T17:00:00+00:00,29740.25,29768.5,29726.25,29735.5,36413
2026-08-07T17:15:00+00:00,29735.5,29765,29725.5,29747.75,29333
2026-08-07T17:30:00+00:00,29747.75,29764.5,29727,29745.5,27571
2026-08-07T17:45:00+00:00,29745.25,29759.25,29735,29743.25,17588
2026-08-07T18:00:00+00:00,29743.5,29754.75,29712.75,29721,21862
2026-08-07T18:15:00+00:00,29721.25,29734.25,29702.75,29706,26044
2026-08-07T18:30:00+00:00,29706,29724.5,29678.75,29681,30034
2026-08-07T18:45:00+00:00,29681.5,29731,29676.75,29724.75,32764
2026-08-07T19:00:00+00:00,29725.25,29810,29722.75,29799.75,47359
2026-08-07T19:15:00+00:00,29800.5,29823.25,29791.75,29811,39036
2026-08-07T19:30:00+00:00,29811.25,29812,29772,29779.75,34849
2026-08-07T19:45:00+00:00,29779.5,29860.5,29778,29834,57147
2026-08-07T20:00:00+00:00,29833.5,29850.5,29805,29820,23053
2026-08-07T20:15:00+00:00,29820.75,29829.5,29803.75,29804.5,6295
2026-08-07T20:30:00+00:00,29805.5,29826,29802.5,29814.25,5125
2026-08-07T20:45:00+00:00,29814.25,29844,29812.75,29834.75,4708
2026-08-09T22:00:00+00:00,29851,29860.75,29820,29828,6322
2026-08-09T22:15:00+00:00,29828,29855,29805,29838.5,15434
2026-08-09T22:30:00+00:00,29838.5,29853.25,29814,29836,10143
2026-08-09T22:45:00+00:00,29837,29852.25,29830.5,29844.25,5658
2026-08-09T23:00:00+00:00,29845,29876.5,29833,29861,10102
2026-08-09T23:15:00+00:00,29861.75,29881.75,29855,29863.5,7820
2026-08-09T23:30:00+00:00,29864,29865.75,29834.25,29862.25,12328
2026-08-09T23:45:00+00:00,29863,29873.5,29827.75,29829.75,11450
2026-08-10T00:00:00+00:00,29829.25,29906.5,29797.75,29892.25,30519
2026-08-10T00:15:00+00:00,29892.25,29899.75,29839,29847,17342
2026-08-10T00:30:00+00:00,29846.25,29865.5,29800,29806.75,19652
2026-08-10T00:45:00+00:00,29806.75,29831.25,29788,29803,16647
2026-08-10T01:00:00+00:00,29802.5,29855,29791.5,29853,16981
2026-08-10T01:15:00+00:00,29852.5,29884.5,29846,29864.25,16774
2026-08-10T01:30:00+00:00,29864.5,29881.25,29841.25,29875.5,15446
2026-08-10T01:45:00+00:00,29875.25,29895,29871.5,29884.5,9124
2026-08-10T02:00:00+00:00,29885.75,29895.25,29869,29872.25,9853
2026-08-10T02:15:00+00:00,29873.5,29874,29852.25,29870,9175
2026-08-10T02:30:00+00:00,29869.75,29891.25,29848.5,29890,9566
2026-08-10T02:45:00+00:00,29889.5,29899.25,29880.5,29881,7016
2026-08-10T03:00:00+00:00,29881,29892,29868.5,29876.5,7050
2026-08-10T03:15:00+00:00,29876.75,29891.5,29871,29880.5,8047
2026-08-10T03:30:00+00:00,29880.5,29897.75,29873,29897.25,5867
2026-08-10T03:45:00+00:00,29897.25,29899,29870.5,29880,5825
2026-08-10T04:00:00+00:00,29878.25,29898,29872,29894.75,6276
2026-08-10T04:15:00+00:00,29895.25,29904,29890.25,29899.25,5203
2026-08-10T04:30:00+00:00,29899.5,29900,29863.75,29886.75,7354
2026-08-10T04:45:00+00:00,29887.5,29902,29872.25,29882.25,6479
2026-08-10T05:00:00+00:00,29881.75,29919.25,29880.75,29917.25,8626
2026-08-10T05:15:00+00:00,29917,29924.25,29909,29910.25,5603
2026-08-10T05:30:00+00:00,29910,29919.5,29903,29905.25,4474
2026-08-10T05:45:00+00:00,29905,29930.5,29899.25,29929.5,6170
2026-08-10T06:00:00+00:00,29929.75,29962,29926.5,29956.5,10149
2026-08-10T06:15:00+00:00,29956.5,29963.75,29907.75,29914.25,11331
2026-08-10T06:30:00+00:00,29913.75,29925,29907,29917.75,7083
2026-08-10T06:45:00+00:00,29918,29924,29904.25,29908.75,4393
2026-08-10T07:00:00+00:00,29908.5,29923.25,29886.75,29913.25,10709
2026-08-10T07:15:00+00:00,29913.75,29953.25,29911,29952,9722
2026-08-10T07:30:00+00:00,29951.5,29969.5,29947.5,29965.75,6750
2026-08-10T07:45:00+00:00,29966,29985,29935.75,29952.75,10540
2026-08-10T08:00:00+00:00,29953,29981.25,29946.5,29962.5,11278
2026-08-10T08:15:00+00:00,29962.5,29973.5,29939,29952.25,8033
2026-08-10T08:30:00+00:00,29953,29972.25,29943.75,29956,5547
2026-08-10T08:45:00+00:00,29955.25,29975.75,29949,29971.75,4954
2026-08-10T09:00:00+00:00,29972,29984.25,29965.5,29976,4962
2026-08-10T09:15:00+00:00,29976,29982.25,29963,29968.5,4425
2026-08-10T09:30:00+00:00,29968.25,29971.75,29936,29944.75,7432
2026-08-10T09:45:00+00:00,29944.75,29952.25,29936,29938.25,4494
2026-08-10T10:00:00+00:00,29939,29959.25,29916,29917.75,9518
2026-08-10T10:15:00+00:00,29917.75,29952,29915.25,29945.5,7180
2026-08-10T10:30:00+00:00,29945.25,29945.75,29909.25,29919.25,8196
2026-08-10T10:45:00+00:00,29918.5,29938.25,29909.25,29912.75,7460
2026-08-10T11:00:00+00:00,29912.5,29926.25,29851.75,29876.5,18751
2026-08-10T11:15:00+00:00,29876.5,29913,29864.25,29909.25,12744
2026-08-10T11:30:00+00:00,29909,29915,29872.5,29875,12424
2026-08-10T11:45:00+00:00,29874.5,29885.25,29845.25,29871,14067
2026-08-10T12:00:00+00:00,29871.5,29884.25,29843,29846,12908
2026-08-10T12:15:00+00:00,29846,29847.75,29810.25,29822.75,14162
2026-08-10T12:30:00+00:00,29822.25,29829.25,29780.25,29804,21088
2026-08-10T12:45:00+00:00,29804.25,29809.75,29771,29777.75,14288
2026-08-10T13:00:00+00:00,29777.75,29816.25,29771.75,29804.5,22991
2026-08-10T13:15:00+00:00,29804.75,29823.5,29789,29805.5,27872
2026-08-10T13:30:00+00:00,29805.5,29841.25,29719,29775.5,197686
2026-08-10T13:45:00+00:00,29775.25,29832.75,29754.25,29806.5,137916
2026-08-10T14:00:00+00:00,29806.75,29894,29788.25,29881.5,106970
2026-08-10T14:15:00+00:00,29881.25,29900,29801.25,29857.75,108870
2026-08-10T14:30:00+00:00,29857.75,29893,29838.75,29866.25,77973
2026-08-10T14:45:00+00:00,29866.5,29886.25,29776.75,29779.5,89395
2026-08-10T15:00:00+00:00,29779.75,29823.5,29764.75,29793,80535
2026-08-10T15:15:00+00:00,29793.5,29817.5,29753.5,29777.75,57489
2026-08-10T15:30:00+00:00,29777,29809,29741.25,29808,56054
2026-08-10T15:45:00+00:00,29808,29855,29786.5,29844,50900
2026-08-10T16:00:00+00:00,29844.25,29858.75,29811.5,29822,37811
2026-08-10T16:15:00+00:00,29822,29844,29803.75,29810,42119
2026-08-10T16:30:00+00:00,29809.5,29817.25,29730.25,29742.5,66861
2026-08-10T16:45:00+00:00,29742.25,29781,29732.5,29779.75,45895
2026-08-10T17:00:00+00:00,29780,29808.75,29760.25,29800.75,38575
2026-08-10T17:15:00+00:00,29800.5,29811.5,29776,29786.75,28829
2026-08-10T17:30:00+00:00,29786.5,29797.5,29756,29759.75,28181
2026-08-10T17:45:00+00:00,29759.5,29767.5,29744.25,29759.25,30573
2026-08-10T18:00:00+00:00,29759.5,29772.25,29748.25,29751.25,25585
2026-08-10T18:15:00+00:00,29751.5,29756.5,29742.25,29746.75,19072
2026-08-10T18:30:00+00:00,29747.75,29774.5,29742.25,29771.75,30405
2026-08-10T18:45:00+00:00,29772,29784.75,29759.5,29782,22239
2026-08-10T19:00:00+00:00,29782.75,29794.75,29775.5,29789.5,24747
2026-08-10T19:15:00+00:00,29789.75,29796.5,29779.25,29781.75,21757
2026-08-10T19:30:00+00:00,29782.25,29793.5,29770.25,29775.75,25465
2026-08-10T19:45:00+00:00,29776.25,29784.5,29722.75,29744.25,57851
2026-08-10T20:00:00+00:00,29744.5,29755,29739.5,29744.75,19189
2026-08-10T20:15:00+00:00,29745,29755,29737,29751.25,7205
2026-08-10T20:30:00+00:00,29751.5,29759.5,29743,29757.5,5282
2026-08-10T20:45:00+00:00,29757.75,29770,29755.75,29763.75,5495
2026-08-10T22:00:00+00:00,29764.25,29788.5,29752.25,29761,5029
2026-08-10T22:15:00+00:00,29761.5,29763.75,29732.75,29745.5,7376
2026-08-10T22:30:00+00:00,29746.75,29747.5,29720.25,29724.75,7045
2026-08-10T22:45:00+00:00,29725,29736.75,29724,29732.5,3845
2026-08-10T23:00:00+00:00,29732.5,29734.75,29719.25,29731,4061
2026-08-10T23:15:00+00:00,29731.25,29732,29702.5,29708.25,8070
2026-08-10T23:30:00+00:00,29708.75,29715.75,29701.75,29714.25,4860
2026-08-10T23:45:00+00:00,29713.75,29726.5,29677.75,29703.5,15090
2026-08-11T00:00:00+00:00,29703,29753.75,29666,29748.5,28356
2026-08-11T00:15:00+00:00,29748.5,29765,29724.75,29762.75,18133
2026-08-11T00:30:00+00:00,29762.75,29782.75,29755.75,29779,12501
2026-08-11T00:45:00+00:00,29780,29794.25,29777,29784.75,10559
2026-08-11T01:00:00+00:00,29784.75,29826.25,29764.25,29826,21212
2026-08-11T01:15:00+00:00,29826,29839.75,29809.75,29820,14573
2026-08-11T01:30:00+00:00,29819.75,29828,29810,29822.25,8947
2026-08-11T01:45:00+00:00,29822.25,29842.75,29817,29818.5,9380
2026-08-11T02:00:00+00:00,29818,29830.75,29812,29820.75,8214
2026-08-11T02:15:00+00:00,29820.75,29827.75,29812.75,29823.5,5693
2026-08-11T02:30:00+00:00,29824,29839.75,29823.5,29839.5,6929
2026-08-11T02:45:00+00:00,29839,29846.25,29815,29818.75,7929
2026-08-11T03:00:00+00:00,29818.5,29832.25,29814.75,29821.75,5926
2026-08-11T03:15:00+00:00,29822,29847.5,29817.75,29841.5,6375
2026-08-11T03:30:00+00:00,29841.5,29843.25,29826.25,29832.5,5568
2026-08-11T03:45:00+00:00,29832.75,29843.25,29828.25,29834,3074
2026-08-11T04:00:00+00:00,29839.25,29850.75,29836,29848,4716
2026-08-11T04:15:00+00:00,29848.5,29854.75,29838.5,29853.5,3901
2026-08-11T04:30:00+00:00,29852.75,29862,29834.75,29838.5,6563
2026-08-11T04:45:00+00:00,29838.75,29847.25,29833.75,29839.25,3488
2026-08-11T05:00:00+00:00,29839.25,29855,29830.25,29852,5455
2026-08-11T05:15:00+00:00,29851.75,29853.5,29813,29814.5,6966
2026-08-11T05:30:00+00:00,29814.75,29829.5,29798.75,29815,9149
2026-08-11T05:45:00+00:00,29815,29817.75,29788.25,29792.75,7352
2026-08-11T06:00:00+00:00,29793.25,29827.5,29787,29819.75,8211
2026-08-11T06:15:00+00:00,29820,29822,29765.75,29771,12162
2026-08-11T06:30:00+00:00,29771,29789.5,29732.25,29783.5,16234
2026-08-11T06:45:00+00:00,29784,29787,29738.25,29754.75,8460
2026-08-11T07:00:00+00:00,29755.25,29770.5,29733.5,29759,11119
2026-08-11T07:15:00+00:00,29758.25,29765,29726,29743.75,10409
2026-08-11T07:30:00+00:00,29744.25,29780,29742.5,29768.75,8127
2026-08-11T07:45:00+00:00,29768.5,29779.5,29752.75,29775.25,6724
2026-08-11T08:00:00+00:00,29774.75,29805.5,29730,29731.5,16552
2026-08-11T08:15:00+00:00,29732.25,29748.5,29718,29733,11599
2026-08-11T08:30:00+00:00,29733,29755,29717.5,29754,10731
2026-08-11T08:45:00+00:00,29753,29763.75,29742,29749,6615
2026-08-11T09:00:00+00:00,29748,29756.25,29718.5,29732.75,10333
2026-08-11T09:15:00+00:00,29732.5,29765.75,29731.25,29759.25,8820
2026-08-11T09:30:00+00:00,29759,29784.25,29755,29768,8577
2026-08-11T09:45:00+00:00,29768,29781.25,29764.25,29769.5,4028
2026-08-11T10:00:00+00:00,29769.5,29774.75,29751.25,29755.75,6010
2026-08-11T10:15:00+00:00,29756,29833.25,29749.5,29821.5,14533
2026-08-11T10:30:00+00:00,29822,29823.75,29801.75,29815,6417
2026-08-11T10:45:00+00:00,29814.25,29828,29811,29817.75,4904
2026-08-11T11:00:00+00:00,29817.25,29887,29817.25,29872.25,25870
2026-08-11T11:15:00+00:00,29871.25,29873.5,29828.5,29834.5,10510
2026-08-11T11:30:00+00:00,29834,29836.75,29810.5,29825,10859
2026-08-11T11:45:00+00:00,29824.75,29835.5,29812,29832.5,6531
2026-08-11T12:00:00+00:00,29832,29864.75,29819,29861.75,10211
2026-08-11T12:15:00+00:00,29862,29871.5,29820.5,29829,17008
2026-08-11T12:30:00+00:00,29829.25,29857.5,29819.75,29846.25,11360
2026-08-11T12:45:00+00:00,29846.25,29853.75,29827.75,29832.25,8869
2026-08-11T13:00:00+00:00,29833,29852,29820.25,29828,14173
2026-08-11T13:15:00+00:00,29828,29846,29813,29839.75,21192
2026-08-11T13:30:00+00:00,29839.75,29842.75,29678.75,29723.5,199797
2026-08-11T13:45:00+00:00,29723.25,29735,29636,29732.5,148457
2026-08-11T14:00:00+00:00,29733,29793,29718.25,29762.25,112485
2026-08-11T14:15:00+00:00,29762.25,29791,29736.75,29777.75,106931
2026-08-11T14:30:00+00:00,29777.25,29785,29723.25,29742.25,85002
2026-08-11T14:45:00+00:00,29742.25,29805,29739.75,29776.25,77769
2026-08-11T15:00:00+00:00,29777.25,29793,29703.25,29712,77708
2026-08-11T15:15:00+00:00,29711.75,29735.5,29697.25,29703,62043
2026-08-11T15:30:00+00:00,29702.75,29719.5,29664,29693.5,67657
2026-08-11T15:45:00+00:00,29693.25,29693.75,29658.25,29663,43142
2026-08-11T16:00:00+00:00,29663,29682,29647,29652.5,44401
2026-08-11T16:15:00+00:00,29652.5,29669.75,29622,29646,48230
2026-08-11T16:30:00+00:00,29646.25,29665.5,29631.5,29636.75,35851
2026-08-11T16:45:00+00:00,29636.75,29643.25,29616,29625.75,37661
2026-08-11T17:00:00+00:00,29626.5,29634.75,29577.25,29578.25,43492
2026-08-11T17:15:00+00:00,29578.25,29618.5,29573,29606.5,44431
2026-08-11T17:30:00+00:00,29606.5,29638.25,29599,29634.75,34161
2026-08-11T17:45:00+00:00,29634.25,29641,29622.5,29629,23462
2026-08-11T18:00:00+00:00,29629,29635.75,29601.25,29607.75,32386
2026-08-11T18:15:00+00:00,29607.75,29614.25,29533.5,29544.25,43998
2026-08-11T18:30:00+00:00,29544.75,29576.75,29540.75,29548.5,36610
2026-08-11T18:45:00+00:00,29548.5,29599.5,29548.25,29582.5,33312
2026-08-11T19:00:00+00:00,29582.5,29614.75,29571.5,29607.75,36503
2026-08-11T19:15:00+00:00,29607.75,29627.25,29601.75,29624.25,24315
2026-08-11T19:30:00+00:00,29624.5,29660.25,29620,29640,37918
2026-08-11T19:45:00+00:00,29640,29650,29606.75,29635.75,55666
2026-08-11T20:00:00+00:00,29635.5,29652,29615,29640.25,24722
2026-08-11T20:15:00+00:00,29640.5,29677,29639.25,29674.5,9879
2026-08-11T20:30:00+00:00,29674.25,29677.5,29665,29670.75,5527
2026-08-11T20:45:00+00:00,29670.5,29671.5,29643.5,29647.25,4719
2026-08-11T22:00:00+00:00,29663,29664,29628.5,29658.75,4714
2026-08-11T22:15:00+00:00,29659,29661.5,29650.25,29654.25,3428
2026-08-11T22:30:00+00:00,29654,29667.25,29636.75,29639,5785
2026-08-11T22:45:00+00:00,29639.25,29654,29633.75,29649.75,4526
2026-08-11T23:00:00+00:00,29649.75,29655,29638,29643,4090
2026-08-11T23:15:00+00:00,29642.75,29654.75,29640.5,29652.5,2648
2026-08-11T23:30:00+00:00,29652.25,29653,29636,29640.5,3756
2026-08-11T23:45:00+00:00,29641.25,29665.25,29634,29662.5,7393
2026-08-12T00:00:00+00:00,29662,29671.5,29625,29650,20385
2026-08-12T00:15:00+00:00,29649.75,29676,29638.25,29664.75,13308
2026-08-12T00:30:00+00:00,29665.25,29681.5,29652.5,29661.5,11156
2026-08-12T00:45:00+00:00,29661,29672,29655.5,29667.5,7064
2026-08-12T01:00:00+00:00,29666.25,29681,29659.75,29674,9928
2026-08-12T01:15:00+00:00,29674,29675.5,29639,29663,12103
2026-08-12T01:30:00+00:00,29663,29678.75,29645.25,29678.25,9504
2026-08-12T01:45:00+00:00,29677.25,29684.75,29646,29658.5,11097
2026-08-12T02:00:00+00:00,29658.5,29671,29649.5,29657.75,7015
2026-08-12T02:15:00+00:00,29657.75,29678.5,29654,29677,5341
2026-08-12T02:30:00+00:00,29677.25,29694.5,29675.25,29688,7145
2026-08-12T02:45:00+00:00,29688,29703.75,29687.75,29702.25,5383
2026-08-12T03:00:00+00:00,29702.25,29710.5,29695,29706,6243
2026-08-12T03:15:00+00:00,29705.5,29708.5,29694,29702.75,4016
2026-08-12T03:30:00+00:00,29702.5,29705,29688.5,29691.75,4909
2026-08-12T03:45:00+00:00,29692.25,29701.25,29684,29695,5263
2026-08-12T04:00:00+00:00,29694,29698,29691.5,29697,3994
2026-08-12T04:15:00+00:00,29697,29702.75,29689.75,29697.5,2537
2026-08-12T04:30:00+00:00,29697.5,29699.5,29683,29697.25,4608
2026-08-12T04:45:00+00:00,29696.75,29716.75,29691.5,29713.5,4919
2026-08-12T05:00:00+00:00,29714,29714.5,29684.75,29684.75,5302
2026-08-12T05:15:00+00:00,29684.5,29691.25,29668,29688.25,7345
2026-08-12T05:30:00+00:00,29688.75,29708.75,29686.5,29700,5180
2026-08-12T05:45:00+00:00,29699.5,29718.5,29697,29715.5,4202
2026-08-12T06:00:00+00:00,29715.5,29724.5,29707,29713.75,5716
2026-08-12T06:15:00+00:00,29713.25,29721,29697.75,29709.75,5669
2026-08-12T06:30:00+00:00,29709.5,29730.5,29705.25,29718.5,5805
2026-08-12T06:45:00+00:00,29718.5,29737.5,29717.75,29736.25,5162
2026-08-12T07:00:00+00:00,29736.5,29754.75,29735,29741,9610
2026-08-12T07:15:00+00:00,29741,29748.25,29728,29738.75,4441
2026-08-12T07:30:00+00:00,29738,29744.25,29729.75,29741,3754
2026-08-12T07:45:00+00:00,29741,29751,29730.25,29750.75,3533
2026-08-12T08:00:00+00:00,29751.25,29781.25,29748,29771,10037
2026-08-12T08:15:00+00:00,29771.5,29792.75,29763.5,29785.75,6534
2026-08-12T08:30:00+00:00,29785.5,29787,29762.5,29774,5137
2026-08-12T08:45:00+00:00,29773.5,29799.5,29771,29793.5,4920
2026-08-12T09:00:00+00:00,29794,29812,29793,29808,5772
2026-08-12T09:15:00+00:00,29808.25,29849,29804.25,29823.5,11679
2026-08-12T09:30:00+00:00,29823.5,29839,29822.75,29829,5149
2026-08-12T09:45:00+00:00,29830,29834.75,29802.5,29815.75,8150
2026-08-12T10:00:00+00:00,29815.75,29842.5,29814.5,29838.25,5389
2026-08-12T10:15:00+00:00,29838.25,29845.25,29833.5,29839,3867
2026-08-12T10:30:00+00:00,29839.25,29844,29832.25,29841.25,3643
2026-08-12T10:45:00+00:00,29840.75,29841.5,29782.25,29815.5,10820
2026-08-12T11:00:00+00:00,29815.25,29837.75,29813.75,29821.25,7279
2026-08-12T11:15:00+00:00,29821.25,29822,29805.5,29810.5,6072
2026-08-12T11:30:00+00:00,29810,29832,29806,29825.5,6361
2026-08-12T11:45:00+00:00,29825.5,29847.75,29819,29845.5,5687
2026-08-12T12:00:00+00:00,29846,29858,29829,29829.5,9266
2026-08-12T12:15:00+00:00,29829.5,29917.5,29820.75,29909.5,15913
2026-08-12T12:30:00+00:00,29904.25,29950,29745,29917.5,51005
2026-08-12T12:45:00+00:00,29917,29922.25,29900,29919.75,18874
2026-08-12T13:00:00+00:00,29919.25,29941.5,29916.25,29940,21069
2026-08-12T13:15:00+00:00,29939,29992.25,29935.75,29991.75,33002
2026-08-12T13:30:00+00:00,29991.75,30001.5,29853.25,29899.75,182650
2026-08-12T13:45:00+00:00,29900,29970,29860,29907.25,155315
2026-08-12T14:00:00+00:00,29907.25,29937,29848.25,29893.5,118710
2026-08-12T14:15:00+00:00,29893,29946.25,29864.25,29916.5,92938
2026-08-12T14:30:00+00:00,29916.5,29928.75,29835.75,29924.5,95804
2026-08-12T14:45:00+00:00,29924.75,29931.75,29848.5,29867.25,79023
2026-08-12T15:00:00+00:00,29867.5,29891.25,29838.75,29879.5,68771
2026-08-12T15:15:00+00:00,29880.25,29887.5,29843.5,29874.5,48800
2026-08-12T15:30:00+00:00,29874.5,29880,29818.75,29828.5,60713
2026-08-12T15:45:00+00:00,29828.5,29854,29819,29831.75,36268
2026-08-12T16:00:00+00:00,29832.25,29878.25,29829,29873.25,39180
2026-08-12T16:15:00+00:00,29873.5,29888,29858,29873.75,30342
2026-08-12T16:30:00+00:00,29873.5,29894.75,29850.75,29885,39185
2026-08-12T16:45:00+00:00,29885.25,29917.5,29879.25,29905.5,30483
2026-08-12T17:00:00+00:00,29905.75,29924.5,29896.75,29911.25,27589
2026-08-12T17:15:00+00:00,29911,29920,29888.25,29910,29154
2026-08-12T17:30:00+00:00,29909.75,29922.25,29900.75,29915.25,21215
2026-08-12T17:45:00+00:00,29915.5,29924,29901.5,29909.75,20302
2026-08-12T18:00:00+00:00,29910.25,29918.75,29891,29907.5,24373
2026-08-12T18:15:00+00:00,29907,29914,29889.75,29894,21922
2026-08-12T18:30:00+00:00,29894.25,29928.75,29893.5,29919,21816
2026-08-12T18:45:00+00:00,29919.5,29923.25,29884.75,29890.25,27906
2026-08-12T19:00:00+00:00,29890.25,29905,29877.5,29884.25,26491
2026-08-12T19:15:00+00:00,29884.25,29898.5,29856,29867.5,32703
2026-08-12T19:30:00+00:00,29867.25,29868.25,29831.75,29849.75,37583
2026-08-12T19:45:00+00:00,29849,29870,29825.5,29852.75,61943
2026-08-12T20:00:00+00:00,29852.75,29906,29831.25,29847,34917
2026-08-12T20:15:00+00:00,29846.75,29851.5,29814,29819.5,11625
2026-08-12T20:30:00+00:00,29819.75,29823.5,29809.5,29820.5,7642
2026-08-12T20:45:00+00:00,29820.75,29823,29802,29807.25,5028
2026-08-12T22:00:00+00:00,29820.25,29832.75,29800.5,29805.5,5070
2026-08-12T22:15:00+00:00,29805.25,29809,29784,29793.75,7799
2026-08-12T22:30:00+00:00,29793.75,29796,29780.5,29792.25,6539
2026-08-12T22:45:00+00:00,29792.25,29804,29788.25,29797.25,4320
2026-08-12T23:00:00+00:00,29797.75,29817.25,29796.25,29809.25,5978
2026-08-12T23:15:00+00:00,29809.25,29812.75,29801.75,29805.5,3808
2026-08-12T23:30:00+00:00,29805.25,29816.25,29792.5,29811,5814
2026-08-12T23:45:00+00:00,29810.75,29812.75,29793,29805.25,6500
2026-08-13T00:00:00+00:00,29805,29864.25,29796.5,29847,18972
2026-08-13T00:15:00+00:00,29847.75,29866.5,29838,29838.75,11628
2026-08-13T00:30:00+00:00,29839.75,29852.75,29826.75,29841.75,11539
2026-08-13T00:45:00+00:00,29841.5,29850,29829,29846.5,9020
2026-08-13T01:00:00+00:00,29846.75,29852.25,29821.25,29830.5,12478
2026-08-13T01:15:00+00:00,29830.75,29838.25,29808.25,29817.75,8957
2026-08-13T01:30:00+00:00,29817.5,29843.75,29813.75,29836.75,8849
2026-08-13T01:45:00+00:00,29837,29865.75,29828,29857.5,9374
2026-08-13T02:00:00+00:00,29857.5,29872,29853.75,29862,6735
2026-08-13T02:15:00+00:00,29862,29869.5,29857,29861.75,4494
2026-08-13T02:30:00+00:00,29861.5,29877.75,29831,29873.5,12684
2026-08-13T02:45:00+00:00,29873.75,29875,29865,29868.75,4325
2026-08-13T03:00:00+00:00,29868.5,29876,29865.5,29874,3147
2026-08-13T03:15:00+00:00,29874,29879.5,29871.25,29874,2968
2026-08-13T03:30:00+00:00,29874.75,29880.25,29865.5,29875.75,3160
2026-08-13T03:45:00+00:00,29876.75,29881,29875,29878.5,2033
2026-08-13T04:00:00+00:00,29885.5,29892.25,29869,29870,5818
2026-08-13T04:15:00+00:00,29870,29884,29854,29876.75,8192
2026-08-13T04:30:00+00:00,29876.75,29895.75,29876,29879,5340
2026-08-13T04:45:00+00:00,29879,29895,29873,29878.5,4708
2026-08-13T05:00:00+00:00,29879.75,29916.75,29874,29915,7092
2026-08-13T05:15:00+00:00,29915.25,29922.5,29908,29920.75,6169
2026-08-13T05:30:00+00:00,29921,29924.25,29896.75,29903,8048
2026-08-13T05:45:00+00:00,29903,29908.5,29882.5,29883.75,5078
2026-08-13T06:00:00+00:00,29884.25,29896.5,29868.5,29893,8881
2026-08-13T06:15:00+00:00,29894,29905.75,29885.25,29897.5,4339
2026-08-13T06:30:00+00:00,29897.75,29905.5,29860.75,29862.75,8016
2026-08-13T06:45:00+00:00,29862.5,29890.5,29858.5,29888.25,5950
2026-08-13T07:00:00+00:00,29887.75,29893.5,29843.75,29853,10093
2026-08-13T07:15:00+00:00,29853.25,29873.5,29847.5,29871,6176
2026-08-13T07:30:00+00:00,29869.75,29882,29861,29879.5,4678
2026-08-13T07:45:00+00:00,29879.75,29881,29858,29860,4434
2026-08-13T08:00:00+00:00,29860,29872,29828.75,29838.25,14252
2026-08-13T08:15:00+00:00,29838.5,29864.75,29827.5,29858.5,7285
2026-08-13T08:30:00+00:00,29859,29865.75,29846,29862.75,4993
2026-08-13T08:45:00+00:00,29863,29875.25,29854.5,29861.5,5174
2026-08-13T09:00:00+00:00,29861.5,29868.5,29832.5,29832.5,5443
2026-08-13T09:15:00+00:00,29832.25,29849.75,29821.25,29837.5,5951
2026-08-13T09:30:00+00:00,29837,29861.75,29836.25,29860.75,4247
2026-08-13T09:45:00+00:00,29860.5,29879.75,29857.5,29877.5,4742
2026-08-13T10:00:00+00:00,29876.5,29878.25,29863,29875,4956
2026-08-13T10:15:00+00:00,29875.5,29884.5,29864,29872.5,4727
2026-08-13T10:30:00+00:00,29873.75,29881.25,29868.25,29877.75,3049
2026-08-13T10:45:00+00:00,29878,29886.25,29874.75,29880.5,3453
2026-08-13T11:00:00+00:00,29881,29892.25,29870,29872.5,5545
2026-08-13T11:15:00+00:00,29873,29876,29855.25,29862.25,5815
2026-08-13T11:30:00+00:00,29863,29888.75,29856.75,29888,6603
2026-08-13T11:45:00+00:00,29887.75,29895,29867,29869,7814
2026-08-13T12:00:00+00:00,29868.25,29872,29831.5,29841,13390
2026-08-13T12:15:00+00:00,29841,29868.25,29813,29836.75,13897
2026-08-13T12:30:00+00:00,29853.25,29894,29820,29846,25551
2026-08-13T12:45:00+00:00,29845.5,29881.5,29839.5,29880.25,13260
2026-08-13T13:00:00+00:00,29880.5,29921,29878.75,29908.5,23439
2026-08-13T13:15:00+00:00,29908.25,29920,29899.75,29910.75,15657
2026-08-13T13:30:00+00:00,29910.25,30053.75,29862.75,30013,187371
2026-08-13T13:45:00+00:00,30012.75,30181,30005.5,30176,128955
2026-08-13T14:00:00+00:00,30175.75,30214.5,30155.75,30205.5,81128
2026-08-13T14:15:00+00:00,30205.5,30237.75,30185,30233.75,66042
2026-08-13T14:30:00+00:00,30233.5,30267,30227.5,30236,69726
2026-08-13T14:45:00+00:00,30236,30241.5,30197.75,30199.5,72148
2026-08-13T15:00:00+00:00,30199.25,30233.5,30194,30217.5,68216
2026-08-13T15:15:00+00:00,30217.75,30240.25,30179.25,30188.5,70244
2026-08-13T15:30:00+00:00,30188.25,30198.25,30128.5,30156.75,89243
2026-08-13T15:45:00+00:00,30156.75,30156.75,30104,30115.25,61401
2026-08-13T16:00:00+00:00,30115.25,30173.25,30114,30141.5,49308
2026-08-13T16:15:00+00:00,30141,30189.25,30133.25,30187,37858
2026-08-13T16:30:00+00:00,30186.75,30199.75,30168,30183.5,32819
2026-08-13T16:45:00+00:00,30183.25,30203.5,30176.25,30193.5,26465
2026-08-13T17:00:00+00:00,30194,30233,30192.75,30226,31572
2026-08-13T17:15:00+00:00,30226.25,30250.25,30224.25,30237.5,28653
2026-08-13T17:30:00+00:00,30237.75,30244.5,30212.25,30214.5,24881
2026-08-13T17:45:00+00:00,30214.5,30228.25,30203.5,30204.25,25735
2026-08-13T18:00:00+00:00,30205,30215.5,30189.25,30201.25,27318
2026-08-13T18:15:00+00:00,30201.5,30208,30181,30192,26874
2026-08-13T18:30:00+00:00,30192.25,30236.75,30191.5,30228.5,33205
2026-08-13T18:45:00+00:00,30229,30246,30228.25,30244,22627
2026-08-13T19:00:00+00:00,30244.25,30273.25,30231.75,30238.75,40255
2026-08-13T19:15:00+00:00,30238.5,30245.75,30214.75,30222.75,37698
2026-08-13T19:30:00+00:00,30223,30227.75,30202.75,30204.75,32869
2026-08-13T19:45:00+00:00,30204.75,30207.5,30173.5,30194.5,54128
2026-08-13T20:00:00+00:00,30194.25,30219.5,30141,30208.75,31108
2026-08-13T20:15:00+00:00,30208.25,30214.25,30191.25,30198.5,7130
2026-08-13T20:30:00+00:00,30197.5,30215.5,30194.5,30209.75,4780
2026-08-13T20:45:00+00:00,30209.5,30219.5,30206.5,30216.25,4199
2026-08-13T22:00:00+00:00,30213,30218,30186.75,30196.5,4570
2026-08-13T22:15:00+00:00,30196.25,30206.5,30189.75,30198.25,4058
2026-08-13T22:30:00+00:00,30198.25,30210,30197.5,30207.25,3801
2026-08-13T22:45:00+00:00,30206.75,30207.5,30199.75,30204.5,2054
2026-08-13T23:00:00+00:00,30203,30225.75,30199.25,30224.75,5411
2026-08-13T23:15:00+00:00,30224.75,30227.25,30192.25,30199,8039
2026-08-13T23:30:00+00:00,30199,30204.25,30193,30196.5,4546
2026-08-13T23:45:00+00:00,30196.5,30205.25,30188.75,30203.25,5087
2026-08-14T00:00:00+00:00,30203.25,30232.5,30196,30200.5,18781
2026-08-14T00:15:00+00:00,30200.75,30204.5,30177,30185,11029
2026-08-14T00:30:00+00:00,30184.5,30191.75,30173.75,30178.5,7176
2026-08-14T00:45:00+00:00,30179.25,30186.75,30165.25,30169.75,8306
2026-08-14T01:00:00+00:00,30169.5,30169.75,30124.25,30128.75,19575
2026-08-14T01:15:00+00:00,30129,30154.75,30124.25,30152.5,12561
2026-08-14T01:30:00+00:00,30152.75,30164.75,30140.5,30160.25,8781
2026-08-14T01:45:00+00:00,30159.75,30168.5,30149.5,30151.75,7402
2026-08-14T02:00:00+00:00,30152,30173.25,30149,30167.5,8016
2026-08-14T02:15:00+00:00,30167.25,30170.25,30156.25,30168,4907
2026-08-14T02:30:00+00:00,30168,30181,30167,30174.5,7028
2026-08-14T02:45:00+00:00,30174.5,30179.5,30149,30154.25,6967
2026-08-14T03:00:00+00:00,30154.5,30165.25,30150.75,30162.5,5035
2026-08-14T03:15:00+00:00,30162.25,30180.75,30161,30180,4667
2026-08-14T03:30:00+00:00,30180.5,30188.25,30155.5,30158.25,6250
2026-08-14T03:45:00+00:00,30157.5,30162.75,30152.75,30153.75,2794
2026-08-14T04:00:00+00:00,30158,30161,30147.5,30155.5,6297
2026-08-14T04:15:00+00:00,30155,30165.5,30150.25,30157.75,4132
2026-08-14T04:30:00+00:00,30158,30164,30136.5,30154.5,5849
2026-08-14T04:45:00+00:00,30154.75,30155.25,30145,30147.25,2479
2026-08-14T05:00:00+00:00,30147.5,30152.25,30128,30143,6096
2026-08-14T05:15:00+00:00,30144,30153.75,30138,30149.75,4283
2026-08-14T05:30:00+00:00,30149.75,30168,30140,30167,5178
2026-08-14T05:45:00+00:00,30166.75,30184,30164.75,30174,5435
2026-08-14T06:00:00+00:00,30174,30178.5,30149.5,30152.5,5991
2026-08-14T06:15:00+00:00,30153,30164.75,30145.75,30162.5,3940
2026-08-14T06:30:00+00:00,30162.25,30165.5,30149.25,30160,3440
2026-08-14T06:45:00+00:00,30160,30177.5,30160,30172.5,4002
2026-08-14T07:00:00+00:00,30173,30194.5,30171,30175.25,9354
2026-08-14T07:15:00+00:00,30175.25,30181.75,30171,30176.75,3502
2026-08-14T07:30:00+00:00,30177.5,30203.75,30173,30203.25,5209
2026-08-14T07:45:00+00:00,30203,30203.25,30191,30194.5,4834
2026-08-14T08:00:00+00:00,30194.5,30235,30187,30214,14386
2026-08-14T08:15:00+00:00,30213.5,30231.75,30200.25,30225.25,7956
2026-08-14T08:30:00+00:00,30225.5,30241,30221.5,30228,7172
2026-08-14T08:45:00+00:00,30228.25,30244.5,30220.5,30221.75,4262
2026-08-14T09:00:00+00:00,30221.25,30222,30210.25,30218.75,4483
2026-08-14T09:15:00+00:00,30218.5,30232.75,30214.5,30226.5,4609
2026-08-14T09:30:00+00:00,30226,30226.75,30206,30210.5,4652
2026-08-14T09:45:00+00:00,30210.5,30236.5,30207.25,30235,4944
2026-08-14T10:00:00+00:00,30234.25,30250,30233.25,30240.75,6236
2026-08-14T10:15:00+00:00,30241,30241.5,30222.5,30229,5141
2026-08-14T10:30:00+00:00,30229,30238.5,30223.5,30236.75,4685
2026-08-14T10:45:00+00:00,30236.75,30252.5,30233,30251.75,6273
2026-08-14T11:00:00+00:00,30251.5,30262.25,30246.75,30254.25,7683
2026-08-14T11:15:00+00:00,30254,30254.75,30241.75,30247.5,4946
2026-08-14T11:30:00+00:00,30247.75,30259.25,30237.25,30251.25,6610
2026-08-14T11:45:00+00:00,30251.5,30268,30249.75,30264,6498
2026-08-14T12:00:00+00:00,30264.5,30280.25,30206.75,30237,17606
2026-08-14T12:15:00+00:00,30237,30257,30226.25,30248.75,10884
2026-08-14T12:30:00+00:00,30251,30279.5,30246.75,30266,14994
2026-08-14T12:45:00+00:00,30266.25,30279.5,30254,30268.5,11733
2026-08-14T13:00:00+00:00,30268.25,30287.25,30252.5,30253.5,13289
2026-08-14T13:15:00+00:00,30253.5,30262,30235.25,30241,20132
2026-08-14T13:30:00+00:00,30241.25,30269.5,30170,30260.5,179142
2026-08-14T13:45:00+00:00,30260.5,30280.75,30205,30226.5,143486
2026-08-14T14:00:00+00:00,30226.25,30272.25,30203,30221.25,97259
2026-08-14T14:15:00+00:00,30221.75,30229.5,30134.25,30160,120158
2026-08-14T14:30:00+00:00,30159.5,30176.25,30129,30155.5,87625
2026-08-14T14:45:00+00:00,30155.75,30166,30122.75,30122.75,53560
2026-08-14T15:00:00+00:00,30123,30145,30087.5,30090.25,72895
2026-08-14T15:15:00+00:00,30090.75,30111,30032.5,30072.75,86887
2026-08-14T15:30:00+00:00,30072.5,30074.5,30028.5,30049.25,58202
2026-08-14T15:45:00+00:00,30049.25,30073,30025,30066,56517
2026-08-14T16:00:00+00:00,30066.5,30084.5,30049.75,30080,47164
2026-08-14T16:15:00+00:00,30080.25,30107.5,30075.5,30101.5,34636
2026-08-14T16:30:00+00:00,30101,30102.25,30062.25,30067.25,47321
2026-08-14T16:45:00+00:00,30067,30076.75,30054.25,30058.5,31192
2026-08-14T17:00:00+00:00,30059,30079.75,30052.25,30069.25,29972
2026-08-14T17:15:00+00:00,30069.25,30076.5,30047,30059.75,30291
2026-08-14T17:30:00+00:00,30059.25,30072.25,30051,30058.25,26027
2026-08-14T17:45:00+00:00,30058.25,30084.5,30050,30081.25,24626
2026-08-14T18:00:00+00:00,30081.25,30091.75,30072.5,30079.25,22752
2026-08-14T18:15:00+00:00,30078.5,30093.5,30065,30067.25,23707
2026-08-14T18:30:00+00:00,30067.25,30090.25,30062.5,30087.25,22803
2026-08-14T18:45:00+00:00,30087.25,30104,30078,30088.25,23161
2026-08-14T19:00:00+00:00,30088.5,30094.75,30073,30083.25,23679
2026-08-14T19:15:00+00:00,30083,30103.75,30075,30096.25,20868
2026-08-14T19:30:00+00:00,30096.25,30115.5,30091.25,30108.75,25939
2026-08-14T19:45:00+00:00,30109,30148,30101,30144.5,48239
2026-08-14T20:00:00+00:00,30144.5,30153,30130,30133,23938
2026-08-14T20:15:00+00:00,30133.5,30135.25,30126.5,30131.25,4473
2026-08-14T20:30:00+00:00,30130.75,30144.5,30128.25,30142,5098
2026-08-14T20:45:00+00:00,30142.25,30154.75,30138.5,30141.75,4199
2026-08-16T22:00:00+00:00,30192,30203,30188.5,30197,2516
2026-08-16T22:15:00+00:00,30197.5,30201.25,30189.75,30193.5,4303
2026-08-16T22:30:00+00:00,30193.75,30196.5,30189,30191.25,2895
2026-08-16T22:45:00+00:00,30191.5,30212,30187.75,30206,7979
2026-08-16T23:00:00+00:00,30205.25,30207.25,30195,30196.5,4646
2026-08-16T23:15:00+00:00,30197,30204.5,30191.5,30197.75,5480
2026-08-16T23:30:00+00:00,30197.5,30206.5,30193,30205.5,3995
2026-08-16T23:45:00+00:00,30205.25,30228,30204.5,30215,10407
2026-08-17T00:00:00+00:00,30215.5,30227.25,30207.75,30218.75,12884
2026-08-17T00:15:00+00:00,30219,30219.25,30189.5,30195.5,12051
2026-08-17T00:30:00+00:00,30195.75,30198.25,30185.25,30190.25,7826
2026-08-17T00:45:00+00:00,30189.75,30203,30185.75,30201.25,5745
2026-08-17T01:00:00+00:00,30201.25,30237.25,30200,30213.75,18061
2026-08-17T01:15:00+00:00,30213.75,30245,30204,30229.5,13295
2026-08-17T01:30:00+00:00,30230.25,30232.75,30191,30199.5,16086
2026-08-17T01:45:00+00:00,30199,30203,30186.5,30192,7041
2026-08-17T02:00:00+00:00,30192.5,30201.5,30185.75,30200.75,6653
2026-08-17T02:15:00+00:00,30200.75,30222.25,30197.75,30216.5,8661
2026-08-17T02:30:00+00:00,30216,30225.75,30211.25,30221.5,5449
2026-08-17T02:45:00+00:00,30220.5,30231,30219.75,30221.75,5594
2026-08-17T03:00:00+00:00,30222.5,30235,30221.25,30226.5,5543
2026-08-17T03:15:00+00:00,30226.25,30235.75,30226,30234,3409
2026-08-17T03:30:00+00:00,30234,30249,30225,30241,6469
2026-08-17T03:45:00+00:00,30241,30246.5,30239.25,30245.5,2729
2026-08-17T04:00:00+00:00,30246.25,30254.75,30243.75,30251.5,4701
2026-08-17T04:15:00+00:00,30251.25,30251.25,30240,30240.25,4297
2026-08-17T04:30:00+00:00,30240.5,30244.75,30234,30244.75,4305
2026-08-17T04:45:00+00:00,30244.5,30248.75,30233,30235.25,4225
2026-08-17T05:00:00+00:00,30235.25,30247,30234.25,30242.25,3930
2026-08-17T05:15:00+00:00,30242.75,30246.5,30230.25,30244.25,3786
2026-08-17T05:30:00+00:00,30244.25,30262.75,30237.25,30262.75,7354
2026-08-17T05:45:00+00:00,30262.75,30275.25,30260.5,30272.75,5797
2026-08-17T06:00:00+00:00,30272.5,30295,30267.25,30287.5,9197
2026-08-17T06:15:00+00:00,30288,30299.75,30272.25,30296.75,7810
2026-08-17T06:30:00+00:00,30296.5,30327.5,30293.25,30313.75,10973
2026-08-17T06:45:00+00:00,30313.5,30325.5,30311.25,30324.75,4527
2026-08-17T07:00:00+00:00,30324.5,30331.75,30273.75,30275.5,12672
2026-08-17T07:15:00+00:00,30276,30280.5,30260,30280,11217
2026-08-17T07:30:00+00:00,30280,30324.25,30276.75,30318.25,9950
2026-08-17T07:45:00+00:00,30318,30322.75,30305.5,30312.25,5362
2026-08-17T08:00:00+00:00,30312.5,30328,30296.25,30307,9691
2026-08-17T08:15:00+00:00,30306.75,30320,30302.75,30315,4556
2026-08-17T08:30:00+00:00,30315.75,30319.5,30287.5,30288.25,5785
2026-08-17T08:45:00+00:00,30287.75,30306,30283.75,30298.25,5973
2026-08-17T09:00:00+00:00,30298,30303,30288,30297.5,4508
2026-08-17T09:15:00+00:00,30298,30298.25,30267,30274.5,6115
2026-08-17T09:30:00+00:00,30274.5,30283,30267.5,30282,4635
2026-08-17T09:45:00+00:00,30281.75,30291.5,30276.25,30281,5129
2026-08-17T10:00:00+00:00,30281.25,30304.5,30273.75,30295,5691
2026-08-17T10:15:00+00:00,30295.25,30339.75,30279,30337.5,11350
2026-08-17T10:30:00+00:00,30337.25,30338.25,30292,30310.5,11206
2026-08-17T10:45:00+00:00,30311,30317.25,30304.5,30315,3195
2026-08-17T11:00:00+00:00,30315,30325.25,30295.75,30299.75,8799
2026-08-17T11:15:00+00:00,30300.25,30307.25,30284,30299.25,6855
2026-08-17T11:30:00+00:00,30299.75,30306.75,30292.25,30304.5,4812
2026-08-17T11:45:00+00:00,30304.5,30311,30286,30286,6247
2026-08-17T12:00:00+00:00,30286.75,30288.75,30246.75,30278.75,16645
2026-08-17T12:15:00+00:00,30279,30280.75,30221.25,30236.5,18213
2026-08-17T12:30:00+00:00,30238,30250.25,30183,30190,23412
2026-08-17T12:45:00+00:00,30190,30213.5,30180,30202,18945
2026-08-17T13:00:00+00:00,30202.25,30227.5,30198.75,30218.75,14773
2026-08-17T13:15:00+00:00,30219,30238.25,30205.25,30218,22711
2026-08-17T13:30:00+00:00,30218,30265.75,30165.25,30196,191112
2026-08-17T13:45:00+00:00,30196.25,30254.75,30174.25,30234.5,109706
2026-08-17T14:00:00+00:00,30235,30244.25,30160.5,30224.75,104707
2026-08-17T14:15:00+00:00,30224.5,30225.75,30156.5,30198.25,79688
2026-08-17T14:30:00+00:00,30197.25,30217,30185.75,30203.5,51984
2026-08-17T14:45:00+00:00,30204.75,30246,30199.75,30243.5,56484
2026-08-17T15:00:00+00:00,30243.75,30286.75,30232.5,30257.5,74035
2026-08-17T15:15:00+00:00,30257.75,30279,30255,30269.25,40495
2026-08-17T15:30:00+00:00,30269.75,30273,30201.25,30227.75,68559
2026-08-17T15:45:00+00:00,30228,30250,30214.75,30239.25,36059
2026-08-17T16:00:00+00:00,30239.5,30243.75,30200,30203.75,43596
2026-08-17T16:15:00+00:00,30203.75,30218.5,30195,30207,26336
2026-08-17T16:30:00+00:00,30207.5,30213,30182.25,30183.75,25410
2026-08-17T16:45:00+00:00,30184,30193.25,30175.25,30183.5,25000
2026-08-17T17:00:00+00:00,30183.75,30188,30128,30129.25,42361
2026-08-17T17:15:00+00:00,30129,30142.25,30093.5,30097,65010
2026-08-17T17:30:00+00:00,30096.75,30128.5,30086.25,30123.25,51409
2026-08-17T17:45:00+00:00,30123.25,30127.75,30096.5,30102.25,28959
2026-08-17T18:00:00+00:00,30102,30114.5,30079,30100.25,40036
2026-08-17T18:15:00+00:00,30100,30114,30089.25,30103.5,27152
2026-08-17T18:30:00+00:00,30103.5,30120,30092.5,30117.5,20520
2026-08-17T18:45:00+00:00,30117.5,30136.5,30115.25,30122,22846
2026-08-17T19:00:00+00:00,30122.5,30124.25,30083.5,30084.5,30666
2026-08-17T19:15:00+00:00,30084.25,30114.25,30082,30093.25,35620
2026-08-17T19:30:00+00:00,30093.5,30111.75,30088.25,30102.5,27098
2026-08-17T19:45:00+00:00,30103,30123.5,30066.5,30091,56494
2026-08-17T20:00:00+00:00,30090.75,30097.75,30069.75,30078,20643
2026-08-17T20:15:00+00:00,30078,30082.25,30068.5,30078.25,5241
2026-08-17T20:30:00+00:00,30077.75,30080.25,30060,30064.5,6927
2026-08-17T20:45:00+00:00,30064,30080.25,30053.25,30080.25,6625
2026-08-17T22:00:00+00:00,30078.75,30091.5,30069.75,30073.5,4599
2026-08-17T22:15:00+00:00,30074.5,30087,30062,30076,6428
2026-08-17T22:30:00+00:00,30075,30077.25,30067,30071.25,3831
2026-08-17T22:45:00+00:00,30071,30083.75,30069.25,30078.25,3465
2026-08-17T23:00:00+00:00,30079.25,30087.5,30070,30081.5,4430
2026-08-17T23:15:00+00:00,30081.5,30089.75,30071.5,30084,4415
2026-08-17T23:30:00+00:00,30083.25,30101.25,30081.75,30096.5,7071
2026-08-17T23:45:00+00:00,30096,30100.5,30080.5,30095,8947
2026-08-18T00:00:00+00:00,30094.25,30104,30081.5,30100.25,11006
2026-08-18T00:15:00+00:00,30101,30114.25,30091.25,30101.25,9537
2026-08-18T00:30:00+00:00,30100.75,30113.25,30098.25,30112.5,6532
2026-08-18T00:45:00+00:00,30111.75,30124.25,30095,30098.5,9677
2026-08-18T01:00:00+00:00,30099,30110,30089.5,30109.75,9532
2026-08-18T01:15:00+00:00,30109.25,30109.75,30075,30087.25,11021
2026-08-18T01:30:00+00:00,30087,30095,30040.5,30049.25,17597
2026-08-18T01:45:00+00:00,30049.75,30058.25,29968.5,30012,30860
2026-08-18T02:00:00+00:00,30012.25,30021.75,29961.25,29966.25,19736
2026-08-18T02:15:00+00:00,29966,29971.25,29920.5,29933,27699
2026-08-18T02:30:00+00:00,29932.75,29959.5,29906,29910,20788
2026-08-18T02:45:00+00:00,29909.25,29921,29879.25,29908.5,23606
2026-08-18T03:00:00+00:00,29909.25,29916,29888.25,29894.5,10120
2026-08-18T03:15:00+00:00,29894,29897.5,29860,29879.75,15131
2026-08-18T03:30:00+00:00,29879.5,29898,29853,29895.5,16765
2026-08-18T03:45:00+00:00,29894.5,29915,29881.75,29899,12025
2026-08-18T04:00:00+00:00,29888.5,29899.75,29888.5,29897.75,10929
2026-08-18T04:15:00+00:00,29897.75,29920,29878.75,29911.25,10061
2026-08-18T04:30:00+00:00,29911.75,29921.25,29891.5,29900,9537
2026-08-18T04:45:00+00:00,29900.75,29927.75,29895.25,29917.75,8233
2026-08-18T05:00:00+00:00,29917.5,29919.25,29862,29879.5,13087
2026-08-18T05:15:00+00:00,29879.75,29887.25,29873.5,29875.75,5491
2026-08-18T05:30:00+00:00,29876.25,29876.75,29861.5,29865.5,7536
2026-08-18T05:45:00+00:00,29865.25,29881.5,29820,29840.25,11521
2026-08-18T06:00:00+00:00,29841,29845,29785.5,29835.75,23345
2026-08-18T06:15:00+00:00,29835.75,29866.75,29820,29860,13542
2026-08-18T06:30:00+00:00,29859.75,29876.5,29852.25,29866,8020
2026-08-18T06:45:00+00:00,29866.5,29895.75,29862.75,29893,6735
2026-08-18T07:00:00+00:00,29892,29897,29861.25,29861.5,11251
2026-08-18T07:15:00+00:00,29862.5,29871.5,29845.75,29847.25,7489
2026-08-18T07:30:00+00:00,29848,29854.5,29821.5,29826,10844
2026-08-18T07:45:00+00:00,29825.25,29842,29808.75,29810.25,8954
2026-08-18T08:00:00+00:00,29811,29814.25,29737.5,29766.5,32021
2026-08-18T08:15:00+00:00,29767.5,29785.5,29735,29758.25,14881
2026-08-18T08:30:00+00:00,29757.5,29793,29747.75,29782.25,10380
2026-08-18T08:45:00+00:00,29782,29783,29743,29766.75,10648
2026-08-18T09:00:00+00:00,29766,29778.5,29744,29765,11766
2026-08-18T09:15:00+00:00,29765.25,29771,29721.5,29735.25,12432
2026-08-18T09:30:00+00:00,29736,29741.75,29698.5,29712,15503
2026-08-18T09:45:00+00:00,29711.75,29737.5,29687,29733,15358
2026-08-18T10:00:00+00:00,29732.5,29743,29715.75,29722,10265
2026-08-18T10:15:00+00:00,29723,29745.75,29704,29727.5,9303
2026-08-18T10:30:00+00:00,29727.25,29747,29720.5,29728,7933
2026-08-18T10:45:00+00:00,29728,29753,29720.5,29739,7418
2026-08-18T11:00:00+00:00,29739,29772.5,29730.25,29768.25,13673
2026-08-18T11:15:00+00:00,29767.25,29774.25,29753.5,29757.5,9158
2026-08-18T11:30:00+00:00,29757.5,29760.5,29727,29755,12478
2026-08-18T11:45:00+00:00,29755.25,29774,29744.75,29747.5,11293
2026-08-18T12:00:00+00:00,29747.75,29785.5,29724.25,29734.5,16868
2026-08-18T12:15:00+00:00,29733.25,29760.25,29711.25,29713,15882
2026-08-18T12:30:00+00:00,29713.25,29723.75,29685.5,29688.75,16266
2026-08-18T12:45:00+00:00,29688.25,29721.25,29680.75,29714,15590
2026-08-18T13:00:00+00:00,29713.25,29726.75,29690.25,29696.25,16616
2026-08-18T13:15:00+00:00,29696.25,29709.25,29675,29690.5,22878
2026-08-18T13:30:00+00:00,29690.75,29770,29631,29687.5,232000
2026-08-18T13:45:00+00:00,29687.75,29700.5,29605,29647.5,144731
2026-08-18T14:00:00+00:00,29647.5,29706.5,29568.25,29587.25,141684
2026-08-18T14:15:00+00:00,29587,29684.5,29577.75,29669.25,127117
2026-08-18T14:30:00+00:00,29669.25,29691,29612.5,29613.25,91006
2026-08-18T14:45:00+00:00,29613.5,29625,29536.75,29547.75,92661
2026-08-18T15:00:00+00:00,29547.75,29571.25,29514,29546.25,88681
2026-08-18T15:15:00+00:00,29546.75,29600.25,29531.75,29591.25,64972
2026-08-18T15:30:00+00:00,29591.25,29610,29565.5,29598.5,62457
2026-08-18T15:45:00+00:00,29598.75,29641.25,29598.5,29636.5,56139
2026-08-18T16:00:00+00:00,29637,29662.75,29625.5,29646,46916
2026-08-18T16:15:00+00:00,29646.5,29657.25,29609.25,29610.25,47989
2026-08-18T16:30:00+00:00,29610,29650,29603.5,29629.75,43977
2026-08-18T16:45:00+00:00,29629.75,29671,29619,29650,39908
2026-08-18T17:00:00+00:00,29649.75,29661.25,29618.25,29635.25,42130
2026-08-18T17:15:00+00:00,29635.5,29635.75,29593,29615.5,35422
2026-08-18T17:30:00+00:00,29615.5,29622,29591.5,29603.75,32798
2026-08-18T17:45:00+00:00,29603.75,29615,29565.5,29566,30344
2026-08-18T18:00:00+00:00,29566,29580.5,29547.25,29575.25,38461
2026-08-18T18:15:00+00:00,29575.25,29614.75,29570.5,29603.25,38457
2026-08-18T18:30:00+00:00,29603,29613.5,29582.25,29586,28610
2026-08-18T18:45:00+00:00,29586.25,29597.75,29565.5,29571.5,26375
2026-08-18T19:00:00+00:00,29571.25,29586.25,29564.5,29572,24117
2026-08-18T19:15:00+00:00,29572,29606.25,29564.75,29599.5,28770
2026-08-18T19:30:00+00:00,29599.75,29605.75,29583,29600.5,31335
2026-08-18T19:45:00+00:00,29600.25,29609.5,29559,29586.5,60673
2026-08-18T20:00:00+00:00,29586.75,29597.25,29566,29573,18576
2026-08-18T20:15:00+00:00,29573.5,29580.75,29561,29578.5,5940
2026-08-18T20:30:00+00:00,29578.25,29586,29573.5,29577.25,4459
2026-08-18T20:45:00+00:00,29577.5,29578.75,29550.25,29560,7024
2026-08-18T22:00:00+00:00,29565.25,29582.5,29551.5,29574.25,3798
2026-08-18T22:15:00+00:00,29574.5,29593.75,29544.25,29546.5,10341
2026-08-18T22:30:00+00:00,29546.5,29552.5,29521.25,29531.75,10600
2026-08-18T22:45:00+00:00,29532.25,29537.25,29516.75,29520.25,8050
2026-08-18T23:00:00+00:00,29520,29543.5,29514.25,29533,11322
2026-08-18T23:15:00+00:00,29533.5,29568,29520.75,29546.5,12239
2026-08-18T23:30:00+00:00,29546.25,29549.5,29521,29534,8087
2026-08-18T23:45:00+00:00,29533.75,29554.25,29524.5,29528.25,9312
2026-08-19T00:00:00+00:00,29527.5,29529.25,29441,29460.5,34824
2026-08-19T00:15:00+00:00,29460,29530.25,29450,29529.75,24848
2026-08-19T00:30:00+00:00,29529.75,29575.75,29529.5,29570,20491
2026-08-19T00:45:00+00:00,29570,29586.25,29533.5,29541,18050
2026-08-19T01:00:00+00:00,29540,29599,29530.25,29585.75,24162
2026-08-19T01:15:00+00:00,29585.5,29609.75,29569.25,29601,19525
2026-08-19T01:30:00+00:00,29601,29605,29563.5,29576.5,16992
2026-08-19T01:45:00+00:00,29575.5,29584,29562.5,29577.5,10219
2026-08-19T02:00:00+00:00,29578.75,29583.75,29525.75,29533.25,14031
2026-08-19T02:15:00+00:00,29533,29564,29520.5,29543,18132
2026-08-19T02:30:00+00:00,29542.75,29546.5,29510,29523.25,10020
2026-08-19T02:45:00+00:00,29522.5,29543.75,29517.75,29531.5,9239
2026-08-19T03:00:00+00:00,29532,29555,29520,29531,9484
2026-08-19T03:15:00+00:00,29531.25,29551,29519.5,29534.25,7996
2026-08-19T03:30:00+00:00,29534,29567.5,29528.75,29531,9993
2026-08-19T03:45:00+00:00,29530.5,29545.75,29516.25,29527.25,7219
2026-08-19T04:00:00+00:00,29516,29522.25,29504.75,29516.5,8175
2026-08-19T04:15:00+00:00,29516.25,29543.5,29507,29533.75,8569
2026-08-19T04:30:00+00:00,29534.5,29541,29496.5,29500,10301
2026-08-19T04:45:00+00:00,29500,29507.25,29464,29505.75,13191
2026-08-19T05:00:00+00:00,29505.75,29535,29482,29489,15130
2026-08-19T05:15:00+00:00,29489,29510,29466,29508.5,11256
2026-08-19T05:30:00+00:00,29508.25,29512.25,29459.5,29473.5,11091
2026-08-19T05:45:00+00:00,29473.5,29478,29446.75,29456.5,8828
2026-08-19T06:00:00+00:00,29456.75,29466.75,29430.25,29435.25,12254
2026-08-19T06:15:00+00:00,29435.5,29504.25,29434.75,29482.25,15489
2026-08-19T06:30:00+00:00,29481.75,29495,29459.5,29491,9600
2026-08-19T06:45:00+00:00,29491,29561.75,29491,29558.25,16519
2026-08-19T07:00:00+00:00,29558.5,29563.75,29520.25,29558.75,14218
2026-08-19T07:15:00+00:00,29558.75,29578.75,29533,29578.5,10066
2026-08-19T07:30:00+00:00,29578.5,29589.75,29546.75,29571,11350
2026-08-19T07:45:00+00:00,29571.5,29606.75,29569.25,29600.25,10045
2026-08-19T08:00:00+00:00,29600.25,29641.25,29592,29624.25,17677
2026-08-19T08:15:00+00:00,29624.5,29639.5,29607.5,29622.75,11142
2026-08-19T08:30:00+00:00,29622.25,29632.5,29600,29626.25,8318
2026-08-19T08:45:00+00:00,29626,29633,29607,29607.5,7349
2026-08-19T09:00:00+00:00,29608,29630.5,29593.5,29593.5,9159
2026-08-19T09:15:00+00:00,29593.75,29598.25,29566,29572,8165
2026-08-19T09:30:00+00:00,29571,29589,29549.75,29551.75,8135
2026-08-19T09:45:00+00:00,29552,29563,29536.25,29554,8273
2026-08-19T10:00:00+00:00,29553.5,29558,29510.5,29540,12223
2026-08-19T10:15:00+00:00,29540,29541,29504.25,29535.75,10213
2026-08-19T10:30:00+00:00,29536,29558,29528.5,29554.75,7898
2026-08-19T10:45:00+00:00,29555.25,29559.75,29517.25,29522,7464
2026-08-19T11:00:00+00:00,29521.75,29578,29508.25,29547.5,15602
2026-08-19T11:15:00+00:00,29547.25,29561.25,29529.25,29537,9975
2026-08-19T11:30:00+00:00,29537,29541.5,29507.5,29514.25,9919
2026-08-19T11:45:00+00:00,29514.5,29537.5,29506.5,29536,7582
2026-08-19T12:00:00+00:00,29535.25,29558.25,29511,29552,15201
2026-08-19T12:15:00+00:00,29553.25,29583,29549.5,29574.25,17205
2026-08-19T12:30:00+00:00,29574,29683.5,29548,29682.75,46581
2026-08-19T12:45:00+00:00,29683.25,29759,29683.25,29742.75,46787
2026-08-19T13:00:00+00:00,29742,29742.25,29679.75,29722.75,39552
2026-08-19T13:15:00+00:00,29723.25,29748.25,29695.25,29696,29126
2026-08-19T13:30:00+00:00,29696.25,29742,29560.5,29610,225814
2026-08-19T13:45:00+00:00,29609.75,29636.25,29407.75,29496.5,219408
2026-08-19T14:00:00+00:00,29496.5,29514.75,29377,29382.25,136568
2026-08-19T14:15:00+00:00,29382,29484.75,29375.75,29482.75,145383
2026-08-19T14:30:00+00:00,29482.5,29575,29468,29564,112357
2026-08-19T14:45:00+00:00,29563.75,29624.25,29527,29623.25,91798
2026-08-19T15:00:00+00:00,29623.25,29629.75,29579.75,29616.75,68067
2026-08-19T15:15:00+00:00,29616.25,29631.75,29588.5,29613.5,60442
2026-08-19T15:30:00+00:00,29613.25,29617,29550.5,29597,63566
2026-08-19T15:45:00+00:00,29596.5,29616,29569.5,29607.25,53662
2026-08-19T16:00:00+00:00,29607.25,29653.75,29587.5,29637,45931
2026-08-19T16:15:00+00:00,29636.75,29667.25,29602.5,29609.25,45234
2026-08-19T16:30:00+00:00,29609.5,29621.75,29593,29610,35649
2026-08-19T16:45:00+00:00,29610,29611.25,29553,29559.25,38520
2026-08-19T17:00:00+00:00,29560,29572.75,29539.5,29547.75,40792
2026-08-19T17:15:00+00:00,29548,29556.75,29510.25,29539.75,43869
2026-08-19T17:30:00+00:00,29540,29545.25,29514.5,29536.25,30017
2026-08-19T17:45:00+00:00,29536.25,29560.5,29533.75,29545,24816
2026-08-19T18:00:00+00:00,29544.25,29591.75,29493,29519.75,69904
2026-08-19T18:15:00+00:00,29520,29540.5,29491.75,29539.25,39131
2026-08-19T18:30:00+00:00,29539,29579,29536.5,29560.5,43253
2026-08-19T18:45:00+00:00,29560,29561.25,29527.75,29535,27222
2026-08-19T19:00:00+00:00,29535.25,29559.25,29529.25,29547.25,26999
2026-08-19T19:15:00+00:00,29547.25,29579.75,29543.25,29556,30198
2026-08-19T19:30:00+00:00,29556,29590.75,29527,29530.75,43912
2026-08-19T19:45:00+00:00,29530.75,29532.75,29485,29521.75,70958
2026-08-19T20:00:00+00:00,29521.5,29542.25,29517.75,29519.25,20546
2026-08-19T20:15:00+00:00,29518.75,29526.25,29514.25,29524.75,5344
2026-08-19T20:30:00+00:00,29525.25,29532.5,29520,29528.75,4469
2026-08-19T20:45:00+00:00,29529,29562.5,29527.5,29559,4206
2026-08-19T22:00:00+00:00,29562.5,29638.25,29554.75,29627,9480
2026-08-19T22:15:00+00:00,29627,29633,29607.5,29620.5,7151
2026-08-19T22:30:00+00:00,29620.25,29638.25,29613,29631,6241
2026-08-19T22:45:00+00:00,29630.25,29653.75,29622.5,29650.5,5960
2026-08-19T23:00:00+00:00,29649.5,29688.5,29632.25,29652,16384
2026-08-19T23:15:00+00:00,29651.25,29661.75,29642,29651.25,6066
2026-08-19T23:30:00+00:00,29651.25,29666.75,29643.5,29659.5,6424
2026-08-19T23:45:00+00:00,29659.5,29662,29625.25,29629.75,10086
2026-08-20T00:00:00+00:00,29629.5,29632,29581.25,29630.75,26823
2026-08-20T00:15:00+00:00,29630.5,29666,29624.5,29631,19597
2026-08-20T00:30:00+00:00,29632,29665,29616.75,29654.5,13941
2026-08-20T00:45:00+00:00,29655,29675.5,29642.5,29670.5,12451
2026-08-20T01:00:00+00:00,29670.5,29684.5,29640,29644.5,15067
2026-08-20T01:15:00+00:00,29644.75,29668.25,29623.5,29634.25,15769
2026-08-20T01:30:00+00:00,29635,29671.25,29623.5,29668.75,12948
2026-08-20T01:45:00+00:00,29669.25,29675,29630.25,29643.25,12786
2026-08-20T02:00:00+00:00,29643.5,29683.75,29640,29667.75,11481
2026-08-20T02:15:00+00:00,29667.25,29670,29613,29632.5,14762
2026-08-20T02:30:00+00:00,29632.25,29662.5,29609,29646.75,14000
2026-08-20T02:45:00+00:00,29646,29647.75,29611,29629.5,9219
2026-08-20T03:00:00+00:00,29630.5,29655.25,29604.5,29624.5,12059
2026-08-20T03:15:00+00:00,29625,29657,29620.75,29626.75,7380
2026-08-20T03:30:00+00:00,29626.75,29629.25,29595,29619.25,11723
2026-08-20T03:45:00+00:00,29618.75,29631.25,29610,29611,6157
2026-08-20T04:00:00+00:00,29646,29655.25,29644.75,29654.25,6609
2026-08-20T04:15:00+00:00,29654.25,29656,29635.5,29640,4622
2026-08-20T04:30:00+00:00,29640,29640.75,29608,29627.75,8374
2026-08-20T04:45:00+00:00,29628,29641.5,29611.75,29617,5098
2026-08-20T05:00:00+00:00,29618,29623.75,29588.25,29596.75,7274
2026-08-20T05:15:00+00:00,29596.25,29641,29594,29616.75,9870
2026-08-20T05:30:00+00:00,29616.75,29635,29604.25,29614,7507
2026-08-20T05:45:00+00:00,29614,29618.75,29598,29606,5645
2026-08-20T06:00:00+00:00,29605.5,29667.25,29602,29659.25,11320
2026-08-20T06:15:00+00:00,29659.5,29661.25,29638.75,29653.75,6781
2026-08-20T06:30:00+00:00,29653.75,29677.5,29647.5,29671.25,8234
2026-08-20T06:45:00+00:00,29671.75,29686.75,29666.75,29672,7344
2026-08-20T07:00:00+00:00,29672.5,29672.75,29632,29637.5,12508
2026-08-20T07:15:00+00:00,29637.75,29648.25,29604.5,29615,9554
2026-08-20T07:30:00+00:00,29615.5,29634.75,29595.75,29606.25,10607
2026-08-20T07:45:00+00:00,29606.75,29637,29592.75,29594.5,7379
2026-08-20T08:00:00+00:00,29594,29606,29520,29537.75,23958
2026-08-20T08:15:00+00:00,29537,29549,29496.5,29501,15163
2026-08-20T08:30:00+00:00,29502.25,29526.25,29464.5,29501,18931
2026-08-20T08:45:00+00:00,29499.75,29505,29455.25,29477.5,15721
2026-08-20T09:00:00+00:00,29476.75,29543.75,29466.75,29523.75,15650
2026-08-20T09:15:00+00:00,29523.5,29542.75,29512,29528,7056
2026-08-20T09:30:00+00:00,29530,29538,29507.5,29534.5,8301
2026-08-20T09:45:00+00:00,29534.75,29547.25,29513,29527.25,6824
2026-08-20T10:00:00+00:00,29527.75,29562.5,29512,29556.75,8900
2026-08-20T10:15:00+00:00,29557,29559.5,29526.25,29537.5,8252
2026-08-20T10:30:00+00:00,29536.5,29548.75,29516,29524.75,9527
2026-08-20T10:45:00+00:00,29525.75,29566.75,29524.25,29566.5,6724
2026-08-20T11:00:00+00:00,29566,29583,29463.25,29488,23327
2026-08-20T11:15:00+00:00,29488.25,29498.5,29422.25,29425.25,19390
2026-08-20T11:30:00+00:00,29424.5,29454.25,29417.25,29423.5,17737
2026-08-20T11:45:00+00:00,29424.25,29425,29348.75,29360.75,29195
2026-08-20T12:00:00+00:00,29361,29374.75,29263.5,29271.75,44406
2026-08-20T12:15:00+00:00,29272,29306,29263.5,29275.75,27481
2026-08-20T12:30:00+00:00,29275.75,29292.5,29240.25,29289.75,33087
2026-08-20T12:45:00+00:00,29289.25,29350.75,29283.25,29346,27556
2026-08-20T13:00:00+00:00,29346.5,29373.75,29333,29338.25,28123
2026-08-20T13:15:00+00:00,29338.75,29369.5,29324,29351,26990
2026-08-20T13:30:00+00:00,29350,29470.25,29338.5,29443,189335
2026-08-20T13:45:00+00:00,29442.5,29460,29309.25,29353,167534
2026-08-20T14:00:00+00:00,29353.25,29407.5,29316,29368.25,144132
2026-08-20T14:15:00+00:00,29367.75,29413,29304.5,29350.25,137397
2026-08-20T14:30:00+00:00,29350.5,29430,29329,29421.75,93454
2026-08-20T14:45:00+00:00,29421.25,29435,29348.5,29392.5,84603
2026-08-20T15:00:00+00:00,29392.5,29457.25,29325,29365,111943
2026-08-20T15:15:00+00:00,29365,29370.25,29300,29344.75,74157
2026-08-20T15:30:00+00:00,29344.25,29350.25,29276.5,29278,72484
2026-08-20T15:45:00+00:00,29278.5,29333,29269.25,29330.5,56456
2026-08-20T16:00:00+00:00,29330,29346,29302.5,29307,50219
2026-08-20T16:15:00+00:00,29306.75,29356.5,29305.25,29340.75,36392
2026-08-20T16:30:00+00:00,29340.5,29378.5,29309.75,29377.5,41816
2026-08-20T16:45:00+00:00,29377.25,29389,29356,29379.75,38410
2026-08-20T17:00:00+00:00,29379.5,29382.25,29334.75,29337.25,33909
2026-08-20T17:15:00+00:00,29336.75,29338.75,29292,29294.5,42865
2026-08-20T17:30:00+00:00,29294.25,29304.25,29282,29290.25,28804
2026-08-20T17:45:00+00:00,29290.25,29326.25,29287,29292.25,34813
2026-08-20T18:00:00+00:00,29292.25,29292.75,29215,29230.25,60802
2026-08-20T18:15:00+00:00,29230.25,29248.25,29202.5,29233.25,43250
2026-08-20T18:30:00+00:00,29233,29237.25,29211.5,29234.25,30193
2026-08-20T18:45:00+00:00,29234.5,29259.25,29227,29244,28651
2026-08-20T19:00:00+00:00,29243.75,29293.5,29242,29281.5,37480
2026-08-20T19:15:00+00:00,29281,29308,29267.75,29304.25,31909
2026-08-20T19:30:00+00:00,29304.75,29335.5,29290.5,29311.25,38108
2026-08-20T19:45:00+00:00,29310.75,29331,29286.25,29305.5,62019
2026-08-20T20:00:00+00:00,29305.75,29321,29276.75,29281,21953
2026-08-20T20:15:00+00:00,29281.25,29294,29263.5,29287.75,9451
2026-08-20T20:30:00+00:00,29288,29312.5,29285,29302.75,6602
2026-08-20T20:45:00+00:00,29302.75,29319.5,29295.75,29317,4097
2026-08-20T22:00:00+00:00,29331,29345.25,29273.5,29278.5,5480
2026-08-20T22:15:00+00:00,29277.75,29291.75,29277.5,29287,4191
2026-08-20T22:30:00+00:00,29287.5,29309,29281.75,29301.5,7110
2026-08-20T22:45:00+00:00,29301.5,29326.25,29296,29322,6058
2026-08-20T23:00:00+00:00,29322.25,29324,29312,29318.25,3612
2026-08-20T23:15:00+00:00,29318.75,29328.75,29311.25,29315.75,4291
2026-08-20T23:30:00+00:00,29316.75,29324,29296.25,29316.75,7275
2026-08-20T23:45:00+00:00,29316.75,29318,29286.25,29294,10244
2026-08-21T00:00:00+00:00,29293.75,29365,29290.5,29361.5,21140
2026-08-21T00:15:00+00:00,29361.5,29361.75,29315.5,29326.5,15148
2026-08-21T00:30:00+00:00,29326.5,29356.5,29311.5,29353.75,13875
2026-08-21T00:45:00+00:00,29354,29363,29318.25,29321.5,12219
2026-08-21T01:00:00+00:00,29320.75,29335.75,29291.75,29331,18304
2026-08-21T01:15:00+00:00,29330.75,29357.25,29313.75,29340,16161
2026-08-21T01:30:00+00:00,29340,29357,29320,29350.25,12437
2026-08-21T01:45:00+00:00,29350.25,29373,29333,29353.25,12919
2026-08-21T02:00:00+00:00,29352.75,29373.25,29342.75,29372.75,7957
2026-08-21T02:15:00+00:00,29373,29395,29366.5,29389.75,9068
2026-08-21T02:30:00+00:00,29388.75,29396.5,29376,29380.75,7280
2026-08-21T02:45:00+00:00,29380.75,29399.75,29377.25,29384.5,6533
2026-08-21T03:00:00+00:00,29384.5,29388,29354.75,29356.75,7798
2026-08-21T03:15:00+00:00,29356.25,29371.25,29349.25,29362.75,7068
2026-08-21T03:30:00+00:00,29363.25,29377,29354,29357.5,6533
2026-08-21T03:45:00+00:00,29356.75,29361.25,29341.75,29360.5,6151
2026-08-21T04:00:00+00:00,29362,29369.75,29352.75,29367,6761
2026-08-21T04:15:00+00:00,29367.75,29373.5,29330.5,29331,7458
2026-08-21T04:30:00+00:00,29330.25,29338.75,29321.25,29334.75,5728
2026-08-21T04:45:00+00:00,29334.75,29364.5,29333,29358.25,5833
2026-08-21T05:00:00+00:00,29358.5,29371.25,29352.5,29365.75,5440
2026-08-21T05:15:00+00:00,29366,29381,29351,29353,6293
2026-08-21T05:30:00+00:00,29353.25,29377.5,29348.75,29360.75,6055
2026-08-21T05:45:00+00:00,29360.75,29367,29340,29366.25,5632
2026-08-21T06:00:00+00:00,29366,29376.25,29354.25,29373.75,6374
2026-08-21T06:15:00+00:00,29373.5,29381.25,29366,29376,4448
2026-08-21T06:30:00+00:00,29375.75,29402.25,29369,29372.25,8014
2026-08-21T06:45:00+00:00,29372.75,29390.25,29364.75,29387.25,5646
2026-08-21T07:00:00+00:00,29386.25,29428.5,29380.25,29428,9073
2026-08-21T07:15:00+00:00,29427.5,29456,29415,29426,10977
2026-08-21T07:30:00+00:00,29426.25,29453.75,29421,29423.25,9716
2026-08-21T07:45:00+00:00,29424,29447,29423,29446.5,6213
2026-08-21T08:00:00+00:00,29446.5,29462.75,29408.25,29416.5,14503
2026-08-21T08:15:00+00:00,29417.5,29424.75,29390.5,29422.75,10814
2026-08-21T08:30:00+00:00,29422.25,29456.5,29416.75,29454.75,10600
2026-08-21T08:45:00+00:00,29454.5,29468,29447,29453.25,7484
2026-08-21T09:00:00+00:00,29453.5,29455,29410.75,29437.5,13074
2026-08-21T09:15:00+00:00,29437.5,29445,29429.75,29435,4739
2026-08-21T09:30:00+00:00,29435.25,29483.25,29429.5,29475,10427
2026-08-21T09:45:00+00:00,29474,29492,29464.75,29485.25,6524
2026-08-21T10:00:00+00:00,29485.5,29515.5,29476.5,29485,12771
2026-08-21T10:15:00+00:00,29485.25,29491.5,29470,29490,6025
2026-08-21T10:30:00+00:00,29490,29493.5,29472,29478,4839
2026-08-21T10:45:00+00:00,29478.25,29488.25,29470.25,29479,4153
2026-08-21T11:00:00+00:00,29479.75,29486.5,29452.75,29467.25,10921
2026-08-21T11:15:00+00:00,29467.25,29525.5,29466.5,29518.75,13709
2026-08-21T11:30:00+00:00,29518,29539.75,29500,29530.75,14655
2026-08-21T11:45:00+00:00,29531.25,29531.75,29498,29500,8440
2026-08-21T12:00:00+00:00,29499.75,29504.75,29479.5,29486.75,11156
2026-08-21T12:15:00+00:00,29487.5,29517,29472,29516.25,12627
2026-08-21T12:30:00+00:00,29516.25,29530,29508,29528.75,13622
2026-08-21T12:45:00+00:00,29528.5,29533.75,29503.5,29511.5,12238
2026-08-21T13:00:00+00:00,29511.75,29516.25,29466.75,29469.25,17567
2026-08-21T13:15:00+00:00,29469.75,29485.25,29417.25,29469.75,39276
2026-08-21T13:30:00+00:00,29469.25,29472.5,29312.25,29323.25,156901
2026-08-21T13:45:00+00:00,29322.25,29359.5,29257.25,29303.75,133790
2026-08-21T14:00:00+00:00,29303.5,29335.75,29248,29253.25,117515
2026-08-21T14:15:00+00:00,29253,29312.75,29220.25,29279.25,117310
2026-08-21T14:30:00+00:00,29279.5,29310.75,29258.25,29296.25,84907
2026-08-21T14:45:00+00:00,29295.75,29333,29286.75,29331.75,73198
2026-08-21T15:00:00+00:00,29332,29368.75,29326.25,29352.25,62572
2026-08-21T15:15:00+00:00,29353,29371.25,29330.75,29368.5,48387
2026-08-21T15:30:00+00:00,29368,29471.75,29364.25,29451.75,79238
2026-08-21T15:45:00+00:00,29451.75,29488.5,29425.5,29443.75,63275
2026-08-21T16:00:00+00:00,29443.25,29447.75,29389.25,29393.75,50912
2026-08-21T16:15:00+00:00,29394.25,29454.5,29386,29410,54064
2026-08-21T16:30:00+00:00,29409.75,29425.75,29393.75,29417.5,24973
2026-08-21T16:45:00+00:00,29417.5,29417.5,29380.5,29412.25,31801
2026-08-21T17:00:00+00:00,29412,29423.75,29398.25,29408.5,24778
2026-08-21T17:15:00+00:00,29408,29410.5,29375,29395.25,27356
2026-08-21T17:30:00+00:00,29396,29404.75,29382.75,29403.75,21488
2026-08-21T17:45:00+00:00,29404.5,29410.75,29381.25,29383.5,20771
2026-08-21T18:00:00+00:00,29383.25,29405.5,29371.25,29374.25,27668
2026-08-21T18:15:00+00:00,29374.5,29392,29362,29363.25,23402
2026-08-21T18:30:00+00:00,29363,29372.25,29353.75,29366.5,22828
2026-08-21T18:45:00+00:00,29366.5,29403.5,29363.5,29400.25,24721
2026-08-21T19:00:00+00:00,29399.75,29414.75,29384.25,29388.5,30217
2026-08-21T19:15:00+00:00,29388.5,29405,29380,29393.25,23069
2026-08-21T19:30:00+00:00,29393.5,29412,29393.5,29410.75,21209
2026-08-21T19:45:00+00:00,29411,29433.25,29375.25,29396,58562
2026-08-21T20:00:00+00:00,29396,29397.75,29371.5,29382,15386
2026-08-21T20:15:00+00:00,29382,29388.75,29367.75,29370.5,7642
2026-08-21T20:30:00+00:00,29370.5,29387.25,29370,29385.25,5108
2026-08-21T20:45:00+00:00,29385.25,29387.75,29370,29387.75,4524
2026-08-23T22:00:00+00:00,29321.75,29334.5,29316.5,29330.75,1794
2026-08-23T22:15:00+00:00,29331.5,29343,29313.5,29338.75,8967
2026-08-23T22:30:00+00:00,29338,29384.75,29335.25,29381,11440
2026-08-23T22:45:00+00:00,29382,29399.75,29380.5,29389.75,9693
2026-08-23T23:00:00+00:00,29390,29393.75,29384.25,29386.25,3638
2026-08-23T23:15:00+00:00,29386.25,29428.75,29385,29428.75,10412
2026-08-23T23:30:00+00:00,29428.75,29447.75,29417.5,29420.75,11176
2026-08-23T23:45:00+00:00,29420.5,29480.5,29420,29467.25,18157
2026-08-24T00:00:00+00:00,29467.5,29472.75,29423.25,29435,28641
2026-08-24T00:15:00+00:00,29436,29438,29334.75,29356.75,38180
2026-08-24T00:30:00+00:00,29356.5,29377,29337.5,29355.25,19567
2026-08-24T00:45:00+00:00,29355,29429,29350,29426,22258
2026-08-24T01:00:00+00:00,29425.5,29443.5,29398,29434.75,22013
2026-08-24T01:15:00+00:00,29436.25,29448.75,29407.5,29409.25,15548
2026-08-24T01:30:00+00:00,29408.75,29411.75,29383.5,29392.75,16981
2026-08-24T01:45:00+00:00,29392.75,29404.5,29320.25,29322.5,22717
2026-08-24T02:00:00+00:00,29321.75,29357.5,29300.5,29352.75,28247
2026-08-24T02:15:00+00:00,29353.25,29374,29347,29363,14797
2026-08-24T02:30:00+00:00,29363.75,29373.75,29356,29370,6948
2026-08-24T02:45:00+00:00,29370.25,29378.75,29340.75,29370.25,15574
2026-08-24T03:00:00+00:00,29370.25,29372.5,29303.25,29304.75,11533
2026-08-24T03:15:00+00:00,29304.75,29314,29290,29295,12332
2026-08-24T03:30:00+00:00,29295.5,29305.5,29282.25,29284.25,10593
2026-08-24T03:45:00+00:00,29284.25,29305,29264.25,29271.5,11537
2026-08-24T04:00:00+00:00,29271.75,29299.25,29269,29298,8459
2026-08-24T04:15:00+00:00,29298.75,29301,29271,29291,10777
2026-08-24T04:30:00+00:00,29291.75,29301.25,29275.5,29299.75,7543
2026-08-24T04:45:00+00:00,29299.75,29303.75,29263.25,29266.25,7977
2026-08-24T05:00:00+00:00,29266.25,29297.75,29262.25,29293,9158
2026-08-24T05:15:00+00:00,29293.5,29293.5,29247.25,29247.75,9526
2026-08-24T05:30:00+00:00,29247.5,29266.75,29207.75,29238.75,20223
2026-08-24T05:45:00+00:00,29238.25,29246.5,29192.25,29200,14234
2026-08-24T06:00:00+00:00,29199.75,29219.75,29143.5,29152.5,22957
2026-08-24T06:15:00+00:00,29151.75,29180,29124.75,29165.5,17964
2026-08-24T06:30:00+00:00,29165.5,29180.75,29143,29150.5,12362
2026-08-24T06:45:00+00:00,29150.75,29179.25,29142,29164,8436
2026-08-24T07:00:00+00:00,29164.25,29204.25,29146.75,29200.25,13965
2026-08-24T07:15:00+00:00,29200.5,29209,29178,29181.5,9183
2026-08-24T07:30:00+00:00,29181.75,29212.5,29161.25,29162,11857
2026-08-24T07:45:00+00:00,29163.5,29175.5,29132.25,29146.5,10518
2026-08-24T08:00:00+00:00,29146.25,29208.25,29116.75,29184.25,22094
2026-08-24T08:15:00+00:00,29184.75,29209.75,29171,29191,11598
2026-08-24T08:30:00+00:00,29190.25,29226,29179.75,29224,9039
2026-08-24T08:45:00+00:00,29224,29240,29213.5,29214.25,6889
2026-08-24T09:00:00+00:00,29215,29248,29201,29234,9516
2026-08-24T09:15:00+00:00,29233.75,29235.75,29207.25,29209.75,5614
2026-08-24T09:30:00+00:00,29209.75,29242.25,29209.5,29235.5,6865
2026-08-24T09:45:00+00:00,29236,29249.75,29227,29231.5,5131
2026-08-24T10:00:00+00:00,29231.5,29246.75,29213.5,29215.25,7130
2026-08-24T10:15:00+00:00,29215.5,29237,29205.75,29210.5,7020
2026-08-24T10:30:00+00:00,29208.5,29239.5,29198,29208.25,8198
2026-08-24T10:45:00+00:00,29208,29210.75,29179.25,29184.5,7425
2026-08-24T11:00:00+00:00,29185,29193,29145.5,29168.25,15215
2026-08-24T11:15:00+00:00,29168,29204,29164.75,29182.5,9148
2026-08-24T11:30:00+00:00,29183.5,29283.5,29183.25,29260.25,24692
2026-08-24T11:45:00+00:00,29260,29260.5,29230.75,29247.25,13225
2026-08-24T12:00:00+00:00,29246.75,29247,29207.5,29211.75,12494
2026-08-24T12:15:00+00:00,29212,29231.75,29203,29229.5,10199
2026-08-24T12:30:00+00:00,29229.25,29242,29171.5,29203.5,25478
2026-08-24T12:45:00+00:00,29203.5,29232.5,29199.25,29205.5,13499
2026-08-24T13:00:00+00:00,29205.75,29220,29195.75,29207.75,17844
2026-08-24T13:15:00+00:00,29208.25,29237.5,29196,29235.25,24364
2026-08-24T13:30:00+00:00,29235.5,29243.75,28976.25,28977.75,206585
2026-08-24T13:45:00+00:00,28978,29038,28947.75,29021.75,152346
2026-08-24T14:00:00+00:00,29022,29037,28953.5,28993.5,105890
2026-08-24T14:15:00+00:00,28993.75,29033.75,28967.5,29011.75,87888
2026-08-24T14:30:00+00:00,29012.25,29110.25,29001.5,29085.25,93289
2026-08-24T14:45:00+00:00,29085.5,29110,29076.5,29083,56244
2026-08-24T15:00:00+00:00,29083,29097.5,29042.5,29048.5,60962
2026-08-24T15:15:00+00:00,29049.25,29137.5,29034.25,29121.5,67819
2026-08-24T15:30:00+00:00,29121.75,29182,29110.5,29176,71344
2026-08-24T15:45:00+00:00,29175.75,29205,29150,29168.5,55750
2026-08-24T16:00:00+00:00,29169,29189.75,29156.75,29180.75,45384
2026-08-24T16:15:00+00:00,29180.75,29224.25,29178.75,29203,41808
2026-08-24T16:30:00+00:00,29203.75,29212,29174,29184.5,31006
2026-08-24T16:45:00+00:00,29185.25,29193,29170.25,29170.5,23935
2026-08-24T17:00:00+00:00,29171.25,29211.25,29154,29194.25,44811
2026-08-24T17:15:00+00:00,29194,29195.25,29132,29139.75,48579
2026-08-24T17:30:00+00:00,29139.75,29142.5,29118.5,29119.5,31084
2026-08-24T17:45:00+00:00,29119.25,29143.25,29116,29123,27997
2026-08-24T18:00:00+00:00,29123.5,29189,29122.5,29187.25,38767
2026-08-24T18:15:00+00:00,29187.25,29223.5,29172.75,29218,41874
2026-08-24T18:30:00+00:00,29218,29233.25,29180.5,29190,37373
2026-08-24T18:45:00+00:00,29189.75,29194.75,29153.25,29153.75,26234
2026-08-24T19:00:00+00:00,29153.75,29162.75,29143,29155.75,26356
2026-08-24T19:15:00+00:00,29155.5,29166,29142.75,29158.25,24298
2026-08-24T19:30:00+00:00,29158.25,29173,29127.25,29134.5,28368
2026-08-24T19:45:00+00:00,29124.75,29142.5,29094.5,29099.75,69702
2026-08-24T20:00:00+00:00,29099,29123.75,29097,29109,18457
2026-08-24T20:15:00+00:00,29109.5,29113,29080.5,29084,9181
2026-08-24T20:30:00+00:00,29084.5,29102.75,29083,29100,4886
2026-08-24T20:45:00+00:00,29100.5,29136.25,29089.25,29131,5231
2026-08-24T22:00:00+00:00,29140,29152.25,29118.5,29123.5,6214
2026-08-24T22:15:00+00:00,29123.5,29131,29117.5,29124,4060
2026-08-24T22:30:00+00:00,29124.25,29130.75,29112.5,29117.75,4243
2026-08-24T22:45:00+00:00,29117.75,29121.75,29110.25,29120.25,3176
2026-08-24T23:00:00+00:00,29120.5,29124.75,29116,29124,2330
2026-08-24T23:15:00+00:00,29124.5,29128.25,29106,29106.25,5281
2026-08-24T23:30:00+00:00,29106.75,29117,29071.5,29084.25,14803
2026-08-24T23:45:00+00:00,29084.75,29100.25,29081,29095.5,9050
2026-08-25T00:00:00+00:00,29095.75,29102.75,29038.5,29042,22739
2026-08-25T00:15:00+00:00,29041.5,29085,29016.75,29080.5,27142
2026-08-25T00:30:00+00:00,29080.5,29130.75,29070.5,29124.25,18317
2026-08-25T00:45:00+00:00,29124.25,29145.25,29106,29126.75,14447
2026-08-25T01:00:00+00:00,29128,29143.75,29113.25,29129.5,13820
2026-08-25T01:15:00+00:00,29130.5,29137.5,29095.75,29114.25,13965
2026-08-25T01:30:00+00:00,29114.5,29156.5,29107.5,29134.75,18655
2026-08-25T01:45:00+00:00,29135.25,29152.5,29125,29126,9580
2026-08-25T02:00:00+00:00,29126.5,29146.25,29103.5,29116.75,11832
2026-08-25T02:15:00+00:00,29116.5,29149.25,29103.5,29146,13045
2026-08-25T02:30:00+00:00,29145.5,29169,29134.5,29136.75,13674
2026-08-25T02:45:00+00:00,29136.75,29138.5,29093.25,29102.25,12515
2026-08-25T03:00:00+00:00,29102.25,29166.5,29100.25,29151.5,15512
2026-08-25T03:15:00+00:00,29151,29176.75,29150.5,29174.75,10075
2026-08-25T03:30:00+00:00,29175.25,29190,29163,29168.5,9377
2026-08-25T03:45:00+00:00,29168.5,29169.5,29151.5,29158.5,6276
2026-08-25T04:00:00+00:00,29191,29196.75,29183.5,29195.25,8663
2026-08-25T04:15:00+00:00,29195.75,29207,29187.75,29201,6008
2026-08-25T04:30:00+00:00,29202,29217.5,29190,29212,7014
2026-08-25T04:45:00+00:00,29211.25,29216.25,29184.25,29199.75,6344
2026-08-25T05:00:00+00:00,29200.25,29225,29189.5,29203.75,8291
2026-08-25T05:15:00+00:00,29203,29227,29203,29220,5888
2026-08-25T05:30:00+00:00,29220,29234.5,29201.25,29204.75,7694
2026-08-25T05:45:00+00:00,29204.25,29241.25,29200.5,29232,7699
2026-08-25T06:00:00+00:00,29231.75,29259.5,29105.75,29247.75,10411
2026-08-25T06:15:00+00:00,29248.25,29288,29241.5,29266.25,10389
2026-08-25T06:30:00+00:00,29266.5,29271.75,29243,29262,7325
2026-08-25T06:45:00+00:00,29262,29263.5,29236.25,29262.75,6378
2026-08-25T07:00:00+00:00,29263.5,29290.5,29250,29253,10627
2026-08-25T07:15:00+00:00,29252.5,29263.25,29226.25,29247.75,9800
2026-08-25T07:30:00+00:00,29246.75,29262,29232,29257.5,6356
2026-08-25T07:45:00+00:00,29257.75,29259.25,29227,29233.25,4874
2026-08-25T08:00:00+00:00,29233,29255,29211,29218.25,11880
2026-08-25T08:15:00+00:00,29218.25,29327.75,29218.25,29274.5,20993
2026-08-25T08:30:00+00:00,29275.25,29298,29256.5,29281.5,8545
2026-08-25T08:45:00+00:00,29281.75,29306.75,29281,29302.25,6220
2026-08-25T09:00:00+00:00,29301.75,29334.5,29285.5,29323.5,8593
2026-08-25T09:15:00+00:00,29322.75,29335,29305.5,29317.5,5947
2026-08-25T09:30:00+00:00,29317.5,29374.5,29314.25,29361.25,13308
2026-08-25T09:45:00+00:00,29360.5,29420,29355.5,29391,11744
2026-08-25T10:00:00+00:00,29390,29411.25,29369.75,29391,8655
2026-08-25T10:15:00+00:00,29390.5,29392.75,29367,29370.75,5545
2026-08-25T10:30:00+00:00,29371,29380,29346.5,29347.5,5965
2026-08-25T10:45:00+00:00,29347,29369.25,29346.25,29359,4968
2026-08-25T11:00:00+00:00,29358.25,29363,29302.5,29340.5,10805
2026-08-25T11:15:00+00:00,29340.25,29355,29320.25,29341.25,9813
2026-08-25T11:30:00+00:00,29341,29362,29339.75,29357,7520
2026-08-25T11:45:00+00:00,29357,29390.75,29355,29373.5,8638
2026-08-25T12:00:00+00:00,29372.75,29382.75,29355.5,29381.5,10218
2026-08-25T12:15:00+00:00,29380.5,29409.25,29364,29373.75,13419
2026-08-25T12:30:00+00:00,29373.5,29374,29312.25,29328.5,18813
2026-08-25T12:45:00+00:00,29328,29347.5,29320,29333.75,12171
2026-08-25T13:00:00+00:00,29333.75,29345,29311.75,29327.5,23890
2026-08-25T13:15:00+00:00,29327.75,29342,29294.75,29296.75,23295
2026-08-25T13:30:00+00:00,29296.5,29377,29279.25,29348.75,161496
2026-08-25T13:45:00+00:00,29349,29416,29288,29311.5,146026
2026-08-25T14:00:00+00:00,29312.75,29316,29239.5,29245.5,121900
2026-08-25T14:15:00+00:00,29245.5,29269.75,29209.25,29215,98354
2026-08-25T14:30:00+00:00,29215,29272.75,29145.5,29218.5,125874
2026-08-25T14:45:00+00:00,29217.5,29260.25,29206.25,29232.5,68005
2026-08-25T15:00:00+00:00,29232.75,29235.75,29197.25,29224,59105
2026-08-25T15:15:00+00:00,29224,29282,29219,29276.75,59301
2026-08-25T15:30:00+00:00,29276.75,29310,29255,29267.5,65823
2026-08-25T15:45:00+00:00,29266.75,29273.25,29222.75,29262.5,51675
2026-08-25T16:00:00+00:00,29262.75,29290,29260.5,29278,39790
2026-08-25T16:15:00+00:00,29278,29299.25,29274.25,29293.75,29794
2026-08-25T16:30:00+00:00,29294.25,29299.75,29258.75,29266,30689
2026-08-25T16:45:00+00:00,29266.5,29284.25,29252.75,29275.5,34991
2026-08-25T17:00:00+00:00,29275.5,29279,29223.75,29243,38874
2026-08-25T17:15:00+00:00,29243,29258.5,29214,29224.75,33629
2026-08-25T17:30:00+00:00,29224.75,29234.25,29215.75,29222.25,22239
2026-08-25T17:45:00+00:00,29222.5,29232.25,29216.75,29226.75,16718
2026-08-25T18:00:00+00:00,29226.75,29227.25,29202.25,29205.75,29641
2026-08-25T18:15:00+00:00,29205.5,29227.5,29202.75,29219.5,21124
2026-08-25T18:30:00+00:00,29219.25,29259.75,29218.5,29257.75,32875
2026-08-25T18:45:00+00:00,29257.75,29274.75,29253,29255.75,27512
2026-08-25T19:00:00+00:00,29255.75,29266,29230.5,29235,27756
2026-08-25T19:15:00+00:00,29234.5,29237.75,29212.5,29225.75,26839
2026-08-25T19:30:00+00:00,29225.5,29258,29212,29238.75,30748
2026-08-25T19:45:00+00:00,29238.5,29290.25,29229,29270.25,55499
2026-08-25T20:00:00+00:00,29270.5,29293.25,29262.5,29288.75,23632
2026-08-25T20:15:00+00:00,29288.25,29313.25,29283,29303,10992
2026-08-25T20:30:00+00:00,29302.5,29309,29281.25,29282.25,5890
2026-08-25T20:45:00+00:00,29282.75,29287.5,29269,29287,5681
2026-08-25T22:00:00+00:00,29288.75,29310,29286,29294.25,4762
2026-08-25T22:15:00+00:00,29294.25,29294.75,29280,29290.75,5090
2026-08-25T22:30:00+00:00,29291,29292.5,29280.25,29287.5,3425
2026-08-25T22:45:00+00:00,29286.75,29287.75,29280.5,29283.5,2109
2026-08-25T23:00:00+00:00,29284.25,29287.75,29273.75,29276.25,4309
2026-08-25T23:15:00+00:00,29276.25,29278.75,29245,29245.25,7958
2026-08-25T23:30:00+00:00,29245.25,29248.5,29227.75,29234.75,9314
2026-08-25T23:45:00+00:00,29234.25,29235.75,29206.75,29210.25,14253
2026-08-26T00:00:00+00:00,29210.5,29228,29184.25,29209,30227
2026-08-26T00:15:00+00:00,29209,29238.75,29164.25,29184.75,23486
2026-08-26T00:30:00+00:00,29184.5,29188,29137.25,29150.75,25398
2026-08-26T00:45:00+00:00,29150.25,29160,29110,29112.25,20823
2026-08-26T01:00:00+00:00,29112.75,29147.75,29106.5,29124.25,21823
2026-08-26T01:15:00+00:00,29124.5,29134,29097.5,29109.5,16802
2026-08-26T01:30:00+00:00,29109.25,29129,29095.5,29116.25,17530
2026-08-26T01:45:00+00:00,29117,29135.5,29104,29133,11899
2026-08-26T02:00:00+00:00,29132.75,29145,29118.75,29143.75,12778
2026-08-26T02:15:00+00:00,29143.75,29175.75,29140.25,29173,13806
2026-08-26T02:30:00+00:00,29172.75,29217.75,29170.5,29217,16139
2026-08-26T02:45:00+00:00,29217,29230,29211.25,29220.25,11480
2026-08-26T03:00:00+00:00,29221,29234,29212,29231.25,9844
2026-08-26T03:15:00+00:00,29231.25,29232,29213,29214.25,5598
2026-08-26T03:30:00+00:00,29215.25,29245,29205,29237.5,11966
2026-08-26T03:45:00+00:00,29237,29275.5,29235.5,29267.5,12662
2026-08-26T04:00:00+00:00,29265.75,29280,29260,29272.75,10609
2026-08-26T04:15:00+00:00,29272.75,29281.75,29261.75,29271.5,6663
2026-08-26T04:30:00+00:00,29272,29275,29248.25,29250.25,7657
2026-08-26T04:45:00+00:00,29250.5,29252,29217,29228.5,11238
2026-08-26T05:00:00+00:00,29228,29259.75,29226.5,29239,12228
2026-08-26T05:15:00+00:00,29239,29248.75,29230,29245.5,7517
2026-08-26T05:30:00+00:00,29246,29262.5,29241.5,29248.75,6371
2026-08-26T05:45:00+00:00,29248.75,29249,29225.5,29241.75,7983
2026-08-26T06:00:00+00:00,29241.75,29248.75,29211.25,29216.25,11162
2026-08-26T06:15:00+00:00,29215.75,29226.75,29203,29218.5,9790
2026-08-26T06:30:00+00:00,29218,29257.75,29209.5,29256.25,9871
2026-08-26T06:45:00+00:00,29256,29277,29232.5,29251.75,11485
2026-08-26T07:00:00+00:00,29251,29258,29200.75,29236.25,15292
2026-08-26T07:15:00+00:00,29237,29244.25,29194.25,29198.75,11731
2026-08-26T07:30:00+00:00,29199.25,29210.5,29186.25,29198.25,9012
2026-08-26T07:45:00+00:00,29198.75,29219,29187.25,29212,8242
2026-08-26T08:00:00+00:00,29212.75,29244.5,29198.75,29205.5,15595
2026-08-26T08:15:00+00:00,29205.25,29236,29187,29236,11364
2026-08-26T08:30:00+00:00,29235.25,29250.75,29211.25,29242.25,8235
2026-08-26T08:45:00+00:00,29242.25,29242.5,29209,29227.75,6171
2026-08-26T09:00:00+00:00,29227.75,29235.25,29212.75,29219,5724
2026-08-26T09:15:00+00:00,29218.5,29221.75,29191,29198.75,7583
2026-08-26T09:30:00+00:00,29198.75,29219.25,29197.75,29214.25,5957
2026-08-26T09:45:00+00:00,29214,29238.25,29213.25,29234.5,5830
2026-08-26T10:00:00+00:00,29234,29234.75,29196,29198,7206
2026-08-26T10:15:00+00:00,29197.75,29217.75,29195.5,29200.75,6893
2026-08-26T10:30:00+00:00,29200.75,29242.75,29188.5,29229.25,10294
2026-08-26T10:45:00+00:00,29228.75,29240.25,29223.75,29236.25,6699
2026-08-26T11:00:00+00:00,29237.25,29264.75,29235.25,29254,12062
2026-08-26T11:15:00+00:00,29254.5,29278.75,29234.25,29252.75,12153
2026-08-26T11:30:00+00:00,29253,29262.25,29194,29210.25,16020
2026-08-26T11:45:00+00:00,29209.75,29227.5,29186.5,29220,17050
2026-08-26T12:00:00+00:00,29220,29224.25,29200.75,29215.75,14640
2026-08-26T12:15:00+00:00,29216,29259,29189.75,29258.25,17042
2026-08-26T12:30:00+00:00,29258,29270,29149,29165,42663
2026-08-26T12:45:00+00:00,29164.75,29181.75,29133,29150.75,39199
2026-08-26T13:00:00+00:00,29150.75,29173.25,29134.25,29172.25,27145
2026-08-26T13:15:00+00:00,29172.5,29174.25,29153,29173.75,23649
2026-08-26T13:30:00+00:00,29173.75,29313,29173.75,29291,240257
2026-08-26T13:45:00+00:00,29290.75,29333.25,29252.5,29331.5,128583
2026-08-26T14:00:00+00:00,29331,29332.25,29235.75,29246.25,99894
2026-08-26T14:15:00+00:00,29246.5,29264.5,29156.25,29178.5,112225
2026-08-26T14:30:00+00:00,29178.5,29240,29176,29221.5,80410
2026-08-26T14:45:00+00:00,29221.5,29268,29205.75,29252.25,72305
2026-08-26T15:00:00+00:00,29252.25,29283.25,29246,29257.5,53067
2026-08-26T15:15:00+00:00,29257.75,29267,29222.25,29256.75,60576
2026-08-26T15:30:00+00:00,29256.25,29290,29220.75,29282.5,55281
2026-08-26T15:45:00+00:00,29282.5,29292.25,29215.5,29217.5,70173
2026-08-26T16:00:00+00:00,29217.5,29224.25,29190,29201.25,54931
2026-08-26T16:15:00+00:00,29201.25,29215,29192,29207,27593
2026-08-26T16:30:00+00:00,29206.5,29220.25,29170,29174.5,39283
2026-08-26T16:45:00+00:00,29174.75,29226,29171.75,29217,43182
2026-08-26T17:00:00+00:00,29216.5,29242,29210.5,29238,29294
2026-08-26T17:15:00+00:00,29237.75,29271,29237.75,29267.25,36745
2026-08-26T17:30:00+00:00,29267.5,29291.25,29263.25,29281.25,31276
2026-08-26T17:45:00+00:00,29281.25,29296.75,29267.75,29284.25,28075
2026-08-26T18:00:00+00:00,29284,29296,29266,29270.25,26014
2026-08-26T18:15:00+00:00,29270.75,29292,29264,29280,26370
2026-08-26T18:30:00+00:00,29279.75,29304,29275.25,29295,25282
2026-08-26T18:45:00+00:00,29295,29329.5,29294.75,29321.25,38539
2026-08-26T19:00:00+00:00,29320.75,29368.75,29317.75,29340.75,50164
2026-08-26T19:15:00+00:00,29340.5,29357.5,29332,29338.25,28958
2026-08-26T19:30:00+00:00,29338,29345.5,29307.5,29310.25,32379
2026-08-26T19:45:00+00:00,29309.75,29343.75,29280.25,29297.25,58064
2026-08-26T20:00:00+00:00,29296.75,29375,29284,29361.5,33804
2026-08-26T20:15:00+00:00,29361.5,29385.75,29291,29342,41784
2026-08-26T20:30:00+00:00,29342.75,29356.5,29316.5,29339.5,13345
2026-08-26T20:45:00+00:00,29339.5,29437.25,29336.75,29431,11841
2026-08-26T22:00:00+00:00,29500,29583.25,29497.75,29565.75,11268
2026-08-26T22:15:00+00:00,29565.75,29602.75,29553.75,29584.25,15685
2026-08-26T22:30:00+00:00,29584.5,29618.75,29581.5,29617.25,13442
2026-08-26T22:45:00+00:00,29617.25,29628.75,29599.25,29605.75,10441
2026-08-26T23:00:00+00:00,29605.75,29614.75,29590.75,29592.75,9036
2026-08-26T23:15:00+00:00,29593.25,29612.5,29585.25,29602,10617
2026-08-26T23:30:00+00:00,29602.25,29611.5,29594.25,29607.25,5147
2026-08-26T23:45:00+00:00,29606.75,29653.75,29604.25,29647.5,17032
2026-08-27T00:00:00+00:00,29647,29655.75,29578.25,29591.25,28374
2026-08-27T00:15:00+00:00,29591,29591,29558,29581.25,21728
2026-08-27T00:30:00+00:00,29581.5,29581.5,29476.25,29479,32291
2026-08-27T00:45:00+00:00,29478.5,29480,29438,29445,33776
2026-08-27T01:00:00+00:00,29444,29490.5,29432.25,29452.25,32267
2026-08-27T01:15:00+00:00,29452.5,29509.5,29449,29503.25,19293
2026-08-27T01:30:00+00:00,29502.75,29534.75,29490.5,29492.75,20099
2026-08-27T01:45:00+00:00,29492.5,29554.25,29491.5,29531,20434
2026-08-27T02:00:00+00:00,29531,29544.25,29516.25,29540.25,15022
2026-08-27T02:15:00+00:00,29540.75,29543.75,29525.5,29538,8082
2026-08-27T02:30:00+00:00,29537.75,29556.75,29530.5,29542.25,9751
2026-08-27T02:45:00+00:00,29541.75,29560.25,29536.5,29550,9529
2026-08-27T03:00:00+00:00,29549.75,29563.75,29530,29540.75,9158
2026-08-27T03:15:00+00:00,29541,29575.5,29541,29564.25,10168
2026-08-27T03:30:00+00:00,29564.25,29572.5,29541.5,29542.25,8346
2026-08-27T03:45:00+00:00,29543,29552.5,29526,29534.5,9541
2026-08-27T04:00:00+00:00,29532.25,29537.25,29529,29533.75,5379
2026-08-27T04:15:00+00:00,29534.25,29551.75,29528.25,29528.75,6238
2026-08-27T04:30:00+00:00,29529.25,29531.25,29497.5,29503.5,9955
2026-08-27T04:45:00+00:00,29503.5,29521,29493.25,29499.75,8606
2026-08-27T05:00:00+00:00,29499.25,29504.75,29472.5,29483.25,12850
2026-08-27T05:15:00+00:00,29482.5,29483,29447.75,29468,12742
2026-08-27T05:30:00+00:00,29467.25,29471.75,29438.25,29441.75,11161
2026-08-27T05:45:00+00:00,29441.75,29465,29428.25,29438.5,11901
2026-08-27T06:00:00+00:00,29438.75,29439.5,29402.25,29433,16962
2026-08-27T06:15:00+00:00,29432.75,29451.75,29431.25,29450.75,12023
2026-08-27T06:30:00+00:00,29450.5,29491,29448.5,29489.5,10952
2026-08-27T06:45:00+00:00,29489.5,29500.25,29477.5,29498,7968
2026-08-27T07:00:00+00:00,29498.25,29539,29477,29536.75,13733
2026-08-27T07:15:00+00:00,29536.75,29548.75,29523.25,29548.75,10068
2026-08-27T07:30:00+00:00,29547.75,29549.75,29499.25,29504,11764
2026-08-27T07:45:00+00:00,29505,29548.5,29500.5,29538.25,8662
2026-08-27T08:00:00+00:00,29538.5,29624.25,29537.25,29622,20289
2026-08-27T08:15:00+00:00,29622,29659.75,29597,29657,17041
2026-08-27T08:30:00+00:00,29656.75,29658,29612,29632,14141
2026-08-27T08:45:00+00:00,29632.25,29661.25,29622.25,29624,13053
2026-08-27T09:00:00+00:00,29624.75,29634,29581.5,29583.25,16532
2026-08-27T09:15:00+00:00,29583.5,29615.5,29567,29598.75,13079
2026-08-27T09:30:00+00:00,29598.25,29624,29596.75,29616.25,9405
2026-08-27T09:45:00+00:00,29616.25,29632.75,29598.75,29601.75,10265
2026-08-27T10:00:00+00:00,29602.25,29606.75,29582.5,29598.25,8980
2026-08-27T10:15:00+00:00,29599.5,29604.75,29576,29580.5,6734
2026-08-27T10:30:00+00:00,29580.75,29603,29570.25,29599,8151
2026-08-27T10:45:00+00:00,29599.25,29601.5,29568,29597.5,8529
2026-08-27T11:00:00+00:00,29598,29630.25,29575.75,29616.25,16303
2026-08-27T11:15:00+00:00,29616.25,29621,29569,29570,10752
2026-08-27T11:30:00+00:00,29570.25,29588.5,29546.25,29564,18043
2026-08-27T11:45:00+00:00,29563.5,29564,29514.5,29558,16407
2026-08-27T12:00:00+00:00,29558,29589.25,29551,29584.5,15675
2026-08-27T12:15:00+00:00,29584.25,29590.75,29566,29578.75,12576
2026-08-27T12:30:00+00:00,29579.75,29581.5,29534.5,29538.25,13949
2026-08-27T12:45:00+00:00,29537.25,29541.25,29516,29522.5,16981
2026-08-27T13:00:00+00:00,29522.25,29561.75,29518.75,29554.5,20010
2026-08-27T13:15:00+00:00,29554.5,29571,29523.5,29524.75,29616
2026-08-27T13:30:00+00:00,29524.5,29589.5,29442.75,29576,229461
2026-08-27T13:45:00+00:00,29576,29605,29424,29482.75,218908
2026-08-27T14:00:00+00:00,29483,29588.25,29477.75,29558.25,142451
2026-08-27T14:15:00+00:00,29558,29622.25,29558,29607,88525
2026-08-27T14:30:00+00:00,29606.75,29611,29537.5,29557.75,102101
2026-08-27T14:45:00+00:00,29557.25,29608.25,29531.75,29601.25,87193
2026-08-27T15:00:00+00:00,29601.25,29628.25,29588.25,29625.5,54233
2026-08-27T15:15:00+00:00,29625.5,29634.5,29573,29578.25,51132
2026-08-27T15:30:00+00:00,29578.5,29597.5,29528.5,29534.5,70613
2026-08-27T15:45:00+00:00,29534.5,29610,29510.75,29597.25,68619
2026-08-27T16:00:00+00:00,29597.25,29624,29582,29589.75,45027
2026-08-27T16:15:00+00:00,29590,29608.5,29570,29603.75,38738
2026-08-27T16:30:00+00:00,29603.5,29651,29599,29646,37131
2026-08-27T16:45:00+00:00,29646,29659,29637.5,29651.5,31030
2026-08-27T17:00:00+00:00,29652,29678.25,29647.75,29670.5,37759
2026-08-27T17:15:00+00:00,29670.25,29678,29637.75,29641.25,31277
2026-08-27T17:30:00+00:00,29641.25,29659,29626.75,29628.75,36473
2026-08-27T17:45:00+00:00,29628.75,29632.5,29606.75,29611.5,35966
2026-08-27T18:00:00+00:00,29611.75,29622.25,29561.75,29576.5,52245
2026-08-27T18:15:00+00:00,29577,29589.75,29526.5,29538.5,47201
2026-08-27T18:30:00+00:00,29538.75,29581.5,29536.25,29572.75,44846
2026-08-27T18:45:00+00:00,29572.5,29582.25,29544.25,29570.75,38516
2026-08-27T19:00:00+00:00,29571.25,29606.75,29566.75,29593,40278
2026-08-27T19:15:00+00:00,29593.25,29613.75,29592.75,29602.5,30564
2026-08-27T19:30:00+00:00,29602.25,29633.5,29595,29633,33426
2026-08-27T19:45:00+00:00,29633.25,29704,29628.75,29692,70419
2026-08-27T20:00:00+00:00,29691,29707.5,29647.5,29647.75,33160
2026-08-27T20:15:00+00:00,29648.25,29655.25,29634.25,29639,8409
2026-08-27T20:30:00+00:00,29639.25,29645.75,29635,29639.75,4770
2026-08-27T20:45:00+00:00,29640,29642.5,29620.25,29635.25,6223
2026-08-27T22:00:00+00:00,29635,29645.25,29599.75,29621.25,4114
2026-08-27T22:15:00+00:00,29621.25,29639.25,29620.5,29637.75,7103
2026-08-27T22:30:00+00:00,29637.25,29640.75,29627.75,29636.75,4402
2026-08-27T22:45:00+00:00,29635.75,29640,29630,29634,2644
2026-08-27T23:00:00+00:00,29633.75,29638.5,29605.75,29616.75,7536
2026-08-27T23:15:00+00:00,29616.25,29617.5,29604.25,29608.75,3935
2026-08-27T23:30:00+00:00,29609.5,29612.75,29601.75,29605,3401
2026-08-27T23:45:00+00:00,29605,29605.75,29591.5,29602,7808
2026-08-28T00:00:00+00:00,29601.75,29656,29593.5,29652.5,25383
2026-08-28T00:15:00+00:00,29652.5,29656.5,29624.75,29651.75,14629
2026-08-28T00:30:00+00:00,29652,29660,29633.25,29654,8838
2026-08-28T00:45:00+00:00,29653.75,29667.75,29642,29644.25,10136
2026-08-28T01:00:00+00:00,29644.75,29671.25,29642,29661,10043
2026-08-28T01:15:00+00:00,29660.75,29673.5,29643.75,29648.5,8313
2026-08-28T01:30:00+00:00,29648.75,29672.5,29641.5,29654.25,13210
2026-08-28T01:45:00+00:00,29654.25,29679.25,29643.5,29677.25,9955
2026-08-28T02:00:00+00:00,29677.5,29699.5,29677.5,29693.5,10042
2026-08-28T02:15:00+00:00,29693.25,29704.25,29686,29692,7136
2026-08-28T02:30:00+00:00,29692,29692.25,29643.5,29646.75,12262
2026-08-28T02:45:00+00:00,29646.75,29670.75,29644.5,29663.25,8778
2026-08-28T03:00:00+00:00,29663.75,29702.5,29655.5,29693.5,11130
2026-08-28T03:15:00+00:00,29693.25,29707.25,29689.5,29700.5,6074
2026-08-28T03:30:00+00:00,29700.5,29704.5,29649,29651,11507
2026-08-28T03:45:00+00:00,29651.25,29676.75,29639.5,29670.5,11172
2026-08-28T04:00:00+00:00,29645.5,29666.75,29644,29661.25,9308
2026-08-28T04:15:00+00:00,29660.75,29669.5,29656.5,29658.75,4914
2026-08-28T04:30:00+00:00,29659.75,29661.25,29638.75,29644,6580
2026-08-28T04:45:00+00:00,29644,29650,29635.25,29642,3944
2026-08-28T05:00:00+00:00,29642,29644.25,29620.75,29624.5,7464
2026-08-28T05:15:00+00:00,29624.25,29629,29611.25,29623.25,7061
2026-08-28T05:30:00+00:00,29622.5,29625.25,29602.75,29612.75,7181
2026-08-28T05:45:00+00:00,29612.5,29613,29597.5,29598,5281
2026-08-28T06:00:00+00:00,29598.75,29618,29594.5,29602.5,8134
2026-08-28T06:15:00+00:00,29602.75,29624,29592.5,29597,7772
2026-08-28T06:30:00+00:00,29597,29623,29596.25,29622,9369
2026-08-28T06:45:00+00:00,29619.5,29646,29615.25,29645,6498
2026-08-28T07:00:00+00:00,29645.25,29653.25,29606,29612,12551
2026-08-28T07:15:00+00:00,29612,29624.25,29601.75,29613.5,6261
2026-08-28T07:30:00+00:00,29613.5,29621,29593,29597.5,5999
2026-08-28T07:45:00+00:00,29597,29626,29595.25,29607,6502
2026-08-28T08:00:00+00:00,29606.5,29621,29577.75,29586,16089
2026-08-28T08:15:00+00:00,29585.5,29605.75,29582,29598.5,6538
2026-08-28T08:30:00+00:00,29598,29633.5,29596,29623.5,6982
2026-08-28T08:45:00+00:00,29623.25,29625.5,29602.5,29619.25,6020
2026-08-28T09:00:00+00:00,29618.75,29620.75,29603.5,29606.5,5177
2026-08-28T09:15:00+00:00,29606,29621,29595.5,29614.5,4726
2026-08-28T09:30:00+00:00,29615.25,29618.25,29600.25,29606.75,3924
2026-08-28T09:45:00+00:00,29606.25,29620.25,29599.25,29605.75,3301
2026-08-28T10:00:00+00:00,29606,29611,29592.5,29603.5,5883
2026-08-28T10:15:00+00:00,29604.25,29617.25,29597.25,29611.25,3796
2026-08-28T10:30:00+00:00,29610.75,29623,29600.5,29601.5,5213
2026-08-28T10:45:00+00:00,29601.75,29624.75,29597.5,29622,4459
2026-08-28T11:00:00+00:00,29622,29634.5,29595.75,29614,10302
2026-08-28T11:15:00+00:00,29614.75,29636.75,29612.5,29634,6258
2026-08-28T11:30:00+00:00,29633.75,29640.75,29607.25,29610,6572
2026-08-28T11:45:00+00:00,29609.25,29615,29598.25,29602,5674
2026-08-28T12:00:00+00:00,29602,29633,29597.25,29630.75,10053
2026-08-28T12:15:00+00:00,29630.5,29664.75,29628,29662,12380
2026-08-28T12:30:00+00:00,29662,29662,29613.5,29658.25,18038
2026-08-28T12:45:00+00:00,29658.5,29667,29648.75,29658.5,10787
2026-08-28T13:00:00+00:00,29658.5,29682.25,29650,29661,18626
2026-08-28T13:15:00+00:00,29661,29663,29622.25,29628.75,19419
2026-08-28T13:30:00+00:00,29628,29701.25,29562.5,29687.25,171851
2026-08-28T13:45:00+00:00,29687,29704,29603,29629.25,103289
2026-08-28T14:00:00+00:00,29629.75,29707.5,29505.5,29534.75,176333
2026-08-28T14:15:00+00:00,29534.75,29675.75,29532.25,29654,158659
2026-08-28T14:30:00+00:00,29653.75,29744,29631.5,29734.25,122719
2026-08-28T14:45:00+00:00,29734.75,29798.75,29725,29796.5,86214
2026-08-28T15:00:00+00:00,29796,29811.75,29735.25,29747.75,89892
2026-08-28T15:15:00+00:00,29748.25,29791.75,29737.5,29783,63584
2026-08-28T15:30:00+00:00,29783.25,29785.75,29662.25,29671.5,80830
2026-08-28T15:45:00+00:00,29671.75,29682.75,29544.75,29552.5,123608
2026-08-28T16:00:00+00:00,29552.75,29592.25,29509.5,29558.25,108272
2026-08-28T16:15:00+00:00,29558.75,29570.5,29464.5,29488.75,103804
2026-08-28T16:30:00+00:00,29488.75,29529.75,29474,29484.5,73231
2026-08-28T16:45:00+00:00,29484,29549,29483,29502,63588
2026-08-28T17:00:00+00:00,29502,29503.25,29437,29484.25,81998
2026-08-28T17:15:00+00:00,29484,29495,29451.25,29470,49984
2026-08-28T17:30:00+00:00,29470.25,29504.5,29461.25,29484,45542
2026-08-28T17:45:00+00:00,29483.25,29529.5,29475.75,29515.75,43053
2026-08-28T18:00:00+00:00,29515.75,29521.5,29488.5,29489.5,35350
2026-08-28T18:15:00+00:00,29489.5,29504.75,29471,29483.75,34886
2026-08-28T18:30:00+00:00,29483.25,29506.5,29476,29490.75,30089
2026-08-28T18:45:00+00:00,29491,29493.5,29440.5,29455.25,36354
2026-08-28T19:00:00+00:00,29455.5,29491.25,29443.5,29479.25,41046
2026-08-28T19:15:00+00:00,29479.75,29502,29464.5,29498.5,28451
2026-08-28T19:30:00+00:00,29498.5,29513,29483,29502.75,29096
2026-08-28T19:45:00+00:00,29503,29521,29472.75,29496.25,68739
2026-08-28T20:00:00+00:00,29496.25,29507.75,29478,29488.25,17913
2026-08-28T20:15:00+00:00,29488.25,29493.5,29484.75,29491.5,4407
2026-08-28T20:30:00+00:00,29491.5,29508.5,29485.25,29507.25,7007
2026-08-28T20:45:00+00:00,29507.75,29519,29491.75,29491.75,6420
2026-08-30T22:00:00+00:00,29457.5,29471.25,29447.25,29470.75,4642
2026-08-30T22:15:00+00:00,29470.75,29495,29467,29473.25,12426
2026-08-30T22:30:00+00:00,29474,29476.75,29427,29437,17395
2026-08-30T22:45:00+00:00,29436.5,29453.25,29434.25,29442.5,7277
2026-08-30T23:00:00+00:00,29443,29451,29407,29410.25,16166
2026-08-30T23:15:00+00:00,29410.5,29416.5,29369,29372,18546
2026-08-30T23:30:00+00:00,29372.25,29377,29321,29354.25,26923
2026-08-30T23:45:00+00:00,29355,29355.75,29288.75,29289.25,33243
2026-08-31T00:00:00+00:00,29290,29346.75,29273.5,29340,35714
2026-08-31T00:15:00+00:00,29339.75,29377.75,29333.75,29370.5,23282
2026-08-31T00:30:00+00:00,29370.75,29399,29367,29389.25,19009
2026-08-31T00:45:00+00:00,29389.75,29394,29350,29357.75,19808
2026-08-31T01:00:00+00:00,29357.5,29358.75,29292.25,29323,33447
2026-08-31T01:15:00+00:00,29323.5,29340,29303,29330.75,24750
2026-08-31T01:30:00+00:00,29330,29338,29306.5,29313.25,16525
2026-08-31T01:45:00+00:00,29313.5,29329.5,29301.75,29324,15645
2026-08-31T02:00:00+00:00,29324.25,29363,29309.25,29356.5,17614
2026-08-31T02:15:00+00:00,29356.75,29358,29304,29327,19071
2026-08-31T02:30:00+00:00,29327.5,29335.25,29286.5,29296,16680
2026-08-31T02:45:00+00:00,29296.25,29347,29290,29344.25,15651
2026-08-31T03:00:00+00:00,29345,29368.25,29336.75,29355.75,11550
2026-08-31T03:15:00+00:00,29355.75,29358.75,29342.5,29344.25,8051
2026-08-31T03:30:00+00:00,29344.25,29351.5,29337.75,29346,6397
2026-08-31T03:45:00+00:00,29346,29354.5,29338.75,29348.75,3950
2026-08-31T04:00:00+00:00,29352.5,29356,29341,29354,4441
2026-08-31T04:15:00+00:00,29354.75,29360,29342.5,29346.75,4403
2026-08-31T04:30:00+00:00,29347.5,29384.75,29329.5,29382,12930
2026-08-31T04:45:00+00:00,29382,29423.75,29362,29416,12164
2026-08-31T05:00:00+00:00,29415.5,29445,29407,29443,10653
2026-08-31T05:15:00+00:00,29443.5,29477.25,29441.75,29470.5,12355
2026-08-31T05:30:00+00:00,29470,29474.5,29426.5,29442,13848
2026-08-31T05:45:00+00:00,29442,29462.75,29432,29461.25,8853
2026-08-31T06:00:00+00:00,29461.25,29503.5,29449,29500.5,13950
2026-08-31T06:15:00+00:00,29500.75,29518.25,29500.25,29513,9972
2026-08-31T06:30:00+00:00,29513,29520,29495.5,29507.75,9397
2026-08-31T06:45:00+00:00,29507.5,29528.5,29502.5,29517.25,7562
2026-08-31T07:00:00+00:00,29516.75,29522.25,29500,29513.25,7358
2026-08-31T07:15:00+00:00,29513.75,29521.5,29500,29509.25,5277
2026-08-31T07:30:00+00:00,29508.75,29522,29500.5,29507,5437
2026-08-31T07:45:00+00:00,29505.5,29511.5,29492,29509,4762
2026-08-31T08:00:00+00:00,29508.25,29538.75,29486.75,29506,19158
2026-08-31T08:15:00+00:00,29505,29511,29485.75,29500.75,8939
2026-08-31T08:30:00+00:00,29500.5,29502.75,29475,29484.5,7445
2026-08-31T08:45:00+00:00,29485,29498.5,29477,29486,6247
2026-08-31T09:00:00+00:00,29485.25,29501,29470,29493,8189
2026-08-31T09:15:00+00:00,29492.5,29509.5,29489.75,29490.75,5550
2026-08-31T09:30:00+00:00,29490.75,29493.25,29467,29468.25,4578
2026-08-31T09:45:00+00:00,29467.5,29469.25,29445.5,29450.5,6856
2026-08-31T10:00:00+00:00,29451.5,29460,29440,29459,7854
2026-08-31T10:15:00+00:00,29458.25,29467.5,29443,29460.5,7241
2026-08-31T10:30:00+00:00,29460,29462,29449.5,29455.25,4090
2026-08-31T10:45:00+00:00,29454.5,29472,29450,29459,4809
2026-08-31T11:00:00+00:00,29459,29464.25,29436.5,29439.75,10553
2026-08-31T11:15:00+00:00,29439,29470,29434,29465,8088
2026-08-31T11:30:00+00:00,29465.25,29467.25,29432.25,29433.5,10132
2026-08-31T11:45:00+00:00,29433,29440,29425,29429.5,7039
2026-08-31T12:00:00+00:00,29430,29467,29400,29450,17939
2026-08-31T12:15:00+00:00,29450,29483,29398.5,29415.5,23262
2026-08-31T12:30:00+00:00,29415.25,29443,29389.5,29399.25,20872
2026-08-31T12:45:00+00:00,29398.75,29408.25,29379.75,29389.75,13045
2026-08-31T13:00:00+00:00,29389.75,29411.75,29374.25,29409.25,18518
2026-08-31T13:15:00+00:00,29408.5,29443,29408.25,29438.5,22832
2026-08-31T13:30:00+00:00,29438.5,29517,29390,29407.25,186980
2026-08-31T13:45:00+00:00,29407.75,29479.75,29386.75,29438.75,139800
2026-08-31T14:00:00+00:00,29439,29448.25,29370.5,29394,96716
2026-08-31T14:15:00+00:00,29393.75,29431,29354,29374.75,92944
2026-08-31T14:30:00+00:00,29374.5,29437.5,29364,29425.25,71501
2026-08-31T14:45:00+00:00,29425.25,29443.5,29384.25,29415.75,69865
2026-08-31T15:00:00+00:00,29415.5,29443,29395.5,29417.5,67037
2026-08-31T15:15:00+00:00,29417.5,29445.5,29397.5,29421,53283
2026-08-31T15:30:00+00:00,29420.75,29425.25,29381.75,29408.5,54530
2026-08-31T15:45:00+00:00,29408.5,29432.75,29384.25,29389,46692
2026-08-31T16:00:00+00:00,29389,29413,29363.25,29407.75,48764
2026-08-31T16:15:00+00:00,29408,29426.75,29382.25,29425.25,36894
2026-08-31T16:30:00+00:00,29425.25,29431.25,29394.75,29414,40467
2026-08-31T16:45:00+00:00,29413.5,29443.25,29409.5,29439.75,27521
2026-08-31T17:00:00+00:00,29440,29441.25,29415.25,29423.5,26759
2026-08-31T17:15:00+00:00,29423.75,29434.75,29393.75,29396.75,27661
2026-08-31T17:30:00+00:00,29397.25,29439.75,29388.25,29439.5,35265
2026-08-31T17:45:00+00:00,29439.75,29457.75,29431,29442,32503
2026-08-31T18:00:00+00:00,29442,29460.25,29422.25,29446.5,34351
2026-08-31T18:15:00+00:00,29447,29461.75,29437,29438.25,26085
2026-08-31T18:30:00+00:00,29438,29443.5,29382.5,29399.25,48666
2026-08-31T18:45:00+00:00,29399.75,29420.5,29390.25,29404,33018
2026-08-31T19:00:00+00:00,29404.5,29429.5,29403,29425.5,29317
2026-08-31T19:15:00+00:00,29425.25,29453.75,29417,29447.75,27455
2026-08-31T19:30:00+00:00,29447.75,29483.25,29430.75,29476.5,36405
2026-08-31T19:45:00+00:00,29476.75,29538,29458.5,29507,85460
2026-08-31T20:00:00+00:00,29506.75,29527,29505,29511.75,20752
2026-08-31T20:15:00+00:00,29511.5,29518,29507.5,29513.5,4965
2026-08-31T20:30:00+00:00,29513.5,29520.25,29509.75,29517,4114
2026-08-31T20:45:00+00:00,29516.25,29524,29507,29521.5,4234
2026-08-31T22:00:00+00:00,29518.5,29524,29500.75,29507.5,3356
2026-08-31T22:15:00+00:00,29507,29508.5,29497.75,29501.75,3204
2026-08-31T22:30:00+00:00,29502.5,29508.5,29502,29505,2191
2026-08-31T22:45:00+00:00,29504.5,29507.25,29490.75,29493.25,5206
2026-08-31T23:00:00+00:00,29493.75,29515.75,29483.25,29495.25,8831
2026-08-31T23:15:00+00:00,29496.25,29499.75,29484,29497,4201
2026-08-31T23:30:00+00:00,29497,29517.5,29493.25,29510.5,8552
2026-08-31T23:45:00+00:00,29510.25,29519.5,29496.75,29500.75,8390
2026-09-01T00:00:00+00:00,29501.25,29522.5,29480.25,29489.5,25800
2026-09-01T00:15:00+00:00,29489.5,29518.75,29477,29501.5,16900
2026-09-01T00:30:00+00:00,29500.75,29519.5,29484.25,29501.5,13376
2026-09-01T00:45:00+00:00,29502.25,29508.5,29492,29506.75,7731
2026-09-01T01:00:00+00:00,29506.25,29514.75,29491.75,29512,11423
2026-09-01T01:15:00+00:00,29513,29516.5,29477.5,29484,12478
2026-09-01T01:30:00+00:00,29483.5,29515.5,29475,29507.5,14060
2026-09-01T01:45:00+00:00,29507.5,29511,29490,29499.5,6272
2026-09-01T02:00:00+00:00,29499,29503.5,29475.25,29480.75,8942
2026-09-01T02:15:00+00:00,29480.75,29486.25,29452.25,29460,11293
2026-09-01T02:30:00+00:00,29460,29472.5,29435.75,29438.25,13865
2026-09-01T02:45:00+00:00,29438.75,29492.75,29436.25,29491.75,13416
2026-09-01T03:00:00+00:00,29491.75,29494,29467.5,29471.5,10664
2026-09-01T03:15:00+00:00,29471.25,29477.25,29459.5,29465,7764
2026-09-01T03:30:00+00:00,29465.75,29484.75,29460.5,29477.5,6977
2026-09-01T03:45:00+00:00,29477.25,29488.5,29475,29483,4146
2026-09-01T04:00:00+00:00,29486.5,29492.75,29481.5,29488.5,7804
2026-09-01T04:15:00+00:00,29489,29501.75,29485.5,29493,7251
2026-09-01T04:30:00+00:00,29493.25,29502.25,29470.25,29470.5,6945
2026-09-01T04:45:00+00:00,29470.5,29494.25,29466.25,29473.25,10424
2026-09-01T05:00:00+00:00,29473.25,29476,29460,29464.5,5461
2026-09-01T05:15:00+00:00,29464.5,29488.25,29447.5,29485.5,10598
2026-09-01T05:30:00+00:00,29485.75,29536,29481.75,29533.5,17065
2026-09-01T05:45:00+00:00,29534,29571,29521.75,29561.5,15298
2026-09-01T06:00:00+00:00,29561.25,29567.75,29530.75,29545,14079
2026-09-01T06:15:00+00:00,29544.75,29546.5,29514.25,29517,11102
2026-09-01T06:30:00+00:00,29516.75,29545.5,29514,29539,11114
2026-09-01T06:45:00+00:00,29539.25,29541,29514.5,29515,6478
2026-09-01T07:00:00+00:00,29515.5,29556.5,29511.75,29553.25,16560
2026-09-01T07:15:00+00:00,29553.25,29556.25,29527.25,29546,8260
2026-09-01T07:30:00+00:00,29546.25,29546.75,29462,29463,19542
2026-09-01T07:45:00+00:00,29463.25,29478.75,29430,29435.75,16997
2026-09-01T08:00:00+00:00,29435.5,29450.5,29328,29349,41167
2026-09-01T08:15:00+00:00,29349,29359.25,29279,29285.75,26949
2026-09-01T08:30:00+00:00,29286,29312.75,29246.75,29258.25,24206
2026-09-01T08:45:00+00:00,29257.25,29280,29234.5,29235.25,17621
2026-09-01T09:00:00+00:00,29236,29243.75,29201,29208.25,18515
2026-09-01T09:15:00+00:00,29207.5,29218.25,29186,29197.75,14301
2026-09-01T09:30:00+00:00,29197.75,29216.5,29182,29212.75,13338
2026-09-01T09:45:00+00:00,29212.5,29227.75,29210.5,29212.5,8968
2026-09-01T10:00:00+00:00,29213,29228.25,29201.25,29221.75,10067
2026-09-01T10:15:00+00:00,29221.5,29249.25,29211.5,29237.25,9226
2026-09-01T10:30:00+00:00,29237.5,29258,29226.75,29227.75,8986
2026-09-01T10:45:00+00:00,29227.25,29244.25,29198,29210,13653
2026-09-01T11:00:00+00:00,29209.5,29213.25,29177.5,29201.25,17166
2026-09-01T11:15:00+00:00,29200.25,29216.75,29196,29208.25,11473
2026-09-01T11:30:00+00:00,29208.5,29238.25,29206,29226.25,11161
2026-09-01T11:45:00+00:00,29227.25,29229.75,29167.25,29172.25,19549
2026-09-01T12:00:00+00:00,29172,29179.75,29153.25,29165,19066
2026-09-01T12:15:00+00:00,29165.25,29173.75,29138,29170,17678
2026-09-01T12:30:00+00:00,29169.5,29170.5,29123.25,29130,23112
2026-09-01T12:45:00+00:00,29129.5,29153,29122.75,29125.75,16170
2026-09-01T13:00:00+00:00,29125.5,29126,29086.5,29093.25,30682
2026-09-01T13:15:00+00:00,29092.75,29123,29082.75,29111.5,26257
2026-09-01T13:30:00+00:00,29111.75,29140.5,29040,29083.5,188714
2026-09-01T13:45:00+00:00,29084,29157.75,29074.5,29105.5,110913
2026-09-01T14:00:00+00:00,29107.25,29163.25,29085,29134.25,106528
2026-09-01T14:15:00+00:00,29134.25,29179,29131.75,29165.75,79000
2026-09-01T14:30:00+00:00,29165.25,29234.5,29162.5,29234,76184
2026-09-01T14:45:00+00:00,29233.75,29268.25,29207.75,29228.5,80046
2026-09-01T15:00:00+00:00,29228,29242,29180,29183,67866
2026-09-01T15:15:00+00:00,29183.25,29233.25,29179,29232,50716
2026-09-01T15:30:00+00:00,29232,29290.5,29224.5,29287.75,59901
2026-09-01T15:45:00+00:00,29287.5,29317.25,29286,29296,57994
2026-09-01T16:00:00+00:00,29296,29300.5,29231.75,29233,52737
2026-09-01T16:15:00+00:00,29232.75,29236.75,29162.25,29177,86783
2026-09-01T16:30:00+00:00,29177,29184,29130,29137.75,70208
2026-09-01T16:45:00+00:00,29137.5,29197.5,29133,29191,43701
2026-09-01T17:00:00+00:00,29191,29191.75,29138.75,29155.5,46332
2026-09-01T17:15:00+00:00,29155.75,29164.25,29100.5,29142.75,51254
2026-09-01T17:30:00+00:00,29143,29162,29137.25,29151.5,33584
2026-09-01T17:45:00+00:00,29151.25,29153.25,29117.5,29140.25,33719
2026-09-01T18:00:00+00:00,29140.5,29151.25,29101.25,29102.25,33987
2026-09-01T18:15:00+00:00,29102.75,29118.5,29085.25,29093.75,38166
2026-09-01T18:30:00+00:00,29094.5,29097.5,29014.25,29015,53470
2026-09-01T18:45:00+00:00,29015,29081,29001.75,29075.75,59467
2026-09-01T19:00:00+00:00,29075.75,29121.5,29070.25,29120.25,47543
2026-09-01T19:15:00+00:00,29120,29130.5,29103.5,29126.75,34824
2026-09-01T19:30:00+00:00,29126.5,29128.25,29092.75,29117.75,40711
2026-09-01T19:45:00+00:00,29118,29141.25,29086,29125.5,75482
2026-09-01T20:00:00+00:00,29126.25,29158,29111.75,29134.5,30992
2026-09-01T20:15:00+00:00,29135,29160.25,29133,29135.75,10874
2026-09-01T20:30:00+00:00,29136.25,29155.5,29131.5,29146.5,6675
2026-09-01T20:45:00+00:00,29146.75,29147.5,29130.25,29139,5143
2026-09-01T22:00:00+00:00,29137.25,29150.5,29107,29110.25,5650
2026-09-01T22:15:00+00:00,29110.5,29125.75,29101.5,29114.75,7545
2026-09-01T22:30:00+00:00,29114.75,29120.75,29111,29117.25,4654
2026-09-01T22:45:00+00:00,29117.25,29138.75,29114.75,29131.25,6618
2026-09-01T23:00:00+00:00,29130.5,29136.75,29128,29129.25,2606
2026-09-01T23:15:00+00:00,29129,29139.75,29118.5,29137.25,5903
2026-09-01T23:30:00+00:00,29137.5,29143.75,29133.25,29140.75,4999
2026-09-01T23:45:00+00:00,29140.75,29148.25,29129.75,29134.25,5666
2026-09-02T00:00:00+00:00,29134.75,29144.25,29105.5,29128.75,21924
2026-09-02T00:15:00+00:00,29128.75,29171.25,29123,29127.25,24092
2026-09-02T00:30:00+00:00,29128,29148.25,29114,29139.75,16588
2026-09-02T00:45:00+00:00,29140,29145.5,29103.25,29103.75,12050
2026-09-02T01:00:00+00:00,29104,29126.5,29086,29098.75,19218
2026-09-02T01:15:00+00:00,29098.5,29131.25,29094.75,29115,15662
2026-09-02T01:30:00+00:00,29115.5,29123.5,29070,29074.25,18181
2026-09-02T01:45:00+00:00,29074.75,29079,29047.25,29074.75,20073
2026-09-02T02:00:00+00:00,29075.25,29077,29044,29065.5,14340
2026-09-02T02:15:00+00:00,29065.5,29101.25,29065.25,29085.5,13562
2026-09-02T02:30:00+00:00,29086,29087.25,29061.25,29083,10665
2026-09-02T02:45:00+00:00,29082.75,29092.75,29075,29085.75,8160
2026-09-02T03:00:00+00:00,29085.75,29090,29056.5,29084.25,10880
2026-09-02T03:15:00+00:00,29083.25,29084.5,29068.25,29069.25,6062
2026-09-02T03:30:00+00:00,29069.75,29072.75,29053.5,29056.25,9221
2026-09-02T03:45:00+00:00,29055.5,29065.75,29046.25,29053.5,6105
2026-09-02T04:00:00+00:00,29054.25,29054.5,29035.25,29047.75,8664
2026-09-02T04:15:00+00:00,29048.25,29063.25,29043.75,29050.5,8220
2026-09-02T04:30:00+00:00,29051,29062.75,29047.25,29053.5,5756
2026-09-02T04:45:00+00:00,29053.75,29065.75,29050.5,29058.75,4666
2026-09-02T05:00:00+00:00,29059,29071.5,29037.25,29067.25,9789
2026-09-02T05:15:00+00:00,29067.25,29092,29064.25,29091,12024
2026-09-02T05:30:00+00:00,29091.25,29105,29070,29099.25,12969
2026-09-02T05:45:00+00:00,29099.25,29102.5,29062,29071.5,9147
2026-09-02T06:00:00+00:00,29072.5,29082.75,29041.5,29049,11754
2026-09-02T06:15:00+00:00,29049.25,29055,29021.25,29022.5,12877
2026-09-02T06:30:00+00:00,29023.25,29098.75,29016.5,29072.5,17760
2026-09-02T06:45:00+00:00,29072.25,29080.75,29051,29076.75,10307
2026-09-02T07:00:00+00:00,29076.75,29121,29065.25,29103,14164
2026-09-02T07:15:00+00:00,29103.25,29117.75,29075,29094.25,11158
2026-09-02T07:30:00+00:00,29093.75,29101.5,29064,29070,8277
2026-09-02T07:45:00+00:00,29070,29078.75,29049.75,29062,8305
2026-09-02T08:00:00+00:00,29062.25,29098,29051.25,29074.5,13111
2026-09-02T08:15:00+00:00,29074,29088.5,29038.75,29052,8442
2026-09-02T08:30:00+00:00,29052.5,29068.75,29032,29035.5,9055
2026-09-02T08:45:00+00:00,29036.25,29037.25,28954.75,28978,18422
2026-09-02T09:00:00+00:00,28977.25,29027,28968.5,28970.75,16997
2026-09-02T09:15:00+00:00,28971.25,28996,28956.75,28978.25,11866
2026-09-02T09:30:00+00:00,28978.25,28981.25,28940.75,28949,11387
2026-09-02T09:45:00+00:00,28949,28975,28947.25,28973.25,7667
2026-09-02T10:00:00+00:00,28973.25,28979.75,28947.25,28978.75,8832
2026-09-02T10:15:00+00:00,28978.75,28995.5,28970.75,28986.25,7805
2026-09-02T10:30:00+00:00,28985.5,28989.25,28961,28966.5,6323
2026-09-02T10:45:00+00:00,28966.25,28988.25,28957.75,28987,6117
2026-09-02T11:00:00+00:00,28987.25,29021.25,28927.25,29014.75,24049
2026-09-02T11:15:00+00:00,29014.25,29036,28995,29022.5,15260
2026-09-02T11:30:00+00:00,29023.5,29059.75,29018.25,29029.5,13392
2026-09-02T11:45:00+00:00,29029.75,29085.25,29022.25,29083.75,13487
2026-09-02T12:00:00+00:00,29083.25,29124,29073.75,29123.75,19569
2026-09-02T12:15:00+00:00,29123.75,29149.25,29094.5,29107.75,25089
2026-09-02T12:30:00+00:00,29107.5,29110.75,29067,29069.75,16045
2026-09-02T12:45:00+00:00,29069.25,29071.75,29033,29040,16652
2026-09-02T13:00:00+00:00,29040.25,29070.75,29037.75,29067.75,17512
2026-09-02T13:15:00+00:00,29067.75,29115.5,29062.75,29098.75,24670
2026-09-02T13:30:00+00:00,29098.25,29119,29036.75,29090.25,148148
2026-09-02T13:45:00+00:00,29090.5,29113,29017.25,29061.75,117320
2026-09-02T14:00:00+00:00,29062.5,29128.25,29032.25,29127.5,109519
2026-09-02T14:15:00+00:00,29127.5,29194,29119.25,29187.5,91608
2026-09-02T14:30:00+00:00,29187,29211.75,29168.25,29201.5,77079
2026-09-02T14:45:00+00:00,29201.75,29202.5,29111.25,29120.25,76202
2026-09-02T15:00:00+00:00,29120.5,29168.25,29106.25,29158.25,75775
2026-09-02T15:15:00+00:00,29158,29208,29151.25,29204.75,53255
2026-09-02T15:30:00+00:00,29205,29208.5,29171.5,29182.25,44718
2026-09-02T15:45:00+00:00,29182.25,29191,29135.75,29184.5,55439
2026-09-02T16:00:00+00:00,29184.75,29198,29173.5,29186.5,32899
2026-09-02T16:15:00+00:00,29186,29186.75,29142.25,29152.25,33865
2026-09-02T16:30:00+00:00,29151.75,29175.75,29138,29138.5,38175
2026-09-02T16:45:00+00:00,29138.75,29168,29136.75,29154.5,32804
2026-09-02T17:00:00+00:00,29155,29182.5,29126.75,29144.75,43511
2026-09-02T17:15:00+00:00,29145,29154.75,29125,29150.25,29763
2026-09-02T17:30:00+00:00,29150.5,29159,29127.5,29158.75,29784
2026-09-02T17:45:00+00:00,29158.5,29174,29142.75,29159.5,30625
2026-09-02T18:00:00+00:00,29159.25,29166.25,29135.5,29147.25,30738
2026-09-02T18:15:00+00:00,29147,29199.5,29143,29159.25,41382
2026-09-02T18:30:00+00:00,29158.75,29174.75,29131.75,29136.5,27234
2026-09-02T18:45:00+00:00,29136.25,29154.5,29130.25,29145.75,26110
2026-09-02T19:00:00+00:00,29145.25,29171.5,29138.75,29165.75,25743
2026-09-02T19:15:00+00:00,29166,29171.25,29150,29167.75,25193
2026-09-02T19:30:00+00:00,29167.25,29178.5,29155,29175,20725
2026-09-02T19:45:00+00:00,29175.5,29197.25,29170.5,29190.25,48321
2026-09-02T20:00:00+00:00,29190.25,29212.5,29187.75,29192.25,22837
2026-09-02T20:15:00+00:00,29193.5,29193.75,29139.5,29156,22925
2026-09-02T20:30:00+00:00,29156,29163.5,29147,29148.5,7110
2026-09-02T20:45:00+00:00,29148.25,29164,29140.75,29143,4745
2026-09-02T22:00:00+00:00,29175.75,29189.25,29149,29185.5,4886
2026-09-02T22:15:00+00:00,29185.25,29208.75,29177.5,29196,8588
2026-09-02T22:30:00+00:00,29195.75,29203,29189.75,29195.5,4633
2026-09-02T22:45:00+00:00,29195.5,29195.75,29177.75,29181.5,5609
2026-09-02T23:00:00+00:00,29181.25,29189.25,29170.75,29172.5,6391
2026-09-02T23:15:00+00:00,29171.75,29180.25,29167,29180,5255
2026-09-02T23:30:00+00:00,29180,29188.5,29174,29188.5,5416
2026-09-02T23:45:00+00:00,29188.75,29218.25,29186.75,29200.5,11246
2026-09-03T00:00:00+00:00,29201,29201.75,29165,29169,17326
2026-09-03T00:15:00+00:00,29168.5,29169,29141.25,29156.25,16784
2026-09-03T00:30:00+00:00,29156.75,29162,29145.5,29156.25,9450
2026-09-03T00:45:00+00:00,29156.25,29161.25,29146.75,29151.25,6514
2026-09-03T01:00:00+00:00,29151.25,29186.75,29147.75,29183.5,16952
2026-09-03T01:15:00+00:00,29183.25,29200.5,29157.25,29176,18103
2026-09-03T01:30:00+00:00,29176,29199.5,29167.75,29168.75,15496
2026-09-03T01:45:00+00:00,29168.75,29176.25,29132.5,29137.25,16205
2026-09-03T02:00:00+00:00,29137.25,29187,29133,29182.5,17217
2026-09-03T02:15:00+00:00,29182.5,29195,29173,29187.5,10770
2026-09-03T02:30:00+00:00,29188.25,29199,29170,29173.25,7907
2026-09-03T02:45:00+00:00,29172.75,29190,29167.5,29182,7668
2026-09-03T03:00:00+00:00,29181.5,29204.75,29179.75,29204.5,7591
2026-09-03T03:15:00+00:00,29204.25,29235,29202.5,29219.5,15248
2026-09-03T03:30:00+00:00,29219.75,29233.5,29217.75,29227.5,6053
2026-09-03T03:45:00+00:00,29227.25,29242.75,29220,29231.5,7433
2026-09-03T04:00:00+00:00,29245.5,29255,29237.75,29246.25,9845
2026-09-03T04:15:00+00:00,29246,29249.75,29226.75,29227,5679
2026-09-03T04:30:00+00:00,29227.5,29236.75,29214.5,29218.5,7485
2026-09-03T04:45:00+00:00,29219,29229.25,29204.5,29207.5,5992
2026-09-03T05:00:00+00:00,29207.75,29208.75,29141,29148.5,19077
2026-09-03T05:15:00+00:00,29148,29149.25,29075,29103,34689
2026-09-03T05:30:00+00:00,29103,29152.5,29097,29142.25,26732
2026-09-03T05:45:00+00:00,29142,29189.25,29127.5,29188.75,18441
2026-09-03T06:00:00+00:00,29188.5,29204.25,29162.5,29169.5,17636
2026-09-03T06:15:00+00:00,29169,29181,29160.5,29177.75,9389
2026-09-03T06:30:00+00:00,29177.5,29188.25,29163.75,29181.5,10746
2026-09-03T06:45:00+00:00,29181.75,29183,29158.25,29173.5,5996
2026-09-03T07:00:00+00:00,29173.25,29233.25,29159.25,29205.25,17553
2026-09-03T07:15:00+00:00,29204.25,29211.75,29179.25,29202.75,8635
2026-09-03T07:30:00+00:00,29202.75,29245.75,29192,29240.75,10703
2026-09-03T07:45:00+00:00,29240.5,29241.5,29183,29220.25,10986
2026-09-03T08:00:00+00:00,29219.75,29293,29212.75,29247,31017
2026-09-03T08:15:00+00:00,29247,29264,29232,29257.5,11120
2026-09-03T08:30:00+00:00,29256.25,29256.75,29226.25,29227,7501
2026-09-03T08:45:00+00:00,29227.75,29235.5,29214,29216.75,5431
2026-09-03T09:00:00+00:00,29217.5,29226,29210.75,29223,5344
2026-09-03T09:15:00+00:00,29223.5,29224,29187.75,29187.75,7303
2026-09-03T09:30:00+00:00,29187.5,29198.75,29169,29177.25,7798
2026-09-03T09:45:00+00:00,29177,29177,29127,29137,12801
2026-09-03T10:00:00+00:00,29138,29159.25,29120,29125,11512
2026-09-03T10:15:00+00:00,29125,29134.75,29118.75,29127.75,6974
2026-09-03T10:30:00+00:00,29127.75,29140.75,29105.5,29128.25,9269
2026-09-03T10:45:00+00:00,29128.75,29130.75,29107.5,29128.75,8341
2026-09-03T11:00:00+00:00,29129,29171.25,29106,29164,15615
2026-09-03T11:15:00+00:00,29164,29187.25,29156.5,29166.75,10693
2026-09-03T11:30:00+00:00,29167.25,29174,29111,29141.75,14362
2026-09-03T11:45:00+00:00,29142.25,29143.75,29101.75,29105.25,13627
2026-09-03T12:00:00+00:00,29105.25,29147.25,29104,29124.25,14894
2026-09-03T12:15:00+00:00,29124.75,29151.5,29105.5,29146.25,13553
2026-09-03T12:30:00+00:00,29145.25,29242.5,29143,29189.75,37791
2026-09-03T12:45:00+00:00,29189.5,29260,29184.25,29244.5,28281
2026-09-03T13:00:00+00:00,29244.75,29246.25,29194.5,29239.25,31844
2026-09-03T13:15:00+00:00,29239.25,29254.25,29200.25,29248.75,26543
2026-09-03T13:30:00+00:00,29249.5,29359.75,29199.25,29345.75,190134
2026-09-03T13:45:00+00:00,29345.5,29375.25,29296.75,29336.75,107393
2026-09-03T14:00:00+00:00,29332.25,29335.5,29241.5,29301.5,122573
2026-09-03T14:15:00+00:00,29301,29364.75,29295.5,29343.25,92379
2026-09-03T14:30:00+00:00,29342.75,29360.5,29272.5,29284,101457
2026-09-03T14:45:00+00:00,29283.75,29367.75,29246,29363.25,97701
2026-09-03T15:00:00+00:00,29363.5,29466.25,29362,29464.75,108204
2026-09-03T15:15:00+00:00,29465,29539.75,29453.5,29535.5,81791
2026-09-03T15:30:00+00:00,29535.75,29543.75,29502.25,29506.5,57206
2026-09-03T15:45:00+00:00,29506.25,29539.5,29504,29538.25,37571
2026-09-03T16:00:00+00:00,29538.75,29539.5,29503.25,29519.25,38268
2026-09-03T16:15:00+00:00,29519.25,29529.25,29489.25,29496.5,30698
2026-09-03T16:30:00+00:00,29497,29535,29482.5,29528.25,38941
2026-09-03T16:45:00+00:00,29528.25,29548,29516.25,29527.75,28218
2026-09-03T17:00:00+00:00,29528.5,29534.25,29486.5,29490.25,31561
2026-09-03T17:15:00+00:00,29490.5,29507.75,29476,29502.5,31841
2026-09-03T17:30:00+00:00,29502.5,29532,29502,29528.5,27113
2026-09-03T17:45:00+00:00,29529,29553,29521.25,29544,30242
2026-09-03T18:00:00+00:00,29551.5,29579.25,29551.25,29573,41778
2026-09-03T18:15:00+00:00,29573.25,29585,29564.5,29570.25,26571
2026-09-03T18:30:00+00:00,29571,29580,29559.25,29560.5,20556
2026-09-03T18:45:00+00:00,29560.5,29582.5,29559.5,29568.5,21588
2026-09-03T19:00:00+00:00,29568.25,29570.25,29532.5,29538.75,27031
2026-09-03T19:15:00+00:00,29538.5,29543.5,29526.25,29533.5,26802
2026-09-03T19:30:00+00:00,29533.25,29542,29521.5,29524,27321
2026-09-03T19:45:00+00:00,29524.5,29536.25,29509,29531,54005
2026-09-03T20:00:00+00:00,29530.75,29536.25,29506.5,29521.5,17664
2026-09-03T20:15:00+00:00,29521.5,29522.75,29502.75,29509.5,5692
2026-09-03T20:30:00+00:00,29510.25,29517.5,29508.75,29511.25,4395
2026-09-03T20:45:00+00:00,29510.75,29513.25,29498.75,29502.75,4689
2026-09-03T22:00:00+00:00,29500,29510,29481.5,29485.25,3984
2026-09-03T22:15:00+00:00,29485.25,29496,29485.25,29490,3739
2026-09-03T22:30:00+00:00,29490,29498.5,29489.25,29495,3142
2026-09-03T22:45:00+00:00,29494.5,29513,29494.25,29508.5,5636
2026-09-03T23:00:00+00:00,29508.25,29512,29496,29503.5,5557
2026-09-03T23:15:00+00:00,29503,29510.25,29498,29507.5,3141
2026-09-03T23:30:00+00:00,29507.75,29511,29500.75,29506,2478
2026-09-03T23:45:00+00:00,29506.25,29516.75,29502.75,29504.5,6029
2026-09-04T00:00:00+00:00,29503.75,29520.5,29491,29510.5,12436
2026-09-04T00:15:00+00:00,29510,29529,29505,29528,10448
2026-09-04T00:30:00+00:00,29527.5,29534,29519,29532,7213
2026-09-04T00:45:00+00:00,29532,29542,29530,29530.25,7822
2026-09-04T01:00:00+00:00,29530,29533,29517.5,29523,10026
2026-09-04T01:15:00+00:00,29522.75,29543.5,29516,29540.75,11340
2026-09-04T01:30:00+00:00,29540,29549.25,29534.25,29545,7813
2026-09-04T01:45:00+00:00,29545,29549,29523.25,29547.75,8632
2026-09-04T02:00:00+00:00,29548.25,29553.5,29537,29550,6158
2026-09-04T02:15:00+00:00,29550,29556.5,29547,29555.25,4285
2026-09-04T02:30:00+00:00,29555,29566.75,29544.25,29546.25,8472
2026-09-04T02:45:00+00:00,29547,29568.5,29545,29564.75,6105
2026-09-04T03:00:00+00:00,29565,29566.75,29557,29560,4026
2026-09-04T03:15:00+00:00,29560.5,29578.25,29559.5,29569,7456
2026-09-04T03:30:00+00:00,29569.5,29579.5,29566.25,29568.25,4612
2026-09-04T03:45:00+00:00,29567.75,29573.5,29563.5,29571.75,3968
2026-09-04T04:00:00+00:00,29564.75,29577.75,29563,29575.5,7335
2026-09-04T04:15:00+00:00,29576,29595,29567.25,29593.25,8902
2026-09-04T04:30:00+00:00,29593.25,29601,29585.25,29587.75,6433
2026-09-04T04:45:00+00:00,29588,29599.5,29582.5,29597.25,5758
2026-09-04T05:00:00+00:00,29597.75,29623.5,29593.25,29620.75,9996
2026-09-04T05:15:00+00:00,29621.25,29643.5,29620.5,29622.25,11440
2026-09-04T05:30:00+00:00,29622.25,29625.5,29606,29609.75,7013
2026-09-04T05:45:00+00:00,29609.25,29621.75,29591.5,29619.5,9925
2026-09-04T06:00:00+00:00,29620,29644.25,29617,29641.5,12124
2026-09-04T06:15:00+00:00,29641.25,29642.25,29622.25,29631,8739
2026-09-04T06:30:00+00:00,29631.25,29633,29595,29603.5,10949
2026-09-04T06:45:00+00:00,29604,29604.75,29573.75,29576,9686
2026-09-04T07:00:00+00:00,29577.25,29623.75,29575,29619.75,12426
2026-09-04T07:15:00+00:00,29619.5,29637.25,29606,29636.25,7368
2026-09-04T07:30:00+00:00,29635.5,29652.25,29627.75,29648,9105
2026-09-04T07:45:00+00:00,29647,29658.75,29641,29653,6435
2026-09-04T08:00:00+00:00,29653.75,29669.25,29634.75,29650.5,14621
2026-09-04T08:15:00+00:00,29651,29672.25,29643.5,29669.75,8567
2026-09-04T08:30:00+00:00,29670,29673,29643.25,29658.5,6735
2026-09-04T08:45:00+00:00,29658.25,29665.75,29647,29658.5,5693
2026-09-04T09:00:00+00:00,29657.5,29658.25,29626.25,29628.5,6661
2026-09-04T09:15:00+00:00,29629,29643.25,29616.25,29625,6550
2026-09-04T09:30:00+00:00,29625,29646.5,29618.25,29643,5398
2026-09-04T09:45:00+00:00,29644,29661.75,29642.75,29657.25,5737
2026-09-04T10:00:00+00:00,29656.75,29668.75,29654.25,29661.25,5260
2026-09-04T10:15:00+00:00,29662,29686,29659,29677.75,6556
2026-09-04T10:30:00+00:00,29677.5,29684.25,29668.5,29679.75,4657
2026-09-04T10:45:00+00:00,29680.5,29698.5,29676,29681,5901
2026-09-04T11:00:00+00:00,29681.25,29686.25,29650.5,29659.75,8825
2026-09-04T11:15:00+00:00,29660.5,29676.75,29655.75,29663.25,6232
2026-09-04T11:30:00+00:00,29663.75,29676.5,29661.25,29671.5,5245
2026-09-04T11:45:00+00:00,29671.25,29689.5,29666.75,29681.75,5736
2026-09-04T12:00:00+00:00,29682.25,29686.75,29627.25,29642.5,19397
2026-09-04T12:15:00+00:00,29643,29700,29631.75,29667.75,13925
2026-09-04T12:30:00+00:00,29676.5,29720,29532.5,29556.75,67180
2026-09-04T12:45:00+00:00,29557.25,29557.75,29502,29546.5,43401
2026-09-04T13:00:00+00:00,29546.5,29556.75,29523,29548.75,26654
2026-09-04T13:15:00+00:00,29548.5,29591.75,29547,29588,26914
2026-09-04T13:30:00+00:00,29587.75,29645.25,29553.75,29616.25,142429
2026-09-04T13:45:00+00:00,29616.5,29692,29577.5,29691,102350
2026-09-04T14:00:00+00:00,29691,29691.25,29594,29648,98564
2026-09-04T14:15:00+00:00,29648.25,29649.75,29564,29595.75,94210
2026-09-04T14:30:00+00:00,29596,29598.25,29530,29533.5,80355
2026-09-04T14:45:00+00:00,29533,29544.25,29498.5,29520.75,72906
2026-09-04T15:00:00+00:00,29520.5,29541,29491,29540.25,62378
2026-09-04T15:15:00+00:00,29541,29543.5,29483.25,29507.25,61732
2026-09-04T15:30:00+00:00,29507,29524.5,29477.75,29520.5,48686
2026-09-04T15:45:00+00:00,29519.75,29522.5,29487,29515.25,41992
2026-09-04T16:00:00+00:00,29514.75,29552.5,29504,29547.75,38320
2026-09-04T16:15:00+00:00,29547.75,29565.25,29535.5,29554,32483
2026-09-04T16:30:00+00:00,29553.75,29574,29548.5,29568,27063
2026-09-04T16:45:00+00:00,29568.25,29596,29564.5,29575.75,33620
2026-09-04T17:00:00+00:00,29576,29580.5,29531.25,29535.25,40336
2026-09-04T17:15:00+00:00,29535,29543.5,29504.25,29508,31420
2026-09-04T17:30:00+00:00,29508.25,29508.75,29474.5,29478.5,38429
2026-09-04T17:45:00+00:00,29479,29498.75,29468.25,29491.5,32070
2026-09-04T18:00:00+00:00,29491.5,29498,29471.25,29488.5,27532
2026-09-04T18:15:00+00:00,29488.25,29515,29484.5,29510.75,25466
2026-09-04T18:30:00+00:00,29511,29524.5,29504.5,29521.25,22804
2026-09-04T18:45:00+00:00,29520.75,29542.5,29520.25,29538.5,20514
2026-09-04T19:00:00+00:00,29538.5,29544.25,29506.25,29511.25,30628
2026-09-04T19:15:00+00:00,29511.25,29531.75,29510.5,29526.5,19591
2026-09-04T19:30:00+00:00,29526.25,29547.25,29517.25,29541,27078
2026-09-04T19:45:00+00:00,29540.5,29587,29540,29568.75,58360
2026-09-04T20:00:00+00:00,29569,29569.25,29529.5,29541.25,22058
2026-09-04T20:15:00+00:00,29541.5,29544,29527.5,29532,5579
2026-09-04T20:30:00+00:00,29531.75,29532.5,29514,29529.75,9253
2026-09-04T20:45:00+00:00,29530.25,29565.25,29519.5,29565.25,5525
2026-09-08T04:00:00+00:00,29742.5,29749.25,29730,29740.25,8633
2026-09-08T04:15:00+00:00,29740.25,29753.25,29733.25,29746.25,6822
2026-09-08T04:30:00+00:00,29746.25,29763.75,29727.75,29758.5,9962
2026-09-08T04:45:00+00:00,29758.5,29764.75,29730.75,29736.75,7929
2026-09-08T05:00:00+00:00,29737.5,29739.5,29680,29684.5,15699
2026-09-08T05:15:00+00:00,29685.5,29733.25,29675.75,29678.5,17407
2026-09-08T05:30:00+00:00,29678.75,29685.5,29631.5,29636.75,22260
2026-09-08T05:45:00+00:00,29636.5,29647.25,29610,29611.5,13980
2026-09-08T06:00:00+00:00,29612,29622.5,29581,29589.75,19839
2026-09-08T06:15:00+00:00,29588.5,29591.5,29546.25,29576.75,19880
2026-09-08T06:30:00+00:00,29576.25,29613,29557.5,29607.75,15976
2026-09-08T06:45:00+00:00,29607.75,29620.75,29580.25,29600.25,10505
2026-09-08T07:00:00+00:00,29600.25,29639.25,29586,29609,15207
2026-09-08T07:15:00+00:00,29608,29629.25,29595.75,29623.75,8546
2026-09-08T07:30:00+00:00,29623.5,29625,29550,29563.25,12579
2026-09-08T07:45:00+00:00,29563.5,29567.5,29529.5,29535,10923
2026-09-08T08:00:00+00:00,29534.75,29542.25,29478.5,29512.75,31696
2026-09-08T08:15:00+00:00,29513,29530.5,29496,29499.5,13070
2026-09-08T08:30:00+00:00,29499.5,29526,29490.5,29502,10002
2026-09-08T08:45:00+00:00,29502,29532.25,29488.5,29506.5,10738
2026-09-08T09:00:00+00:00,29507.25,29546.5,29483,29546,9888
2026-09-08T09:15:00+00:00,29545.75,29548.5,29528.75,29547.5,5820
2026-09-08T09:30:00+00:00,29547.5,29587,29542.5,29568,10160
2026-09-08T09:45:00+00:00,29568.5,29600.5,29566.5,29599.75,5884
2026-09-08T10:00:00+00:00,29600,29600.5,29572.75,29585.25,6486
2026-09-08T10:15:00+00:00,29584.5,29649,29581.5,29607,15239
2026-09-08T10:30:00+00:00,29608.5,29608.5,29581.75,29592.75,5906
2026-09-08T10:45:00+00:00,29592,29592.75,29546,29568.5,9855
2026-09-08T11:00:00+00:00,29568,29582.5,29534,29547.75,13710
2026-09-08T11:15:00+00:00,29547.25,29577.75,29545,29562.75,7872
2026-09-08T11:30:00+00:00,29563.75,29577,29546.25,29546.75,6579
2026-09-08T11:45:00+00:00,29547,29601.75,29539,29601.25,11728
2026-09-08T12:00:00+00:00,29600.75,29601,29551.25,29555.75,12054
2026-09-08T12:15:00+00:00,29555,29596,29548.5,29595.5,12357
2026-09-08T12:30:00+00:00,29595.25,29627.25,29590.75,29615.5,14695
2026-09-08T12:45:00+00:00,29615.25,29654.5,29603.75,29653.75,15079
2026-09-08T13:00:00+00:00,29653.5,29660.5,29634.25,29658.75,16985
2026-09-08T13:15:00+00:00,29659.25,29668.25,29633,29644.5,20326
2026-09-08T13:30:00+00:00,29645,29686.75,29466.25,29474.5,174009
2026-09-08T13:45:00+00:00,29474.25,29538.75,29454.75,29502.75,132935
2026-09-08T14:00:00+00:00,29503.25,29512.5,29424.5,29462.5,110795
2026-09-08T14:15:00+00:00,29462.25,29523.75,29458,29516.5,86826
2026-09-08T14:30:00+00:00,29516.5,29540,29489.5,29530.5,62194
2026-09-08T14:45:00+00:00,29530.75,29564.25,29511.5,29562.5,60722
2026-09-08T15:00:00+00:00,29563,29610,29545.25,29603,56881
2026-09-08T15:15:00+00:00,29603,29640,29581,29608.5,65914
2026-09-08T15:30:00+00:00,29609,29645,29595.25,29641.25,45720
2026-09-08T15:45:00+00:00,29641.25,29644.25,29599.25,29604.25,40867
2026-09-08T16:00:00+00:00,29604.5,29622.5,29577.5,29589.25,41053
2026-09-08T16:15:00+00:00,29588.75,29605,29562.75,29568.25,43487
2026-09-08T16:30:00+00:00,29568.5,29584.75,29560.5,29575,28397
2026-09-08T16:45:00+00:00,29575.75,29609.75,29549.5,29572.5,50791
2026-09-08T17:00:00+00:00,29573,29641.5,29571.75,29628.25,41359
2026-09-08T17:15:00+00:00,29628,29633,29606.25,29615.75,24317
2026-09-08T17:30:00+00:00,29616,29632.75,29598,29600,24831
2026-09-08T17:45:00+00:00,29599.75,29613.25,29588,29590.25,23811
2026-09-08T18:00:00+00:00,29590.25,29613.75,29585.5,29604.75,24088
2026-09-08T18:15:00+00:00,29605.5,29615.75,29588.5,29597.25,22157
2026-09-08T18:30:00+00:00,29597.25,29604.75,29577.5,29603.25,24794
2026-09-08T18:45:00+00:00,29602.75,29611,29519.5,29576,76267
2026-09-08T19:00:00+00:00,29576,29586.5,29560,29574,29412
2026-09-08T19:15:00+00:00,29574.5,29579.5,29543.75,29564.25,26845
2026-09-08T19:30:00+00:00,29564.5,29566.5,29543.25,29549,22225
2026-09-08T19:45:00+00:00,29549.25,29553,29495,29542.5,75719
2026-09-08T20:00:00+00:00,29543,29550.75,29505.5,29524.5,20473
2026-09-08T20:15:00+00:00,29524.75,29528.75,29505.5,29507.5,8630
2026-09-08T20:30:00+00:00,29507.75,29522.75,29503.25,29521.25,5832
2026-09-08T20:45:00+00:00,29521.25,29527.5,29518.25,29525.5,3895
2026-09-08T22:00:00+00:00,29528,29540,29503.25,29521.75,3788
2026-09-08T22:15:00+00:00,29521.75,29529,29507.75,29521.5,5998
2026-09-08T22:30:00+00:00,29522,29530,29515.75,29526.75,4046
2026-09-08T22:45:00+00:00,29527.5,29550.25,29526,29544.75,5999
2026-09-08T23:00:00+00:00,29544.5,29546.25,29529.25,29531.5,4596
2026-09-08T23:15:00+00:00,29530.75,29531.5,29512.75,29516,6792
2026-09-08T23:30:00+00:00,29516,29520,29502,29507.5,6590
2026-09-08T23:45:00+00:00,29507,29512.75,29489.75,29500.25,12074
2026-09-09T00:00:00+00:00,29500.5,29561.5,29499,29539.25,26965
2026-09-09T00:15:00+00:00,29539.5,29540,29515.75,29525.75,16807
2026-09-09T00:30:00+00:00,29526.25,29539.75,29509,29537.75,16337
2026-09-09T00:45:00+00:00,29537.75,29562.75,29532,29560,13923
2026-09-09T01:00:00+00:00,29560.25,29581.25,29555.75,29575,16259
2026-09-09T01:15:00+00:00,29574.75,29599.5,29569.25,29589.5,14719
2026-09-09T01:30:00+00:00,29589.75,29607.5,29575.25,29593,13811
2026-09-09T01:45:00+00:00,29593,29608.5,29582,29593,10732
2026-09-09T02:00:00+00:00,29593.5,29612.75,29590.25,29593.25,11152
2026-09-09T02:15:00+00:00,29592.75,29604.75,29583.5,29600.75,8793
2026-09-09T02:30:00+00:00,29601.25,29625,29596.25,29620.75,9805
2026-09-09T02:45:00+00:00,29620.5,29625.5,29606.75,29611.75,6701
2026-09-09T03:00:00+00:00,29611.25,29614.25,29583.75,29591.25,11321
2026-09-09T03:15:00+00:00,29591.5,29604,29589,29596.75,6296
2026-09-09T03:30:00+00:00,29596.25,29604.75,29586.25,29590,5424
2026-09-09T03:45:00+00:00,29590.75,29592.25,29560.25,29567.25,10989
2026-09-09T04:00:00+00:00,29577.25,29578.25,29549.25,29557,13597
2026-09-09T04:15:00+00:00,29556.75,29593,29553.25,29580.25,10695
2026-09-09T04:30:00+00:00,29580.5,29608.5,29572.75,29603.5,8669
2026-09-09T04:45:00+00:00,29603.75,29620.25,29599.25,29614.25,5884
2026-09-09T05:00:00+00:00,29614.5,29616,29596.75,29605.5,6182
2026-09-09T05:15:00+00:00,29604.5,29605.5,29565.25,29580.25,12342
2026-09-09T05:30:00+00:00,29580.75,29592.25,29562,29577,9760
2026-09-09T05:45:00+00:00,29576.5,29621.5,29573.25,29621,9017
2026-09-09T06:00:00+00:00,29621,29631.75,29604.25,29629,12005
2026-09-09T06:15:00+00:00,29628.75,29634,29586.75,29592.5,10011
2026-09-09T06:30:00+00:00,29593,29614.5,29587,29612.25,8265
2026-09-09T06:45:00+00:00,29612,29612.75,29577.5,29580.75,8467
2026-09-09T07:00:00+00:00,29581,29612,29560.5,29571.5,13482
2026-09-09T07:15:00+00:00,29572.25,29613,29557.5,29611.75,12179
2026-09-09T07:30:00+00:00,29611.5,29614.25,29589.75,29595.5,6726
2026-09-09T07:45:00+00:00,29595.75,29597.5,29565.25,29589,7628
2026-09-09T08:00:00+00:00,29589,29609.25,29576,29582.75,10886
2026-09-09T08:15:00+00:00,29583.25,29594.75,29566,29588.5,6822
2026-09-09T08:30:00+00:00,29587.25,29593,29540.5,29542.25,11772
2026-09-09T08:45:00+00:00,29541.75,29572,29538.75,29564,6982
2026-09-09T09:00:00+00:00,29564.75,29575.25,29532.75,29550.25,9223
2026-09-09T09:15:00+00:00,29551,29557.75,29515,29528.75,8353
2026-09-09T09:30:00+00:00,29529.25,29539.5,29471.5,29478.5,15509
2026-09-09T09:45:00+00:00,29478.25,29485.75,29388.5,29400.5,25302
2026-09-09T10:00:00+00:00,29400.75,29424.75,29372,29395.75,22837
2026-09-09T10:15:00+00:00,29395,29432.25,29383,29418.25,13918
2026-09-09T10:30:00+00:00,29418.25,29432,29396,29398,11313
2026-09-09T10:45:00+00:00,29398.25,29404.5,29365,29391.25,17661
2026-09-09T11:00:00+00:00,29391.75,29430.25,29378,29408.5,16817
2026-09-09T11:15:00+00:00,29409,29430.75,29377.5,29418,13987
2026-09-09T11:30:00+00:00,29418.25,29419.5,29375,29377.75,12374
2026-09-09T11:45:00+00:00,29378.25,29451.75,29376.5,29396.5,26364
2026-09-09T12:00:00+00:00,29396.5,29400.5,29335.5,29337.25,21517
2026-09-09T12:15:00+00:00,29336.5,29366.5,29332.5,29351.5,15630
2026-09-09T12:30:00+00:00,29351.75,29384.5,29342.75,29381.75,16187
2026-09-09T12:45:00+00:00,29381.25,29403.75,29381.25,29389.75,15951
2026-09-09T13:00:00+00:00,29390.25,29409.75,29382.25,29403.25,15418
2026-09-09T13:15:00+00:00,29403.5,29457.75,29398.5,29454.75,23492
2026-09-09T13:30:00+00:00,29455,29506.5,29417,29479,150588
2026-09-09T13:45:00+00:00,29478.5,29567,29456.5,29558.75,117811
2026-09-09T14:00:00+00:00,29558.25,29594,29531,29561.75,96136
2026-09-09T14:15:00+00:00,29561.25,29561.5,29459.5,29535.25,129569
2026-09-09T14:30:00+00:00,29535,29547,29492.5,29537.75,82787
2026-09-09T14:45:00+00:00,29537,29541.75,29502.5,29528.25,58091
2026-09-09T15:00:00+00:00,29528.75,29563.25,29386.5,29399,131174
2026-09-09T15:15:00+00:00,29398.5,29454.5,29358.25,29390.75,101240
2026-09-09T15:30:00+00:00,29390.75,29482.75,29388,29438.25,92613
2026-09-09T15:45:00+00:00,29438.25,29466.75,29422.25,29447.75,48196
2026-09-09T16:00:00+00:00,29448,29462,29410.5,29414.25,41804
2026-09-09T16:15:00+00:00,29414.25,29417.5,29386.5,29399.5,36714
2026-09-09T16:30:00+00:00,29399.75,29455,29397.75,29454.75,36672
2026-09-09T16:45:00+00:00,29454.75,29478,29440.75,29457.75,31076
2026-09-09T17:00:00+00:00,29457.5,29481.5,29445,29477,36426
2026-09-09T17:15:00+00:00,29476.5,29483.75,29449.25,29450.25,26706
2026-09-09T17:30:00+00:00,29450.5,29462.25,29428.5,29455.75,30897
2026-09-09T17:45:00+00:00,29455.5,29483.75,29455.5,29468.25,24590
2026-09-09T18:00:00+00:00,29468.5,29471.5,29441.25,29441.5,21643
2026-09-09T18:15:00+00:00,29441.25,29462.5,29436.5,29453.25,26120
2026-09-09T18:30:00+00:00,29453.5,29469.75,29445.5,29466.5,18736
2026-09-09T18:45:00+00:00,29466.5,29474.75,29446.25,29447.75,21444
2026-09-09T19:00:00+00:00,29447.5,29455.75,29430.75,29448.75,26211
2026-09-09T19:15:00+00:00,29449,29471.25,29449,29451.75,20503
2026-09-09T19:30:00+00:00,29452,29457.75,29436,29447.25,19529
2026-09-09T19:45:00+00:00,29447,29458.25,29422.75,29455,42275
2026-09-09T20:00:00+00:00,29454.75,29459.5,29433.75,29451.25,15716
2026-09-09T20:15:00+00:00,29451.5,29454.5,29448,29450,4012
2026-09-09T20:30:00+00:00,29450,29459.5,29445.25,29454.25,4104
2026-09-09T20:45:00+00:00,29454.5,29460.5,29448.75,29460.25,3744
2026-09-09T22:00:00+00:00,29460.25,29474.5,29425.75,29428,6026
2026-09-09T22:15:00+00:00,29428,29435,29422.75,29428.75,4204
2026-09-09T22:30:00+00:00,29429.75,29437.5,29427.5,29433,3349
2026-09-09T22:45:00+00:00,29433.25,29437.75,29425.75,29431.5,2843
2026-09-09T23:00:00+00:00,29431.25,29432.75,29417.75,29421.75,4240
2026-09-09T23:15:00+00:00,29421.25,29435.25,29414.5,29428.25,6200
2026-09-09T23:30:00+00:00,29428.25,29432.25,29424.75,29429.75,2764
2026-09-09T23:45:00+00:00,29430.5,29470.75,29426.5,29464.25,13709
2026-09-10T00:00:00+00:00,29464.25,29480,29440.75,29450,20045
2026-09-10T00:15:00+00:00,29450,29478,29448.25,29473.25,15964
2026-09-10T00:30:00+00:00,29473.25,29475.75,29441.75,29456.5,12625
2026-09-10T00:45:00+00:00,29456.25,29456.25,29407.75,29413.5,19081
2026-09-10T01:00:00+00:00,29414.25,29427.5,29388.5,29399.75,19171
2026-09-10T01:15:00+00:00,29400,29415.5,29372.5,29375.5,19103
2026-09-10T01:30:00+00:00,29375.75,29404.25,29364.25,29400,16557
2026-09-10T01:45:00+00:00,29400.5,29417.5,29385,29410.75,16698
2026-09-10T02:00:00+00:00,29411.25,29412.25,29375.25,29395.5,13626
2026-09-10T02:15:00+00:00,29396.25,29396.5,29371,29379,9355
2026-09-10T02:30:00+00:00,29378.5,29422.5,29376.25,29414.5,11312
2026-09-10T02:45:00+00:00,29414.25,29422.75,29406,29418.25,7002
2026-09-10T03:00:00+00:00,29418.5,29437.5,29416.75,29420.25,10023
2026-09-10T03:15:00+00:00,29420.5,29428.5,29388.75,29405.75,10780
2026-09-10T03:30:00+00:00,29405.75,29416.5,29392,29413,8433
2026-09-10T03:45:00+00:00,29413.5,29431.5,29411.75,29424.75,6980
2026-09-10T04:00:00+00:00,29427.25,29431.5,29423,29428,6564
2026-09-10T04:15:00+00:00,29428.25,29439.25,29423.5,29433,4392
2026-09-10T04:30:00+00:00,29433.25,29447.5,29430.5,29434,5874
2026-09-10T04:45:00+00:00,29434.25,29462,29432.75,29459.25,7637
2026-09-10T05:00:00+00:00,29459.25,29469.5,29448,29461.75,8230
2026-09-10T05:15:00+00:00,29461.75,29492.75,29454.75,29490.25,8618
2026-09-10T05:30:00+00:00,29490.5,29498.25,29480.75,29487.75,7813
2026-09-10T05:45:00+00:00,29487.5,29508.25,29465,29485,10305
2026-09-10T06:00:00+00:00,29485,29492.5,29453.25,29455.5,9583
2026-09-10T06:15:00+00:00,29455.25,29473.75,29435.5,29473.25,11508
2026-09-10T06:30:00+00:00,29473.25,29489,29467.25,29479,8995
2026-09-10T06:45:00+00:00,29479,29491.5,29466.5,29476.5,5996
2026-09-10T07:00:00+00:00,29477.25,29478.25,29451,29469.75,8471
2026-09-10T07:15:00+00:00,29470.5,29473.25,29432.75,29434.5,6669
2026-09-10T07:30:00+00:00,29434.5,29445.5,29417.5,29444,9519
2026-09-10T07:45:00+00:00,29443.75,29456,29436.25,29443.75,6179
2026-09-10T08:00:00+00:00,29443.75,29460,29430.75,29432.25,10934
2026-09-10T08:15:00+00:00,29433,29453.5,29424,29449,6829
2026-09-10T08:30:00+00:00,29449.75,29457.25,29413,29417.75,9214
2026-09-10T08:45:00+00:00,29417.75,29427,29405.75,29412.75,6258
2026-09-10T09:00:00+00:00,29412.75,29430.75,29406.25,29417.75,6502
2026-09-10T09:15:00+00:00,29417,29420.5,29393.75,29396.5,7410
2026-09-10T09:30:00+00:00,29396.25,29396.25,29359.5,29391.75,12866
2026-09-10T09:45:00+00:00,29391.5,29420,29389,29406.5,8566
2026-09-10T10:00:00+00:00,29406,29418,29388.25,29396,7239
2026-09-10T10:15:00+00:00,29395.25,29410,29384.5,29391,6416
2026-09-10T10:30:00+00:00,29390.5,29403.5,29363.5,29392,9474
2026-09-10T10:45:00+00:00,29392.5,29424,29363.75,29375,16750
2026-09-10T11:00:00+00:00,29375.5,29376,29325.5,29342.75,19219
2026-09-10T11:15:00+00:00,29342.5,29349,29331.5,29336,7295
2026-09-10T11:30:00+00:00,29336.75,29363.75,29336.25,29345.25,9338
2026-09-10T11:45:00+00:00,29345,29353.25,29263.75,29263.75,23463
2026-09-10T12:00:00+00:00,29265,29279.75,29232.5,29258.5,25002
2026-09-10T12:15:00+00:00,29258.5,29263,29210,29229.5,21414
2026-09-10T12:30:00+00:00,29229.75,29252,29081.75,29102.75,80672
2026-09-10T12:45:00+00:00,29102.75,29106.25,29042.5,29057.5,51184
2026-09-10T13:00:00+00:00,29057.5,29097.75,29054.5,29069,43218
2026-09-10T13:15:00+00:00,29069.25,29090.25,29045,29089.25,37243
2026-09-10T13:30:00+00:00,29089.5,29200,29057.75,29137.5,195385
2026-09-10T13:45:00+00:00,29138,29203.75,29088.75,29100.5,140451
2026-09-10T14:00:00+00:00,29098.25,29178.75,29097.25,29140.25,111854
2026-09-10T14:15:00+00:00,29139.5,29263,29111,29205.75,128147
2026-09-10T14:30:00+00:00,29206.25,29275.25,29204.5,29236.5,81674
2026-09-10T14:45:00+00:00,29236.75,29265,29210,29263.5,66228
2026-09-10T15:00:00+00:00,29263.25,29265,29213.75,29244,60790
2026-09-10T15:15:00+00:00,29243.75,29256.25,29197.5,29236.5,56921
2026-09-10T15:30:00+00:00,29236.75,29272.25,29217,29251.5,52587
2026-09-10T15:45:00+00:00,29251.5,29256.5,29185.75,29204.75,51924
2026-09-10T16:00:00+00:00,29205,29232.25,29166,29181.25,53330
2026-09-10T16:15:00+00:00,29180.5,29202.5,29162,29177.25,40552
2026-09-10T16:30:00+00:00,29177,29216,29133.5,29208,68320
2026-09-10T16:45:00+00:00,29208.25,29242.75,29203.75,29232.75,47348
2026-09-10T17:00:00+00:00,29232.5,29267,29212.5,29225,42595
2026-09-10T17:15:00+00:00,29225.5,29233,29199.5,29209.25,26548
2026-09-10T17:30:00+00:00,29209,29214.75,29175.75,29202.25,35214
2026-09-10T17:45:00+00:00,29202.25,29205.25,29182.75,29186,25853
2026-09-10T18:00:00+00:00,29186,29199.75,29148.25,29159.75,37293
2026-09-10T18:15:00+00:00,29159.75,29180,29147.5,29157.75,28643
2026-09-10T18:30:00+00:00,29158,29176.5,29144.75,29173.75,23394
2026-09-10T18:45:00+00:00,29173.25,29199,29150.75,29174,39110
2026-09-10T19:00:00+00:00,29174.25,29176.5,29141,29156.5,39006
2026-09-10T19:15:00+00:00,29157,29164.75,29136.75,29159.25,24784
2026-09-10T19:30:00+00:00,29159,29169.5,29144.5,29157.75,27557
2026-09-10T19:45:00+00:00,29157.75,29168.75,29123,29138.25,47786
2026-09-10T20:00:00+00:00,29138,29157,29124.75,29153,17191
2026-09-10T20:15:00+00:00,29153.25,29156.5,29142.75,29145.25,4878
2026-09-10T20:30:00+00:00,29145,29153.25,29142.5,29151.75,4203
2026-09-10T20:45:00+00:00,29151.75,29154.75,29127.75,29142.25,4763
2026-09-10T22:00:00+00:00,29142,29156.25,29135,29143.5,3513
2026-09-10T22:15:00+00:00,29143.75,29157.75,29117.25,29117.25,7304
2026-09-10T22:30:00+00:00,29117.25,29123.25,29104.75,29105.75,6758
2026-09-10T22:45:00+00:00,29106,29117,29099.5,29106.5,6516
2026-09-10T23:00:00+00:00,29107.25,29116,29100.25,29110,4723
2026-09-10T23:15:00+00:00,29110,29111.5,29094,29102.75,3889
2026-09-10T23:30:00+00:00,29103,29113.25,29098,29105.75,5108
2026-09-10T23:45:00+00:00,29106,29107,29062.25,29064.75,12869
2026-09-11T00:00:00+00:00,29065,29128,29062.5,29108.75,25936
2026-09-11T00:15:00+00:00,29109.5,29145,29094.25,29138.25,18409
2026-09-11T00:30:00+00:00,29138,29166,29115.25,29124.75,21298
2026-09-11T00:45:00+00:00,29124.75,29163.5,29123,29159.75,10766
2026-09-11T01:00:00+00:00,29160.25,29171.75,29146.25,29149,13004
2026-09-11T01:15:00+00:00,29149.25,29150.75,29124.25,29125.25,10942
2026-09-11T01:30:00+00:00,29125.5,29139,29109,29119.25,12327
2026-09-11T01:45:00+00:00,29119.25,29130.75,29104.25,29129.5,10215
2026-09-11T02:00:00+00:00,29129.25,29138.25,29120.75,29132,8935
2026-09-11T02:15:00+00:00,29131.5,29132.25,29098.25,29106.5,10420
2026-09-11T02:30:00+00:00,29107,29109.25,29081.75,29085.75,13217
2026-09-11T02:45:00+00:00,29086.5,29112,29083,29092.5,10628
2026-09-11T03:00:00+00:00,29093,29097,29060.75,29076.5,12222
2026-09-11T03:15:00+00:00,29076.5,29084.25,29063,29071.75,9098
2026-09-11T03:30:00+00:00,29071,29089.5,29048.25,29086,12773
2026-09-11T03:45:00+00:00,29085.75,29088.75,29050.75,29070.5,10178
2026-09-11T04:00:00+00:00,29083.5,29094.25,29055.25,29092.5,22699
2026-09-11T04:15:00+00:00,29093.5,29126.5,29075.75,29123.75,11966
2026-09-11T04:30:00+00:00,29123.75,29140.75,29116.75,29137.75,9121
2026-09-11T04:45:00+00:00,29137.75,29151.5,29123,29124.25,9240
2026-09-11T05:00:00+00:00,29124.25,29161.5,29119.5,29159.5,11951
2026-09-11T05:15:00+00:00,29159.75,29165,29130.75,29133.5,9814
2026-09-11T05:30:00+00:00,29134,29196,29134,29190.25,13743
2026-09-11T05:45:00+00:00,29191,29243.25,29176.5,29233.25,17818
2026-09-11T06:00:00+00:00,29233.25,29248.75,29215.25,29244,16055
2026-09-11T06:15:00+00:00,29244,29251.75,29221.75,29224.75,12224
2026-09-11T06:30:00+00:00,29225,29239.75,29215,29228.25,12143
2026-09-11T06:45:00+00:00,29228.75,29261,29228.75,29254,11043
2026-09-11T07:00:00+00:00,29254,29268.5,29248.75,29257,11943
2026-09-11T07:15:00+00:00,29258.5,29267.25,29235.5,29236,8539
2026-09-11T07:30:00+00:00,29235.5,29247.5,29227.75,29235,6515
2026-09-11T07:45:00+00:00,29235,29246.25,29226,29241.75,5206
2026-09-11T08:00:00+00:00,29242.5,29271.25,29223.5,29245,15874
2026-09-11T08:15:00+00:00,29244.75,29317,29239.25,29270.75,19320
2026-09-11T08:30:00+00:00,29271.75,29313.25,29270.25,29291,10600
2026-09-11T08:45:00+00:00,29291.75,29325,29286.75,29323.75,10637
2026-09-11T09:00:00+00:00,29324,29333.75,29292.75,29293.25,9733
2026-09-11T09:15:00+00:00,29293.25,29315,29289.5,29304,5372
2026-09-11T09:30:00+00:00,29304,29316,29301.5,29306.75,3731
2026-09-11T09:45:00+00:00,29307.25,29326.75,29304,29319.25,3459
2026-09-11T10:00:00+00:00,29319.75,29340,29285.25,29326,12669
2026-09-11T10:15:00+00:00,29326.5,29329.5,29308.5,29314.5,5204
2026-09-11T10:30:00+00:00,29314.5,29329,29309.5,29315.5,4236
2026-09-11T10:45:00+00:00,29316.25,29318.25,29305.25,29310.5,3913
2026-09-11T11:00:00+00:00,29310.75,29315.25,29289.75,29294,6797
2026-09-11T11:15:00+00:00,29294.75,29325,29290.25,29312.5,8549
2026-09-11T11:30:00+00:00,29313.25,29332.25,29296.75,29330,8497
2026-09-11T11:45:00+00:00,29330.75,29338,29319,29323,6598
2026-09-11T12:00:00+00:00,29322.75,29336.5,29304.5,29324,12139
2026-09-11T12:15:00+00:00,29324.25,29396,29318.25,29381.25,18242
2026-09-11T12:30:00+00:00,29387,29397.5,29204.5,29356.75,79430
2026-09-11T12:45:00+00:00,29357.25,29476.25,29342.75,29468.75,53218
2026-09-11T13:00:00+00:00,29468.5,29500.75,29434.5,29443.75,53269
2026-09-11T13:15:00+00:00,29443.25,29452.5,29415.25,29417.75,36835
2026-09-11T13:30:00+00:00,29417.75,29440.25,29347.25,29434,196739
2026-09-11T13:45:00+00:00,29434,29475,29383.25,29472,125969
2026-09-11T14:00:00+00:00,29472.75,29473,29365.5,29397.25,130151
2026-09-11T14:15:00+00:00,29397.5,29467,29373.75,29451,79151
2026-09-11T14:30:00+00:00,29451.75,29455.75,29353.25,29372.5,91915
2026-09-11T14:45:00+00:00,29372.5,29401.5,29334,29370.5,85355
2026-09-11T15:00:00+00:00,29370.25,29433,29360,29394,63131
2026-09-11T15:15:00+00:00,29394,29493,29393.5,29485,58493
2026-09-11T15:30:00+00:00,29485,29499.5,29462.75,29478.25,43728
2026-09-11T15:45:00+00:00,29477.75,29479,29441,29449.75,35997
2026-09-11T16:00:00+00:00,29450.25,29485,29445.25,29447.75,33462
2026-09-11T16:15:00+00:00,29447.75,29452,29398,29402.75,44008
2026-09-11T16:30:00+00:00,29402,29441.75,29392,29431.5,48551
2026-09-11T16:45:00+00:00,29431.5,29437.75,29413,29436.25,22362
2026-09-11T17:00:00+00:00,29437,29465,29435.75,29437.5,30705
2026-09-11T17:15:00+00:00,29438,29479.25,29438,29463.5,24502
2026-09-11T17:30:00+00:00,29463.25,29478.25,29457.25,29462,19440
2026-09-11T17:45:00+00:00,29462.25,29469,29448.5,29452.25,14744
2026-09-11T18:00:00+00:00,29452.5,29460.25,29437.5,29441,17713
2026-09-11T18:15:00+00:00,29441.25,29446.5,29416.5,29442,35363
2026-09-11T18:30:00+00:00,29441.75,29459.25,29432.5,29437.75,22755
2026-09-11T18:45:00+00:00,29437.75,29445,29425.5,29429,20265
2026-09-11T19:00:00+00:00,29429,29433.5,29405.25,29415.5,21681
2026-09-11T19:15:00+00:00,29415,29426.5,29411.75,29414.75,19026
2026-09-11T19:30:00+00:00,29414.5,29427.25,29411.5,29423.75,15666
2026-09-11T19:45:00+00:00,29424,29428.75,29380.25,29386.75,43767
2026-09-11T20:00:00+00:00,29386.5,29393.5,29375.5,29380.75,15417
2026-09-11T20:15:00+00:00,29381.75,29387,29376,29384.25,4939
2026-09-11T20:30:00+00:00,29385,29396.75,29384.25,29389.75,5154
2026-09-11T20:45:00+00:00,29389.75,29396.5,29383.25,29387,4288
2026-09-13T22:00:00+00:00,29002.5,29028.25,28992,29023.5,4224
2026-09-13T22:15:00+00:00,29023.75,29084.25,29013,29082.5,15668
2026-09-13T22:30:00+00:00,29082.25,29105,29073.5,29074.75,13504
2026-09-13T22:45:00+00:00,29075,29089,29061,29069.5,9212
2026-09-13T23:00:00+00:00,29068.75,29077.25,29055.5,29063.25,5723
2026-09-13T23:15:00+00:00,29062.5,29099.25,29060,29096.5,7159
2026-09-13T23:30:00+00:00,29095.75,29102,29030,29038.75,14286
2026-09-13T23:45:00+00:00,29038.5,29038.5,29010.5,29016.75,11431
2026-09-14T00:00:00+00:00,29016.25,29075,29015,29058,18662
2026-09-14T00:15:00+00:00,29057.25,29064.75,29005,29014.75,15209
2026-09-14T00:30:00+00:00,29014,29040,29007.75,29036,9422
2026-09-14T00:45:00+00:00,29035.75,29047.25,29012.75,29015,9606
2026-09-14T01:00:00+00:00,29014.75,29038,29000,29011.25,11112
2026-09-14T01:15:00+00:00,29012.25,29021,28995.75,29017,7923
2026-09-14T01:30:00+00:00,29017,29037.25,29002.5,29026.5,7570
2026-09-14T01:45:00+00:00,29027,29074,29026.75,29069.5,8198
2026-09-14T02:00:00+00:00,29068.5,29083,29052.75,29071,9022
2026-09-14T02:15:00+00:00,29071,29075.5,29059.5,29065.25,4403
2026-09-14T02:30:00+00:00,29065.5,29075,29040.25,29048.25,7191
2026-09-14T02:45:00+00:00,29048.25,29070,29044.75,29052.75,5089
2026-09-14T03:00:00+00:00,29053,29059,29027.5,29030.75,6389
2026-09-14T03:15:00+00:00,29030,29038.5,29009,29027,7230
2026-09-14T03:30:00+00:00,29027,29027.75,29010,29014,3841
2026-09-14T03:45:00+00:00,29015,29024,29008.75,29015.5,2681
2026-09-14T04:00:00+00:00,29016.25,29035,29010,29011.5,5625
2026-09-14T04:15:00+00:00,29011.75,29023.25,29000.25,29017.5,4449
2026-09-14T04:30:00+00:00,29018.5,29024.25,29001,29009.25,5356
2026-09-14T04:45:00+00:00,29010,29033.25,29009.25,29015.25,4737
2026-09-14T05:00:00+00:00,29015.25,29025,29008,29017.75,3509
2026-09-14T05:15:00+00:00,29017.25,29019.5,29000.25,29010.75,3208
2026-09-14T05:30:00+00:00,29011,29020.25,28986.25,28997.5,5405
2026-09-14T05:45:00+00:00,28996.5,29014,28989.25,29014,3980
2026-09-14T06:00:00+00:00,29013.25,29036.5,29008.75,29028.5,6185
2026-09-14T06:15:00+00:00,29028.75,29035,29013,29031.75,3458
2026-09-14T06:30:00+00:00,29031.5,29034,28997.25,29010.75,5594
2026-09-14T06:45:00+00:00,29011,29018.25,28950,28976.5,6876
2026-09-14T07:00:00+00:00,28977,28982.75,28938,28974.25,10643
2026-09-14T07:15:00+00:00,28973.5,28987,28948.5,28950.25,5828
2026-09-14T07:30:00+00:00,28949.25,28959.75,28924.75,28931.75,6216
2026-09-14T07:45:00+00:00,28931.25,28939.75,28905,28916.75,8673
2026-09-14T08:00:00+00:00,28917.75,28943,28906.5,28933,8742
2026-09-14T08:15:00+00:00,28933.5,28935,28873.75,28875.25,8229
2026-09-14T08:30:00+00:00,28875.75,28916.25,28870.75,28895.5,6527
2026-09-14T08:45:00+00:00,28895.5,28903.25,28849.5,28876.5,9556
2026-09-14T09:00:00+00:00,28877,28891.5,28836.75,28847,7683
2026-09-14T09:15:00+00:00,28846.75,28860,28815.5,28852.25,9739
2026-09-14T09:30:00+00:00,28851,28869.5,28842.5,28848.75,7559
2026-09-14T09:45:00+00:00,28849.5,28862.75,28837.75,28855.25,3584
2026-09-14T10:00:00+00:00,28855.75,28883.25,28854.75,28875.75,4129
2026-09-14T10:15:00+00:00,28876,28909.5,28861,28909,5559
2026-09-14T10:30:00+00:00,28909.75,28939.25,28902.25,28934,5627
2026-09-14T10:45:00+00:00,28935.5,28941,28916.25,28926.5,4567
2026-09-14T11:00:00+00:00,28926.5,28948,28913.5,28936.5,7397
2026-09-14T11:15:00+00:00,28937.25,28977.25,28936.25,28972,6956
2026-09-14T11:30:00+00:00,28972,28972.75,28932,28947.5,8137
2026-09-14T11:45:00+00:00,28947.5,28961.5,28924,28927.75,6903
2026-09-14T12:00:00+00:00,28928.25,28928.5,28891.5,28913,11875
2026-09-14T12:15:00+00:00,28912.75,28946.5,28907.25,28918,11375
2026-09-14T12:30:00+00:00,28918,28931.75,28851,28901.25,20753
2026-09-14T12:45:00+00:00,28900.25,28905.25,28856.75,28879.75,11418
2026-09-14T13:00:00+00:00,28879.5,28880.75,28826,28877,18859
2026-09-14T13:15:00+00:00,28877,28923.75,28877,28905,17236
2026-09-14T13:30:00+00:00,28905.75,28954,28880.5,28951.25,63327
2026-09-14T13:45:00+00:00,28952,29046.25,28950.75,29003.75,67632
2026-09-14T14:00:00+00:00,29003.25,29088.5,28999.5,29073.25,51480
2026-09-14T14:15:00+00:00,29073.5,29081.25,28977.75,29006.75,54438
2026-09-14T14:30:00+00:00,29007,29020,28955.75,28991.75,44133
2026-09-14T14:45:00+00:00,28991.5,29025,28969.75,29010.75,39049
2026-09-14T15:00:00+00:00,29010.75,29079.75,28985.75,29022.75,44709
2026-09-14T15:15:00+00:00,29022.75,29089,29016.75,29078.75,26921
2026-09-14T15:30:00+00:00,29077.75,29208.5,29070.75,29200.25,54363
2026-09-14T15:45:00+00:00,29200.25,29203,29164,29175.25,23028
2026-09-14T16:00:00+00:00,29174.75,29179.25,29132,29162.25,23664
2026-09-14T16:15:00+00:00,29161.5,29230,29161.5,29194,30763
2026-09-14T16:30:00+00:00,29193,29221.5,29183,29220,15719
2026-09-14T16:45:00+00:00,29219.5,29276.75,29205.5,29259.25,28786
2026-09-14T17:00:00+00:00,29259.25,29276,29237.75,29254.5,14978
2026-09-14T17:15:00+00:00,29254.25,29283.5,29236.5,29279.25,14922
2026-09-14T17:30:00+00:00,29279.25,29287.5,29266.25,29280.25,13751
2026-09-14T17:45:00+00:00,29279.5,29305.75,29279.25,29281.25,13985
2026-09-14T18:00:00+00:00,29281.75,29301.25,29267,29282.25,14869
2026-09-14T18:15:00+00:00,29283.25,29289.5,29255.5,29260.5,10845
2026-09-14T18:30:00+00:00,29261.25,29283,29258,29270,11258
2026-09-14T18:45:00+00:00,29270.75,29274.5,29249.25,29257.5,11027
2026-09-14T19:00:00+00:00,29257.5,29258.75,29226.75,29233.5,14322
2026-09-14T19:15:00+00:00,29233.75,29233.75,29217,29224.75,9757
2026-09-14T19:30:00+00:00,29224.25,29230.75,29210.75,29216,9543
2026-09-14T19:45:00+00:00,29216.5,29231.5,29146.5,29151,28538
2026-09-14T20:00:00+00:00,29151.5,29168,29149.75,29163.5,8865
2026-09-14T20:15:00+00:00,29163,29184.25,29147.75,29179.5,4995
2026-09-14T20:30:00+00:00,29179.5,29189,29172.5,29182,2668
2026-09-14T20:45:00+00:00,29182.25,29200,29180.75,29195,2414
2026-09-14T22:00:00+00:00,29199,29199,29160.75,29168,1935
2026-09-14T22:15:00+00:00,29166.75,29174.75,29154,29163.25,1987
2026-09-14T22:30:00+00:00,29163,29170.25,29158.75,29161.5,1276
2026-09-14T22:45:00+00:00,29161.5,29177.25,29161.5,29164,1634
2026-09-14T23:00:00+00:00,29164.5,29171.25,29155.75,29165,1753
2026-09-14T23:15:00+00:00,29165.25,29167.5,29155.75,29160.5,1247
2026-09-14T23:30:00+00:00,29159.75,29168,29158,29163.25,604
2026-09-14T23:45:00+00:00,29163,29167.25,29150,29165,2094
2026-09-15T00:00:00+00:00,29164.75,29174.5,29134.5,29164.75,5363
2026-09-15T00:15:00+00:00,29164.25,29172.75,29140,29159,3581
2026-09-15T00:30:00+00:00,29159.75,29196.25,29158,29191.25,3702
2026-09-15T00:45:00+00:00,29191.5,29195.25,29169,29174.5,3168
2026-09-15T01:00:00+00:00,29174.25,29197,29165.5,29192.25,3064
2026-09-15T01:15:00+00:00,29191.75,29199.25,29176.75,29180.25,2020
2026-09-15T01:30:00+00:00,29179,29183.75,29134.5,29146.25,5225
2026-09-15T01:45:00+00:00,29144.25,29175,29137.25,29167.75,3083
2026-09-15T02:00:00+00:00,29168.75,29179.25,29158,29165.75,1983
2026-09-15T02:15:00+00:00,29166.25,29172,29156.75,29167,1104
2026-09-15T02:30:00+00:00,29168,29174.75,29157.25,29164.25,1874
2026-09-15T02:45:00+00:00,29164.5,29173.5,29160.25,29164.75,1573
2026-09-15T03:00:00+00:00,29164,29172,29150.25,29156.75,1641
2026-09-15T03:15:00+00:00,29155.75,29160.5,29144.75,29153,1263
2026-09-15T03:30:00+00:00,29152,29157.75,29144.75,29154.5,932
2026-09-15T03:45:00+00:00,29154.75,29159,29120.75,29122.5,2415
2026-09-15T04:00:00+00:00,29122.5,29131,29116.5,29119,2225
2026-09-15T04:15:00+00:00,29121,29123.25,29082,29090,3449
2026-09-15T04:30:00+00:00,29090,29099,29069.75,29093.5,3001
2026-09-15T04:45:00+00:00,29093.75,29105.75,29058,29060,3201
2026-09-15T05:00:00+00:00,29058.5,29069.75,29024.75,29032.25,3380
2026-09-15T05:15:00+00:00,29031.5,29049,29014.75,29047.5,2993
2026-09-15T05:30:00+00:00,29045,29084,29033.75,29082,3336
2026-09-15T05:45:00+00:00,29082.25,29107.25,29074,29082.75,2825
2026-09-15T06:00:00+00:00,29083.25,29098,29069,29086.25,2553
2026-09-15T06:15:00+00:00,29087,29098.25,29074.25,29075.5,1320
2026-09-15T06:30:00+00:00,29075,29077.25,29050,29052.5,2660
2026-09-15T06:45:00+00:00,29050.5,29064.75,29044.75,29056.5,1449
2026-09-15T07:00:00+00:00,29057.75,29080.5,29030.25,29031.75,3963
2026-09-15T07:15:00+00:00,29030.75,29087.25,29030.75,29059,3361
2026-09-15T07:30:00+00:00,29059,29365,29056,29315.25,198250
2026-09-15T07:45:00+00:00,29315.25,29337.5,29297.75,29316.75,12109
2026-09-15T08:00:00+00:00,29317,29318,29231.25,29276.5,16497
2026-09-15T08:15:00+00:00,29276.75,29310,29274.75,29290.5,12131
2026-09-15T08:30:00+00:00,29290.25,29296,29269,29272.25,8422
2026-09-15T08:45:00+00:00,29272,29286.75,29262.75,29272,5705
2026-09-15T09:00:00+00:00,29272,29285,29250,29261,8504
2026-09-15T09:15:00+00:00,29261.5,29274,29236.5,29270,8046
2026-09-15T09:30:00+00:00,29269.5,29301,29258.75,29294.75,7335
2026-09-15T09:45:00+00:00,29295.5,29346.25,29295.25,29339.5,8090
2026-09-15T10:00:00+00:00,29340,29367.5,29331.5,29347.75,7419
2026-09-15T10:15:00+00:00,29347.5,29363,29334.25,29362,5207
2026-09-15T10:30:00+00:00,29362.25,29376.75,29354,29368.5,5489
2026-09-15T10:45:00+00:00,29368,29396.5,29361.25,29393.25,5996
2026-09-15T11:00:00+00:00,29393,29425,29391.5,29416,9955
2026-09-15T11:15:00+00:00,29416,29427.5,29401,29404.75,7182
2026-09-15T11:30:00+00:00,29405.25,29410,29388.5,29406,8442
2026-09-15T11:45:00+00:00,29405.5,29421.5,29402.25,29416.75,7828
2026-09-15T12:00:00+00:00,29416.25,29440.25,29404.25,29434.25,11442
2026-09-15T12:15:00+00:00,29433.75,29441.5,29398.5,29423,11959
2026-09-15T12:30:00+00:00,29422.25,29432.25,29401.25,29420.5,13440
2026-09-15T12:45:00+00:00,29420.75,29484.25,29414.75,29434.25,36160
2026-09-15T13:00:00+00:00,29434.25,29447,29424.75,29430,19883
2026-09-15T13:15:00+00:00,29429.25,29439,29409.5,29420.5,22795
2026-09-15T13:30:00+00:00,29420.25,29441.75,29371.75,29435.75,114203
2026-09-15T13:45:00+00:00,29435.75,29452.75,29405.75,29430,62525
2026-09-15T14:00:00+00:00,29429.75,29432.25,29338.25,29342.75,73914
2026-09-15T14:15:00+00:00,29343.5,29365.25,29302.25,29326.25,74370
2026-09-15T14:30:00+00:00,29326.5,29334.5,29274,29288.25,65963
2026-09-15T14:45:00+00:00,29287.75,29301,29215.75,29240,82394
2026-09-15T15:00:00+00:00,29240,29290,29239,29273.75,53991
2026-09-15T15:15:00+00:00,29273.75,29297.75,29266.5,29291.25,38051
2026-09-15T15:30:00+00:00,29291.5,29297,29261.25,29287.5,37913
2026-09-15T15:45:00+00:00,29287.5,29306.25,29261.75,29277.5,42835
2026-09-15T16:00:00+00:00,29278,29289.75,29240.25,29244,30232
2026-09-15T16:15:00+00:00,29243.5,29301.5,29240,29285,35443
2026-09-15T16:30:00+00:00,29284.5,29293.75,29266.25,29277,27262
2026-09-15T16:45:00+00:00,29277,29302.75,29264.75,29280.25,26658
2026-09-15T17:00:00+00:00,29280,29284,29244.5,29253.5,30244
2026-09-15T17:15:00+00:00,29253.75,29268.5,29241,29253.75,18301
2026-09-15T17:30:00+00:00,29253.75,29268,29242.25,29255.5,21774
2026-09-15T17:45:00+00:00,29255,29271.5,29245.75,29263.75,16233
2026-09-15T18:00:00+00:00,29263.5,29287.5,29255,29280.5,19468
2026-09-15T18:15:00+00:00,29281.25,29283,29262.25,29280.75,17677
2026-09-15T18:30:00+00:00,29280.75,29280.75,29248.5,29251,22200
2026-09-15T18:45:00+00:00,29251,29254,29229.5,29252.5,22230
2026-09-15T19:00:00+00:00,29252.25,29258.75,29238.5,29240.75,18292
2026-09-15T19:15:00+00:00,29241,29244,29231,29238.5,15792
2026-09-15T19:30:00+00:00,29238.5,29241.5,29212,29227.5,23474
2026-09-15T19:45:00+00:00,29227.25,29254.25,29208.75,29251.5,42906
2026-09-15T20:00:00+00:00,29251.75,29291,29250.25,29286.25,21236
2026-09-15T20:15:00+00:00,29286.75,29287.75,29269,29270.5,6741
2026-09-15T20:30:00+00:00,29270.75,29283,29267.25,29278.75,5272
2026-09-15T20:45:00+00:00,29278.75,29286.75,29275.25,29276.75,3042
2026-09-15T22:00:00+00:00,29268.5,29278,29256.75,29261.5,3322
2026-09-15T22:15:00+00:00,29261.25,29275.25,29260.25,29268.75,4409
2026-09-15T22:30:00+00:00,29268.5,29286.75,29267.25,29283.5,4329
2026-09-15T22:45:00+00:00,29283.75,29289,29280.25,29283,2794
2026-09-15T23:00:00+00:00,29282.5,29284.75,29275.75,29278.25,3435
2026-09-15T23:15:00+00:00,29278.25,29279.75,29265,29267,3139
2026-09-15T23:30:00+00:00,29267.5,29287.75,29264,29282.25,4875
2026-09-15T23:45:00+00:00,29282.25,29287.25,29273.75,29279.5,5226
2026-09-16T00:00:00+00:00,29278.5,29286.5,29257.5,29278.25,13373
2026-09-16T00:15:00+00:00,29278.5,29283.75,29266.75,29275.25,5505
2026-09-16T00:30:00+00:00,29275.5,29285,29264.75,29272.75,5255
2026-09-16T00:45:00+00:00,29272.25,29286,29267,29272.25,5801
2026-09-16T01:00:00+00:00,29272,29283.5,29241.25,29282,16967
2026-09-16T01:15:00+00:00,29283,29290,29270.5,29276.5,9465
2026-09-16T01:30:00+00:00,29276.75,29278.75,29244.5,29257,13117
2026-09-16T01:45:00+00:00,29257,29267,29225.75,29229.75,12085
2026-09-16T02:00:00+00:00,29230,29260.75,29227,29233.75,13427
2026-09-16T02:15:00+00:00,29234,29278.5,29233.5,29275.25,9698
2026-09-16T02:30:00+00:00,29275,29284,29254.5,29261.25,9596
2026-09-16T02:45:00+00:00,29261,29283.5,29259.5,29283.25,5603
2026-09-16T03:00:00+00:00,29282.75,29321.25,29280.75,29320.5,12447
2026-09-16T03:15:00+00:00,29320.75,29357.25,29318,29320.25,14594
2026-09-16T03:30:00+00:00,29320,29325.75,29300,29322.25,11381
2026-09-16T03:45:00+00:00,29322,29339,29321,29331.5,7364
2026-09-16T04:00:00+00:00,29331.75,29336.25,29328.5,29331.75,4842
2026-09-16T04:15:00+00:00,29332,29341.5,29318,29321.75,5447
2026-09-16T04:30:00+00:00,29321.75,29323,29298,29305.25,7830
2026-09-16T04:45:00+00:00,29305.5,29320,29303,29303.25,4756
2026-09-16T05:00:00+00:00,29303.5,29316.75,29285.5,29312.5,9154
2026-09-16T05:15:00+00:00,29312.5,29326,29309,29322.25,6117
2026-09-16T05:30:00+00:00,29321.75,29345.75,29315,29342.75,7307
2026-09-16T05:45:00+00:00,29343.5,29348.5,29320.5,29334.5,6445
2026-09-16T06:00:00+00:00,29334.25,29372.5,29328.25,29360.25,13584
2026-09-16T06:15:00+00:00,29360.25,29366.5,29328.75,29340.75,10851
2026-09-16T06:30:00+00:00,29341.25,29349.5,29330.5,29345,6506
2026-09-16T06:45:00+00:00,29344.5,29369.25,29332.75,29364.75,6560
2026-09-16T07:00:00+00:00,29365.25,29395.5,29358.75,29385.25,12933
2026-09-16T07:15:00+00:00,29384.75,29392,29366.5,29387,7505
2026-09-16T07:30:00+00:00,29386.5,29398.25,29366.75,29370.75,5605
2026-09-16T07:45:00+00:00,29371.5,29377.25,29359.5,29368,5018
2026-09-16T08:00:00+00:00,29368,29376.75,29327.25,29346.25,11422
2026-09-16T08:15:00+00:00,29345,29374.25,29331,29348,14861
2026-09-16T08:30:00+00:00,29347.75,29365.75,29325.5,29347.25,7613
2026-09-16T08:45:00+00:00,29346.75,29375,29340.5,29372.75,5534
2026-09-16T09:00:00+00:00,29373,29382,29355.25,29357,6001
2026-09-16T09:15:00+00:00,29357.5,29372.5,29336.5,29356.75,8431
2026-09-16T09:30:00+00:00,29356.25,29390,29351.5,29382.25,6091
2026-09-16T09:45:00+00:00,29382.75,29391.75,29367.25,29379.5,4386
2026-09-16T10:00:00+00:00,29380,29386.25,29355.5,29369.75,7565
2026-09-16T10:15:00+00:00,29369.25,29377,29361.75,29374,3714
2026-09-16T10:30:00+00:00,29374,29385.25,29369.5,29382.25,3428
2026-09-16T10:45:00+00:00,29381.75,29400.75,29368.5,29397,4036
2026-09-16T11:00:00+00:00,29397,29419,29372.5,29372.5,16252
2026-09-16T11:15:00+00:00,29372.5,29388.5,29363.25,29380,7182
2026-09-16T11:30:00+00:00,29379.5,29418.25,29377.75,29409,10180
2026-09-16T11:45:00+00:00,29409.75,29417,29402.75,29417,4543
2026-09-16T12:00:00+00:00,29415.5,29439,29411.5,29422.5,11476
2026-09-16T12:15:00+00:00,29422.5,29436.5,29420.25,29432.75,8199
2026-09-16T12:30:00+00:00,29432,29433.25,29367.5,29368.75,17281
2026-09-16T12:45:00+00:00,29368.5,29408,29364,29401.75,17649
2026-09-16T13:00:00+00:00,29401.5,29412,29364.25,29403,19769
2026-09-16T13:15:00+00:00,29403,29414.75,29383.75,29386.25,20190
2026-09-16T13:30:00+00:00,29386.75,29423.25,29373,29404.75,90679
2026-09-16T13:45:00+00:00,29404.5,29481.5,29401,29479,80615
2026-09-16T14:00:00+00:00,29479.25,29482.75,29418,29450,89578
2026-09-16T14:15:00+00:00,29449.75,29477,29444.5,29452.5,55486
2026-09-16T14:30:00+00:00,29452,29466.75,29425.75,29466.5,50810
2026-09-16T14:45:00+00:00,29466.25,29500.5,29450,29499,46820
2026-09-16T15:00:00+00:00,29499,29536.25,29484.75,29524,68333
2026-09-16T15:15:00+00:00,29523.75,29526,29495.25,29506.75,33423
2026-09-16T15:30:00+00:00,29506.75,29511.25,29482,29496.25,36186
2026-09-16T15:45:00+00:00,29495.5,29552.5,29488.75,29500,51750
2026-09-16T16:00:00+00:00,29499.75,29502.5,29469.5,29484.75,28733
2026-09-16T16:15:00+00:00,29484.5,29495.5,29467.5,29485,23047
2026-09-16T16:30:00+00:00,29484.75,29487.5,29463.75,29470,17269
2026-09-16T16:45:00+00:00,29470.25,29492.25,29466,29468.25,18481
2026-09-16T17:00:00+00:00,29468.5,29469.75,29439.5,29460,24066
2026-09-16T17:15:00+00:00,29460,29464.5,29443.5,29456.25,13635
2026-09-16T17:30:00+00:00,29456.75,29463,29418.75,29423,16608
2026-09-16T17:45:00+00:00,29422.75,29484,29422.75,29478,22226
2026-09-16T18:00:00+00:00,29479,29538.75,29412.75,29465.25,95533
2026-09-16T18:15:00+00:00,29464.75,29483.25,29406.5,29454.75,53191
2026-09-16T18:30:00+00:00,29454.75,29495,29300.5,29438.5,128133
2026-09-16T18:45:00+00:00,29438.5,29473.75,29220.75,29231.75,130748
2026-09-16T19:00:00+00:00,29231.25,29303.5,29107.75,29130,127604
2026-09-16T19:15:00+00:00,29129.75,29164.5,29052.75,29132,106031
2026-09-16T19:30:00+00:00,29132.75,29208.5,29122.75,29174,86596
2026-09-16T19:45:00+00:00,29174,29268,29173,29254,69680
2026-09-16T20:00:00+00:00,29254,29282.75,29246.75,29265.75,22470
2026-09-16T20:15:00+00:00,29265.75,29271,29231,29244.75,12517
2026-09-16T20:30:00+00:00,29244.25,29267.25,29238,29260.25,7370
2026-09-16T20:45:00+00:00,29260,29273,29252,29264.75,4386
2026-09-16T22:00:00+00:00,29270.25,29288,29247.5,29282.25,7287
2026-09-16T22:15:00+00:00,29282,29329.5,29280,29323,9983
2026-09-16T22:30:00+00:00,29322.5,29369.25,29321.75,29357.25,12709
2026-09-16T22:45:00+00:00,29357.25,29362.5,29340.75,29350.75,7532
2026-09-16T23:00:00+00:00,29350.5,29374.75,29348.25,29368.75,8503
2026-09-16T23:15:00+00:00,29368.25,29417,29368.25,29395.75,13553
2026-09-16T23:30:00+00:00,29395.25,29444,29395.25,29436,19658
2026-09-16T23:45:00+00:00,29436,29457,29433.25,29451,18830
2026-09-17T00:00:00+00:00,29451.25,29464.5,29412.75,29413.25,21986
2026-09-17T00:15:00+00:00,29413.75,29449.25,29409,29433.75,17452
2026-09-17T00:30:00+00:00,29433.5,29479.5,29432.25,29458.75,17295
2026-09-17T00:45:00+00:00,29459.5,29466.5,29429,29450.25,15763
2026-09-17T01:00:00+00:00,29450.5,29474.75,29434,29451,15554
2026-09-17T01:15:00+00:00,29450.75,29455.25,29438.5,29446.25,8583
2026-09-17T01:30:00+00:00,29447,29470,29427.25,29443.25,15497
2026-09-17T01:45:00+00:00,29442.75,29446.5,29406.25,29418.75,15258
2026-09-17T02:00:00+00:00,29419,29439.25,29405.25,29412.75,13699
2026-09-17T02:15:00+00:00,29412.25,29429.5,29408,29417.75,9855
2026-09-17T02:30:00+00:00,29418.25,29454.25,29416.25,29447.5,10349
2026-09-17T02:45:00+00:00,29448,29449.75,29418,29422.5,9750
2026-09-17T03:00:00+00:00,29422.5,29444.25,29419,29442.5,5826
2026-09-17T03:15:00+00:00,29443.25,29449,29427.75,29446.5,4937
2026-09-17T03:30:00+00:00,29446.25,29463.5,29439,29460.5,5476
2026-09-17T03:45:00+00:00,29460.25,29466.75,29441.25,29465.25,5981
2026-09-17T04:00:00+00:00,29465.5,29466.75,29453.25,29459,5463
2026-09-17T04:15:00+00:00,29458.5,29461.25,29440.5,29451.25,5168
2026-09-17T04:30:00+00:00,29451,29468,29439.25,29460.25,6578
2026-09-17T04:45:00+00:00,29460.5,29471.75,29443,29450.5,5215
2026-09-17T05:00:00+00:00,29450.25,29454,29433.5,29436,4694
2026-09-17T05:15:00+00:00,29435.75,29441.75,29420.75,29429,7884
2026-09-17T05:30:00+00:00,29429.5,29432.5,29390.75,29391.75,11645
2026-09-17T05:45:00+00:00,29392,29405.5,29371,29373.25,8958
2026-09-17T06:00:00+00:00,29372.5,29413.75,29368.75,29392.75,13963
2026-09-17T06:15:00+00:00,29393.5,29444.75,29376,29443.75,12480
2026-09-17T06:30:00+00:00,29443.75,29470,29440.75,29463,13464
2026-09-17T06:45:00+00:00,29462.75,29473.75,29456.25,29468.75,7840
2026-09-17T07:00:00+00:00,29469,29524,29462,29510.5,17473
2026-09-17T07:15:00+00:00,29510.5,29551.5,29506.5,29548.75,11485
2026-09-17T07:30:00+00:00,29549.25,29566.75,29536.75,29546.25,9375
2026-09-17T07:45:00+00:00,29546.5,29547.75,29509.25,29517.5,8056
2026-09-17T08:00:00+00:00,29518.5,29533.75,29491,29497.25,10624
2026-09-17T08:15:00+00:00,29496.5,29520.25,29485,29515.75,8989
2026-09-17T08:30:00+00:00,29516,29537.75,29504.75,29530.5,7204
2026-09-17T08:45:00+00:00,29530,29561.75,29527.75,29555.5,7926
2026-09-17T09:00:00+00:00,29555.75,29592.5,29555.25,29571.5,10332
2026-09-17T09:15:00+00:00,29571.5,29576.25,29553,29555.75,6249
2026-09-17T09:30:00+00:00,29556,29573.75,29553.5,29567,5767
2026-09-17T09:45:00+00:00,29566.75,29580,29545.5,29558.25,7717
2026-09-17T10:00:00+00:00,29558.5,29582.75,29557.75,29570.5,5562
2026-09-17T10:15:00+00:00,29571.25,29589.5,29561.75,29578.25,5841
2026-09-17T10:30:00+00:00,29579,29590.5,29561.5,29565,7118
2026-09-17T10:45:00+00:00,29564.5,29589.5,29562.5,29585.5,4592
2026-09-17T11:00:00+00:00,29586.25,29613,29575.25,29588.5,12955
2026-09-17T11:15:00+00:00,29589.5,29592,29565,29577.75,7912
2026-09-17T11:30:00+00:00,29577.5,29582,29558.75,29560.5,5586
2026-09-17T11:45:00+00:00,29560.5,29623,29555,29620.75,16781
2026-09-17T12:00:00+00:00,29621,29681.25,29596,29666.75,28401
2026-09-17T12:15:00+00:00,29667,29726.25,29662.5,29725.25,19483
2026-09-17T12:30:00+00:00,29724.5,29753.25,29712,29721,29920
2026-09-17T12:45:00+00:00,29721.5,29732.25,29708.25,29724.25,17865
2026-09-17T13:00:00+00:00,29724,29750,29714.5,29730.75,22012
2026-09-17T13:15:00+00:00,29730.25,29742.25,29709.5,29717.75,20773
2026-09-17T13:30:00+00:00,29717.75,29737.75,29605.75,29641.25,138892
2026-09-17T13:45:00+00:00,29641.75,29694.75,29623.75,29689.25,90434
2026-09-17T14:00:00+00:00,29689,29717.75,29638.75,29710.75,88425
2026-09-17T14:15:00+00:00,29710.25,29741.25,29692.25,29712,62953
2026-09-17T14:30:00+00:00,29712.25,29748.25,29708.5,29716,54675
2026-09-17T14:45:00+00:00,29715.25,29718.5,29667.25,29680,67200
2026-09-17T15:00:00+00:00,29680.25,29693.5,29652,29682.75,51470
2026-09-17T15:15:00+00:00,29681.75,29714,29670.75,29706.5,39790
2026-09-17T15:30:00+00:00,29706.5,29740.75,29698.75,29735.25,34274
2026-09-17T15:45:00+00:00,29734.75,29746.5,29726.5,29743,29726
2026-09-17T16:00:00+00:00,29743.25,29746.5,29717,29740.25,29906
2026-09-17T16:15:00+00:00,29739.75,29753,29729.25,29746.75,23056
2026-09-17T16:30:00+00:00,29747.25,29750.5,29717,29746.5,30849
2026-09-17T16:45:00+00:00,29746.5,29749.75,29703.75,29740.75,43538
2026-09-17T17:00:00+00:00,29741.25,29767,29730.5,29732.25,36313
2026-09-17T17:15:00+00:00,29732.25,29744,29721.25,29726.75,22885
2026-09-17T17:30:00+00:00,29726.5,29739.5,29717.25,29737.75,20503
2026-09-17T17:45:00+00:00,29737.25,29746.5,29727.5,29742.25,17145
2026-09-17T18:00:00+00:00,29742.5,29747.5,29724,29730.25,18367
2026-09-17T18:15:00+00:00,29729.75,29740,29720.75,29726.75,17345
2026-09-17T18:30:00+00:00,29726.5,29734.25,29705.25,29717,20555
2026-09-17T18:45:00+00:00,29716.25,29728.5,29714.75,29722,16555
2026-09-17T19:00:00+00:00,29722,29751.25,29719.75,29739.75,26898
2026-09-17T19:15:00+00:00,29739.75,29746.5,29727.75,29731.75,15964
2026-09-17T19:30:00+00:00,29732,29766,29730.25,29763,26386
2026-09-17T19:45:00+00:00,29763,29793.25,29731.5,29744.75,54941
2026-09-17T20:00:00+00:00,29744.75,29748,29723.5,29725,19267
2026-09-17T20:15:00+00:00,29724,29728.5,29714.75,29715.25,8760
2026-09-17T20:30:00+00:00,29715,29722.75,29713.25,29715.75,5976
2026-09-17T20:45:00+00:00,29715.25,29725.75,29712.25,29719.75,4482
2026-09-17T22:00:00+00:00,29723.5,29729.75,29695.5,29704.25,4930
2026-09-17T22:15:00+00:00,29703.75,29704.75,29680,29683,7036
2026-09-17T22:30:00+00:00,29682.5,29687.25,29672.5,29681.25,7588
2026-09-17T22:45:00+00:00,29681.5,29692.5,29674,29687.5,5659
2026-09-17T23:00:00+00:00,29687.5,29712.5,29686.25,29693,11788
2026-09-17T23:15:00+00:00,29693.5,29704.5,29685.75,29689,7370
2026-09-17T23:30:00+00:00,29689.25,29705.75,29686,29698.5,5120
2026-09-17T23:45:00+00:00,29698.25,29702.75,29690.5,29696.25,4606
2026-09-18T00:00:00+00:00,29696.5,29708.5,29676.25,29698.75,16693
2026-09-18T00:15:00+00:00,29698.25,29701.75,29682,29686.75,9232
2026-09-18T00:30:00+00:00,29687.25,29698,29662.25,29680.25,12314
2026-09-18T00:45:00+00:00,29680.75,29683.25,29658.75,29666.25,8018
2026-09-18T01:00:00+00:00,29666,29682.25,29656.25,29661.75,11366
2026-09-18T01:15:00+00:00,29661.5,29664.75,29647.5,29657.5,10546
2026-09-18T01:30:00+00:00,29658,29678.25,29652.25,29664.75,9777
2026-09-18T01:45:00+00:00,29664.5,29683,29664.5,29678.75,7644
2026-09-18T02:00:00+00:00,29678.5,29684.5,29661.25,29674.25,8126
2026-09-18T02:15:00+00:00,29674.75,29693.25,29671.5,29687.75,8704
2026-09-18T02:30:00+00:00,29688,29699.75,29682.25,29693.5,6266
2026-09-18T02:45:00+00:00,29693.5,29703.75,29686.25,29693,9162
2026-09-18T03:00:00+00:00,29693.75,29738.25,29688.75,29737,15176
2026-09-18T03:15:00+00:00,29737,29738.5,29719.25,29733.5,8463
2026-09-18T03:30:00+00:00,29734,29748.25,29724.5,29748,8614
2026-09-18T03:45:00+00:00,29748,29764.5,29747.5,29751.25,9518
2026-09-18T04:00:00+00:00,29762.75,29769,29762.25,29768,7647
2026-09-18T04:15:00+00:00,29767.5,29773.5,29754.75,29772.5,8034
2026-09-18T04:30:00+00:00,29772.5,29800.5,29765.75,29795.5,11690
2026-09-18T04:45:00+00:00,29795.5,29814.5,29786.5,29810.5,10056
2026-09-18T05:00:00+00:00,29810.5,29815.75,29802.75,29810.25,6322
2026-09-18T05:15:00+00:00,29810.75,29827,29807.5,29815,9803
2026-09-18T05:30:00+00:00,29815,29854.25,29812,29854.25,14117
2026-09-18T05:45:00+00:00,29853.5,29860,29838.5,29846.5,11524
2026-09-18T06:00:00+00:00,29846,29885.5,29844.75,29882.75,15137
2026-09-18T06:15:00+00:00,29883,29897,29870.75,29885.25,13343
2026-09-18T06:30:00+00:00,29885.25,29919.25,29884,29906,15025
2026-09-18T06:45:00+00:00,29906.25,29923,29901.75,29916.5,6475
2026-09-18T07:00:00+00:00,29916.25,29938.75,29910.25,29921.25,11889
2026-09-18T07:15:00+00:00,29922,29965,29919,29961.5,12428
2026-09-18T07:30:00+00:00,29961.5,29967.25,29936.5,29939.25,11302
2026-09-18T07:45:00+00:00,29939.5,29952,29923.5,29929.75,9191
2026-09-18T08:00:00+00:00,29928.75,29945,29904,29913,16302
2026-09-18T08:15:00+00:00,29912.5,29931.5,29895.25,29897.25,10577
2026-09-18T08:30:00+00:00,29896.75,29917.5,29892.5,29912.5,8891
2026-09-18T08:45:00+00:00,29912,29918.75,29891,29893.25,6911
2026-09-18T09:00:00+00:00,29893.5,29895.75,29880,29884.25,7755
2026-09-18T09:15:00+00:00,29883.75,29899.75,29870,29873,6360
2026-09-18T09:30:00+00:00,29872.75,29874.5,29837,29837.5,9838
2026-09-18T09:45:00+00:00,29838,29857.25,29835.75,29838.5,7780
2026-09-18T10:00:00+00:00,29838.25,29861,29837.75,29857.75,5886
2026-09-18T10:15:00+00:00,29857.25,29878.5,29856.5,29877.25,8872
2026-09-18T10:30:00+00:00,29876.75,29903.5,29875.5,29891.75,9211
2026-09-18T10:45:00+00:00,29891.75,29892.75,29872.75,29877.5,5870
2026-09-18T11:00:00+00:00,29878,29899,29842.25,29856.5,23532
2026-09-18T11:15:00+00:00,29856.75,29857,29823.75,29830.25,11938
2026-09-18T11:30:00+00:00,29830.25,29859,29826.25,29831.5,10442
2026-09-18T11:45:00+00:00,29831.5,29846.5,29820,29838.25,8779
2026-09-18T12:00:00+00:00,29838.75,29853,29784.75,29787.75,27279
2026-09-18T12:15:00+00:00,29788.5,29799.25,29767.5,29773.75,21028
2026-09-18T12:30:00+00:00,29773.75,29796.5,29771,29789.5,15059
2026-09-18T12:45:00+00:00,29789.25,29795.75,29769.75,29775.75,10716
2026-09-18T13:00:00+00:00,29776.5,29791,29764,29786.25,19400
2026-09-18T13:15:00+00:00,29786.5,29819.5,29744.5,29813.75,44428
2026-09-18T13:30:00+00:00,29814.5,29845.25,29798.75,29816.75,111705
2026-09-18T13:45:00+00:00,29816.75,29838,29765.75,29776.25,88706
2026-09-18T14:00:00+00:00,29776.75,29785,29711,29719,118936
2026-09-18T14:15:00+00:00,29719.25,29748,29694,29729.25,78882
2026-09-18T14:30:00+00:00,29728.5,29752,29702.5,29714.25,59674
2026-09-18T14:45:00+00:00,29715,29769.25,29707.25,29759,55456
2026-09-18T15:00:00+00:00,29758.5,29771.5,29725,29730,55754
2026-09-18T15:15:00+00:00,29730.25,29756,29720.75,29749,36474
2026-09-18T15:30:00+00:00,29749.5,29756,29712.5,29723.75,42733
2026-09-18T15:45:00+00:00,29724.5,29730.75,29702.75,29708.25,28827
2026-09-18T16:00:00+00:00,29708.25,29724,29699,29709,27874
2026-09-18T16:15:00+00:00,29709.5,29723.25,29659.25,29700.5,57813
2026-09-18T16:30:00+00:00,29700,29722.5,29692.5,29716,37322
2026-09-18T16:45:00+00:00,29716.5,29735.25,29702,29727.75,26103
2026-09-18T17:00:00+00:00,29728,29742.75,29719.5,29741.5,23711
2026-09-18T17:15:00+00:00,29741.25,29751.25,29738,29741.5,18370
2026-09-18T17:30:00+00:00,29741.5,29762.5,29732.25,29761.5,23813
2026-09-18T17:45:00+00:00,29761.5,29768,29756.5,29763.5,16363
2026-09-18T18:00:00+00:00,29763.5,29769,29748,29753.75,19361
2026-09-18T18:15:00+00:00,29753.75,29788,29753,29780.75,29255
2026-09-18T18:30:00+00:00,29780.75,29792.75,29773.25,29791,17413
2026-09-18T18:45:00+00:00,29791.25,29849.25,29790.5,29831.75,45570
2026-09-18T19:00:00+00:00,29832,29852.75,29828.75,29835,26826
2026-09-18T19:15:00+00:00,29834.75,29845.75,29829,29831.25,16062
2026-09-18T19:30:00+00:00,29831.5,29855,29821.75,29852.75,25869
2026-09-18T19:45:00+00:00,29852.5,29938,29850.25,29915.5,79505
2026-09-18T20:00:00+00:00,29916.25,29993.5,29912.5,29971,43485
2026-09-18T20:15:00+00:00,29970.5,29975.5,29960.25,29968,10411
2026-09-18T20:30:00+00:00,29968.5,29975.5,29957,29974,8491
2026-09-18T20:45:00+00:00,29974,29986,29917.25,29917.25,8029
2026-09-20T22:00:00+00:00,29945.75,30005.25,29945,29997.25,7358
2026-09-20T22:15:00+00:00,29997.25,30008,29979,29989.5,13703
2026-09-20T22:30:00+00:00,29989.25,30026.25,29987.25,30007.5,15218
2026-09-20T22:45:00+00:00,30008,30033.75,29996,30025.75,11977
2026-09-20T23:00:00+00:00,30025,30030,30014,30019.75,6675
2026-09-20T23:15:00+00:00,30019.75,30030,30010.5,30027,7476
2026-09-20T23:30:00+00:00,30027,30040.25,30023,30036,7269
2026-09-20T23:45:00+00:00,30036.25,30040,30019,30029.25,8446
2026-09-21T00:00:00+00:00,30029.5,30065.5,30025.75,30041.5,19522
2026-09-21T00:15:00+00:00,30041.25,30079,30016.75,30066.75,21570
2026-09-21T00:30:00+00:00,30066.75,30091.75,30066.75,30074.25,15766
2026-09-21T00:45:00+00:00,30074.25,30097.75,30070.75,30095.25,11919
2026-09-21T01:00:00+00:00,30095.25,30128.75,30088.5,30114.5,22713
2026-09-21T01:15:00+00:00,30114.75,30127.5,30104.75,30111,11622
2026-09-21T01:30:00+00:00,30111.25,30121.5,30107.75,30113.25,8449
2026-09-21T01:45:00+00:00,30114,30114.75,30069.5,30071,18137
2026-09-21T02:00:00+00:00,30070.75,30085,30063.75,30079.75,12668
2026-09-21T02:15:00+00:00,30079.75,30089.5,30072.25,30089,9745
2026-09-21T02:30:00+00:00,30088.5,30088.75,30067.75,30083.25,9718
2026-09-21T02:45:00+00:00,30082.75,30104.75,30076,30079,13084
2026-09-21T03:00:00+00:00,30078.75,30100.75,30077.75,30093.75,7465
2026-09-21T03:15:00+00:00,30094.25,30106,30091.75,30093,5766
2026-09-21T03:30:00+00:00,30092.75,30096,30082.75,30094,6513
2026-09-21T03:45:00+00:00,30094.5,30107.5,30088.25,30089.5,7114
2026-09-21T04:00:00+00:00,30087.25,30096,30070.25,30083,10360
2026-09-21T04:15:00+00:00,30082.75,30101.5,30081,30094,6220
2026-09-21T04:30:00+00:00,30094,30094.5,30081,30088,4535
2026-09-21T04:45:00+00:00,30087.75,30097.5,30086.75,30089.75,3752
2026-09-21T05:00:00+00:00,30090.25,30090.75,30079.25,30081.75,3783
2026-09-21T05:15:00+00:00,30081.25,30089.5,30075,30082,4766
2026-09-21T05:30:00+00:00,30081.5,30112,30077,30098.5,9868
2026-09-21T05:45:00+00:00,30098.5,30102.75,30082.75,30090,5797
2026-09-21T06:00:00+00:00,30090.25,30121.5,30090,30112.5,10789
2026-09-21T06:15:00+00:00,30112.75,30124,30103,30107.5,8589
2026-09-21T06:30:00+00:00,30107.5,30124,30106.5,30120.75,5457
2026-09-21T06:45:00+00:00,30121.5,30143.75,30117.25,30141.75,11395
2026-09-21T07:00:00+00:00,30141.5,30162.75,30131,30153.5,19030
2026-09-21T07:15:00+00:00,30153.5,30155.5,30126,30149.25,10447
2026-09-21T07:30:00+00:00,30149.25,30157.75,30138.5,30145,7863
2026-09-21T07:45:00+00:00,30144.5,30188.25,30140,30178,11820
2026-09-21T08:00:00+00:00,30178.25,30216.25,30172.5,30204.75,18370
2026-09-21T08:15:00+00:00,30204.75,30214,30191.75,30199.5,7306
2026-09-21T08:30:00+00:00,30199,30237.5,30197.25,30233.5,11334
2026-09-21T08:45:00+00:00,30233,30238.5,30222,30234,6612
2026-09-21T09:00:00+00:00,30234.75,30250,30228.5,30239,7581
2026-09-21T09:15:00+00:00,30238.75,30261.75,30232.25,30246.5,7777
2026-09-21T09:30:00+00:00,30247,30260,30239.5,30257.25,5137
2026-09-21T09:45:00+00:00,30257.75,30264,30232.75,30233.5,7393
2026-09-21T10:00:00+00:00,30234,30248.25,30232.75,30246.5,5842
2026-09-21T10:15:00+00:00,30246,30254,30238.5,30245.75,5814
2026-09-21T10:30:00+00:00,30246.5,30273,30236.75,30251.75,9017
2026-09-21T10:45:00+00:00,30251.75,30258.5,30239,30241.25,5040
2026-09-21T11:00:00+00:00,30241,30251.75,30222.25,30233,9349
2026-09-21T11:15:00+00:00,30233,30242.5,30218.25,30226.25,7516
2026-09-21T11:30:00+00:00,30225.75,30241,30220.25,30240.5,8243
2026-09-21T11:45:00+00:00,30240.5,30261.5,30232.75,30247,9872
2026-09-21T12:00:00+00:00,30247.25,30277.25,30236,30252.25,15580
2026-09-21T12:15:00+00:00,30252.5,30258.25,30225.5,30225.5,11920
2026-09-21T12:30:00+00:00,30225.5,30257,30222.25,30256,14810
2026-09-21T12:45:00+00:00,30256,30258.75,30224.5,30225,11225
2026-09-21T13:00:00+00:00,30224.75,30239.25,30219,30223.25,14126
2026-09-21T13:15:00+00:00,30223.75,30233,30202.25,30222,26669
2026-09-21T13:30:00+00:00,30221.75,30340.75,30216.5,30340,139650
2026-09-21T13:45:00+00:00,30340.25,30422.75,30339.75,30417,106684
2026-09-21T14:00:00+00:00,30416.5,30450,30396.75,30437.25,93438
2026-09-21T14:15:00+00:00,30437.5,30519.75,30437.5,30518,89310
2026-09-21T14:30:00+00:00,30518.75,30556.5,30500.5,30517,92597
2026-09-21T14:45:00+00:00,30517,30564.5,30504,30550.25,69953
2026-09-21T15:00:00+00:00,30550.75,30581.25,30549.25,30575.5,58541
2026-09-21T15:15:00+00:00,30575.25,30589,30570,30584.5,37593
2026-09-21T15:30:00+00:00,30584.5,30617.75,30579.25,30613.5,53680
2026-09-21T15:45:00+00:00,30613.25,30639.5,30601.5,30610.25,57212
2026-09-21T16:00:00+00:00,30610.25,30661.5,30601.25,30652.75,67769
2026-09-21T16:15:00+00:00,30652.75,30687.75,30648,30678.25,48568
2026-09-21T16:30:00+00:00,30678,30703.75,30665.5,30669.75,51748
2026-09-21T16:45:00+00:00,30670.25,30682.5,30663,30680.25,27911
2026-09-21T17:00:00+00:00,30680.5,30696,30675.75,30688.75,31688
2026-09-21T17:15:00+00:00,30688.75,30693.25,30664.25,30687.25,35233
2026-09-21T17:30:00+00:00,30687.75,30716.75,30670.75,30714,38134
2026-09-21T17:45:00+00:00,30714.25,30724.75,30708.25,30712.75,31484
2026-09-21T18:00:00+00:00,30712.75,30736.75,30711.75,30730.25,29578
2026-09-21T18:15:00+00:00,30730.75,30759.75,30729.5,30753,35631
2026-09-21T18:30:00+00:00,30753.75,30767.25,30735.5,30765.25,33334
2026-09-21T18:45:00+00:00,30765.25,30798.75,30761.5,30786.75,40880
2026-09-21T19:00:00+00:00,30786.75,30802.5,30772.5,30801.5,36260
2026-09-21T19:15:00+00:00,30801.5,30813.5,30794.25,30803.5,30663
2026-09-21T19:30:00+00:00,30803.25,30863,30800.25,30835.5,54742
2026-09-21T19:45:00+00:00,30835.25,30837.75,30778,30783.25,74596
2026-09-21T20:00:00+00:00,30783.75,30794,30763.5,30778.25,31038
2026-09-21T20:15:00+00:00,30778.5,30782,30762,30777.75,12358
2026-09-21T20:30:00+00:00,30777.25,30778.5,30758,30762.75,9287
2026-09-21T20:45:00+00:00,30762.5,30786,30760.25,30781.75,6920
2026-09-21T22:00:00+00:00,30781.75,30821,30780,30803.75,8171
2026-09-21T22:15:00+00:00,30803,30816.25,30801.25,30815,5020
2026-09-21T22:30:00+00:00,30815,30829.5,30804.25,30822.5,9169
2026-09-21T22:45:00+00:00,30821.75,30833.25,30812.75,30828.25,6888
2026-09-21T23:00:00+00:00,30828.25,30852.25,30823,30843,8693
2026-09-21T23:15:00+00:00,30843.75,30847.75,30835.5,30842.25,5988
2026-09-21T23:30:00+00:00,30842.25,30856,30837.25,30849.75,7296
2026-09-21T23:45:00+00:00,30850,30856.75,30847,30852,4918
2026-09-22T00:00:00+00:00,30852,30889,30850,30876.5,19865
2026-09-22T00:15:00+00:00,30877,30893.75,30862.5,30892.75,14261
2026-09-22T00:30:00+00:00,30893.25,30917.5,30864,30891.25,24394
2026-09-22T00:45:00+00:00,30891.75,30907.25,30885,30900.5,10444
2026-09-22T01:00:00+00:00,30900.25,30901,30876.75,30884.5,12632
2026-09-22T01:15:00+00:00,30884.5,30891.5,30867,30882.5,12420
2026-09-22T01:30:00+00:00,30882.25,30905.5,30870,30884.75,13478
2026-09-22T01:45:00+00:00,30886.5,30893,30871.5,30873,11630
2026-09-22T02:00:00+00:00,30873.5,30894.75,30870.25,30873,7733
2026-09-22T02:15:00+00:00,30873.75,30885.25,30872,30879,5415
2026-09-22T02:30:00+00:00,30879.25,30895,30866.25,30887.75,9735
2026-09-22T02:45:00+00:00,30888.5,30897.75,30883.5,30895,5913
2026-09-22T03:00:00+00:00,30894.25,30897.25,30882.5,30891.5,4876
2026-09-22T03:15:00+00:00,30891.25,30899.25,30886.75,30889,3166
2026-09-22T03:30:00+00:00,30889.25,30898.75,30877.75,30882,6541
2026-09-22T03:45:00+00:00,30881.75,30885,30856.75,30875,7570
2026-09-22T04:00:00+00:00,30846.25,30867.75,30832.25,30852.75,7236
2026-09-22T04:15:00+00:00,30853.25,30856.5,30831,30837.25,10386
2026-09-22T04:30:00+00:00,30836.75,30848.5,30824,30828.75,9483
2026-09-22T04:45:00+00:00,30829,30835.5,30809,30812.75,7739
2026-09-22T05:00:00+00:00,30813,30821.25,30804.5,30809.75,8362
2026-09-22T05:15:00+00:00,30809.5,30810.5,30783.5,30792.75,15678
2026-09-22T05:30:00+00:00,30792,30823.5,30778.75,30818.25,12954
2026-09-22T05:45:00+00:00,30817.25,30844.75,30812.75,30815.5,12904
2026-09-22T06:00:00+00:00,30816,30819.25,30777,30784.25,14135
2026-09-22T06:15:00+00:00,30784,30789.25,30766,30787,11858
2026-09-22T06:30:00+00:00,30786.5,30795.25,30775.5,30780.25,8470
2026-09-22T06:45:00+00:00,30780.25,30789.75,30775,30778.75,4205
2026-09-22T07:00:00+00:00,30779,30789.5,30762,30779.5,10653
2026-09-22T07:15:00+00:00,30778.5,30792.5,30765,30769.25,8705
2026-09-22T07:30:00+00:00,30769,30780,30761.25,30780,7568
2026-09-22T07:45:00+00:00,30780,30786,30764.25,30770,6790
2026-09-22T08:00:00+00:00,30770.5,30771.75,30724.5,30735.5,20645
2026-09-22T08:15:00+00:00,30736.25,30737.5,30682.75,30686.75,18409
2026-09-22T08:30:00+00:00,30687,30765.25,30671,30759.75,25494
2026-09-22T08:45:00+00:00,30760.25,30790.5,30744,30782.25,18735
2026-09-22T09:00:00+00:00,30783.25,30802.5,30752.5,30764.5,17691
2026-09-22T09:15:00+00:00,30764.25,30788,30760,30769.75,7971
2026-09-22T09:30:00+00:00,30770.75,30790,30763.5,30789.5,8680
2026-09-22T09:45:00+00:00,30789,30855.25,30781.5,30836.5,27662
2026-09-22T10:00:00+00:00,30838,30848,30809.5,30818.25,12639
2026-09-22T10:15:00+00:00,30817.75,30825.75,30794.5,30809.75,8074
2026-09-22T10:30:00+00:00,30809.25,30830.75,30797.75,30821.75,7930
2026-09-22T10:45:00+00:00,30821.75,30834.75,30808.25,30814.5,8284
2026-09-22T11:00:00+00:00,30814.5,30829.5,30754.75,30795.25,26175
2026-09-22T11:15:00+00:00,30795,30802.5,30777.5,30779,9176
2026-09-22T11:30:00+00:00,30779.5,30805,30776.25,30794.25,9037
2026-09-22T11:45:00+00:00,30794.75,30813.75,30772,30776.25,10008
2026-09-22T12:00:00+00:00,30776.5,30791.75,30747.75,30761,14284
2026-09-22T12:15:00+00:00,30762,30784.5,30749.25,30784.5,12126
2026-09-22T12:30:00+00:00,30783.75,30788.25,30763.25,30764.5,13218
2026-09-22T12:45:00+00:00,30765,30769.75,30748,30752.5,11406
2026-09-22T13:00:00+00:00,30752.75,30781,30748.75,30769.75,19673
2026-09-22T13:15:00+00:00,30769.5,30777.75,30750.75,30764,22708
2026-09-22T13:30:00+00:00,30764.5,30927.5,30763.25,30902.25,147130
2026-09-22T13:45:00+00:00,30902.5,30947.25,30881,30930,110616
2026-09-22T14:00:00+00:00,30929.75,30987.5,30907.25,30960.25,88909
2026-09-22T14:15:00+00:00,30960.75,30978.75,30934.25,30961,62096
2026-09-22T14:30:00+00:00,30961,30997.75,30896.25,30914,118349
2026-09-22T14:45:00+00:00,30914.25,30955.75,30890.25,30925,79512
2026-09-22T15:00:00+00:00,30925.5,30945,30902.5,30938,58201
2026-09-22T15:15:00+00:00,30938.25,30948.25,30920.5,30928.25,36209
2026-09-22T15:30:00+00:00,30928.25,30934.25,30883.5,30899.5,46590
2026-09-22T15:45:00+00:00,30899.5,30918.75,30887,30911,35938
2026-09-22T16:00:00+00:00,30911,30935.25,30894.75,30925.25,36813
2026-09-22T16:15:00+00:00,30924.75,30926.75,30889.25,30892.25,34391
2026-09-22T16:30:00+00:00,30891.75,30920,30891.25,30915.5,27477
2026-09-22T16:45:00+00:00,30915.25,30946,30911,30941,36684
2026-09-22T17:00:00+00:00,30941,30954,30935,30941.5,22457
2026-09-22T17:15:00+00:00,30941.75,30957.75,30928.5,30953.25,22512
2026-09-22T17:30:00+00:00,30953.25,30953.75,30921.75,30944.25,24700
2026-09-22T17:45:00+00:00,30944.5,30987.75,30936.5,30977.25,48565
2026-09-22T18:00:00+00:00,30977.5,30985.25,30951,30980.5,34096
2026-09-22T18:15:00+00:00,30980.75,31009.75,30980.75,30994,31794
2026-09-22T18:30:00+00:00,30994,30998.75,30966,30988,38180
2026-09-22T18:45:00+00:00,30988.25,30991.75,30971.5,30976,18966
2026-09-22T19:00:00+00:00,30976,31005,30975,31003.25,22047
2026-09-22T19:15:00+00:00,31003,31027,30997.75,31020.75,34925
2026-09-22T19:30:00+00:00,31020.5,31050,31018.25,31034.25,44902
2026-09-22T19:45:00+00:00,31035,31066,31013,31030.5,59566
2026-09-22T20:00:00+00:00,31029.75,31035.5,31017.25,31021.5,16100
2026-09-22T20:15:00+00:00,31020.75,31024.25,31000,31003.75,10258
2026-09-22T20:30:00+00:00,31005,31011.75,31001.75,31002.5,4036
2026-09-22T20:45:00+00:00,31002.5,31006.25,30990.5,31002.5,6091
2026-09-22T22:00:00+00:00,31010,31042.25,31000.5,31041,9624
2026-09-22T22:15:00+00:00,31041,31058.25,31036.5,31049.75,7763
2026-09-22T22:30:00+00:00,31049.5,31061,31048.25,31053,5034
2026-09-22T22:45:00+00:00,31053,31053,31025.5,31044.75,11580
