open_time,open,high,low,close,volume
2025-06-23T00:00:00+00:00,427,427,420.5,425.5,8
2025-06-23T01:00:00+00:00,426,426,425.5,425.5,5
2025-06-23T02:00:00+00:00,425,425.5,424.5,425,21
2025-06-23T03:00:00+00:00,425,425,425,425,0
2025-06-23T06:00:00+00:00,425,425,422.5,422.5,53
2025-06-23T07:00:00+00:00,422,422,420.5,421.5,40
2025-06-23T08:00:00+00:00,421,436.5,421,436.5,7
2025-06-23T09:00:00+00:00,422,422,421.5,421.5,6
2025-06-23T10:00:00+00:00,421.5,437,421,423,13
2025-06-23T11:00:00+00:00,422.5,437.5,422,422,8
2025-06-23T12:00:00+00:00,422,422,421,421,0
2025-06-23T13:00:00+00:00,421,422,420,420,182
2025-06-23T14:00:00+00:00,421,421,419.5,419.5,0
2025-06-23T15:00:00+00:00,418,418,417,417,213
2025-06-23T16:00:00+00:00,417.5,417.5,417.5,417.5,0
2025-06-23T17:00:00+00:00,418,418.5,418,418,0
2025-06-23T18:00:00+00:00,418.5,418.5,418.5,418.5,0
2025-06-24T00:00:00+00:00,417.5,418,416.5,416.5,11
2025-06-24T01:00:00+00:00,417.5,417.5,417.5,417.5,2
2025-06-24T06:00:00+00:00,416.5,416.5,416.5,416.5,1
2025-06-24T07:00:00+00:00,432.5,432.5,432.5,432.5,0
2025-06-24T08:00:00+00:00,416.5,432,415.5,415.5,26
2025-06-24T09:00:00+00:00,432,432.5,432,432.5,20
2025-06-24T10:00:00+00:00,433.5,433.5,417,417,0
2025-06-24T11:00:00+00:00,416.5,432.5,416.5,432.5,21
2025-06-24T12:00:00+00:00,431.5,431.5,431.5,431.5,3
2025-06-24T13:00:00+00:00,432,434.5,432,432.5,11
2025-06-24T14:00:00+00:00,433.5,434,432.5,432.5,0
2025-06-24T15:00:00+00:00,431,431.5,431,431.5,83
2025-06-24T18:00:00+00:00,430,430,428.5,428.5,0
2025-06-25T00:00:00+00:00,430.5,430.5,430.5,430.5,2
2025-06-25T01:00:00+00:00,429,429,429,429,1
2025-06-25T03:00:00+00:00,429,429,429,429,0
2025-06-25T04:00:00+00:00,429.5,429.5,429.5,429.5,7
2025-06-25T05:00:00+00:00,428.5,429,428.5,428.5,0
2025-06-25T06:00:00+00:00,428.5,428.5,428,428,22
2025-06-25T07:00:00+00:00,428,428,427.5,427.5,13
2025-06-25T08:00:00+00:00,426.5,427,426.5,427,3
2025-06-25T09:00:00+00:00,426.5,427,426,427,7
2025-06-25T10:00:00+00:00,426,426,425.5,426,7
2025-06-25T11:00:00+00:00,425.5,426,425.5,426,9
2025-06-25T12:00:00+00:00,425.5,425.5,425.5,425.5,0
2025-06-25T13:00:00+00:00,425,425,422,423,122
2025-06-25T14:00:00+00:00,423.5,423.5,422.5,423,0
2025-06-25T15:00:00+00:00,422,423.5,422,423,143
2025-06-25T16:00:00+00:00,425,425,425,425,0
2025-06-25T17:00:00+00:00,423.5,423.5,422.5,422.5,164
2025-06-25T18:00:00+00:00,423,423,422.5,422.5,0
2025-06-26T00:00:00+00:00,422.5,423.5,422.5,423.5,2
2025-06-26T01:00:00+00:00,423.5,423.5,422.5,422.5,3
2025-06-26T03:00:00+00:00,422.5,422.5,422.5,422.5,1
2025-06-26T06:00:00+00:00,421.5,421.5,421,421,5
2025-06-26T07:00:00+00:00,420.5,420.5,420,420,13
2025-06-26T08:00:00+00:00,421.5,423,406,407.5,0
2025-06-26T09:00:00+00:00,406.5,424,406.5,424,42
2025-06-26T10:00:00+00:00,408,426,408,424,0
2025-06-26T11:00:00+00:00,424,424.5,406.5,422,70
2025-06-26T12:00:00+00:00,405.5,405.5,405.5,405.5,0
2025-06-26T13:00:00+00:00,405,406.5,405,405,187
2025-06-26T14:00:00+00:00,406.5,407,405,405.5,0
2025-06-26T15:00:00+00:00,407,407,404.5,404.5,0
2025-06-26T17:00:00+00:00,404,404,404,404,0
2025-06-26T18:00:00+00:00,404.5,404.5,404,404.5,0
2025-06-27T00:00:00+00:00,407,407,407,407,5
2025-06-27T01:00:00+00:00,407,407,406.5,407,5
2025-06-27T02:00:00+00:00,406,406.5,406,406,9
2025-06-27T04:00:00+00:00,406,406,406,406,1
2025-06-27T05:00:00+00:00,406.5,406.5,406.5,406.5,2
2025-06-27T06:00:00+00:00,407,407,407,407,1
2025-06-27T07:00:00+00:00,408,410,408,410,10
2025-06-27T08:00:00+00:00,410,410,409.5,409.5,4
2025-06-27T09:00:00+00:00,409,411,409,411,3
2025-06-27T10:00:00+00:00,410,410,410,410,1
2025-06-27T11:00:00+00:00,411,411,409.5,409.5,6
2025-06-27T12:00:00+00:00,409.5,409.5,409.5,409.5,0
2025-06-27T13:00:00+00:00,410,410.5,410,410.5,0
2025-06-27T14:00:00+00:00,409,409.5,408,409.5,78
2025-06-27T15:00:00+00:00,406.5,407.5,406.5,407,18
2025-06-27T16:00:00+00:00,406.5,410,406.5,408.5,0
2025-06-27T17:00:00+00:00,409.5,411,409,411,157
2025-06-27T18:00:00+00:00,411,412.5,411,411,41
2025-06-30T00:00:00+00:00,413,413,411.5,411.5,6
2025-06-30T01:00:00+00:00,411.5,411.5,411,411,5
2025-06-30T05:00:00+00:00,411,411,411,411,3
2025-06-30T07:00:00+00:00,409,409,409,409,1
2025-06-30T08:00:00+00:00,408.5,409,408.5,408.5,5
2025-06-30T09:00:00+00:00,410.5,410.5,410.5,410.5,1
2025-06-30T11:00:00+00:00,408,408,407,407,3
2025-06-30T13:00:00+00:00,408.5,410.5,408.5,410.5,36
2025-06-30T14:00:00+00:00,411,412,409.5,412,0
2025-06-30T15:00:00+00:00,411,413,410,410,0
2025-06-30T16:00:00+00:00,412.5,413,405.5,408,196
2025-06-30T17:00:00+00:00,409,410,408.5,408.5,31
2025-06-30T18:00:00+00:00,409,410,409,409.5,0
2025-07-01T00:00:00+00:00,406.5,406.5,406.5,406.5,1
2025-07-01T01:00:00+00:00,405.5,405.5,405,405,17
2025-07-01T02:00:00+00:00,405,405,405,405,5
2025-07-01T07:00:00+00:00,405,405,403.5,404,18
2025-07-01T08:00:00+00:00,404,404.5,404,404.5,11
2025-07-01T09:00:00+00:00,403.5,403.5,403.5,403.5,4
2025-07-01T10:00:00+00:00,403.5,403.5,403,403,12
2025-07-01T11:00:00+00:00,405,405,405,405,1
2025-07-01T12:00:00+00:00,403,403.5,402,402,0
2025-07-01T13:00:00+00:00,401.5,404.5,400,404,117
2025-07-01T14:00:00+00:00,404,406.5,404,406,0
2025-07-01T15:00:00+00:00,407,407.5,406,407,220
2025-07-01T16:00:00+00:00,406.5,406.5,404.5,405,0
2025-07-01T17:00:00+00:00,405.5,407,405.5,406,320
2025-07-01T18:00:00+00:00,406,406.5,405.5,406,0
2025-07-02T00:00:00+00:00,406,406,406,406,1
2025-07-02T02:00:00+00:00,404,404,403,403.5,10
2025-07-02T03:00:00+00:00,403.5,403.5,403,403,4
2025-07-02T04:00:00+00:00,402.5,402.5,402.5,402.5,2
2025-07-02T05:00:00+00:00,403,403,402.5,402.5,4
2025-07-02T06:00:00+00:00,402,402,401.5,401.5,3
2025-07-02T07:00:00+00:00,417.5,417.5,417.5,417.5,0
2025-07-02T08:00:00+00:00,420,420,420,420,70
2025-07-02T09:00:00+00:00,404,404,404,404,0
2025-07-02T11:00:00+00:00,404.5,404.5,403,403,16
2025-07-02T12:00:00+00:00,419,419,419,419,30
2025-07-02T13:00:00+00:00,418.5,423.5,418.5,423.5,90
2025-07-02T14:00:00+00:00,423.5,425,422.5,423.5,102
2025-07-02T15:00:00+00:00,423,424.5,422.5,424.5,0
2025-07-02T16:00:00+00:00,425,428.5,425,428,422
2025-07-02T17:00:00+00:00,428,431.5,427.5,431.5,91
2025-07-02T18:00:00+00:00,432.5,434,432,433.5,0
2025-07-03T00:00:00+00:00,433,439.5,433,437.5,88
2025-07-03T01:00:00+00:00,436.5,438,436,437.5,18
2025-07-03T02:00:00+00:00,437.5,437.5,436.5,437.5,14
2025-07-03T03:00:00+00:00,437,437.5,436.5,436.5,12
2025-07-03T04:00:00+00:00,436.5,436.5,436.5,436.5,10
2025-07-03T05:00:00+00:00,437,437,437,437,1
2025-07-03T06:00:00+00:00,436,436,436,436,3
2025-07-03T07:00:00+00:00,437,439.5,437,439.5,29
2025-07-03T08:00:00+00:00,439.5,439.5,422,438,4
2025-07-03T09:00:00+00:00,421,440,421,439.5,12
2025-07-03T10:00:00+00:00,440.5,440.5,423,439,4
2025-07-03T11:00:00+00:00,423,437.5,421,421.5,59
2025-07-03T12:00:00+00:00,421.5,438,417,423,160
2025-07-03T13:30:00+00:00,424,424,420,422,38
2025-07-03T14:30:00+00:00,422,425.5,421,421.5,128
2025-07-03T15:30:00+00:00,422,422,421,421,0
2025-07-03T16:30:00+00:00,421,422,420.5,421,668
2025-07-03T17:00:00+00:00,421,421.5,421,421.5,0
2025-07-03T18:00:00+00:00,420.5,437.5,420,437.5,0
2025-07-07T00:00:00+00:00,429.5,429.5,424.5,428,79
2025-07-07T01:00:00+00:00,427.5,428,427.5,428,9
2025-07-07T02:00:00+00:00,427,427,427,427,10
2025-07-07T03:00:00+00:00,427,427.5,427,427.5,6
2025-07-07T04:00:00+00:00,427,427,426.5,426.5,11
2025-07-07T05:00:00+00:00,426,426,426,426,1
2025-07-07T06:00:00+00:00,426,426,426,426,3
2025-07-07T07:00:00+00:00,424,424.5,423,423,10
2025-07-07T08:00:00+00:00,423,423,423,423,3
2025-07-07T09:00:00+00:00,424.5,424.5,424.5,424.5,1
2025-07-07T10:00:00+00:00,424,424,424,424,1
2025-07-07T11:00:00+00:00,424.5,424.5,424.5,424.5,1
2025-07-07T12:00:00+00:00,425,425.5,424.5,424.5,0
2025-07-07T13:00:00+00:00,424,426,423.5,423.5,182
2025-07-07T14:00:00+00:00,423.5,426.5,423.5,425.5,197
2025-07-07T15:00:00+00:00,425.5,427,424.5,424.5,90
2025-07-07T16:00:00+00:00,423,423,420.5,422,138
2025-07-07T17:00:00+00:00,422,422.5,420,420,70
2025-07-07T18:00:00+00:00,421,421,420.5,421,0
2025-07-08T00:00:00+00:00,420,420,419,419,2
2025-07-08T01:00:00+00:00,419,419,419,419,1
2025-07-08T02:00:00+00:00,420,420,420,420,2
2025-07-08T04:00:00+00:00,420.5,420.5,420.5,420.5,3
2025-07-08T06:00:00+00:00,419,419,419,419,10
2025-07-08T07:00:00+00:00,418.5,418.5,418.5,418.5,3
2025-07-08T08:00:00+00:00,418,418,418,418,1
2025-07-08T09:00:00+00:00,418,418,418,418,2
2025-07-08T10:00:00+00:00,401.5,418.5,401.5,402,55
2025-07-08T11:00:00+00:00,418,418,401.5,401.5,0
2025-07-08T12:00:00+00:00,401.5,401.5,400.5,400.5,90
2025-07-08T13:00:00+00:00,400,400,397,398.5,0
2025-07-08T14:00:00+00:00,398,400.5,397,400.5,0
2025-07-08T15:00:00+00:00,400.5,402,399.5,399.5,386
2025-07-08T16:00:00+00:00,400,400.5,398.5,400.5,54
2025-07-08T17:00:00+00:00,400,400.5,398.5,398.5,10
2025-07-08T18:00:00+00:00,398.5,398.5,398,398.5,0
2025-07-09T00:00:00+00:00,400,400,399.5,399.5,5
2025-07-09T01:00:00+00:00,400.5,400.5,400,400,4
2025-07-09T05:00:00+00:00,400.5,401,400.5,401,2
2025-07-09T07:00:00+00:00,400,400,399,399,11
2025-07-09T08:00:00+00:00,415.5,416,400,415.5,49
2025-07-09T09:00:00+00:00,401,416,400.5,416,6
2025-07-09T10:00:00+00:00,400,414.5,398,398,0
2025-07-09T11:00:00+00:00,413.5,413.5,397.5,413,56
2025-07-09T12:00:00+00:00,412.5,413,396,413,0
2025-07-09T13:00:00+00:00,414,414,412.5,414,0
2025-07-09T14:00:00+00:00,414,414,412,412.5,217
2025-07-09T15:00:00+00:00,413.5,416,413.5,416,69
2025-07-09T16:00:00+00:00,416,416,415.5,416,27
2025-07-09T17:00:00+00:00,416,416,415.5,415.5,18
2025-07-09T18:00:00+00:00,415.5,415.5,415.5,415.5,0
2025-07-10T00:00:00+00:00,414,414,413,413,28
2025-07-10T01:00:00+00:00,413,413.5,413,413.5,10
2025-07-10T02:00:00+00:00,413.5,413.5,413.5,413.5,1
2025-07-10T03:00:00+00:00,413.5,414,413.5,414,2
2025-07-10T04:00:00+00:00,414,414,413.5,413.5,2
2025-07-10T07:00:00+00:00,413.5,413.5,413.5,413.5,3
2025-07-10T08:00:00+00:00,414,414,414,414,2
2025-07-10T09:00:00+00:00,414.5,414.5,414.5,414.5,2
2025-07-10T10:00:00+00:00,415,415.5,415,415.5,16
2025-07-10T11:00:00+00:00,416,416,413.5,413.5,16
2025-07-10T12:00:00+00:00,413.5,414,413.5,414,12
2025-07-10T13:00:00+00:00,413,416.5,413,416.5,0
2025-07-10T14:00:00+00:00,415.5,416.5,415,415.5,272
2025-07-10T15:00:00+00:00,415.5,415.5,414.5,414.5,33
2025-07-10T16:00:00+00:00,414.5,416.5,414.5,416.5,24
2025-07-10T17:00:00+00:00,416,417.5,415.5,417.5,23
2025-07-10T18:00:00+00:00,416.5,416.5,416.5,416.5,0
2025-07-11T00:00:00+00:00,416,416,415,415,10
2025-07-11T01:00:00+00:00,415.5,416,415.5,416,7
2025-07-11T02:00:00+00:00,416.5,416.5,416.5,416.5,2
2025-07-11T05:00:00+00:00,416.5,417,416,416.5,22
2025-07-11T06:00:00+00:00,416.5,416.5,415,415,8
2025-07-11T07:00:00+00:00,415.5,415.5,415.5,415.5,1
2025-07-11T08:00:00+00:00,415.5,415.5,414.5,414.5,7
2025-07-11T10:00:00+00:00,415.5,415.5,415.5,415.5,0
2025-07-11T11:00:00+00:00,416,416,415,415,68
2025-07-11T12:00:00+00:00,414.5,415,414.5,414.5,10
2025-07-11T13:00:00+00:00,414.5,415.5,414.5,415,0
2025-07-11T14:00:00+00:00,415,415.5,413.5,414.5,292
2025-07-11T15:00:00+00:00,415,417,414,416.5,63
2025-07-11T16:00:00+00:00,418,418,412,413,168
2025-07-11T17:00:00+00:00,413,413.5,412,412,49
2025-07-11T18:00:00+00:00,412,412.5,412,412.5,37
2025-07-14T03:00:00+00:00,412.5,412.5,411,411,0
2025-07-14T07:00:00+00:00,412.5,414,412.5,414,37
2025-07-14T08:00:00+00:00,414,415,398,399,17
2025-07-14T09:00:00+00:00,415.5,415.5,399.5,415,0
2025-07-14T10:00:00+00:00,398.5,414,398,398,16
2025-07-14T11:00:00+00:00,414.5,417,398,416.5,0
2025-07-14T12:00:00+00:00,401,416.5,399,399,26
2025-07-14T13:00:00+00:00,399.5,399.5,398,399,46
2025-07-14T14:00:00+00:00,399,400,397.5,398.5,110
2025-07-14T15:00:00+00:00,398.5,399,397.5,398,60
2025-07-14T16:00:00+00:00,398,398,397,397,41
2025-07-14T17:00:00+00:00,397.5,399,397.5,399,34
2025-07-14T18:00:00+00:00,399,400.5,399,400.5,0
2025-07-15T00:00:00+00:00,401.5,402,400,400,13
2025-07-15T02:00:00+00:00,400,400,400,400,1
2025-07-15T04:00:00+00:00,401,401,401,401,1
2025-07-15T06:00:00+00:00,400.5,400.5,400.5,400.5,1
2025-07-15T07:00:00+00:00,399.5,399.5,398,398.5,13
2025-07-15T08:00:00+00:00,399,418,399,418,15
2025-07-15T09:00:00+00:00,399.5,416.5,397,415,15
2025-07-15T10:00:00+00:00,397.5,415.5,397.5,414,7
2025-07-15T11:00:00+00:00,397,414.5,396,396.5,0
2025-07-15T12:00:00+00:00,395.5,414.5,395.5,413.5,0
2025-07-15T13:00:00+00:00,414,418,414,416.5,187
2025-07-15T14:00:00+00:00,417,419.5,416.5,419.5,125
2025-07-15T15:00:00+00:00,419.5,423.5,419.5,422,252
2025-07-15T16:00:00+00:00,421.5,422,420,421,108
2025-07-15T17:00:00+00:00,421.5,421.5,419.5,419.5,54
2025-07-15T18:00:00+00:00,419.5,420,419.5,419.5,0
2025-07-16T00:00:00+00:00,419.5,419.5,419.5,419.5,1
2025-07-16T01:00:00+00:00,421.5,422,421.5,422,5
2025-07-16T02:00:00+00:00,422,422.5,421.5,422,18
2025-07-16T05:00:00+00:00,422,423,422,423,5
2025-07-16T06:00:00+00:00,423,423.5,423,423.5,14
2025-07-16T07:00:00+00:00,423.5,423.5,423,423,2
2025-07-16T08:00:00+00:00,424,425,424,425,35
2025-07-16T09:00:00+00:00,425,425,424,424.5,9
2025-07-16T10:00:00+00:00,425,425.5,425,425.5,9
2025-07-16T11:00:00+00:00,424.5,424.5,424,424,13
2025-07-16T12:00:00+00:00,425,425.5,425,425,0
2025-07-16T13:00:00+00:00,424,424,422,423.5,244
2025-07-16T14:00:00+00:00,423.5,423.5,421,423.5,113
2025-07-16T15:00:00+00:00,423,425.5,423,423,93
2025-07-16T16:00:00+00:00,422.5,423.5,422,423.5,60
2025-07-16T17:00:00+00:00,423.5,424,423.5,423.5,37
2025-07-16T18:00:00+00:00,423.5,424,423.5,424,0
2025-07-17T00:00:00+00:00,424,425.5,424,425.5,8
2025-07-17T01:00:00+00:00,424.5,424.5,424.5,424.5,2
2025-07-17T02:00:00+00:00,424.5,424.5,424.5,424.5,2
2025-07-17T03:00:00+00:00,425,425,424,424,3
2025-07-17T04:00:00+00:00,424,424,424,424,1
2025-07-17T06:00:00+00:00,424.5,424.5,424.5,424.5,1
2025-07-17T07:00:00+00:00,425,425,425,425,4
2025-07-17T08:00:00+00:00,424,424,405,405.5,19
2025-07-17T09:00:00+00:00,405,423.5,404,404,14
2025-07-17T10:00:00+00:00,422,422.5,422,422,15
2025-07-17T11:00:00+00:00,403,422,403,405,1
2025-07-17T12:00:00+00:00,406,406,406,406,9
2025-07-17T13:00:00+00:00,405,406.5,405,405.5,67
2025-07-17T14:00:00+00:00,405.5,406,403.5,404,41
2025-07-17T15:00:00+00:00,403,405,403,405,18
2025-07-17T16:00:00+00:00,405,405,401,401,49
2025-07-17T17:00:00+00:00,402,402.5,400.5,401,43
2025-07-17T18:00:00+00:00,401.5,402,401,402,0
2025-07-18T00:00:00+00:00,402.5,402.5,402.5,402.5,1
2025-07-18T02:00:00+00:00,404,404.5,404,404.5,7
2025-07-18T07:00:00+00:00,407,407,407,407,1
2025-07-18T08:00:00+00:00,408,427.5,408,427.5,54
2025-07-18T09:00:00+00:00,408.5,428,408,408.5,18
2025-07-18T10:00:00+00:00,408.5,428,408,408,79
2025-07-18T11:00:00+00:00,408,408,408,408,4
2025-07-18T12:00:00+00:00,408,408,408,408,0
2025-07-18T13:00:00+00:00,407,410.5,405,409.5,300
2025-07-18T14:00:00+00:00,409.5,409.5,407.5,408,85
2025-07-18T15:00:00+00:00,408,408,407.5,407.5,31
2025-07-18T16:00:00+00:00,407.5,410,407.5,409.5,0
2025-07-18T17:00:00+00:00,408,408.5,408,408,513
2025-07-18T18:00:00+00:00,407.5,409,407.5,409,37
2025-07-21T04:00:00+00:00,407,407,407,407,0
2025-07-21T06:00:00+00:00,407,407,407,407,27
2025-07-21T07:00:00+00:00,407,407,407,407,3
2025-07-21T08:00:00+00:00,405.5,405.5,405.5,405.5,1
2025-07-21T09:00:00+00:00,425,425,406.5,406.5,79
2025-07-21T10:00:00+00:00,406.5,425.5,405.5,406,14
2025-07-21T11:00:00+00:00,425,426.5,407,407.5,10
2025-07-21T12:00:00+00:00,426.5,426.5,406,406,0
2025-07-21T13:00:00+00:00,406.5,406.5,402,402,232
2025-07-21T14:00:00+00:00,402,403,401,402,62
2025-07-21T15:00:00+00:00,402,402,400.5,400.5,0
2025-07-21T16:00:00+00:00,401.5,401.5,400.5,400.5,332
2025-07-21T17:00:00+00:00,401.5,403,401.5,403,7
2025-07-21T18:00:00+00:00,403,404,403,404,0
2025-07-22T00:00:00+00:00,404,404,404,404,0
2025-07-22T04:00:00+00:00,404,404,404,404,3
2025-07-22T05:00:00+00:00,403.5,403.5,403.5,403.5,6
2025-07-22T06:00:00+00:00,403.5,403.5,402.5,402.5,9
2025-07-22T07:00:00+00:00,402.5,402.5,402.5,402.5,6
2025-07-22T08:00:00+00:00,401.5,401.5,401.5,401.5,1
2025-07-22T09:00:00+00:00,401,401,400.5,400.5,11
2025-07-22T10:00:00+00:00,400.5,400.5,400,400,83
2025-07-22T11:00:00+00:00,399,399,399,399,3
2025-07-22T12:00:00+00:00,400,400,400,400,0
2025-07-22T13:00:00+00:00,399.5,401.5,399.5,401,178
2025-07-22T14:00:00+00:00,401.5,401.5,400,400.5,84
2025-07-22T15:00:00+00:00,401,401,400.5,401,0
2025-07-22T16:00:00+00:00,400,401,400,401,347
2025-07-22T17:00:00+00:00,400,400.5,399.5,400.5,0
2025-07-22T18:00:00+00:00,399.5,399.5,399.5,399.5,0
2025-07-23T01:00:00+00:00,400.5,400.5,399.5,399.5,4
2025-07-23T04:00:00+00:00,400.5,400.5,400.5,400.5,1
2025-07-23T05:00:00+00:00,401,401,401,401,1
2025-07-23T06:00:00+00:00,399.5,399.5,399.5,399.5,1
2025-07-23T08:00:00+00:00,398.5,418.5,398.5,417.5,45
2025-07-23T09:00:00+00:00,400,418.5,400,400,0
2025-07-23T10:00:00+00:00,419,419.5,419,419.5,38
2025-07-23T11:00:00+00:00,401,418.5,401,418.5,7
2025-07-23T12:00:00+00:00,419,419,418,418,26
2025-07-23T13:00:00+00:00,418.5,419.5,418,418,86
2025-07-23T14:00:00+00:00,417.5,418,416.5,416.5,72
2025-07-23T15:00:00+00:00,416,417.5,415.5,417,0
2025-07-23T16:00:00+00:00,418,418,417,417.5,371
2025-07-23T17:00:00+00:00,417,417.5,417,417.5,8
2025-07-23T18:00:00+00:00,417.5,417.5,417.5,417.5,10
2025-07-24T00:00:00+00:00,418.5,418.5,418,418,0
2025-07-24T02:00:00+00:00,418.5,418.5,418,418,11
2025-07-24T03:00:00+00:00,419,419,418.5,418.5,3
2025-07-24T05:00:00+00:00,419,419,419,419,1
2025-07-24T08:00:00+00:00,419.5,420.5,419.5,420.5,2
2025-07-24T10:00:00+00:00,419.5,420.5,419.5,420.5,5
2025-07-24T11:00:00+00:00,420,420,418.5,418.5,7
2025-07-24T12:00:00+00:00,418.5,420,418.5,420,5
2025-07-24T13:00:00+00:00,420,422,418.5,419,91
2025-07-24T14:00:00+00:00,419,420.5,419,420,97
2025-07-24T15:00:00+00:00,420.5,420.5,418.5,419,38
2025-07-24T16:00:00+00:00,419.5,419.5,419,419,5
2025-07-24T17:00:00+00:00,418.5,420,418.5,419.5,35
2025-07-24T18:00:00+00:00,419.5,421.5,419.5,421,0
2025-07-25T00:00:00+00:00,420.5,422,420.5,422,4
2025-07-25T02:00:00+00:00,421,421,421,421,1
2025-07-25T05:00:00+00:00,420.5,422,420.5,421.5,7
2025-07-25T07:00:00+00:00,420,420,419.5,419.5,2
2025-07-25T08:00:00+00:00,418.5,419,418.5,419,3
2025-07-25T11:00:00+00:00,418.5,418.5,400,400,24
2025-07-25T12:00:00+00:00,418,418,399,399,9
2025-07-25T13:00:00+00:00,418.5,420,399.5,400,79
2025-07-25T14:00:00+00:00,400,419.5,399,399,89
2025-07-25T15:00:00+00:00,399,399,398.5,399,30
2025-07-25T16:00:00+00:00,399,399,399,399,13
2025-07-25T17:00:00+00:00,398.5,399.5,398.5,399.5,13
2025-07-25T18:00:00+00:00,399,399.5,399,399.5,9
2025-07-28T01:00:00+00:00,398.5,398.5,398.5,398.5,0
2025-07-28T05:00:00+00:00,417,417,417,417,27
2025-07-28T06:00:00+00:00,416.5,416.5,396.5,396.5,0
2025-07-28T07:00:00+00:00,415.5,416,396,396,9
2025-07-28T08:00:00+00:00,415.5,415.5,415,415,40
2025-07-28T09:00:00+00:00,396,396,396,396,0
2025-07-28T10:00:00+00:00,416,416.5,416,416.5,40
2025-07-28T11:00:00+00:00,398,418.5,398,417.5,27
2025-07-28T12:00:00+00:00,398,417,398,398.5,0
2025-07-28T13:00:00+00:00,398,419.5,394.5,414.5,254
2025-07-28T14:00:00+00:00,414.5,415,392,415,237
2025-07-28T15:00:00+00:00,415,415,413.5,414,86
2025-07-28T16:00:00+00:00,414,415,414,414.5,68
2025-07-28T17:00:00+00:00,414.5,415,413,413.5,67
2025-07-28T18:00:00+00:00,414,414,413.5,413.5,59
2025-07-29T00:00:00+00:00,413.5,413.5,413.5,413.5,0
2025-07-29T04:00:00+00:00,414.5,414.5,414.5,414.5,2
2025-07-29T05:00:00+00:00,414.5,414.5,414.5,414.5,4
2025-07-29T06:00:00+00:00,414.5,414.5,414.5,414.5,3
2025-07-29T08:00:00+00:00,414.5,415,414.5,414.5,11
2025-07-29T11:00:00+00:00,413.5,413.5,413.5,413.5,1
2025-07-29T12:00:00+00:00,413,413.5,413,413.5,2
2025-07-29T13:00:00+00:00,414,414,411,411.5,56
2025-07-29T14:00:00+00:00,410.5,410.5,409.5,410,57
2025-07-29T15:00:00+00:00,410.5,410.5,409.5,410,48
2025-07-29T16:00:00+00:00,410.5,411.5,410,410.5,43
2025-07-29T17:00:00+00:00,411,412,411,411.5,19
2025-07-29T18:00:00+00:00,411.5,411.5,410.5,410.5,11
2025-07-30T03:00:00+00:00,410.5,411,410.5,411,0
2025-07-30T04:00:00+00:00,410.5,410.5,388,388,0
2025-07-30T08:00:00+00:00,411,411,389,389,14
2025-07-30T09:00:00+00:00,412,412,390,390,1
2025-07-30T10:00:00+00:00,412,412,411,411,0
2025-07-30T11:00:00+00:00,411,411,411,411,3
2025-07-30T13:00:00+00:00,390.5,392,390.5,391.5,68
2025-07-30T14:00:00+00:00,392,393,392,392,91
2025-07-30T15:00:00+00:00,392,392,391,391,54
2025-07-30T16:00:00+00:00,391,392,391,392,47
2025-07-30T17:00:00+00:00,393,393,391.5,391.5,25
2025-07-30T18:00:00+00:00,391.5,391.5,391,391.5,0
2025-07-31T00:00:00+00:00,392,392,392,392,9
2025-07-31T01:00:00+00:00,392,393,392,393,12
2025-07-31T02:00:00+00:00,392,392,392,392,1
2025-07-31T06:00:00+00:00,391.5,391.5,391.5,391.5,1
2025-07-31T08:00:00+00:00,413,413.5,393,393,3
2025-07-31T11:00:00+00:00,391,391,391,391,1
2025-07-31T12:00:00+00:00,410.5,411,410.5,411,1
2025-07-31T13:00:00+00:00,391,391.5,388.5,388.5,149
2025-07-31T14:00:00+00:00,388.5,392,388.5,392,163
2025-07-31T15:00:00+00:00,392.5,394,392.5,393.5,209
2025-07-31T16:00:00+00:00,393.5,393.5,393.5,393.5,32
2025-07-31T17:00:00+00:00,393.5,393.5,393.5,393.5,43
2025-07-31T18:00:00+00:00,394,394,394,394,0
2025-08-01T00:00:00+00:00,393.5,394,393.5,393.5,12
2025-08-01T01:00:00+00:00,394,394,394,394,2
2025-08-01T02:00:00+00:00,394,394,394,394,1
2025-08-01T06:00:00+00:00,394.5,394.5,394.5,394.5,1
2025-08-01T08:00:00+00:00,416,416,395,395,24
2025-08-01T09:00:00+00:00,414.5,415,395,415,61
2025-08-01T10:00:00+00:00,415,415,395,395,0
2025-08-01T11:00:00+00:00,415,415,395,395,3
2025-08-01T12:00:00+00:00,414,414,393.5,413.5,64
2025-08-01T13:00:00+00:00,414.5,414.5,411.5,411.5,129
2025-08-01T14:00:00+00:00,411.5,414.5,411.5,413.5,120
2025-08-01T15:00:00+00:00,413,413,410.5,411,78
2025-08-01T16:00:00+00:00,411,411,410.5,410.5,27
2025-08-01T17:00:00+00:00,410.5,412.5,410.5,412,78
2025-08-01T18:00:00+00:00,411.5,411.5,410.5,411,28
2025-08-04T04:00:00+00:00,410.5,410.5,410.5,410.5,0
2025-08-04T05:00:00+00:00,410.5,411,410.5,411,8
2025-08-04T06:00:00+00:00,411.5,411.5,411.5,411.5,1
2025-08-04T08:00:00+00:00,410,410,409.5,409.5,25
2025-08-04T09:00:00+00:00,409.5,409.5,409.5,409.5,2
2025-08-04T10:00:00+00:00,409.5,409.5,409.5,409.5,0
2025-08-04T11:00:00+00:00,409,409,408.5,409,9
2025-08-04T12:00:00+00:00,409,409.5,409,409.5,0
2025-08-04T13:00:00+00:00,410.5,412,410.5,411,0
2025-08-04T14:00:00+00:00,410,411,409.5,411,76
2025-08-04T15:00:00+00:00,410,410,409.5,409.5,10
2025-08-04T16:00:00+00:00,409.5,409.5,408,408,0
2025-08-04T17:00:00+00:00,408.5,408.5,407.5,407.5,143
2025-08-04T18:00:00+00:00,407.5,407.5,406.5,407,0
2025-08-05T00:00:00+00:00,406,406,404,405,24
2025-08-05T01:00:00+00:00,404,404,404,404,2
2025-08-05T02:00:00+00:00,404,404,404,404,18
2025-08-05T03:00:00+00:00,404,404.5,404,404.5,4
2025-08-05T04:00:00+00:00,404,404,404,404,5
2025-08-05T05:00:00+00:00,404,404,403.5,403.5,3
2025-08-05T06:00:00+00:00,403,403.5,403,403,4
2025-08-05T07:00:00+00:00,404.5,404.5,403.5,403.5,4
2025-08-05T10:00:00+00:00,405.5,405.5,405.5,405.5,1
2025-08-05T11:00:00+00:00,406,406,406,406,2
2025-08-05T12:00:00+00:00,406,406,406,406,1
2025-08-05T13:00:00+00:00,406,406,405,406,16
2025-08-05T14:00:00+00:00,405.5,405.5,403,403,0
2025-08-05T15:00:00+00:00,403.5,403.5,402.5,403,0
2025-08-05T16:00:00+00:00,403,403,401.5,402,135
2025-08-05T17:00:00+00:00,402,402.5,402,402.5,0
2025-08-05T18:00:00+00:00,402,402,401.5,401.5,0
2025-08-06T00:00:00+00:00,401.5,408,400,401,29
2025-08-06T01:00:00+00:00,402,402,402,402,2
2025-08-06T03:00:00+00:00,402,402,401,401,2
2025-08-06T04:00:00+00:00,401,401,401,401,1
2025-08-06T05:00:00+00:00,401,402,401,401.5,19
2025-08-06T06:00:00+00:00,401,401.5,401,401.5,6
2025-08-06T08:00:00+00:00,401.5,401.5,401.5,401.5,1
2025-08-06T09:00:00+00:00,400,400,400,400,6
2025-08-06T11:00:00+00:00,401.5,401.5,401,401,6
2025-08-06T13:00:00+00:00,401,401,400,400,12
2025-08-06T14:00:00+00:00,399,399.5,399,399,16
2025-08-06T15:00:00+00:00,399,399,397,397,17
2025-08-06T16:00:00+00:00,397,398,397,398,0
2025-08-06T17:00:00+00:00,399,401,399,401,146
2025-08-06T18:00:00+00:00,401,401.5,401,401.5,0
2025-08-07T00:00:00+00:00,403,403,403,403,3
2025-08-07T01:00:00+00:00,404.5,404.5,403,403,7
2025-08-07T03:00:00+00:00,404,404,403.5,403.5,18
2025-08-07T04:00:00+00:00,403.5,403.5,403.5,403.5,3
2025-08-07T07:00:00+00:00,404,404.5,403.5,403.5,29
2025-08-07T08:00:00+00:00,404,404,381,381,36
2025-08-07T09:00:00+00:00,382,403,381,381,26
2025-08-07T10:00:00+00:00,382,382,382,382,4
2025-08-07T12:00:00+00:00,404.5,404.5,404.5,404.5,0
2025-08-07T13:00:00+00:00,385,385,383.5,383.5,52
2025-08-07T14:00:00+00:00,383.5,383.5,383.5,383.5,0
2025-08-07T15:00:00+00:00,383.5,384,383.5,384,0
2025-08-07T16:00:00+00:00,385,385,385,385,0
2025-08-07T17:00:00+00:00,384,384,384,384,181
2025-08-07T18:00:00+00:00,384.5,384.5,384.5,384.5,0
2025-08-08T00:00:00+00:00,385,385,385,385,4
2025-08-08T03:00:00+00:00,385,385,385,385,1
2025-08-08T07:00:00+00:00,408,408,408,408,0
2025-08-08T08:00:00+00:00,408,408,407.5,407.5,29
2025-08-08T09:00:00+00:00,407,407,406,406,19
2025-08-08T11:00:00+00:00,406.5,407,383.5,383.5,0
2025-08-08T12:00:00+00:00,406.5,406.5,383.5,383.5,15
2025-08-08T13:00:00+00:00,407,408,404.5,408,49
2025-08-08T14:00:00+00:00,410.5,410.5,409,409.5,59
2025-08-08T15:00:00+00:00,407.5,408,407.5,408,0
2025-08-08T16:00:00+00:00,408,408,407,407,161
2025-08-08T17:00:00+00:00,407,407,405.5,406,90
2025-08-08T18:00:00+00:00,405.5,405.5,405.5,405.5,6
2025-08-11T04:00:00+00:00,407,407.5,406.5,406.5,0
2025-08-11T05:00:00+00:00,407.5,408.5,407.5,408.5,53
2025-08-11T06:00:00+00:00,407.5,408,407.5,408,2
2025-08-11T07:00:00+00:00,408,408,408,408,5
2025-08-11T08:00:00+00:00,408,408,407.5,407.5,2
2025-08-11T09:00:00+00:00,407,407,407,407,14
2025-08-11T10:00:00+00:00,407.5,407.5,407.5,407.5,2
2025-08-11T11:00:00+00:00,407.5,408,407.5,407.5,4
2025-08-11T12:00:00+00:00,407.5,408,407.5,408,13
2025-08-11T13:00:00+00:00,409,409,409,409,1
2025-08-11T14:00:00+00:00,409,409,408,408.5,29
2025-08-11T15:00:00+00:00,408.5,408.5,408,408,7
2025-08-11T16:00:00+00:00,408,408,408,408,0
2025-08-11T17:00:00+00:00,408,408,407.5,407.5,281
2025-08-11T18:00:00+00:00,407.5,408,407.5,408,0
2025-08-12T00:00:00+00:00,407.5,407.5,407.5,407.5,2
2025-08-12T01:00:00+00:00,405.5,405.5,405.5,405.5,14
2025-08-12T02:00:00+00:00,405,405,404.5,405,22
2025-08-12T03:00:00+00:00,405,405,405,405,1
2025-08-12T08:00:00+00:00,404.5,404.5,381.5,381.5,265
2025-08-12T09:00:00+00:00,403.5,403.5,403.5,403.5,0
2025-08-12T10:00:00+00:00,381,404,381,403.5,8
2025-08-12T11:00:00+00:00,382.5,405,382.5,405,1
2025-08-12T12:00:00+00:00,405,405,405,405,5
2025-08-12T13:00:00+00:00,381.5,381.5,381,381,267
2025-08-12T14:00:00+00:00,381,381,380.5,381,46
2025-08-12T15:00:00+00:00,381,381,379.5,379.5,58
2025-08-12T16:00:00+00:00,379,379,370,370,190
2025-08-12T17:00:00+00:00,370,371,369.5,371,22
2025-08-12T18:00:00+00:00,371,371,371,371,0
2025-08-13T00:00:00+00:00,369,372.5,369,372.5,3
2025-08-13T01:00:00+00:00,372.5,372.5,372.5,372.5,3
2025-08-13T03:00:00+00:00,372,372,372,372,4
2025-08-13T05:00:00+00:00,372.5,372.5,372.5,372.5,36
2025-08-13T06:00:00+00:00,372.5,372.5,372.5,372.5,23
2025-08-13T07:00:00+00:00,372.5,372.5,372.5,372.5,7
2025-08-13T08:00:00+00:00,372.5,372.5,372.5,372.5,13
2025-08-13T10:00:00+00:00,371.5,372.5,371.5,372.5,76
2025-08-13T11:00:00+00:00,372.5,372.5,372.5,372.5,1
2025-08-13T12:00:00+00:00,373.5,373.5,373.5,373.5,2
2025-08-13T13:00:00+00:00,373.5,373.5,373.5,373.5,0
2025-08-13T14:00:00+00:00,375,376,375,375.5,220
2025-08-13T15:00:00+00:00,373.5,373.5,371.5,371.5,29
2025-08-13T16:00:00+00:00,372,372,372,372,1
2025-08-14T01:00:00+00:00,374,375,374,375,0
2025-08-14T02:00:00+00:00,374.5,374.5,374.5,374.5,12
2025-08-14T03:00:00+00:00,374.5,374.5,374.5,374.5,6
2025-08-14T04:00:00+00:00,374.5,375,374.5,374.5,80
2025-08-14T05:00:00+00:00,374.5,374.5,374.5,374.5,64
2025-08-14T06:00:00+00:00,374.5,374.5,374.5,374.5,9
2025-08-14T10:00:00+00:00,371.5,371.5,371.5,371.5,4
2025-08-14T12:00:00+00:00,370.5,370.5,370.5,370.5,0
2025-08-14T13:00:00+00:00,372,372,371.5,371.5,0
2025-08-14T14:00:00+00:00,372,372,372,372,199
2025-08-14T15:00:00+00:00,371.5,371.5,371.5,371.5,0
2025-08-14T16:00:00+00:00,373.5,375.5,373.5,374.5,241
2025-08-14T17:00:00+00:00,374.5,374.5,374.5,374.5,19
2025-08-14T18:00:00+00:00,375.5,376,375.5,376,0
2025-08-15T00:00:00+00:00,367,376,367,375.5,11
2025-08-15T01:00:00+00:00,375.5,375.5,375.5,375.5,2
2025-08-15T02:00:00+00:00,375.5,376,375.5,376,15
2025-08-15T03:00:00+00:00,375.5,375.5,375.5,375.5,13
2025-08-15T06:00:00+00:00,375.5,375.5,375.5,375.5,15
2025-08-15T08:00:00+00:00,375.5,377,375.5,377,50
2025-08-15T12:00:00+00:00,379,379.5,379,379,0
2025-08-15T13:00:00+00:00,379.5,379.5,376.5,376.5,130
2025-08-15T14:00:00+00:00,378,380,377,379.5,49
2025-08-15T15:00:00+00:00,379,381,379,381,76
2025-08-15T16:00:00+00:00,381,381,380,380.5,21
2025-08-15T17:00:00+00:00,380,382.5,380,382.5,28
2025-08-15T18:00:00+00:00,383.5,405.5,383,405.5,5
2025-08-18T03:00:00+00:00,405.5,405.5,405.5,405.5,0
2025-08-18T04:00:00+00:00,380.5,380.5,380.5,380.5,28
2025-08-18T05:00:00+00:00,403,403,380.5,380.5,2
2025-08-18T06:00:00+00:00,380,380,380,380,1
2025-08-18T07:00:00+00:00,379.5,379.5,379.5,379.5,1
2025-08-18T08:00:00+00:00,380.5,402,380.5,402,0
2025-08-18T09:00:00+00:00,402.5,403,381,402.5,3
2025-08-18T10:00:00+00:00,381.5,403.5,380.5,381,0
2025-08-18T11:00:00+00:00,403,403,403,403,31
2025-08-18T13:00:00+00:00,382,383,382,383,47
2025-08-18T14:00:00+00:00,383.5,383.5,383,383.5,45
2025-08-18T15:00:00+00:00,383,383,383,383,0
2025-08-18T16:00:00+00:00,382,383.5,382,383.5,141
2025-08-18T17:00:00+00:00,384,384,383,383,12
2025-08-18T18:00:00+00:00,383.5,383.5,383.5,383.5,0
2025-08-19T00:00:00+00:00,379,381.5,379,381.5,7
2025-08-19T01:00:00+00:00,381.5,381.5,381.5,381.5,5
2025-08-19T06:00:00+00:00,404.5,404.5,404.5,404.5,0
2025-08-19T09:00:00+00:00,404.5,404.5,380.5,380.5,18
2025-08-19T10:00:00+00:00,380,403,380,403,61
2025-08-19T11:00:00+00:00,380,403.5,380,403.5,2
2025-08-19T12:00:00+00:00,403,403,379,402,3
2025-08-19T13:00:00+00:00,402,404,402,404,0
2025-08-19T14:00:00+00:00,405,405.5,403,403.5,0
2025-08-19T15:00:00+00:00,402.5,402.5,402.5,402.5,108
2025-08-19T16:00:00+00:00,403,403,403,403,2
2025-08-19T17:00:00+00:00,404,404,404,404,11
2025-08-19T18:00:00+00:00,403,403,403,403,0
2025-08-20T00:00:00+00:00,401,404,401,403.5,18
2025-08-20T01:00:00+00:00,404,404,404,404,2
2025-08-20T02:00:00+00:00,404.5,405,404.5,404.5,26
2025-08-20T03:00:00+00:00,404.5,404.5,404.5,404.5,1
2025-08-20T05:00:00+00:00,403,403,402.5,403,23
2025-08-20T06:00:00+00:00,403,403,403,403,13
2025-08-20T08:00:00+00:00,381,381,381,381,0
2025-08-20T09:00:00+00:00,404,404,380,402.5,94
2025-08-20T10:00:00+00:00,402,402,378.5,401.5,16
2025-08-20T11:00:00+00:00,402,402,378.5,401.5,5
2025-08-20T12:00:00+00:00,379.5,379.5,379.5,379.5,0
2025-08-20T13:00:00+00:00,381,381,381,381,0
2025-08-20T14:00:00+00:00,381.5,382,381,381.5,144
2025-08-20T15:00:00+00:00,381.5,381.5,380,380,140
2025-08-20T16:00:00+00:00,380,380,380,380,0
2025-08-20T18:00:00+00:00,380,380,380,380,0
2025-08-21T02:00:00+00:00,380.5,380.5,380.5,380.5,2
2025-08-21T06:00:00+00:00,382,382,382,382,3
2025-08-21T09:00:00+00:00,381,381,381,381,5
2025-08-21T11:00:00+00:00,423.5,423.5,382.5,383,2
2025-08-21T12:00:00+00:00,382.5,382.5,382.5,382.5,3
2025-08-21T13:00:00+00:00,383,425,382,385,48
2025-08-21T14:00:00+00:00,426.5,426.5,385,426.5,0
2025-08-21T17:00:00+00:00,429,429,429,429,9
2025-08-22T00:00:00+00:00,430.5,430.5,430.5,430.5,0
2025-08-22T01:00:00+00:00,430,430,430,430,14
2025-08-22T06:00:00+00:00,430,430,430,430,8
2025-08-22T08:00:00+00:00,429.5,430,429.5,430,12
2025-08-22T09:00:00+00:00,429.5,429.5,412,412,58
2025-08-22T10:00:00+00:00,411.5,411.5,411.5,411.5,1
2025-08-22T11:00:00+00:00,412,412,412,412,1
2025-08-22T12:00:00+00:00,429,429,411,412,7
2025-08-22T13:00:00+00:00,411,429,410.5,429,0
2025-08-22T14:00:00+00:00,412.5,429,411.5,411.5,75
2025-08-22T15:00:00+00:00,410,429.5,410,429.5,0
2025-08-22T16:00:00+00:00,411,411,411,411,80
2025-08-22T18:00:00+00:00,411,411.5,411,411.5,2
2025-08-25T02:00:00+00:00,429,432,429,432,0
2025-08-25T03:00:00+00:00,415,415,415,415,0
2025-08-25T05:00:00+00:00,415.5,415.5,415,415,58
2025-08-25T07:00:00+00:00,416,432.5,415,415,8
2025-08-25T08:00:00+00:00,414.5,432,414.5,415,5
2025-08-25T09:00:00+00:00,414.5,432.5,414.5,432.5,0
2025-08-25T10:00:00+00:00,415.5,416,414.5,414.5,59
2025-08-25T11:00:00+00:00,415,431,414,414.5,31
2025-08-25T12:00:00+00:00,415,415.5,414.5,414.5,6
2025-08-25T13:00:00+00:00,415.5,416.5,414.5,415.5,0
2025-08-25T14:00:00+00:00,415.5,416,414.5,414.5,159
2025-08-25T15:00:00+00:00,414,414,412.5,413,20
2025-08-25T16:00:00+00:00,413.5,413.5,413,413,2
2025-08-25T17:00:00+00:00,412,412.5,411.5,411.5,27
2025-08-25T18:00:00+00:00,412.5,412.5,412.5,412.5,2
2025-08-26T00:00:00+00:00,413.5,414,408,411,0
2025-08-26T01:00:00+00:00,411.5,412,411.5,412,4
2025-08-26T02:00:00+00:00,411.5,411.5,411.5,411.5,1
2025-08-26T03:00:00+00:00,412,412,412,412,1
2025-08-26T05:00:00+00:00,412,412.5,411,412.5,27
2025-08-26T06:00:00+00:00,414,414,413.5,413.5,14
2025-08-26T07:00:00+00:00,413,413,413,413,1
2025-08-26T08:00:00+00:00,412.5,413.5,412.5,413.5,4
2025-08-26T09:00:00+00:00,413.5,414,413.5,413.5,4
2025-08-26T10:00:00+00:00,412.5,412.5,412,412,13
2025-08-26T11:00:00+00:00,412,412,412,412,25
2025-08-26T12:00:00+00:00,412,412,412,412,47
2025-08-26T13:00:00+00:00,411,411,410,411,13
2025-08-26T14:00:00+00:00,411,411,409,410,8
2025-08-26T15:00:00+00:00,409.5,410,409,409,14
2025-08-26T16:00:00+00:00,409,409,409,409,2
2025-08-26T17:00:00+00:00,409,409.5,409,409,3
2025-08-26T18:00:00+00:00,409,409.5,409,409.5,3
2025-08-27T00:00:00+00:00,409.5,410,409.5,410,0
2025-08-27T01:00:00+00:00,410,410,409,409.5,5
2025-08-27T02:00:00+00:00,409,409,409,409,2
2025-08-27T05:00:00+00:00,408.5,408.5,408,408,3
2025-08-27T07:00:00+00:00,407.5,407.5,407.5,407.5,4
2025-08-27T08:00:00+00:00,408,408,407,407,6
2025-08-27T09:00:00+00:00,408,409,408,408.5,13
2025-08-27T11:00:00+00:00,408.5,408.5,408,408,3
2025-08-27T12:00:00+00:00,408,408,408,408,2
2025-08-27T13:00:00+00:00,425,425,425,425,0
2025-08-27T14:00:00+00:00,423.5,423.5,423.5,423.5,0
2025-08-27T16:00:00+00:00,423,423,423,423,0
2025-08-28T05:00:00+00:00,406,406,406,406,0
2025-08-28T08:00:00+00:00,406,406,405,405,27
2025-08-28T09:00:00+00:00,406,406,406,406,1
2025-08-28T10:00:00+00:00,406,406,406,406,1
2025-08-28T11:00:00+00:00,406.5,406.5,406.5,406.5,1
2025-08-28T12:00:00+00:00,406.5,423,406,423,0
2025-08-28T13:00:00+00:00,406,423,404,404,156
2025-08-28T14:00:00+00:00,404.5,406,404,404.5,6
2025-08-28T15:00:00+00:00,405.5,406.5,405.5,406.5,8
2025-08-28T16:00:00+00:00,407,409,407,409,19
2025-08-28T17:00:00+00:00,409.5,409.5,409,409.5,69
2025-08-28T18:00:00+00:00,409,411.5,409,411.5,9
2025-08-29T00:00:00+00:00,411.5,411.5,410.5,410.5,0
2025-08-29T01:00:00+00:00,410.5,411,410.5,410.5,5
2025-08-29T02:00:00+00:00,411.5,411.5,411.5,411.5,2
2025-08-29T04:00:00+00:00,411,411,411,411,1
2025-08-29T06:00:00+00:00,411.5,411.5,411,411.5,10
2025-08-29T07:00:00+00:00,411,411,411,411,1
2025-08-29T09:00:00+00:00,412,412.5,412,412,5
2025-08-29T10:00:00+00:00,411,411,410.5,410.5,2
2025-08-29T11:00:00+00:00,411.5,412.5,411.5,412.5,3
2025-08-29T12:00:00+00:00,412,412,412,412,5
2025-08-29T13:00:00+00:00,413,413,412,412,9
2025-08-29T14:00:00+00:00,412.5,414.5,412.5,414.5,19
2025-08-29T15:00:00+00:00,413.5,418,413.5,418,32
2025-08-29T16:00:00+00:00,418.5,419.5,418,418,50
2025-08-29T17:00:00+00:00,418,419,417.5,418.5,93
2025-08-29T18:00:00+00:00,419,420.5,419,420.5,36
2025-09-02T04:00:00+00:00,418,418,418,418,0
2025-09-02T05:00:00+00:00,418,418,417.5,417.5,150
2025-09-02T06:00:00+00:00,418.5,418.5,418,418,2
2025-09-02T07:00:00+00:00,418,418,418,418,1
2025-09-02T08:00:00+00:00,418,418.5,418,418.5,113
2025-09-02T09:00:00+00:00,419,419,419,419,1
2025-09-02T10:00:00+00:00,419.5,419.5,418,418,20
2025-09-02T11:00:00+00:00,418.5,419,418.5,419,2
2025-09-02T12:00:00+00:00,417.5,417.5,417,417.5,26
2025-09-02T13:00:00+00:00,417,417,414.5,415,23
2025-09-02T14:00:00+00:00,416.5,419,416.5,419,24
2025-09-02T15:00:00+00:00,419,419.5,418,418,126
2025-09-02T16:00:00+00:00,418,419.5,417.5,419.5,72
2025-09-02T17:00:00+00:00,419.5,422,419,421.5,143
2025-09-02T18:00:00+00:00,421.5,423.5,421.5,422.5,0
2025-09-03T00:00:00+00:00,423,424.5,422.5,422.5,34
2025-09-03T01:00:00+00:00,422.5,422.5,422.5,422.5,1
2025-09-03T02:00:00+00:00,422.5,422.5,422.5,422.5,2
2025-09-03T04:00:00+00:00,422,422,422,422,3
2025-09-03T05:00:00+00:00,422,422,422,422,2
2025-09-03T06:00:00+00:00,422.5,423.5,422.5,423.5,3
2025-09-03T07:00:00+00:00,423.5,423.5,423,423.5,34
2025-09-03T08:00:00+00:00,423.5,423.5,423.5,423.5,5
2025-09-03T09:00:00+00:00,423.5,424,422,422,24
2025-09-03T10:00:00+00:00,422,422,421.5,422,5
2025-09-03T11:00:00+00:00,421.5,421.5,421.5,421.5,22
2025-09-03T12:00:00+00:00,420.5,420.5,419.5,420,15
2025-09-03T13:00:00+00:00,420,423,418.5,418.5,201
2025-09-03T14:00:00+00:00,418.5,418.5,418,418.5,86
2025-09-03T15:00:00+00:00,418,418.5,416,417,0
2025-09-03T16:00:00+00:00,417,418,416.5,418,620
2025-09-03T17:00:00+00:00,418,418,417.5,418,60
2025-09-03T18:00:00+00:00,418,418.5,418,418.5,0
2025-09-04T00:00:00+00:00,419,419,415.5,417,8
2025-09-04T01:00:00+00:00,418,418,418,418,4
2025-09-04T02:00:00+00:00,417.5,418,417.5,418,24
2025-09-04T03:00:00+00:00,418,418,417.5,417.5,11
2025-09-04T04:00:00+00:00,418,418,417.5,417.5,18
2025-09-04T05:00:00+00:00,418,418,418,418,3
2025-09-04T06:00:00+00:00,418,418,418,418,6
2025-09-04T07:00:00+00:00,417.5,418,417.5,418,16
2025-09-04T08:00:00+00:00,417.5,417.5,417,417,3
2025-09-04T09:00:00+00:00,417,417,416.5,417,13
2025-09-04T10:00:00+00:00,417.5,417.5,416.5,416.5,6
2025-09-04T11:00:00+00:00,417,417.5,417,417,4
2025-09-04T12:00:00+00:00,417,419,417,418.5,0
2025-09-04T13:00:00+00:00,418.5,418.5,415,415,207
2025-09-04T14:00:00+00:00,415,416,414.5,414.5,63
2025-09-04T15:00:00+00:00,414.5,419,414.5,418.5,107
2025-09-04T16:00:00+00:00,418.5,419.5,417.5,419,75
2025-09-04T17:00:00+00:00,419,419.5,418.5,419,44
2025-09-04T18:00:00+00:00,419.5,420.5,419.5,420,34
2025-09-05T00:00:00+00:00,420,421,417,420,0
2025-09-05T01:00:00+00:00,419.5,419.5,419,419,9
2025-09-05T02:00:00+00:00,419.5,419.5,419.5,419.5,1
2025-09-05T03:00:00+00:00,420,420,420,420,3
2025-09-05T04:00:00+00:00,419.5,419.5,419,419,13
2025-09-05T05:00:00+00:00,419,419,418.5,418.5,6
2025-09-05T06:00:00+00:00,418.5,418.5,418.5,418.5,3
2025-09-05T07:00:00+00:00,419,419,419,419,2
2025-09-05T08:00:00+00:00,419.5,421.5,419.5,421.5,80
2025-09-05T09:00:00+00:00,421.5,422.5,421.5,422,14
2025-09-05T10:00:00+00:00,421.5,422.5,421.5,422.5,10
2025-09-05T11:00:00+00:00,422.5,422.5,422.5,422.5,2
2025-09-05T12:00:00+00:00,422,422,421.5,421.5,0
2025-09-05T13:00:00+00:00,421,422.5,420.5,422.5,225
2025-09-05T14:00:00+00:00,422,423.5,422,423.5,22
2025-09-05T15:00:00+00:00,423.5,424.5,422.5,422.5,24
2025-09-05T16:00:00+00:00,422,422,421.5,421.5,0
2025-09-05T17:00:00+00:00,421,421,419.5,419.5,325
2025-09-05T18:00:00+00:00,419.5,420,417,418,54
2025-09-08T03:00:00+00:00,417.5,417.5,417.5,417.5,0
2025-09-08T04:00:00+00:00,418,418,417.5,417.5,80
2025-09-08T06:00:00+00:00,417,417,417,417,11
2025-09-08T07:00:00+00:00,417,417,415.5,415.5,39
2025-09-08T08:00:00+00:00,416,416.5,416,416.5,7
2025-09-08T09:00:00+00:00,417.5,417.5,417,417,14
2025-09-08T10:00:00+00:00,417,417.5,417,417,7
2025-09-08T11:00:00+00:00,417,417,416,416.5,0
2025-09-08T12:00:00+00:00,416,416.5,416,416,173
2025-09-08T13:00:00+00:00,415.5,416,415.5,416,16
2025-09-08T14:00:00+00:00,416,416.5,416,416.5,4
2025-09-08T15:00:00+00:00,417,419,417,419,22
2025-09-08T16:00:00+00:00,419,420.5,419,419.5,25
2025-09-08T17:00:00+00:00,419.5,422.5,419,422,68
2025-09-08T18:00:00+00:00,421.5,422,421.5,422,0
2025-09-09T00:00:00+00:00,421,421,420.5,421,7
2025-09-09T01:00:00+00:00,421,421,420.5,420.5,4
2025-09-09T03:00:00+00:00,421.5,421.5,421,421,13
2025-09-09T06:00:00+00:00,421,421,421,421,4
2025-09-09T07:00:00+00:00,421.5,421.5,420,420.5,23
2025-09-09T10:00:00+00:00,421.5,421.5,421.5,421.5,3
2025-09-09T11:00:00+00:00,422,422,422,422,3
2025-09-09T12:00:00+00:00,420.5,420.5,419.5,419.5,0
2025-09-09T13:00:00+00:00,419.5,420.5,419.5,420,95
2025-09-09T14:00:00+00:00,420,422,420,421,22
2025-09-09T15:00:00+00:00,421,421.5,420.5,421,12
2025-09-09T16:00:00+00:00,421,421,419.5,419.5,55
2025-09-09T17:00:00+00:00,420,420.5,419.5,420.5,20
2025-09-09T18:00:00+00:00,419.5,420,419.5,420,8
2025-09-10T00:00:00+00:00,419,419.5,419,419.5,0
2025-09-10T01:00:00+00:00,419.5,419.5,419.5,419.5,4
2025-09-10T02:00:00+00:00,419.5,419.5,419.5,419.5,1
2025-09-10T05:00:00+00:00,419,419,419,419,2
2025-09-10T06:00:00+00:00,419,419,419,419,1
2025-09-10T07:00:00+00:00,418.5,419,418.5,418.5,6
2025-09-10T09:00:00+00:00,418,418,417.5,417.5,3
2025-09-10T10:00:00+00:00,417.5,417.5,417.5,417.5,2
2025-09-10T11:00:00+00:00,417.5,419,417.5,419,4
2025-09-10T12:00:00+00:00,419.5,419.5,419.5,419.5,0
2025-09-10T13:00:00+00:00,419,419,419,419,62
2025-09-10T14:00:00+00:00,418.5,418.5,417.5,417.5,50
2025-09-10T15:00:00+00:00,417.5,417.5,417.5,417.5,13
2025-09-10T16:00:00+00:00,417.5,418,417,417,26
2025-09-10T17:00:00+00:00,417.5,417.5,417,417.5,40
2025-09-10T18:00:00+00:00,417,417.5,416.5,416.5,0
2025-09-11T00:00:00+00:00,417.5,417.5,417.5,417.5,2
2025-09-11T01:00:00+00:00,417.5,418.5,417.5,418.5,6
2025-09-11T03:00:00+00:00,418.5,418.5,418.5,418.5,1
2025-09-11T04:00:00+00:00,418,418,418,418,2
2025-09-11T05:00:00+00:00,418.5,418.5,418,418,5
2025-09-11T06:00:00+00:00,419,419,418.5,419,7
2025-09-11T07:00:00+00:00,418,419,418,418,5
2025-09-11T08:00:00+00:00,418,418,418,418,2
2025-09-11T09:00:00+00:00,418.5,419,418.5,418.5,4
2025-09-11T11:00:00+00:00,418.5,418.5,418.5,418.5,2
2025-09-11T12:00:00+00:00,417.5,417.5,417.5,417.5,1
2025-09-11T13:00:00+00:00,416.5,419,416.5,419,0
2025-09-11T14:00:00+00:00,418,419,417.5,417.5,66
2025-09-11T15:00:00+00:00,417,417,417,417,8
2025-09-11T16:00:00+00:00,418,419.5,417.5,419.5,15
2025-09-11T17:00:00+00:00,420.5,421,420,420.5,0
2025-09-12T00:00:00+00:00,420,420,420,420,1
2025-09-12T01:00:00+00:00,419.5,419.5,419.5,419.5,1
2025-09-12T02:00:00+00:00,419.5,419.5,419.5,419.5,3
2025-09-12T03:00:00+00:00,419.5,420,419.5,420,7
2025-09-12T04:00:00+00:00,420,420,420,420,14
2025-09-12T06:00:00+00:00,419.5,419.5,419.5,419.5,1
2025-09-12T07:00:00+00:00,419,419,419,419,1
2025-09-12T08:00:00+00:00,419.5,420,419,420,5
2025-09-12T09:00:00+00:00,420,420,420,420,6
2025-09-12T10:00:00+00:00,420.5,421,420.5,421,3
2025-09-12T11:00:00+00:00,421,422,421,421.5,61
2025-09-12T12:00:00+00:00,421,421.5,420.5,421.5,43
2025-09-12T13:00:00+00:00,421,423.5,421,423.5,81
2025-09-12T14:00:00+00:00,423,425,423,424.5,94
2025-09-12T15:00:00+00:00,424,426,423.5,424.5,68
2025-09-12T16:00:00+00:00,423.5,423.5,417.5,420,156
2025-09-12T17:00:00+00:00,421.5,429.5,421.5,428.5,174
2025-09-12T18:00:00+00:00,429,430,429,429.5,58
2025-09-15T04:00:00+00:00,426.5,426.5,426.5,426.5,0
2025-09-15T05:00:00+00:00,426.5,427.5,426.5,427.5,19
2025-09-15T06:00:00+00:00,426.5,426.5,426.5,426.5,10
2025-09-15T07:00:00+00:00,426.5,426.5,426,426,22
2025-09-15T08:00:00+00:00,427,427,425.5,425.5,36
2025-09-15T09:00:00+00:00,425.5,426,425.5,426,9
2025-09-15T11:00:00+00:00,426,426,426,426,12
2025-09-15T12:00:00+00:00,425.5,426.5,425.5,426.5,0
2025-09-15T13:00:00+00:00,426,427.5,424.5,427.5,278
2025-09-15T14:00:00+00:00,427.5,428,427,427,39
2025-09-15T15:00:00+00:00,425,425.5,422.5,423,132
2025-09-15T16:00:00+00:00,422.5,424,422,424,35
2025-09-15T17:00:00+00:00,424.5,441,423.5,423.5,3
2025-09-15T18:00:00+00:00,423.5,423.5,423,423.5,20
2025-09-16T01:00:00+00:00,425,425,425,425,0
2025-09-16T02:00:00+00:00,424,424,424,424,3
2025-09-16T03:00:00+00:00,424,424,424,424,4
2025-09-16T05:00:00+00:00,424,424,424,424,0
2025-09-16T07:00:00+00:00,425,425,425,425,0
2025-09-16T11:00:00+00:00,444,444,444,444,8
2025-09-16T13:00:00+00:00,445,445,444.5,444.5,11
2025-09-16T14:00:00+00:00,445.5,446.5,445.5,446,28
2025-09-16T15:00:00+00:00,448.5,448.5,447,447,15
2025-09-16T17:00:00+00:00,447,447,447,447,18
2025-09-16T18:00:00+00:00,447,447,429,429,0
2025-09-17T00:00:00+00:00,446.5,446.5,428,428,1
2025-09-17T01:00:00+00:00,429,429,428.5,428.5,16
2025-09-17T02:00:00+00:00,429,429,428,428,3
2025-09-17T03:00:00+00:00,428.5,429,428.5,429,2
2025-09-17T07:00:00+00:00,429.5,446.5,429,429,37
2025-09-17T08:00:00+00:00,446.5,446.5,429,429,1
2025-09-17T09:00:00+00:00,429.5,447.5,429.5,446.5,0
2025-09-17T10:00:00+00:00,428.5,428.5,428,428,60
2025-09-17T11:00:00+00:00,429,429,429,429,2
2025-09-17T12:00:00+00:00,429.5,447.5,429.5,430,33
2025-09-17T13:00:00+00:00,430,447,429.5,431,34
2025-09-17T14:00:00+00:00,431,447.5,429,447.5,0
2025-09-17T15:00:00+00:00,429,446,427.5,428,160
2025-09-17T16:00:00+00:00,427,445,426,426.5,31
2025-09-17T17:00:00+00:00,426.5,444.5,426,443.5,0
2025-09-17T18:00:00+00:00,426.5,426.5,426.5,426.5,191
2025-09-18T00:00:00+00:00,427,427,426,426,0
2025-09-18T01:00:00+00:00,426.5,426.5,426.5,426.5,1
2025-09-18T02:00:00+00:00,426.5,426.5,426.5,426.5,1
2025-09-18T07:00:00+00:00,426,426,426,426,2
2025-09-18T08:00:00+00:00,426.5,445,426.5,445,0
2025-09-18T10:00:00+00:00,427,445,426.5,426.5,9
2025-09-18T11:00:00+00:00,427,427,427,427,4
2025-09-18T12:00:00+00:00,425.5,444.5,425.5,444.5,0
2025-09-18T13:00:00+00:00,444,444,424,424,18
2025-09-18T14:00:00+00:00,426,443,424.5,425.5,24
2025-09-18T15:00:00+00:00,426.5,443.5,424.5,425,13
2025-09-18T16:00:00+00:00,442,442,424,424.5,6
2025-09-18T17:00:00+00:00,424,442,424,441.5,0
2025-09-18T18:00:00+00:00,424,442,424,424,26
2025-09-19T00:00:00+00:00,425,443.5,425,426,0
2025-09-19T01:00:00+00:00,426,426,426,426,1
2025-09-19T02:00:00+00:00,425.5,425.5,425.5,425.5,2
2025-09-19T03:00:00+00:00,426,426,425.5,425.5,4
2025-09-19T07:00:00+00:00,426.5,426.5,426.5,426.5,1
2025-09-19T08:00:00+00:00,426.5,444,426,426,5
2025-09-19T09:00:00+00:00,425,443.5,425,443.5,0
2025-09-19T10:00:00+00:00,425,443,425,443,12
2025-09-19T11:00:00+00:00,425.5,442.5,425,442.5,3
2025-09-19T12:00:00+00:00,426,443.5,425,425,75
2025-09-19T13:00:00+00:00,425.5,443.5,425.5,443.5,0
2025-09-19T14:00:00+00:00,426,445.5,423.5,423.5,160
2025-09-19T15:00:00+00:00,442.5,442.5,424,441,0
2025-09-19T16:00:00+00:00,423,440.5,422.5,423,175
2025-09-19T17:00:00+00:00,423,424.5,422.5,424.5,33
2025-09-19T18:00:00+00:00,424,424.5,424,424.5,7
2025-09-22T00:00:00+00:00,426,441,423.5,423.5,6
2025-09-22T01:00:00+00:00,424.5,424.5,424.5,424.5,2
2025-09-22T02:00:00+00:00,424,424,424,424,1
2025-09-22T03:00:00+00:00,424,424,424,424,1
2025-09-22T05:00:00+00:00,424,441,423.5,441,1
2025-09-22T06:00:00+00:00,423.5,441,423,423,38
2025-09-22T10:00:00+00:00,424.5,424.5,424,424,21
2025-09-22T11:00:00+00:00,424,439.5,420.5,421,77
2025-09-22T12:00:00+00:00,421,421,420.5,421,11
2025-09-22T13:00:00+00:00,420.5,437,419,420,55
2025-09-22T14:00:00+00:00,437.5,437.5,418.5,419.5,29
2025-09-22T15:00:00+00:00,437,437,418.5,419.5,11
2025-09-22T16:00:00+00:00,419.5,419.5,419.5,419.5,1
2025-09-22T17:00:00+00:00,419.5,436,419,419,34
2025-09-22T18:00:00+00:00,420,439.5,420,422.5,48
2025-09-23T00:00:00+00:00,421.5,421.5,420.5,421.5,0
2025-09-23T03:00:00+00:00,420.5,420.5,420.5,420.5,1
2025-09-23T04:00:00+00:00,420,420,419.5,419.5,10
2025-09-23T06:00:00+00:00,419.5,419.5,419.5,419.5,6
2025-09-23T07:00:00+00:00,421,421,421,421,1
2025-09-23T08:00:00+00:00,421,421,420,420,6
2025-09-23T09:00:00+00:00,437.5,437.5,419.5,420,22
2025-09-23T10:00:00+00:00,420.5,421,420.5,421,5
2025-09-23T11:00:00+00:00,421.5,422,421.5,422,6
2025-09-23T12:00:00+00:00,438.5,438.5,421.5,422.5,5
2025-09-23T13:00:00+00:00,422.5,423,422.5,423,7
2025-09-23T14:00:00+00:00,422.5,424.5,422.5,424,13
2025-09-23T15:00:00+00:00,423.5,425,423.5,425,14
2025-09-23T16:00:00+00:00,441.5,441.5,423.5,424.5,18
2025-09-23T17:00:00+00:00,425,425.5,424.5,425.5,83
2025-09-23T18:00:00+00:00,426,442.5,426,426.5,13
2025-09-24T00:00:00+00:00,425.5,426,425.5,426,0
2025-09-24T01:00:00+00:00,443,443,426,426.5,7
2025-09-24T03:00:00+00:00,426,443,426,426.5,4
2025-09-24T04:00:00+00:00,426,426,426,426,1
2025-09-24T05:00:00+00:00,426.5,426.5,426.5,426.5,2
2025-09-24T06:00:00+00:00,427,427,427,427,4
2025-09-24T07:00:00+00:00,426.5,426.5,426.5,426.5,1
2025-09-24T08:00:00+00:00,426,426,425.5,425.5,8
2025-09-24T11:00:00+00:00,425.5,425.5,425,425,3
2025-09-24T12:00:00+00:00,426,427,425.5,427,45
2025-09-24T13:00:00+00:00,427,442,424.5,425.5,60
2025-09-24T14:00:00+00:00,425,443,425,425,27
2025-09-24T15:00:00+00:00,426,442,423.5,425,25
2025-09-24T16:00:00+00:00,425,441.5,424,441,20
2025-09-24T17:00:00+00:00,424.5,441.5,424.5,441.5,0
2025-09-24T18:00:00+00:00,424.5,424.5,424,424.5,194
2025-09-25T01:00:00+00:00,424.5,425,424.5,425,0
2025-09-25T02:00:00+00:00,424.5,424.5,424.5,424.5,1
2025-09-25T05:00:00+00:00,425.5,426,425.5,426,2
2025-09-25T06:00:00+00:00,426,426,426,426,1
2025-09-25T07:00:00+00:00,425.5,426,425.5,425.5,6
2025-09-25T09:00:00+00:00,425,426.5,425,426.5,7
2025-09-25T10:00:00+00:00,426.5,426.5,426.5,426.5,1
2025-09-25T11:00:00+00:00,427,444.5,427,427,29
2025-09-25T12:00:00+00:00,427,428,427,428,14
2025-09-25T13:00:00+00:00,426.5,427,425.5,426,19
2025-09-25T14:00:00+00:00,425.5,428,425.5,428,21
2025-09-25T15:00:00+00:00,426,426.5,426,426,9
2025-09-25T16:00:00+00:00,426,426,424,426,47
2025-09-25T17:00:00+00:00,425,425,424,424,29
2025-09-25T18:00:00+00:00,424.5,425.5,424.5,425.5,13
2025-09-26T00:00:00+00:00,425,425.5,425,425.5,0
2025-09-26T01:00:00+00:00,425.5,441.5,425.5,441.5,0
2025-09-26T02:00:00+00:00,441.5,441.5,424.5,441.5,9
2025-09-26T03:00:00+00:00,425,425,425,425,0
2025-09-26T06:00:00+00:00,441.5,441.5,424.5,424.5,17
2025-09-26T07:00:00+00:00,424.5,424.5,424,424,13
2025-09-26T08:00:00+00:00,442,442,425.5,442,0
2025-09-26T09:00:00+00:00,425,441.5,424.5,441.5,2
2025-09-26T11:00:00+00:00,425.5,425.5,425,425,21
2025-09-26T12:00:00+00:00,442,442,425,425,1
2025-09-26T13:00:00+00:00,424,424.5,421,423,24
2025-09-26T14:00:00+00:00,423,423.5,422.5,422.5,28
2025-09-26T15:00:00+00:00,422,422.5,421.5,422,30
2025-09-26T16:00:00+00:00,422,439,421.5,422.5,26
2025-09-26T17:00:00+00:00,423,438.5,421.5,422,13
2025-09-29T00:00:00+00:00,421,421.5,421,421.5,1
2025-09-29T01:00:00+00:00,421.5,421.5,421.5,421.5,3
2025-09-29T02:00:00+00:00,422,422,421.5,421.5,6
2025-09-29T06:00:00+00:00,421.5,421.5,421.5,421.5,1
2025-09-29T07:00:00+00:00,421,421,420.5,421,10
2025-09-29T08:00:00+00:00,421,421,421,421,2
2025-09-29T09:00:00+00:00,420,420.5,419.5,419.5,19
2025-09-29T10:00:00+00:00,420.5,420.5,419.5,419.5,6
2025-09-29T12:00:00+00:00,419.5,419.5,419.5,419.5,2
2025-09-29T13:00:00+00:00,419.5,436,419,419,16
2025-09-29T14:00:00+00:00,419,437.5,419,420.5,14
2025-09-29T15:00:00+00:00,421,438.5,421,422,10
2025-09-29T16:00:00+00:00,421,439,421,421.5,19
2025-09-29T17:00:00+00:00,422,438,422,438,0
2025-09-29T18:00:00+00:00,420.5,421.5,420.5,421.5,103
2025-09-30T00:00:00+00:00,438,438,420.5,421,0
2025-09-30T01:00:00+00:00,421,421,421,421,5
2025-09-30T04:00:00+00:00,421,421,421,421,1
2025-09-30T05:00:00+00:00,421,421,421,421,1
2025-09-30T07:00:00+00:00,419.5,419.5,419.5,419.5,1
2025-09-30T09:00:00+00:00,420,420,420,420,1
2025-09-30T10:00:00+00:00,420,420,420,420,1
2025-09-30T11:00:00+00:00,419.5,419.5,419.5,419.5,1
2025-09-30T12:00:00+00:00,419,419,418.5,419,6
2025-09-30T13:00:00+00:00,419,436.5,419,419,7
2025-09-30T14:00:00+00:00,419,435,418.5,435,0
2025-09-30T15:00:00+00:00,435,435,417.5,419,103
2025-09-30T16:00:00+00:00,419,434,411,416.5,121
2025-09-30T17:00:00+00:00,417,432.5,415,415,72
2025-09-30T18:00:00+00:00,431.5,432,415,432,0
2025-10-01T00:00:00+00:00,415.5,432,412,414,0
2025-10-01T01:00:00+00:00,414.5,414.5,414.5,414.5,6
2025-10-01T02:00:00+00:00,414,430,414,414,7
2025-10-01T03:00:00+00:00,414,414.5,414,414,3
2025-10-01T04:00:00+00:00,414,430,413.5,414,6
2025-10-01T05:00:00+00:00,429.5,429.5,429.5,429.5,0
2025-10-01T06:00:00+00:00,413,413,413,413,22
2025-10-01T07:00:00+00:00,413,413,413,413,1
2025-10-01T09:00:00+00:00,413.5,413.5,413.5,413.5,3
2025-10-01T10:00:00+00:00,414,414,413,413,5
2025-10-01T11:00:00+00:00,413,413,413,413,1
2025-10-01T12:00:00+00:00,412.5,412.5,412.5,412.5,2
2025-10-01T13:00:00+00:00,412.5,412.5,411.5,412,21
2025-10-01T14:00:00+00:00,411.5,428.5,411.5,428,0
2025-10-01T15:00:00+00:00,411.5,427,410.5,411,101
2025-10-01T16:00:00+00:00,411,429,411,412.5,22
2025-10-01T17:00:00+00:00,429.5,433.5,413.5,433.5,0
2025-10-01T18:00:00+00:00,418,435,416.5,417,226
2025-10-02T00:00:00+00:00,418.5,434.5,417,418.5,0
2025-10-02T01:00:00+00:00,417.5,417.5,417,417.5,6
2025-10-02T02:00:00+00:00,418,418,417,417,4
2025-10-02T05:00:00+00:00,417.5,417.5,417.5,417.5,1
2025-10-02T07:00:00+00:00,417.5,417.5,417.5,417.5,12
2025-10-02T08:00:00+00:00,418,418,418,418,12
2025-10-02T09:00:00+00:00,419,435.5,416.5,416.5,11
2025-10-02T10:00:00+00:00,416,416,416,416,0
2025-10-02T11:00:00+00:00,433,433,415.5,415.5,5
2025-10-02T12:00:00+00:00,415.5,416.5,415,416.5,26
2025-10-02T13:00:00+00:00,432,432.5,414.5,417,14
2025-10-02T14:00:00+00:00,433,434.5,416,434,0
2025-10-02T15:00:00+00:00,417.5,434.5,417.5,434.5,19
2025-10-02T16:00:00+00:00,419,420,418.5,420,123
2025-10-02T17:00:00+00:00,420,436.5,420,422,85
2025-10-02T18:00:00+00:00,437.5,437.5,421,421,22
2025-10-03T00:00:00+00:00,421,423,421,421.5,0
2025-10-03T05:00:00+00:00,422,422,422,422,1
2025-10-03T07:00:00+00:00,422,422.5,422,422,19
2025-10-03T08:00:00+00:00,422,422.5,422,422.5,12
2025-10-03T09:00:00+00:00,421.5,437.5,421,421,5
2025-10-03T10:00:00+00:00,421,437,420.5,421.5,22
2025-10-03T11:00:00+00:00,422,423,422,423,11
2025-10-03T12:00:00+00:00,438.5,438.5,421.5,421.5,6
2025-10-03T13:00:00+00:00,420.5,436,419,436,0
2025-10-03T14:00:00+00:00,419,436.5,419,420.5,124
2025-10-03T15:00:00+00:00,421,438,421,422,42
2025-10-03T16:00:00+00:00,422,437.5,421.5,437.5,0
2025-10-03T17:00:00+00:00,420.5,436.5,420,420,191
2025-10-03T18:00:00+00:00,420,436,419,419,14
2025-10-06T04:00:00+00:00,419,420,419,420,0
2025-10-06T06:00:00+00:00,435.5,436,435.5,435.5,5
2025-10-06T08:00:00+00:00,435,435.5,418,419,15
2025-10-06T09:00:00+00:00,419.5,436.5,419.5,419.5,9
2025-10-06T11:00:00+00:00,420,437,420,436,36
2025-10-06T12:00:00+00:00,420,420,420,420,0
2025-10-06T13:00:00+00:00,418,435.5,418,435.5,52
2025-10-06T14:00:00+00:00,435.5,436,417.5,434.5,27
2025-10-06T15:00:00+00:00,434.5,435,418,419,0
2025-10-06T16:00:00+00:00,436,437,420,420,14
2025-10-06T17:00:00+00:00,420,437.5,420,421,48
2025-10-06T18:00:00+00:00,421,438,420,421.5,40
2025-10-07T12:00:00+00:00,437,437,437,437,6
2025-10-07T13:00:00+00:00,438.5,439.5,438.5,439.5,6
2025-10-07T14:00:00+00:00,438.5,438.5,436.5,436.5,27
2025-10-07T16:00:00+00:00,436.5,437,436.5,437,15
2025-10-07T17:00:00+00:00,436.5,436.5,436.5,436.5,3
2025-10-07T18:00:00+00:00,436.5,436.5,436,436,15
2025-10-08T00:00:00+00:00,435.5,435.5,435.5,435.5,0
2025-10-08T07:00:00+00:00,435.5,435.5,435.5,435.5,16
2025-10-08T08:00:00+00:00,435,435,435,435,11
2025-10-08T13:00:00+00:00,438,438,438,438,1
2025-10-08T16:00:00+00:00,436.5,436.5,436.5,436.5,3
2025-10-09T00:00:00+00:00,438,438,438,438,0
2025-10-09T08:00:00+00:00,421.5,421.5,421.5,421.5,96
2025-10-09T11:00:00+00:00,422,422,422,422,1
2025-10-09T12:00:00+00:00,422,422,421.5,421.5,4
2025-10-09T13:00:00+00:00,421,436,420,420.5,20
2025-10-09T14:00:00+00:00,421,437,421,437,0
2025-10-09T15:00:00+00:00,422,437,422,422.5,90
2025-10-09T16:00:00+00:00,423,436,419.5,435,0
2025-10-09T17:00:00+00:00,419.5,435,419,419,142
2025-10-09T18:00:00+00:00,419,434.5,418.5,434,0
2025-10-10T00:00:00+00:00,422.5,429.5,418,419,0
2025-10-10T01:00:00+00:00,419,419,418,418,4
2025-10-10T02:00:00+00:00,419.5,419.5,419.5,419.5,1
2025-10-10T03:00:00+00:00,419.5,419.5,419,419,10
2025-10-10T04:00:00+00:00,418.5,418.5,418.5,418.5,1
2025-10-10T05:00:00+00:00,418.5,418.5,418.5,418.5,1
2025-10-10T07:00:00+00:00,418.5,433.5,418,433,0
2025-10-10T08:00:00+00:00,433.5,433.5,417.5,417.5,52
2025-10-10T10:00:00+00:00,417.5,433,417.5,433,0
2025-10-10T11:00:00+00:00,417,433,417,432.5,22
2025-10-10T12:00:00+00:00,416.5,417,416.5,417,53
2025-10-10T13:00:00+00:00,416.5,431.5,415.5,416,11
2025-10-10T14:00:00+00:00,415.5,431,415,415,28
2025-10-10T15:00:00+00:00,414.5,428.5,412,413,24
2025-10-10T16:00:00+00:00,429,430,413,413,9
2025-10-10T17:00:00+00:00,413,429,413,413.5,12
2025-10-10T18:00:00+00:00,429,429,412.5,413,22
2025-10-13T00:00:00+00:00,429,429,429,429,0
2025-10-13T04:00:00+00:00,414,414,414,414,29
2025-10-13T06:00:00+00:00,413,413,413,413,4
2025-10-13T08:00:00+00:00,413,413,413,413,18
2025-10-13T09:00:00+00:00,413.5,429,413.5,413.5,19
2025-10-13T10:00:00+00:00,413.5,413.5,413,413,13
2025-10-13T11:00:00+00:00,413.5,413.5,413.5,413.5,22
2025-10-13T13:00:00+00:00,412.5,414,412.5,414,4
2025-10-13T14:00:00+00:00,412,428,411,411.5,12
2025-10-13T15:00:00+00:00,411,411,410.5,411,9
2025-10-13T16:00:00+00:00,410.5,410.5,410.5,410.5,2
2025-10-13T17:00:00+00:00,411,411.5,411,411.5,3
2025-10-13T18:00:00+00:00,410.5,410.5,410.5,410.5,4
2025-10-14T01:00:00+00:00,411,411,411,411,0
2025-10-14T02:00:00+00:00,410.5,410.5,410.5,410.5,1
2025-10-14T04:00:00+00:00,411.5,427,411.5,427,19
2025-10-14T05:00:00+00:00,427,427,427,427,1
2025-10-14T06:00:00+00:00,411,411,411,411,0
2025-10-14T08:00:00+00:00,411,411,411,411,30
2025-10-14T09:00:00+00:00,411,411,411,411,1
2025-10-14T10:00:00+00:00,410,426.5,410,410,41
2025-10-14T11:00:00+00:00,410.5,427,410,427,0
2025-10-14T12:00:00+00:00,410.5,426,410.5,426,1
2025-10-14T13:00:00+00:00,409.5,427.5,409,412,123
2025-10-14T14:00:00+00:00,428,428.5,411.5,412,22
2025-10-14T15:00:00+00:00,428,428.5,411,411.5,66
2025-10-14T16:00:00+00:00,411.5,411.5,411,411.5,6
2025-10-14T17:00:00+00:00,412.5,429.5,412.5,412.5,31
2025-10-14T18:00:00+00:00,413,413.5,413,413.5,21
2025-10-15T00:00:00+00:00,413,413,412,412,0
2025-10-15T01:00:00+00:00,412.5,412.5,412,412,2
2025-10-15T03:00:00+00:00,413,413,413,413,1
2025-10-15T07:00:00+00:00,413,413,413,413,10
2025-10-15T09:00:00+00:00,412,412.5,412,412.5,5
2025-10-15T13:00:00+00:00,428,428.5,412.5,412.5,9
2025-10-15T14:00:00+00:00,413,430,412.5,415,44
2025-10-15T15:00:00+00:00,430,430.5,414,415,9
2025-10-15T16:00:00+00:00,431,433.5,415.5,418,67
2025-10-15T17:00:00+00:00,418,433.5,417,417.5,34
2025-10-15T18:00:00+00:00,417.5,432.5,416.5,417,12
2025-10-16T00:00:00+00:00,417,432.5,416.5,432.5,0
2025-10-16T01:00:00+00:00,432.5,432.5,432.5,432.5,21
2025-10-16T02:00:00+00:00,417.5,417.5,417.5,417.5,0
2025-10-16T03:00:00+00:00,417,417,417,417,2
2025-10-16T05:00:00+00:00,417,417,417,417,1
2025-10-16T06:00:00+00:00,417,417,417,417,3
2025-10-16T11:00:00+00:00,417,417,417,417,1
2025-10-16T12:00:00+00:00,417,417,417,417,1
2025-10-16T13:00:00+00:00,417.5,434,417,434,24
2025-10-16T14:00:00+00:00,419.5,435.5,419.5,420,23
2025-10-16T15:00:00+00:00,436,436,420.5,421.5,10
2025-10-16T16:00:00+00:00,421.5,423.5,421.5,423,19
2025-10-16T17:00:00+00:00,437.5,437.5,422,422.5,23
2025-10-16T18:00:00+00:00,421.5,422,421.5,422,8
2025-10-17T00:00:00+00:00,422,436,421.5,422.5,0
2025-10-17T01:00:00+00:00,423,423,423,423,1
2025-10-17T02:00:00+00:00,436.5,436.5,436.5,436.5,0
2025-10-17T03:00:00+00:00,423,423,423,423,18
2025-10-17T05:00:00+00:00,423,423.5,423,423.5,2
2025-10-17T06:00:00+00:00,436.5,436.5,436.5,436.5,0
2025-10-17T07:00:00+00:00,422.5,436.5,422.5,436.5,3
2025-10-17T08:00:00+00:00,423.5,423.5,423,423,12
2025-10-17T09:00:00+00:00,437.5,437.5,437.5,437.5,0
2025-10-17T10:00:00+00:00,423.5,438,423.5,424,26
2025-10-17T11:00:00+00:00,437,438,424,424,7
2025-10-17T12:00:00+00:00,424,424,424,424,19
2025-10-17T13:00:00+00:00,422.5,437,422.5,422.5,8
2025-10-17T14:00:00+00:00,436.5,437,422.5,423,9
2025-10-17T15:00:00+00:00,423,438.5,423,438.5,8
2025-10-17T16:00:00+00:00,424,424,424,424,7
2025-10-17T17:00:00+00:00,424,424,423,423,4
2025-10-17T18:00:00+00:00,423.5,423.5,422.5,422.5,12
2025-10-20T01:00:00+00:00,436.5,436.5,421.5,421.5,0
2025-10-20T05:00:00+00:00,422.5,423,422.5,422.5,35
2025-10-20T07:00:00+00:00,422.5,422.5,422.5,422.5,2
2025-10-20T09:00:00+00:00,423.5,423.5,423.5,423.5,2
2025-10-20T12:00:00+00:00,422,422,422,422,1
2025-10-20T13:00:00+00:00,422,435.5,419.5,419.5,23
2025-10-20T14:00:00+00:00,420,436,420,420,43
2025-10-20T15:00:00+00:00,420.5,435,420,420,15
2025-10-20T16:00:00+00:00,436,437.5,422,437.5,0
2025-10-20T17:00:00+00:00,423.5,437.5,423.5,437.5,7
2025-10-20T18:00:00+00:00,423.5,437.5,423,423.5,109
2025-10-21T00:00:00+00:00,424.5,424.5,424,424,0
2025-10-21T01:00:00+00:00,424,424,424,424,14
2025-10-21T02:00:00+00:00,424,437.5,424,424,6
2025-10-21T04:00:00+00:00,424,424,423.5,423.5,2
2025-10-21T05:00:00+00:00,437,437,437,437,0
2025-10-21T06:00:00+00:00,424,424,424,424,37
2025-10-21T08:00:00+00:00,424,424,424,424,1
2025-10-21T09:00:00+00:00,423.5,423.5,423.5,423.5,1
2025-10-21T10:00:00+00:00,423.5,423.5,423.5,423.5,1
2025-10-21T11:00:00+00:00,423.5,437,422.5,436,0
2025-10-21T12:00:00+00:00,422,436,421.5,421.5,39
2025-10-21T13:00:00+00:00,422,434.5,420.5,420.5,18
2025-10-21T14:00:00+00:00,434.5,436,420,422,37
2025-10-21T15:00:00+00:00,420,434.5,419,419,21
2025-10-21T16:00:00+00:00,419.5,434,418.5,418.5,12
2025-10-21T17:00:00+00:00,419,433,419,420,39
2025-10-21T18:00:00+00:00,419.5,420,419.5,420,12
2025-10-22T00:00:00+00:00,418,433,418,432.5,0
2025-10-22T01:00:00+00:00,419,419,419,419,3
2025-10-22T03:00:00+00:00,419.5,419.5,419.5,419.5,1
2025-10-22T05:00:00+00:00,419.5,419.5,419.5,419.5,3
2025-10-22T09:00:00+00:00,420,420,420,420,1
2025-10-22T10:00:00+00:00,420,420,420,420,2
2025-10-22T11:00:00+00:00,434.5,435,434.5,435,4
2025-10-22T12:00:00+00:00,434.5,434.5,421,421,0
2025-10-22T13:00:00+00:00,420.5,442.5,420.5,421,16
2025-10-22T14:00:00+00:00,434,443.5,421,421,24
2025-10-22T15:00:00+00:00,421,422,421,422,9
2025-10-22T16:00:00+00:00,436,436,422,422.5,17
2025-10-22T17:00:00+00:00,422.5,422.5,422.5,422.5,1
2025-10-22T18:00:00+00:00,422.5,436,422,423.5,11
2025-10-23T00:00:00+00:00,437,437,424,424,0
2025-10-23T01:00:00+00:00,424.5,424.5,424,424,3
2025-10-23T04:00:00+00:00,423,423.5,423,423,5
2025-10-23T05:00:00+00:00,423.5,424,423.5,424,3
2025-10-23T06:00:00+00:00,437,437,424,424.5,4
2025-10-23T07:00:00+00:00,436.5,436.5,424,424,2
2025-10-23T08:00:00+00:00,424.5,445.5,424.5,445.5,0
2025-10-23T09:00:00+00:00,425,437.5,425,425,22
2025-10-23T10:00:00+00:00,424.5,424.5,424,424,4
2025-10-23T11:00:00+00:00,424.5,425,424.5,425,3
2025-10-23T12:00:00+00:00,425,425,423,423,15
2025-10-23T13:00:00+00:00,423.5,436,421.5,422,39
2025-10-23T14:00:00+00:00,422,437,422,424,6
2025-10-23T15:00:00+00:00,424.5,437.5,423.5,423.5,16
2025-10-23T16:00:00+00:00,424.5,438.5,424,425.5,19
2025-10-23T17:00:00+00:00,425,449,425,428,92
2025-10-23T18:00:00+00:00,428,449.5,427.5,428,18
2025-10-24T00:00:00+00:00,428.5,441,427,427,0
2025-10-24T01:00:00+00:00,448,448,426.5,448,0
2025-10-24T02:00:00+00:00,448,448,426.5,426.5,10
2025-10-24T03:00:00+00:00,439.5,439.5,439.5,439.5,0
2025-10-24T05:00:00+00:00,426.5,426.5,426.5,426.5,14
2025-10-24T07:00:00+00:00,426.5,440,426.5,440,0
2025-10-24T08:00:00+00:00,426.5,426.5,426,426,30
2025-10-24T09:00:00+00:00,439,439,439,439,0
2025-10-24T10:00:00+00:00,426.5,426.5,426.5,426.5,16
2025-10-24T11:00:00+00:00,427,427,427,427,4
2025-10-24T12:00:00+00:00,426,447.5,425.5,425.5,8
2025-10-24T13:00:00+00:00,425,447,424.5,425,16
2025-10-24T14:00:00+00:00,439,447.5,423.5,438,0
2025-10-24T15:00:00+00:00,424,447,424,438,3
2025-10-24T16:00:00+00:00,438.5,438.5,423.5,438,7
2025-10-24T17:00:00+00:00,423.5,438,423.5,424,141
2025-10-24T18:00:00+00:00,446,446,423.5,423.5,5
2025-10-27T04:00:00+00:00,429,429,429,429,0
2025-10-27T06:00:00+00:00,430,453,429,429.5,5
2025-10-27T07:00:00+00:00,429,429.5,429,429.5,14
2025-10-27T08:00:00+00:00,429,444,429,429.5,10
2025-10-27T09:00:00+00:00,443.5,444,429,429,9
2025-10-27T10:00:00+00:00,428.5,443.5,428.5,430,7
2025-10-27T11:00:00+00:00,430,445,429,445,0
2025-10-27T12:00:00+00:00,444.5,453.5,430,444,9
2025-10-27T13:00:00+00:00,429,444,428.5,429,80
2025-10-27T14:00:00+00:00,443.5,452.5,426.5,452,0
2025-10-27T15:00:00+00:00,428,452.5,428,429,135
2025-10-27T16:00:00+00:00,444.5,454,430,430,99
2025-10-27T17:00:00+00:00,446,455,430.5,445.5,0
2025-10-27T18:00:00+00:00,445,445,428.5,428.5,10
2025-10-28T00:00:00+00:00,429.5,429.5,428,428,0
2025-10-28T01:00:00+00:00,429.5,429.5,429,429,3
2025-10-28T02:00:00+00:00,429.5,445,429.5,445,0
2025-10-28T04:00:00+00:00,429.5,429.5,429.5,429.5,12
2025-10-28T06:00:00+00:00,445,445.5,430,430,3
2025-10-28T08:00:00+00:00,430.5,447.5,430.5,447.5,1
2025-10-28T09:00:00+00:00,447.5,456.5,432.5,447.5,7
2025-10-28T10:00:00+00:00,431.5,446.5,431.5,446.5,2
2025-10-28T11:00:00+00:00,430,456,430,455.5,0
2025-10-28T12:00:00+00:00,431.5,432,431.5,432,24
2025-10-28T13:00:00+00:00,432,456.5,431.5,432.5,22
2025-10-28T14:00:00+00:00,433,450.5,432.5,433.5,95
2025-10-28T15:00:00+00:00,435,450,434.5,435.5,28
2025-10-28T16:00:00+00:00,435.5,456.5,431.5,456.5,0
2025-10-28T17:00:00+00:00,456.5,456.5,428,444.5,75
2025-10-28T18:00:00+00:00,430,455,430,432,207
2025-10-29T00:00:00+00:00,432,444.5,432,444.5,0
2025-10-29T04:00:00+00:00,431,431,431,431,15
2025-10-29T05:00:00+00:00,431.5,431.5,431.5,431.5,1
2025-10-29T06:00:00+00:00,431,431.5,431,431.5,15
2025-10-29T07:00:00+00:00,444,444,431,444,0
2025-10-29T08:00:00+00:00,443.5,443.5,443.5,443.5,21
2025-10-29T10:00:00+00:00,431,431,431,431,13
2025-10-29T11:00:00+00:00,430.5,444.5,430.5,444.5,0
2025-10-29T12:00:00+00:00,431,431,431,431,21
2025-10-29T13:00:00+00:00,430.5,455,430.5,445,0
2025-10-29T14:00:00+00:00,433,454,431,431,92
2025-10-29T15:00:00+00:00,431,453.5,431,432.5,17
2025-10-29T16:00:00+00:00,432,432,432,432,1
2025-10-29T17:00:00+00:00,454.5,455.5,433.5,455,0
2025-10-29T18:00:00+00:00,455,455,433.5,434.5,129
2025-10-30T00:00:00+00:00,434.5,435,434.5,435,0
2025-10-30T01:00:00+00:00,455,455,447,447,0
2025-10-30T02:00:00+00:00,435,455.5,435,448,11
2025-10-30T03:00:00+00:00,435.5,437,435.5,436,26
2025-10-30T04:00:00+00:00,434,455.5,429.5,442,18
2025-10-30T05:00:00+00:00,451,451,428.5,449.5,9
2025-10-30T07:00:00+00:00,430.5,450.5,428.5,428.5,52
2025-10-30T08:00:00+00:00,451.5,451.5,431,442.5,0
2025-10-30T09:00:00+00:00,442.5,450.5,429,429,55
2025-10-30T10:00:00+00:00,441,441,428.5,441,0
2025-10-30T11:00:00+00:00,429,454,429,434,80
2025-10-30T12:00:00+00:00,434.5,448,434,434,83
2025-10-30T13:00:00+00:00,434,452.5,430,430,64
2025-10-30T14:00:00+00:00,430.5,451,427.5,442.5,0
2025-10-30T15:00:00+00:00,452,453,431,444.5,18
2025-10-30T16:00:00+00:00,444.5,453,431,432.5,216
2025-10-30T17:00:00+00:00,453.5,454,430,430.5,34
2025-10-30T18:00:00+00:00,443.5,452.5,429.5,443,0
2025-10-31T00:00:00+00:00,429.5,451.5,429,430.5,0
2025-10-31T01:00:00+00:00,430,430,430,430,1
2025-10-31T08:00:00+00:00,430,430,430,430,1
2025-10-31T09:00:00+00:00,442.5,442.5,442.5,442.5,7
2025-10-31T10:00:00+00:00,429,429,428.5,428.5,0
2025-10-31T11:00:00+00:00,428.5,441,427,441,14
2025-10-31T12:00:00+00:00,428,428,428,428,4
2025-10-31T13:00:00+00:00,441,450,426.5,428.5,44
2025-10-31T14:00:00+00:00,429,450,427.5,428,40
2025-10-31T15:00:00+00:00,429,451.5,429,443.5,86
2025-10-31T16:00:00+00:00,443.5,452,430,452,0
2025-10-31T17:00:00+00:00,432,452.5,431,444.5,196
2025-10-31T18:00:00+00:00,431.5,453,431,452,0
2025-11-03T01:00:00+00:00,429,454.5,429,433.5,22
2025-11-03T02:00:00+00:00,446,446,434,434,24
2025-11-03T04:00:00+00:00,434,434,434,434,3
2025-11-03T07:00:00+00:00,433,433,433,433,2
2025-11-03T08:00:00+00:00,433.5,433.5,433,433,10
2025-11-03T09:00:00+00:00,432.5,433,432.5,433,2
2025-11-03T10:00:00+00:00,446,446,446,446,0
2025-11-03T11:00:00+00:00,445,445,445,445,1
2025-11-03T12:00:00+00:00,432,453,431.5,433,71
2025-11-03T13:00:00+00:00,433,433,432.5,432.5,9
2025-11-03T14:00:00+00:00,430.5,443.5,429.5,443.5,0
2025-11-03T15:00:00+00:00,451,451,428,429.5,168
2025-11-03T16:00:00+00:00,429,453,429,431.5,18
2025-11-03T17:00:00+00:00,433,434.5,432.5,434,12
2025-11-03T18:00:00+00:00,434.5,434.5,433.5,434,17
2025-11-03T19:00:00+00:00,447,447,433.5,434.5,8
2025-11-04T01:00:00+00:00,449.5,455.5,433,434,0
2025-11-04T02:00:00+00:00,433.5,433.5,433.5,433.5,6
2025-11-04T03:00:00+00:00,433.5,446.5,433.5,446.5,0
2025-11-04T05:00:00+00:00,434,434,433,433,73
2025-11-04T06:00:00+00:00,432,432,432,432,24
2025-11-04T07:00:00+00:00,445,445,445,445,0
2025-11-04T08:00:00+00:00,445.5,454,432,432.5,109
2025-11-04T09:00:00+00:00,432.5,454.5,432.5,432.5,5
2025-11-04T10:00:00+00:00,432,432,432,432,1
2025-11-04T11:00:00+00:00,444.5,454,431,431,27
2025-11-04T12:00:00+00:00,443.5,443.5,430.5,431,2
2025-11-04T13:00:00+00:00,430.5,443.5,430,430.5,10
2025-11-04T14:00:00+00:00,430,451.5,429.5,443,0
2025-11-04T15:00:00+00:00,443,452,430,430.5,179
2025-11-04T16:00:00+00:00,443,452.5,429.5,443.5,0
2025-11-04T17:00:00+00:00,452,452,443,443,1
2025-11-04T18:00:00+00:00,429.5,452.5,429.5,431.5,180
2025-11-04T19:00:00+00:00,444.5,444.5,431,431,53
2025-11-05T01:00:00+00:00,431,431,429,429,0
2025-11-05T02:00:00+00:00,451.5,451.5,451.5,451.5,0
2025-11-05T04:00:00+00:00,430.5,431,430,430,41
2025-11-05T05:00:00+00:00,430.5,430.5,430.5,430.5,1
2025-11-05T07:00:00+00:00,431,431.5,431,431.5,17
2025-11-05T09:00:00+00:00,431.5,445.5,431.5,445.5,0
2025-11-05T10:00:00+00:00,432.5,432.5,432.5,432.5,63
2025-11-05T11:00:00+00:00,446,446,433,433,1
2025-11-05T13:00:00+00:00,431,444.5,431,431,2
2025-11-05T14:00:00+00:00,453.5,453.5,432,447,0
2025-11-05T15:00:00+00:00,432,456.5,432,434.5,66
2025-11-05T16:00:00+00:00,434.5,457.5,434.5,457.5,0
2025-11-05T17:00:00+00:00,449,449.5,435,435,87
2025-11-05T18:00:00+00:00,448.5,457.5,434.5,457.5,0
2025-11-05T19:00:00+00:00,435,459,435,435,94
2025-11-06T01:00:00+00:00,448,456.5,434,456.5,0
2025-11-06T02:00:00+00:00,433,447.5,432.5,432.5,28
2025-11-06T03:00:00+00:00,447.5,447.5,447.5,447.5,0
2025-11-06T05:00:00+00:00,448,448,448,448,1
2025-11-06T06:00:00+00:00,433,433.5,433,433.5,34
2025-11-06T07:00:00+00:00,447.5,447.5,447.5,447.5,0
2025-11-06T08:00:00+00:00,433,456.5,432.5,433.5,50
2025-11-06T09:00:00+00:00,456.5,456.5,433,448,0
2025-11-06T10:00:00+00:00,448,448,448,448,1
2025-11-06T11:00:00+00:00,448.5,456.5,448.5,456,17
2025-11-06T12:00:00+00:00,433,448,433,448,1
2025-11-06T13:00:00+00:00,433,433,433,433,39
2025-11-06T14:00:00+00:00,447,455,430.5,447,0
2025-11-06T15:00:00+00:00,432,455,429,444.5,29
2025-11-06T16:00:00+00:00,429,452.5,428.5,443.5,38
2025-11-06T17:00:00+00:00,443.5,453,428.5,430,80
2025-11-06T18:00:00+00:00,429,453,429,444,0
2025-11-06T19:00:00+00:00,428,428.5,428,428.5,81
2025-11-07T01:00:00+00:00,428,451.5,428,451.5,0
2025-11-07T02:00:00+00:00,429,443.5,429,443.5,3
2025-11-07T04:00:00+00:00,443,443,443,443,1
2025-11-07T07:00:00+00:00,444,444,429,443.5,2
2025-11-07T08:00:00+00:00,443,443,443,443,1
2025-11-07T14:00:00+00:00,428.5,452.5,428.5,443,143
2025-11-07T15:00:00+00:00,428.5,451.5,427.5,443.5,155
2025-11-07T16:00:00+00:00,443,452,428.5,429,25
2025-11-07T17:00:00+00:00,443,451.5,428,442.5,86
2025-11-07T18:00:00+00:00,442.5,451,427.5,443,11
2025-11-07T19:00:00+00:00,427.5,450.5,426.5,427.5,17
2025-11-10T01:00:00+00:00,451,451,442.5,442.5,0
2025-11-10T02:00:00+00:00,428,428,428,428,2
2025-11-10T03:00:00+00:00,428,428,428,428,1
2025-11-10T04:00:00+00:00,428.5,443,428.5,443,2
2025-11-10T05:00:00+00:00,428.5,428.5,428,428,2
2025-11-10T07:00:00+00:00,443.5,443.5,443.5,443.5,0
2025-11-10T08:00:00+00:00,452.5,452.5,452.5,452.5,0
2025-11-10T09:00:00+00:00,429.5,429.5,429.5,429.5,6
2025-11-10T11:00:00+00:00,429,444.5,429,444.5,0
2025-11-10T12:00:00+00:00,429.5,429.5,429.5,429.5,2
2025-11-10T14:00:00+00:00,428.5,452.5,426.5,441.5,66
2025-11-10T15:00:00+00:00,427,452,427,429.5,167
2025-11-10T16:00:00+00:00,429.5,452,428.5,443.5,26
2025-11-10T17:00:00+00:00,443.5,452,428.5,430,91
2025-11-10T18:00:00+00:00,430,453.5,429.5,430,0
2025-11-10T19:00:00+00:00,430,453.5,429.5,444.5,13
2025-11-11T01:00:00+00:00,428,428.5,428,428.5,0
2025-11-11T04:00:00+00:00,428.5,428.5,428.5,428.5,1
2025-11-11T08:00:00+00:00,444.5,444.5,444.5,444.5,0
2025-11-11T09:00:00+00:00,430,430,430,430,3
2025-11-11T11:00:00+00:00,429.5,429.5,429.5,429.5,14
2025-11-11T13:00:00+00:00,429,429,429,429,1
2025-11-11T14:00:00+00:00,429,454,429,445.5,64
2025-11-11T15:00:00+00:00,445.5,455,430,445.5,80
2025-11-11T16:00:00+00:00,454.5,455.5,430.5,455.5,0
2025-11-11T17:00:00+00:00,431.5,456,431.5,447,189
2025-11-11T18:00:00+00:00,432.5,456,431.5,432.5,132
2025-11-11T19:00:00+00:00,447.5,456,432,455.5,0
2025-11-12T01:00:00+00:00,432.5,432.5,432.5,432.5,0
2025-11-12T02:00:00+00:00,432.5,447.5,432.5,432.5,3
2025-11-12T03:00:00+00:00,456,456,447,447.5,0
2025-11-12T05:00:00+00:00,432.5,432.5,432.5,432.5,17
2025-11-12T06:00:00+00:00,432.5,433,432.5,433,9
2025-11-12T10:00:00+00:00,455,455,446.5,446.5,0
2025-11-12T11:00:00+00:00,447,447,446.5,447,3
2025-11-12T12:00:00+00:00,432,454.5,432,432,23
2025-11-12T13:00:00+00:00,445.5,445.5,445.5,445.5,0
2025-11-12T14:00:00+00:00,446,455,431.5,455,47
2025-11-12T15:00:00+00:00,432.5,455.5,432.5,455.5,58
2025-11-12T16:00:00+00:00,447,455.5,432.5,448,116
2025-11-12T17:00:00+00:00,448,456.5,433.5,456.5,0
2025-11-12T18:00:00+00:00,434.5,457,434.5,449,313
2025-11-12T19:00:00+00:00,435,457.5,435,435.5,113
2025-11-13T01:00:00+00:00,447,447.5,434,434,0
2025-11-13T02:00:00+00:00,434.5,448,434,434.5,8
2025-11-13T03:00:00+00:00,456,456,456,456,0
2025-11-13T04:00:00+00:00,448.5,448.5,448.5,448.5,8
2025-11-13T07:00:00+00:00,448.5,448.5,448.5,448.5,2
2025-11-13T08:00:00+00:00,435,435.5,435,435.5,6
2025-11-13T10:00:00+00:00,448.5,448.5,448.5,448.5,0
2025-11-13T11:00:00+00:00,448.5,448.5,448.5,448.5,1
2025-11-13T13:00:00+00:00,449,457,436,436.5,32
2025-11-13T14:00:00+00:00,436,459,436,437.5,177
2025-11-13T15:00:00+00:00,438,460.5,437,460.5,0
2025-11-13T16:00:00+00:00,453,461,437.5,459.5,110
2025-11-13T17:00:00+00:00,438,461.5,437.5,439.5,447
2025-11-13T18:00:00+00:00,439.5,462.5,439.5,462,0
2025-11-13T19:00:00+00:00,454.5,463.5,440.5,463.5,54
2025-11-14T01:00:00+00:00,454,454,454,454,0
2025-11-14T02:00:00+00:00,455,462.5,441,441,7
2025-11-14T03:00:00+00:00,455,455,455,455,0
2025-11-14T04:00:00+00:00,454.5,455,440.5,440.5,6
2025-11-14T05:00:00+00:00,455,455,455,455,0
2025-11-14T06:00:00+00:00,455,455.5,455,455.5,2
2025-11-14T07:00:00+00:00,455,455,455,455,1
2025-11-14T08:00:00+00:00,455,455,455,455,2
2025-11-14T09:00:00+00:00,441.5,463,441.5,463,0
2025-11-14T10:00:00+00:00,455,455,455,455,13
2025-11-14T11:00:00+00:00,455,463.5,454.5,463.5,0
2025-11-14T12:00:00+00:00,442,456,442,456,46
2025-11-14T13:00:00+00:00,456.5,463.5,442,455,3
2025-11-14T14:00:00+00:00,441,463.5,440,463.5,0
2025-11-14T15:00:00+00:00,441.5,464.5,440.5,464,149
2025-11-14T16:00:00+00:00,464,464,440.5,441.5,252
2025-11-14T17:00:00+00:00,441.5,463,429,430.5,556
2025-11-14T18:00:00+00:00,430.5,453,430,445,201
2025-11-14T19:00:00+00:00,430.5,443.5,429.5,430.5,0
2025-11-17T01:00:00+00:00,433,451,433,443,3
2025-11-17T02:00:00+00:00,443.5,443.5,430.5,430.5,0
2025-11-17T03:00:00+00:00,430,430,430,430,3
2025-11-17T04:00:00+00:00,444,444.5,444,444.5,7
2025-11-17T07:00:00+00:00,431.5,445.5,431.5,445.5,9
2025-11-17T08:00:00+00:00,445,445,445,445,5
2025-11-17T10:00:00+00:00,444.5,444.5,444.5,444.5,1
2025-11-17T11:00:00+00:00,431.5,446,431.5,446,3
2025-11-17T12:00:00+00:00,445.5,445.5,445,445,6
2025-11-17T13:00:00+00:00,431,444.5,430.5,444.5,18
2025-11-17T14:00:00+00:00,431,456.5,431,448,171
2025-11-17T15:00:00+00:00,456,456,432,435,180
2025-11-17T16:00:00+00:00,435,458.5,434,457.5,0
2025-11-17T17:00:00+00:00,450,458,435,435,305
2025-11-17T18:00:00+00:00,449,456.5,448.5,449,98
2025-11-17T19:00:00+00:00,447.5,455,434.5,434.5,0
2025-11-18T01:00:00+00:00,435,447,433.5,447,0
2025-11-18T03:00:00+00:00,447.5,447.5,446.5,446.5,2
2025-11-18T05:00:00+00:00,433,454.5,433,454.5,0
2025-11-18T06:00:00+00:00,434,447,434,447,5
2025-11-18T07:00:00+00:00,434.5,434.5,434.5,434.5,17
2025-11-18T08:00:00+00:00,435,435,435,435,1
2025-11-18T09:00:00+00:00,447,447,447,447,0
2025-11-18T10:00:00+00:00,447.5,448,447.5,447.5,5
2025-11-18T11:00:00+00:00,436,436,436,436,16
2025-11-18T12:00:00+00:00,436.5,457.5,436.5,451,54
2025-11-18T13:00:00+00:00,451.5,458.5,437.5,451,6
2025-11-18T14:00:00+00:00,456.5,456.5,435,455.5,0
2025-11-18T15:00:00+00:00,434.5,449,434.5,449,86
2025-11-18T16:00:00+00:00,436,450,436,438.5,93
2025-11-18T17:00:00+00:00,451,451,436,436,84
2025-11-18T18:00:00+00:00,436,449.5,436,449.5,0
2025-11-18T19:00:00+00:00,449,456.5,436,449,63
2025-11-19T01:00:00+00:00,437,437,436,436,0
2025-11-19T04:00:00+00:00,455,455,435.5,435.5,2
2025-11-19T08:00:00+00:00,447,447,447,447,1
2025-11-19T09:00:00+00:00,448.5,448.5,448.5,448.5,1
2025-11-19T10:00:00+00:00,448,448,448,448,2
2025-11-19T11:00:00+00:00,436,436,436,436,1
2025-11-19T12:00:00+00:00,449,449,435.5,435.5,3
2025-11-19T13:00:00+00:00,435,449,435,435,3
2025-11-19T14:00:00+00:00,448,454,432,445.5,11
2025-11-19T15:00:00+00:00,432,452,431,431,39
2025-11-19T16:00:00+00:00,443,451,430,443,91
2025-11-19T17:00:00+00:00,430.5,449.5,429,449,0
2025-11-19T18:00:00+00:00,429,448.5,428.5,430,132
2025-11-19T19:00:00+00:00,430,449,429,448.5,0
2025-11-20T01:00:00+00:00,441.5,441.5,441.5,441.5,0
2025-11-20T02:00:00+00:00,429.5,429.5,429.5,429.5,8
2025-11-20T03:00:00+00:00,430,442,430,442,0
2025-11-20T06:00:00+00:00,441.5,442,441.5,441.5,3
2025-11-20T08:00:00+00:00,442,442,442,442,1
2025-11-20T09:00:00+00:00,442,442.5,442,442.5,2
2025-11-20T10:00:00+00:00,442.5,442.5,442.5,442.5,1
2025-11-20T11:00:00+00:00,430,450,430,442.5,10
2025-11-20T12:00:00+00:00,430,443,429.5,442,50
2025-11-20T13:00:00+00:00,441.5,443.5,430,443.5,15
2025-11-20T14:00:00+00:00,441,446.5,427.5,439,23
2025-11-20T15:00:00+00:00,427,438.5,427,427,0
2025-11-20T16:00:00+00:00,428,439,427,427,22
2025-11-20T17:00:00+00:00,426.5,438,425.5,427,57
2025-11-20T18:00:00+00:00,438,438,426,438,0
2025-11-20T19:00:00+00:00,438,438,426.5,438,9
2025-11-21T01:00:00+00:00,438,438,437.5,437.5,0
2025-11-21T02:00:00+00:00,437.5,438,437.5,437.5,4
2025-11-21T04:00:00+00:00,437,444.5,437,444.5,0
2025-11-21T05:00:00+00:00,437.5,437.5,437.5,437.5,13
2025-11-21T07:00:00+00:00,426,426.5,426,426.5,0
2025-11-21T09:00:00+00:00,426,438,426,438,20
2025-11-21T10:00:00+00:00,437.5,437.5,437.5,437.5,3
2025-11-21T12:00:00+00:00,436,437,436,437,5
2025-11-21T13:00:00+00:00,444,444,426.5,426.5,0
2025-11-21T14:00:00+00:00,426,445.5,419,425.5,12
2025-11-21T15:00:00+00:00,436,445,424.5,437.5,134
2025-11-21T16:00:00+00:00,445,445,426,438.5,31
2025-11-21T17:00:00+00:00,445,445,425.5,425.5,0
2025-11-21T18:00:00+00:00,444.5,444.5,425.5,438,155
2025-11-21T19:00:00+00:00,445.5,445.5,425,438,9
2025-11-24T01:00:00+00:00,439,439,437.5,438,9
2025-11-24T02:00:00+00:00,438,438,437.5,437.5,3
2025-11-24T03:00:00+00:00,437.5,437.5,436.5,437,10
2025-11-24T08:00:00+00:00,436.5,436.5,435.5,435.5,42
2025-11-24T10:00:00+00:00,436,436,435.5,435.5,6
2025-11-24T11:00:00+00:00,436,436,436,436,2
2025-11-24T14:00:00+00:00,435.5,445.5,435,437.5,32
2025-11-24T15:00:00+00:00,438,445.5,437,445.5,0
2025-11-24T16:00:00+00:00,438.5,446,438,438,206
2025-11-24T17:00:00+00:00,437.5,446,437,444.5,0
2025-11-24T18:00:00+00:00,437,444.5,436,437,210
2025-11-24T19:00:00+00:00,444,444,436.5,436.5,5
2025-11-25T01:00:00+00:00,445,445,436.5,437.5,0
2025-11-25T02:00:00+00:00,437.5,437.5,437,437,2
2025-11-25T06:00:00+00:00,437.5,438,437.5,438,4
2025-11-25T08:00:00+00:00,446,446,438,438.5,20
2025-11-25T09:00:00+00:00,446.5,446.5,446.5,446.5,0
2025-11-25T10:00:00+00:00,438.5,438.5,438.5,438.5,2
2025-11-25T11:00:00+00:00,439,446.5,439,439,5
2025-11-25T12:00:00+00:00,439,446.5,437,437,9
2025-11-25T13:00:00+00:00,438,438.5,438,438.5,3
2025-11-25T14:00:00+00:00,437.5,438.5,437,438.5,22
2025-11-25T15:00:00+00:00,446.5,446.5,437.5,437.5,58
2025-11-25T17:00:00+00:00,445.5,445.5,437,439,8
2025-11-25T18:00:00+00:00,438.5,447,438,438,17
2025-11-25T19:00:00+00:00,437,446.5,437,438,24
2025-11-26T01:00:00+00:00,437.5,439,437.5,439,0
2025-11-26T03:00:00+00:00,439.5,447,439.5,447,0
2025-11-26T04:00:00+00:00,439,439,439,439,12
2025-11-26T05:00:00+00:00,447,447,447,447,0
2025-11-26T06:00:00+00:00,439,439,439,439,12
2025-11-26T11:00:00+00:00,438.5,439,438.5,439,50
2025-11-26T12:00:00+00:00,439,439,439,439,1
2025-11-26T13:00:00+00:00,440.5,441,440.5,441,18
2025-11-26T14:00:00+00:00,440.5,450.5,440,442.5,51
2025-11-26T15:00:00+00:00,442.5,452,442.5,451.5,0
2025-11-26T16:00:00+00:00,444,454,443.5,445.5,187
2025-11-26T17:00:00+00:00,453,454,445,445,25
2025-11-26T18:00:00+00:00,453,453.5,445,446,41
2025-11-26T19:00:00+00:00,445.5,454,445,447,20
2025-11-28T14:30:00+00:00,447,455,444,445.5,88
2025-11-28T15:30:00+00:00,446,455.5,446,455.5,0
2025-11-28T16:30:00+00:00,455.5,455.5,446.5,455.5,21
2025-11-28T17:30:00+00:00,448,456,446.5,456,18
2025-12-01T01:00:00+00:00,449,456.5,447.5,447.5,7
2025-12-01T02:00:00+00:00,447,447,447,447,3
2025-12-01T03:00:00+00:00,446.5,447,446.5,446.5,9
2025-12-01T04:00:00+00:00,454,454,446,446,9
2025-12-01T05:00:00+00:00,445.5,446,445.5,445.5,6
2025-12-01T06:00:00+00:00,445.5,446,445.5,446,4
2025-12-01T07:00:00+00:00,446,446,446,446,7
2025-12-01T08:00:00+00:00,446,446,446,446,2
2025-12-01T09:00:00+00:00,446,446,446,446,19
2025-12-01T10:00:00+00:00,446,453.5,446,453.5,0
2025-12-01T11:00:00+00:00,453.5,453.5,453.5,453.5,3
2025-12-01T12:00:00+00:00,446,446,446,446,46
2025-12-01T13:00:00+00:00,445.5,454,445,454,0
2025-12-01T14:00:00+00:00,447,455.5,446.5,455.5,70
2025-12-01T15:00:00+00:00,448,456,446,447.5,284
2025-12-01T16:00:00+00:00,447.5,455.5,446.5,446.5,39
2025-12-01T17:00:00+00:00,446.5,454.5,444.5,444.5,0
2025-12-01T18:00:00+00:00,453,453.5,443.5,453.5,17
2025-12-01T19:00:00+00:00,445,453.5,444.5,444.5,278
2025-12-02T01:00:00+00:00,445.5,445.5,445,445,0
2025-12-02T02:00:00+00:00,445.5,445.5,445.5,445.5,1
2025-12-02T03:00:00+00:00,445,445.5,445,445,6
2025-12-02T04:00:00+00:00,445,445,445,445,1
2025-12-02T05:00:00+00:00,446,446,446,446,1
2025-12-02T06:00:00+00:00,447,447,447,447,1
2025-12-02T07:00:00+00:00,446,446,446,446,1
2025-12-02T10:00:00+00:00,445,445,445,445,1
2025-12-02T11:00:00+00:00,446,454.5,446,454.5,10
2025-12-02T12:00:00+00:00,454.5,454.5,445.5,445.5,37
2025-12-02T13:00:00+00:00,445.5,445.5,445,445,7
2025-12-02T14:00:00+00:00,444.5,452,442.5,451.5,0
2025-12-02T15:00:00+00:00,443,455.5,443,447.5,209
2025-12-02T16:00:00+00:00,456,459.5,448,451,132
2025-12-02T17:00:00+00:00,451.5,458.5,449.5,449.5,40
2025-12-02T18:00:00+00:00,450,457.5,449,457.5,0
2025-12-02T19:00:00+00:00,449.5,457.5,449.5,450,280
2025-12-03T01:00:00+00:00,453,453,449,450,0
2025-12-03T02:00:00+00:00,449,449.5,449,449.5,4
2025-12-03T03:00:00+00:00,449.5,449.5,449.5,449.5,3
2025-12-03T05:00:00+00:00,450,450,450,450,3
2025-12-03T06:00:00+00:00,449.5,449.5,449,449,2
2025-12-03T08:00:00+00:00,449.5,449.5,449.5,449.5,1
2025-12-03T10:00:00+00:00,448.5,448.5,447.5,447.5,10
2025-12-03T12:00:00+00:00,447.5,447.5,447,447,8
2025-12-03T13:00:00+00:00,446.5,447.5,446.5,447,6
2025-12-03T14:00:00+00:00,447.5,454,444.5,444.5,104
2025-12-03T15:00:00+00:00,444.5,453,444,452,0
2025-12-03T16:00:00+00:00,444,452.5,443.5,444.5,305
2025-12-03T17:00:00+00:00,452,452.5,443.5,443.5,31
2025-12-03T18:00:00+00:00,443,450.5,443,444,60
2025-12-03T19:00:00+00:00,444,451,443,450.5,0
2025-12-04T01:00:00+00:00,443.5,450.5,442.5,442.5,0
2025-12-04T02:00:00+00:00,443,443,443,443,2
2025-12-04T03:00:00+00:00,443,443,442.5,442.5,2
2025-12-04T04:00:00+00:00,442.5,442.5,442.5,442.5,1
2025-12-04T05:00:00+00:00,442.5,442.5,442.5,442.5,2
2025-12-04T06:00:00+00:00,443,443,443,443,3
2025-12-04T09:00:00+00:00,443,443,442.5,442.5,7
2025-12-04T10:00:00+00:00,443,443,443,443,2
2025-12-04T11:00:00+00:00,443,443,442.5,442.5,4
2025-12-04T12:00:00+00:00,443.5,443.5,443.5,443.5,2
2025-12-04T13:00:00+00:00,444,445,444,444,7
2025-12-04T14:00:00+00:00,444.5,452,441.5,451,2
2025-12-04T15:00:00+00:00,443.5,452.5,443,452,46
2025-12-04T16:00:00+00:00,445.5,454.5,445.5,446,172
2025-12-04T17:00:00+00:00,446.5,454,446,447,19
2025-12-04T18:00:00+00:00,447,455,447,447.5,15
2025-12-04T19:00:00+00:00,447,454,446.5,446.5,12
2025-12-05T01:00:00+00:00,454,454,446.5,446.5,0
2025-12-05T02:00:00+00:00,446.5,446.5,446.5,446.5,3
2025-12-05T03:00:00+00:00,446.5,446.5,446.5,446.5,5
2025-12-05T05:00:00+00:00,446.5,454,446.5,454,0
2025-12-05T06:00:00+00:00,446.5,446.5,446.5,446.5,15
2025-12-05T07:00:00+00:00,454,454,446.5,454,0
2025-12-05T08:00:00+00:00,454,454,446.5,454,6
2025-12-05T09:00:00+00:00,446.5,453.5,446.5,453.5,20
2025-12-05T10:00:00+00:00,453.5,453.5,446,446,0
2025-12-05T11:00:00+00:00,446,446,446,446,11
2025-12-05T12:00:00+00:00,453.5,453.5,446,453.5,16
2025-12-05T13:00:00+00:00,445.5,446,445.5,446,0
2025-12-05T14:00:00+00:00,454,454.5,446.5,446.5,43
2025-12-05T15:00:00+00:00,447,455,444,452.5,108
2025-12-05T16:00:00+00:00,452.5,453.5,444.5,452.5,78
2025-12-05T17:00:00+00:00,445,452.5,444.5,452,45
2025-12-05T18:00:00+00:00,452,452,444.5,452,18
2025-12-05T19:00:00+00:00,452,452.5,444.5,452.5,33
2025-12-08T01:00:00+00:00,452,452,444,444.5,15
2025-12-08T02:00:00+00:00,444.5,444.5,444.5,444.5,1
2025-12-08T03:00:00+00:00,444,444,444,444,4
2025-12-08T04:00:00+00:00,444.5,444.5,444.5,444.5,1
2025-12-08T06:00:00+00:00,452,452,452,452,3
2025-12-08T07:00:00+00:00,444,444.5,444,444.5,15
2025-12-08T08:00:00+00:00,445,445,445,445,2
2025-12-08T09:00:00+00:00,445,445,445,445,1
2025-12-08T10:00:00+00:00,445.5,445.5,445.5,445.5,4
2025-12-08T11:00:00+00:00,444.5,444.5,444.5,444.5,5
2025-12-08T12:00:00+00:00,453,453,453,453,0
2025-12-08T13:00:00+00:00,445,445,445,445,15
2025-12-08T14:00:00+00:00,446,453.5,445.5,452.5,9
2025-12-08T15:00:00+00:00,446.5,447,444.5,444.5,67
2025-12-08T16:00:00+00:00,445,445,443,443,43
2025-12-08T17:00:00+00:00,444,444,443,443,15
2025-12-08T18:00:00+00:00,443,443.5,442.5,443,21
2025-12-08T19:00:00+00:00,442.5,444,442.5,444,19
2025-12-09T03:00:00+00:00,444.5,444.5,444.5,444.5,0
2025-12-09T04:00:00+00:00,444,444.5,444,444.5,3
2025-12-09T05:00:00+00:00,445,445,445,445,1
2025-12-09T10:00:00+00:00,446,447,446,447,6
2025-12-09T11:00:00+00:00,447,447,447,447,1
2025-12-09T12:00:00+00:00,446,446,444,444,43
2025-12-09T13:00:00+00:00,444.5,445,444.5,445,41
2025-12-09T14:00:00+00:00,445,446.5,445,445.5,31
2025-12-09T15:00:00+00:00,445.5,445.5,445,445.5,30
2025-12-09T16:00:00+00:00,445.5,445.5,444,445,15
2025-12-09T17:00:00+00:00,445.5,449,445,447.5,160
2025-12-09T18:00:00+00:00,448,448.5,448,448.5,17
2025-12-09T19:00:00+00:00,448,448,448,448,11
2025-12-10T01:00:00+00:00,448,448,447,447.5,0
2025-12-10T02:00:00+00:00,447,447.5,447,447.5,12
2025-12-10T03:00:00+00:00,447.5,447.5,447.5,447.5,21
2025-12-10T04:00:00+00:00,448,448,447.5,447.5,5
2025-12-10T05:00:00+00:00,447.5,447.5,447.5,447.5,9
2025-12-10T06:00:00+00:00,447.5,447.5,447.5,447.5,18
2025-12-10T08:00:00+00:00,447.5,448,447,447,17
2025-12-10T10:00:00+00:00,447.5,448.5,447.5,448.5,17
2025-12-10T11:00:00+00:00,448,448,447,447,7
2025-12-10T12:00:00+00:00,447,447,447,447,1
2025-12-10T14:00:00+00:00,446.5,447,445,446.5,108
2025-12-10T15:00:00+00:00,446,446.5,444.5,444.5,206
2025-12-10T16:00:00+00:00,445,445,444,444,60
2025-12-10T17:00:00+00:00,444,445.5,444,445,106
2025-12-10T18:00:00+00:00,444.5,444.5,443.5,443.5,33
2025-12-10T19:00:00+00:00,444,444.5,444,444,197
2025-12-11T01:00:00+00:00,444.5,444.5,444.5,444.5,0
2025-12-11T02:00:00+00:00,444,444,444,444,18
2025-12-11T03:00:00+00:00,443.5,443.5,443.5,443.5,1
2025-12-11T04:00:00+00:00,444,444,444,444,2
2025-12-11T07:00:00+00:00,444,444.5,444,444.5,9
2025-12-11T08:00:00+00:00,445,445,445,445,2
2025-12-11T09:00:00+00:00,445.5,445.5,445.5,445.5,1
2025-12-11T10:00:00+00:00,446.5,447,446.5,447,17
2025-12-11T11:00:00+00:00,447.5,448,447.5,447.5,6
2025-12-11T12:00:00+00:00,447,447,447,447,39
2025-12-11T13:00:00+00:00,447,447,447,447,34
2025-12-11T14:00:00+00:00,446.5,448,446.5,447,78
2025-12-11T15:00:00+00:00,447,447,445.5,446.5,134
2025-12-11T16:00:00+00:00,446.5,447,445.5,445.5,110
2025-12-11T17:00:00+00:00,445,446,444.5,446,33
2025-12-11T18:00:00+00:00,445.5,446.5,445.5,446,11
2025-12-11T19:00:00+00:00,446.5,446.5,446,446.5,8
2025-12-12T01:00:00+00:00,446,446.5,446,446.5,0
2025-12-12T02:00:00+00:00,446,446,446,446,3
2025-12-12T05:00:00+00:00,446,446.5,446,446.5,4
2025-12-12T06:00:00+00:00,446,446,446,446,7
2025-12-12T07:00:00+00:00,446,446,446,446,6
2025-12-12T08:00:00+00:00,447,447,446,446,3
2025-12-12T12:00:00+00:00,444.5,444.5,444,444,6
2025-12-12T13:00:00+00:00,445,445.5,445,445.5,14
2025-12-12T14:00:00+00:00,445.5,446,445,445,60
2025-12-12T15:00:00+00:00,445.5,445.5,444,444,116
2025-12-12T16:00:00+00:00,444,444,443.5,444,64
2025-12-12T17:00:00+00:00,443.5,443.5,441,442,78
2025-12-12T18:00:00+00:00,441.5,441.5,440,440.5,92
2025-12-12T19:00:00+00:00,440.5,441,440.5,441,25
2025-12-15T01:00:00+00:00,440,441,440,441,4
2025-12-15T10:00:00+00:00,441,441,441,441,5
2025-12-15T11:00:00+00:00,440.5,440.5,440.5,440.5,3
2025-12-15T13:00:00+00:00,440.5,440.5,440.5,440.5,1
2025-12-15T14:00:00+00:00,440,440,437.5,438,43
2025-12-15T15:00:00+00:00,438.5,439,437.5,438.5,26
2025-12-15T16:00:00+00:00,439,440,437,437,66
2025-12-15T17:00:00+00:00,437.5,439,437.5,439,37
2025-12-15T18:00:00+00:00,439,440,439,440,19
2025-12-15T19:00:00+00:00,439.5,439.5,439.5,439.5,16
2025-12-16T01:00:00+00:00,438,438,438,438,0
2025-12-16T02:00:00+00:00,439,439,439,439,1
2025-12-16T06:00:00+00:00,439.5,447.5,439.5,447.5,1
2025-12-16T10:00:00+00:00,440,440,440,440,4
2025-12-16T11:00:00+00:00,438.5,438.5,438.5,438.5,1
2025-12-16T13:00:00+00:00,447,447,447,447,14
2025-12-16T14:00:00+00:00,437,445,436.5,437,37
2025-12-16T15:00:00+00:00,437,445,436.5,437,71
2025-12-16T16:00:00+00:00,436.5,444.5,436,436,73
2025-12-16T17:00:00+00:00,436,444.5,436,444.5,0
2025-12-16T18:00:00+00:00,436.5,444.5,436.5,444.5,9
2025-12-16T19:00:00+00:00,436.5,444.5,436,436,121
2025-12-17T01:00:00+00:00,436,437.5,436,437,0
2025-12-17T08:00:00+00:00,438,438,437.5,437.5,3
2025-12-17T09:00:00+00:00,445.5,445.5,445.5,445.5,0
2025-12-17T12:00:00+00:00,445,445,445,445,10
2025-12-17T14:00:00+00:00,438,447,437,439.5,61
2025-12-17T15:00:00+00:00,447,447,437.5,446.5,0
2025-12-17T16:00:00+00:00,447,447,438.5,438.5,54
2025-12-17T17:00:00+00:00,446,448,439,448,0
2025-12-17T18:00:00+00:00,441.5,441.5,440.5,441.5,63
2025-12-17T19:00:00+00:00,440.5,441,440.5,440.5,19
2025-12-18T01:00:00+00:00,441.5,442.5,441.5,442,0
2025-12-18T02:00:00+00:00,441.5,441.5,441.5,441.5,1
2025-12-18T03:00:00+00:00,441.5,442,441,441,5
2025-12-18T05:00:00+00:00,441.5,442,441.5,441.5,3
2025-12-18T07:00:00+00:00,441.5,441.5,441.5,441.5,2
2025-12-18T12:00:00+00:00,441.5,441.5,441.5,441.5,2
2025-12-18T13:00:00+00:00,441.5,443,441.5,443,5
2025-12-18T14:00:00+00:00,443,444.5,443,444.5,46
2025-12-18T15:00:00+00:00,445,445,443,443.5,41
2025-12-18T16:00:00+00:00,444,444.5,443.5,444.5,6
2025-12-18T17:00:00+00:00,444,444,444,444,2
2025-12-18T18:00:00+00:00,444.5,445.5,444.5,445,44
2025-12-18T19:00:00+00:00,445,445,444,444.5,36
2025-12-19T01:00:00+00:00,445.5,448.5,444.5,444.5,0
2025-12-19T02:00:00+00:00,444,444,443.5,443.5,5
2025-12-19T08:00:00+00:00,444,444,444,444,1
2025-12-19T12:00:00+00:00,444,444,444,444,1
2025-12-19T13:00:00+00:00,444,444,443.5,444,3
2025-12-19T14:00:00+00:00,444,444.5,443.5,444.5,35
2025-12-19T15:00:00+00:00,445,445,442.5,443.5,118
2025-12-19T16:00:00+00:00,443.5,443.5,442.5,443.5,56
2025-12-19T17:00:00+00:00,443,444,443,443.5,44
2025-12-19T18:00:00+00:00,444,444,443.5,444,30
2025-12-19T19:00:00+00:00,444,444,443.5,444,22
2025-12-22T01:00:00+00:00,443.5,444.5,443.5,444.5,1
2025-12-22T02:00:00+00:00,445,445.5,445,445.5,2
2025-12-22T04:00:00+00:00,445.5,445.5,445,445,2
2025-12-22T07:00:00+00:00,445.5,446,445.5,446,3
2025-12-22T11:00:00+00:00,446.5,446.5,446,446,15
2025-12-22T12:00:00+00:00,446,446,446,446,11
2025-12-22T13:00:00+00:00,447,447.5,447,447.5,3
2025-12-22T14:00:00+00:00,446.5,447,446,447,13
2025-12-22T16:00:00+00:00,446.5,446.5,445.5,445.5,17
2025-12-22T17:00:00+00:00,446,446,446,446,1
2025-12-22T18:00:00+00:00,446.5,446.5,446.5,446.5,8
2025-12-22T19:00:00+00:00,446.5,447,446.5,446.5,9
2025-12-23T01:00:00+00:00,443,447,440,447,0
2025-12-23T04:00:00+00:00,447,447,447,447,1
2025-12-23T06:00:00+00:00,447.5,447.5,447,447,4
2025-12-23T07:00:00+00:00,447.5,448,447.5,448,3
2025-12-23T08:00:00+00:00,448,448,448,448,1
2025-12-23T09:00:00+00:00,447.5,447.5,447.5,447.5,4
2025-12-23T11:00:00+00:00,448.5,449,448.5,449,5
2025-12-23T13:00:00+00:00,449,449,448,448,4
2025-12-23T14:00:00+00:00,448,448,448,448,6
2025-12-23T15:00:00+00:00,447.5,448,447.5,448,12
2025-12-23T16:00:00+00:00,447.5,447.5,446.5,447.5,19
2025-12-23T17:00:00+00:00,447.5,447.5,447.5,447.5,6
2025-12-23T19:00:00+00:00,447.5,448,447,448,14
2025-12-24T01:00:00+00:00,447.5,447.5,447.5,447.5,0
2025-12-24T04:00:00+00:00,448,448,448,448,1
2025-12-24T06:00:00+00:00,449,449,449,449,1
2025-12-24T07:00:00+00:00,449,449,449,449,1
2025-12-24T08:00:00+00:00,449,449,449,449,3
2025-12-24T11:00:00+00:00,449.5,449.5,449.5,449.5,1
2025-12-24T12:00:00+00:00,449.5,449.5,449.5,449.5,6
2025-12-24T13:00:00+00:00,449,449,449,449,1
2025-12-24T14:30:00+00:00,449,450,448,449.5,37
2025-12-24T16:30:00+00:00,449.5,450,449.5,450,12
2025-12-24T17:30:00+00:00,450,451,450,450.5,38
2025-12-24T18:00:00+00:00,450.5,451,450.5,451,5
2025-12-26T14:00:00+00:00,452,453,450.5,451,87
2025-12-26T15:00:00+00:00,451,452,450.5,451,63
2025-12-26T16:00:00+00:00,450.5,450.5,449,449.5,89
2025-12-26T17:00:00+00:00,449.5,449.5,449,449,73
2025-12-26T18:00:00+00:00,449,450,449,450,23
2025-12-26T19:00:00+00:00,450,450,450,450,30
2025-12-29T01:00:00+00:00,451.5,451.5,449.5,449.5,4
2025-12-29T02:00:00+00:00,450,450,450,450,1
2025-12-29T03:00:00+00:00,450,450,450,450,12
2025-12-29T04:00:00+00:00,450,450,450,450,6
2025-12-29T05:00:00+00:00,449.5,449.5,449.5,449.5,1
2025-12-29T06:00:00+00:00,449.5,449.5,449.5,449.5,1
2025-12-29T07:00:00+00:00,449,449,449,449,12
2025-12-29T08:00:00+00:00,448,448,448,448,6
2025-12-29T11:00:00+00:00,447.5,447.5,447.5,447.5,3
2025-12-29T12:00:00+00:00,447.5,447.5,446.5,447.5,10
2025-12-29T13:00:00+00:00,447.5,447.5,447.5,447.5,1
2025-12-29T14:00:00+00:00,446,446,444,444.5,76
2025-12-29T15:00:00+00:00,444.5,445,443.5,443.5,152
2025-12-29T16:00:00+00:00,444,444,443,443.5,67
2025-12-29T17:00:00+00:00,443.5,443.5,443,443,27
2025-12-29T18:00:00+00:00,443,443,442,442,36
2025-12-29T19:00:00+00:00,442,442.5,442,442.5,7
2025-12-30T01:00:00+00:00,441,441,441,441,0
2025-12-30T04:00:00+00:00,442.5,442.5,442.5,442.5,1
2025-12-30T06:00:00+00:00,442.5,442.5,442,442,3
2025-12-30T08:00:00+00:00,442.5,442.5,441.5,441.5,2
2025-12-30T09:00:00+00:00,441.5,450,441.5,450,0
2025-12-30T14:00:00+00:00,450,450,448.5,449,67
2025-12-30T15:00:00+00:00,448.5,449,448.5,449,42
2025-12-30T16:00:00+00:00,449,449,449,449,15
2025-12-30T17:00:00+00:00,449,449,448.5,448.5,18
2025-12-30T19:00:00+00:00,448.5,448.5,448.5,448.5,6
2025-12-31T01:00:00+00:00,448.5,448.5,448.5,448.5,0
2025-12-31T02:00:00+00:00,448.5,448.5,448.5,448.5,1
2025-12-31T03:00:00+00:00,448.5,448.5,448.5,448.5,1
2025-12-31T07:00:00+00:00,448,448,448,448,1
2025-12-31T08:00:00+00:00,440,440,439,439,3
2025-12-31T09:00:00+00:00,439.5,439.5,439.5,439.5,1
2025-12-31T11:00:00+00:00,439,439,439,439,1
2025-12-31T13:00:00+00:00,439.5,439.5,439.5,439.5,4
2025-12-31T14:00:00+00:00,441.5,441.5,441,441,34
2025-12-31T15:00:00+00:00,441,442.5,441,442,68
2025-12-31T16:00:00+00:00,442,442,441.5,441.5,36
2025-12-31T17:00:00+00:00,441.5,442,441.5,441.5,17
2025-12-31T18:00:00+00:00,441.5,441.5,440.5,440.5,9
2025-12-31T19:00:00+00:00,440.5,440.5,440,440.5,28
2026-01-02T14:00:00+00:00,439,439,437.5,438,24
2026-01-02T15:00:00+00:00,438,439,437.5,438,33
2026-01-02T16:00:00+00:00,437.5,438,436.5,438,23
2026-01-02T17:00:00+00:00,438,438,437.5,437.5,4
2026-01-02T18:00:00+00:00,438,438,437.5,438,20
2026-01-02T19:00:00+00:00,437.5,437.5,437.5,437.5,2
2026-01-05T01:00:00+00:00,436.5,438,436.5,437.5,16
2026-01-05T02:00:00+00:00,438,438,437.5,438,12
2026-01-05T03:00:00+00:00,438.5,438.5,438,438,14
2026-01-05T05:00:00+00:00,438.5,438.5,438,438,4
2026-01-05T06:00:00+00:00,438.5,439,438.5,439,7
2026-01-05T07:00:00+00:00,439,439,438.5,439,11
2026-01-05T08:00:00+00:00,438.5,439,438.5,439,8
2026-01-05T09:00:00+00:00,439,440,438.5,439.5,20
2026-01-05T10:00:00+00:00,439.5,439.5,439.5,439.5,12
2026-01-05T11:00:00+00:00,440,440,440,440,3
2026-01-05T12:00:00+00:00,440,440,440,440,13
2026-01-05T13:00:00+00:00,440.5,441,440.5,440.5,33
2026-01-05T14:00:00+00:00,441,443.5,441,442.5,35
2026-01-05T15:00:00+00:00,443,443,442,442.5,40
2026-01-05T16:00:00+00:00,442.5,444,442.5,444,26
2026-01-05T17:00:00+00:00,443.5,445,443.5,445,23
2026-01-05T18:00:00+00:00,445,445,445,445,5
2026-01-05T19:00:00+00:00,444.5,445,444.5,444.5,12
2026-01-06T01:00:00+00:00,446,446,446,446,0
2026-01-06T02:00:00+00:00,446,446,445,445.5,7
2026-01-06T03:00:00+00:00,445,445.5,445,445.5,6
2026-01-06T04:00:00+00:00,445,445,445,445,9
2026-01-06T05:00:00+00:00,445,445,444.5,444.5,11
2026-01-06T06:00:00+00:00,444.5,445,444.5,445,10
2026-01-06T07:00:00+00:00,445,445.5,445,445,10
2026-01-06T08:00:00+00:00,445,445,444.5,444.5,18
2026-01-06T09:00:00+00:00,452.5,452.5,451.5,451.5,63
2026-01-06T10:00:00+00:00,451.5,451.5,451.5,451.5,39
2026-01-06T11:00:00+00:00,451.5,452,451.5,452,15
2026-01-06T12:00:00+00:00,452,452,452,452,36
2026-01-06T13:00:00+00:00,452,452,452,452,3
2026-01-06T14:00:00+00:00,452,452.5,452,452.5,16
2026-01-06T15:00:00+00:00,452.5,453,452,453,35
2026-01-06T16:00:00+00:00,453.5,454,453.5,453.5,23
2026-01-06T17:00:00+00:00,454,454,454,454,0
2026-01-06T18:00:00+00:00,453,453,451.5,451.5,0
2026-01-06T19:00:00+00:00,451.5,451.5,451,451,0
2026-01-07T14:00:00+00:00,453.5,453.5,452.5,452.5,28
2026-01-07T15:00:00+00:00,453,453.5,453,453.5,6
2026-01-07T16:00:00+00:00,452,452.5,452,452.5,12
2026-01-07T17:00:00+00:00,453,454,453,453.5,12
2026-01-07T18:00:00+00:00,454,454,454,454,9
2026-01-08T04:00:00+00:00,453.5,453.5,453.5,453.5,0
2026-01-08T08:00:00+00:00,446,446,446,446,5
2026-01-08T09:00:00+00:00,446,446,446,446,2
2026-01-08T11:00:00+00:00,446.5,446.5,446.5,446.5,1
2026-01-08T12:00:00+00:00,446,446.5,446,446.5,3
2026-01-08T13:00:00+00:00,447,447,446,446,3
2026-01-08T14:00:00+00:00,447,447.5,447,447,67
2026-01-08T15:00:00+00:00,447,448,447,447.5,89
2026-01-08T16:00:00+00:00,447.5,447.5,447.5,447.5,54
2026-01-08T17:00:00+00:00,447.5,447.5,446.5,446.5,28
2026-01-08T18:00:00+00:00,446.5,447,446.5,446.5,52
2026-01-08T19:00:00+00:00,446.5,446.5,445.5,445.5,31
2026-01-09T01:00:00+00:00,445,445.5,445,445.5,0
2026-01-09T02:00:00+00:00,445,445,445,445,5
2026-01-09T03:00:00+00:00,445,445,445,445,2
2026-01-09T06:00:00+00:00,445,446,445,446,4
2026-01-09T07:00:00+00:00,445.5,445.5,445.5,445.5,4
2026-01-09T14:00:00+00:00,459.5,459.5,459,459,14
2026-01-09T15:00:00+00:00,460,460,460,460,15
2026-01-09T16:00:00+00:00,460,460.5,460,460.5,18
2026-01-09T17:00:00+00:00,460.5,461.5,460.5,461,54
2026-01-09T18:00:00+00:00,460.5,460.5,460,460,21
2026-01-09T19:00:00+00:00,453.5,453.5,453,453,62
2026-01-12T08:00:00+00:00,447,447,447,447,0
2026-01-12T09:00:00+00:00,448,448,448,448,2
2026-01-12T10:00:00+00:00,448,448,447.5,447.5,4
2026-01-12T11:00:00+00:00,456,456,456,456,10
2026-01-12T14:00:00+00:00,455.5,455.5,455,455,13
2026-01-12T15:00:00+00:00,454.5,455,454.5,455,6
2026-01-12T16:00:00+00:00,456,456.5,456,456,9
2026-01-12T17:00:00+00:00,447.5,447.5,434.5,434.5,108
2026-01-12T18:00:00+00:00,435,435,429.5,429.5,83
2026-01-12T19:00:00+00:00,429,430.5,429,430.5,27
2026-01-13T01:00:00+00:00,430.5,430.5,430.5,430.5,0
2026-01-13T05:00:00+00:00,430,430,430,430,1
2026-01-13T07:00:00+00:00,428,428,428,428,4
2026-01-13T08:00:00+00:00,428,428,419,419,1
2026-01-13T09:00:00+00:00,420,420.5,420,420.5,73
2026-01-13T10:00:00+00:00,420,420,419,419.5,34
2026-01-13T12:00:00+00:00,418.5,419,418,418.5,19
2026-01-13T13:00:00+00:00,419,419,417.5,418,92
2026-01-13T14:00:00+00:00,418,421,417.5,420,112
2026-01-13T15:00:00+00:00,420.5,422.5,420,421.5,220
2026-01-13T16:00:00+00:00,421.5,422.5,421,421.5,74
2026-01-13T17:00:00+00:00,422,422,421,421,43
2026-01-13T18:00:00+00:00,420.5,420.5,420,420,42
2026-01-13T19:00:00+00:00,420.5,420.5,419.5,420,34
2026-01-14T01:00:00+00:00,423,423,417.5,421,0
2026-01-14T02:00:00+00:00,421.5,421.5,421.5,421.5,2
2026-01-14T03:00:00+00:00,421,421.5,421,421.5,6
2026-01-14T04:00:00+00:00,421.5,421.5,421.5,421.5,3
2026-01-14T09:00:00+00:00,422,422.5,422,422,8
2026-01-14T10:00:00+00:00,422,423,422,423,3
2026-01-14T11:00:00+00:00,423,423.5,422.5,423.5,14
2026-01-14T12:00:00+00:00,423.5,423.5,423.5,423.5,5
2026-01-14T13:00:00+00:00,424,424.5,424,424.5,3
2026-01-14T14:00:00+00:00,424.5,424.5,422,422,62
2026-01-14T15:00:00+00:00,421.5,422,419.5,419.5,63
2026-01-14T16:00:00+00:00,420,422.5,420,422.5,32
2026-01-14T17:00:00+00:00,422,423,421.5,422.5,50
2026-01-14T18:00:00+00:00,422,422,421.5,421.5,14
2026-01-14T19:00:00+00:00,421.5,422,421.5,422,25
2026-01-15T01:00:00+00:00,422.5,424,422.5,423,0
2026-01-15T02:00:00+00:00,423,423.5,423,423,3
2026-01-15T03:00:00+00:00,423.5,423.5,423.5,423.5,3
2026-01-15T04:00:00+00:00,424,424,423,423,2
2026-01-15T06:00:00+00:00,423,423,423,423,7
2026-01-15T07:00:00+00:00,423.5,423.5,423.5,423.5,2
2026-01-15T08:00:00+00:00,423.5,423.5,423.5,423.5,1
2026-01-15T10:00:00+00:00,424,424,424,424,6
2026-01-15T11:00:00+00:00,424.5,425,424,425,5
2026-01-15T12:00:00+00:00,425.5,425.5,424.5,424.5,12
2026-01-15T13:00:00+00:00,424,424,423.5,423.5,6
2026-01-15T14:00:00+00:00,424,424,422,422.5,74
2026-01-15T15:00:00+00:00,422.5,423,422,422.5,177
2026-01-15T16:00:00+00:00,422,422,421,421,30
2026-01-15T17:00:00+00:00,421.5,421.5,420.5,421,14
2026-01-15T18:00:00+00:00,421,421,420.5,421,18
2026-01-15T19:00:00+00:00,420.5,420.5,420,420.5,9
2026-01-16T01:00:00+00:00,420.5,421,420.5,421,0
2026-01-16T03:00:00+00:00,421,421,421,421,3
2026-01-16T05:00:00+00:00,421,421,420.5,420.5,3
2026-01-16T06:00:00+00:00,420.5,420.5,420.5,420.5,2
2026-01-16T08:00:00+00:00,421,421,420.5,420.5,9
2026-01-16T10:00:00+00:00,421,421,421,421,1
2026-01-16T11:00:00+00:00,422,422,421.5,421.5,5
2026-01-16T13:00:00+00:00,421.5,421.5,421.5,421.5,1
2026-01-16T14:00:00+00:00,421.5,424,421.5,424,30
2026-01-16T15:00:00+00:00,423.5,424.5,423.5,423.5,99
2026-01-16T16:00:00+00:00,424,427,424,426.5,52
2026-01-16T17:00:00+00:00,426.5,427,426,426.5,28
2026-01-16T18:00:00+00:00,426.5,426.5,424.5,424.5,26
2026-01-16T19:00:00+00:00,424.5,425.5,424.5,424.5,11
2026-01-20T06:00:00+00:00,424,424,422,422.5,30
2026-01-20T07:00:00+00:00,422.5,423.5,422.5,423.5,3
2026-01-20T09:00:00+00:00,422.5,422.5,422.5,422.5,1
2026-01-20T10:00:00+00:00,422.5,422.5,422.5,422.5,1
2026-01-20T11:00:00+00:00,423,423,423,423,1
2026-01-20T12:00:00+00:00,422.5,422.5,422.5,422.5,2
2026-01-20T13:00:00+00:00,422.5,422.5,422.5,422.5,1
2026-01-20T14:00:00+00:00,424,424,423,423,54
2026-01-20T15:00:00+00:00,423.5,423.5,422.5,422.5,50
2026-01-20T16:00:00+00:00,422.5,423.5,422.5,423,34
2026-01-20T17:00:00+00:00,424,425,423.5,424.5,82
2026-01-20T18:00:00+00:00,424.5,424.5,424,424,49
2026-01-20T19:00:00+00:00,424,424,423.5,424,23
2026-01-21T01:00:00+00:00,424.5,424.5,424.5,424.5,0
2026-01-21T03:00:00+00:00,424,424.5,424,424.5,4
2026-01-21T07:00:00+00:00,424,424,424,424,1
2026-01-21T08:00:00+00:00,425.5,425.5,425.5,425.5,2
2026-01-21T09:00:00+00:00,425.5,425.5,425.5,425.5,1
2026-01-21T14:00:00+00:00,433,434,433,433,17
2026-01-21T15:00:00+00:00,432.5,432.5,431.5,431.5,17
2026-01-21T16:00:00+00:00,431,431,430.5,430.5,25
2026-01-21T17:00:00+00:00,430.5,430.5,430,430.5,17
2026-01-21T18:00:00+00:00,430,430,430,430,3
2026-01-22T08:00:00+00:00,423,423,423,423,0
2026-01-22T09:00:00+00:00,423,423.5,423,423.5,18
2026-01-22T10:00:00+00:00,423.5,423.5,423,423,2
2026-01-22T11:00:00+00:00,422.5,424,422.5,424,36
2026-01-22T12:00:00+00:00,423.5,423.5,423,423,18
2026-01-22T13:00:00+00:00,423.5,423.5,423,423,2
2026-01-22T14:00:00+00:00,422.5,423.5,422.5,422.5,18
2026-01-22T15:00:00+00:00,422,422.5,421,422.5,44
2026-01-22T16:00:00+00:00,422,422.5,422,422.5,7
2026-01-22T17:00:00+00:00,423,423,422.5,422.5,7
2026-01-22T18:00:00+00:00,423.5,424,423,424,22
2026-01-22T19:00:00+00:00,424,424,424,424,1
2026-01-23T01:00:00+00:00,424,424,424,424,0
2026-01-23T02:00:00+00:00,423,423.5,423,423.5,3
2026-01-23T07:00:00+00:00,423,423,422.5,422.5,2
2026-01-23T08:00:00+00:00,423.5,423.5,423.5,423.5,4
2026-01-23T13:00:00+00:00,424,426.5,424,426,15
2026-01-23T14:00:00+00:00,427,427.5,426,427,34
2026-01-23T15:00:00+00:00,427,429,427,429,34
2026-01-23T16:00:00+00:00,429,430,428.5,429,46
2026-01-23T17:00:00+00:00,429.5,431.5,429.5,431.5,21
2026-01-23T18:00:00+00:00,431,431,429.5,430,23
2026-01-23T19:00:00+00:00,430,431,430,430.5,12
2026-01-26T01:00:00+00:00,432,432,431,431,16
2026-01-26T02:00:00+00:00,431,431.5,431,431.5,13
2026-01-26T03:00:00+00:00,431,431,430.5,431,9
2026-01-26T04:00:00+00:00,431.5,431.5,431.5,431.5,9
2026-01-26T05:00:00+00:00,431,431,430.5,430.5,3
2026-01-26T07:00:00+00:00,431.5,431.5,431.5,431.5,2
2026-01-26T08:00:00+00:00,431,431,431,431,1
2026-01-26T09:00:00+00:00,429,429.5,428.5,429.5,8
2026-01-26T10:00:00+00:00,429,429,429,429,2
2026-01-26T11:00:00+00:00,429.5,429.5,429.5,429.5,2
2026-01-26T12:00:00+00:00,428.5,429,428,429,8
2026-01-26T13:00:00+00:00,428,428,427.5,427.5,11
2026-01-26T14:00:00+00:00,428,429.5,428,428.5,109
2026-01-26T15:00:00+00:00,428.5,429.5,428,428,60
2026-01-26T16:00:00+00:00,428,429,428,429,48
2026-01-26T17:00:00+00:00,429,429,428.5,429,78
2026-01-26T18:00:00+00:00,428.5,428.5,428,428.5,15
2026-01-26T19:00:00+00:00,428,428.5,428,428.5,32
2026-01-27T01:00:00+00:00,428.5,428.5,428,428,0
2026-01-27T02:00:00+00:00,428,428,428,428,1
2026-01-27T05:00:00+00:00,428,429,428,429,4
2026-01-27T06:00:00+00:00,429,429,428.5,428.5,8
2026-01-27T08:00:00+00:00,428,428,428,428,11
2026-01-27T11:00:00+00:00,429.5,429.5,429.5,429.5,1
2026-01-27T12:00:00+00:00,428.5,428.5,428.5,428.5,4
2026-01-27T13:00:00+00:00,429,429,429,429,3
2026-01-27T14:00:00+00:00,428,428.5,427,427,25
2026-01-27T15:00:00+00:00,428,428,426.5,427.5,37
2026-01-27T16:00:00+00:00,427,428,427,428,33
2026-01-27T17:00:00+00:00,427.5,428,427,427,12
2026-01-27T18:00:00+00:00,427,427,426.5,426.5,0
2026-01-28T01:00:00+00:00,427,427.5,427,427.5,4
2026-01-28T02:00:00+00:00,427.5,428,427.5,427.5,3
2026-01-28T04:00:00+00:00,428,428,428,428,2
2026-01-28T06:00:00+00:00,428.5,428.5,428.5,428.5,1
2026-01-28T09:00:00+00:00,429,429.5,429,429.5,12
2026-01-28T10:00:00+00:00,430,430,429.5,429.5,4
2026-01-28T13:00:00+00:00,429.5,429.5,429.5,429.5,1
2026-01-28T14:00:00+00:00,430,433,430,432.5,45
2026-01-28T15:00:00+00:00,432,432.5,431,431,78
2026-01-28T16:00:00+00:00,431,431.5,430.5,430.5,42
2026-01-28T17:00:00+00:00,431,431,430,430.5,14
2026-01-28T18:00:00+00:00,431,431,429.5,429.5,37
2026-01-28T19:00:00+00:00,429,430.5,429,430.5,18
2026-01-29T01:00:00+00:00,431.5,431.5,431,431,0
2026-01-29T02:00:00+00:00,431,431,431,431,1
2026-01-29T03:00:00+00:00,431,431,431,431,4
2026-01-29T04:00:00+00:00,431.5,431.5,431.5,431.5,1
2026-01-29T06:00:00+00:00,432,432,432,432,1
2026-01-29T09:00:00+00:00,432,432,432,432,0
2026-01-29T10:00:00+00:00,432.5,432.5,432.5,432.5,26
2026-01-29T11:00:00+00:00,432,433,432,433,7
2026-01-29T12:00:00+00:00,432,432,432,432,1
2026-01-29T14:00:00+00:00,432.5,433,431,431.5,65
2026-01-29T15:00:00+00:00,431.5,431.5,429,430,54
2026-01-29T16:00:00+00:00,429.5,429.5,428,429,65
2026-01-29T17:00:00+00:00,429.5,431,428.5,430,57
2026-01-29T18:00:00+00:00,430,430.5,429.5,430.5,19
2026-01-29T19:00:00+00:00,431,431.5,431,431.5,0
2026-01-30T01:00:00+00:00,431,431,430.5,430.5,2
2026-01-30T02:00:00+00:00,429.5,430,429.5,430,2
2026-01-30T03:00:00+00:00,429.5,430,429.5,430,3
2026-01-30T04:00:00+00:00,430,430,430,430,1
2026-01-30T06:00:00+00:00,430,430,430,430,14
2026-01-30T10:00:00+00:00,428.5,428.5,427.5,428,94
2026-01-30T11:00:00+00:00,428.5,429,428,429,4
2026-01-30T13:00:00+00:00,428.5,429,428.5,429,2
2026-01-30T14:00:00+00:00,428.5,428.5,426.5,428,64
2026-01-30T15:00:00+00:00,427.5,427.5,427.5,427.5,21
2026-02-02T18:00:00+00:00,424.5,424.5,424.5,424.5,114
2026-02-02T19:00:00+00:00,425,426,425,425.5,48
2026-02-03T02:00:00+00:00,427,427,427,427,0
2026-02-03T06:00:00+00:00,427,427,427,427,3
2026-02-03T07:00:00+00:00,427.5,427.5,426.5,427,6
2026-02-03T09:00:00+00:00,427,427.5,427,427.5,7
2026-02-03T10:00:00+00:00,427.5,427.5,426,426,5
2026-02-03T11:00:00+00:00,426.5,426.5,426.5,426.5,2
2026-02-03T12:00:00+00:00,427,427.5,427,427,10
2026-02-03T13:00:00+00:00,427.5,427.5,427.5,427.5,1
2026-02-03T14:00:00+00:00,427.5,427.5,426,427,20
2026-02-03T15:00:00+00:00,427,428.5,427,428,56
2026-02-03T16:00:00+00:00,428.5,428.5,427.5,428,22
2026-02-03T17:00:00+00:00,428.5,429,427.5,429,48
2026-02-03T18:00:00+00:00,429,429,427.5,427.5,23
2026-02-03T19:00:00+00:00,428,429,428,429,18
2026-02-04T02:00:00+00:00,429,429,429,429,0
2026-02-04T04:00:00+00:00,429,429,428,428.5,3
2026-02-04T06:00:00+00:00,429,429,429,429,1
2026-02-04T08:00:00+00:00,428,428,428,428,1
2026-02-04T10:00:00+00:00,427,427,427,427,1
2026-02-04T14:00:00+00:00,427,428.5,426.5,426.5,86
2026-02-04T15:00:00+00:00,426.5,432.5,425.5,431.5,266
2026-02-04T16:00:00+00:00,431,432,427,428.5,329
2026-02-04T17:00:00+00:00,428.5,431,428.5,429,255
2026-02-04T18:00:00+00:00,429,429.5,428,428.5,170
2026-02-04T19:00:00+00:00,429,429.5,429,429,47
2026-02-05T01:00:00+00:00,428.5,428.5,427.5,427.5,0
2026-02-05T02:00:00+00:00,427,427.5,427,427.5,6
2026-02-05T03:00:00+00:00,428,428,428,428,3
2026-02-05T05:00:00+00:00,428.5,428.5,428.5,428.5,5
2026-02-05T10:00:00+00:00,431,431,431,431,3
2026-02-05T13:00:00+00:00,429,429,428.5,429,5
2026-02-05T14:00:00+00:00,428.5,431.5,428,431,153
2026-02-05T15:00:00+00:00,431.5,432.5,431.5,432.5,113
2026-02-05T16:00:00+00:00,433,435.5,432.5,433.5,120
2026-02-05T17:00:00+00:00,434,435,434,435,73
2026-02-05T18:00:00+00:00,435.5,435.5,434,434,61
2026-02-05T19:00:00+00:00,434.5,435.5,434.5,435.5,44
2026-02-06T01:00:00+00:00,435.5,435.5,434,434,0
2026-02-06T02:00:00+00:00,434,434,434,434,2
2026-02-06T05:00:00+00:00,434,434.5,434,434,3
2026-02-06T07:00:00+00:00,433.5,433.5,433.5,433.5,1
2026-02-06T09:00:00+00:00,432.5,432.5,432,432,7
2026-02-06T11:00:00+00:00,433.5,433.5,433.5,433.5,1
2026-02-06T12:00:00+00:00,434,435,434,434,21
2026-02-06T13:00:00+00:00,434,434.5,433,433,20
2026-02-06T14:00:00+00:00,433.5,435,433,433.5,125
2026-02-06T15:00:00+00:00,433.5,436,433.5,434.5,143
2026-02-06T16:00:00+00:00,434.5,434.5,431.5,432,141
2026-02-06T17:00:00+00:00,431.5,431.5,430.5,430.5,119
2026-02-06T18:00:00+00:00,430,430.5,428.5,430,104
2026-02-06T19:00:00+00:00,429.5,430.5,429.5,430.5,59
2026-02-09T01:00:00+00:00,437,437,437,437,0
2026-02-09T06:00:00+00:00,429,429,429,429,0
2026-02-09T11:00:00+00:00,428.5,428.5,428.5,428.5,16
2026-02-09T13:00:00+00:00,429,429.5,429,429.5,11
2026-02-09T14:00:00+00:00,429.5,429.5,428.5,428.5,72
2026-02-09T15:00:00+00:00,428.5,428.5,427.5,428.5,66
2026-02-09T16:00:00+00:00,428,428.5,428,428,73
2026-02-09T17:00:00+00:00,428.5,428.5,427.5,427.5,25
2026-02-09T18:00:00+00:00,427.5,429,427.5,429,54
2026-02-09T19:00:00+00:00,429,437,428.5,437,0
2026-02-10T06:00:00+00:00,436.5,436.5,428.5,428.5,0
2026-02-10T10:00:00+00:00,443.5,443.5,443.5,443.5,0
2026-02-10T11:00:00+00:00,443.5,443.5,443.5,443.5,24
2026-02-10T14:00:00+00:00,444.5,445,444.5,445,23
2026-02-10T15:00:00+00:00,444.5,445,429,429.5,62
2026-02-10T16:00:00+00:00,430,430,428.5,428.5,15
2026-02-10T17:00:00+00:00,429.5,429.5,429,429,9
2026-02-10T18:00:00+00:00,429.5,429.5,428,428,19
2026-02-10T19:00:00+00:00,436.5,436.5,436.5,436.5,0
2026-02-11T01:00:00+00:00,440,443,437.5,437.5,3
2026-02-11T05:00:00+00:00,437.5,437.5,437.5,437.5,1
2026-02-11T07:00:00+00:00,437,437.5,429,429,0
2026-02-11T08:00:00+00:00,429.5,429.5,429.5,429.5,63
2026-02-11T10:00:00+00:00,428.5,428.5,428.5,428.5,2
2026-02-11T12:00:00+00:00,428.5,428.5,427.5,427.5,10
2026-02-11T13:00:00+00:00,428,428,428,428,2
2026-02-11T14:00:00+00:00,427,428,426.5,427.5,72
2026-02-11T15:00:00+00:00,427,427,426,427,117
2026-02-11T16:00:00+00:00,427,427,426,426,32
2026-02-11T17:00:00+00:00,426,426.5,425.5,426.5,78
2026-02-11T18:00:00+00:00,426,429,426,428,138
2026-02-11T19:00:00+00:00,428,428,427.5,427.5,24
2026-02-12T02:00:00+00:00,427.5,427.5,427.5,427.5,0
2026-02-12T04:00:00+00:00,428,428,427,427,2
2026-02-12T07:00:00+00:00,427.5,427.5,427.5,427.5,6
2026-02-12T10:00:00+00:00,428,428,428,428,1
2026-02-12T11:00:00+00:00,428.5,428.5,428.5,428.5,1
2026-02-12T12:00:00+00:00,428.5,428.5,428.5,428.5,6
2026-02-12T14:00:00+00:00,429.5,431,429,430,79
2026-02-12T15:00:00+00:00,429,429.5,428.5,429,33
2026-02-12T16:00:00+00:00,429.5,430,429,429.5,33
2026-02-12T17:00:00+00:00,430,430.5,429.5,430.5,31
2026-02-12T18:00:00+00:00,430.5,431,430.5,431,21
2026-02-12T19:00:00+00:00,431.5,431.5,431.5,431.5,16
2026-02-13T01:00:00+00:00,431,431,431,431,0
2026-02-13T03:00:00+00:00,431,431,430.5,430.5,11
2026-02-13T04:00:00+00:00,430.5,431,430.5,430.5,4
2026-02-13T05:00:00+00:00,431,431.5,431,431,14
2026-02-13T11:00:00+00:00,430.5,430.5,430.5,430.5,1
2026-02-13T12:00:00+00:00,431,431,431,431,10
2026-02-13T14:00:00+00:00,430,431,430,431,108
2026-02-13T15:00:00+00:00,431,432.5,430,431,127
2026-02-13T16:00:00+00:00,431,431.5,431,431.5,84
2026-02-13T17:00:00+00:00,432,432,431.5,432,48
2026-02-13T18:00:00+00:00,432,433,432,432.5,51
2026-02-13T19:00:00+00:00,432,432,431.5,431.5,22
2026-02-17T08:00:00+00:00,429,429,429,429,11
2026-02-17T12:00:00+00:00,429,429,429,429,3
2026-02-17T13:00:00+00:00,428.5,428.5,428.5,428.5,2
2026-02-17T14:00:00+00:00,427,428.5,427,428.5,68
2026-02-17T15:00:00+00:00,428,438,427,438,157
2026-02-17T16:00:00+00:00,437.5,437.5,437,437,54
2026-02-17T17:00:00+00:00,437,437,436,436,51
2026-02-17T18:00:00+00:00,436,436.5,435.5,435.5,42
2026-02-17T19:00:00+00:00,435.5,436,435.5,436,18
2026-02-18T01:00:00+00:00,437,437,437,437,0
2026-02-18T02:00:00+00:00,437,437,437,437,1
2026-02-18T12:00:00+00:00,437,437,436.5,436.5,2
2026-02-18T14:00:00+00:00,437.5,437.5,436.5,437,22
2026-02-18T15:00:00+00:00,436.5,436.5,425.5,426,54
2026-02-18T16:00:00+00:00,426.5,427,426.5,426.5,23
2026-02-18T17:00:00+00:00,426,426.5,425.5,426,21
2026-02-18T18:00:00+00:00,426.5,426.5,426,426,21
2026-02-18T19:00:00+00:00,426.5,436.5,426.5,436.5,0
2026-02-19T01:00:00+00:00,435,435,434,434,4
2026-02-19T04:00:00+00:00,437,437,437,437,4
2026-02-19T06:00:00+00:00,437,437,437,437,1
2026-02-19T07:00:00+00:00,437,437,437,437,1
2026-02-19T08:00:00+00:00,437,437,427.5,427.5,17
2026-02-19T09:00:00+00:00,426.5,426.5,426.5,426.5,12
2026-02-19T10:00:00+00:00,427.5,427.5,427.5,427.5,1
2026-02-19T12:00:00+00:00,426,426,426,426,1
2026-02-19T13:00:00+00:00,426.5,426.5,426.5,426.5,2
2026-02-19T14:00:00+00:00,425.5,425.5,424.5,424.5,50
2026-02-19T15:00:00+00:00,424.5,435,424.5,435,77
2026-02-19T16:00:00+00:00,435,435.5,435,435,39
2026-02-19T17:00:00+00:00,435,435.5,435,435.5,19
2026-02-19T18:00:00+00:00,436,436.5,436,436.5,13
2026-02-19T19:00:00+00:00,436.5,436.5,425.5,425.5,10
2026-02-20T02:00:00+00:00,426,426,426,426,0
2026-02-20T03:00:00+00:00,445.5,445.5,445.5,445.5,0
2026-02-20T13:00:00+00:00,445.5,447,445.5,447,11
2026-02-20T15:00:00+00:00,447.5,447.5,435.5,437,146
2026-02-20T16:00:00+00:00,437.5,439,437.5,439,72
2026-02-20T17:00:00+00:00,439.5,440,439.5,440,26
2026-02-20T18:00:00+00:00,439.5,440,439,439.5,16
2026-02-20T19:00:00+00:00,440,440,440,440,3
2026-02-23T01:00:00+00:00,435.5,439,434.5,438.5,8
2026-02-23T03:00:00+00:00,438.5,438.5,438.5,438.5,12
2026-02-23T05:00:00+00:00,438,438,438,438,1
2026-02-23T06:00:00+00:00,438,438.5,438,438.5,6
2026-02-23T08:00:00+00:00,439,439,439,439,7
2026-02-23T09:00:00+00:00,439,439,439,439,1
2026-02-23T12:00:00+00:00,439,439,438,438,5
2026-02-23T13:00:00+00:00,439,439,439,439,8
2026-02-23T14:00:00+00:00,439.5,441.5,439.5,441.5,67
2026-02-23T15:00:00+00:00,441.5,444,441.5,444,73
2026-02-23T16:00:00+00:00,444,445,444,444.5,101
2026-02-23T17:00:00+00:00,444.5,444.5,441.5,441.5,147
2026-02-23T18:00:00+00:00,441.5,441.5,440.5,440.5,69
2026-02-23T19:00:00+00:00,440.5,440.5,440,440,46
2026-02-24T01:00:00+00:00,440.5,440.5,440.5,440.5,0
2026-02-24T02:00:00+00:00,441,441,441,441,2
2026-02-24T03:00:00+00:00,440.5,440.5,440.5,440.5,1
2026-02-24T07:00:00+00:00,440,440.5,440,440.5,6
2026-02-24T08:00:00+00:00,440.5,440.5,440.5,440.5,3
2026-02-24T10:00:00+00:00,440,440,440,440,3
2026-02-24T11:00:00+00:00,440,440,440,440,10
2026-02-24T12:00:00+00:00,440,440,440,440,5
2026-02-24T13:00:00+00:00,439.5,439.5,439.5,439.5,1
2026-02-24T14:00:00+00:00,440,440.5,438.5,439.5,85
2026-02-24T15:00:00+00:00,440,440,438,438,117
2026-02-24T16:00:00+00:00,438,438,437.5,437.5,36
2026-02-24T17:00:00+00:00,438,438,437.5,438,74
2026-02-24T18:00:00+00:00,437.5,438,437.5,438,41
2026-02-24T19:00:00+00:00,438,439,438,439,34
2026-02-25T01:00:00+00:00,439,442.5,439,440,0
2026-02-25T02:00:00+00:00,439.5,440,439.5,440,2
2026-02-25T03:00:00+00:00,440,440,440,440,1
2026-02-25T04:00:00+00:00,440,440,440,440,6
2026-02-25T10:00:00+00:00,440,440,440,440,1
2026-02-25T11:00:00+00:00,440,440,440,440,1
2026-02-25T12:00:00+00:00,439,439,438.5,438.5,12
2026-02-25T14:00:00+00:00,438.5,439.5,438.5,439.5,14
2026-02-25T15:00:00+00:00,439.5,447.5,439,447.5,88
2026-02-25T16:00:00+00:00,447.5,449.5,447.5,449.5,30
2026-02-25T17:00:00+00:00,450,450.5,450,450,68
2026-02-25T18:00:00+00:00,449.5,449.5,449.5,449.5,30
2026-02-25T19:00:00+00:00,449.5,450.5,449.5,450.5,21
2026-02-26T07:00:00+00:00,442,442,442,442,0
2026-02-26T09:00:00+00:00,442,443.5,442,443.5,11
2026-02-26T10:00:00+00:00,443,443,443,443,4
2026-02-26T12:00:00+00:00,443.5,443.5,443.5,443.5,12
2026-02-26T13:00:00+00:00,444,444,444,444,1
2026-02-26T14:00:00+00:00,444,445,443,445,40
2026-02-26T15:00:00+00:00,445.5,445.5,441,442.5,76
2026-02-26T16:00:00+00:00,442,443,442,442.5,30
2026-02-26T17:00:00+00:00,442.5,442.5,441,441,25
2026-02-26T18:00:00+00:00,441.5,442.5,440.5,442.5,34
2026-02-26T19:00:00+00:00,443,444,443,444,16
2026-02-27T01:00:00+00:00,442.5,442.5,442.5,442.5,0
2026-02-27T02:00:00+00:00,443,443,443,443,1
2026-02-27T07:00:00+00:00,444,444,444,444,1
2026-02-27T08:00:00+00:00,444,452,444,444.5,14
2026-02-27T09:00:00+00:00,452,452,452,452,25
2026-02-27T12:00:00+00:00,453,454,453,454,10
2026-02-27T13:00:00+00:00,454.5,454.5,447,447.5,18
2026-02-27T14:00:00+00:00,447,448.5,447,447.5,38
2026-02-27T15:00:00+00:00,447,447.5,446,447.5,72
2026-02-27T16:00:00+00:00,447,447,446.5,446.5,11
2026-02-27T17:00:00+00:00,447,448.5,447,448.5,61
2026-02-27T18:00:00+00:00,449,449.5,449,449.5,47
2026-02-27T19:00:00+00:00,448.5,448.5,448,448,18
2026-03-02T01:00:00+00:00,450.5,453,447.5,448,61
2026-03-02T02:00:00+00:00,447.5,447.5,447,447,2
2026-03-02T03:00:00+00:00,448,448,448,448,5
2026-03-02T04:00:00+00:00,448.5,448.5,448.5,448.5,1
2026-03-02T05:00:00+00:00,448.5,448.5,448.5,448.5,1
2026-03-02T07:00:00+00:00,448,449,448,448.5,4
2026-03-02T08:00:00+00:00,449,449,449,449,1
2026-03-02T10:00:00+00:00,449.5,449.5,449.5,449.5,1
2026-03-02T11:00:00+00:00,450,450,448.5,448.5,5
2026-03-02T12:00:00+00:00,448.5,449,448,449,5
2026-03-02T13:00:00+00:00,449,449,449,449,3
2026-03-02T14:00:00+00:00,455,455,444,444,80
2026-03-02T15:00:00+00:00,444.5,445.5,444.5,445,59
2026-03-02T16:00:00+00:00,444,445,443.5,445,29
2026-03-02T17:00:00+00:00,445,445,443.5,444.5,16
2026-03-02T18:00:00+00:00,444.5,445.5,444.5,445.5,28
2026-03-02T19:00:00+00:00,445.5,446.5,445.5,445.5,36
2026-03-03T01:00:00+00:00,445.5,446.5,445.5,446.5,0
2026-03-03T02:00:00+00:00,445.5,446.5,445.5,446,13
2026-03-03T06:00:00+00:00,447,447,446.5,446.5,8
2026-03-03T07:00:00+00:00,447,447,447,447,6
2026-03-03T08:00:00+00:00,447.5,447.5,447,447,6
2026-03-03T09:00:00+00:00,448,448.5,448,448.5,11
2026-03-03T10:00:00+00:00,449.5,450.5,449.5,450,10
2026-03-03T11:00:00+00:00,451.5,451.5,451,451,21
2026-03-03T12:00:00+00:00,450.5,451.5,450.5,451.5,26
2026-03-03T13:00:00+00:00,450.5,450.5,450.5,450.5,3
2026-03-03T14:00:00+00:00,450.5,451,448.5,449,58
2026-03-03T15:00:00+00:00,448.5,448.5,444.5,444.5,107
2026-03-03T16:00:00+00:00,445,446.5,444.5,444.5,56
2026-03-03T17:00:00+00:00,445,445.5,445,445.5,10
2026-03-03T18:00:00+00:00,446,447,446,447,28
2026-03-03T19:00:00+00:00,447,447,446,446.5,25
2026-03-04T01:00:00+00:00,447.5,447.5,445.5,445.5,0
2026-03-04T02:00:00+00:00,445.5,445.5,445.5,445.5,1
2026-03-04T03:00:00+00:00,446,446,446,446,1
2026-03-04T05:00:00+00:00,447,447,447,447,2
2026-03-04T07:00:00+00:00,446,446,446,446,1
2026-03-04T09:00:00+00:00,446.5,446.5,446,446,2
2026-03-04T12:00:00+00:00,445,445,444.5,444.5,9
2026-03-04T13:00:00+00:00,443,443,442.5,442.5,8
2026-03-04T14:00:00+00:00,442.5,443,441.5,442,83
2026-03-04T15:00:00+00:00,442.5,443,441,441,103
2026-03-04T16:00:00+00:00,441,441,440,441,67
2026-03-04T17:00:00+00:00,441.5,443,441.5,443,40
2026-03-04T18:00:00+00:00,443.5,443.5,443,443.5,54
2026-03-04T19:00:00+00:00,443.5,444,443.5,443.5,27
2026-03-05T01:00:00+00:00,443.5,444.5,443.5,444.5,0
2026-03-05T02:00:00+00:00,444.5,445,444.5,445,2
2026-03-05T03:00:00+00:00,445,445,445,445,1
2026-03-05T04:00:00+00:00,444.5,445,444.5,445,2
2026-03-05T05:00:00+00:00,445,445,445,445,2
2026-03-05T07:00:00+00:00,444.5,444.5,444.5,444.5,1
2026-03-05T08:00:00+00:00,445.5,445.5,445.5,445.5,5
2026-03-05T12:00:00+00:00,446.5,446.5,446.5,446.5,7
2026-03-05T13:00:00+00:00,446.5,446.5,446.5,446.5,1
2026-03-05T14:00:00+00:00,446.5,449,446.5,448.5,73
2026-03-05T15:00:00+00:00,448.5,449,447.5,449,62
2026-03-05T16:00:00+00:00,449,450.5,449,450.5,73
2026-03-05T17:00:00+00:00,450.5,451.5,450.5,451.5,38
2026-03-05T18:00:00+00:00,451.5,454,451.5,453,117
2026-03-05T19:00:00+00:00,453,454,453,454,11
2026-03-06T01:00:00+00:00,452,456,450,453,0
2026-03-06T02:00:00+00:00,453.5,454,453.5,454,6
2026-03-06T03:00:00+00:00,454,454,454,454,4
2026-03-06T04:00:00+00:00,454.5,454.5,454.5,454.5,3
2026-03-06T05:00:00+00:00,454.5,454.5,454,454,3
2026-03-06T07:00:00+00:00,455,455,455,455,5
2026-03-06T08:00:00+00:00,455,456,455,455,40
2026-03-06T09:00:00+00:00,455,456,455,456,7
2026-03-06T10:00:00+00:00,455,456,455,456,5
2026-03-06T11:00:00+00:00,456.5,457,456,456.5,36
2026-03-06T12:00:00+00:00,457.5,458.5,457.5,458.5,51
2026-03-06T13:00:00+00:00,458,458.5,457.5,458,26
2026-03-06T14:00:00+00:00,458.5,462,458.5,459.5,212
2026-03-06T15:00:00+00:00,459,459.5,457,458.5,280
2026-03-06T16:00:00+00:00,458,458,456,458,76
2026-03-06T17:00:00+00:00,459,461,458.5,460,84
2026-03-06T18:00:00+00:00,460,460,458,460,441
2026-03-06T19:00:00+00:00,460.5,460.5,459.5,460.5,28
2026-03-09T00:00:00+00:00,465,472,463,469,27
2026-03-09T01:00:00+00:00,469.5,472,469.5,472,31
2026-03-09T02:00:00+00:00,472.5,472.5,472,472,16
2026-03-09T03:00:00+00:00,472,473.5,471.5,473.5,12
2026-03-09T04:00:00+00:00,474,476,474,476,67
2026-03-09T05:00:00+00:00,476,476,468.5,470.5,107
2026-03-09T06:00:00+00:00,469.5,472,468,469.5,80
2026-03-09T07:00:00+00:00,469,469,467,468,78
2026-03-09T08:00:00+00:00,467.5,469,467.5,469,42
2026-03-09T09:00:00+00:00,470,471,466.5,466.5,55
2026-03-09T10:00:00+00:00,467.5,469,466.5,468,48
2026-03-09T11:00:00+00:00,469,469,467,467,26
2026-03-09T12:00:00+00:00,465,465,465,465,15
2026-03-09T13:00:00+00:00,465.5,465.5,460.5,463.5,262
2026-03-09T14:00:00+00:00,463.5,466,462,462,241
2026-03-09T15:00:00+00:00,462,462,455,456,338
2026-03-09T16:00:00+00:00,456.5,456.5,454,455,157
2026-03-09T17:00:00+00:00,455,457.5,455,456,76
2026-03-09T18:00:00+00:00,456,456,453,453.5,38
2026-03-10T00:00:00+00:00,450,451,442,448.5,0
2026-03-10T01:00:00+00:00,448.5,450,448,448,16
2026-03-10T02:00:00+00:00,448.5,449.5,448,449.5,18
2026-03-10T03:00:00+00:00,450.5,450.5,449.5,450,18
2026-03-10T04:00:00+00:00,449.5,450.5,449,449.5,24
2026-03-10T05:00:00+00:00,450.5,450.5,449,449.5,86
2026-03-10T06:00:00+00:00,449.5,449.5,449,449,30
2026-03-10T07:00:00+00:00,449.5,449.5,449.5,449.5,21
2026-03-10T08:00:00+00:00,450,450.5,448.5,449.5,33
2026-03-10T09:00:00+00:00,449.5,449.5,448.5,448.5,62
2026-03-10T10:00:00+00:00,450,450.5,449.5,450,63
2026-03-10T11:00:00+00:00,449,452.5,448.5,452.5,36
2026-03-10T12:00:00+00:00,452.5,453,452,452.5,69
2026-03-10T13:00:00+00:00,452.5,452.5,449.5,450,252
2026-03-10T14:00:00+00:00,449.5,450,448,448,334
2026-03-10T15:00:00+00:00,448,450,448,448.5,669
2026-03-10T16:00:00+00:00,450,450.5,448.5,448.5,179
2026-03-10T17:00:00+00:00,448,450.5,446.5,449.5,327
2026-03-10T18:00:00+00:00,450,458,450,458,117
2026-03-11T00:00:00+00:00,456.5,456.5,453,453,0
2026-03-11T01:00:00+00:00,452.5,452.5,451.5,451.5,18
2026-03-11T02:00:00+00:00,452,453.5,452,453.5,3
2026-03-11T03:00:00+00:00,452.5,452.5,452.5,452.5,1
2026-03-11T04:00:00+00:00,453,453,452.5,452.5,4
2026-03-11T05:00:00+00:00,452.5,453,452.5,453,4
2026-03-11T06:00:00+00:00,453,453,453,453,1
2026-03-11T07:00:00+00:00,452.5,453,452.5,453,6
2026-03-11T08:00:00+00:00,453.5,455,453.5,454.5,30
2026-03-11T09:00:00+00:00,457,457,456.5,456.5,30
2026-03-11T10:00:00+00:00,456,457,456,456,69
2026-03-11T11:00:00+00:00,456.5,458.5,456,457.5,34
2026-03-11T12:00:00+00:00,457.5,459.5,457.5,459.5,41
2026-03-11T13:00:00+00:00,459,461,456.5,456.5,133
2026-03-11T14:00:00+00:00,456,458.5,455,457,140
2026-03-11T15:00:00+00:00,457.5,461,457,460,139
2026-03-11T16:00:00+00:00,461,461.5,459.5,460.5,118
2026-03-11T17:00:00+00:00,460.5,460.5,458,460,162
2026-03-11T18:00:00+00:00,459.5,460.5,459.5,460.5,36
2026-03-12T00:00:00+00:00,460.5,464,460.5,463,0
2026-03-12T01:00:00+00:00,462.5,463,462.5,463,8
2026-03-12T02:00:00+00:00,463,463.5,463,463.5,5
2026-03-12T03:00:00+00:00,463.5,463.5,463,463.5,5
2026-03-12T04:00:00+00:00,463.5,463.5,463.5,463.5,1
2026-03-12T05:00:00+00:00,463.5,463.5,463,463.5,23
2026-03-12T06:00:00+00:00,462.5,463,462.5,463,22
2026-03-12T07:00:00+00:00,463,463.5,462,463.5,8
2026-03-12T08:00:00+00:00,463,465,462.5,465,14
2026-03-12T09:00:00+00:00,464,465.5,464,465.5,8
2026-03-12T10:00:00+00:00,465,465,464.5,465,21
2026-03-12T11:00:00+00:00,465.5,466,465,466,29
2026-03-12T12:00:00+00:00,466,466,465,465,2
2026-03-12T13:00:00+00:00,466,467.5,464,467,108
2026-03-12T14:00:00+00:00,467.5,469,465,465,135
2026-03-12T15:00:00+00:00,465.5,467.5,464.5,466.5,173
2026-03-12T16:00:00+00:00,465.5,465.5,462.5,464,128
2026-03-12T17:00:00+00:00,463.5,464.5,462.5,462.5,59
2026-03-12T18:00:00+00:00,462,463,462,462.5,30
2026-03-13T00:00:00+00:00,462.5,463,462,463,0
2026-03-13T01:00:00+00:00,462,462,462,462,3
2026-03-13T02:00:00+00:00,462,462,462,462,3
2026-03-13T03:00:00+00:00,463,463.5,463,463.5,4
2026-03-13T04:00:00+00:00,463.5,463.5,463.5,463.5,1
2026-03-13T05:00:00+00:00,463.5,463.5,463,463,3
2026-03-13T07:00:00+00:00,463,464.5,463,464,5
2026-03-13T08:00:00+00:00,464.5,464.5,462.5,462.5,23
2026-03-13T09:00:00+00:00,462.5,463,462.5,463,16
2026-03-13T10:00:00+00:00,462.5,462.5,461,461,33
2026-03-13T11:00:00+00:00,460.5,461,459.5,460,44
2026-03-13T12:00:00+00:00,460,461.5,460,460.5,13
2026-03-13T13:00:00+00:00,470.5,471.5,470.5,471,78
2026-03-13T14:00:00+00:00,470.5,473,470,473,180
2026-03-13T15:00:00+00:00,473.5,474.5,463,464,214
2026-03-13T16:00:00+00:00,464.5,466.5,464,466.5,126
2026-03-13T17:00:00+00:00,466.5,466.5,465,466,165
2026-03-13T18:00:00+00:00,466,467,466,467,68
2026-03-16T00:00:00+00:00,466,469.5,461.5,462,46
2026-03-16T01:00:00+00:00,462.5,464.5,462.5,464,17
2026-03-16T02:00:00+00:00,465.5,465.5,465,465.5,16
2026-03-16T03:00:00+00:00,465,465,464,465,13
2026-03-16T05:00:00+00:00,464.5,464.5,464.5,464.5,13
2026-03-16T06:00:00+00:00,465.5,465.5,465,465,20
2026-03-16T07:00:00+00:00,464.5,465.5,464.5,465.5,13
2026-03-16T08:00:00+00:00,464.5,465,464.5,465,4
2026-03-16T09:00:00+00:00,464,464,463.5,463.5,9
2026-03-16T10:00:00+00:00,464,464,462,462,38
2026-03-16T11:00:00+00:00,462,462.5,462,462,28
2026-03-16T12:00:00+00:00,462,463.5,461.5,463.5,24
2026-03-16T13:00:00+00:00,462,462.5,460,460,126
2026-03-16T14:00:00+00:00,460.5,461,452,453.5,533
2026-03-16T15:00:00+00:00,453.5,454.5,453,454.5,359
2026-03-16T16:00:00+00:00,454.5,456.5,454.5,455,173
2026-03-16T17:00:00+00:00,455,455,452.5,453,161
2026-03-16T18:00:00+00:00,453.5,454.5,453,454.5,60
2026-03-17T00:00:00+00:00,454,456.5,454,456.5,0
2026-03-17T01:00:00+00:00,457.5,458.5,457.5,458,23
2026-03-17T03:00:00+00:00,458,458.5,458,458.5,3
2026-03-17T04:00:00+00:00,458.5,458.5,458,458.5,6
2026-03-17T05:00:00+00:00,458.5,458.5,458.5,458.5,2
2026-03-17T07:00:00+00:00,469.5,469.5,469,469,48
2026-03-17T08:00:00+00:00,469,469,469,469,1
2026-03-17T09:00:00+00:00,468.5,468.5,466,466,33
2026-03-17T10:00:00+00:00,466.5,467,466.5,466.5,26
2026-03-17T11:00:00+00:00,468,468,468,468,6
2026-03-17T12:00:00+00:00,468,468,455,455.5,19
2026-03-17T13:00:00+00:00,454.5,455,453,453,73
2026-03-17T14:00:00+00:00,453,453.5,450,450.5,129
2026-03-17T15:00:00+00:00,450,451.5,449.5,451,65
2026-03-17T16:00:00+00:00,451.5,455,451.5,454,163
2026-03-17T17:00:00+00:00,453.5,454.5,453.5,454,39
2026-03-17T18:00:00+00:00,454,454.5,454,454.5,12
2026-03-18T00:00:00+00:00,455,456.5,454.5,455.5,0
2026-03-18T01:00:00+00:00,454.5,454.5,454,454.5,19
2026-03-18T02:00:00+00:00,453,453,453,453,15
2026-03-18T03:00:00+00:00,454,454,453,453,4
2026-03-18T04:00:00+00:00,452.5,452.5,452,452,13
2026-03-18T05:00:00+00:00,453,453,453,453,1
2026-03-18T06:00:00+00:00,453.5,453.5,452.5,453,32
2026-03-18T07:00:00+00:00,453,453,453,453,1
2026-03-18T08:00:00+00:00,453,453,452.5,453,53
2026-03-18T09:00:00+00:00,453,454,453,454,19
2026-03-18T10:00:00+00:00,452.5,452.5,452.5,452.5,8
2026-03-18T11:00:00+00:00,452.5,452.5,452,452,5
2026-03-18T12:00:00+00:00,452,454,452,454,20
2026-03-18T13:00:00+00:00,455,457.5,455,457,143
2026-03-18T14:00:00+00:00,457,459.5,457,459,275
2026-03-18T15:00:00+00:00,459,461,458,460.5,177
2026-03-18T16:00:00+00:00,460.5,462.5,460.5,462.5,89
2026-03-18T17:00:00+00:00,462.5,464,462.5,463,132
2026-03-18T18:00:00+00:00,463.5,463.5,463,463,37
2026-03-19T00:00:00+00:00,463,466,463,466,0
2026-03-19T01:00:00+00:00,465.5,467,465.5,466,16
2026-03-19T02:00:00+00:00,466,466,464,464.5,24
2026-03-19T03:00:00+00:00,464.5,464.5,463.5,464.5,10
2026-03-19T04:00:00+00:00,464,464,464,464,1
2026-03-19T05:00:00+00:00,463.5,463.5,463.5,463.5,1
2026-03-19T06:00:00+00:00,464.5,464.5,464.5,464.5,1
2026-03-19T07:00:00+00:00,464,464,464,464,22
2026-03-19T08:00:00+00:00,466,467.5,466,467.5,17
2026-03-19T09:00:00+00:00,468,469,467,467,38
2026-03-19T10:00:00+00:00,467,468,467,468,30
2026-03-19T11:00:00+00:00,467.5,469,467.5,468.5,38
2026-03-19T12:00:00+00:00,468,468,466,467.5,23
2026-03-19T13:00:00+00:00,467,467,464.5,465.5,68
2026-03-19T14:00:00+00:00,465.5,468.5,465.5,468.5,127
2026-03-19T15:00:00+00:00,468.5,480.5,467.5,478,180
2026-03-19T16:00:00+00:00,477.5,479.5,476.5,479.5,51
2026-03-19T17:00:00+00:00,480,480.5,479.5,479.5,108
2026-03-19T18:00:00+00:00,479.5,480.5,479.5,480.5,67
2026-03-20T00:00:00+00:00,480.5,480.5,478.5,478.5,0
2026-03-20T01:00:00+00:00,478,478,477.5,477.5,2
2026-03-20T03:00:00+00:00,479,479,478.5,478.5,19
2026-03-20T04:00:00+00:00,478.5,478.5,478,478,21
2026-03-20T05:00:00+00:00,479,479,479,479,1
2026-03-20T06:00:00+00:00,479,479,479,479,8
2026-03-20T07:00:00+00:00,468.5,469,468,468,32
2026-03-20T08:00:00+00:00,468,469,467.5,467.5,27
2026-03-20T10:00:00+00:00,468.5,468.5,466.5,466.5,25
2026-03-20T11:00:00+00:00,466.5,467,466,467,40
2026-03-20T12:00:00+00:00,466.5,466.5,466,466.5,21
2026-03-20T13:00:00+00:00,466,467,465.5,466,206
2026-03-20T14:00:00+00:00,466,467,464.5,467,236
2026-03-20T15:00:00+00:00,467,467,464.5,464.5,118
2026-03-20T16:00:00+00:00,464.5,467,464,466,127
2026-03-20T17:00:00+00:00,465.5,466.5,464.5,465,177
2026-03-20T18:00:00+00:00,464.5,466,464.5,466,71
2026-03-23T00:00:00+00:00,466,466.5,460,466.5,17
2026-03-23T01:00:00+00:00,468.5,469,468.5,469,23
2026-03-23T02:00:00+00:00,469,469.5,468.5,469.5,26
2026-03-23T03:00:00+00:00,469.5,470,469.5,470,6
2026-03-23T04:00:00+00:00,469.5,470.5,469.5,470.5,19
2026-03-23T05:00:00+00:00,471,471,470,470,7
2026-03-23T06:00:00+00:00,471,472,471,472,47
2026-03-23T07:00:00+00:00,472,473,471.5,473,10
2026-03-23T08:00:00+00:00,473.5,473.5,472.5,473,24
2026-03-23T09:00:00+00:00,473,473,472.5,473,18
2026-03-23T10:00:00+00:00,472.5,472.5,471,471,14
2026-03-23T11:00:00+00:00,471,471,458,465.5,241
2026-03-23T12:00:00+00:00,467,467,461,461.5,69
2026-03-23T13:00:00+00:00,462,463.5,460,461.5,179
2026-03-23T14:00:00+00:00,461.5,462,458.5,459,273
2026-03-23T15:00:00+00:00,458.5,461.5,457,461.5,289
2026-03-23T16:00:00+00:00,461.5,461.5,459.5,460,211
2026-03-23T17:00:00+00:00,459.5,460.5,458.5,460,55
2026-03-23T18:00:00+00:00,460,461,459.5,460.5,77
2026-03-24T00:00:00+00:00,460.5,468,460.5,462,0
2026-03-24T01:00:00+00:00,461.5,463.5,461.5,463.5,23
2026-03-24T02:00:00+00:00,462.5,462.5,462.5,462.5,15
2026-03-24T03:00:00+00:00,462,462,462,462,7
2026-03-24T05:00:00+00:00,462.5,462.5,462.5,462.5,18
2026-03-24T06:00:00+00:00,462,462,461,461,34
2026-03-24T07:00:00+00:00,461,461,460,460,13
2026-03-24T08:00:00+00:00,459.5,460.5,459.5,460.5,11
2026-03-24T09:00:00+00:00,461.5,461.5,460.5,461,21
2026-03-24T10:00:00+00:00,461,461.5,461,461.5,23
2026-03-24T11:00:00+00:00,461,461,460,460,4
2026-03-24T12:00:00+00:00,461.5,463,461.5,462,48
2026-03-24T13:00:00+00:00,461,464.5,461,463,51
2026-03-24T14:00:00+00:00,463,463,461,461.5,73
2026-03-24T15:00:00+00:00,460.5,461.5,459.5,461,70
2026-03-24T16:00:00+00:00,461.5,465,461.5,465,37
2026-03-24T17:00:00+00:00,465,465.5,463,463.5,58
2026-03-24T18:00:00+00:00,463,463,462.5,463,20
2026-03-25T00:00:00+00:00,460,461,458.5,459,0
2026-03-25T01:00:00+00:00,459.5,459.5,458,458.5,15
2026-03-25T02:00:00+00:00,458.5,459,458.5,458.5,14
2026-03-25T03:00:00+00:00,459.5,459.5,459.5,459.5,1
2026-03-25T04:00:00+00:00,459.5,459.5,459,459.5,17
2026-03-25T05:00:00+00:00,459.5,459.5,459.5,459.5,2
2026-03-25T06:00:00+00:00,459.5,459.5,459,459,8
2026-03-25T08:00:00+00:00,459,459,458.5,459,13
2026-03-25T09:00:00+00:00,459,459.5,459,459,56
2026-03-25T10:00:00+00:00,459.5,459.5,459.5,459.5,9
2026-03-25T11:00:00+00:00,459,459,459,459,72
2026-03-25T12:00:00+00:00,459.5,461,459,461,5
2026-03-25T13:00:00+00:00,461,462,460,461.5,73
2026-03-25T14:00:00+00:00,462,462.5,461,462,126
2026-03-25T15:00:00+00:00,462.5,464,462.5,464,100
2026-03-25T16:00:00+00:00,464.5,466.5,464,466.5,120
2026-03-25T17:00:00+00:00,466.5,468,465.5,467.5,227
2026-03-25T18:00:00+00:00,467.5,468,467,468,41
2026-03-26T00:00:00+00:00,467.5,468.5,467.5,468,0
2026-03-26T01:00:00+00:00,467,467,467,467,3
2026-03-26T02:00:00+00:00,467.5,467.5,466.5,466.5,7
2026-03-26T03:00:00+00:00,467.5,467.5,467.5,467.5,1
2026-03-26T04:00:00+00:00,467,467,467,467,4
2026-03-26T05:00:00+00:00,467.5,467.5,467.5,467.5,1
2026-03-26T06:00:00+00:00,468,468,468,468,2
2026-03-26T07:00:00+00:00,467.5,478.5,467,478.5,58
2026-03-26T08:00:00+00:00,479,479,479,479,8
2026-03-26T09:00:00+00:00,478.5,478.5,477.5,478.5,37
2026-03-26T10:00:00+00:00,478.5,478.5,478.5,478.5,7
2026-03-26T11:00:00+00:00,477.5,477.5,477.5,477.5,4
2026-03-26T12:00:00+00:00,476.5,476.5,476.5,476.5,1
2026-03-26T13:00:00+00:00,475.5,475.5,473.5,474,74
2026-03-26T14:00:00+00:00,474,475.5,474,475.5,95
2026-03-26T15:00:00+00:00,475,476,465,465.5,159
2026-03-26T16:00:00+00:00,465.5,466.5,465,465.5,44
2026-03-26T17:00:00+00:00,465.5,468.5,465.5,468,69
2026-03-26T18:00:00+00:00,468,468,466.5,466.5,39
2026-03-27T02:00:00+00:00,466,466,466,466,0
2026-03-27T03:00:00+00:00,467,467,467,467,1
2026-03-27T05:00:00+00:00,467.5,468,467.5,467.5,20
2026-03-27T06:00:00+00:00,468,468,468,468,7
2026-03-27T07:00:00+00:00,468.5,468.5,468.5,468.5,3
2026-03-27T08:00:00+00:00,468.5,469.5,468.5,468.5,20
2026-03-27T09:00:00+00:00,469.5,469.5,469,469,3
2026-03-27T10:00:00+00:00,469,470,469,470,20
2026-03-27T11:00:00+00:00,470,470.5,469,469,67
2026-03-27T13:00:00+00:00,469.5,469.5,464.5,465,49
2026-03-27T14:00:00+00:00,465.5,467.5,465.5,465.5,89
2026-03-27T15:00:00+00:00,465,466.5,464,465,113
2026-03-27T16:00:00+00:00,465,465.5,463,464,157
2026-03-27T17:00:00+00:00,463.5,463.5,461,461.5,49
2026-03-27T18:00:00+00:00,462,462.5,462,462,19
2026-03-30T00:00:00+00:00,466.5,468,460,465,94
2026-03-30T01:00:00+00:00,465,465,464.5,464.5,8
2026-03-30T02:00:00+00:00,464,464.5,463.5,464.5,8
2026-03-30T03:00:00+00:00,463,463,462,463,13
2026-03-30T04:00:00+00:00,463.5,463.5,463.5,463.5,2
2026-03-30T05:00:00+00:00,463.5,463.5,463.5,463.5,2
2026-03-30T06:00:00+00:00,462.5,462.5,462.5,462.5,7
2026-03-30T07:00:00+00:00,463,463,463,463,1
2026-03-30T08:00:00+00:00,463,463,462,462,15
2026-03-30T09:00:00+00:00,462.5,462.5,462.5,462.5,5
2026-03-30T10:00:00+00:00,463,463,463,463,5
2026-03-30T11:00:00+00:00,463.5,463.5,461.5,462,37
2026-03-30T12:00:00+00:00,461,461.5,460.5,460.5,9
2026-03-30T13:00:00+00:00,467.5,467.5,459,460.5,135
2026-03-30T14:00:00+00:00,460.5,460.5,458,458,143
2026-03-30T15:00:00+00:00,458,459,457.5,458.5,123
2026-03-30T16:00:00+00:00,458.5,459.5,457.5,457.5,104
2026-03-30T17:00:00+00:00,457.5,458,457,457.5,39
2026-03-30T18:00:00+00:00,457,457,455,455,57
2026-03-31T00:00:00+00:00,459.5,459.5,455.5,455.5,0
2026-03-31T01:00:00+00:00,455.5,456,454.5,454.5,43
2026-03-31T02:00:00+00:00,454.5,454.5,454.5,454.5,15
2026-03-31T03:00:00+00:00,456,456,456,456,1
2026-03-31T06:00:00+00:00,456.5,456.5,456.5,456.5,2
2026-03-31T09:00:00+00:00,455,455,454.5,454.5,28
2026-03-31T11:00:00+00:00,454,454.5,454,454.5,4
2026-03-31T13:00:00+00:00,454,454,451.5,452,99
2026-03-31T14:00:00+00:00,452,454.5,451.5,453,132
2026-03-31T15:00:00+00:00,453,454.5,452.5,454,155
2026-03-31T16:00:00+00:00,454.5,462,454.5,456,887
2026-03-31T17:00:00+00:00,456.5,459.5,456,458.5,289
2026-03-31T18:00:00+00:00,458,458,457,458,83
2026-04-01T00:00:00+00:00,457.5,460,453,460,0
2026-04-01T01:00:00+00:00,459,459,458.5,459,14
2026-04-01T02:00:00+00:00,458.5,458.5,458.5,458.5,20
2026-04-01T03:00:00+00:00,459.5,459.5,459.5,459.5,1
2026-04-01T05:00:00+00:00,458,458,457,457,2
2026-04-01T06:00:00+00:00,456.5,456.5,454,454,11
2026-04-01T07:00:00+00:00,453.5,454,453,453,23
2026-04-01T08:00:00+00:00,453.5,453.5,453.5,453.5,1
2026-04-01T09:00:00+00:00,454,454.5,454,454.5,3
2026-04-01T10:00:00+00:00,453,453,453,453,6
2026-04-01T11:00:00+00:00,452.5,452.5,452,452.5,29
2026-04-01T12:00:00+00:00,452.5,453,452.5,453,8
2026-04-01T13:00:00+00:00,453,453.5,450.5,450.5,78
2026-04-01T14:00:00+00:00,450.5,451,448.5,448.5,225
2026-04-01T15:00:00+00:00,449,450,448.5,449.5,129
2026-04-01T16:00:00+00:00,450.5,453,450.5,452.5,180
2026-04-01T17:00:00+00:00,453,454,453,454,76
2026-04-01T18:00:00+00:00,454,455,453.5,453.5,43
2026-04-02T00:00:00+00:00,456,456,452.5,453,0
2026-04-02T01:00:00+00:00,456,456.5,456,456.5,36
2026-04-02T02:00:00+00:00,456.5,457,456,456.5,12
2026-04-02T03:00:00+00:00,456.5,457.5,456.5,457.5,14
2026-04-02T04:00:00+00:00,457,457,457,457,2
2026-04-02T05:00:00+00:00,458,458,457,457.5,5
2026-04-02T06:00:00+00:00,457,457,457,457,3
2026-04-02T07:00:00+00:00,457,458,457,457,6
2026-04-02T08:00:00+00:00,458.5,458.5,458.5,458.5,1
2026-04-02T10:00:00+00:00,456.5,458,456,458,16
2026-04-02T11:00:00+00:00,458.5,458.5,458.5,458.5,2
2026-04-02T12:00:00+00:00,459,459,459,459,3
2026-04-02T13:00:00+00:00,459,460,456.5,456.5,102
2026-04-02T14:00:00+00:00,456,456.5,453,453,394
2026-04-02T15:00:00+00:00,452.5,453,451.5,451.5,110
2026-04-02T16:00:00+00:00,452,453,452,453,6
2026-04-02T17:00:00+00:00,453,454.5,453,454,18
2026-04-02T18:00:00+00:00,453.5,453.5,451.5,451.5,30
2026-04-06T00:00:00+00:00,452.5,452.5,449.5,449.5,22
2026-04-06T01:00:00+00:00,450,450,449.5,449.5,5
2026-04-06T03:00:00+00:00,449,449,449,449,15
2026-04-06T04:00:00+00:00,448.5,449,448.5,449,21
2026-04-06T05:00:00+00:00,449.5,449.5,449.5,449.5,8
2026-04-06T06:00:00+00:00,449.5,449.5,449.5,449.5,10
2026-04-06T07:00:00+00:00,450,450,449.5,449.5,12
2026-04-06T08:00:00+00:00,450.5,451.5,450.5,451.5,12
2026-04-06T09:00:00+00:00,451,451,449.5,449.5,30
2026-04-06T10:00:00+00:00,450,450,450,450,1
2026-04-06T11:00:00+00:00,451.5,452,451.5,452,4
2026-04-06T13:00:00+00:00,451,453.5,450.5,453,104
2026-04-06T14:00:00+00:00,452.5,453.5,451.5,453,144
2026-04-06T15:00:00+00:00,453,453.5,453,453.5,74
2026-04-06T16:00:00+00:00,453.5,454,453,454,64
2026-04-06T17:00:00+00:00,454,454,453.5,454,61
2026-04-06T18:00:00+00:00,454,454.5,453.5,453.5,36
2026-04-07T00:00:00+00:00,453.5,457.5,453.5,457.5,0
2026-04-07T01:00:00+00:00,453,453,453,453,1
2026-04-07T02:00:00+00:00,454,454,454,454,5
2026-04-07T03:00:00+00:00,454.5,454.5,453.5,453.5,21
2026-04-07T04:00:00+00:00,453.5,454,453.5,453.5,1
2026-04-07T07:00:00+00:00,452.5,452.5,452.5,452.5,1
2026-04-07T08:00:00+00:00,451.5,452,451,451,21
2026-04-07T09:00:00+00:00,451,451,451,451,1
2026-04-07T12:00:00+00:00,452.5,452.5,452.5,452.5,1
2026-04-07T13:00:00+00:00,453,453.5,452.5,452.5,78
2026-04-07T14:00:00+00:00,452.5,453.5,451.5,451.5,125
2026-04-07T15:00:00+00:00,452,452,448.5,449,100
2026-04-07T16:00:00+00:00,449.5,449.5,448.5,449,108
2026-04-07T17:00:00+00:00,449.5,450,449,449.5,103
2026-04-07T18:00:00+00:00,449.5,449.5,448.5,449,15
2026-04-08T00:00:00+00:00,447,447,430.5,443,0
2026-04-08T01:00:00+00:00,443,443,443,443,5
2026-04-08T02:00:00+00:00,445,445,445,445,15
2026-04-08T03:00:00+00:00,444,444,444,444,26
2026-04-08T04:00:00+00:00,444,444.5,444,444.5,21
2026-04-08T05:00:00+00:00,444,444,444,444,1
2026-04-08T07:00:00+00:00,444.5,444.5,444.5,444.5,1
2026-04-08T09:00:00+00:00,445.5,445.5,444,444,6
2026-04-08T10:00:00+00:00,445,446,445,445.5,14
2026-04-08T11:00:00+00:00,444,444,443.5,444,5
2026-04-08T12:00:00+00:00,443.5,444,443.5,444,2
2026-04-08T13:00:00+00:00,443.5,446,443.5,446,135
2026-04-08T14:00:00+00:00,446,447.5,444.5,447.5,274
2026-04-08T15:00:00+00:00,447.5,448.5,445.5,445.5,129
2026-04-08T16:00:00+00:00,445,445,443.5,444,69
2026-04-08T17:00:00+00:00,444.5,447.5,444.5,447,89
2026-04-08T18:00:00+00:00,447.5,447.5,446.5,447.5,47
2026-04-09T00:00:00+00:00,447.5,448.5,447.5,447.5,0
2026-04-09T06:00:00+00:00,448,448,448,448,2
2026-04-09T08:00:00+00:00,448,449,448,449,3
2026-04-09T09:00:00+00:00,449.5,449.5,449.5,449.5,1
2026-04-09T10:00:00+00:00,450,450.5,449.5,449.5,10
2026-04-09T11:00:00+00:00,449.5,450,449.5,449.5,3
2026-04-09T12:00:00+00:00,449.5,450,449.5,450,15
2026-04-09T13:00:00+00:00,448,449.5,447.5,449,63
2026-04-09T14:00:00+00:00,448.5,448.5,447,447,35
2026-04-09T15:00:00+00:00,446.5,446.5,444.5,445.5,43
2026-04-09T16:00:00+00:00,444,444.5,443,443.5,22
2026-04-09T17:00:00+00:00,443,443.5,442,443.5,32
2026-04-09T18:00:00+00:00,443.5,444,443.5,444,17
2026-04-10T00:00:00+00:00,448,448.5,444.5,446,0
2026-04-10T01:00:00+00:00,445,445.5,445,445.5,2
2026-04-10T03:00:00+00:00,444.5,444.5,444,444,4
2026-04-10T04:00:00+00:00,444,444,444,444,1
2026-04-10T06:00:00+00:00,444,444,444,444,6
2026-04-10T07:00:00+00:00,444,444,444,444,4
2026-04-10T08:00:00+00:00,446,446,445.5,445.5,15
2026-04-10T09:00:00+00:00,443.5,443.5,443.5,443.5,6
2026-04-10T12:00:00+00:00,442.5,443,442.5,443,2
2026-04-10T13:00:00+00:00,443,443.5,439,439.5,78
2026-04-10T14:00:00+00:00,439.5,440,438,440,200
2026-04-10T15:00:00+00:00,440,443,440,442.5,126
2026-04-10T16:00:00+00:00,442,442,441.5,442,55
2026-04-10T17:00:00+00:00,442,443,442,442,44
2026-04-10T18:00:00+00:00,441.5,441.5,440.5,441,44
2026-04-13T00:00:00+00:00,446,446,444.5,445.5,15
2026-04-13T01:00:00+00:00,445,445,444,444,3
2026-04-13T03:00:00+00:00,443.5,443.5,443.5,443.5,1
2026-04-13T04:00:00+00:00,444,444,444,444,2
2026-04-13T05:00:00+00:00,444.5,444.5,444.5,444.5,2
2026-04-13T06:00:00+00:00,444,444,443,443.5,7
2026-04-13T07:00:00+00:00,443,444,443,443.5,5
2026-04-13T08:00:00+00:00,443.5,444,443.5,444,3
2026-04-13T09:00:00+00:00,445,445,445,445,3
2026-04-13T11:00:00+00:00,445,445.5,445,445.5,4
2026-04-13T13:00:00+00:00,445,445,442,442,74
2026-04-13T14:00:00+00:00,442,444,441.5,443,85
2026-04-13T15:00:00+00:00,443.5,445,443.5,445,28
2026-04-13T16:00:00+00:00,444.5,445,443,444,68
2026-04-13T17:00:00+00:00,444.5,444.5,440.5,440.5,21
2026-04-13T18:00:00+00:00,440.5,441,440,440.5,13
2026-04-14T00:00:00+00:00,441,441,440,440,0
2026-04-14T01:00:00+00:00,441.5,442,441.5,442,3
2026-04-14T02:00:00+00:00,442,442,441.5,441.5,5
2026-04-14T03:00:00+00:00,442.5,443,442.5,443,3
2026-04-14T04:00:00+00:00,442,442,442,442,1
2026-04-14T05:00:00+00:00,442.5,443,442.5,443,3
2026-04-14T06:00:00+00:00,442.5,442.5,442.5,442.5,2
2026-04-14T07:00:00+00:00,442.5,442.5,442.5,442.5,5
2026-04-14T08:00:00+00:00,442.5,442.5,442.5,442.5,1
2026-04-14T11:00:00+00:00,443,443,442.5,442.5,3
2026-04-14T12:00:00+00:00,444,444,444,444,2
2026-04-14T13:00:00+00:00,442.5,443.5,441.5,442,41
2026-04-14T14:00:00+00:00,442.5,446,442.5,445,96
2026-04-14T15:00:00+00:00,445.5,446,442.5,444,63
2026-04-14T16:00:00+00:00,444.5,444.5,443.5,443.5,17
2026-04-14T17:00:00+00:00,443.5,444.5,443.5,443.5,22
2026-04-14T18:00:00+00:00,443,443,442.5,442.5,8
2026-04-15T00:00:00+00:00,441,443.5,440.5,443.5,0
2026-04-15T01:00:00+00:00,445,445.5,445,445.5,2
2026-04-15T02:00:00+00:00,446,446,445,445,2
2026-04-15T03:00:00+00:00,445.5,446,445.5,445.5,12
2026-04-15T04:00:00+00:00,445.5,445.5,445.5,445.5,2
2026-04-15T05:00:00+00:00,445.5,446,445.5,446,3
2026-04-15T06:00:00+00:00,446,446.5,446,446.5,5
2026-04-15T07:00:00+00:00,446.5,446.5,446.5,446.5,8
2026-04-15T08:00:00+00:00,446,447,446,447,36
2026-04-15T09:00:00+00:00,447,447,447,447,10
2026-04-15T11:00:00+00:00,447,447,446,446,19
2026-04-15T12:00:00+00:00,447,447,447,447,3
2026-04-15T13:00:00+00:00,448,449.5,448,448.5,45
2026-04-15T14:00:00+00:00,447.5,449,447,448.5,65
2026-04-15T15:00:00+00:00,449,450,449,450,56
2026-04-15T16:00:00+00:00,450,451.5,449.5,451,45
2026-04-15T17:00:00+00:00,451.5,451.5,450.5,451,50
2026-04-15T18:00:00+00:00,450.5,451.5,450.5,451.5,24
2026-04-16T00:00:00+00:00,450,451,450,451,0
2026-04-16T01:00:00+00:00,450.5,450.5,450,450,5
2026-04-16T03:00:00+00:00,451.5,451.5,451.5,451.5,5
2026-04-16T06:00:00+00:00,451.5,452.5,451.5,451.5,18
2026-04-16T07:00:00+00:00,451.5,451.5,451.5,451.5,1
2026-04-16T08:00:00+00:00,452,452,452,452,3
2026-04-16T09:00:00+00:00,450,450,450,450,13
2026-04-16T10:00:00+00:00,450.5,450.5,450.5,450.5,3
2026-04-16T12:00:00+00:00,451,451,451,451,1
2026-04-16T13:00:00+00:00,450.5,451.5,450.5,451.5,113
2026-04-16T14:00:00+00:00,451.5,452,450.5,450.5,140
2026-04-16T15:00:00+00:00,450.5,451,449,451,107
2026-04-16T16:00:00+00:00,450.5,450.5,449,449.5,110
2026-04-16T17:00:00+00:00,449.5,449.5,448,448,87
2026-04-16T18:00:00+00:00,448,449,448,448.5,47
2026-04-17T00:00:00+00:00,449.5,450,449.5,450,0
2026-04-17T01:00:00+00:00,449.5,450,449.5,449.5,16
2026-04-17T02:00:00+00:00,449.5,449.5,449.5,449.5,1
2026-04-17T03:00:00+00:00,450,450,450,450,8
2026-04-17T05:00:00+00:00,449,449,449,449,3
2026-04-17T06:00:00+00:00,450,450,450,450,6
2026-04-17T07:00:00+00:00,450.5,450.5,450.5,450.5,10
2026-04-17T09:00:00+00:00,450,450,450,450,18
2026-04-17T10:00:00+00:00,450,450,450,450,5
2026-04-17T11:00:00+00:00,450.5,451,450.5,450.5,10
2026-04-17T12:00:00+00:00,448.5,448.5,448,448,8
2026-04-17T13:00:00+00:00,447,447,443.5,445.5,207
2026-04-17T14:00:00+00:00,445.5,446,444,446,207
2026-04-17T15:00:00+00:00,446,448,446,447.5,211
2026-04-17T16:00:00+00:00,447,447,446,447,83
2026-04-17T17:00:00+00:00,447,449,447,447.5,54
2026-04-17T18:00:00+00:00,447,449,447,448.5,29
2026-04-20T00:00:00+00:00,451,451.5,451,451,15
2026-04-20T08:00:00+00:00,457.5,457.5,457,457,63
2026-04-20T10:00:00+00:00,457.5,458.5,457.5,458.5,30
2026-04-20T11:00:00+00:00,457.5,457.5,456.5,457.5,6
2026-04-20T12:00:00+00:00,456.5,456.5,456.5,456.5,1
2026-04-20T13:00:00+00:00,456.5,458,456.5,457.5,80
2026-04-20T14:00:00+00:00,458,460,457.5,459.5,110
2026-04-20T15:00:00+00:00,459.5,460,451,452,99
2026-04-20T16:00:00+00:00,452.5,453.5,452.5,453,121
2026-04-20T17:00:00+00:00,452.5,452.5,451.5,451.5,150
2026-04-20T18:00:00+00:00,452,452,451.5,452,48
2026-04-21T01:00:00+00:00,451.5,451.5,451.5,451.5,0
2026-04-21T03:00:00+00:00,451.5,452,451,451,7
2026-04-21T07:00:00+00:00,460.5,460.5,460,460,12
2026-04-21T08:00:00+00:00,460,460,460,460,2
2026-04-21T09:00:00+00:00,460,460.5,460,460.5,14
2026-04-21T10:00:00+00:00,459.5,459.5,459,459,2
2026-04-21T11:00:00+00:00,459.5,459.5,459.5,459.5,1
2026-04-21T12:00:00+00:00,459,460.5,453,453,0
2026-04-21T13:00:00+00:00,453,454,453,454,120
2026-04-21T14:00:00+00:00,453.5,455,453.5,454,104
2026-04-21T15:00:00+00:00,454,463,453.5,462.5,65
2026-04-21T16:00:00+00:00,462.5,462.5,461,462.5,80
2026-04-21T17:00:00+00:00,462.5,463,461.5,462,92
2026-04-21T18:00:00+00:00,462,462.5,462,462,17
2026-04-22T00:00:00+00:00,462,462,461.5,462,0
2026-04-22T01:00:00+00:00,463,464,463,463.5,14
2026-04-22T02:00:00+00:00,464,464,463,464,8
2026-04-22T03:00:00+00:00,464,464,464,464,5
2026-04-22T04:00:00+00:00,463.5,463.5,463.5,463.5,1
2026-04-22T05:00:00+00:00,463.5,463.5,463,463,16
2026-04-22T07:00:00+00:00,465,465,465,465,4
2026-04-22T08:00:00+00:00,465,465,465,465,7
2026-04-22T09:00:00+00:00,465,465,465,465,1
2026-04-22T10:00:00+00:00,464.5,465,464,464.5,12
2026-04-22T11:00:00+00:00,463.5,465,463.5,463.5,21
2026-04-22T12:00:00+00:00,464,464,464,464,4
2026-04-22T13:00:00+00:00,462.5,463.5,462.5,463.5,10
2026-04-22T14:00:00+00:00,464,465,463.5,465,49
2026-04-22T15:00:00+00:00,465,465,464,465,37
2026-04-22T16:00:00+00:00,464.5,465.5,464,465.5,52
2026-04-22T17:00:00+00:00,464,464.5,462.5,463,91
2026-04-22T18:00:00+00:00,462.5,462.5,462.5,462.5,3
2026-04-23T00:00:00+00:00,462.5,464,462.5,462.5,0
2026-04-23T01:00:00+00:00,462.5,462.5,462.5,462.5,15
2026-04-23T02:00:00+00:00,462.5,462.5,462,462,2
2026-04-23T03:00:00+00:00,463.5,463.5,463.5,463.5,1
2026-04-23T07:00:00+00:00,467.5,467.5,467.5,467.5,30
2026-04-23T08:00:00+00:00,463,463,463,463,0
2026-04-23T10:00:00+00:00,465,465,465,465,44
2026-04-23T11:00:00+00:00,464.5,464.5,463,463,50
2026-04-23T12:00:00+00:00,462.5,462.5,462.5,462.5,2
2026-04-23T13:00:00+00:00,462,465.5,461,462,34
2026-04-23T14:00:00+00:00,462.5,464,462.5,462.5,51
2026-04-23T15:00:00+00:00,463,465,463,464,56
2026-04-23T16:00:00+00:00,464,464,462,463,45
2026-04-23T17:00:00+00:00,463,465,463,464,85
2026-04-23T18:00:00+00:00,464,464.5,463,464.5,36
2026-04-24T00:00:00+00:00,464,464,463.5,464,0
2026-04-24T02:00:00+00:00,463.5,463.5,463.5,463.5,1
2026-04-24T03:00:00+00:00,463.5,463.5,463.5,463.5,1
2026-04-24T07:00:00+00:00,469.5,469.5,469.5,469.5,1
2026-04-24T08:00:00+00:00,469.5,470,469.5,470,4
2026-04-24T09:00:00+00:00,470,470,470,470,13
2026-04-24T10:00:00+00:00,470,470.5,470,470.5,3
2026-04-24T11:00:00+00:00,463.5,463.5,463.5,463.5,0
2026-04-24T13:00:00+00:00,465.5,465.5,464,464,52
2026-04-24T14:00:00+00:00,463.5,464,463.5,463.5,18
2026-04-24T15:00:00+00:00,463,463,462,462.5,15
2026-04-24T16:00:00+00:00,463,463,462.5,462.5,16
2026-04-24T17:00:00+00:00,462.5,463.5,462,463,19
2026-04-24T18:00:00+00:00,463.5,463.5,463,463.5,15
2026-04-27T00:00:00+00:00,461.5,466.5,460,466,24
2026-04-27T01:00:00+00:00,466,466.5,466,466,4
2026-04-27T02:00:00+00:00,465.5,466,465.5,466,4
2026-04-27T03:00:00+00:00,465.5,466.5,465.5,466.5,4
2026-04-27T04:00:00+00:00,466,466.5,466,466.5,3
2026-04-27T06:00:00+00:00,467,467,466.5,466.5,12
2026-04-27T07:00:00+00:00,467,468,467,468,9
2026-04-27T08:00:00+00:00,468.5,468.5,467.5,467.5,9
2026-04-27T09:00:00+00:00,468,468,468,468,2
2026-04-27T10:00:00+00:00,467.5,468,467.5,468,10
2026-04-27T11:00:00+00:00,468,468.5,467.5,467.5,15
2026-04-27T12:00:00+00:00,467.5,467.5,466.5,466.5,4
2026-04-27T13:00:00+00:00,467,467,465,466,36
2026-04-27T14:00:00+00:00,465.5,467,465.5,467,38
2026-04-27T15:00:00+00:00,467,469,467,469,60
2026-04-27T16:00:00+00:00,468.5,469.5,468,469,53
2026-04-27T17:00:00+00:00,469.5,469.5,468.5,469.5,31
2026-04-27T18:00:00+00:00,469,469.5,469,469.5,21
2026-04-28T00:00:00+00:00,470,470,469,470,0
2026-04-28T01:00:00+00:00,470.5,470.5,469.5,469.5,5
2026-04-28T02:00:00+00:00,469,469.5,469,469.5,16
2026-04-28T03:00:00+00:00,469,469.5,469,469.5,2
2026-04-28T05:00:00+00:00,470,470,470,470,1
2026-04-28T06:00:00+00:00,470.5,470.5,470.5,470.5,5
2026-04-28T07:00:00+00:00,471,472.5,471,471.5,24
2026-04-28T08:00:00+00:00,472,472.5,472,472.5,10
2026-04-28T09:00:00+00:00,472.5,472.5,472,472.5,7
2026-04-28T10:00:00+00:00,472,473.5,472,473,51
2026-04-28T11:00:00+00:00,473,474,472.5,473,12
2026-04-28T12:00:00+00:00,473,473,472,473,5
2026-04-28T13:00:00+00:00,473.5,473.5,471,472,66
2026-04-28T14:00:00+00:00,472.5,474.5,472.5,473,81
2026-04-28T15:00:00+00:00,473,475,472.5,474,55
2026-04-28T16:00:00+00:00,474,474.5,473,473.5,60
2026-04-28T17:00:00+00:00,473,475.5,472.5,475.5,29
2026-04-28T18:00:00+00:00,475,475.5,475,475,26
2026-04-29T00:00:00+00:00,476,476,474.5,475.5,0
2026-04-29T01:00:00+00:00,476,476,475.5,475.5,3
2026-04-29T02:00:00+00:00,476,476.5,475,475,26
2026-04-29T03:00:00+00:00,476,476,475,475.5,16
2026-04-29T05:00:00+00:00,475.5,475.5,475,475.5,4
2026-04-29T06:00:00+00:00,476,476.5,476,476,16
2026-04-29T07:00:00+00:00,475.5,476,475,476,14
2026-04-29T08:00:00+00:00,476.5,477.5,476.5,477,28
2026-04-29T09:00:00+00:00,477,477.5,477,477.5,6
2026-04-29T10:00:00+00:00,477,477,476.5,476.5,3
2026-04-29T11:00:00+00:00,476.5,477,476.5,477,6
2026-04-29T12:00:00+00:00,478,478,477,477,3
2026-04-29T13:00:00+00:00,475,479,475,477,54
2026-04-29T14:00:00+00:00,477.5,477.5,474,476.5,131
2026-04-29T15:00:00+00:00,477.5,478,476.5,477.5,70
2026-04-29T16:00:00+00:00,476.5,477.5,476,477.5,37
2026-04-29T17:00:00+00:00,477.5,478,476.5,477,46
2026-04-29T18:00:00+00:00,477.5,477.5,477,477.5,19
2026-04-30T00:00:00+00:00,476.5,477.5,476.5,477.5,0
2026-04-30T01:00:00+00:00,477.5,477.5,477,477,5
2026-04-30T02:00:00+00:00,478.5,479,478.5,478.5,35
2026-04-30T03:00:00+00:00,479,479,479,479,2
2026-04-30T04:00:00+00:00,479.5,480,479.5,480,9
2026-04-30T05:00:00+00:00,479.5,479.5,479,479.5,12
2026-04-30T06:00:00+00:00,479,479,477.5,477.5,3
2026-04-30T07:00:00+00:00,477.5,478,477.5,478,6
2026-04-30T08:00:00+00:00,478,478,478,478,2
2026-04-30T09:00:00+00:00,479,479,476,476,6
2026-04-30T10:00:00+00:00,475,476,474.5,475.5,48
2026-04-30T11:00:00+00:00,475.5,475.5,474,475,39
2026-04-30T12:00:00+00:00,475,475.5,475,475.5,2
2026-04-30T13:00:00+00:00,475,475,473,473,111
2026-04-30T14:00:00+00:00,473.5,474,471.5,472.5,192
2026-04-30T15:00:00+00:00,472,473.5,472,473,98
2026-04-30T16:00:00+00:00,473.5,475,473.5,474.5,69
2026-04-30T17:00:00+00:00,474.5,475,474,474,91
2026-04-30T18:00:00+00:00,474.5,475,474.5,474.5,28
2026-05-01T00:00:00+00:00,474,476.5,474,476,0
2026-05-01T01:00:00+00:00,477,477.5,476.5,477.5,12
2026-05-01T02:00:00+00:00,477,478,477,477.5,9
2026-05-01T03:00:00+00:00,477,477.5,477,477.5,3
2026-05-01T05:00:00+00:00,477.5,477.5,477.5,477.5,1
2026-05-01T06:00:00+00:00,477,477,477,477,1
2026-05-01T07:00:00+00:00,477.5,477.5,477.5,477.5,11
2026-05-01T08:00:00+00:00,477,477,477,477,3
2026-05-01T11:00:00+00:00,477.5,477.5,477,477,3
2026-05-01T12:00:00+00:00,477.5,478.5,476.5,478.5,39
2026-05-01T13:00:00+00:00,478,478,476,476,40
2026-05-01T14:00:00+00:00,476,479.5,476,479.5,79
2026-05-01T15:00:00+00:00,479.5,480,479,479,35
2026-05-01T16:00:00+00:00,479,482.5,479,481.5,70
2026-05-01T17:00:00+00:00,482,483,481,481,26
2026-05-01T18:00:00+00:00,480.5,481,479.5,479.5,17
2026-05-04T00:00:00+00:00,479,482.5,477.5,479.5,29
2026-05-04T01:00:00+00:00,479.5,480,479,480,19
2026-05-04T02:00:00+00:00,480,480.5,479.5,479.5,19
2026-05-04T04:00:00+00:00,478,479,478,479,9
2026-05-04T05:00:00+00:00,479,479,477,477,5
2026-05-04T07:00:00+00:00,479,480.5,479,480.5,34
2026-05-04T08:00:00+00:00,481,481.5,481,481,7
2026-05-04T09:00:00+00:00,481,481,480.5,480.5,8
2026-05-04T10:00:00+00:00,480,483,480,480,28
2026-05-04T11:00:00+00:00,480,481,480,481,6
2026-05-04T12:00:00+00:00,480.5,480.5,478.5,479,9
2026-05-04T13:00:00+00:00,478.5,479.5,478,478,16
2026-05-04T14:00:00+00:00,477.5,482.5,477.5,482.5,31
2026-05-04T15:00:00+00:00,483,485.5,483,484.5,60
2026-05-04T16:00:00+00:00,484,486,482.5,486,33
2026-05-04T17:00:00+00:00,485.5,486,484.5,486,17
2026-05-04T18:00:00+00:00,486,486,485,485,9
2026-05-05T00:00:00+00:00,485,486,483,485,0
2026-05-05T01:00:00+00:00,486,486,486,486,1
2026-05-05T02:00:00+00:00,485.5,485.5,485.5,485.5,1
2026-05-05T03:00:00+00:00,486,486,486,486,1
2026-05-05T04:00:00+00:00,486,486,486,486,2
2026-05-05T05:00:00+00:00,486,486,485.5,485.5,4
2026-05-05T06:00:00+00:00,486,487.5,485.5,487.5,18
2026-05-05T07:00:00+00:00,487,487,484,485,16
2026-05-05T08:00:00+00:00,484.5,484.5,484.5,484.5,1
2026-05-05T09:00:00+00:00,484.5,484.5,484.5,484.5,1
2026-05-05T10:00:00+00:00,484.5,484.5,483.5,484,5
2026-05-05T11:00:00+00:00,484.5,485,483,483,6
2026-05-05T12:00:00+00:00,483,483,482,482.5,10
2026-05-05T13:00:00+00:00,483.5,483.5,481,481,11
2026-05-05T14:00:00+00:00,481.5,483,480,480.5,46
2026-05-05T15:00:00+00:00,480,480,477.5,477.5,46
2026-05-05T16:00:00+00:00,477.5,479,477.5,478.5,25
2026-05-05T17:00:00+00:00,480,480,479,480,6
2026-05-05T18:00:00+00:00,479.5,480.5,479.5,479.5,17
2026-05-06T00:00:00+00:00,480.5,480.5,477.5,479,0
2026-05-06T01:00:00+00:00,478,479,478,479,12
2026-05-06T02:00:00+00:00,478.5,478.5,478.5,478.5,1
2026-05-06T03:00:00+00:00,478,478,478,478,1
2026-05-06T04:00:00+00:00,477,477,477,477,2
2026-05-06T06:00:00+00:00,477,477,476,476.5,10
2026-05-06T07:00:00+00:00,476.5,477,475,475,43
2026-05-06T08:00:00+00:00,475.5,475.5,472.5,473,34
2026-05-06T09:00:00+00:00,473,473,470.5,471.5,58
2026-05-06T10:00:00+00:00,471,471,468,469.5,54
2026-05-06T11:00:00+00:00,470,470.5,468.5,469.5,29
2026-05-06T12:00:00+00:00,470,473.5,470,473.5,25
2026-05-06T13:00:00+00:00,473.5,474.5,470.5,470.5,13
2026-05-06T14:00:00+00:00,471.5,472.5,469.5,470,23
2026-05-06T15:00:00+00:00,469.5,470,469,469.5,58
2026-05-06T16:00:00+00:00,470,470,469,469.5,7
2026-05-06T17:00:00+00:00,470,471,470,470.5,8
2026-05-06T18:00:00+00:00,469.5,469.5,468,468,7
2026-05-07T00:00:00+00:00,470.5,471,466,469,0
2026-05-07T01:00:00+00:00,468,468,466.5,466.5,15
2026-05-07T02:00:00+00:00,466,466,464.5,464.5,31
2026-05-07T03:00:00+00:00,466,466,466,466,1
2026-05-07T04:00:00+00:00,465,466,465,466,3
2026-05-07T06:00:00+00:00,465.5,465.5,464.5,464.5,12
2026-05-07T07:00:00+00:00,463.5,465.5,463.5,465.5,71
2026-05-07T08:00:00+00:00,466,466.5,466,466.5,2
2026-05-07T09:00:00+00:00,466.5,466.5,466.5,466.5,2
2026-05-07T10:00:00+00:00,467.5,468,467,468,21
2026-05-07T11:00:00+00:00,467,467.5,465,465,17
2026-05-07T12:00:00+00:00,465,465.5,462.5,463,45
2026-05-07T13:00:00+00:00,462,463.5,460,462,51
2026-05-07T14:00:00+00:00,462.5,464,461.5,463.5,30
2026-05-07T15:00:00+00:00,464,468.5,462.5,464,17
2026-05-07T16:00:00+00:00,465,467.5,465,467,69
2026-05-07T17:00:00+00:00,467.5,467.5,465,465,11
2026-05-07T18:00:00+00:00,466,467,466,467,10
2026-05-08T00:00:00+00:00,467.5,468,467.5,467.5,0
2026-05-08T01:00:00+00:00,467,467.5,467,467,4
2026-05-08T02:00:00+00:00,468,468,468,468,1
2026-05-08T05:00:00+00:00,467,467,467,467,1
2026-05-08T07:00:00+00:00,466,466,466,466,6
2026-05-08T08:00:00+00:00,468.5,468.5,468.5,468.5,3
2026-05-08T10:00:00+00:00,467.5,467.5,467,467,3
2026-05-08T11:00:00+00:00,466.5,466.5,466,466,5
2026-05-08T12:00:00+00:00,465.5,466,465.5,466,5
2026-05-08T13:00:00+00:00,465.5,467.5,465.5,467.5,10
2026-05-08T14:00:00+00:00,466.5,466.5,466,466.5,9
2026-05-08T15:00:00+00:00,467.5,470.5,467.5,470.5,11
2026-05-08T16:00:00+00:00,471,472,471,472,14
2026-05-08T17:00:00+00:00,472,472,471.5,472,16
2026-05-08T18:00:00+00:00,470.5,471.5,470.5,471.5,6
2026-05-11T00:00:00+00:00,469,475,469,474.5,30
2026-05-11T01:00:00+00:00,474,475,474,474.5,3
2026-05-11T02:00:00+00:00,475.5,475.5,475,475,8
2026-05-11T03:00:00+00:00,475.5,475.5,474.5,474.5,8
2026-05-11T04:00:00+00:00,474.5,474.5,474.5,474.5,2
2026-05-11T05:00:00+00:00,475,475,475,475,2
2026-05-11T06:00:00+00:00,474.5,474.5,473.5,473.5,7
2026-05-11T07:00:00+00:00,473.5,473.5,473.5,473.5,1
2026-05-11T08:00:00+00:00,473,473,473,473,3
2026-05-11T09:00:00+00:00,473,473,473,473,1
2026-05-11T10:00:00+00:00,475,475,474.5,474.5,3
2026-05-11T11:00:00+00:00,474.5,475.5,474.5,474.5,7
2026-05-11T12:00:00+00:00,474.5,474.5,474.5,474.5,7
2026-05-11T13:00:00+00:00,474,474,472,472.5,20
2026-05-11T14:00:00+00:00,473.5,474,473,473,16
2026-05-11T15:00:00+00:00,473.5,475,473,474.5,14
2026-05-11T16:00:00+00:00,474.5,476,474.5,476,5
2026-05-11T17:00:00+00:00,475.5,475.5,475.5,475.5,1
2026-05-11T18:00:00+00:00,475.5,475.5,474.5,474.5,12
2026-05-12T00:00:00+00:00,476.5,476.5,474,475,0
2026-05-12T02:00:00+00:00,475.5,475.5,475,475,7
2026-05-12T04:00:00+00:00,475,475,475,475,6
2026-05-12T05:00:00+00:00,475,475,475,475,4
2026-05-12T06:00:00+00:00,475,475.5,475,475.5,11
2026-05-12T08:00:00+00:00,475.5,475.5,474.5,474.5,2
2026-05-12T09:00:00+00:00,474.5,475,474.5,475,10
2026-05-12T10:00:00+00:00,476,476.5,475.5,476,6
2026-05-12T11:00:00+00:00,476.5,479,476.5,479,65
2026-05-12T12:00:00+00:00,478,478,478,478,5
2026-05-12T13:00:00+00:00,486.5,486.5,486,486,120
2026-05-12T14:00:00+00:00,485.5,485.5,485,485,24
2026-05-12T15:00:00+00:00,485.5,485.5,485.5,485.5,1
2026-05-12T16:00:00+00:00,485,486.5,479,484.5,55
2026-05-12T17:00:00+00:00,487,487,486.5,486.5,2
2026-05-13T00:00:00+00:00,486,487,486,487,0
2026-05-13T01:00:00+00:00,487.5,487.5,487.5,487.5,1
2026-05-13T02:00:00+00:00,488,488,487.5,487.5,3
2026-05-13T04:00:00+00:00,485.5,485.5,485,485,12
2026-05-13T06:00:00+00:00,485.5,485.5,485.5,485.5,1
2026-05-13T07:00:00+00:00,479.5,480,479.5,480,26
2026-05-13T09:00:00+00:00,480.5,481.5,480.5,481.5,10
2026-05-13T10:00:00+00:00,481.5,482,481,481.5,17
2026-05-13T11:00:00+00:00,481.5,481.5,481,481,8
2026-05-13T12:00:00+00:00,479.5,480,478.5,479.5,16
2026-05-13T13:00:00+00:00,480,482,479.5,482,28
2026-05-13T14:00:00+00:00,482.5,484,482.5,483,42
2026-05-13T15:00:00+00:00,483.5,491,483,489,45
2026-05-13T16:00:00+00:00,486.5,489,486.5,489,13
2026-05-13T17:00:00+00:00,489.5,489.5,489.5,489.5,2
2026-05-13T18:00:00+00:00,487.5,487.5,487,487,3
2026-05-14T00:00:00+00:00,486,492,486,486.5,0
2026-05-14T01:00:00+00:00,487,487,487,487,1
2026-05-14T03:00:00+00:00,488.5,488.5,488.5,488.5,1
2026-05-14T04:00:00+00:00,488.5,488.5,488.5,488.5,1
2026-05-14T06:00:00+00:00,489.5,489.5,485,485,12
2026-05-14T07:00:00+00:00,479,479,478,478,72
2026-05-14T08:00:00+00:00,480.5,481.5,479,479.5,22
2026-05-14T09:00:00+00:00,478.5,479.5,478,478,10
2026-05-14T10:00:00+00:00,478,479,474.5,478,64
2026-05-14T11:00:00+00:00,478,478,476.5,476.5,13
2026-05-14T12:00:00+00:00,475.5,475.5,472.5,473.5,38
2026-05-14T13:00:00+00:00,473.5,473.5,469.5,469.5,83
2026-05-14T14:00:00+00:00,470,470,467.5,467.5,57
2026-05-14T15:00:00+00:00,467,469,466,469,58
2026-05-14T16:00:00+00:00,467,467,465.5,466.5,31
2026-05-14T17:00:00+00:00,465.5,467.5,465.5,467,15
2026-05-14T18:00:00+00:00,467.5,468,467.5,467.5,28
2026-05-15T00:00:00+00:00,468.5,472.5,465.5,469,0
2026-05-15T01:00:00+00:00,469.5,473.5,469.5,472.5,21
2026-05-15T02:00:00+00:00,472,472,470.5,471,19
2026-05-15T03:00:00+00:00,470.5,471,469.5,471,7
2026-05-15T04:00:00+00:00,471.5,472,471.5,472,10
2026-05-15T05:00:00+00:00,470.5,470.5,469.5,469.5,18
2026-05-15T06:00:00+00:00,469,469,468,468.5,24
2026-05-15T07:00:00+00:00,468.5,475,468,475,0
2026-05-15T08:00:00+00:00,475.5,477,475.5,476.5,194
2026-05-15T09:00:00+00:00,475.5,475.5,475.5,475.5,3
2026-05-15T10:00:00+00:00,474,474,474,474,19
2026-05-15T11:00:00+00:00,470.5,470.5,470,470,5
2026-05-15T12:00:00+00:00,470,470,470,470,1
2026-05-15T13:00:00+00:00,470.5,470.5,467,467,127
2026-05-15T14:00:00+00:00,465,466,464.5,466,145
2026-05-15T15:00:00+00:00,464,464,463.5,464,5
2026-05-15T16:00:00+00:00,464,464,464,464,2
2026-05-15T18:00:00+00:00,463,463,463,463,1
2026-05-18T00:00:00+00:00,471.5,477.5,471.5,473.5,56
2026-05-18T01:00:00+00:00,473.5,473.5,471.5,471.5,15
2026-05-18T02:00:00+00:00,472.5,472.5,472.5,472.5,1
2026-05-18T03:00:00+00:00,473.5,473.5,473,473,2
2026-05-18T04:00:00+00:00,475,475.5,475,475.5,8
2026-05-18T05:00:00+00:00,474.5,474.5,474,474,12
2026-05-18T06:00:00+00:00,474,474,474,474,4
2026-05-18T07:00:00+00:00,474.5,474.5,467.5,469,91
2026-05-18T08:00:00+00:00,469.5,469.5,469.5,469.5,9
2026-05-18T09:00:00+00:00,470,470.5,469,470,28
2026-05-18T10:00:00+00:00,470.5,470.5,470,470,3
2026-05-18T11:00:00+00:00,471,471.5,468.5,469,25
2026-05-18T12:00:00+00:00,471.5,472,469,469.5,13
2026-05-18T13:00:00+00:00,471,472,469.5,472,44
2026-05-18T14:00:00+00:00,471,475,471,473.5,47
2026-05-18T15:00:00+00:00,475,476.5,474.5,474.5,23
2026-05-18T16:00:00+00:00,477,477,475.5,476,13
2026-05-18T17:00:00+00:00,475,476.5,475,476.5,3
2026-05-18T18:00:00+00:00,476.5,477.5,476.5,477.5,11
2026-05-19T00:00:00+00:00,476.5,477,475.5,476,0
2026-05-19T01:00:00+00:00,477,479.5,477,479.5,17
2026-05-19T02:00:00+00:00,478.5,479,478.5,479,6
2026-05-19T03:00:00+00:00,478.5,479,478.5,479,3
2026-05-19T04:00:00+00:00,479,479,479,479,3
2026-05-19T06:00:00+00:00,479.5,481.5,479.5,481,28
2026-05-19T07:00:00+00:00,481,481,480,480,5
2026-05-19T08:00:00+00:00,480,480,476.5,477.5,15
2026-05-19T09:00:00+00:00,477.5,479.5,477.5,478.5,7
2026-05-19T10:00:00+00:00,479,479,479,479,2
2026-05-19T11:00:00+00:00,479,479.5,479,479.5,5
2026-05-19T12:00:00+00:00,478.5,478.5,476.5,476.5,17
2026-05-19T13:00:00+00:00,476,477.5,476,477.5,19
2026-05-19T14:00:00+00:00,476.5,479,475,475,238
2026-05-19T15:00:00+00:00,476,476,475,476,9
2026-05-19T16:00:00+00:00,475,476.5,475,475,20
2026-05-19T17:00:00+00:00,475.5,476,472,472.5,13
2026-05-19T18:00:00+00:00,473,475.5,473,475.5,3
2026-05-20T00:00:00+00:00,472.5,476.5,472.5,473.5,0
2026-05-20T01:00:00+00:00,474,474,474,474,2
2026-05-20T02:00:00+00:00,473,473,473,473,1
2026-05-20T03:00:00+00:00,473,473,473,473,1
2026-05-20T04:00:00+00:00,472,473.5,472,473.5,3
2026-05-20T05:00:00+00:00,474,475,473.5,475,4
2026-05-20T06:00:00+00:00,474,474,473,473,7
2026-05-20T07:00:00+00:00,473,477.5,473,477.5,2
2026-05-20T08:00:00+00:00,477.5,478.5,477.5,478,15
2026-05-20T09:00:00+00:00,479,479.5,479,479.5,9
2026-05-20T10:00:00+00:00,480,480,477.5,477.5,8
2026-05-20T11:00:00+00:00,478.5,478.5,478.5,478.5,3
2026-05-20T12:00:00+00:00,477,477,476,476,64
2026-05-20T14:00:00+00:00,476,476,473,473,20
2026-05-20T15:00:00+00:00,472,472,463,464,96
2026-05-20T16:00:00+00:00,463.5,465.5,463.5,465,4
2026-05-20T17:00:00+00:00,465,465,463.5,464,15
2026-05-20T18:00:00+00:00,464.5,466,464.5,465,18
2026-05-21T00:00:00+00:00,468,468.5,463,463.5,0
2026-05-21T01:00:00+00:00,463.5,463.5,463.5,463.5,1
2026-05-21T02:00:00+00:00,464.5,464.5,464,464,2
2026-05-21T04:00:00+00:00,463.5,463.5,462.5,462.5,6
2026-05-21T05:00:00+00:00,462.5,462.5,462.5,462.5,2
2026-05-21T06:00:00+00:00,462.5,462.5,462,462.5,20
2026-05-21T07:00:00+00:00,463.5,463.5,463,463,6
2026-05-21T09:00:00+00:00,461.5,461.5,460.5,460.5,10
2026-05-21T10:00:00+00:00,460.5,464,460.5,464,13
2026-05-21T11:00:00+00:00,464,464,464,464,6
2026-05-21T12:00:00+00:00,465.5,465.5,465.5,465.5,5
2026-05-21T13:00:00+00:00,469,469,464,465,21
2026-05-21T14:00:00+00:00,465.5,468,465.5,466.5,17
2026-05-21T15:00:00+00:00,468,475,468,474,40
2026-05-21T16:00:00+00:00,472.5,473,472.5,473,12
2026-05-21T17:00:00+00:00,471.5,471.5,468,468,50
2026-05-22T00:00:00+00:00,469,469,467.5,467.5,0
2026-05-22T01:00:00+00:00,468,468,468,468,6
2026-05-22T03:00:00+00:00,467.5,467.5,467.5,467.5,1
2026-05-22T06:00:00+00:00,468.5,469,468.5,469,22
2026-05-22T07:00:00+00:00,470,487,470,487,23
2026-05-22T11:00:00+00:00,487,487,487,487,3
2026-05-22T12:00:00+00:00,487.5,487.5,485.5,485.5,19
2026-05-22T13:00:00+00:00,488.5,488.5,488.5,488.5,6
2026-05-22T14:00:00+00:00,488.5,488.5,488.5,488.5,4
2026-05-22T15:00:00+00:00,487.5,487.5,464,464.5,20
2026-05-22T16:00:00+00:00,464,464.5,463,463,16
2026-05-22T17:00:00+00:00,462.5,463,462.5,462.5,33
2026-05-22T18:00:00+00:00,463,463.5,462.5,463.5,38
2026-05-26T05:00:00+00:00,459.5,459.5,459.5,459.5,2
2026-05-26T06:00:00+00:00,459,459,459,459,6
2026-05-26T07:00:00+00:00,459.5,467,459.5,467,16
2026-05-26T08:00:00+00:00,468.5,468.5,468.5,468.5,6
2026-05-26T09:00:00+00:00,468.5,468.5,460.5,460.5,22
2026-05-26T10:00:00+00:00,460.5,460.5,458,458,25
2026-05-26T11:00:00+00:00,457,458.5,457,458.5,5
2026-05-26T12:00:00+00:00,458.5,459.5,458.5,459.5,10
2026-05-26T13:00:00+00:00,460,461,460,460,12
2026-05-26T14:00:00+00:00,458.5,458.5,457.5,458,8
2026-05-26T15:00:00+00:00,459.5,459.5,458.5,458.5,2
2026-05-26T16:00:00+00:00,457.5,457.5,457,457.5,8
2026-05-26T17:00:00+00:00,457.5,458.5,457,458.5,11
2026-05-26T18:00:00+00:00,458,458,457.5,458,4
2026-05-27T00:00:00+00:00,456,459,456,459,0
2026-05-27T01:00:00+00:00,458.5,459,458.5,459,2
2026-05-27T02:00:00+00:00,458,458,457,457,9
2026-05-27T04:00:00+00:00,457,457,456.5,456.5,2
2026-05-27T06:00:00+00:00,456,456,454.5,455,14
2026-05-27T11:00:00+00:00,455.5,455.5,455.5,455.5,6
2026-05-27T12:00:00+00:00,455,455,453,453.5,33
2026-05-27T13:00:00+00:00,453,456.5,453,456.5,48
2026-05-27T14:00:00+00:00,457,457.5,455.5,457,17
2026-05-27T15:00:00+00:00,455.5,455.5,455,455,3
2026-05-27T16:00:00+00:00,453.5,453.5,453.5,453.5,1
2026-05-27T17:00:00+00:00,453,453,451.5,451.5,26
2026-05-27T18:00:00+00:00,452,452.5,452,452.5,7
2026-05-28T00:00:00+00:00,453,453,453,453,0
2026-05-28T01:00:00+00:00,453,453,452,452,11
2026-05-28T02:00:00+00:00,452.5,453,452.5,453,2
2026-05-28T03:00:00+00:00,453,453,453,453,1
2026-05-28T04:00:00+00:00,454,454.5,454,454.5,5
2026-05-28T05:00:00+00:00,453.5,453.5,453.5,453.5,6
2026-05-28T06:00:00+00:00,455,455,454,454,4
2026-05-28T07:00:00+00:00,454.5,482.5,454.5,482,33
2026-05-28T08:00:00+00:00,482,482,481,481,4
2026-05-28T09:00:00+00:00,480.5,480.5,480.5,480.5,6
2026-05-28T10:00:00+00:00,482.5,482.5,482.5,482.5,3
2026-05-28T12:00:00+00:00,483,483,482.5,482.5,4
2026-05-28T13:00:00+00:00,480.5,481,480.5,481,7
2026-05-28T14:00:00+00:00,478.5,478.5,453,453,0
2026-05-28T15:00:00+00:00,455.5,455.5,455.5,455.5,95
2026-05-28T16:00:00+00:00,456.5,457,455,455,13
2026-05-28T17:00:00+00:00,454,456,454,456,9
2026-05-28T18:00:00+00:00,457,457,457,457,1
2026-05-29T00:00:00+00:00,457,459.5,455.5,455.5,0
2026-05-29T01:00:00+00:00,455,455,455,455,5
2026-05-29T02:00:00+00:00,454.5,455.5,454.5,455.5,4
2026-05-29T03:00:00+00:00,456,456,456,456,2
2026-05-29T06:00:00+00:00,455,455,454,454,3
2026-05-29T07:00:00+00:00,454,454.5,454,454,12
2026-05-29T09:00:00+00:00,453.5,453.5,453.5,453.5,1
2026-05-29T12:00:00+00:00,453,454,453,453,8
2026-05-29T13:00:00+00:00,452,456,449.5,451.5,52
2026-05-29T14:00:00+00:00,450,451.5,444.5,450,66
2026-05-29T15:00:00+00:00,449,450,445,446,15
2026-05-29T16:00:00+00:00,446.5,448,445,445,33
2026-05-29T17:00:00+00:00,445.5,446.5,444,445.5,13
2026-05-29T18:00:00+00:00,446.5,449,444,447,32
2026-06-01T00:00:00+00:00,449,449,446,447,16
2026-06-01T01:00:00+00:00,448,448,447,447,4
2026-06-01T02:00:00+00:00,448,448,448,448,2
2026-06-01T04:00:00+00:00,448.5,448.5,448.5,448.5,1
2026-06-01T05:00:00+00:00,448,448,448,448,1
2026-06-01T06:00:00+00:00,448,448.5,448,448.5,3
2026-06-01T08:00:00+00:00,475,475,475,475,10
2026-06-01T10:00:00+00:00,474,474.5,474,474.5,19
2026-06-01T13:00:00+00:00,473,473,473,473,3
2026-06-01T14:00:00+00:00,472.5,473,471,471,20
2026-06-01T15:00:00+00:00,470.5,472.5,468.5,472.5,54
2026-06-01T16:00:00+00:00,471.5,471.5,469.5,469.5,15
2026-06-01T17:00:00+00:00,470.5,470.5,469.5,470.5,34
2026-06-01T18:00:00+00:00,471,471,471,471,1
2026-06-02T00:00:00+00:00,470,470,469,469,0
2026-06-02T01:00:00+00:00,469,469.5,469,469.5,10
2026-06-02T05:00:00+00:00,469.5,469.5,469.5,469.5,1
2026-06-02T06:00:00+00:00,468.5,469.5,468.5,469.5,2
2026-06-02T07:00:00+00:00,442,442,442,442,27
2026-06-02T08:00:00+00:00,441.5,441.5,441.5,441.5,2
2026-06-02T09:00:00+00:00,441.5,442,441.5,441.5,26
2026-06-02T10:00:00+00:00,442,442,442,442,1
2026-06-02T11:00:00+00:00,442,442,442,442,1
2026-06-02T12:00:00+00:00,443,443,443,443,1
2026-06-02T13:00:00+00:00,440.5,440.5,440.5,440.5,2
2026-06-02T14:00:00+00:00,440,441,439,441,13
2026-06-02T15:00:00+00:00,441,441.5,441,441.5,6
2026-06-02T16:00:00+00:00,442,442,442,442,1
2026-06-02T17:00:00+00:00,440.5,440.5,440.5,440.5,4
2026-06-02T18:00:00+00:00,440,440,440,440,4
2026-06-03T00:00:00+00:00,440,440,440,440,0
2026-06-03T01:00:00+00:00,440.5,440.5,440,440,12
2026-06-03T02:00:00+00:00,439.5,440,439.5,440,4
2026-06-03T03:00:00+00:00,439,439,439,439,1
2026-06-03T04:00:00+00:00,440,440,439.5,439.5,2
2026-06-03T05:00:00+00:00,439,439,439,439,5
2026-06-03T06:00:00+00:00,440,440,440,440,1
2026-06-03T08:00:00+00:00,439,439,437.5,437.5,18
2026-06-03T11:00:00+00:00,440.5,440.5,440.5,440.5,1
2026-06-03T12:00:00+00:00,441.5,449.5,441.5,449.5,18
2026-06-03T13:00:00+00:00,447.5,447.5,446,446,35
2026-06-03T14:00:00+00:00,445.5,445.5,444,445,12
2026-06-03T15:00:00+00:00,443.5,444,434.5,435,57
2026-06-03T16:00:00+00:00,434,434,434,434,7
2026-06-03T17:00:00+00:00,435,435.5,431.5,431.5,21
2026-06-03T18:00:00+00:00,430.5,431.5,430.5,431.5,35
2026-06-04T00:00:00+00:00,431,431.5,430.5,430.5,0
2026-06-04T01:00:00+00:00,431,431,427,427,21
2026-06-04T02:00:00+00:00,426.5,428,426,426,45
2026-06-04T03:00:00+00:00,425.5,426,425.5,426,39
2026-06-04T04:00:00+00:00,426.5,427,426.5,427,13
2026-06-04T05:00:00+00:00,426,426,426,426,1
2026-06-04T06:00:00+00:00,425.5,425.5,425.5,425.5,1
2026-06-04T07:00:00+00:00,426,426,426,426,1
2026-06-04T08:00:00+00:00,426.5,426.5,426.5,426.5,2
2026-06-04T10:00:00+00:00,427.5,427.5,427.5,427.5,3
2026-06-04T11:00:00+00:00,427,428,427,428,5
2026-06-04T12:00:00+00:00,427.5,429.5,427.5,429,27
2026-06-04T13:00:00+00:00,425.5,426,424,425.5,41
2026-06-04T14:00:00+00:00,424,426,422.5,422.5,54
2026-06-04T15:00:00+00:00,423.5,424.5,422.5,422.5,17
2026-06-04T16:00:00+00:00,423.5,424.5,423,423.5,24
2026-06-04T17:00:00+00:00,423,423,422,423,38
2026-06-04T18:00:00+00:00,423.5,424.5,423,424.5,4
2026-06-05T00:00:00+00:00,425,428,423,423.5,0
2026-06-05T01:00:00+00:00,422,422,420.5,421.5,8
2026-06-05T02:00:00+00:00,421.5,421.5,421.5,421.5,5
2026-06-05T03:00:00+00:00,422.5,422.5,422.5,422.5,37
2026-06-05T05:00:00+00:00,421.5,421.5,421,421.5,47
2026-06-05T08:00:00+00:00,422.5,422.5,422.5,422.5,2
2026-06-05T09:00:00+00:00,449,449,449,449,27
2026-06-05T10:00:00+00:00,448.5,448.5,448.5,448.5,7
2026-06-05T11:00:00+00:00,448,448,447.5,448,6
2026-06-05T12:00:00+00:00,449.5,449.5,449.5,449.5,9
2026-06-05T13:00:00+00:00,448,448.5,447.5,447.5,3
2026-06-05T14:00:00+00:00,450,450,450,450,1
2026-06-05T15:00:00+00:00,448,448,446.5,446.5,45
2026-06-05T16:00:00+00:00,446.5,446.5,445.5,445.5,4
2026-06-05T17:00:00+00:00,446,446,444.5,445,18
2026-06-05T18:00:00+00:00,446,446,446,446,7
2026-06-08T00:00:00+00:00,446.5,446.5,444,444,4
2026-06-08T01:00:00+00:00,446,446,445.5,445.5,9
2026-06-08T02:00:00+00:00,446,446,445.5,445.5,5
2026-06-08T03:00:00+00:00,445,445,444.5,444.5,8
2026-06-08T05:00:00+00:00,445,445,444.5,445,23
2026-06-08T06:00:00+00:00,444,445,444,445,16
2026-06-08T07:00:00+00:00,418,418,417,417,54
2026-06-08T08:00:00+00:00,416.5,416.5,416,416,32
2026-06-08T09:00:00+00:00,416,416,416,416,31
2026-06-08T10:00:00+00:00,417,418.5,415,415,6
2026-06-08T11:00:00+00:00,413.5,414.5,413,414.5,34
2026-06-08T12:00:00+00:00,415.5,415.5,414.5,414.5,6
2026-06-08T13:00:00+00:00,414.5,415,413,415,37
2026-06-08T14:00:00+00:00,416.5,420,416.5,420,77
2026-06-08T15:00:00+00:00,419.5,420,418,419.5,11
2026-06-08T16:00:00+00:00,419,419.5,417.5,419.5,47
2026-06-08T17:00:00+00:00,419.5,421,419,420,49
2026-06-09T00:00:00+00:00,420,420,420,420,0
2026-06-09T01:00:00+00:00,420.5,421,420.5,420.5,19
2026-06-09T02:00:00+00:00,420,420,420,420,1
2026-06-09T03:00:00+00:00,419,419,419,419,1
2026-06-09T04:00:00+00:00,420,420,420,420,1
2026-06-09T05:00:00+00:00,419.5,420,419.5,420,2
2026-06-09T06:00:00+00:00,420,420,420,420,2
2026-06-09T07:00:00+00:00,421,422,420.5,420.5,23
2026-06-09T08:00:00+00:00,419.5,419.5,419.5,419.5,1
2026-06-09T10:00:00+00:00,421,421,421,421,1
2026-06-09T11:00:00+00:00,421,422.5,421,422.5,9
2026-06-09T12:00:00+00:00,421.5,421.5,421,421,3
2026-06-09T13:00:00+00:00,422,425,420.5,423,123
2026-06-09T14:00:00+00:00,422,422.5,421.5,422.5,11
2026-06-09T15:00:00+00:00,421,423,420,423,15
2026-06-09T16:00:00+00:00,421,423.5,420.5,422,26
2026-06-09T17:00:00+00:00,420.5,420.5,418,418.5,28
2026-06-09T18:00:00+00:00,419,419.5,419,419.5,10
2026-06-10T00:00:00+00:00,421,421,419.5,419.5,0
2026-06-10T01:00:00+00:00,419,419,419,419,1
2026-06-10T02:00:00+00:00,419,419,418.5,418.5,3
2026-06-10T04:00:00+00:00,419.5,419.5,419.5,419.5,1
2026-06-10T05:00:00+00:00,420,420,420,420,2
2026-06-10T06:00:00+00:00,420.5,421.5,420.5,421.5,63
2026-06-10T07:00:00+00:00,422,422.5,422,422.5,14
2026-06-10T08:00:00+00:00,423,423,423,423,1
2026-06-10T10:00:00+00:00,423,423.5,422.5,423,9
2026-06-10T11:00:00+00:00,424,425,423,423,10
2026-06-10T12:00:00+00:00,422.5,423.5,422.5,422.5,3
2026-06-10T13:00:00+00:00,422.5,422.5,420,421.5,40
2026-06-10T14:00:00+00:00,421,421,420,420.5,10
2026-06-10T15:00:00+00:00,419.5,420.5,419.5,420.5,12
2026-06-10T16:00:00+00:00,420,421,419.5,419.5,8
2026-06-10T17:00:00+00:00,419,419,419,419,2
2026-06-10T18:00:00+00:00,419.5,420,419.5,420,2
2026-06-11T00:00:00+00:00,417.5,420.5,416,420.5,0
2026-06-11T01:00:00+00:00,419,419,417.5,418.5,62
2026-06-11T02:00:00+00:00,418,418.5,418,418.5,6
2026-06-11T05:00:00+00:00,417,417,417,417,34
2026-06-11T06:00:00+00:00,417.5,419,417.5,419,4
2026-06-11T08:00:00+00:00,418,418,418,418,1
2026-06-11T09:00:00+00:00,418,418,418,418,1
2026-06-11T10:00:00+00:00,417,417.5,417,417,28
2026-06-11T11:00:00+00:00,416.5,417,415.5,417,28
2026-06-11T12:00:00+00:00,417,417,417,417,6
2026-06-11T13:00:00+00:00,416,416.5,415,416,21
2026-06-11T14:00:00+00:00,415.5,417,414.5,416.5,26
2026-06-11T15:00:00+00:00,416.5,418,416.5,418,6
2026-06-11T16:00:00+00:00,418.5,422,412.5,413,98
2026-06-11T17:00:00+00:00,413.5,413.5,410.5,412,54
2026-06-11T18:00:00+00:00,411,411,411,411,2
2026-06-12T00:00:00+00:00,412,413,411,412.5,0
2026-06-12T01:00:00+00:00,413,413,411,412,6
2026-06-12T04:00:00+00:00,412,412,412,412,1
2026-06-12T05:00:00+00:00,412,412.5,412,412.5,8
2026-06-12T06:00:00+00:00,413,413.5,412.5,413.5,29
2026-06-12T07:00:00+00:00,440.5,440.5,440.5,440.5,0
2026-06-12T08:00:00+00:00,438,438,436,436.5,151
2026-06-12T09:00:00+00:00,437,437,437,437,7
2026-06-12T11:00:00+00:00,437,437,437,437,4
2026-06-12T12:00:00+00:00,438,438,438,438,3
2026-06-12T13:00:00+00:00,438.5,442,438.5,442,10
2026-06-12T14:00:00+00:00,443,443,442,442.5,23
2026-06-12T15:00:00+00:00,415,415,415,415,6
2026-06-12T16:00:00+00:00,414.5,414.5,413,413,5
2026-06-12T17:00:00+00:00,413,414,413,413,9
2026-06-12T18:00:00+00:00,413,413.5,413,413,6
2026-06-15T00:00:00+00:00,412,415,408,409.5,20
2026-06-15T01:00:00+00:00,409.5,410.5,409.5,410,6
2026-06-15T02:00:00+00:00,410,410,410,410,10
2026-06-15T03:00:00+00:00,409,410,409,410,5
2026-06-15T06:00:00+00:00,409.5,409.5,409,409,3
2026-06-15T07:00:00+00:00,409,409,407.5,407.5,13
2026-06-15T08:00:00+00:00,407.5,408,407.5,408,3
2026-06-15T09:00:00+00:00,408,408,408,408,1
2026-06-15T10:00:00+00:00,408.5,408.5,408.5,408.5,4
2026-06-15T12:00:00+00:00,408.5,408.5,407,407,6
2026-06-15T13:00:00+00:00,407,411,407,411,32
2026-06-15T14:00:00+00:00,413,416,413,416,21
2026-06-15T15:00:00+00:00,415.5,416.5,415.5,416,9
2026-06-15T16:00:00+00:00,415.5,416.5,415.5,415.5,30
2026-06-15T17:00:00+00:00,415,415,415,415,5
2026-06-15T18:00:00+00:00,416,416,416,416,1
2026-06-16T00:00:00+00:00,415.5,416,414,414,0
2026-06-16T03:00:00+00:00,414,414,414,414,1
2026-06-16T06:00:00+00:00,415,415,415,415,2
2026-06-16T07:00:00+00:00,421.5,421.5,421.5,421.5,0
2026-06-16T08:00:00+00:00,420,420,420,420,29
2026-06-16T09:00:00+00:00,420,420,420,420,3
2026-06-16T10:00:00+00:00,421.5,421.5,421.5,421.5,9
2026-06-16T11:00:00+00:00,423,423.5,423,423.5,9
2026-06-16T12:00:00+00:00,422,422,421,421,9
2026-06-16T13:00:00+00:00,426,428,425,428,17
2026-06-16T14:00:00+00:00,428,429,423.5,423.5,6
2026-06-16T15:00:00+00:00,416,416,415,415,38
2026-06-16T16:00:00+00:00,414.5,415,414,415,9
2026-06-16T17:00:00+00:00,414,414.5,413.5,414.5,6
2026-06-17T00:00:00+00:00,417,417,413.5,413.5,0
2026-06-17T03:00:00+00:00,413.5,413.5,413.5,413.5,1
2026-06-17T05:00:00+00:00,415,415,415,415,1
2026-06-17T06:00:00+00:00,413.5,442,413.5,442,0
2026-06-17T08:00:00+00:00,442,442,442,442,24
2026-06-17T09:00:00+00:00,442,444,442,444,15
2026-06-17T10:00:00+00:00,444,444,444,444,3
2026-06-17T11:00:00+00:00,444,448,444,448,19
2026-06-17T12:00:00+00:00,447.5,448.5,428.5,428.5,124
2026-06-17T13:00:00+00:00,427,430,426,426,96
2026-06-17T14:00:00+00:00,426,427,426,427,8
2026-06-17T15:00:00+00:00,426,426,418,418.5,59
2026-06-17T16:00:00+00:00,419,419,418,418.5,8
2026-06-17T17:00:00+00:00,418.5,420,418.5,419,23
2026-06-17T18:00:00+00:00,419,421,419,421,4
2026-06-18T00:00:00+00:00,419,419,419,419,0
2026-06-18T01:00:00+00:00,420,420,420,420,28
2026-06-18T04:00:00+00:00,419.5,420,419.5,420,4
2026-06-18T05:00:00+00:00,420.5,420.5,420.5,420.5,2
2026-06-18T06:00:00+00:00,421.5,421.5,421.5,421.5,4
2026-06-18T07:00:00+00:00,421.5,421.5,421.5,421.5,10
2026-06-18T08:00:00+00:00,420,420,419,419,37
2026-06-18T09:00:00+00:00,418,418,417.5,417.5,4
2026-06-18T10:00:00+00:00,418.5,418.5,418.5,418.5,1
2026-06-18T11:00:00+00:00,417.5,417.5,417,417,16
2026-06-18T12:00:00+00:00,418,418.5,418,418.5,11
2026-06-18T13:00:00+00:00,418.5,418.5,416.5,417.5,71
2026-06-18T14:00:00+00:00,416,416.5,416,416.5,5
2026-06-18T15:00:00+00:00,417,417,417,417,6
2026-06-18T17:00:00+00:00,415.5,416.5,415.5,415.5,4
2026-06-18T18:00:00+00:00,417,425.5,417,417,4
2026-06-22T00:00:00+00:00,425.5,425.5,425,425.5,10
2026-06-22T01:00:00+00:00,425,425,425,425,17
2026-06-22T03:00:00+00:00,423.5,424.5,423.5,424.5,3
2026-06-22T05:00:00+00:00,423.5,423.5,423.5,423.5,1
2026-06-22T06:00:00+00:00,423,424,423,424,16
2026-06-22T07:00:00+00:00,423.5,423.5,423.5,423.5,10
2026-06-22T08:00:00+00:00,423,423,422.5,422.5,13
2026-06-22T09:00:00+00:00,422.5,423,422.5,423,3
2026-06-22T11:00:00+00:00,423.5,425,423.5,425,29
2026-06-22T12:00:00+00:00,426,426,418,418,0
2026-06-22T13:00:00+00:00,414.5,414.5,412.5,412.5,125
2026-06-22T14:00:00+00:00,413,413.5,412.5,412.5,8
2026-06-22T15:00:00+00:00,413,413.5,411.5,411.5,9
2026-06-22T16:00:00+00:00,412,412.5,412,412,4
2026-06-22T17:00:00+00:00,412.5,413,412.5,413,9
2026-06-22T18:00:00+00:00,411.5,412,411.5,412,10
2026-06-23T00:00:00+00:00,412.5,412.5,412.5,412.5,0
2026-06-23T03:00:00+00:00,413,413,413,413,4
2026-06-23T05:00:00+00:00,411.5,411.5,411.5,411.5,1
2026-06-23T06:00:00+00:00,412,412,412,412,3
2026-06-23T07:00:00+00:00,412,420.5,412,420.5,3
2026-06-23T08:00:00+00:00,421.5,421.5,421.5,421.5,8
2026-06-23T09:00:00+00:00,422,422,422,422,1
2026-06-23T10:00:00+00:00,422,422,422,422,1
2026-06-23T11:00:00+00:00,422,422,422,422,2
2026-06-23T12:00:00+00:00,421,421,421,421,3
2026-06-23T13:00:00+00:00,421,421,417.5,417.5,25
2026-06-23T14:00:00+00:00,418,418,415.5,417,33
2026-06-23T15:00:00+00:00,418.5,419,418.5,418.5,6
2026-06-23T16:00:00+00:00,418,418,418,418,2
2026-06-23T18:00:00+00:00,417.5,417.5,417,417.5,0
2026-06-24T00:00:00+00:00,418.5,418.5,418.5,418.5,26
2026-06-24T01:00:00+00:00,417.5,417.5,417.5,417.5,2
2026-06-24T03:00:00+00:00,418,418,418,418,1
2026-06-24T04:00:00+00:00,418.5,418.5,418,418,2
2026-06-24T07:00:00+00:00,419,419,417.5,417.5,2
2026-06-24T08:00:00+00:00,417,418.5,417,418.5,3
2026-06-24T11:00:00+00:00,419,419,419,419,16
2026-06-24T12:00:00+00:00,419.5,420,419.5,420,5
2026-06-24T13:00:00+00:00,420,420,418,418,14
2026-06-24T14:00:00+00:00,418,419.5,418,419.5,14
2026-06-24T15:00:00+00:00,418.5,418.5,416.5,416.5,13
2026-06-24T16:00:00+00:00,416,418,416,418,9
2026-06-24T17:00:00+00:00,416.5,416.5,416,416,2
2026-06-24T18:00:00+00:00,415.5,415.5,414,414,21
2026-06-25T00:00:00+00:00,414,415.5,413,415,0
2026-06-25T01:00:00+00:00,414.5,414.5,412.5,412.5,24
2026-06-25T03:00:00+00:00,414,414,413,413,18
2026-06-25T06:00:00+00:00,414.5,414.5,414.5,414.5,9
2026-06-25T07:00:00+00:00,414.5,415.5,414.5,415.5,17
2026-06-25T08:00:00+00:00,415,415.5,415,415,5
2026-06-25T09:00:00+00:00,415.5,415.5,415.5,415.5,12
2026-06-25T10:00:00+00:00,416,416.5,415,415,35
2026-06-25T11:00:00+00:00,415.5,415.5,415.5,415.5,1
2026-06-25T12:00:00+00:00,414,414,414,414,4
2026-06-25T13:00:00+00:00,415,417,415,415.5,9
2026-06-25T14:00:00+00:00,417,418,417,418,11
2026-06-25T15:00:00+00:00,418,419,418,418,30
2026-06-25T16:00:00+00:00,419.5,421.5,419.5,421.5,22
2026-06-25T17:00:00+00:00,421.5,425,421.5,425,20
2026-06-25T18:00:00+00:00,424.5,425,424,424.5,17
2026-06-26T00:00:00+00:00,424,425,422.5,423,0
2026-06-26T01:00:00+00:00,424.5,424.5,424.5,424.5,9
2026-06-26T02:00:00+00:00,424,424,424,424,9
2026-06-26T03:00:00+00:00,423.5,423.5,423.5,423.5,8
2026-06-26T04:00:00+00:00,423.5,423.5,423.5,423.5,2
2026-06-26T05:00:00+00:00,424,424,424,424,20
2026-06-26T06:00:00+00:00,424,424,424,424,1
2026-06-26T07:00:00+00:00,424.5,424.5,424,424,2
2026-06-26T08:00:00+00:00,424,424,424,424,9
2026-06-26T09:00:00+00:00,423,423.5,422,423,8
2026-06-26T10:00:00+00:00,423,423.5,423,423.5,5
2026-06-26T11:00:00+00:00,424,424,422.5,422.5,3
2026-06-26T12:00:00+00:00,422,422,422,422,2
2026-06-26T13:00:00+00:00,423,425.5,421,424,38
2026-06-26T14:00:00+00:00,423,425.5,423,425.5,15
2026-06-26T15:00:00+00:00,425.5,426.5,424.5,426,9
2026-06-26T16:00:00+00:00,425,425.5,424,424,8
2026-06-26T17:00:00+00:00,424,424,422,422,8
2026-06-26T18:00:00+00:00,421.5,422,421,422,9
2026-06-29T00:00:00+00:00,420,424,416.5,418.5,18
2026-06-29T01:00:00+00:00,417.5,417.5,417.5,417.5,2
2026-06-29T02:00:00+00:00,417.5,417.5,417.5,417.5,1
2026-06-29T04:00:00+00:00,416.5,416.5,416,416,9
2026-06-29T05:00:00+00:00,416,416.5,415.5,416,16
2026-06-29T06:00:00+00:00,416.5,416.5,416,416,4
2026-06-29T07:00:00+00:00,416,416,415,415.5,8
2026-06-29T08:00:00+00:00,416,416,414.5,415,24
2026-06-29T09:00:00+00:00,414.5,414.5,414.5,414.5,2
2026-06-29T10:00:00+00:00,414,414,412.5,412.5,15
2026-06-29T11:00:00+00:00,413.5,413.5,413,413,5
2026-06-29T12:00:00+00:00,413.5,414.5,413.5,413.5,18
2026-06-29T13:00:00+00:00,412.5,414.5,411,411,29
2026-06-29T14:00:00+00:00,412,412,411,411.5,4
2026-06-29T15:00:00+00:00,411,411,409,409.5,36
2026-06-29T16:00:00+00:00,410,410,407.5,407.5,27
2026-06-29T17:00:00+00:00,407.5,409,407,409,19
2026-06-29T18:00:00+00:00,409.5,410.5,409,409.5,8
2026-06-30T00:00:00+00:00,409.5,411.5,409.5,411.5,0
2026-06-30T02:00:00+00:00,411.5,412,411.5,412,3
2026-06-30T04:00:00+00:00,411.5,411.5,411.5,411.5,3
2026-06-30T06:00:00+00:00,411,411,411,411,3
2026-06-30T08:00:00+00:00,412.5,412.5,411,411,2
2026-06-30T09:00:00+00:00,411,411,411,411,1
2026-06-30T10:00:00+00:00,411,411,411,411,2
2026-06-30T11:00:00+00:00,409,409,408.5,408.5,5
2026-06-30T12:00:00+00:00,408.5,410,407.5,410,16
2026-06-30T13:00:00+00:00,410,411,409.5,411,18
2026-06-30T14:00:00+00:00,411,411,409,409,8
2026-06-30T15:00:00+00:00,409.5,409.5,406.5,406.5,20
2026-06-30T16:00:00+00:00,409.5,422,409.5,414,72
2026-06-30T17:00:00+00:00,412.5,417.5,412.5,415.5,20
2026-06-30T18:00:00+00:00,416.5,416.5,416.5,416.5,1
2026-07-01T00:00:00+00:00,416.5,419,416.5,418,0
2026-07-01T02:00:00+00:00,419,419,419,419,2
2026-07-01T03:00:00+00:00,420,420,419.5,419.5,3
2026-07-01T04:00:00+00:00,419.5,419.5,419.5,419.5,1
2026-07-01T05:00:00+00:00,420,420,420,420,1
2026-07-01T06:00:00+00:00,419,419,419,419,4
2026-07-01T07:00:00+00:00,439,439,439,439,9
2026-07-01T08:00:00+00:00,439,439,439,439,3
2026-07-01T10:00:00+00:00,438.5,438.5,438.5,438.5,1
2026-07-01T11:00:00+00:00,439.5,442,439.5,442,49
2026-07-01T12:00:00+00:00,443,443,441.5,441.5,3
2026-07-01T13:00:00+00:00,441.5,443.5,438.5,442.5,22
2026-07-01T14:00:00+00:00,441.5,441.5,439.5,440,7
2026-07-01T15:00:00+00:00,439.5,440,420,420,21
2026-07-01T16:00:00+00:00,420.5,421.5,420.5,421.5,8
2026-07-01T17:00:00+00:00,421.5,422,421,422,7
2026-07-01T18:00:00+00:00,422,424,422,424,15
2026-07-02T00:00:00+00:00,422,424,422,424,0
2026-07-02T01:00:00+00:00,424,424,423.5,424,10
2026-07-02T02:00:00+00:00,424,424,424,424,1
2026-07-02T03:00:00+00:00,423.5,423.5,423.5,423.5,6
2026-07-02T04:00:00+00:00,423.5,423.5,423.5,423.5,3
2026-07-02T05:00:00+00:00,423,424,423,423,6
2026-07-02T08:00:00+00:00,424,424,424,424,2
2026-07-02T10:00:00+00:00,425,425.5,425,425,7
2026-07-02T11:00:00+00:00,426,426,426,426,5
2026-07-02T12:00:00+00:00,426.5,444,426.5,443.5,11
2026-07-02T13:00:00+00:00,444.5,444.5,444.5,444.5,4
2026-07-02T14:00:00+00:00,444.5,445,444,445,4
2026-07-02T15:00:00+00:00,444.5,445,426,426,24
2026-07-02T16:00:00+00:00,423,423,423,423,1
2026-07-02T17:00:00+00:00,422.5,424,422.5,424,8
2026-07-02T18:00:00+00:00,422.5,422.5,422.5,422.5,5
2026-07-06T00:00:00+00:00,425,430,425,429.5,33
2026-07-06T01:00:00+00:00,430.5,430.5,430,430.5,25
2026-07-06T02:00:00+00:00,430.5,430.5,429.5,429.5,6
2026-07-06T03:00:00+00:00,430,430,430,430,8
2026-07-06T04:00:00+00:00,430.5,430.5,430,430.5,27
2026-07-06T05:00:00+00:00,431,431,431,431,2
2026-07-06T06:00:00+00:00,431,432,431,431,14
2026-07-06T07:00:00+00:00,430.5,433,430.5,433,22
2026-07-06T08:00:00+00:00,433,434,433,434,8
2026-07-06T09:00:00+00:00,434.5,435,434.5,435,34
2026-07-06T10:00:00+00:00,435,435.5,435,435,24
2026-07-06T11:00:00+00:00,435.5,435.5,435,435,5
2026-07-06T12:00:00+00:00,434,435,434,435,5
2026-07-06T13:00:00+00:00,435.5,436.5,434,436,41
2026-07-06T14:00:00+00:00,436.5,438,436,438,30
2026-07-06T15:00:00+00:00,438,439,436,439,30
2026-07-06T16:00:00+00:00,438,438.5,436,437,44
2026-07-06T17:00:00+00:00,437,438,436.5,438,31
2026-07-06T18:00:00+00:00,438,439,438,438.5,9
2026-07-07T00:00:00+00:00,437.5,437.5,435.5,437,0
2026-07-07T01:00:00+00:00,437,439,437,439,11
2026-07-07T02:00:00+00:00,438.5,439.5,438,438,28
2026-07-07T03:00:00+00:00,438,438.5,438,438,5
2026-07-07T04:00:00+00:00,438,438,438,438,1
2026-07-07T05:00:00+00:00,437.5,437.5,436.5,436.5,7
2026-07-07T06:00:00+00:00,438,438,436.5,436.5,9
2026-07-07T07:00:00+00:00,436.5,439,436.5,439,16
2026-07-07T10:00:00+00:00,439,439.5,439,439.5,7
2026-07-07T11:00:00+00:00,440,440,440,440,3
2026-07-07T12:00:00+00:00,441,441,439,439,11
2026-07-07T13:00:00+00:00,438.5,440,438,438,33
2026-07-07T14:00:00+00:00,436.5,437,435.5,436.5,21
2026-07-07T15:00:00+00:00,436.5,439.5,436.5,439,12
2026-07-07T16:00:00+00:00,439.5,442,439,441.5,52
2026-07-07T17:00:00+00:00,442.5,444.5,442.5,443,17
2026-07-07T18:00:00+00:00,443.5,443.5,443,443,5
2026-07-08T00:00:00+00:00,442,442.5,440,440,0
2026-07-08T01:00:00+00:00,440,440,440,440,1
2026-07-08T02:00:00+00:00,441.5,442,441,441.5,12
2026-07-08T03:00:00+00:00,442.5,442.5,442,442.5,5
2026-07-08T04:00:00+00:00,442.5,442.5,442,442,4
2026-07-08T05:00:00+00:00,441.5,442,440.5,440.5,10
2026-07-08T06:00:00+00:00,441.5,441.5,440.5,440.5,3
2026-07-08T07:00:00+00:00,441.5,444,441.5,442.5,24
2026-07-08T08:00:00+00:00,444,445,444,444,27
2026-07-08T09:00:00+00:00,444,444,444,444,7
2026-07-08T10:00:00+00:00,443,443,442,443,18
2026-07-08T11:00:00+00:00,442.5,442.5,441.5,441.5,4
2026-07-08T12:00:00+00:00,443,443,443,443,1
2026-07-08T13:00:00+00:00,442,443,439,439,22
2026-07-08T14:00:00+00:00,438,440,432.5,437,50
2026-07-08T15:00:00+00:00,437.5,438,436.5,436.5,13
2026-07-08T16:00:00+00:00,436,436,435,435,10
2026-07-08T17:00:00+00:00,435.5,435.5,435,435.5,4
2026-07-08T18:00:00+00:00,435,435,434,434,10
2026-07-09T00:00:00+00:00,433.5,433.5,430,432.5,0
2026-07-09T01:00:00+00:00,432,433.5,432,433.5,3
2026-07-09T03:00:00+00:00,430,431,429.5,431,22
2026-07-09T06:00:00+00:00,431.5,431.5,430.5,430.5,7
2026-07-09T07:00:00+00:00,431,431.5,430,430,17
2026-07-09T08:00:00+00:00,429.5,430,429.5,430,3
2026-07-09T09:00:00+00:00,430,430,430,430,2
2026-07-09T10:00:00+00:00,430,431,430,431,22
2026-07-09T11:00:00+00:00,431,431.5,431,431.5,6
2026-07-09T13:00:00+00:00,430.5,432.5,430.5,432.5,24
2026-07-09T14:00:00+00:00,430,434,429,433.5,35
2026-07-09T15:00:00+00:00,433.5,434,432,434,49
2026-07-09T16:00:00+00:00,433,433.5,430.5,431,28
2026-07-09T17:00:00+00:00,431.5,431.5,431.5,431.5,1
2026-07-09T18:00:00+00:00,431,431.5,431,431.5,14
2026-07-10T03:00:00+00:00,432,432.5,432,432.5,0
2026-07-10T04:00:00+00:00,431.5,431.5,431.5,431.5,1
2026-07-10T05:00:00+00:00,432.5,432.5,432.5,432.5,7
2026-07-10T06:00:00+00:00,431,431,430,430,22
2026-07-10T07:00:00+00:00,429,449,429,449,10
2026-07-10T08:00:00+00:00,429,429,429,429,0
2026-07-10T10:00:00+00:00,427,427,427,427,57
2026-07-10T12:00:00+00:00,431.5,431.5,431.5,431.5,1
2026-07-10T13:00:00+00:00,453.5,455.5,450.5,453,55
2026-07-10T14:00:00+00:00,453,457,453,456.5,26
2026-07-10T15:00:00+00:00,456.5,456.5,434.5,434.5,23
2026-07-10T16:00:00+00:00,437.5,440,435.5,438,31
2026-07-10T17:00:00+00:00,439,440,437,438.5,17
2026-07-10T18:00:00+00:00,439.5,439.5,439.5,439.5,1
2026-07-13T00:00:00+00:00,444,448,444,447.5,21
2026-07-13T01:00:00+00:00,444.5,444.5,444.5,444.5,1
2026-07-13T02:00:00+00:00,446,446,445,446,3
2026-07-13T04:00:00+00:00,445.5,445.5,445.5,445.5,1
2026-07-13T05:00:00+00:00,445.5,445.5,445.5,445.5,1
2026-07-13T07:00:00+00:00,466.5,466.5,466.5,466.5,92
2026-07-13T08:00:00+00:00,465.5,466,465.5,465.5,18
2026-07-13T09:00:00+00:00,465,465,465,465,1
2026-07-13T10:00:00+00:00,466.5,466.5,466.5,466.5,3
2026-07-13T11:00:00+00:00,466.5,466.5,466.5,466.5,2
2026-07-13T12:00:00+00:00,467,468,466.5,466.5,4
2026-07-13T13:00:00+00:00,465.5,466.5,465.5,466.5,7
2026-07-13T14:00:00+00:00,465.5,467.5,465.5,466.5,15
2026-07-13T15:00:00+00:00,468,469,467,469,19
2026-07-13T16:00:00+00:00,468.5,468.5,466,466,17
2026-07-13T17:00:00+00:00,465.5,466,464,464,14
2026-07-13T18:00:00+00:00,465,465,462.5,462.5,0
2026-07-14T00:00:00+00:00,460,460.5,457.5,458.5,36
2026-07-14T01:00:00+00:00,458.5,458.5,458,458,2
2026-07-14T04:00:00+00:00,460.5,460.5,460.5,460.5,3
2026-07-14T05:00:00+00:00,459.5,459.5,459.5,459.5,1
2026-07-14T06:00:00+00:00,459.5,461,459.5,461,3
2026-07-14T07:00:00+00:00,459.5,459.5,437,437,18
2026-07-14T08:00:00+00:00,436.5,436.5,435.5,435.5,22
2026-07-14T09:00:00+00:00,437,437,437,437,2
2026-07-14T10:00:00+00:00,436.5,436.5,436,436,4
2026-07-14T11:00:00+00:00,435.5,435.5,434.5,435,8
2026-07-14T13:00:00+00:00,435,438,435,438,3
2026-07-14T14:00:00+00:00,437.5,438,437,438,23
2026-07-14T15:00:00+00:00,436.5,436.5,436.5,436.5,4
2026-07-14T16:00:00+00:00,437.5,438.5,437.5,438.5,4
2026-07-14T17:00:00+00:00,438.5,438.5,438.5,438.5,1
2026-07-14T18:00:00+00:00,437.5,437.5,437.5,437.5,0
2026-07-15T00:00:00+00:00,435.5,439.5,435.5,439.5,6
2026-07-15T01:00:00+00:00,438.5,439,438.5,439,3
2026-07-15T03:00:00+00:00,438.5,438.5,438.5,438.5,1
2026-07-15T04:00:00+00:00,439,439,439,439,2
2026-07-15T06:00:00+00:00,439,439,439,439,1
2026-07-15T07:00:00+00:00,439,439,439,439,1
2026-07-15T08:00:00+00:00,461,465.5,461,465.5,46
2026-07-15T09:00:00+00:00,465,466,465,465,28
2026-07-15T10:00:00+00:00,466.5,466.5,465.5,465.5,6
2026-07-15T11:00:00+00:00,464.5,466,464.5,466,6
2026-07-15T12:00:00+00:00,463.5,465,463.5,465,6
2026-07-15T13:00:00+00:00,464,465,463.5,465,7
2026-07-15T14:00:00+00:00,466.5,468.5,466.5,468,8
2026-07-15T15:00:00+00:00,468.5,469.5,445,445,60
2026-07-15T16:00:00+00:00,446,447,446,447,17
2026-07-15T17:00:00+00:00,448,449,448,448.5,23
2026-07-15T18:00:00+00:00,448,448.5,448,448.5,0
2026-07-16T00:00:00+00:00,445.5,448,445.5,448,11
2026-07-16T01:00:00+00:00,448,448,446.5,446.5,0
2026-07-16T02:00:00+00:00,446.5,447.5,446.5,446.5,30
2026-07-16T03:00:00+00:00,447,447,447,447,2
2026-07-16T05:00:00+00:00,447.5,447.5,447,447,2
2026-07-16T07:00:00+00:00,447,451.5,447,451.5,8
2026-07-16T08:00:00+00:00,450.5,450.5,449,449.5,14
2026-07-16T09:00:00+00:00,471,472.5,471,472.5,147
2026-07-16T12:00:00+00:00,471.5,471.5,468,468.5,8
2026-07-16T13:00:00+00:00,468.5,468.5,467.5,468,12
2026-07-16T14:00:00+00:00,468,468.5,464,464,24
2026-07-16T15:00:00+00:00,464.5,464.5,464,464,3
2026-07-16T16:00:00+00:00,463.5,463.5,463,463,7
2026-07-16T17:00:00+00:00,463,464.5,463,464.5,3
2026-07-16T18:00:00+00:00,464.5,464.5,464,464,11
2026-07-17T00:00:00+00:00,463.5,464.5,463.5,463.5,0
2026-07-17T01:00:00+00:00,463,463,461.5,461.5,15
2026-07-17T02:00:00+00:00,461.5,461.5,461.5,461.5,2
2026-07-17T03:00:00+00:00,461,462,461,462,3
2026-07-17T04:00:00+00:00,460,460,460,460,1
2026-07-17T05:00:00+00:00,460.5,460.5,459,459.5,12
2026-07-17T06:00:00+00:00,458.5,460,458.5,460,10
2026-07-17T07:00:00+00:00,460,460,437.5,439.5,41
2026-07-17T08:00:00+00:00,439.5,439.5,439.5,439.5,8
2026-07-17T09:00:00+00:00,439.5,439.5,437.5,437.5,10
2026-07-17T10:00:00+00:00,440,440,440,440,5
2026-07-17T11:00:00+00:00,440.5,441,440.5,441,14
2026-07-17T12:00:00+00:00,441.5,443,441.5,443,11
2026-07-17T13:00:00+00:00,443,444,441,441,13
2026-07-17T14:00:00+00:00,441.5,442.5,441,442,8
2026-07-17T15:00:00+00:00,443,443.5,443,443.5,3
2026-07-17T16:00:00+00:00,443,444,443,444,6
2026-07-17T17:00:00+00:00,443,444.5,443,444.5,8
2026-07-17T18:00:00+00:00,445,445,445,445,10
2026-07-20T00:00:00+00:00,448.5,451,448.5,448.5,12
2026-07-20T01:00:00+00:00,448,448.5,447.5,448.5,5
2026-07-20T02:00:00+00:00,449,449,449,449,1
2026-07-20T04:00:00+00:00,447,447.5,447,447.5,2
2026-07-20T06:00:00+00:00,449,449,449,449,6
2026-07-20T07:00:00+00:00,448.5,448.5,447.5,447.5,17
2026-07-20T08:00:00+00:00,450,450,450,450,2
2026-07-20T09:00:00+00:00,450,450,450,450,2
2026-07-20T10:00:00+00:00,451,451,451,451,1
2026-07-20T11:00:00+00:00,450.5,451.5,450,451,29
2026-07-20T12:00:00+00:00,451,452.5,451,452.5,10
2026-07-20T13:00:00+00:00,449,450.5,448,448.5,8
2026-07-20T14:00:00+00:00,449,450.5,448.5,449,12
2026-07-20T15:00:00+00:00,449.5,451,449.5,451,3
2026-07-20T16:00:00+00:00,451,451,451,451,10
2026-07-20T17:00:00+00:00,449,449.5,449,449.5,6
2026-07-20T18:00:00+00:00,450,450,450,450,3
2026-07-21T00:00:00+00:00,447.5,450.5,445.5,448,0
2026-07-21T01:00:00+00:00,448,448,448,448,1
2026-07-21T02:00:00+00:00,447.5,447.5,447.5,447.5,2
2026-07-21T03:00:00+00:00,448,448,448,448,5
2026-07-21T06:00:00+00:00,448,448,448,448,1
2026-07-21T07:00:00+00:00,450,450.5,450,450.5,3
2026-07-21T08:00:00+00:00,447.5,448.5,447,448.5,3
2026-07-21T09:00:00+00:00,449,449,449,449,6
2026-07-21T11:00:00+00:00,450,450,448.5,448.5,15
2026-07-21T12:00:00+00:00,449,449,449,449,1
2026-07-21T13:00:00+00:00,447,450,446.5,450,17
2026-07-21T14:00:00+00:00,449.5,450.5,449,450.5,9
2026-07-21T15:00:00+00:00,449.5,449.5,449.5,449.5,13
2026-07-21T16:00:00+00:00,451,453,451,453,22
2026-07-21T17:00:00+00:00,453.5,453.5,452.5,453,66
2026-07-21T18:00:00+00:00,452.5,453,452.5,453,3
2026-07-22T00:00:00+00:00,452,454.5,452,454.5,0
2026-07-22T01:00:00+00:00,454.5,454.5,454,454.5,6
2026-07-22T03:00:00+00:00,454,454.5,453.5,454,22
2026-07-22T04:00:00+00:00,454.5,454.5,454,454,12
2026-07-22T05:00:00+00:00,454,454,454,454,0
2026-07-22T06:00:00+00:00,453.5,454,453.5,453.5,54
2026-07-22T07:00:00+00:00,454,456,454,455.5,16
2026-07-22T08:00:00+00:00,455.5,455.5,455,455.5,13
2026-07-22T09:00:00+00:00,455,456,455,456,3
2026-07-22T10:00:00+00:00,456,457,456,457,20
2026-07-22T11:00:00+00:00,458,459,457.5,459,24
2026-07-22T12:00:00+00:00,458,459.5,458,458.5,27
2026-07-22T13:00:00+00:00,459,460.5,456.5,460.5,17
2026-07-22T14:00:00+00:00,460.5,463,459.5,463,21
2026-07-22T15:00:00+00:00,461,462,460.5,462,14
2026-07-22T16:00:00+00:00,462,462,459.5,461,17
2026-07-22T17:00:00+00:00,460,460,460,460,1
2026-07-22T18:00:00+00:00,462,462,461.5,461.5,4
2026-07-23T00:00:00+00:00,462,462.5,461,462.5,0
2026-07-23T01:00:00+00:00,462.5,462.5,462,462,14
2026-07-23T02:00:00+00:00,462,462,461,461,7
2026-07-23T05:00:00+00:00,462,462,461.5,462,7
2026-07-23T06:00:00+00:00,463,463,463,463,1
2026-07-23T07:00:00+00:00,464,464,463.5,463.5,4
2026-07-23T08:00:00+00:00,462,462,462,462,4
2026-07-23T09:00:00+00:00,462.5,464,462.5,463.5,29
2026-07-23T10:00:00+00:00,465,465,465,465,7
2026-07-23T11:00:00+00:00,465,466,465,466,3
2026-07-23T13:00:00+00:00,464,464,463,463,12
2026-07-23T15:00:00+00:00,484.5,486,484.5,486,9
2026-07-23T16:00:00+00:00,486.5,487.5,486.5,486.5,8
2026-07-23T17:00:00+00:00,488.5,490.5,488,488,16
2026-07-24T00:00:00+00:00,488,488,488,488,0
2026-07-24T01:00:00+00:00,488,488,488,488,1
2026-07-24T03:00:00+00:00,489,489,488.5,488.5,2
2026-07-24T05:00:00+00:00,489.5,490,489.5,490,4
2026-07-24T06:00:00+00:00,491,491,491,491,1
2026-07-24T07:00:00+00:00,489.5,505,489.5,505,31
2026-07-24T08:00:00+00:00,507,507.5,507,507,7
2026-07-24T09:00:00+00:00,466,466,465,465,16
2026-07-24T10:00:00+00:00,465.5,466,465.5,466,2
2026-07-24T11:00:00+00:00,465.5,465.5,462,462,25
2026-07-24T12:00:00+00:00,461,461,458,458,14
2026-07-24T13:00:00+00:00,457.5,458,457,457,21
2026-07-24T14:00:00+00:00,457,465,456.5,465,33
2026-07-24T15:00:00+00:00,465,465,461,461.5,11
2026-07-24T16:00:00+00:00,462.5,463.5,462,463.5,11
2026-07-24T17:00:00+00:00,462,462,462,462,5
2026-07-24T18:00:00+00:00,463,464.5,463,464.5,31
2026-07-27T00:00:00+00:00,459,465,454,459,9
2026-07-27T03:00:00+00:00,459,460,458.5,460,6
2026-07-27T06:00:00+00:00,457.5,457.5,456,456,7
2026-07-27T07:00:00+00:00,456.5,477,454.5,477,0
2026-07-27T08:00:00+00:00,476,476,475,475,73
2026-07-27T09:00:00+00:00,474,474,473,474,31
2026-07-27T10:00:00+00:00,473.5,473.5,472.5,472.5,2
2026-07-27T11:00:00+00:00,473.5,474,472,472.5,34
2026-07-27T12:00:00+00:00,473,474,472.5,474,23
2026-07-27T13:00:00+00:00,474.5,475.5,474.5,475,10
2026-07-27T14:00:00+00:00,475,476.5,474,476.5,9
2026-07-27T15:00:00+00:00,477,477,473,473,6
2026-07-27T16:00:00+00:00,475,475,473,473,5
2026-07-27T17:00:00+00:00,473.5,473.5,472.5,473,13
2026-07-27T18:00:00+00:00,473.5,474,473,474,26
2026-07-28T00:00:00+00:00,476,478,476,478,0
2026-07-28T01:00:00+00:00,478,478,477.5,478,5
2026-07-28T02:00:00+00:00,477.5,477.5,476.5,476.5,12
2026-07-28T06:00:00+00:00,473.5,474,473.5,474,5
2026-07-28T07:00:00+00:00,474.5,474.5,474.5,474.5,1
2026-07-28T10:00:00+00:00,491.5,491.5,490.5,490.5,19
2026-07-28T11:00:00+00:00,490.5,490.5,490.5,490.5,9
2026-07-28T12:00:00+00:00,453.5,455,453.5,455,22
2026-07-28T13:00:00+00:00,453.5,457,453,457,30
2026-07-28T14:00:00+00:00,457,458,457,458,24
2026-07-28T15:00:00+00:00,458.5,461.5,458.5,461,47
2026-07-28T16:00:00+00:00,461.5,462,459,459,181
2026-07-28T17:00:00+00:00,459,459,457.5,457.5,8
2026-07-28T18:00:00+00:00,459,459,458.5,458.5,25
2026-07-29T00:00:00+00:00,460,461,460,461,0
2026-07-29T02:00:00+00:00,459.5,459.5,459,459,29
2026-07-29T03:00:00+00:00,460,460,459,459,4
2026-07-29T04:00:00+00:00,459.5,459.5,459.5,459.5,1
2026-07-29T05:00:00+00:00,458.5,458.5,458.5,458.5,2
2026-07-29T06:00:00+00:00,460,461,460,460,3
2026-07-29T07:00:00+00:00,459.5,459.5,459.5,459.5,2
2026-07-29T08:00:00+00:00,459,459,458,458.5,4
2026-07-29T09:00:00+00:00,458,458,456.5,456.5,4
2026-07-29T10:00:00+00:00,456.5,456.5,454.5,456,23
2026-07-29T11:00:00+00:00,456,456.5,455.5,456.5,5
2026-07-29T12:00:00+00:00,455.5,455.5,454.5,454.5,6
2026-07-29T13:00:00+00:00,455,455.5,454,454,23
2026-07-29T14:00:00+00:00,452.5,454.5,452,454.5,14
2026-07-29T15:00:00+00:00,453,453,451,451,7
2026-07-29T16:00:00+00:00,450,450.5,449.5,450.5,6
2026-07-29T17:00:00+00:00,449.5,449.5,449.5,449.5,1
2026-07-29T18:00:00+00:00,449.5,449.5,447.5,447.5,16
2026-07-30T00:00:00+00:00,447.5,447.5,445.5,446.5,0
2026-07-30T01:00:00+00:00,447.5,448,447.5,448,2
2026-07-30T03:00:00+00:00,447,447,447,447,1
2026-07-30T04:00:00+00:00,446,446,446,446,1
2026-07-30T05:00:00+00:00,446.5,446.5,446.5,446.5,1
2026-07-30T06:00:00+00:00,450,450,450,450,2
2026-07-30T07:00:00+00:00,449.5,449.5,449.5,449.5,2
2026-07-30T08:00:00+00:00,474.5,474.5,473.5,473.5,35
2026-07-30T09:00:00+00:00,473.5,474,473.5,474,4
2026-07-30T10:00:00+00:00,474.5,474.5,474.5,474.5,7
2026-07-30T11:00:00+00:00,473,474.5,473,473.5,4
2026-07-30T12:00:00+00:00,473.5,473.5,473.5,473.5,5
2026-07-30T13:00:00+00:00,473,474.5,473,474.5,5
2026-07-30T14:00:00+00:00,474.5,474.5,474,474,2
2026-07-30T15:00:00+00:00,474.5,474.5,471.5,471.5,26
2026-07-30T16:00:00+00:00,472.5,472.5,470,471,23
2026-07-30T17:00:00+00:00,471,471,469.5,470,10
2026-07-30T18:00:00+00:00,469,469,466.5,466.5,6
2026-07-31T00:00:00+00:00,468.5,470,468,468.5,0
2026-07-31T03:00:00+00:00,469,469,469,469,1
2026-07-31T04:00:00+00:00,469,469,469,469,1
2026-07-31T06:00:00+00:00,445.5,445.5,445.5,445.5,0
2026-07-31T07:00:00+00:00,444.5,444.5,444.5,444.5,14
2026-07-31T08:00:00+00:00,445.5,445.5,445.5,445.5,3
2026-07-31T09:00:00+00:00,445,445,443.5,443.5,3
2026-07-31T10:00:00+00:00,444.5,444.5,444.5,444.5,1
2026-07-31T11:00:00+00:00,444.5,444.5,444.5,444.5,1
2026-07-31T12:00:00+00:00,444,444,442.5,442.5,16
2026-07-31T13:00:00+00:00,443,443.5,440,442,41
2026-07-31T14:00:00+00:00,442,443,441,443,23
2026-07-31T15:00:00+00:00,441,441,441,441,4
2026-07-31T16:00:00+00:00,439,439,439,439,2
2026-07-31T17:00:00+00:00,439,440,438,439,4
2026-07-31T18:00:00+00:00,439,441,439,441,14
2026-08-03T00:00:00+00:00,439.5,439.5,435.5,436,26
2026-08-03T01:00:00+00:00,437,437,437,437,2
2026-08-03T02:00:00+00:00,437.5,437.5,437.5,437.5,4
2026-08-03T03:00:00+00:00,437,437,437,437,1
2026-08-03T08:00:00+00:00,438,438.5,437.5,437.5,11
2026-08-03T09:00:00+00:00,439,439,439,439,1
2026-08-03T10:00:00+00:00,439,439,439,439,1
2026-08-03T11:00:00+00:00,438.5,438.5,438.5,438.5,2
2026-08-03T13:00:00+00:00,438,441,438,441,171
2026-08-03T14:00:00+00:00,440.5,443.5,440.5,442.5,69
2026-08-03T15:00:00+00:00,444,447,444,447,23
2026-08-03T16:00:00+00:00,447,448,446.5,448,24
2026-08-03T17:00:00+00:00,448,449.5,448,449.5,63
2026-08-03T18:00:00+00:00,449.5,450,449,450,5
2026-08-04T00:00:00+00:00,452,452,450,450,0
2026-08-04T02:00:00+00:00,450.5,451,450.5,451,6
2026-08-04T03:00:00+00:00,450.5,450.5,450.5,450.5,1
2026-08-04T05:00:00+00:00,451,451,451,451,1
2026-08-04T06:00:00+00:00,450,450,449,449,2
2026-08-04T07:00:00+00:00,449,452,449,450.5,18
2026-08-04T08:00:00+00:00,450.5,450.5,450.5,450.5,1
2026-08-04T10:00:00+00:00,450,450,450,450,1
2026-08-04T11:00:00+00:00,447,447.5,446.5,446.5,8
2026-08-04T12:00:00+00:00,448,448,448,448,1
2026-08-04T13:00:00+00:00,446,446.5,444.5,446.5,19
2026-08-04T14:00:00+00:00,444.5,444.5,442.5,443.5,29
2026-08-04T15:00:00+00:00,442.5,465.5,442,464.5,12
2026-08-04T16:00:00+00:00,464.5,464.5,464.5,464.5,1
2026-08-04T17:00:00+00:00,464.5,466.5,464.5,466.5,10
2026-08-04T18:00:00+00:00,466,466,465,465,4
2026-08-05T00:00:00+00:00,465,465,463,463,0
2026-08-05T01:00:00+00:00,463,463.5,462.5,462.5,12
2026-08-05T02:00:00+00:00,463.5,463.5,462.5,463.5,3
2026-08-05T04:00:00+00:00,464,464,464,464,2
2026-08-05T05:00:00+00:00,464,464,464,464,2
2026-08-05T06:00:00+00:00,463,464.5,463,464.5,8
2026-08-05T07:00:00+00:00,464,464,440,440,58
2026-08-05T08:00:00+00:00,439.5,439.5,439.5,439.5,3
2026-08-05T09:00:00+00:00,438,438,438,438,20
2026-08-05T10:00:00+00:00,438,438,437,437,5
2026-08-05T11:00:00+00:00,437,437,436,436,11
2026-08-05T12:00:00+00:00,436,436,436,436,2
2026-08-05T13:00:00+00:00,439.5,439.5,435,437,28
2026-08-05T14:00:00+00:00,438.5,438.5,437,437,26
2026-08-05T15:00:00+00:00,437,437,436.5,436.5,9
2026-08-05T16:00:00+00:00,437,437,437,437,2
2026-08-05T17:00:00+00:00,437.5,438,437,437,26
2026-08-05T18:00:00+00:00,436.5,436.5,436.5,436.5,1
2026-08-06T00:00:00+00:00,440.5,440.5,436.5,438.5,0
2026-08-06T01:00:00+00:00,439,439,439,439,1
2026-08-06T06:00:00+00:00,438,438,438,438,1
2026-08-06T07:00:00+00:00,437,437,437,437,1
2026-08-06T09:00:00+00:00,438.5,438.5,437.5,437.5,6
2026-08-06T10:00:00+00:00,437,438,436.5,438,19
2026-08-06T11:00:00+00:00,436,436,436,436,1
2026-08-06T12:00:00+00:00,436,436.5,436,436.5,43
2026-08-06T13:00:00+00:00,436.5,439.5,436.5,436.5,59
2026-08-06T14:00:00+00:00,435.5,436.5,435.5,436.5,9
2026-08-06T15:00:00+00:00,437.5,437.5,437,437,4
2026-08-06T16:00:00+00:00,435,437.5,434.5,437,31
2026-08-06T17:00:00+00:00,439,439,439,439,1
2026-08-06T18:00:00+00:00,439,439.5,439,439.5,0
2026-08-07T00:00:00+00:00,435,441.5,435,440,14
2026-08-07T02:00:00+00:00,440.5,441.5,440.5,441,5
2026-08-07T05:00:00+00:00,442,442,441,441,2
2026-08-07T06:00:00+00:00,440.5,440.5,440.5,440.5,1
2026-08-07T07:00:00+00:00,463,463,463,463,0
2026-08-07T09:00:00+00:00,441,443,441,443,43
2026-08-07T10:00:00+00:00,442.5,443,442.5,443,2
2026-08-07T11:00:00+00:00,441.5,441.5,441.5,441.5,6
2026-08-07T12:00:00+00:00,442,442.5,442,442,7
2026-08-07T13:00:00+00:00,440,445,440,443.5,43
2026-08-07T14:00:00+00:00,444,444,441.5,442.5,10
2026-08-07T15:00:00+00:00,442,443,442,443,21
2026-08-07T16:00:00+00:00,442,442,441.5,441.5,4
2026-08-07T17:00:00+00:00,441.5,441.5,441,441,4
2026-08-07T18:00:00+00:00,440,440,439,439,4
2026-08-10T00:00:00+00:00,440.5,440.5,438.5,440,11
2026-08-10T01:00:00+00:00,440,440,440,440,1
2026-08-10T02:00:00+00:00,441.5,441.5,441.5,441.5,2
2026-08-10T03:00:00+00:00,441,441,441,441,1
2026-08-10T04:00:00+00:00,442.5,442.5,442.5,442.5,1
2026-08-10T07:00:00+00:00,441,441,441,441,1
2026-08-10T10:00:00+00:00,440,440,439.5,440,23
2026-08-10T11:00:00+00:00,440,440,440,440,4
2026-08-10T12:00:00+00:00,442,442,441.5,441.5,10
2026-08-10T13:00:00+00:00,441.5,441.5,438,438.5,26
2026-08-10T14:00:00+00:00,438,439,438,439,12
2026-08-10T15:00:00+00:00,438,438,436.5,436.5,6
2026-08-10T16:00:00+00:00,439,439,438,438.5,16
2026-08-10T17:00:00+00:00,439,439,439,439,2
2026-08-10T18:00:00+00:00,438.5,438.5,438.5,438.5,4
2026-08-11T00:00:00+00:00,438.5,438.5,438.5,438.5,0
2026-08-11T07:00:00+00:00,439,440.5,439,440.5,39
2026-08-11T09:00:00+00:00,439,439,439,439,5
2026-08-11T11:00:00+00:00,438,438,438,438,18
2026-08-11T12:00:00+00:00,437,437,437,437,2
2026-08-11T13:00:00+00:00,436,436,434.5,436,47
2026-08-11T14:00:00+00:00,437,437,435.5,435.5,19
2026-08-11T15:00:00+00:00,435,435,434.5,434.5,4
2026-08-11T16:00:00+00:00,437,437.5,437,437.5,6
2026-08-11T18:00:00+00:00,436.5,436.5,436.5,436.5,3
2026-08-12T00:00:00+00:00,434.5,438.5,434.5,438.5,0
2026-08-12T01:00:00+00:00,437,437,437,437,3
2026-08-12T02:00:00+00:00,437,438,437,438,16
2026-08-12T05:00:00+00:00,439,439,438,438,4
2026-08-12T06:00:00+00:00,440,440.5,440,440.5,2
2026-08-12T07:00:00+00:00,440.5,464,440.5,464,9
2026-08-12T08:00:00+00:00,463.5,464,463.5,464,6
2026-08-12T09:00:00+00:00,463.5,463.5,463.5,463.5,4
2026-08-12T10:00:00+00:00,465,466,464.5,464.5,7
2026-08-12T11:00:00+00:00,464.5,464.5,440,440,0
2026-08-12T12:00:00+00:00,440.5,440.5,440.5,440.5,75
2026-08-12T13:00:00+00:00,439.5,443.5,439.5,443.5,71
2026-08-12T14:00:00+00:00,443.5,446,443,445.5,26
2026-08-12T15:00:00+00:00,446,446,445,445.5,19
2026-08-12T16:00:00+00:00,449.5,455,448,452,76
2026-08-12T17:00:00+00:00,453.5,456.5,452.5,456,30
2026-08-12T18:00:00+00:00,457,458,457,457.5,14
2026-08-13T00:00:00+00:00,456,457,456,457,0
2026-08-13T01:00:00+00:00,456.5,456.5,456.5,456.5,2
2026-08-13T02:00:00+00:00,455,455,454,454.5,11
2026-08-13T03:00:00+00:00,453.5,453.5,453.5,453.5,1
2026-08-13T04:00:00+00:00,454.5,454.5,454,454,5
2026-08-13T05:00:00+00:00,454,454,454,454,1
2026-08-13T06:00:00+00:00,454,454,454,454,3
2026-08-13T07:00:00+00:00,453.5,477.5,453.5,476.5,28
2026-08-13T08:00:00+00:00,477,477.5,477,477.5,14
2026-08-13T10:00:00+00:00,478,478,478,478,1
2026-08-13T11:00:00+00:00,478,478,478,478,25
2026-08-13T12:00:00+00:00,478,478,477.5,477.5,4
2026-08-13T13:00:00+00:00,477,478.5,475.5,475.5,65
2026-08-13T14:00:00+00:00,475,475.5,472.5,473,30
2026-08-13T15:00:00+00:00,472.5,474.5,472.5,474,26
2026-08-13T16:00:00+00:00,473.5,473.5,471.5,473.5,9
2026-08-13T17:00:00+00:00,472,472,471.5,471.5,3
2026-08-13T18:00:00+00:00,471.5,472.5,471,472.5,7
2026-08-14T00:00:00+00:00,472.5,473.5,472.5,473,0
2026-08-14T01:00:00+00:00,473.5,473.5,473.5,473.5,3
2026-08-14T02:00:00+00:00,472.5,474.5,472.5,474.5,8
2026-08-14T03:00:00+00:00,474.5,474.5,474,474.5,6
2026-08-14T04:00:00+00:00,474.5,474.5,474.5,474.5,2
2026-08-14T05:00:00+00:00,475,475,475,475,1
2026-08-14T06:00:00+00:00,475.5,476.5,475.5,476.5,15
2026-08-14T07:00:00+00:00,477,477.5,476.5,477.5,33
2026-08-14T08:00:00+00:00,478,478,478,478,3
2026-08-14T09:00:00+00:00,477,478,476.5,477.5,29
2026-08-14T10:00:00+00:00,476,476,476,476,1
2026-08-14T11:00:00+00:00,476.5,477,475.5,476.5,23
2026-08-14T12:00:00+00:00,477.5,477.5,477.5,477.5,8
2026-08-14T13:00:00+00:00,476.5,480,476,480,35
2026-08-14T14:00:00+00:00,478.5,480,477,480,29
2026-08-14T15:00:00+00:00,480,481,479.5,480,33
2026-08-14T16:00:00+00:00,479.5,481,479.5,481,13
2026-08-14T17:00:00+00:00,481.5,481.5,480,480,4
2026-08-14T18:00:00+00:00,480.5,483.5,480.5,483.5,12
2026-08-17T00:00:00+00:00,485,488,482,485,8
2026-08-17T01:00:00+00:00,484.5,485,484,485,19
2026-08-17T02:00:00+00:00,484.5,484.5,484.5,484.5,1
2026-08-17T03:00:00+00:00,484.5,484.5,484.5,484.5,5
2026-08-17T04:00:00+00:00,484.5,485,484.5,485,2
2026-08-17T05:00:00+00:00,485,485,485,485,4
2026-08-17T06:00:00+00:00,485,485,485,485,7
2026-08-17T07:00:00+00:00,485,485.5,484.5,485,13
2026-08-17T08:00:00+00:00,484.5,484.5,484.5,484.5,4
2026-08-17T09:00:00+00:00,485.5,485.5,485.5,485.5,1
2026-08-17T10:00:00+00:00,486.5,486.5,484.5,484.5,13
2026-08-17T11:00:00+00:00,484,485.5,484,485.5,14
2026-08-17T12:00:00+00:00,485.5,486.5,485,485,6
2026-08-17T13:00:00+00:00,485,486,484.5,486,51
2026-08-17T14:00:00+00:00,485.5,487,484.5,487,49
2026-08-17T15:00:00+00:00,487.5,489.5,487.5,488,34
2026-08-17T16:00:00+00:00,490,491.5,490,491.5,17
2026-08-17T17:00:00+00:00,491,491,490.5,491,8
2026-08-17T18:00:00+00:00,490,490,489,490,7
2026-08-18T00:00:00+00:00,491,491,488,489,0
2026-08-18T01:00:00+00:00,489.5,491,489.5,491,30
2026-08-18T02:00:00+00:00,491.5,492,490.5,492,16
2026-08-18T03:00:00+00:00,491.5,491.5,491.5,491.5,1
2026-08-18T04:00:00+00:00,491.5,491.5,490.5,491.5,11
2026-08-18T05:00:00+00:00,491,491.5,490,490.5,36
2026-08-18T07:00:00+00:00,491.5,493,491.5,492.5,25
2026-08-18T08:00:00+00:00,492,493,492,492,26
2026-08-18T09:00:00+00:00,493,493,491.5,491.5,3
2026-08-18T10:00:00+00:00,493,493,492,492,51
2026-08-18T11:00:00+00:00,493,493,492.5,492.5,13
2026-08-18T12:00:00+00:00,490.5,492.5,490.5,491.5,12
2026-08-18T13:00:00+00:00,492.5,493,491,491,33
2026-08-18T14:00:00+00:00,490.5,491,487.5,488.5,84
2026-08-18T15:00:00+00:00,490.5,490.5,488,489.5,29
2026-08-18T16:00:00+00:00,489.5,489.5,487.5,487.5,57
2026-08-18T17:00:00+00:00,488,488,488,488,7
2026-08-18T18:00:00+00:00,488.5,489,488,488,3
2026-08-19T01:00:00+00:00,487,490,487,490,0
2026-08-19T02:00:00+00:00,490,490,489.5,489.5,5
2026-08-19T03:00:00+00:00,490,490,490,490,3
2026-08-19T04:00:00+00:00,489.5,489.5,489,489,3
2026-08-19T05:00:00+00:00,489,490,489,490,7
2026-08-19T07:00:00+00:00,490.5,491,490.5,491,4
2026-08-19T08:00:00+00:00,490,490,490,490,4
2026-08-19T09:00:00+00:00,490,490,489.5,489.5,3
2026-08-19T10:00:00+00:00,489.5,490,489.5,490,18
2026-08-19T11:00:00+00:00,489.5,491.5,489.5,491,45
2026-08-19T12:00:00+00:00,490.5,491.5,490.5,490.5,31
2026-08-19T13:00:00+00:00,487.5,493,487.5,492.5,119
2026-08-19T14:00:00+00:00,492.5,495.5,492.5,495,115
2026-08-19T15:00:00+00:00,495,496,494.5,495,59
2026-08-19T16:00:00+00:00,495.5,496.5,494.5,494.5,34
2026-08-19T17:00:00+00:00,495,495.5,493.5,495.5,41
2026-08-19T18:00:00+00:00,496,498,496,498,74
2026-08-20T00:00:00+00:00,498.5,499.5,498,498,0
2026-08-20T01:00:00+00:00,498.5,500.5,498.5,500.5,104
2026-08-20T02:00:00+00:00,500.5,501,500.5,501,15
2026-08-20T03:00:00+00:00,501.5,502,501.5,502,22
2026-08-20T04:00:00+00:00,502,502,501,501,16
2026-08-20T05:00:00+00:00,501.5,501.5,501,501,9
2026-08-20T06:00:00+00:00,501.5,501.5,501.5,501.5,8
2026-08-20T07:00:00+00:00,502.5,502.5,501,502.5,28
2026-08-20T08:00:00+00:00,503,503.5,503,503,21
2026-08-20T09:00:00+00:00,503.5,503.5,502,502,8
2026-08-20T10:00:00+00:00,501.5,502,501.5,502,5
2026-08-20T11:00:00+00:00,502,502.5,501.5,502.5,35
2026-08-20T12:00:00+00:00,503,504,503,503,36
2026-08-20T13:00:00+00:00,503,505,502.5,505,133
2026-08-20T14:00:00+00:00,505,505,503,505,66
2026-08-20T15:00:00+00:00,503.5,506,503.5,504.5,83
2026-08-20T16:00:00+00:00,505,506,502,502.5,72
2026-08-20T17:00:00+00:00,503.5,505,502.5,504,44
2026-08-20T18:00:00+00:00,504,504,503,503,11
2026-08-21T00:00:00+00:00,502,503,499.5,500.5,0
2026-08-21T01:00:00+00:00,501,501,499,500,40
2026-08-21T02:00:00+00:00,501,501,500.5,501,6
2026-08-21T03:00:00+00:00,501.5,501.5,501,501,2
2026-08-21T04:00:00+00:00,501.5,501.5,501,501,26
2026-08-21T05:00:00+00:00,501.5,501.5,501,501,3
2026-08-21T06:00:00+00:00,500.5,501,500.5,501,3
2026-08-21T07:00:00+00:00,501.5,503,501.5,502.5,30
2026-08-21T08:00:00+00:00,501.5,503.5,501.5,503,20
2026-08-21T09:00:00+00:00,502.5,504,502,503,15
2026-08-21T10:00:00+00:00,502,503,501,503,21
2026-08-21T11:00:00+00:00,501.5,501.5,500,500,27
2026-08-21T12:00:00+00:00,502.5,503.5,502.5,503.5,14
2026-08-21T13:00:00+00:00,503,507,502.5,506.5,175
2026-08-21T14:00:00+00:00,507,507.5,506,507.5,114
2026-08-21T15:00:00+00:00,507.5,507.5,504,506.5,58
2026-08-21T16:00:00+00:00,506.5,508,505,506,156
2026-08-21T17:00:00+00:00,506,508,506,507.5,68
2026-08-21T18:00:00+00:00,507.5,509,507.5,508.5,144
2026-08-24T00:00:00+00:00,510,521,508,521,183
2026-08-24T01:00:00+00:00,521,522,519.5,520,35
2026-08-24T02:00:00+00:00,520,521.5,519.5,521.5,36
2026-08-24T03:00:00+00:00,521.5,522,520.5,520.5,33
2026-08-24T04:00:00+00:00,520,520,519,519.5,11
2026-08-24T05:00:00+00:00,520.5,520.5,520.5,520.5,1
2026-08-24T06:00:00+00:00,519,519.5,519,519.5,2
2026-08-24T07:00:00+00:00,518.5,519,518,518,8
2026-08-24T08:00:00+00:00,519,519.5,518,518.5,12
2026-08-24T09:00:00+00:00,518.5,522,518.5,522,42
2026-08-24T10:00:00+00:00,522,524.5,522,522,106
2026-08-24T11:00:00+00:00,521.5,522,521,522,68
2026-08-24T12:00:00+00:00,520.5,520.5,520.5,520.5,2
2026-08-24T13:00:00+00:00,519.5,520,513.5,514,193
2026-08-24T14:00:00+00:00,513,515,511.5,515,72
2026-08-24T15:00:00+00:00,514.5,519,514.5,519,61
2026-08-24T16:00:00+00:00,520,522.5,520,521.5,37
2026-08-24T17:00:00+00:00,520,520.5,515,516,35
2026-08-24T18:00:00+00:00,516,516.5,515,515,20
2026-08-25T00:00:00+00:00,515.5,519.5,514,516.5,0
2026-08-25T01:00:00+00:00,518,518,518,518,4
2026-08-25T02:00:00+00:00,517.5,517.5,517.5,517.5,1
2026-08-25T03:00:00+00:00,517.5,518,517.5,517.5,3
2026-08-25T04:00:00+00:00,518,518,518,518,2
2026-08-25T06:00:00+00:00,518,519.5,518,519.5,6
2026-08-25T07:00:00+00:00,520,520.5,518.5,519,26
2026-08-25T08:00:00+00:00,517.5,518,516,517.5,23
2026-08-25T10:00:00+00:00,515,515,514,514.5,24
2026-08-25T11:00:00+00:00,515.5,515.5,514.5,515,19
2026-08-25T12:00:00+00:00,516.5,516.5,513.5,513.5,28
2026-08-25T13:00:00+00:00,513,517.5,513,517.5,70
2026-08-25T14:00:00+00:00,518,519,516,516,53
2026-08-25T15:00:00+00:00,518,521,518,521,35
2026-08-25T16:00:00+00:00,520,523,520,523,50
2026-08-25T17:00:00+00:00,521.5,523.5,521.5,523.5,35
2026-08-25T18:00:00+00:00,523,524,523,524,26
2026-08-26T00:00:00+00:00,524,524,522,524,0
2026-08-26T01:00:00+00:00,523.5,528,523.5,527.5,66
2026-08-26T02:00:00+00:00,527.5,528.5,527,528.5,14
2026-08-26T03:00:00+00:00,527.5,527.5,527,527,10
2026-08-26T04:00:00+00:00,527.5,528,527,528,6
2026-08-26T05:00:00+00:00,527.5,528.5,527.5,528.5,11
2026-08-26T06:00:00+00:00,528.5,528.5,527.5,528,16
2026-08-26T07:00:00+00:00,527.5,528,527,527.5,27
2026-08-26T08:00:00+00:00,528.5,529,527.5,528,7
2026-08-26T09:00:00+00:00,528.5,529.5,528.5,529,22
2026-08-26T10:00:00+00:00,528.5,529.5,527.5,527.5,16
2026-08-26T11:00:00+00:00,528,529.5,528,529.5,46
2026-08-26T12:00:00+00:00,529,529,527,527,58
2026-08-26T13:00:00+00:00,526,529.5,526,529.5,125
2026-08-26T14:00:00+00:00,529,529,525,525.5,100
2026-08-26T15:00:00+00:00,526,534,525.5,534,137
2026-08-26T16:00:00+00:00,534,537,532.5,536.5,137
2026-08-26T17:00:00+00:00,536.5,538.5,535,538,138
2026-08-26T18:00:00+00:00,538,538.5,535.5,536,163
2026-08-27T00:00:00+00:00,535.5,537.5,531.5,536.5,0
2026-08-27T01:00:00+00:00,536.5,537,534.5,534.5,58
2026-08-27T02:00:00+00:00,535.5,535.5,535,535.5,5
2026-08-27T03:00:00+00:00,535.5,536,535,536,6
2026-08-27T04:00:00+00:00,537,537,536.5,536.5,7
2026-08-27T05:00:00+00:00,535.5,535.5,533.5,533.5,14
2026-08-27T06:00:00+00:00,534.5,535.5,534,535.5,10
2026-08-27T07:00:00+00:00,535.5,535.5,535.5,535.5,7
2026-08-27T08:00:00+00:00,535.5,536.5,533,533,10
2026-08-27T09:00:00+00:00,534,534,532.5,532.5,15
2026-08-27T10:00:00+00:00,532.5,533,532,533,5
2026-08-27T11:00:00+00:00,534.5,534.5,533,533,5
2026-08-27T12:00:00+00:00,534.5,535.5,533,535,22
2026-08-27T13:00:00+00:00,537,537,528,532,131
2026-08-27T14:00:00+00:00,531,533,529,531,38
2026-08-27T15:00:00+00:00,530.5,536,530.5,536,24
2026-08-27T16:00:00+00:00,536.5,536.5,531.5,533,28
2026-08-27T17:00:00+00:00,532.5,537,532.5,536.5,50
2026-08-27T18:00:00+00:00,536.5,536.5,531.5,533,55
2026-08-28T00:00:00+00:00,532,535.5,531,535.5,0
2026-08-28T01:00:00+00:00,535.5,535.5,534.5,534.5,13
2026-08-28T02:00:00+00:00,534,537,534,536,11
2026-08-28T03:00:00+00:00,534.5,534.5,534.5,534.5,1
2026-08-28T04:00:00+00:00,536,536.5,535.5,536,9
2026-08-28T05:00:00+00:00,536,536,534.5,534.5,10
2026-08-28T06:00:00+00:00,536.5,538,535.5,535.5,31
2026-08-28T07:00:00+00:00,535,536.5,534.5,536.5,19
2026-08-28T08:00:00+00:00,536.5,537.5,534.5,534.5,33
2026-08-28T09:00:00+00:00,535,539,535,539,33
2026-08-28T10:00:00+00:00,539,541,539,539.5,62
2026-08-28T11:00:00+00:00,540,541,538,538,24
2026-08-28T12:00:00+00:00,539,539.5,539,539.5,7
2026-08-28T13:00:00+00:00,539,540,535.5,537,59
2026-08-28T14:00:00+00:00,535.5,537.5,533.5,537.5,121
2026-08-28T15:00:00+00:00,537.5,540,536.5,538,46
2026-08-28T16:00:00+00:00,540.5,541,535,537,78
2026-08-28T17:00:00+00:00,537.5,537.5,532,536,69
2026-08-28T18:00:00+00:00,536,537.5,534.5,536.5,41
2026-08-31T00:00:00+00:00,535,538,534,536.5,21
2026-08-31T01:00:00+00:00,537,542,536,540.5,71
2026-08-31T02:00:00+00:00,539,540.5,538.5,539,7
2026-08-31T03:00:00+00:00,538.5,540,538.5,540,7
2026-08-31T04:00:00+00:00,538,539,538,538.5,7
2026-08-31T05:00:00+00:00,537,538.5,536.5,538.5,9
2026-08-31T06:00:00+00:00,538.5,539.5,538.5,539,10
2026-08-31T07:00:00+00:00,537.5,537.5,537.5,537.5,1
2026-08-31T08:00:00+00:00,538,540.5,538,540.5,4
2026-08-31T09:00:00+00:00,538,538.5,538,538.5,4
2026-08-31T10:00:00+00:00,539,539,536,536,9
2026-08-31T11:00:00+00:00,536,536.5,534.5,535,29
2026-08-31T12:00:00+00:00,534.5,534.5,532.5,532.5,42
2026-08-31T13:00:00+00:00,531.5,538.5,531.5,536,61
2026-08-31T14:00:00+00:00,537,539,534.5,535,47
2026-08-31T15:00:00+00:00,536.5,537,533.5,534.5,55
2026-08-31T16:00:00+00:00,533.5,537.5,532.5,537.5,40
2026-08-31T17:00:00+00:00,538,540,537,538.5,34
2026-08-31T18:00:00+00:00,538,538.5,537,537,4
2026-09-01T00:00:00+00:00,537,537.5,534.5,537.5,0
2026-09-01T01:00:00+00:00,536.5,536.5,536,536,11
2026-09-01T02:00:00+00:00,536,537,536,537,30
2026-09-01T03:00:00+00:00,536.5,536.5,536.5,536.5,7
2026-09-01T04:00:00+00:00,536,536,536,536,2
2026-09-01T05:00:00+00:00,537.5,538.5,536.5,538,23
2026-09-01T06:00:00+00:00,538,538.5,538,538.5,18
2026-09-01T07:00:00+00:00,539.5,542.5,539.5,542.5,65
2026-09-01T08:00:00+00:00,542.5,543.5,539.5,539.5,23
2026-09-01T09:00:00+00:00,539.5,540,538,538,23
2026-09-01T10:00:00+00:00,538.5,538.5,536.5,536.5,47
2026-09-01T11:00:00+00:00,536.5,537,534.5,534.5,30
2026-09-01T12:00:00+00:00,534.5,536.5,534.5,536.5,4
2026-09-01T13:00:00+00:00,537,542,537,542,40
2026-09-01T14:00:00+00:00,542.5,545,542,544.5,55
2026-09-01T15:00:00+00:00,544,547.5,542.5,543,123
2026-09-01T16:00:00+00:00,543.5,547,543,546.5,41
2026-09-01T17:00:00+00:00,546,547.5,545,545,27
2026-09-01T18:00:00+00:00,546.5,546.5,545.5,546,10
2026-09-02T00:00:00+00:00,545.5,549,543,543.5,0
2026-09-02T01:00:00+00:00,543,543,539,539,42
2026-09-02T02:00:00+00:00,540,541,537,538,63
2026-09-02T03:00:00+00:00,536.5,536.5,536.5,536.5,4
2026-09-02T04:00:00+00:00,537.5,538,537,537,4
2026-09-02T05:00:00+00:00,537,537.5,537,537.5,9
2026-09-02T06:00:00+00:00,538.5,538.5,538,538.5,5
2026-09-02T07:00:00+00:00,537.5,537.5,537,537,6
2026-09-02T08:00:00+00:00,537,537,536.5,537,15
2026-09-02T09:00:00+00:00,538,538,536,538,6
2026-09-02T10:00:00+00:00,538.5,539,538.5,538.5,3
2026-09-02T11:00:00+00:00,538.5,538.5,537.5,537.5,13
2026-09-02T12:00:00+00:00,537.5,537.5,537.5,537.5,8
2026-09-02T13:00:00+00:00,539,542,537.5,542,32
2026-09-02T14:00:00+00:00,541.5,548,541.5,547,48
2026-09-02T15:00:00+00:00,547.5,550,545,545,44
2026-09-02T16:00:00+00:00,545.5,548.5,545.5,548.5,19
2026-09-02T17:00:00+00:00,548,548,544,545,34
2026-09-02T18:00:00+00:00,545,545,542.5,542.5,11
2026-09-03T00:00:00+00:00,543,543,540.5,542,0
2026-09-03T01:00:00+00:00,541,541.5,540,541,33
2026-09-03T02:00:00+00:00,540.5,542,540.5,541,4
2026-09-03T03:00:00+00:00,541,541,540.5,540.5,3
2026-09-03T04:00:00+00:00,541,541.5,541,541.5,13
2026-09-03T05:00:00+00:00,540,540,539,539,24
2026-09-03T06:00:00+00:00,539,541.5,539,541,24
2026-09-03T07:00:00+00:00,540,540,539,539,10
2026-09-03T08:00:00+00:00,538.5,538.5,532,532.5,204
2026-09-03T09:00:00+00:00,532.5,534,530,530,39
2026-09-03T10:00:00+00:00,530,531.5,528.5,531,92
2026-09-03T11:00:00+00:00,531,532,529,530,28
2026-09-03T12:00:00+00:00,530.5,530.5,528.5,530,23
2026-09-03T13:00:00+00:00,529,532,527,527,73
2026-09-03T14:00:00+00:00,527,532,527,531.5,69
2026-09-03T15:00:00+00:00,532.5,539.5,532,539,79
2026-09-03T16:00:00+00:00,539.5,541.5,538,538,34
2026-09-03T17:00:00+00:00,538.5,540.5,537.5,540.5,26
2026-09-03T18:00:00+00:00,541,542,539.5,539.5,21
2026-09-04T00:00:00+00:00,540,542,536.5,537,0
2026-09-04T01:00:00+00:00,538.5,544.5,538.5,542,41
2026-09-04T02:00:00+00:00,542,542,541,541,6
2026-09-04T03:00:00+00:00,542,542,542,542,1
2026-09-04T04:00:00+00:00,539.5,539.5,539,539.5,6
2026-09-04T05:00:00+00:00,540,540,539,540,5
2026-09-04T06:00:00+00:00,541.5,542,540,540,21
2026-09-04T07:00:00+00:00,541,541,538,538,14
2026-09-04T08:00:00+00:00,538.5,538.5,537.5,537.5,14
2026-09-04T09:00:00+00:00,538.5,541.5,537.5,540,21
2026-09-04T10:00:00+00:00,542,542.5,540,540,7
2026-09-04T11:00:00+00:00,540,542.5,540,542,43
2026-09-04T12:00:00+00:00,541.5,541.5,539.5,540.5,51
2026-09-04T13:00:00+00:00,538,538.5,536,536,48
2026-09-04T14:00:00+00:00,537.5,541,537.5,540,42
2026-09-04T15:00:00+00:00,539.5,540.5,537.5,537.5,22
2026-09-04T16:00:00+00:00,537.5,539,536,539,25
2026-09-04T17:00:00+00:00,537.5,538,537,537,31
2026-09-04T18:00:00+00:00,537,537.5,536,537,23
2026-09-08T04:00:00+00:00,542,543,542,542.5,15
2026-09-08T05:00:00+00:00,541.5,542,541.5,542,10
2026-09-08T06:00:00+00:00,542.5,543,541.5,541.5,18
2026-09-08T07:00:00+00:00,539.5,541.5,539.5,541.5,9
2026-09-08T08:00:00+00:00,541,542,538.5,539,34
2026-09-08T09:00:00+00:00,538.5,539.5,538.5,538.5,16
2026-09-08T10:00:00+00:00,539.5,540,539.5,539.5,7
2026-09-08T11:00:00+00:00,539.5,539.5,537.5,537.5,27
2026-09-08T12:00:00+00:00,537.5,539.5,537,538.5,50
2026-09-08T13:00:00+00:00,536.5,539.5,535,535,56
2026-09-08T14:00:00+00:00,535.5,537.5,534.5,535,83
2026-09-08T15:00:00+00:00,534.5,536,533,533,54
2026-09-08T16:00:00+00:00,533,534,532.5,533,36
2026-09-08T17:00:00+00:00,533,533.5,532.5,533.5,9
2026-09-08T18:00:00+00:00,533.5,534,532.5,533,36
2026-09-09T00:00:00+00:00,535,535,528,528,0
2026-09-09T01:00:00+00:00,528,529.5,528,528.5,45
2026-09-09T02:00:00+00:00,528,529,528,529,8
2026-09-09T03:00:00+00:00,529.5,529.5,529,529,2
2026-09-09T04:00:00+00:00,529,529,529,529,1
2026-09-09T05:00:00+00:00,530,531,529.5,531,25
2026-09-09T06:00:00+00:00,531,531.5,531,531.5,8
2026-09-09T07:00:00+00:00,532,533,532,532,9
2026-09-09T08:00:00+00:00,533,533,532.5,533,9
2026-09-09T09:00:00+00:00,533.5,534,532,534,33
2026-09-09T10:00:00+00:00,534,535,534,534.5,20
2026-09-09T11:00:00+00:00,534.5,535,531,532.5,42
2026-09-09T12:00:00+00:00,531,531,529.5,529.5,22
2026-09-09T13:00:00+00:00,531,531,527,528,38
2026-09-09T14:00:00+00:00,529,533,528.5,532.5,86
2026-09-09T15:00:00+00:00,532.5,533,526.5,528,109
2026-09-09T16:00:00+00:00,528.5,530.5,528.5,530.5,67
2026-09-09T17:00:00+00:00,530.5,532,529.5,530,55
2026-09-09T18:00:00+00:00,530,530,527.5,528.5,11
2026-09-10T00:00:00+00:00,527.5,528,527.5,528,0
2026-09-10T01:00:00+00:00,529,529.5,528,528,16
2026-09-10T02:00:00+00:00,529,529,528,528.5,5
2026-09-10T03:00:00+00:00,528.5,528.5,528.5,528.5,1
2026-09-10T04:00:00+00:00,528.5,528.5,528.5,528.5,1
2026-09-10T05:00:00+00:00,528,529,528,529,6
2026-09-10T06:00:00+00:00,528.5,528.5,527.5,528,9
2026-09-10T08:00:00+00:00,529,531,529,530.5,32
2026-09-10T09:00:00+00:00,530.5,531,530.5,531,8
2026-09-10T10:00:00+00:00,531,532,530,530,20
2026-09-10T11:00:00+00:00,531,532.5,531,531.5,28
2026-09-10T12:00:00+00:00,532.5,533,531,531,8
2026-09-10T13:00:00+00:00,531.5,533.5,526.5,528.5,159
2026-09-10T14:00:00+00:00,530,532,528.5,532,28
2026-09-10T15:00:00+00:00,532.5,533.5,531,531,30
2026-09-10T16:00:00+00:00,532.5,533.5,531,532,21
2026-09-10T17:00:00+00:00,532.5,532.5,531,531,16
2026-09-10T18:00:00+00:00,532,534.5,532,534,34
2026-09-11T00:00:00+00:00,530.5,532,530.5,531.5,0
2026-09-11T01:00:00+00:00,531.5,531.5,530,530,24
2026-09-11T02:00:00+00:00,529,529,529,529,6
2026-09-11T03:00:00+00:00,528.5,530.5,528.5,530.5,5
2026-09-11T04:00:00+00:00,529,529,528,528.5,7
2026-09-11T05:00:00+00:00,528.5,529,528.5,529,5
2026-09-11T06:00:00+00:00,528.5,528.5,528,528,3
2026-09-11T07:00:00+00:00,529.5,529.5,529,529,2
2026-09-11T08:00:00+00:00,527.5,527.5,527,527,2
2026-09-11T09:00:00+00:00,528,528.5,527.5,527.5,13
2026-09-11T10:00:00+00:00,527.5,528.5,527.5,527.5,16
2026-09-11T11:00:00+00:00,529,529,528.5,528.5,3
2026-09-11T12:00:00+00:00,529.5,530.5,529,530.5,35
2026-09-11T13:00:00+00:00,529.5,529.5,525.5,525.5,53
2026-09-11T14:00:00+00:00,525.5,527.5,524,526,145
2026-09-11T15:00:00+00:00,527,530.5,526,526,45
2026-09-11T16:00:00+00:00,526,545,522,532.5,361
2026-09-11T17:00:00+00:00,534,534,526.5,529.5,88
2026-09-11T18:00:00+00:00,529.5,532,528,531,39
2026-09-14T00:00:00+00:00,528.5,534.5,528,532,66
2026-09-14T01:00:00+00:00,532,532.5,530,530,12
2026-09-14T02:00:00+00:00,529,530,528.5,529.5,85
2026-09-14T03:00:00+00:00,529.5,530,529,529,48
2026-09-14T04:00:00+00:00,529,529,528,528.5,16
2026-09-14T05:00:00+00:00,528,528,527,527,18
2026-09-14T06:00:00+00:00,527,527.5,526.5,527,53
2026-09-14T07:00:00+00:00,527,530,527,530,8
2026-09-14T08:00:00+00:00,530,530,528.5,530,8
2026-09-14T09:00:00+00:00,530,530,529.5,530,10
2026-09-14T10:00:00+00:00,529,530.5,528.5,529.5,54
2026-09-14T11:00:00+00:00,528.5,530,528.5,530,11
2026-09-14T12:00:00+00:00,530.5,532,528.5,531.5,51
2026-09-14T13:00:00+00:00,531.5,533,529,532,56
2026-09-14T14:00:00+00:00,532.5,536.5,532.5,533.5,78
2026-09-14T15:00:00+00:00,533,533,529,530.5,63
2026-09-14T16:00:00+00:00,530.5,533,530.5,533,27
2026-09-14T17:00:00+00:00,532,533,530.5,530.5,39
2026-09-14T18:00:00+00:00,532.5,534.5,532.5,533.5,16
2026-09-15T00:00:00+00:00,532,532,531,531,0
2026-09-15T01:00:00+00:00,531.5,531.5,530,531.5,27
2026-09-15T02:00:00+00:00,531,532,531,532,11
2026-09-15T03:00:00+00:00,531.5,532,531,532,5
2026-09-15T04:00:00+00:00,533,533,533,533,1
2026-09-15T05:00:00+00:00,532.5,532.5,532.5,532.5,5
2026-09-15T07:00:00+00:00,534,534,532.5,532.5,4
2026-09-15T08:00:00+00:00,531,532,531,532,11
2026-09-15T09:00:00+00:00,531.5,531.5,530,530,24
2026-09-15T10:00:00+00:00,530,530.5,529.5,530,15
2026-09-15T11:00:00+00:00,529,529,528,528,8
2026-09-15T12:00:00+00:00,528,529,527,528,5
2026-09-15T13:00:00+00:00,526,530.5,525,529,60
2026-09-15T14:00:00+00:00,531,533.5,530,532,34
2026-09-15T15:00:00+00:00,532,535,531,532,35
2026-09-15T16:00:00+00:00,532,533.5,531,533,37
2026-09-15T17:00:00+00:00,533.5,535,533,534.5,63
2026-09-15T18:00:00+00:00,534.5,536.5,534.5,536,21
2026-09-16T00:00:00+00:00,536,538,534,535,0
2026-09-16T01:00:00+00:00,536,536.5,535.5,536.5,8
2026-09-16T02:00:00+00:00,536,536.5,535,536,21
2026-09-16T03:00:00+00:00,536.5,537,536.5,537,6
2026-09-16T04:00:00+00:00,537.5,537.5,537,537.5,59
2026-09-16T05:00:00+00:00,537.5,538,537,537.5,6
2026-09-16T06:00:00+00:00,537.5,537.5,537,537,4
2026-09-16T07:00:00+00:00,536.5,538.5,536.5,538.5,66
2026-09-16T08:00:00+00:00,538.5,538.5,537.5,538,10
2026-09-16T09:00:00+00:00,539,539.5,538.5,538.5,43
2026-09-16T10:00:00+00:00,537.5,537.5,536,536.5,19
2026-09-16T11:00:00+00:00,535.5,535.5,535,535,20
2026-09-16T12:00:00+00:00,534.5,534.5,533.5,534.5,20
2026-09-16T13:00:00+00:00,535.5,536.5,534.5,534.5,20
2026-09-16T14:00:00+00:00,535.5,536,532.5,532.5,32
2026-09-16T15:00:00+00:00,532,532.5,531,531,44
2026-09-16T16:00:00+00:00,531,532,529,530.5,56
2026-09-16T17:00:00+00:00,530,533.5,529.5,531.5,35
2026-09-16T18:00:00+00:00,532.5,535,532.5,534,17
2026-09-17T00:00:00+00:00,534,535.5,532.5,533,0
2026-09-17T01:00:00+00:00,532.5,535,532.5,535,16
2026-09-17T02:00:00+00:00,534,534,533.5,533.5,6
2026-09-17T03:00:00+00:00,534.5,535.5,534,535.5,63
2026-09-17T04:00:00+00:00,535,535,535,535,2
2026-09-17T05:00:00+00:00,535,535,534.5,534.5,19
2026-09-17T06:00:00+00:00,535,535,535,535,2
2026-09-17T07:00:00+00:00,533.5,535.5,533,535.5,14
2026-09-17T08:00:00+00:00,535.5,536,534.5,534.5,4
2026-09-17T09:00:00+00:00,534.5,535,534.5,535,8
2026-09-17T10:00:00+00:00,535,535,533,533.5,16
2026-09-17T11:00:00+00:00,533,533,531.5,531.5,9
2026-09-17T12:00:00+00:00,531.5,531.5,530,531,24
2026-09-17T13:00:00+00:00,531,533,529.5,529.5,45
2026-09-17T14:00:00+00:00,529.5,529.5,527,529,79
2026-09-17T15:00:00+00:00,529,530,528,529,16
2026-09-17T16:00:00+00:00,528.5,532,528.5,532,11
2026-09-17T17:00:00+00:00,532.5,534,531,531,169
2026-09-17T18:00:00+00:00,531,531,530,530,3
2026-09-18T00:00:00+00:00,532,532,530.5,532,0
2026-09-18T01:00:00+00:00,533,533,531.5,531.5,17
2026-09-18T02:00:00+00:00,531,531,531,531,2
2026-09-18T03:00:00+00:00,531,531,531,531,1
2026-09-18T04:00:00+00:00,530,530,530,530,2
2026-09-18T05:00:00+00:00,531,531,529,529,7
2026-09-18T07:00:00+00:00,529,529,528.5,529,11
2026-09-18T08:00:00+00:00,528,528.5,528,528.5,3
2026-09-18T09:00:00+00:00,529,529.5,529,529.5,24
2026-09-18T10:00:00+00:00,530,531.5,529.5,531.5,18
2026-09-18T11:00:00+00:00,531,532,529,529,54
2026-09-18T12:00:00+00:00,530,530,528.5,529,20
2026-09-18T13:00:00+00:00,529.5,529.5,527,527,26
2026-09-18T14:00:00+00:00,527,527,525.5,527,30
2026-09-18T15:00:00+00:00,526.5,526.5,526,526.5,54
2026-09-18T16:00:00+00:00,527.5,528,526.5,527,8
2026-09-18T17:00:00+00:00,527.5,528.5,526.5,527.5,25
2026-09-18T18:00:00+00:00,528.5,528.5,527.5,527.5,3
2026-09-21T00:00:00+00:00,527,534.5,527,533.5,86
2026-09-21T01:00:00+00:00,533.5,533.5,533,533.5,18
2026-09-21T02:00:00+00:00,533,534.5,533,534,29
2026-09-21T03:00:00+00:00,534.5,534.5,534.5,534.5,2
2026-09-21T04:00:00+00:00,533.5,533.5,533,533,6
2026-09-21T05:00:00+00:00,533.5,533.5,533.5,533.5,1
2026-09-21T06:00:00+00:00,533.5,533.5,533.5,533.5,5
2026-09-21T07:00:00+00:00,533,534,533,534,2
2026-09-21T08:00:00+00:00,532,532,531.5,531.5,2
2026-09-21T09:00:00+00:00,533,533,533,533,2
2026-09-21T10:00:00+00:00,533,533,533,533,7
2026-09-21T11:00:00+00:00,533,534,533,534,3
2026-09-21T12:00:00+00:00,534,534,532.5,534,11
2026-09-21T13:00:00+00:00,532,538,532,538,89
2026-09-21T14:00:00+00:00,537,541,537,540.5,115
2026-09-21T15:00:00+00:00,540,543,540,542.5,46
2026-09-21T16:00:00+00:00,543,543.5,541.5,543,18
2026-09-21T17:00:00+00:00,541.5,543,541,542,32
2026-09-21T18:00:00+00:00,542,543.5,542,543.5,30
2026-09-22T00:00:00+00:00,543,543.5,541,543.5,0
2026-09-22T01:00:00+00:00,543,543,542,542.5,6
2026-09-22T02:00:00+00:00,543,543.5,543,543.5,9
2026-09-22T03:00:00+00:00,542.5,543.5,542.5,543.5,18
2026-09-22T04:00:00+00:00,544,544.5,544,544,3
2026-09-22T05:00:00+00:00,544.5,544.5,544.5,544.5,6
2026-09-22T06:00:00+00:00,543.5,544.5,543,543,20
2026-09-22T07:00:00+00:00,542.5,542.5,541.5,542.5,5
2026-09-22T08:00:00+00:00,541.5,541.5,539,539,23
2026-09-22T09:00:00+00:00,539,539,537.5,537.5,39
2026-09-22T10:00:00+00:00,538,538,537,538,70
2026-09-22T11:00:00+00:00,539.5,539.5,539,539,3
2026-09-22T12:00:00+00:00,539.5,539.5,539.5,539.5,8
2026-09-22T13:00:00+00:00,540,540,536,538.5,58
2026-09-22T14:00:00+00:00,538.5,541.5,538,541,28
2026-09-22T15:00:00+00:00,540.5,540.5,539.5,540,10
2026-09-22T16:00:00+00:00,540.5,541.5,539,539.5,24
2026-09-22T17:00:00+00:00,540.5,540.5,537,537,24
2026-09-22T18:00:00+00:00,537,537.5,536.5,536.5,16
