open_time,open,high,low,close,volume
2025-07-29T09:00:00+00:00,1010,1010,1010,1010,8
2025-07-29T10:00:00+00:00,1011.5,1011.5,1011.5,1011.5,3
2025-07-29T11:00:00+00:00,1010,1010,1009,1009,6
2025-07-29T12:00:00+00:00,1009.5,1010,1009.5,1010,3
2025-07-29T13:00:00+00:00,1011.5,1013,1010.5,1011,118
2025-07-29T14:00:00+00:00,1011.5,1013,1010,1010,101
2025-07-29T15:00:00+00:00,1008,1012,1007.5,1011.5,139
2025-07-29T16:00:00+00:00,1011,1011,1004.5,1005.5,113
2025-07-29T17:00:00+00:00,1005,1011.5,1005,1009,127
2025-07-29T18:00:00+00:00,1009,1009.5,1008,1008,20
2025-07-30T00:00:00+00:00,1008,1008.5,1008,1008.5,0
2025-07-30T01:00:00+00:00,1007,1008,1007,1008,8
2025-07-30T02:00:00+00:00,1010,1011,1010,1010.5,18
2025-07-30T04:00:00+00:00,1008,1008.5,1008,1008.5,2
2025-07-30T05:00:00+00:00,1008.5,1008.5,1008.5,1008.5,1
2025-07-30T06:00:00+00:00,1010,1011,1010,1011,7
2025-07-30T07:00:00+00:00,1011.5,1011.5,1011.5,1011.5,2
2025-07-30T08:00:00+00:00,1011.5,1011.5,1011.5,1011.5,2
2025-07-30T09:00:00+00:00,1011,1011,1011,1011,4
2025-07-30T10:00:00+00:00,1010.5,1010.5,1010.5,1010.5,1
2025-07-30T11:00:00+00:00,1026.5,1026.5,1008,1008,1
2025-07-30T13:00:00+00:00,1023.5,1026.5,1023.5,1026.5,82
2025-07-30T14:00:00+00:00,1027,1027.5,1021,1021,72
2025-07-30T15:00:00+00:00,1021.5,1021.5,1018.5,1020,39
2025-07-30T16:00:00+00:00,1021,1021,1019.5,1019.5,0
2025-07-31T00:00:00+00:00,1016,1017.5,1015.5,1017.5,9
2025-07-31T01:00:00+00:00,1019,1019,1017,1017,4
2025-07-31T02:00:00+00:00,1016,1016,1016,1016,2
2025-07-31T08:00:00+00:00,997,1016,997,998.5,38
2025-07-31T09:00:00+00:00,997.5,997.5,997.5,997.5,1
2025-07-31T10:00:00+00:00,1014.5,1014.5,995,995,5
2025-07-31T11:00:00+00:00,1013.5,1013.5,994,994,2
2025-07-31T12:00:00+00:00,1013,1013,1013,1013,0
2025-07-31T13:00:00+00:00,995,995,990.5,991,226
2025-07-31T14:00:00+00:00,990.5,994,990.5,991.5,341
2025-07-31T15:00:00+00:00,991.5,992,988.5,989.5,174
2025-07-31T16:00:00+00:00,989.5,991,988,988.5,135
2025-07-31T17:00:00+00:00,988,988.5,988,988.5,94
2025-07-31T18:00:00+00:00,988.5,990.5,988,990.5,0
2025-08-01T01:00:00+00:00,991.5,993,991.5,992,66
2025-08-01T02:00:00+00:00,992,992,989.5,989.5,0
2025-08-01T03:00:00+00:00,990.5,990.5,990.5,990.5,86
2025-08-01T04:00:00+00:00,990.5,991,990.5,991,4
2025-08-01T05:00:00+00:00,991.5,991.5,991.5,991.5,1
2025-08-01T06:00:00+00:00,991.5,992,991.5,992,3
2025-08-01T07:00:00+00:00,991.5,991.5,991,991.5,7
2025-08-01T08:00:00+00:00,991,991,988.5,989,14
2025-08-01T09:00:00+00:00,988.5,988.5,988.5,988.5,8
2025-08-01T10:00:00+00:00,989,990,989,990,4
2025-08-01T11:00:00+00:00,987,987,987,987,9
2025-08-01T12:00:00+00:00,987,987.5,987,987.5,4
2025-08-01T13:00:00+00:00,988.5,991,987,987,219
2025-08-01T14:00:00+00:00,987,993.5,987,993.5,192
2025-08-01T15:00:00+00:00,993.5,994.5,991.5,992.5,128
2025-08-01T16:00:00+00:00,992,992,990,990,63
2025-08-01T17:00:00+00:00,990.5,992.5,990,992,53
2025-08-01T18:00:00+00:00,990.5,991,988.5,988.5,16
2025-08-04T00:00:00+00:00,989.5,991.5,989.5,991.5,8
2025-08-04T01:00:00+00:00,990.5,991.5,990,991,58
2025-08-04T02:00:00+00:00,991,992,990.5,992,22
2025-08-04T03:00:00+00:00,991.5,991.5,990,990,8
2025-08-04T06:00:00+00:00,989,991.5,989,991.5,6
2025-08-04T08:00:00+00:00,988,988,987.5,988,7
2025-08-04T09:00:00+00:00,988.5,988.5,987,987,3
2025-08-04T10:00:00+00:00,987,987,986.5,986.5,6
2025-08-04T11:00:00+00:00,986.5,987,986.5,987,25
2025-08-04T12:00:00+00:00,987,989,987,989,0
2025-08-04T13:00:00+00:00,989.5,993,989.5,991.5,0
2025-08-04T14:00:00+00:00,992.5,996.5,992.5,996,213
2025-08-04T15:00:00+00:00,992.5,995.5,992.5,995.5,17
2025-08-04T17:00:00+00:00,993.5,995.5,993.5,995.5,5
2025-08-04T18:00:00+00:00,994.5,994.5,993.5,993.5,0
2025-08-05T00:00:00+00:00,993.5,993.5,992.5,992.5,4
2025-08-05T01:00:00+00:00,991,992.5,991,991.5,11
2025-08-05T02:00:00+00:00,990,990,989.5,990,25
2025-08-05T06:00:00+00:00,991.5,992,991.5,992,30
2025-08-05T07:00:00+00:00,991.5,995,991.5,995,34
2025-08-05T08:00:00+00:00,996,996,996,996,7
2025-08-05T09:00:00+00:00,995.5,996,995,996,9
2025-08-05T11:00:00+00:00,997,999,997,999,26
2025-08-05T12:00:00+00:00,1000,1000,998.5,999,37
2025-08-05T13:00:00+00:00,1001,1002,1000,1001.5,25
2025-08-05T14:00:00+00:00,1000.5,1001,995,996.5,0
2025-08-05T15:00:00+00:00,994.5,995,994,994.5,261
2025-08-05T16:00:00+00:00,992.5,993.5,992,992.5,17
2025-08-05T17:00:00+00:00,992,992.5,991.5,991.5,0
2025-08-05T18:00:00+00:00,991,991,990,990,0
2025-08-06T00:00:00+00:00,989.5,990,989.5,990,3
2025-08-06T01:00:00+00:00,991,992.5,991,992.5,46
2025-08-06T02:00:00+00:00,993,993.5,993,993,3
2025-08-06T07:00:00+00:00,993.5,993.5,993.5,993.5,16
2025-08-06T08:00:00+00:00,993.5,993.5,993.5,993.5,2
2025-08-06T09:00:00+00:00,991,991,991,991,3
2025-08-06T10:00:00+00:00,993,993.5,993,993.5,8
2025-08-06T12:00:00+00:00,994.5,994.5,994,994.5,13
2025-08-06T13:00:00+00:00,993,994,993,994,8
2025-08-06T14:00:00+00:00,991.5,991.5,986,986,56
2025-08-06T15:00:00+00:00,986,986,982.5,982.5,77
2025-08-06T16:00:00+00:00,982.5,984,982,983,34
2025-08-06T17:00:00+00:00,982,984,981,984,54
2025-08-06T18:00:00+00:00,984.5,986,984.5,986,0
2025-08-07T00:00:00+00:00,986,987,984.5,985.5,17
2025-08-07T01:00:00+00:00,986,987,985.5,986,104
2025-08-07T02:00:00+00:00,986,986.5,985.5,986,8
2025-08-07T03:00:00+00:00,986.5,986.5,986.5,986.5,1
2025-08-07T05:00:00+00:00,986,986,986,986,1
2025-08-07T07:00:00+00:00,986,986.5,984.5,984.5,32
2025-08-07T08:00:00+00:00,984,984,984,984,1
2025-08-07T09:00:00+00:00,983.5,985,983.5,984.5,17
2025-08-07T10:00:00+00:00,984.5,984.5,984,984.5,20
2025-08-07T11:00:00+00:00,985,986,985,986,17
2025-08-07T12:00:00+00:00,986.5,988.5,986.5,988.5,0
2025-08-07T13:00:00+00:00,987.5,988.5,987,988.5,270
2025-08-07T14:00:00+00:00,987.5,990,987.5,990,0
2025-08-07T15:00:00+00:00,990,991,990,991,0
2025-08-07T16:00:00+00:00,993.5,994,993.5,994,301
2025-08-07T17:00:00+00:00,994,994,992.5,992.5,32
2025-08-07T18:00:00+00:00,994.5,994.5,994.5,994.5,0
2025-08-08T00:00:00+00:00,998,998,996,996.5,4
2025-08-08T01:00:00+00:00,996.5,996.5,996.5,996.5,1
2025-08-08T04:00:00+00:00,997.5,997.5,997,997,2
2025-08-08T05:00:00+00:00,996.5,996.5,996,996.5,17
2025-08-08T06:00:00+00:00,997,997.5,997,997,8
2025-08-08T07:00:00+00:00,996,997.5,996,997.5,23
2025-08-08T08:00:00+00:00,997,997,995,995,16
2025-08-08T09:00:00+00:00,995,995,995,995,9
2025-08-08T10:00:00+00:00,993,993,991.5,991.5,28
2025-08-08T11:00:00+00:00,991.5,993,991,993,27
2025-08-08T12:00:00+00:00,992,992,991,991,16
2025-08-08T13:00:00+00:00,991.5,994.5,989,994.5,21
2025-08-08T14:00:00+00:00,994,995,992,994.5,35
2025-08-08T15:00:00+00:00,993.5,993.5,992,992.5,0
2025-08-08T16:00:00+00:00,993.5,993.5,990,990,242
2025-08-08T17:00:00+00:00,989.5,989.5,986,987.5,45
2025-08-08T18:00:00+00:00,987,987.5,986.5,987.5,11
2025-08-11T04:00:00+00:00,987.5,1011,987.5,1009.5,91
2025-08-11T05:00:00+00:00,1008.5,1014,1008,1012,97
2025-08-11T06:00:00+00:00,1012,1015,1010,1012.5,112
2025-08-11T07:00:00+00:00,1012.5,1012.5,1009.5,1011,66
2025-08-11T08:00:00+00:00,1011.5,1011.5,1009.5,1009.5,12
2025-08-11T09:00:00+00:00,1010.5,1010.5,1008,1008,13
2025-08-11T10:00:00+00:00,1010,1010,1009.5,1009.5,34
2025-08-11T11:00:00+00:00,1008.5,1012.5,1008,1008.5,68
2025-08-11T12:00:00+00:00,1009,1009,1005,1005,0
2025-08-11T13:00:00+00:00,1004,1007,1003,1006.5,0
2025-08-11T14:00:00+00:00,1007,1010,1006,1010,897
2025-08-11T15:00:00+00:00,1008,1012,1007,1012,23
2025-08-11T16:00:00+00:00,1011.5,1013,1009.5,1013,32
2025-08-11T17:00:00+00:00,1011,1011,1010,1010,3
2025-08-11T18:00:00+00:00,1011,1011.5,1010,1010,0
2025-08-12T00:00:00+00:00,1009,1009,1007.5,1007.5,22
2025-08-12T01:00:00+00:00,1007,1007,1000.5,1001.5,34
2025-08-12T02:00:00+00:00,1000,1000.5,998.5,1000,20
2025-08-12T03:00:00+00:00,1000.5,1001,1000,1000,15
2025-08-12T04:00:00+00:00,999.5,1000.5,999.5,1000,16
2025-08-12T05:00:00+00:00,1001,1001,1001,1001,1
2025-08-12T06:00:00+00:00,1001.5,1001.5,1001.5,1001.5,8
2025-08-12T07:00:00+00:00,1000,1000,999.5,999.5,10
2025-08-12T08:00:00+00:00,999.5,999.5,998.5,999,3
2025-08-12T09:00:00+00:00,997.5,998.5,997.5,998.5,19
2025-08-12T10:00:00+00:00,999.5,999.5,999,999,11
2025-08-12T11:00:00+00:00,1001,1002.5,1001,1002.5,32
2025-08-12T12:00:00+00:00,998.5,998.5,998.5,998.5,3
2025-08-12T13:00:00+00:00,998,999,996.5,997.5,176
2025-08-12T14:00:00+00:00,998,1000,997,997,209
2025-08-12T15:00:00+00:00,996.5,999.5,995.5,996.5,139
2025-08-12T16:00:00+00:00,995.5,1032,995,1023.5,407
2025-08-12T17:00:00+00:00,1023,1029,1023,1028,42
2025-08-12T18:00:00+00:00,1028.5,1033,1028.5,1031,0
2025-08-13T00:00:00+00:00,1030,1037,1030,1037,26
2025-08-13T01:00:00+00:00,1036.5,1039,1036.5,1039,63
2025-08-13T02:00:00+00:00,1038.5,1039,1038,1039,22
2025-08-13T03:00:00+00:00,1039.5,1039.5,1038.5,1038.5,4
2025-08-13T04:00:00+00:00,1038,1038,1038,1038,1
2025-08-13T05:00:00+00:00,1037.5,1040.5,1037.5,1040.5,12
2025-08-13T06:00:00+00:00,1040,1040,1037.5,1037.5,38
2025-08-13T07:00:00+00:00,1038.5,1040,1038.5,1040,21
2025-08-13T08:00:00+00:00,1040,1040.5,1039.5,1040.5,69
2025-08-13T09:00:00+00:00,1041,1041,1040,1040,34
2025-08-13T10:00:00+00:00,1040,1042,1039.5,1042,17
2025-08-13T11:00:00+00:00,1042,1045.5,1042,1045,51
2025-08-13T12:00:00+00:00,1044.5,1045,1044,1044.5,10
2025-08-13T13:00:00+00:00,1044,1044,1040,1042.5,25
2025-08-13T14:00:00+00:00,1042,1045,1040.5,1041,37
2025-08-13T15:00:00+00:00,1040.5,1040.5,1036,1036,70
2025-08-13T16:00:00+00:00,1036,1042.5,1036,1042.5,60
2025-08-13T17:00:00+00:00,1043,1047,1043,1045,26
2025-08-13T18:00:00+00:00,1044.5,1044.5,1043.5,1043.5,0
2025-08-14T00:00:00+00:00,1040.5,1047,1038,1047,9
2025-08-14T01:00:00+00:00,1048.5,1049,1047.5,1047.5,20
2025-08-14T02:00:00+00:00,1048,1048.5,1047,1047,28
2025-08-14T03:00:00+00:00,1046,1046,1045,1045.5,18
2025-08-14T04:00:00+00:00,1045.5,1046,1045.5,1046,3
2025-08-14T05:00:00+00:00,1045.5,1045.5,1043.5,1044.5,32
2025-08-14T06:00:00+00:00,1045,1045,1044,1044,12
2025-08-14T07:00:00+00:00,1043.5,1044.5,1043,1043,30
2025-08-14T08:00:00+00:00,1044,1044,1043.5,1043.5,18
2025-08-14T09:00:00+00:00,1042.5,1042.5,1039.5,1040,25
2025-08-14T10:00:00+00:00,1039.5,1039.5,1037.5,1038.5,26
2025-08-14T11:00:00+00:00,1038.5,1040,1038.5,1040,15
2025-08-14T12:00:00+00:00,1039,1039,1037,1037,36
2025-08-14T13:00:00+00:00,1036.5,1038,1034,1036,36
2025-08-14T14:00:00+00:00,1036,1037,1030.5,1032.5,21
2025-08-14T15:00:00+00:00,1033.5,1035.5,1033,1035.5,21
2025-08-14T16:00:00+00:00,1032.5,1033,1030.5,1030.5,8
2025-08-14T17:00:00+00:00,1030,1030,1029,1029.5,11
2025-08-14T18:00:00+00:00,1029,1030.5,1028.5,1030.5,0
2025-08-15T00:00:00+00:00,1033,1033.5,1031.5,1031.5,11
2025-08-15T01:00:00+00:00,1031.5,1031.5,1028.5,1029.5,59
2025-08-15T02:00:00+00:00,1030,1030,1028.5,1029.5,32
2025-08-15T03:00:00+00:00,1028,1028,1028,1028,8
2025-08-15T04:00:00+00:00,1029,1029,1029,1029,1
2025-08-15T05:00:00+00:00,1028.5,1028.5,1028,1028,15
2025-08-15T06:00:00+00:00,1027,1033.5,1027,1032,38
2025-08-15T07:00:00+00:00,1031.5,1033,1030.5,1031,58
2025-08-15T08:00:00+00:00,1031.5,1033,1030.5,1033,68
2025-08-15T09:00:00+00:00,1032.5,1033,1032,1032,20
2025-08-15T10:00:00+00:00,1032.5,1033,1032.5,1033,10
2025-08-15T11:00:00+00:00,1033.5,1036,1033,1036,41
2025-08-15T12:00:00+00:00,1036,1037,1036,1037,0
2025-08-15T13:00:00+00:00,1037.5,1038.5,1033.5,1035,396
2025-08-15T14:00:00+00:00,1035.5,1038.5,1034,1038,20
2025-08-15T15:00:00+00:00,1038.5,1042,1038.5,1042,58
2025-08-15T16:00:00+00:00,1042,1042,1040.5,1041.5,0
2025-08-15T17:00:00+00:00,1042,1043.5,1041.5,1041.5,557
2025-08-15T18:00:00+00:00,1042.5,1043,1042.5,1042.5,5
2025-08-18T03:00:00+00:00,1042.5,1042.5,1042.5,1042.5,0
2025-08-18T04:00:00+00:00,1040,1040.5,1040,1040.5,105
2025-08-18T05:00:00+00:00,1040,1040,1040,1040,8
2025-08-18T06:00:00+00:00,1038,1038,1037.5,1037.5,4
2025-08-18T07:00:00+00:00,1037,1037,1035,1035,24
2025-08-18T08:00:00+00:00,1035.5,1036,1035.5,1035.5,4
2025-08-18T09:00:00+00:00,1038,1038,1038,1038,3
2025-08-18T10:00:00+00:00,1037.5,1038,1037,1037,17
2025-08-18T11:00:00+00:00,1037,1037,1036,1036,7
2025-08-18T12:00:00+00:00,1039,1039.5,1038,1038,0
2025-08-18T13:00:00+00:00,1039,1046.5,1039,1046.5,224
2025-08-18T14:00:00+00:00,1046.5,1048,1041,1042,80
2025-08-18T15:00:00+00:00,1043,1044.5,1043,1044.5,38
2025-08-18T16:00:00+00:00,1045,1045.5,1042.5,1044.5,20
2025-08-18T17:00:00+00:00,1043.5,1044.5,1042.5,1043.5,57
2025-08-18T18:00:00+00:00,1043,1043,1040,1040,0
2025-08-19T00:00:00+00:00,1042,1045,1042,1044,13
2025-08-19T01:00:00+00:00,1043.5,1045.5,1043,1045,39
2025-08-19T02:00:00+00:00,1043.5,1045.5,1043.5,1044.5,15
2025-08-19T03:00:00+00:00,1045,1045,1044.5,1045,47
2025-08-19T05:00:00+00:00,1044,1044,1043.5,1044,13
2025-08-19T06:00:00+00:00,1043,1045.5,1043,1045,81
2025-08-19T07:00:00+00:00,1045.5,1045.5,1043.5,1044,29
2025-08-19T08:00:00+00:00,1045.5,1045.5,1044,1044,28
2025-08-19T09:00:00+00:00,1044,1044,1042.5,1042.5,25
2025-08-19T10:00:00+00:00,1042,1042,1040,1041,91
2025-08-19T11:00:00+00:00,1041.5,1042,1040,1042,57
2025-08-19T12:00:00+00:00,1040,1040,1039.5,1039.5,2
2025-08-19T13:00:00+00:00,1039.5,1039.5,1032.5,1038,99
2025-08-19T14:00:00+00:00,1037,1038,1031.5,1031.5,64
2025-08-19T15:00:00+00:00,1031,1033.5,1030.5,1032.5,55
2025-08-19T16:00:00+00:00,1033,1033,1031,1031,11
2025-08-19T17:00:00+00:00,1032,1033.5,1032,1033.5,15
2025-08-19T18:00:00+00:00,1034.5,1034.5,1034,1034,0
2025-08-20T00:00:00+00:00,1035,1035,1033,1033,3
2025-08-20T01:00:00+00:00,1034,1034.5,1034,1034.5,12
2025-08-20T02:00:00+00:00,1034,1035,1034,1034.5,17
2025-08-20T03:00:00+00:00,1034,1034,1034,1034,1
2025-08-20T06:00:00+00:00,1035,1036,1035,1036,12
2025-08-20T07:00:00+00:00,1037,1038,1037,1037,19
2025-08-20T08:00:00+00:00,1038,1038,1035,1035,34
2025-08-20T09:00:00+00:00,1036,1036,1033.5,1034,4
2025-08-20T10:00:00+00:00,1033,1033,1033,1033,8
2025-08-20T11:00:00+00:00,1033,1033,1031.5,1031.5,9
2025-08-20T12:00:00+00:00,1032.5,1033,1032.5,1033,7
2025-08-20T13:00:00+00:00,1033.5,1037,1033,1036,61
2025-08-20T14:00:00+00:00,1036.5,1040,1035.5,1038,38
2025-08-20T15:00:00+00:00,1038,1038,1036,1036,0
2025-08-20T16:00:00+00:00,1036,1039.5,1035.5,1039.5,0
2025-08-20T17:00:00+00:00,1036.5,1036.5,1034.5,1035,317
2025-08-20T18:00:00+00:00,1034.5,1035,1034.5,1035,0
2025-08-21T00:00:00+00:00,1038,1038,1038,1038,2
2025-08-21T01:00:00+00:00,1036.5,1038,1036.5,1037.5,20
2025-08-21T02:00:00+00:00,1036,1036,1036,1036,4
2025-08-21T03:00:00+00:00,1034.5,1034.5,1034.5,1034.5,6
2025-08-21T04:00:00+00:00,1035.5,1035.5,1035.5,1035.5,1
2025-08-21T06:00:00+00:00,1037.5,1037.5,1035,1035,27
2025-08-21T07:00:00+00:00,1034.5,1034.5,1034.5,1034.5,5
2025-08-21T08:00:00+00:00,1033.5,1054,1032.5,1033,27
2025-08-21T09:00:00+00:00,1032.5,1033.5,1032.5,1033.5,10
2025-08-21T10:00:00+00:00,1035,1055,1035,1055,2
2025-08-21T11:00:00+00:00,1055,1057,1036.5,1057,19
2025-08-21T12:00:00+00:00,1038.5,1058.5,1038.5,1039.5,39
2025-08-21T13:00:00+00:00,1059,1063.5,1039,1045,43
2025-08-21T14:00:00+00:00,1045,1065,1045,1045.5,110
2025-08-21T15:00:00+00:00,1048,1051,1047.5,1049,57
2025-08-21T16:00:00+00:00,1049.5,1055.5,1049.5,1055.5,100
2025-08-21T17:00:00+00:00,1054.5,1056,1054.5,1056,43
2025-08-21T18:00:00+00:00,1055.5,1056.5,1055,1056,12
2025-08-22T00:00:00+00:00,1054,1055.5,1054,1054.5,0
2025-08-22T01:00:00+00:00,1054.5,1055,1052.5,1055,62
2025-08-22T02:00:00+00:00,1055,1055,1054,1055,28
2025-08-22T03:00:00+00:00,1055,1055,1055,1055,1
2025-08-22T05:00:00+00:00,1056,1056.5,1056,1056,8
2025-08-22T06:00:00+00:00,1056,1057.5,1055,1056.5,54
2025-08-22T07:00:00+00:00,1056.5,1057,1056.5,1057,12
2025-08-22T08:00:00+00:00,1057,1059.5,1057,1059,36
2025-08-22T09:00:00+00:00,1059,1059.5,1058.5,1058.5,24
2025-08-22T10:00:00+00:00,1057,1057,1056,1057,3
2025-08-22T11:00:00+00:00,1057.5,1059,1057.5,1059,16
2025-08-22T12:00:00+00:00,1059,1059.5,1057.5,1059.5,18
2025-08-22T13:00:00+00:00,1059.5,1060,1056.5,1058.5,42
2025-08-22T14:00:00+00:00,1059,1060.5,1055.5,1057,49
2025-08-22T15:00:00+00:00,1058,1062,1054.5,1062,88
2025-08-22T16:00:00+00:00,1061.5,1062.5,1058,1062,36
2025-08-22T17:00:00+00:00,1061.5,1062,1060.5,1060.5,15
2025-08-22T18:00:00+00:00,1060.5,1060.5,1058,1058.5,23
2025-08-25T03:00:00+00:00,1058.5,1058.5,1057.5,1057.5,0
2025-08-25T04:00:00+00:00,1057,1057,1057,1057,64
2025-08-25T05:00:00+00:00,1056,1057.5,1055.5,1057.5,14
2025-08-25T06:00:00+00:00,1057.5,1058,1056,1056.5,19
2025-08-25T07:00:00+00:00,1057,1057.5,1057,1057.5,4
2025-08-25T09:00:00+00:00,1058,1059.5,1057.5,1058,32
2025-08-25T10:00:00+00:00,1057.5,1058,1057.5,1057.5,14
2025-08-25T11:00:00+00:00,1058.5,1058.5,1058.5,1058.5,14
2025-08-25T12:00:00+00:00,1059.5,1061.5,1059.5,1061.5,28
2025-08-25T13:00:00+00:00,1061.5,1061.5,1052,1054,75
2025-08-25T14:00:00+00:00,1055,1056,1053,1053,27
2025-08-25T15:00:00+00:00,1053,1053,1050,1051,33
2025-08-25T16:00:00+00:00,1050.5,1050.5,1046.5,1046.5,27
2025-08-25T17:00:00+00:00,1048,1048,1047,1047,10
2025-08-25T18:00:00+00:00,1046.5,1048,1046,1048,5
2025-08-26T00:00:00+00:00,1048.5,1048.5,1042,1043,0
2025-08-26T01:00:00+00:00,1043.5,1047.5,1043,1047.5,113
2025-08-26T02:00:00+00:00,1049,1050.5,1049,1050,32
2025-08-26T03:00:00+00:00,1049,1049,1049,1049,4
2025-08-26T04:00:00+00:00,1049.5,1049.5,1049,1049,13
2025-08-26T05:00:00+00:00,1049.5,1054,1049,1054,53
2025-08-26T06:00:00+00:00,1053.5,1054.5,1052.5,1053.5,53
2025-08-26T07:00:00+00:00,1052,1054,1052,1052.5,37
2025-08-26T08:00:00+00:00,1052,1052.5,1051,1052.5,29
2025-08-26T09:00:00+00:00,1052.5,1054,1052.5,1054,29
2025-08-26T10:00:00+00:00,1053.5,1054,1050.5,1052,31
2025-08-26T11:00:00+00:00,1052,1055,1052,1054,65
2025-08-26T12:00:00+00:00,1054.5,1055.5,1053,1053,37
2025-08-26T13:00:00+00:00,1053.5,1054,1045,1046,60
2025-08-26T14:00:00+00:00,1045,1050,1044.5,1048,76
2025-08-26T15:00:00+00:00,1048.5,1048.5,1045.5,1048.5,28
2025-08-26T16:00:00+00:00,1047,1048.5,1046.5,1048.5,0
2025-08-26T17:00:00+00:00,1048,1049.5,1048,1048.5,744
2025-08-26T18:00:00+00:00,1049.5,1050,1048.5,1049.5,8
2025-08-27T00:00:00+00:00,1050,1053.5,1050,1052,0
2025-08-27T01:00:00+00:00,1052,1052,1051.5,1051.5,18
2025-08-27T02:00:00+00:00,1047.5,1049.5,1047.5,1049.5,29
2025-08-27T03:00:00+00:00,1049,1050,1049,1049.5,10
2025-08-27T04:00:00+00:00,1050,1050.5,1050,1050.5,3
2025-08-27T05:00:00+00:00,1049,1049,1048.5,1048.5,2
2025-08-27T06:00:00+00:00,1048.5,1048.5,1047.5,1047.5,17
2025-08-27T07:00:00+00:00,1048.5,1048.5,1048.5,1048.5,3
2025-08-27T08:00:00+00:00,1049,1051.5,1049,1049.5,41
2025-08-27T09:00:00+00:00,1051.5,1051.5,1051.5,1051.5,4
2025-08-27T10:00:00+00:00,1052,1053,1052,1052.5,26
2025-08-27T11:00:00+00:00,1051.5,1051.5,1049.5,1049.5,19
2025-08-27T12:00:00+00:00,1050,1050.5,1048,1048,37
2025-08-27T13:00:00+00:00,1046.5,1048.5,1046.5,1048.5,15
2025-08-27T14:00:00+00:00,1046.5,1048,1045.5,1047.5,23
2025-08-27T15:00:00+00:00,1048.5,1053,1048.5,1051,44
2025-08-27T16:00:00+00:00,1052.5,1052.5,1049.5,1050.5,0
2025-08-27T17:00:00+00:00,1049,1049,1046.5,1048.5,0
2025-08-27T18:00:00+00:00,1048,1048,1048,1048,0
2025-08-28T00:00:00+00:00,1047.5,1047.5,1046,1046,14
2025-08-28T01:00:00+00:00,1046.5,1046.5,1045,1046.5,18
2025-08-28T02:00:00+00:00,1047,1047,1046.5,1046.5,4
2025-08-28T03:00:00+00:00,1045.5,1047,1045.5,1046.5,43
2025-08-28T04:00:00+00:00,1046.5,1046.5,1046.5,1046.5,3
2025-08-28T05:00:00+00:00,1045.5,1046,1045.5,1045.5,10
2025-08-28T07:00:00+00:00,1047,1048,1046.5,1047.5,48
2025-08-28T08:00:00+00:00,1047,1047,1045,1046,9
2025-08-28T09:00:00+00:00,1045.5,1045.5,1044.5,1045.5,10
2025-08-28T10:00:00+00:00,1046,1047,1046,1047,4
2025-08-28T11:00:00+00:00,1047.5,1048.5,1047.5,1048,24
2025-08-28T12:00:00+00:00,1047.5,1047.5,1047.5,1047.5,2
2025-08-28T13:00:00+00:00,1048,1048,1045,1046,77
2025-08-28T14:00:00+00:00,1046,1047,1044.5,1044.5,7
2025-08-28T15:00:00+00:00,1044,1044,1042.5,1043,15
2025-08-28T16:00:00+00:00,1043,1044,1039.5,1044,31
2025-08-28T17:00:00+00:00,1045.5,1048,1045,1047.5,29
2025-08-28T18:00:00+00:00,1047,1049,1047,1049,16
2025-08-29T00:00:00+00:00,1048.5,1051.5,1048.5,1050.5,0
2025-08-29T01:00:00+00:00,1049,1049,1049,1049,1
2025-08-29T02:00:00+00:00,1050.5,1050.5,1050.5,1050.5,2
2025-08-29T03:00:00+00:00,1050,1050,1050,1050,1
2025-08-29T04:00:00+00:00,1050,1050,1049.5,1049.5,2
2025-08-29T05:00:00+00:00,1049.5,1050,1049.5,1050,2
2025-08-29T06:00:00+00:00,1049,1049,1049,1049,2
2025-08-29T07:00:00+00:00,1048.5,1048.5,1047.5,1047.5,7
2025-08-29T08:00:00+00:00,1082.5,1082.5,1044.5,1044.5,6
2025-08-29T09:00:00+00:00,1044.5,1079.5,1044.5,1045,16
2025-08-29T10:00:00+00:00,1044,1044,1043,1043.5,14
2025-08-29T11:00:00+00:00,1043.5,1043.5,1042.5,1042.5,7
2025-08-29T12:00:00+00:00,1042,1043.5,1042,1043.5,4
2025-08-29T13:00:00+00:00,1044,1046.5,1044,1045,13
2025-08-29T14:00:00+00:00,1046,1047.5,1045.5,1047,12
2025-08-29T15:00:00+00:00,1047,1048,1044.5,1048,9
2025-08-29T16:00:00+00:00,1049,1052.5,1047,1047,55
2025-08-29T17:00:00+00:00,1048.5,1052,1048.5,1051,40
2025-08-29T18:00:00+00:00,1052,1054.5,1052,1054.5,33
2025-09-02T04:00:00+00:00,1046,1046,1045.5,1045.5,0
2025-09-02T05:00:00+00:00,1046,1047,1045.5,1047,19
2025-09-02T06:00:00+00:00,1046.5,1047.5,1046.5,1046.5,33
2025-09-02T07:00:00+00:00,1047,1047.5,1044,1044,64
2025-09-02T08:00:00+00:00,1044,1045.5,1044,1045.5,4
2025-09-02T09:00:00+00:00,1046,1046,1046,1046,4
2025-09-02T10:00:00+00:00,1046.5,1046.5,1045,1045,3
2025-09-02T11:00:00+00:00,1044.5,1044.5,1044,1044,11
2025-09-02T12:00:00+00:00,1042.5,1042.5,1041.5,1041.5,81
2025-09-02T13:00:00+00:00,1040,1040.5,1037.5,1039.5,46
2025-09-02T14:00:00+00:00,1039,1041,1036.5,1040,63
2025-09-02T15:00:00+00:00,1040,1040.5,1038.5,1038.5,85
2025-09-02T16:00:00+00:00,1038.5,1039.5,1038,1039,67
2025-09-02T17:00:00+00:00,1039,1039.5,1038,1038.5,38
2025-09-02T18:00:00+00:00,1039.5,1041,1039.5,1040.5,0
2025-09-03T00:00:00+00:00,1045,1046.5,1043.5,1044.5,14
2025-09-03T01:00:00+00:00,1044.5,1044.5,1043,1043.5,43
2025-09-03T02:00:00+00:00,1042.5,1042.5,1042.5,1042.5,2
2025-09-03T03:00:00+00:00,1040.5,1040.5,1040.5,1040.5,3
2025-09-03T04:00:00+00:00,1041,1041,1041,1041,5
2025-09-03T05:00:00+00:00,1041,1041,1041,1041,1
2025-09-03T06:00:00+00:00,1041.5,1043.5,1041.5,1043,30
2025-09-03T07:00:00+00:00,1042.5,1043.5,1042.5,1043.5,28
2025-09-03T08:00:00+00:00,1043,1044,1043,1044,24
2025-09-03T09:00:00+00:00,1043.5,1043.5,1040.5,1041,29
2025-09-03T10:00:00+00:00,1041,1041.5,1041,1041,57
2025-09-03T12:00:00+00:00,1038,1038,1035.5,1037,20
2025-09-03T13:00:00+00:00,1038,1038,1035.5,1036,79
2025-09-03T14:00:00+00:00,1036,1037,1034,1034.5,101
2025-09-03T15:00:00+00:00,1033.5,1035,1033,1034,69
2025-09-03T16:00:00+00:00,1033.5,1033.5,1032,1032.5,71
2025-09-03T17:00:00+00:00,1032.5,1033,1031,1031.5,76
2025-09-03T18:00:00+00:00,1031,1031.5,1031,1031.5,0
2025-09-04T00:00:00+00:00,1030.5,1031.5,1030,1031.5,10
2025-09-04T01:00:00+00:00,1031.5,1032,1031.5,1032,5
2025-09-04T02:00:00+00:00,1031.5,1032,1031.5,1032,13
2025-09-04T03:00:00+00:00,1032.5,1032.5,1031.5,1032,31
2025-09-04T04:00:00+00:00,1031.5,1031.5,1031.5,1031.5,1
2025-09-04T05:00:00+00:00,1033,1034.5,1033,1034,38
2025-09-04T06:00:00+00:00,1032,1032,1032,1032,2
2025-09-04T07:00:00+00:00,1030,1030.5,1030,1030,28
2025-09-04T08:00:00+00:00,1030.5,1031,1028,1028,23
2025-09-04T09:00:00+00:00,1028.5,1028.5,1028,1028,11
2025-09-04T10:00:00+00:00,1027.5,1027.5,1027,1027.5,16
2025-09-04T11:00:00+00:00,1026,1026,1025,1025,6
2025-09-04T12:00:00+00:00,1024,1026,1024,1026,13
2025-09-04T13:00:00+00:00,1026,1026.5,1024.5,1025.5,59
2025-09-04T14:00:00+00:00,1024.5,1025,1022,1025,61
2025-09-04T15:00:00+00:00,1024.5,1027.5,1024,1027,101
2025-09-04T16:00:00+00:00,1028,1029.5,1028,1029.5,0
2025-09-04T17:00:00+00:00,1028.5,1030,1028,1030,546
2025-09-04T18:00:00+00:00,1030,1033.5,1030,1033.5,44
2025-09-05T00:00:00+00:00,1034,1035.5,1034,1035,0
2025-09-05T02:00:00+00:00,1032,1032,1032,1032,1
2025-09-05T03:00:00+00:00,1031,1031,1031,1031,2
2025-09-05T04:00:00+00:00,1030.5,1030.5,1030.5,1030.5,1
2025-09-05T05:00:00+00:00,1030,1030,1030,1030,10
2025-09-05T06:00:00+00:00,1033,1033.5,1033,1033,14
2025-09-05T07:00:00+00:00,1032,1032,1031.5,1032,8
2025-09-05T08:00:00+00:00,1035,1035,1035,1035,2
2025-09-05T09:00:00+00:00,1036,1036.5,1035.5,1035.5,0
2025-09-05T10:00:00+00:00,1034.5,1036,1034.5,1036,83
2025-09-05T12:00:00+00:00,1034,1034,1033,1033.5,0
2025-09-05T13:00:00+00:00,1032.5,1036,1032.5,1035,140
2025-09-05T14:00:00+00:00,1035,1035,1029,1033,43
2025-09-05T15:00:00+00:00,1033,1033.5,1033,1033.5,0
2025-09-05T16:00:00+00:00,1031,1031,1031,1031,0
2025-09-05T17:00:00+00:00,1030,1031.5,1028.5,1029.5,243
2025-09-05T18:00:00+00:00,1030,1030,1026,1026.5,10
2025-09-08T03:00:00+00:00,1027,1029.5,1027,1029.5,0
2025-09-08T04:00:00+00:00,1029.5,1029.5,1029.5,1029.5,72
2025-09-08T05:00:00+00:00,1048.5,1048.5,1030,1048.5,0
2025-09-08T06:00:00+00:00,1029,1048.5,1029,1048,8
2025-09-08T07:00:00+00:00,1030,1048.5,1025,1025,61
2025-09-08T08:00:00+00:00,1044.5,1060,1026,1027,25
2025-09-08T09:00:00+00:00,1062,1062.5,1046.5,1046.5,0
2025-09-08T10:00:00+00:00,1029.5,1064,1029.5,1029.5,28
2025-09-08T11:00:00+00:00,1047,1062,1027,1046.5,1
2025-09-08T12:00:00+00:00,1046,1062,1028,1028,41
2025-09-08T13:00:00+00:00,1060.5,1060.5,1057.5,1058,29
2025-09-08T14:00:00+00:00,1058.5,1059,1058.5,1059,17
2025-09-08T15:00:00+00:00,1060,1060.5,1060,1060.5,0
2025-09-08T16:00:00+00:00,1064.5,1064.5,1064.5,1064.5,276
2025-09-08T17:00:00+00:00,1066.5,1067,1066.5,1067,12
2025-09-08T18:00:00+00:00,1068.5,1068.5,1067.5,1067.5,0
2025-09-09T00:00:00+00:00,1067.5,1067.5,1067.5,1067.5,6
2025-09-09T01:00:00+00:00,1067.5,1068.5,1066.5,1068.5,50
2025-09-09T02:00:00+00:00,1067.5,1067.5,1067.5,1067.5,6
2025-09-09T03:00:00+00:00,1067,1067,1067,1067,11
2025-09-09T05:00:00+00:00,1067,1067,1066.5,1066.5,39
2025-09-09T06:00:00+00:00,1066.5,1066.5,1066.5,1066.5,2
2025-09-09T07:00:00+00:00,1066.5,1067,1066.5,1067,19
2025-09-09T08:00:00+00:00,1067,1067,1032,1067,9
2025-09-09T10:00:00+00:00,1069.5,1069.5,1035.5,1069.5,7
2025-09-09T11:00:00+00:00,1033.5,1067.5,1033.5,1067.5,26
2025-09-09T12:00:00+00:00,1033,1033,1031,1031,4
2025-09-09T13:00:00+00:00,1030.5,1035,1030.5,1035,33
2025-09-09T14:00:00+00:00,1035.5,1036,1033,1035,32
2025-09-09T15:00:00+00:00,1035.5,1036,1032,1032,16
2025-09-09T16:00:00+00:00,1030.5,1030.5,1030,1030,4
2025-09-09T17:00:00+00:00,1030,1031.5,1030,1031.5,21
2025-09-09T18:00:00+00:00,1031.5,1032,1030.5,1031,15
2025-09-10T00:00:00+00:00,1033,1033,1028.5,1028.5,0
2025-09-10T01:00:00+00:00,1029,1029,1028,1028,26
2025-09-10T03:00:00+00:00,1028,1028,1028,1028,1
2025-09-10T06:00:00+00:00,1027,1027.5,1027,1027,14
2025-09-10T07:00:00+00:00,1027,1027,1027,1027,12
2025-09-10T08:00:00+00:00,1027.5,1027.5,1027.5,1027.5,0
2025-09-10T11:00:00+00:00,1028,1028.5,1028,1028.5,10
2025-09-10T12:00:00+00:00,1031.5,1031.5,1029.5,1029.5,7
2025-09-10T13:00:00+00:00,1030,1031,1028.5,1028.5,11
2025-09-10T14:00:00+00:00,1029,1029,1026.5,1027,0
2025-09-10T15:00:00+00:00,1027.5,1027.5,1027,1027,112
2025-09-10T16:00:00+00:00,1026,1026,1025,1025,5
2025-09-10T17:00:00+00:00,1024.5,1025,1024,1025,21
2025-09-10T18:00:00+00:00,1024.5,1025.5,1024,1024.5,0
2025-09-11T00:00:00+00:00,1024.5,1028,1023,1024,18
2025-09-11T01:00:00+00:00,1025,1025,1023,1023,42
2025-09-11T02:00:00+00:00,1025,1025,1025,1025,6
2025-09-11T03:00:00+00:00,1026,1026.5,1026,1026,15
2025-09-11T04:00:00+00:00,1025.5,1025.5,1025.5,1025.5,1
2025-09-11T05:00:00+00:00,1026,1028,1026,1028,4
2025-09-11T06:00:00+00:00,1028,1030,1028,1030,4
2025-09-11T07:00:00+00:00,1029.5,1029.5,1029,1029,6
2025-09-11T08:00:00+00:00,1030.5,1030.5,1030,1030,19
2025-09-11T09:00:00+00:00,1029.5,1031,1029.5,1030,13
2025-09-11T10:00:00+00:00,1030,1030,1030,1030,11
2025-09-11T11:00:00+00:00,1031,1031,1031,1031,6
2025-09-11T12:00:00+00:00,1030.5,1031.5,1030.5,1031.5,10
2025-09-11T13:00:00+00:00,1031.5,1033,1030,1033,0
2025-09-11T14:00:00+00:00,1031.5,1035,1031.5,1033,211
2025-09-11T15:00:00+00:00,1033.5,1035.5,1033.5,1035,26
2025-09-11T16:00:00+00:00,1034.5,1035,1032.5,1035,0
2025-09-11T17:00:00+00:00,1034.5,1035.5,1034.5,1035,289
2025-09-11T18:00:00+00:00,1034,1034,1033.5,1034,0
2025-09-12T00:00:00+00:00,1035,1035.5,1035,1035.5,7
2025-09-12T01:00:00+00:00,1036,1036,1034.5,1034.5,4
2025-09-12T03:00:00+00:00,1034.5,1035,1034.5,1035,6
2025-09-12T04:00:00+00:00,1034.5,1034.5,1034.5,1034.5,2
2025-09-12T05:00:00+00:00,1034,1034,1034,1034,1
2025-09-12T06:00:00+00:00,1033.5,1033.5,1033.5,1033.5,1
2025-09-12T07:00:00+00:00,1032,1032,1031.5,1032,12
2025-09-12T08:00:00+00:00,1032.5,1033,1032,1032.5,26
2025-09-12T09:00:00+00:00,1032.5,1032.5,1032,1032,4
2025-09-12T10:00:00+00:00,1031.5,1032,1031.5,1032,2
2025-09-12T11:00:00+00:00,1034,1034,1033.5,1033.5,23
2025-09-12T12:00:00+00:00,1032.5,1033,1032.5,1033,5
2025-09-12T13:00:00+00:00,1034.5,1039,1034.5,1039,83
2025-09-12T14:00:00+00:00,1039.5,1046.5,1039.5,1042,55
2025-09-12T15:00:00+00:00,1043.5,1044.5,1042,1042,26
2025-09-12T16:00:00+00:00,1042.5,1043,1028,1041,173
2025-09-12T17:00:00+00:00,1042,1048.5,1042,1045,86
2025-09-12T18:00:00+00:00,1046,1046.5,1045,1045.5,12
2025-09-15T03:00:00+00:00,1043,1043,1043,1043,0
2025-09-15T06:00:00+00:00,1042.5,1043,1042.5,1043,53
2025-09-15T07:00:00+00:00,1044,1047,1044,1046.5,89
2025-09-15T08:00:00+00:00,1046.5,1046.5,1040.5,1041,82
2025-09-15T09:00:00+00:00,1041,1041.5,1040.5,1041.5,20
2025-09-15T11:00:00+00:00,1040.5,1041,1040.5,1041,18
2025-09-15T12:00:00+00:00,1041,1047,1041,1047,0
2025-09-15T13:00:00+00:00,1047.5,1051,1047.5,1048.5,547
2025-09-15T14:00:00+00:00,1048,1050,1048,1049.5,13
2025-09-15T15:00:00+00:00,1048,1048,1043.5,1043.5,95
2025-09-15T16:00:00+00:00,1043.5,1045,1043.5,1045,17
2025-09-15T17:00:00+00:00,1044.5,1044.5,1042.5,1044,17
2025-09-15T18:00:00+00:00,1042,1043,1042,1043,12
2025-09-16T00:00:00+00:00,1044,1044,1044,1044,0
2025-09-16T01:00:00+00:00,1045,1046,1045,1046,7
2025-09-16T02:00:00+00:00,1045.5,1045.5,1043,1043,28
2025-09-16T03:00:00+00:00,1043,1043,1043,1043,4
2025-09-16T04:00:00+00:00,1042.5,1042.5,1042.5,1042.5,1
2025-09-16T05:00:00+00:00,1042.5,1042.5,1042.5,1042.5,0
2025-09-16T06:00:00+00:00,1043.5,1044.5,1043.5,1044,49
2025-09-16T07:00:00+00:00,1045,1046,1045,1045.5,0
2025-09-16T08:00:00+00:00,1045.5,1045.5,1045.5,1045.5,103
2025-09-16T09:00:00+00:00,1046,1046,1046,1046,5
2025-09-16T10:00:00+00:00,1045.5,1047.5,1045.5,1047.5,23
2025-09-16T11:00:00+00:00,1048,1049,1048,1048.5,58
2025-09-16T12:00:00+00:00,1049,1050,1049,1049.5,17
2025-09-16T13:00:00+00:00,1050,1052.5,1047.5,1047.5,41
2025-09-16T14:00:00+00:00,1048.5,1049,1046.5,1046.5,33
2025-09-16T15:00:00+00:00,1046.5,1050,1046.5,1050,42
2025-09-16T16:00:00+00:00,1050.5,1050.5,1049.5,1050.5,23
2025-09-16T17:00:00+00:00,1050.5,1052,1050,1050.5,43
2025-09-16T18:00:00+00:00,1049,1050,1048.5,1048.5,35
2025-09-17T00:00:00+00:00,1049,1052,1049,1051.5,0
2025-09-17T01:00:00+00:00,1052,1052,1048,1048.5,23
2025-09-17T02:00:00+00:00,1047.5,1047.5,1046.5,1046.5,36
2025-09-17T03:00:00+00:00,1046.5,1046.5,1046,1046.5,30
2025-09-17T04:00:00+00:00,1046.5,1046.5,1046.5,1046.5,2
2025-09-17T05:00:00+00:00,1046,1046,1045,1045,20
2025-09-17T06:00:00+00:00,1045,1045,1044,1044,4
2025-09-17T07:00:00+00:00,1044.5,1044.5,1044,1044.5,19
2025-09-17T08:00:00+00:00,1043.5,1043.5,1043.5,1043.5,0
2025-09-17T09:00:00+00:00,1046,1046,1046,1046,4
2025-09-17T10:00:00+00:00,1046,1046.5,1045,1045,27
2025-09-17T11:00:00+00:00,1048,1048.5,1048,1048.5,15
2025-09-17T12:00:00+00:00,1048.5,1052,1048.5,1051,67
2025-09-17T13:00:00+00:00,1052,1052.5,1048.5,1052,98
2025-09-17T14:00:00+00:00,1051.5,1051.5,1047,1047,46
2025-09-17T15:00:00+00:00,1047.5,1047.5,1044.5,1044.5,34
2025-09-17T16:00:00+00:00,1044,1044.5,1043.5,1043.5,5
2025-09-17T17:00:00+00:00,1042.5,1042.5,1042.5,1042.5,21
2025-09-17T18:00:00+00:00,1043.5,1044,1043.5,1044,8
2025-09-18T00:00:00+00:00,1044.5,1044.5,1041,1042,0
2025-09-18T01:00:00+00:00,1042,1042,1040,1040.5,17
2025-09-18T03:00:00+00:00,1042.5,1042.5,1042.5,1042.5,1
2025-09-18T05:00:00+00:00,1040.5,1040.5,1039.5,1039.5,4
2025-09-18T06:00:00+00:00,1039,1039,1038,1038.5,7
2025-09-18T07:00:00+00:00,1039,1039,1039,1039,1
2025-09-18T08:00:00+00:00,1040,1075,1040,1040,3
2025-09-18T09:00:00+00:00,1075.5,1075.5,1040,1074,48
2025-09-18T10:00:00+00:00,1039.5,1040.5,1039.5,1040.5,0
2025-09-18T11:00:00+00:00,1040.5,1075,1040,1040.5,10
2025-09-18T12:00:00+00:00,1074.5,1075.5,1041,1075.5,14
2025-09-18T13:00:00+00:00,1075,1075,1037.5,1073.5,37
2025-09-18T14:00:00+00:00,1073.5,1073.5,1038,1038,0
2025-09-18T15:00:00+00:00,1073,1073.5,1038,1038,18
2025-09-18T16:00:00+00:00,1070.5,1071,1036,1070.5,28
2025-09-18T17:00:00+00:00,1071.5,1071.5,1035,1036,0
2025-09-18T18:00:00+00:00,1035.5,1072.5,1035.5,1039,12
2025-09-19T00:00:00+00:00,1075,1076,1041,1042,0
2025-09-19T01:00:00+00:00,1043,1077.5,1043,1043,6
2025-09-19T02:00:00+00:00,1043,1043,1043,1043,3
2025-09-19T03:00:00+00:00,1043,1043,1042.5,1043,15
2025-09-19T04:00:00+00:00,1042.5,1042.5,1042,1042,2
2025-09-19T05:00:00+00:00,1042.5,1042.5,1042,1042,4
2025-09-19T06:00:00+00:00,1042,1077,1042,1076.5,0
2025-09-19T07:00:00+00:00,1043,1043,1043,1043,55
2025-09-19T08:00:00+00:00,1044,1077,1043,1043,24
2025-09-19T09:00:00+00:00,1042.5,1077.5,1042,1042.5,45
2025-09-19T10:00:00+00:00,1042,1076,1041,1075,0
2025-09-19T11:00:00+00:00,1075.5,1076,1041.5,1076,29
2025-09-19T12:00:00+00:00,1041.5,1077,1040.5,1040.5,96
2025-09-19T13:00:00+00:00,1073.5,1074,1038,1039,27
2025-09-19T14:00:00+00:00,1038.5,1080,1035,1035.5,232
2025-09-19T15:00:00+00:00,1069.5,1070,1028,1028.5,180
2025-09-19T16:00:00+00:00,1027.5,1063.5,1025.5,1025.5,0
2025-09-19T17:00:00+00:00,1060.5,1061.5,1024,1025,402
2025-09-19T18:00:00+00:00,1025,1061,1024,1061,0
2025-09-22T03:00:00+00:00,1025.5,1025.5,1025.5,1025.5,0
2025-09-22T04:00:00+00:00,1059,1059,1023.5,1023.5,50
2025-09-22T05:00:00+00:00,1023.5,1023.5,1023.5,1023.5,2
2025-09-22T06:00:00+00:00,1059.5,1059.5,1024,1024,11
2025-09-22T07:00:00+00:00,1024,1024,1023,1023,19
2025-09-22T08:00:00+00:00,1058,1058,1020,1020,5
2025-09-22T09:00:00+00:00,1055,1055,1018.5,1054.5,0
2025-09-22T10:00:00+00:00,1055,1056.5,1019.5,1056,13
2025-09-22T11:00:00+00:00,1056,1056,1012,1012.5,58
2025-09-22T12:00:00+00:00,1012,1047,1011,1011,11
2025-09-22T13:00:00+00:00,1011,1046,1007.5,1010.5,57
2025-09-22T14:00:00+00:00,1010,1044.5,1006.5,1010.5,38
2025-09-22T15:00:00+00:00,1010,1047.5,1010,1011,17
2025-09-22T16:00:00+00:00,1010,1046.5,1010,1046.5,0
2025-09-22T17:00:00+00:00,1011,1046.5,1009,1045.5,24
2025-09-22T18:00:00+00:00,1048,1048,1011.5,1011.5,95
2025-09-23T00:00:00+00:00,1009,1045,1005.5,1006.5,0
2025-09-23T01:00:00+00:00,1045,1045.5,1007.5,1008.5,64
2025-09-23T02:00:00+00:00,1043,1043.5,1006.5,1043,0
2025-09-23T03:00:00+00:00,1043.5,1043.5,1005.5,1005.5,52
2025-09-23T04:00:00+00:00,1006,1006,1005.5,1005.5,5
2025-09-23T05:00:00+00:00,1042,1044,1042,1044,0
2025-09-23T06:00:00+00:00,1043.5,1045,1007.5,1044,23
2025-09-23T07:00:00+00:00,1007,1007,1006.5,1007,47
2025-09-23T08:00:00+00:00,1007,1043,1006,1043,0
2025-09-23T09:00:00+00:00,1006.5,1043.5,1005.5,1005.5,98
2025-09-23T10:00:00+00:00,1005.5,1043,1005.5,1006,10
2025-09-23T11:00:00+00:00,1007,1044,1006,1006.5,40
2025-09-23T12:00:00+00:00,1006.5,1006.5,1006,1006,12
2025-09-23T13:00:00+00:00,1008.5,1045,1008,1010,17
2025-09-23T14:00:00+00:00,1009,1049.5,1009,1015,59
2025-09-23T15:00:00+00:00,1014.5,1048.5,1011,1012.5,25
2025-09-23T16:00:00+00:00,1048.5,1048.5,1010.5,1011,28
2025-09-23T17:00:00+00:00,1010.5,1047,1010,1046,0
2025-09-23T18:00:00+00:00,1011.5,1048,1011.5,1012,215
2025-09-24T00:00:00+00:00,1015,1045,1008,1008.5,0
2025-09-24T01:00:00+00:00,1044.5,1044.5,1008,1044,19
2025-09-24T02:00:00+00:00,1045.5,1046,1010,1046,12
2025-09-24T03:00:00+00:00,1046,1047,1010.5,1047,11
2025-09-24T04:00:00+00:00,1047,1047,1011,1011,0
2025-09-24T05:00:00+00:00,1047.5,1047.5,1047.5,1047.5,11
2025-09-24T06:00:00+00:00,1011.5,1047,1010,1010,1
2025-09-24T07:00:00+00:00,1010,1047,1010,1047,27
2025-09-24T08:00:00+00:00,1045.5,1046,1008,1008,0
2025-09-24T09:00:00+00:00,1007,1007,1007,1007,4
2025-09-24T10:00:00+00:00,1007.5,1044,1007.5,1008,86
2025-09-24T11:00:00+00:00,1008.5,1043,1006,1006.5,16
2025-09-24T12:00:00+00:00,1006.5,1052.5,1006.5,1017,127
2025-09-24T13:00:00+00:00,1017,1054.5,1009.5,1011,59
2025-09-24T14:00:00+00:00,1011,1051,1011,1051,0
2025-09-24T15:00:00+00:00,1051.5,1051.5,1011,1046,33
2025-09-24T16:00:00+00:00,1045.5,1045.5,1008.5,1009.5,35
2025-09-24T17:00:00+00:00,1009.5,1046,1009,1009.5,97
2025-09-24T18:00:00+00:00,1009.5,1045,1009.5,1044.5,0
2025-09-25T00:00:00+00:00,1044,1045.5,1007,1045.5,0
2025-09-25T01:00:00+00:00,1010.5,1046,1010.5,1010.5,25
2025-09-25T02:00:00+00:00,1046.5,1046.5,1046.5,1046.5,0
2025-09-25T03:00:00+00:00,1012,1048,1012,1048,1
2025-09-25T04:00:00+00:00,1011.5,1047.5,1011.5,1047.5,2
2025-09-25T05:00:00+00:00,1012.5,1013.5,1012.5,1013.5,21
2025-09-25T06:00:00+00:00,1013.5,1048,1012.5,1047.5,0
2025-09-25T07:00:00+00:00,1012.5,1048,1012.5,1012.5,45
2025-09-25T08:00:00+00:00,1049.5,1050,1013.5,1014,9
2025-09-25T09:00:00+00:00,1050,1050.5,1014,1015,20
2025-09-25T10:00:00+00:00,1015.5,1016,1014.5,1015,36
2025-09-25T11:00:00+00:00,1015.5,1017,1013.5,1014,14
2025-09-25T12:00:00+00:00,1015,1050.5,1014,1050,0
2025-09-25T13:00:00+00:00,1015.5,1050.5,1013,1014.5,82
2025-09-25T14:00:00+00:00,1015,1050,1011.5,1014,34
2025-09-25T15:00:00+00:00,1014,1048,1012.5,1047.5,0
2025-09-25T16:00:00+00:00,1046.5,1046.5,1008.5,1009,111
2025-09-25T17:00:00+00:00,1045,1045,1008,1009,25
2025-09-25T18:00:00+00:00,1046,1047.5,1012,1012.5,6
2025-09-26T00:00:00+00:00,1012.5,1012.5,1012,1012,0
2025-09-26T01:00:00+00:00,1012,1013.5,1012,1012,30
2025-09-26T02:00:00+00:00,1011,1011,1010.5,1010.5,16
2025-09-26T03:00:00+00:00,1047,1047,1010.5,1011,3
2025-09-26T04:00:00+00:00,1047,1047,1046.5,1046.5,0
2025-09-26T05:00:00+00:00,1010.5,1047,1010.5,1046.5,25
2025-09-26T06:00:00+00:00,1011,1028.5,1009,1028.5,42
2025-09-26T07:00:00+00:00,1030,1046.5,1009.5,1028.5,28
2025-09-26T08:00:00+00:00,1029,1047.5,1009,1012.5,33
2025-09-26T09:00:00+00:00,1048,1048,1012,1048,0
2025-09-26T10:00:00+00:00,1046.5,1046.5,1010.5,1046.5,97
2025-09-26T11:00:00+00:00,1047,1047,1011,1030.5,0
2025-09-26T12:00:00+00:00,1047.5,1047.5,1011.5,1012,26
2025-09-26T13:00:00+00:00,1012,1048,1011,1030.5,0
2025-09-26T14:00:00+00:00,1047,1049.5,1012,1015,59
2025-09-26T15:00:00+00:00,1015.5,1049,1013,1032,0
2025-09-26T16:00:00+00:00,1013.5,1014,1013.5,1014,60
2025-09-26T17:00:00+00:00,1012,1048.5,1012,1048,0
2025-09-26T18:00:00+00:00,1012,1049,1012,1014,134
2025-09-29T00:00:00+00:00,1030,1048,1012,1012,3
2025-09-29T01:00:00+00:00,1030,1046.5,1030,1046.5,0
2025-09-29T02:00:00+00:00,1045.5,1045.5,1030,1030,3
2025-09-29T04:00:00+00:00,1046,1046,1030,1030,3
2025-09-29T06:00:00+00:00,1045.5,1046,1009.5,1010,12
2025-09-29T07:00:00+00:00,1045.5,1045.5,1010,1010,0
2025-09-29T08:00:00+00:00,1029.5,1046,1010,1046,23
2025-09-29T09:00:00+00:00,1010,1010,1010,1010,0
2025-09-29T10:00:00+00:00,1029,1029,1029,1029,17
2025-09-29T11:00:00+00:00,1029.5,1029.5,1029.5,1029.5,8
2025-09-29T12:00:00+00:00,1010,1044.5,1009,1009,0
2025-09-29T13:00:00+00:00,1044,1045.5,1006.5,1026,23
2025-09-29T14:00:00+00:00,1007,1045.5,1007,1008,17
2025-09-29T15:00:00+00:00,1008.5,1030,1008.5,1030,0
2025-09-29T16:00:00+00:00,1010,1028.5,1010,1011,34
2025-09-29T17:00:00+00:00,1011,1011,1011,1011,1
2025-09-29T18:00:00+00:00,1010,1045,1009.5,1029,0
2025-09-30T00:00:00+00:00,1008,1043.5,1007.5,1007.5,0
2025-09-30T01:00:00+00:00,1042,1042,1007,1007,3
2025-09-30T02:00:00+00:00,1026,1026,1007,1007,10
2025-09-30T03:00:00+00:00,1041.5,1041.5,1007,1007,1
2025-09-30T04:00:00+00:00,1026,1026,1026,1026,0
2025-09-30T05:00:00+00:00,1007,1025.5,1006,1007,40
2025-09-30T06:00:00+00:00,1025,1025,1025,1025,0
2025-09-30T07:00:00+00:00,1007,1041,1006,1025.5,2
2025-09-30T08:00:00+00:00,1006,1007,1006,1007,33
2025-09-30T11:00:00+00:00,1007,1041.5,1007,1041.5,0
2025-09-30T12:00:00+00:00,1007.5,1042,1007.5,1042,4
2025-09-30T13:00:00+00:00,1041.5,1041.5,1005,1006,54
2025-09-30T14:00:00+00:00,1005.5,1038,1003,1003,27
2025-09-30T15:00:00+00:00,1002.5,1023,1002.5,1023,0
2025-09-30T16:00:00+00:00,1038.5,1042.5,1001,1002.5,166
2025-09-30T17:00:00+00:00,1038,1038,1001,1001.5,12
2025-09-30T18:00:00+00:00,1001,1035.5,1000.5,1034.5,0
2025-10-01T00:00:00+00:00,1019,1033,996,1030,0
2025-10-01T01:00:00+00:00,995,1014,995,1014,14
2025-10-01T02:00:00+00:00,995,995.5,995,995.5,19
2025-10-01T03:00:00+00:00,994.5,994.5,994.5,994.5,2
2025-10-01T04:00:00+00:00,994.5,995,994.5,994.5,5
2025-10-01T05:00:00+00:00,995,1013.5,994,994,5
2025-10-01T06:00:00+00:00,995,995,995,995,1
2025-10-01T07:00:00+00:00,995.5,1031,995,995,13
2025-10-01T08:00:00+00:00,1030,1030,1030,1030,0
2025-10-01T10:00:00+00:00,996.5,996.5,996.5,996.5,63
2025-10-01T11:00:00+00:00,997,1031,996,996,18
2025-10-01T12:00:00+00:00,996.5,1031,996.5,996.5,18
2025-10-01T13:00:00+00:00,1014,1032.5,996,1016.5,0
2025-10-01T14:00:00+00:00,998,1033.5,997.5,1032,0
2025-10-01T15:00:00+00:00,1032,1032,996.5,1031.5,10
2025-10-01T16:00:00+00:00,1032.5,1032.5,999,1017.5,38
2025-10-01T17:00:00+00:00,1017.5,1049.5,998.5,1016,371
2025-10-01T18:00:00+00:00,1034,1053,1011,1014.5,111
2025-10-02T00:00:00+00:00,1018,1046,1010,1043,0
2025-10-02T01:00:00+00:00,1009.5,1009.5,1009.5,1009.5,0
2025-10-02T02:00:00+00:00,1010.5,1044.5,1010.5,1029,12
2025-10-02T03:00:00+00:00,1030,1045.5,1011.5,1011.5,0
2025-10-02T04:00:00+00:00,1030,1030,1030,1030,22
2025-10-02T05:00:00+00:00,1012,1012,1011,1011,0
2025-10-02T06:00:00+00:00,1045.5,1045.5,1012.5,1012.5,1
2025-10-02T07:00:00+00:00,1046,1047,1030,1045.5,43
2025-10-02T08:00:00+00:00,1012,1031.5,1012,1031,0
2025-10-02T09:00:00+00:00,1047,1047,1046,1046,28
2025-10-02T10:00:00+00:00,1032,1032,1032,1032,0
2025-10-02T11:00:00+00:00,1013,1047.5,1009,1010.5,0
2025-10-02T12:00:00+00:00,1044,1044.5,1010,1029.5,92
2025-10-02T13:00:00+00:00,1012,1046.5,1012,1013,0
2025-10-02T14:00:00+00:00,1045,1051,1014,1018.5,71
2025-10-02T15:00:00+00:00,1018,1050,1016,1016,21
2025-10-02T16:00:00+00:00,1016,1051.5,1016,1018.5,21
2025-10-02T17:00:00+00:00,1037.5,1058,1019.5,1057.5,54
2025-10-02T18:00:00+00:00,1024.5,1042,1022,1022,28
2025-10-03T00:00:00+00:00,1020,1022.5,1017.5,1022.5,0
2025-10-03T01:00:00+00:00,1040,1053.5,1022.5,1053.5,0
2025-10-03T02:00:00+00:00,1054,1054,1054,1054,2
2025-10-03T03:00:00+00:00,1022,1022,1022,1022,10
2025-10-03T04:00:00+00:00,1021.5,1039.5,1021.5,1022.5,6
2025-10-03T05:00:00+00:00,1021.5,1021.5,1021.5,1021.5,12
2025-10-03T06:00:00+00:00,1022.5,1055,1022.5,1055,0
2025-10-03T07:00:00+00:00,1023,1055.5,1023,1023.5,23
2025-10-03T08:00:00+00:00,1023.5,1055.5,1022,1023.5,17
2025-10-03T09:00:00+00:00,1056,1056,1022,1054,0
2025-10-03T10:00:00+00:00,1021.5,1054.5,1021,1054.5,4
2025-10-03T11:00:00+00:00,1023,1057,1023,1026,70
2025-10-03T12:00:00+00:00,1057.5,1057.5,1024,1024,3
2025-10-03T13:00:00+00:00,1023,1056,1019,1023.5,53
2025-10-03T14:00:00+00:00,1024,1057,1021,1025,24
2025-10-03T15:00:00+00:00,1025.5,1061,1025.5,1045,0
2025-10-03T16:00:00+00:00,1025.5,1045.5,1025.5,1045.5,5
2025-10-03T17:00:00+00:00,1043.5,1058,1021,1021,190
2025-10-03T18:00:00+00:00,1022.5,1056,1016.5,1018,27
2025-10-06T01:00:00+00:00,1018,1018,1018,1018,0
2025-10-06T02:00:00+00:00,1037,1037,1036,1036,0
2025-10-06T06:00:00+00:00,1037,1037,1018,1037,16
2025-10-06T07:00:00+00:00,1036.5,1036.5,1017.5,1017.5,12
2025-10-06T08:00:00+00:00,1017,1053,1016.5,1053,0
2025-10-06T09:00:00+00:00,1054,1054,1039,1039,0
2025-10-06T11:00:00+00:00,1020.5,1039,1020.5,1020.5,53
2025-10-06T12:00:00+00:00,1039.5,1054.5,1020,1054.5,0
2025-10-06T13:00:00+00:00,1053.5,1055,1019,1055,10
2025-10-06T14:00:00+00:00,1055,1055,1016.5,1016.5,116
2025-10-06T15:00:00+00:00,1035.5,1052,1015.5,1018.5,65
2025-10-06T16:00:00+00:00,1018,1052.5,1017.5,1017.5,18
2025-10-06T17:00:00+00:00,1051,1052.5,1018,1036,0
2025-10-06T18:00:00+00:00,1051.5,1051.5,1018,1018,140
2025-10-07T06:00:00+00:00,1019,1019,1019,1019,0
2025-10-07T09:00:00+00:00,1020,1020,1020,1020,31
2025-10-07T11:00:00+00:00,1021,1021.5,1021,1021,24
2025-10-07T12:00:00+00:00,1021,1021,1020,1020.5,12
2025-10-07T13:00:00+00:00,1021,1025,1021,1022,36
2025-10-07T14:00:00+00:00,1023,1023.5,1021.5,1022,23
2025-10-07T15:00:00+00:00,1021,1022,1019.5,1019.5,19
2025-10-07T16:00:00+00:00,1019.5,1024,1019.5,1023,52
2025-10-07T17:00:00+00:00,1022.5,1023,1022,1022,6
2025-10-07T18:00:00+00:00,1021.5,1022,1021.5,1022,9
2025-10-08T00:00:00+00:00,1021,1021.5,1021,1021.5,0
2025-10-08T02:00:00+00:00,1020.5,1020.5,1020.5,1020.5,1
2025-10-08T07:00:00+00:00,1038,1038,1038,1038,0
2025-10-08T08:00:00+00:00,1021,1021,1021,1021,22
2025-10-08T09:00:00+00:00,1039.5,1039.5,1023.5,1023.5,1
2025-10-08T10:00:00+00:00,1024,1024,1024,1024,2
2025-10-08T11:00:00+00:00,1024.5,1042,1024,1042,19
2025-10-08T12:00:00+00:00,1026,1041.5,1024.5,1040.5,17
2025-10-08T13:00:00+00:00,1025,1043.5,1025,1028.5,46
2025-10-08T14:00:00+00:00,1043,1043,1025.5,1025.5,46
2025-10-08T15:00:00+00:00,1041,1042,1025,1029,28
2025-10-08T16:00:00+00:00,1043,1043.5,1028.5,1028.5,9
2025-10-08T17:00:00+00:00,1027.5,1043.5,1027.5,1028.5,5
2025-10-08T18:00:00+00:00,1028,1045,1028,1029,23
2025-10-09T00:00:00+00:00,1037,1044,1029,1043.5,0
2025-10-09T01:00:00+00:00,1043,1043,1025.5,1025.5,77
2025-10-09T02:00:00+00:00,1040.5,1041,1026.5,1041,36
2025-10-09T03:00:00+00:00,1026.5,1040.5,1026.5,1026.5,0
2025-10-09T04:00:00+00:00,1041.5,1041.5,1027.5,1027.5,1
2025-10-09T05:00:00+00:00,1027,1027,1027,1027,1
2025-10-09T07:00:00+00:00,1027.5,1027.5,1027,1027,9
2025-10-09T08:00:00+00:00,1026,1041,1026,1026,16
2025-10-09T09:00:00+00:00,1025.5,1025.5,1025.5,1025.5,11
2025-10-09T10:00:00+00:00,1040.5,1040.5,1025,1025,16
2025-10-09T11:00:00+00:00,1039.5,1039.5,1023.5,1024.5,17
2025-10-09T12:00:00+00:00,1025,1025,1023.5,1023.5,4
2025-10-09T13:00:00+00:00,1024.5,1039,1021,1023.5,38
2025-10-09T14:00:00+00:00,1039.5,1043,1024,1043,0
2025-10-09T15:00:00+00:00,1027,1043,1025,1026,94
2025-10-09T16:00:00+00:00,1027,1043,1022.5,1022.5,41
2025-10-09T17:00:00+00:00,1022,1041,1021,1023.5,51
2025-10-09T18:00:00+00:00,1023,1039.5,1021,1021.5,19
2025-10-10T00:00:00+00:00,1021,1024,1020.5,1022.5,0
2025-10-10T01:00:00+00:00,1023,1039.5,1023,1023.5,18
2025-10-10T02:00:00+00:00,1023,1039.5,1023,1039.5,0
2025-10-10T03:00:00+00:00,1022.5,1022.5,1022.5,1022.5,28
2025-10-10T05:00:00+00:00,1038,1038,1038,1038,4
2025-10-10T06:00:00+00:00,1039,1039,1022.5,1039,3
2025-10-10T07:00:00+00:00,1037.5,1037.5,1017,1033,49
2025-10-10T08:00:00+00:00,1017,1033.5,1017,1033.5,5
2025-10-10T09:00:00+00:00,1032.5,1032.5,1016,1032,19
2025-10-10T10:00:00+00:00,1030.5,1031,1014,1014,7
2025-10-10T11:00:00+00:00,1014,1014,1011.5,1012,16
2025-10-10T12:00:00+00:00,1012,1030.5,1012,1030,0
2025-10-10T13:00:00+00:00,1014,1030.5,1012,1013,55
2025-10-10T14:00:00+00:00,1027.5,1031,1008.5,1008.5,119
2025-10-10T15:00:00+00:00,1009,1023,1002.5,1020,0
2025-10-10T16:00:00+00:00,1020,1024,1003.5,1005,284
2025-10-10T17:00:00+00:00,1005.5,1022.5,1004.5,1021.5,0
2025-10-10T18:00:00+00:00,1004.5,1023.5,1004.5,1006.5,290
2025-10-13T03:00:00+00:00,1007,1007,1007,1007,0
2025-10-13T04:00:00+00:00,1023.5,1026.5,1023.5,1026.5,0
2025-10-13T05:00:00+00:00,1025.5,1025.5,1009,1009,47
2025-10-13T07:00:00+00:00,1026.5,1026.5,1026.5,1026.5,0
2025-10-13T08:00:00+00:00,1026.5,1026.5,1008,1009,19
2025-10-13T09:00:00+00:00,1009,1026.5,1009,1009.5,21
2025-10-13T10:00:00+00:00,1008,1008.5,1008,1008.5,5
2025-10-13T11:00:00+00:00,1008.5,1026,1007.5,1008,31
2025-10-13T12:00:00+00:00,1008,1025.5,1008,1025.5,0
2025-10-13T13:00:00+00:00,1009,1030,1008.5,1012,118
2025-10-13T14:00:00+00:00,1011,1028,1008.5,1008.5,17
2025-10-13T15:00:00+00:00,1008,1025.5,1006.5,1007,17
2025-10-13T16:00:00+00:00,1023,1025,1006,1006,18
2025-10-13T17:00:00+00:00,1025.5,1027,1008,1008,13
2025-10-13T18:00:00+00:00,1007.5,1026,1007.5,1026,0
2025-10-14T00:00:00+00:00,1009,1009.5,1009,1009.5,0
2025-10-14T01:00:00+00:00,1026.5,1027,1007,1007.5,29
2025-10-14T02:00:00+00:00,1008,1026,1006.5,1008,22
2025-10-14T03:00:00+00:00,1007.5,1025,1006.5,1006.5,16
2025-10-14T04:00:00+00:00,1007.5,1023.5,1004.5,1005,38
2025-10-14T05:00:00+00:00,1004.5,1022,1003.5,1003.5,44
2025-10-14T06:00:00+00:00,1004.5,1004.5,1004,1004,5
2025-10-14T07:00:00+00:00,1021,1021,1002.5,1021,0
2025-10-14T08:00:00+00:00,1021.5,1021.5,1021.5,1021.5,12
2025-10-14T09:00:00+00:00,1021.5,1021.5,1021.5,1021.5,5
2025-10-14T10:00:00+00:00,1003,1003,1002.5,1002.5,62
2025-10-14T11:00:00+00:00,1003.5,1021,1003.5,1004,2
2025-10-14T12:00:00+00:00,1003.5,1003.5,1003.5,1003.5,7
2025-10-14T13:00:00+00:00,1003.5,1022,1002,1021.5,21
2025-10-14T14:00:00+00:00,1004.5,1022,1002.5,1003,38
2025-10-14T15:00:00+00:00,1002.5,1024,1001.5,1005,105
2025-10-14T16:00:00+00:00,1022.5,1023.5,1004,1022.5,0
2025-10-14T17:00:00+00:00,1005,1024.5,1005,1006,120
2025-10-14T18:00:00+00:00,1007,1025.5,1006,1006.5,15
2025-10-15T00:00:00+00:00,1005.5,1023.5,1004,1022,0
2025-10-15T01:00:00+00:00,1006.5,1025,1005.5,1025,16
2025-10-15T02:00:00+00:00,1026,1026,1026,1026,2
2025-10-15T04:00:00+00:00,1024.5,1025,1024.5,1025,2
2025-10-15T05:00:00+00:00,1007.5,1007.5,1007,1007,13
2025-10-15T06:00:00+00:00,1024,1024,1024,1024,0
2025-10-15T07:00:00+00:00,1024.5,1026.5,1006,1008,30
2025-10-15T08:00:00+00:00,1025.5,1040,1006.5,1040,6
2025-10-15T09:00:00+00:00,1024.5,1039.5,1003.5,1023,62
2025-10-15T10:00:00+00:00,1003.5,1038,1003.5,1037,0
2025-10-15T11:00:00+00:00,1037.5,1037.5,1004,1004.5,70
2025-10-15T12:00:00+00:00,1004.5,1038.5,1004,1004,0
2025-10-15T13:00:00+00:00,1005,1039.5,1004,1004.5,110
2025-10-15T14:00:00+00:00,1006,1043,1005.5,1024.5,0
2025-10-15T15:00:00+00:00,1041,1041.5,1007,1040.5,0
2025-10-15T16:00:00+00:00,1025.5,1044,1010,1028,72
2025-10-15T17:00:00+00:00,1027.5,1042,1007,1007,98
2025-10-15T18:00:00+00:00,1006,1040.5,1006,1040,0
2025-10-16T00:00:00+00:00,1005,1041.5,1004,1041.5,0
2025-10-16T01:00:00+00:00,1026.5,1027,1008,1008.5,6
2025-10-16T02:00:00+00:00,1008.5,1043,1008.5,1009,18
2025-10-16T03:00:00+00:00,1042.5,1042.5,1008.5,1008.5,1
2025-10-16T04:00:00+00:00,1009,1009,1009,1009,3
2025-10-16T05:00:00+00:00,1027,1027,1026,1026,0
2025-10-16T07:00:00+00:00,1043,1045,1010,1010,56
2025-10-16T08:00:00+00:00,1010,1043.5,1010,1043.5,0
2025-10-16T09:00:00+00:00,1027,1027,1026.5,1026.5,0
2025-10-16T10:00:00+00:00,1009.5,1009.5,1009.5,1009.5,27
2025-10-16T11:00:00+00:00,1028,1044.5,1010.5,1010.5,11
2025-10-16T12:00:00+00:00,1011,1029,1010,1028,0
2025-10-16T13:00:00+00:00,1010.5,1045.5,1010.5,1045.5,7
2025-10-16T14:00:00+00:00,1011,1051,1010.5,1034.5,17
2025-10-16T15:00:00+00:00,1034.5,1047,1012.5,1030.5,15
2025-10-16T16:00:00+00:00,1030,1047,1011,1046.5,13
2025-10-16T17:00:00+00:00,1012.5,1046,1012.5,1029,33
2025-10-16T18:00:00+00:00,1028.5,1044.5,1010.5,1011,0
2025-10-17T00:00:00+00:00,1010,1045,1010,1031.5,0
2025-10-17T01:00:00+00:00,1047,1047,1011.5,1011.5,36
2025-10-17T02:00:00+00:00,1011.5,1046.5,1011.5,1046.5,7
2025-10-17T03:00:00+00:00,1046.5,1046.5,1012.5,1012.5,12
2025-10-17T04:00:00+00:00,1013,1013,1013,1013,3
2025-10-17T05:00:00+00:00,1013,1031,1013,1030.5,0
2025-10-17T06:00:00+00:00,1046,1046,1011,1044,54
2025-10-17T07:00:00+00:00,1044,1044.5,1011.5,1012,1
2025-10-17T08:00:00+00:00,1030,1046.5,1012.5,1031.5,0
2025-10-17T09:00:00+00:00,1013,1031.5,1013,1031.5,10
2025-10-17T10:00:00+00:00,1014,1047,1013,1031,16
2025-10-17T11:00:00+00:00,1013.5,1047,1011,1032.5,33
2025-10-17T12:00:00+00:00,1032,1048.5,1015.5,1016,115
2025-10-17T13:00:00+00:00,1016,1051.5,1016,1035,0
2025-10-17T14:00:00+00:00,1016,1052,1015,1016.5,136
2025-10-17T15:00:00+00:00,1051,1051.5,1035.5,1036,0
2025-10-17T16:00:00+00:00,1017.5,1036,1017,1019,292
2025-10-17T17:00:00+00:00,1037,1052.5,1019,1051.5,0
2025-10-17T18:00:00+00:00,1037,1052,1020,1021.5,159
2025-10-20T02:00:00+00:00,1051,1051,1051,1051,0
2025-10-20T03:00:00+00:00,1019.5,1027,1019.5,1027,0
2025-10-20T04:00:00+00:00,1044.5,1044.5,1043.5,1044,107
2025-10-20T05:00:00+00:00,1044.5,1058,1044,1045,3
2025-10-20T06:00:00+00:00,1045,1045.5,1026.5,1045.5,12
2025-10-20T08:00:00+00:00,1046,1046.5,1029,1046.5,9
2025-10-20T09:00:00+00:00,1046.5,1046.5,1045.5,1045.5,4
2025-10-20T10:00:00+00:00,1045,1063,1028.5,1062.5,0
2025-10-20T11:00:00+00:00,1062,1062,1028.5,1060.5,82
2025-10-20T12:00:00+00:00,1045.5,1060,1027,1027.5,37
2025-10-20T13:00:00+00:00,1059.5,1060,1025,1043,60
2025-10-20T14:00:00+00:00,1057.5,1059.5,1026.5,1046,0
2025-10-20T15:00:00+00:00,1028,1060.5,1027,1046,89
2025-10-20T16:00:00+00:00,1027,1062,1027,1032,0
2025-10-20T17:00:00+00:00,1032.5,1064.5,1032.5,1050,94
2025-10-20T18:00:00+00:00,1050,1064,1031.5,1064,0
2025-10-21T00:00:00+00:00,1034,1065.5,1031.5,1035,0
2025-10-21T01:00:00+00:00,1053,1054,1035,1035,2
2025-10-21T02:00:00+00:00,1066.5,1066.5,1053,1053,11
2025-10-21T03:00:00+00:00,1053,1053,1035,1053,4
2025-10-21T04:00:00+00:00,1034.5,1066,1034.5,1034.5,0
2025-10-21T05:00:00+00:00,1066,1067,1053,1067,0
2025-10-21T06:00:00+00:00,1053.5,1053.5,1034,1034,94
2025-10-21T07:00:00+00:00,1066,1066.5,1034,1053.5,0
2025-10-21T08:00:00+00:00,1053.5,1054.5,1036,1054.5,11
2025-10-21T09:00:00+00:00,1055,1068.5,1036,1036,79
2025-10-21T10:00:00+00:00,1036,1067.5,1036,1054.5,0
2025-10-21T11:00:00+00:00,1055,1069,1037,1037,89
2025-10-21T12:00:00+00:00,1036,1067,1033.5,1033.5,34
2025-10-21T13:00:00+00:00,1051.5,1065,1028,1049,0
2025-10-21T14:00:00+00:00,1030,1065.5,1030,1065.5,0
2025-10-21T15:00:00+00:00,1064.5,1065,1030.5,1049.5,252
2025-10-21T16:00:00+00:00,1049.5,1064.5,1028.5,1060.5,0
2025-10-21T17:00:00+00:00,1061,1061,1028.5,1061,14
2025-10-21T18:00:00+00:00,1047.5,1062.5,1030,1030.5,216
2025-10-22T00:00:00+00:00,1046.5,1046.5,1028.5,1046.5,0
2025-10-22T01:00:00+00:00,1059.5,1059.5,1046,1046.5,16
2025-10-22T02:00:00+00:00,1028,1062.5,1028,1032,0
2025-10-22T03:00:00+00:00,1050.5,1050.5,1050.5,1050.5,44
2025-10-22T04:00:00+00:00,1063,1063,1031.5,1063,0
2025-10-22T05:00:00+00:00,1049.5,1050.5,1049.5,1050.5,24
2025-10-22T06:00:00+00:00,1050,1065,1033,1051.5,6
2025-10-22T07:00:00+00:00,1052,1063.5,1032,1032.5,0
2025-10-22T08:00:00+00:00,1033.5,1064.5,1033,1051,26
2025-10-22T09:00:00+00:00,1050.5,1063.5,1032,1050.5,16
2025-10-22T10:00:00+00:00,1064.5,1064.5,1033,1064.5,0
2025-10-22T11:00:00+00:00,1033,1052.5,1033,1052.5,37
2025-10-22T12:00:00+00:00,1052,1065.5,1034,1034,5
2025-10-22T13:00:00+00:00,1034,1064,1031.5,1049,13
2025-10-22T14:00:00+00:00,1031.5,1064.5,1031.5,1033,41
2025-10-22T15:00:00+00:00,1050.5,1066.5,1032.5,1035,78
2025-10-22T16:00:00+00:00,1051.5,1065,1030,1035,131
2025-10-22T17:00:00+00:00,1049.5,1062,1032,1032.5,65
2025-10-22T18:00:00+00:00,1033,1063.5,1033,1050,46
2025-10-23T00:00:00+00:00,1050,1051.5,1035.5,1035.5,0
2025-10-23T01:00:00+00:00,1051.5,1065.5,1036,1065.5,8
2025-10-23T02:00:00+00:00,1065.5,1065.5,1036.5,1052,38
2025-10-23T03:00:00+00:00,1053,1066.5,1036.5,1036.5,0
2025-10-23T04:00:00+00:00,1052.5,1052.5,1052.5,1052.5,32
2025-10-23T05:00:00+00:00,1052.5,1066,1052.5,1053.5,8
2025-10-23T06:00:00+00:00,1054,1067.5,1037.5,1067.5,0
2025-10-23T07:00:00+00:00,1054,1067,1037,1053.5,38
2025-10-23T08:00:00+00:00,1053.5,1054.5,1053.5,1054.5,6
2025-10-23T09:00:00+00:00,1067.5,1067.5,1038.5,1038.5,0
2025-10-23T10:00:00+00:00,1039,1069,1038.5,1039,78
2025-10-23T11:00:00+00:00,1038.5,1068,1038.5,1038.5,9
2025-10-23T12:00:00+00:00,1068.5,1068.5,1037.5,1054.5,0
2025-10-23T13:00:00+00:00,1067,1070,1037,1056.5,117
2025-10-23T14:00:00+00:00,1040,1070,1037,1039.5,27
2025-10-23T15:00:00+00:00,1039,1071,1039,1059,40
2025-10-23T16:00:00+00:00,1059,1073,1040.5,1060,30
2025-10-23T17:00:00+00:00,1060.5,1073.5,1041.5,1043,0
2025-10-23T18:00:00+00:00,1060.5,1074.5,1043.5,1061,78
2025-10-24T00:00:00+00:00,1038.5,1074,1038.5,1074,0
2025-10-24T01:00:00+00:00,1060.5,1075,1060.5,1074.5,15
2025-10-24T02:00:00+00:00,1075,1075,1061.5,1061.5,19
2025-10-24T03:00:00+00:00,1060.5,1074.5,1042,1074.5,0
2025-10-24T05:00:00+00:00,1060.5,1060.5,1060,1060,33
2025-10-24T06:00:00+00:00,1073,1073,1060,1060,6
2025-10-24T07:00:00+00:00,1059.5,1075,1059.5,1062,31
2025-10-24T08:00:00+00:00,1062,1062,1061,1061,12
2025-10-24T09:00:00+00:00,1060.5,1073,1060,1073,0
2025-10-24T10:00:00+00:00,1074,1074,1043.5,1043.5,0
2025-10-24T11:00:00+00:00,1043.5,1060.5,1043.5,1060.5,100
2025-10-24T12:00:00+00:00,1061,1074,1060.5,1074,0
2025-10-24T13:00:00+00:00,1060.5,1074,1041.5,1061.5,169
2025-10-24T14:00:00+00:00,1044,1075.5,1042,1075,0
2025-10-24T15:00:00+00:00,1075,1075,1042.5,1061,168
2025-10-24T16:00:00+00:00,1073.5,1074.5,1041.5,1073.5,0
2025-10-24T17:00:00+00:00,1073.5,1074,1041.5,1060,148
2025-10-24T18:00:00+00:00,1073,1073.5,1041.5,1041.75,0
2025-10-27T04:00:00+00:00,1088,1089,1076,1088.5,98
2025-10-27T05:00:00+00:00,1088.5,1089.5,1077,1089.5,7
2025-10-27T06:00:00+00:00,1078,1089,1076.5,1076.5,157
2025-10-27T07:00:00+00:00,1077,1089.5,1076.5,1077,91
2025-10-27T08:00:00+00:00,1089,1089,1075,1089,0
2025-10-27T09:00:00+00:00,1089,1089,1077,1088.5,12
2025-10-27T10:00:00+00:00,1076,1090,1076,1089.5,266
2025-10-27T11:00:00+00:00,1090,1094,1079,1094,0
2025-10-27T12:00:00+00:00,1083,1094.5,1081.5,1081.5,328
2025-10-27T13:00:00+00:00,1091.5,1093.5,1079,1082,91
2025-10-27T14:00:00+00:00,1082.5,1094,1081,1083,104
2025-10-27T15:00:00+00:00,1083.5,1102,1083.5,1086,103
2025-10-27T16:00:00+00:00,1096.5,1100,1085,1098,0
2025-10-27T17:00:00+00:00,1088,1099.5,1086,1086,579
2025-10-27T18:00:00+00:00,1085.5,1096.5,1084,1095,0
2025-10-28T00:00:00+00:00,1095,1095,1082,1086.5,0
2025-10-28T01:00:00+00:00,1087.5,1100,1087.5,1090.5,48
2025-10-28T02:00:00+00:00,1090,1101.5,1089.5,1091,12
2025-10-28T03:00:00+00:00,1091,1101.5,1090.5,1091,29
2025-10-28T04:00:00+00:00,1091,1092,1091,1092,6
2025-10-28T05:00:00+00:00,1092,1104.5,1090.5,1104.5,37
2025-10-28T06:00:00+00:00,1105,1108,1095,1097,116
2025-10-28T07:00:00+00:00,1107.5,1108,1096,1107.5,0
2025-10-28T08:00:00+00:00,1108.5,1109,1096.5,1109,20
2025-10-28T09:00:00+00:00,1109,1109,1095,1095.5,173
2025-10-28T10:00:00+00:00,1097,1107.5,1095,1095,17
2025-10-28T11:00:00+00:00,1106,1107,1093.5,1094.5,45
2025-10-28T12:00:00+00:00,1106.5,1107,1095,1106.5,0
2025-10-28T13:00:00+00:00,1106.5,1109.5,1094,1108.5,10
2025-10-28T14:00:00+00:00,1098,1114,1097.5,1103.5,244
2025-10-28T15:00:00+00:00,1103,1118,1102.5,1106,120
2025-10-28T16:00:00+00:00,1106.5,1115,1094.5,1095.5,249
2025-10-28T17:00:00+00:00,1097,1107.5,1089,1092,169
2025-10-28T18:00:00+00:00,1094,1107,1093.5,1105.5,0
2025-10-29T00:00:00+00:00,1091,1103,1089.5,1089.5,0
2025-10-29T01:00:00+00:00,1089.5,1101,1088,1090,36
2025-10-29T02:00:00+00:00,1090,1090,1089,1090,17
2025-10-29T04:00:00+00:00,1090,1102,1089,1101.5,0
2025-10-29T05:00:00+00:00,1089,1099.5,1087,1088.5,124
2025-10-29T06:00:00+00:00,1088.5,1102,1088.5,1102,0
2025-10-29T07:00:00+00:00,1090,1102,1089.5,1101.5,18
2025-10-29T08:00:00+00:00,1088.5,1088.5,1087,1087,140
2025-10-29T09:00:00+00:00,1087,1104,1087,1092,23
2025-10-29T10:00:00+00:00,1092,1101.5,1088.5,1089,10
2025-10-29T11:00:00+00:00,1090,1103.5,1089,1102.5,0
2025-10-29T12:00:00+00:00,1102.5,1103,1085.5,1086,186
2025-10-29T13:00:00+00:00,1085.5,1104.5,1085.5,1091.5,197
2025-10-29T14:00:00+00:00,1091.5,1106.5,1090.5,1091.5,205
2025-10-29T15:00:00+00:00,1091,1108,1091,1095.5,131
2025-10-29T16:00:00+00:00,1096,1108,1093.5,1093.5,89
2025-10-29T17:00:00+00:00,1094.5,1108,1092,1092,95
2025-10-29T18:00:00+00:00,1092,1105,1091,1093.5,56
2025-10-30T00:00:00+00:00,1103.5,1109.5,1093,1099,0
2025-10-30T01:00:00+00:00,1109.5,1109.5,1097,1107,43
2025-10-30T02:00:00+00:00,1109,1113.5,1098,1100,114
2025-10-30T03:00:00+00:00,1110,1114,1100,1100,0
2025-10-30T04:00:00+00:00,1108.5,1113,1071.5,1076,1402
2025-10-30T05:00:00+00:00,1076.5,1094,1076,1091,0
2025-10-30T06:00:00+00:00,1080.5,1093.5,1079.5,1083,984
2025-10-30T07:00:00+00:00,1093.5,1095.5,1080,1090.5,0
2025-10-30T08:00:00+00:00,1080,1094.5,1078,1082,1008
2025-10-30T09:00:00+00:00,1093.5,1093.5,1074,1076,27
2025-10-30T10:00:00+00:00,1087,1087.5,1074.5,1076,13
2025-10-30T11:00:00+00:00,1077,1116,1076.5,1101,965
2025-10-30T12:00:00+00:00,1101.5,1121.5,1100.5,1109,290
2025-10-30T13:00:00+00:00,1108,1117,1094.5,1103.5,0
2025-10-30T14:00:00+00:00,1104,1109,1091.5,1108,107
2025-10-30T15:00:00+00:00,1100,1114,1098.5,1113,117
2025-10-30T16:00:00+00:00,1106,1115,1104.5,1108,2406
2025-10-30T17:00:00+00:00,1107.5,1119,1106.5,1107,101
2025-10-30T18:00:00+00:00,1115.5,1115.5,1105,1106,44
2025-10-31T00:00:00+00:00,1107,1107,1106,1107,0
2025-10-31T01:00:00+00:00,1105,1115.5,1105,1110,16
2025-10-31T02:00:00+00:00,1109.5,1112,1109,1112,38
2025-10-31T03:00:00+00:00,1119.5,1119.5,1111,1111,13
2025-10-31T04:00:00+00:00,1111.5,1111.5,1111.5,1111.5,6
2025-10-31T05:00:00+00:00,1111,1117.5,1109,1109,12
2025-10-31T06:00:00+00:00,1110,1118,1109.5,1109.5,8
2025-10-31T07:00:00+00:00,1107.5,1117.5,1107.5,1110.5,11
2025-10-31T08:00:00+00:00,1117,1117,1108.5,1117,0
2025-10-31T09:00:00+00:00,1107.5,1114.5,1106,1114.5,2
2025-10-31T10:00:00+00:00,1106,1106,1106,1106,97
2025-10-31T11:00:00+00:00,1106,1110.5,1101.5,1101.5,25
2025-10-31T12:00:00+00:00,1110.5,1112,1102.5,1112,0
2025-10-31T13:00:00+00:00,1112,1117.5,1103.5,1109.5,249
2025-10-31T14:00:00+00:00,1109,1119.5,1103,1104,250
2025-10-31T15:00:00+00:00,1104,1118,1103.5,1108,178
2025-10-31T16:00:00+00:00,1110,1120.5,1107.5,1112,166
2025-10-31T17:00:00+00:00,1113,1122,1110,1113,124
2025-10-31T18:00:00+00:00,1112.5,1124,1111.5,1124,0
2025-11-03T01:00:00+00:00,1113,1133,1113,1124,82
2025-11-03T02:00:00+00:00,1124,1135,1123.5,1126.5,55
2025-11-03T03:00:00+00:00,1126,1132.5,1125.5,1126,44
2025-11-03T04:00:00+00:00,1133.5,1134,1126,1134,0
2025-11-03T05:00:00+00:00,1134.5,1134.5,1125.5,1126.5,124
2025-11-03T06:00:00+00:00,1125.5,1132.5,1122,1129,0
2025-11-03T07:00:00+00:00,1123,1130,1122.5,1129,3
2025-11-03T08:00:00+00:00,1128,1128,1120.5,1128,3
2025-11-03T09:00:00+00:00,1121,1121.5,1120.5,1121,135
2025-11-03T10:00:00+00:00,1123,1130,1121.5,1128.5,0
2025-11-03T11:00:00+00:00,1128.5,1128.5,1119.5,1120,149
2025-11-03T12:00:00+00:00,1119.5,1127.5,1119.5,1126,0
2025-11-03T13:00:00+00:00,1119.5,1127,1119,1126.5,2
2025-11-03T14:00:00+00:00,1119.5,1131,1117,1128.5,59
2025-11-03T15:00:00+00:00,1121.5,1131.5,1115,1130,83
2025-11-03T16:00:00+00:00,1122.5,1134,1122,1126.5,327
2025-11-03T17:00:00+00:00,1134,1138.5,1127,1132.5,131
2025-11-03T18:00:00+00:00,1132.5,1140.5,1132,1134,73
2025-11-03T19:00:00+00:00,1133.5,1141,1132,1134.5,40
2025-11-04T01:00:00+00:00,1130.5,1146,1130.5,1134.5,0
2025-11-04T02:00:00+00:00,1139.5,1139.5,1132,1132.5,81
2025-11-04T03:00:00+00:00,1138,1138,1129.5,1130.5,28
2025-11-04T04:00:00+00:00,1131,1137,1131,1137,0
2025-11-04T05:00:00+00:00,1131,1136.5,1128,1128,178
2025-11-04T06:00:00+00:00,1126.5,1132.5,1124.5,1125,67
2025-11-04T07:00:00+00:00,1125.5,1127.5,1125,1127.5,19
2025-11-04T08:00:00+00:00,1133,1134,1126.5,1129,34
2025-11-04T10:00:00+00:00,1128,1133,1127.5,1132.5,0
2025-11-04T11:00:00+00:00,1132,1133,1123.5,1127.5,47
2025-11-04T12:00:00+00:00,1122,1127.5,1122,1122,210
2025-11-04T13:00:00+00:00,1120,1124.5,1116.5,1116.5,47
2025-11-04T14:00:00+00:00,1116.5,1127,1116,1126,0
2025-11-04T15:00:00+00:00,1126,1126,1113,1116,625
2025-11-04T16:00:00+00:00,1116.5,1124,1112.5,1117,160
2025-11-04T17:00:00+00:00,1117.5,1125.5,1117.5,1117.5,0
2025-11-04T18:00:00+00:00,1117.5,1126.5,1115.5,1120,743
2025-11-04T19:00:00+00:00,1121,1127.5,1120,1121,26
2025-11-05T01:00:00+00:00,1119,1126.5,1117,1119.5,0
2025-11-05T02:00:00+00:00,1126,1127.5,1120.5,1120.5,7
2025-11-05T03:00:00+00:00,1129,1135.5,1122.5,1128.5,51
2025-11-05T04:00:00+00:00,1136,1136.5,1127,1128,65
2025-11-05T05:00:00+00:00,1127.5,1135,1127.5,1128,18
2025-11-05T06:00:00+00:00,1135,1135,1128,1134.5,6
2025-11-05T07:00:00+00:00,1135,1137,1129,1131.5,61
2025-11-05T08:00:00+00:00,1131,1146,1130.5,1131,21
2025-11-05T09:00:00+00:00,1144.5,1147,1132,1132.5,16
2025-11-05T10:00:00+00:00,1133,1147.5,1131,1145.5,35
2025-11-05T11:00:00+00:00,1136.5,1145.5,1128,1128,64
2025-11-05T12:00:00+00:00,1127.5,1144.5,1127,1144,18
2025-11-05T13:00:00+00:00,1126,1141,1123.5,1125,19
2025-11-05T14:00:00+00:00,1139.5,1143,1124,1127.5,61
2025-11-05T15:00:00+00:00,1142.5,1147.5,1126,1132,178
2025-11-05T16:00:00+00:00,1139,1147.5,1129.5,1147,0
2025-11-05T17:00:00+00:00,1132,1150,1130,1138,63
2025-11-05T18:00:00+00:00,1130,1149,1129,1141,12
2025-11-05T19:00:00+00:00,1133.5,1152.5,1133.5,1134.5,316
2025-11-06T01:00:00+00:00,1132,1148,1122.5,1141.5,0
2025-11-06T02:00:00+00:00,1141,1141.5,1122.5,1131.5,0
2025-11-06T03:00:00+00:00,1141.5,1142.5,1122.5,1123,86
2025-11-06T04:00:00+00:00,1123,1143,1122.5,1142.5,41
2025-11-06T05:00:00+00:00,1142,1142,1123,1142,20
2025-11-06T06:00:00+00:00,1143.5,1143.5,1123.5,1124.5,22
2025-11-06T07:00:00+00:00,1124.5,1140,1119.5,1121.5,60
2025-11-06T08:00:00+00:00,1122,1143.5,1122,1124.5,23
2025-11-06T09:00:00+00:00,1132.5,1143,1124,1142,0
2025-11-06T10:00:00+00:00,1142.5,1142.5,1123,1123.5,94
2025-11-06T11:00:00+00:00,1143.5,1145,1124,1144,0
2025-11-06T12:00:00+00:00,1124.5,1144.5,1122.5,1144,18
2025-11-06T13:00:00+00:00,1125,1144,1122.5,1123,233
2025-11-06T14:00:00+00:00,1122.5,1143,1118,1119.5,169
2025-11-06T15:00:00+00:00,1119.5,1139,1109,1119.5,0
2025-11-06T16:00:00+00:00,1119.5,1129,1104,1107.5,1041
2025-11-06T17:00:00+00:00,1107,1129.5,1107,1109,125
2025-11-06T18:00:00+00:00,1130,1132,1107,1108,126
2025-11-06T19:00:00+00:00,1107.5,1129.5,1106.5,1108,44
2025-11-07T01:00:00+00:00,1118,1134,1108.5,1113,0
2025-11-07T02:00:00+00:00,1122.5,1132.5,1112,1112.5,18
2025-11-07T03:00:00+00:00,1133.5,1134.5,1111.5,1111.5,41
2025-11-07T04:00:00+00:00,1111.5,1133,1111.5,1113,10
2025-11-07T05:00:00+00:00,1113,1114,1113,1113,5
2025-11-07T06:00:00+00:00,1124,1135,1114.5,1114.5,21
2025-11-07T07:00:00+00:00,1114,1124,1113,1113,32
2025-11-07T08:00:00+00:00,1112.5,1131.5,1112,1131.5,0
2025-11-07T09:00:00+00:00,1131.5,1132.5,1112.5,1112.5,68
2025-11-07T10:00:00+00:00,1122,1131.5,1110.5,1110.5,6
2025-11-07T11:00:00+00:00,1110.5,1130.5,1110.5,1113,20
2025-11-07T12:00:00+00:00,1115,1133.5,1112.5,1122.5,0
2025-11-07T13:00:00+00:00,1121.5,1132,1113,1122.5,49
2025-11-07T14:00:00+00:00,1122,1136,1114,1134.5,84
2025-11-07T15:00:00+00:00,1134.5,1136,1114,1114.5,448
2025-11-07T16:00:00+00:00,1123,1136.5,1112.5,1136,0
2025-11-07T17:00:00+00:00,1116.5,1135.5,1113.5,1134,35
2025-11-07T18:00:00+00:00,1115.5,1136,1114.5,1117,387
2025-11-07T19:00:00+00:00,1116.5,1136.5,1116.5,1135.5,0
2025-11-10T01:00:00+00:00,1120,1122,1119,1121.5,38
2025-11-10T02:00:00+00:00,1122.5,1140,1122,1140,21
2025-11-10T03:00:00+00:00,1122,1122,1121,1122,4
2025-11-10T04:00:00+00:00,1122,1122,1121.5,1121.5,2
2025-11-10T05:00:00+00:00,1140,1140,1122.5,1131,0
2025-11-10T06:00:00+00:00,1140.5,1140.5,1140.5,1140.5,0
2025-11-10T07:00:00+00:00,1124.5,1142.5,1124.5,1134,12
2025-11-10T08:00:00+00:00,1126.5,1144,1126,1144,11
2025-11-10T09:00:00+00:00,1127,1127,1126,1126,59
2025-11-10T10:00:00+00:00,1125.5,1140,1122,1130,0
2025-11-10T11:00:00+00:00,1122.5,1131,1122.5,1123,93
2025-11-10T12:00:00+00:00,1123.5,1142,1123,1123,74
2025-11-10T13:00:00+00:00,1139.5,1140,1123,1124.5,42
2025-11-10T14:00:00+00:00,1123.5,1143.5,1122.5,1131,15
2025-11-10T15:00:00+00:00,1122.5,1145,1122.5,1145,40
2025-11-10T16:00:00+00:00,1145,1147.5,1123,1128,421
2025-11-10T17:00:00+00:00,1128,1148,1125.5,1148,0
2025-11-10T18:00:00+00:00,1138,1150.5,1127,1138,143
2025-11-10T19:00:00+00:00,1148,1149.5,1127.5,1127.5,325
2025-11-11T01:00:00+00:00,1131.5,1148,1125.5,1125.5,0
2025-11-11T02:00:00+00:00,1127.5,1137,1127,1127,19
2025-11-11T03:00:00+00:00,1137,1147.5,1137,1138.5,0
2025-11-11T04:00:00+00:00,1128,1128.5,1128,1128.5,16
2025-11-11T05:00:00+00:00,1129,1148,1128,1137.5,0
2025-11-11T06:00:00+00:00,1147.5,1147.5,1147.5,1147.5,0
2025-11-11T07:00:00+00:00,1128,1138,1128,1128,32
2025-11-11T08:00:00+00:00,1128.5,1137.5,1126,1127.5,64
2025-11-11T09:00:00+00:00,1128.5,1149.5,1128.5,1138.5,0
2025-11-11T10:00:00+00:00,1137.5,1149,1126,1135.5,20
2025-11-11T11:00:00+00:00,1126.5,1136,1126,1126.5,47
2025-11-11T12:00:00+00:00,1136,1145.5,1122,1123,53
2025-11-11T13:00:00+00:00,1123,1144,1123,1143.5,0
2025-11-11T14:00:00+00:00,1123,1147.5,1119,1147,165
2025-11-11T15:00:00+00:00,1126.5,1149,1126,1128.5,468
2025-11-11T16:00:00+00:00,1149,1149,1127,1138,0
2025-11-11T17:00:00+00:00,1138,1151.5,1127.5,1139.5,388
2025-11-11T18:00:00+00:00,1140,1151,1127.5,1150,0
2025-11-11T19:00:00+00:00,1128,1150,1126,1126,452
2025-11-12T01:00:00+00:00,1124,1152,1122,1142,0
2025-11-12T02:00:00+00:00,1152,1153.5,1131.5,1143,14
2025-11-12T03:00:00+00:00,1133,1144,1132,1132,61
2025-11-12T04:00:00+00:00,1132,1153.5,1131.5,1133,10
2025-11-12T05:00:00+00:00,1143,1143,1132,1132,3
2025-11-12T06:00:00+00:00,1142.5,1153.5,1132.5,1132.5,30
2025-11-12T07:00:00+00:00,1143,1153.5,1132,1142.5,0
2025-11-12T08:00:00+00:00,1134,1154.5,1133,1133.5,62
2025-11-12T09:00:00+00:00,1133,1153.5,1132,1132,29
2025-11-12T10:00:00+00:00,1132.5,1132.5,1132.5,1132.5,1
2025-11-12T11:00:00+00:00,1132,1151.5,1130,1130,40
2025-11-12T12:00:00+00:00,1140,1150.5,1125.5,1127.5,77
2025-11-12T13:00:00+00:00,1127.5,1149.5,1125.5,1127.5,50
2025-11-12T14:00:00+00:00,1136,1147,1122,1145,0
2025-11-12T15:00:00+00:00,1145,1148,1123,1147.5,131
2025-11-12T16:00:00+00:00,1136.5,1150,1125.5,1139,193
2025-11-12T17:00:00+00:00,1128.5,1152,1128,1151,0
2025-11-12T18:00:00+00:00,1130,1154.5,1130,1153.5,59
2025-11-12T19:00:00+00:00,1153.5,1155,1133,1144,361
2025-11-13T01:00:00+00:00,1128,1152.5,1128,1141.5,0
2025-11-13T02:00:00+00:00,1133,1158.5,1133,1138.5,67
2025-11-13T03:00:00+00:00,1139,1159.5,1137,1137.5,40
2025-11-13T04:00:00+00:00,1157.5,1157.5,1136.5,1137,13
2025-11-13T05:00:00+00:00,1138,1162,1138,1141.5,43
2025-11-13T06:00:00+00:00,1160.5,1161,1140,1141.5,21
2025-11-13T07:00:00+00:00,1141,1161,1139.5,1140.5,71
2025-11-13T08:00:00+00:00,1141,1151,1139.5,1150,0
2025-11-13T09:00:00+00:00,1160.5,1161,1134.5,1136,105
2025-11-13T10:00:00+00:00,1157,1159,1136.5,1158.5,0
2025-11-13T11:00:00+00:00,1158.5,1158.5,1136.5,1157.5,29
2025-11-13T12:00:00+00:00,1147,1159,1139,1139.5,176
2025-11-13T13:00:00+00:00,1158.5,1162,1139,1142,44
2025-11-13T14:00:00+00:00,1160.5,1163.5,1140,1144.5,76
2025-11-13T15:00:00+00:00,1144,1167.5,1144,1166,0
2025-11-13T16:00:00+00:00,1156,1166,1143.5,1156,176
2025-11-13T17:00:00+00:00,1146,1168.5,1145.5,1148.5,304
2025-11-13T18:00:00+00:00,1148.5,1164.5,1143.5,1144.5,102
2025-11-13T19:00:00+00:00,1164,1166.5,1144.5,1145.5,0
2025-11-14T01:00:00+00:00,1149,1165,1143,1155,0
2025-11-14T02:00:00+00:00,1155,1157,1145,1157,4
2025-11-14T03:00:00+00:00,1147,1158,1146.5,1158,10
2025-11-14T04:00:00+00:00,1149,1158,1148,1158,4
2025-11-14T05:00:00+00:00,1149,1169,1149,1150,31
2025-11-14T06:00:00+00:00,1150,1168.5,1149.5,1168.5,0
2025-11-14T07:00:00+00:00,1168.5,1168.5,1149.5,1150,73
2025-11-14T08:00:00+00:00,1160.5,1160.5,1150,1160.5,0
2025-11-14T09:00:00+00:00,1150,1169,1150,1150,62
2025-11-14T10:00:00+00:00,1169,1169,1148.5,1159,0
2025-11-14T11:00:00+00:00,1148,1167.5,1147,1150,101
2025-11-14T12:00:00+00:00,1149.5,1171,1148.5,1151.5,0
2025-11-14T13:00:00+00:00,1151.5,1170.5,1148,1148,147
2025-11-14T14:00:00+00:00,1148,1168.5,1145.5,1146.5,87
2025-11-14T15:00:00+00:00,1166,1168.5,1146,1157.5,0
2025-11-14T16:00:00+00:00,1157.5,1168,1144.5,1164.5,222
2025-11-14T17:00:00+00:00,1155,1169,1126.5,1128.5,1389
2025-11-14T18:00:00+00:00,1139,1151,1123.5,1128.5,181
2025-11-14T19:00:00+00:00,1129,1150,1122.5,1136,0
2025-11-17T01:00:00+00:00,1117,1147,1108,1146,113
2025-11-17T02:00:00+00:00,1124.5,1147,1124,1147,65
2025-11-17T03:00:00+00:00,1147,1147.5,1125.5,1125.5,143
2025-11-17T04:00:00+00:00,1126,1126.5,1125.5,1125.5,5
2025-11-17T05:00:00+00:00,1127,1148,1127,1127.5,48
2025-11-17T06:00:00+00:00,1139.5,1140,1128.5,1129,11
2025-11-17T07:00:00+00:00,1141,1150.5,1129,1129,8
2025-11-17T08:00:00+00:00,1141,1141,1129,1140,0
2025-11-17T09:00:00+00:00,1129.5,1129.5,1129,1129.5,257
2025-11-17T10:00:00+00:00,1129.5,1131,1129.5,1131,5
2025-11-17T11:00:00+00:00,1153.5,1155,1133,1135,46
2025-11-17T12:00:00+00:00,1135,1156,1134.5,1145,0
2025-11-17T13:00:00+00:00,1145.5,1156.5,1134.5,1137.5,163
2025-11-17T14:00:00+00:00,1137.5,1163,1137.5,1144,313
2025-11-17T15:00:00+00:00,1154,1165.5,1141,1155,0
2025-11-17T16:00:00+00:00,1155,1171.5,1146.5,1155.5,845
2025-11-17T17:00:00+00:00,1155,1171.5,1153,1153.5,65
2025-11-17T18:00:00+00:00,1168,1172,1152,1164,0
2025-11-17T19:00:00+00:00,1157.5,1170.5,1155.5,1169.5,62
2025-11-18T01:00:00+00:00,1165,1172,1151.5,1158,0
2025-11-18T02:00:00+00:00,1165,1165.5,1152.5,1159,42
2025-11-18T03:00:00+00:00,1160,1166.5,1154,1154,0
2025-11-18T04:00:00+00:00,1160,1165.5,1152.5,1153.5,20
2025-11-18T05:00:00+00:00,1154.5,1167.5,1154.5,1156,31
2025-11-18T06:00:00+00:00,1154.5,1167,1154.5,1159.5,0
2025-11-18T07:00:00+00:00,1165.5,1168.5,1154.5,1168,0
2025-11-18T08:00:00+00:00,1157,1170.5,1157,1170.5,4
2025-11-18T09:00:00+00:00,1157.5,1169.5,1155,1156,53
2025-11-18T10:00:00+00:00,1161,1171,1157,1159,28
2025-11-18T11:00:00+00:00,1159,1172,1159,1160.5,46
2025-11-18T12:00:00+00:00,1163,1173.5,1158.5,1165.5,57
2025-11-18T13:00:00+00:00,1169.5,1175,1158.5,1158.5,128
2025-11-18T14:00:00+00:00,1157,1168.5,1148,1151.5,340
2025-11-18T15:00:00+00:00,1151.5,1169,1148.5,1154,425
2025-11-18T16:00:00+00:00,1166.5,1171,1153.5,1159,131
2025-11-18T17:00:00+00:00,1159,1171.5,1155,1157,129
2025-11-18T18:00:00+00:00,1156,1169.5,1153.5,1167,0
2025-11-18T19:00:00+00:00,1154,1167,1150.5,1150.5,823
2025-11-19T01:00:00+00:00,1150.5,1164,1148,1149,0
2025-11-19T02:00:00+00:00,1156,1164,1149.5,1151,13
2025-11-19T03:00:00+00:00,1149,1149,1149,1149,1
2025-11-19T04:00:00+00:00,1155.5,1157,1150,1150.5,2
2025-11-19T05:00:00+00:00,1156.5,1156.5,1156.5,1156.5,7
2025-11-19T06:00:00+00:00,1157,1157,1157,1157,13
2025-11-19T07:00:00+00:00,1148.5,1159,1142.5,1143.5,84
2025-11-19T08:00:00+00:00,1142.5,1157,1142,1151,0
2025-11-19T09:00:00+00:00,1144,1160.5,1144,1147,61
2025-11-19T10:00:00+00:00,1146.5,1161,1146.5,1161,0
2025-11-19T11:00:00+00:00,1148,1161,1145.5,1146.5,342
2025-11-19T12:00:00+00:00,1159.5,1159.5,1144.5,1145,77
2025-11-19T13:00:00+00:00,1145,1157.5,1143,1150.5,0
2025-11-19T14:00:00+00:00,1144,1157.5,1139.5,1141,317
2025-11-19T15:00:00+00:00,1140.5,1159,1139,1139,141
2025-11-19T16:00:00+00:00,1147.5,1158,1139.5,1141,91
2025-11-19T17:00:00+00:00,1149,1156,1135.5,1154,0
2025-11-19T18:00:00+00:00,1138,1153.5,1136.5,1153,49
2025-11-19T19:00:00+00:00,1153.5,1153.5,1135.5,1151.5,15
2025-11-20T01:00:00+00:00,1134.5,1145,1123.5,1143,0
2025-11-20T02:00:00+00:00,1143,1151.5,1134.5,1151.5,0
2025-11-20T03:00:00+00:00,1135.5,1151.5,1133,1140.5,13
2025-11-20T04:00:00+00:00,1140.5,1149.5,1132,1141.5,11
2025-11-20T05:00:00+00:00,1133,1150.5,1131.5,1131.5,12
2025-11-20T06:00:00+00:00,1140.5,1151,1140.5,1150.5,38
2025-11-20T07:00:00+00:00,1133,1153.5,1132.5,1146.5,4
2025-11-20T08:00:00+00:00,1137.5,1146.5,1137.5,1137.5,13
2025-11-20T09:00:00+00:00,1155,1155.5,1137,1137.5,9
2025-11-20T10:00:00+00:00,1146.5,1146.5,1146.5,1146.5,0
2025-11-20T11:00:00+00:00,1146,1153.5,1134.5,1153.5,38
2025-11-20T12:00:00+00:00,1145.5,1154.5,1136.5,1146.5,30
2025-11-20T13:00:00+00:00,1155,1158,1137,1142.5,29
2025-11-20T14:00:00+00:00,1142.5,1156,1133,1142.5,49
2025-11-20T15:00:00+00:00,1133,1152,1128,1133.5,202
2025-11-20T16:00:00+00:00,1133.5,1152.5,1129,1129,70
2025-11-20T17:00:00+00:00,1128.5,1146,1124.5,1136,0
2025-11-20T18:00:00+00:00,1136,1144.5,1121.5,1122,261
2025-11-20T19:00:00+00:00,1121.5,1142,1121.5,1124,41
2025-11-21T01:00:00+00:00,1122.5,1143,1122.5,1124,0
2025-11-21T02:00:00+00:00,1135,1144,1122.5,1123,41
2025-11-21T03:00:00+00:00,1132.5,1143.5,1122.5,1123,34
2025-11-21T04:00:00+00:00,1122.5,1131,1120.5,1122,30
2025-11-21T05:00:00+00:00,1123,1132.5,1122.5,1132.5,0
2025-11-21T06:00:00+00:00,1122.5,1144,1122.5,1143.5,34
2025-11-21T07:00:00+00:00,1124,1144,1121,1140.5,25
2025-11-21T08:00:00+00:00,1140,1141,1119.5,1119.5,205
2025-11-21T09:00:00+00:00,1129,1141,1118.5,1131,0
2025-11-21T10:00:00+00:00,1118,1118.5,1117.5,1118.5,173
2025-11-21T11:00:00+00:00,1129,1129.5,1118.5,1129.5,0
2025-11-21T12:00:00+00:00,1138.5,1141,1119,1122,194
2025-11-21T13:00:00+00:00,1119.5,1139.5,1118.5,1129.5,0
2025-11-21T14:00:00+00:00,1119.5,1139.5,1117.5,1129.5,49
2025-11-21T15:00:00+00:00,1139,1139,1113.5,1138.5,105
2025-11-21T16:00:00+00:00,1138.5,1142,1119,1133.5,117
2025-11-21T17:00:00+00:00,1124.5,1142.5,1123,1132,14
2025-11-21T18:00:00+00:00,1123.5,1144.5,1122,1143,75
2025-11-21T19:00:00+00:00,1125.5,1143.5,1124.5,1125,648
2025-11-24T01:00:00+00:00,1125.5,1145.5,1124.5,1125,83
2025-11-24T02:00:00+00:00,1125.5,1144.5,1125.5,1144.5,0
2025-11-24T03:00:00+00:00,1125,1125,1125,1125,102
2025-11-24T05:00:00+00:00,1125,1144.5,1125,1126.5,10
2025-11-24T06:00:00+00:00,1136.5,1144.5,1125.5,1144.5,0
2025-11-24T07:00:00+00:00,1125.5,1144,1125.5,1135,14
2025-11-24T08:00:00+00:00,1134.5,1145,1123.5,1133,46
2025-11-24T09:00:00+00:00,1142,1142,1121.5,1121.5,91
2025-11-24T10:00:00+00:00,1141,1141,1122,1122,19
2025-11-24T11:00:00+00:00,1123,1142.5,1123,1132,0
2025-11-24T12:00:00+00:00,1140,1140,1118.5,1121,130
2025-11-24T13:00:00+00:00,1129.5,1139,1120,1139,0
2025-11-24T14:00:00+00:00,1137.5,1142,1117,1125,319
2025-11-24T15:00:00+00:00,1134,1144,1123,1124,235
2025-11-24T16:00:00+00:00,1132.5,1143,1121.5,1123.5,178
2025-11-24T17:00:00+00:00,1123.5,1147.5,1122,1125.5,307
2025-11-24T18:00:00+00:00,1134,1143.5,1124.5,1125.5,85
2025-11-24T19:00:00+00:00,1142.5,1142.5,1122,1122,62
2025-11-25T01:00:00+00:00,1131.5,1142.5,1122,1133.5,0
2025-11-25T02:00:00+00:00,1134,1146,1126,1127,64
2025-11-25T03:00:00+00:00,1144.5,1144.5,1125.5,1126,2
2025-11-25T04:00:00+00:00,1126.5,1127.5,1126.5,1127.5,2
2025-11-25T05:00:00+00:00,1128,1137,1127.5,1137,0
2025-11-25T06:00:00+00:00,1128.5,1136.5,1127,1136,5
2025-11-25T07:00:00+00:00,1135,1142,1122.5,1123.5,158
2025-11-25T08:00:00+00:00,1122.5,1143.5,1122,1124,25
2025-11-25T09:00:00+00:00,1124,1144,1123.5,1135,0
2025-11-25T10:00:00+00:00,1135,1144,1135,1144,0
2025-11-25T11:00:00+00:00,1126,1143.5,1124,1133.5,48
2025-11-25T12:00:00+00:00,1124,1131.5,1119.5,1120,115
2025-11-25T13:00:00+00:00,1129.5,1145,1122,1128,28
2025-11-25T14:00:00+00:00,1128.5,1145,1121.5,1122.5,159
2025-11-25T15:00:00+00:00,1122,1142.5,1120,1120,153
2025-11-25T16:00:00+00:00,1138.5,1142,1117.5,1132,0
2025-11-25T17:00:00+00:00,1132,1145,1123,1134.5,31
2025-11-25T18:00:00+00:00,1125.5,1143.5,1123,1123,417
2025-11-25T19:00:00+00:00,1133.5,1145,1124,1144,0
2025-11-26T01:00:00+00:00,1145,1146,1127,1146,0
2025-11-26T03:00:00+00:00,1127.5,1146,1127,1127,38
2025-11-26T04:00:00+00:00,1127.5,1145.5,1125.5,1125.5,12
2025-11-26T05:00:00+00:00,1135,1145.5,1126,1126.5,32
2025-11-26T06:00:00+00:00,1127.5,1146.5,1126.5,1145.5,0
2025-11-26T07:00:00+00:00,1146,1146,1124.5,1134,0
2025-11-26T08:00:00+00:00,1144,1144,1134,1144,34
2025-11-26T09:00:00+00:00,1133.5,1134,1124,1124,33
2025-11-26T10:00:00+00:00,1124,1143.5,1123.5,1133,0
2025-11-26T11:00:00+00:00,1123.5,1143,1123.5,1143,30
2025-11-26T12:00:00+00:00,1143.5,1144,1125.5,1144,8
2025-11-26T13:00:00+00:00,1127,1136.5,1127,1127,45
2025-11-26T14:00:00+00:00,1126.5,1144.5,1123,1125.5,45
2025-11-26T15:00:00+00:00,1144.5,1149,1126,1148.5,62
2025-11-26T16:00:00+00:00,1129.5,1150,1129,1150,75
2025-11-26T17:00:00+00:00,1150,1153,1131.5,1142,127
2025-11-26T18:00:00+00:00,1152,1152,1129,1151,100
2025-11-26T19:00:00+00:00,1151,1151,1131,1150.5,42
2025-11-28T14:30:00+00:00,1135,1154,1132.5,1134,60
2025-11-28T15:30:00+00:00,1144,1154.5,1133.5,1154,161
2025-11-28T16:30:00+00:00,1144,1154.5,1134.5,1135,0
2025-11-28T17:30:00+00:00,1144.5,1156.5,1135.5,1146,188
2025-11-28T18:00:00+00:00,1138,1155.5,1136.5,1155.5,0
2025-12-01T01:00:00+00:00,1141,1157,1136,1138.5,47
2025-12-01T02:00:00+00:00,1155.5,1155.5,1135.5,1143.5,15
2025-12-01T03:00:00+00:00,1152,1152,1134,1151,28
2025-12-01T04:00:00+00:00,1141,1141,1132.5,1132.5,18
2025-12-01T05:00:00+00:00,1132.5,1150,1132.5,1142,0
2025-12-01T07:00:00+00:00,1133,1152,1133,1152,32
2025-12-01T08:00:00+00:00,1134.5,1152.5,1134,1143,6
2025-12-01T09:00:00+00:00,1134.5,1152,1134.5,1134.5,60
2025-12-01T10:00:00+00:00,1142.5,1151.5,1133,1141.5,0
2025-12-01T11:00:00+00:00,1133,1151,1133,1151,35
2025-12-01T12:00:00+00:00,1151.5,1152,1136,1143.5,0
2025-12-01T13:00:00+00:00,1151.5,1151.5,1134,1150.5,86
2025-12-01T14:00:00+00:00,1133,1152.5,1131,1134.5,92
2025-12-01T15:00:00+00:00,1151.5,1153,1128.5,1131,208
2025-12-01T16:00:00+00:00,1149.5,1151.5,1131,1141,19
2025-12-01T17:00:00+00:00,1131.5,1150.5,1129.5,1129.5,161
2025-12-01T18:00:00+00:00,1138.5,1149,1128,1138,9
2025-12-01T19:00:00+00:00,1138.5,1147.5,1127,1128,68
2025-12-02T01:00:00+00:00,1147.5,1148,1126,1148,0
2025-12-02T02:00:00+00:00,1127,1148,1127,1138.5,14
2025-12-02T03:00:00+00:00,1138.5,1148,1130,1130,15
2025-12-02T04:00:00+00:00,1140.5,1150,1130.5,1150,0
2025-12-02T05:00:00+00:00,1131,1150.5,1131,1132.5,59
2025-12-02T06:00:00+00:00,1142.5,1143.5,1142.5,1143,0
2025-12-02T07:00:00+00:00,1151.5,1151.5,1132.5,1151.5,0
2025-12-02T08:00:00+00:00,1133.5,1152,1133,1152,1
2025-12-02T09:00:00+00:00,1153.5,1153.5,1133.5,1133.5,63
2025-12-02T10:00:00+00:00,1150,1150,1150,1150,0
2025-12-02T11:00:00+00:00,1150,1153,1130.5,1153,42
2025-12-02T12:00:00+00:00,1144,1152.5,1133,1143,25
2025-12-02T13:00:00+00:00,1152.5,1152.5,1133,1142.5,11
2025-12-02T14:00:00+00:00,1142.5,1152.5,1128,1139,41
2025-12-02T15:00:00+00:00,1139,1151.5,1123,1125,174
2025-12-02T16:00:00+00:00,1146,1149.5,1126,1130,81
2025-12-02T17:00:00+00:00,1140.5,1149.5,1126.5,1126.5,61
2025-12-02T18:00:00+00:00,1127,1147,1124,1145.5,0
2025-12-02T19:00:00+00:00,1145.5,1145.5,1124.5,1144,42
2025-12-03T01:00:00+00:00,1134,1148,1124,1127.5,0
2025-12-03T02:00:00+00:00,1127.5,1137,1126.5,1127.5,4
2025-12-03T03:00:00+00:00,1147.5,1147.5,1147.5,1147.5,15
2025-12-03T04:00:00+00:00,1148,1148,1128.5,1128.5,0
2025-12-03T05:00:00+00:00,1129.5,1149,1129,1149,16
2025-12-03T06:00:00+00:00,1138.5,1147.5,1138.5,1147.5,1
2025-12-03T07:00:00+00:00,1138,1138,1127,1137,0
2025-12-03T08:00:00+00:00,1138,1138,1138,1138,3
2025-12-03T09:00:00+00:00,1137.5,1148,1137.5,1148,17
2025-12-03T10:00:00+00:00,1147.5,1147.5,1136.5,1136.5,28
2025-12-03T11:00:00+00:00,1137.5,1146.5,1127,1127,0
2025-12-03T12:00:00+00:00,1146.5,1146.5,1126,1135.5,49
2025-12-03T13:00:00+00:00,1135.5,1145,1125.5,1125.5,0
2025-12-03T14:00:00+00:00,1125.5,1143,1119,1120,86
2025-12-03T15:00:00+00:00,1120.5,1140.5,1120,1140,0
2025-12-03T16:00:00+00:00,1120.5,1142,1120,1122,152
2025-12-03T17:00:00+00:00,1132,1141,1119.5,1120,36
2025-12-03T18:00:00+00:00,1119.5,1138,1115.5,1116.5,42
2025-12-03T19:00:00+00:00,1135.5,1135.5,1115.5,1126,92
2025-12-04T01:00:00+00:00,1115,1137.5,1115,1137,0
2025-12-04T02:00:00+00:00,1117.5,1135.5,1116.5,1116.5,10
2025-12-04T04:00:00+00:00,1116.5,1116.5,1116.5,1116.5,1
2025-12-04T06:00:00+00:00,1116.5,1116.5,1116.5,1116.5,7
2025-12-04T08:00:00+00:00,1127.5,1136.5,1117.5,1117.5,2
2025-12-04T09:00:00+00:00,1117.5,1117.5,1116.5,1117.5,25
2025-12-04T10:00:00+00:00,1118,1127.5,1118,1118,2
2025-12-04T11:00:00+00:00,1118.5,1138,1118.5,1118.5,4
2025-12-04T12:00:00+00:00,1118.5,1137.5,1118.5,1137.5,0
2025-12-04T13:00:00+00:00,1121,1138.5,1119.5,1119.5,40
2025-12-04T14:00:00+00:00,1128,1138,1114.5,1135,7
2025-12-04T15:00:00+00:00,1135.5,1140.5,1114.5,1129,129
2025-12-04T16:00:00+00:00,1119,1141,1119,1123,139
2025-12-04T17:00:00+00:00,1132,1141.5,1120.5,1130,0
2025-12-04T18:00:00+00:00,1140,1140,1120,1120,124
2025-12-04T19:00:00+00:00,1138,1138.5,1118.5,1129,0
2025-12-05T01:00:00+00:00,1124,1137.5,1118.5,1118.5,0
2025-12-05T02:00:00+00:00,1127,1127.5,1118,1127.5,0
2025-12-05T03:00:00+00:00,1136.5,1136.5,1118,1118,31
2025-12-05T04:00:00+00:00,1127,1127,1117.5,1127,0
2025-12-05T05:00:00+00:00,1118,1136.5,1118,1128,10
2025-12-05T06:00:00+00:00,1128,1136.5,1116.5,1116.5,28
2025-12-05T07:00:00+00:00,1117,1135.5,1117,1135.5,0
2025-12-05T08:00:00+00:00,1117,1136.5,1117,1135,13
2025-12-05T09:00:00+00:00,1126,1135,1116,1117,13
2025-12-05T10:00:00+00:00,1126.5,1135,1115.5,1116.5,77
2025-12-05T11:00:00+00:00,1126.5,1135,1116,1116,4
2025-12-05T12:00:00+00:00,1126,1135,1116,1127,0
2025-12-05T13:00:00+00:00,1136,1136.5,1117.5,1118.5,84
2025-12-05T14:00:00+00:00,1137,1138.5,1117.5,1119.5,147
2025-12-05T15:00:00+00:00,1119,1136,1108.5,1110.5,427
2025-12-05T16:00:00+00:00,1110.5,1132,1109.5,1109.5,136
2025-12-05T17:00:00+00:00,1119,1129.5,1106.5,1107,121
2025-12-05T18:00:00+00:00,1107,1127,1105.5,1126,0
2025-12-05T19:00:00+00:00,1106.5,1125,1104.5,1105.5,837
2025-12-08T01:00:00+00:00,1104.5,1121.5,1098.5,1100.5,44
2025-12-08T02:00:00+00:00,1100,1121.5,1098,1098,11
2025-12-08T03:00:00+00:00,1098,1118,1096.5,1096.5,16
2025-12-08T04:00:00+00:00,1096.5,1118,1096.5,1118,0
2025-12-08T05:00:00+00:00,1107.5,1107.5,1096.5,1096.5,64
2025-12-08T06:00:00+00:00,1107.5,1118,1107.5,1118,0
2025-12-08T07:00:00+00:00,1097,1097,1097,1097,62
2025-12-08T08:00:00+00:00,1108.5,1118,1096,1108,0
2025-12-08T09:00:00+00:00,1108,1120,1097.5,1120,16
2025-12-08T10:00:00+00:00,1098.5,1120,1098.5,1098.5,103
2025-12-08T11:00:00+00:00,1109.5,1119.5,1097,1098.5,0
2025-12-08T12:00:00+00:00,1111,1120,1097.5,1100,142
2025-12-08T13:00:00+00:00,1120.5,1126.5,1101.5,1116.5,0
2025-12-08T14:00:00+00:00,1126.5,1126.5,1096.5,1097.5,295
2025-12-08T15:00:00+00:00,1097.5,1097.5,1093.5,1093.5,299
2025-12-08T16:00:00+00:00,1094,1097,1093,1094.5,209
2025-12-08T17:00:00+00:00,1094,1096,1094,1095.5,91
2025-12-08T18:00:00+00:00,1095,1095,1092.5,1093.5,104
2025-12-08T19:00:00+00:00,1093.5,1094,1093.5,1093.5,69
2025-12-09T01:00:00+00:00,1099,1103,1092,1093,0
2025-12-09T02:00:00+00:00,1093.5,1093.5,1093,1093,19
2025-12-09T04:00:00+00:00,1093,1093,1093,1093,2
2025-12-09T05:00:00+00:00,1092.5,1092.5,1092.5,1092.5,2
2025-12-09T06:00:00+00:00,1092.5,1093,1092,1092,9
2025-12-09T07:00:00+00:00,1091,1091,1090.5,1090.5,25
2025-12-09T08:00:00+00:00,1091.5,1092.5,1091.5,1092.5,17
2025-12-09T09:00:00+00:00,1093,1093,1092.5,1092.5,12
2025-12-09T10:00:00+00:00,1092.5,1093.5,1092.5,1093,35
2025-12-09T11:00:00+00:00,1092,1092,1092,1092,8
2025-12-09T12:00:00+00:00,1090,1090,1087,1087.5,57
2025-12-09T13:00:00+00:00,1087.5,1087.5,1087,1087.5,43
2025-12-09T14:00:00+00:00,1090,1090.5,1089,1090,151
2025-12-09T15:00:00+00:00,1089.5,1092.5,1088.5,1092,295
2025-12-09T16:00:00+00:00,1092.5,1092.5,1087.5,1089,124
2025-12-09T17:00:00+00:00,1089,1096.5,1085,1086,395
2025-12-09T18:00:00+00:00,1086,1087,1085.5,1086,98
2025-12-09T19:00:00+00:00,1086,1088.5,1086,1087.5,81
2025-12-10T01:00:00+00:00,1086,1086,1083,1084.5,0
2025-12-10T02:00:00+00:00,1084.5,1086.5,1084.5,1086.5,24
2025-12-10T03:00:00+00:00,1086.5,1086.5,1085,1085,18
2025-12-10T04:00:00+00:00,1085,1085.5,1085,1085,4
2025-12-10T05:00:00+00:00,1084.5,1084.5,1084,1084,31
2025-12-10T06:00:00+00:00,1084.5,1084.5,1083.5,1083.5,14
2025-12-10T07:00:00+00:00,1083.5,1084,1083.5,1084,14
2025-12-10T08:00:00+00:00,1083,1083,1082,1082.5,9
2025-12-10T09:00:00+00:00,1082.5,1106,1082.5,1082.5,21
2025-12-10T10:00:00+00:00,1083,1108,1083,1108,26
2025-12-10T11:00:00+00:00,1084.5,1107.5,1081.5,1105.5,53
2025-12-10T12:00:00+00:00,1082,1106,1082,1082.5,32
2025-12-10T13:00:00+00:00,1082,1105.5,1082,1083,9
2025-12-10T14:00:00+00:00,1083.5,1109.5,1083,1107.5,134
2025-12-10T15:00:00+00:00,1086,1109.5,1085.5,1109.5,144
2025-12-10T16:00:00+00:00,1110,1111,1087.5,1109.5,80
2025-12-10T17:00:00+00:00,1088.5,1111,1088,1110.5,56
2025-12-10T18:00:00+00:00,1110.5,1111,1090,1090.5,466
2025-12-10T19:00:00+00:00,1091,1112,1091,1091.5,100
2025-12-11T01:00:00+00:00,1111.5,1114.5,1092.5,1092.5,0
2025-12-11T02:00:00+00:00,1092,1111.5,1091,1111,51
2025-12-11T03:00:00+00:00,1109.5,1109.5,1109.5,1109.5,10
2025-12-11T04:00:00+00:00,1092,1092,1092,1092,0
2025-12-11T05:00:00+00:00,1111,1112.5,1091,1112,114
2025-12-11T06:00:00+00:00,1110.5,1111.5,1091,1111.5,18
2025-12-11T07:00:00+00:00,1111,1111,1089,1090,0
2025-12-11T08:00:00+00:00,1091,1110.5,1090.5,1090.5,29
2025-12-11T09:00:00+00:00,1091,1111,1090.5,1100.5,104
2025-12-11T10:00:00+00:00,1100.5,1111.5,1093,1093,0
2025-12-11T11:00:00+00:00,1102.5,1114,1094,1094,28
2025-12-11T12:00:00+00:00,1113,1113.5,1093,1112.5,125
2025-12-11T13:00:00+00:00,1112.5,1112.5,1094.5,1111.5,12
2025-12-11T14:00:00+00:00,1094.5,1113,1091,1100.5,44
2025-12-11T15:00:00+00:00,1091.5,1111,1086,1092.5,219
2025-12-11T16:00:00+00:00,1101,1111.5,1089.5,1099.5,0
2025-12-11T17:00:00+00:00,1099.5,1111,1090,1101.5,49
2025-12-11T18:00:00+00:00,1093,1112.5,1092.5,1112.5,0
2025-12-11T19:00:00+00:00,1102.5,1113,1093,1094,195
2025-12-12T01:00:00+00:00,1102,1113,1092,1092,0
2025-12-12T02:00:00+00:00,1093,1113.5,1093,1093,5
2025-12-12T03:00:00+00:00,1102.5,1112.5,1102.5,1112,5
2025-12-12T04:00:00+00:00,1111,1111.5,1111,1111.5,13
2025-12-12T05:00:00+00:00,1111.5,1111.5,1092,1092,0
2025-12-12T06:00:00+00:00,1102,1102,1100.5,1100.5,31
2025-12-12T07:00:00+00:00,1110,1111,1101,1111,4
2025-12-12T08:00:00+00:00,1102,1112.5,1088.5,1098.5,52
2025-12-12T09:00:00+00:00,1108.5,1108.5,1088.5,1088.5,0
2025-12-12T10:00:00+00:00,1096,1106.5,1085,1095,73
2025-12-12T11:00:00+00:00,1104.5,1104.5,1083,1093.5,15
2025-12-12T12:00:00+00:00,1083.5,1103.5,1083,1093,13
2025-12-12T13:00:00+00:00,1103.5,1105,1084,1094.5,15
2025-12-12T14:00:00+00:00,1085,1104.5,1078,1089,149
2025-12-12T15:00:00+00:00,1078.5,1100,1077.5,1098.5,40
2025-12-12T16:00:00+00:00,1078.5,1100.5,1077.5,1089.5,307
2025-12-12T17:00:00+00:00,1080,1101,1079,1080.5,0
2025-12-12T18:00:00+00:00,1090.5,1100,1077,1077.5,63
2025-12-12T19:00:00+00:00,1087.5,1097.5,1076.5,1086,188
2025-12-15T01:00:00+00:00,1074.5,1095,1074.5,1085.5,9
2025-12-15T02:00:00+00:00,1096,1096,1075,1076,6
2025-12-15T03:00:00+00:00,1076.5,1076.5,1076.5,1076.5,3
2025-12-15T04:00:00+00:00,1096,1096,1085.5,1095,10
2025-12-15T05:00:00+00:00,1094.5,1094.5,1084,1084,19
2025-12-15T06:00:00+00:00,1095,1095.5,1076,1095.5,0
2025-12-15T07:00:00+00:00,1076,1085,1075,1075,26
2025-12-15T08:00:00+00:00,1095.5,1095.5,1077,1086,19
2025-12-15T09:00:00+00:00,1077.5,1097,1077.5,1096.5,0
2025-12-15T10:00:00+00:00,1078,1097,1078,1097,3
2025-12-15T11:00:00+00:00,1087,1096.5,1078,1078,25
2025-12-15T12:00:00+00:00,1097,1097.5,1079,1097.5,0
2025-12-15T13:00:00+00:00,1079.5,1097,1077.5,1077.5,29
2025-12-15T14:00:00+00:00,1076,1092.5,1067,1077,67
2025-12-15T15:00:00+00:00,1068,1092.5,1068,1082.5,45
2025-12-15T16:00:00+00:00,1093,1095.5,1068,1068.5,106
2025-12-15T17:00:00+00:00,1079,1092.5,1069,1082,0
2025-12-15T18:00:00+00:00,1093,1093.5,1071.5,1073,63
2025-12-15T19:00:00+00:00,1083,1094.5,1071.5,1082,15
2025-12-16T01:00:00+00:00,1093,1094,1072.5,1083,0
2025-12-16T02:00:00+00:00,1083.5,1095,1074.5,1095,0
2025-12-16T03:00:00+00:00,1083,1095,1072.5,1081.5,41
2025-12-16T04:00:00+00:00,1081.5,1093.5,1072,1081.5,10
2025-12-16T05:00:00+00:00,1082,1094,1071.5,1094,0
2025-12-16T06:00:00+00:00,1073,1096,1073,1096,27
2025-12-16T07:00:00+00:00,1097,1097,1075.5,1075.5,0
2025-12-16T08:00:00+00:00,1096,1096,1075,1095.5,10
2025-12-16T09:00:00+00:00,1095.5,1096.5,1074.5,1074.5,4
2025-12-16T10:00:00+00:00,1084.5,1095.5,1074,1084.5,55
2025-12-16T11:00:00+00:00,1083.5,1094.5,1072.5,1082.5,37
2025-12-16T12:00:00+00:00,1094.5,1094.5,1071.5,1081,9
2025-12-16T13:00:00+00:00,1081.5,1094,1072.5,1074,0
2025-12-16T14:00:00+00:00,1073,1092.5,1067.5,1077,165
2025-12-16T15:00:00+00:00,1067,1088,1065,1086,38
2025-12-16T16:00:00+00:00,1074.5,1086,1060.5,1061,81
2025-12-16T17:00:00+00:00,1071,1083.5,1061,1083.5,88
2025-12-16T18:00:00+00:00,1062,1083.5,1059.5,1083.5,74
2025-12-16T19:00:00+00:00,1072,1084,1062,1083.5,39
2025-12-17T01:00:00+00:00,1063,1086.5,1062,1065.5,0
2025-12-17T02:00:00+00:00,1066,1087,1066,1066,26
2025-12-17T03:00:00+00:00,1076,1086.5,1076,1086.5,0
2025-12-17T04:00:00+00:00,1087,1087,1074.5,1074.5,18
2025-12-17T06:00:00+00:00,1064.5,1064.5,1064.5,1064.5,5
2025-12-17T07:00:00+00:00,1074.5,1074.5,1074.5,1074.5,0
2025-12-17T08:00:00+00:00,1074.5,1085,1063.5,1072.5,26
2025-12-17T09:00:00+00:00,1062.5,1085,1062.5,1063,55
2025-12-17T10:00:00+00:00,1073,1084.5,1063,1063,18
2025-12-17T11:00:00+00:00,1063,1082.5,1062.5,1082.5,0
2025-12-17T12:00:00+00:00,1071,1083.5,1062,1072,25
2025-12-17T13:00:00+00:00,1083,1083,1071.5,1083,11
2025-12-17T14:00:00+00:00,1061.5,1082.5,1056,1058,135
2025-12-17T15:00:00+00:00,1057.5,1080.5,1054,1067,53
2025-12-17T16:00:00+00:00,1056.5,1079.5,1054,1077.5,0
2025-12-17T17:00:00+00:00,1066,1081.5,1054.5,1059,377
2025-12-17T18:00:00+00:00,1059.5,1081,1059,1061,56
2025-12-17T19:00:00+00:00,1061,1061,1058.5,1059,43
2025-12-18T01:00:00+00:00,1059,1061.5,1059,1060,0
2025-12-18T02:00:00+00:00,1059,1059,1058.5,1059,4
2025-12-18T06:00:00+00:00,1057.5,1057.5,1057.5,1057.5,1
2025-12-18T07:00:00+00:00,1057.5,1057.5,1056,1056,32
2025-12-18T08:00:00+00:00,1067,1067.5,1067,1067.5,28
2025-12-18T09:00:00+00:00,1067.5,1067.5,1067,1067,5
2025-12-18T10:00:00+00:00,1068,1068,1068,1068,1
2025-12-18T11:00:00+00:00,1069.5,1070,1069.5,1070,2
2025-12-18T12:00:00+00:00,1068.5,1068.5,1067,1067,19
2025-12-18T13:00:00+00:00,1067.5,1069,1067.5,1068.5,11
2025-12-18T14:00:00+00:00,1067,1067.5,1062.5,1066.5,132
2025-12-18T15:00:00+00:00,1066,1067.5,1062.5,1063,124
2025-12-18T16:00:00+00:00,1063,1065.5,1062.5,1063,96
2025-12-18T17:00:00+00:00,1063.5,1063.5,1062,1062.5,32
2025-12-18T18:00:00+00:00,1062.5,1065,1062.5,1064,149
2025-12-18T19:00:00+00:00,1064,1064.5,1060.5,1060.5,64
2025-12-19T01:00:00+00:00,1061.5,1062,1059,1060,0
2025-12-19T02:00:00+00:00,1059.5,1059.5,1058.5,1058.5,16
2025-12-19T03:00:00+00:00,1059,1059,1059,1059,1
2025-12-19T04:00:00+00:00,1059.5,1059.5,1059.5,1059.5,1
2025-12-19T06:00:00+00:00,1059.5,1059.5,1059.5,1059.5,1
2025-12-19T07:00:00+00:00,1059,1059,1059,1059,8
2025-12-19T08:00:00+00:00,1059,1060,1059,1060,10
2025-12-19T09:00:00+00:00,1060,1060,1060,1060,1
2025-12-19T10:00:00+00:00,1060,1060,1060,1060,6
2025-12-19T11:00:00+00:00,1059,1060,1059,1060,3
2025-12-19T12:00:00+00:00,1060,1060,1060,1060,10
2025-12-19T14:00:00+00:00,1061,1063.5,1061,1063.5,51
2025-12-19T15:00:00+00:00,1063.5,1063.5,1057.5,1060,142
2025-12-19T16:00:00+00:00,1060,1060,1057.5,1058,27
2025-12-19T17:00:00+00:00,1058.5,1059.5,1058.5,1059,12
2025-12-19T18:00:00+00:00,1058.5,1061,1058.5,1061,42
2025-12-19T19:00:00+00:00,1059.5,1060,1059.5,1059.5,80
2025-12-22T01:00:00+00:00,1056,1061.5,1051,1061.5,16
2025-12-22T02:00:00+00:00,1063,1063,1062.5,1062.5,12
2025-12-22T03:00:00+00:00,1062.5,1062.5,1062.5,1062.5,7
2025-12-22T04:00:00+00:00,1063.5,1063.5,1063.5,1063.5,1
2025-12-22T06:00:00+00:00,1064,1064,1064,1064,3
2025-12-22T09:00:00+00:00,1064.5,1064.5,1064.5,1064.5,4
2025-12-22T10:00:00+00:00,1063.5,1064,1063.5,1064,3
2025-12-22T11:00:00+00:00,1064,1064,1062.5,1062.5,10
2025-12-22T12:00:00+00:00,1062.5,1064.5,1062.5,1064.5,36
2025-12-22T13:00:00+00:00,1065,1066,1065,1065.5,35
2025-12-22T14:00:00+00:00,1065,1065,1061,1062,64
2025-12-22T15:00:00+00:00,1063,1066.5,1063,1064.5,58
2025-12-22T16:00:00+00:00,1065,1065,1063,1063,21
2025-12-22T17:00:00+00:00,1062.5,1064,1062.5,1063.5,14
2025-12-22T18:00:00+00:00,1063.5,1065,1063.5,1064.5,122
2025-12-22T19:00:00+00:00,1064.5,1065,1064,1064,14
2025-12-23T01:00:00+00:00,1065,1066,1065,1066,0
2025-12-23T02:00:00+00:00,1066,1066,1066,1066,5
2025-12-23T04:00:00+00:00,1066,1066,1065.5,1065.5,3
2025-12-23T06:00:00+00:00,1067,1067,1067,1067,2
2025-12-23T07:00:00+00:00,1068,1068,1068,1068,2
2025-12-23T08:00:00+00:00,1067.5,1067.5,1067,1067,2
2025-12-23T09:00:00+00:00,1067,1067,1066,1066,19
2025-12-23T10:00:00+00:00,1066,1066,1066,1066,1
2025-12-23T11:00:00+00:00,1067.5,1067.5,1067,1067,5
2025-12-23T12:00:00+00:00,1068.5,1068.5,1068,1068,2
2025-12-23T13:00:00+00:00,1067.5,1067.5,1066.5,1067,10
2025-12-23T14:00:00+00:00,1066,1068,1066,1068,26
2025-12-23T15:00:00+00:00,1067,1069.5,1065,1067.5,57
2025-12-23T16:00:00+00:00,1067.5,1068.5,1065.5,1066,46
2025-12-23T17:00:00+00:00,1065.5,1065.5,1063,1064,45
2025-12-23T18:00:00+00:00,1063.5,1065.5,1063.5,1065.5,40
2025-12-23T19:00:00+00:00,1065,1065,1063,1063,10
2025-12-24T01:00:00+00:00,1064.5,1069,1064.5,1069,0
2025-12-24T02:00:00+00:00,1068,1069.5,1068,1069.5,12
2025-12-24T03:00:00+00:00,1068.5,1068.5,1068,1068,9
2025-12-24T04:00:00+00:00,1068,1068,1068,1068,2
2025-12-24T05:00:00+00:00,1069.5,1069.5,1069.5,1069.5,4
2025-12-24T06:00:00+00:00,1069.5,1069.5,1068.5,1069.5,11
2025-12-24T08:00:00+00:00,1069,1069,1068.5,1068.5,10
2025-12-24T09:00:00+00:00,1068.5,1068.5,1068.5,1068.5,1
2025-12-24T10:00:00+00:00,1069,1069,1069,1069,1
2025-12-24T11:00:00+00:00,1069.5,1069.5,1068.5,1068.5,3
2025-12-24T12:00:00+00:00,1069.5,1070.5,1069.5,1070.5,23
2025-12-24T13:00:00+00:00,1071,1072,1070,1070,40
2025-12-24T14:30:00+00:00,1070,1070,1069,1069.5,32
2025-12-24T15:30:00+00:00,1070,1073,1070,1072.5,77
2025-12-24T16:30:00+00:00,1072.5,1075.5,1071.5,1075.5,45
2025-12-24T17:30:00+00:00,1074.5,1077.5,1074.5,1076.5,36
2025-12-24T18:00:00+00:00,1076,1076.5,1076,1076.5,8
2025-12-29T01:00:00+00:00,1076,1077,1071.5,1077,29
2025-12-29T02:00:00+00:00,1077.5,1077.5,1075,1075,17
2025-12-29T03:00:00+00:00,1075,1075,1075,1075,5
2025-12-29T04:00:00+00:00,1075.5,1075.5,1074.5,1074.5,6
2025-12-29T06:00:00+00:00,1074.5,1074.5,1074.5,1074.5,5
2025-12-29T07:00:00+00:00,1073.5,1073.5,1073.5,1073.5,1
2025-12-29T08:00:00+00:00,1073,1073,1071,1071,25
2025-12-29T09:00:00+00:00,1070,1071,1070,1071,5
2025-12-29T10:00:00+00:00,1069,1092,1068.5,1092,10
2025-12-29T11:00:00+00:00,1091.5,1091.5,1091,1091,24
2025-12-29T12:00:00+00:00,1089,1089,1088.5,1088.5,4
2025-12-29T14:00:00+00:00,1089,1091,1089,1091,74
2025-12-29T15:00:00+00:00,1091,1092,1090,1090.5,71
2025-12-29T16:00:00+00:00,1090.5,1090.5,1089,1089,56
2025-12-29T17:00:00+00:00,1089,1089,1088,1088,59
2025-12-29T18:00:00+00:00,1088,1088.5,1087.5,1087.5,52
2025-12-29T19:00:00+00:00,1087.5,1088,1087,1088,21
2025-12-30T02:00:00+00:00,1088.5,1088.5,1088.5,1088.5,0
2025-12-30T05:00:00+00:00,1090,1090,1090,1090,12
2025-12-30T06:00:00+00:00,1090.5,1091,1090,1090.5,29
2025-12-30T08:00:00+00:00,1090.5,1090.5,1090.5,1090.5,1
2025-12-30T09:00:00+00:00,1089,1089,1089,1089,2
2025-12-30T10:00:00+00:00,1090,1090.5,1090,1090,11
2025-12-30T14:00:00+00:00,1088.5,1088.5,1088,1088.5,16
2025-12-30T15:00:00+00:00,1088.5,1088.5,1085,1086,35
2025-12-30T16:00:00+00:00,1086,1087.5,1085.5,1086,14
2025-12-30T17:00:00+00:00,1087,1087,1087,1087,8
2025-12-30T18:00:00+00:00,1086.5,1087,1086,1086,8
2025-12-30T19:00:00+00:00,1086,1086,1086,1086,4
2025-12-31T01:00:00+00:00,1086,1087.5,1086,1087.5,0
2025-12-31T02:00:00+00:00,1085.5,1085.5,1085.5,1085.5,2
2025-12-31T08:00:00+00:00,1058.5,1058.5,1058.5,1058.5,32
2025-12-31T09:00:00+00:00,1057.5,1057.5,1057,1057,3
2025-12-31T10:00:00+00:00,1057.5,1058,1057.5,1058,2
2025-12-31T11:00:00+00:00,1058,1058,1058,1058,1
2025-12-31T14:00:00+00:00,1058,1058,1055.5,1055.5,92
2025-12-31T15:00:00+00:00,1055,1056,1054,1054,117
2025-12-31T16:00:00+00:00,1054.5,1055,1052.5,1052.5,59
2025-12-31T17:00:00+00:00,1052,1052,1049.5,1050.5,70
2025-12-31T18:00:00+00:00,1050,1050.5,1047.5,1047.5,71
2025-12-31T19:00:00+00:00,1047.5,1047.5,1047,1047.5,27
2026-01-05T01:00:00+00:00,1045.5,1052,1039,1050.5,62
2026-01-05T02:00:00+00:00,1051.5,1052,1051,1051.5,32
2026-01-05T03:00:00+00:00,1051.5,1052,1051.5,1051.5,15
2026-01-05T04:00:00+00:00,1051,1051.5,1051,1051,20
2026-01-05T05:00:00+00:00,1051.5,1051.5,1049.5,1050,33
2026-01-05T06:00:00+00:00,1050,1052,1050,1052,63
2026-01-05T07:00:00+00:00,1052,1052,1051,1051,17
2026-01-05T08:00:00+00:00,1051.5,1051.5,1051,1051,12
2026-01-05T09:00:00+00:00,1052,1052.5,1051.5,1052.5,32
2026-01-05T10:00:00+00:00,1052.5,1052.5,1052.5,1052.5,10
2026-01-05T11:00:00+00:00,1078,1078.5,1078,1078.5,45
2026-01-05T12:00:00+00:00,1078,1078.5,1077.5,1078,37
2026-01-05T13:00:00+00:00,1078,1080.5,1078,1080.5,40
2026-01-05T14:00:00+00:00,1079,1080.5,1078.5,1080,29
2026-01-05T15:00:00+00:00,1081,1084,1080,1084,24
2026-01-05T16:00:00+00:00,1084.5,1085.5,1083.5,1085,24
2026-01-05T17:00:00+00:00,1086.5,1087,1085.5,1087,21
2026-01-05T18:00:00+00:00,1087,1087.5,1087,1087,22
2026-01-05T19:00:00+00:00,1086.5,1086.5,1086.5,1086.5,7
2026-01-06T01:00:00+00:00,1085,1088,1085,1088,0
2026-01-06T02:00:00+00:00,1088,1089.5,1088,1088.5,24
2026-01-06T03:00:00+00:00,1088.5,1089.5,1088.5,1089.5,10
2026-01-06T04:00:00+00:00,1089,1089.5,1089,1089.5,8
2026-01-06T05:00:00+00:00,1089.5,1089.5,1089,1089,38
2026-01-06T06:00:00+00:00,1089,1089.5,1089,1089.5,18
2026-01-06T07:00:00+00:00,1089.5,1089.5,1089.5,1089.5,28
2026-01-06T08:00:00+00:00,1088.5,1088.5,1088,1088,30
2026-01-06T09:00:00+00:00,1088.5,1089,1087.5,1087.5,32
2026-01-06T10:00:00+00:00,1087.5,1088,1087.5,1087.5,22
2026-01-06T11:00:00+00:00,1087.5,1088,1087,1088,20
2026-01-06T12:00:00+00:00,1088,1089,1087.5,1088.5,40
2026-01-06T13:00:00+00:00,1089,1090,1089,1089.5,23
2026-01-06T14:00:00+00:00,1091.5,1091.5,1089,1090.5,41
2026-01-06T15:00:00+00:00,1090,1090,1088,1088.5,29
2026-01-06T16:00:00+00:00,1090,1090,1088.5,1090,0
2026-01-06T17:00:00+00:00,1087.5,1087.5,1087,1087,449
2026-01-06T18:00:00+00:00,1086.5,1086.5,1082.5,1082.5,53
2026-01-06T19:00:00+00:00,1082,1082,1080.5,1080.5,0
2026-01-07T01:00:00+00:00,1080.5,1083,1080.5,1083,7
2026-01-07T04:00:00+00:00,1087,1087,1087,1087,1
2026-01-07T06:00:00+00:00,1087.5,1089,1087.5,1088.5,27
2026-01-07T07:00:00+00:00,1087.5,1087.5,1086.5,1086.5,17
2026-01-07T12:00:00+00:00,1087,1089,1087,1089,4
2026-01-07T13:00:00+00:00,1089,1089.5,1089,1089,14
2026-01-07T14:00:00+00:00,1089,1090,1089,1090,33
2026-01-07T15:00:00+00:00,1088,1089,1087,1089,22
2026-01-07T16:00:00+00:00,1087.5,1090.5,1087.5,1089.5,54
2026-01-07T17:00:00+00:00,1090.5,1092,1089.5,1090.5,39
2026-01-07T18:00:00+00:00,1090.5,1091.5,1089.5,1090,28
2026-01-07T19:00:00+00:00,1091,1091,1089,1089,20
2026-01-08T01:00:00+00:00,1089.5,1090,1089.5,1090,0
2026-01-08T02:00:00+00:00,1088,1088,1088,1088,4
2026-01-08T07:00:00+00:00,1074.5,1074.5,1074.5,1074.5,0
2026-01-08T08:00:00+00:00,1075,1075.5,1075,1075,38
2026-01-08T09:00:00+00:00,1074.5,1076,1074.5,1076,8
2026-01-08T10:00:00+00:00,1077.5,1078,1077.5,1077.5,12
2026-01-08T11:00:00+00:00,1078,1078.5,1078,1078,10
2026-01-08T12:00:00+00:00,1077,1078.5,1077,1078.5,16
2026-01-08T14:00:00+00:00,1078.5,1079,1077,1077,41
2026-01-08T15:00:00+00:00,1076.5,1077,1074,1076.5,113
2026-01-08T16:00:00+00:00,1076.5,1076.5,1075,1075.5,50
2026-01-08T17:00:00+00:00,1075.5,1076,1073.5,1074,37
2026-01-08T18:00:00+00:00,1073.5,1073.5,1073,1073.5,15
2026-01-08T19:00:00+00:00,1074,1074,1073,1073,18
2026-01-09T01:00:00+00:00,1074,1074,1074,1074,0
2026-01-09T03:00:00+00:00,1076.5,1077,1076.5,1077,14
2026-01-09T05:00:00+00:00,1078.5,1078.5,1078.5,1078.5,2
2026-01-09T06:00:00+00:00,1079,1080.5,1079,1079,27
2026-01-09T07:00:00+00:00,1078.5,1078.5,1078.5,1078.5,1
2026-01-09T08:00:00+00:00,1078.5,1078.5,1077.5,1077.5,10
2026-01-09T09:00:00+00:00,1078.5,1078.5,1078.5,1078.5,4
2026-01-09T10:00:00+00:00,1077.5,1078,1077.5,1078,5
2026-01-09T12:00:00+00:00,1078.5,1078.5,1078.5,1078.5,6
2026-01-09T14:00:00+00:00,1077.5,1078,1077.5,1077.5,11
2026-01-09T15:00:00+00:00,1077.5,1077.5,1077.5,1077.5,5
2026-01-09T16:00:00+00:00,1076.5,1078.5,1076.5,1077,27
2026-01-09T17:00:00+00:00,1078.5,1078.5,1075.5,1076,25
2026-01-09T18:00:00+00:00,1076.5,1076.5,1074,1074,12
2026-01-09T19:00:00+00:00,1088,1088,1088,1088,72
2026-01-12T01:00:00+00:00,1063,1063,1063,1063,0
2026-01-12T02:00:00+00:00,1063,1063,1063,1063,2
2026-01-12T03:00:00+00:00,1062.5,1062.5,1062,1062,3
2026-01-12T05:00:00+00:00,1062.5,1062.5,1062.5,1062.5,1
2026-01-12T06:00:00+00:00,1063,1063,1062,1062.5,15
2026-01-12T07:00:00+00:00,1062,1063,1062,1063,4
2026-01-12T08:00:00+00:00,1064.5,1090,1064.5,1090,34
2026-01-12T09:00:00+00:00,1090,1090,1090,1090,8
2026-01-12T10:00:00+00:00,1091.5,1091.5,1091.5,1091.5,2
2026-01-12T11:00:00+00:00,1092.5,1092.5,1092,1092,17
2026-01-12T13:00:00+00:00,1092.5,1093,1091.5,1092.5,32
2026-01-12T14:00:00+00:00,1092,1092.5,1090.5,1091.5,30
2026-01-12T15:00:00+00:00,1091.5,1094.5,1091.5,1094.5,69
2026-01-12T16:00:00+00:00,1094,1096,1093.5,1094.5,29
2026-01-12T17:00:00+00:00,1094.5,1094.5,1071.5,1075.5,189
2026-01-12T18:00:00+00:00,1076.5,1076.5,1073,1074,40
2026-01-12T19:00:00+00:00,1074.5,1077,1074.5,1077,24
2026-01-13T01:00:00+00:00,1077,1077.5,1074.5,1076,0
2026-01-13T03:00:00+00:00,1076,1076,1076,1076,4
2026-01-13T06:00:00+00:00,1073.5,1074,1073.5,1073.5,7
2026-01-13T07:00:00+00:00,1072,1072,1071.5,1071.5,61
2026-01-13T08:00:00+00:00,1056.5,1056.5,1056,1056.5,98
2026-01-13T09:00:00+00:00,1058.5,1058.5,1058,1058,6
2026-01-13T10:00:00+00:00,1057.5,1057.5,1057.5,1057.5,2
2026-01-13T11:00:00+00:00,1055,1055,1055,1055,3
2026-01-13T12:00:00+00:00,1056,1056,1056,1056,4
2026-01-13T13:00:00+00:00,1058,1058,1057.5,1057.5,37
2026-01-13T14:00:00+00:00,1059,1059.5,1055.5,1057,56
2026-01-13T15:00:00+00:00,1057,1059.5,1057,1059.5,123
2026-01-13T16:00:00+00:00,1060,1060,1057,1057,37
2026-01-13T17:00:00+00:00,1058,1058,1052.5,1052.5,31
2026-01-13T18:00:00+00:00,1052,1053,1051.5,1052,46
2026-01-13T19:00:00+00:00,1052,1053,1052,1052.5,7
2026-01-14T01:00:00+00:00,1054,1054,1054,1054,0
2026-01-14T05:00:00+00:00,1054,1054,1054,1054,1
2026-01-14T06:00:00+00:00,1054.5,1054.5,1054.5,1054.5,4
2026-01-14T07:00:00+00:00,1053.5,1053.5,1053,1053,7
2026-01-14T08:00:00+00:00,1041.5,1042.5,1041.5,1042.5,35
2026-01-14T09:00:00+00:00,1042.5,1043,1042,1043,6
2026-01-14T10:00:00+00:00,1043,1043.5,1043,1043.5,7
2026-01-14T11:00:00+00:00,1044,1044,1043,1043.5,6
2026-01-14T12:00:00+00:00,1045,1045.5,1045,1045,15
2026-01-14T13:00:00+00:00,1045.5,1048,1045.5,1048,3
2026-01-14T14:00:00+00:00,1048,1049,1044,1044,61
2026-01-14T15:00:00+00:00,1044.5,1047.5,1044.5,1045,70
2026-01-14T16:00:00+00:00,1045,1046,1043.5,1045.5,30
2026-01-14T17:00:00+00:00,1046,1047,1045,1045,26
2026-01-14T18:00:00+00:00,1044.5,1044.5,1041,1043,42
2026-01-14T19:00:00+00:00,1041.5,1043,1041,1042,35
2026-01-15T01:00:00+00:00,1047,1047,1043,1043,0
2026-01-15T02:00:00+00:00,1043,1043,1042,1042,8
2026-01-15T03:00:00+00:00,1043.5,1043.5,1043.5,1043.5,1
2026-01-15T07:00:00+00:00,1042,1042,1042,1042,2
2026-01-15T08:00:00+00:00,1043,1043.5,1043,1043.5,3
2026-01-15T09:00:00+00:00,1056,1056.5,1056,1056.5,45
2026-01-15T10:00:00+00:00,1056,1056,1056,1056,2
2026-01-15T11:00:00+00:00,1058,1058,1058,1058,8
2026-01-15T12:00:00+00:00,1055.5,1055.5,1055.5,1055.5,5
2026-01-15T13:00:00+00:00,1055.5,1055.5,1055.5,1055.5,1
2026-01-15T14:00:00+00:00,1056.5,1068.5,1056.5,1068.5,90
2026-01-15T15:00:00+00:00,1069,1069.5,1064,1067,110
2026-01-15T16:00:00+00:00,1067.5,1067.5,1064.5,1066.5,81
2026-01-15T17:00:00+00:00,1066.5,1067.5,1065,1067,25
2026-01-15T18:00:00+00:00,1067,1067,1064.5,1064.5,34
2026-01-15T19:00:00+00:00,1064.5,1064.5,1063.5,1063.5,25
2026-01-16T01:00:00+00:00,1064,1065,1064,1065,0
2026-01-16T02:00:00+00:00,1065.5,1065.5,1064.5,1064.5,14
2026-01-16T03:00:00+00:00,1065.5,1065.5,1065.5,1065.5,10
2026-01-16T04:00:00+00:00,1065,1065,1065,1065,1
2026-01-16T05:00:00+00:00,1064.5,1064.5,1064.5,1064.5,2
2026-01-16T08:00:00+00:00,1065,1079,1065,1079,33
2026-01-16T09:00:00+00:00,1078.5,1078.5,1078.5,1078.5,2
2026-01-16T11:00:00+00:00,1079.5,1079.5,1079,1079,2
2026-01-16T13:00:00+00:00,1076.5,1076.5,1076.5,1076.5,12
2026-01-16T14:00:00+00:00,1075,1075,1072.5,1074,42
2026-01-16T15:00:00+00:00,1073.5,1077,1073.5,1076,64
2026-01-16T16:00:00+00:00,1076,1077.5,1076,1077,21
2026-01-16T17:00:00+00:00,1078.5,1080,1078.5,1079,17
2026-01-16T18:00:00+00:00,1079,1082,1079,1080.5,26
2026-01-16T19:00:00+00:00,1080.5,1081.5,1080.5,1081.5,3
2026-01-20T08:00:00+00:00,1066,1066,1065,1066,119
2026-01-20T09:00:00+00:00,1065.5,1066,1065.5,1066,8
2026-01-20T10:00:00+00:00,1066,1066,1065.5,1065.5,13
2026-01-20T11:00:00+00:00,1066,1067,1066,1066.5,23
2026-01-20T12:00:00+00:00,1067.5,1068,1067.5,1068,6
2026-01-20T13:00:00+00:00,1067,1070,1066.5,1068.5,27
2026-01-20T14:00:00+00:00,1068,1069,1065.5,1067.5,61
2026-01-20T15:00:00+00:00,1068.5,1068.5,1065,1067,69
2026-01-20T16:00:00+00:00,1067.5,1070.5,1067.5,1070.5,47
2026-01-20T17:00:00+00:00,1071.5,1072.5,1069,1069.5,54
2026-01-20T18:00:00+00:00,1069,1069,1065,1065,65
2026-01-20T19:00:00+00:00,1064.5,1064.5,1063.5,1064,22
2026-01-21T01:00:00+00:00,1066,1066,1066,1066,0
2026-01-21T02:00:00+00:00,1066,1066.5,1066,1066.5,6
2026-01-21T03:00:00+00:00,1066.5,1066.5,1066.5,1066.5,4
2026-01-21T06:00:00+00:00,1069.5,1069.5,1068.5,1068.5,28
2026-01-21T07:00:00+00:00,1068.5,1068.5,1068.5,1068.5,2
2026-01-21T08:00:00+00:00,1082.5,1082.5,1082.5,1082.5,39
2026-01-21T10:00:00+00:00,1061.5,1063,1061.5,1063,5
2026-01-21T11:00:00+00:00,1063.5,1064,1062.5,1063,26
2026-01-21T12:00:00+00:00,1063.5,1064.5,1063.5,1063.5,5
2026-01-21T13:00:00+00:00,1063.5,1065.5,1063.5,1064,22
2026-01-21T14:00:00+00:00,1064,1066.5,1063,1064,66
2026-01-21T15:00:00+00:00,1064,1065.5,1062,1065.5,77
2026-01-21T16:00:00+00:00,1065.5,1069,1065.5,1066.5,81
2026-01-21T17:00:00+00:00,1067,1067.5,1064,1065,35
2026-01-21T18:00:00+00:00,1065.5,1066.5,1065,1065.5,84
2026-01-21T19:00:00+00:00,1065,1065.5,1064,1064.5,118
2026-01-22T01:00:00+00:00,1067,1067,1058,1065,0
2026-01-22T02:00:00+00:00,1068,1068,1068,1068,2
2026-01-22T03:00:00+00:00,1066.5,1066.5,1066,1066.5,19
2026-01-22T04:00:00+00:00,1066.5,1066.5,1066.5,1066.5,2
2026-01-22T05:00:00+00:00,1064.5,1066,1064.5,1066,18
2026-01-22T06:00:00+00:00,1065.5,1066.5,1065.5,1066.5,40
2026-01-22T07:00:00+00:00,1067,1067,1066,1066,7
2026-01-22T08:00:00+00:00,1067.5,1067.5,1067.5,1067.5,1
2026-01-22T09:00:00+00:00,1068,1068,1067,1067,16
2026-01-22T10:00:00+00:00,1067,1067,1067,1067,1
2026-01-22T11:00:00+00:00,1066,1066,1065.5,1066,14
2026-01-22T12:00:00+00:00,1069,1069,1069,1069,1
2026-01-22T13:00:00+00:00,1069,1069,1068.5,1068.5,2
2026-01-22T14:00:00+00:00,1069,1072,1067.5,1067.5,93
2026-01-22T15:00:00+00:00,1068,1068,1064.5,1066,81
2026-01-22T16:00:00+00:00,1065.5,1066.5,1062,1063,65
2026-01-22T17:00:00+00:00,1063,1064,1062,1062.5,32
2026-01-22T18:00:00+00:00,1061.5,1063.5,1061,1063.5,36
2026-01-22T19:00:00+00:00,1064,1064.5,1064,1064,13
2026-01-23T01:00:00+00:00,1065.5,1065.5,1065,1065,0
2026-01-23T02:00:00+00:00,1063.5,1063.5,1062.5,1063,27
2026-01-23T03:00:00+00:00,1062,1062,1062,1062,3
2026-01-23T05:00:00+00:00,1062.5,1063,1062,1063,5
2026-01-23T06:00:00+00:00,1063,1063,1062,1062.5,37
2026-01-23T08:00:00+00:00,1061.5,1063.5,1061.5,1063.5,21
2026-01-23T09:00:00+00:00,1063.5,1065.5,1063.5,1065.5,5
2026-01-23T11:00:00+00:00,1066.5,1068,1066.5,1067.5,14
2026-01-23T12:00:00+00:00,1067.5,1068,1067.5,1068,3
2026-01-23T13:00:00+00:00,1068,1068,1068,1068,4
2026-01-23T14:00:00+00:00,1069,1070,1068,1068.5,26
2026-01-23T15:00:00+00:00,1069,1071,1068,1070,49
2026-01-23T16:00:00+00:00,1069.5,1069.5,1067.5,1069.5,45
2026-01-23T17:00:00+00:00,1069.5,1070,1069,1069.5,13
2026-01-23T18:00:00+00:00,1069,1069,1066.5,1067.5,77
2026-01-23T19:00:00+00:00,1067.5,1068,1067.5,1068,70
2026-01-26T01:00:00+00:00,1070,1074,1070,1073.5,42
2026-01-26T02:00:00+00:00,1075,1075,1074.5,1075,4
2026-01-26T03:00:00+00:00,1074,1074,1073.5,1073.5,4
2026-01-26T04:00:00+00:00,1074,1074.5,1073.5,1073.5,3
2026-01-26T05:00:00+00:00,1074.5,1074.5,1074,1074,5
2026-01-26T06:00:00+00:00,1075,1076.5,1074.5,1074.5,28
2026-01-26T07:00:00+00:00,1075,1075,1075,1075,1
2026-01-26T08:00:00+00:00,1075.5,1075.5,1072,1072,20
2026-01-26T09:00:00+00:00,1073,1073,1072.5,1072.5,2
2026-01-26T10:00:00+00:00,1072,1072,1071.5,1071.5,21
2026-01-26T11:00:00+00:00,1071.5,1072,1071.5,1072,4
2026-01-26T13:00:00+00:00,1069.5,1070,1066.5,1067,39
2026-01-26T14:00:00+00:00,1067.5,1069,1064.5,1068,36
2026-01-26T15:00:00+00:00,1068.5,1069,1063.5,1063.5,56
2026-01-26T16:00:00+00:00,1063,1064.5,1060.5,1063.5,65
2026-01-26T17:00:00+00:00,1063,1063,1062,1063,25
2026-01-26T18:00:00+00:00,1063,1063,1062,1062,228
2026-01-26T19:00:00+00:00,1061.5,1061.5,1059.5,1061,76
2026-01-27T01:00:00+00:00,1058,1061.5,1058,1059,0
2026-01-27T02:00:00+00:00,1059,1060.5,1059,1060.5,22
2026-01-27T04:00:00+00:00,1060.5,1060.5,1060.5,1060.5,1
2026-01-27T05:00:00+00:00,1060.5,1060.5,1060.5,1060.5,3
2026-01-27T07:00:00+00:00,1062.5,1062.5,1062.5,1062.5,12
2026-01-27T08:00:00+00:00,1061.5,1074,1061.5,1074,4
2026-01-27T09:00:00+00:00,1074,1076,1074,1076,57
2026-01-27T10:00:00+00:00,1076,1076,1076,1076,1
2026-01-27T13:00:00+00:00,1078,1080,1078,1080,2
2026-01-27T14:00:00+00:00,1078.5,1079,1077.5,1078.5,10
2026-01-27T15:00:00+00:00,1079,1081.5,1078,1081.5,34
2026-01-27T16:00:00+00:00,1080.5,1080.5,1080,1080,28
2026-01-27T17:00:00+00:00,1079.5,1080,1079.5,1080,4
2026-01-27T18:00:00+00:00,1080,1080,1079,1079,4
2026-01-27T19:00:00+00:00,1079,1079,1067,1067,0
2026-01-28T01:00:00+00:00,1063.5,1070.5,1063.5,1070.5,8
2026-01-28T02:00:00+00:00,1072,1073,1072,1073,12
2026-01-28T03:00:00+00:00,1073,1073,1072.5,1073,3
2026-01-28T04:00:00+00:00,1073.5,1073.5,1073.5,1073.5,2
2026-01-28T05:00:00+00:00,1074,1074.5,1074,1074.5,23
2026-01-28T07:00:00+00:00,1074,1074,1074,1074,8
2026-01-28T08:00:00+00:00,1074,1086.5,1074,1086.5,40
2026-01-28T09:00:00+00:00,1087,1088.5,1087,1088.5,14
2026-01-28T10:00:00+00:00,1088.5,1088.5,1088,1088,17
2026-01-28T11:00:00+00:00,1090.5,1090.5,1089.5,1089.5,19
2026-01-28T12:00:00+00:00,1088.5,1090,1088.5,1090,10
2026-01-28T13:00:00+00:00,1090.5,1090.5,1090.5,1090.5,6
2026-01-28T14:00:00+00:00,1090,1096,1089.5,1093.5,128
2026-01-28T15:00:00+00:00,1094,1094,1087,1087.5,105
2026-01-28T16:00:00+00:00,1088,1091,1087.5,1091,55
2026-01-28T17:00:00+00:00,1089,1089.5,1088.5,1089,19
2026-01-28T18:00:00+00:00,1089,1089,1086.5,1087.5,34
2026-01-28T19:00:00+00:00,1087.5,1087.5,1087,1087.5,8
2026-01-29T01:00:00+00:00,1080.5,1080.5,1077.5,1077.5,0
2026-01-29T02:00:00+00:00,1075.5,1076.5,1075.5,1076.5,3
2026-01-29T03:00:00+00:00,1076,1078,1076,1078,8
2026-01-29T04:00:00+00:00,1077,1077,1077,1077,1
2026-01-29T05:00:00+00:00,1077,1077,1077,1077,1
2026-01-29T06:00:00+00:00,1078.5,1081.5,1078.5,1081,36
2026-01-29T07:00:00+00:00,1081.5,1081.5,1081,1081,2
2026-01-29T08:00:00+00:00,1081,1107,1080.5,1107,51
2026-01-29T09:00:00+00:00,1106.5,1106.5,1106,1106.5,8
2026-01-29T11:00:00+00:00,1107,1107,1107,1107,1
2026-01-29T12:00:00+00:00,1108,1108,1108,1108,4
2026-01-29T13:00:00+00:00,1108.5,1109,1105,1105,39
2026-01-29T14:00:00+00:00,1109,1110.5,1107,1108,48
2026-01-29T15:00:00+00:00,1106.5,1107,1098,1098,114
2026-01-29T16:00:00+00:00,1098.5,1102,1098.5,1099,51
2026-01-29T17:00:00+00:00,1100,1102,1098.5,1100,32
2026-01-29T18:00:00+00:00,1098.5,1099,1097,1098.5,40
2026-01-29T19:00:00+00:00,1099,1099.5,1071.5,1071.5,0
2026-01-30T01:00:00+00:00,1070.5,1070.5,1068,1068.5,31
2026-01-30T02:00:00+00:00,1068.5,1068.5,1065.5,1067,18
2026-01-30T03:00:00+00:00,1067,1067,1066,1066,5
2026-01-30T04:00:00+00:00,1067,1067,1067,1067,5
2026-01-30T05:00:00+00:00,1067,1067,1067,1067,1
2026-01-30T06:00:00+00:00,1069,1069,1068,1069,12
2026-01-30T08:00:00+00:00,1066,1066,1065,1065,18
2026-01-30T09:00:00+00:00,1065.5,1065.5,1062.5,1063.5,4
2026-01-30T11:00:00+00:00,1066,1066.5,1066,1066,104
2026-01-30T12:00:00+00:00,1066.5,1067,1066,1066.5,117
2026-01-30T13:00:00+00:00,1066,1066.5,1065,1066,190
2026-01-30T14:00:00+00:00,1066.5,1070,1066,1069.5,88
2026-01-30T15:00:00+00:00,1068.5,1070.5,1067,1070,73
2026-02-02T18:00:00+00:00,1059,1059.5,1059,1059.5,552
2026-02-02T19:00:00+00:00,1059.5,1060.5,1059.5,1060.5,48
2026-02-03T01:00:00+00:00,1062,1064.5,1062,1064.5,0
2026-02-03T02:00:00+00:00,1063,1063,1063,1063,4
2026-02-03T04:00:00+00:00,1063,1063,1063,1063,1
2026-02-03T05:00:00+00:00,1063,1063,1063,1063,1
2026-02-03T06:00:00+00:00,1062.5,1062.5,1060.5,1060.5,17
2026-02-03T07:00:00+00:00,1061,1061,1061,1061,2
2026-02-03T08:00:00+00:00,1063,1089,1063,1088,73
2026-02-03T09:00:00+00:00,1089,1091,1089,1090.5,28
2026-02-03T10:00:00+00:00,1078.5,1079.5,1078.5,1079.5,5
2026-02-03T11:00:00+00:00,1079.5,1079.5,1079.5,1079.5,4
2026-02-03T12:00:00+00:00,1082,1082,1082,1082,2
2026-02-03T13:00:00+00:00,1081.5,1081.5,1080.5,1081.5,28
2026-02-03T14:00:00+00:00,1080,1082,1079.5,1080,82
2026-02-03T15:00:00+00:00,1080,1081,1077.5,1080.5,72
2026-02-03T16:00:00+00:00,1080,1080.5,1077,1078,87
2026-02-03T17:00:00+00:00,1077.5,1080,1077,1080,48
2026-02-03T18:00:00+00:00,1078.5,1078.5,1076,1076.5,44
2026-02-03T19:00:00+00:00,1076,1078,1075.5,1078,30
2026-02-04T01:00:00+00:00,1078,1080.5,1078,1079,0
2026-02-04T02:00:00+00:00,1079,1079,1078,1078,8
2026-02-04T03:00:00+00:00,1077,1077,1077,1077,2
2026-02-04T05:00:00+00:00,1077,1077,1077,1077,1
2026-02-04T06:00:00+00:00,1076,1076.5,1076,1076.5,16
2026-02-04T07:00:00+00:00,1077,1077,1064.5,1064.5,0
2026-02-04T08:00:00+00:00,1062,1062,1062,1062,73
2026-02-04T09:00:00+00:00,1061.5,1061.5,1061.5,1061.5,10
2026-02-04T10:00:00+00:00,1062,1063,1062,1063,10
2026-02-04T11:00:00+00:00,1063,1063,1062.5,1062.5,6
2026-02-04T12:00:00+00:00,1062,1062.5,1062,1062.5,143
2026-02-04T13:00:00+00:00,1062.5,1062.5,1062.5,1062.5,31
2026-02-04T14:00:00+00:00,1062.5,1067,1062.5,1063.5,235
2026-02-04T15:00:00+00:00,1063,1095,1059.5,1092,1100
2026-02-04T16:00:00+00:00,1092,1115.5,1090,1091.5,2236
2026-02-04T17:00:00+00:00,1091.5,1097.5,1091,1091,1703
2026-02-04T18:00:00+00:00,1091,1094,1088.5,1092.5,1067
2026-02-04T19:00:00+00:00,1093,1093.5,1091,1092,360
2026-02-05T01:00:00+00:00,1090.5,1097.5,1089.5,1091.5,0
2026-02-05T02:00:00+00:00,1090,1090,1088,1088,85
2026-02-05T03:00:00+00:00,1088,1099,1088,1098,82
2026-02-05T04:00:00+00:00,1100,1102,1100,1101,113
2026-02-05T05:00:00+00:00,1100.5,1100.5,1099.5,1100,63
2026-02-05T06:00:00+00:00,1100,1100,1096,1097.5,108
2026-02-05T07:00:00+00:00,1099,1100.5,1099,1100.5,27
2026-02-05T08:00:00+00:00,1102,1102,1097.5,1101,58
2026-02-05T09:00:00+00:00,1101,1105,1100.5,1104,102
2026-02-05T10:00:00+00:00,1103.5,1105,1101.5,1101.5,95
2026-02-05T11:00:00+00:00,1102,1104.5,1102,1103.5,79
2026-02-05T12:00:00+00:00,1105,1105,1100.5,1101,69
2026-02-05T13:00:00+00:00,1100.5,1101.5,1099.5,1101.5,79
2026-02-05T14:00:00+00:00,1102,1109,1099,1107,266
2026-02-05T15:00:00+00:00,1107.5,1110.5,1105.5,1107,253
2026-02-05T16:00:00+00:00,1107.5,1111.5,1106.5,1109,144
2026-02-05T17:00:00+00:00,1110,1111,1108,1109.5,72
2026-02-05T18:00:00+00:00,1110,1113,1110,1112,81
2026-02-05T19:00:00+00:00,1111.5,1112.5,1111,1111,46
2026-02-06T01:00:00+00:00,1111.5,1112,1101.5,1106.5,0
2026-02-06T02:00:00+00:00,1106.5,1108,1106,1108,11
2026-02-06T03:00:00+00:00,1108,1108,1108,1108,1
2026-02-06T04:00:00+00:00,1106.5,1106.5,1106.5,1106.5,2
2026-02-06T05:00:00+00:00,1106.5,1108,1106.5,1107.5,28
2026-02-06T06:00:00+00:00,1107,1107,1103.5,1104,15
2026-02-06T07:00:00+00:00,1104,1105,1104,1105,32
2026-02-06T08:00:00+00:00,1131,1132,1131,1132,73
2026-02-06T09:00:00+00:00,1131,1135.5,1131,1135.5,30
2026-02-06T10:00:00+00:00,1135,1138.5,1134.5,1138.5,40
2026-02-06T11:00:00+00:00,1139.5,1142.5,1138.5,1141.5,36
2026-02-06T12:00:00+00:00,1142.5,1143,1141.5,1142,57
2026-02-06T13:00:00+00:00,1142.5,1146,1142.5,1144,96
2026-02-06T14:00:00+00:00,1144.5,1156,1144.5,1148.5,290
2026-02-06T15:00:00+00:00,1148,1159,1147,1156.5,392
2026-02-06T16:00:00+00:00,1154.5,1156.5,1147,1148,338
2026-02-06T17:00:00+00:00,1147.5,1147.5,1137,1137.5,318
2026-02-06T18:00:00+00:00,1136.5,1139.5,1135,1137,262
2026-02-06T19:00:00+00:00,1136.5,1139.5,1136,1139.5,74
2026-02-09T01:00:00+00:00,1114,1114,1105,1110,13
2026-02-09T04:00:00+00:00,1111.5,1111.5,1111.5,1111.5,1
2026-02-09T06:00:00+00:00,1109.5,1110,1109.5,1110,14
2026-02-09T07:00:00+00:00,1110,1122.5,1110,1122.5,0
2026-02-09T08:00:00+00:00,1123.5,1125.5,1123.5,1124.5,93
2026-02-09T09:00:00+00:00,1122.5,1122.5,1121.5,1121.5,16
2026-02-09T10:00:00+00:00,1120.5,1123.5,1120.5,1123,5
2026-02-09T11:00:00+00:00,1123.5,1124,1123.5,1123.5,15
2026-02-09T12:00:00+00:00,1126.5,1126.5,1126.5,1126.5,12
2026-02-09T13:00:00+00:00,1127,1127,1126.5,1127,17
2026-02-09T14:00:00+00:00,1129,1129.5,1124.5,1127.5,138
2026-02-09T15:00:00+00:00,1127,1127.5,1121.5,1122,144
2026-02-09T16:00:00+00:00,1123,1125.5,1122,1123,104
2026-02-09T17:00:00+00:00,1122.5,1122.5,1121,1121,74
2026-02-09T18:00:00+00:00,1121,1124.5,1120.5,1124.5,59
2026-02-09T19:00:00+00:00,1125,1135.5,1125,1135.5,0
2026-02-10T01:00:00+00:00,1135,1137,1135,1137,10
2026-02-10T02:00:00+00:00,1137.5,1139,1137.5,1138.5,13
2026-02-10T03:00:00+00:00,1137.5,1137.5,1137.5,1137.5,8
2026-02-10T05:00:00+00:00,1138,1138,1138,1138,6
2026-02-10T06:00:00+00:00,1137,1137,1136,1136,4
2026-02-10T07:00:00+00:00,1136,1136,1136,1136,7
2026-02-10T08:00:00+00:00,1136,1136,1109.5,1109.5,18
2026-02-10T09:00:00+00:00,1109.5,1109.5,1107,1107,5
2026-02-10T10:00:00+00:00,1107.5,1109,1107,1109,27
2026-02-10T11:00:00+00:00,1109.5,1114,1109.5,1114,16
2026-02-10T12:00:00+00:00,1114,1115,1114,1115,3
2026-02-10T13:00:00+00:00,1115,1116.5,1115,1115,10
2026-02-10T14:00:00+00:00,1140,1143,1139.5,1142,115
2026-02-10T15:00:00+00:00,1143,1149,1143,1148,90
2026-02-10T16:00:00+00:00,1147,1149.5,1145.5,1145.5,80
2026-02-10T17:00:00+00:00,1146,1148,1140.5,1146.5,70
2026-02-10T18:00:00+00:00,1146.5,1149,1145.5,1145.5,70
2026-02-10T19:00:00+00:00,1146.5,1150.5,1123,1123,0
2026-02-11T01:00:00+00:00,1123,1124,1122.5,1122.5,12
2026-02-11T02:00:00+00:00,1125,1125,1125,1125,5
2026-02-11T04:00:00+00:00,1123.5,1123.5,1122.5,1122.5,4
2026-02-11T05:00:00+00:00,1122.5,1122.5,1122.5,1122.5,1
2026-02-11T06:00:00+00:00,1123.5,1124,1121.5,1122,30
2026-02-11T07:00:00+00:00,1121.5,1122.5,1121.5,1121.5,25
2026-02-11T08:00:00+00:00,1120.5,1122.5,1120.5,1122.5,2
2026-02-11T09:00:00+00:00,1120,1120,1118.5,1118.5,10
2026-02-11T10:00:00+00:00,1119,1119,1118.5,1118.5,6
2026-02-11T11:00:00+00:00,1119.5,1120,1119.5,1120,5
2026-02-11T12:00:00+00:00,1119.5,1120.5,1119.5,1120,18
2026-02-11T13:00:00+00:00,1121,1121,1118.5,1118.5,37
2026-02-11T14:00:00+00:00,1119.5,1120,1115.5,1116.5,149
2026-02-11T15:00:00+00:00,1116,1119,1113.5,1115.5,226
2026-02-11T16:00:00+00:00,1115.5,1118,1113.5,1118,96
2026-02-11T17:00:00+00:00,1118,1123.5,1118,1123.5,93
2026-02-11T18:00:00+00:00,1124,1128,1123.5,1124,153
2026-02-11T19:00:00+00:00,1124,1124.5,1123,1123.5,49
2026-02-12T01:00:00+00:00,1128.5,1140,1128.5,1133.5,0
2026-02-12T02:00:00+00:00,1135,1135,1133.5,1133.5,12
2026-02-12T03:00:00+00:00,1135,1135,1134,1134.5,22
2026-02-12T04:00:00+00:00,1135,1135,1135,1135,3
2026-02-12T05:00:00+00:00,1135.5,1136,1135,1136,26
2026-02-12T06:00:00+00:00,1136.5,1136.5,1135.5,1135.5,12
2026-02-12T07:00:00+00:00,1133.5,1133.5,1131.5,1132,23
2026-02-12T08:00:00+00:00,1132,1151.5,1132,1151.5,74
2026-02-12T09:00:00+00:00,1151.5,1151.5,1151,1151.5,14
2026-02-12T10:00:00+00:00,1152,1153,1151,1153,30
2026-02-12T11:00:00+00:00,1152.5,1154.5,1152,1152,14
2026-02-12T12:00:00+00:00,1152.5,1153,1150.5,1150.5,49
2026-02-12T13:00:00+00:00,1150,1151,1150,1151,6
2026-02-12T14:00:00+00:00,1151,1156,1150.5,1152.5,77
2026-02-12T15:00:00+00:00,1151,1153.5,1150,1152.5,112
2026-02-12T16:00:00+00:00,1153.5,1155,1150,1151,86
2026-02-12T17:00:00+00:00,1151.5,1151.5,1147,1148.5,84
2026-02-12T18:00:00+00:00,1149.5,1152.5,1149,1152,41
2026-02-12T19:00:00+00:00,1151.5,1154,1151.5,1152,190
2026-02-13T01:00:00+00:00,1152,1152,1150,1152,0
2026-02-13T02:00:00+00:00,1153.5,1153.5,1153,1153.5,16
2026-02-13T03:00:00+00:00,1154.5,1155,1152,1152,51
2026-02-13T04:00:00+00:00,1152.5,1152.5,1152,1152.5,9
2026-02-13T05:00:00+00:00,1153,1153,1150,1150.5,10
2026-02-13T06:00:00+00:00,1151.5,1151.5,1150.5,1150.5,8
2026-02-13T08:00:00+00:00,1148.5,1150,1147.5,1149,45
2026-02-13T09:00:00+00:00,1148.5,1150.5,1146,1149,84
2026-02-13T10:00:00+00:00,1148.5,1149,1148.5,1149,19
2026-02-13T11:00:00+00:00,1146,1146,1145.5,1146,8
2026-02-13T12:00:00+00:00,1147,1148,1144.5,1144.5,12
2026-02-13T13:00:00+00:00,1144,1145.5,1142.5,1145.5,23
2026-02-13T14:00:00+00:00,1144.5,1147,1142.5,1143,135
2026-02-13T15:00:00+00:00,1143.5,1144,1126,1127,332
2026-02-13T16:00:00+00:00,1127.5,1130.5,1127,1130.5,123
2026-02-13T17:00:00+00:00,1131.5,1133,1130,1133,66
2026-02-13T18:00:00+00:00,1133,1135.5,1133,1135.5,68
2026-02-13T19:00:00+00:00,1135.5,1149,1132.5,1149,44
2026-02-17T08:00:00+00:00,1130,1130,1129.5,1130,120
2026-02-17T09:00:00+00:00,1128.5,1129.5,1128.5,1129.5,26
2026-02-17T10:00:00+00:00,1131.5,1132,1131.5,1132,13
2026-02-17T11:00:00+00:00,1132,1133,1132,1132.5,19
2026-02-17T12:00:00+00:00,1132.5,1132.5,1130.5,1130.5,42
2026-02-17T13:00:00+00:00,1130.5,1130.5,1130,1130.5,31
2026-02-17T14:00:00+00:00,1128.5,1136,1128,1136,153
2026-02-17T15:00:00+00:00,1136,1151.5,1132,1148.5,306
2026-02-17T16:00:00+00:00,1149,1153.5,1149,1153,189
2026-02-17T17:00:00+00:00,1152.5,1153.5,1149,1149.5,116
2026-02-17T18:00:00+00:00,1149,1149.5,1147.5,1148,94
2026-02-17T19:00:00+00:00,1148.5,1149.5,1148.5,1149.5,31
2026-02-18T01:00:00+00:00,1145.5,1159.5,1145.5,1155.5,0
2026-02-18T02:00:00+00:00,1155,1155,1155,1155,2
2026-02-18T03:00:00+00:00,1155.5,1155.5,1155.5,1155.5,3
2026-02-18T04:00:00+00:00,1155.5,1155.5,1155.5,1155.5,9
2026-02-18T05:00:00+00:00,1155,1155,1155,1155,4
2026-02-18T06:00:00+00:00,1155.5,1155.5,1155.5,1155.5,1
2026-02-18T07:00:00+00:00,1156,1156,1156,1156,1
2026-02-18T08:00:00+00:00,1168.5,1168.5,1168,1168,12
2026-02-18T09:00:00+00:00,1169,1169.5,1169,1169.5,6
2026-02-18T10:00:00+00:00,1171,1171,1170.5,1170.5,12
2026-02-18T11:00:00+00:00,1170.5,1171,1170.5,1170.5,12
2026-02-18T12:00:00+00:00,1170,1170,1169,1169,17
2026-02-18T13:00:00+00:00,1169.5,1170,1167.5,1167.5,32
2026-02-18T14:00:00+00:00,1169.5,1170,1164.5,1168,59
2026-02-18T15:00:00+00:00,1169.5,1169.5,1163.5,1163.5,104
2026-02-18T16:00:00+00:00,1164,1166.5,1162,1163,96
2026-02-18T17:00:00+00:00,1163,1163,1156.5,1160.5,138
2026-02-18T18:00:00+00:00,1160,1161.5,1160,1160.5,50
2026-02-18T19:00:00+00:00,1160.5,1162,1160.5,1161,29
2026-02-19T03:00:00+00:00,1162.5,1163.5,1162.5,1163,0
2026-02-19T04:00:00+00:00,1162.5,1162.5,1162.5,1162.5,2
2026-02-19T05:00:00+00:00,1162,1162,1162,1162,2
2026-02-19T06:00:00+00:00,1162.5,1162.5,1162.5,1162.5,3
2026-02-19T08:00:00+00:00,1151,1151,1151,1151,0
2026-02-19T09:00:00+00:00,1153,1153,1151.5,1152,123
2026-02-19T10:00:00+00:00,1152.5,1152.5,1137.5,1138.5,42
2026-02-19T11:00:00+00:00,1136,1136,1135.5,1136,15
2026-02-19T12:00:00+00:00,1136,1137,1133.5,1133.5,17
2026-02-19T14:00:00+00:00,1133.5,1136,1131.5,1133.5,52
2026-02-19T15:00:00+00:00,1133.5,1165,1133.5,1162,296
2026-02-19T16:00:00+00:00,1162.5,1165,1161,1163,133
2026-02-19T17:00:00+00:00,1163,1166,1163,1165.5,67
2026-02-19T18:00:00+00:00,1166,1166.5,1165.5,1166.5,27
2026-02-19T19:00:00+00:00,1166.5,1168.5,1166.5,1168,50
2026-02-20T01:00:00+00:00,1157.5,1157.5,1156,1156,0
2026-02-20T02:00:00+00:00,1157,1157,1156,1156.5,6
2026-02-20T03:00:00+00:00,1155.5,1155.5,1155.5,1155.5,6
2026-02-20T04:00:00+00:00,1154.5,1154.5,1154.5,1154.5,4
2026-02-20T06:00:00+00:00,1155.5,1155.5,1155,1155,2
2026-02-20T07:00:00+00:00,1155,1155,1155,1155,4
2026-02-20T08:00:00+00:00,1152.5,1153.5,1152.5,1152.5,14
2026-02-20T09:00:00+00:00,1155,1155,1153.5,1153.5,4
2026-02-20T10:00:00+00:00,1153,1153.5,1152,1153.5,6
2026-02-20T11:00:00+00:00,1153,1153,1153,1153,3
2026-02-20T12:00:00+00:00,1153,1157,1153,1157,83
2026-02-20T13:00:00+00:00,1156.5,1159.5,1155.5,1159.5,42
2026-02-20T14:00:00+00:00,1159.5,1162.5,1159.5,1161.5,139
2026-02-20T15:00:00+00:00,1162,1162.5,1136.5,1146,1568
2026-02-20T16:00:00+00:00,1146,1153,1146,1151,263
2026-02-20T17:00:00+00:00,1152,1156,1151,1153,270
2026-02-20T18:00:00+00:00,1154,1154,1147,1153.5,260
2026-02-20T19:00:00+00:00,1152.5,1153.5,1152,1153,49
2026-02-23T01:00:00+00:00,1152.5,1153,1145.5,1148,36
2026-02-23T02:00:00+00:00,1146.5,1146.5,1146.5,1146.5,1
2026-02-23T03:00:00+00:00,1145.5,1145.5,1143.5,1143.5,10
2026-02-23T05:00:00+00:00,1147,1147,1147,1147,1
2026-02-23T06:00:00+00:00,1146.5,1147.5,1146.5,1147.5,5
2026-02-23T07:00:00+00:00,1147,1147,1145.5,1145.5,9
2026-02-23T08:00:00+00:00,1146,1161.5,1146,1160,51
2026-02-23T09:00:00+00:00,1160.5,1160.5,1160.5,1160.5,4
2026-02-23T11:00:00+00:00,1157.5,1157.5,1157.5,1157.5,15
2026-02-23T12:00:00+00:00,1156.5,1156.5,1156.5,1156.5,17
2026-02-23T13:00:00+00:00,1159,1160,1159,1160,8
2026-02-23T14:00:00+00:00,1164.5,1170,1164.5,1169.5,123
2026-02-23T15:00:00+00:00,1170,1171.5,1158.5,1159.5,248
2026-02-23T16:00:00+00:00,1159.5,1164.5,1159.5,1163.5,136
2026-02-23T17:00:00+00:00,1163.5,1163.5,1155,1155,166
2026-02-23T18:00:00+00:00,1155,1155,1148.5,1149,142
2026-02-23T19:00:00+00:00,1148.5,1150,1148.5,1150,153
2026-02-24T01:00:00+00:00,1151.5,1151.5,1145.5,1146.5,0
2026-02-24T02:00:00+00:00,1147.5,1148.5,1147.5,1148,6
2026-02-24T03:00:00+00:00,1147,1147,1147,1147,17
2026-02-24T04:00:00+00:00,1146.5,1146.5,1146,1146,2
2026-02-24T05:00:00+00:00,1145,1145,1145,1145,9
2026-02-24T06:00:00+00:00,1146.5,1146.5,1146.5,1146.5,1
2026-02-24T07:00:00+00:00,1144.5,1144.5,1144.5,1144.5,12
2026-02-24T08:00:00+00:00,1146.5,1162,1146.5,1162,66
2026-02-24T10:00:00+00:00,1158,1159,1158,1159,7
2026-02-24T11:00:00+00:00,1159,1161,1158.5,1159,23
2026-02-24T12:00:00+00:00,1158.5,1159.5,1158.5,1159,18
2026-02-24T13:00:00+00:00,1159,1160,1159,1159.5,13
2026-02-24T14:00:00+00:00,1161.5,1169,1160.5,1168,199
2026-02-24T15:00:00+00:00,1168.5,1170,1154.5,1157.5,405
2026-02-24T16:00:00+00:00,1156.5,1157,1153.5,1156,175
2026-02-24T17:00:00+00:00,1156,1156.5,1154,1155,126
2026-02-24T18:00:00+00:00,1155.5,1156,1155,1155.5,54
2026-02-24T19:00:00+00:00,1155.5,1155.5,1154.5,1155,156
2026-02-25T01:00:00+00:00,1157,1164,1157,1162,0
2026-02-25T02:00:00+00:00,1163,1164,1163,1164,13
2026-02-25T03:00:00+00:00,1164,1165.5,1164,1164.5,37
2026-02-25T05:00:00+00:00,1164.5,1165,1164.5,1164.5,4
2026-02-25T06:00:00+00:00,1164,1164,1163,1163.5,9
2026-02-25T07:00:00+00:00,1163.5,1163.5,1160,1160,20
2026-02-25T08:00:00+00:00,1161.5,1161.5,1159.5,1159.5,34
2026-02-25T09:00:00+00:00,1161,1161,1159,1159.5,62
2026-02-25T10:00:00+00:00,1159,1160,1158.5,1159.5,74
2026-02-25T11:00:00+00:00,1159.5,1159.5,1158,1158,102
2026-02-25T12:00:00+00:00,1158,1158.5,1156.5,1158.5,154
2026-02-25T13:00:00+00:00,1158.5,1159,1157,1157,170
2026-02-25T14:00:00+00:00,1157,1157,1148.5,1149.5,78
2026-02-25T15:00:00+00:00,1150,1156.5,1150,1153,197
2026-02-25T16:00:00+00:00,1153,1160,1153,1160,58
2026-02-25T17:00:00+00:00,1160.5,1163.5,1160.5,1162,42
2026-02-25T18:00:00+00:00,1162,1162.5,1161,1161,25
2026-02-25T19:00:00+00:00,1164,1165.5,1163.5,1165.5,264
2026-02-26T01:00:00+00:00,1167,1168.5,1164.5,1168.5,0
2026-02-26T02:00:00+00:00,1168,1168.5,1166.5,1168,117
2026-02-26T03:00:00+00:00,1167.5,1167.5,1167.5,1167.5,32
2026-02-26T04:00:00+00:00,1168,1168.5,1168,1168,29
2026-02-26T05:00:00+00:00,1168,1169.5,1168,1169,58
2026-02-26T06:00:00+00:00,1168.5,1168.5,1168.5,1168.5,22
2026-02-26T07:00:00+00:00,1169,1170.5,1169,1170,26
2026-02-26T08:00:00+00:00,1170,1170,1169,1169.5,84
2026-02-26T09:00:00+00:00,1169,1169.5,1166.5,1167.5,105
2026-02-26T10:00:00+00:00,1167,1168,1166,1168,90
2026-02-26T11:00:00+00:00,1167.5,1168,1167,1167,44
2026-02-26T12:00:00+00:00,1166.5,1171.5,1166.5,1171,191
2026-02-26T13:00:00+00:00,1171.5,1172,1171,1172,23
2026-02-26T14:00:00+00:00,1170.5,1172,1161,1162,100
2026-02-26T15:00:00+00:00,1162.5,1165,1146,1154.5,539
2026-02-26T16:00:00+00:00,1154.5,1161,1154,1160.5,230
2026-02-26T17:00:00+00:00,1161,1161,1155.5,1158,251
2026-02-26T18:00:00+00:00,1157.5,1161,1156.5,1161,95
2026-02-26T19:00:00+00:00,1161.5,1164,1161.5,1163.5,35
2026-02-27T01:00:00+00:00,1163,1165,1158.5,1163.5,0
2026-02-27T02:00:00+00:00,1164,1166,1164,1165.5,31
2026-02-27T03:00:00+00:00,1166,1166,1164.5,1164.5,7
2026-02-27T04:00:00+00:00,1165.5,1165.5,1165,1165,4
2026-02-27T05:00:00+00:00,1166,1166,1166,1166,4
2026-02-27T06:00:00+00:00,1166.5,1166.5,1166.5,1166.5,1
2026-02-27T07:00:00+00:00,1166,1166,1165,1166,47
2026-02-27T08:00:00+00:00,1166,1168,1166,1167.5,105
2026-02-27T09:00:00+00:00,1167.5,1167.5,1166.5,1166.5,112
2026-02-27T10:00:00+00:00,1167,1167.5,1166.5,1167.5,119
2026-02-27T11:00:00+00:00,1167.5,1168.5,1167.5,1168,46
2026-02-27T12:00:00+00:00,1167.5,1169,1167.5,1168,125
2026-02-27T13:00:00+00:00,1168,1169,1168,1169,62
2026-02-27T14:00:00+00:00,1168.5,1170,1164,1164.5,129
2026-02-27T15:00:00+00:00,1164,1167,1161,1161,235
2026-02-27T16:00:00+00:00,1161,1164,1161,1163.5,94
2026-02-27T17:00:00+00:00,1164,1168,1164,1168,89
2026-02-27T18:00:00+00:00,1168.5,1174,1168.5,1173.5,276
2026-02-27T19:00:00+00:00,1174,1175.5,1169.5,1171,178
2026-03-02T01:00:00+00:00,1178,1185,1169,1169,238
2026-03-02T02:00:00+00:00,1169.5,1170,1167,1170,50
2026-03-02T03:00:00+00:00,1169.5,1170.5,1169,1170,34
2026-03-02T04:00:00+00:00,1170.5,1170.5,1170.5,1170.5,1
2026-03-02T05:00:00+00:00,1171,1171,1171,1171,1
2026-03-02T06:00:00+00:00,1170.5,1170.5,1169.5,1170.5,6
2026-03-02T07:00:00+00:00,1170,1172.5,1170,1172,75
2026-03-02T08:00:00+00:00,1171.5,1172,1169.5,1169.5,59
2026-03-02T09:00:00+00:00,1168,1173.5,1168,1173.5,31
2026-03-02T10:00:00+00:00,1173,1174,1173,1173.5,20
2026-03-02T11:00:00+00:00,1171.5,1171.5,1167.5,1169,97
2026-03-02T12:00:00+00:00,1167.5,1168,1164.5,1164.5,80
2026-03-02T13:00:00+00:00,1164.5,1165,1164,1164.5,61
2026-03-02T14:00:00+00:00,1165,1165,1157.5,1161,574
2026-03-02T15:00:00+00:00,1160.5,1167,1160.5,1165,647
2026-03-02T16:00:00+00:00,1165.5,1165.5,1158.5,1163,520
2026-03-02T17:00:00+00:00,1163,1163.5,1160,1163,318
2026-03-02T18:00:00+00:00,1163,1165.5,1162,1164.5,411
2026-03-02T19:00:00+00:00,1164,1164.5,1162,1162,163
2026-03-03T01:00:00+00:00,1162.5,1168,1162.5,1166,0
2026-03-03T02:00:00+00:00,1166,1169,1166,1169,9
2026-03-03T03:00:00+00:00,1169.5,1169.5,1169,1169,12
2026-03-03T04:00:00+00:00,1169,1171,1169,1170.5,27
2026-03-03T05:00:00+00:00,1170.5,1173,1170.5,1172.5,44
2026-03-03T06:00:00+00:00,1173,1173.5,1169,1171,92
2026-03-03T07:00:00+00:00,1171,1171.5,1169.5,1171,20
2026-03-03T08:00:00+00:00,1172.5,1173.5,1172,1173,69
2026-03-03T09:00:00+00:00,1174.5,1176.5,1174,1176.5,126
2026-03-03T10:00:00+00:00,1176.5,1182,1176.5,1181.5,126
2026-03-03T11:00:00+00:00,1181.5,1183.5,1178,1178,62
2026-03-03T12:00:00+00:00,1178.5,1179,1176,1176,63
2026-03-03T13:00:00+00:00,1177,1177.5,1174,1174,41
2026-03-03T14:00:00+00:00,1174,1178,1169,1169,277
2026-03-03T15:00:00+00:00,1169.5,1170,1163,1165.5,461
2026-03-03T16:00:00+00:00,1166.5,1168.5,1160.5,1162.5,226
2026-03-03T17:00:00+00:00,1162,1164.5,1161.5,1163.5,55
2026-03-03T18:00:00+00:00,1163.5,1170,1163.5,1169.5,172
2026-03-03T19:00:00+00:00,1170,1171.5,1168.5,1171,157
2026-03-04T01:00:00+00:00,1171,1171.5,1168,1169.5,0
2026-03-04T02:00:00+00:00,1168,1169.5,1168,1169,64
2026-03-04T03:00:00+00:00,1169,1170,1168,1168,24
2026-03-04T04:00:00+00:00,1169.5,1169.5,1167.5,1167.5,33
2026-03-04T05:00:00+00:00,1168,1170.5,1167.5,1169.5,51
2026-03-04T06:00:00+00:00,1170.5,1172.5,1170,1171.5,63
2026-03-04T07:00:00+00:00,1171.5,1172,1171,1172,59
2026-03-04T08:00:00+00:00,1172,1175.5,1172,1174.5,69
2026-03-04T09:00:00+00:00,1174,1174.5,1173,1174,61
2026-03-04T10:00:00+00:00,1175,1175,1170.5,1172,77
2026-03-04T11:00:00+00:00,1172.5,1172.5,1172,1172,15
2026-03-04T12:00:00+00:00,1174.5,1174.5,1166,1169,97
2026-03-04T13:00:00+00:00,1168.5,1169,1167.5,1168.5,60
2026-03-04T14:00:00+00:00,1168,1173.5,1168,1169,319
2026-03-04T15:00:00+00:00,1170,1174,1169.5,1171,508
2026-03-04T16:00:00+00:00,1171,1172.5,1165.5,1167.5,392
2026-03-04T17:00:00+00:00,1168,1170.5,1167,1170,219
2026-03-04T18:00:00+00:00,1170,1171,1167.5,1168.5,209
2026-03-04T19:00:00+00:00,1169,1169.5,1166.5,1166.5,80
2026-03-05T01:00:00+00:00,1168.5,1170.5,1168.5,1169,0
2026-03-05T02:00:00+00:00,1170,1172,1170,1172,20
2026-03-05T03:00:00+00:00,1172,1173,1171.5,1172.5,20
2026-03-05T04:00:00+00:00,1173,1173,1172.5,1172.5,21
2026-03-05T05:00:00+00:00,1172.5,1173,1172.5,1173,11
2026-03-05T06:00:00+00:00,1171.5,1171.5,1170,1170,10
2026-03-05T07:00:00+00:00,1170.5,1172.5,1170,1172.5,24
2026-03-05T08:00:00+00:00,1173,1173.5,1172.5,1173.5,11
2026-03-05T09:00:00+00:00,1187,1187,1186,1186.5,29
2026-03-05T10:00:00+00:00,1187,1188.5,1187,1188,16
2026-03-05T11:00:00+00:00,1187.5,1187.5,1187,1187,16
2026-03-05T12:00:00+00:00,1186,1187,1185,1185.5,36
2026-03-05T13:00:00+00:00,1184.5,1184.5,1170,1170,52
2026-03-05T14:00:00+00:00,1171.5,1171.5,1168,1170,105
2026-03-05T15:00:00+00:00,1169.5,1171,1167,1171,280
2026-03-05T16:00:00+00:00,1171,1179,1168.5,1179,370
2026-03-05T17:00:00+00:00,1179,1180,1176,1178,110
2026-03-05T18:00:00+00:00,1178.5,1181,1176,1180.5,295
2026-03-05T19:00:00+00:00,1180.5,1180.5,1179,1179.5,45
2026-03-06T01:00:00+00:00,1181.5,1184.5,1178.5,1183,0
2026-03-06T02:00:00+00:00,1182,1184,1182,1183,37
2026-03-06T03:00:00+00:00,1182.5,1182.5,1182.5,1182.5,1
2026-03-06T05:00:00+00:00,1182,1183,1181.5,1182,41
2026-03-06T06:00:00+00:00,1183,1185.5,1182.5,1185,58
2026-03-06T07:00:00+00:00,1185.5,1186.5,1184,1185,37
2026-03-06T08:00:00+00:00,1184.5,1188,1184.5,1187.5,105
2026-03-06T09:00:00+00:00,1187.5,1188.5,1187,1187.5,25
2026-03-06T10:00:00+00:00,1186.5,1187.5,1185.5,1186,39
2026-03-06T11:00:00+00:00,1187,1187,1187,1187,22
2026-03-06T12:00:00+00:00,1187,1192,1187,1187,153
2026-03-06T13:00:00+00:00,1186.5,1191,1186.5,1190.5,35
2026-03-06T14:00:00+00:00,1189.5,1202.5,1189.5,1197,417
2026-03-06T15:00:00+00:00,1197,1200,1193,1198,529
2026-03-06T16:00:00+00:00,1197.5,1201,1192.5,1195,304
2026-03-06T17:00:00+00:00,1195.5,1199.5,1194.5,1196.5,164
2026-03-06T18:00:00+00:00,1197.5,1201.5,1196.5,1201.5,388
2026-03-06T19:00:00+00:00,1201.5,1202.5,1200,1201,452
2026-03-09T00:00:00+00:00,1220,1237,1215.5,1225.5,223
2026-03-09T01:00:00+00:00,1226,1231.5,1223.5,1229.5,190
2026-03-09T02:00:00+00:00,1230,1231.5,1225.5,1227,100
2026-03-09T03:00:00+00:00,1227,1231,1223,1231,206
2026-03-09T04:00:00+00:00,1231.5,1233,1230.5,1232,99
2026-03-09T05:00:00+00:00,1231.5,1231.5,1217.5,1219,622
2026-03-09T06:00:00+00:00,1218,1222.5,1215.5,1218,223
2026-03-09T07:00:00+00:00,1218,1231,1216,1230,161
2026-03-09T08:00:00+00:00,1230.5,1232.5,1229.5,1232,107
2026-03-09T09:00:00+00:00,1232,1235,1228,1229,156
2026-03-09T10:00:00+00:00,1228,1233,1228,1232.5,90
2026-03-09T11:00:00+00:00,1231,1232,1226.5,1228.5,109
2026-03-09T12:00:00+00:00,1226.5,1228,1226,1228,37
2026-03-09T13:00:00+00:00,1228,1228,1220,1224,237
2026-03-09T14:00:00+00:00,1223.5,1228.5,1209.5,1210,415
2026-03-09T15:00:00+00:00,1210.5,1211,1197,1198.5,617
2026-03-09T16:00:00+00:00,1199,1200.5,1193,1195,317
2026-03-09T17:00:00+00:00,1195.5,1200,1194.5,1197.5,212
2026-03-09T18:00:00+00:00,1197,1197,1194,1195.5,89
2026-03-10T00:00:00+00:00,1191.5,1193,1179,1189,0
2026-03-10T01:00:00+00:00,1189,1196,1187,1187.5,246
2026-03-10T02:00:00+00:00,1188.5,1193.5,1188.5,1192,49
2026-03-10T03:00:00+00:00,1192,1192,1191,1191,34
2026-03-10T04:00:00+00:00,1190.5,1192.5,1189.5,1192.5,17
2026-03-10T05:00:00+00:00,1192.5,1192.5,1189.5,1190,17
2026-03-10T06:00:00+00:00,1189,1191,1189,1190,43
2026-03-10T07:00:00+00:00,1190.5,1194,1190,1191.5,95
2026-03-10T08:00:00+00:00,1193,1193.5,1189.5,1190.5,89
2026-03-10T09:00:00+00:00,1190,1191.5,1189,1191.5,26
2026-03-10T10:00:00+00:00,1192,1194.5,1192,1194.5,42
2026-03-10T11:00:00+00:00,1194.5,1199.5,1192,1199,78
2026-03-10T12:00:00+00:00,1199,1200.5,1196.5,1200.5,84
2026-03-10T13:00:00+00:00,1199,1205.5,1199,1202.5,201
2026-03-10T14:00:00+00:00,1203,1203,1193.5,1194.5,389
2026-03-10T15:00:00+00:00,1195,1202.5,1194.5,1202,319
2026-03-10T16:00:00+00:00,1201,1207,1198,1202,274
2026-03-10T17:00:00+00:00,1200,1203,1193,1198.5,304
2026-03-10T18:00:00+00:00,1198.5,1202.5,1198,1202.5,202
2026-03-11T00:00:00+00:00,1207,1215,1206.5,1207.5,0
2026-03-11T01:00:00+00:00,1205,1207,1204,1205,45
2026-03-11T02:00:00+00:00,1205,1209.5,1204.5,1208.5,41
2026-03-11T03:00:00+00:00,1208,1208,1205.5,1205.5,62
2026-03-11T04:00:00+00:00,1206.5,1206.5,1205,1205,24
2026-03-11T05:00:00+00:00,1205.5,1208,1205.5,1207,52
2026-03-11T06:00:00+00:00,1208.5,1211.5,1207.5,1209.5,80
2026-03-11T07:00:00+00:00,1209,1210.5,1208,1210,110
2026-03-11T08:00:00+00:00,1209.5,1211,1209,1209,12
2026-03-11T09:00:00+00:00,1210,1217.5,1210,1216.5,128
2026-03-11T10:00:00+00:00,1216,1216,1212,1212.5,43
2026-03-11T11:00:00+00:00,1213,1217,1212.5,1215.5,101
2026-03-11T12:00:00+00:00,1217,1222.5,1216.5,1222.5,72
2026-03-11T13:00:00+00:00,1221.5,1223.5,1215,1215,362
2026-03-11T14:00:00+00:00,1215,1225,1214,1222,300
2026-03-11T15:00:00+00:00,1222.5,1226,1220,1224.5,272
2026-03-11T16:00:00+00:00,1225,1227.5,1218.5,1222,305
2026-03-11T17:00:00+00:00,1221.5,1221.5,1213.5,1215.5,494
2026-03-11T18:00:00+00:00,1215.5,1216,1212.5,1213.5,73
2026-03-12T00:00:00+00:00,1226.5,1229,1217,1223,0
2026-03-12T01:00:00+00:00,1222,1224.5,1219,1220,107
2026-03-12T02:00:00+00:00,1219.5,1222.5,1219.5,1222,93
2026-03-12T03:00:00+00:00,1221,1225,1221,1223.5,36
2026-03-12T04:00:00+00:00,1223.5,1224.5,1223,1223.5,77
2026-03-12T05:00:00+00:00,1223.5,1224,1220,1220,81
2026-03-12T06:00:00+00:00,1220,1222.5,1219,1220,64
2026-03-12T07:00:00+00:00,1219.5,1225,1219.5,1222,143
2026-03-12T08:00:00+00:00,1222.5,1228,1222.5,1223.5,89
2026-03-12T09:00:00+00:00,1224,1225.5,1223.5,1224,64
2026-03-12T10:00:00+00:00,1224,1226,1223.5,1226,70
2026-03-12T11:00:00+00:00,1226,1231,1224.5,1230,94
2026-03-12T12:00:00+00:00,1230,1231.5,1228,1229.5,29
2026-03-12T13:00:00+00:00,1229,1232,1228,1230,191
2026-03-12T14:00:00+00:00,1230,1236,1228,1233.5,345
2026-03-12T15:00:00+00:00,1233.5,1239,1231.5,1234.5,275
2026-03-12T16:00:00+00:00,1235,1235,1226,1229,391
2026-03-12T17:00:00+00:00,1228.5,1232.5,1227.5,1227.5,116
2026-03-12T18:00:00+00:00,1226.5,1227.5,1225.5,1226,160
2026-03-13T00:00:00+00:00,1230,1230,1223,1223,0
2026-03-13T01:00:00+00:00,1225.5,1226.5,1222,1226,55
2026-03-13T02:00:00+00:00,1225.5,1228,1225.5,1228,12
2026-03-13T03:00:00+00:00,1226.5,1227,1226,1226.5,28
2026-03-13T04:00:00+00:00,1226,1226.5,1226,1226.5,4
2026-03-13T05:00:00+00:00,1227,1227,1222,1222,97
2026-03-13T06:00:00+00:00,1221.5,1222,1219,1219.5,107
2026-03-13T07:00:00+00:00,1219.5,1221,1218.5,1220,93
2026-03-13T08:00:00+00:00,1219.5,1219.5,1215.5,1217,85
2026-03-13T09:00:00+00:00,1218.5,1218.5,1217,1218,117
2026-03-13T10:00:00+00:00,1217.5,1218,1215,1215,21
2026-03-13T11:00:00+00:00,1215.5,1218.5,1215.5,1216.5,66
2026-03-13T12:00:00+00:00,1217.5,1220,1217.5,1218.5,20
2026-03-13T13:00:00+00:00,1217.5,1217.5,1211,1213.5,283
2026-03-13T14:00:00+00:00,1213.5,1215,1209.5,1213,673
2026-03-13T15:00:00+00:00,1213,1224.5,1213,1222,495
2026-03-13T16:00:00+00:00,1222,1228,1221.5,1226,367
2026-03-13T17:00:00+00:00,1226,1226,1218,1221.5,397
2026-03-13T18:00:00+00:00,1222,1225.5,1222,1225.5,152
2026-03-16T00:00:00+00:00,1213.5,1213.5,1193,1194.5,249
2026-03-16T01:00:00+00:00,1194,1202.5,1193,1201.5,236
2026-03-16T02:00:00+00:00,1202.5,1204,1200,1200,48
2026-03-16T03:00:00+00:00,1199.5,1201,1199.5,1201,7
2026-03-16T04:00:00+00:00,1201,1201,1201,1201,3
2026-03-16T05:00:00+00:00,1200.5,1201.5,1199.5,1199.5,20
2026-03-16T06:00:00+00:00,1200,1202.5,1200,1201,36
2026-03-16T07:00:00+00:00,1201.5,1203,1201,1201,23
2026-03-16T08:00:00+00:00,1200.5,1200.5,1197,1199,49
2026-03-16T09:00:00+00:00,1198,1198.5,1194.5,1194.5,36
2026-03-16T10:00:00+00:00,1195,1195.5,1191,1191.5,44
2026-03-16T11:00:00+00:00,1192,1194.5,1189.5,1192,168
2026-03-16T12:00:00+00:00,1192.5,1196.5,1191.5,1192,131
2026-03-16T13:00:00+00:00,1193.5,1201,1178.5,1179,937
2026-03-16T14:00:00+00:00,1179.5,1180,1172,1174.5,1601
2026-03-16T15:00:00+00:00,1174.5,1175,1162,1163.5,907
2026-03-16T16:00:00+00:00,1163.5,1167.5,1161.5,1163.5,652
2026-03-16T17:00:00+00:00,1163.5,1164,1155.5,1155.5,218
2026-03-16T18:00:00+00:00,1155.5,1155.5,1155.5,1155.5,1
2026-03-17T00:00:00+00:00,1150,1158.5,1140,1155.5,0
2026-03-17T01:00:00+00:00,1156.5,1163.5,1155.5,1163,198
2026-03-17T02:00:00+00:00,1163,1164.5,1162.5,1163.5,87
2026-03-17T03:00:00+00:00,1163,1163,1162,1162.5,68
2026-03-17T04:00:00+00:00,1162.5,1163,1162,1162.5,56
2026-03-17T05:00:00+00:00,1162,1162.5,1160,1162,45
2026-03-17T06:00:00+00:00,1162,1162.5,1160,1160.5,56
2026-03-17T07:00:00+00:00,1160.5,1160.5,1157.5,1158,93
2026-03-17T08:00:00+00:00,1157.5,1158,1155.5,1155.5,75
2026-03-17T09:00:00+00:00,1155.5,1156,1148,1150,201
2026-03-17T10:00:00+00:00,1150,1153.5,1150,1152.5,102
2026-03-17T11:00:00+00:00,1152,1166,1152,1164.5,153
2026-03-17T12:00:00+00:00,1163.5,1163.5,1157.5,1159.5,127
2026-03-17T13:00:00+00:00,1159,1163,1157,1158,198
2026-03-17T14:00:00+00:00,1158.5,1161,1155,1157.5,398
2026-03-17T15:00:00+00:00,1157,1157,1153.5,1155.5,175
2026-03-17T16:00:00+00:00,1155,1170.5,1155,1163.5,972
2026-03-17T17:00:00+00:00,1163,1163,1158,1160.5,318
2026-03-17T18:00:00+00:00,1160.5,1160.5,1156,1157,88
2026-03-18T00:00:00+00:00,1157,1159.5,1153,1154,0
2026-03-18T01:00:00+00:00,1155,1155,1151.5,1152,68
2026-03-18T02:00:00+00:00,1152.5,1153,1149.5,1149.5,61
2026-03-18T03:00:00+00:00,1150,1152.5,1150,1150.5,46
2026-03-18T04:00:00+00:00,1149.5,1150,1149,1149,21
2026-03-18T05:00:00+00:00,1150.5,1151,1149.5,1151,11
2026-03-18T06:00:00+00:00,1151,1152.5,1151,1152.5,28
2026-03-18T07:00:00+00:00,1153.5,1154,1153.5,1153.5,38
2026-03-18T08:00:00+00:00,1154.5,1154.5,1152,1152.5,61
2026-03-18T09:00:00+00:00,1154,1155,1153.5,1154,21
2026-03-18T10:00:00+00:00,1153.5,1153.5,1151.5,1152.5,73
2026-03-18T11:00:00+00:00,1152,1152,1148,1149.5,113
2026-03-18T12:00:00+00:00,1149.5,1154.5,1148.5,1154.5,70
2026-03-18T13:00:00+00:00,1155.5,1160,1152,1153,463
2026-03-18T14:00:00+00:00,1153.5,1159,1151.5,1159,629
2026-03-18T15:00:00+00:00,1159,1161.5,1157,1160,454
2026-03-18T16:00:00+00:00,1159.5,1162.5,1158,1161.5,281
2026-03-18T17:00:00+00:00,1162,1165,1161,1161.5,264
2026-03-18T18:00:00+00:00,1161,1163.5,1160.5,1163,118
2026-03-19T00:00:00+00:00,1165,1169.5,1163,1167.5,0
2026-03-19T01:00:00+00:00,1167,1167.5,1166,1167,56
2026-03-19T02:00:00+00:00,1167.5,1167.5,1161,1161,97
2026-03-19T03:00:00+00:00,1161,1162,1160,1160,21
2026-03-19T04:00:00+00:00,1160,1160,1159,1159.5,17
2026-03-19T05:00:00+00:00,1160,1160,1157,1157.5,78
2026-03-19T06:00:00+00:00,1158,1159.5,1158,1159,23
2026-03-19T07:00:00+00:00,1161.5,1162,1159.5,1162,92
2026-03-19T08:00:00+00:00,1161.5,1167,1161,1167,90
2026-03-19T09:00:00+00:00,1166.5,1169.5,1166,1166.5,118
2026-03-19T10:00:00+00:00,1166,1168.5,1166,1167,39
2026-03-19T11:00:00+00:00,1167,1167,1165.5,1165.5,13
2026-03-19T12:00:00+00:00,1163.5,1164.5,1161,1163.5,59
2026-03-19T13:00:00+00:00,1163,1164,1160.5,1162,140
2026-03-19T14:00:00+00:00,1163.5,1165.5,1161,1165,297
2026-03-19T15:00:00+00:00,1164.5,1166,1160.5,1163.5,222
2026-03-19T16:00:00+00:00,1164,1168.5,1161.5,1168,245
2026-03-19T17:00:00+00:00,1169,1173,1167.5,1167.5,270
2026-03-19T18:00:00+00:00,1168,1168.5,1167,1168.5,51
2026-03-20T00:00:00+00:00,1167.5,1177.5,1167.5,1173.5,0
2026-03-20T01:00:00+00:00,1172,1172,1164.5,1167,99
2026-03-20T02:00:00+00:00,1168,1168,1167,1168,32
2026-03-20T03:00:00+00:00,1171,1173.5,1170.5,1172.5,68
2026-03-20T04:00:00+00:00,1172.5,1174,1172,1174,34
2026-03-20T05:00:00+00:00,1173,1174,1172.5,1173,67
2026-03-20T06:00:00+00:00,1174,1174.5,1172.5,1173,68
2026-03-20T07:00:00+00:00,1174,1174.5,1174,1174,19
2026-03-20T08:00:00+00:00,1175,1176,1173.5,1174.5,34
2026-03-20T09:00:00+00:00,1173,1173,1171.5,1172,36
2026-03-20T10:00:00+00:00,1172.5,1173,1170,1170,64
2026-03-20T11:00:00+00:00,1169.5,1170,1168.5,1169,27
2026-03-20T12:00:00+00:00,1168.5,1170.5,1167.5,1168,65
2026-03-20T13:00:00+00:00,1168,1174,1166,1170,196
2026-03-20T14:00:00+00:00,1169.5,1171.5,1162.5,1165.5,296
2026-03-20T15:00:00+00:00,1166,1166.5,1163,1163,91
2026-03-20T16:00:00+00:00,1163,1164,1161,1162,128
2026-03-20T17:00:00+00:00,1161.5,1162.5,1160,1160,96
2026-03-20T18:00:00+00:00,1160.5,1161.5,1160,1160.5,60
2026-03-23T00:00:00+00:00,1158,1159,1155.5,1158.5,50
2026-03-23T01:00:00+00:00,1158.5,1167,1157.5,1166.5,160
2026-03-23T02:00:00+00:00,1166.5,1166.5,1164.5,1165,34
2026-03-23T03:00:00+00:00,1167,1168.5,1167,1168,20
2026-03-23T04:00:00+00:00,1168,1168.5,1168,1168.5,3
2026-03-23T05:00:00+00:00,1167.5,1168,1167,1167.5,16
2026-03-23T06:00:00+00:00,1167,1168.5,1166.5,1168.5,20
2026-03-23T07:00:00+00:00,1170,1170.5,1168,1168,26
2026-03-23T08:00:00+00:00,1170.5,1171,1169.5,1170.5,17
2026-03-23T09:00:00+00:00,1168.5,1168.5,1167,1168.5,15
2026-03-23T10:00:00+00:00,1168,1168,1163.5,1164,48
2026-03-23T11:00:00+00:00,1165,1166,1152.5,1163,244
2026-03-23T12:00:00+00:00,1164,1165.5,1158.5,1158.5,57
2026-03-23T13:00:00+00:00,1157,1162.5,1155.5,1160.5,120
2026-03-23T14:00:00+00:00,1160,1166.5,1155.5,1163,242
2026-03-23T15:00:00+00:00,1162.5,1169,1160,1169,174
2026-03-23T16:00:00+00:00,1168,1168.5,1163.5,1163.5,61
2026-03-23T17:00:00+00:00,1163,1165.5,1163,1163,49
2026-03-23T18:00:00+00:00,1163.5,1165,1163.5,1165,43
2026-03-24T00:00:00+00:00,1168.5,1168.5,1161.5,1162,0
2026-03-24T01:00:00+00:00,1162.5,1166.5,1162.5,1166,124
2026-03-24T02:00:00+00:00,1165.5,1166,1165,1165,5
2026-03-24T04:00:00+00:00,1165,1165.5,1165,1165.5,32
2026-03-24T05:00:00+00:00,1164,1164,1163,1163,20
2026-03-24T06:00:00+00:00,1162.5,1163,1160.5,1161,24
2026-03-24T07:00:00+00:00,1161,1161,1156.5,1157,71
2026-03-24T08:00:00+00:00,1157,1159.5,1157,1159.5,33
2026-03-24T09:00:00+00:00,1159.5,1159.5,1158.5,1159.5,5
2026-03-24T10:00:00+00:00,1159.5,1161,1159.5,1161,47
2026-03-24T11:00:00+00:00,1160.5,1160.5,1156,1159,77
2026-03-24T12:00:00+00:00,1158.5,1159,1156,1156,68
2026-03-24T13:00:00+00:00,1157,1162,1155.5,1161,290
2026-03-24T14:00:00+00:00,1161,1163,1157,1158,292
2026-03-24T15:00:00+00:00,1157.5,1161,1157,1159,217
2026-03-24T16:00:00+00:00,1158.5,1160.5,1158.5,1160.5,84
2026-03-24T17:00:00+00:00,1160,1162,1156.5,1156.5,108
2026-03-24T18:00:00+00:00,1156.5,1156.5,1154,1154,94
2026-03-25T00:00:00+00:00,1157,1157,1151.5,1154,0
2026-03-25T01:00:00+00:00,1154,1154.5,1152,1153.5,111
2026-03-25T02:00:00+00:00,1153.5,1154.5,1153.5,1154,27
2026-03-25T03:00:00+00:00,1152.5,1153.5,1152.5,1153.5,7
2026-03-25T04:00:00+00:00,1152.5,1153,1152.5,1153,3
2026-03-25T05:00:00+00:00,1153,1154,1153,1154,6
2026-03-25T06:00:00+00:00,1154.5,1155,1153.5,1154,28
2026-03-25T08:00:00+00:00,1153,1156.5,1152,1156.5,61
2026-03-25T09:00:00+00:00,1160,1160.5,1157.5,1157.5,26
2026-03-25T10:00:00+00:00,1158.5,1161.5,1158,1158.5,38
2026-03-25T11:00:00+00:00,1158,1159,1158,1158,57
2026-03-25T12:00:00+00:00,1161,1161,1158.5,1158.5,77
2026-03-25T13:00:00+00:00,1159,1161,1157.5,1159,71
2026-03-25T14:00:00+00:00,1159,1163,1159,1160,51
2026-03-25T15:00:00+00:00,1160.5,1163.5,1160.5,1163.5,42
2026-03-25T16:00:00+00:00,1164,1164,1162,1164,30
2026-03-25T17:00:00+00:00,1163.5,1176.5,1163.5,1172,291
2026-03-25T18:00:00+00:00,1171,1177,1170,1173,87
2026-03-26T00:00:00+00:00,1173,1182.5,1173,1176,0
2026-03-26T01:00:00+00:00,1174,1175.5,1173.5,1174,57
2026-03-26T02:00:00+00:00,1174,1174,1172,1172,75
2026-03-26T03:00:00+00:00,1173.5,1175,1173.5,1175,3
2026-03-26T04:00:00+00:00,1174.5,1174.5,1173.5,1173.5,15
2026-03-26T05:00:00+00:00,1173.5,1174,1173.5,1174,2
2026-03-26T06:00:00+00:00,1174.5,1176,1173,1175.5,47
2026-03-26T07:00:00+00:00,1175,1175,1172,1173,91
2026-03-26T08:00:00+00:00,1173,1173.5,1172,1173,15
2026-03-26T09:00:00+00:00,1173,1189.5,1172.5,1189,145
2026-03-26T10:00:00+00:00,1189,1190.5,1188,1189,57
2026-03-26T11:00:00+00:00,1188.5,1188.5,1188,1188.5,104
2026-03-26T12:00:00+00:00,1188.5,1191.5,1187.5,1191.5,21
2026-03-26T13:00:00+00:00,1188.5,1189,1184,1184,44
2026-03-26T14:00:00+00:00,1185,1192,1185,1191,86
2026-03-26T15:00:00+00:00,1188.5,1192,1188.5,1190.5,52
2026-03-26T16:00:00+00:00,1192,1194.5,1190,1190,30
2026-03-26T17:00:00+00:00,1190.5,1194,1190.5,1192,36
2026-03-26T18:00:00+00:00,1191.5,1191.5,1191,1191,10
2026-03-27T01:00:00+00:00,1188.5,1188.5,1188.5,1188.5,0
2026-03-27T02:00:00+00:00,1187.5,1187.5,1186,1187.5,40
2026-03-27T05:00:00+00:00,1190.5,1190.5,1190.5,1190.5,4
2026-03-27T06:00:00+00:00,1175.5,1175.5,1175.5,1175.5,0
2026-03-27T07:00:00+00:00,1175.5,1175.5,1175.5,1175.5,105
2026-03-27T08:00:00+00:00,1175.5,1177.5,1173.5,1177.5,31
2026-03-27T09:00:00+00:00,1177.5,1177.5,1176,1176,6
2026-03-27T10:00:00+00:00,1177.5,1178,1177,1177.5,26
2026-03-27T11:00:00+00:00,1177.5,1179,1175.5,1176,29
2026-03-27T12:00:00+00:00,1192,1192,1190,1190.5,381
2026-03-27T13:00:00+00:00,1189.5,1189.5,1187.5,1188,36
2026-03-27T14:00:00+00:00,1187.5,1189.5,1185.5,1185.5,55
2026-03-27T15:00:00+00:00,1186,1186.5,1180,1183,66
2026-03-27T16:00:00+00:00,1184,1189.5,1178.5,1180,344
2026-03-27T17:00:00+00:00,1179.5,1180,1171.5,1175.5,132
2026-03-27T18:00:00+00:00,1175.5,1176,1175,1175.5,27
2026-03-30T00:00:00+00:00,1186,1186,1179,1179,91
2026-03-30T01:00:00+00:00,1179.5,1183.5,1178,1178,197
2026-03-30T02:00:00+00:00,1178,1180.5,1178,1178.5,135
2026-03-30T03:00:00+00:00,1178,1178.5,1177,1178.5,161
2026-03-30T04:00:00+00:00,1178.5,1179.5,1178.5,1179,30
2026-03-30T05:00:00+00:00,1179,1179,1178,1178,75
2026-03-30T06:00:00+00:00,1178.5,1183.5,1178.5,1183,87
2026-03-30T07:00:00+00:00,1182.5,1184,1182,1184,118
2026-03-30T08:00:00+00:00,1183.5,1184,1181,1181,69
2026-03-30T09:00:00+00:00,1181.5,1182,1181,1181.5,59
2026-03-30T10:00:00+00:00,1181.5,1184,1181.5,1184,119
2026-03-30T11:00:00+00:00,1185,1185.5,1181,1181.5,280
2026-03-30T12:00:00+00:00,1182,1182,1178,1179,119
2026-03-30T13:00:00+00:00,1180,1185,1179.5,1182,43
2026-03-30T14:00:00+00:00,1183.5,1185,1179.5,1181,59
2026-03-30T15:00:00+00:00,1181,1183.5,1181,1182,40
2026-03-30T16:00:00+00:00,1181,1182,1179.5,1179.5,20
2026-03-30T17:00:00+00:00,1179.5,1179.5,1179.5,1179.5,2
2026-03-30T18:00:00+00:00,1178.5,1178.5,1174.5,1174.5,25
2026-03-31T00:00:00+00:00,1177,1177.5,1175,1175,0
2026-03-31T01:00:00+00:00,1175,1176.5,1173,1173.5,287
2026-03-31T02:00:00+00:00,1174,1174.5,1173,1174,149
2026-03-31T03:00:00+00:00,1174,1175.5,1174,1175.5,71
2026-03-31T04:00:00+00:00,1175.5,1177,1175.5,1177,81
2026-03-31T05:00:00+00:00,1176.5,1177,1176,1177,72
2026-03-31T06:00:00+00:00,1177,1177,1177,1177,48
2026-03-31T07:00:00+00:00,1177,1178.5,1177,1178.5,78
2026-03-31T08:00:00+00:00,1178.5,1179,1178.5,1179,57
2026-03-31T09:00:00+00:00,1178.5,1178.5,1177,1178.5,161
2026-03-31T10:00:00+00:00,1178,1178.5,1177.5,1178,68
2026-03-31T11:00:00+00:00,1178,1178,1176,1177,142
2026-03-31T12:00:00+00:00,1177,1180,1177,1179.5,229
2026-03-31T13:00:00+00:00,1178,1178.5,1175.5,1177.5,31
2026-03-31T14:00:00+00:00,1177.5,1178.5,1175.5,1175.5,50
2026-03-31T15:00:00+00:00,1175,1177,1170,1170,34
2026-03-31T16:00:00+00:00,1183.5,1190,1182.5,1185,229
2026-03-31T17:00:00+00:00,1185,1192.5,1185,1187.5,144
2026-03-31T18:00:00+00:00,1187,1187,1185,1187,40
2026-04-01T00:00:00+00:00,1188,1188,1187,1187.5,0
2026-04-01T01:00:00+00:00,1187.5,1188,1185.5,1188,91
2026-04-01T02:00:00+00:00,1188,1189,1187.5,1189,39
2026-04-01T03:00:00+00:00,1189,1189,1188,1188,46
2026-04-01T04:00:00+00:00,1188,1188,1187.5,1187.5,20
2026-04-01T05:00:00+00:00,1187,1187,1184,1184,43
2026-04-01T06:00:00+00:00,1184,1184,1180,1180,57
2026-04-01T07:00:00+00:00,1180,1181,1179,1180.5,31
2026-04-01T08:00:00+00:00,1181,1181.5,1180.5,1180.5,11
2026-04-01T09:00:00+00:00,1180.5,1180.5,1165.5,1165.5,16
2026-04-01T10:00:00+00:00,1165.5,1166.5,1165.5,1165.5,31
2026-04-01T11:00:00+00:00,1163,1163.5,1162,1162.5,5
2026-04-01T12:00:00+00:00,1162,1178.5,1160.5,1178.5,53
2026-04-01T13:00:00+00:00,1176,1178.5,1174,1176,110
2026-04-01T14:00:00+00:00,1175.5,1175.5,1169.5,1170,228
2026-04-01T15:00:00+00:00,1170.5,1176,1170,1174,141
2026-04-01T16:00:00+00:00,1175.5,1182,1175.5,1181,130
2026-04-01T17:00:00+00:00,1181,1184.5,1181,1183,99
2026-04-01T18:00:00+00:00,1185,1185.5,1183.5,1183.5,57
2026-04-02T00:00:00+00:00,1180.5,1181,1180,1180.5,0
2026-04-02T01:00:00+00:00,1180,1189,1180,1189,132
2026-04-02T02:00:00+00:00,1189,1189,1187.5,1187.5,22
2026-04-02T03:00:00+00:00,1187.5,1187.5,1187,1187.5,52
2026-04-02T04:00:00+00:00,1188,1189,1187.5,1189,26
2026-04-02T05:00:00+00:00,1188.5,1189.5,1188,1188.5,57
2026-04-02T06:00:00+00:00,1188,1188,1187,1187.5,34
2026-04-02T07:00:00+00:00,1187,1188,1171,1171.5,65
2026-04-02T08:00:00+00:00,1172,1174,1172,1173.5,22
2026-04-02T09:00:00+00:00,1173.5,1174,1172,1172,20
2026-04-02T10:00:00+00:00,1172,1173,1172,1173,39
2026-04-02T11:00:00+00:00,1173.5,1173.5,1172.5,1172.5,3
2026-04-02T12:00:00+00:00,1171,1186.5,1170.5,1186.5,26
2026-04-02T13:00:00+00:00,1186.5,1189,1186.5,1188.5,104
2026-04-02T14:00:00+00:00,1188,1188.5,1182,1182,105
2026-04-02T15:00:00+00:00,1181.5,1183,1181.5,1181.5,63
2026-04-02T16:00:00+00:00,1182.5,1182.5,1181.5,1181.5,10
2026-04-02T17:00:00+00:00,1182,1184.5,1182,1184,22
2026-04-02T18:00:00+00:00,1181,1181,1179,1179,8
2026-04-06T00:00:00+00:00,1165.5,1165.5,1161,1162,25
2026-04-06T01:00:00+00:00,1162,1162,1159.5,1160.5,39
2026-04-06T02:00:00+00:00,1159,1160.5,1159,1159.5,25
2026-04-06T03:00:00+00:00,1160,1160,1160,1160,2
2026-04-06T04:00:00+00:00,1159.5,1159.5,1159.5,1159.5,7
2026-04-06T06:00:00+00:00,1163,1163,1163,1163,2
2026-04-06T07:00:00+00:00,1163.5,1164.5,1163.5,1164.5,24
2026-04-06T08:00:00+00:00,1163.5,1165.5,1163.5,1165.5,28
2026-04-06T09:00:00+00:00,1164.5,1167,1164,1167,49
2026-04-06T10:00:00+00:00,1167.5,1168.5,1166,1168.5,34
2026-04-06T11:00:00+00:00,1169,1169,1168.5,1168.5,26
2026-04-06T12:00:00+00:00,1168.5,1169,1168.5,1169,30
2026-04-06T13:00:00+00:00,1169,1169,1165,1167.5,35
2026-04-06T14:00:00+00:00,1167,1168.5,1164.5,1167.5,39
2026-04-06T15:00:00+00:00,1167.5,1168,1165.5,1167.5,57
2026-04-06T16:00:00+00:00,1167,1168,1166,1167,16
2026-04-06T17:00:00+00:00,1168,1169,1165.5,1165.5,32
2026-04-06T18:00:00+00:00,1165.5,1167,1165.5,1165.5,15
2026-04-07T00:00:00+00:00,1171.5,1171.5,1166,1166,0
2026-04-07T01:00:00+00:00,1164.5,1165,1164,1165,26
2026-04-07T02:00:00+00:00,1167,1167,1166.5,1167,28
2026-04-07T03:00:00+00:00,1167.5,1167.5,1167,1167.5,9
2026-04-07T04:00:00+00:00,1167,1167,1167,1167,10
2026-04-07T05:00:00+00:00,1167,1167,1166,1166,2
2026-04-07T06:00:00+00:00,1166,1168,1166,1167,21
2026-04-07T07:00:00+00:00,1168.5,1169,1168.5,1168.5,12
2026-04-07T08:00:00+00:00,1165.5,1166,1165.5,1166,10
2026-04-07T11:00:00+00:00,1169,1169,1169,1169,1
2026-04-07T12:00:00+00:00,1165.5,1165.5,1165.5,1165.5,1
2026-04-07T13:00:00+00:00,1168.5,1170.5,1167,1169.5,51
2026-04-07T14:00:00+00:00,1168.5,1169,1164,1164,66
2026-04-07T15:00:00+00:00,1164,1164.5,1157.5,1157.5,86
2026-04-07T16:00:00+00:00,1156.5,1158.5,1155,1157.5,37
2026-04-07T17:00:00+00:00,1157.5,1158,1157,1158,8
2026-04-07T18:00:00+00:00,1158.5,1159,1158,1158.5,11
2026-04-08T00:00:00+00:00,1152,1152,1130.5,1148.5,0
2026-04-08T01:00:00+00:00,1149.5,1156.5,1149.5,1156,74
2026-04-08T02:00:00+00:00,1156.5,1156.5,1156.5,1156.5,12
2026-04-08T03:00:00+00:00,1155.5,1155.5,1155,1155.5,21
2026-04-08T05:00:00+00:00,1156.5,1156.5,1156.5,1156.5,2
2026-04-08T06:00:00+00:00,1156.5,1156.5,1156.5,1156.5,10
2026-04-08T07:00:00+00:00,1156.5,1157.5,1156.5,1157.5,5
2026-04-08T08:00:00+00:00,1156,1156,1155.5,1156,110
2026-04-08T09:00:00+00:00,1157.5,1160,1157.5,1160,14
2026-04-08T10:00:00+00:00,1159.5,1159.5,1159.5,1159.5,1
2026-04-08T11:00:00+00:00,1160,1161,1156,1157.5,33
2026-04-08T12:00:00+00:00,1158,1158,1155,1156,13
2026-04-08T13:00:00+00:00,1154,1159.5,1154,1159.5,121
2026-04-08T14:00:00+00:00,1159.5,1162.5,1159.5,1161,149
2026-04-08T15:00:00+00:00,1160.5,1161,1158.5,1161,82
2026-04-08T16:00:00+00:00,1160,1161,1159,1159,37
2026-04-08T17:00:00+00:00,1159.5,1161.5,1159.5,1161.5,34
2026-04-08T18:00:00+00:00,1162,1162.5,1162,1162,19
2026-04-09T00:00:00+00:00,1162,1164.5,1162,1164,0
2026-04-09T01:00:00+00:00,1162.5,1162.5,1161.5,1162,27
2026-04-09T02:00:00+00:00,1162,1162,1161.5,1162,13
2026-04-09T03:00:00+00:00,1162.5,1162.5,1162.5,1162.5,1
2026-04-09T06:00:00+00:00,1163,1163,1163,1163,12
2026-04-09T07:00:00+00:00,1162.5,1163,1162,1162,24
2026-04-09T08:00:00+00:00,1162.5,1164,1162.5,1164,3
2026-04-09T09:00:00+00:00,1163.5,1164.5,1163,1164,12
2026-04-09T10:00:00+00:00,1166,1166.5,1165.5,1166,18
2026-04-09T11:00:00+00:00,1165.5,1166.5,1165,1166.5,26
2026-04-09T12:00:00+00:00,1166,1166,1166,1166,6
2026-04-09T13:00:00+00:00,1166.5,1170.5,1166.5,1167.5,37
2026-04-09T14:00:00+00:00,1167,1168.5,1165,1167.5,38
2026-04-09T15:00:00+00:00,1167.5,1168,1166,1167.5,39
2026-04-09T16:00:00+00:00,1167,1167,1163,1163,646
2026-04-09T17:00:00+00:00,1163,1164.5,1162,1164.5,644
2026-04-09T18:00:00+00:00,1164,1165.5,1164,1164,28
2026-04-10T00:00:00+00:00,1166.5,1169.5,1166.5,1169,0
2026-04-10T01:00:00+00:00,1168,1168.5,1167,1168.5,39
2026-04-10T02:00:00+00:00,1168,1168.5,1167.5,1167.5,22
2026-04-10T03:00:00+00:00,1168,1168,1167.5,1167.5,8
2026-04-10T05:00:00+00:00,1168.5,1168.5,1168.5,1168.5,9
2026-04-10T06:00:00+00:00,1169,1169,1168,1169,26
2026-04-10T07:00:00+00:00,1170.5,1171.5,1170.5,1170.5,15
2026-04-10T08:00:00+00:00,1171.5,1173.5,1171.5,1171.5,20
2026-04-10T09:00:00+00:00,1170,1170,1165.5,1166,19
2026-04-10T10:00:00+00:00,1165.5,1166,1165.5,1166,33
2026-04-10T11:00:00+00:00,1167,1169,1167,1169,26
2026-04-10T12:00:00+00:00,1168,1171,1168,1171,55
2026-04-10T13:00:00+00:00,1171,1174.5,1170,1171.5,45
2026-04-10T14:00:00+00:00,1170.5,1174,1170,1174,55
2026-04-10T15:00:00+00:00,1173.5,1175.5,1173.5,1175.5,52
2026-04-10T16:00:00+00:00,1176,1178.5,1174.5,1176.5,58
2026-04-10T17:00:00+00:00,1176.5,1179,1176.5,1178,57
2026-04-10T18:00:00+00:00,1176.5,1176.5,1174.5,1176,41
2026-04-13T00:00:00+00:00,1182,1186,1172.5,1182.5,56
2026-04-13T01:00:00+00:00,1181,1181,1175.5,1175.5,54
2026-04-13T02:00:00+00:00,1175.5,1177,1175.5,1177,3
2026-04-13T04:00:00+00:00,1176,1176,1175.5,1175.5,4
2026-04-13T05:00:00+00:00,1175,1175,1173,1173,35
2026-04-13T06:00:00+00:00,1172.5,1172.5,1172,1172,16
2026-04-13T07:00:00+00:00,1173,1188.5,1172,1188,50
2026-04-13T08:00:00+00:00,1188,1191,1188,1190.5,22
2026-04-13T09:00:00+00:00,1190,1190,1175,1175,31
2026-04-13T10:00:00+00:00,1176,1177,1174,1175.5,26
2026-04-13T11:00:00+00:00,1174.5,1174.5,1174.5,1174.5,1
2026-04-13T12:00:00+00:00,1175,1175,1173.5,1173.5,3
2026-04-13T13:00:00+00:00,1171,1176.5,1170,1172,92
2026-04-13T14:00:00+00:00,1171.5,1173.5,1166,1166,161
2026-04-13T15:00:00+00:00,1166.5,1169,1166.5,1168,89
2026-04-13T16:00:00+00:00,1167.5,1182,1164,1181,164
2026-04-13T17:00:00+00:00,1181.5,1184,1178,1178,75
2026-04-13T18:00:00+00:00,1178,1178.5,1175,1175.5,35
2026-04-14T00:00:00+00:00,1175,1179.5,1175,1177,0
2026-04-14T01:00:00+00:00,1177.5,1179.5,1177,1179.5,42
2026-04-14T02:00:00+00:00,1178,1178,1178,1178,9
2026-04-14T03:00:00+00:00,1178,1179,1178,1178.5,6
2026-04-14T04:00:00+00:00,1178.5,1178.5,1178.5,1178.5,8
2026-04-14T05:00:00+00:00,1178.5,1178.5,1178.5,1178.5,2
2026-04-14T06:00:00+00:00,1178.5,1178.5,1178.5,1178.5,3
2026-04-14T07:00:00+00:00,1178.5,1180,1178,1180,28
2026-04-14T08:00:00+00:00,1180,1180,1180,1180,10
2026-04-14T09:00:00+00:00,1179.5,1179.5,1179.5,1179.5,19
2026-04-14T10:00:00+00:00,1178,1178,1177.5,1177.5,8
2026-04-14T11:00:00+00:00,1178.5,1183,1178,1180.5,35
2026-04-14T13:00:00+00:00,1184,1184,1178,1182,75
2026-04-14T14:00:00+00:00,1182,1182,1178.5,1180.5,89
2026-04-14T15:00:00+00:00,1181,1181,1176,1177,69
2026-04-14T16:00:00+00:00,1175.5,1175.5,1172,1172,62
2026-04-14T17:00:00+00:00,1171.5,1175.5,1171.5,1173.5,68
2026-04-14T18:00:00+00:00,1173,1173,1170.5,1170.5,20
2026-04-15T00:00:00+00:00,1168,1173.5,1168,1173.5,0
2026-04-15T01:00:00+00:00,1175.5,1175.5,1175.5,1175.5,6
2026-04-15T02:00:00+00:00,1175.5,1176,1175.5,1176,3
2026-04-15T04:00:00+00:00,1175.5,1175.5,1175.5,1175.5,1
2026-04-15T06:00:00+00:00,1176.5,1178,1176.5,1177.5,9
2026-04-15T07:00:00+00:00,1178,1178,1162.5,1163,39
2026-04-15T08:00:00+00:00,1164.5,1164.5,1164.5,1164.5,1
2026-04-15T09:00:00+00:00,1164.5,1164.5,1164.5,1164.5,1
2026-04-15T10:00:00+00:00,1164,1164,1163.5,1163.5,9
2026-04-15T11:00:00+00:00,1162.5,1166,1162.5,1164.5,30
2026-04-15T12:00:00+00:00,1166.5,1167.5,1166.5,1167,19
2026-04-15T13:00:00+00:00,1165,1166,1164,1166,30
2026-04-15T14:00:00+00:00,1166.5,1166.5,1163.5,1166,86
2026-04-15T15:00:00+00:00,1166.5,1169,1166.5,1169,62
2026-04-15T16:00:00+00:00,1169,1170,1168,1169,15
2026-04-15T17:00:00+00:00,1170,1170,1166.5,1167,38
2026-04-15T18:00:00+00:00,1166,1167.5,1165.5,1165.5,16
2026-04-16T00:00:00+00:00,1165.5,1166,1165,1166,0
2026-04-16T01:00:00+00:00,1165,1167,1165,1167,14
2026-04-16T03:00:00+00:00,1167,1167,1167,1167,10
2026-04-16T05:00:00+00:00,1165,1165,1165,1165,3
2026-04-16T06:00:00+00:00,1165,1166.5,1165,1166.5,12
2026-04-16T07:00:00+00:00,1167,1185,1167,1185,18
2026-04-16T08:00:00+00:00,1184.5,1184.5,1184.5,1184.5,1
2026-04-16T09:00:00+00:00,1183,1183,1181.5,1181.5,10
2026-04-16T11:00:00+00:00,1181,1182,1181,1181.5,7
2026-04-16T12:00:00+00:00,1181.5,1181.5,1181.5,1181.5,2
2026-04-16T13:00:00+00:00,1180.5,1185.5,1180,1184.5,99
2026-04-16T14:00:00+00:00,1184,1186,1184,1185,139
2026-04-16T15:00:00+00:00,1185,1185.5,1181.5,1184,87
2026-04-16T16:00:00+00:00,1183.5,1185.5,1182.5,1184,78
2026-04-16T17:00:00+00:00,1183.5,1183.5,1179,1179.5,47
2026-04-16T18:00:00+00:00,1179.5,1181.5,1179.5,1180,45
2026-04-17T00:00:00+00:00,1179.5,1179.5,1179.5,1179.5,0
2026-04-17T01:00:00+00:00,1179.5,1182,1179.5,1181,71
2026-04-17T02:00:00+00:00,1181,1181,1179.5,1180,22
2026-04-17T03:00:00+00:00,1179.5,1179.5,1179.5,1179.5,3
2026-04-17T04:00:00+00:00,1179.5,1179.5,1179.5,1179.5,4
2026-04-17T05:00:00+00:00,1178.5,1179.5,1178.5,1179.5,3
2026-04-17T07:00:00+00:00,1179,1179.5,1178.5,1179.5,15
2026-04-17T09:00:00+00:00,1178,1178,1176.5,1177,6
2026-04-17T10:00:00+00:00,1177,1178,1177,1178,14
2026-04-17T11:00:00+00:00,1178,1178.5,1175,1175,16
2026-04-17T12:00:00+00:00,1176.5,1176.5,1175,1175,3
2026-04-17T13:00:00+00:00,1170,1173.5,1168.5,1172,173
2026-04-17T14:00:00+00:00,1172.5,1176.5,1172.5,1176.5,155
2026-04-17T15:00:00+00:00,1177,1179,1176,1178.5,140
2026-04-17T16:00:00+00:00,1178,1179.5,1176,1179.5,65
2026-04-17T17:00:00+00:00,1180,1183,1180,1182,61
2026-04-17T18:00:00+00:00,1181,1183,1181,1182,61
2026-04-20T00:00:00+00:00,1188,1190,1181.5,1181.5,27
2026-04-20T01:00:00+00:00,1182,1182.5,1180,1180,6
2026-04-20T02:00:00+00:00,1181.5,1182,1181.5,1182,8
2026-04-20T09:00:00+00:00,1183,1183,1181.5,1181.5,29
2026-04-20T10:00:00+00:00,1184,1184,1183,1184,2
2026-04-20T11:00:00+00:00,1183.5,1183.5,1181,1181,5
2026-04-20T12:00:00+00:00,1181,1181,1181,1181,1
2026-04-20T13:00:00+00:00,1162.5,1164.5,1162,1163.5,50
2026-04-20T14:00:00+00:00,1163.5,1165.5,1161.5,1164,92
2026-04-20T15:00:00+00:00,1164.5,1166.5,1163,1166.5,77
2026-04-20T16:00:00+00:00,1166.5,1168,1166.5,1167.5,22
2026-04-20T17:00:00+00:00,1167.5,1168,1165.5,1167,48
2026-04-20T18:00:00+00:00,1165,1166,1165,1165.5,13
2026-04-21T00:00:00+00:00,1165,1166,1165,1166,0
2026-04-21T01:00:00+00:00,1167.5,1168.5,1167.5,1168.5,44
2026-04-21T02:00:00+00:00,1169.5,1169.5,1169.5,1169.5,3
2026-04-21T04:00:00+00:00,1168,1168,1168,1168,2
2026-04-21T05:00:00+00:00,1169.5,1170,1169.5,1170,5
2026-04-21T06:00:00+00:00,1169.5,1172,1166,1172,23
2026-04-21T07:00:00+00:00,1188.5,1188.5,1188,1188,20
2026-04-21T08:00:00+00:00,1188,1188.5,1187.5,1188.5,5
2026-04-21T09:00:00+00:00,1187.5,1187.5,1187.5,1187.5,1
2026-04-21T10:00:00+00:00,1187,1187.5,1187,1187.5,5
2026-04-21T11:00:00+00:00,1188,1188,1188,1188,10
2026-04-21T12:00:00+00:00,1171,1171.5,1171,1171.5,4
2026-04-21T13:00:00+00:00,1170.5,1175.5,1170.5,1175,78
2026-04-21T14:00:00+00:00,1174.5,1178,1174,1178,48
2026-04-21T15:00:00+00:00,1177.5,1194,1175.5,1193,83
2026-04-21T16:00:00+00:00,1192.5,1193,1190,1192,47
2026-04-21T17:00:00+00:00,1190.5,1191.5,1189.5,1190,46
2026-04-21T18:00:00+00:00,1190.5,1192,1190,1190,29
2026-04-22T00:00:00+00:00,1192,1192,1189.5,1190,0
2026-04-22T01:00:00+00:00,1193.5,1196,1193.5,1196,25
2026-04-22T02:00:00+00:00,1196,1197,1196,1196.5,11
2026-04-22T03:00:00+00:00,1198,1200.5,1198,1199.5,17
2026-04-22T04:00:00+00:00,1198.5,1198.5,1198.5,1198.5,1
2026-04-22T05:00:00+00:00,1198,1198,1196.5,1196.5,28
2026-04-22T06:00:00+00:00,1197,1198.5,1197,1198.5,22
2026-04-22T07:00:00+00:00,1198,1200,1198,1200,26
2026-04-22T08:00:00+00:00,1198.5,1200.5,1198.5,1199,39
2026-04-22T09:00:00+00:00,1199,1199,1198,1199,41
2026-04-22T10:00:00+00:00,1199.5,1199.5,1198,1198,15
2026-04-22T11:00:00+00:00,1197.5,1198,1195,1195.5,70
2026-04-22T12:00:00+00:00,1195,1195,1193.5,1193.5,5
2026-04-22T13:00:00+00:00,1192,1194,1191.5,1193.5,52
2026-04-22T14:00:00+00:00,1193.5,1194,1190.5,1191.5,84
2026-04-22T15:00:00+00:00,1191.5,1192,1186,1187.5,149
2026-04-22T16:00:00+00:00,1186.5,1188,1186,1186,62
2026-04-22T17:00:00+00:00,1185,1185,1181,1181,54
2026-04-22T18:00:00+00:00,1180,1180,1178.5,1179,36
2026-04-23T00:00:00+00:00,1181.5,1183.5,1179,1179,0
2026-04-23T01:00:00+00:00,1180.5,1182.5,1179,1179,36
2026-04-23T02:00:00+00:00,1179,1179,1179,1179,1
2026-04-23T03:00:00+00:00,1180.5,1181.5,1180.5,1181,20
2026-04-23T05:00:00+00:00,1180.5,1180.5,1180.5,1180.5,13
2026-04-23T06:00:00+00:00,1180,1180.5,1179.5,1179.5,19
2026-04-23T07:00:00+00:00,1180.5,1180.5,1179,1179,12
2026-04-23T08:00:00+00:00,1179.5,1182,1179.5,1182,2
2026-04-23T09:00:00+00:00,1181.5,1181.5,1180.5,1180.5,9
2026-04-23T10:00:00+00:00,1182,1182.5,1182,1182.5,5
2026-04-23T11:00:00+00:00,1179.5,1179.5,1176.5,1176.5,9
2026-04-23T12:00:00+00:00,1177,1177.5,1176.5,1177,12
2026-04-23T13:00:00+00:00,1177,1180,1175,1177.5,169
2026-04-23T14:00:00+00:00,1177.5,1178.5,1175,1175,188
2026-04-23T15:00:00+00:00,1174.5,1178,1174.5,1175.5,96
2026-04-23T16:00:00+00:00,1175.5,1175.5,1173,1174,95
2026-04-23T17:00:00+00:00,1174.5,1175.5,1173,1174.5,112
2026-04-23T18:00:00+00:00,1174.5,1176,1173,1175.5,43
2026-04-24T00:00:00+00:00,1174,1180,1174,1175,0
2026-04-24T01:00:00+00:00,1175.5,1175.5,1174,1174,2
2026-04-24T02:00:00+00:00,1172.5,1172.5,1172,1172,6
2026-04-24T03:00:00+00:00,1172,1173,1171.5,1173,41
2026-04-24T04:00:00+00:00,1173,1173,1173,1173,8
2026-04-24T06:00:00+00:00,1175,1175.5,1173.5,1174.5,47
2026-04-24T07:00:00+00:00,1174.5,1176.5,1174.5,1176.5,15
2026-04-24T08:00:00+00:00,1177.5,1178,1176.5,1176.5,9
2026-04-24T09:00:00+00:00,1176.5,1177.5,1176.5,1177.5,2
2026-04-24T10:00:00+00:00,1177.5,1178,1177,1178,7
2026-04-24T11:00:00+00:00,1176.5,1176.5,1174.5,1174.5,25
2026-04-24T12:00:00+00:00,1175.5,1176,1175,1175,15
2026-04-24T13:00:00+00:00,1174.5,1176,1173.5,1174.5,50
2026-04-24T14:00:00+00:00,1175,1176,1172.5,1172.5,33
2026-04-24T15:00:00+00:00,1173,1174,1172.5,1174,12
2026-04-24T16:00:00+00:00,1174,1177.5,1174,1177.5,33
2026-04-24T17:00:00+00:00,1177.5,1179,1176,1178,44
2026-04-24T18:00:00+00:00,1178.5,1179.5,1177,1178.5,26
2026-04-27T00:00:00+00:00,1172,1183.5,1172,1182.5,22
2026-04-27T01:00:00+00:00,1182.5,1182.5,1182.5,1182.5,1
2026-04-27T03:00:00+00:00,1180,1181,1180,1180.5,25
2026-04-27T04:00:00+00:00,1181,1181,1180.5,1180.5,7
2026-04-27T05:00:00+00:00,1181,1181.5,1181,1181.5,11
2026-04-27T06:00:00+00:00,1181,1181,1181,1181,2
2026-04-27T07:00:00+00:00,1182.5,1182.5,1182.5,1182.5,4
2026-04-27T08:00:00+00:00,1181,1181,1180.5,1180.5,2
2026-04-27T09:00:00+00:00,1181,1182,1181,1182,11
2026-04-27T10:00:00+00:00,1182,1182,1181.5,1182,8
2026-04-27T12:00:00+00:00,1180,1180.5,1179.5,1179.5,13
2026-04-27T13:00:00+00:00,1180.5,1183.5,1180.5,1183,28
2026-04-27T14:00:00+00:00,1182,1188.5,1182,1187.5,55
2026-04-27T15:00:00+00:00,1188,1193.5,1188,1193,38
2026-04-27T16:00:00+00:00,1192,1194.5,1191.5,1193,24
2026-04-27T17:00:00+00:00,1192.5,1194,1192,1192.5,35
2026-04-27T18:00:00+00:00,1191.5,1192,1191.5,1192,2
2026-04-28T00:00:00+00:00,1192,1193,1192,1192,0
2026-04-28T01:00:00+00:00,1192,1192,1188,1188.5,6
2026-04-28T02:00:00+00:00,1186.5,1186.5,1186,1186,5
2026-04-28T03:00:00+00:00,1185,1187,1185,1187,6
2026-04-28T06:00:00+00:00,1187.5,1189,1187.5,1187.5,10
2026-04-28T09:00:00+00:00,1182.5,1184,1182.5,1183,44
2026-04-28T11:00:00+00:00,1185,1185,1184.5,1184.5,2
2026-04-28T12:00:00+00:00,1183.5,1183.5,1182.5,1182.5,7
2026-04-28T13:00:00+00:00,1180.5,1180.5,1176,1177.5,153
2026-04-28T14:00:00+00:00,1178,1181.5,1177.5,1177.5,72
2026-04-28T15:00:00+00:00,1178,1189.5,1177.5,1189.5,216
2026-04-28T16:00:00+00:00,1190.5,1190.5,1185.5,1188,119
2026-04-28T17:00:00+00:00,1188,1190.5,1188,1190,71
2026-04-28T18:00:00+00:00,1190.5,1191,1189,1189.5,35
2026-04-29T00:00:00+00:00,1189.5,1192.5,1186.5,1192,0
2026-04-29T01:00:00+00:00,1191.5,1192,1190,1192,25
2026-04-29T02:00:00+00:00,1192,1192.5,1191,1191,49
2026-04-29T03:00:00+00:00,1191,1191,1190.5,1190.5,7
2026-04-29T04:00:00+00:00,1191,1191,1191,1191,2
2026-04-29T05:00:00+00:00,1191,1191.5,1191,1191.5,3
2026-04-29T06:00:00+00:00,1193.5,1195.5,1193,1195,24
2026-04-29T07:00:00+00:00,1194,1194,1193.5,1193.5,10
2026-04-29T08:00:00+00:00,1194.5,1195.5,1194.5,1195.5,6
2026-04-29T09:00:00+00:00,1194,1194,1194,1194,1
2026-04-29T10:00:00+00:00,1193,1193,1193,1193,3
2026-04-29T11:00:00+00:00,1193,1195,1193,1195,15
2026-04-29T12:00:00+00:00,1194.5,1195.5,1194,1194,12
2026-04-29T13:00:00+00:00,1194,1197,1194,1196,69
2026-04-29T14:00:00+00:00,1195.5,1195.5,1191.5,1194.5,92
2026-04-29T15:00:00+00:00,1197,1197.5,1193,1195,74
2026-04-29T16:00:00+00:00,1193,1197.5,1193,1197,52
2026-04-29T17:00:00+00:00,1196.5,1197,1194.5,1195,32
2026-04-29T18:00:00+00:00,1195,1197.5,1195,1197.5,36
2026-04-30T00:00:00+00:00,1197.5,1206.5,1190.5,1203.5,0
2026-04-30T01:00:00+00:00,1203.5,1203.5,1199,1199,13
2026-04-30T02:00:00+00:00,1200,1201.5,1200,1201.5,4
2026-04-30T03:00:00+00:00,1203,1203,1203,1203,14
2026-04-30T04:00:00+00:00,1203,1206,1203,1204,41
2026-04-30T05:00:00+00:00,1204.5,1204.5,1201,1201,10
2026-04-30T06:00:00+00:00,1200,1200.5,1199,1199.5,14
2026-04-30T07:00:00+00:00,1200,1200,1199,1199,11
2026-04-30T08:00:00+00:00,1199.5,1199.5,1198.5,1198.5,5
2026-04-30T09:00:00+00:00,1199.5,1201,1195.5,1195.5,13
2026-04-30T10:00:00+00:00,1196,1196.5,1193.5,1193.5,18
2026-04-30T11:00:00+00:00,1191.5,1193,1191,1192.5,13
2026-04-30T12:00:00+00:00,1193,1194,1193,1194,6
2026-04-30T13:00:00+00:00,1196,1196,1192,1193,73
2026-04-30T14:00:00+00:00,1193.5,1195,1191,1194.5,149
2026-04-30T15:00:00+00:00,1194.5,1198,1194.5,1197,81
2026-04-30T16:00:00+00:00,1196.5,1197.5,1195.5,1197,78
2026-04-30T17:00:00+00:00,1196.5,1199,1194.5,1195,86
2026-04-30T18:00:00+00:00,1195.5,1196,1195.5,1195.5,40
2026-05-01T00:00:00+00:00,1197.5,1200,1197.5,1199,0
2026-05-01T01:00:00+00:00,1200,1202,1200,1202,12
2026-05-01T02:00:00+00:00,1202.5,1204,1202,1203,12
2026-05-01T03:00:00+00:00,1203,1203,1203,1203,1
2026-05-01T06:00:00+00:00,1203,1203,1203,1203,2
2026-05-01T07:00:00+00:00,1202,1202,1200.5,1200.5,6
2026-05-01T08:00:00+00:00,1201,1201,1201,1201,1
2026-05-01T09:00:00+00:00,1201,1201,1201,1201,5
2026-05-01T10:00:00+00:00,1201.5,1203,1201.5,1202,8
2026-05-01T11:00:00+00:00,1203,1203,1201.5,1201.5,4
2026-05-01T12:00:00+00:00,1201,1201.5,1198,1200,33
2026-05-01T13:00:00+00:00,1199,1202,1196.5,1199.5,43
2026-05-01T14:00:00+00:00,1198,1201.5,1196,1200,77
2026-05-01T15:00:00+00:00,1200.5,1202,1196.5,1196.5,34
2026-05-01T16:00:00+00:00,1197.5,1200.5,1196,1199.5,30
2026-05-01T17:00:00+00:00,1201,1205,1200.5,1203,34
2026-05-01T18:00:00+00:00,1202.5,1203.5,1202,1203.5,12
2026-05-04T00:00:00+00:00,1204,1211,1202.5,1209.5,79
2026-05-04T01:00:00+00:00,1211,1212,1209,1210,21
2026-05-04T02:00:00+00:00,1209.5,1210.5,1209.5,1209.5,5
2026-05-04T03:00:00+00:00,1210.5,1211,1209.5,1209.5,8
2026-05-04T04:00:00+00:00,1210,1210,1209.5,1210,3
2026-05-04T05:00:00+00:00,1208.5,1209,1205,1205,17
2026-05-04T06:00:00+00:00,1205.5,1208,1205.5,1207.5,12
2026-05-04T07:00:00+00:00,1208,1210,1208,1210,29
2026-05-04T08:00:00+00:00,1209.5,1211,1209.5,1209.5,29
2026-05-04T09:00:00+00:00,1211,1211,1210,1210,16
2026-05-04T10:00:00+00:00,1211.5,1212,1208.5,1209.5,51
2026-05-04T11:00:00+00:00,1211.5,1212,1210.5,1210.5,19
2026-05-04T12:00:00+00:00,1210.5,1210.5,1208.5,1208.5,5
2026-05-04T13:00:00+00:00,1208.5,1212,1203.5,1211.5,19
2026-05-04T14:00:00+00:00,1211.5,1222.5,1211.5,1222.5,81
2026-05-04T15:00:00+00:00,1222,1226,1222,1224.5,52
2026-05-04T16:00:00+00:00,1220.5,1222.5,1220,1222.5,39
2026-05-04T17:00:00+00:00,1222,1223,1221.5,1223,22
2026-05-04T18:00:00+00:00,1223,1223,1222.5,1223,6
2026-05-05T00:00:00+00:00,1222.5,1227,1220.5,1222.5,0
2026-05-05T03:00:00+00:00,1222.5,1224,1222.5,1224,28
2026-05-05T04:00:00+00:00,1223.5,1223.5,1223,1223.5,5
2026-05-05T05:00:00+00:00,1223.5,1223.5,1223,1223,3
2026-05-05T06:00:00+00:00,1224,1226,1224,1226,5
2026-05-05T07:00:00+00:00,1225,1225,1223,1223,17
2026-05-05T08:00:00+00:00,1221.5,1221.5,1218.5,1218.5,7
2026-05-05T09:00:00+00:00,1218.5,1219,1218.5,1219,8
2026-05-05T10:00:00+00:00,1219.5,1219.5,1217.5,1218.5,29
2026-05-05T11:00:00+00:00,1218,1218,1218,1218,4
2026-05-05T12:00:00+00:00,1219,1219,1216.5,1218,11
2026-05-05T13:00:00+00:00,1218,1219,1212,1219,42
2026-05-05T14:00:00+00:00,1220,1221.5,1217.5,1217.5,18
2026-05-05T15:00:00+00:00,1215,1215,1210.5,1213.5,38
2026-05-05T16:00:00+00:00,1210.5,1212,1210.5,1212,4
2026-05-05T17:00:00+00:00,1211.5,1212,1211.5,1212,6
2026-05-05T18:00:00+00:00,1212,1212,1211.5,1211.5,5
2026-05-06T00:00:00+00:00,1208.5,1213.5,1208.5,1212.5,0
2026-05-06T01:00:00+00:00,1212.5,1213.5,1209.5,1210.5,46
2026-05-06T02:00:00+00:00,1215,1215,1214,1214,3
2026-05-06T03:00:00+00:00,1211,1211,1210,1210,14
2026-05-06T05:00:00+00:00,1210.5,1211,1210.5,1210.5,13
2026-05-06T06:00:00+00:00,1209.5,1213,1209.5,1212,19
2026-05-06T07:00:00+00:00,1211,1211,1211,1211,2
2026-05-06T08:00:00+00:00,1211,1211,1204,1204,11
2026-05-06T09:00:00+00:00,1204,1208,1203.5,1205.5,53
2026-05-06T10:00:00+00:00,1204.5,1204.5,1197.5,1199.5,79
2026-05-06T11:00:00+00:00,1200,1204,1199.5,1202.5,20
2026-05-06T12:00:00+00:00,1205,1208.5,1205,1207,25
2026-05-06T13:00:00+00:00,1206.5,1208.5,1198.5,1198.5,49
2026-05-06T14:00:00+00:00,1196.5,1196.5,1192.5,1193.5,59
2026-05-06T15:00:00+00:00,1192,1194.5,1190.5,1191.5,28
2026-05-06T16:00:00+00:00,1192.5,1193,1191,1193,18
2026-05-06T17:00:00+00:00,1194,1196,1194,1196,5
2026-05-06T18:00:00+00:00,1194.5,1194.5,1194.5,1194.5,2
2026-05-07T00:00:00+00:00,1193,1195.5,1192,1195.5,0
2026-05-07T01:00:00+00:00,1197,1197,1190,1190.5,15
2026-05-07T02:00:00+00:00,1189.5,1189.5,1186.5,1187.5,53
2026-05-07T03:00:00+00:00,1188.5,1189.5,1188.5,1189,44
2026-05-07T04:00:00+00:00,1189,1190.5,1189,1190.5,3
2026-05-07T05:00:00+00:00,1191.5,1191.5,1191,1191,2
2026-05-07T06:00:00+00:00,1190,1190,1190,1190,1
2026-05-07T07:00:00+00:00,1190.5,1191.5,1188,1191.5,5
2026-05-07T08:00:00+00:00,1191.5,1193.5,1191.5,1193.5,8
2026-05-07T09:00:00+00:00,1192,1192,1192,1192,2
2026-05-07T10:00:00+00:00,1193.5,1195,1192.5,1192.5,88
2026-05-07T11:00:00+00:00,1192.5,1192.5,1189.5,1189.5,186
2026-05-07T12:00:00+00:00,1190.5,1190.5,1186,1186,10
2026-05-07T13:00:00+00:00,1185,1191,1184,1190,68
2026-05-07T14:00:00+00:00,1188,1188,1182.5,1184.5,30
2026-05-07T15:00:00+00:00,1183.5,1195,1183.5,1187.5,3
2026-05-07T16:00:00+00:00,1186.5,1195,1186.5,1192.5,38
2026-05-07T17:00:00+00:00,1191.5,1193.5,1190.5,1191,17
2026-05-07T18:00:00+00:00,1192.5,1192.5,1192,1192,5
2026-05-08T00:00:00+00:00,1194.5,1195,1192.5,1192.5,0
2026-05-08T01:00:00+00:00,1192.5,1193.5,1191,1193.5,29
2026-05-08T03:00:00+00:00,1190,1190,1190,1190,1
2026-05-08T04:00:00+00:00,1190.5,1190.5,1190.5,1190.5,9
2026-05-08T05:00:00+00:00,1191,1191,1191,1191,4
2026-05-08T06:00:00+00:00,1190.5,1190.5,1190.5,1190.5,5
2026-05-08T07:00:00+00:00,1191,1192.5,1191,1192.5,2
2026-05-08T08:00:00+00:00,1191,1192,1191,1192,14
2026-05-08T09:00:00+00:00,1193.5,1193.5,1193.5,1193.5,1
2026-05-08T10:00:00+00:00,1193.5,1193.5,1193.5,1193.5,7
2026-05-08T11:00:00+00:00,1192.5,1194.5,1192.5,1194.5,19
2026-05-08T12:00:00+00:00,1195.5,1198,1195,1197.5,41
2026-05-08T13:00:00+00:00,1199.5,1199.5,1195.5,1196.5,28
2026-05-08T14:00:00+00:00,1196,1200,1196,1199.5,19
2026-05-08T15:00:00+00:00,1199.5,1206,1199.5,1206,24
2026-05-08T16:00:00+00:00,1207,1210,1206.5,1208.5,32
2026-05-08T17:00:00+00:00,1209.5,1209.5,1206,1208,25
2026-05-08T18:00:00+00:00,1207.5,1208,1207,1208,16
2026-05-11T00:00:00+00:00,1208,1215.5,1207,1214,62
2026-05-11T01:00:00+00:00,1212,1213.5,1209.5,1213.5,53
2026-05-11T02:00:00+00:00,1215,1216,1214.5,1215.5,14
2026-05-11T03:00:00+00:00,1216.5,1217.5,1216.5,1217.5,10
2026-05-11T04:00:00+00:00,1217.5,1217.5,1216.5,1216.5,5
2026-05-11T05:00:00+00:00,1216.5,1217.5,1216.5,1217.5,9
2026-05-11T06:00:00+00:00,1217,1218,1215.5,1216,20
2026-05-11T07:00:00+00:00,1216,1217,1216,1216.5,7
2026-05-11T08:00:00+00:00,1216.5,1218,1216.5,1217.5,22
2026-05-11T09:00:00+00:00,1219,1219,1219,1219,3
2026-05-11T10:00:00+00:00,1220,1222.5,1220,1222.5,31
2026-05-11T11:00:00+00:00,1222.5,1222.5,1220.5,1220.5,16
2026-05-11T12:00:00+00:00,1219.5,1220.5,1218.5,1219.5,14
2026-05-11T13:00:00+00:00,1218,1218,1210.5,1211.5,97
2026-05-11T14:00:00+00:00,1214,1215.5,1213,1215.5,13
2026-05-11T15:00:00+00:00,1216,1216,1212.5,1214.5,58
2026-05-11T16:00:00+00:00,1212.5,1214.5,1212.5,1213.5,15
2026-05-11T17:00:00+00:00,1214,1214,1213,1213,7
2026-05-11T18:00:00+00:00,1212.5,1212.5,1212,1212,10
2026-05-12T00:00:00+00:00,1211,1214,1211,1214,0
2026-05-12T01:00:00+00:00,1213.5,1215.5,1213.5,1215.5,19
2026-05-12T02:00:00+00:00,1216,1216,1216,1216,2
2026-05-12T03:00:00+00:00,1216.5,1216.5,1216,1216,8
2026-05-12T05:00:00+00:00,1214,1214.5,1214,1214,5
2026-05-12T06:00:00+00:00,1214.5,1216.5,1214.5,1216.5,11
2026-05-12T07:00:00+00:00,1215,1215.5,1215,1215.5,6
2026-05-12T08:00:00+00:00,1214.5,1214.5,1212,1212,43
2026-05-12T09:00:00+00:00,1212,1213.5,1211.5,1213,9
2026-05-12T10:00:00+00:00,1214.5,1217,1214.5,1216,24
2026-05-12T11:00:00+00:00,1217,1219,1215,1219,35
2026-05-12T12:00:00+00:00,1217.5,1218,1216.5,1216.5,32
2026-05-12T13:00:00+00:00,1219,1221,1219,1220,20
2026-05-12T14:00:00+00:00,1219,1222,1218.5,1221,24
2026-05-12T15:00:00+00:00,1222,1223,1217.5,1219,20
2026-05-12T16:00:00+00:00,1222,1234,1222,1228,137
2026-05-12T17:00:00+00:00,1226,1228,1225,1226.5,27
2026-05-12T18:00:00+00:00,1226.5,1227.5,1225.5,1225.5,7
2026-05-13T00:00:00+00:00,1229,1230,1224.5,1226.5,0
2026-05-13T01:00:00+00:00,1228.5,1228.5,1225.5,1228.5,10
2026-05-13T02:00:00+00:00,1229,1229,1228,1228.5,14
2026-05-13T04:00:00+00:00,1226,1226,1225,1225,13
2026-05-13T05:00:00+00:00,1225,1225,1222.5,1222.5,28
2026-05-13T06:00:00+00:00,1222.5,1225,1222.5,1224.5,7
2026-05-13T08:00:00+00:00,1224.5,1228,1224.5,1228,4
2026-05-13T09:00:00+00:00,1230,1230,1228.5,1228.5,11
2026-05-13T10:00:00+00:00,1230,1230,1229.5,1229.5,3
2026-05-13T11:00:00+00:00,1229,1229,1229,1229,1
2026-05-13T12:00:00+00:00,1228,1228.5,1227,1228.5,5
2026-05-13T13:00:00+00:00,1226.5,1233.5,1226.5,1232.5,19
2026-05-13T14:00:00+00:00,1233,1234,1231,1234,20
2026-05-13T15:00:00+00:00,1234.5,1234.5,1228.5,1228.5,4
2026-05-13T16:00:00+00:00,1225.5,1233.5,1224.5,1232.5,58
2026-05-13T17:00:00+00:00,1232.5,1232.5,1232,1232,3
2026-05-13T18:00:00+00:00,1230,1230,1230,1230,6
2026-05-14T00:00:00+00:00,1226,1228,1218,1224.5,0
2026-05-14T01:00:00+00:00,1225,1226.5,1222.5,1222.5,38
2026-05-14T02:00:00+00:00,1223,1225,1223,1224.5,10
2026-05-14T03:00:00+00:00,1224,1225.5,1223,1224.5,44
2026-05-14T04:00:00+00:00,1224.5,1225.5,1224.5,1225.5,5
2026-05-14T05:00:00+00:00,1226.5,1226.5,1226.5,1226.5,9
2026-05-14T06:00:00+00:00,1225.5,1226.5,1215.5,1217,128
2026-05-14T07:00:00+00:00,1218,1220,1217,1220,47
2026-05-14T08:00:00+00:00,1220.5,1225,1220,1220.5,67
2026-05-14T09:00:00+00:00,1221,1221.5,1219.5,1219.5,25
2026-05-14T10:00:00+00:00,1218.5,1220.5,1206,1212,141
2026-05-14T11:00:00+00:00,1212.5,1212.5,1205.5,1208,41
2026-05-14T12:00:00+00:00,1201.5,1204,1196.5,1198.5,66
2026-05-14T13:00:00+00:00,1198,1200,1193.5,1197,108
2026-05-14T14:00:00+00:00,1197.5,1197.5,1192.5,1193,65
2026-05-14T15:00:00+00:00,1193,1193.5,1181.5,1188,138
2026-05-14T16:00:00+00:00,1185,1186,1184.5,1185.5,15
2026-05-14T17:00:00+00:00,1187.5,1192,1186.5,1192,22
2026-05-14T18:00:00+00:00,1193,1193.5,1192,1193.5,4
2026-05-15T00:00:00+00:00,1197,1200,1195,1197,0
2026-05-15T01:00:00+00:00,1197,1201.5,1195,1200,115
2026-05-15T02:00:00+00:00,1199,1199,1197,1197,20
2026-05-15T03:00:00+00:00,1196,1196,1196,1196,5
2026-05-15T04:00:00+00:00,1196,1196,1196,1196,7
2026-05-15T05:00:00+00:00,1195.5,1196.5,1194,1194.5,13
2026-05-15T06:00:00+00:00,1193.5,1193.5,1191.5,1191.5,18
2026-05-15T07:00:00+00:00,1190.5,1191,1190.5,1191,2
2026-05-15T08:00:00+00:00,1190.5,1192,1189.5,1192,17
2026-05-15T09:00:00+00:00,1189.5,1191,1186.5,1187.5,21
2026-05-15T10:00:00+00:00,1187,1192,1186.5,1188.5,84
2026-05-15T11:00:00+00:00,1188,1189,1184,1184.5,31
2026-05-15T12:00:00+00:00,1185,1185,1180,1182,26
2026-05-15T13:00:00+00:00,1183,1189.5,1183,1187,45
2026-05-15T14:00:00+00:00,1184,1184,1178.5,1179,49
2026-05-15T15:00:00+00:00,1177.5,1177.5,1173,1175.5,53
2026-05-15T16:00:00+00:00,1173.5,1175,1173,1175,14
2026-05-15T17:00:00+00:00,1176.5,1177,1175.5,1177,9
2026-05-15T18:00:00+00:00,1177,1177,1176,1177,11
2026-05-18T00:00:00+00:00,1196.5,1208,1191,1193.5,119
2026-05-18T01:00:00+00:00,1192.5,1195.5,1192,1195,41
2026-05-18T02:00:00+00:00,1194,1195,1194,1195,9
2026-05-18T03:00:00+00:00,1195,1198,1195,1197.5,24
2026-05-18T04:00:00+00:00,1197,1198,1197,1198,6
2026-05-18T05:00:00+00:00,1198.5,1198.5,1196.5,1196.5,3
2026-05-18T06:00:00+00:00,1196.5,1197,1196.5,1197,13
2026-05-18T07:00:00+00:00,1198,1199,1197,1199,26
2026-05-18T08:00:00+00:00,1198.5,1200.5,1198,1200.5,15
2026-05-18T09:00:00+00:00,1201.5,1203,1200.5,1202,34
2026-05-18T10:00:00+00:00,1202,1202.5,1199.5,1201,16
2026-05-18T11:00:00+00:00,1203.5,1204.5,1197.5,1197.5,51
2026-05-18T12:00:00+00:00,1201.5,1205.5,1201.5,1203.5,13
2026-05-18T13:00:00+00:00,1203.5,1207,1202,1207,16
2026-05-18T14:00:00+00:00,1210,1217.5,1210,1214.5,51
2026-05-18T15:00:00+00:00,1213.5,1216.5,1212.5,1213,47
2026-05-18T16:00:00+00:00,1218,1218,1215,1215.5,14
2026-05-18T17:00:00+00:00,1216,1216.5,1215,1215.5,15
2026-05-18T18:00:00+00:00,1213.5,1215,1212,1212,13
2026-05-19T00:00:00+00:00,1214.5,1214.5,1212,1212.5,0
2026-05-19T01:00:00+00:00,1214,1215,1214,1215,5
2026-05-19T02:00:00+00:00,1214,1214,1213,1213,3
2026-05-19T03:00:00+00:00,1215,1215,1215,1215,2
2026-05-19T04:00:00+00:00,1214,1214.5,1214,1214.5,14
2026-05-19T05:00:00+00:00,1215,1217.5,1215,1217,31
2026-05-19T06:00:00+00:00,1218,1221,1218,1220.5,13
2026-05-19T07:00:00+00:00,1219.5,1219.5,1218.5,1218.5,18
2026-05-19T08:00:00+00:00,1218,1220,1211.5,1213,73
2026-05-19T09:00:00+00:00,1215.5,1215.5,1213.5,1213.5,33
2026-05-19T10:00:00+00:00,1214,1214,1213.5,1213.5,12
2026-05-19T11:00:00+00:00,1218.5,1218.5,1218.5,1218.5,6
2026-05-19T12:00:00+00:00,1215,1215,1215,1215,2
2026-05-19T13:00:00+00:00,1216,1218.5,1215,1217,20
2026-05-19T14:00:00+00:00,1215.5,1215.5,1209.5,1210,33
2026-05-19T15:00:00+00:00,1211,1214,1211,1214,12
2026-05-19T16:00:00+00:00,1212,1213,1210,1213,7
2026-05-19T17:00:00+00:00,1214,1214,1208.5,1208.5,24
2026-05-19T18:00:00+00:00,1208.5,1211,1208.5,1211,11
2026-05-20T00:00:00+00:00,1209,1209,1206,1206,0
2026-05-20T01:00:00+00:00,1207.5,1208.5,1203,1203,44
2026-05-20T02:00:00+00:00,1203.5,1203.5,1203.5,1203.5,4
2026-05-20T03:00:00+00:00,1205,1205,1205,1205,2
2026-05-20T04:00:00+00:00,1206,1206,1206,1206,1
2026-05-20T05:00:00+00:00,1207.5,1210.5,1207.5,1210.5,19
2026-05-20T06:00:00+00:00,1208.5,1208.5,1207.5,1207.5,6
2026-05-20T07:00:00+00:00,1206.5,1207,1204,1204,5
2026-05-20T08:00:00+00:00,1205.5,1205.5,1201.5,1201.5,10
2026-05-20T09:00:00+00:00,1202,1206.5,1202,1206.5,9
2026-05-20T10:00:00+00:00,1207,1207,1205,1206,5
2026-05-20T11:00:00+00:00,1206,1207.5,1206,1207.5,4
2026-05-20T12:00:00+00:00,1205.5,1205.5,1203,1203,35
2026-05-20T13:00:00+00:00,1203,1203.5,1203,1203.5,2
2026-05-20T14:00:00+00:00,1202.5,1202.5,1198,1201,65
2026-05-20T15:00:00+00:00,1201,1202,1199.5,1199.5,33
2026-05-20T16:00:00+00:00,1199,1201.5,1198.5,1201,73
2026-05-20T17:00:00+00:00,1198.5,1198.5,1197.5,1197.5,11
2026-05-20T18:00:00+00:00,1198,1200,1198,1200,6
2026-05-21T00:00:00+00:00,1199.5,1200,1195.5,1198.5,0
2026-05-21T01:00:00+00:00,1200,1200,1199.5,1199.5,2
2026-05-21T02:00:00+00:00,1197,1197,1196,1196.5,33
2026-05-21T03:00:00+00:00,1196,1197,1196,1197,10
2026-05-21T05:00:00+00:00,1196,1196,1196,1196,2
2026-05-21T06:00:00+00:00,1196,1196,1195.5,1196,9
2026-05-21T07:00:00+00:00,1197,1198,1197,1198,2
2026-05-21T08:00:00+00:00,1199,1199,1197.5,1197.5,4
2026-05-21T09:00:00+00:00,1195,1195,1192.5,1193,25
2026-05-21T10:00:00+00:00,1192,1202.5,1192,1200,30
2026-05-21T11:00:00+00:00,1200,1200,1197.5,1197.5,10
2026-05-21T12:00:00+00:00,1201.5,1201.5,1201.5,1201.5,4
2026-05-21T13:00:00+00:00,1199,1199,1193.5,1193.5,11
2026-05-21T14:00:00+00:00,1195.5,1198,1195.5,1196,14
2026-05-21T15:00:00+00:00,1200,1203.5,1200,1201,12
2026-05-21T16:00:00+00:00,1199,1199,1196.5,1198,32
2026-05-21T17:00:00+00:00,1198,1198,1191,1191,16
2026-05-21T18:00:00+00:00,1194,1194,1194,1194,5
2026-05-22T00:00:00+00:00,1192.5,1193.5,1190.5,1193.5,0
2026-05-22T04:00:00+00:00,1193.5,1193.5,1193.5,1193.5,1
2026-05-22T05:00:00+00:00,1195,1195,1195,1195,1
2026-05-22T06:00:00+00:00,1195,1195.5,1195,1195.5,20
2026-05-22T07:00:00+00:00,1197,1199,1197,1198,10
2026-05-22T08:00:00+00:00,1198,1198.5,1198,1198.5,2
2026-05-22T09:00:00+00:00,1200,1200,1199.5,1199.5,7
2026-05-22T11:00:00+00:00,1198.5,1198.5,1198.5,1198.5,14
2026-05-22T12:00:00+00:00,1197.5,1197.5,1196.5,1197,15
2026-05-22T13:00:00+00:00,1200.5,1201.5,1199.5,1199.5,40
2026-05-22T14:00:00+00:00,1197.5,1197.5,1197.5,1197.5,10
2026-05-22T15:00:00+00:00,1197,1198,1196.5,1196.5,7
2026-05-22T16:00:00+00:00,1197,1199.5,1196,1198,16
2026-05-22T17:00:00+00:00,1197,1197,1197,1197,8
2026-05-22T18:00:00+00:00,1197,1197,1196,1196.5,24
2026-05-26T06:00:00+00:00,1188,1188,1187.5,1188,24
2026-05-26T08:00:00+00:00,1188.5,1193.5,1188.5,1192.5,40
2026-05-26T09:00:00+00:00,1192,1192,1192,1192,10
2026-05-26T10:00:00+00:00,1188,1188,1186.5,1188,49
2026-05-26T11:00:00+00:00,1190,1190,1190,1190,10
2026-05-26T12:00:00+00:00,1190.5,1190.5,1189.5,1190,24
2026-05-26T13:00:00+00:00,1191.5,1191.5,1191,1191,22
2026-05-26T14:00:00+00:00,1190.5,1190.5,1187.5,1190,8
2026-05-26T15:00:00+00:00,1189.5,1190.5,1189.5,1190.5,9
2026-05-26T16:00:00+00:00,1187.5,1187.5,1187.5,1187.5,2
2026-05-26T17:00:00+00:00,1187.5,1187.5,1185,1185,16
2026-05-26T18:00:00+00:00,1186.5,1186.5,1185.5,1185.5,6
2026-05-27T00:00:00+00:00,1187.5,1187.5,1186,1186.5,0
2026-05-27T02:00:00+00:00,1187,1188,1186.5,1188,18
2026-05-27T03:00:00+00:00,1186,1187,1186,1186,4
2026-05-27T05:00:00+00:00,1185.5,1186.5,1185.5,1186.5,5
2026-05-27T06:00:00+00:00,1185,1185,1183.5,1184,9
2026-05-27T07:00:00+00:00,1184.5,1184.5,1184.5,1184.5,1
2026-05-27T08:00:00+00:00,1185,1185.5,1184.5,1184.5,26
2026-05-27T09:00:00+00:00,1184.5,1184.5,1184,1184,18
2026-05-27T10:00:00+00:00,1186.5,1186.5,1184.5,1185,80
2026-05-27T11:00:00+00:00,1185,1185,1185,1185,3
2026-05-27T12:00:00+00:00,1185,1185,1180,1182,64
2026-05-27T13:00:00+00:00,1181,1186,1181,1186,40
2026-05-27T14:00:00+00:00,1190,1190,1189,1190,9
2026-05-27T15:00:00+00:00,1190.5,1190.5,1189,1189,10
2026-05-27T16:00:00+00:00,1189.5,1189.5,1187,1188,9
2026-05-27T17:00:00+00:00,1186,1186.5,1185.5,1186.5,17
2026-05-27T18:00:00+00:00,1186.5,1186.5,1185,1185.5,10
2026-05-28T00:00:00+00:00,1189,1189,1189,1189,0
2026-05-28T01:00:00+00:00,1188,1188.5,1187.5,1187.5,9
2026-05-28T02:00:00+00:00,1188,1188.5,1188,1188.5,3
2026-05-28T03:00:00+00:00,1190,1190,1190,1190,4
2026-05-28T04:00:00+00:00,1189.5,1189.5,1189.5,1189.5,2
2026-05-28T05:00:00+00:00,1190,1190,1189.5,1189.5,2
2026-05-28T06:00:00+00:00,1191.5,1194.5,1191.5,1193.5,27
2026-05-28T07:00:00+00:00,1194,1194,1194,1194,1
2026-05-28T08:00:00+00:00,1194,1194,1192,1193,19
2026-05-28T10:00:00+00:00,1192,1195,1192,1194,24
2026-05-28T11:00:00+00:00,1194.5,1195,1194,1194,9
2026-05-28T13:00:00+00:00,1189.5,1193,1189.5,1192.5,15
2026-05-28T14:00:00+00:00,1192,1198.5,1188.5,1190,37
2026-05-28T15:00:00+00:00,1196,1196,1186.5,1193.5,17
2026-05-28T16:00:00+00:00,1194,1195.5,1192.5,1193,23
2026-05-28T17:00:00+00:00,1192.5,1192.5,1192.5,1192.5,3
2026-05-28T18:00:00+00:00,1195,1195,1195,1195,3
2026-05-29T00:00:00+00:00,1195,1197,1195,1196,0
2026-05-29T01:00:00+00:00,1197,1198,1197,1198,12
2026-05-29T02:00:00+00:00,1197.5,1199.5,1197.5,1199.5,18
2026-05-29T06:00:00+00:00,1199.5,1199.5,1196,1196,8
2026-05-29T09:00:00+00:00,1196.5,1196.5,1196.5,1196.5,3
2026-05-29T10:00:00+00:00,1197,1199.5,1197,1199.5,3
2026-05-29T11:00:00+00:00,1199.5,1199.5,1199.5,1199.5,5
2026-05-29T12:00:00+00:00,1198.5,1198.5,1198.5,1198.5,1
2026-05-29T13:00:00+00:00,1193,1194.5,1189.5,1194.5,20
2026-05-29T14:00:00+00:00,1193,1193,1185,1191,50
2026-05-29T15:00:00+00:00,1185,1187.5,1183,1186.5,15
2026-05-29T16:00:00+00:00,1186,1188,1177.5,1177.5,15
2026-05-29T17:00:00+00:00,1183,1183.5,1180.5,1183.5,18
2026-05-29T18:00:00+00:00,1185,1187,1178.5,1187,19
2026-06-01T00:00:00+00:00,1195.5,1195.5,1186.5,1190,43
2026-06-01T01:00:00+00:00,1189,1189.5,1188,1189.5,28
2026-06-01T02:00:00+00:00,1188.5,1189,1188.5,1189,8
2026-06-01T03:00:00+00:00,1189,1189,1189,1189,4
2026-06-01T05:00:00+00:00,1190.5,1192,1190.5,1192,9
2026-06-01T06:00:00+00:00,1192.5,1192.5,1192,1192,2
2026-06-01T07:00:00+00:00,1193,1193.5,1192.5,1193,51
2026-06-01T08:00:00+00:00,1192.5,1192.5,1192.5,1192.5,3
2026-06-01T10:00:00+00:00,1192,1192,1192,1192,4
2026-06-01T11:00:00+00:00,1189.5,1191,1189.5,1191,8
2026-06-01T12:00:00+00:00,1190.5,1193,1190.5,1192.5,33
2026-06-01T13:00:00+00:00,1191.5,1191.5,1185,1185,40
2026-06-01T14:00:00+00:00,1185,1189.5,1184.5,1185,17
2026-06-01T15:00:00+00:00,1182.5,1183,1182,1183,44
2026-06-01T16:00:00+00:00,1181,1181,1178,1178,29
2026-06-01T17:00:00+00:00,1179,1180,1178.5,1180,27
2026-06-01T18:00:00+00:00,1180,1181.5,1179,1181,37
2026-06-02T00:00:00+00:00,1180,1180,1176.5,1176.5,0
2026-06-02T01:00:00+00:00,1177.5,1178.5,1176.5,1178,12
2026-06-02T03:00:00+00:00,1179,1179,1179,1179,2
2026-06-02T04:00:00+00:00,1179.5,1179.5,1179.5,1179.5,2
2026-06-02T05:00:00+00:00,1179,1179,1179,1179,1
2026-06-02T06:00:00+00:00,1183.5,1183.5,1183.5,1183.5,0
2026-06-02T08:00:00+00:00,1183.5,1183.5,1183,1183,68
2026-06-02T09:00:00+00:00,1182,1182.5,1181.5,1182,14
2026-06-02T11:00:00+00:00,1179.5,1180.5,1179.5,1180.5,4
2026-06-02T12:00:00+00:00,1182.5,1182.5,1182,1182,5
2026-06-02T13:00:00+00:00,1179,1179,1169,1169,33
2026-06-02T14:00:00+00:00,1168.5,1169.5,1167,1169.5,17
2026-06-02T15:00:00+00:00,1173,1177,1167.5,1168,81
2026-06-02T16:00:00+00:00,1167.5,1169,1167.5,1169,2
2026-06-02T17:00:00+00:00,1168.5,1168.5,1167,1167,4
2026-06-02T18:00:00+00:00,1166,1166,1164.5,1164.5,11
2026-06-03T00:00:00+00:00,1163.5,1170,1161,1164.5,0
2026-06-03T01:00:00+00:00,1163.5,1167,1163.5,1166.5,11
2026-06-03T02:00:00+00:00,1166,1166,1166,1166,1
2026-06-03T03:00:00+00:00,1169,1169,1168.5,1168.5,9
2026-06-03T04:00:00+00:00,1168.5,1168.5,1168,1168.5,3
2026-06-03T05:00:00+00:00,1169,1169.5,1169,1169.5,7
2026-06-03T07:00:00+00:00,1168.5,1168.5,1167.5,1167.5,10
2026-06-03T08:00:00+00:00,1167.5,1169,1167.5,1169,7
2026-06-03T09:00:00+00:00,1168,1168,1168,1168,9
2026-06-03T10:00:00+00:00,1169,1169,1169,1169,5
2026-06-03T11:00:00+00:00,1169.5,1169.5,1169.5,1169.5,1
2026-06-03T12:00:00+00:00,1171,1172.5,1171,1172.5,3
2026-06-03T13:00:00+00:00,1170.5,1170.5,1162,1162,29
2026-06-03T14:00:00+00:00,1161,1166,1160,1166,41
2026-06-03T15:00:00+00:00,1165.5,1165.5,1159.5,1159.5,18
2026-06-03T16:00:00+00:00,1159,1160,1157,1157,67
2026-06-03T17:00:00+00:00,1156,1157.5,1154,1154,78
2026-06-03T18:00:00+00:00,1153,1154.5,1153,1154.5,8
2026-06-04T00:00:00+00:00,1159.5,1159.5,1155,1155,0
2026-06-04T01:00:00+00:00,1153.5,1153.5,1150.5,1150.5,19
2026-06-04T02:00:00+00:00,1150,1150,1150,1150,57
2026-06-04T05:00:00+00:00,1150,1150,1150,1150,1
2026-06-04T06:00:00+00:00,1150,1150,1150,1150,4
2026-06-04T09:00:00+00:00,1147.5,1148,1146.5,1148,13
2026-06-04T10:00:00+00:00,1148,1148,1147,1147,9
2026-06-04T11:00:00+00:00,1148.5,1148.5,1148.5,1148.5,2
2026-06-04T12:00:00+00:00,1148.5,1150,1148,1148,7
2026-06-04T13:00:00+00:00,1147,1147,1137,1137,30
2026-06-04T14:00:00+00:00,1138,1138,1127.5,1129,177
2026-06-04T15:00:00+00:00,1127,1127.5,1124,1124.5,17
2026-06-04T16:00:00+00:00,1127,1127,1123,1123.5,19
2026-06-04T17:00:00+00:00,1123.5,1124,1120.5,1124,23
2026-06-04T18:00:00+00:00,1127,1130,1127,1129,23
2026-06-05T00:00:00+00:00,1138,1138,1126.5,1128.5,0
2026-06-05T01:00:00+00:00,1125.5,1128.5,1125.5,1128.5,15
2026-06-05T02:00:00+00:00,1131,1131.5,1131,1131.5,5
2026-06-05T03:00:00+00:00,1130.5,1130.5,1129.5,1129.5,5
2026-06-05T05:00:00+00:00,1128,1128,1128,1128,2
2026-06-05T06:00:00+00:00,1127.5,1128,1127.5,1128,3
2026-06-05T07:00:00+00:00,1127.5,1127.5,1125.5,1126,17
2026-06-05T08:00:00+00:00,1128.5,1128.5,1127.5,1127.5,2
2026-06-05T09:00:00+00:00,1129.5,1129.5,1128.5,1128.5,4
2026-06-05T11:00:00+00:00,1126.5,1126.5,1126,1126.5,5
2026-06-05T12:00:00+00:00,1128,1128,1128,1128,2
2026-06-05T13:00:00+00:00,1130.5,1130.5,1125,1126.5,14
2026-06-05T14:00:00+00:00,1127,1127,1127,1127,1
2026-06-05T15:00:00+00:00,1127.5,1127.5,1127,1127,5
2026-06-05T16:00:00+00:00,1124.5,1124.5,1118,1119,17
2026-06-05T17:00:00+00:00,1119,1119.5,1118,1119.5,22
2026-06-05T18:00:00+00:00,1119.5,1122.5,1119.5,1121.5,13
2026-06-08T00:00:00+00:00,1127,1127.5,1108.5,1116.5,59
2026-06-08T01:00:00+00:00,1117,1122,1117,1121.5,8
2026-06-08T04:00:00+00:00,1121,1121,1121,1121,2
2026-06-08T05:00:00+00:00,1118.5,1118.5,1117.5,1117.5,6
2026-06-08T06:00:00+00:00,1117.5,1118,1116,1116,10
2026-06-08T07:00:00+00:00,1118.5,1119,1118.5,1119,6
2026-06-08T08:00:00+00:00,1117,1117,1115.5,1115.5,11
2026-06-08T10:00:00+00:00,1116.5,1116.5,1116.5,1116.5,2
2026-06-08T11:00:00+00:00,1112,1115.5,1112,1115.5,38
2026-06-08T12:00:00+00:00,1116,1120,1116,1120,8
2026-06-08T13:00:00+00:00,1115,1117.5,1114.5,1117,70
2026-06-08T14:00:00+00:00,1121,1125,1121,1125,8
2026-06-08T15:00:00+00:00,1120,1120,1118,1118.5,54
2026-06-08T16:00:00+00:00,1117.5,1117.5,1115,1115.5,6
2026-06-08T17:00:00+00:00,1115,1118,1115,1116,18
2026-06-08T18:00:00+00:00,1116.5,1116.5,1116,1116,8
2026-06-09T01:00:00+00:00,1116,1116,1114,1115.5,0
2026-06-09T02:00:00+00:00,1113.5,1113.5,1112,1112,27
2026-06-09T03:00:00+00:00,1112,1112.5,1112,1112.5,5
2026-06-09T04:00:00+00:00,1113,1113,1111.5,1112,12
2026-06-09T07:00:00+00:00,1115,1115,1115,1115,3
2026-06-09T08:00:00+00:00,1112.5,1113,1111.5,1112,10
2026-06-09T09:00:00+00:00,1114,1114,1114,1114,1
2026-06-09T11:00:00+00:00,1114.5,1115.5,1114.5,1115.5,2
2026-06-09T12:00:00+00:00,1116.5,1116.5,1113,1113,6
2026-06-09T13:00:00+00:00,1113,1113,1112,1112.5,13
2026-06-09T14:00:00+00:00,1117,1117.5,1117,1117.5,2
2026-06-09T15:00:00+00:00,1113.5,1114,1112.5,1114,24
2026-06-09T16:00:00+00:00,1113,1116.5,1113,1116.5,12
2026-06-09T17:00:00+00:00,1115.5,1115.5,1115.5,1115.5,4
2026-06-09T18:00:00+00:00,1112,1114,1112,1114,5
2026-06-10T00:00:00+00:00,1110.5,1116.5,1110.5,1115.5,0
2026-06-10T03:00:00+00:00,1117,1117,1117,1117,2
2026-06-10T05:00:00+00:00,1116.5,1116.5,1115,1116,14
2026-06-10T06:00:00+00:00,1116,1118.5,1116,1118.5,10
2026-06-10T07:00:00+00:00,1118,1120,1118,1120,32
2026-06-10T08:00:00+00:00,1119,1119,1119,1119,2
2026-06-10T09:00:00+00:00,1117.5,1119.5,1117.5,1119.5,4
2026-06-10T10:00:00+00:00,1118.5,1120,1118,1119,14
2026-06-10T11:00:00+00:00,1121,1121,1120.5,1120.5,6
2026-06-10T12:00:00+00:00,1121,1121.5,1121,1121.5,2
2026-06-10T13:00:00+00:00,1120.5,1124,1120.5,1124,19
2026-06-10T14:00:00+00:00,1124.5,1129.5,1124,1128.5,43
2026-06-10T15:00:00+00:00,1127,1129,1124.5,1129,27
2026-06-10T16:00:00+00:00,1127.5,1128,1127.5,1127.5,5
2026-06-10T17:00:00+00:00,1126,1126,1123.5,1124,26
2026-06-10T18:00:00+00:00,1124.5,1124.5,1123,1123,22
2026-06-11T00:00:00+00:00,1121,1129.5,1117.5,1124,0
2026-06-11T01:00:00+00:00,1123.5,1123.5,1122,1122.5,9
2026-06-11T02:00:00+00:00,1122.5,1122.5,1122.5,1122.5,1
2026-06-11T04:00:00+00:00,1124,1124,1123,1123,3
2026-06-11T05:00:00+00:00,1122,1123,1122,1123,3
2026-06-11T06:00:00+00:00,1124.5,1124.5,1124.5,1124.5,1
2026-06-11T07:00:00+00:00,1122,1122,1122,1122,2
2026-06-11T08:00:00+00:00,1122.5,1122.5,1120.5,1120.5,11
2026-06-11T09:00:00+00:00,1120.5,1126.5,1120.5,1126.5,0
2026-06-11T12:00:00+00:00,1126,1127.5,1126,1127.5,101
2026-06-11T13:00:00+00:00,1124.5,1124.5,1124.5,1124.5,4
2026-06-11T14:00:00+00:00,1124.5,1125.5,1124.5,1125.5,12
2026-06-11T15:00:00+00:00,1124.5,1124.5,1123.5,1124,9
2026-06-11T16:00:00+00:00,1124,1124,1118,1121,27
2026-06-11T17:00:00+00:00,1116.5,1116.5,1114,1114.5,26
2026-06-11T18:00:00+00:00,1119.5,1121.5,1119.5,1120.5,7
2026-06-12T00:00:00+00:00,1120.5,1120.5,1119.5,1119.5,0
2026-06-12T01:00:00+00:00,1120,1120.5,1120,1120.5,10
2026-06-12T03:00:00+00:00,1119.5,1119.5,1118.5,1118.5,10
2026-06-12T05:00:00+00:00,1119.5,1120,1119.5,1120,4
2026-06-12T06:00:00+00:00,1121.5,1121.5,1121.5,1121.5,0
2026-06-12T08:00:00+00:00,1114.5,1115.5,1114.5,1115.5,79
2026-06-12T11:00:00+00:00,1117,1117.5,1116,1116.5,14
2026-06-12T13:00:00+00:00,1120,1121.5,1120,1121.5,7
2026-06-12T14:00:00+00:00,1120.5,1121,1120.5,1121,3
2026-06-12T15:00:00+00:00,1124,1124,1124,1124,0
2026-06-12T16:00:00+00:00,1121.5,1121.5,1121,1121,149
2026-06-12T18:00:00+00:00,1118,1119,1118,1119,8
2026-06-15T00:00:00+00:00,1113,1118,1113,1118,8
2026-06-15T01:00:00+00:00,1116.5,1118.5,1116.5,1118.5,9
2026-06-15T02:00:00+00:00,1120,1120,1120,1120,9
2026-06-15T05:00:00+00:00,1120.5,1121,1120.5,1121,4
2026-06-15T06:00:00+00:00,1121.5,1121.5,1117,1117.5,7
2026-06-15T07:00:00+00:00,1112.5,1112.5,1109,1109,28
2026-06-15T08:00:00+00:00,1109.5,1109.5,1109.5,1109.5,1
2026-06-15T09:00:00+00:00,1108.5,1108.5,1108.5,1108.5,2
2026-06-15T10:00:00+00:00,1110,1110.5,1110,1110.5,4
2026-06-15T12:00:00+00:00,1108,1108,1104,1104,6
2026-06-15T13:00:00+00:00,1102.5,1107.5,1102.5,1107.5,29
2026-06-15T14:00:00+00:00,1110,1116.5,1110,1116.5,38
2026-06-15T15:00:00+00:00,1117,1117.5,1115,1115,17
2026-06-15T16:00:00+00:00,1117,1117,1117,1117,1
2026-06-15T17:00:00+00:00,1116,1117,1116,1116.5,4
2026-06-15T18:00:00+00:00,1116.5,1120,1116.5,1119.5,8
2026-06-16T00:00:00+00:00,1116.5,1116.5,1116,1116,0
2026-06-16T01:00:00+00:00,1115.5,1115.5,1114,1115.5,14
2026-06-16T04:00:00+00:00,1112,1112,1111,1111,2
2026-06-16T05:00:00+00:00,1112,1112,1111.5,1111.5,8
2026-06-16T06:00:00+00:00,1111,1112.5,1111,1112.5,9
2026-06-16T07:00:00+00:00,1112,1116,1111,1115.5,21
2026-06-16T08:00:00+00:00,1115,1115,1112.5,1112.5,28
2026-06-16T09:00:00+00:00,1114,1115.5,1114,1115.5,12
2026-06-16T11:00:00+00:00,1114.5,1116,1114,1116,8
2026-06-16T12:00:00+00:00,1113.5,1114,1113.5,1114,14
2026-06-16T13:00:00+00:00,1121,1140.5,1121,1140,22
2026-06-16T14:00:00+00:00,1141,1143,1131,1133.5,80
2026-06-16T15:00:00+00:00,1131,1131,1124,1126,71
2026-06-16T16:00:00+00:00,1125.5,1128.5,1125.5,1128.5,2
2026-06-16T17:00:00+00:00,1127,1127.5,1126.5,1127,5
2026-06-16T18:00:00+00:00,1130,1130.5,1129.5,1130,30
2026-06-17T00:00:00+00:00,1131,1135,1131,1133.5,0
2026-06-17T01:00:00+00:00,1132,1135,1132,1134.5,12
2026-06-17T02:00:00+00:00,1134.5,1134.5,1134.5,1134.5,4
2026-06-17T03:00:00+00:00,1135.5,1135.5,1135.5,1135.5,6
2026-06-17T04:00:00+00:00,1137.5,1137.5,1137.5,1137.5,14
2026-06-17T05:00:00+00:00,1138.5,1138.5,1137.5,1137.5,5
2026-06-17T06:00:00+00:00,1137,1137,1135,1135,9
2026-06-17T07:00:00+00:00,1136,1136,1133,1133,13
2026-06-17T08:00:00+00:00,1133.5,1135,1132.5,1132.5,16
2026-06-17T09:00:00+00:00,1132,1138.5,1132,1138.5,18
2026-06-17T10:00:00+00:00,1138,1138,1138,1138,1
2026-06-17T11:00:00+00:00,1140,1140,1140,1140,2
2026-06-17T12:00:00+00:00,1136.5,1139,1136.5,1137.5,18
2026-06-17T13:00:00+00:00,1138,1142,1133,1133,82
2026-06-17T14:00:00+00:00,1132.5,1135.5,1132.5,1135.5,6
2026-06-17T15:00:00+00:00,1133,1133,1131,1131,11
2026-06-17T16:00:00+00:00,1134.5,1135,1134.5,1135,4
2026-06-17T17:00:00+00:00,1133.5,1134,1132,1132,25
2026-06-17T18:00:00+00:00,1130.5,1131.5,1130,1131.5,17
2026-06-18T00:00:00+00:00,1131,1131,1130.5,1130.5,0
2026-06-18T01:00:00+00:00,1133,1133,1133,1133,2
2026-06-18T02:00:00+00:00,1131.5,1131.5,1131,1131,21
2026-06-18T05:00:00+00:00,1130,1130,1129,1129,8
2026-06-18T06:00:00+00:00,1134,1134,1134,1134,4
2026-06-18T07:00:00+00:00,1135,1135,1134,1134,25
2026-06-18T08:00:00+00:00,1131.5,1131.5,1127.5,1127.5,14
2026-06-18T09:00:00+00:00,1127.5,1128,1122.5,1122.5,12
2026-06-18T11:00:00+00:00,1122,1122,1120.5,1120.5,20
2026-06-18T12:00:00+00:00,1122,1122,1122,1122,10
2026-06-18T13:00:00+00:00,1122,1127,1122,1125,10
2026-06-18T14:00:00+00:00,1125.5,1125.5,1122.5,1124,8
2026-06-18T15:00:00+00:00,1120,1127.5,1120,1127.5,54
2026-06-18T16:00:00+00:00,1127.5,1129,1127.5,1129,7
2026-06-18T17:00:00+00:00,1130.5,1130.5,1127.5,1128,16
2026-06-18T18:00:00+00:00,1127.5,1127.5,1127,1127,4
2026-06-22T00:00:00+00:00,1134.5,1135.5,1133.5,1133.5,16
2026-06-22T03:00:00+00:00,1132.5,1132.5,1132.5,1132.5,2
2026-06-22T05:00:00+00:00,1130,1130,1130,1130,1
2026-06-22T06:00:00+00:00,1133,1134.5,1133,1134.5,4
2026-06-22T07:00:00+00:00,1135,1135,1135,1135,1
2026-06-22T08:00:00+00:00,1128.5,1128.5,1128,1128,76
2026-06-22T09:00:00+00:00,1126,1126.5,1126,1126.5,7
2026-06-22T11:00:00+00:00,1125.5,1125.5,1125.5,1125.5,4
2026-06-22T13:00:00+00:00,1122.5,1125,1122.5,1125,3
2026-06-22T14:00:00+00:00,1124.5,1124.5,1124,1124,4
2026-06-22T15:00:00+00:00,1121,1121,1118.5,1121,3
2026-06-22T16:00:00+00:00,1122.5,1122.5,1120,1120,4
2026-06-22T17:00:00+00:00,1118.5,1118.5,1117,1117,9
2026-06-22T18:00:00+00:00,1115.5,1116,1115,1116,7
2026-06-23T00:00:00+00:00,1118,1118.5,1117,1118.5,0
2026-06-23T01:00:00+00:00,1120,1120,1120,1120,1
2026-06-23T02:00:00+00:00,1120,1120,1120,1120,3
2026-06-23T03:00:00+00:00,1119.5,1119.5,1118.5,1119,6
2026-06-23T05:00:00+00:00,1116,1116,1116,1116,4
2026-06-23T06:00:00+00:00,1115,1115,1114.5,1114.5,4
2026-06-23T07:00:00+00:00,1118.5,1120,1118.5,1120,6
2026-06-23T08:00:00+00:00,1121,1123,1120,1120,20
2026-06-23T09:00:00+00:00,1121.5,1121.5,1120.5,1120.5,6
2026-06-23T10:00:00+00:00,1122,1122,1122,1122,2
2026-06-23T11:00:00+00:00,1120,1120,1120,1120,2
2026-06-23T13:00:00+00:00,1118.5,1118.5,1117.5,1118.5,38
2026-06-23T14:00:00+00:00,1119,1119,1118,1118,7
2026-06-23T15:00:00+00:00,1118,1118,1117.5,1117.5,2
2026-06-23T16:00:00+00:00,1118.5,1118.5,1116,1116,4
2026-06-23T17:00:00+00:00,1116,1118.5,1116,1117,10
2026-06-23T18:00:00+00:00,1117,1117,1117,1117,2
2026-06-24T00:00:00+00:00,1119,1119,1118.5,1118.5,0
2026-06-24T01:00:00+00:00,1118,1119,1118,1119,5
2026-06-24T02:00:00+00:00,1119,1119,1118,1118,4
2026-06-24T03:00:00+00:00,1116,1116,1116,1116,4
2026-06-24T05:00:00+00:00,1119,1120,1119,1120,6
2026-06-24T06:00:00+00:00,1119,1119,1119,1119,2
2026-06-24T07:00:00+00:00,1117.5,1117.5,1115,1115,7
2026-06-24T09:00:00+00:00,1119,1119,1119,1119,3
2026-06-24T10:00:00+00:00,1119.5,1119.5,1119.5,1119.5,4
2026-06-24T11:00:00+00:00,1118,1120,1118,1119,15
2026-06-24T12:00:00+00:00,1118,1118,1118,1118,20
2026-06-24T13:00:00+00:00,1115.5,1118,1115.5,1118,3
2026-06-24T14:00:00+00:00,1118,1119,1117,1117,18
2026-06-24T17:00:00+00:00,1111,1111.5,1110.5,1110.5,6
2026-06-25T00:00:00+00:00,1109,1109,1107.5,1107.5,0
2026-06-25T01:00:00+00:00,1107.5,1108,1107,1107,12
2026-06-25T02:00:00+00:00,1105,1105,1105,1105,2
2026-06-25T03:00:00+00:00,1107.5,1107.5,1107,1107,7
2026-06-25T04:00:00+00:00,1107,1107,1107,1107,2
2026-06-25T05:00:00+00:00,1108,1108,1108,1108,3
2026-06-25T06:00:00+00:00,1109,1118,1109,1118,0
2026-06-25T08:00:00+00:00,1121.5,1121.5,1121.5,1121.5,45
2026-06-25T09:00:00+00:00,1111.5,1111.5,1111.5,1111.5,0
2026-06-25T10:00:00+00:00,1111.5,1111.5,1111.5,1111.5,2
2026-06-25T11:00:00+00:00,1111.5,1111.5,1111.5,1111.5,1
2026-06-25T12:00:00+00:00,1118.5,1118.5,1118.5,1118.5,0
2026-06-25T13:00:00+00:00,1123,1124.5,1121.5,1124.5,62
2026-06-25T14:00:00+00:00,1123.5,1128.5,1123.5,1128,35
2026-06-25T15:00:00+00:00,1129,1132,1128.5,1132,25
2026-06-25T16:00:00+00:00,1131.5,1132.5,1131.5,1132,4
2026-06-25T17:00:00+00:00,1133.5,1138,1133.5,1138,9
2026-06-25T18:00:00+00:00,1138.5,1138.5,1136.5,1137.5,12
2026-06-26T00:00:00+00:00,1136.5,1136.5,1135,1135.5,0
2026-06-26T01:00:00+00:00,1135,1135,1135,1135,2
2026-06-26T02:00:00+00:00,1132.5,1132.5,1132.5,1132.5,4
2026-06-26T05:00:00+00:00,1132,1134,1132,1134,7
2026-06-26T06:00:00+00:00,1134,1134,1133,1133,8
2026-06-26T08:00:00+00:00,1149,1149,1149,1149,27
2026-06-26T09:00:00+00:00,1148,1148,1148,1148,2
2026-06-26T11:00:00+00:00,1151,1151.5,1150,1151.5,30
2026-06-26T12:00:00+00:00,1151,1151,1151,1151,1
2026-06-26T13:00:00+00:00,1149.5,1151.5,1149.5,1151.5,9
2026-06-26T14:00:00+00:00,1153,1153,1152.5,1152.5,12
2026-06-26T15:00:00+00:00,1155,1158,1155,1156,13
2026-06-26T16:00:00+00:00,1156.5,1156.5,1155.5,1156,8
2026-06-26T17:00:00+00:00,1157,1157,1157,1157,1
2026-06-26T18:00:00+00:00,1156,1156.5,1156,1156.5,1
2026-06-29T00:00:00+00:00,1149.5,1149.5,1149.5,1149.5,0
2026-06-29T01:00:00+00:00,1153,1153,1149,1149,54
2026-06-29T02:00:00+00:00,1148,1148.5,1148,1148.5,10
2026-06-29T03:00:00+00:00,1148.5,1148.5,1148.5,1148.5,4
2026-06-29T04:00:00+00:00,1148,1148,1148,1148,4
2026-06-29T05:00:00+00:00,1147,1148,1147,1148,4
2026-06-29T06:00:00+00:00,1150.5,1152,1150.5,1152,8
2026-06-29T07:00:00+00:00,1151,1151.5,1149.5,1149.5,14
2026-06-29T10:00:00+00:00,1146.5,1146.5,1146.5,1146.5,4
2026-06-29T11:00:00+00:00,1146,1146,1146,1146,4
2026-06-29T12:00:00+00:00,1129.5,1129.5,1127.5,1127.5,3
2026-06-29T13:00:00+00:00,1129.5,1130,1123.5,1124,17
2026-06-29T14:00:00+00:00,1122,1123.5,1121.5,1121.5,7
2026-06-29T15:00:00+00:00,1121.5,1140.5,1121.5,1139,11
2026-06-29T16:00:00+00:00,1139,1139,1137.5,1137.5,19
2026-06-29T17:00:00+00:00,1138.5,1139,1138,1139,5
2026-06-29T18:00:00+00:00,1140.5,1140.5,1140.5,1140.5,2
2026-06-30T00:00:00+00:00,1138.5,1138.5,1138.5,1138.5,0
2026-06-30T01:00:00+00:00,1138.5,1142,1138.5,1142,16
2026-06-30T02:00:00+00:00,1142,1142,1142,1142,4
2026-06-30T06:00:00+00:00,1141,1141,1139.5,1139.5,25
2026-06-30T12:00:00+00:00,1120.5,1134,1119.5,1134,31
2026-06-30T13:00:00+00:00,1134.5,1134.5,1132.5,1134,20
2026-06-30T14:00:00+00:00,1133.5,1133.5,1129,1129,8
2026-06-30T15:00:00+00:00,1129.5,1129.5,1125,1128,12
2026-06-30T16:00:00+00:00,1130,1155.5,1130,1139,222
2026-06-30T17:00:00+00:00,1138.5,1145,1138.5,1145,33
2026-06-30T18:00:00+00:00,1140.5,1147.5,1140.5,1144,22
2026-07-01T00:00:00+00:00,1143,1145,1143,1143.5,0
2026-07-01T01:00:00+00:00,1140.5,1140.5,1140.5,1140.5,2
2026-07-01T02:00:00+00:00,1141.5,1147.5,1141.5,1147.5,9
2026-07-01T03:00:00+00:00,1148.5,1148.5,1148,1148.5,7
2026-07-01T04:00:00+00:00,1149.5,1149.5,1149.5,1149.5,1
2026-07-01T05:00:00+00:00,1149.5,1149.5,1147.5,1147.5,4
2026-07-01T06:00:00+00:00,1148,1148,1147.5,1147.5,4
2026-07-01T07:00:00+00:00,1146,1146,1145,1145,5
2026-07-01T08:00:00+00:00,1131,1131,1130.5,1130.5,18
2026-07-01T09:00:00+00:00,1129,1129.5,1129,1129.5,10
2026-07-01T10:00:00+00:00,1129,1129,1129,1129,2
2026-07-01T11:00:00+00:00,1134,1143.5,1134,1139,7
2026-07-01T12:00:00+00:00,1142,1156,1141.5,1154,59
2026-07-01T13:00:00+00:00,1152,1155,1152,1155,9
2026-07-01T14:00:00+00:00,1153.5,1153.5,1150,1150,14
2026-07-01T15:00:00+00:00,1148,1148.5,1147,1148,17
2026-07-01T16:00:00+00:00,1148,1148,1148,1148,1
2026-07-01T17:00:00+00:00,1149,1149,1149,1149,1
2026-07-01T18:00:00+00:00,1149,1149,1149,1149,7
2026-07-02T00:00:00+00:00,1148.5,1150,1148.5,1150,0
2026-07-02T01:00:00+00:00,1153,1153,1153,1153,6
2026-07-02T02:00:00+00:00,1154.5,1154.5,1153,1154.5,15
2026-07-02T04:00:00+00:00,1155.5,1155.5,1154.5,1154.5,4
2026-07-02T05:00:00+00:00,1154.5,1154.5,1151,1152,19
2026-07-02T06:00:00+00:00,1152.5,1152.5,1152.5,1152.5,2
2026-07-02T08:00:00+00:00,1152.5,1154.5,1152.5,1154.5,8
2026-07-02T09:00:00+00:00,1154,1154,1154,1154,2
2026-07-02T12:00:00+00:00,1154,1156,1154,1155,7
2026-07-02T13:00:00+00:00,1159,1159,1156,1156,7
2026-07-02T14:00:00+00:00,1152.5,1154,1151.5,1153.5,35
2026-07-02T15:00:00+00:00,1153,1153,1149.5,1151,5
2026-07-02T16:00:00+00:00,1148.5,1149.5,1148.5,1149.5,17
2026-07-02T17:00:00+00:00,1147.5,1149.5,1147.5,1149.5,4
2026-07-02T18:00:00+00:00,1148.5,1148.5,1147,1147,6
2026-07-06T00:00:00+00:00,1151,1162,1151,1161,48
2026-07-06T01:00:00+00:00,1162.5,1168.5,1162.5,1168,48
2026-07-06T02:00:00+00:00,1169.5,1171,1169,1171,6
2026-07-06T03:00:00+00:00,1169.5,1169.5,1167,1167.5,10
2026-07-06T05:00:00+00:00,1170,1171,1170,1171,11
2026-07-06T06:00:00+00:00,1171.5,1172,1171.5,1171.5,9
2026-07-06T07:00:00+00:00,1169,1173.5,1168,1173.5,88
2026-07-06T08:00:00+00:00,1176,1178.5,1175.5,1178.5,56
2026-07-06T09:00:00+00:00,1180,1182.5,1180,1182.5,20
2026-07-06T10:00:00+00:00,1180.5,1182,1180.5,1182,4
2026-07-06T11:00:00+00:00,1180.5,1182,1180.5,1182,10
2026-07-06T12:00:00+00:00,1181.5,1182.5,1181,1181,19
2026-07-06T13:00:00+00:00,1185,1186,1185,1186,8
2026-07-06T14:00:00+00:00,1188,1192.5,1187.5,1192.5,18
2026-07-06T15:00:00+00:00,1191,1196.5,1191,1196.5,24
2026-07-06T16:00:00+00:00,1194.5,1194.5,1191,1192,14
2026-07-06T17:00:00+00:00,1191,1194.5,1191,1192.5,7
2026-07-06T18:00:00+00:00,1193,1194.5,1193,1194.5,5
2026-07-07T00:00:00+00:00,1191.5,1192,1190,1190.5,0
2026-07-07T01:00:00+00:00,1192,1196.5,1192,1196.5,7
2026-07-07T03:00:00+00:00,1193,1193.5,1191,1191,10
2026-07-07T04:00:00+00:00,1192.5,1192.5,1192.5,1192.5,1
2026-07-07T05:00:00+00:00,1192.5,1192.5,1192,1192,4
2026-07-07T07:00:00+00:00,1192.5,1196,1184.5,1184.5,25
2026-07-07T09:00:00+00:00,1183.5,1188.5,1183.5,1187,24
2026-07-07T10:00:00+00:00,1186,1186.5,1186,1186.5,5
2026-07-07T11:00:00+00:00,1188,1188,1188,1188,9
2026-07-07T12:00:00+00:00,1186,1187,1186,1187,3
2026-07-07T13:00:00+00:00,1193,1195.5,1191.5,1192.5,38
2026-07-07T14:00:00+00:00,1191,1191,1188.5,1189,27
2026-07-07T15:00:00+00:00,1189.5,1194,1189,1193,33
2026-07-07T16:00:00+00:00,1191.5,1193,1191.5,1193,3
2026-07-07T17:00:00+00:00,1194.5,1198,1194.5,1196.5,12
2026-07-07T18:00:00+00:00,1196.5,1196.5,1196.5,1196.5,6
2026-07-08T00:00:00+00:00,1196,1198,1195,1195,0
2026-07-08T02:00:00+00:00,1196,1196,1196,1196,2
2026-07-08T03:00:00+00:00,1198,1198,1198,1198,1
2026-07-08T04:00:00+00:00,1199,1199,1198,1198,2
2026-07-08T05:00:00+00:00,1199,1199.5,1197,1197,24
2026-07-08T06:00:00+00:00,1196.5,1196.5,1195,1195,0
2026-07-08T07:00:00+00:00,1197.5,1197.5,1197.5,1197.5,58
2026-07-08T08:00:00+00:00,1198.5,1203,1198.5,1202,12
2026-07-08T09:00:00+00:00,1200.5,1203,1200.5,1201.5,30
2026-07-08T10:00:00+00:00,1201,1201,1200,1200,2
2026-07-08T11:00:00+00:00,1200,1201.5,1199,1199,4
2026-07-08T12:00:00+00:00,1200,1201.5,1200,1201.5,4
2026-07-08T13:00:00+00:00,1200.5,1200.5,1200.5,1200.5,20
2026-07-08T15:00:00+00:00,1194.5,1198,1194,1198,20
2026-07-08T16:00:00+00:00,1196.5,1196.5,1193.5,1193.5,6
2026-07-08T17:00:00+00:00,1193.5,1193.5,1192,1192,6
2026-07-08T18:00:00+00:00,1192.5,1192.5,1190,1190,3
2026-07-09T00:00:00+00:00,1190,1191.5,1190,1191.5,0
2026-07-09T01:00:00+00:00,1193,1194.5,1192.5,1194.5,14
2026-07-09T02:00:00+00:00,1193,1193,1188.5,1189,23
2026-07-09T03:00:00+00:00,1189,1189.5,1187,1187,20
2026-07-09T05:00:00+00:00,1190,1190,1190,1190,2
2026-07-09T06:00:00+00:00,1191,1191,1190.5,1190.5,4
2026-07-09T07:00:00+00:00,1191,1191,1185.5,1185.5,50
2026-07-09T08:00:00+00:00,1185.5,1188.5,1185.5,1188,10
2026-07-09T09:00:00+00:00,1186.5,1186.5,1186.5,1186.5,4
2026-07-09T10:00:00+00:00,1186.5,1187,1186.5,1186.5,16
2026-07-09T11:00:00+00:00,1186.5,1188,1186.5,1188,3
2026-07-09T12:00:00+00:00,1188.5,1188.5,1186.5,1186.5,8
2026-07-09T13:00:00+00:00,1186.5,1188.5,1184,1184.5,23
2026-07-09T14:00:00+00:00,1182.5,1184,1182.5,1184,5
2026-07-09T15:00:00+00:00,1185.5,1188,1185,1185,29
2026-07-09T16:00:00+00:00,1183.5,1183.5,1176.5,1177,36
2026-07-09T17:00:00+00:00,1179,1179,1179,1179,1
2026-07-09T18:00:00+00:00,1177.5,1177.5,1177.5,1177.5,3
2026-07-10T00:00:00+00:00,1179.5,1179.5,1178.5,1178.5,0
2026-07-10T02:00:00+00:00,1180,1180.5,1180,1180.5,4
2026-07-10T05:00:00+00:00,1179.5,1179.5,1179,1179,4
2026-07-10T06:00:00+00:00,1176.5,1176.5,1175.5,1175.5,8
2026-07-10T07:00:00+00:00,1174,1174,1173,1173,24
2026-07-10T08:00:00+00:00,1171,1171,1171,1171,3
2026-07-10T09:00:00+00:00,1174.5,1174.5,1174.5,1174.5,15
2026-07-10T10:00:00+00:00,1174.5,1177,1174.5,1177,8
2026-07-10T11:00:00+00:00,1177.5,1177.5,1177,1177,5
2026-07-10T12:00:00+00:00,1179.5,1179.5,1179.5,1179.5,4
2026-07-10T13:00:00+00:00,1181.5,1181.5,1179,1181.5,18
2026-07-10T14:00:00+00:00,1182,1187.5,1182,1187,21
2026-07-10T15:00:00+00:00,1188,1189,1188,1188.5,15
2026-07-10T16:00:00+00:00,1196.5,1197.5,1187.5,1193,36
2026-07-10T17:00:00+00:00,1194,1194,1190,1191,14
2026-07-10T18:00:00+00:00,1192,1192,1191,1191,1
2026-07-13T00:00:00+00:00,1202.5,1207,1199.5,1202.5,40
2026-07-13T01:00:00+00:00,1201,1201,1198,1198,12
2026-07-13T03:00:00+00:00,1196,1196,1195.5,1195.5,5
2026-07-13T04:00:00+00:00,1195.5,1196.5,1195.5,1196.5,3
2026-07-13T05:00:00+00:00,1198,1198,1195.5,1195.5,4
2026-07-13T06:00:00+00:00,1194,1194,1192,1192,21
2026-07-13T07:00:00+00:00,1193.5,1195,1193.5,1195,6
2026-07-13T08:00:00+00:00,1194,1194.5,1194,1194.5,2
2026-07-13T09:00:00+00:00,1195.5,1195.5,1195.5,1195.5,6
2026-07-13T10:00:00+00:00,1197.5,1198.5,1197.5,1198.5,18
2026-07-13T11:00:00+00:00,1197,1197,1197,1197,12
2026-07-13T12:00:00+00:00,1196.5,1196.5,1194,1194,5
2026-07-13T13:00:00+00:00,1195,1195.5,1191.5,1194.5,10
2026-07-13T14:00:00+00:00,1194,1194.5,1194,1194.5,7
2026-07-13T15:00:00+00:00,1196.5,1202,1196,1201,7
2026-07-13T16:00:00+00:00,1202,1202,1198.5,1199,18
2026-07-13T17:00:00+00:00,1198,1198.5,1198,1198.5,9
2026-07-13T18:00:00+00:00,1197,1197,1193.5,1193.5,10
2026-07-14T00:00:00+00:00,1191,1191,1189,1190.5,0
2026-07-14T01:00:00+00:00,1192,1192,1188.5,1188.5,9
2026-07-14T02:00:00+00:00,1188,1189.5,1187.5,1189.5,13
2026-07-14T04:00:00+00:00,1190,1190,1189.5,1189.5,2
2026-07-14T05:00:00+00:00,1189.5,1189.5,1189.5,1189.5,4
2026-07-14T06:00:00+00:00,1191,1191,1191,1191,5
2026-07-14T07:00:00+00:00,1189,1189.5,1188.5,1189.5,21
2026-07-14T09:00:00+00:00,1190.5,1191.5,1190,1190,15
2026-07-14T10:00:00+00:00,1190,1190,1190,1190,2
2026-07-14T11:00:00+00:00,1187,1187,1186.5,1186.5,6
2026-07-14T13:00:00+00:00,1191,1192.5,1191,1192.5,2
2026-07-14T15:00:00+00:00,1188.5,1193,1188.5,1192,16
2026-07-14T18:00:00+00:00,1193,1193,1192.5,1192.5,0
2026-07-15T00:00:00+00:00,1194.5,1194.5,1194,1194,10
2026-07-15T01:00:00+00:00,1197,1198,1197,1198,9
2026-07-15T06:00:00+00:00,1195,1195.5,1195,1195.5,4
2026-07-15T07:00:00+00:00,1193,1193,1190,1190,17
2026-07-15T08:00:00+00:00,1191.5,1194,1191.5,1194,15
2026-07-15T09:00:00+00:00,1196.5,1198,1196.5,1196.5,19
2026-07-15T10:00:00+00:00,1198.5,1198.5,1196,1196,7
2026-07-15T11:00:00+00:00,1196.5,1196.5,1195.5,1195.5,3
2026-07-15T12:00:00+00:00,1192,1192,1191.5,1191.5,6
2026-07-15T13:00:00+00:00,1192,1192,1186,1191.5,82
2026-07-15T14:00:00+00:00,1193.5,1202.5,1193.5,1202.5,40
2026-07-15T15:00:00+00:00,1202,1202,1194.5,1194.5,23
2026-07-15T16:00:00+00:00,1195.5,1197.5,1195,1197.5,29
2026-07-15T17:00:00+00:00,1197.5,1201,1197.5,1201,17
2026-07-15T18:00:00+00:00,1202.5,1202.5,1201,1201,0
2026-07-16T00:00:00+00:00,1203.5,1204.5,1203.5,1204.5,2
2026-07-16T01:00:00+00:00,1200,1200,1199.5,1199.5,8
2026-07-16T02:00:00+00:00,1199,1199,1197.5,1198,7
2026-07-16T03:00:00+00:00,1199,1199,1199,1199,3
2026-07-16T04:00:00+00:00,1200.5,1200.5,1200.5,1200.5,1
2026-07-16T05:00:00+00:00,1200,1202,1200,1200,1
2026-07-16T06:00:00+00:00,1198.5,1198.5,1198.5,1198.5,6
2026-07-16T07:00:00+00:00,1199.5,1201.5,1193.5,1197,12
2026-07-16T08:00:00+00:00,1194.5,1196.5,1194.5,1196,7
2026-07-16T09:00:00+00:00,1196.5,1206,1196.5,1204.5,18
2026-07-16T10:00:00+00:00,1205,1205,1205,1205,1
2026-07-16T11:00:00+00:00,1204,1204.5,1204,1204.5,3
2026-07-16T12:00:00+00:00,1203.5,1203.5,1199,1199,4
2026-07-16T13:00:00+00:00,1201,1202,1200,1202,20
2026-07-16T14:00:00+00:00,1202,1205,1197.5,1198.5,20
2026-07-16T15:00:00+00:00,1197.5,1203,1197.5,1200.5,13
2026-07-16T16:00:00+00:00,1198.5,1198.5,1196,1196,5
2026-07-16T17:00:00+00:00,1196.5,1196.5,1195,1195,10
2026-07-16T18:00:00+00:00,1195,1195,1194,1194,42
2026-07-17T00:00:00+00:00,1198,1199.5,1198,1199.5,0
2026-07-17T01:00:00+00:00,1199.5,1199.5,1194.5,1194.5,10
2026-07-17T02:00:00+00:00,1195.5,1195.5,1192.5,1192.5,7
2026-07-17T03:00:00+00:00,1191,1192.5,1191,1191.5,11
2026-07-17T06:00:00+00:00,1187.5,1188.5,1187.5,1188,5
2026-07-17T07:00:00+00:00,1187.5,1189,1187.5,1189,11
2026-07-17T08:00:00+00:00,1190.5,1191,1190.5,1191,11
2026-07-17T10:00:00+00:00,1190,1193.5,1190,1193.5,16
2026-07-17T11:00:00+00:00,1195,1195.5,1195,1195.5,7
2026-07-17T13:00:00+00:00,1201,1201,1198.5,1198.5,3
2026-07-17T14:00:00+00:00,1198.5,1201.5,1198.5,1201.5,0
2026-07-17T15:00:00+00:00,1203,1203.5,1203,1203.5,112
2026-07-17T16:00:00+00:00,1202.5,1203,1200,1200,27
2026-07-17T18:00:00+00:00,1203.5,1203.5,1203,1203,2
2026-07-20T00:00:00+00:00,1206.5,1213,1206.5,1211.5,32
2026-07-20T01:00:00+00:00,1210,1211,1210,1211,7
2026-07-20T02:00:00+00:00,1212,1212,1209,1209,15
2026-07-20T03:00:00+00:00,1209,1209,1208,1208,9
2026-07-20T04:00:00+00:00,1207.5,1208,1207.5,1208,4
2026-07-20T05:00:00+00:00,1208.5,1208.5,1208.5,1208.5,1
2026-07-20T06:00:00+00:00,1210,1211.5,1210,1211.5,21
2026-07-20T07:00:00+00:00,1213.5,1215,1211,1211,44
2026-07-20T08:00:00+00:00,1212.5,1216.5,1212.5,1216,14
2026-07-20T09:00:00+00:00,1217,1217.5,1217,1217,3
2026-07-20T10:00:00+00:00,1217,1221,1217,1219.5,39
2026-07-20T11:00:00+00:00,1219,1220,1218.5,1219,11
2026-07-20T12:00:00+00:00,1221,1222.5,1220.5,1222.5,13
2026-07-20T13:00:00+00:00,1222,1222,1218.5,1221,23
2026-07-20T14:00:00+00:00,1222,1227,1222,1227,40
2026-07-20T15:00:00+00:00,1227,1231,1227,1230,104
2026-07-20T16:00:00+00:00,1230.5,1231.5,1227,1227,88
2026-07-20T17:00:00+00:00,1226.5,1227,1224.5,1224.5,37
2026-07-20T18:00:00+00:00,1225.5,1225.5,1225.5,1225.5,19
2026-07-21T00:00:00+00:00,1222,1225,1221.5,1225,0
2026-07-21T01:00:00+00:00,1223,1223,1221.5,1221.5,26
2026-07-21T02:00:00+00:00,1223,1223,1222,1222,8
2026-07-21T04:00:00+00:00,1224,1224,1224,1224,2
2026-07-21T05:00:00+00:00,1225,1225,1224,1224,8
2026-07-21T06:00:00+00:00,1223,1225,1223,1225,12
2026-07-21T07:00:00+00:00,1228,1230,1226,1226,12
2026-07-21T08:00:00+00:00,1226,1228,1224,1228,20
2026-07-21T09:00:00+00:00,1226.5,1229,1226.5,1227.5,16
2026-07-21T10:00:00+00:00,1228,1228.5,1228,1228.5,15
2026-07-21T11:00:00+00:00,1229,1230,1226,1226.5,49
2026-07-21T12:00:00+00:00,1225.5,1225.5,1223,1223,20
2026-07-21T13:00:00+00:00,1224,1225.5,1222,1224.5,22
2026-07-21T14:00:00+00:00,1223.5,1223.5,1219.5,1220.5,48
2026-07-21T15:00:00+00:00,1219,1221,1218,1221,35
2026-07-21T16:00:00+00:00,1223.5,1224.5,1221.5,1222.5,16
2026-07-21T17:00:00+00:00,1222,1223.5,1222,1223.5,12
2026-07-21T18:00:00+00:00,1222,1223,1222,1223,10
2026-07-22T00:00:00+00:00,1225,1226.5,1224.5,1226,0
2026-07-22T01:00:00+00:00,1228,1229,1227.5,1227.5,11
2026-07-22T02:00:00+00:00,1225,1225,1223.5,1223.5,8
2026-07-22T03:00:00+00:00,1223,1224,1223,1224,5
2026-07-22T04:00:00+00:00,1224,1224,1224,1224,2
2026-07-22T05:00:00+00:00,1222.5,1222.5,1222,1222,0
2026-07-22T06:00:00+00:00,1221,1221,1218.5,1218.5,91
2026-07-22T07:00:00+00:00,1220,1226,1220,1226,21
2026-07-22T08:00:00+00:00,1225,1225,1224,1224.5,8
2026-07-22T09:00:00+00:00,1224,1224.5,1223,1224.5,13
2026-07-22T10:00:00+00:00,1224.5,1226,1224.5,1226,50
2026-07-22T11:00:00+00:00,1226,1229.5,1226,1229.5,25
2026-07-22T12:00:00+00:00,1229,1231.5,1229,1231.5,66
2026-07-22T13:00:00+00:00,1231,1233.5,1229,1233.5,92
2026-07-22T14:00:00+00:00,1234,1239,1234,1238,141
2026-07-22T15:00:00+00:00,1236,1239.5,1234.5,1239,34
2026-07-22T16:00:00+00:00,1239,1239,1235,1238,23
2026-07-22T17:00:00+00:00,1238.5,1238.5,1236.5,1236.5,12
2026-07-22T18:00:00+00:00,1238,1241,1238,1238.5,46
2026-07-23T00:00:00+00:00,1238,1243.5,1237.5,1243.5,0
2026-07-23T01:00:00+00:00,1241.5,1244,1241,1242,27
2026-07-23T02:00:00+00:00,1242,1242,1238,1240,42
2026-07-23T03:00:00+00:00,1241,1241,1241,1241,1
2026-07-23T04:00:00+00:00,1242,1242,1241.5,1241.5,5
2026-07-23T05:00:00+00:00,1241,1241,1240.5,1240.5,2
2026-07-23T06:00:00+00:00,1241.5,1242.5,1240.5,1240.5,14
2026-07-23T07:00:00+00:00,1241,1244.5,1241,1241.5,33
2026-07-23T08:00:00+00:00,1240.5,1240.5,1237,1239.5,18
2026-07-23T09:00:00+00:00,1240,1242,1240,1242,6
2026-07-23T10:00:00+00:00,1242,1244.5,1242,1244.5,10
2026-07-23T11:00:00+00:00,1245,1247.5,1245,1247.5,37
2026-07-23T12:00:00+00:00,1247,1247.5,1244.5,1246.5,33
2026-07-23T13:00:00+00:00,1247,1247.5,1242.5,1244.5,39
2026-07-23T14:00:00+00:00,1244.5,1249,1241,1241.5,55
2026-07-23T15:00:00+00:00,1242,1243,1241,1243,16
2026-07-23T16:00:00+00:00,1243.5,1245.5,1243.5,1245.5,3
2026-07-23T17:00:00+00:00,1246.5,1249,1245.5,1246,21
2026-07-23T18:00:00+00:00,1245.5,1246,1241,1241,15
2026-07-24T00:00:00+00:00,1240.5,1247,1240,1247,0
2026-07-24T01:00:00+00:00,1244.5,1246.5,1244.5,1246,14
2026-07-24T02:00:00+00:00,1245.5,1248,1245.5,1248,3
2026-07-24T03:00:00+00:00,1247.5,1247.5,1247.5,1247.5,1
2026-07-24T05:00:00+00:00,1248.5,1250,1248.5,1250,14
2026-07-24T06:00:00+00:00,1250.5,1254.5,1250.5,1254,37
2026-07-24T07:00:00+00:00,1253,1253,1249,1249.5,31
2026-07-24T08:00:00+00:00,1249.5,1253.5,1249.5,1253,17
2026-07-24T09:00:00+00:00,1250,1250,1246.5,1248.5,22
2026-07-24T10:00:00+00:00,1249.5,1249.5,1249.5,1249.5,2
2026-07-24T11:00:00+00:00,1248.5,1248.5,1242.5,1243.5,66
2026-07-24T12:00:00+00:00,1244,1244,1240,1240,42
2026-07-24T13:00:00+00:00,1239.5,1245,1238,1243,73
2026-07-24T14:00:00+00:00,1242.5,1254,1242,1254,73
2026-07-24T15:00:00+00:00,1254,1256,1249,1254.5,135
2026-07-24T16:00:00+00:00,1254,1255.5,1251.5,1255,57
2026-07-24T17:00:00+00:00,1255.5,1256,1253,1253.5,19
2026-07-24T18:00:00+00:00,1253.5,1254.5,1252.5,1253.5,20
2026-07-27T00:00:00+00:00,1247,1251,1240,1240,34
2026-07-27T01:00:00+00:00,1239.5,1241.5,1239,1240.5,52
2026-07-27T02:00:00+00:00,1241.5,1242.5,1240,1242.5,16
2026-07-27T03:00:00+00:00,1241.5,1242,1241,1242,19
2026-07-27T04:00:00+00:00,1239.5,1239.5,1239,1239,4
2026-07-27T05:00:00+00:00,1239.5,1239.5,1237,1237,8
2026-07-27T06:00:00+00:00,1237.5,1238,1231,1231,70
2026-07-27T07:00:00+00:00,1231,1232,1223,1223.5,79
2026-07-27T08:00:00+00:00,1224.5,1224.5,1218,1219,51
2026-07-27T09:00:00+00:00,1218.5,1219.5,1215,1217,36
2026-07-27T10:00:00+00:00,1219.5,1219.5,1219,1219,47
2026-07-27T11:00:00+00:00,1218,1219,1214.5,1215.5,28
2026-07-27T12:00:00+00:00,1217,1220.5,1217,1220.5,23
2026-07-27T13:00:00+00:00,1221,1227.5,1213.5,1216,94
2026-07-27T14:00:00+00:00,1216.5,1218,1211.5,1218,58
2026-07-27T15:00:00+00:00,1218,1218,1213,1216.5,51
2026-07-27T16:00:00+00:00,1216,1216,1216,1216,1
2026-07-27T17:00:00+00:00,1212,1213.5,1212,1213,30
2026-07-27T18:00:00+00:00,1212.5,1214,1212,1212,11
2026-07-28T00:00:00+00:00,1214,1218,1207.5,1217.5,0
2026-07-28T01:00:00+00:00,1216,1217,1215,1217,38
2026-07-28T02:00:00+00:00,1215.5,1216,1212.5,1212.5,10
2026-07-28T03:00:00+00:00,1212,1213.5,1211.5,1213.5,8
2026-07-28T04:00:00+00:00,1213,1213,1212.5,1212.5,7
2026-07-28T05:00:00+00:00,1212,1212,1211.5,1211.5,5
2026-07-28T06:00:00+00:00,1212.5,1212.5,1207.5,1208.5,39
2026-07-28T07:00:00+00:00,1209.5,1210,1207.5,1207.5,23
2026-07-28T08:00:00+00:00,1207,1210.5,1206.5,1207,30
2026-07-28T09:00:00+00:00,1209,1209,1209,1209,3
2026-07-28T10:00:00+00:00,1208.5,1210,1207.5,1207.5,12
2026-07-28T11:00:00+00:00,1208,1208,1207,1207,7
2026-07-28T12:00:00+00:00,1210,1210,1208.5,1209,8
2026-07-28T13:00:00+00:00,1209,1214.5,1209,1212.5,55
2026-07-28T14:00:00+00:00,1213,1218,1213,1217.5,23
2026-07-28T15:00:00+00:00,1217,1225,1216.5,1224.5,18
2026-07-28T16:00:00+00:00,1224,1224,1220,1223.5,8
2026-07-28T17:00:00+00:00,1223,1223.5,1219,1219,29
2026-07-28T18:00:00+00:00,1218.5,1220.5,1218.5,1220.5,7
2026-07-29T00:00:00+00:00,1222.5,1224.5,1218.5,1218.5,0
2026-07-29T01:00:00+00:00,1217.5,1218.5,1215,1215.5,15
2026-07-29T02:00:00+00:00,1216,1216,1215,1215,3
2026-07-29T04:00:00+00:00,1215,1215.5,1215,1215.5,2
2026-07-29T05:00:00+00:00,1216,1217,1216,1217,7
2026-07-29T06:00:00+00:00,1216,1217,1216,1216.5,10
2026-07-29T07:00:00+00:00,1215.5,1230,1215,1226.5,42
2026-07-29T08:00:00+00:00,1225.5,1225.5,1225.5,1225.5,0
2026-07-29T09:00:00+00:00,1225.5,1225.5,1222.5,1222.5,103
2026-07-29T10:00:00+00:00,1223,1223.5,1219,1219,27
2026-07-29T11:00:00+00:00,1221.5,1222.5,1221,1221.5,20
2026-07-29T12:00:00+00:00,1222,1222,1220,1220,8
2026-07-29T13:00:00+00:00,1221,1221,1216,1216,6
2026-07-29T14:00:00+00:00,1215.5,1215.5,1212,1213,11
2026-07-29T15:00:00+00:00,1194,1195.5,1192.5,1192.5,61
2026-07-29T16:00:00+00:00,1194,1194.5,1192,1192.5,8
2026-07-29T17:00:00+00:00,1192,1192.5,1190,1190,11
2026-07-29T18:00:00+00:00,1192.5,1192.5,1190.5,1191,11
2026-07-30T00:00:00+00:00,1193,1193,1185,1187.5,0
2026-07-30T01:00:00+00:00,1187.5,1191,1187.5,1190.5,19
2026-07-30T02:00:00+00:00,1190,1190,1190,1190,3
2026-07-30T03:00:00+00:00,1190,1190,1189.5,1189.5,4
2026-07-30T05:00:00+00:00,1187.5,1190,1187,1190,4
2026-07-30T06:00:00+00:00,1189.5,1191.5,1189.5,1191.5,13
2026-07-30T07:00:00+00:00,1192,1208,1192,1208,20
2026-07-30T09:00:00+00:00,1208,1210.5,1208,1210.5,36
2026-07-30T10:00:00+00:00,1210.5,1210.5,1208.5,1208.5,8
2026-07-30T11:00:00+00:00,1209,1210.5,1206.5,1206.5,20
2026-07-30T12:00:00+00:00,1207,1207,1207,1207,6
2026-07-30T13:00:00+00:00,1211,1211,1211,1211,1
2026-07-30T15:00:00+00:00,1207.5,1207.5,1206,1206,14
2026-07-30T16:00:00+00:00,1207.5,1207.5,1207.5,1207.5,4
2026-07-30T17:00:00+00:00,1209.5,1209.5,1209.5,1209.5,10
2026-07-31T02:00:00+00:00,1208,1208,1208,1208,0
2026-07-31T06:00:00+00:00,1209,1209,1195,1195,10
2026-07-31T09:00:00+00:00,1189.5,1189.5,1170,1170.5,90
2026-07-31T10:00:00+00:00,1170.5,1170.5,1170.5,1170.5,10
2026-07-31T11:00:00+00:00,1173,1173,1173,1173,6
2026-07-31T12:00:00+00:00,1170.5,1170.5,1170.5,1170.5,1
2026-07-31T13:00:00+00:00,1176,1176,1172.5,1172.5,11
2026-07-31T14:00:00+00:00,1173,1173,1173,1173,11
2026-07-31T15:00:00+00:00,1191,1191,1187.5,1187.5,9
2026-07-31T16:00:00+00:00,1186.5,1186.5,1183,1183,31
2026-07-31T17:00:00+00:00,1183.5,1183.5,1181,1182,67
2026-07-31T18:00:00+00:00,1184.5,1188,1184.5,1187.5,4
2026-08-03T00:00:00+00:00,1181,1191,1176,1181.5,16
2026-08-03T01:00:00+00:00,1178,1182,1178,1182,12
2026-08-03T02:00:00+00:00,1182.5,1182.5,1182.5,1182.5,2
2026-08-03T03:00:00+00:00,1182.5,1182.5,1182.5,1182.5,1
2026-08-03T04:00:00+00:00,1183,1183,1183,1183,2
2026-08-03T05:00:00+00:00,1182.5,1183.5,1182.5,1183.5,4
2026-08-03T06:00:00+00:00,1183.5,1185.5,1183.5,1184.5,11
2026-08-03T07:00:00+00:00,1184.5,1197,1184.5,1194,21
2026-08-03T08:00:00+00:00,1194.5,1197,1194.5,1197,16
2026-08-03T09:00:00+00:00,1195,1197,1195,1197,6
2026-08-03T10:00:00+00:00,1194,1194,1194,1194,6
2026-08-03T11:00:00+00:00,1194,1195,1194,1195,4
2026-08-03T12:00:00+00:00,1192,1192,1178,1192,8
2026-08-03T13:00:00+00:00,1179.5,1181.5,1179.5,1181.5,16
2026-08-03T14:00:00+00:00,1180.5,1187,1180.5,1187,13
2026-08-03T15:00:00+00:00,1187.5,1191,1187.5,1190,10
2026-08-03T16:00:00+00:00,1191,1191,1191,1191,6
2026-08-03T17:00:00+00:00,1191.5,1194,1191.5,1193.5,79
2026-08-03T18:00:00+00:00,1193.5,1193.5,1191.5,1191.5,29
2026-08-04T00:00:00+00:00,1192,1192,1189.5,1189.5,0
2026-08-04T01:00:00+00:00,1190,1190,1190,1190,5
2026-08-04T02:00:00+00:00,1192,1192,1192,1192,1
2026-08-04T03:00:00+00:00,1191.5,1191.5,1191.5,1191.5,1
2026-08-04T04:00:00+00:00,1192,1193,1192,1193,8
2026-08-04T05:00:00+00:00,1193,1193,1190.5,1190.5,10
2026-08-04T06:00:00+00:00,1190,1190,1187.5,1188,40
2026-08-04T07:00:00+00:00,1188,1189,1172,1172,13
2026-08-04T08:00:00+00:00,1172,1172,1171.5,1172,6
2026-08-04T09:00:00+00:00,1171.5,1171.5,1170,1170,13
2026-08-04T10:00:00+00:00,1169,1169,1169,1169,1
2026-08-04T11:00:00+00:00,1165.5,1165.5,1165,1165,2
2026-08-04T12:00:00+00:00,1183,1183,1180,1180.5,54
2026-08-04T13:00:00+00:00,1180.5,1180.5,1176,1178.5,37
2026-08-04T14:00:00+00:00,1175,1176.5,1173.5,1176.5,25
2026-08-04T15:00:00+00:00,1172,1172,1172,1172,4
2026-08-04T16:00:00+00:00,1171.5,1172,1171.5,1172,5
2026-08-04T17:00:00+00:00,1177,1178.5,1177,1178.5,7
2026-08-04T18:00:00+00:00,1179,1179,1177.5,1178,87
2026-08-05T00:00:00+00:00,1174,1174.5,1171.5,1172,0
2026-08-05T01:00:00+00:00,1172,1176.5,1171.5,1176.5,91
2026-08-05T02:00:00+00:00,1176.5,1178.5,1174,1178.5,20
2026-08-05T03:00:00+00:00,1178,1180,1178,1179.5,19
2026-08-05T04:00:00+00:00,1179.5,1179.5,1178,1178,2
2026-08-05T05:00:00+00:00,1179,1180,1179,1180,8
2026-08-05T06:00:00+00:00,1180,1180,1175.5,1176.5,19
2026-08-05T07:00:00+00:00,1176.5,1176.5,1174.5,1174.5,18
2026-08-05T08:00:00+00:00,1175.5,1175.5,1171,1173,61
2026-08-05T09:00:00+00:00,1171.5,1171.5,1169.5,1169.5,20
2026-08-05T10:00:00+00:00,1171,1172.5,1169.5,1170,20
2026-08-05T11:00:00+00:00,1168.5,1169,1168,1169,20
2026-08-05T12:00:00+00:00,1167.5,1170,1167.5,1170,3
2026-08-05T13:00:00+00:00,1170.5,1173.5,1167.5,1172.5,28
2026-08-05T14:00:00+00:00,1173,1174,1169.5,1169.5,12
2026-08-05T15:00:00+00:00,1171,1171,1171,1171,8
2026-08-05T16:00:00+00:00,1171.5,1175,1171,1174,11
2026-08-05T17:00:00+00:00,1174,1174,1174,1174,1
2026-08-05T18:00:00+00:00,1176.5,1177,1176.5,1177,7
2026-08-06T00:00:00+00:00,1174,1174,1174,1174,0
2026-08-06T01:00:00+00:00,1176.5,1177.5,1176.5,1176.5,32
2026-08-06T02:00:00+00:00,1176.5,1176.5,1176.5,1176.5,7
2026-08-06T03:00:00+00:00,1176.5,1176.5,1174.5,1175,30
2026-08-06T04:00:00+00:00,1174.5,1174.5,1174.5,1174.5,1
2026-08-06T05:00:00+00:00,1175.5,1177.5,1175.5,1177.5,6
2026-08-06T06:00:00+00:00,1176.5,1177.5,1176.5,1177.5,8
2026-08-06T07:00:00+00:00,1174.5,1175,1172.5,1175,30
2026-08-06T08:00:00+00:00,1175.5,1176,1175.5,1176,4
2026-08-06T10:00:00+00:00,1173.5,1175.5,1172.5,1175.5,13
2026-08-06T11:00:00+00:00,1174.5,1175.5,1174,1174,10
2026-08-06T12:00:00+00:00,1173,1175.5,1172.5,1175.5,22
2026-08-06T13:00:00+00:00,1180,1180,1177.5,1178.5,13
2026-08-06T14:00:00+00:00,1177,1177,1173.5,1175,27
2026-08-06T15:00:00+00:00,1175,1175,1175,1175,3
2026-08-06T16:00:00+00:00,1172.5,1174,1171,1174,17
2026-08-06T17:00:00+00:00,1173.5,1178,1173.5,1178,8
2026-08-06T18:00:00+00:00,1178.5,1179,1178,1178.5,0
2026-08-07T00:00:00+00:00,1177,1177,1177,1177,2
2026-08-07T01:00:00+00:00,1176.5,1179.5,1176.5,1179.5,7
2026-08-07T02:00:00+00:00,1180.5,1184,1180.5,1182,50
2026-08-07T03:00:00+00:00,1182,1185,1181,1185,13
2026-08-07T04:00:00+00:00,1183.5,1184,1183,1184,6
2026-08-07T05:00:00+00:00,1184.5,1184.5,1182.5,1183,20
2026-08-07T06:00:00+00:00,1183,1183,1183,1183,1
2026-08-07T07:00:00+00:00,1183.5,1183.5,1183,1183,6
2026-08-07T08:00:00+00:00,1181.5,1182.5,1181,1181,23
2026-08-07T09:00:00+00:00,1180.5,1180.5,1180.5,1180.5,4
2026-08-07T11:00:00+00:00,1180.5,1180.5,1179,1179,8
2026-08-07T12:00:00+00:00,1179,1181.5,1179,1181.5,9
2026-08-07T13:00:00+00:00,1181,1182.5,1179.5,1181.5,11
2026-08-07T14:00:00+00:00,1179.5,1180,1178,1179,21
2026-08-07T15:00:00+00:00,1180,1181,1178.5,1181,17
2026-08-07T16:00:00+00:00,1180.5,1180.5,1178,1178,4
2026-08-07T17:00:00+00:00,1177.5,1179.5,1177.5,1179.5,4
2026-08-07T18:00:00+00:00,1179.5,1179.5,1175.5,1176.5,12
2026-08-10T00:00:00+00:00,1176,1177.5,1176,1177.5,3
2026-08-10T01:00:00+00:00,1177,1178.5,1177,1178.5,10
2026-08-10T02:00:00+00:00,1181,1181.5,1181,1181,15
2026-08-10T03:00:00+00:00,1184,1184,1184,1184,3
2026-08-10T04:00:00+00:00,1183,1183,1182.5,1182.5,5
2026-08-10T05:00:00+00:00,1183.5,1183.5,1182.5,1183,14
2026-08-10T06:00:00+00:00,1182.5,1182.5,1181.5,1182.5,30
2026-08-10T07:00:00+00:00,1182,1182,1180.5,1180.5,8
2026-08-10T08:00:00+00:00,1181,1185,1181,1184,14
2026-08-10T09:00:00+00:00,1184,1184.5,1184,1184.5,5
2026-08-10T10:00:00+00:00,1183.5,1183.5,1181.5,1182.5,20
2026-08-10T11:00:00+00:00,1182,1182,1180.5,1182,37
2026-08-10T12:00:00+00:00,1182.5,1182.5,1182,1182,3
2026-08-10T13:00:00+00:00,1182,1182,1176.5,1176.5,48
2026-08-10T14:00:00+00:00,1177,1179,1177,1178.5,17
2026-08-10T15:00:00+00:00,1179,1181,1179,1181,5
2026-08-10T16:00:00+00:00,1181.5,1182.5,1180.5,1181,19
2026-08-10T17:00:00+00:00,1178.5,1181,1178.5,1179.5,15
2026-08-10T18:00:00+00:00,1179.5,1180,1179.5,1180,9
2026-08-11T00:00:00+00:00,1181.5,1182,1181.5,1181.5,0
2026-08-11T01:00:00+00:00,1181.5,1181.5,1181.5,1181.5,1
2026-08-11T02:00:00+00:00,1179,1179,1179,1179,1
2026-08-11T03:00:00+00:00,1180,1180,1180,1180,1
2026-08-11T05:00:00+00:00,1180,1180.5,1180,1180,17
2026-08-11T06:00:00+00:00,1180,1180.5,1179,1180.5,10
2026-08-11T07:00:00+00:00,1178.5,1182.5,1178.5,1182.5,13
2026-08-11T08:00:00+00:00,1179.5,1180,1179.5,1180,8
2026-08-11T09:00:00+00:00,1180.5,1180.5,1179,1179,5
2026-08-11T11:00:00+00:00,1179,1179,1176.5,1177,23
2026-08-11T12:00:00+00:00,1176.5,1176.5,1176,1176,4
2026-08-11T13:00:00+00:00,1174.5,1174.5,1168.5,1172.5,36
2026-08-11T14:00:00+00:00,1172.5,1173,1170.5,1170.5,16
2026-08-11T15:00:00+00:00,1169,1170,1165,1169,60
2026-08-11T16:00:00+00:00,1169,1172,1167.5,1168,216
2026-08-11T17:00:00+00:00,1167.5,1167.5,1167.5,1167.5,5
2026-08-11T18:00:00+00:00,1167,1167,1167,1167,1
2026-08-12T00:00:00+00:00,1172.5,1172.5,1168.5,1169.5,0
2026-08-12T01:00:00+00:00,1169,1170.5,1169,1170.5,3
2026-08-12T02:00:00+00:00,1172.5,1173,1172.5,1173,6
2026-08-12T03:00:00+00:00,1173.5,1173.5,1172.5,1172.5,2
2026-08-12T05:00:00+00:00,1174,1175,1173.5,1174.5,8
2026-08-12T06:00:00+00:00,1176.5,1177,1176,1177,8
2026-08-12T07:00:00+00:00,1174.5,1174.5,1172.5,1172.5,18
2026-08-12T08:00:00+00:00,1172.5,1174.5,1172.5,1174,14
2026-08-12T09:00:00+00:00,1173,1174,1172.5,1173.5,29
2026-08-12T10:00:00+00:00,1175,1175,1175,1175,6
2026-08-12T11:00:00+00:00,1174,1174,1173,1173,24
2026-08-12T12:00:00+00:00,1173.5,1173.5,1173,1173,5
2026-08-12T13:00:00+00:00,1170,1175,1170,1174,19
2026-08-12T14:00:00+00:00,1175,1175,1174,1174,3
2026-08-12T15:00:00+00:00,1174.5,1178,1174.5,1177,12
2026-08-12T16:00:00+00:00,1181,1196,1172.5,1177,200
2026-08-12T17:00:00+00:00,1178,1184.5,1178,1184.5,244
2026-08-12T18:00:00+00:00,1182,1184,1182,1183,14
2026-08-13T00:00:00+00:00,1183,1185.5,1183,1184.5,0
2026-08-13T01:00:00+00:00,1183.5,1187,1182.5,1184,71
2026-08-13T02:00:00+00:00,1183,1183,1181.5,1181.5,5
2026-08-13T03:00:00+00:00,1182,1182,1182,1182,3
2026-08-13T06:00:00+00:00,1183.5,1184.5,1183.5,1184.5,7
2026-08-13T07:00:00+00:00,1184.5,1185.5,1182,1182,10
2026-08-13T08:00:00+00:00,1183,1183,1181.5,1181.5,9
2026-08-13T10:00:00+00:00,1184.5,1184.5,1183.5,1183.5,11
2026-08-13T11:00:00+00:00,1184.5,1185,1184.5,1185,16
2026-08-13T12:00:00+00:00,1184,1184,1179.5,1179.5,4
2026-08-13T13:00:00+00:00,1181,1186,1179.5,1183.5,63
2026-08-13T14:00:00+00:00,1183.5,1184.5,1181.5,1182,14
2026-08-13T15:00:00+00:00,1183.5,1185.5,1183.5,1184,27
2026-08-13T16:00:00+00:00,1184.5,1187,1184.5,1187,7
2026-08-13T17:00:00+00:00,1188,1188,1183,1184,60
2026-08-13T18:00:00+00:00,1184,1184,1180.5,1182.5,12
2026-08-14T00:00:00+00:00,1185,1185,1183,1183,0
2026-08-14T01:00:00+00:00,1184.5,1185,1184,1184.5,5
2026-08-14T02:00:00+00:00,1187,1188,1187,1187.5,16
2026-08-14T03:00:00+00:00,1186.5,1187,1186,1187,12
2026-08-14T04:00:00+00:00,1189,1189,1189,1189,4
2026-08-14T05:00:00+00:00,1189,1190,1189,1190,3
2026-08-14T06:00:00+00:00,1190,1190,1189,1189,12
2026-08-14T07:00:00+00:00,1190,1190,1189.5,1190,14
2026-08-14T08:00:00+00:00,1190,1191,1190,1190.5,10
2026-08-14T09:00:00+00:00,1190,1190.5,1188.5,1188.5,10
2026-08-14T10:00:00+00:00,1187,1188,1186,1186,20
2026-08-14T11:00:00+00:00,1188.5,1189.5,1188,1189.5,9
2026-08-14T12:00:00+00:00,1189.5,1190.5,1189.5,1189.5,12
2026-08-14T13:00:00+00:00,1187.5,1189.5,1187.5,1189.5,19
2026-08-14T14:00:00+00:00,1188,1189.5,1186,1188,15
2026-08-14T15:00:00+00:00,1187.5,1187.5,1185.5,1185.5,9
2026-08-14T16:00:00+00:00,1184.5,1185.5,1184.5,1185.5,8
2026-08-14T17:00:00+00:00,1186.5,1186.5,1185.5,1186.5,15
2026-08-14T18:00:00+00:00,1186.5,1192.5,1186.5,1192.5,12
2026-08-17T00:00:00+00:00,1193,1195,1190,1191,12
2026-08-17T01:00:00+00:00,1193,1194,1192.5,1194,11
2026-08-17T02:00:00+00:00,1194,1194,1193.5,1194,3
2026-08-17T03:00:00+00:00,1191,1191,1191,1191,3
2026-08-17T04:00:00+00:00,1190.5,1192.5,1190.5,1192.5,8
2026-08-17T05:00:00+00:00,1193,1193,1193,1193,4
2026-08-17T06:00:00+00:00,1194.5,1194.5,1194.5,1194.5,1
2026-08-17T07:00:00+00:00,1195.5,1196,1195,1196,21
2026-08-17T08:00:00+00:00,1196,1196.5,1194.5,1196,11
2026-08-17T09:00:00+00:00,1196.5,1199.5,1196.5,1199,21
2026-08-17T10:00:00+00:00,1200,1200,1196,1196,22
2026-08-17T11:00:00+00:00,1196,1198.5,1195,1198.5,35
2026-08-17T12:00:00+00:00,1199,1199,1197.5,1198.5,15
2026-08-17T13:00:00+00:00,1198,1201.5,1196.5,1201.5,34
2026-08-17T14:00:00+00:00,1203,1209.5,1203,1209,27
2026-08-17T15:00:00+00:00,1209.5,1210.5,1209,1209,26
2026-08-17T16:00:00+00:00,1211.5,1216.5,1211.5,1215,17
2026-08-17T17:00:00+00:00,1216,1218,1216,1218,29
2026-08-17T18:00:00+00:00,1218,1218,1214,1214,111
2026-08-18T00:00:00+00:00,1214,1224,1204,1218,0
2026-08-18T01:00:00+00:00,1219.5,1221.5,1219.5,1221.5,19
2026-08-18T02:00:00+00:00,1221.5,1225,1221.5,1224.5,16
2026-08-18T03:00:00+00:00,1224.5,1224.5,1222.5,1224.5,24
2026-08-18T04:00:00+00:00,1225,1225,1224.5,1224.5,8
2026-08-18T05:00:00+00:00,1224.5,1224.5,1224,1224,3
2026-08-18T06:00:00+00:00,1225,1225,1225,1225,4
2026-08-18T07:00:00+00:00,1224,1225,1223.5,1224.5,15
2026-08-18T08:00:00+00:00,1225,1225,1224,1224.5,6
2026-08-18T10:00:00+00:00,1225,1225,1224,1224,5
2026-08-18T11:00:00+00:00,1225,1225,1223,1223,12
2026-08-18T12:00:00+00:00,1223.5,1227,1222,1227,89
2026-08-18T13:00:00+00:00,1227,1230,1224.5,1230,54
2026-08-18T14:00:00+00:00,1230.5,1232,1223,1225,63
2026-08-18T15:00:00+00:00,1226.5,1227.5,1223,1223,16
2026-08-18T16:00:00+00:00,1225.5,1226,1219.5,1219.5,27
2026-08-18T17:00:00+00:00,1219.5,1220.5,1218,1218.5,17
2026-08-18T18:00:00+00:00,1218.5,1218.5,1214.5,1215,23
2026-08-19T00:00:00+00:00,1214.5,1216.5,1214.5,1216,0
2026-08-19T01:00:00+00:00,1217,1224,1216.5,1224,23
2026-08-19T02:00:00+00:00,1223,1223,1222.5,1222.5,2
2026-08-19T03:00:00+00:00,1225,1225,1223,1223,11
2026-08-19T04:00:00+00:00,1223,1223,1223,1223,1
2026-08-19T05:00:00+00:00,1223.5,1225.5,1223.5,1225.5,6
2026-08-19T06:00:00+00:00,1225,1226.5,1225,1226.5,18
2026-08-19T07:00:00+00:00,1225.5,1225.5,1225.5,1225.5,2
2026-08-19T08:00:00+00:00,1224.5,1225.5,1224,1225.5,3
2026-08-19T09:00:00+00:00,1225.5,1226.5,1225.5,1225.5,13
2026-08-19T10:00:00+00:00,1226.5,1228,1226.5,1228,33
2026-08-19T11:00:00+00:00,1227.5,1228.5,1227.5,1228.5,6
2026-08-19T12:00:00+00:00,1229,1229,1227,1227,11
2026-08-19T13:00:00+00:00,1220,1231,1220,1231,15
2026-08-19T14:00:00+00:00,1232,1236,1232,1236,21
2026-08-19T15:00:00+00:00,1235.5,1239,1235.5,1236,13
2026-08-19T16:00:00+00:00,1237,1239,1235,1235,21
2026-08-19T17:00:00+00:00,1234,1235.5,1233.5,1235.5,17
2026-08-19T18:00:00+00:00,1235.5,1237,1235.5,1237,4
2026-08-20T00:00:00+00:00,1238,1240,1235.5,1238,0
2026-08-20T01:00:00+00:00,1240.5,1240.5,1235.5,1238,46
2026-08-20T02:00:00+00:00,1239,1239,1239,1239,3
2026-08-20T03:00:00+00:00,1239,1240,1239,1239.5,8
2026-08-20T04:00:00+00:00,1239,1239,1238.5,1238.5,20
2026-08-20T05:00:00+00:00,1238,1238,1238,1238,2
2026-08-20T06:00:00+00:00,1237.5,1240,1237.5,1239.5,6
2026-08-20T07:00:00+00:00,1240.5,1243,1239,1243,70
2026-08-20T08:00:00+00:00,1243,1244,1243,1244,11
2026-08-20T09:00:00+00:00,1243.5,1243.5,1241,1241.5,11
2026-08-20T11:00:00+00:00,1241,1241,1239.5,1241,19
2026-08-20T12:00:00+00:00,1241,1243.5,1241,1243,53
2026-08-20T13:00:00+00:00,1238,1242,1236.5,1236.5,36
2026-08-20T14:00:00+00:00,1236,1241.5,1235,1241,46
2026-08-20T15:00:00+00:00,1241,1243.5,1240,1240,33
2026-08-20T16:00:00+00:00,1242,1242,1236,1236,21
2026-08-20T17:00:00+00:00,1235.5,1239,1235.5,1237,20
2026-08-20T18:00:00+00:00,1237,1237.5,1236,1236.5,15
2026-08-21T00:00:00+00:00,1235.5,1235.5,1228.5,1233.5,0
2026-08-21T01:00:00+00:00,1234,1234,1229,1230,51
2026-08-21T02:00:00+00:00,1229.5,1231,1228,1228,23
2026-08-21T03:00:00+00:00,1229,1229.5,1229,1229.5,10
2026-08-21T05:00:00+00:00,1228,1229,1227.5,1227.5,14
2026-08-21T06:00:00+00:00,1225.5,1227.5,1224.5,1227.5,9
2026-08-21T07:00:00+00:00,1228,1229.5,1228,1229.5,4
2026-08-21T08:00:00+00:00,1229.5,1232,1229.5,1232,21
2026-08-21T09:00:00+00:00,1232,1232,1231.5,1232,7
2026-08-21T10:00:00+00:00,1230.5,1231,1230.5,1231,3
2026-08-21T11:00:00+00:00,1229,1230,1229,1230,4
2026-08-21T12:00:00+00:00,1233,1233,1233,1233,1
2026-08-21T13:00:00+00:00,1234.5,1236.5,1232.5,1234.5,219
2026-08-21T14:00:00+00:00,1234.5,1237.5,1232.5,1236.5,336
2026-08-21T15:00:00+00:00,1236.5,1237.5,1229,1237,348
2026-08-21T16:00:00+00:00,1237,1238.5,1233.5,1236.5,335
2026-08-21T17:00:00+00:00,1237,1238.5,1235.5,1236.5,200
2026-08-21T18:00:00+00:00,1237,1240,1237,1239.5,86
2026-08-24T00:00:00+00:00,1239,1242,1232,1233,157
2026-08-24T01:00:00+00:00,1232,1234.5,1230.5,1234.5,98
2026-08-24T02:00:00+00:00,1233,1234.5,1232.5,1233.5,16
2026-08-24T03:00:00+00:00,1234.5,1235,1234.5,1235,11
2026-08-24T04:00:00+00:00,1233,1233.5,1233,1233,5
2026-08-24T05:00:00+00:00,1232,1234,1232,1233.5,74
2026-08-24T06:00:00+00:00,1233,1233.5,1231.5,1231.5,69
2026-08-24T07:00:00+00:00,1231.5,1233.5,1231.5,1232.5,55
2026-08-24T08:00:00+00:00,1234.5,1236,1232,1232,61
2026-08-24T09:00:00+00:00,1231.5,1237.5,1231.5,1237.5,122
2026-08-24T10:00:00+00:00,1237.5,1238,1236.5,1236.5,59
2026-08-24T11:00:00+00:00,1236,1236,1234,1235.5,44
2026-08-24T12:00:00+00:00,1235.5,1235.5,1230,1231,97
2026-08-24T13:00:00+00:00,1235,1235,1226.5,1230.5,256
2026-08-24T14:00:00+00:00,1230.5,1231,1218.5,1219.5,552
2026-08-24T15:00:00+00:00,1219.5,1223.5,1219,1222,344
2026-08-24T16:00:00+00:00,1222,1226.5,1222,1224.5,253
2026-08-24T17:00:00+00:00,1224.5,1226.5,1222.5,1224,317
2026-08-24T18:00:00+00:00,1224,1224.5,1223.5,1224,76
2026-08-25T00:00:00+00:00,1224,1228.5,1223.5,1223.5,0
2026-08-25T01:00:00+00:00,1223,1226.5,1223,1224.5,66
2026-08-25T02:00:00+00:00,1224.5,1224.5,1222,1222,13
2026-08-25T03:00:00+00:00,1222,1223.5,1222,1223.5,12
2026-08-25T04:00:00+00:00,1225,1225,1223.5,1224.5,10
2026-08-25T05:00:00+00:00,1225,1226,1224,1224.5,29
2026-08-25T06:00:00+00:00,1224.5,1226.5,1223.5,1226,53
2026-08-25T07:00:00+00:00,1226.5,1227.5,1223.5,1223.5,64
2026-08-25T08:00:00+00:00,1223.5,1223.5,1221.5,1221.5,49
2026-08-25T09:00:00+00:00,1222.5,1223,1220,1220,40
2026-08-25T10:00:00+00:00,1219.5,1219.5,1217.5,1217.5,65
2026-08-25T11:00:00+00:00,1219,1224.5,1217.5,1219.5,70
2026-08-25T12:00:00+00:00,1219.5,1220,1217,1217.5,65
2026-08-25T13:00:00+00:00,1217.5,1228.5,1217.5,1228.5,193
2026-08-25T14:00:00+00:00,1228.5,1229.5,1225,1226,379
2026-08-25T15:00:00+00:00,1226,1232.5,1226,1232.5,344
2026-08-25T16:00:00+00:00,1231.5,1235.5,1231.5,1234,226
2026-08-25T17:00:00+00:00,1234,1236,1233,1236,149
2026-08-25T18:00:00+00:00,1236.5,1238,1234.5,1238,89
2026-08-26T00:00:00+00:00,1238,1240,1232.5,1233.5,0
2026-08-26T01:00:00+00:00,1233,1238.5,1232.5,1237.5,57
2026-08-26T02:00:00+00:00,1238.5,1238.5,1236,1237.5,26
2026-08-26T03:00:00+00:00,1236.5,1236.5,1236,1236,3
2026-08-26T04:00:00+00:00,1236,1236.5,1236,1236.5,4
2026-08-26T05:00:00+00:00,1236.5,1243,1236.5,1242,49
2026-08-26T06:00:00+00:00,1242,1242,1238.5,1239,73
2026-08-26T07:00:00+00:00,1239.5,1240.5,1238.5,1239.5,63
2026-08-26T08:00:00+00:00,1240,1242,1239,1240.5,34
2026-08-26T09:00:00+00:00,1241.5,1242,1241,1242,10
2026-08-26T10:00:00+00:00,1242,1242.5,1240,1240,39
2026-08-26T11:00:00+00:00,1239.5,1246,1239.5,1243.5,127
2026-08-26T12:00:00+00:00,1243.5,1243.5,1241,1241,68
2026-08-26T13:00:00+00:00,1242.5,1245,1240.5,1245,259
2026-08-26T14:00:00+00:00,1245,1246,1241.5,1244,252
2026-08-26T15:00:00+00:00,1244,1250,1243,1250,365
2026-08-26T16:00:00+00:00,1250,1257.5,1250,1257.5,552
2026-08-26T17:00:00+00:00,1256.5,1269,1256.5,1268,557
2026-08-26T18:00:00+00:00,1268.5,1269.5,1261.5,1261.5,175
2026-08-27T00:00:00+00:00,1264,1264,1256,1263,0
2026-08-27T01:00:00+00:00,1262,1264,1258.5,1259,110
2026-08-27T02:00:00+00:00,1259.5,1266,1259.5,1264,85
2026-08-27T03:00:00+00:00,1263.5,1263.5,1261.5,1262.5,21
2026-08-27T04:00:00+00:00,1263,1264,1263,1264,14
2026-08-27T05:00:00+00:00,1263.5,1263.5,1259.5,1259.5,65
2026-08-27T06:00:00+00:00,1259.5,1263.5,1259,1263,111
2026-08-27T07:00:00+00:00,1263,1263,1259.5,1260,135
2026-08-27T08:00:00+00:00,1259.5,1263,1259.5,1261,63
2026-08-27T09:00:00+00:00,1260.5,1260.5,1258.5,1258.5,68
2026-08-27T10:00:00+00:00,1259,1259.5,1258,1259.5,77
2026-08-27T11:00:00+00:00,1260,1261,1259.5,1259.5,60
2026-08-27T12:00:00+00:00,1260,1262,1260,1260,51
2026-08-27T13:00:00+00:00,1258.5,1264,1251,1254,494
2026-08-27T14:00:00+00:00,1253.5,1266,1251,1262,703
2026-08-27T15:00:00+00:00,1261,1271,1261,1270.5,456
2026-08-27T16:00:00+00:00,1270.5,1271,1264.5,1267.5,343
2026-08-27T17:00:00+00:00,1268,1271.5,1268,1270,33
2026-08-27T18:00:00+00:00,1270,1270.5,1263,1263,41
2026-08-28T00:00:00+00:00,1270,1279,1270,1276.5,0
2026-08-28T01:00:00+00:00,1277.5,1277.5,1272.5,1272.5,26
2026-08-28T02:00:00+00:00,1276,1276,1274,1274,10
2026-08-28T03:00:00+00:00,1271.5,1273.5,1271,1273.5,10
2026-08-28T04:00:00+00:00,1272.5,1272.5,1272.5,1272.5,1
2026-08-28T05:00:00+00:00,1272.5,1273.5,1272.5,1273.5,8
2026-08-28T06:00:00+00:00,1276,1279.5,1273,1273.5,48
2026-08-28T07:00:00+00:00,1272,1272.5,1271,1271.5,26
2026-08-28T08:00:00+00:00,1272,1273,1270,1270,22
2026-08-28T09:00:00+00:00,1270,1276,1270,1276,12
2026-08-28T10:00:00+00:00,1277,1277,1276.5,1276.5,7
2026-08-28T11:00:00+00:00,1274.5,1277.5,1274.5,1274.5,25
2026-08-28T12:00:00+00:00,1278,1281,1278,1279,45
2026-08-28T13:00:00+00:00,1279.5,1283,1277.5,1280.5,91
2026-08-28T14:00:00+00:00,1280.5,1284,1277,1283,127
2026-08-28T15:00:00+00:00,1282.5,1286.5,1281,1285.5,45
2026-08-28T16:00:00+00:00,1283.5,1288,1283,1287.5,50
2026-08-28T17:00:00+00:00,1287,1288,1283.5,1286,34
2026-08-28T18:00:00+00:00,1287,1289.5,1286,1288,46
2026-08-31T00:00:00+00:00,1289.5,1290,1283,1284.5,33
2026-08-31T01:00:00+00:00,1284,1294,1283,1292,88
2026-08-31T02:00:00+00:00,1292.5,1292.5,1290,1290,24
2026-08-31T03:00:00+00:00,1290,1290,1290,1290,3
2026-08-31T04:00:00+00:00,1289,1289,1287,1287,8
2026-08-31T05:00:00+00:00,1286.5,1289.5,1283.5,1284,28
2026-08-31T06:00:00+00:00,1287,1287.5,1285,1285,7
2026-08-31T07:00:00+00:00,1286,1286,1284.5,1284.5,3
2026-08-31T08:00:00+00:00,1287.5,1287.5,1287.5,1287.5,1
2026-08-31T09:00:00+00:00,1287.5,1287.5,1285.5,1286,10
2026-08-31T10:00:00+00:00,1284.5,1284.5,1283,1283,27
2026-08-31T11:00:00+00:00,1283,1284,1281,1282,64
2026-08-31T12:00:00+00:00,1281,1284.5,1279,1279,74
2026-08-31T13:00:00+00:00,1278,1286.5,1277.5,1284.5,48
2026-08-31T14:00:00+00:00,1285,1288,1282,1282,18
2026-08-31T15:00:00+00:00,1283.5,1290,1282.5,1283.5,32
2026-08-31T16:00:00+00:00,1283.5,1290,1283.5,1290,21
2026-08-31T17:00:00+00:00,1290,1291,1288.5,1290,22
2026-08-31T18:00:00+00:00,1287.5,1289,1287.5,1288,7
2026-09-01T00:00:00+00:00,1291,1301,1287,1295,0
2026-09-01T01:00:00+00:00,1295.5,1296,1291.5,1292.5,27
2026-09-01T02:00:00+00:00,1295,1298,1295,1297.5,10
2026-09-01T03:00:00+00:00,1296,1298,1296,1298,5
2026-09-01T04:00:00+00:00,1297,1299,1297,1299,10
2026-09-01T05:00:00+00:00,1300,1303.5,1298.5,1301,50
2026-09-01T06:00:00+00:00,1301.5,1301.5,1298.5,1298.5,8
2026-09-01T07:00:00+00:00,1299,1304,1299,1304,10
2026-09-01T08:00:00+00:00,1304,1306,1302.5,1303.5,31
2026-09-01T09:00:00+00:00,1302,1302,1300,1300,12
2026-09-01T10:00:00+00:00,1301,1301,1297.5,1297.5,21
2026-09-01T11:00:00+00:00,1298.5,1298.5,1296.5,1297.5,31
2026-09-01T12:00:00+00:00,1296,1300,1296,1300,15
2026-09-01T13:00:00+00:00,1302,1310,1300,1310,60
2026-09-01T14:00:00+00:00,1310.5,1316,1310.5,1312,52
2026-09-01T15:00:00+00:00,1310.5,1316.5,1309.5,1311,45
2026-09-01T16:00:00+00:00,1314.5,1319.5,1314,1317,42
2026-09-01T17:00:00+00:00,1316,1319,1315.5,1319,29
2026-09-01T18:00:00+00:00,1320,1320.5,1316.5,1318,16
2026-09-02T00:00:00+00:00,1316.5,1324,1310,1314.5,0
2026-09-02T01:00:00+00:00,1313.5,1313.5,1305,1305,23
2026-09-02T02:00:00+00:00,1308,1308.5,1304.5,1304.5,42
2026-09-02T03:00:00+00:00,1304,1304,1301.5,1301.5,15
2026-09-02T04:00:00+00:00,1302.5,1303,1302,1303,10
2026-09-02T05:00:00+00:00,1302,1302,1301,1301,15
2026-09-02T06:00:00+00:00,1303.5,1304,1302.5,1304,12
2026-09-02T07:00:00+00:00,1302.5,1302.5,1302.5,1302.5,3
2026-09-02T08:00:00+00:00,1303,1303.5,1302,1302.5,18
2026-09-02T09:00:00+00:00,1303.5,1303.5,1303.5,1303.5,4
2026-09-02T11:00:00+00:00,1305,1305.5,1303,1303,15
2026-09-02T12:00:00+00:00,1303,1303,1300,1302,20
2026-09-02T13:00:00+00:00,1305.5,1305.5,1300,1304,15
2026-09-02T14:00:00+00:00,1303.5,1315.5,1303.5,1314,26
2026-09-02T15:00:00+00:00,1315,1319.5,1315,1316.5,38
2026-09-02T16:00:00+00:00,1318,1318,1315,1318,17
2026-09-02T17:00:00+00:00,1318.5,1318.5,1311,1313,33
2026-09-02T18:00:00+00:00,1312.5,1313.5,1308,1308,17
2026-09-03T00:00:00+00:00,1307.5,1313.5,1303,1312,0
2026-09-03T01:00:00+00:00,1311.5,1313.5,1309.5,1313.5,43
2026-09-03T02:00:00+00:00,1312.5,1314.5,1312.5,1313.5,16
2026-09-03T03:00:00+00:00,1314.5,1314.5,1312,1312,4
2026-09-03T04:00:00+00:00,1313,1313,1313,1313,3
2026-09-03T05:00:00+00:00,1310,1310,1309.5,1309.5,4
2026-09-03T06:00:00+00:00,1309.5,1310,1304.5,1309,61
2026-09-03T07:00:00+00:00,1308.5,1308.5,1307,1307,8
2026-09-03T08:00:00+00:00,1305,1306,1299,1300,89
2026-09-03T09:00:00+00:00,1299,1299,1297,1297,69
2026-09-03T10:00:00+00:00,1296.5,1299,1295.5,1299,23
2026-09-03T11:00:00+00:00,1298,1300.5,1298,1298,30
2026-09-03T12:00:00+00:00,1298,1298,1291,1295,44
2026-09-03T13:00:00+00:00,1295,1298.5,1290.5,1292.5,42
2026-09-03T14:00:00+00:00,1292.5,1306,1292.5,1305,71
2026-09-03T15:00:00+00:00,1306.5,1315.5,1306.5,1315.5,23
2026-09-03T16:00:00+00:00,1315.5,1317,1314,1315.5,42
2026-09-03T17:00:00+00:00,1313.5,1315,1312,1315,26
2026-09-03T18:00:00+00:00,1316,1319,1314.5,1315.5,17
2026-09-04T00:00:00+00:00,1312.5,1314,1311.5,1311.5,0
2026-09-04T01:00:00+00:00,1312,1319,1310,1318.5,28
2026-09-04T02:00:00+00:00,1316.5,1317,1315,1315,7
2026-09-04T03:00:00+00:00,1315.5,1315.5,1314.5,1314.5,6
2026-09-04T04:00:00+00:00,1315,1315,1315,1315,2
2026-09-04T05:00:00+00:00,1314.5,1315.5,1313.5,1315.5,11
2026-09-04T06:00:00+00:00,1317,1320.5,1315,1315,32
2026-09-04T07:00:00+00:00,1315,1315.5,1310.5,1310.5,19
2026-09-04T08:00:00+00:00,1310.5,1310.5,1309.5,1309.5,6
2026-09-04T09:00:00+00:00,1311,1315.5,1311,1315.5,11
2026-09-04T10:00:00+00:00,1317,1317,1314,1314,11
2026-09-04T11:00:00+00:00,1314,1317,1313.5,1317,15
2026-09-04T12:00:00+00:00,1315,1315,1309,1310,36
2026-09-04T13:00:00+00:00,1309.5,1312,1306.5,1306.5,39
2026-09-04T14:00:00+00:00,1309,1316,1306,1314.5,39
2026-09-04T15:00:00+00:00,1315,1315.5,1311,1311,4
2026-09-04T16:00:00+00:00,1310,1312,1308,1312,14
2026-09-04T17:00:00+00:00,1311,1312.5,1309,1312.5,6
2026-09-04T18:00:00+00:00,1310,1311,1309.5,1310,20
2026-09-08T04:00:00+00:00,1317.5,1317.5,1317,1317,6
2026-09-08T05:00:00+00:00,1317.5,1320,1317.5,1320,26
2026-09-08T06:00:00+00:00,1320,1321,1311,1312.5,31
2026-09-08T07:00:00+00:00,1313,1314,1310.5,1314,16
2026-09-08T08:00:00+00:00,1312.5,1313,1311,1311,19
2026-09-08T09:00:00+00:00,1310.5,1311,1308,1311,25
2026-09-08T10:00:00+00:00,1312.5,1312.5,1312.5,1312.5,2
2026-09-08T11:00:00+00:00,1310.5,1310.5,1305.5,1306,41
2026-09-08T12:00:00+00:00,1306,1307.5,1304.5,1307,38
2026-09-08T13:00:00+00:00,1308,1314,1306.5,1307.5,24
2026-09-08T14:00:00+00:00,1309.5,1314,1306,1313,33
2026-09-08T15:00:00+00:00,1311.5,1314.5,1311.5,1314,14
2026-09-08T16:00:00+00:00,1309,1311.5,1308.5,1311.5,6
2026-09-08T17:00:00+00:00,1311.5,1315,1311.5,1314,10
2026-09-08T18:00:00+00:00,1314.5,1317.5,1314.5,1317.5,24
2026-09-09T00:00:00+00:00,1315.5,1318,1314,1314,0
2026-09-09T01:00:00+00:00,1312,1312,1309.5,1309.5,6
2026-09-09T02:00:00+00:00,1309.5,1311,1309.5,1310.5,21
2026-09-09T03:00:00+00:00,1310,1310.5,1310,1310.5,6
2026-09-09T04:00:00+00:00,1310.5,1310.5,1310.5,1310.5,1
2026-09-09T05:00:00+00:00,1310,1311.5,1308.5,1311.5,8
2026-09-09T06:00:00+00:00,1313,1317.5,1313,1317.5,10
2026-09-09T07:00:00+00:00,1316.5,1319.5,1316.5,1319.5,21
2026-09-09T08:00:00+00:00,1320,1320,1317.5,1317.5,10
2026-09-09T09:00:00+00:00,1318.5,1319,1317,1319,8
2026-09-09T10:00:00+00:00,1319.5,1320,1319,1319,13
2026-09-09T11:00:00+00:00,1316,1317,1315,1316,11
2026-09-09T12:00:00+00:00,1315.5,1315.5,1313,1313,24
2026-09-09T13:00:00+00:00,1315,1317.5,1308.5,1309.5,49
2026-09-09T14:00:00+00:00,1309,1312.5,1305.5,1312,79
2026-09-09T15:00:00+00:00,1312,1312,1306,1308,29
2026-09-09T16:00:00+00:00,1309.5,1312,1309,1312,24
2026-09-09T17:00:00+00:00,1313.5,1313.5,1311.5,1311.5,5
2026-09-09T18:00:00+00:00,1311,1311,1308.5,1308.5,8
2026-09-10T00:00:00+00:00,1308,1308,1307,1308,0
2026-09-10T01:00:00+00:00,1308,1308,1308,1308,1
2026-09-10T02:00:00+00:00,1306.5,1306.5,1306.5,1306.5,3
2026-09-10T03:00:00+00:00,1309,1309,1307.5,1307.5,6
2026-09-10T04:00:00+00:00,1308,1308.5,1308,1308,27
2026-09-10T05:00:00+00:00,1307,1308,1305,1308,31
2026-09-10T06:00:00+00:00,1307.5,1307.5,1307.5,1307.5,1
2026-09-10T07:00:00+00:00,1306.5,1309.5,1306.5,1309.5,18
2026-09-10T08:00:00+00:00,1310,1315,1310,1315,19
2026-09-10T09:00:00+00:00,1315,1316.5,1315,1316.5,12
2026-09-10T10:00:00+00:00,1316,1316,1314.5,1314.5,7
2026-09-10T11:00:00+00:00,1315.5,1318,1315.5,1317.5,18
2026-09-10T12:00:00+00:00,1318.5,1320.5,1318,1320.5,50
2026-09-10T13:00:00+00:00,1319,1319,1313,1315.5,58
2026-09-10T14:00:00+00:00,1316.5,1328.5,1316.5,1328.5,110
2026-09-10T15:00:00+00:00,1328,1331.5,1326,1328,107
2026-09-10T16:00:00+00:00,1327.5,1330.5,1327,1328,50
2026-09-10T17:00:00+00:00,1329.5,1329.5,1327,1327,16
2026-09-10T18:00:00+00:00,1330,1333,1330,1331.5,34
2026-09-11T00:00:00+00:00,1332,1334,1329.5,1332,0
2026-09-11T01:00:00+00:00,1334,1335,1325,1325.5,49
2026-09-11T02:00:00+00:00,1327,1327.5,1322,1322,25
2026-09-11T03:00:00+00:00,1321,1323,1320.5,1323,10
2026-09-11T04:00:00+00:00,1321.5,1321.5,1320,1321,18
2026-09-11T05:00:00+00:00,1320.5,1321.5,1318,1318,14
2026-09-11T06:00:00+00:00,1319,1320.5,1319,1319,14
2026-09-11T07:00:00+00:00,1319,1320,1318,1318,14
2026-09-11T08:00:00+00:00,1317.5,1317.5,1316.5,1317,22
2026-09-11T09:00:00+00:00,1316.5,1318,1316.5,1317.5,13
2026-09-11T10:00:00+00:00,1317,1317.5,1317,1317.5,5
2026-09-11T11:00:00+00:00,1318,1322,1318,1320,44
2026-09-11T12:00:00+00:00,1321,1321.5,1319.5,1321.5,18
2026-09-11T13:00:00+00:00,1321.5,1327.5,1310.5,1310.5,124
2026-09-11T14:00:00+00:00,1313,1313,1305.5,1306,49
2026-09-11T15:00:00+00:00,1307,1318.5,1306,1318.5,33
2026-09-11T16:00:00+00:00,1306,1318.5,1290,1302,192
2026-09-11T17:00:00+00:00,1300,1300,1293,1295.5,63
2026-09-11T18:00:00+00:00,1296,1300,1296,1300,14
2026-09-14T00:00:00+00:00,1296.5,1305,1292,1301,51
2026-09-14T01:00:00+00:00,1299.5,1302.5,1299,1301,26
2026-09-14T03:00:00+00:00,1302,1304,1301.5,1302,18
2026-09-14T04:00:00+00:00,1301,1301,1298.5,1298.5,44
2026-09-14T05:00:00+00:00,1299,1299,1294,1294,12
2026-09-14T06:00:00+00:00,1293.5,1296.5,1293.5,1295,12
2026-09-14T07:00:00+00:00,1295.5,1298.5,1295.5,1297.5,16
2026-09-14T08:00:00+00:00,1297.5,1297.5,1295.5,1295.5,8
2026-09-14T10:00:00+00:00,1296,1297.5,1294,1295,24
2026-09-14T11:00:00+00:00,1295.5,1299,1295.5,1299,46
2026-09-14T12:00:00+00:00,1300,1300,1297.5,1300,10
2026-09-14T13:00:00+00:00,1298,1299.5,1295,1299,16
2026-09-14T14:00:00+00:00,1300.5,1309,1300.5,1306,38
2026-09-14T15:00:00+00:00,1307.5,1308.5,1302,1306.5,74
2026-09-14T16:00:00+00:00,1307,1308,1307,1307,16
2026-09-14T17:00:00+00:00,1304,1304,1301,1301.5,26
2026-09-14T18:00:00+00:00,1302.5,1305.5,1302.5,1304,16
2026-09-15T00:00:00+00:00,1304,1304,1298,1299,0
2026-09-15T01:00:00+00:00,1298,1298,1295.5,1297.5,12
2026-09-15T02:00:00+00:00,1297.5,1297.5,1297,1297,3
2026-09-15T03:00:00+00:00,1299,1299,1296.5,1297.5,7
2026-09-15T04:00:00+00:00,1298.5,1298.5,1298.5,1298.5,1
2026-09-15T05:00:00+00:00,1299,1299,1298.5,1298.5,4
2026-09-15T06:00:00+00:00,1297.5,1299.5,1296.5,1299.5,17
2026-09-15T07:00:00+00:00,1301,1301,1299.5,1301,29
2026-09-15T08:00:00+00:00,1299,1301.5,1299,1301.5,14
2026-09-15T09:00:00+00:00,1301,1301,1300,1300,3
2026-09-15T10:00:00+00:00,1299.5,1299.5,1299.5,1299.5,1
2026-09-15T11:00:00+00:00,1298.5,1298.5,1296,1296,6
2026-09-15T12:00:00+00:00,1295,1300.5,1295,1298,16
2026-09-15T13:00:00+00:00,1299,1302.5,1299,1299,17
2026-09-15T14:00:00+00:00,1302.5,1309.5,1302.5,1307,35
2026-09-15T15:00:00+00:00,1309,1314,1308.5,1309,45
2026-09-15T16:00:00+00:00,1311.5,1315.5,1311.5,1314,37
2026-09-15T17:00:00+00:00,1315,1317.5,1314,1317.5,31
2026-09-15T18:00:00+00:00,1318,1319,1316.5,1318.5,30
2026-09-16T00:00:00+00:00,1311,1319,1311,1317,0
2026-09-16T01:00:00+00:00,1315,1321.5,1315,1321.5,43
2026-09-16T02:00:00+00:00,1321,1322,1319,1319,12
2026-09-16T03:00:00+00:00,1321,1322,1320.5,1322,11
2026-09-16T04:00:00+00:00,1321.5,1322.5,1321.5,1322,7
2026-09-16T05:00:00+00:00,1322.5,1326,1322.5,1324.5,28
2026-09-16T06:00:00+00:00,1325,1325.5,1324,1324.5,23
2026-09-16T07:00:00+00:00,1326,1328.5,1326,1328,57
2026-09-16T08:00:00+00:00,1327.5,1329.5,1327.5,1329,38
2026-09-16T09:00:00+00:00,1329,1332,1329,1330.5,80
2026-09-16T10:00:00+00:00,1330.5,1330.5,1328,1328,22
2026-09-16T11:00:00+00:00,1328,1328,1325.5,1326,24
2026-09-16T12:00:00+00:00,1325,1325,1323.5,1323.5,14
2026-09-16T13:00:00+00:00,1327,1327,1317.5,1317.5,97
2026-09-16T14:00:00+00:00,1318,1322,1318,1318.5,60
2026-09-16T15:00:00+00:00,1317.5,1317.5,1314,1315.5,40
2026-09-16T16:00:00+00:00,1315.5,1315.5,1314,1315,20
2026-09-16T17:00:00+00:00,1314.5,1316,1314.5,1316,10
2026-09-16T18:00:00+00:00,1314.5,1322.5,1314.5,1320.5,55
2026-09-17T00:00:00+00:00,1318,1324.5,1318,1318.5,0
2026-09-17T01:00:00+00:00,1318,1331,1318,1329.5,93
2026-09-17T02:00:00+00:00,1327.5,1328.5,1326,1326,6
2026-09-17T04:00:00+00:00,1329,1329,1329,1329,1
2026-09-17T05:00:00+00:00,1330.5,1330.5,1328.5,1328.5,8
2026-09-17T06:00:00+00:00,1328,1328,1325,1325,5
2026-09-17T07:00:00+00:00,1326,1326,1326,1326,4
2026-09-17T08:00:00+00:00,1327,1327,1327,1327,1
2026-09-17T09:00:00+00:00,1326.5,1326.5,1326,1326,2
2026-09-17T10:00:00+00:00,1325,1326,1325,1325,22
2026-09-17T11:00:00+00:00,1324,1324.5,1317,1317,23
2026-09-17T12:00:00+00:00,1319.5,1319.5,1316.5,1319,112
2026-09-17T13:00:00+00:00,1319,1322.5,1316.5,1317,31
2026-09-17T14:00:00+00:00,1316,1318.5,1312.5,1314.5,21
2026-09-17T15:00:00+00:00,1318.5,1318.5,1315,1315,7
2026-09-17T16:00:00+00:00,1317.5,1319,1317.5,1319,5
2026-09-17T17:00:00+00:00,1323,1325.5,1323,1325,28
2026-09-17T18:00:00+00:00,1323,1323,1319.5,1319.5,14
2026-09-18T00:00:00+00:00,1319.5,1321,1319,1320,0
2026-09-18T01:00:00+00:00,1319.5,1319.5,1316,1317.5,3
2026-09-18T02:00:00+00:00,1315.5,1315.5,1310.5,1310.5,23
2026-09-18T03:00:00+00:00,1310,1310,1310,1310,14
2026-09-18T04:00:00+00:00,1311,1311,1309.5,1310,4
2026-09-18T05:00:00+00:00,1310,1310,1307.5,1307.5,12
2026-09-18T06:00:00+00:00,1307,1307,1304.5,1305.5,22
2026-09-18T07:00:00+00:00,1306,1306.5,1305.5,1306.5,6
2026-09-18T08:00:00+00:00,1306,1306,1304,1304,8
2026-09-18T09:00:00+00:00,1303,1305.5,1303,1305.5,9
2026-09-18T10:00:00+00:00,1306.5,1307,1306,1307,14
2026-09-18T11:00:00+00:00,1310.5,1310.5,1306.5,1308,22
2026-09-18T12:00:00+00:00,1309,1309,1307.5,1307.5,2
2026-09-18T13:00:00+00:00,1309,1309.5,1303.5,1306,10
2026-09-18T14:00:00+00:00,1305.5,1305.5,1301,1301,58
2026-09-18T15:00:00+00:00,1301,1301.5,1300.5,1300.5,5
2026-09-18T16:00:00+00:00,1300,1304,1299,1301,33
2026-09-18T17:00:00+00:00,1296,1304,1296,1303.5,25
2026-09-18T18:00:00+00:00,1303,1304,1302.5,1303.5,18
2026-09-21T00:00:00+00:00,1303.5,1316,1303.5,1313,34
2026-09-21T01:00:00+00:00,1313,1313.5,1310.5,1310.5,19
2026-09-21T02:00:00+00:00,1310.5,1312,1310.5,1312,11
2026-09-21T04:00:00+00:00,1310.5,1310.5,1310.5,1310.5,2
2026-09-21T05:00:00+00:00,1310.5,1310.5,1310.5,1310.5,6
2026-09-21T06:00:00+00:00,1310,1310.5,1310,1310.5,3
2026-09-21T07:00:00+00:00,1309.5,1310.5,1308.5,1308.5,19
2026-09-21T08:00:00+00:00,1307,1308,1307,1308,10
2026-09-21T09:00:00+00:00,1309.5,1311,1309.5,1310,6
2026-09-21T10:00:00+00:00,1310,1310.5,1310,1310.5,5
2026-09-21T11:00:00+00:00,1310.5,1312.5,1310.5,1312.5,9
2026-09-21T12:00:00+00:00,1314,1315,1313,1314,13
2026-09-21T13:00:00+00:00,1318,1320,1316.5,1316.5,27
2026-09-21T14:00:00+00:00,1317,1322,1317,1321,28
2026-09-21T15:00:00+00:00,1321,1325.5,1321,1324.5,17
2026-09-21T16:00:00+00:00,1326,1327,1325.5,1327,14
2026-09-21T17:00:00+00:00,1326,1327.5,1326,1327.5,4
2026-09-21T18:00:00+00:00,1328,1328.5,1327,1327,5
2026-09-22T00:00:00+00:00,1325.5,1328,1325.5,1328,0
2026-09-22T01:00:00+00:00,1325.5,1325.5,1324,1324,4
2026-09-22T02:00:00+00:00,1326,1326.5,1326,1326.5,3
2026-09-22T03:00:00+00:00,1326,1326,1326,1326,1
2026-09-22T04:00:00+00:00,1327.5,1327.5,1327.5,1327.5,0
2026-09-22T05:00:00+00:00,1327.5,1327.5,1327.5,1327.5,4
2026-09-22T06:00:00+00:00,1329,1329.5,1326,1326,11
2026-09-22T07:00:00+00:00,1324,1324,1324,1324,8
2026-09-22T08:00:00+00:00,1323,1324.5,1321.5,1321.5,5
2026-09-22T09:00:00+00:00,1320,1321,1320,1320.5,21
2026-09-22T10:00:00+00:00,1320,1320,1318.5,1318.5,6
2026-09-22T11:00:00+00:00,1319,1320.5,1319,1320.5,9
2026-09-22T12:00:00+00:00,1322.5,1323.5,1322.5,1323.5,6
2026-09-22T13:00:00+00:00,1323,1327.5,1322,1327,38
2026-09-22T14:00:00+00:00,1327.5,1331.5,1326,1328,32
2026-09-22T15:00:00+00:00,1330,1330,1327,1327,10
2026-09-22T16:00:00+00:00,1329,1331.5,1329,1330,20
2026-09-22T17:00:00+00:00,1328.5,1329,1326,1326,18
2026-09-22T18:00:00+00:00,1328,1328,1325,1325,14
