open_time,open,high,low,close,volume
2026-07-27T00:00:00+00:00,683.5,683.5,675.5,677.5,19
2026-07-27T00:15:00+00:00,676,676,676,676,2
2026-07-27T00:30:00+00:00,674,674,674,674,2
2026-07-27T00:45:00+00:00,675.5,675.5,674,674,8
2026-07-27T01:15:00+00:00,676.5,676.5,676.5,676.5,1
2026-07-27T01:30:00+00:00,675.5,676.5,675.5,676.5,4
2026-07-27T02:15:00+00:00,677.5,677.5,677.5,677.5,6
2026-07-27T02:30:00+00:00,678.5,679,678.5,679,4
2026-07-27T03:00:00+00:00,678.5,678.5,678,678,3
2026-07-27T03:45:00+00:00,678.5,679,678.5,679,7
2026-07-27T04:00:00+00:00,678.5,678.5,678.5,678.5,2
2026-07-27T04:15:00+00:00,677.5,677.5,677.5,677.5,1
2026-07-27T05:00:00+00:00,678,678,678,678,2
2026-07-27T05:15:00+00:00,677,677,677,677,4
2026-07-27T05:30:00+00:00,676.5,676.5,675.5,675.5,4
2026-07-27T05:45:00+00:00,677.5,677.5,677.5,677.5,2
2026-07-27T06:00:00+00:00,681,681,679.5,679.5,7
2026-07-27T06:15:00+00:00,678,678,678,678,2
2026-07-27T06:30:00+00:00,676,676,676,676,1
2026-07-27T06:45:00+00:00,675.5,675.5,674.5,674.5,2
2026-07-27T07:00:00+00:00,676,676,676,676,1
2026-07-27T07:15:00+00:00,673,673,671,672,15
2026-07-27T07:30:00+00:00,672,672,672,672,1
2026-07-27T07:45:00+00:00,672,672,672,672,2
2026-07-27T08:00:00+00:00,673.5,673.5,673.5,673.5,1
2026-07-27T08:15:00+00:00,671.5,671.5,670,670,24
2026-07-27T08:30:00+00:00,669.5,669.5,669,669,2
2026-07-27T08:45:00+00:00,669,669,668,668,9
2026-07-27T09:00:00+00:00,670,670,670,670,8
2026-07-27T09:15:00+00:00,670,670,669,669,4
2026-07-27T09:45:00+00:00,667.5,668,667.5,667.5,7
2026-07-27T10:00:00+00:00,667,668,667,668,12
2026-07-27T10:15:00+00:00,670.5,670.5,670,670.5,15
2026-07-27T10:30:00+00:00,670,670,670,670,6
2026-07-27T11:15:00+00:00,670,670,670,670,3
2026-07-27T11:45:00+00:00,666.5,667.5,664,667.5,16
2026-07-27T12:00:00+00:00,669,669.5,669,669.5,11
2026-07-27T12:15:00+00:00,670,672,669,672,6
2026-07-27T12:30:00+00:00,673,674,673,673,24
2026-07-27T13:30:00+00:00,675,678,674,677.5,12
2026-07-27T13:45:00+00:00,677,677,672.5,673,21
2026-07-27T14:00:00+00:00,673.5,675.5,672,672.5,8
2026-07-27T14:15:00+00:00,673.5,673.5,671.5,671.5,3
2026-07-27T14:30:00+00:00,674,674,674,674,2
2026-07-27T14:45:00+00:00,674,674,671.5,671.5,14
2026-07-27T15:00:00+00:00,671.5,672,671.5,672,5
2026-07-27T15:15:00+00:00,668.5,668.5,668,668,3
2026-07-27T15:30:00+00:00,667,667,667,667,15
2026-07-27T15:45:00+00:00,667,667,667,667,1
2026-07-27T16:00:00+00:00,666.5,666.5,666.5,666.5,1
2026-07-27T16:15:00+00:00,668,668.5,668,668,3
2026-07-27T16:30:00+00:00,666,666,664.5,664.5,8
2026-07-27T16:45:00+00:00,663,663,662.5,662.5,4
2026-07-27T17:00:00+00:00,662.5,662.5,662,662,5
2026-07-27T17:15:00+00:00,661.5,663,660.5,660.5,3
2026-07-27T18:00:00+00:00,660.5,661,660,660,7
2026-07-27T18:15:00+00:00,658,658,657.5,657.5,9
2026-07-28T00:00:00+00:00,660,661,659,659,1
2026-07-28T00:15:00+00:00,661.5,661.5,661.5,661.5,2
2026-07-28T00:30:00+00:00,662,662,662,662,1
2026-07-28T00:45:00+00:00,662.5,662.5,661.5,661.5,2
2026-07-28T01:15:00+00:00,662,662,662,662,1
2026-07-28T01:30:00+00:00,663.5,663.5,663.5,663.5,14
2026-07-28T01:45:00+00:00,664,664.5,663.5,664.5,17
2026-07-28T02:15:00+00:00,662.5,662.5,662.5,662.5,1
2026-07-28T04:45:00+00:00,660,660,660,660,3
2026-07-28T05:30:00+00:00,660.5,660.5,660.5,660.5,1
2026-07-28T06:15:00+00:00,659,659.5,659,659.5,8
2026-07-28T06:30:00+00:00,657,657,656.5,656.5,26
2026-07-28T06:45:00+00:00,656.5,657,655,655,27
2026-07-28T07:00:00+00:00,656,656,654.5,654.5,18
2026-07-28T07:45:00+00:00,653.5,653.5,653.5,653.5,2
2026-07-28T08:00:00+00:00,653,653.5,653,653,26
2026-07-28T08:15:00+00:00,654.5,654.5,654.5,654.5,11
2026-07-28T09:00:00+00:00,657.5,658.5,657.5,658.5,2
2026-07-28T09:15:00+00:00,660,660,659.5,659.5,2
2026-07-28T09:45:00+00:00,657.5,657.5,657.5,657.5,2
2026-07-28T10:30:00+00:00,653.5,653.5,651,651,11
2026-07-28T10:45:00+00:00,653.5,653.5,652.5,653.5,6
2026-07-28T11:00:00+00:00,653,653,652,652,6
2026-07-28T11:15:00+00:00,652,652,651.5,652,12
2026-07-28T12:00:00+00:00,653,653,653,653,2
2026-07-28T12:15:00+00:00,652,652,651.5,651.5,3
2026-07-28T12:30:00+00:00,652,658.5,651.5,658,8
2026-07-28T13:30:00+00:00,654.5,660.5,654.5,660.5,19
2026-07-28T13:45:00+00:00,663,663,661.5,661.5,3
2026-07-28T14:00:00+00:00,664,665,664,665,7
2026-07-28T14:15:00+00:00,662.5,665,662.5,665,10
2026-07-28T14:30:00+00:00,663.5,663.5,663,663,2
2026-07-28T14:45:00+00:00,663.5,663.5,662.5,662.5,2
2026-07-28T15:00:00+00:00,662.5,662.5,662.5,662.5,2
2026-07-28T15:30:00+00:00,662.5,662.5,662.5,662.5,1
2026-07-28T15:45:00+00:00,663,663,663,663,1
2026-07-28T16:00:00+00:00,663,664.5,663,664.5,2
2026-07-28T16:15:00+00:00,664.5,665,660.5,660.5,9
2026-07-28T16:30:00+00:00,661,661,661,661,9
2026-07-28T16:45:00+00:00,661.5,661.5,661.5,661.5,1
2026-07-28T17:00:00+00:00,659,659,659,659,3
2026-07-28T17:15:00+00:00,658,658.5,658,658.5,2
2026-07-28T17:30:00+00:00,660,660,660,660,1
2026-07-28T18:00:00+00:00,660.5,663,660.5,663,6
2026-07-28T18:15:00+00:00,663.5,663.5,662.5,663.5,13
2026-07-29T00:00:00+00:00,672,675,668.5,670.5,0
2026-07-29T00:15:00+00:00,669.5,669.5,669.5,669.5,3
2026-07-29T02:45:00+00:00,669.5,669.5,669,669,2
2026-07-29T04:30:00+00:00,668.5,668.5,667.5,667.5,5
2026-07-29T04:45:00+00:00,668,668,667,667,23
2026-07-29T05:00:00+00:00,668,668,668,668,3
2026-07-29T06:00:00+00:00,669.5,669.5,669.5,669.5,2
2026-07-29T06:15:00+00:00,671,671,671,671,2
2026-07-29T06:30:00+00:00,670.5,670.5,670.5,670.5,1
2026-07-29T06:45:00+00:00,670.5,670.5,670,670,3
2026-07-29T07:30:00+00:00,666.5,666.5,666.5,666.5,1
2026-07-29T07:45:00+00:00,665.5,665.5,665,665,2
2026-07-29T08:00:00+00:00,664,664,664,664,1
2026-07-29T08:15:00+00:00,662.5,662.5,662.5,662.5,0
2026-07-29T08:30:00+00:00,664,664,664,664,64
2026-07-29T09:15:00+00:00,659.5,659.5,659,659,4
2026-07-29T10:15:00+00:00,659.5,659.5,659.5,659.5,1
2026-07-29T11:15:00+00:00,660.5,660.5,660.5,660.5,1
2026-07-29T11:45:00+00:00,667.5,667.5,665,665,7
2026-07-29T12:30:00+00:00,659.5,664.5,659.5,659.5,4
2026-07-29T13:30:00+00:00,665.5,665.5,664,664.5,29
2026-07-29T13:45:00+00:00,665.5,665.5,664.5,664.5,4
2026-07-29T14:00:00+00:00,661.5,662.5,661.5,662.5,2
2026-07-29T14:15:00+00:00,664,666,664,665,5
2026-07-29T14:45:00+00:00,667,667,664.5,664.5,3
2026-07-29T15:15:00+00:00,665,665,665,665,1
2026-07-29T15:30:00+00:00,666,666,664,664,22
2026-07-29T15:45:00+00:00,663.5,663.5,662.5,662.5,3
2026-07-29T16:15:00+00:00,660,660,659,660,9
2026-07-29T16:30:00+00:00,662.5,662.5,662,662,4
2026-07-29T17:00:00+00:00,662.5,662.5,661,661,6
2026-07-29T17:15:00+00:00,661.5,661.5,661.5,661.5,1
2026-07-29T18:00:00+00:00,662,662,662,662,1
2026-07-29T18:15:00+00:00,660.5,662,660.5,662,3
2026-07-30T00:00:00+00:00,662.5,662.5,662.5,662.5,0
2026-07-30T00:15:00+00:00,660,660,660,660,1
2026-07-30T01:30:00+00:00,663,663.5,663,663.5,2
2026-07-30T01:45:00+00:00,665,665,665,665,1
2026-07-30T02:00:00+00:00,665,665,665,665,1
2026-07-30T02:45:00+00:00,662,662,662,662,2
2026-07-30T04:00:00+00:00,661,661,661,661,1
2026-07-30T05:30:00+00:00,665,667.5,665,667.5,2
2026-07-30T05:45:00+00:00,669,669,669,669,2
2026-07-30T06:00:00+00:00,668,668.5,668,668.5,9
2026-07-30T06:30:00+00:00,669,676.5,669,676.5,126
2026-07-30T06:45:00+00:00,679,680.5,677,679,13
2026-07-30T07:00:00+00:00,680,684.5,680,684.5,11
2026-07-30T07:15:00+00:00,682,683.5,682,683,3
2026-07-30T07:30:00+00:00,683,685,683,685,3
2026-07-30T07:45:00+00:00,685,685.5,685,685.5,6
2026-07-30T08:00:00+00:00,683.5,683.5,683.5,683.5,1
2026-07-30T08:15:00+00:00,684,684,684,684,1
2026-07-30T08:30:00+00:00,683.5,683.5,681.5,681.5,3
2026-07-30T08:45:00+00:00,680.5,681,680.5,681,3
2026-07-30T09:00:00+00:00,682,682,682,682,2
2026-07-30T09:15:00+00:00,683,683,683,683,2
2026-07-30T09:30:00+00:00,685,685,685,685,1
2026-07-30T09:45:00+00:00,684,685,684,685,3
2026-07-30T10:15:00+00:00,685.5,685.5,685.5,685.5,10
2026-07-30T10:30:00+00:00,682,682,682,682,1
2026-07-30T11:45:00+00:00,679.5,679.5,679.5,679.5,1
2026-07-30T12:00:00+00:00,679,681,679,681,5
2026-07-30T12:30:00+00:00,679,683.5,679,681,5
2026-07-30T13:30:00+00:00,678.5,685,673.5,673.5,23
2026-07-30T13:45:00+00:00,674,676,674,676,8
2026-07-30T14:00:00+00:00,678,678,677,677,15
2026-07-30T14:15:00+00:00,676,678,675,678,13
2026-07-30T14:30:00+00:00,675.5,678,675,676,8
2026-07-30T15:00:00+00:00,672,672,671.5,671.5,3
2026-07-30T15:15:00+00:00,669.5,670.5,669.5,670.5,11
2026-07-30T15:30:00+00:00,670.5,670.5,670.5,670.5,3
2026-07-30T16:00:00+00:00,669,669,669,669,4
2026-07-30T16:30:00+00:00,669,669,669,669,1
2026-07-30T17:00:00+00:00,668,668,668,668,1
2026-07-30T17:15:00+00:00,667.5,667.5,666,666,12
2026-07-30T18:00:00+00:00,666,666,664.5,664.5,9
2026-07-30T18:15:00+00:00,663,663,661.5,661.5,3
2026-07-31T00:00:00+00:00,664.5,664.5,664.5,664.5,0
2026-07-31T00:15:00+00:00,664.5,664.5,664.5,664.5,1
2026-07-31T00:45:00+00:00,661.5,661.5,661.5,661.5,3
2026-07-31T01:00:00+00:00,661.5,661.5,661.5,661.5,2
2026-07-31T01:15:00+00:00,659,659,659,659,1
2026-07-31T01:30:00+00:00,659.5,659.5,659,659,4
2026-07-31T01:45:00+00:00,658.5,658.5,658.5,658.5,1
2026-07-31T02:00:00+00:00,658,658,656.5,656.5,18
2026-07-31T02:15:00+00:00,657,657,657,657,1
2026-07-31T02:45:00+00:00,657.5,657.5,652.5,652.5,11
2026-07-31T04:45:00+00:00,657.5,657.5,657.5,657.5,1
2026-07-31T05:00:00+00:00,657,657,657,657,23
2026-07-31T05:45:00+00:00,656.5,656.5,656.5,656.5,1
2026-07-31T06:15:00+00:00,655.5,655.5,653.5,653.5,6
2026-07-31T06:30:00+00:00,655,655,653,653,3
2026-07-31T06:45:00+00:00,656.5,657,656.5,657,3
2026-07-31T08:00:00+00:00,659.5,661,659.5,661,6
2026-07-31T08:30:00+00:00,659,659,658,658,2
2026-07-31T09:00:00+00:00,658,658,658,658,1
2026-07-31T09:15:00+00:00,658.5,659,658.5,659,6
2026-07-31T10:15:00+00:00,664.5,664.5,664.5,664.5,4
2026-07-31T10:45:00+00:00,657.5,657.5,657.5,657.5,2
2026-07-31T11:30:00+00:00,653.5,664,653.5,664,5
2026-07-31T11:45:00+00:00,653.5,653.5,653.5,653.5,2
2026-07-31T12:00:00+00:00,655,663.5,655,663.5,5
2026-07-31T12:15:00+00:00,657,657,655.5,655.5,4
2026-07-31T12:30:00+00:00,653,653,652,652,6
2026-07-31T13:30:00+00:00,652,653,643,643,34
2026-07-31T13:45:00+00:00,644,645.5,643,643,6
2026-07-31T14:00:00+00:00,642,646,637,641,18
2026-07-31T14:15:00+00:00,641,644.5,639.5,644.5,5
2026-07-31T14:30:00+00:00,640.5,640.5,640.5,640.5,1
2026-07-31T14:45:00+00:00,640,644.5,637,637,8
2026-07-31T15:15:00+00:00,638.5,643,638.5,643,11
2026-07-31T15:30:00+00:00,635.5,637.5,635.5,637.5,9
2026-07-31T15:45:00+00:00,636.5,636.5,636,636,10
2026-07-31T16:00:00+00:00,638,638,638,638,1
2026-07-31T16:45:00+00:00,636.5,636.5,636.5,636.5,1
2026-07-31T17:00:00+00:00,636,636,636,636,0
2026-07-31T17:30:00+00:00,639.5,639.5,639.5,639.5,233
2026-07-31T17:45:00+00:00,637,637.5,637,637.5,2
2026-07-31T18:00:00+00:00,637.5,640,637.5,640,2
2026-07-31T18:15:00+00:00,639.5,643.5,637,639.5,11
2026-08-03T00:00:00+00:00,636.5,636.5,624.5,632,0
2026-08-03T00:15:00+00:00,635,635,635,635,1
2026-08-03T00:30:00+00:00,634,634,634,634,2
2026-08-03T00:45:00+00:00,637.5,637.5,637.5,637.5,1
2026-08-03T02:45:00+00:00,636,636,636,636,1
2026-08-03T03:15:00+00:00,636.5,636.5,636.5,636.5,2
2026-08-03T03:30:00+00:00,636,636,635.5,635.5,2
2026-08-03T04:30:00+00:00,635.5,635.5,635.5,635.5,1
2026-08-03T05:45:00+00:00,637.5,637.5,637,637,2
2026-08-03T06:00:00+00:00,635.5,635.5,635.5,635.5,4
2026-08-03T06:15:00+00:00,636,636,636,636,1
2026-08-03T07:45:00+00:00,637,637,637,637,2
2026-08-03T08:30:00+00:00,635.5,635.5,635.5,635.5,1
2026-08-03T09:30:00+00:00,639,639,639,639,1
2026-08-03T09:45:00+00:00,639.5,640,639.5,640,2
2026-08-03T10:00:00+00:00,641,641,641,641,1
2026-08-03T10:30:00+00:00,640,641,640,641,7
2026-08-03T11:00:00+00:00,640,640,640,640,3
2026-08-03T11:30:00+00:00,640.5,640.5,640.5,640.5,5
2026-08-03T11:45:00+00:00,639.5,639.5,639.5,639.5,1
2026-08-03T12:00:00+00:00,638,638,638,638,2
2026-08-03T12:15:00+00:00,637.5,637.5,637.5,637.5,4
2026-08-03T12:30:00+00:00,639.5,639.5,639.5,639.5,4
2026-08-03T13:30:00+00:00,640.5,640.5,636.5,636.5,4
2026-08-03T14:00:00+00:00,641,642,641,641.5,13
2026-08-03T14:15:00+00:00,640,643,640,641.5,13
2026-08-03T14:30:00+00:00,643.5,643.5,638,638,19
2026-08-03T14:45:00+00:00,642,642,642,642,1
2026-08-03T15:00:00+00:00,644,645,643.5,643.5,8
2026-08-03T15:15:00+00:00,645,664,644,664,6
2026-08-03T15:30:00+00:00,664.5,667,664.5,667,168
2026-08-03T16:00:00+00:00,666,666,666,666,3
2026-08-03T16:45:00+00:00,668,669.5,668,669.5,5
2026-08-03T17:00:00+00:00,670,670,670,670,10
2026-08-03T17:15:00+00:00,669.5,669.5,669.5,669.5,1
2026-08-03T17:30:00+00:00,671,671,671,671,5
2026-08-03T17:45:00+00:00,671,671,671,671,3
2026-08-04T00:00:00+00:00,670,670,670,670,0
2026-08-04T01:15:00+00:00,668.5,668.5,668.5,668.5,1
2026-08-04T05:30:00+00:00,670.5,670.5,670.5,670.5,1
2026-08-04T06:30:00+00:00,666.5,668,666.5,668,22
2026-08-04T07:30:00+00:00,652,659,652,656.5,71
2026-08-04T07:45:00+00:00,657,657,655,655,4
2026-08-04T08:00:00+00:00,656.5,656.5,654,654,18
2026-08-04T08:15:00+00:00,654.5,654.5,654.5,654.5,1
2026-08-04T08:30:00+00:00,655.5,656,655,656,26
2026-08-04T08:45:00+00:00,654.5,656,654.5,656,2
2026-08-04T09:00:00+00:00,655.5,655.5,655,655.5,40
2026-08-04T09:15:00+00:00,656.5,656.5,656.5,656.5,1
2026-08-04T09:30:00+00:00,655,655,655,655,24
2026-08-04T09:45:00+00:00,652.5,652.5,652.5,652.5,1
2026-08-04T11:00:00+00:00,649,649,649,649,8
2026-08-04T11:30:00+00:00,647,647,645.5,645.5,7
2026-08-04T11:45:00+00:00,641,641,641,641,1
2026-08-04T12:00:00+00:00,640.5,642,640.5,642,19
2026-08-04T12:30:00+00:00,645,645,643,643,5
2026-08-04T13:30:00+00:00,639.5,642.5,637.5,642.5,23
2026-08-04T14:00:00+00:00,640.5,640.5,639,639.5,4
2026-08-04T14:15:00+00:00,637.5,637.5,636.5,636.5,7
2026-08-04T14:30:00+00:00,637.5,637.5,637.5,637.5,1
2026-08-04T14:45:00+00:00,636,636,635.5,635.5,3
2026-08-04T15:00:00+00:00,637,637,637,637,1
2026-08-04T15:15:00+00:00,639,639,639,639,1
2026-08-04T15:45:00+00:00,636.5,638,636.5,637.5,5
2026-08-04T16:15:00+00:00,637,637,637,637,1
2026-08-04T16:45:00+00:00,638.5,638.5,638,638,4
2026-08-04T17:00:00+00:00,637.5,637.5,637.5,637.5,2
2026-08-04T17:15:00+00:00,640,640,639.5,640,6
2026-08-04T17:30:00+00:00,639.5,640,638.5,638.5,11
2026-08-04T17:45:00+00:00,638.5,638.5,638.5,638.5,1
2026-08-04T18:00:00+00:00,638.5,639.5,638.5,639.5,2
2026-08-05T00:00:00+00:00,638,640.5,637,637,2
2026-08-05T00:15:00+00:00,637.5,637.5,637,637,6
2026-08-05T01:15:00+00:00,636,636,636,636,8
2026-08-05T02:15:00+00:00,633.5,633.5,633.5,633.5,6
2026-08-05T02:30:00+00:00,634,634,634,634,8
2026-08-05T03:00:00+00:00,637,637.5,637,637.5,4
2026-08-05T03:30:00+00:00,636.5,636.5,636.5,636.5,1
2026-08-05T04:00:00+00:00,637,637,637,637,8
2026-08-05T04:15:00+00:00,636.5,636.5,636.5,636.5,1
2026-08-05T04:45:00+00:00,636.5,636.5,636.5,636.5,1
2026-08-05T05:15:00+00:00,636,636,636,636,1
2026-08-05T05:45:00+00:00,637,637,637,637,3
2026-08-05T06:30:00+00:00,638.5,638.5,638.5,638.5,1
2026-08-05T06:45:00+00:00,639,639.5,639,639,20
2026-08-05T07:15:00+00:00,639,639,639,639,6
2026-08-05T07:45:00+00:00,639,639,639,639,2
2026-08-05T08:15:00+00:00,637.5,639.5,637.5,639.5,9
2026-08-05T08:30:00+00:00,639,639,639,639,2
2026-08-05T08:45:00+00:00,638.5,638.5,638.5,638.5,1
2026-08-05T09:15:00+00:00,641,641,641,641,3
2026-08-05T09:30:00+00:00,640,640,640,640,1
2026-08-05T10:00:00+00:00,638.5,641,638.5,641,13
2026-08-05T10:15:00+00:00,640.5,640.5,640.5,640.5,2
2026-08-05T10:45:00+00:00,640,640,640,640,1
2026-08-05T11:00:00+00:00,640.5,640.5,640.5,640.5,1
2026-08-05T11:15:00+00:00,638,638,638,638,1
2026-08-05T11:30:00+00:00,640,640,639,639,2
2026-08-05T11:45:00+00:00,637.5,637.5,637,637,20
2026-08-05T12:00:00+00:00,639.5,639.5,639,639,5
2026-08-05T12:15:00+00:00,642,645.5,642,645.5,26
2026-08-05T12:30:00+00:00,645,645.5,645,645.5,23
2026-08-05T13:30:00+00:00,647,655,642.5,643.5,32
2026-08-05T13:45:00+00:00,647,647,647,647,1
2026-08-05T14:00:00+00:00,648.5,650.5,648.5,650.5,4
2026-08-05T14:15:00+00:00,651.5,652.5,651.5,651.5,5
2026-08-05T14:30:00+00:00,647,647,645,645,4
2026-08-05T14:45:00+00:00,645.5,645.5,645,645,4
2026-08-05T15:00:00+00:00,644.5,644.5,644.5,644.5,3
2026-08-05T15:30:00+00:00,643,643,642.5,643,8
2026-08-05T15:45:00+00:00,644.5,644.5,644.5,644.5,5
2026-08-05T16:00:00+00:00,645.5,646.5,645.5,646.5,11
2026-08-05T16:15:00+00:00,645.5,645.5,645.5,645.5,3
2026-08-05T16:45:00+00:00,645.5,645.5,645.5,645.5,1
2026-08-05T17:00:00+00:00,645,645,645,645,1
2026-08-05T17:30:00+00:00,646.5,646.5,646.5,646.5,1
2026-08-05T17:45:00+00:00,646,646,646,646,1
2026-08-05T18:00:00+00:00,645,645,645,645,1
2026-08-05T18:15:00+00:00,643,643,643,643,1
2026-08-06T00:00:00+00:00,643,643,643,643,0
2026-08-06T00:15:00+00:00,641.5,642,641.5,642,3
2026-08-06T00:30:00+00:00,641.5,641.5,641.5,641.5,2
2026-08-06T01:15:00+00:00,645,645,645,645,2
2026-08-06T01:45:00+00:00,644.5,644.5,644.5,644.5,1
2026-08-06T02:30:00+00:00,642.5,643,642.5,643,7
2026-08-06T03:15:00+00:00,642,642,642,642,1
2026-08-06T03:30:00+00:00,641,641,641,641,1
2026-08-06T06:30:00+00:00,644,644,644,644,1
2026-08-06T07:00:00+00:00,639.5,658.5,639,658.5,0
2026-08-06T07:45:00+00:00,659.5,660,659.5,660,70
2026-08-06T08:00:00+00:00,660.5,660.5,660.5,660.5,6
2026-08-06T08:30:00+00:00,662,666.5,662,664.5,32
2026-08-06T09:00:00+00:00,664.5,664.5,664.5,664.5,2
2026-08-06T09:30:00+00:00,665,665,664,664,4
2026-08-06T09:45:00+00:00,663,663.5,663,663.5,27
2026-08-06T10:00:00+00:00,662.5,662.5,662.5,662.5,2
2026-08-06T11:30:00+00:00,663,663.5,663,663.5,6
2026-08-06T12:00:00+00:00,660,660,660,660,2
2026-08-06T13:30:00+00:00,662.5,662.5,661.5,661.5,4
2026-08-06T14:00:00+00:00,659.5,659.5,659.5,659.5,1
2026-08-06T14:15:00+00:00,656,656.5,655,655,11
2026-08-06T14:30:00+00:00,655,655,655,655,1
2026-08-06T14:45:00+00:00,655,655,654,654,2
2026-08-06T15:00:00+00:00,654,654,654,654,2
2026-08-06T15:15:00+00:00,651,651,651,651,1
2026-08-06T15:30:00+00:00,650.5,650.5,650.5,650.5,1
2026-08-06T15:45:00+00:00,649.5,649.5,649,649,5
2026-08-06T16:00:00+00:00,646.5,646.5,646.5,646.5,1
2026-08-06T16:15:00+00:00,646,647.5,646,647.5,5
2026-08-06T16:30:00+00:00,647.5,647.5,647.5,647.5,1
2026-08-06T16:45:00+00:00,647.5,647.5,647.5,647.5,1
2026-08-06T17:15:00+00:00,648,648,648,648,1
2026-08-06T18:00:00+00:00,650,651,650,651,3
2026-08-06T18:15:00+00:00,650.5,650.5,650.5,650.5,0
2026-08-07T00:30:00+00:00,648.5,648.5,648.5,648.5,4
2026-08-07T02:00:00+00:00,651,651,651,651,1
2026-08-07T04:00:00+00:00,651,651,651,651,2
2026-08-07T06:30:00+00:00,653,653,653,653,1
2026-08-07T06:45:00+00:00,652.5,652.5,652.5,652.5,1
2026-08-07T07:15:00+00:00,651.5,651.5,632,651.5,20
2026-08-07T07:30:00+00:00,634,635.5,634,635.5,20
2026-08-07T08:15:00+00:00,636,636,635,635,4
2026-08-07T08:30:00+00:00,636,636,636,636,2
2026-08-07T09:15:00+00:00,633.5,633.5,633.5,633.5,2
2026-08-07T10:00:00+00:00,637,637,637,637,1
2026-08-07T10:45:00+00:00,632.5,632.5,632.5,632.5,6
2026-08-07T11:30:00+00:00,633.5,635,633.5,635,14
2026-08-07T12:00:00+00:00,635.5,637.5,635.5,637.5,10
2026-08-07T13:30:00+00:00,635,641,635,640,18
2026-08-07T13:45:00+00:00,640,642,639.5,642,13
2026-08-07T14:00:00+00:00,641.5,643,641.5,642.5,9
2026-08-07T14:15:00+00:00,639,641.5,639,641,5
2026-08-07T14:30:00+00:00,640,640,640,640,2
2026-08-07T14:45:00+00:00,640.5,640.5,640.5,640.5,1
2026-08-07T15:15:00+00:00,641.5,641.5,641,641,2
2026-08-07T15:30:00+00:00,642.5,642.5,642.5,642.5,1
2026-08-07T15:45:00+00:00,644,645.5,644,644.5,5
2026-08-07T16:00:00+00:00,644,644,644,644,2
2026-08-07T16:15:00+00:00,643,643,642,642,2
2026-08-07T16:30:00+00:00,641,641,641,641,1
2026-08-07T16:45:00+00:00,641,641,641,641,1
2026-08-07T17:45:00+00:00,642.5,642.5,642.5,642.5,1
2026-08-07T18:15:00+00:00,639,640,639,640,3
2026-08-10T00:00:00+00:00,643,643,640.5,642,23
2026-08-10T00:15:00+00:00,645,645,645,645,5
2026-08-10T00:30:00+00:00,645,645,644,644,2
2026-08-10T01:00:00+00:00,646.5,646.5,646.5,646.5,1
2026-08-10T01:45:00+00:00,648.5,648.5,648.5,648.5,1
2026-08-10T02:00:00+00:00,649,650,649,650,10
2026-08-10T02:15:00+00:00,651,651,651,651,1
2026-08-10T02:30:00+00:00,651,651,650.5,650.5,2
2026-08-10T03:00:00+00:00,650.5,651,650.5,651,5
2026-08-10T03:15:00+00:00,652,652,652,652,2
2026-08-10T04:00:00+00:00,652.5,652.5,651.5,651.5,8
2026-08-10T04:30:00+00:00,651.5,651.5,651.5,651.5,2
2026-08-10T04:45:00+00:00,651.5,651.5,651.5,651.5,1
2026-08-10T05:15:00+00:00,652.5,652.5,652,652,12
2026-08-10T05:30:00+00:00,652,652,652,652,3
2026-08-10T06:00:00+00:00,651.5,653.5,651.5,653.5,16
2026-08-10T06:15:00+00:00,653.5,653.5,653.5,653.5,5
2026-08-10T06:30:00+00:00,654.5,654.5,654.5,654.5,8
2026-08-10T07:00:00+00:00,653.5,653.5,652,652,2
2026-08-10T07:15:00+00:00,653,653,653,653,1
2026-08-10T07:45:00+00:00,654,654,654,654,8
2026-08-10T08:00:00+00:00,655,655,655,655,1
2026-08-10T08:15:00+00:00,655.5,656.5,655.5,656.5,10
2026-08-10T08:30:00+00:00,656,656,656,656,1
2026-08-10T09:00:00+00:00,650.5,650.5,650.5,650.5,3
2026-08-10T09:15:00+00:00,650.5,651.5,650.5,651.5,2
2026-08-10T09:30:00+00:00,651,651,651,651,5
2026-08-10T09:45:00+00:00,650.5,650.5,649.5,649.5,7
2026-08-10T10:00:00+00:00,649.5,649.5,649.5,649.5,1
2026-08-10T10:15:00+00:00,648.5,648.5,648.5,648.5,1
2026-08-10T10:30:00+00:00,648,648,647.5,647.5,7
2026-08-10T10:45:00+00:00,647.5,648,647.5,648,6
2026-08-10T11:15:00+00:00,648.5,648.5,648.5,648.5,1
2026-08-10T11:45:00+00:00,650.5,650.5,650.5,650.5,4
2026-08-10T12:15:00+00:00,650,650,649.5,649.5,2
2026-08-10T12:30:00+00:00,650.5,650.5,650.5,650.5,8
2026-08-10T13:30:00+00:00,649.5,650.5,646.5,647.5,23
2026-08-10T13:45:00+00:00,650.5,650.5,650.5,650.5,1
2026-08-10T14:00:00+00:00,648.5,649,647,648,12
2026-08-10T14:15:00+00:00,648,648,646,646,3
2026-08-10T14:30:00+00:00,645.5,645.5,644.5,645,9
2026-08-10T14:45:00+00:00,645,646.5,645,646.5,3
2026-08-10T15:00:00+00:00,644.5,644.5,643.5,643.5,6
2026-08-10T15:15:00+00:00,644,644,644,644,1
2026-08-10T15:30:00+00:00,643.5,643.5,643.5,643.5,5
2026-08-10T15:45:00+00:00,644,644,643.5,643.5,5
2026-08-10T16:00:00+00:00,643,643,642.5,643,26
2026-08-10T16:15:00+00:00,643,643,643,643,3
2026-08-10T16:30:00+00:00,643.5,643.5,643.5,643.5,1
2026-08-10T16:45:00+00:00,642.5,642.5,642.5,642.5,1
2026-08-10T17:00:00+00:00,641.5,641.5,641.5,641.5,1
2026-08-10T17:15:00+00:00,642.5,642.5,642.5,642.5,2
2026-08-10T17:45:00+00:00,642,642,642,642,4
2026-08-10T18:00:00+00:00,641,641,640.5,640.5,6
2026-08-10T18:15:00+00:00,640,640,639.5,639.5,8
2026-08-11T00:00:00+00:00,640,643,637.5,639.5,1
2026-08-11T01:30:00+00:00,642.5,643.5,642.5,643.5,3
2026-08-11T02:00:00+00:00,642.5,642.5,642.5,642.5,2
2026-08-11T02:45:00+00:00,642,642,642,642,2
2026-08-11T03:45:00+00:00,642,642,642,642,1
2026-08-11T05:00:00+00:00,643,643,643,643,2
2026-08-11T05:30:00+00:00,641.5,641.5,641.5,641.5,2
2026-08-11T07:15:00+00:00,644.5,645,644.5,645,9
2026-08-11T07:45:00+00:00,644,644,644,644,1
2026-08-11T08:15:00+00:00,642,642,641.5,641.5,3
2026-08-11T09:00:00+00:00,661.5,661.5,661.5,661.5,0
2026-08-11T10:15:00+00:00,662,662,662,662,75
2026-08-11T10:30:00+00:00,664,664,664,664,4
2026-08-11T10:45:00+00:00,664,664,664,664,1
2026-08-11T11:00:00+00:00,660,660,659.5,659.5,4
2026-08-11T11:15:00+00:00,659.5,659.5,657.5,657.5,21
2026-08-11T11:30:00+00:00,657,657,657,657,7
2026-08-11T12:00:00+00:00,656,656,655.5,655.5,25
2026-08-11T12:15:00+00:00,655.5,655.5,635,635,4
2026-08-11T12:30:00+00:00,634,634,634,634,160
2026-08-11T13:30:00+00:00,630.5,632.5,629.5,632.5,20
2026-08-11T14:00:00+00:00,630.5,630.5,630.5,630.5,2
2026-08-11T14:15:00+00:00,632.5,632.5,632.5,632.5,20
2026-08-11T14:30:00+00:00,634.5,634.5,632,633.5,19
2026-08-11T14:45:00+00:00,635,635,632,632,7
2026-08-11T15:00:00+00:00,630.5,630.5,628.5,628.5,4
2026-08-11T15:30:00+00:00,629.5,629.5,629.5,629.5,2
2026-08-11T15:45:00+00:00,631,631,631,631,1
2026-08-11T16:00:00+00:00,629.5,629.5,629.5,629.5,2
2026-08-11T16:15:00+00:00,631,631,631,631,3
2026-08-11T16:30:00+00:00,630.5,630.5,630.5,630.5,20
2026-08-11T16:45:00+00:00,629.5,629.5,629.5,629.5,1
2026-08-11T17:00:00+00:00,628,628,627.5,628,3
2026-08-11T17:30:00+00:00,627.5,627.5,627.5,627.5,2
2026-08-11T17:45:00+00:00,627.5,627.5,627.5,627.5,1
2026-08-11T18:15:00+00:00,630.5,630.5,630.5,630.5,1
2026-08-12T00:00:00+00:00,634,634,632.5,632.5,0
2026-08-12T00:15:00+00:00,634,634.5,634,634.5,3
2026-08-12T00:30:00+00:00,634,634,634,634,1
2026-08-12T02:15:00+00:00,633,633,633,633,2
2026-08-12T03:00:00+00:00,634,634,634,634,2
2026-08-12T03:15:00+00:00,633.5,633.5,633.5,633.5,1
2026-08-12T03:30:00+00:00,633.5,633.5,633.5,633.5,2
2026-08-12T03:45:00+00:00,635,635,635,635,1
2026-08-12T05:00:00+00:00,636,636.5,636,636.5,24
2026-08-12T05:15:00+00:00,638.5,642.5,638.5,642.5,48
2026-08-12T05:45:00+00:00,642,642,642,642,3
2026-08-12T06:00:00+00:00,642.5,642.5,642.5,642.5,3
2026-08-12T06:15:00+00:00,643.5,644,643.5,643.5,7
2026-08-12T06:30:00+00:00,645,648.5,645,648.5,26
2026-08-12T06:45:00+00:00,647.5,648,647.5,648,4
2026-08-12T07:00:00+00:00,649,649,647,647,7
2026-08-12T07:30:00+00:00,648.5,648.5,648.5,648.5,3
2026-08-12T07:45:00+00:00,650.5,651,650,650,5
2026-08-12T08:00:00+00:00,650,650,650,650,1
2026-08-12T08:15:00+00:00,649,649,649,649,4
2026-08-12T08:30:00+00:00,650.5,650.5,650.5,650.5,3
2026-08-12T08:45:00+00:00,649.5,651,649.5,650.5,8
2026-08-12T09:15:00+00:00,649,649,649,649,8
2026-08-12T09:45:00+00:00,651,652,651,652,2
2026-08-12T10:15:00+00:00,651,651,651,651,1
2026-08-12T10:45:00+00:00,652,652,652,652,2
2026-08-12T11:00:00+00:00,650,650,649.5,649.5,2
2026-08-12T11:30:00+00:00,649.5,649.5,649,649,2
2026-08-12T11:45:00+00:00,647,647,646.5,646.5,2
2026-08-12T12:00:00+00:00,646.5,646.5,646,646.5,10
2026-08-12T12:30:00+00:00,644,644,644,644,2
2026-08-12T13:30:00+00:00,645.5,648.5,645.5,648,92
2026-08-12T13:45:00+00:00,648.5,648.5,648,648,22
2026-08-12T14:00:00+00:00,651,651,651,651,1
2026-08-12T14:15:00+00:00,651,651.5,651,651.5,2
2026-08-12T14:30:00+00:00,652,652,651,651,7
2026-08-12T14:45:00+00:00,653.5,654,653.5,654,12
2026-08-12T15:00:00+00:00,654,654,654,654,2
2026-08-12T15:15:00+00:00,653.5,653.5,653.5,653.5,2
2026-08-12T15:30:00+00:00,653,653,653,653,2
2026-08-12T15:45:00+00:00,652.5,652.5,652.5,652.5,1
2026-08-12T16:00:00+00:00,655,657.5,648.5,648.5,17
2026-08-12T16:15:00+00:00,648,648,648,648,1
2026-08-12T16:30:00+00:00,650,650,650,650,2
2026-08-12T16:45:00+00:00,650.5,650.5,649,650.5,8
2026-08-12T17:00:00+00:00,652,652.5,651.5,652.5,6
2026-08-12T17:15:00+00:00,654,654,653.5,653.5,6
2026-08-12T17:30:00+00:00,654,654.5,654,654.5,10
2026-08-12T17:45:00+00:00,654,654.5,654,654.5,3
2026-08-12T18:00:00+00:00,652.5,652.5,652.5,652.5,1
2026-08-12T18:15:00+00:00,653,653,653,653,4
2026-08-13T00:00:00+00:00,651.5,654,651.5,654,0
2026-08-13T00:30:00+00:00,653,653,653,653,2
2026-08-13T00:45:00+00:00,653.5,653.5,653.5,653.5,1
2026-08-13T01:15:00+00:00,653.5,653.5,653.5,653.5,2
2026-08-13T01:45:00+00:00,653,653,653,653,1
2026-08-13T02:45:00+00:00,651,651,651,651,2
2026-08-13T03:00:00+00:00,651.5,651.5,651,651,2
2026-08-13T04:00:00+00:00,652,652,652,652,1
2026-08-13T04:30:00+00:00,652,652,652,652,1
2026-08-13T05:15:00+00:00,653.5,653.5,653.5,653.5,1
2026-08-13T05:45:00+00:00,653,653,653,653,15
2026-08-13T06:15:00+00:00,653.5,653.5,653.5,653.5,2
2026-08-13T07:15:00+00:00,671,671,671,671,0
2026-08-13T07:30:00+00:00,668,668,665,665,64
2026-08-13T07:45:00+00:00,666.5,666.5,666.5,666.5,1
2026-08-13T08:30:00+00:00,667,667,667,667,6
2026-08-13T08:45:00+00:00,667,670,667,670,5
2026-08-13T09:15:00+00:00,670.5,670.5,670.5,670.5,1
2026-08-13T09:30:00+00:00,672,675.5,672,675.5,32
2026-08-13T09:45:00+00:00,673,673,673,673,1
2026-08-13T10:00:00+00:00,672.5,672.5,672.5,672.5,1
2026-08-13T11:00:00+00:00,671,671.5,671,671.5,6
2026-08-13T11:15:00+00:00,673.5,674,672,672,12
2026-08-13T11:30:00+00:00,672.5,672.5,671.5,671.5,12
2026-08-13T11:45:00+00:00,673,673,673,673,13
2026-08-13T12:00:00+00:00,670,670,670,670,1
2026-08-13T13:30:00+00:00,673,679.5,673,677.5,127
2026-08-13T13:45:00+00:00,676,676,674.5,676,25
2026-08-13T14:00:00+00:00,673.5,675,673.5,675,7
2026-08-13T14:15:00+00:00,676.5,678,676.5,677.5,7
2026-08-13T14:30:00+00:00,679,680,662.5,663.5,131
2026-08-13T14:45:00+00:00,666,666,662.5,662.5,9
2026-08-13T15:00:00+00:00,666.5,670,666.5,669,9
2026-08-13T15:15:00+00:00,669.5,669.5,668.5,668.5,4
2026-08-13T15:30:00+00:00,669,669,669,669,2
2026-08-13T15:45:00+00:00,670,670,670,670,7
2026-08-13T16:00:00+00:00,669.5,669.5,667,667,15
2026-08-13T16:15:00+00:00,667,667,667,667,1
2026-08-13T16:30:00+00:00,671,671,671,671,1
2026-08-13T17:00:00+00:00,669.5,669.5,669.5,669.5,2
2026-08-13T17:15:00+00:00,669,669,669,669,1
2026-08-13T18:00:00+00:00,668,668,668,668,4
2026-08-13T18:15:00+00:00,669,669,669,669,1
2026-08-14T00:00:00+00:00,668,670,668,670,0
2026-08-14T00:15:00+00:00,673,673,672.5,672.5,4
2026-08-14T00:45:00+00:00,673,673,672.5,672.5,2
2026-08-14T01:30:00+00:00,674,674,674,674,1
2026-08-14T01:45:00+00:00,674,674,674,674,1
2026-08-14T02:30:00+00:00,674.5,675,674.5,675,3
2026-08-14T02:45:00+00:00,673,673,672.5,672.5,6
2026-08-14T03:15:00+00:00,672,672,672,672,3
2026-08-14T04:15:00+00:00,672,672.5,671.5,672.5,13
2026-08-14T04:45:00+00:00,676,677,676,677,8
2026-08-14T05:30:00+00:00,677.5,677.5,677.5,677.5,2
2026-08-14T05:45:00+00:00,677,677,677,677,1
2026-08-14T06:15:00+00:00,675,675,675,675,4
2026-08-14T06:30:00+00:00,675.5,675.5,675.5,675.5,14
2026-08-14T07:00:00+00:00,679,679,678,678,9
2026-08-14T07:15:00+00:00,678.5,679,678.5,679,2
2026-08-14T07:30:00+00:00,680,680.5,678.5,679.5,45
2026-08-14T07:45:00+00:00,680,680,679.5,680,7
2026-08-14T08:00:00+00:00,680,680,679.5,679.5,5
2026-08-14T08:15:00+00:00,682,683.5,682,683.5,15
2026-08-14T08:30:00+00:00,681,681,680.5,680.5,11
2026-08-14T08:45:00+00:00,681,681,681,681,2
2026-08-14T09:00:00+00:00,679,680.5,679,680.5,16
2026-08-14T09:15:00+00:00,682,682,681,681,4
2026-08-14T09:30:00+00:00,681.5,681.5,681.5,681.5,1
2026-08-14T09:45:00+00:00,680,680,680,680,1
2026-08-14T10:00:00+00:00,679,679,678,678,15
2026-08-14T10:30:00+00:00,679,681.5,679,681.5,18
2026-08-14T10:45:00+00:00,680,680,680,680,1
2026-08-14T11:15:00+00:00,683.5,683.5,683.5,683.5,2
2026-08-14T11:30:00+00:00,682,682,682,682,1
2026-08-14T11:45:00+00:00,681,682,680.5,682,5
2026-08-14T12:30:00+00:00,678.5,678.5,677,677.5,5
2026-08-14T13:30:00+00:00,679,685,679,685,18
2026-08-14T13:45:00+00:00,688.5,689.5,683,687,16
2026-08-14T14:00:00+00:00,689.5,689.5,686.5,686.5,9
2026-08-14T14:15:00+00:00,688,688,684,684,3
2026-08-14T14:30:00+00:00,683,686.5,683,686.5,10
2026-08-14T14:45:00+00:00,687,688,687,688,3
2026-08-14T15:00:00+00:00,688.5,689,688,689,5
2026-08-14T15:15:00+00:00,690,691,689.5,689.5,14
2026-08-14T15:30:00+00:00,689.5,690,689,690,21
2026-08-14T15:45:00+00:00,689,691,689,691,3
2026-08-14T16:00:00+00:00,692,692,690,690,30
2026-08-14T16:45:00+00:00,691.5,691.5,691.5,691.5,3
2026-08-14T17:00:00+00:00,689.5,689.5,689,689,4
2026-08-14T17:15:00+00:00,689.5,689.5,686,686,7
2026-08-14T17:30:00+00:00,685,687,685,685,22
2026-08-14T17:45:00+00:00,685.5,685.5,685.5,685.5,6
2026-08-14T18:00:00+00:00,685.5,689.5,685,689.5,12
2026-08-17T00:00:00+00:00,691.5,691.5,688,688,2
2026-08-17T00:15:00+00:00,689,693,689,693,20
2026-08-17T00:30:00+00:00,694,694,694,694,1
2026-08-17T00:45:00+00:00,692.5,692.5,692.5,692.5,1
2026-08-17T01:15:00+00:00,691,691,691,691,1
2026-08-17T01:45:00+00:00,691.5,691.5,691.5,691.5,1
2026-08-17T02:45:00+00:00,689.5,689.5,689.5,689.5,1
2026-08-17T03:30:00+00:00,690,690,690,690,1
2026-08-17T03:45:00+00:00,689,689,689,689,1
2026-08-17T04:45:00+00:00,690,690,690,690,1
2026-08-17T05:15:00+00:00,689,690,689,689.5,5
2026-08-17T06:30:00+00:00,690.5,691.5,690.5,691,22
2026-08-17T06:45:00+00:00,691,691,689,689,4
2026-08-17T07:00:00+00:00,689.5,689.5,687.5,687.5,13
2026-08-17T07:15:00+00:00,688,688.5,688,688.5,16
2026-08-17T07:30:00+00:00,688.5,688.5,688.5,688.5,1
2026-08-17T08:00:00+00:00,687.5,687.5,685.5,685.5,24
2026-08-17T08:30:00+00:00,685.5,685.5,683,683.5,15
2026-08-17T08:45:00+00:00,685,685,685,685,3
2026-08-17T09:00:00+00:00,686,686,685.5,685.5,3
2026-08-17T09:45:00+00:00,685.5,686.5,685.5,686.5,3
2026-08-17T10:00:00+00:00,685,685,685,685,1
2026-08-17T10:15:00+00:00,684,684,684,684,1
2026-08-17T10:30:00+00:00,684,684,684,684,2
2026-08-17T10:45:00+00:00,683.5,683.5,683.5,683.5,1
2026-08-17T11:00:00+00:00,682.5,682.5,682.5,682.5,12
2026-08-17T11:15:00+00:00,682.5,682.5,681.5,681.5,8
2026-08-17T11:30:00+00:00,683.5,683.5,683.5,683.5,2
2026-08-17T12:00:00+00:00,685,685,684.5,684.5,3
2026-08-17T12:15:00+00:00,685,685,684,684,3
2026-08-17T12:30:00+00:00,685,685,684,684,6
2026-08-17T13:30:00+00:00,685.5,685.5,682,683,27
2026-08-17T13:45:00+00:00,684,687,684,686,22
2026-08-17T14:00:00+00:00,688,689,687.5,687.5,78
2026-08-17T14:15:00+00:00,688.5,688.5,688.5,688.5,1
2026-08-17T14:30:00+00:00,689.5,689.5,685.5,685.5,7
2026-08-17T14:45:00+00:00,686.5,688,686,686,10
2026-08-17T15:00:00+00:00,687,688,687,688,5
2026-08-17T15:15:00+00:00,689,690,689,690,2
2026-08-17T15:30:00+00:00,689.5,690.5,689,689,6
2026-08-17T15:45:00+00:00,688,688,688,688,1
2026-08-17T16:30:00+00:00,690,690,688,688,8
2026-08-17T17:30:00+00:00,690,690,690,690,3
2026-08-17T17:45:00+00:00,691,691,691,691,2
2026-08-17T18:00:00+00:00,691,691,691,691,1
2026-08-18T00:00:00+00:00,689,692,687,691.5,4
2026-08-18T00:15:00+00:00,690.5,690.5,690.5,690.5,2
2026-08-18T00:45:00+00:00,689,689,689,689,1
2026-08-18T01:15:00+00:00,690.5,690.5,690.5,690.5,1
2026-08-18T01:45:00+00:00,690,690,690,690,1
2026-08-18T03:30:00+00:00,689,689,689,689,1
2026-08-18T03:45:00+00:00,689,689,689,689,1
2026-08-18T04:00:00+00:00,688.5,688.5,688.5,688.5,5
2026-08-18T04:15:00+00:00,688,688,688,688,1
2026-08-18T04:45:00+00:00,688,688,688,688,2
2026-08-18T05:45:00+00:00,687,687,686,686.5,13
2026-08-18T07:00:00+00:00,690,691,690,691,3
2026-08-18T07:15:00+00:00,691,692,691,692,8
2026-08-18T07:30:00+00:00,695,696,694.5,694.5,21
2026-08-18T07:45:00+00:00,694,694,694,694,3
2026-08-18T08:00:00+00:00,694.5,694.5,694.5,694.5,1
2026-08-18T08:15:00+00:00,695.5,695.5,695,695,3
2026-08-18T08:45:00+00:00,693.5,693.5,693.5,693.5,6
2026-08-18T09:00:00+00:00,694.5,694.5,694.5,694.5,3
2026-08-18T09:30:00+00:00,694,694,694,694,3
2026-08-18T10:30:00+00:00,693.5,693.5,693,693,5
2026-08-18T11:00:00+00:00,692,692,692,692,1
2026-08-18T11:15:00+00:00,692,692,690,690,2
2026-08-18T11:45:00+00:00,690,690,690,690,5
2026-08-18T12:15:00+00:00,689,689,689,689,1
2026-08-18T13:30:00+00:00,691,692.5,689.5,690.5,38
2026-08-18T13:45:00+00:00,687.5,687.5,687,687.5,11
2026-08-18T14:00:00+00:00,687.5,687.5,687.5,687.5,2
2026-08-18T14:15:00+00:00,686.5,686.5,682,684.5,54
2026-08-18T14:30:00+00:00,684,685,684,685,4
2026-08-18T14:45:00+00:00,686,686,686,686,1
2026-08-18T15:00:00+00:00,689.5,689.5,687.5,687.5,3
2026-08-18T15:15:00+00:00,685.5,685.5,685.5,685.5,1
2026-08-18T15:30:00+00:00,685.5,686.5,685.5,686.5,2
2026-08-18T15:45:00+00:00,685.5,685.5,685.5,685.5,1
2026-08-18T16:15:00+00:00,685,685,684.5,684.5,2
2026-08-18T16:45:00+00:00,684,684,684,684,1
2026-08-18T17:00:00+00:00,683,683,682.5,682.5,5
2026-08-18T17:15:00+00:00,683,683,683,683,1
2026-08-18T17:45:00+00:00,684,684,683,683,10
2026-08-18T18:00:00+00:00,682,682,681,681.5,11
2026-08-18T18:15:00+00:00,680,680,678,678,7
2026-08-19T00:00:00+00:00,678.5,679.5,678.5,679.5,1
2026-08-19T00:30:00+00:00,679.5,679.5,679.5,679.5,1
2026-08-19T00:45:00+00:00,679.5,680,679.5,680,11
2026-08-19T01:30:00+00:00,683,684,683,684,6
2026-08-19T02:00:00+00:00,683.5,683.5,683.5,683.5,2
2026-08-19T02:30:00+00:00,683.5,683.5,683.5,683.5,2
2026-08-19T03:30:00+00:00,682.5,683.5,682.5,683.5,6
2026-08-19T04:00:00+00:00,684.5,684.5,684.5,684.5,4
2026-08-19T04:30:00+00:00,684.5,684.5,684.5,684.5,1
2026-08-19T05:00:00+00:00,684.5,684.5,684,684.5,7
2026-08-19T05:30:00+00:00,685,685,685,685,1
2026-08-19T05:45:00+00:00,685,685,685,685,1
2026-08-19T06:00:00+00:00,685.5,685.5,685.5,685.5,4
2026-08-19T06:15:00+00:00,683,683,683,683,2
2026-08-19T07:00:00+00:00,683.5,683.5,683.5,683.5,1
2026-08-19T07:15:00+00:00,686,686,686,686,2
2026-08-19T09:00:00+00:00,683,683,683,683,2
2026-08-19T09:15:00+00:00,683,683,682.5,682.5,3
2026-08-19T10:15:00+00:00,682.5,682.5,682,682,5
2026-08-19T10:30:00+00:00,681,681,681,681,1
2026-08-19T10:45:00+00:00,681.5,681.5,681.5,681.5,1
2026-08-19T11:00:00+00:00,680.5,680.5,680.5,680.5,1
2026-08-19T12:15:00+00:00,681.5,681.5,681.5,681.5,1
2026-08-19T13:30:00+00:00,683,687.5,683,686.5,26
2026-08-19T13:45:00+00:00,690,694,690,694,11
2026-08-19T14:00:00+00:00,694.5,698.5,694.5,698.5,28
2026-08-19T14:15:00+00:00,698.5,698.5,698,698,8
2026-08-19T14:30:00+00:00,700,700,696,698,19
2026-08-19T14:45:00+00:00,699,699,699,699,1
2026-08-19T15:00:00+00:00,696.5,696.5,696,696,6
2026-08-19T15:15:00+00:00,696.5,696.5,696.5,696.5,5
2026-08-19T15:30:00+00:00,697.5,697.5,697.5,697.5,5
2026-08-19T15:45:00+00:00,697,697,695.5,695.5,9
2026-08-19T16:00:00+00:00,696,696,696,696,1
2026-08-19T16:15:00+00:00,697,698,696.5,698,4
2026-08-19T16:30:00+00:00,698,698,698,698,1
2026-08-19T16:45:00+00:00,695.5,695.5,695,695,2
2026-08-19T17:00:00+00:00,695,695,692.5,693,18
2026-08-19T17:15:00+00:00,694,694,694,694,1
2026-08-19T17:30:00+00:00,695,695,694,694,10
2026-08-19T17:45:00+00:00,693,693,693,693,5
2026-08-19T18:15:00+00:00,696.5,696.5,696.5,696.5,1
2026-08-20T00:00:00+00:00,697,697,695,695.5,1
2026-08-20T00:30:00+00:00,694.5,694.5,694.5,694.5,1
2026-08-20T01:00:00+00:00,694.5,694.5,694,694,3
2026-08-20T01:15:00+00:00,695.5,695.5,695,695,4
2026-08-20T02:45:00+00:00,698,698,698,698,1
2026-08-20T03:45:00+00:00,699.5,700,698.5,698.5,4
2026-08-20T04:30:00+00:00,700.5,700.5,700.5,700.5,4
2026-08-20T05:45:00+00:00,697,697,697,697,1
2026-08-20T06:30:00+00:00,697,697,697,697,2
2026-08-20T06:45:00+00:00,696,696,696,696,2
2026-08-20T07:00:00+00:00,699,699,699,699,6
2026-08-20T07:15:00+00:00,698,698,697.5,697.5,5
2026-08-20T07:30:00+00:00,700,700,700,700,1
2026-08-20T07:45:00+00:00,700.5,701,700.5,701,3
2026-08-20T08:00:00+00:00,701.5,701.5,701.5,701.5,1
2026-08-20T08:15:00+00:00,704,705.5,702.5,705.5,18
2026-08-20T08:30:00+00:00,705.5,705.5,702,702.5,8
2026-08-20T08:45:00+00:00,702,703,702,702,6
2026-08-20T09:00:00+00:00,700.5,701,700.5,701,3
2026-08-20T09:15:00+00:00,700,700,700,700,1
2026-08-20T09:30:00+00:00,699.5,699.5,699.5,699.5,2
2026-08-20T09:45:00+00:00,701,701,701,701,3
2026-08-20T10:00:00+00:00,703.5,703.5,703.5,703.5,4
2026-08-20T10:15:00+00:00,703.5,703.5,703.5,703.5,2
2026-08-20T10:30:00+00:00,703,703.5,703,703,5
2026-08-20T11:00:00+00:00,703.5,703.5,702,702,3
2026-08-20T11:15:00+00:00,701.5,701.5,701.5,701.5,1
2026-08-20T11:45:00+00:00,703,703,703,703,1
2026-08-20T12:00:00+00:00,705,705,705,705,2
2026-08-20T12:30:00+00:00,704.5,704.5,703,703,13
2026-08-20T13:30:00+00:00,704,706.5,702,706.5,38
2026-08-20T13:45:00+00:00,705,707,705,707,7
2026-08-20T14:00:00+00:00,705.5,705.5,703,705,9
2026-08-20T14:15:00+00:00,704.5,704.5,703,703,5
2026-08-20T14:30:00+00:00,702,702,702,702,20
2026-08-20T14:45:00+00:00,702,702,702,702,6
2026-08-20T15:00:00+00:00,702.5,706,702.5,706,18
2026-08-20T15:15:00+00:00,707.5,708,706.5,706.5,6
2026-08-20T15:30:00+00:00,708,708,704.5,704.5,4
2026-08-20T15:45:00+00:00,704,704,701.5,701.5,5
2026-08-20T16:00:00+00:00,702,703.5,702,703,4
2026-08-20T16:15:00+00:00,702,702,699.5,700.5,10
2026-08-20T16:30:00+00:00,698.5,698.5,698.5,698.5,3
2026-08-20T16:45:00+00:00,698,698,697,697.5,9
2026-08-20T17:00:00+00:00,697,697,695.5,696.5,6
2026-08-20T17:15:00+00:00,698.5,698.5,698,698,7
2026-08-20T17:30:00+00:00,696.5,696.5,696,696,4
2026-08-20T17:45:00+00:00,699.5,700,699.5,700,5
2026-08-20T18:00:00+00:00,697.5,699.5,697.5,699.5,4
2026-08-20T18:15:00+00:00,699.5,699.5,698,699,5
2026-08-21T00:00:00+00:00,700.5,700.5,698,699,0
2026-08-21T00:45:00+00:00,699.5,699.5,699.5,699.5,2
2026-08-21T01:15:00+00:00,702,702,702,702,2
2026-08-21T01:45:00+00:00,700.5,700.5,700.5,700.5,1
2026-08-21T02:00:00+00:00,701,701,701,701,1
2026-08-21T02:30:00+00:00,702,702,702,702,1
2026-08-21T03:30:00+00:00,703.5,703.5,703.5,703.5,6
2026-08-21T03:45:00+00:00,704,705,703.5,703.5,7
2026-08-21T04:00:00+00:00,702.5,702.5,702.5,702.5,1
2026-08-21T05:15:00+00:00,703,703,703,703,1
2026-08-21T05:30:00+00:00,704,704,704,704,1
2026-08-21T06:00:00+00:00,702,702.5,702,702,21
2026-08-21T06:15:00+00:00,701.5,702,701,702,3
2026-08-21T07:45:00+00:00,702.5,702.5,702,702,2
2026-08-21T08:00:00+00:00,700.5,700.5,699.5,699.5,6
2026-08-21T08:15:00+00:00,701,701,701,701,6
2026-08-21T08:45:00+00:00,702.5,702.5,700,700,5
2026-08-21T09:00:00+00:00,700,700,699,699,4
2026-08-21T09:15:00+00:00,700.5,701.5,700.5,701.5,23
2026-08-21T09:30:00+00:00,699.5,699.5,699.5,699.5,2
2026-08-21T09:45:00+00:00,699.5,699.5,699.5,699.5,1
2026-08-21T10:00:00+00:00,699.5,699.5,699.5,699.5,1
2026-08-21T10:15:00+00:00,698,699,698,699,3
2026-08-21T11:00:00+00:00,698.5,698.5,698.5,698.5,1
2026-08-21T11:15:00+00:00,695,695,694.5,694.5,8
2026-08-21T11:30:00+00:00,695.5,695.5,692.5,692.5,5
2026-08-21T11:45:00+00:00,693.5,693.5,693,693.5,17
2026-08-21T12:00:00+00:00,696.5,696.5,696.5,696.5,2
2026-08-21T12:30:00+00:00,696.5,696.5,696.5,696.5,1
2026-08-21T13:30:00+00:00,698,698,695,697,22
2026-08-21T13:45:00+00:00,700,700.5,700,700.5,2
2026-08-21T14:00:00+00:00,698.5,700.5,698.5,700.5,10
2026-08-21T14:15:00+00:00,700,702,700,702,3
2026-08-21T14:45:00+00:00,698.5,698.5,698.5,698.5,3
2026-08-21T15:00:00+00:00,699,700,699,699,7
2026-08-21T15:30:00+00:00,697.5,697.5,695,695,6
2026-08-21T15:45:00+00:00,696,696,696,696,2
2026-08-21T16:00:00+00:00,697.5,698.5,697.5,697.5,10
2026-08-21T16:30:00+00:00,698.5,698.5,697,697,3
2026-08-21T17:00:00+00:00,697,697.5,697,697.5,2
2026-08-21T17:15:00+00:00,696.5,697.5,696.5,697,9
2026-08-21T17:30:00+00:00,698,700,698,700,3
2026-08-21T17:45:00+00:00,699.5,699.5,698.5,698.5,5
2026-08-21T18:00:00+00:00,698,699.5,698,699.5,2
2026-08-21T18:15:00+00:00,700,700.5,699,699.5,4
2026-08-24T00:00:00+00:00,704,707,704,707,6
2026-08-24T00:15:00+00:00,709,709.5,708,708,10
2026-08-24T00:30:00+00:00,707,707,706,706,4
2026-08-24T00:45:00+00:00,709,709,709,709,1
2026-08-24T01:00:00+00:00,710,712,710,711.5,36
2026-08-24T01:15:00+00:00,710,711,710,711,13
2026-08-24T01:30:00+00:00,711,711.5,711,711.5,13
2026-08-24T01:45:00+00:00,711.5,712.5,711.5,712.5,17
2026-08-24T02:00:00+00:00,712,712.5,711,712.5,16
2026-08-24T02:15:00+00:00,712,712.5,712,712,5
2026-08-24T02:30:00+00:00,712.5,712.5,712.5,712.5,2
2026-08-24T02:45:00+00:00,711.5,713,711.5,713,13
2026-08-24T03:00:00+00:00,713,713,712,712,6
2026-08-24T03:15:00+00:00,712,712.5,712,712,5
2026-08-24T03:30:00+00:00,712,712.5,711.5,712.5,13
2026-08-24T04:30:00+00:00,710,710,709,709,22
2026-08-24T04:45:00+00:00,709,709,708.5,708.5,3
2026-08-24T05:00:00+00:00,709.5,709.5,709.5,709.5,1
2026-08-24T05:30:00+00:00,710,710,710,710,1
2026-08-24T06:00:00+00:00,707,707,707,707,3
2026-08-24T06:15:00+00:00,706,708,706,708,8
2026-08-24T06:30:00+00:00,708.5,709.5,708.5,709,5
2026-08-24T06:45:00+00:00,710,710,708,708,6
2026-08-24T07:00:00+00:00,708,708,708,708,1
2026-08-24T07:30:00+00:00,708,710,708,710,4
2026-08-24T07:45:00+00:00,710,710,709.5,709.5,7
2026-08-24T08:00:00+00:00,711,711.5,711,711.5,7
2026-08-24T08:30:00+00:00,708.5,708.5,708.5,708.5,1
2026-08-24T08:45:00+00:00,707,707,707,707,1
2026-08-24T09:00:00+00:00,706.5,707,706.5,707,5
2026-08-24T09:45:00+00:00,708.5,708.5,708.5,708.5,3
2026-08-24T10:00:00+00:00,710,710.5,710,710.5,10
2026-08-24T10:15:00+00:00,711.5,711.5,711.5,711.5,4
2026-08-24T10:30:00+00:00,711.5,712,711.5,712,13
2026-08-24T10:45:00+00:00,712.5,714.5,712.5,714.5,30
2026-08-24T11:00:00+00:00,712,712.5,711.5,712.5,7
2026-08-24T11:15:00+00:00,713,713,712.5,712.5,2
2026-08-24T11:30:00+00:00,712,712.5,711.5,711.5,10
2026-08-24T11:45:00+00:00,712.5,712.5,712.5,712.5,4
2026-08-24T12:00:00+00:00,711.5,712.5,711,712.5,17
2026-08-24T12:15:00+00:00,712,712,710.5,710.5,14
2026-08-24T12:30:00+00:00,710,710,708.5,709,21
2026-08-24T13:30:00+00:00,708.5,709,704,706,73
2026-08-24T13:45:00+00:00,705,708,704,708,11
2026-08-24T14:00:00+00:00,707,707,697,701.5,164
2026-08-24T14:15:00+00:00,700.5,701.5,699,699,6
2026-08-24T14:30:00+00:00,700.5,702,700.5,701,6
2026-08-24T14:45:00+00:00,699.5,699.5,697.5,698.5,12
2026-08-24T15:15:00+00:00,704,704.5,704,704.5,2
2026-08-24T15:45:00+00:00,701.5,702,701.5,702,6
2026-08-24T16:00:00+00:00,703.5,705,703.5,705,9
2026-08-24T16:15:00+00:00,706,707,706,706.5,13
2026-08-24T16:30:00+00:00,707.5,708,706,706,4
2026-08-24T16:45:00+00:00,704.5,704.5,704,704,5
2026-08-24T17:00:00+00:00,704,704,703.5,703.5,4
2026-08-24T17:15:00+00:00,702,702,701.5,701.5,2
2026-08-24T17:30:00+00:00,702.5,702.5,702,702,3
2026-08-24T17:45:00+00:00,701,701,698.5,698.5,10
2026-08-24T18:15:00+00:00,699,700,699,700,8
2026-08-25T00:00:00+00:00,702.5,702.5,702.5,702.5,1
2026-08-25T00:45:00+00:00,699,699,698.5,698.5,9
2026-08-25T01:45:00+00:00,700,700,700,700,1
2026-08-25T02:00:00+00:00,700,700,700,700,1
2026-08-25T03:15:00+00:00,701.5,701.5,701.5,701.5,3
2026-08-25T03:45:00+00:00,701.5,701.5,701.5,701.5,2
2026-08-25T04:15:00+00:00,702.5,702.5,702.5,702.5,2
2026-08-25T05:00:00+00:00,704,704,703,703,6
2026-08-25T06:30:00+00:00,703,703,703,703,1
2026-08-25T06:45:00+00:00,704,704,703,703,11
2026-08-25T07:00:00+00:00,705,705,705,705,9
2026-08-25T07:15:00+00:00,705,705,704,704,9
2026-08-25T07:30:00+00:00,704,704,701,701,4
2026-08-25T07:45:00+00:00,701,701,700,700,7
2026-08-25T08:00:00+00:00,698.5,699,697.5,697.5,7
2026-08-25T08:15:00+00:00,696.5,697,696,697,9
2026-08-25T08:45:00+00:00,697,697,695.5,695.5,5
2026-08-25T09:00:00+00:00,695,695,695,695,8
2026-08-25T09:15:00+00:00,696,696,693,693.5,30
2026-08-25T09:30:00+00:00,694.5,694.5,694.5,694.5,5
2026-08-25T09:45:00+00:00,693.5,693.5,693.5,693.5,1
2026-08-25T10:15:00+00:00,692,692,691.5,691.5,14
2026-08-25T10:30:00+00:00,690,690.5,689.5,690.5,18
2026-08-25T10:45:00+00:00,690.5,690.5,689,689,10
2026-08-25T11:15:00+00:00,699.5,699.5,686,687,45
2026-08-25T11:30:00+00:00,686.5,686.5,685,686.5,13
2026-08-25T11:45:00+00:00,688,688,688,688,2
2026-08-25T12:00:00+00:00,690,691.5,690,691.5,12
2026-08-25T12:15:00+00:00,690.5,690.5,690,690,3
2026-08-25T12:30:00+00:00,690,690,690,690,4
2026-08-25T13:30:00+00:00,691,695.5,691,695.5,12
2026-08-25T13:45:00+00:00,695,701.5,695,701.5,18
2026-08-25T14:00:00+00:00,702.5,703,695,695,29
2026-08-25T14:15:00+00:00,699,699,699,699,3
2026-08-25T14:30:00+00:00,698,700.5,697,700,27
2026-08-25T15:15:00+00:00,699.5,701,699.5,700.5,13
2026-08-25T15:30:00+00:00,699.5,702,699.5,702,5
2026-08-25T15:45:00+00:00,703,703,703,703,5
2026-08-25T16:00:00+00:00,701,701.5,701,701.5,3
2026-08-25T16:15:00+00:00,701,703,701,703,5
2026-08-25T16:30:00+00:00,703,704,702,704,5
2026-08-25T17:00:00+00:00,702,702,701,701,2
2026-08-25T17:45:00+00:00,702,702,702,702,2
2026-08-25T18:00:00+00:00,703.5,704,702,702.5,46
2026-08-25T18:15:00+00:00,703.5,703.5,703.5,703.5,2
2026-08-26T00:00:00+00:00,704,705,703.5,703.5,3
2026-08-26T00:15:00+00:00,703,703.5,703,703.5,6
2026-08-26T00:45:00+00:00,703.5,703.5,703.5,703.5,1
2026-08-26T01:15:00+00:00,707.5,708,707,707,22
2026-08-26T01:30:00+00:00,709.5,712,709.5,712,24
2026-08-26T01:45:00+00:00,712.5,715,712.5,715,85
2026-08-26T02:00:00+00:00,713,713.5,712.5,713.5,12
2026-08-26T02:15:00+00:00,712.5,712.5,712.5,712.5,1
2026-08-26T02:30:00+00:00,712.5,712.5,712.5,712.5,3
2026-08-26T02:45:00+00:00,713.5,713.5,713.5,713.5,1
2026-08-26T03:15:00+00:00,712,712,712,712,2
2026-08-26T03:45:00+00:00,711.5,711.5,711,711,8
2026-08-26T04:00:00+00:00,712,712,712,712,1
2026-08-26T04:30:00+00:00,711.5,711.5,711.5,711.5,4
2026-08-26T05:00:00+00:00,712,712,712,712,2
2026-08-26T05:15:00+00:00,711.5,711.5,711.5,711.5,1
2026-08-26T05:30:00+00:00,713,713.5,713,713.5,4
2026-08-26T05:45:00+00:00,713.5,713.5,713.5,713.5,1
2026-08-26T06:00:00+00:00,712,712,712,712,3
2026-08-26T06:30:00+00:00,711.5,711.5,710,710,11
2026-08-26T06:45:00+00:00,710,710,710,710,1
2026-08-26T07:00:00+00:00,711.5,711.5,711.5,711.5,8
2026-08-26T07:45:00+00:00,711,712,711,712,6
2026-08-26T08:00:00+00:00,713,714,713,714,5
2026-08-26T08:15:00+00:00,714.5,715,714.5,715,18
2026-08-26T08:30:00+00:00,713,713.5,713,713.5,8
2026-08-26T08:45:00+00:00,715.5,716.5,713.5,713.5,36
2026-08-26T09:00:00+00:00,715,716,714,716,4
2026-08-26T09:15:00+00:00,716.5,717.5,716.5,717.5,7
2026-08-26T09:30:00+00:00,717,717,715.5,715.5,3
2026-08-26T09:45:00+00:00,717.5,717.5,717.5,717.5,2
2026-08-26T10:00:00+00:00,717,717,715.5,715.5,3
2026-08-26T10:15:00+00:00,715,715,714.5,714.5,5
2026-08-26T10:45:00+00:00,714.5,714.5,714.5,714.5,1
2026-08-26T11:00:00+00:00,714,714,714,714,1
2026-08-26T11:30:00+00:00,713,717,713,717,7
2026-08-26T11:45:00+00:00,718,719,718,719,45
2026-08-26T12:00:00+00:00,717,717.5,716,717.5,10
2026-08-26T12:15:00+00:00,718,718,716.5,717,15
2026-08-26T12:30:00+00:00,715.5,715.5,715,715,2
2026-08-26T13:30:00+00:00,717.5,720,714.5,718,75
2026-08-26T13:45:00+00:00,718.5,721.5,715.5,721.5,99
2026-08-26T14:00:00+00:00,721,721.5,713,713,38
2026-08-26T14:15:00+00:00,713.5,715,711,711,56
2026-08-26T14:30:00+00:00,710.5,713.5,710.5,713,22
2026-08-26T14:45:00+00:00,713.5,714,713.5,713.5,6
2026-08-26T15:00:00+00:00,714,718,714,718,16
2026-08-26T15:15:00+00:00,716,717.5,716,717.5,7
2026-08-26T15:30:00+00:00,718.5,721,717.5,721,32
2026-08-26T15:45:00+00:00,720.5,734,720,734,171
2026-08-26T16:00:00+00:00,734,736,731.5,736,67
2026-08-26T16:15:00+00:00,735.5,741,735.5,739.5,66
2026-08-26T16:30:00+00:00,739.5,741.5,739.5,741,36
2026-08-26T16:45:00+00:00,742,746,742,746,29
2026-08-26T17:00:00+00:00,745,748,744,748,48
2026-08-26T17:15:00+00:00,747.5,748,747.5,748,11
2026-08-26T17:30:00+00:00,748,748,747,747,9
2026-08-26T17:45:00+00:00,747.5,748,747,748,30
2026-08-26T18:00:00+00:00,747.5,748,747.5,748,7
2026-08-26T18:15:00+00:00,748,748,747.5,747.5,3
2026-08-27T00:00:00+00:00,747,749.5,741,749.5,11
2026-08-27T00:15:00+00:00,749.5,756,749.5,756,58
2026-08-27T00:30:00+00:00,759,765,759,765,25
2026-08-27T00:45:00+00:00,765.5,766.5,764,764.5,10
2026-08-27T01:00:00+00:00,766.5,766.5,762,763,15
2026-08-27T01:15:00+00:00,761.5,762,760.5,761,32
2026-08-27T01:30:00+00:00,762.5,763,760.5,761.5,8
2026-08-27T01:45:00+00:00,763,763,759.5,759.5,13
2026-08-27T02:00:00+00:00,762,762,760.5,760.5,8
2026-08-27T02:15:00+00:00,761.5,761.5,761.5,761.5,1
2026-08-27T02:30:00+00:00,759.5,760.5,759.5,760.5,6
2026-08-27T02:45:00+00:00,762.5,762.5,760.5,760.5,8
2026-08-27T03:00:00+00:00,759,759,758.5,758.5,17
2026-08-27T03:15:00+00:00,758,758,756,756,33
2026-08-27T03:30:00+00:00,756.5,758,756.5,758,6
2026-08-27T03:45:00+00:00,758,758,757,757,4
2026-08-27T04:00:00+00:00,757.5,757.5,757.5,757.5,2
2026-08-27T04:15:00+00:00,758.5,758.5,758.5,758.5,1
2026-08-27T04:30:00+00:00,758.5,758.5,756.5,756.5,2
2026-08-27T05:00:00+00:00,755.5,755.5,754,754,13
2026-08-27T05:15:00+00:00,755,755,751,751,8
2026-08-27T05:45:00+00:00,750.5,751,749.5,750,22
2026-08-27T06:00:00+00:00,752,752,752,752,1
2026-08-27T06:15:00+00:00,751,751,751,751,1
2026-08-27T06:30:00+00:00,751.5,753.5,751.5,753.5,7
2026-08-27T06:45:00+00:00,755,755.5,753.5,754,13
2026-08-27T07:00:00+00:00,753.5,753.5,748,752,29
2026-08-27T07:15:00+00:00,750.5,751,746.5,748,38
2026-08-27T07:30:00+00:00,748.5,754,748.5,754,31
2026-08-27T07:45:00+00:00,753.5,756,753.5,756,29
2026-08-27T08:00:00+00:00,754,754.5,753.5,754,16
2026-08-27T08:15:00+00:00,755.5,756,755.5,756,8
2026-08-27T08:30:00+00:00,758,758,752.5,753,21
2026-08-27T08:45:00+00:00,753,754,750,754,19
2026-08-27T09:00:00+00:00,750,750.5,747,749.5,20
2026-08-27T09:15:00+00:00,751.5,752,751.5,752,2
2026-08-27T09:30:00+00:00,751.5,751.5,749.5,749.5,12
2026-08-27T09:45:00+00:00,748.5,748.5,748.5,748.5,3
2026-08-27T10:00:00+00:00,748.5,750,748.5,750,8
2026-08-27T10:15:00+00:00,748,748,746.5,746.5,8
2026-08-27T10:30:00+00:00,746.5,748,746.5,748,2
2026-08-27T10:45:00+00:00,749,750.5,749,750.5,11
2026-08-27T11:00:00+00:00,751,753,751,753,12
2026-08-27T11:15:00+00:00,754,755.5,754,755.5,12
2026-08-27T11:30:00+00:00,755,755,754.5,754.5,7
2026-08-27T11:45:00+00:00,754.5,754.5,750,750,7
2026-08-27T12:00:00+00:00,749,756,749,756,17
2026-08-27T12:15:00+00:00,753.5,753.5,752,752,8
2026-08-27T12:30:00+00:00,751,752,751,752,2
2026-08-27T13:30:00+00:00,752.5,754,745,745,42
2026-08-27T13:45:00+00:00,743.5,753,743,753,29
2026-08-27T14:00:00+00:00,751,752,749,752,13
2026-08-27T14:15:00+00:00,751.5,752.5,748,751.5,11
2026-08-27T14:30:00+00:00,751,756,751,756,28
2026-08-27T14:45:00+00:00,756,758.5,756,756.5,16
2026-08-27T15:00:00+00:00,754,760,754,760,36
2026-08-27T15:15:00+00:00,760,762.5,760,762.5,32
2026-08-27T15:30:00+00:00,762,762.5,759,760,14
2026-08-27T15:45:00+00:00,761,761.5,760.5,761.5,8
2026-08-27T16:00:00+00:00,762,762,758.5,759,12
2026-08-27T16:15:00+00:00,758.5,760.5,757.5,757.5,6
2026-08-27T16:30:00+00:00,756.5,756.5,754.5,755,25
2026-08-27T16:45:00+00:00,756.5,756.5,755.5,755.5,2
2026-08-27T17:00:00+00:00,758,759.5,757.5,759.5,5
2026-08-27T17:15:00+00:00,759,764,759,764,28
2026-08-27T17:30:00+00:00,762,762,761.5,761.5,10
2026-08-27T17:45:00+00:00,762,763,761.5,763,9
2026-08-27T18:00:00+00:00,762.5,762.5,761,761,9
2026-08-27T18:15:00+00:00,760,760,758,758,19
2026-08-28T00:00:00+00:00,757.5,762.5,755.5,762,19
2026-08-28T00:15:00+00:00,762,763,762,762.5,5
2026-08-28T00:30:00+00:00,762,762,762,762,2
2026-08-28T00:45:00+00:00,762.5,762.5,762.5,762.5,12
2026-08-28T01:00:00+00:00,761,761,759.5,759.5,7
2026-08-28T01:15:00+00:00,759.5,759.5,759.5,759.5,1
2026-08-28T01:30:00+00:00,760.5,760.5,760.5,760.5,5
2026-08-28T01:45:00+00:00,759.5,760,759.5,760,6
2026-08-28T02:00:00+00:00,761,763,761,762.5,9
2026-08-28T02:15:00+00:00,764,764.5,764,764.5,10
2026-08-28T02:30:00+00:00,765,765,764.5,764.5,5
2026-08-28T02:45:00+00:00,764.5,767,764.5,765.5,23
2026-08-28T03:00:00+00:00,764,764,762.5,763,7
2026-08-28T03:15:00+00:00,763.5,763.5,763.5,763.5,16
2026-08-28T03:30:00+00:00,763.5,764,763,763.5,5
2026-08-28T03:45:00+00:00,763.5,763.5,763.5,763.5,4
2026-08-28T04:00:00+00:00,761.5,761.5,761.5,761.5,1
2026-08-28T04:15:00+00:00,761,761,761,761,6
2026-08-28T04:30:00+00:00,761,761,761,761,1
2026-08-28T05:30:00+00:00,761,762,761,762,6
2026-08-28T05:45:00+00:00,762.5,764,762.5,764,8
2026-08-28T06:00:00+00:00,764,769,764,769,34
2026-08-28T06:15:00+00:00,769.5,769.5,765.5,765.5,15
2026-08-28T06:30:00+00:00,764.5,764.5,763,763,14
2026-08-28T06:45:00+00:00,762,763.5,762,763.5,11
2026-08-28T07:00:00+00:00,760,760,759,760,25
2026-08-28T07:15:00+00:00,761,761.5,761,761.5,14
2026-08-28T07:30:00+00:00,762,763.5,762,763.5,9
2026-08-28T07:45:00+00:00,763.5,765,763,765,4
2026-08-28T08:00:00+00:00,765.5,765.5,765.5,765.5,1
2026-08-28T08:15:00+00:00,766,766,765,765,7
2026-08-28T08:45:00+00:00,760.5,760.5,760,760.5,17
2026-08-28T09:00:00+00:00,761,761,760.5,761,8
2026-08-28T09:30:00+00:00,763,765.5,762.5,765.5,17
2026-08-28T10:00:00+00:00,766.5,767,766.5,767,7
2026-08-28T10:15:00+00:00,764.5,764.5,764.5,764.5,2
2026-08-28T10:30:00+00:00,764.5,766,764.5,766,8
2026-08-28T10:45:00+00:00,766,766,766,766,3
2026-08-28T11:00:00+00:00,767,767.5,766,767.5,5
2026-08-28T11:15:00+00:00,769,770,769,770,13
2026-08-28T11:30:00+00:00,770.5,772,770.5,772,32
2026-08-28T11:45:00+00:00,768,768.5,767,767,4
2026-08-28T12:00:00+00:00,768.5,771,768.5,770,9
2026-08-28T12:15:00+00:00,768,772.5,768,772.5,10
2026-08-28T12:30:00+00:00,772,772.5,772,772,3
2026-08-28T13:30:00+00:00,773.5,775,768,772,49
2026-08-28T13:45:00+00:00,774,777,773.5,774,48
2026-08-28T14:00:00+00:00,774,778,774,778,17
2026-08-28T14:15:00+00:00,774,778.5,772.5,775,18
2026-08-28T14:30:00+00:00,776,778.5,772.5,778,33
2026-08-28T14:45:00+00:00,779,785,779,785,75
2026-08-28T15:00:00+00:00,785.5,787.5,782,787.5,27
2026-08-28T15:15:00+00:00,787.5,788,787.5,787.5,6
2026-08-28T15:30:00+00:00,787.5,789.5,787.5,789.5,32
2026-08-28T15:45:00+00:00,788.5,790,787.5,787.5,17
2026-08-28T16:00:00+00:00,787.5,790,785.5,790,19
2026-08-28T16:15:00+00:00,788.5,790.5,784.5,784.5,54
2026-08-28T16:30:00+00:00,784,785,782,783,19
2026-08-28T16:45:00+00:00,783,784,782,784,19
2026-08-28T17:00:00+00:00,782.5,784,780,780,25
2026-08-28T17:15:00+00:00,779,780,778,778,32
2026-08-28T17:30:00+00:00,778,778,776,777,5
2026-08-28T17:45:00+00:00,781,781,779.5,780,13
2026-08-28T18:00:00+00:00,781.5,785.5,778.5,785.5,17
2026-08-28T18:15:00+00:00,783,784.5,783,784,3
2026-08-31T00:00:00+00:00,784.5,784.5,774,774.5,46
2026-08-31T00:15:00+00:00,774,774,771.5,772,27
2026-08-31T00:30:00+00:00,771,771,770.5,771,14
2026-08-31T00:45:00+00:00,773,773,773,773,2
2026-08-31T01:00:00+00:00,774.5,776.5,773.5,773.5,6
2026-08-31T01:30:00+00:00,774.5,777,774.5,777,6
2026-08-31T01:45:00+00:00,778.5,780.5,778.5,780.5,24
2026-08-31T02:00:00+00:00,778.5,778.5,778,778,3
2026-08-31T02:15:00+00:00,777,777.5,777,777,7
2026-08-31T02:30:00+00:00,777.5,777.5,777.5,777.5,1
2026-08-31T02:45:00+00:00,778.5,778.5,777,777,6
2026-08-31T03:00:00+00:00,778,778,778,778,1
2026-08-31T03:15:00+00:00,777,777,777,777,3
2026-08-31T03:30:00+00:00,776,776,775.5,775.5,7
2026-08-31T04:15:00+00:00,775,777,775,777,3
2026-08-31T05:00:00+00:00,775,775,775,775,1
2026-08-31T05:30:00+00:00,776,776,775.5,775.5,3
2026-08-31T05:45:00+00:00,777,777,777,777,1
2026-08-31T06:15:00+00:00,778,778,778,778,4
2026-08-31T06:45:00+00:00,777,777,775,775,6
2026-08-31T07:00:00+00:00,776,776,776,776,1
2026-08-31T07:30:00+00:00,780,780,780,780,1
2026-08-31T07:45:00+00:00,777,777,776.5,776.5,2
2026-08-31T08:00:00+00:00,776.5,779,776.5,779,6
2026-08-31T08:15:00+00:00,777.5,777.5,777.5,777.5,2
2026-08-31T08:30:00+00:00,780,780.5,780,780.5,2
2026-08-31T08:45:00+00:00,781.5,782,781.5,782,10
2026-08-31T09:00:00+00:00,780.5,780.5,776,776,18
2026-08-31T09:15:00+00:00,775,775,775,775,1
2026-08-31T10:15:00+00:00,775,775,773.5,773.5,3
2026-08-31T10:30:00+00:00,772.5,772.5,772.5,772.5,6
2026-08-31T10:45:00+00:00,772,772,772,772,2
2026-08-31T11:00:00+00:00,772.5,772.5,772.5,772.5,3
2026-08-31T11:30:00+00:00,773.5,773.5,773,773,3
2026-08-31T11:45:00+00:00,771.5,771.5,771.5,771.5,3
2026-08-31T12:00:00+00:00,771,773,770.5,773,12
2026-08-31T12:15:00+00:00,772.5,772.5,757,766,170
2026-08-31T12:30:00+00:00,766.5,766.5,763,763,21
2026-08-31T13:30:00+00:00,761.5,765.5,760,764,28
2026-08-31T13:45:00+00:00,765.5,769,765.5,769,14
2026-08-31T14:00:00+00:00,768,768,767,767,4
2026-08-31T14:15:00+00:00,769.5,770,766.5,768,14
2026-08-31T14:45:00+00:00,765,765,762.5,763.5,7
2026-08-31T15:00:00+00:00,762,766,762,764.5,10
2026-08-31T15:15:00+00:00,763,765,763,764.5,11
2026-08-31T15:30:00+00:00,766.5,767,763.5,763.5,23
2026-08-31T15:45:00+00:00,763,763,760,760,16
2026-08-31T16:00:00+00:00,758,759.5,756.5,758,21
2026-08-31T16:15:00+00:00,757.5,760,757.5,760,4
2026-08-31T16:30:00+00:00,759,759,758,758.5,14
2026-08-31T16:45:00+00:00,758.5,759,758.5,759,3
2026-08-31T17:00:00+00:00,761,762.5,760.5,762.5,8
2026-08-31T17:15:00+00:00,764,765,764,765,4
2026-08-31T17:30:00+00:00,766.5,770.5,766.5,770.5,14
2026-08-31T17:45:00+00:00,771,772,771,771.5,12
2026-08-31T18:00:00+00:00,770.5,774.5,770.5,774.5,13
2026-08-31T18:15:00+00:00,774.5,776,774,776,17
2026-09-01T00:00:00+00:00,776,780,770,776.5,12
2026-09-01T00:15:00+00:00,775,775,773,773,2
2026-09-01T00:30:00+00:00,772.5,772.5,772.5,772.5,5
2026-09-01T00:45:00+00:00,771.5,771.5,771.5,771.5,2
2026-09-01T01:00:00+00:00,771.5,772,771.5,771.5,10
2026-09-01T01:15:00+00:00,770,770,770,770,1
2026-09-01T01:30:00+00:00,769,769,767.5,768,4
2026-09-01T02:00:00+00:00,769,770,769,769.5,3
2026-09-01T02:15:00+00:00,769.5,769.5,769.5,769.5,1
2026-09-01T02:30:00+00:00,769,769,769,769,3
2026-09-01T03:00:00+00:00,771,771,771,771,6
2026-09-01T03:15:00+00:00,771,771,771,771,1
2026-09-01T03:45:00+00:00,771.5,771.5,771.5,771.5,1
2026-09-01T04:00:00+00:00,770.5,770.5,770.5,770.5,1
2026-09-01T04:15:00+00:00,771,771,771,771,13
2026-09-01T04:30:00+00:00,771,771,771,771,1
2026-09-01T04:45:00+00:00,772,775,772,775,11
2026-09-01T05:00:00+00:00,777,777,776.5,776.5,2
2026-09-01T05:15:00+00:00,774.5,774.5,774.5,774.5,3
2026-09-01T05:30:00+00:00,776.5,776.5,776.5,776.5,2
2026-09-01T05:45:00+00:00,775.5,776.5,775,775.5,5
2026-09-01T06:00:00+00:00,774,774,773.5,773.5,2
2026-09-01T06:15:00+00:00,774,774,773,773,5
2026-09-01T06:30:00+00:00,773.5,773.5,773.5,773.5,1
2026-09-01T06:45:00+00:00,775,780,775,780,20
2026-09-01T07:00:00+00:00,781,782,779.5,779.5,22
2026-09-01T07:15:00+00:00,780,782,780,782,7
2026-09-01T07:30:00+00:00,782,783,780.5,783,12
2026-09-01T07:45:00+00:00,784,787,784,786.5,26
2026-09-01T08:00:00+00:00,786,789.5,786,789.5,78
2026-09-01T08:15:00+00:00,789.5,792,789,790.5,53
2026-09-01T08:30:00+00:00,791,791.5,789,789,17
2026-09-01T08:45:00+00:00,788,788,786,788,12
2026-09-01T09:00:00+00:00,787,787.5,784.5,784.5,9
2026-09-01T09:15:00+00:00,785,785,785,785,3
2026-09-01T09:30:00+00:00,788,788,782.5,783,15
2026-09-01T09:45:00+00:00,784,784.5,784,784.5,6
2026-09-01T10:15:00+00:00,782,782,781.5,782,12
2026-09-01T10:30:00+00:00,783.5,783.5,781,781,8
2026-09-01T10:45:00+00:00,780.5,780.5,779,779,12
2026-09-01T11:00:00+00:00,782,782,782,782,1
2026-09-01T11:15:00+00:00,782,782.5,782,782.5,10
2026-09-01T11:30:00+00:00,778,778,775,775,14
2026-09-01T12:00:00+00:00,777,777,775,775,6
2026-09-01T12:30:00+00:00,780,780,778.5,778.5,6
2026-09-01T13:30:00+00:00,778.5,785.5,777,785.5,17
2026-09-01T13:45:00+00:00,784,785,781,785,17
2026-09-01T14:00:00+00:00,787,788,787,787.5,8
2026-09-01T14:15:00+00:00,789,789,787,787,2
2026-09-01T14:30:00+00:00,783,783.5,783,783.5,4
2026-09-01T14:45:00+00:00,784,784.5,784,784,4
2026-09-01T15:00:00+00:00,784,784.5,780,780,3
2026-09-01T15:15:00+00:00,785,788,785,785,13
2026-09-01T15:30:00+00:00,785.5,785.5,783,783,5
2026-09-01T15:45:00+00:00,780,781,779,779,14
2026-09-01T16:00:00+00:00,781.5,785,781.5,785,8
2026-09-01T16:15:00+00:00,785,787,785,787,16
2026-09-01T16:30:00+00:00,785,785,782,782,8
2026-09-01T16:45:00+00:00,786.5,786.5,786.5,786.5,1
2026-09-01T17:00:00+00:00,785,786,778,782.5,22
2026-09-01T17:15:00+00:00,785,785,785,785,6
2026-09-01T17:30:00+00:00,783.5,783.5,783.5,783.5,1
2026-09-01T17:45:00+00:00,782.5,783.5,782.5,783,8
2026-09-01T18:00:00+00:00,784.5,784.5,784,784,2
2026-09-01T18:15:00+00:00,782.5,782.5,782.5,782.5,3
2026-09-02T00:00:00+00:00,784,792,782,782,15
2026-09-02T00:15:00+00:00,783,783.5,781,781.5,19
2026-09-02T00:30:00+00:00,783,783,783,783,1
2026-09-02T00:45:00+00:00,782.5,782.5,782.5,782.5,1
2026-09-02T01:00:00+00:00,780,781,780,781,2
2026-09-02T01:15:00+00:00,780,780,780,780,1
2026-09-02T01:45:00+00:00,776,776,768.5,774,52
2026-09-02T02:00:00+00:00,775.5,776.5,775.5,776.5,4
2026-09-02T02:15:00+00:00,775,776,773.5,773.5,17
2026-09-02T02:30:00+00:00,772.5,772.5,768,768,43
2026-09-02T02:45:00+00:00,767.5,769,766.5,768,21
2026-09-02T03:00:00+00:00,769,769,769,769,1
2026-09-02T03:15:00+00:00,769,769,769,769,1
2026-09-02T03:45:00+00:00,768.5,769,768.5,769,2
2026-09-02T04:00:00+00:00,767.5,767.5,767,767.5,9
2026-09-02T04:15:00+00:00,767.5,768,767.5,768,4
2026-09-02T04:30:00+00:00,768.5,769.5,768.5,769.5,3
2026-09-02T04:45:00+00:00,770.5,770.5,770,770,3
2026-09-02T05:00:00+00:00,769,769,769,769,1
2026-09-02T05:15:00+00:00,769,769,769,769,3
2026-09-02T05:30:00+00:00,767,767,767,767,3
2026-09-02T06:15:00+00:00,768.5,768.5,768.5,768.5,1
2026-09-02T06:30:00+00:00,769,769,769,769,2
2026-09-02T07:00:00+00:00,766,766,765.5,766,6
2026-09-02T07:30:00+00:00,768,768,764,765,22
2026-09-02T07:45:00+00:00,765,765.5,765,765.5,10
2026-09-02T08:00:00+00:00,766.5,766.5,765,766,15
2026-09-02T08:15:00+00:00,766.5,767,765.5,766.5,9
2026-09-02T08:45:00+00:00,766.5,766.5,765,765,3
2026-09-02T09:00:00+00:00,770,770.5,770,770,15
2026-09-02T09:15:00+00:00,767.5,767.5,767,767.5,6
2026-09-02T09:30:00+00:00,766.5,768,766.5,768,5
2026-09-02T09:45:00+00:00,768.5,768.5,768.5,768.5,3
2026-09-02T10:00:00+00:00,772,772,772,772,1
2026-09-02T10:15:00+00:00,772.5,772.5,772.5,772.5,1
2026-09-02T10:30:00+00:00,772.5,772.5,772.5,772.5,5
2026-09-02T10:45:00+00:00,772,772,772,772,5
2026-09-02T11:30:00+00:00,768.5,768.5,768.5,768.5,2
2026-09-02T12:00:00+00:00,772,773,772,773,2
2026-09-02T12:15:00+00:00,772.5,775,772.5,775,2
2026-09-02T12:30:00+00:00,775,775,775,775,3
2026-09-02T13:30:00+00:00,770.5,777,770.5,776.5,14
2026-09-02T13:45:00+00:00,777,780,777,780,4
2026-09-02T14:00:00+00:00,778,780,776.5,780,4
2026-09-02T14:15:00+00:00,782,786,782,786,10
2026-09-02T14:30:00+00:00,785.5,787,785.5,787,2
2026-09-02T14:45:00+00:00,787.5,787.5,784.5,784.5,16
2026-09-02T15:00:00+00:00,788,793.5,788,793,34
2026-09-02T15:15:00+00:00,792.5,795,791.5,793,26
2026-09-02T15:30:00+00:00,789.5,790.5,784.5,784.5,33
2026-09-02T15:45:00+00:00,785,785,784.5,785,7
2026-09-02T16:00:00+00:00,785.5,786,785.5,786,5
2026-09-02T16:15:00+00:00,785.5,785.5,783.5,783.5,6
2026-09-02T16:30:00+00:00,785,785,783,783,7
2026-09-02T16:45:00+00:00,782,785,782,785,2
2026-09-02T17:15:00+00:00,782.5,782.5,780,780,11
2026-09-02T17:30:00+00:00,779,779,775.5,777.5,11
2026-09-02T17:45:00+00:00,776.5,776.5,774.5,776,13
2026-09-02T18:00:00+00:00,777,777,774.5,774.5,5
2026-09-02T18:15:00+00:00,775,775,775,775,3
2026-09-03T00:00:00+00:00,775,775,771,774,2
2026-09-03T00:15:00+00:00,774,775.5,774,774,7
2026-09-03T00:30:00+00:00,774,774,774,774,2
2026-09-03T00:45:00+00:00,772.5,772.5,772.5,772.5,3
2026-09-03T01:00:00+00:00,771,772,770,772,37
2026-09-03T01:30:00+00:00,773,775,773,775,4
2026-09-03T02:15:00+00:00,773,773,773,773,1
2026-09-03T02:45:00+00:00,775.5,775.5,775.5,775.5,1
2026-09-03T03:30:00+00:00,772,772,772,772,1
2026-09-03T03:45:00+00:00,772,772.5,772,772,13
2026-09-03T04:00:00+00:00,771.5,772.5,771.5,772,7
2026-09-03T04:15:00+00:00,772,772,772,772,1
2026-09-03T05:00:00+00:00,773.5,773.5,773.5,773.5,13
2026-09-03T05:15:00+00:00,771,771,769,769.5,25
2026-09-03T05:30:00+00:00,769,770.5,769,770.5,2
2026-09-03T05:45:00+00:00,768.5,768.5,767,767.5,15
2026-09-03T06:15:00+00:00,766.5,768,766,768,11
2026-09-03T06:30:00+00:00,768.5,773,768.5,772,8
2026-09-03T06:45:00+00:00,771,773,771,773,8
2026-09-03T07:00:00+00:00,771,771,769.5,769.5,10
2026-09-03T07:15:00+00:00,770.5,770.5,770.5,770.5,1
2026-09-03T07:30:00+00:00,769.5,769.5,768.5,769.5,4
2026-09-03T07:45:00+00:00,769.5,769.5,769,769,5
2026-09-03T08:00:00+00:00,771,772.5,752,758.5,273
2026-09-03T08:15:00+00:00,758.5,758.5,754,757,27
2026-09-03T08:30:00+00:00,757,757.5,749,750,50
2026-09-03T08:45:00+00:00,749,752,747.5,748.5,62
2026-09-03T09:00:00+00:00,748,753,747,752,39
2026-09-03T09:15:00+00:00,752.5,752.5,749,749,6
2026-09-03T09:30:00+00:00,748,748.5,745.5,747.5,24
2026-09-03T09:45:00+00:00,747,747,740.5,740.5,28
2026-09-03T10:00:00+00:00,742.5,745.5,741,744.5,20
2026-09-03T10:15:00+00:00,744.5,745.5,744,744.5,75
2026-09-03T10:30:00+00:00,744,745,744,745,5
2026-09-03T10:45:00+00:00,745,745,745,745,2
2026-09-03T11:00:00+00:00,744,744.5,744,744.5,3
2026-09-03T11:15:00+00:00,747,747.5,745.5,745.5,12
2026-09-03T11:30:00+00:00,745,748.5,745,747.5,10
2026-09-03T11:45:00+00:00,743.5,743.5,743.5,743.5,1
2026-09-03T12:00:00+00:00,741,741,739.5,739.5,32
2026-09-03T12:15:00+00:00,742,742,742,742,1
2026-09-03T12:30:00+00:00,742,742,740.5,740.5,8
2026-09-03T13:30:00+00:00,743,744,735,737,108
2026-09-03T13:45:00+00:00,736.5,736.5,731,731.5,47
2026-09-03T14:00:00+00:00,731.5,737.5,731,737.5,34
2026-09-03T14:15:00+00:00,737.5,741,737.5,741,16
2026-09-03T14:30:00+00:00,741.5,741.5,738,738,11
2026-09-03T14:45:00+00:00,739.5,739.5,738,738,7
2026-09-03T15:00:00+00:00,741,745,741,744,17
2026-09-03T15:15:00+00:00,746,747,744.5,745.5,8
2026-09-03T15:30:00+00:00,744.5,747.5,744.5,745.5,18
2026-09-03T15:45:00+00:00,746,750.5,746,750.5,8
2026-09-03T16:00:00+00:00,751.5,752.5,750,752,15
2026-09-03T16:15:00+00:00,752,752,749.5,750,9
2026-09-03T16:30:00+00:00,748.5,749.5,748.5,749.5,5
2026-09-03T16:45:00+00:00,749,749,747,747,7
2026-09-03T17:00:00+00:00,747.5,748.5,745,745,9
2026-09-03T17:15:00+00:00,747.5,751.5,747.5,751.5,11
2026-09-03T17:30:00+00:00,750.5,752,749.5,752,8
2026-09-03T17:45:00+00:00,751.5,751.5,750.5,750.5,12
2026-09-03T18:00:00+00:00,753.5,755,753.5,754.5,15
2026-09-03T18:15:00+00:00,753,753.5,751.5,752.5,11
2026-09-04T00:00:00+00:00,755,756.5,749.5,750,3
2026-09-04T00:15:00+00:00,749.5,750,749.5,750,4
2026-09-04T00:45:00+00:00,750,750,750,750,2
2026-09-04T01:00:00+00:00,751,751.5,751,751.5,3
2026-09-04T01:15:00+00:00,752,753.5,752,753.5,3
2026-09-04T01:30:00+00:00,754.5,762,754.5,761,31
2026-09-04T01:45:00+00:00,759,759,756.5,756.5,2
2026-09-04T02:00:00+00:00,755.5,757,754.5,754.5,25
2026-09-04T02:30:00+00:00,755,755,755,755,2
2026-09-04T02:45:00+00:00,756,756,756,756,1
2026-09-04T03:00:00+00:00,756,756,754.5,754.5,6
2026-09-04T03:15:00+00:00,752,752,751.5,751.5,2
2026-09-04T03:30:00+00:00,751.5,752,751.5,752,2
2026-09-04T03:45:00+00:00,751,751,750.5,750.5,5
2026-09-04T04:00:00+00:00,752.5,752.5,752.5,752.5,1
2026-09-04T04:15:00+00:00,750.5,750.5,749,750.5,20
2026-09-04T04:30:00+00:00,749,749,749,749,2
2026-09-04T04:45:00+00:00,749.5,749.5,749.5,749.5,1
2026-09-04T05:15:00+00:00,748.5,748.5,748.5,748.5,1
2026-09-04T05:30:00+00:00,748.5,748.5,748.5,748.5,1
2026-09-04T05:45:00+00:00,749.5,749.5,749.5,749.5,2
2026-09-04T06:00:00+00:00,750.5,752,750.5,750.5,8
2026-09-04T06:30:00+00:00,749.5,750,749,749,3
2026-09-04T06:45:00+00:00,748,748.5,748,748.5,3
2026-09-04T07:00:00+00:00,750,755.5,750,755.5,59
2026-09-04T07:15:00+00:00,752,752,749.5,749.5,8
2026-09-04T07:30:00+00:00,749,749,748.5,748.5,15
2026-09-04T07:45:00+00:00,748.5,748.5,748.5,748.5,3
2026-09-04T08:00:00+00:00,748,750.5,748,750.5,17
2026-09-04T08:15:00+00:00,749,749,748.5,748.5,7
2026-09-04T08:30:00+00:00,748,748,746,746,21
2026-09-04T08:45:00+00:00,747,747,745.5,747,30
2026-09-04T09:00:00+00:00,747,747,745,746.5,4
2026-09-04T09:15:00+00:00,747,747,747,747,1
2026-09-04T09:30:00+00:00,749,749.5,749,749.5,9
2026-09-04T09:45:00+00:00,751,760,751,757,77
2026-09-04T10:00:00+00:00,757.5,763,755,755,41
2026-09-04T10:15:00+00:00,754.5,754.5,753,754,7
2026-09-04T10:30:00+00:00,755,755,755,755,2
2026-09-04T10:45:00+00:00,755,755.5,754,754.5,15
2026-09-04T11:00:00+00:00,754.5,754.5,753,753,9
2026-09-04T11:15:00+00:00,754,754,753,753,6
2026-09-04T11:30:00+00:00,752.5,752.5,752.5,752.5,2
2026-09-04T11:45:00+00:00,755,756,755,756,5
2026-09-04T12:00:00+00:00,753,753,753,753,12
2026-09-04T12:15:00+00:00,754.5,754.5,751.5,751.5,6
2026-09-04T12:30:00+00:00,751,751,747,749,13
2026-09-04T13:30:00+00:00,745.5,747,740.5,746,56
2026-09-04T13:45:00+00:00,741,747.5,741,747.5,7
2026-09-04T14:00:00+00:00,748,748,742,742,10
2026-09-04T14:15:00+00:00,741,741.5,740,741.5,11
2026-09-04T14:30:00+00:00,741.5,744,741.5,744,4
2026-09-04T14:45:00+00:00,742,745.5,742,742.5,7
2026-09-04T15:00:00+00:00,742.5,742.5,742.5,742.5,1
2026-09-04T15:30:00+00:00,740,740,739.5,739.5,2
2026-09-04T15:45:00+00:00,739.5,740,737,737,15
2026-09-04T16:00:00+00:00,737,737.5,735,736.5,16
2026-09-04T16:15:00+00:00,737.5,737.5,737.5,737.5,3
2026-09-04T16:30:00+00:00,737,738.5,737,738.5,2
2026-09-04T16:45:00+00:00,736.5,738,736.5,738,4
2026-09-04T17:00:00+00:00,738,738,737.5,737.5,13
2026-09-04T17:15:00+00:00,736.5,737.5,736.5,737.5,17
2026-09-04T17:30:00+00:00,737.5,737.5,737.5,737.5,2
2026-09-04T17:45:00+00:00,736.5,736.5,735,736,12
2026-09-04T18:15:00+00:00,733.5,734.5,733,734,7
2026-09-08T04:00:00+00:00,760,760,760,760,3
2026-09-08T04:15:00+00:00,761,761,760.5,761,3
2026-09-08T04:30:00+00:00,760.5,760.5,758,758,4
2026-09-08T04:45:00+00:00,758.5,758.5,758.5,758.5,1
2026-09-08T05:00:00+00:00,760,760.5,759.5,759.5,3
2026-09-08T05:30:00+00:00,760.5,760.5,760.5,760.5,14
2026-09-08T06:00:00+00:00,762,763,762,763,12
2026-09-08T06:15:00+00:00,761,761,761,761,1
2026-09-08T06:30:00+00:00,758.5,760,756,756,15
2026-09-08T06:45:00+00:00,758.5,759,758,759,5
2026-09-08T07:00:00+00:00,756.5,758,755.5,758,8
2026-09-08T07:15:00+00:00,758.5,758.5,757,757,20
2026-09-08T07:30:00+00:00,757.5,758.5,757.5,758.5,7
2026-09-08T07:45:00+00:00,759,760,759,759.5,9
2026-09-08T08:00:00+00:00,760.5,761,758,761,32
2026-09-08T08:30:00+00:00,760.5,760.5,757.5,757.5,12
2026-09-08T08:45:00+00:00,758,758,748,754,101
2026-09-08T09:00:00+00:00,753.5,754,748.5,751,24
2026-09-08T09:15:00+00:00,750,750,750,750,2
2026-09-08T09:30:00+00:00,751,753,749,750,13
2026-09-08T09:45:00+00:00,750.5,753.5,750.5,753.5,3
2026-09-08T10:00:00+00:00,754.5,754.5,754.5,754.5,1
2026-09-08T10:15:00+00:00,752,752,751.5,751.5,11
2026-09-08T10:30:00+00:00,753,753,753,753,2
2026-09-08T11:00:00+00:00,747.5,747.5,745.5,745.5,9
2026-09-08T11:45:00+00:00,746,746.5,745,745.5,6
2026-09-08T12:00:00+00:00,743.5,744.5,742,742,27
2026-09-08T12:15:00+00:00,743,743,742.5,742.5,5
2026-09-08T12:30:00+00:00,744.5,750,744.5,746,26
2026-09-08T13:30:00+00:00,746,746,745.5,745.5,4
2026-09-08T13:45:00+00:00,742,742.5,741,741,8
2026-09-08T14:00:00+00:00,742,745,742,745,3
2026-09-08T14:15:00+00:00,745,746.5,744,744,7
2026-09-08T14:30:00+00:00,746.5,746.5,744,744,8
2026-09-08T14:45:00+00:00,742.5,744,742,743,8
2026-09-08T15:00:00+00:00,741,741,740,740.5,7
2026-09-08T15:15:00+00:00,741,741,740.5,740.5,18
2026-09-08T15:30:00+00:00,741,742,738,738,6
2026-09-08T15:45:00+00:00,738.5,738.5,738.5,738.5,1
2026-09-08T16:00:00+00:00,737.5,737.5,736.5,736.5,8
2026-09-08T16:15:00+00:00,737.5,740,737,738,19
2026-09-08T16:30:00+00:00,739,739,739,739,3
2026-09-08T16:45:00+00:00,743,743,742,742,2
2026-09-08T17:00:00+00:00,742.5,743,742,743,10
2026-09-08T17:15:00+00:00,742.5,742.5,741.5,741.5,3
2026-09-08T17:30:00+00:00,743,744,742.5,743.5,8
2026-09-08T17:45:00+00:00,744,745.5,744,745.5,14
2026-09-08T18:00:00+00:00,745.5,748,744.5,748,7
2026-09-09T00:00:00+00:00,748,748,741.5,744,3
2026-09-09T00:15:00+00:00,741.5,741.5,741.5,741.5,1
2026-09-09T00:30:00+00:00,741,741,738,738.5,32
2026-09-09T00:45:00+00:00,739.5,739.5,738.5,738.5,9
2026-09-09T01:00:00+00:00,740,742,740,740.5,10
2026-09-09T01:15:00+00:00,741,741.5,741,741.5,5
2026-09-09T01:30:00+00:00,741.5,741.5,740,740,3
2026-09-09T01:45:00+00:00,741,741,741,741,2
2026-09-09T02:00:00+00:00,740,741,740,741,2
2026-09-09T02:45:00+00:00,742.5,742.5,741.5,741.5,5
2026-09-09T03:00:00+00:00,743,743,743,743,3
2026-09-09T03:45:00+00:00,743.5,743.5,743.5,743.5,3
2026-09-09T04:00:00+00:00,743.5,743.5,743.5,743.5,3
2026-09-09T04:15:00+00:00,743.5,743.5,743.5,743.5,1
2026-09-09T04:45:00+00:00,744.5,746,744.5,746,11
2026-09-09T05:00:00+00:00,745,745,745,745,1
2026-09-09T05:30:00+00:00,745.5,745.5,745.5,745.5,6
2026-09-09T05:45:00+00:00,746,750,746,747.5,34
2026-09-09T06:00:00+00:00,748,748,748,748,2
2026-09-09T06:15:00+00:00,749.5,749.5,748,748,5
2026-09-09T06:45:00+00:00,749,749,749,749,5
2026-09-09T07:00:00+00:00,750,750.5,750,750.5,20
2026-09-09T07:15:00+00:00,753,753,753,753,1
2026-09-09T07:30:00+00:00,752.5,752.5,750.5,751,7
2026-09-09T07:45:00+00:00,750,751,749.5,751,4
2026-09-09T08:00:00+00:00,752.5,752.5,752.5,752.5,5
2026-09-09T08:15:00+00:00,752.5,752.5,751.5,751.5,12
2026-09-09T09:00:00+00:00,752.5,752.5,752.5,752.5,1
2026-09-09T09:30:00+00:00,751,751,749.5,749.5,8
2026-09-09T09:45:00+00:00,753,753,753,753,1
2026-09-09T10:00:00+00:00,753,753,753,753,4
2026-09-09T10:15:00+00:00,755,755,753,753.5,18
2026-09-09T10:30:00+00:00,753,753,753,753,1
2026-09-09T10:45:00+00:00,754,754.5,754,754.5,3
2026-09-09T11:00:00+00:00,755,755,755,755,10
2026-09-09T11:15:00+00:00,754.5,755,754.5,755,4
2026-09-09T11:30:00+00:00,752,752,748,748,10
2026-09-09T11:45:00+00:00,750,750,747,747,12
2026-09-09T12:00:00+00:00,747,747,744.5,744.5,3
2026-09-09T12:15:00+00:00,745,745,745,745,2
2026-09-09T12:30:00+00:00,742,745,742,745,2
2026-09-09T13:30:00+00:00,746,746,735,735,32
2026-09-09T13:45:00+00:00,735,735,730,731.5,49
2026-09-09T14:00:00+00:00,733.5,736.5,733.5,736.5,25
2026-09-09T14:15:00+00:00,736,736,736,736,9
2026-09-09T14:30:00+00:00,737,740,737,740,15
2026-09-09T14:45:00+00:00,741,743.5,741,743.5,8
2026-09-09T15:00:00+00:00,741,741,739,739,3
2026-09-09T15:15:00+00:00,738,740.5,733,733.5,36
2026-09-09T15:30:00+00:00,732,734,729,729,33
2026-09-09T15:45:00+00:00,729,729,729,729,2
2026-09-09T16:00:00+00:00,730.5,731,729.5,730,10
2026-09-09T16:15:00+00:00,731.5,731.5,731.5,731.5,1
2026-09-09T16:30:00+00:00,731,731,730.5,731,19
2026-09-09T16:45:00+00:00,731,731,731,731,2
2026-09-09T17:00:00+00:00,732.5,732.5,731.5,732,6
2026-09-09T17:45:00+00:00,732,732,732,732,11
2026-09-09T18:00:00+00:00,730.5,730.5,729,729,9
2026-09-09T18:15:00+00:00,728.5,728.5,728.5,728.5,2
2026-09-10T00:00:00+00:00,728,731,725,731,0
2026-09-10T00:45:00+00:00,725.5,726,725.5,726,10
2026-09-10T01:00:00+00:00,726,726,726,726,5
2026-09-10T01:15:00+00:00,727,727,727,727,2
2026-09-10T01:30:00+00:00,726,726,726,726,1
2026-09-10T01:45:00+00:00,727,727.5,727,727,11
2026-09-10T02:00:00+00:00,725,725,725,725,5
2026-09-10T02:15:00+00:00,726.5,726.5,726,726,4
2026-09-10T02:30:00+00:00,726,726,726,726,1
2026-09-10T03:00:00+00:00,727,727,727,727,1
2026-09-10T03:15:00+00:00,726,726,726,726,1
2026-09-10T03:45:00+00:00,727.5,727.5,727.5,727.5,7
2026-09-10T04:00:00+00:00,728,728,728,728,1
2026-09-10T04:15:00+00:00,727.5,727.5,727.5,727.5,1
2026-09-10T05:45:00+00:00,728,728,728,728,1
2026-09-10T06:00:00+00:00,726,726,724.5,724.5,27
2026-09-10T06:15:00+00:00,724,724.5,723.5,724.5,6
2026-09-10T06:45:00+00:00,725,726,725,725,12
2026-09-10T07:30:00+00:00,725.5,726,725.5,726,3
2026-09-10T07:45:00+00:00,726,726,726,726,3
2026-09-10T08:00:00+00:00,728,728,727.5,727.5,8
2026-09-10T08:15:00+00:00,728,728,728,728,3
2026-09-10T08:30:00+00:00,728,729,727,729,7
2026-09-10T08:45:00+00:00,730,731,728.5,729,21
2026-09-10T09:00:00+00:00,729.5,729.5,729.5,729.5,1
2026-09-10T09:15:00+00:00,729,729,728,728,3
2026-09-10T09:30:00+00:00,728.5,728.5,728,728,6
2026-09-10T10:15:00+00:00,731.5,731.5,731.5,731.5,2
2026-09-10T10:30:00+00:00,731.5,732,729.5,729.5,7
2026-09-10T11:00:00+00:00,730,730,730,730,5
2026-09-10T11:15:00+00:00,730,731.5,730,731.5,6
2026-09-10T11:30:00+00:00,732,732.5,732,732.5,12
2026-09-10T12:00:00+00:00,733,733,733,733,1
2026-09-10T12:15:00+00:00,733,733,732.5,733,9
2026-09-10T12:30:00+00:00,733.5,733.5,732,732,7
2026-09-10T13:30:00+00:00,735.5,735.5,725.5,726,25
2026-09-10T13:45:00+00:00,728,732.5,726.5,732.5,8
2026-09-10T14:00:00+00:00,729.5,730,726.5,728,8
2026-09-10T14:15:00+00:00,727.5,727.5,726.5,727.5,15
2026-09-10T14:30:00+00:00,730,732.5,730,732,6
2026-09-10T14:45:00+00:00,734.5,736,734.5,736,10
2026-09-10T15:00:00+00:00,737.5,738.5,736,736,5
2026-09-10T15:15:00+00:00,738,738,737,737,2
2026-09-10T15:30:00+00:00,736,736,734.5,734.5,2
2026-09-10T15:45:00+00:00,733,734.5,732.5,734.5,16
2026-09-10T16:00:00+00:00,734.5,734.5,734.5,734.5,1
2026-09-10T16:15:00+00:00,737,737,737,737,3
2026-09-10T16:30:00+00:00,737.5,737.5,737,737,5
2026-09-10T17:00:00+00:00,736.5,736.5,736,736.5,12
2026-09-10T17:15:00+00:00,735,735,735,735,3
2026-09-10T17:30:00+00:00,736,737,736,737,2
2026-09-10T17:45:00+00:00,738,738.5,738,738.5,20
2026-09-10T18:00:00+00:00,740,741.5,740,741.5,8
2026-09-10T18:15:00+00:00,742,742.5,742,742.5,7
2026-09-11T00:00:00+00:00,741.5,743,735,738.5,3
2026-09-11T00:15:00+00:00,736.5,737,736.5,737,2
2026-09-11T00:30:00+00:00,737.5,737.5,737.5,737.5,6
2026-09-11T00:45:00+00:00,737,738,737,738,4
2026-09-11T01:00:00+00:00,739,739,736.5,736.5,4
2026-09-11T01:15:00+00:00,735,735,734.5,734.5,3
2026-09-11T01:30:00+00:00,735,735,734.5,734.5,2
2026-09-11T03:15:00+00:00,737,737.5,737,737.5,4
2026-09-11T03:30:00+00:00,736,736,735.5,735.5,6
2026-09-11T04:15:00+00:00,734,734,734,734,1
2026-09-11T04:30:00+00:00,734,734,733.5,733.5,6
2026-09-11T05:15:00+00:00,734.5,734.5,734.5,734.5,6
2026-09-11T06:00:00+00:00,735,735,735,735,1
2026-09-11T06:15:00+00:00,734.5,734.5,734.5,734.5,3
2026-09-11T06:30:00+00:00,737.5,737.5,737.5,737.5,12
2026-09-11T06:45:00+00:00,738,738,738,738,15
2026-09-11T07:00:00+00:00,737.5,737.5,737.5,737.5,5
2026-09-11T07:15:00+00:00,738.5,738.5,738.5,738.5,3
2026-09-11T07:30:00+00:00,739,741,739,740,9
2026-09-11T07:45:00+00:00,738.5,738.5,738,738,2
2026-09-11T08:15:00+00:00,740,740,738,738,10
2026-09-11T08:30:00+00:00,737,737,737,737,1
2026-09-11T09:00:00+00:00,736.5,736.5,736.5,736.5,3
2026-09-11T09:30:00+00:00,737,737,737,737,4
2026-09-11T09:45:00+00:00,735,735,734.5,734.5,3
2026-09-11T10:00:00+00:00,734.5,734.5,734.5,734.5,1
2026-09-11T10:15:00+00:00,735,735,735,735,4
2026-09-11T10:30:00+00:00,735.5,736,735,736,4
2026-09-11T10:45:00+00:00,736.5,736.5,736.5,736.5,1
2026-09-11T11:00:00+00:00,736,736,736,736,2
2026-09-11T11:15:00+00:00,736,736,735.5,735.5,6
2026-09-11T11:30:00+00:00,738,738,738,738,1
2026-09-11T11:45:00+00:00,738.5,740.5,738.5,739,10
2026-09-11T12:00:00+00:00,738.5,738.5,737.5,737.5,19
2026-09-11T13:30:00+00:00,738,738,730.5,730.5,23
2026-09-11T13:45:00+00:00,732.5,732.5,730,730,7
2026-09-11T14:00:00+00:00,727.5,727.5,727.5,727.5,1
2026-09-11T14:15:00+00:00,727.5,727.5,726.5,726.5,12
2026-09-11T14:30:00+00:00,726.5,726.5,720,720,46
2026-09-11T14:45:00+00:00,720,720.5,719,719.5,14
2026-09-11T15:00:00+00:00,722.5,722.5,722.5,722.5,6
2026-09-11T15:15:00+00:00,722.5,723,721,723,4
2026-09-11T15:30:00+00:00,723,723,722,722,6
2026-09-11T15:45:00+00:00,722.5,725,722,725,6
2026-09-11T16:00:00+00:00,720,735,716,726.5,29
2026-09-11T16:15:00+00:00,725,725,725,725,3
2026-09-11T16:30:00+00:00,724,729,722.5,722.5,8
2026-09-11T16:45:00+00:00,722,722,722,722,1
2026-09-11T17:00:00+00:00,720.5,724,720.5,724,3
2026-09-11T17:15:00+00:00,720,721.5,719,721,5
2026-09-11T17:30:00+00:00,719,720,719,720,3
2026-09-11T17:45:00+00:00,721.5,726,721.5,726,6
2026-09-11T18:00:00+00:00,726,726,720,725,8
2026-09-11T18:15:00+00:00,726,726,726,726,2
2026-09-14T00:00:00+00:00,727.5,734,723.5,727,9
2026-09-14T00:15:00+00:00,726.5,731.5,726.5,731.5,10
2026-09-14T00:30:00+00:00,731,731,731,731,1
2026-09-14T01:15:00+00:00,728,728,727,727,6
2026-09-14T01:30:00+00:00,728,728,728,728,1
2026-09-14T01:45:00+00:00,727,727,725.5,725.5,3
2026-09-14T02:00:00+00:00,725.5,725.5,723,725.5,14
2026-09-14T02:15:00+00:00,724.5,724.5,724.5,724.5,1
2026-09-14T02:30:00+00:00,726,726,724.5,724.5,6
2026-09-14T03:00:00+00:00,724,724,724,724,3
2026-09-14T03:15:00+00:00,723.5,725,723.5,725,9
2026-09-14T03:45:00+00:00,724,724,722.5,722.5,9
2026-09-14T04:00:00+00:00,721,721,721,721,1
2026-09-14T04:15:00+00:00,722.5,722.5,722,722,5
2026-09-14T04:30:00+00:00,722,722,722,722,2
2026-09-14T05:30:00+00:00,721.5,722,721.5,722,2
2026-09-14T06:15:00+00:00,720.5,721,719,720,25
2026-09-14T06:30:00+00:00,721.5,721.5,721.5,721.5,2
2026-09-14T06:45:00+00:00,722.5,722.5,721,722,6
2026-09-14T07:30:00+00:00,724,727.5,724,727.5,9
2026-09-14T07:45:00+00:00,727.5,727.5,727,727,4
2026-09-14T08:00:00+00:00,726,726,725.5,725.5,2
2026-09-14T08:15:00+00:00,725.5,725.5,725,725,2
2026-09-14T08:30:00+00:00,727,727,725.5,725.5,3
2026-09-14T08:45:00+00:00,727.5,728.5,727.5,728.5,2
2026-09-14T09:00:00+00:00,729,729.5,728,728.5,9
2026-09-14T09:15:00+00:00,728,728,727,727,4
2026-09-14T09:30:00+00:00,726.5,726.5,726.5,726.5,2
2026-09-14T09:45:00+00:00,727.5,728,727.5,728,7
2026-09-14T10:00:00+00:00,730,730,730,730,1
2026-09-14T10:15:00+00:00,729.5,730.5,729.5,730.5,4
2026-09-14T10:30:00+00:00,729.5,729.5,729.5,729.5,1
2026-09-14T10:45:00+00:00,729,729,729,729,4
2026-09-14T11:00:00+00:00,729,729,728.5,728.5,9
2026-09-14T11:15:00+00:00,728,728,728,728,1
2026-09-14T11:30:00+00:00,728.5,729.5,728.5,729.5,9
2026-09-14T11:45:00+00:00,728.5,729,728.5,728.5,4
2026-09-14T12:00:00+00:00,729,730,729,730,7
2026-09-14T12:15:00+00:00,729,729,727.5,727.5,4
2026-09-14T12:30:00+00:00,730.5,730.5,730.5,730.5,1
2026-09-14T13:30:00+00:00,732.5,732.5,726.5,730,11
2026-09-14T13:45:00+00:00,730.5,730.5,729.5,730,8
2026-09-14T14:00:00+00:00,731.5,731.5,729,730.5,12
2026-09-14T14:15:00+00:00,730,731,729.5,731,17
2026-09-14T14:30:00+00:00,731.5,731.5,731.5,731.5,2
2026-09-14T14:45:00+00:00,727.5,727.5,725.5,726.5,12
2026-09-14T15:00:00+00:00,727.5,727.5,710,717.5,213
2026-09-14T15:15:00+00:00,717,722,717,721,11
2026-09-14T15:30:00+00:00,721.5,721.5,718.5,720.5,29
2026-09-14T15:45:00+00:00,718.5,718.5,718,718,2
2026-09-14T16:00:00+00:00,718.5,720.5,718.5,718.5,7
2026-09-14T16:15:00+00:00,719,721.5,719,721.5,5
2026-09-14T16:30:00+00:00,721.5,723,721.5,723,3
2026-09-14T17:15:00+00:00,720,720,720,720,1
2026-09-14T17:30:00+00:00,720.5,720.5,719.5,719.5,5
2026-09-14T17:45:00+00:00,720.5,720.5,720.5,720.5,10
2026-09-14T18:00:00+00:00,721,722.5,721,722,10
2026-09-14T18:15:00+00:00,723,723,723,723,6
2026-09-15T00:00:00+00:00,720.5,720.5,717,719,5
2026-09-15T00:15:00+00:00,717.5,717.5,717.5,717.5,2
2026-09-15T00:30:00+00:00,717,717,717,717,8
2026-09-15T00:45:00+00:00,716.5,718,716.5,718,11
2026-09-15T01:00:00+00:00,718,718,715,715,12
2026-09-15T01:30:00+00:00,717,718,717,718,27
2026-09-15T01:45:00+00:00,718,718,718,718,6
2026-09-15T02:15:00+00:00,717.5,717.5,717.5,717.5,2
2026-09-15T02:30:00+00:00,719,720,719,720,3
2026-09-15T02:45:00+00:00,719,719,719,719,2
2026-09-15T03:00:00+00:00,718.5,718.5,718.5,718.5,5
2026-09-15T03:15:00+00:00,718.5,718.5,718.5,718.5,2
2026-09-15T03:45:00+00:00,717.5,718.5,717.5,718.5,2
2026-09-15T05:15:00+00:00,721,721,721,721,2
2026-09-15T05:30:00+00:00,721.5,721.5,721.5,721.5,1
2026-09-15T06:15:00+00:00,721,721,721,721,2
2026-09-15T06:45:00+00:00,722.5,722.5,722.5,722.5,2
2026-09-15T07:00:00+00:00,722.5,726,722.5,725.5,11
2026-09-15T07:15:00+00:00,723.5,723.5,723.5,723.5,1
2026-09-15T07:30:00+00:00,722.5,722.5,722,722,10
2026-09-15T07:45:00+00:00,720,720,719.5,719.5,3
2026-09-15T08:00:00+00:00,720.5,720.5,720.5,720.5,1
2026-09-15T08:30:00+00:00,720.5,723.5,720.5,722.5,13
2026-09-15T08:45:00+00:00,723,724,723,724,9
2026-09-15T09:00:00+00:00,723,723,723,723,1
2026-09-15T09:15:00+00:00,721,721,721,721,5
2026-09-15T09:30:00+00:00,721,721,716,718.5,28
2026-09-15T09:45:00+00:00,718.5,718.5,718,718,3
2026-09-15T10:00:00+00:00,716.5,716.5,716.5,716.5,2
2026-09-15T10:15:00+00:00,717.5,717.5,716,716,17
2026-09-15T11:00:00+00:00,717,717.5,717,717,17
2026-09-15T11:15:00+00:00,716.5,716.5,716.5,716.5,6
2026-09-15T11:45:00+00:00,715,715,711,713,19
2026-09-15T12:00:00+00:00,712.5,714.5,712.5,713.5,17
2026-09-15T12:15:00+00:00,714,714,713,713,4
2026-09-15T12:30:00+00:00,712.5,712.5,712.5,712.5,2
2026-09-15T13:30:00+00:00,712.5,719.5,711,715.5,19
2026-09-15T13:45:00+00:00,717,717,715.5,716,3
2026-09-15T14:00:00+00:00,715.5,715.5,715.5,715.5,7
2026-09-15T14:15:00+00:00,714.5,720,714.5,720,11
2026-09-15T14:30:00+00:00,720,722.5,719,722.5,24
2026-09-15T14:45:00+00:00,724.5,727.5,724.5,725,19
2026-09-15T15:00:00+00:00,723,724,722.5,724,6
2026-09-15T15:15:00+00:00,725.5,726.5,724.5,726.5,12
2026-09-15T15:30:00+00:00,726.5,726.5,726.5,726.5,1
2026-09-15T15:45:00+00:00,722.5,722.5,721,721.5,22
2026-09-15T16:00:00+00:00,722,722,722,722,4
2026-09-15T16:15:00+00:00,724,724,723.5,723.5,3
2026-09-15T16:30:00+00:00,726,726,725,725,4
2026-09-15T16:45:00+00:00,725,725.5,724.5,724.5,6
2026-09-15T17:00:00+00:00,726,727,726,727,25
2026-09-15T17:15:00+00:00,728.5,730,728,729.5,11
2026-09-15T17:30:00+00:00,730.5,730.5,729.5,729.5,14
2026-09-15T17:45:00+00:00,730.5,730.5,729.5,729.5,6
2026-09-15T18:00:00+00:00,729,729,728,729,3
2026-09-15T18:15:00+00:00,729,729,728,728,4
2026-09-16T00:00:00+00:00,728,728.5,725.5,725.5,6
2026-09-16T00:15:00+00:00,726.5,726.5,725,725,6
2026-09-16T00:30:00+00:00,725,725,725,725,8
2026-09-16T00:45:00+00:00,725,725,725,725,1
2026-09-16T01:00:00+00:00,727,727,727,727,2
2026-09-16T01:30:00+00:00,727,727,727,727,1
2026-09-16T01:45:00+00:00,729.5,729.5,729.5,729.5,7
2026-09-16T02:00:00+00:00,730,730,729,729.5,4
2026-09-16T02:15:00+00:00,730,730,730,730,1
2026-09-16T02:30:00+00:00,729,729,729,729,1
2026-09-16T02:45:00+00:00,728,728,728,728,2
2026-09-16T03:00:00+00:00,731,731,731,731,1
2026-09-16T03:15:00+00:00,731.5,732,731.5,732,6
2026-09-16T03:30:00+00:00,732.5,732.5,732.5,732.5,2
2026-09-16T03:45:00+00:00,732,732,732,732,1
2026-09-16T04:00:00+00:00,732,733.5,732,733.5,19
2026-09-16T04:15:00+00:00,731.5,731.5,731.5,731.5,3
2026-09-16T04:45:00+00:00,733.5,733.5,733.5,733.5,1
2026-09-16T05:00:00+00:00,733,733,733,733,2
2026-09-16T05:15:00+00:00,734,734,734,734,2
2026-09-16T05:30:00+00:00,735,735.5,734,735,5
2026-09-16T05:45:00+00:00,734.5,735.5,734.5,735.5,15
2026-09-16T06:00:00+00:00,735,735,734,734,6
2026-09-16T06:15:00+00:00,734,734,733,733,6
2026-09-16T06:45:00+00:00,733.5,733.5,732.5,732.5,3
2026-09-16T07:00:00+00:00,732.5,732.5,732,732.5,3
2026-09-16T07:45:00+00:00,735,735,735,735,2
2026-09-16T08:00:00+00:00,733.5,733.5,733.5,733.5,4
2026-09-16T08:30:00+00:00,732.5,732.5,732.5,732.5,3
2026-09-16T08:45:00+00:00,733.5,733.5,733.5,733.5,1
2026-09-16T09:00:00+00:00,732.5,733,732.5,733,4
2026-09-16T09:15:00+00:00,734,734.5,734,734.5,10
2026-09-16T09:30:00+00:00,734.5,734.5,734.5,734.5,1
2026-09-16T10:00:00+00:00,733,733,732.5,732.5,14
2026-09-16T10:15:00+00:00,732,732,730,730,3
2026-09-16T10:30:00+00:00,729.5,729.5,729.5,729.5,1
2026-09-16T10:45:00+00:00,730.5,730.5,730.5,730.5,1
2026-09-16T11:00:00+00:00,730,730,728,728,11
2026-09-16T11:15:00+00:00,727,727,727,727,2
2026-09-16T11:45:00+00:00,727.5,727.5,727,727,6
2026-09-16T12:00:00+00:00,726.5,726.5,726.5,726.5,11
2026-09-16T12:15:00+00:00,725,725,724,724.5,19
2026-09-16T12:30:00+00:00,727,727,727,727,1
2026-09-16T13:30:00+00:00,726.5,734.5,726.5,734,31
2026-09-16T13:45:00+00:00,732.5,733,731.5,732,8
2026-09-16T14:00:00+00:00,733,733,727,728,10
2026-09-16T14:15:00+00:00,729.5,729.5,728,728,4
2026-09-16T14:30:00+00:00,728.5,729.5,727,729.5,9
2026-09-16T14:45:00+00:00,730,730,730,730,1
2026-09-16T15:00:00+00:00,727,727,723.5,724.5,14
2026-09-16T15:15:00+00:00,726,727,726,727,2
2026-09-16T15:30:00+00:00,726.5,726.5,726.5,726.5,1
2026-09-16T15:45:00+00:00,725.5,726,725.5,726,6
2026-09-16T16:00:00+00:00,724.5,724.5,724.5,724.5,1
2026-09-16T16:15:00+00:00,727,727,727,727,1
2026-09-16T17:00:00+00:00,725,725,724,724.5,3
2026-09-16T17:15:00+00:00,725.5,725.5,725.5,725.5,1
2026-09-16T17:30:00+00:00,726.5,726.5,726.5,726.5,1
2026-09-16T17:45:00+00:00,724.5,724.5,724.5,724.5,1
2026-09-16T18:00:00+00:00,728,732,728,732,9
2026-09-16T18:15:00+00:00,730.5,732.5,730.5,732.5,6
2026-09-17T00:00:00+00:00,735,735,727,727.5,0
2026-09-17T00:15:00+00:00,728,728,728,728,1
2026-09-17T00:30:00+00:00,728.5,728.5,728.5,728.5,1
2026-09-17T00:45:00+00:00,727,727,727,727,3
2026-09-17T01:00:00+00:00,726,726,726,726,3
2026-09-17T02:45:00+00:00,730,730,730,730,4
2026-09-17T03:00:00+00:00,730.5,730.5,729.5,729.5,5
2026-09-17T03:15:00+00:00,730,730,729.5,729.5,2
2026-09-17T04:00:00+00:00,730.5,730.5,730.5,730.5,1
2026-09-17T04:15:00+00:00,730.5,730.5,730.5,730.5,1
2026-09-17T04:30:00+00:00,730.5,733,730.5,733,4
2026-09-17T05:00:00+00:00,733.5,733.5,733.5,733.5,1
2026-09-17T05:30:00+00:00,732,732,732,732,1
2026-09-17T06:00:00+00:00,731.5,731.5,731.5,731.5,1
2026-09-17T06:30:00+00:00,728,728,728,728,7
2026-09-17T06:45:00+00:00,729,729,726.5,726.5,15
2026-09-17T07:00:00+00:00,728,728,727,727,10
2026-09-17T07:30:00+00:00,730,731,730,731,2
2026-09-17T07:45:00+00:00,732,732,731.5,731.5,3
2026-09-17T08:00:00+00:00,732,732.5,732,732.5,4
2026-09-17T08:15:00+00:00,731,735,731,733.5,19
2026-09-17T08:30:00+00:00,730,730,730,730,2
2026-09-17T08:45:00+00:00,730,730,728.5,729.5,4
2026-09-17T09:00:00+00:00,727.5,727.5,727.5,727.5,1
2026-09-17T09:15:00+00:00,727.5,729,727.5,728.5,8
2026-09-17T10:15:00+00:00,728.5,728.5,727,727,5
2026-09-17T10:30:00+00:00,727,727,720.5,720.5,58
2026-09-17T10:45:00+00:00,720,726.5,720,726.5,35
2026-09-17T11:00:00+00:00,725,725,725,725,2
2026-09-17T11:15:00+00:00,723.5,725.5,723,723,21
2026-09-17T11:30:00+00:00,721,721,720,720.5,5
2026-09-17T11:45:00+00:00,721,721,716.5,716.5,18
2026-09-17T12:00:00+00:00,717.5,718.5,717.5,718,5
2026-09-17T12:15:00+00:00,718,718,717.5,718,9
2026-09-17T12:30:00+00:00,719,719.5,719,719.5,2
2026-09-17T13:30:00+00:00,722,729.5,722,724.5,32
2026-09-17T13:45:00+00:00,724,724,724,724,1
2026-09-17T14:00:00+00:00,723.5,724.5,723.5,724.5,2
2026-09-17T14:30:00+00:00,721,721,721,721,6
2026-09-17T15:00:00+00:00,723.5,726,723.5,726,7
2026-09-17T15:15:00+00:00,724.5,724.5,724.5,724.5,1
2026-09-17T16:00:00+00:00,724.5,724.5,724.5,724.5,1
2026-09-17T16:15:00+00:00,725,726.5,725,726,3
2026-09-17T17:00:00+00:00,730,730,729,729,6
2026-09-17T17:30:00+00:00,729,729,729,729,3
2026-09-17T17:45:00+00:00,729.5,729.5,728,728.5,28
2026-09-17T18:00:00+00:00,729.5,729.5,727.5,727.5,6
2026-09-18T00:00:00+00:00,725.5,725.5,725,725,0
2026-09-18T01:00:00+00:00,727.5,727.5,727.5,727.5,4
2026-09-18T01:30:00+00:00,724.5,724.5,724.5,724.5,1
2026-09-18T02:45:00+00:00,724.5,724.5,724.5,724.5,1
2026-09-18T04:45:00+00:00,722.5,722.5,722.5,722.5,2
2026-09-18T05:30:00+00:00,723,723.5,723,723.5,3
2026-09-18T05:45:00+00:00,722.5,722.5,722.5,722.5,4
2026-09-18T06:00:00+00:00,722,722,720.5,720.5,13
2026-09-18T06:15:00+00:00,721.5,721.5,721.5,721.5,1
2026-09-18T06:30:00+00:00,720.5,720.5,720.5,720.5,1
2026-09-18T07:00:00+00:00,722.5,722.5,721,721,5
2026-09-18T07:15:00+00:00,721,721,721,721,2
2026-09-18T07:30:00+00:00,722,722,722,722,2
2026-09-18T08:15:00+00:00,724.5,724.5,724.5,724.5,1
2026-09-18T08:30:00+00:00,724,724,724,724,5
2026-09-18T09:00:00+00:00,723,723,723,723,2
2026-09-18T09:15:00+00:00,723.5,725,723.5,725,2
2026-09-18T10:00:00+00:00,724.5,725.5,724.5,725.5,8
2026-09-18T10:30:00+00:00,726.5,728,726.5,728,7
2026-09-18T10:45:00+00:00,727.5,727.5,727,727,3
2026-09-18T11:00:00+00:00,727.5,728.5,727,728.5,18
2026-09-18T11:15:00+00:00,727.5,727.5,726,726,2
2026-09-18T11:45:00+00:00,723.5,723.5,723.5,723.5,2
2026-09-18T12:00:00+00:00,723.5,723.5,723.5,723.5,2
2026-09-18T12:15:00+00:00,722.5,722.5,721,721,3
2026-09-18T13:30:00+00:00,724,724,717,720,31
2026-09-18T13:45:00+00:00,718.5,718.5,716.5,717,8
2026-09-18T14:00:00+00:00,718,718,714,714,19
2026-09-18T14:15:00+00:00,714,714.5,714,714.5,8
2026-09-18T14:30:00+00:00,713.5,714,712,712,18
2026-09-18T14:45:00+00:00,711.5,712.5,711.5,712.5,8
2026-09-18T15:00:00+00:00,713,713.5,712,713.5,16
2026-09-18T15:15:00+00:00,714,714,713,713,3
2026-09-18T15:30:00+00:00,712.5,712.5,711.5,711.5,3
2026-09-18T15:45:00+00:00,712.5,713.5,712.5,713.5,6
2026-09-18T16:30:00+00:00,711.5,711.5,711.5,711.5,2
2026-09-18T17:00:00+00:00,712,712,712,712,1
2026-09-18T17:15:00+00:00,711.5,712.5,711.5,712.5,7
2026-09-18T17:30:00+00:00,713.5,713.5,713.5,713.5,1
2026-09-18T17:45:00+00:00,713.5,714.5,713.5,714.5,3
2026-09-18T18:00:00+00:00,711,711,711,711,1
2026-09-18T18:15:00+00:00,713,714.5,711.5,714.5,4
2026-09-21T00:00:00+00:00,715,722.5,712,722.5,31
2026-09-21T00:15:00+00:00,724,727,724,727,27
2026-09-21T00:30:00+00:00,727.5,727.5,725.5,725.5,7
2026-09-21T00:45:00+00:00,726.5,726.5,725,725,4
2026-09-21T01:00:00+00:00,726,726,726,726,3
2026-09-21T01:15:00+00:00,727,727,726,726,6
2026-09-21T02:15:00+00:00,728,728,727,727,4
2026-09-21T02:30:00+00:00,727.5,727.5,726.5,727,3
2026-09-21T02:45:00+00:00,726.5,726.5,726.5,726.5,1
2026-09-21T03:00:00+00:00,727,727,727,727,2
2026-09-21T03:15:00+00:00,727,727,726.5,726.5,2
2026-09-21T03:30:00+00:00,726,726,726,726,2
2026-09-21T04:00:00+00:00,727,727,727,727,1
2026-09-21T04:15:00+00:00,725,725.5,725,725,8
2026-09-21T04:45:00+00:00,726,726,726,726,1
2026-09-21T05:15:00+00:00,725,725,725,725,1
2026-09-21T06:00:00+00:00,724.5,724.5,724,724,3
2026-09-21T06:15:00+00:00,725,725.5,725,725.5,6
2026-09-21T06:30:00+00:00,723.5,723.5,723,723.5,7
2026-09-21T06:45:00+00:00,723.5,723.5,723,723,12
2026-09-21T07:00:00+00:00,722.5,724,722.5,724,4
2026-09-21T07:30:00+00:00,724,724,724,724,1
2026-09-21T08:15:00+00:00,721.5,721.5,720,720,7
2026-09-21T08:45:00+00:00,722.5,722.5,722,722,2
2026-09-21T11:00:00+00:00,722,722,722,722,1
2026-09-21T11:15:00+00:00,722,722,722,722,1
2026-09-21T11:30:00+00:00,724.5,724.5,721.5,721.5,5
2026-09-21T11:45:00+00:00,724,724,724,724,1
2026-09-21T12:00:00+00:00,725,725,725,725,2
2026-09-21T12:15:00+00:00,724.5,724.5,717,722.5,68
2026-09-21T13:30:00+00:00,721,725,721,722,27
2026-09-21T13:45:00+00:00,723,724.5,722,722,9
2026-09-21T14:00:00+00:00,723.5,724,723,724,9
2026-09-21T14:15:00+00:00,723,725.5,722,725.5,7
2026-09-21T14:30:00+00:00,724.5,727.5,724.5,727.5,5
2026-09-21T15:00:00+00:00,724.5,725.5,724.5,725.5,4
2026-09-21T15:15:00+00:00,727,727,727,727,1
2026-09-21T15:30:00+00:00,728.5,728.5,728.5,728.5,6
2026-09-21T15:45:00+00:00,727,730,727,730,20
2026-09-21T16:00:00+00:00,728.5,729,728.5,729,5
2026-09-21T16:15:00+00:00,728,728,727,727,7
2026-09-21T16:30:00+00:00,727.5,727.5,725,725,5
2026-09-21T16:45:00+00:00,727,727.5,727,727.5,3
2026-09-21T17:15:00+00:00,725.5,727,725.5,727,2
2026-09-21T17:45:00+00:00,726.5,726.5,726.5,726.5,4
2026-09-21T18:00:00+00:00,726.5,726.5,725.5,726.5,25
2026-09-21T18:15:00+00:00,726,726,726,726,1
2026-09-22T00:00:00+00:00,725.5,725.5,723,723,0
2026-09-22T00:30:00+00:00,724,724,724,724,1
2026-09-22T01:45:00+00:00,722,723,722,723,3
2026-09-22T02:45:00+00:00,725,725,725,725,1
2026-09-22T03:00:00+00:00,725.5,725.5,725.5,725.5,1
2026-09-22T03:30:00+00:00,726,726.5,726,726,4
2026-09-22T04:15:00+00:00,726.5,728,726.5,728,3
2026-09-22T04:45:00+00:00,728,728,728,728,1
2026-09-22T05:00:00+00:00,729,729,729,729,1
2026-09-22T05:15:00+00:00,727.5,727.5,727.5,727.5,4
2026-09-22T05:30:00+00:00,727.5,727.5,727.5,727.5,1
2026-09-22T05:45:00+00:00,726,726,726,726,2
2026-09-22T06:00:00+00:00,727.5,728,727.5,728,3
2026-09-22T06:45:00+00:00,723,723,723,723,2
2026-09-22T07:15:00+00:00,724.5,724.5,724.5,724.5,2
2026-09-22T07:30:00+00:00,723.5,723.5,722,723.5,16
2026-09-22T08:15:00+00:00,721,721,719.5,719.5,9
2026-09-22T08:30:00+00:00,722.5,722.5,722.5,722.5,5
2026-09-22T08:45:00+00:00,720.5,720.5,720,720,3
2026-09-22T09:00:00+00:00,719,719,719,719,1
2026-09-22T09:15:00+00:00,720,720,720,720,1
2026-09-22T09:30:00+00:00,719.5,719.5,719.5,719.5,4
2026-09-22T09:45:00+00:00,718.5,718.5,717,717,5
2026-09-22T10:00:00+00:00,717,718.5,717,717.5,8
2026-09-22T10:15:00+00:00,718,718,717,717,2
2026-09-22T11:15:00+00:00,716,716,716,716,1
2026-09-22T11:30:00+00:00,717,717,716.5,716.5,3
2026-09-22T12:15:00+00:00,718.5,718.5,718,718,2
2026-09-22T12:30:00+00:00,718.5,718.5,718.5,718.5,1
2026-09-22T13:30:00+00:00,718.5,724,718.5,721.5,9
2026-09-22T13:45:00+00:00,721,721.5,721,721.5,3
2026-09-22T14:00:00+00:00,721.5,721.5,719,720.5,16
2026-09-22T14:15:00+00:00,721.5,721.5,721.5,721.5,1
2026-09-22T14:30:00+00:00,723,723,723,723,1
2026-09-22T14:45:00+00:00,722,722,722,722,1
2026-09-22T15:00:00+00:00,719,719,718.5,718.5,2
2026-09-22T15:15:00+00:00,718,718,718,718,1
2026-09-22T15:30:00+00:00,718.5,718.5,718.5,718.5,2
2026-09-22T15:45:00+00:00,720,720,720,720,2
2026-09-22T16:00:00+00:00,720,720,720,720,2
2026-09-22T16:15:00+00:00,722,722,722,722,1
2026-09-22T16:30:00+00:00,722,722,722,722,1
2026-09-22T16:45:00+00:00,721.5,721.5,721.5,721.5,1
2026-09-22T17:15:00+00:00,722.5,722.5,722.5,722.5,1
2026-09-22T17:30:00+00:00,720,720,720,720,1
2026-09-22T17:45:00+00:00,720,720,720,720,4
2026-09-22T18:00:00+00:00,718.5,719,717,717.5,21
2026-09-22T18:15:00+00:00,717,717,717,717,2
