open_time,open,high,low,close,volume
2026-08-17T00:00:00+00:00,691.5,691.5,688,688,2
2026-08-17T00:15:00+00:00,689,691,689,691,15
2026-08-17T00:20:00+00:00,691.5,691.5,691.5,691.5,1
2026-08-17T00:25:00+00:00,693,693,693,693,4
2026-08-17T00:35:00+00:00,694,694,694,694,1
2026-08-17T00:50:00+00:00,692.5,692.5,692.5,692.5,1
2026-08-17T01:15:00+00:00,691,691,691,691,1
2026-08-17T01:50:00+00:00,691.5,691.5,691.5,691.5,1
2026-08-17T02:45:00+00:00,689.5,689.5,689.5,689.5,1
2026-08-17T03:30:00+00:00,690,690,690,690,1
2026-08-17T03:55:00+00:00,689,689,689,689,1
2026-08-17T04:45:00+00:00,690,690,690,690,1
2026-08-17T05:15:00+00:00,689,690,689,690,2
2026-08-17T05:25:00+00:00,689.5,689.5,689.5,689.5,3
2026-08-17T06:40:00+00:00,690.5,691.5,690.5,691,22
2026-08-17T06:50:00+00:00,691,691,691,691,1
2026-08-17T06:55:00+00:00,689,689,689,689,3
2026-08-17T07:00:00+00:00,689.5,689.5,688.5,688.5,9
2026-08-17T07:05:00+00:00,687.5,687.5,687.5,687.5,4
2026-08-17T07:25:00+00:00,688,688.5,688,688.5,16
2026-08-17T07:35:00+00:00,688.5,688.5,688.5,688.5,1
2026-08-17T08:05:00+00:00,687.5,687.5,685.5,685.5,24
2026-08-17T08:35:00+00:00,685.5,685.5,685.5,685.5,4
2026-08-17T08:40:00+00:00,685,685,683,683.5,11
2026-08-17T08:45:00+00:00,685,685,685,685,3
2026-08-17T09:10:00+00:00,686,686,685.5,685.5,3
2026-08-17T09:45:00+00:00,685.5,685.5,685.5,685.5,1
2026-08-17T09:55:00+00:00,686.5,686.5,686.5,686.5,2
2026-08-17T10:10:00+00:00,685,685,685,685,1
2026-08-17T10:25:00+00:00,684,684,684,684,1
2026-08-17T10:40:00+00:00,684,684,684,684,2
2026-08-17T10:45:00+00:00,683.5,683.5,683.5,683.5,1
2026-08-17T11:00:00+00:00,682.5,682.5,682.5,682.5,12
2026-08-17T11:15:00+00:00,682.5,682.5,681.5,681.5,8
2026-08-17T11:40:00+00:00,683.5,683.5,683.5,683.5,2
2026-08-17T12:00:00+00:00,685,685,685,685,1
2026-08-17T12:05:00+00:00,685,685,685,685,1
2026-08-17T12:10:00+00:00,684.5,684.5,684.5,684.5,1
2026-08-17T12:15:00+00:00,685,685,685,685,2
2026-08-17T12:20:00+00:00,684,684,684,684,1
2026-08-17T12:30:00+00:00,685,685,685,685,2
2026-08-17T12:40:00+00:00,684,684,684,684,4
2026-08-17T13:30:00+00:00,685.5,685.5,682.5,684,16
2026-08-17T13:35:00+00:00,683.5,683.5,683.5,683.5,1
2026-08-17T13:40:00+00:00,682,683,682,683,10
2026-08-17T13:45:00+00:00,684,684,684,684,11
2026-08-17T13:50:00+00:00,685.5,687,685.5,687,10
2026-08-17T13:55:00+00:00,686,686,686,686,1
2026-08-17T14:00:00+00:00,688,689,688,688.5,4
2026-08-17T14:05:00+00:00,689,689,688,688,73
2026-08-17T14:10:00+00:00,687.5,687.5,687.5,687.5,1
2026-08-17T14:20:00+00:00,688.5,688.5,688.5,688.5,1
2026-08-17T14:30:00+00:00,689.5,689.5,688.5,688.5,3
2026-08-17T14:40:00+00:00,685.5,685.5,685.5,685.5,4
2026-08-17T14:45:00+00:00,686.5,686.5,686.5,686.5,2
2026-08-17T14:50:00+00:00,688,688,688,688,1
2026-08-17T14:55:00+00:00,687,687,686,686,7
2026-08-17T15:05:00+00:00,687,688,687,688,4
2026-08-17T15:10:00+00:00,688,688,688,688,1
2026-08-17T15:20:00+00:00,689,689,689,689,1
2026-08-17T15:25:00+00:00,690,690,690,690,1
2026-08-17T15:30:00+00:00,689.5,690,689.5,690,3
2026-08-17T15:35:00+00:00,690.5,690.5,690.5,690.5,2
2026-08-17T15:40:00+00:00,689,689,689,689,1
2026-08-17T15:50:00+00:00,688,688,688,688,1
2026-08-17T16:35:00+00:00,690,690,690,690,6
2026-08-17T16:40:00+00:00,688,688,688,688,2
2026-08-17T17:30:00+00:00,690,690,690,690,3
2026-08-17T17:55:00+00:00,691,691,691,691,2
2026-08-17T18:10:00+00:00,691,691,691,691,1
2026-08-18T00:00:00+00:00,689,689,687,687,0
2026-08-18T00:05:00+00:00,692,692,691.5,691.5,4
2026-08-18T00:25:00+00:00,690.5,690.5,690.5,690.5,2
2026-08-18T00:45:00+00:00,689,689,689,689,1
2026-08-18T01:25:00+00:00,690.5,690.5,690.5,690.5,1
2026-08-18T01:45:00+00:00,690,690,690,690,1
2026-08-18T03:30:00+00:00,689,689,689,689,1
2026-08-18T03:55:00+00:00,689,689,689,689,1
2026-08-18T04:10:00+00:00,688.5,688.5,688.5,688.5,5
2026-08-18T04:20:00+00:00,688,688,688,688,1
2026-08-18T04:45:00+00:00,688,688,688,688,2
2026-08-18T05:45:00+00:00,687,687,686,686,7
2026-08-18T05:50:00+00:00,686.5,686.5,686.5,686.5,6
2026-08-18T07:00:00+00:00,690,690,690,690,1
2026-08-18T07:05:00+00:00,690.5,690.5,690.5,690.5,1
2026-08-18T07:10:00+00:00,691,691,691,691,1
2026-08-18T07:15:00+00:00,691,692,691,692,8
2026-08-18T07:30:00+00:00,695,696,695,695,15
2026-08-18T07:40:00+00:00,694.5,694.5,694.5,694.5,6
2026-08-18T07:50:00+00:00,694,694,694,694,2
2026-08-18T07:55:00+00:00,694,694,694,694,1
2026-08-18T08:00:00+00:00,694.5,694.5,694.5,694.5,1
2026-08-18T08:15:00+00:00,695.5,695.5,695.5,695.5,2
2026-08-18T08:25:00+00:00,695,695,695,695,1
2026-08-18T08:50:00+00:00,693.5,693.5,693.5,693.5,6
2026-08-18T09:05:00+00:00,694.5,694.5,694.5,694.5,3
2026-08-18T09:40:00+00:00,694,694,694,694,3
2026-08-18T10:30:00+00:00,693.5,693.5,693.5,693.5,1
2026-08-18T10:35:00+00:00,693,693,693,693,4
2026-08-18T11:10:00+00:00,692,692,692,692,1
2026-08-18T11:25:00+00:00,692,692,690,690,2
2026-08-18T11:45:00+00:00,690,690,690,690,5
2026-08-18T12:25:00+00:00,689,689,689,689,1
2026-08-18T13:30:00+00:00,691,692.5,691,691.5,29
2026-08-18T13:35:00+00:00,690.5,691,689.5,691,8
2026-08-18T13:40:00+00:00,690.5,690.5,690.5,690.5,1
2026-08-18T13:45:00+00:00,687.5,687.5,687.5,687.5,5
2026-08-18T13:50:00+00:00,687,687,687,687,3
2026-08-18T13:55:00+00:00,687.5,687.5,687.5,687.5,3
2026-08-18T14:00:00+00:00,687.5,687.5,687.5,687.5,2
2026-08-18T14:15:00+00:00,686.5,686.5,686,686,20
2026-08-18T14:20:00+00:00,685,685,682,682,28
2026-08-18T14:25:00+00:00,683.5,684.5,683.5,684.5,6
2026-08-18T14:30:00+00:00,684,684,684,684,1
2026-08-18T14:40:00+00:00,684.5,685,684.5,685,3
2026-08-18T14:45:00+00:00,686,686,686,686,1
2026-08-18T15:00:00+00:00,689.5,689.5,689.5,689.5,1
2026-08-18T15:10:00+00:00,688,688,687.5,687.5,2
2026-08-18T15:25:00+00:00,685.5,685.5,685.5,685.5,1
2026-08-18T15:30:00+00:00,685.5,685.5,685.5,685.5,1
2026-08-18T15:35:00+00:00,686.5,686.5,686.5,686.5,1
2026-08-18T15:55:00+00:00,685.5,685.5,685.5,685.5,1
2026-08-18T16:20:00+00:00,685,685,685,685,1
2026-08-18T16:25:00+00:00,684.5,684.5,684.5,684.5,1
2026-08-18T16:45:00+00:00,684,684,684,684,1
2026-08-18T17:05:00+00:00,683,683,683,683,3
2026-08-18T17:10:00+00:00,682.5,682.5,682.5,682.5,2
2026-08-18T17:20:00+00:00,683,683,683,683,1
2026-08-18T17:50:00+00:00,684,684,684,684,6
2026-08-18T17:55:00+00:00,683,683,683,683,4
2026-08-18T18:00:00+00:00,682,682,682,682,2
2026-08-18T18:05:00+00:00,681,681.5,681,681.5,9
2026-08-18T18:15:00+00:00,680,680,678,678,7
2026-08-19T00:00:00+00:00,678.5,678.5,678.5,678.5,0
2026-08-19T00:05:00+00:00,679.5,679.5,679.5,679.5,1
2026-08-19T00:35:00+00:00,679.5,679.5,679.5,679.5,1
2026-08-19T00:45:00+00:00,679.5,679.5,679.5,679.5,3
2026-08-19T00:50:00+00:00,679.5,679.5,679.5,679.5,3
2026-08-19T00:55:00+00:00,680,680,680,680,5
2026-08-19T01:35:00+00:00,683,684,683,684,6
2026-08-19T02:05:00+00:00,683.5,683.5,683.5,683.5,2
2026-08-19T02:40:00+00:00,683.5,683.5,683.5,683.5,2
2026-08-19T03:35:00+00:00,682.5,682.5,682.5,682.5,1
2026-08-19T03:40:00+00:00,683.5,683.5,683.5,683.5,5
2026-08-19T04:00:00+00:00,684.5,684.5,684.5,684.5,4
2026-08-19T04:35:00+00:00,684.5,684.5,684.5,684.5,1
2026-08-19T05:00:00+00:00,684.5,684.5,684.5,684.5,2
2026-08-19T05:05:00+00:00,684,684.5,684,684.5,5
2026-08-19T05:30:00+00:00,685,685,685,685,1
2026-08-19T05:45:00+00:00,685,685,685,685,1
2026-08-19T06:05:00+00:00,685.5,685.5,685.5,685.5,4
2026-08-19T06:25:00+00:00,683,683,683,683,2
2026-08-19T07:00:00+00:00,683.5,683.5,683.5,683.5,1
2026-08-19T07:20:00+00:00,686,686,686,686,2
2026-08-19T09:05:00+00:00,683,683,683,683,2
2026-08-19T09:15:00+00:00,683,683,683,683,2
2026-08-19T09:25:00+00:00,682.5,682.5,682.5,682.5,1
2026-08-19T10:20:00+00:00,682.5,682.5,682.5,682.5,2
2026-08-19T10:25:00+00:00,682,682,682,682,3
2026-08-19T10:35:00+00:00,681,681,681,681,1
2026-08-19T10:55:00+00:00,681.5,681.5,681.5,681.5,1
2026-08-19T11:00:00+00:00,680.5,680.5,680.5,680.5,1
2026-08-19T12:25:00+00:00,681.5,681.5,681.5,681.5,1
2026-08-19T13:30:00+00:00,683,687,683,687,19
2026-08-19T13:35:00+00:00,687,687.5,687,687.5,4
2026-08-19T13:40:00+00:00,686,686.5,686,686.5,3
2026-08-19T13:50:00+00:00,690,692,690,691.5,4
2026-08-19T13:55:00+00:00,692,694,692,694,7
2026-08-19T14:00:00+00:00,694.5,695.5,694.5,695.5,12
2026-08-19T14:05:00+00:00,695,696,695,696,5
2026-08-19T14:10:00+00:00,697,698.5,697,698.5,11
2026-08-19T14:15:00+00:00,698.5,698.5,698.5,698.5,5
2026-08-19T14:25:00+00:00,698.5,698.5,698,698,3
2026-08-19T14:30:00+00:00,700,700,700,700,5
2026-08-19T14:35:00+00:00,698,698.5,698,698.5,6
2026-08-19T14:40:00+00:00,698,698.5,696,698,8
2026-08-19T14:50:00+00:00,699,699,699,699,1
2026-08-19T15:00:00+00:00,696.5,696.5,696.5,696.5,5
2026-08-19T15:10:00+00:00,696,696,696,696,1
2026-08-19T15:20:00+00:00,696.5,696.5,696.5,696.5,5
2026-08-19T15:35:00+00:00,697.5,697.5,697.5,697.5,5
2026-08-19T15:45:00+00:00,697,697,697,697,5
2026-08-19T15:55:00+00:00,696,696,695.5,695.5,4
2026-08-19T16:05:00+00:00,696,696,696,696,1
2026-08-19T16:15:00+00:00,697,698,697,698,2
2026-08-19T16:20:00+00:00,696.5,698,696.5,698,2
2026-08-19T16:30:00+00:00,698,698,698,698,1
2026-08-19T16:50:00+00:00,695.5,695.5,695.5,695.5,1
2026-08-19T16:55:00+00:00,695,695,695,695,1
2026-08-19T17:00:00+00:00,695,695,694,694.5,4
2026-08-19T17:05:00+00:00,693.5,693.5,692.5,692.5,4
2026-08-19T17:10:00+00:00,693,693,693,693,10
2026-08-19T17:25:00+00:00,694,694,694,694,1
2026-08-19T17:30:00+00:00,695,695,694.5,694.5,2
2026-08-19T17:35:00+00:00,694,694,694,694,5
2026-08-19T17:40:00+00:00,694,694,694,694,3
2026-08-19T17:55:00+00:00,693,693,693,693,5
2026-08-19T18:15:00+00:00,696.5,696.5,696.5,696.5,1
2026-08-20T00:00:00+00:00,697,697,695,695.5,0
2026-08-20T00:10:00+00:00,695.5,695.5,695.5,695.5,1
2026-08-20T00:30:00+00:00,694.5,694.5,694.5,694.5,1
2026-08-20T01:05:00+00:00,694.5,694.5,694,694,3
2026-08-20T01:15:00+00:00,695.5,695.5,695.5,695.5,2
2026-08-20T01:20:00+00:00,695,695,695,695,2
2026-08-20T02:50:00+00:00,698,698,698,698,1
2026-08-20T03:50:00+00:00,699.5,700,699.5,700,2
2026-08-20T03:55:00+00:00,698.5,698.5,698.5,698.5,2
2026-08-20T04:35:00+00:00,700.5,700.5,700.5,700.5,4
2026-08-20T05:50:00+00:00,697,697,697,697,1
2026-08-20T06:40:00+00:00,697,697,697,697,2
2026-08-20T06:50:00+00:00,696,696,696,696,2
2026-08-20T07:00:00+00:00,699,699,699,699,6
2026-08-20T07:15:00+00:00,698,698,697.5,697.5,5
2026-08-20T07:35:00+00:00,700,700,700,700,1
2026-08-20T07:45:00+00:00,700.5,701,700.5,701,3
2026-08-20T08:05:00+00:00,701.5,701.5,701.5,701.5,1
2026-08-20T08:15:00+00:00,704,704,704,704,1
2026-08-20T08:20:00+00:00,703,705,702.5,705,14
2026-08-20T08:25:00+00:00,705.5,705.5,705.5,705.5,3
2026-08-20T08:30:00+00:00,705.5,705.5,705,705,3
2026-08-20T08:35:00+00:00,704.5,704.5,704.5,704.5,1
2026-08-20T08:40:00+00:00,702,702.5,702,702.5,4
2026-08-20T08:45:00+00:00,702,702,702,702,2
2026-08-20T08:50:00+00:00,702,702,702,702,1
2026-08-20T08:55:00+00:00,703,703,702,702,3
2026-08-20T09:00:00+00:00,700.5,700.5,700.5,700.5,1
2026-08-20T09:05:00+00:00,701,701,701,701,1
2026-08-20T09:10:00+00:00,701,701,701,701,1
2026-08-20T09:15:00+00:00,700,700,700,700,1
2026-08-20T09:30:00+00:00,699.5,699.5,699.5,699.5,2
2026-08-20T09:55:00+00:00,701,701,701,701,3
2026-08-20T10:00:00+00:00,703.5,703.5,703.5,703.5,3
2026-08-20T10:10:00+00:00,703.5,703.5,703.5,703.5,1
2026-08-20T10:15:00+00:00,703.5,703.5,703.5,703.5,2
2026-08-20T10:30:00+00:00,703,703,703,703,1
2026-08-20T10:35:00+00:00,703.5,703.5,703,703,4
2026-08-20T11:05:00+00:00,703.5,703.5,702,702,3
2026-08-20T11:15:00+00:00,701.5,701.5,701.5,701.5,1
2026-08-20T11:50:00+00:00,703,703,703,703,1
2026-08-20T12:00:00+00:00,705,705,705,705,1
2026-08-20T12:10:00+00:00,705,705,705,705,1
2026-08-20T12:30:00+00:00,704.5,704.5,704.5,704.5,2
2026-08-20T12:35:00+00:00,704,704.5,704,704,8
2026-08-20T12:40:00+00:00,704,704,703,703,3
2026-08-20T13:30:00+00:00,704,706,702,702,24
2026-08-20T13:35:00+00:00,702,705,702,705,4
2026-08-20T13:40:00+00:00,706,706.5,706,706.5,10
2026-08-20T13:45:00+00:00,705,706.5,705,706.5,5
2026-08-20T13:50:00+00:00,707,707,707,707,2
2026-08-20T14:00:00+00:00,705.5,705.5,705.5,705.5,3
2026-08-20T14:05:00+00:00,704,704,703,703,5
2026-08-20T14:10:00+00:00,705,705,705,705,1
2026-08-20T14:15:00+00:00,704.5,704.5,704.5,704.5,1
2026-08-20T14:20:00+00:00,704,704,704,704,2
2026-08-20T14:25:00+00:00,703,703,703,703,2
2026-08-20T14:35:00+00:00,702,702,702,702,20
2026-08-20T14:50:00+00:00,702,702,702,702,6
2026-08-20T15:00:00+00:00,702.5,704.5,702.5,704.5,6
2026-08-20T15:05:00+00:00,705.5,706,705.5,706,12
2026-08-20T15:15:00+00:00,707.5,707.5,707,707,3
2026-08-20T15:20:00+00:00,708,708,708,708,2
2026-08-20T15:25:00+00:00,706.5,706.5,706.5,706.5,1
2026-08-20T15:30:00+00:00,708,708,708,708,3
2026-08-20T15:40:00+00:00,704.5,704.5,704.5,704.5,1
2026-08-20T15:45:00+00:00,704,704,704,704,3
2026-08-20T15:55:00+00:00,701.5,701.5,701.5,701.5,2
2026-08-20T16:00:00+00:00,702,702,702,702,1
2026-08-20T16:05:00+00:00,703.5,703.5,703.5,703.5,2
2026-08-20T16:10:00+00:00,703,703,703,703,1
2026-08-20T16:20:00+00:00,702,702,701,701,2
2026-08-20T16:25:00+00:00,700.5,700.5,699.5,700.5,8
2026-08-20T16:40:00+00:00,698.5,698.5,698.5,698.5,3
2026-08-20T16:45:00+00:00,698,698,698,698,4
2026-08-20T16:50:00+00:00,698,698,698,698,2
2026-08-20T16:55:00+00:00,697,697.5,697,697.5,3
2026-08-20T17:00:00+00:00,697,697,695.5,695.5,4
2026-08-20T17:05:00+00:00,696,696.5,696,696.5,2
2026-08-20T17:20:00+00:00,698.5,698.5,698,698,7
2026-08-20T17:35:00+00:00,696.5,696.5,696,696,4
2026-08-20T17:45:00+00:00,699.5,700,699.5,700,3
2026-08-20T17:50:00+00:00,700,700,700,700,2
2026-08-20T18:05:00+00:00,697.5,698,697.5,698,3
2026-08-20T18:10:00+00:00,699.5,699.5,699.5,699.5,1
2026-08-20T18:15:00+00:00,699.5,699.5,698,699,5
2026-08-21T00:00:00+00:00,700.5,700.5,698,699,0
2026-08-21T00:55:00+00:00,699.5,699.5,699.5,699.5,2
2026-08-21T01:15:00+00:00,702,702,702,702,1
2026-08-21T01:25:00+00:00,702,702,702,702,1
2026-08-21T01:55:00+00:00,700.5,700.5,700.5,700.5,1
2026-08-21T02:00:00+00:00,701,701,701,701,1
2026-08-21T02:30:00+00:00,702,702,702,702,1
2026-08-21T03:30:00+00:00,703.5,703.5,703.5,703.5,6
2026-08-21T03:45:00+00:00,704,704,704,704,5
2026-08-21T03:50:00+00:00,705,705,705,705,1
2026-08-21T03:55:00+00:00,703.5,703.5,703.5,703.5,1
2026-08-21T04:10:00+00:00,702.5,702.5,702.5,702.5,1
2026-08-21T05:25:00+00:00,703,703,703,703,1
2026-08-21T05:35:00+00:00,704,704,704,704,1
2026-08-21T06:00:00+00:00,702,702.5,702,702.5,7
2026-08-21T06:05:00+00:00,702,702,702,702,14
2026-08-21T06:15:00+00:00,701.5,701.5,701.5,701.5,1
2026-08-21T06:25:00+00:00,701,702,701,702,2
2026-08-21T07:45:00+00:00,702.5,702.5,702.5,702.5,1
2026-08-21T07:50:00+00:00,702,702,702,702,1
2026-08-21T08:10:00+00:00,700.5,700.5,699.5,699.5,6
2026-08-21T08:20:00+00:00,701,701,701,701,6
2026-08-21T08:55:00+00:00,702.5,702.5,700,700,5
2026-08-21T09:00:00+00:00,700,700,699,699,4
2026-08-21T09:15:00+00:00,700.5,700.5,700.5,700.5,20
2026-08-21T09:20:00+00:00,701.5,701.5,701.5,701.5,3
2026-08-21T09:35:00+00:00,699.5,699.5,699.5,699.5,2
2026-08-21T09:45:00+00:00,699.5,699.5,699.5,699.5,1
2026-08-21T10:05:00+00:00,699.5,699.5,699.5,699.5,1
2026-08-21T10:15:00+00:00,698,699,698,699,3
2026-08-21T11:00:00+00:00,698.5,698.5,698.5,698.5,1
2026-08-21T11:20:00+00:00,695,695,694.5,694.5,8
2026-08-21T11:30:00+00:00,695.5,695.5,695.5,695.5,1
2026-08-21T11:40:00+00:00,693,693,692.5,692.5,4
2026-08-21T11:45:00+00:00,693.5,693.5,693,693,8
2026-08-21T11:50:00+00:00,693.5,693.5,693.5,693.5,8
2026-08-21T11:55:00+00:00,693.5,693.5,693.5,693.5,1
2026-08-21T12:05:00+00:00,696.5,696.5,696.5,696.5,2
2026-08-21T12:35:00+00:00,696.5,696.5,696.5,696.5,1
2026-08-21T13:30:00+00:00,698,698,695,695,14
2026-08-21T13:35:00+00:00,695,695.5,695,695.5,2
2026-08-21T13:40:00+00:00,697.5,697.5,696,697,6
2026-08-21T13:55:00+00:00,700,700.5,700,700.5,2
2026-08-21T14:00:00+00:00,698.5,698.5,698.5,698.5,1
2026-08-21T14:05:00+00:00,700,700.5,699.5,699.5,4
2026-08-21T14:10:00+00:00,700.5,700.5,700.5,700.5,5
2026-08-21T14:15:00+00:00,700,700,700,700,1
2026-08-21T14:25:00+00:00,702,702,702,702,2
2026-08-21T14:50:00+00:00,698.5,698.5,698.5,698.5,3
2026-08-21T15:00:00+00:00,699,699,699,699,1
2026-08-21T15:05:00+00:00,700,700,699,699,6
2026-08-21T15:30:00+00:00,697.5,697.5,695.5,695.5,3
2026-08-21T15:35:00+00:00,695,695,695,695,1
2026-08-21T15:40:00+00:00,695,695,695,695,2
2026-08-21T15:45:00+00:00,696,696,696,696,2
2026-08-21T16:00:00+00:00,697.5,698.5,697.5,698.5,3
2026-08-21T16:05:00+00:00,698.5,698.5,698.5,698.5,3
2026-08-21T16:10:00+00:00,697.5,697.5,697.5,697.5,4
2026-08-21T16:30:00+00:00,698.5,698.5,698.5,698.5,1
2026-08-21T16:40:00+00:00,697,697,697,697,2
2026-08-21T17:05:00+00:00,697,697.5,697,697.5,2
2026-08-21T17:15:00+00:00,696.5,697,696.5,697,5
2026-08-21T17:20:00+00:00,697.5,697.5,697,697,4
2026-08-21T17:30:00+00:00,698,698,698,698,1
2026-08-21T17:40:00+00:00,700,700,700,700,2
2026-08-21T17:45:00+00:00,699.5,699.5,699.5,699.5,1
2026-08-21T17:55:00+00:00,698.5,698.5,698.5,698.5,4
2026-08-21T18:05:00+00:00,698,698,698,698,1
2026-08-21T18:10:00+00:00,699.5,699.5,699.5,699.5,1
2026-08-21T18:15:00+00:00,700,700.5,699,699.5,4
2026-08-24T00:00:00+00:00,704,707,704,706,5
2026-08-24T00:05:00+00:00,707,707,707,707,1
2026-08-24T00:15:00+00:00,709,709.5,708,708,10
2026-08-24T00:30:00+00:00,707,707,707,707,1
2026-08-24T00:35:00+00:00,707,707,706.5,706.5,2
2026-08-24T00:40:00+00:00,706,706,706,706,1
2026-08-24T00:50:00+00:00,709,709,709,709,1
2026-08-24T01:00:00+00:00,710,710.5,710,710,7
2026-08-24T01:05:00+00:00,710.5,712,710.5,711.5,29
2026-08-24T01:20:00+00:00,710,711,710,711,10
2026-08-24T01:25:00+00:00,710.5,711,710.5,711,3
2026-08-24T01:40:00+00:00,711,711.5,711,711.5,13
2026-08-24T01:45:00+00:00,711.5,712.5,711.5,712.5,15
2026-08-24T01:55:00+00:00,712,712.5,712,712.5,2
2026-08-24T02:00:00+00:00,712,712,711,711,5
2026-08-24T02:05:00+00:00,711.5,712.5,711.5,712.5,9
2026-08-24T02:10:00+00:00,712.5,712.5,712.5,712.5,2
2026-08-24T02:15:00+00:00,712,712,712,712,1
2026-08-24T02:20:00+00:00,712.5,712.5,712.5,712.5,1
2026-08-24T02:25:00+00:00,712.5,712.5,712,712,3
2026-08-24T02:40:00+00:00,712.5,712.5,712.5,712.5,2
2026-08-24T02:45:00+00:00,711.5,712,711.5,712,2
2026-08-24T02:50:00+00:00,712.5,712.5,712.5,712.5,10
2026-08-24T02:55:00+00:00,713,713,713,713,1
2026-08-24T03:00:00+00:00,713,713,713,713,3
2026-08-24T03:05:00+00:00,712,712.5,712,712.5,2
2026-08-24T03:10:00+00:00,712,712,712,712,1
2026-08-24T03:15:00+00:00,712,712.5,712,712.5,2
2026-08-24T03:20:00+00:00,712.5,712.5,712.5,712.5,1
2026-08-24T03:25:00+00:00,712,712,712,712,2
2026-08-24T03:30:00+00:00,712,712,712,712,1
2026-08-24T03:35:00+00:00,711.5,712,711.5,712,6
2026-08-24T03:40:00+00:00,712.5,712.5,712.5,712.5,6
2026-08-24T04:35:00+00:00,710,710,709,709,21
2026-08-24T04:40:00+00:00,709,709,709,709,1
2026-08-24T04:45:00+00:00,709,709,709,709,2
2026-08-24T04:55:00+00:00,708.5,708.5,708.5,708.5,1
2026-08-24T05:10:00+00:00,709.5,709.5,709.5,709.5,1
2026-08-24T05:35:00+00:00,710,710,710,710,1
2026-08-24T06:05:00+00:00,707,707,707,707,3
2026-08-24T06:15:00+00:00,706,706.5,706,706.5,6
2026-08-24T06:20:00+00:00,706.5,706.5,706.5,706.5,1
2026-08-24T06:25:00+00:00,708,708,708,708,1
2026-08-24T06:30:00+00:00,708.5,708.5,708.5,708.5,1
2026-08-24T06:35:00+00:00,709.5,709.5,709.5,709.5,3
2026-08-24T06:40:00+00:00,709,709,709,709,1
2026-08-24T06:50:00+00:00,710,710,708,708,6
2026-08-24T07:00:00+00:00,708,708,708,708,1
2026-08-24T07:30:00+00:00,708,708,708,708,1
2026-08-24T07:40:00+00:00,710,710,710,710,3
2026-08-24T07:45:00+00:00,710,710,710,710,1
2026-08-24T07:50:00+00:00,709.5,709.5,709.5,709.5,6
2026-08-24T08:10:00+00:00,711,711.5,711,711.5,7
2026-08-24T08:30:00+00:00,708.5,708.5,708.5,708.5,1
2026-08-24T08:45:00+00:00,707,707,707,707,1
2026-08-24T09:05:00+00:00,706.5,707,706.5,707,5
2026-08-24T09:45:00+00:00,708.5,708.5,708.5,708.5,3
2026-08-24T10:00:00+00:00,710,710.5,710,710.5,10
2026-08-24T10:20:00+00:00,711.5,711.5,711.5,711.5,1
2026-08-24T10:25:00+00:00,711.5,711.5,711.5,711.5,3
2026-08-24T10:30:00+00:00,711.5,712,711.5,711.5,9
2026-08-24T10:35:00+00:00,712,712,712,712,4
2026-08-24T10:45:00+00:00,712.5,714,712.5,714,26
2026-08-24T10:50:00+00:00,714.5,714.5,714.5,714.5,4
2026-08-24T11:00:00+00:00,712,712,711.5,711.5,3
2026-08-24T11:10:00+00:00,712,712.5,712,712.5,4
2026-08-24T11:15:00+00:00,713,713,712.5,712.5,2
2026-08-24T11:30:00+00:00,712,712,712,712,1
2026-08-24T11:40:00+00:00,712,712.5,711.5,711.5,9
2026-08-24T11:55:00+00:00,712.5,712.5,712.5,712.5,4
2026-08-24T12:00:00+00:00,711.5,711.5,711,711,5
2026-08-24T12:05:00+00:00,711,712.5,711,712.5,11
2026-08-24T12:10:00+00:00,712.5,712.5,712.5,712.5,1
2026-08-24T12:15:00+00:00,712,712,712,712,1
2026-08-24T12:20:00+00:00,711.5,711.5,710.5,710.5,13
2026-08-24T12:35:00+00:00,710,710,709.5,709.5,9
2026-08-24T12:40:00+00:00,709,709,708.5,709,12
2026-08-24T13:30:00+00:00,708.5,709,706.5,708.5,31
2026-08-24T13:35:00+00:00,706,706.5,704,704.5,32
2026-08-24T13:40:00+00:00,704.5,706,704.5,706,10
2026-08-24T13:45:00+00:00,705,705,705,705,1
2026-08-24T13:50:00+00:00,704,705.5,704,705.5,3
2026-08-24T13:55:00+00:00,707.5,708,707.5,708,7
2026-08-24T14:00:00+00:00,707,707,699.5,702.5,73
2026-08-24T14:05:00+00:00,699,701.5,697,700.5,89
2026-08-24T14:10:00+00:00,701.5,701.5,701.5,701.5,2
2026-08-24T14:15:00+00:00,700.5,701.5,700.5,701.5,3
2026-08-24T14:20:00+00:00,701,701,701,701,2
2026-08-24T14:25:00+00:00,699,699,699,699,1
2026-08-24T14:30:00+00:00,700.5,701,700.5,701,3
2026-08-24T14:35:00+00:00,702,702,701,701,2
2026-08-24T14:40:00+00:00,701,701,701,701,1
2026-08-24T14:45:00+00:00,699.5,699.5,697.5,697.5,5
2026-08-24T14:50:00+00:00,698.5,698.5,698,698,4
2026-08-24T14:55:00+00:00,698.5,698.5,698.5,698.5,3
2026-08-24T15:25:00+00:00,704,704.5,704,704.5,2
2026-08-24T15:50:00+00:00,701.5,701.5,701.5,701.5,3
2026-08-24T15:55:00+00:00,702,702,702,702,3
2026-08-24T16:00:00+00:00,703.5,703.5,703.5,703.5,2
2026-08-24T16:05:00+00:00,703.5,704.5,703.5,704.5,6
2026-08-24T16:10:00+00:00,705,705,705,705,1
2026-08-24T16:15:00+00:00,706,706,706,706,1
2026-08-24T16:20:00+00:00,706.5,707,706,706,11
2026-08-24T16:25:00+00:00,706.5,706.5,706.5,706.5,1
2026-08-24T16:30:00+00:00,707.5,708,707.5,708,2
2026-08-24T16:35:00+00:00,706,706,706,706,2
2026-08-24T16:50:00+00:00,704.5,704.5,704,704,3
2026-08-24T16:55:00+00:00,704,704,704,704,2
2026-08-24T17:00:00+00:00,704,704,704,704,1
2026-08-24T17:10:00+00:00,703.5,703.5,703.5,703.5,3
2026-08-24T17:15:00+00:00,702,702,701.5,701.5,2
2026-08-24T17:40:00+00:00,702.5,702.5,702,702,3
2026-08-24T17:45:00+00:00,701,701,700,700,3
2026-08-24T17:50:00+00:00,698.5,698.5,698.5,698.5,6
2026-08-24T17:55:00+00:00,698.5,698.5,698.5,698.5,1
2026-08-24T18:15:00+00:00,699,700,699,700,8
2026-08-25T00:05:00+00:00,702.5,702.5,702.5,702.5,0
2026-08-25T00:10:00+00:00,702.5,702.5,702.5,702.5,1
2026-08-25T00:55:00+00:00,699,699,698.5,698.5,9
2026-08-25T01:45:00+00:00,700,700,700,700,1
2026-08-25T02:05:00+00:00,700,700,700,700,1
2026-08-25T03:20:00+00:00,701.5,701.5,701.5,701.5,3
2026-08-25T03:50:00+00:00,701.5,701.5,701.5,701.5,2
2026-08-25T04:25:00+00:00,702.5,702.5,702.5,702.5,2
2026-08-25T05:05:00+00:00,704,704,703,703,6
2026-08-25T06:40:00+00:00,703,703,703,703,1
2026-08-25T06:55:00+00:00,704,704,703,703,11
2026-08-25T07:05:00+00:00,705,705,705,705,7
2026-08-25T07:10:00+00:00,705,705,705,705,2
2026-08-25T07:15:00+00:00,705,705,704.5,704.5,8
2026-08-25T07:25:00+00:00,704,704,704,704,1
2026-08-25T07:30:00+00:00,704,704,704,704,1
2026-08-25T07:40:00+00:00,701.5,701.5,701,701,3
2026-08-25T07:45:00+00:00,701,701,701,701,6
2026-08-25T07:50:00+00:00,700,700,700,700,1
2026-08-25T08:00:00+00:00,698.5,698.5,698.5,698.5,1
2026-08-25T08:05:00+00:00,697.5,699,697.5,699,4
2026-08-25T08:10:00+00:00,699,699,697.5,697.5,2
2026-08-25T08:20:00+00:00,696.5,696.5,696.5,696.5,4
2026-08-25T08:25:00+00:00,696.5,697,696,697,5
2026-08-25T08:45:00+00:00,697,697,697,697,3
2026-08-25T08:50:00+00:00,696,696,695.5,695.5,2
2026-08-25T09:00:00+00:00,695,695,695,695,8
2026-08-25T09:20:00+00:00,696,696,693,694,29
2026-08-25T09:25:00+00:00,693.5,693.5,693.5,693.5,1
2026-08-25T09:30:00+00:00,694.5,694.5,694.5,694.5,3
2026-08-25T09:35:00+00:00,694.5,694.5,694.5,694.5,2
2026-08-25T09:50:00+00:00,693.5,693.5,693.5,693.5,1
2026-08-25T10:15:00+00:00,692,692,691.5,691.5,14
2026-08-25T10:35:00+00:00,690,690,689.5,689.5,17
2026-08-25T10:40:00+00:00,690.5,690.5,690.5,690.5,1
2026-08-25T10:45:00+00:00,690.5,690.5,690.5,690.5,2
2026-08-25T10:55:00+00:00,689,689,689,689,8
2026-08-25T11:15:00+00:00,699.5,699.5,699.5,699.5,11
2026-08-25T11:20:00+00:00,687,687.5,687,687.5,11
2026-08-25T11:25:00+00:00,687,687,686,687,23
2026-08-25T11:30:00+00:00,686.5,686.5,686,686,2
2026-08-25T11:35:00+00:00,685,686.5,685,686.5,10
2026-08-25T11:40:00+00:00,686.5,686.5,686.5,686.5,1
2026-08-25T11:45:00+00:00,688,688,688,688,2
2026-08-25T12:00:00+00:00,690,690,690,690,1
2026-08-25T12:05:00+00:00,690,690,690,690,3
2026-08-25T12:10:00+00:00,690,691.5,690,691.5,8
2026-08-25T12:20:00+00:00,690.5,690.5,690,690,3
2026-08-25T12:30:00+00:00,690,690,690,690,2
2026-08-25T12:40:00+00:00,690,690,690,690,2
2026-08-25T13:30:00+00:00,691,693.5,691,693.5,6
2026-08-25T13:35:00+00:00,694.5,695,694.5,695,2
2026-08-25T13:40:00+00:00,694.5,695.5,694.5,695.5,4
2026-08-25T13:45:00+00:00,695,695,695,695,1
2026-08-25T13:50:00+00:00,698,699,698,699,2
2026-08-25T13:55:00+00:00,700,701.5,700,701.5,15
2026-08-25T14:00:00+00:00,702.5,703,702.5,703,9
2026-08-25T14:05:00+00:00,700.5,700.5,700,700,3
2026-08-25T14:10:00+00:00,697.5,697.5,695,695,17
2026-08-25T14:15:00+00:00,699,699,699,699,3
2026-08-25T14:30:00+00:00,698,698,697,698,13
2026-08-25T14:35:00+00:00,700,700.5,700,700.5,13
2026-08-25T14:40:00+00:00,700,700,700,700,1
2026-08-25T15:20:00+00:00,699.5,701,699.5,701,12
2026-08-25T15:25:00+00:00,700.5,700.5,700.5,700.5,1
2026-08-25T15:30:00+00:00,699.5,699.5,699.5,699.5,4
2026-08-25T15:35:00+00:00,702,702,702,702,1
2026-08-25T15:45:00+00:00,703,703,703,703,5
2026-08-25T16:00:00+00:00,701,701,701,701,2
2026-08-25T16:10:00+00:00,701.5,701.5,701.5,701.5,1
2026-08-25T16:15:00+00:00,701,701,701,701,3
2026-08-25T16:25:00+00:00,702,703,702,703,2
2026-08-25T16:30:00+00:00,703,703,702,702,4
2026-08-25T16:40:00+00:00,704,704,704,704,1
2026-08-25T17:00:00+00:00,702,702,701,701,2
2026-08-25T17:45:00+00:00,702,702,702,702,2
2026-08-25T18:00:00+00:00,703.5,704,702,702,3
2026-08-25T18:05:00+00:00,702.5,702.5,702.5,702.5,43
2026-08-25T18:15:00+00:00,703.5,703.5,703.5,703.5,2
2026-08-26T00:00:00+00:00,704,705,704,705,0
2026-08-26T00:05:00+00:00,704.5,704.5,703.5,703.5,3
2026-08-26T00:15:00+00:00,703,703.5,703,703.5,6
2026-08-26T00:50:00+00:00,703.5,703.5,703.5,703.5,1
2026-08-26T01:15:00+00:00,707.5,708,707.5,708,14
2026-08-26T01:20:00+00:00,707.5,708,707,707,8
2026-08-26T01:30:00+00:00,709.5,711,709.5,711,17
2026-08-26T01:35:00+00:00,711.5,711.5,711.5,711.5,2
2026-08-26T01:40:00+00:00,712,712,712,712,5
2026-08-26T01:45:00+00:00,712.5,714,712.5,713,23
2026-08-26T01:50:00+00:00,713.5,713.5,712.5,712.5,8
2026-08-26T01:55:00+00:00,712.5,715,712.5,715,54
2026-08-26T02:00:00+00:00,713,713.5,713,713,7
2026-08-26T02:05:00+00:00,712.5,713.5,712.5,713.5,2
2026-08-26T02:10:00+00:00,713.5,713.5,713.5,713.5,3
2026-08-26T02:15:00+00:00,712.5,712.5,712.5,712.5,1
2026-08-26T02:30:00+00:00,712.5,712.5,712.5,712.5,3
2026-08-26T02:50:00+00:00,713.5,713.5,713.5,713.5,1
2026-08-26T03:15:00+00:00,712,712,712,712,2
2026-08-26T03:45:00+00:00,711.5,711.5,711,711,8
2026-08-26T04:10:00+00:00,712,712,712,712,1
2026-08-26T04:35:00+00:00,711.5,711.5,711.5,711.5,4
2026-08-26T05:05:00+00:00,712,712,712,712,2
2026-08-26T05:25:00+00:00,711.5,711.5,711.5,711.5,1
2026-08-26T05:40:00+00:00,713,713.5,713,713.5,4
2026-08-26T05:50:00+00:00,713.5,713.5,713.5,713.5,1
2026-08-26T06:00:00+00:00,712,712,712,712,1
2026-08-26T06:05:00+00:00,712,712,712,712,2
2026-08-26T06:30:00+00:00,711.5,711.5,711.5,711.5,2
2026-08-26T06:35:00+00:00,711.5,711.5,711.5,711.5,1
2026-08-26T06:40:00+00:00,711,711,710,710,8
2026-08-26T06:50:00+00:00,710,710,710,710,1
2026-08-26T07:10:00+00:00,711.5,711.5,711.5,711.5,8
2026-08-26T07:45:00+00:00,711,711,711,711,1
2026-08-26T07:55:00+00:00,711,712,711,712,5
2026-08-26T08:00:00+00:00,713,713,713,713,1
2026-08-26T08:05:00+00:00,714,714,714,714,4
2026-08-26T08:15:00+00:00,714.5,714.5,714.5,714.5,3
2026-08-26T08:20:00+00:00,714.5,715,714.5,715,14
2026-08-26T08:25:00+00:00,715,715,715,715,1
2026-08-26T08:30:00+00:00,713,713,713,713,1
2026-08-26T08:35:00+00:00,713.5,713.5,713.5,713.5,7
2026-08-26T08:45:00+00:00,715.5,716.5,715.5,716.5,31
2026-08-26T08:50:00+00:00,715.5,715.5,715.5,715.5,3
2026-08-26T08:55:00+00:00,713.5,713.5,713.5,713.5,2
2026-08-26T09:00:00+00:00,715,715,715,715,2
2026-08-26T09:05:00+00:00,714,714,714,714,1
2026-08-26T09:10:00+00:00,716,716,716,716,1
2026-08-26T09:15:00+00:00,716.5,716.5,716.5,716.5,1
2026-08-26T09:20:00+00:00,717,717.5,717,717.5,6
2026-08-26T09:30:00+00:00,717,717,717,717,1
2026-08-26T09:40:00+00:00,715.5,715.5,715.5,715.5,2
2026-08-26T09:50:00+00:00,717.5,717.5,717.5,717.5,2
2026-08-26T10:05:00+00:00,717,717,716,716,2
2026-08-26T10:10:00+00:00,715.5,715.5,715.5,715.5,1
2026-08-26T10:15:00+00:00,715,715,715,715,3
2026-08-26T10:20:00+00:00,715,715,715,715,1
2026-08-26T10:25:00+00:00,714.5,714.5,714.5,714.5,1
2026-08-26T10:45:00+00:00,714.5,714.5,714.5,714.5,1
2026-08-26T11:00:00+00:00,714,714,714,714,1
2026-08-26T11:30:00+00:00,713,713,713,713,1
2026-08-26T11:35:00+00:00,715,715,715,715,4
2026-08-26T11:40:00+00:00,716,717,716,717,2
2026-08-26T11:45:00+00:00,718,718.5,718,718,11
2026-08-26T11:50:00+00:00,718,719,718,719,34
2026-08-26T12:00:00+00:00,717,717.5,717,717.5,2
2026-08-26T12:05:00+00:00,717.5,717.5,717.5,717.5,2
2026-08-26T12:10:00+00:00,716,717.5,716,717.5,6
2026-08-26T12:15:00+00:00,718,718,718,718,4
2026-08-26T12:20:00+00:00,717,717,716.5,717,9
2026-08-26T12:25:00+00:00,716.5,717,716.5,717,2
2026-08-26T12:35:00+00:00,715.5,715.5,715.5,715.5,1
2026-08-26T12:40:00+00:00,715,715,715,715,1
2026-08-26T13:30:00+00:00,717.5,720,714.5,717.5,54
2026-08-26T13:35:00+00:00,716.5,717,716,716,3
2026-08-26T13:40:00+00:00,717,718,717,718,18
2026-08-26T13:45:00+00:00,718.5,718.5,715.5,715.5,14
2026-08-26T13:50:00+00:00,716,718.5,716,718.5,32
2026-08-26T13:55:00+00:00,719,721.5,719,721.5,53
2026-08-26T14:00:00+00:00,721,721,721,721,4
2026-08-26T14:05:00+00:00,721.5,721.5,716.5,716.5,5
2026-08-26T14:10:00+00:00,715,715.5,713,713,29
2026-08-26T14:15:00+00:00,713.5,715,713,713,13
2026-08-26T14:20:00+00:00,714,714.5,711.5,711.5,31
2026-08-26T14:25:00+00:00,712.5,713,711,711,12
2026-08-26T14:30:00+00:00,710.5,710.5,710.5,710.5,3
2026-08-26T14:35:00+00:00,713.5,713.5,713.5,713.5,17
2026-08-26T14:40:00+00:00,713,713,713,713,2
2026-08-26T14:50:00+00:00,713.5,713.5,713.5,713.5,2
2026-08-26T14:55:00+00:00,713.5,714,713.5,713.5,4
2026-08-26T15:00:00+00:00,714,714,714,714,4
2026-08-26T15:05:00+00:00,714,714,714,714,1
2026-08-26T15:10:00+00:00,716.5,718,716.5,718,11
2026-08-26T15:15:00+00:00,716,717.5,716,717.5,5
2026-08-26T15:20:00+00:00,717,717.5,717,717.5,2
2026-08-26T15:30:00+00:00,718.5,719,718,719,8
2026-08-26T15:35:00+00:00,717.5,717.5,717.5,717.5,1
2026-08-26T15:40:00+00:00,719,721,719,721,23
2026-08-26T15:45:00+00:00,720.5,720.5,720,720,4
2026-08-26T15:50:00+00:00,721,726,721,726,93
2026-08-26T15:55:00+00:00,726,734,725.5,734,74
2026-08-26T16:00:00+00:00,734,735.5,733.5,735,24
2026-08-26T16:05:00+00:00,735,735,731.5,732,30
2026-08-26T16:10:00+00:00,734,736,733.5,736,13
2026-08-26T16:15:00+00:00,735.5,739.5,735.5,737.5,43
2026-08-26T16:20:00+00:00,739,740,739,740,10
2026-08-26T16:25:00+00:00,740.5,741,739,739.5,13
2026-08-26T16:30:00+00:00,739.5,741,739.5,740,13
2026-08-26T16:35:00+00:00,740.5,741.5,740,741.5,17
2026-08-26T16:40:00+00:00,740.5,741,740.5,741,6
2026-08-26T16:45:00+00:00,742,743.5,742,742,11
2026-08-26T16:50:00+00:00,742.5,744,742.5,744,4
2026-08-26T16:55:00+00:00,744.5,746,744,746,14
2026-08-26T17:00:00+00:00,745,748,744.5,747,27
2026-08-26T17:05:00+00:00,745.5,748,744,744,20
2026-08-26T17:10:00+00:00,748,748,748,748,1
2026-08-26T17:15:00+00:00,747.5,748,747.5,747.5,5
2026-08-26T17:20:00+00:00,747.5,748,747.5,748,4
2026-08-26T17:25:00+00:00,748,748,748,748,2
2026-08-26T17:30:00+00:00,748,748,747.5,748,5
2026-08-26T17:35:00+00:00,747.5,748,747.5,748,2
2026-08-26T17:40:00+00:00,747.5,747.5,747,747,2
2026-08-26T17:45:00+00:00,747.5,747.5,747,747,23
2026-08-26T17:50:00+00:00,747,747,747,747,1
2026-08-26T17:55:00+00:00,747,748,747,748,6
2026-08-26T18:00:00+00:00,747.5,747.5,747.5,747.5,1
2026-08-26T18:05:00+00:00,747.5,747.5,747.5,747.5,1
2026-08-26T18:10:00+00:00,747.5,748,747.5,748,5
2026-08-26T18:15:00+00:00,748,748,747.5,747.5,3
2026-08-27T00:00:00+00:00,747,748,741,741.5,0
2026-08-27T00:10:00+00:00,746,749.5,746,749.5,11
2026-08-27T00:15:00+00:00,749.5,753,749.5,753,37
2026-08-27T00:20:00+00:00,753.5,754.5,753,754.5,9
2026-08-27T00:25:00+00:00,755,756,755,756,12
2026-08-27T00:30:00+00:00,759,759.5,759,759.5,3
2026-08-27T00:35:00+00:00,760,763,760,763,16
2026-08-27T00:40:00+00:00,764,765,764,765,6
2026-08-27T00:45:00+00:00,765.5,766.5,764,764,8
2026-08-27T00:55:00+00:00,764,764.5,764,764.5,2
2026-08-27T01:00:00+00:00,766.5,766.5,765.5,765.5,11
2026-08-27T01:05:00+00:00,763.5,764,762,762,3
2026-08-27T01:10:00+00:00,763,763,763,763,1
2026-08-27T01:15:00+00:00,761.5,762,761,762,14
2026-08-27T01:20:00+00:00,761.5,762,761,761,7
2026-08-27T01:25:00+00:00,760.5,761,760.5,761,11
2026-08-27T01:30:00+00:00,762.5,762.5,762.5,762.5,2
2026-08-27T01:35:00+00:00,761,761,760.5,761,4
2026-08-27T01:40:00+00:00,763,763,761.5,761.5,2
2026-08-27T01:45:00+00:00,763,763,763,763,2
2026-08-27T01:50:00+00:00,761,761,760,760,9
2026-08-27T01:55:00+00:00,759.5,759.5,759.5,759.5,2
2026-08-27T02:00:00+00:00,762,762,762,762,3
2026-08-27T02:05:00+00:00,762,762,761,761,4
2026-08-27T02:10:00+00:00,760.5,760.5,760.5,760.5,1
2026-08-27T02:25:00+00:00,761.5,761.5,761.5,761.5,1
2026-08-27T02:35:00+00:00,759.5,760.5,759.5,760.5,4
2026-08-27T02:40:00+00:00,760.5,760.5,760.5,760.5,2
2026-08-27T02:45:00+00:00,762.5,762.5,760.5,760.5,8
2026-08-27T03:05:00+00:00,759,759,758.5,758.5,17
2026-08-27T03:20:00+00:00,758,758,757.5,757.5,19
2026-08-27T03:25:00+00:00,757,757.5,756,756,14
2026-08-27T03:35:00+00:00,756.5,756.5,756.5,756.5,1
2026-08-27T03:40:00+00:00,758,758,758,758,5
2026-08-27T03:50:00+00:00,758,758,758,758,3
2026-08-27T03:55:00+00:00,757,757,757,757,1
2026-08-27T04:00:00+00:00,757.5,757.5,757.5,757.5,1
2026-08-27T04:10:00+00:00,757.5,757.5,757.5,757.5,1
2026-08-27T04:25:00+00:00,758.5,758.5,758.5,758.5,1
2026-08-27T04:30:00+00:00,758.5,758.5,758.5,758.5,1
2026-08-27T04:40:00+00:00,756.5,756.5,756.5,756.5,1
2026-08-27T05:00:00+00:00,755.5,755.5,754.5,754.5,11
2026-08-27T05:10:00+00:00,754,754,754,754,2
2026-08-27T05:15:00+00:00,755,755,753.5,753.5,3
2026-08-27T05:20:00+00:00,753,753,753,753,1
2026-08-27T05:25:00+00:00,752,752,751,751,4
2026-08-27T05:45:00+00:00,750.5,750.5,750.5,750.5,4
2026-08-27T05:50:00+00:00,751,751,749.5,750,18
2026-08-27T06:05:00+00:00,752,752,752,752,1
2026-08-27T06:15:00+00:00,751,751,751,751,1
2026-08-27T06:30:00+00:00,751.5,751.5,751.5,751.5,1
2026-08-27T06:35:00+00:00,753,753,753,753,1
2026-08-27T06:40:00+00:00,752.5,753.5,752.5,753.5,5
2026-08-27T06:45:00+00:00,755,755.5,754,754.5,9
2026-08-27T06:50:00+00:00,753.5,754.5,753.5,754.5,2
2026-08-27T06:55:00+00:00,754,754,754,754,2
2026-08-27T07:00:00+00:00,753.5,753.5,751,751,11
2026-08-27T07:05:00+00:00,753,753,748,748,16
2026-08-27T07:10:00+00:00,752,752,752,752,2
2026-08-27T07:15:00+00:00,750.5,751,750,751,13
2026-08-27T07:20:00+00:00,751,751,749.5,749.5,10
2026-08-27T07:25:00+00:00,747.5,749,746.5,748,15
2026-08-27T07:30:00+00:00,748.5,751,748.5,749.5,15
2026-08-27T07:35:00+00:00,749.5,753,749.5,753,13
2026-08-27T07:40:00+00:00,754,754,754,754,3
2026-08-27T07:45:00+00:00,753.5,755,753.5,754.5,16
2026-08-27T07:50:00+00:00,753.5,754,753.5,754,2
2026-08-27T07:55:00+00:00,756,756,755.5,756,11
2026-08-27T08:00:00+00:00,754,754,754,754,2
2026-08-27T08:05:00+00:00,753.5,753.5,753.5,753.5,5
2026-08-27T08:10:00+00:00,754.5,754.5,754,754,9
2026-08-27T08:20:00+00:00,755.5,756,755.5,756,2
2026-08-27T08:25:00+00:00,755.5,756,755.5,756,6
2026-08-27T08:30:00+00:00,758,758,757.5,757.5,4
2026-08-27T08:35:00+00:00,755,755,754,754,8
2026-08-27T08:40:00+00:00,754,755,752.5,753,9
2026-08-27T08:45:00+00:00,753,753,750,750,11
2026-08-27T08:50:00+00:00,751,751.5,751,751.5,7
2026-08-27T08:55:00+00:00,754,754,754,754,1
2026-08-27T09:00:00+00:00,750,750,747,749.5,15
2026-08-27T09:05:00+00:00,750.5,750.5,750.5,750.5,3
2026-08-27T09:10:00+00:00,749.5,749.5,749.5,749.5,2
2026-08-27T09:15:00+00:00,751.5,752,751.5,752,2
2026-08-27T09:35:00+00:00,751.5,751.5,749.5,749.5,3
2026-08-27T09:40:00+00:00,750.5,750.5,749.5,749.5,9
2026-08-27T09:45:00+00:00,748.5,748.5,748.5,748.5,1
2026-08-27T09:55:00+00:00,748.5,748.5,748.5,748.5,2
2026-08-27T10:00:00+00:00,748.5,749,748.5,749,5
2026-08-27T10:05:00+00:00,749,749,749,749,1
2026-08-27T10:10:00+00:00,750,750,750,750,2
2026-08-27T10:15:00+00:00,748,748,747,747,6
2026-08-27T10:20:00+00:00,747,747,746.5,746.5,2
2026-08-27T10:35:00+00:00,746.5,746.5,746.5,746.5,1
2026-08-27T10:40:00+00:00,748,748,748,748,1
2026-08-27T10:50:00+00:00,749,749,749,749,2
2026-08-27T10:55:00+00:00,750,750.5,749,750.5,9
2026-08-27T11:00:00+00:00,751,752,751,752,3
2026-08-27T11:05:00+00:00,752,752,752,752,2
2026-08-27T11:10:00+00:00,752.5,753,752.5,753,7
2026-08-27T11:20:00+00:00,754,754,754,754,3
2026-08-27T11:25:00+00:00,755,755.5,754.5,755.5,9
2026-08-27T11:30:00+00:00,755,755,754.5,754.5,7
2026-08-27T11:45:00+00:00,754.5,754.5,754.5,754.5,3
2026-08-27T11:50:00+00:00,754.5,754.5,750.5,750.5,3
2026-08-27T11:55:00+00:00,750,750,750,750,1
2026-08-27T12:00:00+00:00,749,755,749,755,14
2026-08-27T12:05:00+00:00,756,756,756,756,3
2026-08-27T12:15:00+00:00,753.5,753.5,753,753,6
2026-08-27T12:20:00+00:00,753,753,753,753,1
2026-08-27T12:25:00+00:00,752,752,752,752,1
2026-08-27T12:30:00+00:00,751,751,751,751,1
2026-08-27T12:35:00+00:00,752,752,752,752,1
2026-08-27T13:30:00+00:00,752.5,754,748,748,19
2026-08-27T13:35:00+00:00,747.5,749,747,749,5
2026-08-27T13:40:00+00:00,750,750,745,745,18
2026-08-27T13:45:00+00:00,743.5,747.5,743,747.5,14
2026-08-27T13:50:00+00:00,748.5,750,748.5,750,6
2026-08-27T13:55:00+00:00,749.5,753,749.5,753,9
2026-08-27T14:00:00+00:00,751,751,749,749,4
2026-08-27T14:05:00+00:00,750,750,750,750,6
2026-08-27T14:10:00+00:00,751.5,752,751.5,752,3
2026-08-27T14:15:00+00:00,751.5,752.5,751.5,751.5,3
2026-08-27T14:20:00+00:00,751,751,748,748,4
2026-08-27T14:25:00+00:00,749,751.5,749,751.5,4
2026-08-27T14:30:00+00:00,751,752.5,751,752.5,7
2026-08-27T14:35:00+00:00,753.5,754.5,753.5,754.5,8
2026-08-27T14:40:00+00:00,754.5,756,754.5,756,13
2026-08-27T14:45:00+00:00,756,756,756,756,2
2026-08-27T14:50:00+00:00,757,758.5,757,757.5,6
2026-08-27T14:55:00+00:00,757,757.5,756.5,756.5,8
2026-08-27T15:00:00+00:00,754,759,754,759,7
2026-08-27T15:05:00+00:00,758.5,759,758.5,759,5
2026-08-27T15:10:00+00:00,759,760,759,760,24
2026-08-27T15:15:00+00:00,760,760.5,760,760.5,2
2026-08-27T15:20:00+00:00,761,762,761,762,24
2026-08-27T15:25:00+00:00,762,762.5,761.5,762.5,6
2026-08-27T15:30:00+00:00,762,762.5,761.5,761.5,7
2026-08-27T15:40:00+00:00,759.5,760,759,760,7
2026-08-27T15:45:00+00:00,761,761,761,761,6
2026-08-27T15:50:00+00:00,760.5,760.5,760.5,760.5,1
2026-08-27T15:55:00+00:00,761.5,761.5,761.5,761.5,1
2026-08-27T16:00:00+00:00,762,762,758.5,758.5,8
2026-08-27T16:05:00+00:00,758.5,758.5,758.5,758.5,1
2026-08-27T16:10:00+00:00,759.5,759.5,759,759,3
2026-08-27T16:15:00+00:00,758.5,759,758.5,759,2
2026-08-27T16:20:00+00:00,760.5,760.5,760.5,760.5,1
2026-08-27T16:25:00+00:00,758,758,757.5,757.5,3
2026-08-27T16:30:00+00:00,756.5,756.5,754.5,755,25
2026-08-27T16:45:00+00:00,756.5,756.5,756.5,756.5,1
2026-08-27T16:50:00+00:00,755.5,755.5,755.5,755.5,1
2026-08-27T17:00:00+00:00,758,758,758,758,1
2026-08-27T17:05:00+00:00,757.5,757.5,757.5,757.5,1
2026-08-27T17:10:00+00:00,759,759.5,759,759.5,3
2026-08-27T17:15:00+00:00,759,760,759,760,5
2026-08-27T17:20:00+00:00,760.5,761.5,760.5,761.5,7
2026-08-27T17:25:00+00:00,762,764,762,764,16
2026-08-27T17:30:00+00:00,762,762,762,762,2
2026-08-27T17:40:00+00:00,762,762,761.5,761.5,8
2026-08-27T17:45:00+00:00,762,762,762,762,2
2026-08-27T17:50:00+00:00,761.5,762,761.5,762,3
2026-08-27T17:55:00+00:00,762.5,763,762.5,763,4
2026-08-27T18:05:00+00:00,762.5,762.5,762.5,762.5,1
2026-08-27T18:10:00+00:00,761.5,761.5,761,761,8
2026-08-27T18:15:00+00:00,760,760,758,758,19
2026-08-28T00:00:00+00:00,757.5,758,755.5,758,0
2026-08-28T00:05:00+00:00,759.5,762.5,759.5,762.5,13
2026-08-28T00:10:00+00:00,762,762,762,762,6
2026-08-28T00:15:00+00:00,762,762,762,762,1
2026-08-28T00:20:00+00:00,763,763,763,763,3
2026-08-28T00:25:00+00:00,762.5,762.5,762.5,762.5,1
2026-08-28T00:40:00+00:00,762,762,762,762,2
2026-08-28T00:45:00+00:00,762.5,762.5,762.5,762.5,2
2026-08-28T00:55:00+00:00,762.5,762.5,762.5,762.5,10
2026-08-28T01:05:00+00:00,761,761,759.5,759.5,3
2026-08-28T01:10:00+00:00,759.5,759.5,759.5,759.5,4
2026-08-28T01:25:00+00:00,759.5,759.5,759.5,759.5,1
2026-08-28T01:40:00+00:00,760.5,760.5,760.5,760.5,5
2026-08-28T01:45:00+00:00,759.5,760,759.5,760,6
2026-08-28T02:00:00+00:00,761,761,761,761,3
2026-08-28T02:05:00+00:00,763,763,762.5,762.5,6
2026-08-28T02:25:00+00:00,764,764.5,764,764.5,10
2026-08-28T02:30:00+00:00,765,765,765,765,4
2026-08-28T02:40:00+00:00,764.5,764.5,764.5,764.5,1
2026-08-28T02:50:00+00:00,764.5,767,764.5,765.5,23
2026-08-28T03:00:00+00:00,764,764,762.5,762.5,6
2026-08-28T03:05:00+00:00,763,763,763,763,1
2026-08-28T03:15:00+00:00,763.5,763.5,763.5,763.5,1
2026-08-28T03:25:00+00:00,763.5,763.5,763.5,763.5,15
2026-08-28T03:35:00+00:00,763.5,764,763,763.5,5
2026-08-28T03:45:00+00:00,763.5,763.5,763.5,763.5,4
2026-08-28T04:10:00+00:00,761.5,761.5,761.5,761.5,1
2026-08-28T04:15:00+00:00,761,761,761,761,6
2026-08-28T04:30:00+00:00,761,761,761,761,1
2026-08-28T05:35:00+00:00,761,762,761,762,5
2026-08-28T05:40:00+00:00,762,762,762,762,1
2026-08-28T05:50:00+00:00,762.5,764,762.5,764,7
2026-08-28T05:55:00+00:00,764,764,764,764,1
2026-08-28T06:00:00+00:00,764,765,764,765,5
2026-08-28T06:05:00+00:00,766,767.5,766,767.5,8
2026-08-28T06:10:00+00:00,767.5,769,767,769,21
2026-08-28T06:15:00+00:00,769.5,769.5,769.5,769.5,4
2026-08-28T06:20:00+00:00,767.5,769,767.5,769,5
2026-08-28T06:25:00+00:00,768.5,768.5,765.5,765.5,6
2026-08-28T06:30:00+00:00,764.5,764.5,763.5,763.5,3
2026-08-28T06:35:00+00:00,763,763.5,763,763,9
2026-08-28T06:40:00+00:00,763,763,763,763,2
2026-08-28T06:45:00+00:00,762,762,762,762,1
2026-08-28T06:50:00+00:00,762,762,762,762,2
2026-08-28T06:55:00+00:00,763,763.5,763,763.5,8
2026-08-28T07:00:00+00:00,760,760,759,759,11
2026-08-28T07:05:00+00:00,759.5,759.5,759.5,759.5,3
2026-08-28T07:10:00+00:00,759.5,760,759.5,760,11
2026-08-28T07:15:00+00:00,761,761,761,761,8
2026-08-28T07:25:00+00:00,761.5,761.5,761.5,761.5,6
2026-08-28T07:40:00+00:00,762,763.5,762,763.5,9
2026-08-28T07:45:00+00:00,763.5,763.5,763,763,3
2026-08-28T07:55:00+00:00,765,765,765,765,1
2026-08-28T08:00:00+00:00,765.5,765.5,765.5,765.5,1
2026-08-28T08:15:00+00:00,766,766,765,765,7
2026-08-28T08:55:00+00:00,760.5,760.5,760,760.5,17
2026-08-28T09:00:00+00:00,761,761,760.5,761,6
2026-08-28T09:10:00+00:00,761,761,761,761,2
2026-08-28T09:30:00+00:00,763,763,762.5,762.5,4
2026-08-28T09:35:00+00:00,764,765,764,765,10
2026-08-28T09:40:00+00:00,765.5,765.5,765.5,765.5,3
2026-08-28T10:00:00+00:00,766.5,766.5,766.5,766.5,6
2026-08-28T10:10:00+00:00,767,767,767,767,1
2026-08-28T10:25:00+00:00,764.5,764.5,764.5,764.5,2
2026-08-28T10:30:00+00:00,764.5,765,764.5,765,5
2026-08-28T10:40:00+00:00,766,766,766,766,3
2026-08-28T10:45:00+00:00,766,766,766,766,3
2026-08-28T11:10:00+00:00,767,767.5,766,767.5,5
2026-08-28T11:20:00+00:00,769,769,769,769,3
2026-08-28T11:25:00+00:00,769.5,770,769.5,770,10
2026-08-28T11:30:00+00:00,770.5,772,770.5,772,32
2026-08-28T11:50:00+00:00,768,768.5,768,768.5,3
2026-08-28T11:55:00+00:00,767,767,767,767,1
2026-08-28T12:00:00+00:00,768.5,768.5,768.5,768.5,1
2026-08-28T12:05:00+00:00,768.5,771,768.5,771,6
2026-08-28T12:10:00+00:00,771,771,770,770,2
2026-08-28T12:15:00+00:00,768,768,768,768,3
2026-08-28T12:20:00+00:00,770,771,770,771,2
2026-08-28T12:25:00+00:00,770,772.5,770,772.5,5
2026-08-28T12:30:00+00:00,772,772,772,772,1
2026-08-28T12:40:00+00:00,772.5,772.5,772,772,2
2026-08-28T13:30:00+00:00,773.5,775,768.5,768.5,22
2026-08-28T13:35:00+00:00,768.5,770.5,768,770.5,10
2026-08-28T13:40:00+00:00,771.5,774,771.5,772,17
2026-08-28T13:45:00+00:00,774,777,774,775.5,23
2026-08-28T13:50:00+00:00,776,776.5,773.5,774.5,19
2026-08-28T13:55:00+00:00,774.5,775,773.5,774,6
2026-08-28T14:00:00+00:00,774,774,774,774,1
2026-08-28T14:05:00+00:00,775.5,776.5,775.5,776.5,5
2026-08-28T14:10:00+00:00,777,778,777,778,11
2026-08-28T14:15:00+00:00,774,774,772.5,773,5
2026-08-28T14:20:00+00:00,775,778.5,775,778.5,6
2026-08-28T14:25:00+00:00,776,776,775,775,7
2026-08-28T14:30:00+00:00,776,776,772.5,772.5,8
2026-08-28T14:35:00+00:00,774.5,777,773.5,777,16
2026-08-28T14:40:00+00:00,777.5,778.5,777.5,778,9
2026-08-28T14:45:00+00:00,779,781,779,781,25
2026-08-28T14:50:00+00:00,781,784,781,783.5,23
2026-08-28T14:55:00+00:00,784.5,785,783.5,785,27
2026-08-28T15:00:00+00:00,785.5,785.5,782.5,784,11
2026-08-28T15:05:00+00:00,783.5,784,782,784,7
2026-08-28T15:10:00+00:00,785,787.5,785,787.5,9
2026-08-28T15:20:00+00:00,787.5,788,787.5,788,3
2026-08-28T15:25:00+00:00,787.5,787.5,787.5,787.5,3
2026-08-28T15:30:00+00:00,787.5,788,787.5,788,12
2026-08-28T15:35:00+00:00,789.5,789.5,788,788,12
2026-08-28T15:40:00+00:00,788.5,789.5,788,789.5,8
2026-08-28T15:45:00+00:00,788.5,790,788.5,790,9
2026-08-28T15:50:00+00:00,788,788,788,788,2
2026-08-28T15:55:00+00:00,787.5,787.5,787.5,787.5,6
2026-08-28T16:00:00+00:00,787.5,787.5,785.5,785.5,11
2026-08-28T16:05:00+00:00,788,788,788,788,1
2026-08-28T16:10:00+00:00,789,790,789,790,7
2026-08-28T16:15:00+00:00,788.5,790.5,788.5,790.5,2
2026-08-28T16:25:00+00:00,788,788,784.5,784.5,52
2026-08-28T16:30:00+00:00,784,785,783,783,14
2026-08-28T16:35:00+00:00,782.5,782.5,782,782,4
2026-08-28T16:40:00+00:00,783,783,783,783,1
2026-08-28T16:45:00+00:00,783,783.5,782.5,783,11
2026-08-28T16:50:00+00:00,782.5,783.5,782,782,6
2026-08-28T16:55:00+00:00,784,784,784,784,2
2026-08-28T17:05:00+00:00,782.5,784,781.5,781.5,9
2026-08-28T17:10:00+00:00,781,781,780,780,16
2026-08-28T17:15:00+00:00,779,779,778,778.5,24
2026-08-28T17:20:00+00:00,780,780,780,780,3
2026-08-28T17:25:00+00:00,779.5,779.5,778,778,5
2026-08-28T17:30:00+00:00,778,778,777,777,3
2026-08-28T17:35:00+00:00,776,776,776,776,1
2026-08-28T17:40:00+00:00,777,777,777,777,1
2026-08-28T17:45:00+00:00,781,781,781,781,2
2026-08-28T17:50:00+00:00,779.5,779.5,779.5,779.5,1
2026-08-28T17:55:00+00:00,780,780,780,780,10
2026-08-28T18:00:00+00:00,781.5,781.5,778.5,779,5
2026-08-28T18:05:00+00:00,778.5,778.5,778.5,778.5,1
2026-08-28T18:10:00+00:00,782,785.5,782,785.5,11
2026-08-28T18:15:00+00:00,783,784.5,783,784,3
2026-08-31T00:00:00+00:00,784.5,784.5,775,776,10
2026-08-31T00:05:00+00:00,776,776,774,774,29
2026-08-31T00:10:00+00:00,775.5,775.5,774.5,774.5,7
2026-08-31T00:15:00+00:00,774,774,773.5,774,12
2026-08-31T00:20:00+00:00,773,773,771.5,771.5,14
2026-08-31T00:25:00+00:00,772,772,772,772,1
2026-08-31T00:30:00+00:00,771,771,770.5,770.5,13
2026-08-31T00:35:00+00:00,771,771,771,771,1
2026-08-31T00:45:00+00:00,773,773,773,773,2
2026-08-31T01:00:00+00:00,774.5,776,774.5,776,3
2026-08-31T01:05:00+00:00,776.5,776.5,776.5,776.5,1
2026-08-31T01:10:00+00:00,773.5,773.5,773.5,773.5,2
2026-08-31T01:30:00+00:00,774.5,774.5,774.5,774.5,1
2026-08-31T01:35:00+00:00,774.5,776.5,774.5,776.5,3
2026-08-31T01:40:00+00:00,777,777,777,777,2
2026-08-31T01:45:00+00:00,778.5,778.5,778.5,778.5,2
2026-08-31T01:50:00+00:00,778.5,780.5,778.5,780.5,22
2026-08-31T02:00:00+00:00,778.5,778.5,778,778,3
2026-08-31T02:15:00+00:00,777,777.5,777,777.5,2
2026-08-31T02:25:00+00:00,777,777,777,777,5
2026-08-31T02:35:00+00:00,777.5,777.5,777.5,777.5,1
2026-08-31T02:50:00+00:00,778.5,778.5,777,777,6
2026-08-31T03:10:00+00:00,778,778,778,778,1
2026-08-31T03:15:00+00:00,777,777,777,777,2
2026-08-31T03:25:00+00:00,777,777,777,777,1
2026-08-31T03:30:00+00:00,776,776,775.5,775.5,7
2026-08-31T04:15:00+00:00,775,775,775,775,1
2026-08-31T04:20:00+00:00,777,777,777,777,1
2026-08-31T04:25:00+00:00,777,777,777,777,1
2026-08-31T05:00:00+00:00,775,775,775,775,1
2026-08-31T05:30:00+00:00,776,776,776,776,1
2026-08-31T05:40:00+00:00,775.5,775.5,775.5,775.5,2
2026-08-31T05:50:00+00:00,777,777,777,777,1
2026-08-31T06:20:00+00:00,778,778,778,778,4
2026-08-31T06:45:00+00:00,777,777,776,776,5
2026-08-31T06:50:00+00:00,775,775,775,775,1
2026-08-31T07:05:00+00:00,776,776,776,776,1
2026-08-31T07:30:00+00:00,780,780,780,780,1
2026-08-31T07:45:00+00:00,777,777,776.5,776.5,2
2026-08-31T08:00:00+00:00,776.5,776.5,776.5,776.5,5
2026-08-31T08:05:00+00:00,779,779,779,779,1
2026-08-31T08:15:00+00:00,777.5,777.5,777.5,777.5,2
2026-08-31T08:30:00+00:00,780,780.5,780,780.5,2
2026-08-31T08:45:00+00:00,781.5,782,781.5,782,10
2026-08-31T09:00:00+00:00,780.5,780.5,780.5,780.5,1
2026-08-31T09:05:00+00:00,780,780.5,780,780.5,10
2026-08-31T09:10:00+00:00,777,777,776,776,7
2026-08-31T09:20:00+00:00,775,775,775,775,1
2026-08-31T10:15:00+00:00,775,775,775,775,1
2026-08-31T10:20:00+00:00,773.5,773.5,773.5,773.5,2
2026-08-31T10:35:00+00:00,772.5,772.5,772.5,772.5,6
2026-08-31T10:45:00+00:00,772,772,772,772,2
2026-08-31T11:00:00+00:00,772.5,772.5,772.5,772.5,3
2026-08-31T11:30:00+00:00,773.5,773.5,773.5,773.5,2
2026-08-31T11:35:00+00:00,773,773,773,773,1
2026-08-31T11:50:00+00:00,771.5,771.5,771.5,771.5,3
2026-08-31T12:00:00+00:00,771,771,770.5,770.5,9
2026-08-31T12:05:00+00:00,771,772,771,772,2
2026-08-31T12:10:00+00:00,773,773,773,773,1
2026-08-31T12:15:00+00:00,772.5,772.5,757,761,134
2026-08-31T12:20:00+00:00,762,766.5,761.5,766,33
2026-08-31T12:25:00+00:00,767,767,766,766,3
2026-08-31T12:30:00+00:00,766.5,766.5,764.5,765,4
2026-08-31T12:35:00+00:00,764.5,764.5,763.5,763.5,4
2026-08-31T12:40:00+00:00,765,765,763,763,13
2026-08-31T13:30:00+00:00,761.5,763,760,762,19
2026-08-31T13:35:00+00:00,765,765.5,764.5,765,8
2026-08-31T13:40:00+00:00,764,764,764,764,1
2026-08-31T13:45:00+00:00,765.5,765.5,765.5,765.5,2
2026-08-31T13:50:00+00:00,766,766,765.5,765.5,4
2026-08-31T13:55:00+00:00,765.5,769,765.5,769,8
2026-08-31T14:00:00+00:00,768,768,767,767,3
2026-08-31T14:10:00+00:00,767,767,767,767,1
2026-08-31T14:15:00+00:00,769.5,770,769.5,770,6
2026-08-31T14:20:00+00:00,768.5,769,766.5,768,8
2026-08-31T14:45:00+00:00,765,765,764,764,2
2026-08-31T14:50:00+00:00,763,763,762.5,762.5,4
2026-08-31T14:55:00+00:00,763.5,763.5,763.5,763.5,1
2026-08-31T15:00:00+00:00,762,762,762,762,1
2026-08-31T15:05:00+00:00,763,765,763,765,2
2026-08-31T15:10:00+00:00,765.5,766,764.5,764.5,7
2026-08-31T15:15:00+00:00,763,763,763,763,2
2026-08-31T15:25:00+00:00,765,765,764,764.5,9
2026-08-31T15:30:00+00:00,766.5,766.5,765,765,18
2026-08-31T15:35:00+00:00,766.5,767,766,766,3
2026-08-31T15:40:00+00:00,763.5,763.5,763.5,763.5,2
2026-08-31T15:45:00+00:00,763,763,760,760,14
2026-08-31T15:50:00+00:00,761.5,761.5,760,760,2
2026-08-31T16:00:00+00:00,758,758,756.5,757.5,13
2026-08-31T16:05:00+00:00,757,757,757,757,2
2026-08-31T16:10:00+00:00,759.5,759.5,758,758,6
2026-08-31T16:15:00+00:00,757.5,759,757.5,759,2
2026-08-31T16:20:00+00:00,758,758,758,758,1
2026-08-31T16:25:00+00:00,760,760,760,760,1
2026-08-31T16:30:00+00:00,759,759,758.5,758.5,2
2026-08-31T16:35:00+00:00,758,759,758,758.5,12
2026-08-31T16:45:00+00:00,758.5,758.5,758.5,758.5,2
2026-08-31T16:50:00+00:00,759,759,759,759,1
2026-08-31T17:00:00+00:00,761,762,760.5,762,7
2026-08-31T17:05:00+00:00,762.5,762.5,762.5,762.5,1
2026-08-31T17:15:00+00:00,764,764.5,764,764.5,3
2026-08-31T17:25:00+00:00,765,765,765,765,1
2026-08-31T17:30:00+00:00,766.5,766.5,766.5,766.5,3
2026-08-31T17:35:00+00:00,767.5,770,767.5,770,7
2026-08-31T17:40:00+00:00,770,770.5,770,770.5,4
2026-08-31T17:45:00+00:00,771,772,771,771.5,7
2026-08-31T17:50:00+00:00,771.5,771.5,771.5,771.5,5
2026-08-31T18:05:00+00:00,770.5,770.5,770.5,770.5,1
2026-08-31T18:10:00+00:00,772,774.5,772,774.5,12
2026-08-31T18:15:00+00:00,774.5,776,774,776,17
2026-09-01T00:00:00+00:00,776,778,770,778,0
2026-09-01T00:05:00+00:00,779.5,780,779.5,780,10
2026-09-01T00:10:00+00:00,777,777,776.5,776.5,2
2026-09-01T00:20:00+00:00,775,775,775,775,1
2026-09-01T00:25:00+00:00,773,773,773,773,1
2026-09-01T00:40:00+00:00,772.5,772.5,772.5,772.5,5
2026-09-01T00:45:00+00:00,771.5,771.5,771.5,771.5,2
2026-09-01T01:05:00+00:00,771.5,772,771.5,771.5,10
2026-09-01T01:20:00+00:00,770,770,770,770,1
2026-09-01T01:30:00+00:00,769,769,769,769,1
2026-09-01T01:35:00+00:00,767.5,768,767.5,768,3
2026-09-01T02:00:00+00:00,769,769,769,769,1
2026-09-01T02:05:00+00:00,770,770,769.5,769.5,2
2026-09-01T02:20:00+00:00,769.5,769.5,769.5,769.5,1
2026-09-01T02:30:00+00:00,769,769,769,769,1
2026-09-01T02:35:00+00:00,769,769,769,769,2
2026-09-01T03:05:00+00:00,771,771,771,771,6
2026-09-01T03:25:00+00:00,771,771,771,771,1
2026-09-01T03:50:00+00:00,771.5,771.5,771.5,771.5,1
2026-09-01T04:10:00+00:00,770.5,770.5,770.5,770.5,1
2026-09-01T04:20:00+00:00,771,771,771,771,13
2026-09-01T04:40:00+00:00,771,771,771,771,1
2026-09-01T04:50:00+00:00,772,773,772,773,9
2026-09-01T04:55:00+00:00,775,775,775,775,2
2026-09-01T05:05:00+00:00,777,777,776.5,776.5,2
2026-09-01T05:15:00+00:00,774.5,774.5,774.5,774.5,3
2026-09-01T05:30:00+00:00,776.5,776.5,776.5,776.5,2
2026-09-01T05:45:00+00:00,775.5,775.5,775.5,775.5,2
2026-09-01T05:50:00+00:00,776.5,776.5,776.5,776.5,1
2026-09-01T05:55:00+00:00,775,775.5,775,775.5,2
2026-09-01T06:00:00+00:00,774,774,773.5,773.5,2
2026-09-01T06:15:00+00:00,774,774,774,774,1
2026-09-01T06:20:00+00:00,773,773,773,773,4
2026-09-01T06:35:00+00:00,773.5,773.5,773.5,773.5,1
2026-09-01T06:45:00+00:00,775,779,775,779,16
2026-09-01T06:50:00+00:00,779,779,778.5,778.5,2
2026-09-01T06:55:00+00:00,780,780,780,780,2
2026-09-01T07:05:00+00:00,781,782,781,782,8
2026-09-01T07:10:00+00:00,780.5,782,779.5,779.5,14
2026-09-01T07:15:00+00:00,780,780.5,780,780.5,2
2026-09-01T07:25:00+00:00,782,782,782,782,5
2026-09-01T07:30:00+00:00,782,782,782,782,4
2026-09-01T07:35:00+00:00,780.5,781,780.5,781,2
2026-09-01T07:40:00+00:00,781,783,781,783,6
2026-09-01T07:45:00+00:00,784,784.5,784,784.5,3
2026-09-01T07:50:00+00:00,785,786,785,785,8
2026-09-01T07:55:00+00:00,786.5,787,786.5,786.5,15
2026-09-01T08:00:00+00:00,786,788,786,788,72
2026-09-01T08:05:00+00:00,788.5,788.5,788.5,788.5,1
2026-09-01T08:10:00+00:00,789,789.5,789,789.5,5
2026-09-01T08:15:00+00:00,789.5,789.5,789,789.5,11
2026-09-01T08:20:00+00:00,790,792,790,792,33
2026-09-01T08:25:00+00:00,792,792,790,790.5,9
2026-09-01T08:30:00+00:00,791,791.5,790,790,6
2026-09-01T08:35:00+00:00,790,790,790,790,2
2026-09-01T08:40:00+00:00,790,790,789,789,9
2026-09-01T08:45:00+00:00,788,788,787.5,787.5,4
2026-09-01T08:50:00+00:00,788,788,788,788,2
2026-09-01T08:55:00+00:00,786.5,788,786,788,6
2026-09-01T09:00:00+00:00,787,787,787,787,3
2026-09-01T09:05:00+00:00,787.5,787.5,785.5,785.5,3
2026-09-01T09:10:00+00:00,785,785,784.5,784.5,3
2026-09-01T09:15:00+00:00,785,785,785,785,2
2026-09-01T09:20:00+00:00,785,785,785,785,1
2026-09-01T09:30:00+00:00,788,788,782.5,782.5,13
2026-09-01T09:35:00+00:00,783,783,783,783,1
2026-09-01T09:40:00+00:00,783,783,783,783,1
2026-09-01T09:55:00+00:00,784,784.5,784,784.5,6
2026-09-01T10:20:00+00:00,782,782,781.5,781.5,11
2026-09-01T10:25:00+00:00,782,782,782,782,1
2026-09-01T10:35:00+00:00,783.5,783.5,781,781,8
2026-09-01T10:45:00+00:00,780.5,780.5,779.5,779.5,6
2026-09-01T10:50:00+00:00,779.5,779.5,779.5,779.5,4
2026-09-01T10:55:00+00:00,779,779,779,779,2
2026-09-01T11:00:00+00:00,782,782,782,782,1
2026-09-01T11:15:00+00:00,782,782.5,782,782.5,10
2026-09-01T11:30:00+00:00,778,778,776.5,777,7
2026-09-01T11:35:00+00:00,776,776,775.5,775.5,3
2026-09-01T11:40:00+00:00,775,775,775,775,4
2026-09-01T12:10:00+00:00,777,777,775,775,6
2026-09-01T12:30:00+00:00,780,780,780,780,5
2026-09-01T12:40:00+00:00,778.5,778.5,778.5,778.5,1
2026-09-01T13:30:00+00:00,778.5,782,777,782,7
2026-09-01T13:35:00+00:00,780,780,780,780,1
2026-09-01T13:40:00+00:00,782.5,785.5,782.5,785.5,9
2026-09-01T13:45:00+00:00,784,784,781,781,12
2026-09-01T13:50:00+00:00,782,783,782,783,3
2026-09-01T13:55:00+00:00,784,785,784,785,2
2026-09-01T14:00:00+00:00,787,787.5,787,787.5,5
2026-09-01T14:05:00+00:00,788,788,787.5,787.5,3
2026-09-01T14:15:00+00:00,789,789,789,789,1
2026-09-01T14:25:00+00:00,787,787,787,787,1
2026-09-01T14:30:00+00:00,783,783,783,783,1
2026-09-01T14:35:00+00:00,783,783.5,783,783.5,3
2026-09-01T14:45:00+00:00,784,784,784,784,1
2026-09-01T14:50:00+00:00,784.5,784.5,784,784,3
2026-09-01T15:00:00+00:00,784,784.5,784,784.5,2
2026-09-01T15:05:00+00:00,780,780,780,780,1
2026-09-01T15:15:00+00:00,785,787,785,787,8
2026-09-01T15:25:00+00:00,787.5,788,785,785,5
2026-09-01T15:30:00+00:00,785.5,785.5,785.5,785.5,4
2026-09-01T15:40:00+00:00,783,783,783,783,1
2026-09-01T15:45:00+00:00,780,780.5,779.5,779.5,10
2026-09-01T15:50:00+00:00,781,781,780,780,2
2026-09-01T15:55:00+00:00,779.5,779.5,779,779,2
2026-09-01T16:05:00+00:00,781.5,781.5,781.5,781.5,1
2026-09-01T16:10:00+00:00,782,785,782,785,7
2026-09-01T16:15:00+00:00,785,786.5,785,785.5,13
2026-09-01T16:20:00+00:00,785.5,785.5,785.5,785.5,2
2026-09-01T16:25:00+00:00,787,787,787,787,1
2026-09-01T16:30:00+00:00,785,785,785,785,1
2026-09-01T16:35:00+00:00,784.5,784.5,782.5,782.5,3
2026-09-01T16:40:00+00:00,782,782,782,782,4
2026-09-01T16:55:00+00:00,786.5,786.5,786.5,786.5,1
2026-09-01T17:00:00+00:00,785,786,785,786,7
2026-09-01T17:05:00+00:00,785,785,785,785,5
2026-09-01T17:10:00+00:00,781,782.5,778,782.5,10
2026-09-01T17:15:00+00:00,785,785,785,785,5
2026-09-01T17:25:00+00:00,785,785,785,785,1
2026-09-01T17:35:00+00:00,783.5,783.5,783.5,783.5,1
2026-09-01T17:45:00+00:00,782.5,783.5,782.5,783,8
2026-09-01T18:00:00+00:00,784.5,784.5,784.5,784.5,1
2026-09-01T18:10:00+00:00,784,784,784,784,1
2026-09-01T18:15:00+00:00,782.5,782.5,782.5,782.5,3
2026-09-02T00:00:00+00:00,784,786,784,786,0
2026-09-02T00:05:00+00:00,790,792,789.5,790,10
2026-09-02T00:10:00+00:00,785,785,782,782,5
2026-09-02T00:15:00+00:00,783,783.5,783,783.5,11
2026-09-02T00:20:00+00:00,782.5,782.5,782.5,782.5,3
2026-09-02T00:25:00+00:00,781.5,781.5,781,781.5,5
2026-09-02T00:30:00+00:00,783,783,783,783,1
2026-09-02T00:45:00+00:00,782.5,782.5,782.5,782.5,1
2026-09-02T01:10:00+00:00,780,781,780,781,2
2026-09-02T01:15:00+00:00,780,780,780,780,1
2026-09-02T01:55:00+00:00,776,776,768.5,774,52
2026-09-02T02:05:00+00:00,775.5,776,775.5,776,3
2026-09-02T02:10:00+00:00,776.5,776.5,776.5,776.5,1
2026-09-02T02:15:00+00:00,775,775,774.5,774.5,2
2026-09-02T02:20:00+00:00,775.5,776,775.5,776,2
2026-09-02T02:25:00+00:00,774,774,773.5,773.5,13
2026-09-02T02:30:00+00:00,772.5,772.5,771,771.5,12
2026-09-02T02:35:00+00:00,772,772.5,771,771,15
2026-09-02T02:40:00+00:00,770,770,768,768,16
2026-09-02T02:45:00+00:00,767.5,767.5,766.5,767.5,16
2026-09-02T02:55:00+00:00,769,769,768,768,5
2026-09-02T03:05:00+00:00,769,769,769,769,1
2026-09-02T03:20:00+00:00,769,769,769,769,1
2026-09-02T03:50:00+00:00,768.5,769,768.5,769,2
2026-09-02T04:10:00+00:00,767.5,767.5,767,767.5,9
2026-09-02T04:15:00+00:00,767.5,768,767.5,768,4
2026-09-02T04:35:00+00:00,768.5,768.5,768.5,768.5,1
2026-09-02T04:40:00+00:00,769.5,769.5,769.5,769.5,2
2026-09-02T04:50:00+00:00,770.5,770.5,770.5,770.5,1
2026-09-02T04:55:00+00:00,770.5,770.5,770,770,2
2026-09-02T05:05:00+00:00,769,769,769,769,1
2026-09-02T05:15:00+00:00,769,769,769,769,3
2026-09-02T05:35:00+00:00,767,767,767,767,3
2026-09-02T06:20:00+00:00,768.5,768.5,768.5,768.5,1
2026-09-02T06:40:00+00:00,769,769,769,769,2
2026-09-02T07:00:00+00:00,766,766,765.5,766,6
2026-09-02T07:30:00+00:00,768,768,768,768,8
2026-09-02T07:40:00+00:00,767,767,764,765,14
2026-09-02T07:50:00+00:00,765,765.5,765,765.5,10
2026-09-02T08:00:00+00:00,766.5,766.5,766.5,766.5,1
2026-09-02T08:05:00+00:00,766.5,766.5,766,766,6
2026-09-02T08:10:00+00:00,765.5,766,765,766,8
2026-09-02T08:20:00+00:00,766.5,766.5,766.5,766.5,1
2026-09-02T08:25:00+00:00,765.5,767,765.5,766.5,8
2026-09-02T08:45:00+00:00,766.5,766.5,766.5,766.5,1
2026-09-02T08:50:00+00:00,765.5,765.5,765,765,2
2026-09-02T09:05:00+00:00,770,770.5,770,770.5,14
2026-09-02T09:10:00+00:00,770,770,770,770,1
2026-09-02T09:20:00+00:00,767.5,767.5,767,767.5,6
2026-09-02T09:40:00+00:00,766.5,768,766.5,768,5
2026-09-02T09:45:00+00:00,768.5,768.5,768.5,768.5,3
2026-09-02T10:00:00+00:00,772,772,772,772,1
2026-09-02T10:25:00+00:00,772.5,772.5,772.5,772.5,1
2026-09-02T10:30:00+00:00,772.5,772.5,772.5,772.5,5
2026-09-02T10:55:00+00:00,772,772,772,772,5
2026-09-02T11:30:00+00:00,768.5,768.5,768.5,768.5,2
2026-09-02T12:05:00+00:00,772,773,772,773,2
2026-09-02T12:15:00+00:00,772.5,772.5,772.5,772.5,1
2026-09-02T12:20:00+00:00,775,775,775,775,1
2026-09-02T12:40:00+00:00,775,775,775,775,3
2026-09-02T13:30:00+00:00,770.5,777,770.5,777,8
2026-09-02T13:40:00+00:00,776.5,776.5,776.5,776.5,6
2026-09-02T13:45:00+00:00,777,777,777,777,1
2026-09-02T13:55:00+00:00,778.5,780,778.5,780,3
2026-09-02T14:00:00+00:00,778,778,776.5,776.5,3
2026-09-02T14:10:00+00:00,780,780,780,780,1
2026-09-02T14:15:00+00:00,782,782,782,782,5
2026-09-02T14:20:00+00:00,785,785,785,785,3
2026-09-02T14:25:00+00:00,786,786,786,786,2
2026-09-02T14:30:00+00:00,785.5,785.5,785.5,785.5,1
2026-09-02T14:35:00+00:00,787,787,787,787,1
2026-09-02T14:50:00+00:00,787.5,787.5,786,786,4
2026-09-02T14:55:00+00:00,787,787,784.5,784.5,12
2026-09-02T15:00:00+00:00,788,788,788,788,2
2026-09-02T15:05:00+00:00,789.5,792,789.5,792,17
2026-09-02T15:10:00+00:00,792.5,793.5,792.5,793,15
2026-09-02T15:15:00+00:00,792.5,792.5,792.5,792.5,5
2026-09-02T15:20:00+00:00,792.5,794,791.5,794,8
2026-09-02T15:25:00+00:00,794.5,795,793,793,13
2026-09-02T15:30:00+00:00,789.5,790.5,789.5,790.5,12
2026-09-02T15:35:00+00:00,788.5,789.5,788.5,789.5,6
2026-09-02T15:40:00+00:00,788,788,784.5,784.5,15
2026-09-02T15:50:00+00:00,785,785,784.5,785,7
2026-09-02T16:10:00+00:00,785.5,786,785.5,786,5
2026-09-02T16:15:00+00:00,785.5,785.5,785.5,785.5,4
2026-09-02T16:20:00+00:00,783.5,783.5,783.5,783.5,2
2026-09-02T16:35:00+00:00,785,785,783.5,783.5,4
2026-09-02T16:40:00+00:00,783,783,783,783,3
2026-09-02T16:45:00+00:00,782,782,782,782,1
2026-09-02T16:50:00+00:00,785,785,785,785,1
2026-09-02T17:15:00+00:00,782.5,782.5,782.5,782.5,1
2026-09-02T17:20:00+00:00,781,781,781,781,1
2026-09-02T17:25:00+00:00,780.5,780.5,780,780,9
2026-09-02T17:30:00+00:00,779,779,777.5,777.5,6
2026-09-02T17:40:00+00:00,776,777.5,775.5,777.5,5
2026-09-02T17:45:00+00:00,776.5,776.5,775,775,3
2026-09-02T17:50:00+00:00,775,775,774.5,774.5,8
2026-09-02T17:55:00+00:00,776,776,776,776,2
2026-09-02T18:00:00+00:00,777,777,777,777,1
2026-09-02T18:10:00+00:00,775,775,774.5,774.5,4
2026-09-02T18:15:00+00:00,775,775,775,775,3
2026-09-03T00:00:00+00:00,775,775,771,775,0
2026-09-03T00:05:00+00:00,771.5,771.5,771.5,771.5,1
2026-09-03T00:10:00+00:00,774,774,774,774,1
2026-09-03T00:15:00+00:00,774,774,774,774,1
2026-09-03T00:20:00+00:00,774.5,774.5,774.5,774.5,4
2026-09-03T00:25:00+00:00,775.5,775.5,774,774,2
2026-09-03T00:35:00+00:00,774,774,774,774,2
2026-09-03T00:50:00+00:00,772.5,772.5,772.5,772.5,3
2026-09-03T01:00:00+00:00,771,771,770,771,14
2026-09-03T01:05:00+00:00,771.5,771.5,771.5,771.5,21
2026-09-03T01:10:00+00:00,772,772,772,772,2
2026-09-03T01:35:00+00:00,773,773,773,773,3
2026-09-03T01:40:00+00:00,775,775,775,775,1
2026-09-03T02:25:00+00:00,773,773,773,773,1
2026-09-03T02:45:00+00:00,775.5,775.5,775.5,775.5,1
2026-09-03T03:30:00+00:00,772,772,772,772,1
2026-09-03T03:50:00+00:00,772,772,772,772,2
2026-09-03T03:55:00+00:00,772.5,772.5,772,772,11
2026-09-03T04:00:00+00:00,771.5,772.5,771.5,772.5,4
2026-09-03T04:05:00+00:00,772,772,772,772,2
2026-09-03T04:10:00+00:00,772,772,772,772,1
2026-09-03T04:25:00+00:00,772,772,772,772,1
2026-09-03T05:05:00+00:00,773.5,773.5,773.5,773.5,13
2026-09-03T05:15:00+00:00,771,771,771,771,1
2026-09-03T05:20:00+00:00,770,770,770,770,17
2026-09-03T05:25:00+00:00,769.5,769.5,769,769.5,7
2026-09-03T05:30:00+00:00,769,769,769,769,1
2026-09-03T05:35:00+00:00,770.5,770.5,770.5,770.5,1
2026-09-03T05:45:00+00:00,768.5,768.5,768.5,768.5,1
2026-09-03T05:55:00+00:00,767,767.5,767,767.5,14
2026-09-03T06:15:00+00:00,766.5,766.5,766,766,2
2026-09-03T06:20:00+00:00,766,766,766,766,2
2026-09-03T06:25:00+00:00,768,768,767.5,768,7
2026-09-03T06:30:00+00:00,768.5,768.5,768.5,768.5,2
2026-09-03T06:35:00+00:00,770,770,770,770,3
2026-09-03T06:40:00+00:00,773,773,772,772,3
2026-09-03T06:45:00+00:00,771,771,771,771,3
2026-09-03T06:55:00+00:00,773,773,773,773,5
2026-09-03T07:10:00+00:00,771,771,769.5,769.5,10
2026-09-03T07:25:00+00:00,770.5,770.5,770.5,770.5,1
2026-09-03T07:30:00+00:00,769.5,769.5,768.5,768.5,2
2026-09-03T07:35:00+00:00,769.5,769.5,769.5,769.5,2
2026-09-03T07:45:00+00:00,769.5,769.5,769.5,769.5,4
2026-09-03T07:55:00+00:00,769,769,769,769,1
2026-09-03T08:00:00+00:00,771,772.5,758.5,772.5,153
2026-09-03T08:05:00+00:00,765,765,757,759,44
2026-09-03T08:10:00+00:00,756,758.5,752,758.5,76
2026-09-03T08:15:00+00:00,758.5,758.5,754,754.5,18
2026-09-03T08:20:00+00:00,756,756,755,755,5
2026-09-03T08:25:00+00:00,756,757.5,756,757,4
2026-09-03T08:30:00+00:00,757,757,755,756.5,9
2026-09-03T08:35:00+00:00,757.5,757.5,754,756,16
2026-09-03T08:40:00+00:00,754,754.5,749,750,25
2026-09-03T08:45:00+00:00,749,749,747.5,749,39
2026-09-03T08:50:00+00:00,750.5,752,750,750,11
2026-09-03T08:55:00+00:00,749.5,749.5,748,748.5,12
2026-09-03T09:00:00+00:00,748,748,747,747,4
2026-09-03T09:05:00+00:00,749.5,749.5,748,748,10
2026-09-03T09:10:00+00:00,749,753,749,752,25
2026-09-03T09:15:00+00:00,752.5,752.5,752.5,752.5,1
2026-09-03T09:20:00+00:00,749,749,749,749,2
2026-09-03T09:25:00+00:00,749,749,749,749,3
2026-09-03T09:30:00+00:00,748,748,748,748,2
2026-09-03T09:35:00+00:00,747,747,745.5,746.5,16
2026-09-03T09:40:00+00:00,748.5,748.5,747.5,747.5,6
2026-09-03T09:45:00+00:00,747,747,746.5,746.5,2
2026-09-03T09:50:00+00:00,745,745,740.5,740.5,26
2026-09-03T10:00:00+00:00,742.5,744.5,741,743,11
2026-09-03T10:10:00+00:00,745,745.5,744.5,744.5,9
2026-09-03T10:15:00+00:00,744.5,745.5,744.5,745.5,28
2026-09-03T10:25:00+00:00,744,744.5,744,744.5,47
2026-09-03T10:30:00+00:00,744,744.5,744,744.5,3
2026-09-03T10:35:00+00:00,744.5,744.5,744.5,744.5,1
2026-09-03T10:40:00+00:00,745,745,745,745,1
2026-09-03T10:45:00+00:00,745,745,745,745,2
2026-09-03T11:00:00+00:00,744,744.5,744,744.5,3
2026-09-03T11:15:00+00:00,747,747.5,747,747.5,2
2026-09-03T11:20:00+00:00,746,746,746,746,1
2026-09-03T11:25:00+00:00,746,746,745.5,745.5,9
2026-09-03T11:30:00+00:00,745,745.5,745,745.5,2
2026-09-03T11:35:00+00:00,746,748.5,746,748.5,6
2026-09-03T11:40:00+00:00,748.5,748.5,747.5,747.5,2
2026-09-03T11:50:00+00:00,743.5,743.5,743.5,743.5,1
2026-09-03T12:05:00+00:00,741,741,741,741,5
2026-09-03T12:10:00+00:00,741,741,739.5,739.5,27
2026-09-03T12:25:00+00:00,742,742,742,742,1
2026-09-03T12:30:00+00:00,742,742,741.5,742,5
2026-09-03T12:35:00+00:00,740.5,740.5,740.5,740.5,2
2026-09-03T12:40:00+00:00,740.5,740.5,740.5,740.5,1
2026-09-03T13:30:00+00:00,743,744,740,740.5,30
2026-09-03T13:35:00+00:00,740.5,743,737.5,743,31
2026-09-03T13:40:00+00:00,738,739,735,737,47
2026-09-03T13:45:00+00:00,736.5,736.5,733,733.5,12
2026-09-03T13:50:00+00:00,733,734.5,733,734.5,8
2026-09-03T13:55:00+00:00,735,735,731,731.5,27
2026-09-03T14:00:00+00:00,731.5,733.5,731,733.5,15
2026-09-03T14:05:00+00:00,734,736,734,735,15
2026-09-03T14:10:00+00:00,733.5,737.5,733.5,737.5,4
2026-09-03T14:15:00+00:00,737.5,738,737.5,738,8
2026-09-03T14:20:00+00:00,738,738,738,738,2
2026-09-03T14:25:00+00:00,740,741,739,741,6
2026-09-03T14:30:00+00:00,741.5,741.5,738.5,738.5,6
2026-09-03T14:35:00+00:00,738,738,738,738,1
2026-09-03T14:40:00+00:00,738,738,738,738,4
2026-09-03T14:50:00+00:00,739.5,739.5,739.5,739.5,1
2026-09-03T14:55:00+00:00,738.5,738.5,738,738,6
2026-09-03T15:00:00+00:00,741,741,741,741,1
2026-09-03T15:05:00+00:00,743,744.5,743,744.5,8
2026-09-03T15:10:00+00:00,745,745,743,744,8
2026-09-03T15:15:00+00:00,746,746,746,746,3
2026-09-03T15:20:00+00:00,744.5,744.5,744.5,744.5,1
2026-09-03T15:25:00+00:00,746.5,747,745.5,745.5,4
2026-09-03T15:30:00+00:00,744.5,745.5,744.5,745,7
2026-09-03T15:35:00+00:00,747,747.5,747,747.5,7
2026-09-03T15:40:00+00:00,746,746.5,745.5,745.5,4
2026-09-03T15:45:00+00:00,746,746,746,746,1
2026-09-03T15:50:00+00:00,748.5,748.5,748.5,748.5,1
2026-09-03T15:55:00+00:00,749.5,750.5,749.5,750.5,6
2026-09-03T16:00:00+00:00,751.5,751.5,751.5,751.5,10
2026-09-03T16:05:00+00:00,752.5,752.5,750,750,3
2026-09-03T16:10:00+00:00,750,752,750,752,2
2026-09-03T16:15:00+00:00,752,752,752,752,2
2026-09-03T16:25:00+00:00,750.5,750.5,749.5,750,7
2026-09-03T16:35:00+00:00,748.5,749.5,748.5,749.5,3
2026-09-03T16:40:00+00:00,749.5,749.5,749.5,749.5,2
2026-09-03T16:50:00+00:00,749,749,749,749,2
2026-09-03T16:55:00+00:00,747,748,747,747,5
2026-09-03T17:00:00+00:00,747.5,747.5,747.5,747.5,2
2026-09-03T17:05:00+00:00,748.5,748.5,748.5,748.5,1
2026-09-03T17:10:00+00:00,747.5,747.5,745,745,6
2026-09-03T17:15:00+00:00,747.5,747.5,747.5,747.5,3
2026-09-03T17:25:00+00:00,750,751.5,750,751.5,8
2026-09-03T17:30:00+00:00,750.5,750.5,750.5,750.5,1
2026-09-03T17:35:00+00:00,751,751,749.5,749.5,4
2026-09-03T17:40:00+00:00,750,752,750,752,3
2026-09-03T17:45:00+00:00,751.5,751.5,751.5,751.5,2
2026-09-03T17:50:00+00:00,750.5,750.5,750.5,750.5,10
2026-09-03T18:00:00+00:00,753.5,754.5,753.5,754.5,7
2026-09-03T18:05:00+00:00,755,755,754.5,754.5,4
2026-09-03T18:10:00+00:00,754.5,754.5,754.5,754.5,4
2026-09-03T18:15:00+00:00,753,753.5,751.5,752.5,11
2026-09-04T00:00:00+00:00,755,756.5,750,750,0
2026-09-04T00:05:00+00:00,749.5,749.5,749.5,749.5,1
2026-09-04T00:10:00+00:00,749.5,750,749.5,750,2
2026-09-04T00:15:00+00:00,749.5,749.5,749.5,749.5,2
2026-09-04T00:25:00+00:00,750,750,750,750,2
2026-09-04T00:55:00+00:00,750,750,750,750,2
2026-09-04T01:00:00+00:00,751,751,751,751,1
2026-09-04T01:05:00+00:00,751.5,751.5,751.5,751.5,2
2026-09-04T01:20:00+00:00,752,752,752,752,2
2026-09-04T01:25:00+00:00,753.5,753.5,753.5,753.5,1
2026-09-04T01:30:00+00:00,754.5,760.5,754.5,759.5,25
2026-09-04T01:35:00+00:00,760,761,760,761,3
2026-09-04T01:40:00+00:00,761.5,762,761,761,3
2026-09-04T01:45:00+00:00,759,759,759,759,1
2026-09-04T01:55:00+00:00,756.5,756.5,756.5,756.5,1
2026-09-04T02:00:00+00:00,755.5,757,755.5,757,10
2026-09-04T02:05:00+00:00,756,756,754.5,754.5,12
2026-09-04T02:10:00+00:00,754.5,754.5,754.5,754.5,3
2026-09-04T02:35:00+00:00,755,755,755,755,2
2026-09-04T02:55:00+00:00,756,756,756,756,1
2026-09-04T03:00:00+00:00,756,756,755.5,756,5
2026-09-04T03:05:00+00:00,754.5,754.5,754.5,754.5,1
2026-09-04T03:25:00+00:00,752,752,751.5,751.5,2
2026-09-04T03:30:00+00:00,751.5,751.5,751.5,751.5,1
2026-09-04T03:35:00+00:00,752,752,752,752,1
2026-09-04T03:45:00+00:00,751,751,750.5,750.5,5
2026-09-04T04:00:00+00:00,752.5,752.5,752.5,752.5,1
2026-09-04T04:15:00+00:00,750.5,750.5,749,750.5,20
2026-09-04T04:30:00+00:00,749,749,749,749,1
2026-09-04T04:40:00+00:00,749,749,749,749,1
2026-09-04T04:55:00+00:00,749.5,749.5,749.5,749.5,1
2026-09-04T05:25:00+00:00,748.5,748.5,748.5,748.5,1
2026-09-04T05:40:00+00:00,748.5,748.5,748.5,748.5,1
2026-09-04T05:55:00+00:00,749.5,749.5,749.5,749.5,2
2026-09-04T06:00:00+00:00,750.5,752,750.5,752,7
2026-09-04T06:05:00+00:00,750.5,750.5,750.5,750.5,1
2026-09-04T06:30:00+00:00,749.5,750,749,749,3
2026-09-04T06:45:00+00:00,748,748,748,748,1
2026-09-04T06:55:00+00:00,748.5,748.5,748.5,748.5,2
2026-09-04T07:00:00+00:00,750,753,750,753,30
2026-09-04T07:05:00+00:00,754,755.5,754,755.5,25
2026-09-04T07:10:00+00:00,754.5,755.5,754.5,755.5,4
2026-09-04T07:15:00+00:00,752,752,752,752,1
2026-09-04T07:25:00+00:00,750,750,749.5,749.5,7
2026-09-04T07:30:00+00:00,749,749,748.5,748.5,5
2026-09-04T07:40:00+00:00,749,749,748.5,748.5,10
2026-09-04T07:45:00+00:00,748.5,748.5,748.5,748.5,3
2026-09-04T08:00:00+00:00,748,750,748,750,14
2026-09-04T08:10:00+00:00,750.5,750.5,750.5,750.5,3
2026-09-04T08:15:00+00:00,749,749,749,749,6
2026-09-04T08:20:00+00:00,748.5,748.5,748.5,748.5,1
2026-09-04T08:35:00+00:00,748,748,746,746,21
2026-09-04T08:50:00+00:00,747,747,747,747,1
2026-09-04T08:55:00+00:00,746.5,747,745.5,747,29
2026-09-04T09:00:00+00:00,747,747,747,747,1
2026-09-04T09:10:00+00:00,745,746.5,745,746.5,3
2026-09-04T09:15:00+00:00,747,747,747,747,1
2026-09-04T09:35:00+00:00,749,749,749,749,8
2026-09-04T09:40:00+00:00,749.5,749.5,749.5,749.5,1
2026-09-04T09:55:00+00:00,751,760,751,757,77
2026-09-04T10:00:00+00:00,757.5,763,756.5,760.5,26
2026-09-04T10:05:00+00:00,760,760,756.5,756.5,9
2026-09-04T10:10:00+00:00,756.5,756.5,755,755,6
2026-09-04T10:15:00+00:00,754.5,754.5,754.5,754.5,1
2026-09-04T10:25:00+00:00,754,754,753,754,6
2026-09-04T10:30:00+00:00,755,755,755,755,2
2026-09-04T10:45:00+00:00,755,755,754,754.5,8
2026-09-04T10:50:00+00:00,755.5,755.5,754.5,754.5,7
2026-09-04T11:00:00+00:00,754.5,754.5,753,753,9
2026-09-04T11:20:00+00:00,754,754,754,754,4
2026-09-04T11:25:00+00:00,753,753,753,753,2
2026-09-04T11:35:00+00:00,752.5,752.5,752.5,752.5,2
2026-09-04T11:50:00+00:00,755,756,755,756,4
2026-09-04T11:55:00+00:00,756,756,756,756,1
2026-09-04T12:00:00+00:00,753,753,753,753,5
2026-09-04T12:10:00+00:00,753,753,753,753,7
2026-09-04T12:15:00+00:00,754.5,754.5,754.5,754.5,1
2026-09-04T12:20:00+00:00,752,752,751.5,751.5,5
2026-09-04T12:35:00+00:00,751,751,747,747,12
2026-09-04T12:40:00+00:00,749,749,749,749,1
2026-09-04T13:30:00+00:00,745.5,747,740.5,745,50
2026-09-04T13:35:00+00:00,745,746.5,745,746.5,2
2026-09-04T13:40:00+00:00,745,746,745,746,4
2026-09-04T13:45:00+00:00,741,744.5,741,741,4
2026-09-04T13:50:00+00:00,747,747,747,747,2
2026-09-04T13:55:00+00:00,747.5,747.5,747.5,747.5,1
2026-09-04T14:00:00+00:00,748,748,748,748,4
2026-09-04T14:05:00+00:00,745,745,745,745,3
2026-09-04T14:10:00+00:00,742.5,743,742,742,3
2026-09-04T14:15:00+00:00,741,741,741,741,2
2026-09-04T14:20:00+00:00,740.5,741.5,740,741.5,8
2026-09-04T14:25:00+00:00,741.5,741.5,741.5,741.5,1
2026-09-04T14:30:00+00:00,741.5,741.5,741.5,741.5,1
2026-09-04T14:40:00+00:00,743,744,743,744,3
2026-09-04T14:45:00+00:00,742,743.5,742,743.5,2
2026-09-04T14:50:00+00:00,745,745.5,745,745.5,3
2026-09-04T14:55:00+00:00,743.5,743.5,742.5,742.5,2
2026-09-04T15:00:00+00:00,742.5,742.5,742.5,742.5,1
2026-09-04T15:35:00+00:00,740,740,739.5,739.5,2
2026-09-04T15:45:00+00:00,739.5,739.5,739.5,739.5,3
2026-09-04T15:50:00+00:00,740,740,738.5,738.5,4
2026-09-04T15:55:00+00:00,737.5,737.5,737,737,8
2026-09-04T16:00:00+00:00,737,737.5,737,737.5,3
2026-09-04T16:05:00+00:00,735.5,735.5,735,735,5
2026-09-04T16:10:00+00:00,735.5,736.5,735.5,736.5,8
2026-09-04T16:20:00+00:00,737.5,737.5,737.5,737.5,3
2026-09-04T16:30:00+00:00,737,738.5,737,738.5,2
2026-09-04T16:45:00+00:00,736.5,736.5,736.5,736.5,2
2026-09-04T16:55:00+00:00,737.5,738,737.5,738,2
2026-09-04T17:05:00+00:00,738,738,738,738,1
2026-09-04T17:10:00+00:00,738,738,737.5,737.5,12
2026-09-04T17:15:00+00:00,736.5,736.5,736.5,736.5,2
2026-09-04T17:20:00+00:00,736.5,737.5,736.5,737.5,11
2026-09-04T17:25:00+00:00,737.5,737.5,737.5,737.5,4
2026-09-04T17:40:00+00:00,737.5,737.5,737.5,737.5,2
2026-09-04T17:45:00+00:00,736.5,736.5,735.5,735.5,10
2026-09-04T17:50:00+00:00,735,735,735,735,1
2026-09-04T17:55:00+00:00,736,736,736,736,1
2026-09-04T18:15:00+00:00,733.5,734.5,733,734,7
2026-09-08T04:05:00+00:00,760,760,760,760,3
2026-09-08T04:15:00+00:00,761,761,761,761,1
2026-09-08T04:25:00+00:00,760.5,761,760.5,761,2
2026-09-08T04:30:00+00:00,760.5,760.5,760.5,760.5,1
2026-09-08T04:35:00+00:00,759.5,759.5,759.5,759.5,1
2026-09-08T04:40:00+00:00,758,758,758,758,2
2026-09-08T04:55:00+00:00,758.5,758.5,758.5,758.5,1
2026-09-08T05:05:00+00:00,760,760,760,760,1
2026-09-08T05:10:00+00:00,760.5,760.5,759.5,759.5,2
2026-09-08T05:40:00+00:00,760.5,760.5,760.5,760.5,14
2026-09-08T06:00:00+00:00,762,762,762,762,8
2026-09-08T06:05:00+00:00,762,763,762,763,4
2026-09-08T06:20:00+00:00,761,761,761,761,1
2026-09-08T06:30:00+00:00,758.5,760,757.5,757.5,10
2026-09-08T06:35:00+00:00,756.5,756.5,756,756,5
2026-09-08T06:45:00+00:00,758.5,758.5,758.5,758.5,1
2026-09-08T06:50:00+00:00,758,759,758,759,4
2026-09-08T07:05:00+00:00,756.5,756.5,755.5,755.5,5
2026-09-08T07:10:00+00:00,758,758,758,758,3
2026-09-08T07:15:00+00:00,758.5,758.5,758.5,758.5,11
2026-09-08T07:20:00+00:00,758,758,757.5,757.5,7
2026-09-08T07:25:00+00:00,757,757,757,757,2
2026-09-08T07:30:00+00:00,757.5,757.5,757.5,757.5,1
2026-09-08T07:35:00+00:00,758,758,758,758,5
2026-09-08T07:40:00+00:00,758.5,758.5,758.5,758.5,1
2026-09-08T07:45:00+00:00,759,759,759,759,2
2026-09-08T07:50:00+00:00,760,760,759.5,759.5,5
2026-09-08T07:55:00+00:00,760,760,759.5,759.5,2
2026-09-08T08:00:00+00:00,760.5,760.5,760.5,760.5,1
2026-09-08T08:05:00+00:00,759.5,759.5,758,759.5,27
2026-09-08T08:10:00+00:00,761,761,761,761,4
2026-09-08T08:40:00+00:00,760.5,760.5,757.5,757.5,12
2026-09-08T08:45:00+00:00,758,758,748,754,83
2026-09-08T08:50:00+00:00,755.5,755.5,755.5,755.5,2
2026-09-08T08:55:00+00:00,756,756,754,754,16
2026-09-08T09:00:00+00:00,753.5,754,753.5,754,2
2026-09-08T09:05:00+00:00,752.5,752.5,748.5,749,20
2026-09-08T09:10:00+00:00,752,752,751,751,2
2026-09-08T09:25:00+00:00,750,750,750,750,2
2026-09-08T09:30:00+00:00,751,751,751,751,5
2026-09-08T09:35:00+00:00,752.5,753,752.5,753,4
2026-09-08T09:40:00+00:00,749,750,749,750,4
2026-09-08T09:45:00+00:00,750.5,750.5,750.5,750.5,2
2026-09-08T09:55:00+00:00,753.5,753.5,753.5,753.5,1
2026-09-08T10:10:00+00:00,754.5,754.5,754.5,754.5,1
2026-09-08T10:20:00+00:00,752,752,751.5,751.5,11
2026-09-08T10:30:00+00:00,753,753,753,753,1
2026-09-08T10:35:00+00:00,753,753,753,753,1
2026-09-08T11:10:00+00:00,747.5,747.5,745.5,745.5,9
2026-09-08T11:45:00+00:00,746,746.5,745,745,5
2026-09-08T11:55:00+00:00,745.5,745.5,745.5,745.5,1
2026-09-08T12:00:00+00:00,743.5,744.5,742.5,744.5,12
2026-09-08T12:05:00+00:00,743,743,742,742,6
2026-09-08T12:10:00+00:00,742.5,742.5,742,742,9
2026-09-08T12:15:00+00:00,743,743,743,743,1
2026-09-08T12:25:00+00:00,742.5,742.5,742.5,742.5,4
2026-09-08T12:30:00+00:00,744.5,750,744.5,745,22
2026-09-08T12:35:00+00:00,745,746,745,746,4
2026-09-08T13:30:00+00:00,746,746,746,746,3
2026-09-08T13:40:00+00:00,745.5,745.5,745.5,745.5,1
2026-09-08T13:45:00+00:00,742,742,741.5,741.5,3
2026-09-08T13:50:00+00:00,742.5,742.5,741.5,741.5,3
2026-09-08T13:55:00+00:00,741,741,741,741,2
2026-09-08T14:00:00+00:00,742,742,742,742,1
2026-09-08T14:05:00+00:00,743.5,743.5,743.5,743.5,1
2026-09-08T14:10:00+00:00,745,745,745,745,1
2026-09-08T14:15:00+00:00,745,746,745,746,3
2026-09-08T14:20:00+00:00,746.5,746.5,744,744,4
2026-09-08T14:30:00+00:00,746.5,746.5,746.5,746.5,6
2026-09-08T14:40:00+00:00,744,744,744,744,2
2026-09-08T14:50:00+00:00,742.5,742.5,742,742,6
2026-09-08T14:55:00+00:00,744,744,743,743,2
2026-09-08T15:00:00+00:00,741,741,741,741,1
2026-09-08T15:05:00+00:00,740,740,740,740,3
2026-09-08T15:10:00+00:00,740,740.5,740,740.5,3
2026-09-08T15:20:00+00:00,741,741,740.5,740.5,18
2026-09-08T15:30:00+00:00,741,741,741,741,1
2026-09-08T15:35:00+00:00,742,742,739,739,3
2026-09-08T15:40:00+00:00,738,738,738,738,2
2026-09-08T15:50:00+00:00,738.5,738.5,738.5,738.5,1
2026-09-08T16:05:00+00:00,737.5,737.5,737,737,7
2026-09-08T16:10:00+00:00,736.5,736.5,736.5,736.5,1
2026-09-08T16:15:00+00:00,737.5,738.5,737,738.5,11
2026-09-08T16:25:00+00:00,740,740,738,738,8
2026-09-08T16:30:00+00:00,739,739,739,739,3
2026-09-08T16:55:00+00:00,743,743,742,742,2
2026-09-08T17:00:00+00:00,742.5,742.5,742,742,2
2026-09-08T17:05:00+00:00,742,742.5,742,742.5,5
2026-09-08T17:10:00+00:00,743,743,743,743,3
2026-09-08T17:15:00+00:00,742.5,742.5,742.5,742.5,1
2026-09-08T17:25:00+00:00,742,742,741.5,741.5,2
2026-09-08T17:40:00+00:00,743,744,742.5,743.5,8
2026-09-08T17:45:00+00:00,744,744,744,744,4
2026-09-08T17:50:00+00:00,745,745.5,745,745.5,10
2026-09-08T18:00:00+00:00,745.5,745.5,745.5,745.5,1
2026-09-08T18:10:00+00:00,745,748,744.5,748,6
2026-09-09T00:00:00+00:00,748,748,741.5,745,0
2026-09-09T00:05:00+00:00,744,744,744,744,3
2026-09-09T00:25:00+00:00,741.5,741.5,741.5,741.5,1
2026-09-09T00:35:00+00:00,741,741,740.5,741,5
2026-09-09T00:40:00+00:00,740,740,738,738.5,27
2026-09-09T00:55:00+00:00,739.5,739.5,738.5,738.5,9
2026-09-09T01:00:00+00:00,740,741,740,741,4
2026-09-09T01:05:00+00:00,740.5,742,740.5,742,4
2026-09-09T01:10:00+00:00,740.5,740.5,740.5,740.5,2
2026-09-09T01:15:00+00:00,741,741,741,741,2
2026-09-09T01:25:00+00:00,741,741.5,741,741.5,3
2026-09-09T01:40:00+00:00,741.5,741.5,740,740,3
2026-09-09T01:45:00+00:00,741,741,741,741,2
2026-09-09T02:05:00+00:00,740,740,740,740,1
2026-09-09T02:10:00+00:00,741,741,741,741,1
2026-09-09T02:50:00+00:00,742.5,742.5,742.5,742.5,2
2026-09-09T02:55:00+00:00,741.5,741.5,741.5,741.5,3
2026-09-09T03:05:00+00:00,743,743,743,743,3
2026-09-09T03:55:00+00:00,743.5,743.5,743.5,743.5,3
2026-09-09T04:00:00+00:00,743.5,743.5,743.5,743.5,3
2026-09-09T04:20:00+00:00,743.5,743.5,743.5,743.5,1
2026-09-09T04:50:00+00:00,744.5,746,744.5,746,11
2026-09-09T05:10:00+00:00,745,745,745,745,1
2026-09-09T05:40:00+00:00,745.5,745.5,745.5,745.5,6
2026-09-09T05:45:00+00:00,746,746.5,746,746.5,3
2026-09-09T05:50:00+00:00,746.5,750,746.5,747.5,31
2026-09-09T06:00:00+00:00,748,748,748,748,2
2026-09-09T06:15:00+00:00,749.5,749.5,749.5,749.5,1
2026-09-09T06:20:00+00:00,748,748,748,748,3
2026-09-09T06:25:00+00:00,748,748,748,748,1
2026-09-09T06:50:00+00:00,749,749,749,749,1
2026-09-09T06:55:00+00:00,749,749,749,749,4
2026-09-09T07:10:00+00:00,750,750.5,750,750.5,20
2026-09-09T07:15:00+00:00,753,753,753,753,1
2026-09-09T07:30:00+00:00,752.5,752.5,751.5,751.5,2
2026-09-09T07:35:00+00:00,751.5,751.5,750.5,750.5,2
2026-09-09T07:40:00+00:00,750.5,751,750.5,751,3
2026-09-09T07:50:00+00:00,750,750,750,750,1
2026-09-09T07:55:00+00:00,749.5,751,749.5,751,3
2026-09-09T08:05:00+00:00,752.5,752.5,752.5,752.5,1
2026-09-09T08:10:00+00:00,752.5,752.5,752.5,752.5,4
2026-09-09T08:15:00+00:00,752.5,752.5,752.5,752.5,4
2026-09-09T08:20:00+00:00,751.5,751.5,751.5,751.5,8
2026-09-09T09:10:00+00:00,752.5,752.5,752.5,752.5,1
2026-09-09T09:30:00+00:00,751,751,749.5,749.5,8
2026-09-09T09:50:00+00:00,753,753,753,753,1
2026-09-09T10:05:00+00:00,753,753,753,753,4
2026-09-09T10:15:00+00:00,755,755,754.5,754.5,4
2026-09-09T10:25:00+00:00,754.5,754.5,753,753.5,14
2026-09-09T10:35:00+00:00,753,753,753,753,1
2026-09-09T10:45:00+00:00,754,754,754,754,1
2026-09-09T10:50:00+00:00,754.5,754.5,754.5,754.5,1
2026-09-09T10:55:00+00:00,754.5,754.5,754.5,754.5,1
2026-09-09T11:05:00+00:00,755,755,755,755,1
2026-09-09T11:10:00+00:00,755,755,755,755,9
2026-09-09T11:20:00+00:00,754.5,755,754.5,755,4
2026-09-09T11:30:00+00:00,752,752,752,752,2
2026-09-09T11:35:00+00:00,750,750,748,748,8
2026-09-09T11:55:00+00:00,750,750,747,747,12
2026-09-09T12:00:00+00:00,747,747,745,745,2
2026-09-09T12:05:00+00:00,744.5,744.5,744.5,744.5,1
2026-09-09T12:25:00+00:00,745,745,745,745,2
2026-09-09T12:35:00+00:00,742,742,742,742,1
2026-09-09T12:40:00+00:00,745,745,745,745,1
2026-09-09T13:30:00+00:00,746,746,740,741.5,22
2026-09-09T13:35:00+00:00,741,741,736.5,736.5,5
2026-09-09T13:40:00+00:00,736,736,735,735,5
2026-09-09T13:45:00+00:00,735,735,733,733,6
2026-09-09T13:50:00+00:00,732.5,732.5,730.5,730.5,13
2026-09-09T13:55:00+00:00,731.5,731.5,730,731.5,30
2026-09-09T14:00:00+00:00,733.5,736,733.5,736,11
2026-09-09T14:05:00+00:00,735,736.5,735,736,6
2026-09-09T14:10:00+00:00,736.5,736.5,736.5,736.5,8
2026-09-09T14:15:00+00:00,736,736,736,736,4
2026-09-09T14:20:00+00:00,736,736,736,736,5
2026-09-09T14:30:00+00:00,737,737,737,737,1
2026-09-09T14:35:00+00:00,739,740,739,740,10
2026-09-09T14:40:00+00:00,740,740,739.5,740,4
2026-09-09T14:45:00+00:00,741,741,741,741,5
2026-09-09T14:50:00+00:00,741,741,741,741,1
2026-09-09T14:55:00+00:00,743,743.5,743,743.5,2
2026-09-09T15:05:00+00:00,741,741,741,741,1
2026-09-09T15:10:00+00:00,739,739,739,739,2
2026-09-09T15:15:00+00:00,738,740.5,737.5,737.5,21
2026-09-09T15:20:00+00:00,737,737,734,734,12
2026-09-09T15:25:00+00:00,733,733.5,733,733.5,3
2026-09-09T15:30:00+00:00,732,734,732,732,7
2026-09-09T15:35:00+00:00,732.5,732.5,731,731,8
2026-09-09T15:40:00+00:00,731.5,731.5,729,729,18
2026-09-09T15:50:00+00:00,729,729,729,729,2
2026-09-09T16:00:00+00:00,730.5,731,730.5,731,5
2026-09-09T16:10:00+00:00,730,730,729.5,730,5
2026-09-09T16:25:00+00:00,731.5,731.5,731.5,731.5,1
2026-09-09T16:30:00+00:00,731,731,731,731,2
2026-09-09T16:35:00+00:00,730.5,730.5,730.5,730.5,16
2026-09-09T16:40:00+00:00,731,731,731,731,1
2026-09-09T16:50:00+00:00,731,731,731,731,1
2026-09-09T16:55:00+00:00,731,731,731,731,1
2026-09-09T17:10:00+00:00,732.5,732.5,731.5,732,6
2026-09-09T17:45:00+00:00,732,732,732,732,11
2026-09-09T18:05:00+00:00,730.5,730.5,730.5,730.5,5
2026-09-09T18:10:00+00:00,730,730,729,729,4
2026-09-09T18:15:00+00:00,728.5,728.5,728.5,728.5,2
2026-09-10T00:00:00+00:00,728,731,725,731,0
2026-09-10T00:55:00+00:00,725.5,726,725.5,726,10
2026-09-10T01:00:00+00:00,726,726,726,726,5
2026-09-10T01:15:00+00:00,727,727,727,727,2
2026-09-10T01:30:00+00:00,726,726,726,726,1
2026-09-10T01:45:00+00:00,727,727.5,727,727,11
2026-09-10T02:05:00+00:00,725,725,725,725,5
2026-09-10T02:15:00+00:00,726.5,726.5,726.5,726.5,3
2026-09-10T02:20:00+00:00,726,726,726,726,1
2026-09-10T02:35:00+00:00,726,726,726,726,1
2026-09-10T03:00:00+00:00,727,727,727,727,1
2026-09-10T03:20:00+00:00,726,726,726,726,1
2026-09-10T03:45:00+00:00,727.5,727.5,727.5,727.5,4
2026-09-10T03:50:00+00:00,727.5,727.5,727.5,727.5,3
2026-09-10T04:05:00+00:00,728,728,728,728,1
2026-09-10T04:15:00+00:00,727.5,727.5,727.5,727.5,1
2026-09-10T05:55:00+00:00,728,728,728,728,1
2026-09-10T06:05:00+00:00,726,726,724.5,724.5,25
2026-09-10T06:10:00+00:00,724.5,724.5,724.5,724.5,2
2026-09-10T06:15:00+00:00,724,724,723.5,723.5,4
2026-09-10T06:20:00+00:00,724.5,724.5,724.5,724.5,2
2026-09-10T06:50:00+00:00,725,725,725,725,1
2026-09-10T06:55:00+00:00,726,726,725,725,11
2026-09-10T07:40:00+00:00,725.5,726,725.5,726,3
2026-09-10T07:50:00+00:00,726,726,726,726,3
2026-09-10T08:05:00+00:00,728,728,727.5,727.5,8
2026-09-10T08:15:00+00:00,728,728,728,728,3
2026-09-10T08:30:00+00:00,728,728,727,727,5
2026-09-10T08:40:00+00:00,729,729,729,729,2
2026-09-10T08:45:00+00:00,730,730.5,728.5,728.5,14
2026-09-10T08:50:00+00:00,731,731,731,731,1
2026-09-10T08:55:00+00:00,729,729,729,729,6
2026-09-10T09:10:00+00:00,729.5,729.5,729.5,729.5,1
2026-09-10T09:15:00+00:00,729,729,729,729,2
2026-09-10T09:20:00+00:00,728,728,728,728,1
2026-09-10T09:35:00+00:00,728.5,728.5,728,728,6
2026-09-10T10:25:00+00:00,731.5,731.5,731.5,731.5,2
2026-09-10T10:30:00+00:00,731.5,732,730.5,730.5,6
2026-09-10T10:35:00+00:00,729.5,729.5,729.5,729.5,1
2026-09-10T11:10:00+00:00,730,730,730,730,5
2026-09-10T11:15:00+00:00,730,731.5,730,731.5,6
2026-09-10T11:30:00+00:00,732,732.5,732,732.5,7
2026-09-10T11:35:00+00:00,732,732.5,732,732.5,5
2026-09-10T12:00:00+00:00,733,733,733,733,1
2026-09-10T12:15:00+00:00,733,733,732.5,732.5,2
2026-09-10T12:20:00+00:00,733,733,733,733,7
2026-09-10T12:30:00+00:00,733.5,733.5,733.5,733.5,5
2026-09-10T12:35:00+00:00,733.5,733.5,732,732,2
2026-09-10T13:30:00+00:00,735.5,735.5,730,730,11
2026-09-10T13:35:00+00:00,728.5,728.5,725.5,726,14
2026-09-10T13:45:00+00:00,728,728,726.5,726.5,4
2026-09-10T13:50:00+00:00,728,731,728,729.5,3
2026-09-10T13:55:00+00:00,732.5,732.5,732.5,732.5,1
2026-09-10T14:00:00+00:00,729.5,729.5,729.5,729.5,2
2026-09-10T14:05:00+00:00,730,730,730,730,1
2026-09-10T14:10:00+00:00,727,728,726.5,728,5
2026-09-10T14:15:00+00:00,727.5,727.5,727,727,3
2026-09-10T14:20:00+00:00,727,727,727,727,1
2026-09-10T14:25:00+00:00,726.5,727.5,726.5,727.5,11
2026-09-10T14:30:00+00:00,730,730,730,730,1
2026-09-10T14:35:00+00:00,731.5,731.5,731.5,731.5,1
2026-09-10T14:40:00+00:00,732.5,732.5,732,732,4
2026-09-10T14:50:00+00:00,734.5,735,734.5,735,3
2026-09-10T14:55:00+00:00,736,736,736,736,7
2026-09-10T15:00:00+00:00,737.5,738.5,737.5,738.5,3
2026-09-10T15:05:00+00:00,736.5,736.5,736,736,2
2026-09-10T15:25:00+00:00,738,738,737,737,2
2026-09-10T15:30:00+00:00,736,736,736,736,1
2026-09-10T15:35:00+00:00,734.5,734.5,734.5,734.5,1
2026-09-10T15:45:00+00:00,733,733,732.5,732.5,5
2026-09-10T15:55:00+00:00,733.5,734.5,733.5,734.5,11
2026-09-10T16:05:00+00:00,734.5,734.5,734.5,734.5,1
2026-09-10T16:15:00+00:00,737,737,737,737,2
2026-09-10T16:20:00+00:00,737,737,737,737,1
2026-09-10T16:35:00+00:00,737.5,737.5,737.5,737.5,1
2026-09-10T16:40:00+00:00,737.5,737.5,737,737,4
2026-09-10T17:00:00+00:00,736.5,736.5,736.5,736.5,1
2026-09-10T17:05:00+00:00,736,736,736,736,10
2026-09-10T17:10:00+00:00,736.5,736.5,736.5,736.5,1
2026-09-10T17:15:00+00:00,735,735,735,735,3
2026-09-10T17:40:00+00:00,736,737,736,737,2
2026-09-10T17:45:00+00:00,738,738,738,738,13
2026-09-10T17:55:00+00:00,738.5,738.5,738.5,738.5,7
2026-09-10T18:00:00+00:00,740,740.5,740,740.5,6
2026-09-10T18:05:00+00:00,740.5,740.5,740.5,740.5,1
2026-09-10T18:10:00+00:00,741.5,741.5,741.5,741.5,1
2026-09-10T18:15:00+00:00,742,742.5,742,742.5,7
2026-09-11T00:00:00+00:00,741.5,743,735,740.5,0
2026-09-11T00:05:00+00:00,738.5,738.5,738.5,738.5,3
2026-09-11T00:15:00+00:00,736.5,736.5,736.5,736.5,1
2026-09-11T00:20:00+00:00,737,737,737,737,1
2026-09-11T00:40:00+00:00,737.5,737.5,737.5,737.5,6
2026-09-11T00:50:00+00:00,737,738,737,738,4
2026-09-11T01:00:00+00:00,739,739,739,739,1
2026-09-11T01:05:00+00:00,736.5,736.5,736.5,736.5,3
2026-09-11T01:25:00+00:00,735,735,734.5,734.5,3
2026-09-11T01:30:00+00:00,735,735,735,735,1
2026-09-11T01:40:00+00:00,734.5,734.5,734.5,734.5,1
2026-09-11T03:25:00+00:00,737,737.5,737,737.5,4
2026-09-11T03:40:00+00:00,736,736,735.5,735.5,6
2026-09-11T04:25:00+00:00,734,734,734,734,1
2026-09-11T04:35:00+00:00,734,734,733.5,733.5,6
2026-09-11T05:25:00+00:00,734.5,734.5,734.5,734.5,6
2026-09-11T06:10:00+00:00,735,735,735,735,1
2026-09-11T06:15:00+00:00,734.5,734.5,734.5,734.5,3
2026-09-11T06:30:00+00:00,737.5,737.5,737.5,737.5,12
2026-09-11T06:45:00+00:00,738,738,738,738,15
2026-09-11T07:00:00+00:00,737.5,737.5,737.5,737.5,5
2026-09-11T07:25:00+00:00,738.5,738.5,738.5,738.5,3
2026-09-11T07:30:00+00:00,739,740,739,740,5
2026-09-11T07:35:00+00:00,741,741,741,741,1
2026-09-11T07:40:00+00:00,740,740,740,740,3
2026-09-11T07:45:00+00:00,738.5,738.5,738,738,2
2026-09-11T08:15:00+00:00,740,740,740,740,6
2026-09-11T08:25:00+00:00,738,738,738,738,4
2026-09-11T08:30:00+00:00,737,737,737,737,1
2026-09-11T09:10:00+00:00,736.5,736.5,736.5,736.5,3
2026-09-11T09:40:00+00:00,737,737,737,737,4
2026-09-11T09:45:00+00:00,735,735,734.5,734.5,3
2026-09-11T10:00:00+00:00,734.5,734.5,734.5,734.5,1
2026-09-11T10:20:00+00:00,735,735,735,735,4
2026-09-11T10:30:00+00:00,735.5,735.5,735.5,735.5,1
2026-09-11T10:35:00+00:00,735,735,735,735,1
2026-09-11T10:40:00+00:00,736,736,736,736,2
2026-09-11T10:45:00+00:00,736.5,736.5,736.5,736.5,1
2026-09-11T11:00:00+00:00,736,736,736,736,2
2026-09-11T11:20:00+00:00,736,736,736,736,3
2026-09-11T11:25:00+00:00,735.5,735.5,735.5,735.5,3
2026-09-11T11:30:00+00:00,738,738,738,738,1
2026-09-11T11:45:00+00:00,738.5,738.5,738.5,738.5,2
2026-09-11T11:50:00+00:00,740,740,740,740,1
2026-09-11T11:55:00+00:00,740.5,740.5,739,739,7
2026-09-11T12:05:00+00:00,738.5,738.5,738.5,738.5,3
2026-09-11T12:10:00+00:00,738.5,738.5,737.5,737.5,16
2026-09-11T13:30:00+00:00,738,738,735,735,13
2026-09-11T13:35:00+00:00,736,736,735,735,6
2026-09-11T13:40:00+00:00,731.5,731.5,730.5,730.5,4
2026-09-11T13:45:00+00:00,732.5,732.5,732,732,5
2026-09-11T13:55:00+00:00,730,730,730,730,2
2026-09-11T14:05:00+00:00,727.5,727.5,727.5,727.5,1
2026-09-11T14:15:00+00:00,727.5,727.5,726.5,726.5,11
2026-09-11T14:20:00+00:00,726.5,726.5,726.5,726.5,1
2026-09-11T14:30:00+00:00,726.5,726.5,725,725,9
2026-09-11T14:35:00+00:00,724,724,722.5,722.5,14
2026-09-11T14:40:00+00:00,720.5,721.5,720,720,23
2026-09-11T14:45:00+00:00,720,720,719.5,719.5,3
2026-09-11T14:50:00+00:00,719.5,720.5,719,720.5,10
2026-09-11T14:55:00+00:00,719.5,719.5,719.5,719.5,1
2026-09-11T15:00:00+00:00,722.5,722.5,722.5,722.5,3
2026-09-11T15:05:00+00:00,722.5,722.5,722.5,722.5,2
2026-09-11T15:10:00+00:00,722.5,722.5,722.5,722.5,1
2026-09-11T15:15:00+00:00,722.5,722.5,722.5,722.5,1
2026-09-11T15:20:00+00:00,721,721,721,721,2
2026-09-11T15:25:00+00:00,723,723,723,723,1
2026-09-11T15:30:00+00:00,723,723,722,722,6
2026-09-11T15:50:00+00:00,722.5,722.5,722,722.5,4
2026-09-11T15:55:00+00:00,724.5,725,724.5,725,2
2026-09-11T16:00:00+00:00,720,735,716,731,22
2026-09-11T16:05:00+00:00,730,730,726.5,726.5,2
2026-09-11T16:10:00+00:00,729,729,726.5,726.5,5
2026-09-11T16:15:00+00:00,725,725,725,725,3
2026-09-11T16:30:00+00:00,724,724,724,724,1
2026-09-11T16:35:00+00:00,725.5,729,725.5,729,5
2026-09-11T16:40:00+00:00,727,727,722.5,722.5,2
2026-09-11T16:45:00+00:00,722,722,722,722,1
2026-09-11T17:00:00+00:00,720.5,724,720.5,724,3
2026-09-11T17:15:00+00:00,720,720,719,719,2
2026-09-11T17:20:00+00:00,721.5,721.5,721.5,721.5,1
2026-09-11T17:25:00+00:00,721,721,721,721,2
2026-09-11T17:30:00+00:00,719,719,719,719,1
2026-09-11T17:40:00+00:00,720,720,720,720,2
2026-09-11T17:45:00+00:00,721.5,721.5,721.5,721.5,2
2026-09-11T17:50:00+00:00,722,724,722,724,2
2026-09-11T17:55:00+00:00,725,726,725,726,2
2026-09-11T18:05:00+00:00,726,726,720,720,2
2026-09-11T18:10:00+00:00,724.5,725,724.5,725,6
2026-09-11T18:15:00+00:00,726,726,726,726,2
2026-09-14T00:00:00+00:00,727.5,734,723.5,723.5,5
2026-09-14T00:05:00+00:00,725,725,725,725,1
2026-09-14T00:10:00+00:00,726,727,726,727,3
2026-09-14T00:15:00+00:00,726.5,728.5,726.5,728.5,3
2026-09-14T00:20:00+00:00,729.5,729.5,729,729,6
2026-09-14T00:25:00+00:00,731.5,731.5,731.5,731.5,1
2026-09-14T00:30:00+00:00,731,731,731,731,1
2026-09-14T01:20:00+00:00,728,728,727,727,4
2026-09-14T01:25:00+00:00,727,727,727,727,2
2026-09-14T01:35:00+00:00,728,728,728,728,1
2026-09-14T01:45:00+00:00,727,727,727,727,1
2026-09-14T01:55:00+00:00,725.5,725.5,725.5,725.5,2
2026-09-14T02:00:00+00:00,725.5,725.5,725.5,725.5,1
2026-09-14T02:10:00+00:00,723.5,725.5,723,725.5,13
2026-09-14T02:15:00+00:00,724.5,724.5,724.5,724.5,1
2026-09-14T02:30:00+00:00,726,726,725.5,726,5
2026-09-14T02:35:00+00:00,724.5,724.5,724.5,724.5,1
2026-09-14T03:05:00+00:00,724,724,724,724,1
2026-09-14T03:10:00+00:00,724,724,724,724,2
2026-09-14T03:15:00+00:00,723.5,723.5,723.5,723.5,8
2026-09-14T03:20:00+00:00,725,725,725,725,1
2026-09-14T03:50:00+00:00,724,724,724,724,3
2026-09-14T03:55:00+00:00,723,723,722.5,722.5,6
2026-09-14T04:00:00+00:00,721,721,721,721,1
2026-09-14T04:15:00+00:00,722.5,722.5,722.5,722.5,4
2026-09-14T04:20:00+00:00,722,722,722,722,1
2026-09-14T04:35:00+00:00,722,722,722,722,2
2026-09-14T05:30:00+00:00,721.5,721.5,721.5,721.5,1
2026-09-14T05:40:00+00:00,722,722,722,722,1
2026-09-14T06:15:00+00:00,720.5,721,720.5,721,3
2026-09-14T06:20:00+00:00,720.5,720.5,720.5,720.5,8
2026-09-14T06:25:00+00:00,720,720,719,720,14
2026-09-14T06:40:00+00:00,721.5,721.5,721.5,721.5,2
2026-09-14T06:45:00+00:00,722.5,722.5,722.5,722.5,1
2026-09-14T06:50:00+00:00,721,721,721,721,2
2026-09-14T06:55:00+00:00,721.5,722,721.5,722,3
2026-09-14T07:30:00+00:00,724,724,724,724,2
2026-09-14T07:35:00+00:00,725,725,725,725,1
2026-09-14T07:40:00+00:00,727.5,727.5,727.5,727.5,6
2026-09-14T07:45:00+00:00,727.5,727.5,727.5,727.5,3
2026-09-14T07:55:00+00:00,727,727,727,727,1
2026-09-14T08:10:00+00:00,726,726,725.5,725.5,2
2026-09-14T08:15:00+00:00,725.5,725.5,725.5,725.5,1
2026-09-14T08:25:00+00:00,725,725,725,725,1
2026-09-14T08:35:00+00:00,727,727,725.5,725.5,3
2026-09-14T08:50:00+00:00,727.5,727.5,727.5,727.5,1
2026-09-14T08:55:00+00:00,728.5,728.5,728.5,728.5,1
2026-09-14T09:00:00+00:00,729,729,729,729,1
2026-09-14T09:05:00+00:00,728.5,729.5,728,728,7
2026-09-14T09:10:00+00:00,728.5,728.5,728.5,728.5,1
2026-09-14T09:15:00+00:00,728,728,728,728,1
2026-09-14T09:25:00+00:00,727,727,727,727,3
2026-09-14T09:40:00+00:00,726.5,726.5,726.5,726.5,2
2026-09-14T09:55:00+00:00,727.5,728,727.5,728,7
2026-09-14T10:10:00+00:00,730,730,730,730,1
2026-09-14T10:15:00+00:00,729.5,730.5,729.5,730.5,4
2026-09-14T10:40:00+00:00,729.5,729.5,729.5,729.5,1
2026-09-14T10:50:00+00:00,729,729,729,729,4
2026-09-14T11:00:00+00:00,729,729,729,729,3
2026-09-14T11:05:00+00:00,729,729,729,729,3
2026-09-14T11:10:00+00:00,728.5,728.5,728.5,728.5,3
2026-09-14T11:15:00+00:00,728,728,728,728,1
2026-09-14T11:30:00+00:00,728.5,729.5,728.5,729.5,9
2026-09-14T11:50:00+00:00,728.5,728.5,728.5,728.5,1
2026-09-14T11:55:00+00:00,729,729,728.5,728.5,3
2026-09-14T12:00:00+00:00,729,730,729,730,4
2026-09-14T12:05:00+00:00,730,730,730,730,3
2026-09-14T12:15:00+00:00,729,729,729,729,1
2026-09-14T12:20:00+00:00,727.5,727.5,727.5,727.5,3
2026-09-14T12:35:00+00:00,730.5,730.5,730.5,730.5,1
2026-09-14T13:30:00+00:00,732.5,732.5,726.5,726.5,5
2026-09-14T13:40:00+00:00,729.5,730.5,729,730,6
2026-09-14T13:45:00+00:00,730.5,730.5,730.5,730.5,2
2026-09-14T13:55:00+00:00,729.5,730,729.5,730,6
2026-09-14T14:00:00+00:00,731.5,731.5,730.5,730.5,5
2026-09-14T14:05:00+00:00,729.5,729.5,729.5,729.5,1
2026-09-14T14:10:00+00:00,729.5,730.5,729,730.5,6
2026-09-14T14:15:00+00:00,730,730,730,730,1
2026-09-14T14:20:00+00:00,729.5,729.5,729.5,729.5,6
2026-09-14T14:25:00+00:00,730,731,730,731,10
2026-09-14T14:30:00+00:00,731.5,731.5,731.5,731.5,2
2026-09-14T14:50:00+00:00,727.5,727.5,727.5,727.5,5
2026-09-14T14:55:00+00:00,726,726.5,725.5,726.5,7
2026-09-14T15:05:00+00:00,727.5,727.5,710,712,189
2026-09-14T15:10:00+00:00,715.5,720.5,715.5,717.5,24
2026-09-14T15:15:00+00:00,717,717.5,717,717.5,7
2026-09-14T15:25:00+00:00,722,722,721,721,4
2026-09-14T15:30:00+00:00,721.5,721.5,718.5,720,27
2026-09-14T15:35:00+00:00,720,720,720,720,1
2026-09-14T15:40:00+00:00,720.5,720.5,720.5,720.5,1
2026-09-14T15:45:00+00:00,718.5,718.5,718.5,718.5,1
2026-09-14T15:55:00+00:00,718,718,718,718,1
2026-09-14T16:00:00+00:00,718.5,718.5,718.5,718.5,2
2026-09-14T16:05:00+00:00,720,720.5,720,720.5,4
2026-09-14T16:10:00+00:00,718.5,718.5,718.5,718.5,1
2026-09-14T16:15:00+00:00,719,719.5,719,719,3
2026-09-14T16:25:00+00:00,721.5,721.5,721.5,721.5,2
2026-09-14T16:35:00+00:00,721.5,721.5,721.5,721.5,1
2026-09-14T16:40:00+00:00,723,723,723,723,2
2026-09-14T17:25:00+00:00,720,720,720,720,1
2026-09-14T17:30:00+00:00,720.5,720.5,720.5,720.5,1
2026-09-14T17:35:00+00:00,719.5,719.5,719.5,719.5,4
2026-09-14T17:45:00+00:00,720.5,720.5,720.5,720.5,10
2026-09-14T18:05:00+00:00,721,721,721,721,1
2026-09-14T18:10:00+00:00,722.5,722.5,722,722,9
2026-09-14T18:15:00+00:00,723,723,723,723,6
2026-09-15T00:00:00+00:00,720.5,720.5,719.5,719.5,0
2026-09-15T00:05:00+00:00,717,717,717,717,1
2026-09-15T00:10:00+00:00,718.5,719,718.5,719,4
2026-09-15T00:15:00+00:00,717.5,717.5,717.5,717.5,2
2026-09-15T00:35:00+00:00,717,717,717,717,7
2026-09-15T00:40:00+00:00,717,717,717,717,1
2026-09-15T00:45:00+00:00,716.5,716.5,716.5,716.5,5
2026-09-15T00:50:00+00:00,716.5,716.5,716.5,716.5,3
2026-09-15T00:55:00+00:00,717.5,718,717.5,718,3
2026-09-15T01:05:00+00:00,718,718,718,718,1
2026-09-15T01:10:00+00:00,716,716.5,715,715,11
2026-09-15T01:30:00+00:00,717,718,717,718,27
2026-09-15T01:45:00+00:00,718,718,718,718,6
2026-09-15T02:25:00+00:00,717.5,717.5,717.5,717.5,2
2026-09-15T02:35:00+00:00,719,719,719,719,1
2026-09-15T02:40:00+00:00,720,720,720,720,2
2026-09-15T02:55:00+00:00,719,719,719,719,2
2026-09-15T03:00:00+00:00,718.5,718.5,718.5,718.5,4
2026-09-15T03:05:00+00:00,718.5,718.5,718.5,718.5,1
2026-09-15T03:15:00+00:00,718.5,718.5,718.5,718.5,2
2026-09-15T03:45:00+00:00,717.5,717.5,717.5,717.5,1
2026-09-15T03:50:00+00:00,718.5,718.5,718.5,718.5,1
2026-09-15T05:25:00+00:00,721,721,721,721,2
2026-09-15T05:30:00+00:00,721.5,721.5,721.5,721.5,1
2026-09-15T06:25:00+00:00,721,721,721,721,2
2026-09-15T06:55:00+00:00,722.5,722.5,722.5,722.5,2
2026-09-15T07:00:00+00:00,722.5,722.5,722.5,722.5,3
2026-09-15T07:05:00+00:00,724,726,724,725.5,8
2026-09-15T07:15:00+00:00,723.5,723.5,723.5,723.5,1
2026-09-15T07:30:00+00:00,722.5,722.5,722.5,722.5,7
2026-09-15T07:35:00+00:00,722,722,722,722,3
2026-09-15T07:50:00+00:00,720,720,720,720,1
2026-09-15T07:55:00+00:00,719.5,719.5,719.5,719.5,2
2026-09-15T08:10:00+00:00,720.5,720.5,720.5,720.5,1
2026-09-15T08:30:00+00:00,720.5,720.5,720.5,720.5,3
2026-09-15T08:40:00+00:00,722,723.5,722,722.5,10
2026-09-15T08:50:00+00:00,723,724,723,724,9
2026-09-15T09:00:00+00:00,723,723,723,723,1
2026-09-15T09:20:00+00:00,721,721,721,721,4
2026-09-15T09:25:00+00:00,721,721,721,721,1
2026-09-15T09:30:00+00:00,721,721,716,716,27
2026-09-15T09:40:00+00:00,718.5,718.5,718.5,718.5,1
2026-09-15T09:45:00+00:00,718.5,718.5,718,718,3
2026-09-15T10:10:00+00:00,716.5,716.5,716.5,716.5,2
2026-09-15T10:20:00+00:00,717.5,717.5,717.5,717.5,4
2026-09-15T10:25:00+00:00,716,716,716,716,13
2026-09-15T11:05:00+00:00,717,717.5,717,717,16
2026-09-15T11:10:00+00:00,717,717,717,717,1
2026-09-15T11:20:00+00:00,716.5,716.5,716.5,716.5,6
2026-09-15T11:45:00+00:00,715,715,714.5,714.5,4
2026-09-15T11:50:00+00:00,713,713,711,713,12
2026-09-15T11:55:00+00:00,713,713,713,713,3
2026-09-15T12:00:00+00:00,712.5,712.5,712.5,712.5,1
2026-09-15T12:10:00+00:00,713.5,714.5,713.5,713.5,16
2026-09-15T12:15:00+00:00,714,714,714,714,1
2026-09-15T12:20:00+00:00,714,714,714,714,1
2026-09-15T12:25:00+00:00,713,713,713,713,2
2026-09-15T12:35:00+00:00,712.5,712.5,712.5,712.5,2
2026-09-15T13:30:00+00:00,712.5,719.5,711,719.5,10
2026-09-15T13:35:00+00:00,717,717,715,715,4
2026-09-15T13:40:00+00:00,715,715.5,715,715.5,5
2026-09-15T13:45:00+00:00,717,717,717,717,1
2026-09-15T13:50:00+00:00,715.5,715.5,715.5,715.5,1
2026-09-15T13:55:00+00:00,716,716,716,716,1
2026-09-15T14:00:00+00:00,715.5,715.5,715.5,715.5,7
2026-09-15T14:15:00+00:00,714.5,714.5,714.5,714.5,3
2026-09-15T14:20:00+00:00,715,715,715,715,1
2026-09-15T14:25:00+00:00,718,720,717.5,720,7
2026-09-15T14:30:00+00:00,720,720,719,719,10
2026-09-15T14:35:00+00:00,720,720.5,720,720.5,3
2026-09-15T14:40:00+00:00,721.5,722.5,721.5,722.5,11
2026-09-15T14:45:00+00:00,724.5,726,724.5,726,6
2026-09-15T14:50:00+00:00,727,727.5,726,726,10
2026-09-15T14:55:00+00:00,726.5,726.5,725,725,3
2026-09-15T15:00:00+00:00,723,723.5,722.5,723.5,4
2026-09-15T15:10:00+00:00,723,724,723,724,2
2026-09-15T15:15:00+00:00,725.5,725.5,725.5,725.5,1
2026-09-15T15:20:00+00:00,724.5,725.5,724.5,725,8
2026-09-15T15:25:00+00:00,726.5,726.5,726.5,726.5,3
2026-09-15T15:30:00+00:00,726.5,726.5,726.5,726.5,1
2026-09-15T15:45:00+00:00,722.5,722.5,721,722.5,12
2026-09-15T15:50:00+00:00,722,722,721.5,721.5,9
2026-09-15T15:55:00+00:00,721.5,721.5,721.5,721.5,1
2026-09-15T16:00:00+00:00,722,722,722,722,2
2026-09-15T16:05:00+00:00,722,722,722,722,2
2026-09-15T16:15:00+00:00,724,724,724,724,2
2026-09-15T16:25:00+00:00,723.5,723.5,723.5,723.5,1
2026-09-15T16:40:00+00:00,726,726,725,725,4
2026-09-15T16:45:00+00:00,725,725,725,725,4
2026-09-15T16:50:00+00:00,725.5,725.5,725.5,725.5,1
2026-09-15T16:55:00+00:00,724.5,724.5,724.5,724.5,1
2026-09-15T17:05:00+00:00,726,726,726,726,1
2026-09-15T17:10:00+00:00,726,727,726,727,24
2026-09-15T17:15:00+00:00,728.5,728.5,728.5,728.5,1
2026-09-15T17:20:00+00:00,729,729,728,728,5
2026-09-15T17:25:00+00:00,729.5,730,729.5,729.5,5
2026-09-15T17:30:00+00:00,730.5,730.5,730.5,730.5,4
2026-09-15T17:40:00+00:00,729.5,729.5,729.5,729.5,10
2026-09-15T17:45:00+00:00,730.5,730.5,730.5,730.5,4
2026-09-15T17:50:00+00:00,729.5,729.5,729.5,729.5,1
2026-09-15T17:55:00+00:00,729.5,729.5,729.5,729.5,1
2026-09-15T18:00:00+00:00,729,729,728,728,2
2026-09-15T18:10:00+00:00,729,729,729,729,1
2026-09-15T18:15:00+00:00,729,729,728,728,4
2026-09-16T00:00:00+00:00,728,728.5,727.5,727.5,0
2026-09-16T00:05:00+00:00,727,727,727,727,1
2026-09-16T00:10:00+00:00,726,726,725.5,725.5,5
2026-09-16T00:15:00+00:00,726.5,726.5,725,725,6
2026-09-16T00:35:00+00:00,725,725,725,725,8
2026-09-16T00:55:00+00:00,725,725,725,725,1
2026-09-16T01:10:00+00:00,727,727,727,727,2
2026-09-16T01:35:00+00:00,727,727,727,727,1
2026-09-16T01:50:00+00:00,729.5,729.5,729.5,729.5,6
2026-09-16T01:55:00+00:00,729.5,729.5,729.5,729.5,1
2026-09-16T02:00:00+00:00,730,730,730,730,2
2026-09-16T02:05:00+00:00,729,729,729,729,1
2026-09-16T02:10:00+00:00,729.5,729.5,729.5,729.5,1
2026-09-16T02:25:00+00:00,730,730,730,730,1
2026-09-16T02:35:00+00:00,729,729,729,729,1
2026-09-16T02:45:00+00:00,728,728,728,728,2
2026-09-16T03:05:00+00:00,731,731,731,731,1
2026-09-16T03:15:00+00:00,731.5,731.5,731.5,731.5,4
2026-09-16T03:25:00+00:00,732,732,732,732,2
2026-09-16T03:35:00+00:00,732.5,732.5,732.5,732.5,2
2026-09-16T03:55:00+00:00,732,732,732,732,1
2026-09-16T04:00:00+00:00,732,732.5,732,732.5,17
2026-09-16T04:05:00+00:00,733,733.5,733,733.5,2
2026-09-16T04:15:00+00:00,731.5,731.5,731.5,731.5,3
2026-09-16T04:55:00+00:00,733.5,733.5,733.5,733.5,1
2026-09-16T05:10:00+00:00,733,733,733,733,2
2026-09-16T05:25:00+00:00,734,734,734,734,2
2026-09-16T05:30:00+00:00,735,735.5,735,735.5,2
2026-09-16T05:35:00+00:00,734,735,734,735,3
2026-09-16T05:45:00+00:00,734.5,735.5,734.5,735.5,14
2026-09-16T05:50:00+00:00,735.5,735.5,735.5,735.5,1
2026-09-16T06:00:00+00:00,735,735,735,735,1
2026-09-16T06:05:00+00:00,734.5,734.5,734,734,5
2026-09-16T06:20:00+00:00,734,734,734,734,2
2026-09-16T06:25:00+00:00,733,733,733,733,4
2026-09-16T06:50:00+00:00,733.5,733.5,733.5,733.5,2
2026-09-16T06:55:00+00:00,732.5,732.5,732.5,732.5,1
2026-09-16T07:00:00+00:00,732.5,732.5,732,732,2
2026-09-16T07:10:00+00:00,732.5,732.5,732.5,732.5,1
2026-09-16T07:55:00+00:00,735,735,735,735,2
2026-09-16T08:05:00+00:00,733.5,733.5,733.5,733.5,3
2026-09-16T08:10:00+00:00,733.5,733.5,733.5,733.5,1
2026-09-16T08:35:00+00:00,732.5,732.5,732.5,732.5,1
2026-09-16T08:40:00+00:00,732.5,732.5,732.5,732.5,2
2026-09-16T08:45:00+00:00,733.5,733.5,733.5,733.5,1
2026-09-16T09:00:00+00:00,732.5,733,732.5,733,3
2026-09-16T09:05:00+00:00,733,733,733,733,1
2026-09-16T09:20:00+00:00,734,734.5,734,734.5,10
2026-09-16T09:30:00+00:00,734.5,734.5,734.5,734.5,1
2026-09-16T10:10:00+00:00,733,733,732.5,732.5,14
2026-09-16T10:15:00+00:00,732,732,732,732,1
2026-09-16T10:20:00+00:00,730,730,730,730,1
2026-09-16T10:25:00+00:00,730,730,730,730,1
2026-09-16T10:30:00+00:00,729.5,729.5,729.5,729.5,1
2026-09-16T10:45:00+00:00,730.5,730.5,730.5,730.5,1
2026-09-16T11:00:00+00:00,730,730,730,730,1
2026-09-16T11:05:00+00:00,729,729,728,728,9
2026-09-16T11:10:00+00:00,728,728,728,728,1
2026-09-16T11:15:00+00:00,727,727,727,727,2
2026-09-16T11:45:00+00:00,727.5,727.5,727.5,727.5,1
2026-09-16T11:50:00+00:00,727.5,727.5,727.5,727.5,1
2026-09-16T11:55:00+00:00,727.5,727.5,727,727,4
2026-09-16T12:00:00+00:00,726.5,726.5,726.5,726.5,11
2026-09-16T12:20:00+00:00,725,725,724,724.5,19
2026-09-16T12:30:00+00:00,727,727,727,727,1
2026-09-16T13:30:00+00:00,726.5,733.5,726.5,733.5,28
2026-09-16T13:35:00+00:00,734.5,734.5,733,733,2
2026-09-16T13:40:00+00:00,734,734,734,734,1
2026-09-16T13:45:00+00:00,732.5,733,732.5,733,2
2026-09-16T13:50:00+00:00,731.5,732,731.5,732,6
2026-09-16T14:05:00+00:00,733,733,729.5,729.5,4
2026-09-16T14:10:00+00:00,728.5,728.5,727,728,6
2026-09-16T14:15:00+00:00,729.5,729.5,728,728,3
2026-09-16T14:25:00+00:00,728,728,728,728,1
2026-09-16T14:30:00+00:00,728.5,728.5,728,728,2
2026-09-16T14:35:00+00:00,727,727,727,727,6
2026-09-16T14:40:00+00:00,729.5,729.5,729.5,729.5,1
2026-09-16T14:45:00+00:00,730,730,730,730,1
2026-09-16T15:00:00+00:00,727,727,725,725,3
2026-09-16T15:05:00+00:00,724.5,725,723.5,725,8
2026-09-16T15:10:00+00:00,725,725,724.5,724.5,3
2026-09-16T15:25:00+00:00,726,727,726,727,2
2026-09-16T15:30:00+00:00,726.5,726.5,726.5,726.5,1
2026-09-16T15:45:00+00:00,725.5,725.5,725.5,725.5,1
2026-09-16T15:55:00+00:00,726,726,726,726,5
2026-09-16T16:10:00+00:00,724.5,724.5,724.5,724.5,1
2026-09-16T16:25:00+00:00,727,727,727,727,1
2026-09-16T17:00:00+00:00,725,725,724,724,2
2026-09-16T17:05:00+00:00,724.5,724.5,724.5,724.5,1
2026-09-16T17:15:00+00:00,725.5,725.5,725.5,725.5,1
2026-09-16T17:40:00+00:00,726.5,726.5,726.5,726.5,1
2026-09-16T17:45:00+00:00,724.5,724.5,724.5,724.5,1
2026-09-16T18:10:00+00:00,728,732,728,732,9
2026-09-16T18:15:00+00:00,730.5,732.5,730.5,732.5,6
2026-09-17T00:00:00+00:00,735,735,727,727.5,0
2026-09-17T00:15:00+00:00,728,728,728,728,1
2026-09-17T00:30:00+00:00,728.5,728.5,728.5,728.5,1
2026-09-17T00:55:00+00:00,727,727,727,727,3
2026-09-17T01:00:00+00:00,726,726,726,726,3
2026-09-17T02:45:00+00:00,730,730,730,730,1
2026-09-17T02:55:00+00:00,730,730,730,730,3
2026-09-17T03:00:00+00:00,730.5,730.5,729.5,729.5,5
2026-09-17T03:20:00+00:00,730,730,729.5,729.5,2
2026-09-17T04:10:00+00:00,730.5,730.5,730.5,730.5,1
2026-09-17T04:15:00+00:00,730.5,730.5,730.5,730.5,1
2026-09-17T04:30:00+00:00,730.5,730.5,730.5,730.5,1
2026-09-17T04:40:00+00:00,732,733,732,733,3
2026-09-17T05:00:00+00:00,733.5,733.5,733.5,733.5,1
2026-09-17T05:30:00+00:00,732,732,732,732,1
2026-09-17T06:10:00+00:00,731.5,731.5,731.5,731.5,1
2026-09-17T06:30:00+00:00,728,728,728,728,7
2026-09-17T06:45:00+00:00,729,729,728.5,728.5,2
2026-09-17T06:50:00+00:00,727.5,727.5,726.5,726.5,13
2026-09-17T07:05:00+00:00,728,728,727.5,727.5,6
2026-09-17T07:10:00+00:00,727,727,727,727,4
2026-09-17T07:40:00+00:00,730,731,730,731,2
2026-09-17T07:50:00+00:00,732,732,732,732,2
2026-09-17T07:55:00+00:00,731.5,731.5,731.5,731.5,1
2026-09-17T08:00:00+00:00,732,732,732,732,1
2026-09-17T08:05:00+00:00,732.5,732.5,732.5,732.5,3
2026-09-17T08:15:00+00:00,731,731,731,731,2
2026-09-17T08:25:00+00:00,732.5,735,732.5,733.5,17
2026-09-17T08:30:00+00:00,730,730,730,730,2
2026-09-17T08:45:00+00:00,730,730,730,730,1
2026-09-17T08:50:00+00:00,728.5,729.5,728.5,729.5,3
2026-09-17T09:05:00+00:00,727.5,727.5,727.5,727.5,1
2026-09-17T09:15:00+00:00,727.5,728,727.5,728,5
2026-09-17T09:20:00+00:00,729,729,728.5,728.5,3
2026-09-17T10:15:00+00:00,728.5,728.5,728.5,728.5,4
2026-09-17T10:20:00+00:00,727,727,727,727,1
2026-09-17T10:30:00+00:00,727,727,727,727,3
2026-09-17T10:40:00+00:00,727,727,720.5,720.5,55
2026-09-17T10:45:00+00:00,720,723,720,721.5,30
2026-09-17T10:50:00+00:00,724,724,724,724,1
2026-09-17T10:55:00+00:00,725,726.5,725,726.5,4
2026-09-17T11:10:00+00:00,725,725,725,725,2
2026-09-17T11:15:00+00:00,723.5,723.5,723.5,723.5,1
2026-09-17T11:20:00+00:00,723,723,723,723,1
2026-09-17T11:25:00+00:00,723.5,725.5,723,723,19
2026-09-17T11:35:00+00:00,721,721,720,720,4
2026-09-17T11:40:00+00:00,720.5,720.5,720.5,720.5,1
2026-09-17T11:45:00+00:00,721,721,720,720,4
2026-09-17T11:55:00+00:00,718,718,716.5,716.5,14
2026-09-17T12:00:00+00:00,717.5,717.5,717.5,717.5,1
2026-09-17T12:05:00+00:00,718.5,718.5,718.5,718.5,2
2026-09-17T12:10:00+00:00,718,718,718,718,2
2026-09-17T12:15:00+00:00,718,718,718,718,1
2026-09-17T12:20:00+00:00,718,718,717.5,717.5,3
2026-09-17T12:25:00+00:00,718,718,718,718,5
2026-09-17T12:30:00+00:00,719,719.5,719,719.5,2
2026-09-17T13:30:00+00:00,722,724.5,722,724.5,13
2026-09-17T13:35:00+00:00,725,729.5,723.5,724,13
2026-09-17T13:40:00+00:00,723.5,724.5,723.5,724.5,6
2026-09-17T13:55:00+00:00,724,724,724,724,1
2026-09-17T14:00:00+00:00,723.5,723.5,723.5,723.5,1
2026-09-17T14:05:00+00:00,724.5,724.5,724.5,724.5,1
2026-09-17T14:35:00+00:00,721,721,721,721,6
2026-09-17T15:00:00+00:00,723.5,723.5,723.5,723.5,4
2026-09-17T15:05:00+00:00,725.5,726,725.5,726,3
2026-09-17T15:20:00+00:00,724.5,724.5,724.5,724.5,1
2026-09-17T16:10:00+00:00,724.5,724.5,724.5,724.5,1
2026-09-17T16:15:00+00:00,725,725,725,725,1
2026-09-17T16:20:00+00:00,726.5,726.5,726,726,2
2026-09-17T17:05:00+00:00,730,730,729,729,6
2026-09-17T17:30:00+00:00,729,729,729,729,3
2026-09-17T17:45:00+00:00,729.5,729.5,729.5,729.5,4
2026-09-17T17:50:00+00:00,728,728,728,728,22
2026-09-17T17:55:00+00:00,728.5,728.5,728.5,728.5,2
2026-09-17T18:05:00+00:00,729.5,729.5,727.5,727.5,6
2026-09-18T00:00:00+00:00,725.5,725.5,725,725,0
2026-09-18T01:00:00+00:00,727.5,727.5,727.5,727.5,4
2026-09-18T01:40:00+00:00,724.5,724.5,724.5,724.5,1
2026-09-18T02:55:00+00:00,724.5,724.5,724.5,724.5,1
2026-09-18T04:45:00+00:00,722.5,722.5,722.5,722.5,2
2026-09-18T05:35:00+00:00,723,723.5,723,723.5,3
2026-09-18T05:50:00+00:00,722.5,722.5,722.5,722.5,4
2026-09-18T06:00:00+00:00,722,722,722,722,5
2026-09-18T06:05:00+00:00,721,721,721,721,5
2026-09-18T06:10:00+00:00,721,721,720.5,720.5,3
2026-09-18T06:25:00+00:00,721.5,721.5,721.5,721.5,1
2026-09-18T06:40:00+00:00,720.5,720.5,720.5,720.5,1
2026-09-18T07:00:00+00:00,722.5,722.5,722.5,722.5,2
2026-09-18T07:05:00+00:00,721.5,721.5,721.5,721.5,2
2026-09-18T07:10:00+00:00,721,721,721,721,1
2026-09-18T07:15:00+00:00,721,721,721,721,2
2026-09-18T07:30:00+00:00,722,722,722,722,1
2026-09-18T07:35:00+00:00,722,722,722,722,1
2026-09-18T08:25:00+00:00,724.5,724.5,724.5,724.5,1
2026-09-18T08:30:00+00:00,724,724,724,724,5
2026-09-18T09:10:00+00:00,723,723,723,723,2
2026-09-18T09:15:00+00:00,723.5,723.5,723.5,723.5,1
2026-09-18T09:25:00+00:00,725,725,725,725,1
2026-09-18T10:10:00+00:00,724.5,725.5,724.5,725.5,8
2026-09-18T10:35:00+00:00,726.5,726.5,726.5,726.5,2
2026-09-18T10:40:00+00:00,727.5,728,727.5,728,5
2026-09-18T10:45:00+00:00,727.5,727.5,727,727,2
2026-09-18T10:55:00+00:00,727,727,727,727,1
2026-09-18T11:00:00+00:00,727.5,728,727,728,16
2026-09-18T11:05:00+00:00,728.5,728.5,728.5,728.5,2
2026-09-18T11:15:00+00:00,727.5,727.5,727.5,727.5,1
2026-09-18T11:25:00+00:00,726,726,726,726,1
2026-09-18T11:45:00+00:00,723.5,723.5,723.5,723.5,2
2026-09-18T12:10:00+00:00,723.5,723.5,723.5,723.5,2
2026-09-18T12:25:00+00:00,722.5,722.5,721,721,3
2026-09-18T13:30:00+00:00,724,724,717,718,20
2026-09-18T13:35:00+00:00,719.5,721.5,718.5,718.5,7
2026-09-18T13:40:00+00:00,719.5,720.5,719.5,720,4
2026-09-18T13:50:00+00:00,718.5,718.5,716.5,717,8
2026-09-18T14:00:00+00:00,718,718,717.5,717.5,2
2026-09-18T14:05:00+00:00,717,717,714.5,714.5,14
2026-09-18T14:10:00+00:00,715.5,715.5,714,714,3
2026-09-18T14:15:00+00:00,714,714,714,714,2
2026-09-18T14:25:00+00:00,714.5,714.5,714.5,714.5,6
2026-09-18T14:30:00+00:00,713.5,713.5,712,712,10
2026-09-18T14:35:00+00:00,713,714,713,714,3
2026-09-18T14:40:00+00:00,712.5,712.5,712,712,5
2026-09-18T14:45:00+00:00,711.5,711.5,711.5,711.5,7
2026-09-18T14:55:00+00:00,712.5,712.5,712.5,712.5,1
2026-09-18T15:00:00+00:00,713,713,712,712,10
2026-09-18T15:05:00+00:00,712,713,712,713,2
2026-09-18T15:10:00+00:00,713.5,713.5,713.5,713.5,4
2026-09-18T15:20:00+00:00,714,714,714,714,1
2026-09-18T15:25:00+00:00,713.5,713.5,713,713,2
2026-09-18T15:30:00+00:00,712.5,712.5,712.5,712.5,2
2026-09-18T15:35:00+00:00,711.5,711.5,711.5,711.5,1
2026-09-18T15:45:00+00:00,712.5,712.5,712.5,712.5,3
2026-09-18T15:50:00+00:00,712.5,713.5,712.5,713.5,3
2026-09-18T16:40:00+00:00,711.5,711.5,711.5,711.5,2
2026-09-18T17:00:00+00:00,712,712,712,712,1
2026-09-18T17:25:00+00:00,711.5,712.5,711.5,712.5,7
2026-09-18T17:40:00+00:00,713.5,713.5,713.5,713.5,1
2026-09-18T17:50:00+00:00,713.5,713.5,713.5,713.5,2
2026-09-18T17:55:00+00:00,714.5,714.5,714.5,714.5,1
2026-09-18T18:00:00+00:00,711,711,711,711,1
2026-09-18T18:15:00+00:00,713,714.5,711.5,714.5,4
2026-09-21T00:00:00+00:00,715,720,712,720,7
2026-09-21T00:05:00+00:00,721,722.5,720,722.5,11
2026-09-21T00:10:00+00:00,722.5,722.5,722,722.5,13
2026-09-21T00:15:00+00:00,724,725,724,725,8
2026-09-21T00:20:00+00:00,725,726,725,726,14
2026-09-21T00:25:00+00:00,726.5,727,726.5,727,5
2026-09-21T00:30:00+00:00,727.5,727.5,727.5,727.5,1
2026-09-21T00:35:00+00:00,727,727,727,727,3
2026-09-21T00:40:00+00:00,727,727,725.5,725.5,3
2026-09-21T00:50:00+00:00,726.5,726.5,725,725,4
2026-09-21T01:00:00+00:00,726,726,726,726,3
2026-09-21T01:15:00+00:00,727,727,727,727,1
2026-09-21T01:25:00+00:00,726,726,726,726,5
2026-09-21T02:20:00+00:00,728,728,727,727,2
2026-09-21T02:25:00+00:00,728,728,727,727,2
2026-09-21T02:30:00+00:00,727.5,727.5,726.5,727,3
2026-09-21T02:50:00+00:00,726.5,726.5,726.5,726.5,1
2026-09-21T03:10:00+00:00,727,727,727,727,2
2026-09-21T03:15:00+00:00,727,727,727,727,1
2026-09-21T03:20:00+00:00,726.5,726.5,726.5,726.5,1
2026-09-21T03:30:00+00:00,726,726,726,726,2
2026-09-21T04:00:00+00:00,727,727,727,727,1
2026-09-21T04:20:00+00:00,725,725,725,725,1
2026-09-21T04:25:00+00:00,725,725.5,725,725,7
2026-09-21T04:55:00+00:00,726,726,726,726,1
2026-09-21T05:20:00+00:00,725,725,725,725,1
2026-09-21T06:10:00+00:00,724.5,724.5,724,724,3
2026-09-21T06:15:00+00:00,725,725.5,725,725.5,6
2026-09-21T06:40:00+00:00,723.5,723.5,723,723.5,7
2026-09-21T06:50:00+00:00,723.5,723.5,723,723,11
2026-09-21T06:55:00+00:00,723,723,723,723,1
2026-09-21T07:00:00+00:00,722.5,722.5,722.5,722.5,1
2026-09-21T07:10:00+00:00,723,724,723,724,3
2026-09-21T07:30:00+00:00,724,724,724,724,1
2026-09-21T08:15:00+00:00,721.5,721.5,721,721.5,4
2026-09-21T08:25:00+00:00,720,720,720,720,3
2026-09-21T08:55:00+00:00,722.5,722.5,722,722,2
2026-09-21T11:10:00+00:00,722,722,722,722,1
2026-09-21T11:25:00+00:00,722,722,722,722,1
2026-09-21T11:35:00+00:00,724.5,724.5,724.5,724.5,1
2026-09-21T11:40:00+00:00,721.5,721.5,721.5,721.5,4
2026-09-21T11:55:00+00:00,724,724,724,724,1
2026-09-21T12:00:00+00:00,725,725,725,725,1
2026-09-21T12:10:00+00:00,725,725,725,725,1
2026-09-21T12:15:00+00:00,724.5,724.5,717,723,38
2026-09-21T12:20:00+00:00,722,722.5,719.5,722.5,30
2026-09-21T13:30:00+00:00,721,723.5,721,723.5,4
2026-09-21T13:35:00+00:00,724.5,725,722.5,722.5,18
2026-09-21T13:40:00+00:00,723,723.5,722,722,5
2026-09-21T13:45:00+00:00,723,723,723,723,3
2026-09-21T13:50:00+00:00,724.5,724.5,724.5,724.5,1
2026-09-21T13:55:00+00:00,722,722,722,722,5
2026-09-21T14:05:00+00:00,723.5,723.5,723,723,4
2026-09-21T14:10:00+00:00,724,724,724,724,5
2026-09-21T14:15:00+00:00,723,723,722,722,3
2026-09-21T14:20:00+00:00,724.5,725,724.5,725,2
2026-09-21T14:25:00+00:00,725.5,725.5,725.5,725.5,2
2026-09-21T14:30:00+00:00,724.5,724.5,724.5,724.5,1
2026-09-21T14:35:00+00:00,726.5,726.5,726.5,726.5,1
2026-09-21T14:40:00+00:00,727,727.5,727,727.5,3
2026-09-21T15:05:00+00:00,724.5,724.5,724.5,724.5,1
2026-09-21T15:10:00+00:00,725,725.5,725,725.5,3
2026-09-21T15:15:00+00:00,727,727,727,727,1
2026-09-21T15:40:00+00:00,728.5,728.5,728.5,728.5,6
2026-09-21T15:45:00+00:00,727,727,727,727,3
2026-09-21T15:50:00+00:00,729.5,730,729.5,730,17
2026-09-21T16:05:00+00:00,728.5,728.5,728.5,728.5,4
2026-09-21T16:10:00+00:00,729,729,729,729,1
2026-09-21T16:15:00+00:00,728,728,728,728,6
2026-09-21T16:20:00+00:00,727,727,727,727,1
2026-09-21T16:30:00+00:00,727.5,727.5,727.5,727.5,1
2026-09-21T16:35:00+00:00,726.5,726.5,726.5,726.5,2
2026-09-21T16:40:00+00:00,725.5,725.5,725,725,2
2026-09-21T16:50:00+00:00,727,727.5,727,727.5,3
2026-09-21T17:20:00+00:00,725.5,725.5,725.5,725.5,1
2026-09-21T17:25:00+00:00,727,727,727,727,1
2026-09-21T17:50:00+00:00,726.5,726.5,726.5,726.5,4
2026-09-21T18:00:00+00:00,726.5,726.5,726.5,726.5,1
2026-09-21T18:05:00+00:00,725.5,725.5,725.5,725.5,13
2026-09-21T18:10:00+00:00,726,726.5,726,726.5,11
2026-09-21T18:15:00+00:00,726,726,726,726,1
2026-09-22T00:00:00+00:00,725.5,725.5,723,723,0
2026-09-22T00:30:00+00:00,724,724,724,724,1
2026-09-22T01:45:00+00:00,722,722,722,722,1
2026-09-22T01:50:00+00:00,722.5,723,722.5,723,2
2026-09-22T02:50:00+00:00,725,725,725,725,1
2026-09-22T03:05:00+00:00,725.5,725.5,725.5,725.5,1
2026-09-22T03:30:00+00:00,726,726,726,726,1
2026-09-22T03:35:00+00:00,726.5,726.5,726,726,3
2026-09-22T04:15:00+00:00,726.5,728,726.5,728,3
2026-09-22T04:50:00+00:00,728,728,728,728,1
2026-09-22T05:00:00+00:00,729,729,729,729,1
2026-09-22T05:15:00+00:00,727.5,727.5,727.5,727.5,4
2026-09-22T05:40:00+00:00,727.5,727.5,727.5,727.5,1
2026-09-22T05:50:00+00:00,726,726,726,726,2
2026-09-22T06:05:00+00:00,727.5,727.5,727.5,727.5,2
2026-09-22T06:10:00+00:00,728,728,728,728,1
2026-09-22T06:55:00+00:00,723,723,723,723,2
2026-09-22T07:25:00+00:00,724.5,724.5,724.5,724.5,2
2026-09-22T07:35:00+00:00,723.5,723.5,722,722,4
2026-09-22T07:40:00+00:00,723,723.5,723,723.5,12
2026-09-22T08:20:00+00:00,721,721,720.5,720.5,5
2026-09-22T08:25:00+00:00,720,720,719.5,719.5,4
2026-09-22T08:35:00+00:00,722.5,722.5,722.5,722.5,2
2026-09-22T08:40:00+00:00,722.5,722.5,722.5,722.5,3
2026-09-22T08:45:00+00:00,720.5,720.5,720,720,3
2026-09-22T09:00:00+00:00,719,719,719,719,1
2026-09-22T09:20:00+00:00,720,720,720,720,1
2026-09-22T09:35:00+00:00,719.5,719.5,719.5,719.5,4
2026-09-22T09:50:00+00:00,718.5,718.5,717,717,5
2026-09-22T10:00:00+00:00,717,718.5,717,717.5,8
2026-09-22T10:20:00+00:00,718,718,718,718,1
2026-09-22T10:25:00+00:00,717,717,717,717,1
2026-09-22T11:15:00+00:00,716,716,716,716,1
2026-09-22T11:30:00+00:00,717,717,716.5,716.5,3
2026-09-22T12:15:00+00:00,718.5,718.5,718,718,2
2026-09-22T12:35:00+00:00,718.5,718.5,718.5,718.5,1
2026-09-22T13:30:00+00:00,718.5,720,718.5,720,4
2026-09-22T13:35:00+00:00,723.5,724,723.5,724,3
2026-09-22T13:40:00+00:00,723,723,721.5,721.5,2
2026-09-22T13:50:00+00:00,721,721.5,721,721.5,3
2026-09-22T14:00:00+00:00,721.5,721.5,719,719,14
2026-09-22T14:05:00+00:00,719,719,719,719,1
2026-09-22T14:10:00+00:00,720.5,720.5,720.5,720.5,1
2026-09-22T14:20:00+00:00,721.5,721.5,721.5,721.5,1
2026-09-22T14:40:00+00:00,723,723,723,723,1
2026-09-22T14:50:00+00:00,722,722,722,722,1
2026-09-22T15:10:00+00:00,719,719,718.5,718.5,2
2026-09-22T15:20:00+00:00,718,718,718,718,1
2026-09-22T15:30:00+00:00,718.5,718.5,718.5,718.5,2
2026-09-22T15:45:00+00:00,720,720,720,720,1
2026-09-22T15:55:00+00:00,720,720,720,720,1
2026-09-22T16:05:00+00:00,720,720,720,720,2
2026-09-22T16:15:00+00:00,722,722,722,722,1
2026-09-22T16:40:00+00:00,722,722,722,722,1
2026-09-22T16:45:00+00:00,721.5,721.5,721.5,721.5,1
2026-09-22T17:20:00+00:00,722.5,722.5,722.5,722.5,1
2026-09-22T17:40:00+00:00,720,720,720,720,1
2026-09-22T17:50:00+00:00,720,720,720,720,4
2026-09-22T18:00:00+00:00,718.5,718.5,718.5,718.5,2
2026-09-22T18:05:00+00:00,719,719,719,719,2
2026-09-22T18:10:00+00:00,718,718.5,717,717.5,17
2026-09-22T18:15:00+00:00,717,717,717,717,2
