open_time,open,high,low,close,volume
2026-08-12T23:20:00+00:00,722.64,722.7469,722.64,722.65,0
2026-08-12T23:25:00+00:00,722.6664,722.6664,722.5237,722.6172,0
2026-08-12T23:30:00+00:00,722.61,722.61,722.3478,722.4941,0
2026-08-12T23:35:00+00:00,722.46,722.7865,722.43,722.7865,0
2026-08-12T23:40:00+00:00,722.78,722.81,722.61,722.75,0
2026-08-12T23:45:00+00:00,722.78,722.79,722.35,722.42,0
2026-08-12T23:50:00+00:00,722.38,722.65,722.38,722.65,0
2026-08-12T23:55:00+00:00,722.6622,722.67,722.5096,722.58,0
2026-08-13T08:00:00+00:00,723.9305,725.4977,723.21,723.32,0
2026-08-13T08:05:00+00:00,723.32,724.51,723.2722,723.67,0
2026-08-13T08:10:00+00:00,723.66,723.66,723.26,723.42,0
2026-08-13T08:15:00+00:00,723.46,723.5915,723.21,723.5915,0
2026-08-13T08:20:00+00:00,723.6169,723.77,723.4395,723.66,0
2026-08-13T08:25:00+00:00,723.75,724.08,723.75,723.86,0
2026-08-13T08:30:00+00:00,723.9582,723.9613,723.8,723.935,0
2026-08-13T08:35:00+00:00,723.81,723.81,723.665,723.81,0
2026-08-13T08:40:00+00:00,723.8,724.06,723.752,724.02,0
2026-08-13T08:45:00+00:00,724,724.01,723.82,723.84,0
2026-08-13T08:50:00+00:00,723.8589,724.22,723.8589,724.0085,0
2026-08-13T08:55:00+00:00,724.0895,724.168,723.9687,723.9687,0
2026-08-13T09:00:00+00:00,723.99,724.13,723.7748,723.84,0
2026-08-13T09:05:00+00:00,723.9123,723.9123,723.62,723.69,0
2026-08-13T09:10:00+00:00,723.6823,723.7,723.47,723.495,0
2026-08-13T09:15:00+00:00,723.3,723.45,723.02,723.45,0
2026-08-13T09:20:00+00:00,723.5,723.65,723.41,723.65,0
2026-08-13T09:25:00+00:00,723.68,723.68,723.37,723.37,0
2026-08-13T09:30:00+00:00,723.4285,723.82,723.4285,723.7604,0
2026-08-13T09:35:00+00:00,723.87,723.87,723.72,723.739,0
2026-08-13T09:40:00+00:00,723.77,723.97,723.76,723.97,0
2026-08-13T09:45:00+00:00,723.98,724.07,723.8941,723.9163,0
2026-08-13T09:50:00+00:00,724.05,724.27,724.05,724.23,0
2026-08-13T09:55:00+00:00,724.26,724.4,724.236,724.4,0
2026-08-13T10:00:00+00:00,724.3885,724.3885,724.05,724.11,0
2026-08-13T10:05:00+00:00,724.1012,724.3485,724.1,724.2,0
2026-08-13T10:10:00+00:00,724.24,724.35,724.22,724.3,0
2026-08-13T10:15:00+00:00,724.3427,724.47,724.29,724.4,0
2026-08-13T10:20:00+00:00,724.38,724.515,724.339,724.339,0
2026-08-13T10:25:00+00:00,724.26,724.3891,724.06,724.2179,0
2026-08-13T10:30:00+00:00,724.2585,724.49,724.21,724.25,0
2026-08-13T10:35:00+00:00,724.22,724.3771,724.19,724.29,0
2026-08-13T10:40:00+00:00,724.28,724.38,724.28,724.38,0
2026-08-13T10:45:00+00:00,724.3943,724.51,724.33,724.4915,0
2026-08-13T10:50:00+00:00,724.54,724.56,724.349,724.56,0
2026-08-13T10:55:00+00:00,724.489,724.5585,724.47,724.47,0
2026-08-13T11:00:00+00:00,724.47,724.71,723.7,724.4429,0
2026-08-13T11:05:00+00:00,724.41,724.57,724.32,724.3988,0
2026-08-13T11:10:00+00:00,724.4197,724.4197,724.23,724.23,0
2026-08-13T11:15:00+00:00,724.29,724.3,723.9533,723.97,0
2026-08-13T11:20:00+00:00,724.0145,724.1,723.91,724.0542,0
2026-08-13T11:25:00+00:00,724.0477,724.0685,723.85,724.0002,0
2026-08-13T11:30:00+00:00,724.01,724.21,723.9,724.21,0
2026-08-13T11:35:00+00:00,724.1515,724.5582,724.1515,724.5,0
2026-08-13T11:40:00+00:00,724.54,724.6,724.3777,724.6,0
2026-08-13T11:45:00+00:00,724.65,724.8,724.6,724.66,0
2026-08-13T11:50:00+00:00,724.64,724.64,724.197,724.4987,0
2026-08-13T11:55:00+00:00,724.4759,724.58,724.1645,724.2,0
2026-08-13T12:00:00+00:00,724.2285,724.23,723.49,723.516,0
2026-08-13T12:05:00+00:00,723.48,723.7748,723.45,723.6598,0
2026-08-13T12:10:00+00:00,723.6218,723.6949,723.158,723.52,0
2026-08-13T12:15:00+00:00,723.46,723.49,722.8,722.8904,0
2026-08-13T12:20:00+00:00,722.9718,723.24,722.9388,723.15,0
2026-08-13T12:25:00+00:00,723.1349,723.94,722.99,723.94,0
2026-08-13T12:30:00+00:00,723.8254,724.66,723,723.5913,0
2026-08-13T12:35:00+00:00,723.65,723.84,723.4803,723.823,0
2026-08-13T12:40:00+00:00,723.72,724.13,723.435,723.66,0
2026-08-13T12:45:00+00:00,723.5877,723.9988,723.53,723.89,0
2026-08-13T12:50:00+00:00,723.9709,724.32,723.82,724.26,0
2026-08-13T12:55:00+00:00,724.27,724.43,724.2035,724.42,0
2026-08-13T13:00:00+00:00,724.42,725.1451,724.4062,725.09,0
2026-08-13T13:05:00+00:00,725.11,725.3929,725.04,725.32,0
2026-08-13T13:10:00+00:00,725.3,725.3189,725,725.1077,0
2026-08-13T13:15:00+00:00,725.0946,725.1552,724.93,725.1235,0
2026-08-13T13:20:00+00:00,725.1,725.25,725.04,725.12,0
2026-08-13T13:25:00+00:00,725.06,725.39,725,725.1985,0
2026-08-13T13:30:00+00:00,725.125,726.0200195,724.039978,725.9700928,1733372
2026-08-13T13:35:00+00:00,725.9699707,728.2600098,725.9000244,728.2399902,988962
2026-08-13T13:40:00+00:00,728.2399902,728.6099854,727.2349854,727.6199951,811782
2026-08-13T13:45:00+00:00,727.6400146,730.8300171,727.4699707,730.5900269,1570258
2026-08-13T13:50:00+00:00,730.585022,731.1500244,730.2050171,730.8649902,1287165
2026-08-13T13:55:00+00:00,730.8549805,731.6799927,730.289978,731.5700073,830326
2026-08-13T14:00:00+00:00,731.5650024,731.789978,731.0999756,731.5900879,693439
2026-08-13T14:05:00+00:00,731.6099854,731.9099121,731.210022,731.6400146,606250
2026-08-13T14:10:00+00:00,731.6400146,732.4799805,731.6312866,732.2600098,670786
2026-08-13T14:15:00+00:00,732.2700195,732.5599976,732,732.0800171,458169
2026-08-13T14:20:00+00:00,732.0800171,732.5250244,731.7999878,732.289978,410315
2026-08-13T14:25:00+00:00,732.3099976,733.039978,732.0999756,732.960022,369205
2026-08-13T14:30:00+00:00,732.9500122,733.7349854,732.8248291,733.6799927,669435
2026-08-13T14:35:00+00:00,733.6599731,733.7550049,733.125,733.4000244,690362
2026-08-13T14:40:00+00:00,733.3800049,733.5889282,732.9400024,733.0150146,495219
2026-08-13T14:45:00+00:00,733,733.1298828,732.4400024,732.5800171,940560
2026-08-13T14:50:00+00:00,732.5800171,732.8250122,732.3599854,732.8200073,406253
2026-08-13T14:55:00+00:00,732.7700195,732.7999878,732.1199951,732.1500244,215597
2026-08-13T15:00:00+00:00,732.1400146,732.9000244,732.0443726,732.1199951,246159
2026-08-13T15:05:00+00:00,732.1199951,732.7199707,732.1099854,732.4949951,446199
2026-08-13T15:10:00+00:00,732.5,732.8400269,732.3099976,732.5808716,367036
2026-08-13T15:15:00+00:00,732.5999756,732.789978,732.210022,732.789978,204416
2026-08-13T15:20:00+00:00,732.7550049,733.0999756,732.6900024,732.9099731,230758
2026-08-13T15:25:00+00:00,732.9099731,733.0300293,731.7000122,731.9099731,434691
2026-08-13T15:30:00+00:00,731.9199829,732.125,730.8200073,730.8499756,355289
2026-08-13T15:35:00+00:00,730.8599854,731.3499756,730.4699707,731.0150146,332131
2026-08-13T15:40:00+00:00,731.0100098,731.623291,730.5300903,731.1403809,266826
2026-08-13T15:45:00+00:00,731.0549927,731.0549927,730.4000244,730.7000122,165565
2026-08-13T15:50:00+00:00,730.7299805,730.7999878,729.8800049,730.2003174,289775
2026-08-13T15:55:00+00:00,730.2299805,730.6500244,729.8599854,730.1400146,273012
2026-08-13T16:00:00+00:00,730.1500244,731.3300171,730.1099854,730.960022,753175
2026-08-13T16:05:00+00:00,731.0150146,731.5100098,730.9899902,731.3099976,207535
2026-08-13T16:10:00+00:00,731.2999878,731.5,730.685791,730.6900024,115103
2026-08-13T16:15:00+00:00,730.7399902,730.9849854,730.5800171,730.8499756,108376
2026-08-13T16:20:00+00:00,730.8250122,731.4099731,730.6539917,731.3400269,338005
2026-08-13T16:25:00+00:00,731.3400269,731.8800049,731.3099976,731.8300171,190145
2026-08-13T16:30:00+00:00,731.8400269,732.1599731,731.789978,731.8690186,267148
2026-08-13T16:35:00+00:00,731.8336792,732.0300293,731.4000854,731.5900269,107316
2026-08-13T16:40:00+00:00,731.6049805,731.8549805,731.4349976,731.7600098,201189
2026-08-13T16:45:00+00:00,731.75,732.0599976,731.75,731.9799805,102973
2026-08-13T16:50:00+00:00,731.9799805,732.2399902,731.7600098,731.8049927,110932
2026-08-13T16:55:00+00:00,731.7449951,732,731.6199951,731.9749756,120599
2026-08-13T17:00:00+00:00,732,732.6300049,732,732.5900269,254962
2026-08-13T17:05:00+00:00,732.585022,732.9199829,732.5750122,732.8099976,173965
2026-08-13T17:10:00+00:00,732.8300171,732.9500122,732.7399902,732.7999878,175138
2026-08-13T17:15:00+00:00,732.7949829,733.2000122,732.7700195,733.1950073,154397
2026-08-13T17:20:00+00:00,733.1950073,733.3499756,733.0200195,733.1099854,162143
2026-08-13T17:25:00+00:00,733.164978,733.2600098,733.0349731,733.0484009,104895
2026-08-13T17:30:00+00:00,733.0499878,733.2263184,732.9000244,732.9650269,318300
2026-08-13T17:35:00+00:00,732.9849854,733.039917,732.6737061,732.7600098,95465
2026-08-13T17:40:00+00:00,732.7399902,732.9199829,732.5300293,732.5300293,156216
2026-08-13T17:45:00+00:00,732.5250244,732.8400269,732.5200806,732.5999756,250707
2026-08-13T17:50:00+00:00,732.6298828,732.710022,732.3099976,732.3499756,289269
2026-08-13T17:55:00+00:00,732.4000244,732.6300049,732.2800293,732.2800293,152583
2026-08-13T18:00:00+00:00,732.2999878,732.460022,732.2299805,732.3699951,109336
2026-08-13T18:05:00+00:00,732.3585815,732.5499878,732.039978,732.1099854,94002
2026-08-13T18:10:00+00:00,732.1400146,732.3200073,731.9299927,732.2299805,202860
2026-08-13T18:15:00+00:00,732.2249756,732.3699951,732.0499878,732.0700073,319521
2026-08-13T18:20:00+00:00,732.0650024,732.2199707,731.7650146,731.8001099,145805
2026-08-13T18:25:00+00:00,731.8099976,732.0999756,731.8099976,732,218504
2026-08-13T18:30:00+00:00,732.0100098,732.6900024,732.0100098,732.585022,198419
2026-08-13T18:35:00+00:00,732.585022,732.7700195,732.5150146,732.7000122,184324
2026-08-13T18:40:00+00:00,732.710022,733.0900269,732.5999756,732.9000244,252046
2026-08-13T18:45:00+00:00,732.9000244,733.2294922,732.8900146,733.1799927,243929
2026-08-13T18:50:00+00:00,733.1799927,733.2700195,732.9699707,733.1500244,254315
2026-08-13T18:55:00+00:00,733.1500244,733.3099976,733.0700073,733.289978,162278
2026-08-13T19:00:00+00:00,733.289978,733.5349731,733.2301025,733.3079834,214987
2026-08-13T19:05:00+00:00,733.3099976,733.960022,733.1619873,733.8300171,260333
2026-08-13T19:10:00+00:00,733.8099976,733.8200073,732.9500122,733.1300049,242121
2026-08-13T19:15:00+00:00,733.1199951,733.1849976,732.7301025,733.1849976,233470
2026-08-13T19:20:00+00:00,733.1898193,733.3200073,733,733.0349731,197867
2026-08-13T19:25:00+00:00,733,733.0449829,732.5800171,732.7700195,172498
2026-08-13T19:30:00+00:00,732.7399902,732.8640137,732.460022,732.5800171,179289
2026-08-13T19:35:00+00:00,732.5700073,732.7700195,732.5100098,732.6699829,267316
2026-08-13T19:40:00+00:00,732.6900024,732.7376099,732.2399902,732.2750244,329252
2026-08-13T19:45:00+00:00,732.2700195,732.3200073,732.0499878,732.2249756,388180
2026-08-13T19:50:00+00:00,732.210022,732.2800293,731.75,731.9899902,769918
2026-08-13T19:55:00+00:00,732.0100098,732.1199951,731.5499878,732.0599976,1031078
2026-08-13T20:00:00+00:00,732.05,732.57,730.85,732.31,0
2026-08-13T20:05:00+00:00,732.2731,732.62,732.07,732.16,0
2026-08-13T20:10:00+00:00,732.201,732.4459,732.07,732.38,0
2026-08-13T20:15:00+00:00,732.07,732.5,732.07,732.32,0
2026-08-13T20:20:00+00:00,732.3031,732.3031,732,732.1,0
2026-08-13T20:25:00+00:00,732.0993,732.34,732.08,732.1139,0
2026-08-13T20:30:00+00:00,732.1922,732.4,732.1049,732.201,0
2026-08-13T20:35:00+00:00,732.2193,732.5,732.2041,732.498,0
2026-08-13T20:40:00+00:00,732.498,732.51,732.39,732.44,0
2026-08-13T20:45:00+00:00,732.45,732.53,732.41,732.41,0
2026-08-13T20:50:00+00:00,732.4599,732.55,732.41,732.54,0
2026-08-13T20:55:00+00:00,732.5,732.64,732.4267,732.61,0
2026-08-13T21:00:00+00:00,732.6399,732.65,732.07,732.4448,0
2026-08-13T21:05:00+00:00,732.45,772.5808,732.07,732.6,0
2026-08-13T21:10:00+00:00,732.6761,732.71,732.55,732.63,0
2026-08-13T21:15:00+00:00,732.6596,732.66,732.57,732.57,0
2026-08-13T21:20:00+00:00,732.6144,732.6599,732.57,732.65,0
2026-08-13T21:25:00+00:00,732.64,732.71,732.6,732.6762,0
2026-08-13T21:30:00+00:00,732.67,732.7269,732.67,732.7269,0
2026-08-13T21:35:00+00:00,732.7269,732.77,732.7007,732.7418,0
2026-08-13T21:40:00+00:00,732.7252,732.94,732.6997,732.79,0
2026-08-13T21:45:00+00:00,732.74,732.8,732.74,732.78,0
2026-08-13T21:50:00+00:00,732.78,732.8,732.71,732.71,0
2026-08-13T21:55:00+00:00,732.7958,732.8,732.71,732.71,0
2026-08-13T22:00:00+00:00,732.71,732.71,732,732.1924,0
2026-08-13T22:05:00+00:00,732.32,732.57,732.1673,732.1973,0
2026-08-13T22:10:00+00:00,732.211,732.2471,732.0972,732.1822,0
2026-08-13T22:15:00+00:00,732.15,732.3399,732.0148,732.2773,0
2026-08-13T22:20:00+00:00,732.3322,732.3382,732.07,732.1933,0
2026-08-13T22:25:00+00:00,732.12,732.1899,732.118,732.1456,0
2026-08-13T22:30:00+00:00,732.17,732.4013,732.17,732.32,0
2026-08-13T22:35:00+00:00,732.33,732.45,732.2701,732.3067,0
2026-08-13T22:40:00+00:00,732.2815,732.448,732.2815,732.448,0
2026-08-13T22:45:00+00:00,732.3473,732.41,732.27,732.2759,0
2026-08-13T22:50:00+00:00,732.2744,732.3433,732.23,732.3333,0
2026-08-13T22:55:00+00:00,732.34,732.35,732.2673,732.33,0
2026-08-13T23:00:00+00:00,732.33,732.36,732.23,732.35,0
2026-08-13T23:05:00+00:00,732.3459,732.53,732.3231,732.5284,0
2026-08-13T23:10:00+00:00,732.53,732.78,732.53,732.78,0
2026-08-13T23:15:00+00:00,732.8,732.83,732.45,732.57,0
2026-08-13T23:20:00+00:00,732.5385,732.5585,732.07,732.19,0
2026-08-13T23:25:00+00:00,732.2159,732.3122,732.2159,732.2195,0
2026-08-13T23:30:00+00:00,732.21,732.29,732.16,732.29,0
2026-08-13T23:35:00+00:00,732.2815,732.2815,732.1346,732.19,0
2026-08-13T23:40:00+00:00,732.159,732.2685,732.0969,732.1476,0
2026-08-13T23:45:00+00:00,732.12,732.22,732,732.0778,0
2026-08-13T23:50:00+00:00,732.0883,732.2,732.0883,732.15,0
2026-08-13T23:55:00+00:00,732.19,732.2794,732.11,732.2267,0
2026-08-14T08:00:00+00:00,732.2,732.7,730.76,732.5722,0
2026-08-14T08:05:00+00:00,732.658,733.26,731.93,733.145,0
2026-08-14T08:10:00+00:00,733.1517,733.23,732.69,732.75,0
2026-08-14T08:15:00+00:00,732.82,733.27,732.6702,732.709,0
2026-08-14T08:20:00+00:00,732.69,732.85,732.65,732.8,0
2026-08-14T08:25:00+00:00,732.73,733.01,732.6412,732.9972,0
2026-08-14T08:30:00+00:00,733.108,733.29,732.9898,733.1876,0
2026-08-14T08:35:00+00:00,733.24,733.3954,733.24,733.36,0
2026-08-14T08:40:00+00:00,733.3792,733.4,733.16,733.1985,0
2026-08-14T08:45:00+00:00,733.18,733.38,733.18,733.3,0
2026-08-14T08:50:00+00:00,733.3,733.38,733.15,733.15,0
2026-08-14T08:55:00+00:00,733.1334,733.1487,732.9987,732.9987,0
2026-08-14T09:00:00+00:00,732.94,732.95,732.76,732.9236,0
2026-08-14T09:05:00+00:00,732.82,732.9781,732.8,732.8293,0
2026-08-14T09:10:00+00:00,732.8,732.9088,732.7303,732.8876,0
2026-08-14T09:15:00+00:00,732.89,732.9962,732.81,732.9776,0
2026-08-14T09:20:00+00:00,733,733.2,732.8612,733.18,0
2026-08-14T09:25:00+00:00,733.23,733.23,733.07,733.12,0
2026-08-14T09:30:00+00:00,733.1182,733.1182,732.77,732.77,0
2026-08-14T09:35:00+00:00,732.82,732.85,732.6674,732.76,0
2026-08-14T09:40:00+00:00,732.83,732.8685,732.65,732.68,0
2026-08-14T09:45:00+00:00,732.68,733.07,732.66,733.05,0
2026-08-14T09:50:00+00:00,733.04,733.18,732.97,733.03,0
2026-08-14T09:55:00+00:00,733.09,733.3102,733.04,733.31,0
2026-08-14T10:00:00+00:00,733.3385,733.52,733.28,733.52,0
2026-08-14T10:05:00+00:00,733.55,733.635,733.5,733.56,0
2026-08-14T10:10:00+00:00,733.55,733.67,733.4123,733.4685,0
2026-08-14T10:15:00+00:00,733.4287,733.44,733.2781,733.31,0
2026-08-14T10:20:00+00:00,733.22,733.37,733.15,733.37,0
2026-08-14T10:25:00+00:00,733.36,733.36,733.02,733.1,0
2026-08-14T10:30:00+00:00,733.1704,733.32,733.1,733.31,0
2026-08-14T10:35:00+00:00,733.27,733.27,733.13,733.23,0
2026-08-14T10:40:00+00:00,733.2012,733.3312,733.06,733.3312,0
2026-08-14T10:45:00+00:00,733.36,733.44,733.2651,733.2651,0
2026-08-14T10:50:00+00:00,733.31,733.6,733.3,733.59,0
2026-08-14T10:55:00+00:00,733.55,733.68,733.39,733.661,0
2026-08-14T11:00:00+00:00,733.71,733.92,732.07,733.69,0
2026-08-14T11:05:00+00:00,733.61,733.91,733.61,733.7869,0
2026-08-14T11:10:00+00:00,733.83,733.87,733.7,733.7744,0
2026-08-14T11:15:00+00:00,733.72,733.76,733.54,733.6012,0
2026-08-14T11:20:00+00:00,733.67,733.79,733.4982,733.63,0
2026-08-14T11:25:00+00:00,733.5912,733.7592,733.56,733.6013,0
2026-08-14T11:30:00+00:00,733.6,733.7602,733.435,733.7414,0
2026-08-14T11:35:00+00:00,733.68,733.88,733.65,733.6521,0
2026-08-14T11:40:00+00:00,733.59,733.73,733.4,733.7085,0
2026-08-14T11:45:00+00:00,733.671,734,733.66,734,0
2026-08-14T11:50:00+00:00,734,734.1027,733.85,733.896,0
2026-08-14T11:55:00+00:00,733.8961,734.07,733.8125,733.98,0
2026-08-14T12:00:00+00:00,733.99,734.33,731.521,733.9845,0
2026-08-14T12:05:00+00:00,733.93,734.0423,733.8207,733.97,0
2026-08-14T12:10:00+00:00,734.0364,734.0488,732.68,733.38,0
2026-08-14T12:15:00+00:00,733.378,733.378,733.08,733.2479,0
2026-08-14T12:20:00+00:00,733.3,733.493,733.1792,733.2667,0
2026-08-14T12:25:00+00:00,733.199,733.9,733.1803,733.72,0
2026-08-14T12:30:00+00:00,733.765,734.355,733.597,734.23,0
2026-08-14T12:35:00+00:00,734.22,734.31,733.8803,734.01,0
2026-08-14T12:40:00+00:00,734.01,734.0392,733.85,734,0
2026-08-14T12:45:00+00:00,734,734.19,732.07,734.15,0
2026-08-14T12:50:00+00:00,734.15,734.2944,734.0054,734.264,0
2026-08-14T12:55:00+00:00,734.2654,734.33,734.05,734.05,0
2026-08-14T13:00:00+00:00,734.0987,734.293,733.9787,734.16,0
2026-08-14T13:05:00+00:00,734.1661,734.41,734.0114,734.03,0
2026-08-14T13:10:00+00:00,734.0271,734.0271,733.71,733.73,0
2026-08-14T13:15:00+00:00,733.7,733.89,733.58,733.64,0
2026-08-14T13:20:00+00:00,733.6,733.83,733.5301,733.7245,0
2026-08-14T13:25:00+00:00,733.64,733.87,733.37,733.52,0
2026-08-14T13:30:00+00:00,733.2600098,734.0900269,732.5999756,732.5999756,1623066
2026-08-14T13:35:00+00:00,732.6300049,732.9650269,731.7200928,732.9400024,414957
2026-08-14T13:40:00+00:00,732.9650269,733.9199829,732.3267212,733.9000244,345491
2026-08-14T13:45:00+00:00,733.8599854,734.3900146,733.0700073,733.375,462274
2026-08-14T13:50:00+00:00,733.4299927,733.9799805,732.8900146,733.3900146,330493
2026-08-14T13:55:00+00:00,733.3900146,733.6300049,732.7000122,733.0499878,242650
2026-08-14T14:00:00+00:00,732.9500122,733.7974854,732.6400146,733.7349854,225453
2026-08-14T14:05:00+00:00,733.7199707,734.1599731,733.1500244,733.2498779,302724
2026-08-14T14:10:00+00:00,733.2199707,733.5,732.8049927,732.9749756,230346
2026-08-14T14:15:00+00:00,732.9899902,733.1149902,731.6820068,731.7849731,374377
2026-08-14T14:20:00+00:00,731.7750244,732.25,731.2399902,731.4398804,925409
2026-08-14T14:25:00+00:00,731.4998779,731.7000122,730.8400269,731.460083,469342
2026-08-14T14:30:00+00:00,731.4721069,731.5499878,730.75,731,386855
2026-08-14T14:35:00+00:00,730.9899902,731.8400269,730.9100952,731.75,232902
2026-08-14T14:40:00+00:00,731.6900024,731.6900024,731.0637817,731.4400024,199768
2026-08-14T14:45:00+00:00,731.3900146,731.6300049,731.0999756,731.2700195,159925
2026-08-14T14:50:00+00:00,731.25,731.6400146,731.1049805,731.1099854,146133
2026-08-14T14:55:00+00:00,731.1099854,731.2399902,730.5999756,730.5999756,183124
2026-08-14T15:00:00+00:00,730.6099854,731.0499878,730.2800293,730.5855713,160869
2026-08-14T15:05:00+00:00,730.5900269,730.7849731,730.0900269,730.1900024,197136
2026-08-14T15:10:00+00:00,730.2000122,730.4400024,729.7598877,729.8049927,303130
2026-08-14T15:15:00+00:00,729.8049927,730.2949829,729.8049927,730.1199951,234227
2026-08-14T15:20:00+00:00,730.1300049,730.25,728.6799927,728.710022,407566
2026-08-14T15:25:00+00:00,728.7249756,729.4000244,728.4199829,729.3201294,457986
2026-08-14T15:30:00+00:00,729.3699951,729.3900146,728.6500244,728.7800293,258458
2026-08-14T15:35:00+00:00,728.7700195,729.1799927,728.5499878,728.619873,227304
2026-08-14T15:40:00+00:00,728.5949707,728.7999878,728.3200073,728.75,289833
2026-08-14T15:45:00+00:00,728.789978,729.1900024,728.3499756,728.539978,217172
2026-08-14T15:50:00+00:00,728.5499878,729.1400146,728.3300171,728.9899902,258287
2026-08-14T15:55:00+00:00,729.0200195,729.3800049,728.8900146,729.2249756,237500
2026-08-14T16:00:00+00:00,729.2199707,729.6699829,729.2199707,729.4299927,311715
2026-08-14T16:05:00+00:00,729.4099731,729.5,728.8599854,729.0350952,174246
2026-08-14T16:10:00+00:00,729.0700073,729.6199951,729,729.585022,262048
2026-08-14T16:15:00+00:00,729.5800171,729.7600098,729.5125122,729.5800171,257363
2026-08-14T16:20:00+00:00,729.5800171,729.9000244,729.460022,729.8850098,109915
2026-08-14T16:25:00+00:00,729.8599854,730.2150269,729.8400269,730.0700073,286060
2026-08-14T16:30:00+00:00,730.0750122,730.0999146,729.2299805,729.3800049,219552
2026-08-14T16:35:00+00:00,729.4000244,729.9650269,729.3400269,729.5750122,136541
2026-08-14T16:40:00+00:00,729.5999756,729.5999756,729.1799927,729.25,187606
2026-08-14T16:45:00+00:00,729.2299805,729.460022,729.1199951,729.4000244,159252
2026-08-14T16:50:00+00:00,729.3900146,729.4000244,728.960022,729.0800171,141108
2026-08-14T16:55:00+00:00,729.1199951,729.2901001,728.9500122,729.0200195,120722
2026-08-14T17:00:00+00:00,729.0499878,729.2094727,728.8859863,729.0532837,203516
2026-08-14T17:05:00+00:00,729.0900269,729.3800049,729.0499878,729.232605,100789
2026-08-14T17:10:00+00:00,729.2449951,729.5380249,729.164978,729.2700195,108175
2026-08-14T17:15:00+00:00,729.2650146,729.3699951,729,729.25,252202
2026-08-14T17:20:00+00:00,729.25,729.4500122,728.8300171,728.914978,159776
2026-08-14T17:25:00+00:00,728.8800049,729.1500244,728.7600098,729.0131226,153392
2026-08-14T17:30:00+00:00,729.0300293,729.3300171,728.960022,729.25,161965
2026-08-14T17:35:00+00:00,729.25,729.3250122,728.8300171,728.9749756,136898
2026-08-14T17:40:00+00:00,728.960022,729.1799927,728.8400269,729.0200195,93277
2026-08-14T17:45:00+00:00,729.0062866,729.1450195,728.9000244,728.9799805,102335
2026-08-14T17:50:00+00:00,729,729.4400024,728.7800293,729.3496704,162005
2026-08-14T17:55:00+00:00,729.352478,729.5999756,729.1801758,729.5449829,157747
2026-08-14T18:00:00+00:00,729.5300293,729.7999878,729.3699951,729.7299805,184062
2026-08-14T18:05:00+00:00,729.7199707,729.7849731,729.5150146,729.7399902,209244
2026-08-14T18:10:00+00:00,729.710022,729.7700195,729.4500122,729.4799805,199750
2026-08-14T18:15:00+00:00,729.4799805,729.7572021,729.4700928,729.6149902,135381
2026-08-14T18:20:00+00:00,729.5999756,729.7999878,729.4713135,729.5250854,106085
2026-08-14T18:25:00+00:00,729.5200195,729.6798706,729.1599731,729.1799927,167555
2026-08-14T18:30:00+00:00,729.2299805,729.4000244,729.0900269,729.3099976,192006
2026-08-14T18:35:00+00:00,729.3099976,729.4450073,729.1699829,729.4050293,120149
2026-08-14T18:40:00+00:00,729.3800049,729.7449951,729.3499756,729.6699829,171502
2026-08-14T18:45:00+00:00,729.6749878,729.7095947,729.4509888,729.6799927,103020
2026-08-14T18:50:00+00:00,729.6900024,730.0800171,729.6799927,729.9099731,316571
2026-08-14T18:55:00+00:00,729.9000244,729.9099731,729.6599731,729.6900024,100131
2026-08-14T19:00:00+00:00,729.7000122,729.7550049,729.4224854,729.5501099,196513
2026-08-14T19:05:00+00:00,729.5599976,729.8200073,729.4099731,729.789978,265348
2026-08-14T19:10:00+00:00,729.789978,729.789978,729.5200195,729.5499878,415934
2026-08-14T19:15:00+00:00,729.5499878,729.7600098,729.4000244,729.7000122,387949
2026-08-14T19:20:00+00:00,729.6950073,729.710022,729.5100098,729.6500244,115868
2026-08-14T19:25:00+00:00,729.6500244,730.039978,729.6400146,729.8599854,247952
2026-08-14T19:30:00+00:00,729.8599854,730.0352783,729.7600098,729.9899902,228769
2026-08-14T19:35:00+00:00,729.9899292,730.164978,729.8699951,730.0750122,370396
2026-08-14T19:40:00+00:00,730.0900269,730.3300171,730.0499878,730.1699829,569779
2026-08-14T19:45:00+00:00,730.1500244,730.4299927,730,730.4100952,370135
2026-08-14T19:50:00+00:00,730.4000244,730.6699829,730.3599854,730.5900269,573621
2026-08-14T19:55:00+00:00,730.5949707,731.1199951,730.289978,731.0499878,1223393
2026-08-14T20:00:00+00:00,731.04,731.24,730.9,731.07,0
2026-08-14T20:05:00+00:00,731.0869,731.0869,730.74,730.7669,0
2026-08-14T20:10:00+00:00,730.78,731.07,730.72,730.7969,0
2026-08-14T20:15:00+00:00,731.07,731.07,730.65,730.711,0
2026-08-14T20:20:00+00:00,730.76,730.7756,730.65,730.7044,0
2026-08-14T20:25:00+00:00,730.7187,731.07,730.6356,730.7101,0
2026-08-14T20:30:00+00:00,730.7367,731.007,730.6416,730.9759,0
2026-08-14T20:35:00+00:00,730.98,731,730.8612,730.88,0
2026-08-14T20:40:00+00:00,730.88,731.04,730.87,731,0
2026-08-14T20:45:00+00:00,730.99,731.0344,730.8815,730.9601,0
2026-08-14T20:50:00+00:00,730.98,731.1,730.98,731.0201,0
2026-08-14T20:55:00+00:00,731.02,731.19,730.9504,731.16,0
2026-08-14T21:00:00+00:00,731.15,731.25,730.85,730.8906,0
2026-08-14T21:05:00+00:00,730.9815,730.99,730.7987,730.9,0
2026-08-14T21:10:00+00:00,730.8,730.97,730.8,730.91,0
2026-08-14T21:15:00+00:00,730.82,731.07,730.82,730.9627,0
2026-08-14T21:20:00+00:00,730.94,730.97,730.81,730.9077,0
2026-08-14T21:25:00+00:00,730.9,730.97,730.9,730.9587,0
2026-08-14T21:30:00+00:00,730.97,731.0716,730.85,731.0716,0
2026-08-14T21:35:00+00:00,731.07,731.2,730.85,731.03,0
2026-08-14T21:40:00+00:00,731.2,731.23,730.93,731.1163,0
2026-08-14T21:45:00+00:00,731.0568,731.14,730.93,730.9987,0
2026-08-14T21:50:00+00:00,730.9937,731.07,730.9432,731.0627,0
2026-08-14T21:55:00+00:00,731.0627,731.0682,730.99,731,0
2026-08-14T22:00:00+00:00,730.998,731.0675,730.9902,730.998,0
2026-08-14T22:05:00+00:00,730.998,731.05,730.9025,731.05,0
2026-08-14T22:10:00+00:00,731.05,731.07,731,731.07,0
2026-08-14T22:15:00+00:00,731.0735,731.1988,731,731.12,0
2026-08-14T22:20:00+00:00,731.005,731.2,731,731.1,0
2026-08-14T22:25:00+00:00,731.1,731.1891,730.9,730.95,0
2026-08-14T22:30:00+00:00,730.9906,731.2,730.8635,731.0845,0
2026-08-14T22:35:00+00:00,731,731.1,731,731.05,0
2026-08-14T22:40:00+00:00,731.07,731.1,730.8801,730.94,0
2026-08-14T22:45:00+00:00,730.9887,731.18,730.9001,731.1218,0
2026-08-14T22:50:00+00:00,731.05,731.1218,730.9,731.1,0
2026-08-14T22:55:00+00:00,730.97,731.1,730.9,731.07,0
2026-08-14T23:00:00+00:00,731.0657,731.07,730.9,731.07,0
2026-08-14T23:05:00+00:00,731.05,731.07,730.915,731,0
2026-08-14T23:10:00+00:00,731,731.1,730.9204,731.0867,0
2026-08-14T23:15:00+00:00,731.03,731.1,730.96,731.05,0
2026-08-14T23:20:00+00:00,731.05,731.07,730.96,731.0545,0
2026-08-14T23:25:00+00:00,731.05,731.0991,730.95,730.9908,0
2026-08-14T23:30:00+00:00,731.01,731.05,730.95,730.96,0
2026-08-14T23:35:00+00:00,730.98,730.9801,730.93,730.93,0
2026-08-14T23:40:00+00:00,730.949,730.95,730.91,730.93,0
2026-08-14T23:45:00+00:00,730.93,730.95,730.86,730.8992,0
2026-08-14T23:50:00+00:00,730.89,730.9,730.8101,730.85,0
2026-08-14T23:55:00+00:00,730.85,730.85,730.8012,730.85,0
2026-08-17T08:00:00+00:00,734.96,735.6015,733.29,735.2385,0
2026-08-17T08:05:00+00:00,735.15,735.36,734.43,735.3101,0
2026-08-17T08:10:00+00:00,735.37,735.53,735.01,735.05,0
2026-08-17T08:15:00+00:00,735.01,735.35,735,735.24,0
2026-08-17T08:20:00+00:00,734.98,735.275,734.98,735.275,0
2026-08-17T08:25:00+00:00,735.2966,735.34,735.1277,735.245,0
2026-08-17T08:30:00+00:00,735.2985,735.332,735.11,735.1485,0
2026-08-17T08:35:00+00:00,735.07,735.29,735.04,735.05,0
2026-08-17T08:40:00+00:00,735.04,735.04,734.61,734.65,0
2026-08-17T08:45:00+00:00,734.6585,734.84,734.61,734.73,0
2026-08-17T08:50:00+00:00,734.7431,734.7715,734.5785,734.695,0
2026-08-17T08:55:00+00:00,734.7073,734.968,734.6482,734.8987,0
2026-08-17T09:00:00+00:00,734.8792,734.89,734.64,734.74,0
2026-08-17T09:05:00+00:00,734.74,734.7624,734.6122,734.7182,0
2026-08-17T09:10:00+00:00,734.7502,734.8788,734.645,734.77,0
2026-08-17T09:15:00+00:00,734.8387,734.84,734.35,734.49,0
2026-08-17T09:20:00+00:00,734.5021,734.54,734.24,734.25,0
2026-08-17T09:25:00+00:00,734.25,734.3414,734.16,734.22,0
2026-08-17T09:30:00+00:00,734.289,734.35,734.2,734.2,0
2026-08-17T09:35:00+00:00,734.33,734.428,734.12,734.2682,0
2026-08-17T09:40:00+00:00,734.14,734.44,734.12,734.44,0
2026-08-17T09:45:00+00:00,734.4785,734.665,734.46,734.54,0
2026-08-17T09:50:00+00:00,734.5712,734.61,734.4486,734.53,0
2026-08-17T09:55:00+00:00,734.55,734.6,734.44,734.45,0
2026-08-17T10:00:00+00:00,734.4785,734.52,734.4,734.495,0
2026-08-17T10:05:00+00:00,734.55,734.68,734.3005,734.4285,0
2026-08-17T10:10:00+00:00,734.41,734.74,734.41,734.74,0
2026-08-17T10:15:00+00:00,734.77,734.9,734.54,734.66,0
2026-08-17T10:20:00+00:00,734.71,734.74,734.5587,734.5831,0
2026-08-17T10:25:00+00:00,734.61,735.86,734.4285,735.77,0
2026-08-17T10:30:00+00:00,735.805,735.83,734.79,734.85,0
2026-08-17T10:35:00+00:00,734.78,735,734.755,734.9985,0
2026-08-17T10:40:00+00:00,734.99,735.16,734.87,735.16,0
2026-08-17T10:45:00+00:00,735.16,735.18,735.0785,735.0785,0
2026-08-17T10:50:00+00:00,735.0312,735.19,735.0312,735.1,0
2026-08-17T10:55:00+00:00,735.1115,735.22,735.1,735.19,0
2026-08-17T11:00:00+00:00,735.23,735.4,731.07,735.12,0
2026-08-17T11:05:00+00:00,735.11,735.44,735.11,735.3886,0
2026-08-17T11:10:00+00:00,735.35,735.35,734.8512,734.8704,0
2026-08-17T11:15:00+00:00,734.8944,734.8944,734.56,734.59,0
2026-08-17T11:20:00+00:00,734.65,734.9264,734.6346,734.9264,0
2026-08-17T11:25:00+00:00,734.99,735.02,734.7567,734.85,0
2026-08-17T11:30:00+00:00,734.85,734.99,734.75,734.9242,0
2026-08-17T11:35:00+00:00,734.77,734.89,734.7439,734.85,0
2026-08-17T11:40:00+00:00,734.819,735,734.7606,735,0
2026-08-17T11:45:00+00:00,734.9886,735.1,734.9738,735.1,0
2026-08-17T11:50:00+00:00,735.1,735.1,734.65,734.7312,0
2026-08-17T11:55:00+00:00,734.7649,734.8591,734.54,734.54,0
2026-08-17T12:00:00+00:00,734.59,734.5987,730.522,733.65,0
2026-08-17T12:05:00+00:00,733.68,734.09,733.62,734.09,0
2026-08-17T12:10:00+00:00,734.1914,734.4432,734.08,734.4,0
2026-08-17T12:15:00+00:00,734.3982,734.4,734.1217,734.33,0
2026-08-17T12:20:00+00:00,734.27,734.4273,734.14,734.14,0
2026-08-17T12:25:00+00:00,734.25,734.33,733.04,733.3924,0
2026-08-17T12:30:00+00:00,733.28,733.65,733.08,733.17,0
2026-08-17T12:35:00+00:00,733.2052,733.2369,732.35,732.36,0
2026-08-17T12:40:00+00:00,732.335,732.78,732.08,732.23,0
2026-08-17T12:45:00+00:00,732.18,732.3999,731.07,732.3421,0
2026-08-17T12:50:00+00:00,732.3,732.6769,732.135,732.43,0
2026-08-17T12:55:00+00:00,732.38,732.7771,732.29,732.5124,0
2026-08-17T13:00:00+00:00,732.5387,732.79,732.4617,732.7,0
2026-08-17T13:05:00+00:00,732.6617,733,732.6436,732.9429,0
2026-08-17T13:10:00+00:00,732.9668,733.04,732.8378,732.9121,0
2026-08-17T13:15:00+00:00,732.89,732.96,732.76,732.76,0
2026-08-17T13:20:00+00:00,732.79,732.79,732.58,732.7,0
2026-08-17T13:25:00+00:00,732.74,733.37,732.64,732.93,0
2026-08-17T13:30:00+00:00,732.960022,734.0300293,732.2700195,732.4498901,1937377
2026-08-17T13:35:00+00:00,732.4099731,733.4174805,731.6400146,731.9268188,455994
2026-08-17T13:40:00+00:00,731.9299927,733.2050171,731.7000122,732.3200073,341367
2026-08-17T13:45:00+00:00,732.3900146,733.1699829,731.8599854,733.1300049,398323
2026-08-17T13:50:00+00:00,733.125,733.7962036,732.7399902,733.625,517546
2026-08-17T13:55:00+00:00,733.6500244,733.7000122,732.8549805,733.2999878,329841
2026-08-17T14:00:00+00:00,733.3394775,733.5,732.1799927,732.6699219,315601
2026-08-17T14:05:00+00:00,732.6849976,732.8200073,731.5900269,732.4450073,418217
2026-08-17T14:10:00+00:00,732.4500122,733.1500244,732.3699951,733.1049805,290849
2026-08-17T14:15:00+00:00,733.1049805,733.1199951,731.9199829,732.119873,328464
2026-08-17T14:20:00+00:00,732.0549927,732.1699829,731.5300293,731.9799805,474379
2026-08-17T14:25:00+00:00,731.9749756,732.4899902,731.7200928,732.4400024,258570
2026-08-17T14:30:00+00:00,732.4500122,732.6699829,732.2000122,732.5900269,249519
2026-08-17T14:35:00+00:00,732.5900269,732.6450195,732.2199707,732.3897095,140097
2026-08-17T14:40:00+00:00,732.3649902,732.8900146,732.3300171,732.5825195,232750
2026-08-17T14:45:00+00:00,732.5999756,733.0599976,732.5150146,732.9099731,343632
2026-08-17T14:50:00+00:00,732.9099731,733.25,732.6049805,732.7000122,321720
2026-08-17T14:55:00+00:00,732.7449951,733.6199951,732.7299805,733.5599976,289051
2026-08-17T15:00:00+00:00,733.585022,734.3499756,733.3300171,734.1699829,369993
2026-08-17T15:05:00+00:00,734.1500244,734.5800171,733.8599854,733.9099731,626612
2026-08-17T15:10:00+00:00,733.9199829,734.3198853,733.8800049,733.9099731,277334
2026-08-17T15:15:00+00:00,733.9094849,734.3499146,733.8599854,734.25,311202
2026-08-17T15:20:00+00:00,734.2600098,734.4099731,734.1099854,734.1901245,349852
2026-08-17T15:25:00+00:00,734.210022,734.3699951,733.8599854,734.1799927,209847
2026-08-17T15:30:00+00:00,734.2000122,734.2800293,733.5449829,733.5700073,300123
2026-08-17T15:35:00+00:00,733.6099854,733.7800293,733.0700073,733.0700073,250829
2026-08-17T15:40:00+00:00,733.0825195,733.3200073,732.7399902,733.210022,392505
2026-08-17T15:45:00+00:00,733.1900024,733.3099976,732.9000244,732.9500732,249912
2026-08-17T15:50:00+00:00,732.9500122,733.710022,732.9000244,733.5300293,180182
2026-08-17T15:55:00+00:00,733.5599976,733.6589966,733.4299927,733.4998779,140706
2026-08-17T16:00:00+00:00,733.4699707,733.5499878,732.9199829,732.9500122,184239
2026-08-17T16:05:00+00:00,732.9598999,733.0300293,732.5599976,732.7249756,329286
2026-08-17T16:10:00+00:00,732.7299805,732.9000244,732.5598145,732.6362305,225652
2026-08-17T16:15:00+00:00,732.6400146,732.9799805,732.555481,732.843811,331204
2026-08-17T16:20:00+00:00,732.8850098,732.960022,732.3699951,732.5100098,227105
2026-08-17T16:25:00+00:00,732.5200195,732.7600708,732.4799805,732.7000122,166644
2026-08-17T16:30:00+00:00,732.7000122,732.835022,732.3800049,732.4500122,178798
2026-08-17T16:35:00+00:00,732.4799805,732.5900269,732.3699951,732.5800171,182859
2026-08-17T16:40:00+00:00,732.5700073,732.5700073,732.1000977,732.1350098,184052
2026-08-17T16:45:00+00:00,732.1300049,732.2924805,732.039978,732.2800293,192168
2026-08-17T16:50:00+00:00,732.2700195,732.3400269,731.9512939,732.2849731,210995
2026-08-17T16:55:00+00:00,732.2800903,732.3300171,732,732.1350098,202590
2026-08-17T17:00:00+00:00,732.1300049,732.2199707,731.8601074,731.9099731,196264
2026-08-17T17:05:00+00:00,731.9099731,731.9099731,731.4699707,731.5753784,274804
2026-08-17T17:10:00+00:00,731.5900269,731.6500244,730.8200073,730.8200073,323513
2026-08-17T17:15:00+00:00,730.8099976,731.1400146,730.4899902,730.8300171,448594
2026-08-17T17:20:00+00:00,730.8250122,730.8250122,730.0150146,730.3300171,834652
2026-08-17T17:25:00+00:00,730.3250122,730.4749756,729.9400024,730.0349731,649342
2026-08-17T17:30:00+00:00,730.0200195,730.4050293,729.890686,729.9550171,284709
2026-08-17T17:35:00+00:00,729.960022,730.4699707,729.8900146,729.9099731,254002
2026-08-17T17:40:00+00:00,729.9099731,730.7521973,729.7999878,730.6799927,215862
2026-08-17T17:45:00+00:00,730.6699829,730.7700195,730.3400269,730.3699951,135212
2026-08-17T17:50:00+00:00,730.3599854,730.5300293,730.2700195,730.3900146,264870
2026-08-17T17:55:00+00:00,730.406189,730.4299927,730.0599976,730.1699829,154163
2026-08-17T18:00:00+00:00,730.1599731,730.4400024,729.8649902,729.9400024,210860
2026-08-17T18:05:00+00:00,729.9199829,730.0300293,729.6450195,729.8099976,433857
2026-08-17T18:10:00+00:00,729.7800293,730.2854004,729.7199707,730.1199951,180769
2026-08-17T18:15:00+00:00,730.1101074,730.210022,729.9500122,730.0599976,114106
2026-08-17T18:20:00+00:00,730.0499878,730.289978,729.8649902,730.2650146,217059
2026-08-17T18:25:00+00:00,730.2600098,730.4400024,729.9920044,730.1900024,149346
2026-08-17T18:30:00+00:00,730.1900024,730.3099976,729.9301147,730.1300049,138963
2026-08-17T18:35:00+00:00,730.1550293,730.3400269,730.1400146,730.2750244,93478
2026-08-17T18:40:00+00:00,730.2700195,730.585022,730.2600098,730.5300293,184082
2026-08-17T18:45:00+00:00,730.5200195,730.7199707,730.4899902,730.6422119,147884
2026-08-17T18:50:00+00:00,730.6749878,731,730.6199951,730.6599731,205289
2026-08-17T18:55:00+00:00,730.6599731,730.7199707,730.5349731,730.6550293,104506
2026-08-17T19:00:00+00:00,730.6599731,730.7199707,730.3001099,730.3099976,268448
2026-08-17T19:05:00+00:00,730.3099976,730.4749756,730.0900879,730.1799927,191351
2026-08-17T19:10:00+00:00,730.1699829,730.1900024,729.75,729.7600098,243773
2026-08-17T19:15:00+00:00,729.7399902,730.2800293,729.7000122,729.914978,227588
2026-08-17T19:20:00+00:00,729.914978,730.0599976,729.710022,730.0300293,443074
2026-08-17T19:25:00+00:00,730.039978,730.4500122,729.9400024,729.9699707,255950
2026-08-17T19:30:00+00:00,729.9400024,730.2000122,729.8400269,730.0200195,246357
2026-08-17T19:35:00+00:00,730.0349731,730.2399902,729.9799805,730.2299805,167982
2026-08-17T19:40:00+00:00,730.2299194,730.3699951,730.0100098,730.1599731,384980
2026-08-17T19:45:00+00:00,730.1799927,730.5599976,730.1799927,730.5401001,217570
2026-08-17T19:50:00+00:00,730.5599976,730.6149902,729.8200073,729.9000244,468810
2026-08-17T19:55:00+00:00,729.9199829,730.1599731,729.2700195,729.8599243,1750606
2026-08-17T20:00:00+00:00,729.83,729.9969,729.57,729.6,0
2026-08-17T20:05:00+00:00,729.6299,729.6548,729.4,729.5969,0
2026-08-17T20:10:00+00:00,729.61,729.87,729.55,729.5548,0
2026-08-17T20:15:00+00:00,729.87,729.87,729.34,729.6195,0
2026-08-17T20:20:00+00:00,729.616,729.65,729.5209,729.5395,0
2026-08-17T20:25:00+00:00,729.54,729.57,729.4844,729.562,0
2026-08-17T20:30:00+00:00,729.56,729.58,729.3762,729.4259,0
2026-08-17T20:35:00+00:00,729.4144,729.4456,729.2,729.2622,0
2026-08-17T20:40:00+00:00,729.2627,729.3885,729.22,729.2556,0
2026-08-17T20:45:00+00:00,729.2,729.2,729.02,729.06,0
2026-08-17T20:50:00+00:00,729.0967,729.4285,729.051,729.39,0
2026-08-17T20:55:00+00:00,729.43,729.5423,729.3315,729.52,0
2026-08-17T21:00:00+00:00,729.43,729.56,729.38,729.5,0
2026-08-17T21:05:00+00:00,729.5489,729.58,729.45,729.4502,0
2026-08-17T21:10:00+00:00,729.58,729.87,729.3,729.3622,0
2026-08-17T21:15:00+00:00,729.3622,729.4985,729.3115,729.4178,0
2026-08-17T21:20:00+00:00,729.4511,729.48,729.38,729.46,0
2026-08-17T21:25:00+00:00,729.45,729.48,729.42,729.48,0
2026-08-17T21:30:00+00:00,729.4769,729.78,729.45,729.5407,0
2026-08-17T21:35:00+00:00,729.4957,729.55,729.48,729.5,0
2026-08-17T21:40:00+00:00,729.5192,729.55,729.4912,729.54,0
2026-08-17T21:45:00+00:00,729.542,729.55,729.51,729.53,0
2026-08-17T21:50:00+00:00,729.53,729.54,729.3801,729.46,0
2026-08-17T21:55:00+00:00,729.5287,729.54,729.42,729.5287,0
2026-08-17T22:00:00+00:00,729.54,729.8309,729.5382,729.65,0
2026-08-17T22:05:00+00:00,729.5672,729.7344,729.4372,729.6812,0
2026-08-17T22:10:00+00:00,729.7407,729.7407,729.42,729.42,0
2026-08-17T22:15:00+00:00,729.41,729.5937,729.2,729.5937,0
2026-08-17T22:20:00+00:00,729.4778,729.64,729.43,729.6,0
2026-08-17T22:25:00+00:00,729.68,729.68,729.5259,729.58,0
2026-08-17T22:30:00+00:00,729.5192,729.5261,729.31,729.38,0
2026-08-17T22:35:00+00:00,729.4122,729.44,729.32,729.32,0
2026-08-17T22:40:00+00:00,729.3492,729.47,729.309,729.39,0
2026-08-17T22:45:00+00:00,729.39,729.4988,729.36,729.45,0
2026-08-17T22:50:00+00:00,729.45,729.5967,729.41,729.5514,0
2026-08-17T22:55:00+00:00,729.5912,729.67,729.54,729.5414,0
2026-08-17T23:00:00+00:00,729.5727,729.59,729.34,729.4616,0
2026-08-17T23:05:00+00:00,729.4727,729.7137,729.41,729.7137,0
2026-08-17T23:10:00+00:00,729.71,729.74,729.6341,729.6567,0
2026-08-17T23:15:00+00:00,729.63,729.79,729.46,729.6622,0
2026-08-17T23:20:00+00:00,729.6278,729.6622,729.5463,729.5646,0
2026-08-17T23:25:00+00:00,729.5541,729.73,729.54,729.7,0
2026-08-17T23:30:00+00:00,729.7,730.1,729.7,729.97,0
2026-08-17T23:35:00+00:00,729.9707,730.08,729.92,730.08,0
2026-08-17T23:40:00+00:00,730.07,730.07,729.96,730.0233,0
2026-08-17T23:45:00+00:00,730.039,730.07,729.6,729.72,0
2026-08-17T23:50:00+00:00,729.84,730.0689,729.8148,730.03,0
2026-08-17T23:55:00+00:00,730.042,730.08,729.91,729.98,0
2026-08-18T08:00:00+00:00,723.33,729.87,722,722.03,0
2026-08-18T08:05:00+00:00,721.969,724.5,721.4,721.89,0
2026-08-18T08:10:00+00:00,721.8,722.36,721.45,722.1097,0
2026-08-18T08:15:00+00:00,722.21,722.5,722.1018,722.12,0
2026-08-18T08:20:00+00:00,722.11,722.14,721.38,721.43,0
2026-08-18T08:25:00+00:00,721.3951,722.025,721.38,721.87,0
2026-08-18T08:30:00+00:00,721.898,722.35,721.65,722.32,0
2026-08-18T08:35:00+00:00,722.38,722.6412,722.3,722.53,0
2026-08-18T08:40:00+00:00,722.5,722.6,722.23,722.42,0
2026-08-18T08:45:00+00:00,722.43,722.43,721.56,721.589,0
2026-08-18T08:50:00+00:00,721.55,721.9,721.5,721.82,0
2026-08-18T08:55:00+00:00,721.94,722.185,721.62,722,0
2026-08-18T09:00:00+00:00,722.0682,722.34,721.55,722.34,0
2026-08-18T09:05:00+00:00,722,722,721.54,721.79,0
2026-08-18T09:10:00+00:00,721.718,722.21,721.718,722.0682,0
2026-08-18T09:15:00+00:00,722.05,722.05,721.35,721.3981,0
2026-08-18T09:20:00+00:00,721.39,721.55,721.18,721.18,0
2026-08-18T09:25:00+00:00,721.16,721.63,721.08,721.3,0
2026-08-18T09:30:00+00:00,721.29,721.43,720.92,721.293,0
2026-08-18T09:35:00+00:00,721.2304,721.4117,721.0787,721.1117,0
2026-08-18T09:40:00+00:00,721.07,721.0962,720.45,720.765,0
2026-08-18T09:45:00+00:00,720.75,720.93,720.4,720.45,0
2026-08-18T09:50:00+00:00,720.4429,720.74,720.165,720.72,0
2026-08-18T09:55:00+00:00,720.79,721.3285,720.79,721.26,0
2026-08-18T10:00:00+00:00,721.2685,721.46,720.89,721.25,0
2026-08-18T10:05:00+00:00,721.2387,721.35,721.1,721.35,0
2026-08-18T10:10:00+00:00,721.36,721.37,720.89,720.9867,0
2026-08-18T10:15:00+00:00,720.99,721.44,720.7987,720.7987,0
2026-08-18T10:20:00+00:00,720.77,720.88,720.58,720.69,0
2026-08-18T10:25:00+00:00,720.66,721.1285,720.58,721.1285,0
2026-08-18T10:30:00+00:00,721.1171,721.52,721,721.3412,0
2026-08-18T10:35:00+00:00,721.32,721.5121,721.28,721.3,0
2026-08-18T10:40:00+00:00,721.3148,721.3148,720.94,721.097,0
2026-08-18T10:45:00+00:00,721.14,721.6787,720.96,721.6787,0
2026-08-18T10:50:00+00:00,721.65,721.71,721.5,721.61,0
2026-08-18T10:55:00+00:00,721.64,721.69,721.36,721.4102,0
2026-08-18T11:00:00+00:00,721.41,729.87,721.22,721.9585,0
2026-08-18T11:05:00+00:00,721.98,722.11,721.835,721.84,0
2026-08-18T11:10:00+00:00,721.8985,722.23,721.8985,722.16,0
2026-08-18T11:15:00+00:00,722.08,722.28,722.02,722.2007,0
2026-08-18T11:20:00+00:00,722.21,722.2646,721.8,721.8744,0
2026-08-18T11:25:00+00:00,721.85,722.18,721.81,721.9032,0
2026-08-18T11:30:00+00:00,721.8978,721.92,721.44,721.555,0
2026-08-18T11:35:00+00:00,721.6,721.69,721.26,721.26,0
2026-08-18T11:40:00+00:00,721.2633,721.94,721.1501,721.7808,0
2026-08-18T11:45:00+00:00,721.8814,722.2718,721.8441,722.15,0
2026-08-18T11:50:00+00:00,722.1599,722.31,721.61,721.6608,0
2026-08-18T11:55:00+00:00,721.769,722,721.6562,721.6562,0
2026-08-18T12:00:00+00:00,721.698,722.46,721.5108,722.46,0
2026-08-18T12:05:00+00:00,722.45,722.51,721.56,721.65,0
2026-08-18T12:10:00+00:00,721.6694,729.323,721.17,721.32,0
2026-08-18T12:15:00+00:00,721.32,721.4885,721.1383,721.26,0
2026-08-18T12:20:00+00:00,721.2948,721.95,721.1,721.2198,0
2026-08-18T12:25:00+00:00,721.2,721.2,720.81,720.8605,0
2026-08-18T12:30:00+00:00,720.8465,721.01,720.4447,720.7269,0
2026-08-18T12:35:00+00:00,720.7387,720.75,720.2,720.44,0
2026-08-18T12:40:00+00:00,720.3503,720.459,720.22,720.2297,0
2026-08-18T12:45:00+00:00,720.24,729.87,720.06,720.72,0
2026-08-18T12:50:00+00:00,720.6801,720.9892,720.64,720.7,0
2026-08-18T12:55:00+00:00,720.6575,720.8943,720.64,720.7793,0
2026-08-18T13:00:00+00:00,720.8382,721.13,720.55,720.55,0
2026-08-18T13:05:00+00:00,720.5757,720.7,720.3234,720.3234,0
2026-08-18T13:10:00+00:00,720.35,720.5637,720.3,720.39,0
2026-08-18T13:15:00+00:00,720.37,720.5828,720.3,720.49,0
2026-08-18T13:20:00+00:00,720.52,720.7,720.18,720.2824,0
2026-08-18T13:25:00+00:00,720.2,720.4928,719.97,720.2912,0
2026-08-18T13:30:00+00:00,720.2199707,721.7700195,718.789978,720.0250244,3328435
2026-08-18T13:35:00+00:00,720.0599976,721.460022,719.8162231,721.3099976,901622
2026-08-18T13:40:00+00:00,721.3200073,722.1300049,720.1300049,720.1599731,644043
2026-08-18T13:45:00+00:00,720.1199951,720.4299927,719.1300049,719.4099731,1199576
2026-08-18T13:50:00+00:00,719.3970947,719.9899902,718.8300171,718.8800049,660020
2026-08-18T13:55:00+00:00,718.9099731,719.5800171,718.1099854,719.125,1028953
2026-08-18T14:00:00+00:00,719.1400146,720.5599976,718.5700073,719.7750244,716638
2026-08-18T14:05:00+00:00,719.8099976,719.9199829,718.4699707,718.4998779,363832
2026-08-18T14:10:00+00:00,718.4699707,718.5700073,717.2399902,717.6699829,812715
2026-08-18T14:15:00+00:00,717.6699829,718.8599854,717.4699707,718.4699707,647150
2026-08-18T14:20:00+00:00,718.4849854,719.4699707,717.8800049,719.0098877,582343
2026-08-18T14:25:00+00:00,719.0300293,720.0200195,718.9099731,719.7316895,644562
2026-08-18T14:30:00+00:00,719.5999756,720.2000122,719.1599731,719.2299805,629326
2026-08-18T14:35:00+00:00,719.2399902,720.0300293,719.1998901,719.5499878,340884
2026-08-18T14:40:00+00:00,719.550415,719.710022,718.2750244,718.3150024,547048
2026-08-18T14:45:00+00:00,718.2999878,718.5599976,717.8900146,718.0900269,1108373
2026-08-18T14:50:00+00:00,718.1400146,718.4400024,717,717.0100098,942723
2026-08-18T14:55:00+00:00,717.0100098,717.210022,716.460022,716.7199707,617393
2026-08-18T15:00:00+00:00,716.7299805,717.2700195,716.2199707,717.0900269,908832
2026-08-18T15:05:00+00:00,717.0900269,717.3099976,716.2399902,716.2999878,472287
2026-08-18T15:10:00+00:00,716.3300171,716.6950073,715.9199829,716.6900024,546563
2026-08-18T15:15:00+00:00,716.6975098,717.039978,716.4099731,716.4500122,476796
2026-08-18T15:20:00+00:00,716.4099731,717.4249878,716.3499756,717.2299805,1042825
2026-08-18T15:25:00+00:00,717.2399902,717.9749756,717.1199951,717.7625732,604923
2026-08-18T15:30:00+00:00,717.7000122,718.2000122,717.539978,717.7600098,670073
2026-08-18T15:35:00+00:00,717.7800293,717.7800293,717.1799927,717.2849731,548320
2026-08-18T15:40:00+00:00,717.289978,718.1199951,717.1500244,717.9199829,617752
2026-08-18T15:45:00+00:00,717.9349976,718.7000122,717.9349976,718.5050049,668360
2026-08-18T15:50:00+00:00,718.5,718.8499756,717.9500122,718.7999878,440252
2026-08-18T15:55:00+00:00,718.789978,718.9699707,718.4099731,718.8699951,549035
2026-08-18T16:00:00+00:00,718.8800049,719.2600098,718.7399902,718.9099731,1459843
2026-08-18T16:05:00+00:00,718.9019775,719.2000122,718.5900879,718.8300171,491909
2026-08-18T16:10:00+00:00,718.8400269,719.4899902,718.7700195,719.0900269,415831
2026-08-18T16:15:00+00:00,719.1099854,719.1799927,718.4699707,718.5700073,550059
2026-08-18T16:20:00+00:00,718.5800171,719.3400269,718.5300293,719.0300293,557749
2026-08-18T16:25:00+00:00,719.0300293,719.0499878,718.2000122,718.2299805,387089
2026-08-18T16:30:00+00:00,718.2000122,718.6400146,718.0501099,718.539978,519406
2026-08-18T16:35:00+00:00,718.5499878,718.9199829,718.289978,718.7849731,381553
2026-08-18T16:40:00+00:00,718.7805176,719.1550293,718.3900146,718.6749878,330248
2026-08-18T16:45:00+00:00,718.6900024,719.6300049,718.4299927,719.5150146,547792
2026-08-18T16:50:00+00:00,719.5200195,719.6699829,719.3099976,719.6099854,403103
2026-08-18T16:55:00+00:00,719.6099854,719.6099854,719.1199951,719.1799927,431419
2026-08-18T17:00:00+00:00,719.1550293,719.4398804,718.7700195,719.0808105,404165
2026-08-18T17:05:00+00:00,719.039978,719.1196289,718.625,718.8300171,427632
2026-08-18T17:10:00+00:00,718.8574829,718.960022,718.4099731,718.7999878,200287
2026-08-18T17:15:00+00:00,718.7999878,718.8200073,718.1099854,718.1099854,337841
2026-08-18T17:20:00+00:00,718.0999756,718.4450073,717.9199829,717.9650269,230587
2026-08-18T17:25:00+00:00,717.9699707,718.3900146,717.7999878,718.3499756,303192
2026-08-18T17:30:00+00:00,718.3400269,718.4699707,718.0900269,718.1799927,256580
2026-08-18T17:35:00+00:00,718.1699829,718.4699707,717.75,718.1900024,523110
2026-08-18T17:40:00+00:00,718.1599731,718.3400269,718,718.0549927,1017545
2026-08-18T17:45:00+00:00,718.0449829,718.3099976,717.8200073,717.8400269,265781
2026-08-18T17:50:00+00:00,717.8499756,717.9500122,717.75,717.7949829,289352
2026-08-18T17:55:00+00:00,717.8200073,717.8200073,717.125,717.125,541221
2026-08-18T18:00:00+00:00,717.1199951,717.375,717.0300293,717.210022,329812
2026-08-18T18:05:00+00:00,717.2000122,717.4089966,716.7650146,716.8499756,548126
2026-08-18T18:10:00+00:00,716.8499756,717.4400024,716.6900024,717.3400269,385460
2026-08-18T18:15:00+00:00,717.3599243,718.0800171,717.2789917,718.0800171,495578
2026-08-18T18:20:00+00:00,718.0599976,718.289978,717.7600098,717.9400024,702713
2026-08-18T18:25:00+00:00,717.9450073,718.0200195,717.6599731,718.0100098,260270
2026-08-18T18:30:00+00:00,718.0100098,718.1463013,717.6599731,717.9299927,141010
2026-08-18T18:35:00+00:00,717.9400024,718.2600098,717.9400024,718.0797119,279311
2026-08-18T18:40:00+00:00,718.0700073,718.1099854,717.583313,717.6550293,343077
2026-08-18T18:45:00+00:00,717.6300049,717.875,717.5700073,717.5700073,193415
2026-08-18T18:50:00+00:00,717.5900269,717.6199951,717.210022,717.25,357975
2026-08-18T18:55:00+00:00,717.25,717.4749756,717.1199951,717.2399902,247394
2026-08-18T19:00:00+00:00,717.2399902,717.5200195,717.0800171,717.2449951,374206
2026-08-18T19:05:00+00:00,717.2449951,717.579895,717.1300049,717.4699707,205718
2026-08-18T19:10:00+00:00,717.4799805,717.5900269,717.1699829,717.2700195,198245
2026-08-18T19:15:00+00:00,717.2700195,717.4199829,717.1099854,717.3200073,218675
2026-08-18T19:20:00+00:00,717.3400269,717.8200073,717.1400146,717.8200073,214960
2026-08-18T19:25:00+00:00,717.8300171,718.0800171,717.7000122,717.9199829,432677
2026-08-18T19:30:00+00:00,717.9199829,718.0700073,717.6799927,717.7501221,485897
2026-08-18T19:35:00+00:00,717.7249756,717.9500122,717.5750122,717.8104858,346154
2026-08-18T19:40:00+00:00,717.8099976,718.0549927,717.5499878,717.9500122,470649
2026-08-18T19:45:00+00:00,717.9400024,718.0999756,717.6599731,717.9099731,444595
2026-08-18T19:50:00+00:00,717.9199829,718.1699829,716.9199829,717.1699829,1428842
2026-08-18T19:55:00+00:00,717.1900024,717.960022,717.1699829,717.5900269,2337647
2026-08-18T20:00:00+00:00,717.51,717.86,717.36,717.6433,0
2026-08-18T20:05:00+00:00,717.71,717.7459,717.3248,717.3735,0
2026-08-18T20:10:00+00:00,717.37,717.51,717.1969,717.3338,0
2026-08-18T20:15:00+00:00,717.51,717.51,717.2,717.21,0
2026-08-18T20:20:00+00:00,717.23,717.3433,717.0531,717.1356,0
2026-08-18T20:25:00+00:00,717.1067,717.5,717.0956,717.4559,0
2026-08-18T20:30:00+00:00,717.4256,717.6207,717.37,717.58,0
2026-08-18T20:35:00+00:00,717.6,717.63,717.52,717.61,0
2026-08-18T20:40:00+00:00,717.61,717.6171,717.47,717.47,0
2026-08-18T20:45:00+00:00,717.45,717.46,716.79,716.8,0
2026-08-18T20:50:00+00:00,716.8,717,716.7985,716.9433,0
2026-08-18T20:55:00+00:00,716.95,717.51,716.9391,717.0406,0
2026-08-18T21:00:00+00:00,717.0569,717.07,716.92,716.9916,0
2026-08-18T21:05:00+00:00,716.9916,717.51,716.95,717.1,0
2026-08-18T21:10:00+00:00,717.1549,717.17,717.01,717.1199,0
2026-08-18T21:15:00+00:00,717.1199,717.51,717,717.0972,0
2026-08-18T21:20:00+00:00,717.0915,717.1,716.9635,717,0
2026-08-18T21:25:00+00:00,717.05,717.1,716.96,717.0796,0
2026-08-18T21:30:00+00:00,717.08,717.1,716.937,717.0797,0
2026-08-18T21:35:00+00:00,716.9927,717.1,716.9927,717,0
2026-08-18T21:40:00+00:00,717.0025,717.1,716.91,716.99,0
2026-08-18T21:45:00+00:00,716.9122,717.52,716.9,716.97,0
2026-08-18T21:50:00+00:00,716.9975,717,716.9,716.95,0
2026-08-18T21:55:00+00:00,716.95,717.05,716.9028,717.0387,0
2026-08-18T22:00:00+00:00,717.04,717.47,716.9,717.1673,0
2026-08-18T22:05:00+00:00,717.1715,717.4,716.9777,717.3469,0
2026-08-18T22:10:00+00:00,717.3448,717.41,717.2178,717.3559,0
2026-08-18T22:15:00+00:00,717.36,717.56,717.26,717.56,0
2026-08-18T22:20:00+00:00,717.53,717.7516,717.4,717.4148,0
2026-08-18T22:25:00+00:00,717.43,717.4385,716.67,716.72,0
2026-08-18T22:30:00+00:00,716.68,716.81,716.51,716.6427,0
2026-08-18T22:35:00+00:00,716.6122,716.64,716.19,716.19,0
2026-08-18T22:40:00+00:00,716.19,716.38,716.1097,716.35,0
2026-08-18T22:45:00+00:00,716.3485,716.3633,716.08,716.228,0
2026-08-18T22:50:00+00:00,716.23,716.3533,716.06,716.085,0
2026-08-18T22:55:00+00:00,716.17,716.17,715.99,716,0
2026-08-18T23:00:00+00:00,716,716.3522,715.94,716.23,0
2026-08-18T23:05:00+00:00,716.2459,716.5,716.0097,716.37,0
2026-08-18T23:10:00+00:00,716.37,716.37,716.2244,716.36,0
2026-08-18T23:15:00+00:00,716.35,716.4,716.1404,716.2,0
2026-08-18T23:20:00+00:00,716.21,717.1487,716.17,716.85,0
2026-08-18T23:25:00+00:00,716.85,716.874,716.6417,716.6589,0
2026-08-18T23:30:00+00:00,716.66,716.71,716.4721,716.55,0
2026-08-18T23:35:00+00:00,716.63,716.63,716.16,716.3115,0
2026-08-18T23:40:00+00:00,716.39,716.5,716.2798,716.47,0
2026-08-18T23:45:00+00:00,716.418,716.418,716.18,716.23,0
2026-08-18T23:50:00+00:00,716.18,716.66,716.18,716.54,0
2026-08-18T23:55:00+00:00,716.5307,716.5527,716.18,716.18,0
2026-08-19T08:00:00+00:00,718.0815,718.86,714,718.8333,0
2026-08-19T08:05:00+00:00,718.85,718.96,714.25,718.8,0
2026-08-19T08:10:00+00:00,718.81,719.0212,718.615,718.69,0
2026-08-19T08:15:00+00:00,718.7,718.81,718.28,718.81,0
2026-08-19T08:20:00+00:00,718.75,719,718.3445,718.75,0
2026-08-19T08:25:00+00:00,718.744,718.744,718.378,718.6,0
2026-08-19T08:30:00+00:00,718.6587,718.6587,718.09,718.4,0
2026-08-19T08:35:00+00:00,718.45,718.55,718.38,718.5185,0
2026-08-19T08:40:00+00:00,718.59,718.85,718.43,718.69,0
2026-08-19T08:45:00+00:00,718.74,718.85,718.7081,718.81,0
2026-08-19T08:50:00+00:00,718.7685,718.84,718.3918,718.59,0
2026-08-19T08:55:00+00:00,718.57,718.57,718.2662,718.2681,0
2026-08-19T09:00:00+00:00,718.289,718.74,718.2395,718.74,0
2026-08-19T09:05:00+00:00,718.75,718.81,718.07,718.08,0
2026-08-19T09:10:00+00:00,718.14,718.22,717.95,718.02,0
2026-08-19T09:15:00+00:00,717.96,718.0426,717.74,717.7504,0
2026-08-19T09:20:00+00:00,717.9185,717.9185,717.71,717.71,0
2026-08-19T09:25:00+00:00,717.75,717.75,717.2893,717.31,0
2026-08-19T09:30:00+00:00,717.4185,717.7503,717.28,717.5908,0
2026-08-19T09:35:00+00:00,717.63,717.63,717.3493,717.4682,0
2026-08-19T09:40:00+00:00,717.41,717.46,716.86,716.945,0
2026-08-19T09:45:00+00:00,716.92,717.15,716.88,717.11,0
2026-08-19T09:50:00+00:00,716.94,716.98,716.76,716.94,0
2026-08-19T09:55:00+00:00,716.93,717,716.58,716.9523,0
2026-08-19T10:00:00+00:00,716.9388,717.07,716.21,716.26,0
2026-08-19T10:05:00+00:00,716.2041,716.36,716.02,716.27,0
2026-08-19T10:10:00+00:00,716.1,716.7,715.95,716.6486,0
2026-08-19T10:15:00+00:00,716.56,716.6,716.25,716.385,0
2026-08-19T10:20:00+00:00,716.2717,716.44,716.125,716.28,0
2026-08-19T10:25:00+00:00,716.28,716.6,715.975,716.58,0
2026-08-19T10:30:00+00:00,716.61,716.65,716.4,716.58,0
2026-08-19T10:35:00+00:00,716.603,717.02,716.603,717.02,0
2026-08-19T10:40:00+00:00,717.01,717.0449,716.83,716.97,0
2026-08-19T10:45:00+00:00,717,717.05,716.72,716.82,0
2026-08-19T10:50:00+00:00,716.63,716.69,716.468,716.48,0
2026-08-19T10:55:00+00:00,716.48,716.48,716.14,716.15,0
2026-08-19T11:00:00+00:00,716.18,717.51,715.95,717.18,0
2026-08-19T11:05:00+00:00,717.17,717.57,716.87,716.87,0
2026-08-19T11:10:00+00:00,716.8292,717.05,716.74,716.9098,0
2026-08-19T11:15:00+00:00,716.82,716.9,716.5777,716.9,0
2026-08-19T11:20:00+00:00,716.8701,717.14,716.5,717.0434,0
2026-08-19T11:25:00+00:00,717.02,717.16,716.5477,716.62,0
2026-08-19T11:30:00+00:00,716.5636,716.7187,716.01,716.19,0
2026-08-19T11:35:00+00:00,716.13,716.4,716.1149,716.32,0
2026-08-19T11:40:00+00:00,716.3,716.33,715.88,716.0336,0
2026-08-19T11:45:00+00:00,716,716.3,715.85,716.05,0
2026-08-19T11:50:00+00:00,716.0182,716.2689,715.94,716.1,0
2026-08-19T11:55:00+00:00,716.1912,716.55,716.08,716.5046,0
2026-08-19T12:00:00+00:00,716.519,716.9031,715.985,716.3182,0
2026-08-19T12:05:00+00:00,716.2699,717.06,716.2,716.79,0
2026-08-19T12:10:00+00:00,716.8103,716.99,716.5,716.9519,0
2026-08-19T12:15:00+00:00,716.96,717.42,716.91,717.3093,0
2026-08-19T12:20:00+00:00,717.3221,717.42,717.12,717.23,0
2026-08-19T12:25:00+00:00,717.28,717.65,716.91,717.46,0
2026-08-19T12:30:00+00:00,717.5011,718.67,716.89,718.445,0
2026-08-19T12:35:00+00:00,718.41,719.75,717.58,719.639,0
2026-08-19T12:40:00+00:00,719.64,720.13,719.4992,720.0908,0
2026-08-19T12:45:00+00:00,720.1,721.06,717.51,721.01,0
2026-08-19T12:50:00+00:00,721.08,721.8757,721.08,721.52,0
2026-08-19T12:55:00+00:00,721.5326,721.6496,721.1,721.55,0
2026-08-19T13:00:00+00:00,721.5577,721.5577,720.07,720.1077,0
2026-08-19T13:05:00+00:00,720.143,720.8882,720.1,720.7232,0
2026-08-19T13:10:00+00:00,720.74,721.3732,720.6705,721.13,0
2026-08-19T13:15:00+00:00,721.12,721.14,720.74,721.0344,0
2026-08-19T13:20:00+00:00,720.99,721.6574,720.9,721.6,0
2026-08-19T13:25:00+00:00,721.5,721.6591,720.43,720.44,0
2026-08-19T13:30:00+00:00,720.4099731,721.4998779,719.2800293,719.8300171,2864916
2026-08-19T13:35:00+00:00,719.7700195,720.1400146,717.7000122,717.7700195,1172912
2026-08-19T13:40:00+00:00,717.789978,718.7000122,717.1199951,718.2600098,845632
2026-08-19T13:45:00+00:00,718.289978,718.8499756,714.5999756,714.8499756,1018661
2026-08-19T13:50:00+00:00,714.8300171,715.4000244,713.3699951,714.8599854,1603565
2026-08-19T13:55:00+00:00,714.8599854,716.1799927,714.6199951,715.5,826020
2026-08-19T14:00:00+00:00,715.5100098,715.9299927,714.5300293,714.8900146,598784
2026-08-19T14:05:00+00:00,714.8900146,715.6500244,714,714.3800049,814144
2026-08-19T14:10:00+00:00,714.3900146,714.6500244,712.6749878,712.7399902,1043736
2026-08-19T14:15:00+00:00,712.7700195,714.8099976,712.6099854,713.6599731,640555
2026-08-19T14:20:00+00:00,713.6315918,714.5300293,712.8549805,713.5465698,530896
2026-08-19T14:25:00+00:00,713.4849854,715.1900024,713.0750122,715.1699829,689726
2026-08-19T14:30:00+00:00,715.1400146,715.9899902,714.8200073,715.4199829,597346
2026-08-19T14:35:00+00:00,715.4592285,717.1900024,715.1900024,717.1799927,489394
2026-08-19T14:40:00+00:00,717.1900024,717.4050293,716.4299927,717.1201172,473472
2026-08-19T14:45:00+00:00,717.1400146,717.1900024,716.2659912,716.3300171,302096
2026-08-19T14:50:00+00:00,716.3499756,717.9099731,716.2399902,717.9000244,398516
2026-08-19T14:55:00+00:00,717.9099731,718.5999756,717.5800171,718.5900269,462247
2026-08-19T15:00:00+00:00,718.5700073,718.7299805,717.8599854,717.8900146,263504
2026-08-19T15:05:00+00:00,717.9099731,718.2199707,717.5800171,717.6898804,299390
2026-08-19T15:10:00+00:00,717.6900024,718.5718994,717.6550293,718.4099731,200983
2026-08-19T15:15:00+00:00,718.4161987,718.7000122,717.9099121,718.5700073,144819
2026-08-19T15:20:00+00:00,718.5200195,718.7369995,718.0999756,718.1049805,154730
2026-08-19T15:25:00+00:00,718.1350098,718.4799805,717.7700195,718.3200073,148526
2026-08-19T15:30:00+00:00,718.3200073,718.3800049,717.7199707,717.7999878,132906
2026-08-19T15:35:00+00:00,717.8150024,717.9450073,717.3120117,717.3540039,218945
2026-08-19T15:40:00+00:00,717.3499756,717.9400024,716.7999878,717.9299927,452798
2026-08-19T15:45:00+00:00,717.9299927,718.3900146,717.6950073,717.6950073,290163
2026-08-19T15:50:00+00:00,717.7000122,717.9000244,717.289978,717.3499756,146946
2026-08-19T15:55:00+00:00,717.3900146,718.1849976,717.3300171,718.1699829,221936
2026-08-19T16:00:00+00:00,718.1799927,718.9450073,717.710022,718.9102783,555531
2026-08-19T16:05:00+00:00,718.9400024,719.329895,718.7199707,719.2299805,212850
2026-08-19T16:10:00+00:00,719.2700195,719.3150024,718.9301147,718.9301147,196782
2026-08-19T16:15:00+00:00,718.9299927,719.7000122,718.7050171,719.4998779,273665
2026-08-19T16:20:00+00:00,719.4849854,719.5999756,718.8599854,718.9500122,186241
2026-08-19T16:25:00+00:00,718.9500122,718.960022,718.1099854,718.2999878,148575
2026-08-19T16:30:00+00:00,718.2600098,718.4099731,717.9400024,718.3099976,180719
2026-08-19T16:35:00+00:00,718.3099976,718.5200195,717.9000244,718.2199707,145313
2026-08-19T16:40:00+00:00,718.2399902,718.5050049,718.0900269,718.2800293,149997
2026-08-19T16:45:00+00:00,718.2700195,718.2800293,717.7249756,717.7700195,194313
2026-08-19T16:50:00+00:00,717.7299805,717.7299805,717.1550293,717.3021851,188579
2026-08-19T16:55:00+00:00,717.2949829,717.2999878,716.8599854,717.0549927,185651
2026-08-19T17:00:00+00:00,717.0650024,717.25,716.7600098,716.9699707,229057
2026-08-19T17:05:00+00:00,717.0100098,717.3449707,716.5800171,716.5800171,179765
2026-08-19T17:10:00+00:00,716.6300049,717.0700073,716.6201172,716.75,218466
2026-08-19T17:15:00+00:00,716.7700195,716.9299927,716.210022,716.2199097,193624
2026-08-19T17:20:00+00:00,716.2199707,716.2399902,715.8300171,716.0499878,485183
2026-08-19T17:25:00+00:00,716.0100098,716.6099854,715.8900146,716.539978,252567
2026-08-19T17:30:00+00:00,716.539978,716.6049805,716.0499878,716.0499878,194192
2026-08-19T17:35:00+00:00,716.0250244,716.4699707,715.9400024,716.1099854,367250
2026-08-19T17:40:00+00:00,716.1130981,716.6300049,716.0999756,716.4699707,165223
2026-08-19T17:45:00+00:00,716.460022,716.7800293,716.4099731,716.5800171,247896
2026-08-19T17:50:00+00:00,716.5750122,717.0490723,716.5100098,716.8200073,356292
2026-08-19T17:55:00+00:00,716.8150024,716.8699951,716.5150146,716.6300049,231074
2026-08-19T18:00:00+00:00,716.6599731,717.789978,716.4699707,717.0900269,287098
2026-08-19T18:05:00+00:00,717.0800171,717.2894897,715.5725708,715.6049805,349539
2026-08-19T18:10:00+00:00,715.6049805,716.539978,715.5750122,716.0499878,242574
2026-08-19T18:15:00+00:00,716.039978,716.1199951,715.3800049,715.8250122,249429
2026-08-19T18:20:00+00:00,715.8200073,716.1400146,715.7399902,715.8800049,348645
2026-08-19T18:25:00+00:00,715.8400269,716.539978,715.7955933,716.5,186094
2026-08-19T18:30:00+00:00,716.5001221,717.4699707,716.5001221,717.1801147,444024
2026-08-19T18:35:00+00:00,717.1900024,717.2000122,716.4799805,716.6400757,175104
2026-08-19T18:40:00+00:00,716.5700073,717.0900269,716.5700073,717,258746
2026-08-19T18:45:00+00:00,717.0100098,717.0200195,716.5700073,716.8900146,138966
2026-08-19T18:50:00+00:00,716.8348999,716.9400024,716.4500122,716.7344971,109594
2026-08-19T18:55:00+00:00,716.7210083,716.7299805,716.25,716.4000244,135917
2026-08-19T19:00:00+00:00,716.4174805,716.8300171,716.2949829,716.539978,223366
2026-08-19T19:05:00+00:00,716.5599976,716.9650269,716.3695068,716.9199829,112151
2026-08-19T19:10:00+00:00,716.9199829,716.9899902,716.6599731,716.7199707,385961
2026-08-19T19:15:00+00:00,716.7249756,717.1849976,716.6500244,717.1799927,219165
2026-08-19T19:20:00+00:00,717.164978,717.3599854,716.8200073,717.1398926,233119
2026-08-19T19:25:00+00:00,717.1300049,717.5100098,716.8800049,716.930481,213468
2026-08-19T19:30:00+00:00,716.960022,717.7600098,716.8499756,717.539978,245866
2026-08-19T19:35:00+00:00,717.5599976,717.5599976,716.460022,716.5050049,871410
2026-08-19T19:40:00+00:00,716.5,716.7299805,716.2399902,716.3200073,509135
2026-08-19T19:45:00+00:00,716.3250122,716.3599854,715.6199951,715.8200073,582098
2026-08-19T19:50:00+00:00,715.789978,716.0499878,715.2399902,715.8200073,897282
2026-08-19T19:55:00+00:00,715.8300171,716.1400146,715.2600098,716.1099854,1808095
2026-08-19T20:00:00+00:00,716.2,716.57,716.08,716.3946,0
2026-08-19T20:05:00+00:00,716.4,716.4292,716.02,716.3862,0
2026-08-19T20:10:00+00:00,716.08,716.4279,716.01,716.05,0
2026-08-19T20:15:00+00:00,716.08,716.21,715.93,716.048,0
2026-08-19T20:20:00+00:00,716.05,716.0873,715.9844,716.0219,0
2026-08-19T20:25:00+00:00,716.0542,716.2,716.0393,716.1769,0
2026-08-19T20:30:00+00:00,716.1542,716.35,716.1405,716.2742,0
2026-08-19T20:35:00+00:00,716.28,716.34,716.15,716.16,0
2026-08-19T20:40:00+00:00,716.1501,716.34,716.1,716.2875,0
2026-08-19T20:45:00+00:00,716.28,716.57,716.2798,716.57,0
2026-08-19T20:50:00+00:00,716.5325,716.94,716.5325,716.86,0
2026-08-19T20:55:00+00:00,716.8686,717.02,716.8593,717.02,0
2026-08-19T21:00:00+00:00,717.0965,717.1,689.8829,717,0
2026-08-19T21:05:00+00:00,716.9,717.17,716.8306,717.0682,0
2026-08-19T21:10:00+00:00,717.0682,717.14,715.93,717.05,0
2026-08-19T21:15:00+00:00,717.0334,717.05,716.96,717.05,0
2026-08-19T21:20:00+00:00,717.049,717.0988,716.94,716.96,0
2026-08-19T21:25:00+00:00,717,717,716.93,716.99,0
2026-08-19T21:30:00+00:00,716.99,717.1,716.93,717.04,0
2026-08-19T21:35:00+00:00,717.04,717.25,717,717.14,0
2026-08-19T21:40:00+00:00,717.14,717.14,716.76,716.98,0
2026-08-19T21:45:00+00:00,716.91,716.95,716.794,716.94,0
2026-08-19T21:50:00+00:00,716.95,717.11,716.9205,717.04,0
2026-08-19T21:55:00+00:00,717.04,717.11,717.0109,717.1085,0
2026-08-19T22:00:00+00:00,717.06,718.3377,717.02,718.1333,0
2026-08-19T22:05:00+00:00,718.1475,718.26,717.7805,718.2398,0
2026-08-19T22:10:00+00:00,718.0692,718.8884,717.79,718.65,0
2026-08-19T22:15:00+00:00,718.66,718.6726,718.33,718.36,0
2026-08-19T22:20:00+00:00,718.2936,718.7882,718.25,718.7317,0
2026-08-19T22:25:00+00:00,718.76,718.76,718.3975,718.43,0
2026-08-19T22:30:00+00:00,718.5163,718.52,718.3054,718.4114,0
2026-08-19T22:35:00+00:00,718.38,718.8631,718.38,718.8631,0
2026-08-19T22:40:00+00:00,718.86,718.92,718.7388,718.7752,0
2026-08-19T22:45:00+00:00,718.7531,718.895,718.7175,718.815,0
2026-08-19T22:50:00+00:00,718.827,718.95,718.8,718.8782,0
2026-08-19T22:55:00+00:00,718.8782,719.3,718.7,719.2,0
2026-08-19T23:00:00+00:00,719.2,720.12,718.95,719.1797,0
2026-08-19T23:05:00+00:00,719.1997,719.55,719.0816,719.55,0
2026-08-19T23:10:00+00:00,719.47,719.5,719.2478,719.25,0
2026-08-19T23:15:00+00:00,719.29,719.45,719.22,719.355,0
2026-08-19T23:20:00+00:00,719.3396,719.3588,719.05,719.1612,0
2026-08-19T23:25:00+00:00,719.1801,719.27,719.1524,719.27,0
2026-08-19T23:30:00+00:00,719.27,719.352,719.12,719.32,0
2026-08-19T23:35:00+00:00,719.3,719.37,719.1582,719.25,0
2026-08-19T23:40:00+00:00,719.2499,719.61,719.2499,719.55,0
2026-08-19T23:45:00+00:00,719.488,719.488,719.24,719.2985,0
2026-08-19T23:50:00+00:00,719.2667,719.49,719.02,719.0709,0
2026-08-19T23:55:00+00:00,719.1097,719.14,718.6317,718.6924,0
2026-08-20T08:00:00+00:00,718.0372,720.13,716.08,717.0987,0
2026-08-20T08:05:00+00:00,717.14,719,716.93,717.14,0
2026-08-20T08:10:00+00:00,717.06,717.06,716.21,716.69,0
2026-08-20T08:15:00+00:00,716.64,716.82,716.09,716.54,0
2026-08-20T08:20:00+00:00,716.578,716.64,715.82,715.9682,0
2026-08-20T08:25:00+00:00,715.93,716.02,715.6148,715.74,0
2026-08-20T08:30:00+00:00,715.7677,715.7677,714.92,714.92,0
2026-08-20T08:35:00+00:00,714.9,716.055,714.88,716.0117,0
2026-08-20T08:40:00+00:00,716.08,716.29,715.78,715.78,0
2026-08-20T08:45:00+00:00,715.66,715.81,714.6,715,0
2026-08-20T08:50:00+00:00,715.05,715.5782,715.05,715.415,0
2026-08-20T08:55:00+00:00,715.32,715.32,714.84,715.06,0
2026-08-20T09:00:00+00:00,715.1482,716,714.9612,715.9587,0
2026-08-20T09:05:00+00:00,715.71,716.67,715.68,716.61,0
2026-08-20T09:10:00+00:00,716.5954,716.71,715.9451,715.9965,0
2026-08-20T09:15:00+00:00,716.24,716.5,716,716.35,0
2026-08-20T09:20:00+00:00,716.1687,716.5336,716.1687,716.52,0
2026-08-20T09:25:00+00:00,716.5185,716.62,716.4287,716.44,0
2026-08-20T09:30:00+00:00,716.4485,716.4485,716,716,0
2026-08-20T09:35:00+00:00,716.07,716.2,715.9,716.2,0
2026-08-20T09:40:00+00:00,716.1717,716.5,715.9987,716.42,0
2026-08-20T09:45:00+00:00,716.5715,716.81,716.4487,716.5385,0
2026-08-20T09:50:00+00:00,716.42,716.58,716.03,716.47,0
2026-08-20T09:55:00+00:00,716.37,716.5013,716.36,716.5013,0
2026-08-20T10:00:00+00:00,716.35,716.56,716.02,716.51,0
2026-08-20T10:05:00+00:00,716.4085,716.82,716.3687,716.79,0
2026-08-20T10:10:00+00:00,716.84,717.165,716.7169,717.057,0
2026-08-20T10:15:00+00:00,717.08,717.08,716.679,716.8388,0
2026-08-20T10:20:00+00:00,716.8412,716.9788,716.7,716.87,0
2026-08-20T10:25:00+00:00,716.93,716.98,716.35,716.58,0
2026-08-20T10:30:00+00:00,716.57,716.83,716.4682,716.54,0
2026-08-20T10:35:00+00:00,716.4421,716.78,716.085,716.3982,0
2026-08-20T10:40:00+00:00,716.37,716.41,716.1585,716.3,0
2026-08-20T10:45:00+00:00,716.4321,717.12,716.3602,716.9769,0
2026-08-20T10:50:00+00:00,716.94,717.13,716.73,716.73,0
2026-08-20T10:55:00+00:00,716.67,717.25,716.67,717.25,0
2026-08-20T11:00:00+00:00,717.33,717.6324,715.6835,715.6835,0
2026-08-20T11:05:00+00:00,715.655,715.6604,715.2,715.4977,0
2026-08-20T11:10:00+00:00,715.45,715.5536,714.83,715.36,0
2026-08-20T11:15:00+00:00,715.3,715.6509,714.96,715.0636,0
2026-08-20T11:20:00+00:00,715.05,715.05,714.3,714.49,0
2026-08-20T11:25:00+00:00,714.5,714.6407,713.8,713.8471,0
2026-08-20T11:30:00+00:00,713.8,714.33,713.74,713.96,0
2026-08-20T11:35:00+00:00,713.9985,714.4513,713.73,714.4513,0
2026-08-20T11:40:00+00:00,714.5,714.5198,713.7068,713.838,0
2026-08-20T11:45:00+00:00,713.83,713.84,712.61,712.91,0
2026-08-20T11:50:00+00:00,712.82,713.1659,712.63,712.63,0
2026-08-20T11:55:00+00:00,712.6,712.722,712.05,712.3108,0
2026-08-20T12:00:00+00:00,712.3682,712.67,710.76,711.265,0
2026-08-20T12:05:00+00:00,711.2783,711.41,710.62,710.81,0
2026-08-20T12:10:00+00:00,710.7574,710.8,709.96,710.21,0
2026-08-20T12:15:00+00:00,710.1923,710.6512,710,710.1078,0
2026-08-20T12:20:00+00:00,710.2,710.99,710.15,710.9,0
2026-08-20T12:25:00+00:00,710.8403,710.8403,710.3,710.301,0
2026-08-20T12:30:00+00:00,710.3876,710.43,709.71,710.1007,0
2026-08-20T12:35:00+00:00,710.0561,710.09,709.4034,710.09,0
2026-08-20T12:40:00+00:00,710.0011,714.9,709.91,710.59,0
2026-08-20T12:45:00+00:00,710.6092,716.08,710.47,711.15,0
2026-08-20T12:50:00+00:00,711.13,711.96,711.1045,711.91,0
2026-08-20T12:55:00+00:00,711.9312,712.0245,711.7065,711.9333,0
2026-08-20T13:00:00+00:00,711.9685,712.5476,711.88,712.3627,0
2026-08-20T13:05:00+00:00,712.38,712.55,711.9162,711.9162,0
2026-08-20T13:10:00+00:00,711.95,712.02,711.64,711.73,0
2026-08-20T13:15:00+00:00,711.7214,712,711.55,711.7966,0
2026-08-20T13:20:00+00:00,711.7723,711.9928,711.41,711.9512,0
2026-08-20T13:25:00+00:00,711.92,712.4733,711.73,712.1,0
2026-08-20T13:30:00+00:00,712.2800293,714.0599976,711.7631836,713.2849731,2991508
2026-08-20T13:35:00+00:00,713.3699951,714.9400024,712.5700073,714.1300049,622023
2026-08-20T13:40:00+00:00,714.1486206,714.5999756,713.0100098,714.289978,494554
2026-08-20T13:45:00+00:00,714.2750244,714.7000122,712.0700073,712.9000244,579313
2026-08-20T13:50:00+00:00,712.8699951,713.0499878,711.0700073,712.5100098,631923
2026-08-20T13:55:00+00:00,712.539978,713.4500122,711.4500122,712.1101074,470092
2026-08-20T14:00:00+00:00,712.1594849,713.0999756,711.3200073,711.5300293,484690
2026-08-20T14:05:00+00:00,711.5900269,713.0800171,711.2666016,713.0800171,416472
2026-08-20T14:10:00+00:00,713.039978,713.5200195,712.3800049,712.5,576305
2026-08-20T14:15:00+00:00,712.5200195,712.8200073,711.1799927,711.2200928,613583
2026-08-20T14:20:00+00:00,711.2199707,713.5800171,711.0499878,713.2000122,609903
2026-08-20T14:25:00+00:00,713.1900024,713.2999878,711.7399902,712.0900269,397593
2026-08-20T14:30:00+00:00,712.0599976,712.960022,711.75,711.75,334165
2026-08-20T14:35:00+00:00,711.7700195,713.7399902,711.5900269,713.5999146,351539
2026-08-20T14:40:00+00:00,713.5599976,714,713.1199951,713.7800293,271817
2026-08-20T14:45:00+00:00,713.8200073,714.0800171,712.6300049,712.7150269,316891
2026-08-20T14:50:00+00:00,712.7199707,713.2498779,712.1300049,712.3200073,185650
2026-08-20T14:55:00+00:00,712.2999878,713.1173706,712.0499878,713.1094971,219956
2026-08-20T15:00:00+00:00,713.0900269,714.625,713.0100098,714.0250244,515283
2026-08-20T15:05:00+00:00,714.0200195,714.0200195,711.9400024,712.3049927,442565
2026-08-20T15:10:00+00:00,712.210022,712.8095093,711.4699707,712.4400024,746155
2026-08-20T15:15:00+00:00,712.4500122,712.5100098,711.9099731,712.1799927,254802
2026-08-20T15:20:00+00:00,712.1300049,712.3300171,711.0999756,711.3900146,558194
2026-08-20T15:25:00+00:00,711.3900146,711.9799805,710.8900146,711.9536133,550359
2026-08-20T15:30:00+00:00,711.9299927,712.0800171,710.6799927,710.8900146,714406
2026-08-20T15:35:00+00:00,710.9099731,711.239502,710.3250122,710.3499756,329240
2026-08-20T15:40:00+00:00,710.3449707,710.9400024,710.3099976,710.335022,655174
2026-08-20T15:45:00+00:00,710.3400269,711.0700073,710.133728,710.789978,340003
2026-08-20T15:50:00+00:00,710.7600098,711.5999756,710.6699829,711.4362793,172423
2026-08-20T15:55:00+00:00,711.4400024,711.625,711.2199707,711.5650024,172713
2026-08-20T16:00:00+00:00,711.5900269,711.9249878,711.1799927,711.25,201165
2026-08-20T16:05:00+00:00,711.2600098,711.6810303,710.9237061,711.6810303,165123
2026-08-20T16:10:00+00:00,711.6699829,711.875,711.039978,711.0900269,225943
2026-08-20T16:15:00+00:00,711.0499878,711.4249878,711,711.4000244,198813
2026-08-20T16:20:00+00:00,711.4400024,712.1900024,711.1400146,712.0050049,193006
2026-08-20T16:25:00+00:00,712,712.2000122,711.6900024,711.914978,518095
2026-08-20T16:30:00+00:00,711.8499756,712.0599976,711.1300049,712.039978,185826
2026-08-20T16:35:00+00:00,712.0499878,712.3499756,711.8909302,712.289978,151978
2026-08-20T16:40:00+00:00,712.3049927,712.7299805,712.1937866,712.7199707,223811
2026-08-20T16:45:00+00:00,712.7299805,713,712.4349976,712.5300293,250097
2026-08-20T16:50:00+00:00,712.5100098,712.7949829,712.2200928,712.539978,188162
2026-08-20T16:55:00+00:00,712.5449829,712.9199829,712.3599854,712.784729,248408
2026-08-20T17:00:00+00:00,712.7999878,712.8099976,712.1300049,712.270874,121764
2026-08-20T17:05:00+00:00,712.2849731,712.289978,711.7050171,711.8900146,207692
2026-08-20T17:10:00+00:00,711.8800049,712.1400146,711.7000122,711.75,109161
2026-08-20T17:15:00+00:00,711.7700195,711.7799072,710.9749756,710.9749756,177328
2026-08-20T17:20:00+00:00,710.994873,711.460022,710.875,711.1500244,169051
2026-08-20T17:25:00+00:00,711.1400146,711.2886963,710.7349854,710.789978,218935
2026-08-20T17:30:00+00:00,710.7550049,710.9799805,710.5599976,710.6099854,327433
2026-08-20T17:35:00+00:00,710.5900269,710.8800049,710.4799805,710.6500244,236193
2026-08-20T17:40:00+00:00,710.625,710.710022,710.460022,710.6799927,103791
2026-08-20T17:45:00+00:00,710.6300049,711.1699829,710.5700073,711.0599976,179039
2026-08-20T17:50:00+00:00,711,711.4868774,710.9099731,710.9450073,232015
2026-08-20T17:55:00+00:00,710.9500122,711.1400146,710.6900024,710.7299805,195847
2026-08-20T18:00:00+00:00,710.7150269,710.7150269,709.7700195,709.9299927,583524
2026-08-20T18:05:00+00:00,709.9500122,710.0300293,709.1500244,709.289978,288883
2026-08-20T18:10:00+00:00,709.2349854,709.4050293,708.8168945,709.1950073,302189
2026-08-20T18:15:00+00:00,709.1801147,709.3099976,708.5200195,709.2849731,253846
2026-08-20T18:20:00+00:00,709.2849731,709.6199951,709.1400146,709.1699829,151511
2026-08-20T18:25:00+00:00,709.1699829,709.3800049,708.9500122,709.2199707,196417
2026-08-20T18:30:00+00:00,709.2000122,709.3150024,708.7199707,708.7938232,192167
2026-08-20T18:35:00+00:00,708.8300171,709.2000122,708.7299805,708.9699707,405259
2026-08-20T18:40:00+00:00,709,709.2800293,708.7199707,709.2401123,236601
2026-08-20T18:45:00+00:00,709.25,709.7150269,709.0999756,709.6798706,194272
2026-08-20T18:50:00+00:00,709.6513062,709.75,709.4199829,709.6149902,147723
2026-08-20T18:55:00+00:00,709.6300049,709.8400269,709.4699707,709.4799805,147196
2026-08-20T19:00:00+00:00,709.4500122,710.2199707,709.4400024,710.164978,291698
2026-08-20T19:05:00+00:00,710.1500244,710.6599731,709.9887695,710.5800171,425093
2026-08-20T19:10:00+00:00,710.6300049,710.6630859,710.1900024,710.3599854,302281
2026-08-20T19:15:00+00:00,710.3699951,710.6799927,710.0800171,710.1199951,217915
2026-08-20T19:20:00+00:00,710.1300049,710.9299927,710.0800171,710.75,268839
2026-08-20T19:25:00+00:00,710.75,710.9899902,710.7249756,710.9299927,314872
2026-08-20T19:30:00+00:00,710.9310303,711.059082,710.6300049,710.9099731,422014
2026-08-20T19:35:00+00:00,710.9199219,711.6500244,710.789978,711.4949951,668771
2026-08-20T19:40:00+00:00,711.5,711.6094971,710.8800049,711.0700073,450563
2026-08-20T19:45:00+00:00,711.0800171,711.3300171,710.664978,711.2999878,465342
2026-08-20T19:50:00+00:00,711.2999878,711.539978,710.789978,710.9199829,825003
2026-08-20T19:55:00+00:00,711,711.1749878,710.4738159,710.9500122,1900155
2026-08-20T20:00:00+00:00,711.05,711.33,710.93,711.2,0
2026-08-20T20:05:00+00:00,711.18,711.18,710.3,710.47,0
2026-08-20T20:10:00+00:00,710.55,710.93,710.26,710.3888,0
2026-08-20T20:15:00+00:00,710.93,710.93,709.99,710.1912,0
2026-08-20T20:20:00+00:00,710.24,710.86,710.2148,710.5883,0
2026-08-20T20:25:00+00:00,710.551,710.6888,710.48,710.5719,0
2026-08-20T20:30:00+00:00,710.5726,710.77,710.5028,710.76,0
2026-08-20T20:35:00+00:00,710.77,711.07,710.76,710.9215,0
2026-08-20T20:40:00+00:00,710.9396,710.9713,710.8022,710.9475,0
2026-08-20T20:45:00+00:00,710.915,710.9881,710.8649,710.97,0
2026-08-20T20:50:00+00:00,710.9734,710.99,710.8,710.92,0
2026-08-20T20:55:00+00:00,710.9882,711.25,710.855,711.2392,0
2026-08-20T21:00:00+00:00,711.2,711.2,710.93,710.93,0
2026-08-20T21:05:00+00:00,711.0619,725.694,711,711.03,0
2026-08-20T21:10:00+00:00,711.03,711.04,710.94,710.98,0
2026-08-20T21:15:00+00:00,710.9975,711,710.94,710.9985,0
2026-08-20T21:20:00+00:00,710.9415,711.0484,662.9285,711.01,0
2026-08-20T21:25:00+00:00,711.0081,711.0777,710.99,711,0
2026-08-20T21:30:00+00:00,711.04,711.3087,710.99,711.1899,0
2026-08-20T21:35:00+00:00,711.015,711.19,711,711.17,0
2026-08-20T21:40:00+00:00,711.112,711.19,711.05,711.15,0
2026-08-20T21:45:00+00:00,711.14,711.15,710.93,711.02,0
2026-08-20T21:50:00+00:00,711.12,711.2,711.06,711.17,0
2026-08-20T21:55:00+00:00,711.16,711.25,711.14,711.2,0
2026-08-20T22:00:00+00:00,711.28,711.98,710.3998,710.3998,0
2026-08-20T22:05:00+00:00,710.39,710.5839,710.28,710.55,0
2026-08-20T22:10:00+00:00,710.56,710.6294,710.28,710.35,0
2026-08-20T22:15:00+00:00,710.32,710.63,710.32,710.5,0
2026-08-20T22:20:00+00:00,710.4679,710.5497,710.39,710.42,0
2026-08-20T22:25:00+00:00,710.4275,710.5423,710.3797,710.5423,0
2026-08-20T22:30:00+00:00,710.5483,710.9031,710.41,710.9031,0
2026-08-20T22:35:00+00:00,710.92,711.055,710.7775,710.8399,0
2026-08-20T22:40:00+00:00,710.8099,710.95,710.56,710.9073,0
2026-08-20T22:45:00+00:00,710.86,711.13,710.82,711.051,0
2026-08-20T22:50:00+00:00,711.1007,711.46,711.05,711.4207,0
2026-08-20T22:55:00+00:00,711.39,711.43,711.3313,711.37,0
2026-08-20T23:00:00+00:00,711.3985,711.3999,711.25,711.31,0
2026-08-20T23:05:00+00:00,711.27,711.3948,711.21,711.27,0
2026-08-20T23:10:00+00:00,711.26,711.3,711.1675,711.27,0
2026-08-20T23:15:00+00:00,711.2681,711.49,711.1965,711.41,0
2026-08-20T23:20:00+00:00,711.3897,711.4,711.3,711.3097,0
2026-08-20T23:25:00+00:00,711.38,711.38,711.13,711.2597,0
2026-08-20T23:30:00+00:00,711.2585,711.33,711.1623,711.19,0
2026-08-20T23:35:00+00:00,711.16,711.16,710.76,710.92,0
2026-08-20T23:40:00+00:00,710.9226,711.36,710.9226,711.24,0
2026-08-20T23:45:00+00:00,711.2982,711.2982,710.62,710.78,0
2026-08-20T23:50:00+00:00,711.02,711.09,710.8288,710.9222,0
2026-08-20T23:55:00+00:00,710.97,710.97,710.7076,710.7977,0
2026-08-21T08:00:00+00:00,714.6,715,710.93,714.9523,0
2026-08-21T08:05:00+00:00,714.84,714.858,712.85,714,0
2026-08-21T08:10:00+00:00,713.9915,714.2161,713.75,713.96,0
2026-08-21T08:15:00+00:00,713.97,714.12,713.7,714.0215,0
2026-08-21T08:20:00+00:00,713.965,713.965,713.33,713.52,0
2026-08-21T08:25:00+00:00,713.58,714.06,713.58,714.01,0
2026-08-21T08:30:00+00:00,714.0587,714.305,713.98,714.1715,0
2026-08-21T08:35:00+00:00,714.28,714.6,714.27,714.6,0
2026-08-21T08:40:00+00:00,714.57,714.845,714.5,714.81,0
2026-08-21T08:45:00+00:00,714.81,714.88,714.76,714.7987,0
2026-08-21T08:50:00+00:00,714.7186,715.13,714.7186,714.8717,0
2026-08-21T08:55:00+00:00,714.94,715.07,714.8,714.8,0
2026-08-21T09:00:00+00:00,714.8582,714.8582,714.28,714.28,0
2026-08-21T09:05:00+00:00,714.36,714.36,713.88,713.99,0
2026-08-21T09:10:00+00:00,713.96,714.46,713.84,714.4573,0
2026-08-21T09:15:00+00:00,714.4,714.6,714.2985,714.5009,0
2026-08-21T09:20:00+00:00,714.45,714.6015,714.43,714.5088,0
2026-08-21T09:25:00+00:00,714.46,714.5885,714.3593,714.3593,0
2026-08-21T09:30:00+00:00,714.4182,714.6101,714.3,714.53,0
2026-08-21T09:35:00+00:00,714.5168,715.2,714.5168,715.1512,0
2026-08-21T09:40:00+00:00,715.13,715.52,715.05,715.355,0
2026-08-21T09:45:00+00:00,715.321,715.445,715.1412,715.44,0
2026-08-21T09:50:00+00:00,715.43,715.76,715.31,715.65,0
2026-08-21T09:55:00+00:00,715.62,715.72,715.59,715.62,0
2026-08-21T10:00:00+00:00,715.58,716.215,715.58,716.17,0
2026-08-21T10:05:00+00:00,716.24,716.29,715.68,715.76,0
2026-08-21T10:10:00+00:00,715.72,715.8,715.41,715.6,0
2026-08-21T10:15:00+00:00,715.6,715.62,715.385,715.385,0
2026-08-21T10:20:00+00:00,715.37,715.3827,715.25,715.38,0
2026-08-21T10:25:00+00:00,715.38,715.69,715.3742,715.63,0
2026-08-21T10:30:00+00:00,715.74,715.77,715.36,715.37,0
2026-08-21T10:35:00+00:00,715.4,715.5,715.3,715.5,0
2026-08-21T10:40:00+00:00,715.491,715.51,715.34,715.34,0
2026-08-21T10:45:00+00:00,715.45,715.52,715.41,715.45,0
2026-08-21T10:50:00+00:00,715.4358,715.52,715.37,715.5,0
2026-08-21T10:55:00+00:00,715.49,715.62,715.3287,715.52,0
2026-08-21T11:00:00+00:00,715.37,715.59,710.93,715.1,0
2026-08-21T11:05:00+00:00,715.13,715.55,715.1,715.37,0
2026-08-21T11:10:00+00:00,715.36,715.4446,714.9988,715.1707,0
2026-08-21T11:15:00+00:00,715.1966,715.4949,715.13,715.4434,0
2026-08-21T11:20:00+00:00,715.3966,716.46,715.3919,716.39,0
2026-08-21T11:25:00+00:00,716.4099,716.5202,716.0308,716.3024,0
2026-08-21T11:30:00+00:00,716.36,716.48,715.88,716.1693,0
2026-08-21T11:35:00+00:00,716.2024,716.8515,716.2024,716.3479,0
2026-08-21T11:40:00+00:00,716.3698,716.72,716.13,716.68,0
2026-08-21T11:45:00+00:00,716.66,716.7,716.05,716.219,0
2026-08-21T11:50:00+00:00,716.18,716.18,715.9487,716.119,0
2026-08-21T11:55:00+00:00,716.1097,716.1862,715.96,715.97,0
2026-08-21T12:00:00+00:00,715.9587,716.05,710.397,715.54,0
2026-08-21T12:05:00+00:00,715.52,715.9095,715.5,715.872,0
2026-08-21T12:10:00+00:00,715.87,715.8742,715.6412,715.6806,0
2026-08-21T12:15:00+00:00,715.6584,716,715.57,715.7295,0
2026-08-21T12:20:00+00:00,715.713,716.0192,715.44,716.01,0
2026-08-21T12:25:00+00:00,715.95,716.38,715.9356,716.3123,0
2026-08-21T12:30:00+00:00,716.3062,716.49,716.15,716.2408,0
2026-08-21T12:35:00+00:00,716.28,716.5,716.17,716.28,0
2026-08-21T12:40:00+00:00,716.31,716.6419,716.17,716.6,0
2026-08-21T12:45:00+00:00,716.64,716.74,710.93,716.66,0
2026-08-21T12:50:00+00:00,716.7,716.7,710.93,716.1549,0
2026-08-21T12:55:00+00:00,716.1,716.23,716.02,716.2,0
2026-08-21T13:00:00+00:00,716.2292,716.2943,715.9982,716.0887,0
2026-08-21T13:05:00+00:00,716.07,716.1165,715.6093,715.62,0
2026-08-21T13:10:00+00:00,715.65,715.6687,715.16,715.24,0
2026-08-21T13:15:00+00:00,715.1861,715.25,714.72,714.7464,0
2026-08-21T13:20:00+00:00,714.75,714.75,714.5112,714.6611,0
2026-08-21T13:25:00+00:00,714.62,715.56,713.93,715.36,0
2026-08-21T13:30:00+00:00,715.2299805,715.3699951,712.539978,712.6500244,2390547
2026-08-21T13:35:00+00:00,712.6599731,712.8812256,711.5599976,712.3150024,734122
2026-08-21T13:40:00+00:00,712.289978,712.5700073,711.4000244,711.5999756,673574
2026-08-21T13:45:00+00:00,711.6699829,712.5300293,711.289978,712.0700073,493007
2026-08-21T13:50:00+00:00,712.1199951,712.2150269,710.0999756,710.9099731,610980
2026-08-21T13:55:00+00:00,710.9699707,711.6099854,710.4647217,711.2700195,455798
2026-08-21T14:00:00+00:00,711.2194824,711.6192017,710.2449951,710.9187012,384969
2026-08-21T14:05:00+00:00,710.8900146,711.9699707,710.8900146,711.4199829,310310
2026-08-21T14:10:00+00:00,711.4199829,711.8099976,709.8900146,710.0499878,559919
2026-08-21T14:15:00+00:00,709.9699707,710.710022,709.4099731,709.4400024,416763
2026-08-21T14:20:00+00:00,709.4500122,710.8300171,709.2050171,710.0250244,716552
2026-08-21T14:25:00+00:00,710.0599976,711.3699951,709.9400024,710.5900269,471710
2026-08-21T14:30:00+00:00,710.5999756,711.25,710.5,710.5300293,237160
2026-08-21T14:35:00+00:00,710.5499878,711.039978,710.2700195,710.6500244,220805
2026-08-21T14:40:00+00:00,710.5999756,711.3499756,710.1635132,711.0250244,222086
2026-08-21T14:45:00+00:00,710.9949951,711.6149902,710.875,711.3850098,269963
2026-08-21T14:50:00+00:00,711.3900146,711.6900024,710.8610229,711.0700073,299010
2026-08-21T14:55:00+00:00,711.0250244,711.9099731,710.8599854,711.9000244,333008
2026-08-21T15:00:00+00:00,711.9000244,712.6749878,711.7849731,712.5510254,1049905
2026-08-21T15:05:00+00:00,712.5900269,712.7800293,712.1500244,712.3400269,385330
2026-08-21T15:10:00+00:00,712.3599854,712.6149902,712.2125244,712.4099731,183145
2026-08-21T15:15:00+00:00,712.4099731,712.7449951,711.9807739,712.1450195,216444
2026-08-21T15:20:00+00:00,712.142395,712.579895,711.914978,712.0319824,275212
2026-08-21T15:25:00+00:00,712.0200195,712.8499756,711.9699707,712.7399902,255439
2026-08-21T15:30:00+00:00,712.7800293,713.664978,712.6799927,713.6400146,1188117
2026-08-21T15:35:00+00:00,713.6199951,714.5999756,713.5499878,714.5750122,451542
2026-08-21T15:40:00+00:00,714.5599976,715.2700195,714.460022,714.7949829,626002
2026-08-21T15:45:00+00:00,714.7999878,714.9495239,714.1525269,714.3099976,339114
2026-08-21T15:50:00+00:00,714.3300171,715.6738281,714.3300171,715.3200073,396970
2026-08-21T15:55:00+00:00,715.3200073,715.3200073,714.4400024,714.6099854,388438
2026-08-21T16:00:00+00:00,714.5449829,714.6849976,713.960022,714.0349731,169962
2026-08-21T16:05:00+00:00,714.0300293,714.2199707,713.3599854,713.4099731,205555
2026-08-21T16:10:00+00:00,713.4124756,713.7700195,713.3001099,713.4500122,786855
2026-08-21T16:15:00+00:00,713.4299927,714.0200195,713.3200073,713.5300293,516573
2026-08-21T16:20:00+00:00,713.5300293,714.7999878,713.2600098,713.6400146,659106
2026-08-21T16:25:00+00:00,713.6500244,713.8651123,713.4609985,713.7700195,104891
2026-08-21T16:30:00+00:00,713.77948,713.8449707,713.4099731,713.4099731,730552
2026-08-21T16:35:00+00:00,713.3900146,713.960022,713.3900146,713.9299927,174286
2026-08-21T16:40:00+00:00,713.9296875,714.1099854,713.8499756,713.9694824,73793
2026-08-21T16:45:00+00:00,713.9500122,713.9500122,713.5305786,713.5305786,189340
2026-08-21T16:50:00+00:00,713.5549927,713.5549927,713.0499878,713.3300171,300819
2026-08-21T16:55:00+00:00,713.289978,713.8699951,713.1199951,713.8300171,193700
2026-08-21T17:00:00+00:00,713.8099976,714.0999756,713.7600098,713.8099976,427763
2026-08-21T17:05:00+00:00,713.7750854,714.0700073,713.635498,713.8300171,160564
2026-08-21T17:10:00+00:00,713.7949829,713.7999878,713.5300293,713.7299805,94071
2026-08-21T17:15:00+00:00,713.7399902,713.7700195,713.5,713.5698853,190301
2026-08-21T17:20:00+00:00,713.5700073,713.6099854,712.9699707,713.2600098,174596
2026-08-21T17:25:00+00:00,713.2763062,713.6699829,713.0499878,713.414978,155169
2026-08-21T17:30:00+00:00,713.4249878,713.5441895,713.1900024,713.1900024,120853
2026-08-21T17:35:00+00:00,713.1599731,713.6300049,713.1199951,713.3950195,159234
2026-08-21T17:40:00+00:00,713.4000244,713.5900269,713.2000122,713.5900269,103898
2026-08-21T17:45:00+00:00,713.6450195,713.7750244,713.4349976,713.5,93728
2026-08-21T17:50:00+00:00,713.5,713.5900269,713.25,713.3800049,174030
2026-08-21T17:55:00+00:00,713.3699951,713.3800049,713.0900269,713.1199951,123156
2026-08-21T18:00:00+00:00,713.1298828,713.6300049,713.0200195,713.539978,500266
2026-08-21T18:05:00+00:00,713.539978,713.539978,712.9298706,712.9699707,147281
2026-08-21T18:10:00+00:00,712.9650269,713.2299805,712.8850098,712.8850098,191844
2026-08-21T18:15:00+00:00,712.9127197,713.1099854,712.789978,713.0499878,354042
2026-08-21T18:20:00+00:00,713.039978,713.3099976,713.0250244,713.1599731,136199
2026-08-21T18:25:00+00:00,713.164978,713.2000122,712.6550293,712.6550293,187959
2026-08-21T18:30:00+00:00,712.6550293,712.7199707,712.4299927,712.5050049,221172
2026-08-21T18:35:00+00:00,712.5599976,712.7600098,712.5200195,712.5999756,126946
2026-08-21T18:40:00+00:00,712.6199951,712.8699951,712.6099854,712.7498779,117962
2026-08-21T18:45:00+00:00,712.7399902,713.1450195,712.6699829,713.1398926,430385
2026-08-21T18:50:00+00:00,713.1400146,713.4500122,713.1398926,713.3549805,253908
2026-08-21T18:55:00+00:00,713.3499756,713.5899048,713.2020264,713.5650024,332160
2026-08-21T19:00:00+00:00,713.5494995,713.8900146,713.3400879,713.3549805,604117
2026-08-21T19:05:00+00:00,713.3599854,713.7098999,713.3099976,713.4949951,249189
2026-08-21T19:10:00+00:00,713.460022,713.4824829,713.2000122,713.2700195,441952
2026-08-21T19:15:00+00:00,713.25,713.4949951,713.0900269,713.2600098,303824
2026-08-21T19:20:00+00:00,713.2600098,713.5700073,713.1849976,713.5599976,118797
2026-08-21T19:25:00+00:00,713.559082,713.6749878,713.4199829,713.4199829,163540
2026-08-21T19:30:00+00:00,713.4099731,713.789978,713.4099731,713.6500854,203394
2026-08-21T19:35:00+00:00,713.6500244,713.8200073,713.5499878,713.8099976,223804
2026-08-21T19:40:00+00:00,713.7969971,713.8099976,713.4799805,713.7999878,331802
2026-08-21T19:45:00+00:00,713.7999878,714.3099976,713.75,714.1900024,580795
2026-08-21T19:50:00+00:00,714.1900024,714.2000122,713.3300171,713.4199829,754298
2026-08-21T19:55:00+00:00,713.4000244,713.8300171,712.9099731,713.4099731,1571215
2026-08-21T20:00:00+00:00,713.17,713.44,712.97,713.22,0
2026-08-21T20:05:00+00:00,713.24,713.24,712.83,713.0931,0
2026-08-21T20:10:00+00:00,713.09,713.44,712.98,713.071,0
2026-08-21T20:15:00+00:00,713.44,713.44,712.99,713,0
2026-08-21T20:20:00+00:00,712.98,713.03,712.77,712.8687,0
2026-08-21T20:25:00+00:00,712.86,712.9323,712.8,712.83,0
2026-08-21T20:30:00+00:00,712.8373,713.02,712.8373,713.02,0
2026-08-21T20:35:00+00:00,713,713.0999,712.9518,713.08,0
2026-08-21T20:40:00+00:00,713.1014,713.2223,713.05,713.15,0
2026-08-21T20:45:00+00:00,713.1386,713.44,712.9,712.95,0
2026-08-21T20:50:00+00:00,712.9,713.0187,712.9,712.9878,0
2026-08-21T20:55:00+00:00,712.96,713.02,712.93,712.94,0
2026-08-21T21:00:00+00:00,713.018,713.44,712.93,713.0885,0
2026-08-21T21:05:00+00:00,713.0549,713.09,712.932,713.086,0
2026-08-21T21:10:00+00:00,713.0484,713.05,712.94,713.0273,0
2026-08-21T21:15:00+00:00,713.0273,713.14,712.9617,713.14,0
2026-08-21T21:20:00+00:00,713.14,713.14,712.97,713.126,0
2026-08-21T21:25:00+00:00,713.1187,713.1299,712.97,713.1188,0
2026-08-21T21:30:00+00:00,713.1199,713.13,713,713.11,0
2026-08-21T21:35:00+00:00,713.0411,713.13,713.04,713.13,0
2026-08-21T21:40:00+00:00,713.1288,713.26,713.1,713.25,0
2026-08-21T21:45:00+00:00,713.25,713.3381,713.0539,713.3381,0
2026-08-21T21:50:00+00:00,713.32,713.55,713.32,713.45,0
2026-08-21T21:55:00+00:00,713.47,713.5475,713.35,713.43,0
2026-08-21T22:00:00+00:00,713.4352,713.59,713.25,713.5575,0
2026-08-21T22:05:00+00:00,713.4908,713.5984,713.4,713.5984,0
2026-08-21T22:10:00+00:00,713.6,713.6,713.4,713.55,0
2026-08-21T22:15:00+00:00,713.5,713.6,713.3108,713.6,0
2026-08-21T22:20:00+00:00,713.5975,713.76,713.55,713.6,0
2026-08-21T22:25:00+00:00,713.7003,713.8,713.62,713.64,0
2026-08-21T22:30:00+00:00,713.698,713.92,713.62,713.92,0
2026-08-21T22:35:00+00:00,713.8816,713.9365,713.64,713.75,0
2026-08-21T22:40:00+00:00,713.84,713.95,713.76,713.92,0
2026-08-21T22:45:00+00:00,713.92,714.05,713.85,713.9509,0
2026-08-21T22:50:00+00:00,714,714.2,713.95,714.12,0
2026-08-21T22:55:00+00:00,714.12,714.19,714.1,714.1,0
2026-08-21T23:00:00+00:00,714.1975,714.1975,713.96,713.96,0
2026-08-21T23:05:00+00:00,714.1657,714.36,714.03,714.2749,0
2026-08-21T23:10:00+00:00,714.25,714.34,714.1035,714.2176,0
2026-08-21T23:15:00+00:00,714.2,714.21,714.08,714.16,0
2026-08-21T23:20:00+00:00,714.16,714.2182,714.05,714.201,0
2026-08-21T23:25:00+00:00,714.22,714.3,714.15,714.2587,0
2026-08-21T23:30:00+00:00,714.25,714.42,714.25,714.4054,0
2026-08-21T23:35:00+00:00,714.4013,714.44,714.1,714.1617,0
2026-08-21T23:40:00+00:00,714.12,714.22,714.12,714.12,0
2026-08-21T23:45:00+00:00,714.1195,714.12,714,714,0
2026-08-21T23:50:00+00:00,714.03,714.13,714.0077,714.13,0
2026-08-21T23:55:00+00:00,714.14,714.39,714.02,714.35,0
2026-08-24T08:00:00+00:00,707.52,711.26,706.792,707.1,0
2026-08-24T08:05:00+00:00,707.0787,709.32,707.0657,707.94,0
2026-08-24T08:10:00+00:00,707.97,708.53,707.91,708.445,0
2026-08-24T08:15:00+00:00,708.378,709.0246,708.135,708.89,0
2026-08-24T08:20:00+00:00,709,709,708.44,708.54,0
2026-08-24T08:25:00+00:00,708.6,708.8,708.187,708.64,0
2026-08-24T08:30:00+00:00,708.608,708.85,708.385,708.73,0
2026-08-24T08:35:00+00:00,708.68,709.37,708.66,709.28,0
2026-08-24T08:40:00+00:00,709.32,709.3894,709.03,709.34,0
2026-08-24T08:45:00+00:00,709.33,709.33,709.1509,709.175,0
2026-08-24T08:50:00+00:00,709.15,709.72,709.15,709.5461,0
2026-08-24T08:55:00+00:00,709.6085,709.6085,709.15,709.15,0
2026-08-24T09:00:00+00:00,709.1882,709.84,708.85,709.8387,0
2026-08-24T09:05:00+00:00,709.84,709.9,709.58,709.825,0
2026-08-24T09:10:00+00:00,709.84,709.92,709.6,709.62,0
2026-08-24T09:15:00+00:00,709.63,709.64,709.2234,709.33,0
2026-08-24T09:20:00+00:00,709.34,709.34,709.14,709.2524,0
2026-08-24T09:25:00+00:00,709.23,709.23,708.99,709.04,0
2026-08-24T09:30:00+00:00,709.0485,709.38,709.035,709.3415,0
2026-08-24T09:35:00+00:00,709.4187,709.77,709.321,709.7,0
2026-08-24T09:40:00+00:00,709.7187,709.7187,709.37,709.6,0
2026-08-24T09:45:00+00:00,709.631,709.96,709.62,709.84,0
2026-08-24T09:50:00+00:00,709.8285,709.8285,709.5,709.54,0
2026-08-24T09:55:00+00:00,709.55,709.64,709.47,709.5091,0
2026-08-24T10:00:00+00:00,709.57,709.84,709.46,709.84,0
2026-08-24T10:05:00+00:00,709.82,709.88,709.53,709.565,0
2026-08-24T10:10:00+00:00,709.5634,709.6085,709.1539,709.1585,0
2026-08-24T10:15:00+00:00,709.1615,709.2782,709.085,709.085,0
2026-08-24T10:20:00+00:00,709.039,709.6,708.9195,709.5412,0
2026-08-24T10:25:00+00:00,709.3,709.36,708.9987,708.9987,0
2026-08-24T10:30:00+00:00,708.98,709.7,708.9682,709.7,0
2026-08-24T10:35:00+00:00,709.6,709.69,709.39,709.39,0
2026-08-24T10:40:00+00:00,709.3,709.3,708.77,708.9632,0
2026-08-24T10:45:00+00:00,708.97,708.97,708.69,708.7488,0
2026-08-24T10:50:00+00:00,708.6875,708.73,708.3,708.39,0
2026-08-24T10:55:00+00:00,708.4217,708.6,708.409,708.42,0
2026-08-24T11:00:00+00:00,708.42,713.44,707.6553,707.7,0
2026-08-24T11:05:00+00:00,707.7282,707.98,707.5,707.9,0
2026-08-24T11:10:00+00:00,707.92,708.12,707.6,708,0
2026-08-24T11:15:00+00:00,708.0136,708.28,707.95,708.28,0
2026-08-24T11:20:00+00:00,708.21,708.52,708.1853,708.48,0
2026-08-24T11:25:00+00:00,708.4677,708.8614,708.3,708.3746,0
2026-08-24T11:30:00+00:00,708.6,709.43,708.5,709.31,0
2026-08-24T11:35:00+00:00,709.3315,710.8,709.3315,710.29,0
2026-08-24T11:40:00+00:00,710.2584,710.6,710.0004,710.1,0
2026-08-24T11:45:00+00:00,710.22,710.22,709.53,709.74,0
2026-08-24T11:50:00+00:00,709.7344,709.97,709.59,709.97,0
2026-08-24T11:55:00+00:00,709.938,710.0725,709.74,709.9285,0
2026-08-24T12:00:00+00:00,709.9185,712.905,709.3108,709.35,0
2026-08-24T12:05:00+00:00,709.3629,709.6,709.24,709.39,0
2026-08-24T12:10:00+00:00,709.3462,709.38,709.01,709.038,0
2026-08-24T12:15:00+00:00,709.09,709.2913,708.9,709.09,0
2026-08-24T12:20:00+00:00,709.0757,709.5315,709.07,709.4,0
2026-08-24T12:25:00+00:00,709.4397,709.5345,709.13,709.5317,0
2026-08-24T12:30:00+00:00,709.5385,709.54,708.19,708.704,0
2026-08-24T12:35:00+00:00,708.7264,709.3987,708.7264,709.0355,0
2026-08-24T12:40:00+00:00,709.07,709.74,708.752,708.8582,0
2026-08-24T12:45:00+00:00,708.97,713.44,708.8,709.3436,0
2026-08-24T12:50:00+00:00,709.35,709.54,709.15,709.25,0
2026-08-24T12:55:00+00:00,709.24,709.35,708.9,708.9,0
2026-08-24T13:00:00+00:00,708.9511,709.2133,708.89,709.1,0
2026-08-24T13:05:00+00:00,709.1585,709.22,708.68,708.9063,0
2026-08-24T13:10:00+00:00,708.8834,709.25,708.86,709.0413,0
2026-08-24T13:15:00+00:00,709.0416,709.37,708.84,708.84,0
2026-08-24T13:20:00+00:00,708.84,709.1163,708.7435,708.7435,0
2026-08-24T13:25:00+00:00,708.75,709.64,708.71,709.64,0
2026-08-24T13:30:00+00:00,709.625,709.789978,706,706.6500244,2385397
2026-08-24T13:35:00+00:00,706.6599731,707.4299927,705.5750122,705.8850098,744715
2026-08-24T13:40:00+00:00,705.8400269,706.1199951,703.3800049,703.4400024,844724
2026-08-24T13:45:00+00:00,703.4299927,704.6900024,702.8703003,703.7199707,847008
2026-08-24T13:50:00+00:00,703.7150269,704.2399902,702.7000122,704.1450195,700874
2026-08-24T13:55:00+00:00,704.210022,704.8150024,703.9000244,704.4799805,494853
2026-08-24T14:00:00+00:00,704.4400024,704.8106079,703.039978,703.3300171,587612
2026-08-24T14:05:00+00:00,703.3300171,703.8800049,703,703.4000244,446448
2026-08-24T14:10:00+00:00,703.3850098,703.8099976,702.8300171,703.7700195,569533
2026-08-24T14:15:00+00:00,703.7800293,704.1099854,703.1599731,703.3582764,412988
2026-08-24T14:20:00+00:00,703.3499756,704.710022,703.3200073,703.9299927,549866
2026-08-24T14:25:00+00:00,703.9400024,704.3499756,703.4500122,704.2299805,255773
2026-08-24T14:30:00+00:00,704.1599731,705.8499756,703.9500122,705.7600098,752652
2026-08-24T14:35:00+00:00,705.7537231,706.2075195,705.4799805,705.8699951,675876
2026-08-24T14:40:00+00:00,705.8699951,706.5449829,705.6348877,706.0300293,278485
2026-08-24T14:45:00+00:00,705.9799805,706.5100098,705.7800293,706.4699707,420513
2026-08-24T14:50:00+00:00,706.4749756,706.5314941,705.8809204,706.2301025,266929
2026-08-24T14:55:00+00:00,706.2399902,706.4699707,705.7700195,705.9299927,218746
2026-08-24T15:00:00+00:00,705.9299927,706.2000122,705.25,705.3049927,286013
2026-08-24T15:05:00+00:00,705.319519,705.5499878,704.914978,705.3400269,506386
2026-08-24T15:10:00+00:00,705.3300171,705.789978,705,705.0599976,300357
2026-08-24T15:15:00+00:00,705.0599976,705.4199829,705.0250244,705.2720947,305549
2026-08-24T15:20:00+00:00,705.2839966,705.9199829,704.8220215,705.8422241,344283
2026-08-24T15:25:00+00:00,705.8499756,707.1900024,705.7999878,706.8300171,813451
2026-08-24T15:30:00+00:00,706.7999878,707.210022,706.5100098,707.1500244,435203
2026-08-24T15:35:00+00:00,707.1400146,707.8300171,706.9699707,707.7000122,482327
2026-08-24T15:40:00+00:00,707.710022,708.2800293,707.6699829,708.1400146,376912
2026-08-24T15:45:00+00:00,708.1500244,708.8438721,708.1500244,708.3599854,451758
2026-08-24T15:50:00+00:00,708.3900146,708.6599731,708.2000122,708.3400269,338107
2026-08-24T15:55:00+00:00,708.3300171,708.3300171,707.5599976,707.9899902,468074
2026-08-24T16:00:00+00:00,707.9801025,708.4899902,707.710022,708.1099854,456217
2026-08-24T16:05:00+00:00,708.1201172,708.2476196,707.7600098,707.7600098,122226
2026-08-24T16:10:00+00:00,707.7800293,708.289978,707.710083,708.2886963,157203
2026-08-24T16:15:00+00:00,708.2849731,708.9849854,708.25,708.7269287,341290
2026-08-24T16:20:00+00:00,708.6799927,709.3358765,708.6300049,708.8685913,349066
2026-08-24T16:25:00+00:00,708.8599854,708.9450073,708.6699829,708.8403931,164395
2026-08-24T16:30:00+00:00,708.8494873,709.0250244,708.3001099,708.4400024,264086
2026-08-24T16:35:00+00:00,708.4550171,708.7999878,708.3699951,708.4199829,155948
2026-08-24T16:40:00+00:00,708.4099731,708.4799805,708.1300049,708.3898926,439290
2026-08-24T16:45:00+00:00,708.3900146,708.4849854,708.1099854,708.4849854,201933
2026-08-24T16:50:00+00:00,708.4799805,708.5599976,708.0599976,708.2849731,294544
2026-08-24T16:55:00+00:00,708.2849731,708.3300171,708.0250244,708.0250244,263585
2026-08-24T17:00:00+00:00,708.0300293,708.0549927,707.6400146,707.7302856,453981
2026-08-24T17:05:00+00:00,707.7299805,708.6599731,707.710022,708.5200195,332510
2026-08-24T17:10:00+00:00,708.5200195,708.9799805,708.3400269,708.5949707,240387
2026-08-24T17:15:00+00:00,708.598877,708.5999756,707.9299927,707.9331055,331326
2026-08-24T17:20:00+00:00,707.960022,707.9899902,707.2399902,707.4050293,289615
2026-08-24T17:25:00+00:00,707.4299927,707.6900024,707.0911865,707.2349854,220958
2026-08-24T17:30:00+00:00,707.25,707.3300171,707.0300293,707.0499878,228994
2026-08-24T17:35:00+00:00,707.039978,707.1699829,706.8120117,707.0900269,321747
2026-08-24T17:40:00+00:00,707.1099854,707.210022,706.7705078,706.770874,240121
2026-08-24T17:45:00+00:00,706.7894897,707.2199707,706.7617188,707.085022,243268
2026-08-24T17:50:00+00:00,707.0599976,707.3549805,706.7800293,706.8549805,281686
2026-08-24T17:55:00+00:00,706.8599854,706.9550171,706.7399902,706.9000244,176244
2026-08-24T18:00:00+00:00,706.9099731,707.7000122,706.8859863,707.5150146,314168
2026-08-24T18:05:00+00:00,707.5150146,708.3375244,707.4550171,708.2449951,266426
2026-08-24T18:10:00+00:00,708.2249756,708.4550171,707.9650269,708.4146118,279197
2026-08-24T18:15:00+00:00,708.4349976,708.710022,708.0900269,708.1849976,287342
2026-08-24T18:20:00+00:00,708.1500244,709.2399902,708.1450195,709.1500244,390474
2026-08-24T18:25:00+00:00,709.1350098,709.2800293,709.050415,709.1599731,435404
2026-08-24T18:30:00+00:00,709.1699829,709.5300293,709.0599976,709.2050171,264436
2026-08-24T18:35:00+00:00,709.2299805,709.3150024,708.2600098,708.4099731,518920
2026-08-24T18:40:00+00:00,708.4099731,708.6099854,708.3215942,708.4799194,179157
2026-08-24T18:45:00+00:00,708.460022,708.5800171,708.1099854,708.2600098,184140
2026-08-24T18:50:00+00:00,708.2199707,708.4099731,707.8900146,707.960022,401954
2026-08-24T18:55:00+00:00,707.9550171,708.0700073,707.6099854,707.6300049,265628
2026-08-24T19:00:00+00:00,707.625,707.8099976,707.5100098,707.6574097,261815
2026-08-24T19:05:00+00:00,707.6400146,707.8099976,707.4099731,707.4415894,162453
2026-08-24T19:10:00+00:00,707.4199829,707.7896729,707.3499756,707.6550293,229783
2026-08-24T19:15:00+00:00,707.6550293,707.75,707.3300171,707.7199707,189759
2026-08-24T19:20:00+00:00,707.6900024,707.9099731,707.5100098,707.6450195,281319
2026-08-24T19:25:00+00:00,707.6400146,707.8300171,707.6099854,707.7150269,393718
2026-08-24T19:30:00+00:00,707.7399902,708.0499878,707.3099976,707.3099976,428443
2026-08-24T19:35:00+00:00,707.3300171,707.3400269,706.9650269,707.0499878,783945
2026-08-24T19:40:00+00:00,707.0650024,707.1799927,706.9000244,707.0200195,515099
2026-08-24T19:45:00+00:00,707.0499878,707.1099854,706.7949829,707.0650024,725860
2026-08-24T19:50:00+00:00,707.0800171,707.3099976,706.3200073,706.8950195,1340107
2026-08-24T19:55:00+00:00,706.9000244,706.9000244,706.210022,706.2399902,2446484
2026-08-24T20:00:00+00:00,706.36,706.69,706.22,706.5386,0
2026-08-24T20:05:00+00:00,706.53,706.88,706.48,706.6,0
2026-08-24T20:10:00+00:00,706.6,706.6384,706.32,706.55,0
2026-08-24T20:15:00+00:00,706.32,706.62,706.32,706.6,0
2026-08-24T20:20:00+00:00,706.6,706.61,706.01,706.03,0
2026-08-24T20:25:00+00:00,706.03,706.03,705.88,705.9719,0
2026-08-24T20:30:00+00:00,705.95,706.1142,705.95,706.0722,0
2026-08-24T20:35:00+00:00,706.0836,706.32,706.02,706.29,0
2026-08-24T20:40:00+00:00,706.2881,706.3748,706.25,706.33,0
2026-08-24T20:45:00+00:00,706.33,706.45,706.21,706.26,0
2026-08-24T20:50:00+00:00,706.2407,706.32,706.0662,706.3,0
2026-08-24T20:55:00+00:00,706.34,707.1,706.34,706.97,0
2026-08-24T21:00:00+00:00,706.97,706.97,706.32,706.84,0
2026-08-24T21:05:00+00:00,706.8251,706.8999,706.47,706.8,0
2026-08-24T21:10:00+00:00,706.8344,707.03,706.6,707.0017,0
2026-08-24T21:15:00+00:00,707.0285,707.065,706.917,706.9888,0
2026-08-24T21:20:00+00:00,706.9888,707.04,706.9315,707,0
2026-08-24T21:25:00+00:00,706.99,707.04,706.93,706.9987,0
2026-08-24T21:30:00+00:00,706.99,707.04,669.7153,706.99,0
2026-08-24T21:35:00+00:00,707.02,707.04,706.99,707.0391,0
2026-08-24T21:40:00+00:00,707.0387,707.1,706.9945,707.09,0
2026-08-24T21:45:00+00:00,707.08,707.1,706.99,707.0935,0
2026-08-24T21:50:00+00:00,707.061,707.1,707.06,707.0966,0
2026-08-24T21:55:00+00:00,707.1,707.1,707.06,707.07,0
2026-08-24T22:00:00+00:00,707.16,707.51,706.9099,706.96,0
2026-08-24T22:05:00+00:00,707,707.46,706.9803,706.9998,0
2026-08-24T22:10:00+00:00,707.0376,707.0376,706.84,706.9,0
2026-08-24T22:15:00+00:00,706.919,707,706.8538,706.97,0
2026-08-24T22:20:00+00:00,706.8738,706.99,706.82,706.9708,0
2026-08-24T22:25:00+00:00,706.995,707,706.8412,706.92,0
2026-08-24T22:30:00+00:00,706.9525,707,706.7,706.86,0
2026-08-24T22:35:00+00:00,706.9225,706.9838,706.865,706.9175,0
2026-08-24T22:40:00+00:00,706.94,706.94,706.71,706.7275,0
2026-08-24T22:45:00+00:00,706.77,706.7957,706.68,706.78,0
2026-08-24T22:50:00+00:00,706.7563,706.8151,706.67,706.7925,0
2026-08-24T22:55:00+00:00,706.78,706.82,706.62,706.8,0
2026-08-24T23:00:00+00:00,706.8,706.8619,706.7445,706.78,0
2026-08-24T23:05:00+00:00,706.8,706.9,706.72,706.8914,0
2026-08-24T23:10:00+00:00,706.81,706.88,706.81,706.8744,0
2026-08-24T23:15:00+00:00,706.8572,706.9685,706.6392,706.755,0
2026-08-24T23:20:00+00:00,706.7607,706.9592,706.7382,706.802,0
2026-08-24T23:25:00+00:00,706.8014,706.8014,706.47,706.51,0
2026-08-24T23:30:00+00:00,706.4987,706.54,706.25,706.4494,0
2026-08-24T23:35:00+00:00,706.39,706.4,706.15,706.15,0
2026-08-24T23:40:00+00:00,706.1254,706.57,705.69,705.93,0
2026-08-24T23:45:00+00:00,705.9585,706.02,705.89,705.94,0
2026-08-24T23:50:00+00:00,706,706.3,705.9788,705.9788,0
2026-08-24T23:55:00+00:00,705.9585,706.2588,705.9207,706.2588,0
2026-08-25T08:00:00+00:00,709.65,711.002,706.32,709.34,0
2026-08-25T08:05:00+00:00,709.33,710.28,709.14,709.66,0
2026-08-25T08:10:00+00:00,709.56,709.59,709.16,709.41,0
2026-08-25T08:15:00+00:00,709.3,710.14,709.3,709.7383,0
2026-08-25T08:20:00+00:00,709.6695,711.8,709.6495,711.6783,0
2026-08-25T08:25:00+00:00,711.6572,711.6572,710.58,710.67,0
2026-08-25T08:30:00+00:00,710.73,711.16,710.4317,710.9,0
2026-08-25T08:35:00+00:00,710.8,711.07,710.27,710.35,0
2026-08-25T08:40:00+00:00,710.41,710.81,710.34,710.79,0
2026-08-25T08:45:00+00:00,710.8434,711.3,710.8434,711.09,0
2026-08-25T08:50:00+00:00,711.12,711.3988,711.01,711.01,0
2026-08-25T08:55:00+00:00,711.03,711.3888,710.84,711.3007,0
2026-08-25T09:00:00+00:00,711.33,711.47,710.97,711.47,0
2026-08-25T09:05:00+00:00,711.49,712.08,711.2586,711.66,0
2026-08-25T09:10:00+00:00,711.73,712.04,711.62,711.85,0
2026-08-25T09:15:00+00:00,711.85,712.07,711.84,711.98,0
2026-08-25T09:20:00+00:00,712.02,712.04,711.76,711.76,0
2026-08-25T09:25:00+00:00,711.6617,711.7085,711.43,711.675,0
2026-08-25T09:30:00+00:00,711.7382,712.84,711.6315,712.73,0
2026-08-25T09:35:00+00:00,712.74,712.76,712.285,712.285,0
2026-08-25T09:40:00+00:00,712.28,713.05,712.28,712.73,0
2026-08-25T09:45:00+00:00,712.68,713.401,712.68,713.4,0
2026-08-25T09:50:00+00:00,713.42,713.76,713.35,713.675,0
2026-08-25T09:55:00+00:00,713.67,714.22,713.41,713.4982,0
2026-08-25T10:00:00+00:00,713.4385,713.441,712.9896,713.15,0
2026-08-25T10:05:00+00:00,713.19,713.8857,713.17,713.81,0
2026-08-25T10:10:00+00:00,713.78,713.96,713.3287,713.43,0
2026-08-25T10:15:00+00:00,713.42,713.51,713.1848,713.26,0
2026-08-25T10:20:00+00:00,713.32,713.3229,713.108,713.17,0
2026-08-25T10:25:00+00:00,713.19,713.29,712.9,712.994,0
2026-08-25T10:30:00+00:00,713.0197,713.17,712.73,712.9115,0
2026-08-25T10:35:00+00:00,712.96,712.96,712.78,712.8239,0
2026-08-25T10:40:00+00:00,712.86,712.92,712.44,712.44,0
2026-08-25T10:45:00+00:00,712.41,712.75,712.41,712.66,0
2026-08-25T10:50:00+00:00,712.7247,712.94,712.68,712.82,0
2026-08-25T10:55:00+00:00,712.8115,712.8385,712.49,712.6712,0
2026-08-25T11:00:00+00:00,712.61,712.7463,706.32,712.1456,0
2026-08-25T11:05:00+00:00,712.0956,712.15,711.25,711.9,0
2026-08-25T11:10:00+00:00,711.9736,712.26,711.9,712.17,0
2026-08-25T11:15:00+00:00,712.2177,712.3307,711.79,712.0497,0
2026-08-25T11:20:00+00:00,712.0404,712.5999,712.04,712.43,0
2026-08-25T11:25:00+00:00,712.5,712.519,711.913,712.2323,0
2026-08-25T11:30:00+00:00,712.32,712.6,712.3,712.37,0
2026-08-25T11:35:00+00:00,712.3608,712.71,712.3608,712.7,0
2026-08-25T11:40:00+00:00,712.71,712.7723,712.5435,712.7001,0
2026-08-25T11:45:00+00:00,712.65,713.2143,712.65,713.2143,0
2026-08-25T11:50:00+00:00,713.2175,713.45,713,713.04,0
2026-08-25T11:55:00+00:00,713,713.1316,712.82,713.02,0
2026-08-25T12:00:00+00:00,713.02,713.26,705.791,713.1514,0
2026-08-25T12:05:00+00:00,713.1433,713.2,712.9115,713.18,0
2026-08-25T12:10:00+00:00,713.1734,713.24,712.7185,713.2,0
2026-08-25T12:15:00+00:00,713.228,713.9,713.11,713.65,0
2026-08-25T12:20:00+00:00,713.6987,713.7199,712.84,713.13,0
2026-08-25T12:25:00+00:00,713.1316,713.26,713.01,713.0601,0
2026-08-25T12:30:00+00:00,713.04,713.05,712.09,712.18,0
2026-08-25T12:35:00+00:00,712.2,712.2223,711.6316,711.7599,0
2026-08-25T12:40:00+00:00,711.749,712.1723,711.58,711.9399,0
2026-08-25T12:45:00+00:00,711.934,712.0193,706.32,711.88,0
2026-08-25T12:50:00+00:00,711.97,712.38,711.94,712.13,0
2026-08-25T12:55:00+00:00,712.13,712.3,712.071,712.071,0
2026-08-25T13:00:00+00:00,712.1187,712.2589,711.6577,711.8797,0
2026-08-25T13:05:00+00:00,711.8932,712.051,711.6,711.89,0
2026-08-25T13:10:00+00:00,711.88,712.3143,711.85,711.98,0
2026-08-25T13:15:00+00:00,711.95,712.2887,711.7954,712.09,0
2026-08-25T13:20:00+00:00,712.0792,712.16,711.72,711.72,0
2026-08-25T13:25:00+00:00,711.78,712.28,711.24,711.24,0
2026-08-25T13:30:00+00:00,711.2700195,713.1300049,710.7999878,713.125,2095805
2026-08-25T13:35:00+00:00,713.0800171,713.1099854,711.3400269,711.664978,492430
2026-08-25T13:40:00+00:00,711.710022,713.0900269,711.6900024,712.5250244,429383
2026-08-25T13:45:00+00:00,712.5,714.039978,712.3499756,713.5250244,632383
2026-08-25T13:50:00+00:00,713.5300293,713.625,712.3400269,712.3599854,583319
2026-08-25T13:55:00+00:00,712.3599854,712.4199829,711.0999756,711.6099854,551330
2026-08-25T14:00:00+00:00,711.6699829,711.6799927,710.0700073,710.3806152,550839
2026-08-25T14:05:00+00:00,710.4299927,710.8599854,710,710.3599854,409217
2026-08-25T14:10:00+00:00,710.3499756,710.9799805,709.914978,710.0100098,307153
2026-08-25T14:15:00+00:00,710.0200195,710.5999756,709.7600098,709.960022,402433
2026-08-25T14:20:00+00:00,709.9500122,710.25,709.1400757,709.6199951,442675
2026-08-25T14:25:00+00:00,709.6433716,710.1500244,709.2750244,709.2999878,597251
2026-08-25T14:30:00+00:00,709.2399902,710.0999756,707.4500122,709.0701294,919078
2026-08-25T14:35:00+00:00,709.0700073,710.5499878,709.0599976,710.3101196,255868
2026-08-25T14:40:00+00:00,710.3200073,710.3900146,708.7700195,709.3599854,434415
2026-08-25T14:45:00+00:00,709.2600098,709.6400146,709.0800171,709.4299927,225733
2026-08-25T14:50:00+00:00,709.3499756,710.3850098,709.1146851,710.0100098,221555
2026-08-25T14:55:00+00:00,710.0200195,710.1149902,709.4000244,709.6900024,434808
2026-08-25T15:00:00+00:00,709.6900024,709.789978,708.8825073,708.9899902,314266
2026-08-25T15:05:00+00:00,709.0449829,709.5300293,708.8800049,709.25,222623
2026-08-25T15:10:00+00:00,709.289978,709.6300049,709.1099854,709.5,159496
2026-08-25T15:15:00+00:00,709.5095215,709.9799805,709.4000244,709.7800293,182609
2026-08-25T15:20:00+00:00,709.7999878,710.3699951,709.539978,709.7999878,251073
2026-08-25T15:25:00+00:00,709.7999878,710.8599854,709.6599731,710.789978,173340
2026-08-25T15:30:00+00:00,710.7600098,711.5200195,710.4799805,710.5650024,333894
2026-08-25T15:35:00+00:00,710.5499878,711.4699707,710.5,710.6599731,346603
2026-08-25T15:40:00+00:00,710.6500244,710.7299805,710.2700195,710.5300293,342570
2026-08-25T15:45:00+00:00,710.4899902,710.4998779,709.4699707,709.6300049,238376
2026-08-25T15:50:00+00:00,709.6049805,710.4500122,709.4799805,710.2999878,132184
2026-08-25T15:55:00+00:00,710.2999878,710.6749878,710.2299805,710.4349976,163323
2026-08-25T16:00:00+00:00,710.4799805,711.0599976,710.4099731,710.6929932,185076
2026-08-25T16:05:00+00:00,710.7000122,711,710.5300293,710.5549927,122706
2026-08-25T16:10:00+00:00,710.5599976,710.8499756,710.460083,710.8001099,319321
2026-08-25T16:15:00+00:00,710.8099976,711.0800171,710.7210083,710.9885254,106956
2026-08-25T16:20:00+00:00,710.9699097,711.1699829,710.7810059,711.0100098,179850
2026-08-25T16:25:00+00:00,710.9799805,711.2600098,710.960022,711.1599731,151940
2026-08-25T16:30:00+00:00,711.1795044,711.289978,710.9749756,710.9899902,136547
2026-08-25T16:35:00+00:00,711.039917,711.1799927,710.6400146,711.0999756,150194
2026-08-25T16:40:00+00:00,711.1099854,711.1099854,710.3400269,710.4899902,133576
2026-08-25T16:45:00+00:00,710.5,710.9099731,710.4099731,710.6049805,137808
2026-08-25T16:50:00+00:00,710.6199951,710.6433105,710.2399902,710.3250122,97702
2026-08-25T16:55:00+00:00,710.335022,710.8499756,710.1900024,710.7050171,202975
2026-08-25T17:00:00+00:00,710.7116089,710.7999878,709.9400024,709.9663086,189138
2026-08-25T17:05:00+00:00,709.9500122,710.0499878,709.5,709.7349854,162162
2026-08-25T17:10:00+00:00,709.7399902,709.9899902,709.4801025,709.9207764,161462
2026-08-25T17:15:00+00:00,709.9099731,710.2999268,709.789978,710.25,132364
2026-08-25T17:20:00+00:00,710.2299805,710.2700195,709.8099976,709.8400269,226071
2026-08-25T17:25:00+00:00,709.7800903,709.7800903,709.2700195,709.4799805,143485
2026-08-25T17:30:00+00:00,709.5,709.6500244,709.3099976,709.5800171,144318
2026-08-25T17:35:00+00:00,709.539978,709.710022,709.4400024,709.5999756,154247
2026-08-25T17:40:00+00:00,709.6199951,709.6199951,709.3499756,709.4398804,126174
2026-08-25T17:45:00+00:00,709.4395142,709.6500244,709.3300171,709.5300293,96032
2026-08-25T17:50:00+00:00,709.5300293,709.6489868,709.3049927,709.5700073,113919
2026-08-25T17:55:00+00:00,709.5700073,709.6450195,709.3599854,709.5440063,72904
2026-08-25T18:00:00+00:00,709.5300293,709.5300293,708.9949951,709.0100098,153309
2026-08-25T18:05:00+00:00,709.0200195,709.3250122,708.960022,709.1599731,155587
2026-08-25T18:10:00+00:00,709.1500244,709.3400269,706.3200073,709.0100098,84768
2026-08-25T18:15:00+00:00,709.0300293,709.2299194,708.9699707,709.2150269,106025
2026-08-25T18:20:00+00:00,709.2199707,709.5499878,709.1950073,709.4099731,144833
2026-08-25T18:25:00+00:00,709.3800049,709.4199829,709.0900269,709.335022,99039
2026-08-25T18:30:00+00:00,709.3699951,709.9500122,709.3499756,709.9099731,159036
2026-08-25T18:35:00+00:00,709.914978,710.1300049,709.7999878,710.0300293,229224
2026-08-25T18:40:00+00:00,710.0200195,710.3300171,709.9099731,710.2849731,149616
2026-08-25T18:45:00+00:00,710.2849731,710.6699829,710.2849731,710.5700073,263723
2026-08-25T18:50:00+00:00,710.5700073,710.5800171,710.2999878,710.3400269,179886
2026-08-25T18:55:00+00:00,710.3499756,710.460022,710.1900024,710.2600098,144268
2026-08-25T19:00:00+00:00,710.2550049,710.4799805,710,710.0200195,163982
2026-08-25T19:05:00+00:00,710.0100098,710.1500244,709.9299927,710.0499878,169094
2026-08-25T19:10:00+00:00,710.0700073,710.0900269,709.6500244,709.7399902,192052
2026-08-25T19:15:00+00:00,709.7199707,709.7999878,709.4498901,709.5100098,229786
2026-08-25T19:20:00+00:00,709.5,709.5250244,709.210022,709.4699707,142974
2026-08-25T19:25:00+00:00,709.4799805,709.5598755,709.3200073,709.5300293,119095
2026-08-25T19:30:00+00:00,709.5300293,709.539978,709.1799927,709.5200195,164694
2026-08-25T19:35:00+00:00,709.5100098,709.8499756,709.4799805,709.7050171,171525
2026-08-25T19:40:00+00:00,709.7000122,710.289978,709.7000122,709.8250122,225093
2026-08-25T19:45:00+00:00,709.8200073,710,709.5900269,709.9299927,291324
2026-08-25T19:50:00+00:00,709.9000244,710.9719849,709.7199707,710.9000244,466871
2026-08-25T19:55:00+00:00,710.9000244,711.0800171,710.4849854,710.6400146,1343995
2026-08-25T20:00:00+00:00,710.635,710.9,710.2,710.709,0
2026-08-25T20:05:00+00:00,710.69,711.12,710.6018,711.02,0
2026-08-25T20:10:00+00:00,711.02,711.1487,710.72,711.04,0
2026-08-25T20:15:00+00:00,710.72,711.2,710.72,711.17,0
2026-08-25T20:20:00+00:00,711.1601,711.6299,711.15,711.5382,0
2026-08-25T20:25:00+00:00,711.5107,711.6439,711.33,711.3707,0
2026-08-25T20:30:00+00:00,711.3823,721.18,711.3823,711.4384,0
2026-08-25T20:35:00+00:00,711.44,711.44,711.1497,711.1497,0
2026-08-25T20:40:00+00:00,711.1473,711.1473,710.85,710.85,0
2026-08-25T20:45:00+00:00,710.9,710.9505,710.58,710.63,0
2026-08-25T20:50:00+00:00,710.6159,711,710.6072,710.9787,0
2026-08-25T20:55:00+00:00,711.019,711.02,710.8858,710.99,0
2026-08-25T21:00:00+00:00,710.9923,752.9634,710.72,710.91,0
2026-08-25T21:05:00+00:00,710.97,710.97,710.7341,710.8894,0
2026-08-25T21:10:00+00:00,710.8894,711.0287,710.83,711.0168,0
2026-08-25T21:15:00+00:00,711.0019,711.0599,710.932,711,0
2026-08-25T21:20:00+00:00,711.0196,711.05,710.95,711.01,0
2026-08-25T21:25:00+00:00,711.0088,711.09,710.98,711.0088,0
2026-08-25T21:30:00+00:00,711.0092,752.9634,710.72,711.0607,0
2026-08-25T21:35:00+00:00,711.0544,711.09,710.95,711.0402,0
2026-08-25T21:40:00+00:00,711.0412,711.21,711,711.2096,0
2026-08-25T21:45:00+00:00,711.1998,711.21,711.0604,711.18,0
2026-08-25T21:50:00+00:00,711.14,711.19,711.08,711.1659,0
2026-08-25T21:55:00+00:00,711.3,711.4722,711.16,711.206,0
2026-08-25T22:00:00+00:00,711.21,711.54,711,711.3788,0
2026-08-25T22:05:00+00:00,711.2,711.42,711.1017,711.35,0
2026-08-25T22:10:00+00:00,711.3325,711.3325,711.1124,711.1528,0
2026-08-25T22:15:00+00:00,711.1577,711.1907,711.11,711.139,0
2026-08-25T22:20:00+00:00,711.1536,711.1536,710.88,711.14,0
2026-08-25T22:25:00+00:00,711.1296,711.1485,711.02,711.0975,0
2026-08-25T22:30:00+00:00,711.1387,711.1387,711.0318,711.119,0
2026-08-25T22:35:00+00:00,711.1285,711.14,710.9,710.93,0
2026-08-25T22:40:00+00:00,711,711,710.88,711,0
2026-08-25T22:45:00+00:00,711.0525,711.0525,710.89,710.89,0
2026-08-25T22:50:00+00:00,710.91,710.9587,710.9,710.935,0
2026-08-25T22:55:00+00:00,710.9475,711.0432,710.9058,711,0
2026-08-25T23:00:00+00:00,711.01,711.045,710.9653,710.99,0
2026-08-25T23:05:00+00:00,710.9805,711,710.7315,710.8212,0
2026-08-25T23:10:00+00:00,710.8458,710.8458,710.755,710.7592,0
2026-08-25T23:15:00+00:00,710.7703,710.7703,710.72,710.75,0
2026-08-25T23:20:00+00:00,710.73,710.7399,710.3019,710.435,0
2026-08-25T23:25:00+00:00,710.435,710.45,710.04,710.05,0
2026-08-25T23:30:00+00:00,710.07,710.07,709.7384,709.8923,0
2026-08-25T23:35:00+00:00,709.88,710,709.84,709.85,0
2026-08-25T23:40:00+00:00,709.89,709.96,709.66,709.7887,0
2026-08-25T23:45:00+00:00,709.7185,709.77,709.41,709.4587,0
2026-08-25T23:50:00+00:00,709.42,709.5,709.12,709.36,0
2026-08-25T23:55:00+00:00,709.4,709.585,709.16,709.16,0
2026-08-26T08:00:00+00:00,709.218,710.8782,708.74,709.7985,0
2026-08-26T08:05:00+00:00,709.6029,709.99,709.39,709.9112,0
2026-08-26T08:10:00+00:00,709.9782,710.089,709.08,709.0917,0
2026-08-26T08:15:00+00:00,709.12,709.5982,708.88,709,0
2026-08-26T08:20:00+00:00,708.95,709.05,708.67,708.925,0
2026-08-26T08:25:00+00:00,708.9562,709.85,708.935,709.8069,0
2026-08-26T08:30:00+00:00,709.7654,710,709.3187,709.71,0
2026-08-26T08:35:00+00:00,709.69,709.96,709.6564,709.96,0
2026-08-26T08:40:00+00:00,709.9588,710.21,709.85,710.05,0
2026-08-26T08:45:00+00:00,709.9585,709.99,709.7417,709.81,0
2026-08-26T08:50:00+00:00,709.78,709.8482,709.5707,709.5707,0
2026-08-26T08:55:00+00:00,709.6582,709.72,709.3,709.689,0
2026-08-26T09:00:00+00:00,709.6985,709.74,709.495,709.542,0
2026-08-26T09:05:00+00:00,709.5,709.57,709.31,709.31,0
2026-08-26T09:10:00+00:00,709.34,709.51,709.33,709.42,0
2026-08-26T09:15:00+00:00,709.4685,709.5017,709.15,709.1921,0
2026-08-26T09:20:00+00:00,709.2825,709.4685,708.93,708.93,0
2026-08-26T09:25:00+00:00,708.95,709.1482,708.8115,708.89,0
2026-08-26T09:30:00+00:00,708.999,709.45,708.9784,709.1587,0
2026-08-26T09:35:00+00:00,709.23,709.31,709.1117,709.27,0
2026-08-26T09:40:00+00:00,709.31,709.428,709.25,709.37,0
2026-08-26T09:45:00+00:00,709.38,709.65,709.34,709.64,0
2026-08-26T09:50:00+00:00,709.65,709.87,709.5612,709.87,0
2026-08-26T09:55:00+00:00,709.7885,709.8985,709.76,709.8787,0
2026-08-26T10:00:00+00:00,709.7987,709.7987,709.32,709.4285,0
2026-08-26T10:05:00+00:00,709.44,709.55,709.2941,709.3582,0
2026-08-26T10:10:00+00:00,709.3402,709.3402,708.8915,708.9748,0
2026-08-26T10:15:00+00:00,709.0815,709.3,709.0815,709.2985,0
2026-08-26T10:20:00+00:00,709.2873,709.36,708.975,709.36,0
2026-08-26T10:25:00+00:00,709.37,709.3782,709.04,709.06,0
2026-08-26T10:30:00+00:00,709.0097,709.67,708.7517,709.67,0
2026-08-26T10:35:00+00:00,709.67,709.9456,709.6515,709.87,0
2026-08-26T10:40:00+00:00,709.91,710,709.67,709.6912,0
2026-08-26T10:45:00+00:00,709.695,709.9,709.6,709.88,0
2026-08-26T10:50:00+00:00,709.94,709.9419,709.698,709.72,0
2026-08-26T10:55:00+00:00,709.7682,709.94,709.695,709.94,0
2026-08-26T11:00:00+00:00,709.89,710.72,709.85,710.4607,0
2026-08-26T11:05:00+00:00,710.4699,710.4699,709.901,709.9907,0
2026-08-26T11:10:00+00:00,709.9885,710.4,709.9715,710.3038,0
2026-08-26T11:15:00+00:00,710.32,710.9,710.32,710.3315,0
2026-08-26T11:20:00+00:00,710.4115,710.45,710.195,710.23,0
2026-08-26T11:25:00+00:00,710.19,710.3,709.9,710.2444,0
2026-08-26T11:30:00+00:00,710.2787,710.5,710.0003,710.05,0
2026-08-26T11:35:00+00:00,710.05,710.0982,709.04,709.1066,0
2026-08-26T11:40:00+00:00,709.1492,709.39,708.9,709.2285,0
2026-08-26T11:45:00+00:00,709.27,709.2818,708.705,708.8432,0
2026-08-26T11:50:00+00:00,708.89,709.638,708.89,709.4776,0
2026-08-26T11:55:00+00:00,709.3864,709.55,709.3417,709.52,0
2026-08-26T12:00:00+00:00,709.48,710.187,709.15,709.49,0
2026-08-26T12:05:00+00:00,709.45,709.5395,709.1,709.3382,0
2026-08-26T12:10:00+00:00,709.3406,709.54,709.1,709.429,0
2026-08-26T12:15:00+00:00,709.4138,709.4193,708.77,709.07,0
2026-08-26T12:20:00+00:00,709.0194,709.84,709.0194,709.7,0
2026-08-26T12:25:00+00:00,709.8096,710.35,709.7067,710.35,0
2026-08-26T12:30:00+00:00,710.43,710.47,708.17,708.3838,0
2026-08-26T12:35:00+00:00,708.4463,708.5,707.8,708.2871,0
2026-08-26T12:40:00+00:00,708.301,708.6322,708.1208,708.2,0
2026-08-26T12:45:00+00:00,708.1835,708.53,707.84,708.3565,0
2026-08-26T12:50:00+00:00,708.4,708.5346,707.42,707.6465,0
2026-08-26T12:55:00+00:00,707.6117,708.08,707.57,707.837,0
2026-08-26T13:00:00+00:00,707.8,708.1482,707.612,707.9092,0
2026-08-26T13:05:00+00:00,707.8812,708.1985,707.48,707.52,0
2026-08-26T13:10:00+00:00,707.56,708.35,707.43,708.35,0
2026-08-26T13:15:00+00:00,708.33,708.3736,708.0212,708.1,0
2026-08-26T13:20:00+00:00,708.1,708.1601,707.9,708.05,0
2026-08-26T13:25:00+00:00,708.04,708.36,707.87,708.3,0
2026-08-26T13:30:00+00:00,708.5,710.9550171,708.4799805,710.3599854,1690311
2026-08-26T13:35:00+00:00,710.3499756,710.7800293,709.1900024,710.0490112,404602
2026-08-26T13:40:00+00:00,709.8685913,711.6900024,709.5900269,711.1599731,394507
2026-08-26T13:45:00+00:00,711.1599731,711.7299805,710.6300049,710.6699829,275790
2026-08-26T13:50:00+00:00,710.6669922,711.6199951,710.2800293,711.619873,261586
2026-08-26T13:55:00+00:00,711.6199951,712.2000122,711.3099976,712.1699829,258923
2026-08-26T14:00:00+00:00,712.1799927,712.1799927,711.3800049,711.5557861,265295
2026-08-26T14:05:00+00:00,711.5700073,711.6699829,710.8001709,710.9199829,240968
2026-08-26T14:10:00+00:00,711,711.0100098,709.880127,710.1450195,304192
2026-08-26T14:15:00+00:00,710.1300049,710.539978,709.789978,709.9799805,267532
2026-08-26T14:20:00+00:00,709.9598999,710.0800171,709.0598755,709.0900269,244683
2026-08-26T14:25:00+00:00,709.0800171,709.2199707,707.9699707,708.5250244,386000
2026-08-26T14:30:00+00:00,708.4899902,709.1359863,708.4699707,708.9727783,261146
2026-08-26T14:35:00+00:00,708.9400024,709.789978,708.6500244,709.3699951,198943
2026-08-26T14:40:00+00:00,709.3701172,709.9301147,709.3499756,709.539978,179017
2026-08-26T14:45:00+00:00,709.5625,710.0499878,709.2000122,709.9500122,175572
2026-08-26T14:50:00+00:00,709.9500732,710.6799927,709.9500122,710.0598755,212020
2026-08-26T14:55:00+00:00,710.0499878,710.4500122,709.8900146,710.2999878,171456
2026-08-26T15:00:00+00:00,710.3200073,710.789978,710.2000122,710.5100098,170797
2026-08-26T15:05:00+00:00,710.5300293,711.039978,710.5,710.710022,188054
2026-08-26T15:10:00+00:00,710.7188721,710.8499756,710.25,710.4400024,212872
2026-08-26T15:15:00+00:00,710.4299927,710.4299927,709.5800171,710.0999756,155440
2026-08-26T15:20:00+00:00,710.0549927,710.4899292,709.8699951,710.0200195,124438
2026-08-26T15:25:00+00:00,710.0100098,710.6599731,709.9265137,710.4000244,123532
2026-08-26T15:30:00+00:00,710.3800049,710.4719849,709.5501099,709.7615967,162164
2026-08-26T15:35:00+00:00,709.7600098,710.4000244,709.75,710.2683105,107686
2026-08-26T15:40:00+00:00,710.2600098,711.1798706,710.2000122,711.0300293,159098
2026-08-26T15:45:00+00:00,710.9899902,711.1500244,710.8231201,711.1500244,148319
2026-08-26T15:50:00+00:00,711.1500244,711.2196045,709.7819824,709.8649902,276268
2026-08-26T15:55:00+00:00,709.8300171,710.0900269,709.4050293,709.4400024,120063
2026-08-26T16:00:00+00:00,709.4299927,709.460022,708.7766724,709.3800049,200420
2026-08-26T16:05:00+00:00,709.2680054,709.6199951,709.0701294,709.1900024,152909
2026-08-26T16:10:00+00:00,709.2299805,709.3894043,709.0200195,709.0700073,202963
2026-08-26T16:15:00+00:00,709.0700073,709.1900024,708.8800049,709.1400146,127502
2026-08-26T16:20:00+00:00,709.1300049,709.3900146,709.0499878,709.2800293,95250
2026-08-26T16:25:00+00:00,709.2800293,709.3300171,709.0200195,709.2000122,79119
2026-08-26T16:30:00+00:00,709.2050171,709.4998779,709.1599731,709.3599854,100786
2026-08-26T16:35:00+00:00,709.4000244,709.4550171,708.5900269,708.6199951,142091
2026-08-26T16:40:00+00:00,708.5999756,708.8599854,708.289978,708.3900757,133347
2026-08-26T16:45:00+00:00,708.3900146,708.9699707,708.3549805,708.5900269,129109
2026-08-26T16:50:00+00:00,708.5999756,708.8200073,708.4099731,708.6500244,63204
2026-08-26T16:55:00+00:00,708.6699829,709.539978,708.6300049,709.3999023,173727
2026-08-26T17:00:00+00:00,709.3900146,709.7550049,709.2700195,709.6900024,160109
2026-08-26T17:05:00+00:00,709.6199951,709.9000244,709.4299927,709.8250122,190844
2026-08-26T17:10:00+00:00,709.7901001,710,709.7299805,709.8800049,116435
2026-08-26T17:15:00+00:00,709.9500122,710.4699707,709.9500122,710.2700195,168289
2026-08-26T17:20:00+00:00,710.2700195,710.6450195,710.2700195,710.6210938,108287
2026-08-26T17:25:00+00:00,710.6199951,710.6799927,710.3300171,710.6099854,136742
2026-08-26T17:30:00+00:00,710.5999756,710.9400024,710.5100708,710.8499756,168329
2026-08-26T17:35:00+00:00,710.8599854,711.0900269,710.789978,710.914978,152829
2026-08-26T17:40:00+00:00,710.9099731,711.1599731,710.7249756,710.930481,144585
2026-08-26T17:45:00+00:00,710.9299927,711.0200195,710.6049805,710.6599731,183698
2026-08-26T17:50:00+00:00,710.6798706,711.0999756,710.6599731,711.0700073,147629
2026-08-26T17:55:00+00:00,711.0700073,711.2299805,710.9799805,711.0100098,81727
2026-08-26T18:00:00+00:00,711.0200195,711.0200195,710.7249756,710.8599854,224403
2026-08-26T18:05:00+00:00,710.8599854,711.2926025,710.8499756,711.1782227,117572
2026-08-26T18:10:00+00:00,711.1699829,711.1900024,710.5838013,710.6799927,139893
2026-08-26T18:15:00+00:00,710.6799927,711.039978,710.5599976,710.960022,194639
2026-08-26T18:20:00+00:00,710.9699097,711.2000122,710.8206177,710.8300781,97124
2026-08-26T18:25:00+00:00,710.8200073,711.0198975,710.710022,710.9000244,113238
2026-08-26T18:30:00+00:00,710.9000244,711.4500122,710.8099976,711.3200073,169824
2026-08-26T18:35:00+00:00,711.3499756,711.3900146,711.1699829,711.2000122,86567
2026-08-26T18:40:00+00:00,711.210022,711.3300171,711.1099854,711.2600098,244739
2026-08-26T18:45:00+00:00,711.2700195,712.0499878,711.2700195,711.8599854,166846
2026-08-26T18:50:00+00:00,711.8508301,711.9899902,711.630127,711.8200073,131494
2026-08-26T18:55:00+00:00,711.8200073,712.0800171,711.75,711.8900146,118571
2026-08-26T19:00:00+00:00,711.875,713.0200195,711.8099976,712.9625854,426190
2026-08-26T19:05:00+00:00,712.9799805,713.0100098,712.5100098,712.5100098,222079
2026-08-26T19:10:00+00:00,712.5100098,712.6199951,712.1199951,712.3449707,120974
2026-08-26T19:15:00+00:00,712.3499756,712.75,712.3300171,712.6900024,159340
2026-08-26T19:20:00+00:00,712.6799927,712.6900024,712.1699829,712.5200195,208252
2026-08-26T19:25:00+00:00,712.4899902,712.710022,712.2399902,712.3099976,290505
2026-08-26T19:30:00+00:00,712.3099976,712.4500122,712.0900269,712.3900146,298913
2026-08-26T19:35:00+00:00,712.4099731,712.4400024,711.9199829,711.9400024,176668
2026-08-26T19:40:00+00:00,711.9219971,712.0599976,711.5599976,711.6119995,149092
2026-08-26T19:45:00+00:00,711.5800171,712.2561035,711.5150146,712.2249756,237298
2026-08-26T19:50:00+00:00,712.2399902,712.3599854,710.9199829,711.1149902,422588
2026-08-26T19:55:00+00:00,711.1099854,711.6099854,710.8850098,711.2999878,889870
2026-08-26T20:00:00+00:00,711.35,712.46,711,712.2,0
2026-08-26T20:05:00+00:00,712.44,713.15,712.41,712.6501,0
2026-08-26T20:10:00+00:00,712.7036,712.99,711.37,712.9,0
2026-08-26T20:15:00+00:00,712.93,713.43,711.37,713.38,0
2026-08-26T20:20:00+00:00,712.91,713.24,711.1574,712.52,0
2026-08-26T20:25:00+00:00,712.5917,712.89,711.9717,712.4208,0
2026-08-26T20:30:00+00:00,712.43,712.43,711.88,712.0812,0
2026-08-26T20:35:00+00:00,712.04,712.7,712.01,712.4537,0
2026-08-26T20:40:00+00:00,712.4819,712.8,712.2485,712.3629,0
2026-08-26T20:45:00+00:00,712.32,713.38,712.3,713.38,0
2026-08-26T20:50:00+00:00,713.38,713.71,713.3,713.5875,0
2026-08-26T20:55:00+00:00,713.6,714.56,713.4603,714.4986,0
2026-08-26T21:00:00+00:00,714.4789,715,713.84,714.96,0
2026-08-26T21:05:00+00:00,714.96,716.5,714.7,716.38,0
2026-08-26T21:10:00+00:00,716.3475,716.78,672.8238,716.7006,0
2026-08-26T21:15:00+00:00,716.76,716.96,711.37,715.89,0
2026-08-26T21:20:00+00:00,715.81,716.72,715.721,716.6,0
2026-08-26T21:25:00+00:00,716.5915,716.7475,716.29,716.69,0
2026-08-26T21:30:00+00:00,716.75,717,716.36,716.922,0
2026-08-26T21:35:00+00:00,716.9954,717.43,716.91,717.15,0
2026-08-26T21:40:00+00:00,717.097,717.44,717.08,717.31,0
2026-08-26T21:45:00+00:00,717.31,717.95,711.37,717.91,0
2026-08-26T21:50:00+00:00,717.77,717.99,672.8238,717.9555,0
2026-08-26T21:55:00+00:00,717.99,718,716.94,717.02,0
2026-08-26T22:00:00+00:00,716.99,718.18,716,717.99,0
2026-08-26T22:05:00+00:00,717.9908,718.01,717.4572,717.65,0
2026-08-26T22:10:00+00:00,717.66,717.96,717.49,717.8097,0
2026-08-26T22:15:00+00:00,717.82,718.5,717.4977,718.22,0
2026-08-26T22:20:00+00:00,718.2692,718.63,718.1414,718.34,0
2026-08-26T22:25:00+00:00,718.35,718.4494,718.11,718.23,0
2026-08-26T22:30:00+00:00,718.2287,718.6,718.19,718.5999,0
2026-08-26T22:35:00+00:00,718.58,719,718.58,718.7,0
2026-08-26T22:40:00+00:00,718.72,718.99,718.59,718.99,0
2026-08-26T22:45:00+00:00,718.95,718.9957,718.75,718.97,0
2026-08-26T22:50:00+00:00,718.9,719.27,718.75,718.77,0
2026-08-26T22:55:00+00:00,718.76,718.8347,718.61,718.7291,0
2026-08-26T23:00:00+00:00,718.76,718.88,718.6658,718.72,0
2026-08-26T23:05:00+00:00,718.71,718.7875,718.41,718.5437,0
2026-08-26T23:10:00+00:00,718.54,718.6675,718.39,718.42,0
2026-08-26T23:15:00+00:00,718.465,718.465,718.2315,718.3897,0
2026-08-26T23:20:00+00:00,718.32,718.7486,718.3,718.7486,0
2026-08-26T23:25:00+00:00,718.7342,718.9015,718.4842,718.63,0
2026-08-26T23:30:00+00:00,718.62,718.73,718.48,718.7,0
2026-08-26T23:35:00+00:00,718.7013,718.87,718.6107,718.82,0
2026-08-26T23:40:00+00:00,718.7401,718.84,718.74,718.78,0
2026-08-26T23:45:00+00:00,718.78,719.22,718.76,719.1,0
2026-08-26T23:50:00+00:00,719.16,719.2,718.88,718.96,0
2026-08-26T23:55:00+00:00,719.03,719.86,719,719.7676,0
2026-08-27T08:00:00+00:00,717.3685,718.05,711.37,718.03,0
2026-08-27T08:05:00+00:00,718.07,718.71,714.9,718.71,0
2026-08-27T08:10:00+00:00,718.68,719.305,718.62,719.2184,0
2026-08-27T08:15:00+00:00,719.28,719.28,718.62,718.96,0
2026-08-27T08:20:00+00:00,718.91,719.2,718.71,719.2,0
2026-08-27T08:25:00+00:00,719.1243,720.15,719.1243,720.135,0
2026-08-27T08:30:00+00:00,720.1,720.12,719.4,719.4,0
2026-08-27T08:35:00+00:00,719.45,719.4888,719.14,719.4785,0
2026-08-27T08:40:00+00:00,719.38,719.66,719,719.44,0
2026-08-27T08:45:00+00:00,719.5782,720.16,719.55,719.97,0
2026-08-27T08:50:00+00:00,719.95,720.18,719.42,719.51,0
2026-08-27T08:55:00+00:00,719.46,719.54,719.28,719.3,0
2026-08-27T09:00:00+00:00,719.3487,719.4,718.52,718.52,0
2026-08-27T09:05:00+00:00,718.52,719,718.4,718.8962,0
2026-08-27T09:10:00+00:00,718.91,718.97,718.34,718.34,0
2026-08-27T09:15:00+00:00,718.3733,718.45,717.95,718.45,0
2026-08-27T09:20:00+00:00,718.5,718.91,718.285,718.9051,0
2026-08-27T09:25:00+00:00,718.9,719.04,718.63,718.695,0
2026-08-27T09:30:00+00:00,718.6982,719.3,718.6982,719.2385,0
2026-08-27T09:35:00+00:00,719.2,719.2,718.96,719.0996,0
2026-08-27T09:40:00+00:00,719.1,719.2,719.03,719.081,0
2026-08-27T09:45:00+00:00,719.1122,719.5015,719.11,719.2,0
2026-08-27T09:50:00+00:00,719.21,719.43,718.91,719.21,0
2026-08-27T09:55:00+00:00,719.22,719.22,718.741,718.775,0
2026-08-27T10:00:00+00:00,718.77,718.77,718.36,718.4717,0
2026-08-27T10:05:00+00:00,718.6433,718.79,718.62,718.7,0
2026-08-27T10:10:00+00:00,718.721,718.88,718.42,718.75,0
2026-08-27T10:15:00+00:00,718.79,718.79,718.3587,718.3587,0
2026-08-27T10:20:00+00:00,718.47,718.56,718.24,718.43,0
2026-08-27T10:25:00+00:00,718.32,718.49,718.21,718.2185,0
2026-08-27T10:30:00+00:00,718.25,718.4,718.15,718.29,0
2026-08-27T10:35:00+00:00,718.22,718.27,718.0267,718.2604,0
2026-08-27T10:40:00+00:00,718.07,718.82,718.07,718.74,0
2026-08-27T10:45:00+00:00,718.68,718.71,718.399,718.399,0
2026-08-27T10:50:00+00:00,718.315,718.6,717.9987,718.6,0
2026-08-27T10:55:00+00:00,718.5913,718.79,718.5109,718.6897,0
2026-08-27T11:00:00+00:00,718.715,718.9,711.37,718.8729,0
2026-08-27T11:05:00+00:00,718.9,719.13,718.4787,718.95,0
2026-08-27T11:10:00+00:00,718.96,719.45,718.8724,719.1118,0
2026-08-27T11:15:00+00:00,719.1787,719.24,718.64,718.64,0
2026-08-27T11:20:00+00:00,718.64,718.739,718.43,718.59,0
2026-08-27T11:25:00+00:00,718.5887,718.6483,718.03,718.03,0
2026-08-27T11:30:00+00:00,718.02,718.44,717.6,718.1006,0
2026-08-27T11:35:00+00:00,718.05,718.06,717.44,717.6276,0
2026-08-27T11:40:00+00:00,717.5698,717.958,717.5,717.958,0
2026-08-27T11:45:00+00:00,717.73,717.7695,716.75,716.75,0
2026-08-27T11:50:00+00:00,716.82,717.2,716.71,717.1546,0
2026-08-27T11:55:00+00:00,717.1114,717.76,717.1014,717.7535,0
2026-08-27T12:00:00+00:00,717.7285,717.9538,717.5507,717.8534,0
2026-08-27T12:05:00+00:00,717.8785,718.12,717.65,718.1,0
2026-08-27T12:10:00+00:00,718.0898,718.4734,718.03,718.29,0
2026-08-27T12:15:00+00:00,718.35,718.3526,717.9538,718.24,0
2026-08-27T12:20:00+00:00,718.2,718.3864,717.9454,718.3077,0
2026-08-27T12:25:00+00:00,718.3256,718.49,718.116,718.22,0
2026-08-27T12:30:00+00:00,718.2292,718.25,717.8,718.01,0
2026-08-27T12:35:00+00:00,717.97,718.0432,717.5,717.7,0
2026-08-27T12:40:00+00:00,717.6,717.85,717.16,717.2,0
2026-08-27T12:45:00+00:00,717.2695,717.27,711.37,717.1523,0
2026-08-27T12:50:00+00:00,717.1069,717.1803,716.735,717.13,0
2026-08-27T12:55:00+00:00,717.04,717.23,716.78,716.8932,0
2026-08-27T13:00:00+00:00,716.8882,717.49,716.78,717.43,0
2026-08-27T13:05:00+00:00,717.4299,717.72,717.3101,717.5,0
2026-08-27T13:10:00+00:00,717.48,717.82,717.42,717.66,0
2026-08-27T13:15:00+00:00,717.6108,718,717.4,717.55,0
2026-08-27T13:20:00+00:00,717.5,717.6398,717.21,717.28,0
2026-08-27T13:25:00+00:00,717.28,717.7945,716.94,716.94,0
2026-08-27T13:30:00+00:00,716.9799805,718.4699707,715.2600098,715.5300293,2590080
2026-08-27T13:35:00+00:00,715.5100098,716.0549927,715,716.039978,593309
2026-08-27T13:40:00+00:00,716.0700073,718.3599854,716.039978,718.1400757,621702
2026-08-27T13:45:00+00:00,718.1500244,718.8300171,715.210022,715.7600098,867131
2026-08-27T13:50:00+00:00,716.0100098,717.960022,715.9299927,717.3099976,344057
2026-08-27T13:55:00+00:00,717.3300171,717.414978,714.5250244,715.9299927,809989
2026-08-27T14:00:00+00:00,715.960022,717.4899902,715.8400269,717.2199707,402412
2026-08-27T14:05:00+00:00,717.1900024,717.6998901,716.4299927,717.0599976,448302
2026-08-27T14:10:00+00:00,717.0999756,718.4699707,717.0252075,717.75,348233
2026-08-27T14:15:00+00:00,717.7700195,718.5900269,717.7600098,718.25,309207
2026-08-27T14:20:00+00:00,718.25,718.789978,718.0999756,718.598877,276014
2026-08-27T14:25:00+00:00,718.5899048,719.2692261,718.2000732,718.9349976,306714
2026-08-27T14:30:00+00:00,718.9299927,718.9899902,717.9000244,718.1199951,248046
2026-08-27T14:35:00+00:00,718.2000122,718.8699951,717.4000244,717.4298706,275834
2026-08-27T14:40:00+00:00,717.4349976,717.9400024,717.2999878,717.7600098,380677
2026-08-27T14:45:00+00:00,717.75,718.7600098,717.1400146,718.625,281357
2026-08-27T14:50:00+00:00,718.5999756,718.9000244,717.8400269,718.2714844,201928
2026-08-27T14:55:00+00:00,718.2750244,718.7999878,717.6799927,718.7999878,183654
2026-08-27T15:00:00+00:00,718.8099976,719.1300049,718.5300293,719.039978,351393
2026-08-27T15:05:00+00:00,719.0100098,719.3699951,718.9050293,719.3150024,198147
2026-08-27T15:10:00+00:00,719.3300171,719.4299927,718.9699707,719.387207,212700
2026-08-27T15:15:00+00:00,719.3880005,719.5800171,719.2299805,719.3300171,390005
2026-08-27T15:20:00+00:00,719.3599854,719.4199829,718.6799927,718.7199707,174872
2026-08-27T15:25:00+00:00,718.710022,718.7449951,718.1450195,718.2199707,116898
2026-08-27T15:30:00+00:00,718.25,718.710022,717.960022,718.210022,354802
2026-08-27T15:35:00+00:00,718.2800293,718.3900146,717.5499878,717.7399902,263822
2026-08-27T15:40:00+00:00,717.7700195,718.1400146,717.0800171,717.2050171,480336
2026-08-27T15:45:00+00:00,717.2299805,717.2299805,716.6699829,716.9500122,224222
2026-08-27T15:50:00+00:00,716.9500122,719,716.9500122,718.9998779,309795
2026-08-27T15:55:00+00:00,718.9899902,718.9899902,718.5999756,718.6900024,180211
2026-08-27T16:00:00+00:00,718.6950073,719.3200073,718.6400146,719.1099854,241400
2026-08-27T16:05:00+00:00,719.1099854,719.2600098,718.539978,718.6176758,234799
2026-08-27T16:10:00+00:00,718.6099854,718.8717041,718.3300171,718.5349731,130341
2026-08-27T16:15:00+00:00,718.5499878,718.8300171,718.2319946,718.5300293,90469
2026-08-27T16:20:00+00:00,718.5100098,718.5300293,718.0800171,718.2399902,110487
2026-08-27T16:25:00+00:00,718.25,718.9899902,718.1300049,718.8499756,168467
2026-08-27T16:30:00+00:00,718.8862915,719.1400146,718.789978,719.1199951,129876
2026-08-27T16:35:00+00:00,719.1199951,719.7999878,719.0499878,719.7199707,154899
2026-08-27T16:40:00+00:00,719.7700195,719.9849854,719.6799927,719.8699951,282035
2026-08-27T16:45:00+00:00,719.8800049,720.1799927,719.7999878,719.8900146,248707
2026-08-27T16:50:00+00:00,719.9400024,720.0999756,719.6699829,720.0599976,159228
2026-08-27T16:55:00+00:00,720.039978,720.0751953,719.7901001,720.0300293,162167
2026-08-27T17:00:00+00:00,720.0300293,720.3699951,719.9899902,720.3400269,134082
2026-08-27T17:05:00+00:00,720.3300171,720.3900146,719.9400024,720.3900146,151387
2026-08-27T17:10:00+00:00,720.4099731,720.5800171,720.3200073,720.460022,191826
2026-08-27T17:15:00+00:00,720.4400024,720.5300293,720.2150269,720.3400269,81389
2026-08-27T17:20:00+00:00,720.3300171,720.6199951,720.2399902,720.5200195,142635
2026-08-27T17:25:00+00:00,720.5100098,720.5100098,719.6900024,719.7650146,665968
2026-08-27T17:30:00+00:00,719.756897,720.1599731,719.6199951,719.7150269,216227
2026-08-27T17:35:00+00:00,719.664978,719.8900146,719.5599976,719.5700073,113805
2026-08-27T17:40:00+00:00,719.5800171,719.9500122,719.4099731,719.5,170898
2026-08-27T17:45:00+00:00,719.5,719.5700073,719.1199951,719.2000122,156037
2026-08-27T17:50:00+00:00,719.2199707,719.5200195,719.0402222,719.414978,198680
2026-08-27T17:55:00+00:00,719.4299927,719.4442749,718.9899902,719.0999756,178982
2026-08-27T18:00:00+00:00,719.0999756,719.3400269,718.1799927,718.2064209,737560
2026-08-27T18:05:00+00:00,718.1900024,718.5800781,718.1503296,718.3499756,412815
2026-08-27T18:10:00+00:00,718.3411865,718.460022,717.8804932,718.25,551290
2026-08-27T18:15:00+00:00,718.2402954,718.5300293,717.9699707,718.2700195,202628
2026-08-27T18:20:00+00:00,718.2650146,718.3983765,717.9400024,718.039917,208345
2026-08-27T18:25:00+00:00,718.039978,718.0501099,717.039978,717.3300171,239023
2026-08-27T18:30:00+00:00,717.3099976,718.125,717.2999878,717.5806274,350007
2026-08-27T18:35:00+00:00,717.6099854,718.2999878,717.4500122,718.289978,264558
2026-08-27T18:40:00+00:00,718.2999878,718.3499756,718.0499878,718.1300049,314006
2026-08-27T18:45:00+00:00,718.1099854,718.3599854,717.6500854,717.6500854,91608
2026-08-27T18:50:00+00:00,717.6350098,718.0100098,717.5549927,717.7199707,88041
2026-08-27T18:55:00+00:00,717.710022,718.2399902,717.4799805,718.0999756,127570
2026-08-27T19:00:00+00:00,718.1049805,718.5999756,718.0349731,718.5300293,182384
2026-08-27T19:05:00+00:00,718.5391235,718.8599854,718.1199951,718.5892944,209998
2026-08-27T19:10:00+00:00,718.5974121,718.9400024,718.5800171,718.6099854,191215
2026-08-27T19:15:00+00:00,718.6300049,719,718.6300049,718.9299927,199868
2026-08-27T19:20:00+00:00,718.9199829,719.0900269,718.8599854,718.9000244,399460
2026-08-27T19:25:00+00:00,718.8920288,719.1199951,718.6699829,718.8649902,170939
2026-08-27T19:30:00+00:00,718.8800049,719.460022,718.710022,719.4199829,254629
2026-08-27T19:35:00+00:00,719.4299927,719.5800171,719.3099976,719.5100098,527518
2026-08-27T19:40:00+00:00,719.4949951,719.5999756,719.3599854,719.5999756,178844
2026-08-27T19:45:00+00:00,719.5900269,719.9799805,719.5200195,719.9400024,257865
2026-08-27T19:50:00+00:00,719.9400024,720.8800049,719.5,720.8300171,550984
2026-08-27T19:55:00+00:00,720.8300171,721.3499756,720.5900269,721.0599976,2412570
2026-08-27T20:00:00+00:00,721.06,721.42,720.6,720.64,0
2026-08-27T20:05:00+00:00,720.64,721.02,720.2,720.2389,0
2026-08-27T20:10:00+00:00,720.23,721.11,719.95,719.95,0
2026-08-27T20:15:00+00:00,721.11,721.11,719.9675,720.0452,0
2026-08-27T20:20:00+00:00,720.0481,720.05,719.74,719.79,0
2026-08-27T20:25:00+00:00,719.7995,719.8662,719.68,719.8,0
2026-08-27T20:30:00+00:00,719.84,719.8907,719.8,719.8167,0
2026-08-27T20:35:00+00:00,719.8484,719.85,719.6787,719.6902,0
2026-08-27T20:40:00+00:00,719.71,719.85,719.7,719.8,0
2026-08-27T20:45:00+00:00,719.84,721.11,719.55,721.11,0
2026-08-27T20:50:00+00:00,719.59,719.66,719.36,719.46,0
2026-08-27T20:55:00+00:00,719.47,719.7319,719.43,719.6007,0
2026-08-27T21:00:00+00:00,719.7588,721.11,719.64,719.8399,0
2026-08-27T21:05:00+00:00,719.81,719.9,719.78,719.8281,0
2026-08-27T21:10:00+00:00,719.8162,719.85,719.66,719.77,0
2026-08-27T21:15:00+00:00,719.76,721.11,719.7001,721.11,0
2026-08-27T21:20:00+00:00,719.8327,719.9,719.8,719.89,0
2026-08-27T21:25:00+00:00,719.8853,719.92,719.86,719.91,0
2026-08-27T21:30:00+00:00,719.8,719.88,719.7,719.76,0
2026-08-27T21:35:00+00:00,719.74,719.82,681.274,719.56,0
2026-08-27T21:40:00+00:00,719.59,719.8,719.5,719.61,0
2026-08-27T21:45:00+00:00,719.6869,719.74,719.5055,719.6,0
2026-08-27T21:50:00+00:00,719.51,719.63,719.5,719.51,0
2026-08-27T21:55:00+00:00,719.55,719.63,719.5,719.63,0
2026-08-27T22:00:00+00:00,719.5,719.8707,718.93,719.26,0
2026-08-27T22:05:00+00:00,719.3024,719.45,719.2027,719.43,0
2026-08-27T22:10:00+00:00,719.4285,719.43,719.2,719.3492,0
2026-08-27T22:15:00+00:00,719.35,719.5,719.3442,719.49,0
2026-08-27T22:20:00+00:00,719.4897,719.7,719.4,719.68,0
2026-08-27T22:25:00+00:00,719.6514,719.73,719.4082,719.7297,0
2026-08-27T22:30:00+00:00,719.7292,719.8,719.6475,719.6506,0
2026-08-27T22:35:00+00:00,719.65,719.73,719.6115,719.6838,0
2026-08-27T22:40:00+00:00,719.68,719.7079,719.5793,719.7079,0
2026-08-27T22:45:00+00:00,719.7268,719.7268,719.63,719.6466,0
2026-08-27T22:50:00+00:00,719.72,719.72,719.59,719.5914,0
2026-08-27T22:55:00+00:00,719.5999,719.74,719.587,719.667,0
2026-08-27T23:00:00+00:00,719.6814,719.7199,719.47,719.5,0
2026-08-27T23:05:00+00:00,719.5114,719.68,719.4217,719.6454,0
2026-08-27T23:10:00+00:00,719.452,719.51,719.01,719.2379,0
2026-08-27T23:15:00+00:00,719.24,719.24,719,719.09,0
2026-08-27T23:20:00+00:00,719.0813,719.13,719.06,719.06,0
2026-08-27T23:25:00+00:00,719.055,719.1079,718.96,719,0
2026-08-27T23:30:00+00:00,718.96,719.14,718.9,718.9,0
2026-08-27T23:35:00+00:00,718.97,719.078,718.9501,719.05,0
2026-08-27T23:40:00+00:00,719.0547,719.12,718.9587,718.9587,0
2026-08-27T23:45:00+00:00,718.9685,718.9685,718.67,718.68,0
2026-08-27T23:50:00+00:00,718.63,718.7585,718.63,718.64,0
2026-08-27T23:55:00+00:00,718.73,718.8,718.6485,718.7423,0
2026-08-28T08:00:00+00:00,719.2085,721.11,718.74,718.84,0
2026-08-28T08:05:00+00:00,718.7717,720.26,718.51,718.7387,0
2026-08-28T08:10:00+00:00,718.6985,719.15,718.61,718.61,0
2026-08-28T08:15:00+00:00,718.73,718.85,718.62,718.75,0
2026-08-28T08:20:00+00:00,718.645,718.99,718.6317,718.95,0
2026-08-28T08:25:00+00:00,718.9385,719.1629,718.8596,719.0188,0
2026-08-28T08:30:00+00:00,719.0688,719.76,719.0688,719.76,0
2026-08-28T08:35:00+00:00,719.7,719.84,719.62,719.65,0
2026-08-28T08:40:00+00:00,719.6827,719.71,719.55,719.62,0
2026-08-28T08:45:00+00:00,719.5004,719.5668,719.25,719.29,0
2026-08-28T08:50:00+00:00,719.27,719.55,719.18,719.21,0
2026-08-28T08:55:00+00:00,719.3185,719.58,719.31,719.4964,0
2026-08-28T09:00:00+00:00,719.51,719.51,719.1774,719.19,0
2026-08-28T09:05:00+00:00,719.2,719.35,719.14,719.2415,0
2026-08-28T09:10:00+00:00,719.19,719.45,719.19,719.29,0
2026-08-28T09:15:00+00:00,719.19,719.32,719.11,719.11,0
2026-08-28T09:20:00+00:00,719.1187,719.37,719,719.36,0
2026-08-28T09:25:00+00:00,719.361,719.5025,719.27,719.42,0
2026-08-28T09:30:00+00:00,719.4195,719.43,719.21,719.43,0
2026-08-28T09:35:00+00:00,719.45,719.5,719.12,719.2,0
2026-08-28T09:40:00+00:00,719.23,719.241,719.13,719.14,0
2026-08-28T09:45:00+00:00,719.1815,719.3,719.06,719.2185,0
2026-08-28T09:50:00+00:00,719.2319,719.56,719.21,719.34,0
2026-08-28T09:55:00+00:00,719.3675,719.4185,719.23,719.24,0
2026-08-28T10:00:00+00:00,719.19,719.19,718.99,719.039,0
2026-08-28T10:05:00+00:00,719.11,719.23,718.9,719.055,0
2026-08-28T10:10:00+00:00,719.12,719.28,718.94,719.1382,0
2026-08-28T10:15:00+00:00,719.19,719.27,719.07,719.09,0
2026-08-28T10:20:00+00:00,719.05,719.38,719.0467,719.38,0
2026-08-28T10:25:00+00:00,719.32,719.3882,719.21,719.3166,0
2026-08-28T10:30:00+00:00,719.3585,719.585,719.3585,719.52,0
2026-08-28T10:35:00+00:00,719.38,719.51,719.2,719.51,0
2026-08-28T10:40:00+00:00,719.5538,719.5538,719.12,719.17,0
2026-08-28T10:45:00+00:00,719.083,719.26,719.065,719.1582,0
2026-08-28T10:50:00+00:00,719.16,719.19,719.08,719.17,0
2026-08-28T10:55:00+00:00,719.19,719.62,719.19,719.62,0
2026-08-28T11:00:00+00:00,719.58,721.11,719.17,719.71,0
2026-08-28T11:05:00+00:00,719.61,719.6507,719.1,719.1,0
2026-08-28T11:10:00+00:00,719.1,719.4413,719.0456,719.4413,0
2026-08-28T11:15:00+00:00,719.45,719.69,719.4089,719.63,0
2026-08-28T11:20:00+00:00,719.63,719.9,719.63,719.9,0
2026-08-28T11:25:00+00:00,719.8936,719.96,719.77,719.85,0
2026-08-28T11:30:00+00:00,719.92,720,719.56,719.56,0
2026-08-28T11:35:00+00:00,719.5763,719.5763,719.41,719.5,0
2026-08-28T11:40:00+00:00,719.4637,719.63,719.2609,719.2609,0
2026-08-28T11:45:00+00:00,719.3382,719.42,719.25,719.37,0
2026-08-28T11:50:00+00:00,719.3928,719.4,719.1756,719.3356,0
2026-08-28T11:55:00+00:00,719.33,719.3383,719.035,719.15,0
2026-08-28T12:00:00+00:00,719.13,720.57,719.02,719.4097,0
2026-08-28T12:05:00+00:00,719.39,719.75,719.39,719.7423,0
2026-08-28T12:10:00+00:00,719.7445,719.81,719.4,719.8001,0
2026-08-28T12:15:00+00:00,719.7742,720.1765,719.75,719.9952,0
2026-08-28T12:20:00+00:00,720.0148,720.49,720.007,720.4666,0
2026-08-28T12:25:00+00:00,720.41,720.5487,720.22,720.51,0
2026-08-28T12:30:00+00:00,720.54,720.54,719.77,719.77,0
2026-08-28T12:35:00+00:00,719.7622,719.9576,719.41,719.83,0
2026-08-28T12:40:00+00:00,719.882,720.49,719.8,720.4807,0
2026-08-28T12:45:00+00:00,720.4408,720.55,720.22,720.4601,0
2026-08-28T12:50:00+00:00,720.5106,720.58,720.4056,720.4929,0
2026-08-28T12:55:00+00:00,720.46,720.6,720.3323,720.4967,0
2026-08-28T13:00:00+00:00,720.5185,721,720.28,720.6619,0
2026-08-28T13:05:00+00:00,720.5964,720.6804,720.32,720.3837,0
2026-08-28T13:10:00+00:00,720.363,720.58,720.363,720.53,0
2026-08-28T13:15:00+00:00,720.53,720.5548,720.3169,720.3428,0
2026-08-28T13:20:00+00:00,720.3491,720.43,720.13,720.25,0
2026-08-28T13:25:00+00:00,720.19,720.19,719.61,719.9496,0
2026-08-28T13:30:00+00:00,719.75,719.9899902,718.1762085,719.2000122,1484928
2026-08-28T13:35:00+00:00,719.210022,720.5200195,718.7800293,720.3200073,413042
2026-08-28T13:40:00+00:00,720.3099976,721.5200195,720.3099976,721.1862793,330093
2026-08-28T13:45:00+00:00,721.1799927,721.5499268,720.3300171,720.5,606308
2026-08-28T13:50:00+00:00,720.545105,720.7180786,719.710022,719.9099731,493940
2026-08-28T13:55:00+00:00,719.9400024,720.7399902,719.710083,719.7109985,809788
2026-08-28T14:00:00+00:00,719.9299927,721.6300049,719.039978,719.8200073,534198
2026-08-28T14:05:00+00:00,719.8049927,719.8300171,718.1099854,718.6599121,530979
2026-08-28T14:10:00+00:00,718.6599731,719.0999756,716.789978,717.5499878,724644
2026-08-28T14:15:00+00:00,717.5698853,719.7600098,717.4299927,719.1865845,513017
2026-08-28T14:20:00+00:00,719.210022,720.9000244,719.1702271,720.125,1207516
2026-08-28T14:25:00+00:00,720.1799927,720.3599854,719.2000122,720.2999878,479239
2026-08-28T14:30:00+00:00,720.3499756,721.1699829,719.8300171,721.0700073,589581
2026-08-28T14:35:00+00:00,721.0900269,721.789978,720.7800293,720.9799805,545775
2026-08-28T14:40:00+00:00,720.9699707,722.5,720.8699951,722.2901001,457633
2026-08-28T14:45:00+00:00,722.3200073,722.7849731,722.0700073,722.6749878,455491
2026-08-28T14:50:00+00:00,722.6500244,723.3599854,722.5599976,723.140625,507592
2026-08-28T14:55:00+00:00,723.1400146,723.8300171,723.0900269,723.8200073,392574
2026-08-28T15:00:00+00:00,723.7800293,724.125,723.3499756,723.7999878,551949
2026-08-28T15:05:00+00:00,723.789978,723.9400024,722.7600098,722.9400024,348242
2026-08-28T15:10:00+00:00,722.9400024,723.164978,722.2800293,722.6104736,221574
2026-08-28T15:15:00+00:00,722.6199951,723.2700195,722.5599976,722.6099854,209474
2026-08-28T15:20:00+00:00,722.625,723.2199707,722.3900146,723.1209717,321487
2026-08-28T15:25:00+00:00,723.0900269,723.6500244,723.0200195,723.4099731,190833
2026-08-28T15:30:00+00:00,723.4550171,723.4899902,722.9699707,722.9699707,146264
2026-08-28T15:35:00+00:00,722.960022,723.1049805,721.8599854,721.9299927,192946
2026-08-28T15:40:00+00:00,721.960022,721.960022,720.5700073,720.7600098,815843
2026-08-28T15:45:00+00:00,720.7399902,721.0150146,719.7199707,719.8206177,440629
2026-08-28T15:50:00+00:00,719.8400269,720.1779785,718.7000122,719.4899902,544486
2026-08-28T15:55:00+00:00,719.5100098,719.5100098,717.7000122,717.8599854,593889
2026-08-28T16:00:00+00:00,717.9299927,718.1900024,716.8400269,717.3699951,760373
2026-08-28T16:05:00+00:00,717.3499756,718.8200073,717.2949829,718.6900024,384121
2026-08-28T16:10:00+00:00,718.6699829,718.7999878,717.9400024,718,212054
2026-08-28T16:15:00+00:00,717.960022,718.2999878,716.4199829,716.8900146,508908
2026-08-28T16:20:00+00:00,716.7999878,717.1450195,715.6900024,716.2700195,459950
2026-08-28T16:25:00+00:00,716.2249756,716.6799927,716,716.3099976,267045
2026-08-28T16:30:00+00:00,716.289978,717.2299805,716.0299072,716.0299072,276476
2026-08-28T16:35:00+00:00,716.0100098,717.3049927,716.0100098,716.8950195,206686
2026-08-28T16:40:00+00:00,716.8649902,716.9199829,715.9699707,716.1950073,212207
2026-08-28T16:45:00+00:00,716.1799927,717.6799927,716.1699829,717.5,203930
2026-08-28T16:50:00+00:00,717.460022,717.789978,716.8099976,716.8800049,276433
2026-08-28T16:55:00+00:00,716.8798828,717.1665039,716.6099854,716.6500244,125434
2026-08-28T17:00:00+00:00,716.6400146,716.666626,715.2800293,715.8499756,519008
2026-08-28T17:05:00+00:00,715.7999878,715.8200073,715.085022,715.4000854,259700
2026-08-28T17:10:00+00:00,715.4000244,716.239502,715.1436768,716.2299805,209469
2026-08-28T17:15:00+00:00,716.210022,716.3499756,715.75,716.0800171,171116
2026-08-28T17:20:00+00:00,716.0499878,716.2700195,715.4500122,715.960022,155730
2026-08-28T17:25:00+00:00,716.0200195,716.4699707,715.6900024,715.8900146,152210
2026-08-28T17:30:00+00:00,715.8400269,716.6599731,715.75,716.5349731,150058
2026-08-28T17:35:00+00:00,716.5499878,716.7199707,715.6699829,715.7399902,196568
2026-08-28T17:40:00+00:00,715.7199707,716.3798828,715.7000122,716.210022,164747
2026-08-28T17:45:00+00:00,716.1900024,717.25,716.0750122,717.1699829,211789
2026-08-28T17:50:00+00:00,717.1900024,717.289978,716.8800049,717,161002
2026-08-28T17:55:00+00:00,717.0100098,717.039978,716.4199829,716.9860229,205238
2026-08-28T18:00:00+00:00,717,717.1099854,716.4799805,716.6514282,108138
2026-08-28T18:05:00+00:00,716.6300049,716.9899902,716.4799805,716.7160034,117384
2026-08-28T18:10:00+00:00,716.7468262,717.0300293,716.3200073,716.3300171,108490
2026-08-28T18:15:00+00:00,716.3300171,716.7050171,716.2000122,716.4400024,97237
2026-08-28T18:20:00+00:00,716.4799805,716.6925049,715.9000244,716.1500244,83513
2026-08-28T18:25:00+00:00,716.1500244,716.4899902,715.9400024,716.2050171,204773
2026-08-28T18:30:00+00:00,716.2050171,716.6699829,716.1248779,716.5300293,158774
2026-08-28T18:35:00+00:00,716.510498,716.7399902,716.1300049,716.1350098,199385
2026-08-28T18:40:00+00:00,716.0999756,716.5499878,716.0200195,716.4099731,114055
2026-08-28T18:45:00+00:00,716.3793945,716.4199829,715.7000122,715.7600098,246394
2026-08-28T18:50:00+00:00,715.75,715.75,715.1500244,715.4699707,297242
2026-08-28T18:55:00+00:00,715.4400024,715.6799927,715.2000122,715.5200195,202780
2026-08-28T19:00:00+00:00,715.5150146,715.8900146,715.2399902,715.6900024,286093
2026-08-28T19:05:00+00:00,715.6699829,716.3649902,715.5100098,716.3599854,398298
2026-08-28T19:10:00+00:00,716.3549805,716.3699951,715.7559814,716.0800171,568965
2026-08-28T19:15:00+00:00,716.0900269,716.1799927,715.7199707,716.0750122,342131
2026-08-28T19:20:00+00:00,716.0800171,716.5,716.0300293,716.2000732,308033
2026-08-28T19:25:00+00:00,716.2299805,716.6300049,716.1849976,716.5300293,189386
2026-08-28T19:30:00+00:00,716.5349731,716.6550293,716.2199707,716.5200195,327484
2026-08-28T19:35:00+00:00,716.460022,716.5999756,716.1699829,716.5949707,329178
2026-08-28T19:40:00+00:00,716.5999756,716.8800049,716.5800171,716.6400757,348051
2026-08-28T19:45:00+00:00,716.6599731,716.7199707,715.9349976,716.3699951,339055
2026-08-28T19:50:00+00:00,716.4000244,717.0800171,716.1500244,716.3599854,920197
2026-08-28T19:55:00+00:00,716.3300171,716.9000244,716.0700073,716.4500122,2221748
2026-08-28T20:00:00+00:00,716.44,716.7201,716.28,716.43,0
2026-08-28T20:05:00+00:00,716.4,716.43,716.03,716.1514,0
2026-08-28T20:10:00+00:00,716.13,716.43,716.12,716.2562,0
2026-08-28T20:15:00+00:00,716.29,716.43,716.22,716.3,0
2026-08-28T20:20:00+00:00,716.34,716.43,716.26,716.35,0
2026-08-28T20:25:00+00:00,716.32,716.42,716.23,716.37,0
2026-08-28T20:30:00+00:00,716.39,716.4,716.24,716.25,0
2026-08-28T20:35:00+00:00,716.31,716.61,716.28,716.39,0
2026-08-28T20:40:00+00:00,716.3813,716.77,716.38,716.7509,0
2026-08-28T20:45:00+00:00,716.7754,717.0239,716.7725,716.9381,0
2026-08-28T20:50:00+00:00,716.9487,716.99,716.8,716.98,0
2026-08-28T20:55:00+00:00,716.9582,716.98,716.43,716.9,0
2026-08-28T21:00:00+00:00,716.8792,716.99,667.3625,716.929,0
2026-08-28T21:05:00+00:00,716.93,716.96,716.43,716.8975,0
2026-08-28T21:10:00+00:00,716.8001,716.89,716.71,716.71,0
2026-08-28T21:15:00+00:00,716.7097,716.71,716.53,716.598,0
2026-08-28T21:20:00+00:00,716.5421,716.6,716.53,716.5305,0
2026-08-28T21:25:00+00:00,716.5305,716.5496,716.44,716.44,0
2026-08-28T21:30:00+00:00,716.4487,716.4487,716.21,716.2187,0
2026-08-28T21:35:00+00:00,716.2195,716.25,716.21,716.2187,0
2026-08-28T21:40:00+00:00,716.2102,716.25,716.16,716.2,0
2026-08-28T21:45:00+00:00,716.18,716.48,716.16,716.4799,0
2026-08-28T21:50:00+00:00,716.48,716.48,716.41,716.464,0
2026-08-28T21:55:00+00:00,716.37,716.47,716.32,716.4,0
2026-08-28T22:00:00+00:00,716.4272,716.49,716.1601,716.48,0
2026-08-28T22:05:00+00:00,716.4822,716.49,716.18,716.39,0
2026-08-28T22:10:00+00:00,716.29,716.48,716.21,716.41,0
2026-08-28T22:15:00+00:00,716.3936,716.41,716.1256,716.13,0
2026-08-28T22:20:00+00:00,716.13,716.2,716.0512,716.2,0
2026-08-28T22:25:00+00:00,716.11,716.25,716.11,716.25,0
2026-08-28T22:30:00+00:00,716.249,716.25,716.12,716.12,0
2026-08-28T22:35:00+00:00,716.24,716.25,716.12,716.24,0
2026-08-28T22:40:00+00:00,716.24,716.43,716.162,716.3,0
2026-08-28T22:45:00+00:00,716.3,716.43,716.2545,716.315,0
2026-08-28T22:50:00+00:00,716.3,716.33,716.18,716.2438,0
2026-08-28T22:55:00+00:00,716.2476,716.3,716.22,716.2999,0
2026-08-28T23:00:00+00:00,716.2975,716.2975,716.1,716.1734,0
2026-08-28T23:05:00+00:00,716.19,716.2,716.1,716.18,0
2026-08-28T23:10:00+00:00,716.1022,716.21,716.1,716.19,0
2026-08-28T23:15:00+00:00,716.1334,716.19,716.06,716.095,0
2026-08-28T23:20:00+00:00,716.12,716.25,716.0912,716.19,0
2026-08-28T23:25:00+00:00,716.25,716.25,716.1941,716.22,0
2026-08-28T23:30:00+00:00,716.22,716.23,716.22,716.22,0
2026-08-28T23:35:00+00:00,716.2297,734.05,716.22,733.71,0
2026-08-28T23:40:00+00:00,733.17,734.41,716.23,716.3,0
2026-08-28T23:45:00+00:00,716.3487,716.4423,716.22,716.4292,0
2026-08-28T23:50:00+00:00,716.42,733.61,716.2333,716.2569,0
2026-08-28T23:55:00+00:00,716.24,716.395,716.16,716.2488,0
2026-08-31T08:00:00+00:00,716.85,717.5,712.7015,716.4686,0
2026-08-31T08:05:00+00:00,716.5384,717.44,716.23,717.4,0
2026-08-31T08:10:00+00:00,717.44,717.48,716.76,716.81,0
2026-08-31T08:15:00+00:00,716.83,716.9,716.66,716.67,0
2026-08-31T08:20:00+00:00,716.6221,716.79,716.3487,716.59,0
2026-08-31T08:25:00+00:00,716.55,716.7888,716.51,716.67,0
2026-08-31T08:30:00+00:00,716.679,716.7,716.4651,716.54,0
2026-08-31T08:35:00+00:00,716.6,716.62,716.3469,716.4,0
2026-08-31T08:40:00+00:00,716.43,716.43,716.09,716.24,0
2026-08-31T08:45:00+00:00,716.28,716.4782,716.27,716.4782,0
2026-08-31T08:50:00+00:00,716.46,716.58,716.33,716.3652,0
2026-08-31T08:55:00+00:00,716.34,716.48,716.17,716.24,0
2026-08-31T09:00:00+00:00,716.3185,716.3482,715.985,716.0285,0
2026-08-31T09:05:00+00:00,716.03,716.4,715.96,716.4,0
2026-08-31T09:10:00+00:00,716.44,716.66,716.3917,716.43,0
2026-08-31T09:15:00+00:00,716.53,716.8,716.5287,716.79,0
2026-08-31T09:20:00+00:00,716.75,716.76,716.48,716.6488,0
2026-08-31T09:25:00+00:00,716.5718,716.6032,716.45,716.45,0
2026-08-31T09:30:00+00:00,716.4787,716.49,716.2387,716.27,0
2026-08-31T09:35:00+00:00,716.24,716.252,716.02,716.03,0
2026-08-31T09:40:00+00:00,716.05,716.05,715.865,715.9,0
2026-08-31T09:45:00+00:00,715.9009,715.91,715.395,715.4165,0
2026-08-31T09:50:00+00:00,715.4,715.59,715.3715,715.53,0
2026-08-31T09:55:00+00:00,715.53,715.53,715.3617,715.45,0
2026-08-31T10:00:00+00:00,715.48,715.4824,715.24,715.28,0
2026-08-31T10:05:00+00:00,715.45,715.6339,715.45,715.45,0
2026-08-31T10:10:00+00:00,715.41,715.65,715.41,715.65,0
2026-08-31T10:15:00+00:00,715.52,715.58,715.3583,715.5249,0
2026-08-31T10:20:00+00:00,715.4912,715.84,715.4912,715.77,0
2026-08-31T10:25:00+00:00,715.7404,715.84,715.5,715.69,0
2026-08-31T10:30:00+00:00,715.6485,715.6787,715.4486,715.5227,0
2026-08-31T10:35:00+00:00,715.5117,715.65,715.4917,715.6345,0
2026-08-31T10:40:00+00:00,715.64,715.66,715.51,715.53,0
2026-08-31T10:45:00+00:00,715.516,715.6,715.51,715.5435,0
2026-08-31T10:50:00+00:00,715.5215,715.955,715.5087,715.74,0
2026-08-31T10:55:00+00:00,715.6615,715.789,715.6,715.6,0
2026-08-31T11:00:00+00:00,715.645,716.43,715.249,715.3517,0
2026-08-31T11:05:00+00:00,715.3596,715.6556,715.12,715.5812,0
2026-08-31T11:10:00+00:00,715.6019,715.6618,715.16,715.22,0
2026-08-31T11:15:00+00:00,715.2077,715.6505,715.11,715.612,0
2026-08-31T11:20:00+00:00,715.6005,715.7,715.378,715.7,0
2026-08-31T11:25:00+00:00,715.7,715.94,715.528,715.77,0
2026-08-31T11:30:00+00:00,715.811,715.811,715.15,715.205,0
2026-08-31T11:35:00+00:00,715.2304,715.2401,715.04,715.1,0
2026-08-31T11:40:00+00:00,715.1975,715.661,715.0247,715.0724,0
2026-08-31T11:45:00+00:00,715.1018,715.22,714.85,714.93,0
2026-08-31T11:50:00+00:00,714.9866,715.1409,714.879,714.95,0
2026-08-31T11:55:00+00:00,714.95,715.1036,714.88,714.9279,0
2026-08-31T12:00:00+00:00,714.9585,715.4,714.9276,715.2536,0
2026-08-31T12:05:00+00:00,715.2,715.88,714.16,715.4,0
2026-08-31T12:10:00+00:00,715.32,715.57,715.032,715.4621,0
2026-08-31T12:15:00+00:00,715.4718,715.99,715.4707,715.99,0
2026-08-31T12:20:00+00:00,716,716.21,715.1914,715.1964,0
2026-08-31T12:25:00+00:00,715.2436,715.26,714.02,714.6419,0
2026-08-31T12:30:00+00:00,714.73,714.8487,714.3,714.8483,0
2026-08-31T12:35:00+00:00,714.8112,715.2207,714.3,714.3499,0
2026-08-31T12:40:00+00:00,714.3269,714.3744,713.9892,714.17,0
2026-08-31T12:45:00+00:00,714.17,716.43,714.03,714.1104,0
2026-08-31T12:50:00+00:00,714.16,714.28,713.7908,713.8191,0
2026-08-31T12:55:00+00:00,713.8294,714,713.7,713.9882,0
2026-08-31T13:00:00+00:00,713.9987,714.169,713.7015,713.9087,0
2026-08-31T13:05:00+00:00,713.93,714.11,713.8668,714.0201,0
2026-08-31T13:10:00+00:00,714.0587,714.47,714.0066,714.43,0
2026-08-31T13:15:00+00:00,714.47,714.79,714.43,714.673,0
2026-08-31T13:20:00+00:00,714.6526,714.79,714.56,714.56,0
2026-08-31T13:25:00+00:00,714.62,715.23,714.481,715.15,0
2026-08-31T13:30:00+00:00,715.1199951,717.0009766,714.6799927,715.7999268,1842482
2026-08-31T13:35:00+00:00,715.7600098,715.7600098,714.0100098,714.2200928,581303
2026-08-31T13:40:00+00:00,714.25,715.2349854,714.0700073,714.4249878,404011
2026-08-31T13:45:00+00:00,714.4299927,716,713.9699707,715.1849976,606291
2026-08-31T13:50:00+00:00,715.1699829,715.9000244,714.5599976,715.895874,298000
2026-08-31T13:55:00+00:00,715.7999878,716.128418,715.0300293,715.2299805,267314
2026-08-31T14:00:00+00:00,715.2000122,715.4000244,714.1849976,714.3200073,293464
2026-08-31T14:05:00+00:00,714.289978,714.8200073,713.6900024,713.7199707,241419
2026-08-31T14:10:00+00:00,713.710022,714.3400269,713.539978,714.0900269,316157
2026-08-31T14:15:00+00:00,714.0700073,714.960022,713.7940063,714.6630249,314738
2026-08-31T14:20:00+00:00,714.6900024,714.8300171,713.3900146,713.4199829,445081
2026-08-31T14:25:00+00:00,713.4000244,713.8599854,713.1599731,713.6199951,215024
2026-08-31T14:30:00+00:00,713.5501099,713.9299927,713.3699951,713.6300049,164982
2026-08-31T14:35:00+00:00,713.6500244,714.9299927,713.5499878,714.4400024,226451
2026-08-31T14:40:00+00:00,714.3939819,715.0800171,714.305481,714.8300171,202939
2026-08-31T14:45:00+00:00,714.8599854,714.8850098,713.8601074,713.9880981,238741
2026-08-31T14:50:00+00:00,713.960083,714.5449829,713.8900146,714.5198975,127588
2026-08-31T14:55:00+00:00,714.5050049,715.2700195,714.4199829,714.5999756,181794
2026-08-31T15:00:00+00:00,714.6099854,715.25,714.1400146,714.5100098,155904
2026-08-31T15:05:00+00:00,714.4550171,715.0800171,714.3400269,714.4500122,112664
2026-08-31T15:10:00+00:00,714.460022,714.9500122,714.3499756,714.6350098,102456
2026-08-31T15:15:00+00:00,714.6380005,714.8900146,714.1994019,714.6699829,103769
2026-08-31T15:20:00+00:00,714.710022,715.2000122,714.4307861,715.1296997,123369
2026-08-31T15:25:00+00:00,715.1300049,715.3099976,714.6300049,714.7174072,209530
2026-08-31T15:30:00+00:00,714.7700195,714.7999878,713.9000244,714.2199707,3560942
2026-08-31T15:35:00+00:00,714.1599731,714.3400269,713.8800049,714.164978,116419
2026-08-31T15:40:00+00:00,714.2000122,714.4699707,713.8499756,714.4537964,110981
2026-08-31T15:45:00+00:00,714.4500122,714.664978,714.1400146,714.5,275605
2026-08-31T15:50:00+00:00,714.5100098,715,714.5100098,714.6699829,405757
2026-08-31T15:55:00+00:00,714.6599731,714.7700195,713.8800049,713.9550171,176816
2026-08-31T16:00:00+00:00,713.9699707,713.9699707,713.4099731,713.5,178048
2026-08-31T16:05:00+00:00,713.4500122,713.6900024,713.3599854,713.5800171,145713
2026-08-31T16:10:00+00:00,713.5750122,714.5200195,713.5050049,714.3800049,257818
2026-08-31T16:15:00+00:00,714.4000244,714.4699707,713.8217163,714.210022,1203284
2026-08-31T16:20:00+00:00,714.2299805,714.3999023,713.9949951,714.25,253059
2026-08-31T16:25:00+00:00,714.2340088,714.8599854,714.2340088,714.8400269,1162026
2026-08-31T16:30:00+00:00,714.8499756,714.8649902,714.4500122,714.6400146,264387
2026-08-31T16:35:00+00:00,714.6400146,714.8579712,714.1204224,714.1350098,107284
2026-08-31T16:40:00+00:00,714.1599731,714.9749756,714.125,714.5700073,122474
2026-08-31T16:45:00+00:00,714.5549927,715.0300293,714.4519043,714.8499756,90486
2026-08-31T16:50:00+00:00,714.8699951,715.1699829,714.7750244,714.9899902,145083
2026-08-31T16:55:00+00:00,715,715.2800293,714.9818726,715.210022,124762
2026-08-31T17:00:00+00:00,715.2000122,715.2000122,714.7999878,714.8900146,837196
2026-08-31T17:05:00+00:00,715.0050049,715.1599731,714.6799927,714.7144165,55748
2026-08-31T17:10:00+00:00,714.7150269,714.8950195,714.6328735,714.8300171,134966
2026-08-31T17:15:00+00:00,714.8200073,715.0700073,714.5349731,714.7600098,126098
2026-08-31T17:20:00+00:00,714.7150269,714.8499756,714.5800171,714.6799927,72652
2026-08-31T17:25:00+00:00,714.6699829,714.7000122,714.1199951,714.210022,122443
2026-08-31T17:30:00+00:00,714.2000122,714.3599854,713.9899902,713.9901123,211285
2026-08-31T17:35:00+00:00,713.9899902,714.664978,713.9899902,714.664978,225268
2026-08-31T17:40:00+00:00,714.6300049,715.2000122,714.6199951,715.2000122,514361
2026-08-31T17:45:00+00:00,715.2050171,715.3099976,715.0200195,715.1450195,116358
2026-08-31T17:50:00+00:00,715.1199951,715.6199951,715.1099854,715.5333252,158258
2026-08-31T17:55:00+00:00,715.5349731,715.5999756,715.0300293,715.2349854,98035
2026-08-31T18:00:00+00:00,715.1799927,715.5401001,714.7819824,715.5050049,141084
2026-08-31T18:05:00+00:00,715.5,715.6599731,715.3099976,715.5949707,121925
2026-08-31T18:10:00+00:00,715.5999756,715.6099854,715.289978,715.3850098,157661
2026-08-31T18:15:00+00:00,715.3900146,715.6599731,715.3549805,715.5300293,433865
2026-08-31T18:20:00+00:00,715.5599976,715.7399902,715.3369751,715.5349731,84388
2026-08-31T18:25:00+00:00,715.5499878,715.5599976,715.1520996,715.1749878,164565
2026-08-31T18:30:00+00:00,715.1699829,715.2772827,714.7600098,714.7822266,86850
2026-08-31T18:35:00+00:00,714.8099976,714.9400024,714.0800171,714.2199707,225514
2026-08-31T18:40:00+00:00,714.1768799,714.3400269,713.8491821,714.2349854,162956
2026-08-31T18:45:00+00:00,714.25,714.3800049,714.0100708,714.3499756,640210
2026-08-31T18:50:00+00:00,714.3549805,714.5900269,714.1550903,714.4749756,102569
2026-08-31T18:55:00+00:00,714.460022,714.7399902,714.2700195,714.3499756,116960
2026-08-31T19:00:00+00:00,714.3569946,714.8300171,714.3400269,714.5300293,147497
2026-08-31T19:05:00+00:00,714.5100098,714.7999878,714.3099976,714.75,86270
2026-08-31T19:10:00+00:00,714.7650146,714.9249878,714.5800171,714.8499756,329296
2026-08-31T19:15:00+00:00,714.8499756,714.9000244,714.6450195,714.7600098,195987
2026-08-31T19:20:00+00:00,714.7449951,715.2299805,714.6900024,715.0499878,211725
2026-08-31T19:25:00+00:00,715.0250244,715.5200195,714.9099731,715.3800049,132234
2026-08-31T19:30:00+00:00,715.3900146,715.4064941,714.960022,715.2800293,122613
2026-08-31T19:35:00+00:00,715.2800293,715.5800171,715.1900024,715.4199829,996953
2026-08-31T19:40:00+00:00,715.4699707,716.1950073,715.3499756,716.0601196,540747
2026-08-31T19:45:00+00:00,716.0599976,716.25,715.6199951,715.9901123,551984
2026-08-31T19:50:00+00:00,716,717.460022,716,717.2199707,1913502
2026-08-31T19:55:00+00:00,717.2000122,717.5750122,716.5499878,716.8599854,1552256
2026-08-31T20:00:00+00:00,716.85,717.26,716.76,717.05,0
2026-08-31T20:05:00+00:00,717.05,717.27,717.01,717.1225,0
2026-08-31T20:10:00+00:00,716.76,717.2156,716.76,716.9238,0
2026-08-31T20:15:00+00:00,716.9,717,716.76,716.92,0
2026-08-31T20:20:00+00:00,716.76,716.93,716.76,716.8987,0
2026-08-31T20:25:00+00:00,716.9114,717.0176,716.8814,716.9781,0
2026-08-31T20:30:00+00:00,716.95,717,716.76,716.99,0
2026-08-31T20:35:00+00:00,716.98,717.05,716.95,717.0141,0
2026-08-31T20:40:00+00:00,717.02,717.1,717.0143,717.0285,0
2026-08-31T20:45:00+00:00,717.0337,717.0592,716.81,716.84,0
2026-08-31T20:50:00+00:00,716.88,717.04,716.85,717.04,0
2026-08-31T20:55:00+00:00,717.04,717.1,716.97,717.09,0
2026-08-31T21:00:00+00:00,717.0687,717.1169,716.76,716.98,0
2026-08-31T21:05:00+00:00,716.92,716.99,716.83,716.95,0
2026-08-31T21:10:00+00:00,716.951,717.04,716.92,717.04,0
2026-08-31T21:15:00+00:00,717.02,717.04,669.7153,716.998,0
2026-08-31T21:20:00+00:00,716.9999,717.03,716.98,717.03,0
2026-08-31T21:25:00+00:00,717.0212,717.0369,716.76,716.9983,0
2026-08-31T21:30:00+00:00,716.98,717,716.9201,716.9615,0
2026-08-31T21:35:00+00:00,716.9981,716.999,716.8982,716.98,0
2026-08-31T21:40:00+00:00,716.98,717,716.89,716.9122,0
2026-08-31T21:45:00+00:00,716.91,717,716.91,717,0
2026-08-31T21:50:00+00:00,717,717,716.9,716.9988,0
2026-08-31T21:55:00+00:00,716.9988,717,716.9,717,0
2026-08-31T22:00:00+00:00,716.9982,717.07,716.6992,716.8,0
2026-08-31T22:05:00+00:00,716.82,716.9,716.7,716.8497,0
2026-08-31T22:10:00+00:00,716.82,716.87,716.7,716.8126,0
2026-08-31T22:15:00+00:00,716.8,716.82,716.62,716.67,0
2026-08-31T22:20:00+00:00,716.66,716.7137,716.6346,716.68,0
2026-08-31T22:25:00+00:00,716.7093,716.75,716.65,716.69,0
2026-08-31T22:30:00+00:00,716.6995,716.79,716.68,716.76,0
2026-08-31T22:35:00+00:00,716.7203,716.82,716.71,716.7789,0
2026-08-31T22:40:00+00:00,716.7787,716.8087,716.7031,716.7313,0
2026-08-31T22:45:00+00:00,716.8014,716.8014,716.5,716.5018,0
2026-08-31T22:50:00+00:00,716.57,716.57,716.45,716.48,0
2026-08-31T22:55:00+00:00,716.4615,716.579,716.46,716.5214,0
2026-08-31T23:00:00+00:00,716.5,716.5696,716.4419,716.4783,0
2026-08-31T23:05:00+00:00,716.5121,716.5497,716.4836,716.5487,0
2026-08-31T23:10:00+00:00,716.48,716.58,716.48,716.51,0
2026-08-31T23:15:00+00:00,716.5414,716.5897,716.44,716.5156,0
2026-08-31T23:20:00+00:00,716.54,716.5481,716.34,716.34,0
2026-08-31T23:25:00+00:00,716.3603,716.62,716.3603,716.62,0
2026-08-31T23:30:00+00:00,716.62,716.95,716.5405,716.93,0
2026-08-31T23:35:00+00:00,716.8,716.9987,716.51,716.7,0
2026-08-31T23:40:00+00:00,716.675,716.8599,716.675,716.8599,0
2026-08-31T23:45:00+00:00,716.9282,717.03,716.76,716.8407,0
2026-08-31T23:50:00+00:00,716.76,716.92,716.73,716.78,0
2026-08-31T23:55:00+00:00,716.77,716.77,716.6,716.7,0
2026-09-01T08:00:00+00:00,715.11,718.38,714.71,715.07,0
2026-09-01T08:05:00+00:00,715.0513,716.45,712.6187,712.79,0
2026-09-01T08:10:00+00:00,712.66,713.34,712.57,713.05,0
2026-09-01T08:15:00+00:00,713.1,713.27,712.36,712.57,0
2026-09-01T08:20:00+00:00,712.5987,712.64,711.92,712.04,0
2026-09-01T08:25:00+00:00,712.0682,712.29,711.42,711.468,0
2026-09-01T08:30:00+00:00,711.5,712.15,711.45,712.03,0
2026-09-01T08:35:00+00:00,712.1,712.1,710.9787,711.11,0
2026-09-01T08:40:00+00:00,711,711.3,710.64,710.82,0
2026-09-01T08:45:00+00:00,710.88,711.19,710.69,710.865,0
2026-09-01T08:50:00+00:00,710.7985,711.3,710.68,711.06,0
2026-09-01T08:55:00+00:00,711.1017,711.39,710.33,710.3607,0
2026-09-01T09:00:00+00:00,710.4,710.47,709.79,710.05,0
2026-09-01T09:05:00+00:00,709.9859,710.11,709.5925,709.76,0
2026-09-01T09:10:00+00:00,709.76,710.02,709.63,709.6912,0
2026-09-01T09:15:00+00:00,709.6,709.84,709.44,709.46,0
2026-09-01T09:20:00+00:00,709.41,709.6625,709.19,709.39,0
2026-09-01T09:25:00+00:00,709.37,709.51,709.22,709.43,0
2026-09-01T09:30:00+00:00,709.4499,709.68,709.3685,709.58,0
2026-09-01T09:35:00+00:00,709.5197,709.6385,709.13,709.1887,0
2026-09-01T09:40:00+00:00,709.17,709.8288,709.12,709.79,0
2026-09-01T09:45:00+00:00,709.79,710.12,709.76,709.98,0
2026-09-01T09:50:00+00:00,709.95,710.04,709.8,709.9685,0
2026-09-01T09:55:00+00:00,710.02,710.08,709.82,709.85,0
2026-09-01T10:00:00+00:00,709.71,710.16,709.53,709.66,0
2026-09-01T10:05:00+00:00,709.78,709.955,709.6486,709.7,0
2026-09-01T10:10:00+00:00,709.7227,710.1,709.6,709.98,0
2026-09-01T10:15:00+00:00,710,710.17,709.75,709.917,0
2026-09-01T10:20:00+00:00,709.9881,710.6,709.9023,710.55,0
2026-09-01T10:25:00+00:00,710.59,710.64,710.3,710.36,0
2026-09-01T10:30:00+00:00,710.4292,710.8,710.3617,710.8,0
2026-09-01T10:35:00+00:00,710.83,710.88,710.695,710.7,0
2026-09-01T10:40:00+00:00,710.685,710.685,710.1246,710.1246,0
2026-09-01T10:45:00+00:00,710.14,710.51,709.95,710.0785,0
2026-09-01T10:50:00+00:00,710.06,710.07,709.46,709.7701,0
2026-09-01T10:55:00+00:00,709.78,709.84,709.71,709.78,0
2026-09-01T11:00:00+00:00,709.75,716.76,709.2736,709.6219,0
2026-09-01T11:05:00+00:00,709.6094,709.6094,709,709.41,0
2026-09-01T11:10:00+00:00,709.5,709.5902,709.3414,709.3544,0
2026-09-01T11:15:00+00:00,709.5,709.7697,709.5,709.65,0
2026-09-01T11:20:00+00:00,709.6856,709.886,709.4104,709.5236,0
2026-09-01T11:25:00+00:00,709.48,709.7636,709.4,709.72,0
2026-09-01T11:30:00+00:00,709.7,710.1023,709.6927,709.81,0
2026-09-01T11:35:00+00:00,709.75,710.32,709.75,710.32,0
2026-09-01T11:40:00+00:00,710.3048,710.39,710.0901,710.15,0
2026-09-01T11:45:00+00:00,710.15,710.17,709.6201,709.7,0
2026-09-01T11:50:00+00:00,709.7,709.9,709.455,709.4756,0
2026-09-01T11:55:00+00:00,709.43,709.43,708.72,708.8275,0
2026-09-01T12:00:00+00:00,708.8185,708.9935,708.46,708.8924,0
2026-09-01T12:05:00+00:00,708.89,708.9099,708.42,708.49,0
2026-09-01T12:10:00+00:00,708.4454,708.6796,708.35,708.58,0
2026-09-01T12:15:00+00:00,708.65,708.8166,708.2,708.2394,0
2026-09-01T12:20:00+00:00,708.2,708.51,707.9995,708.42,0
2026-09-01T12:25:00+00:00,708.4023,716.76,708.285,708.7618,0
2026-09-01T12:30:00+00:00,708.66,708.7203,708.1,708.29,0
2026-09-01T12:35:00+00:00,708.25,708.3506,707.708,707.96,0
2026-09-01T12:40:00+00:00,708.02,708.0619,707.65,707.7943,0
2026-09-01T12:45:00+00:00,707.72,717.297,707.6656,707.771,0
2026-09-01T12:50:00+00:00,707.72,707.9966,707.6593,707.78,0
2026-09-01T12:55:00+00:00,707.85,707.9,707.65,707.71,0
2026-09-01T13:00:00+00:00,707.6866,707.7,706.945,707.07,0
2026-09-01T13:05:00+00:00,707.08,707.179,706.76,707.03,0
2026-09-01T13:10:00+00:00,707.05,707.17,706.81,706.9265,0
2026-09-01T13:15:00+00:00,706.9,707.0465,706.69,706.9975,0
2026-09-01T13:20:00+00:00,706.97,707.4,706.735,707.3292,0
2026-09-01T13:25:00+00:00,707.32,707.58,707.09,707.3125,0
2026-09-01T13:30:00+00:00,707.4299927,707.6900024,706.210022,706.9899902,3324651
2026-09-01T13:35:00+00:00,707.0499878,708.039978,706.1182251,706.3900146,764444
2026-09-01T13:40:00+00:00,706.4099731,706.9799805,705.6199951,706.6900024,1069458
2026-09-01T13:45:00+00:00,706.6099854,708.1199951,706.5100708,708.1199951,487559
2026-09-01T13:50:00+00:00,708.1049805,708.4500122,707.2249756,707.6199951,451090
2026-09-01T13:55:00+00:00,707.6450195,707.77948,706.8800049,707.2249756,389828
2026-09-01T14:00:00+00:00,707.2700195,707.9699707,706.7714233,707.1550293,449762
2026-09-01T14:05:00+00:00,707.1500244,708.539978,707.1500244,708.3411865,373364
2026-09-01T14:10:00+00:00,708.3499756,708.4650269,707.4500122,707.8770752,319821
2026-09-01T14:15:00+00:00,707.8549805,708.7999878,707.835022,708.1400146,384194
2026-09-01T14:20:00+00:00,708.1699829,708.9699707,708.1699829,708.5200195,284465
2026-09-01T14:25:00+00:00,708.539978,708.9400024,708.4000244,708.6099854,398429
2026-09-01T14:30:00+00:00,708.5949707,709.7598877,708.5700073,709.7150269,354612
2026-09-01T14:35:00+00:00,709.710022,709.8400269,709.3831177,709.6799927,275743
2026-09-01T14:40:00+00:00,709.6998901,710.2849731,709.5900269,710.2849731,238212
2026-09-01T14:45:00+00:00,710.2800293,711.0900269,710.0999756,710.5914917,292069
2026-09-01T14:50:00+00:00,710.5900269,710.5900269,709.9249878,710.0100098,473410
2026-09-01T14:55:00+00:00,710.0200195,710.2000122,709.6699829,710.1799927,289688
2026-09-01T15:00:00+00:00,710.1898804,710.4699707,709.5200806,709.7700195,705932
2026-09-01T15:05:00+00:00,709.7449951,709.8400269,709.0100098,709.0200195,511665
2026-09-01T15:10:00+00:00,709.0120239,709.460022,709.0015869,709.0805054,120272
2026-09-01T15:15:00+00:00,709.0886841,709.5499878,708.9996948,709.4199829,160894
2026-09-01T15:20:00+00:00,709.4299927,709.8999023,709.1599731,709.8687134,202477
2026-09-01T15:25:00+00:00,709.8699951,710.2399902,709.6599731,710.2399902,380086
2026-09-01T15:30:00+00:00,710.2399902,710.5200195,710.0599976,710.2399902,288049
2026-09-01T15:35:00+00:00,710.2600098,711.1500244,710.1900024,711.0831909,200336
2026-09-01T15:40:00+00:00,711.0900269,711.6500244,711.0800171,711.5999756,268408
2026-09-01T15:45:00+00:00,711.5900269,712.2999878,711.5599976,712.210022,286029
2026-09-01T15:50:00+00:00,712.2000122,712.2700195,711.789978,712.1350098,289361
2026-09-01T15:55:00+00:00,712.1300049,712.164978,711.6599731,711.7999878,163534
2026-09-01T16:00:00+00:00,711.8499756,711.8900146,711.3400269,711.4047852,192812
2026-09-01T16:05:00+00:00,711.3649902,711.4899292,710.8599854,710.9099731,169463
2026-09-01T16:10:00+00:00,710.9400024,711.0700073,710.289978,710.3099976,244289
2026-09-01T16:15:00+00:00,710.2810059,710.3850098,709.5650024,709.5999756,413686
2026-09-01T16:20:00+00:00,709.5949707,709.7399902,708.7905273,709.4074707,801565
2026-09-01T16:25:00+00:00,709.3950195,709.5599976,708.6099854,708.9899902,518658
2026-09-01T16:30:00+00:00,708.9699707,709.1350098,707.8900146,707.9450073,419059
2026-09-01T16:35:00+00:00,707.9349976,708.6400146,707.9099731,708.6300049,399187
2026-09-01T16:40:00+00:00,708.6400146,708.7399902,707.9550171,707.9799805,600138
2026-09-01T16:45:00+00:00,707.9799805,708.5900269,707.8699951,708.5499878,224968
2026-09-01T16:50:00+00:00,708.5510254,708.7000122,708.3400269,708.6099854,268908
2026-09-01T16:55:00+00:00,708.6300049,709.4400024,708.6300049,709.289978,276849
2026-09-01T17:00:00+00:00,709.2999878,709.2999878,708.289978,708.2999878,186464
2026-09-01T17:05:00+00:00,708.329895,708.5100098,708.0100098,708.2540283,117471
2026-09-01T17:10:00+00:00,708.2299805,708.6199951,708.0494995,708.3800049,144063
2026-09-01T17:15:00+00:00,708.4000244,708.5996094,707.8900146,708.0599976,115030
2026-09-01T17:20:00+00:00,708.039978,708.2694702,707.8300171,708.0001221,110985
2026-09-01T17:25:00+00:00,708.0200195,708.1500244,707,708.0650024,308747
2026-09-01T17:30:00+00:00,708.0800171,708.4689941,707.9749756,708.3449707,295975
2026-09-01T17:35:00+00:00,708.3099976,708.5200195,708.0300903,708.0750122,83124
2026-09-01T17:40:00+00:00,708.0999756,708.4500122,708.0532837,708.3200073,80120
2026-09-01T17:45:00+00:00,708.289978,708.2999878,707.6038818,707.6038818,193109
2026-09-01T17:50:00+00:00,707.5999756,707.960022,707.4799805,707.625,167657
2026-09-01T17:55:00+00:00,707.6300049,708.0700073,707.5,708.0100098,120412
2026-09-01T18:00:00+00:00,708,708.2700195,707.5330811,707.5999756,101162
2026-09-01T18:05:00+00:00,707.6300049,707.6300049,707.3218994,707.5700073,192428
2026-09-01T18:10:00+00:00,707.5119019,707.6500244,707.0599976,707.1000977,187187
2026-09-01T18:15:00+00:00,707.0999756,707.4199829,706.8099976,707.3200073,220690
2026-09-01T18:20:00+00:00,707.3259888,707.4500122,707.1699829,707.4099731,226780
2026-09-01T18:25:00+00:00,707.3800049,707.3900146,706.6900024,706.8800049,199610
2026-09-01T18:30:00+00:00,706.8800049,706.960022,706.2600098,706.3900146,345191
2026-09-01T18:35:00+00:00,706.3549805,706.539978,706.0300293,706.079895,249028
2026-09-01T18:40:00+00:00,706.0750122,706.1599731,704.9749756,705,527012
2026-09-01T18:45:00+00:00,704.9899902,705.6500244,704.6599731,705.6300049,611830
2026-09-01T18:50:00+00:00,705.5999756,705.8699951,705.4299927,705.7849731,289888
2026-09-01T18:55:00+00:00,705.710083,706.5700073,705.710083,706.4232178,272773
2026-09-01T19:00:00+00:00,706.4450073,707.1099854,706.3099976,706.9849854,386163
2026-09-01T19:05:00+00:00,707,707.2399902,706.75,707.0910034,257527
2026-09-01T19:10:00+00:00,707.0900269,707.5200195,706.9849854,707.4899902,338575
2026-09-01T19:15:00+00:00,707.539978,707.6199951,707.2399902,707.375,340132
2026-09-01T19:20:00+00:00,707.3900146,707.5900879,707.0999756,707.4249878,586905
2026-09-01T19:25:00+00:00,707.4299927,707.7299805,707.2913818,707.6500244,201606
2026-09-01T19:30:00+00:00,707.6599731,707.7000122,706.8499756,707.4799805,318574
2026-09-01T19:35:00+00:00,707.4699707,707.5883179,707.0999756,707.0999756,233204
2026-09-01T19:40:00+00:00,707.1099854,707.5599976,706.9802856,707.4500122,237474
2026-09-01T19:45:00+00:00,707.4699707,707.9899902,707.3300171,707.7949829,565085
2026-09-01T19:50:00+00:00,707.7800293,707.7800293,706.6699829,707.0800171,1202977
2026-09-01T19:55:00+00:00,707.0900269,708.5499878,706.9199829,707.6550293,1989716
2026-09-01T20:00:00+00:00,707.69,708.39,707.43,707.7661,0
2026-09-01T20:05:00+00:00,707.78,710.8,707.3517,707.7367,0
2026-09-01T20:10:00+00:00,707.71,707.89,707.59,707.88,0
2026-09-01T20:15:00+00:00,707.86,708.49,707.77,708.4025,0
2026-09-01T20:20:00+00:00,708.3603,708.43,708.24,708.2542,0
2026-09-01T20:25:00+00:00,708.24,709.1,707.91,707.95,0
2026-09-01T20:30:00+00:00,707.91,708.05,707.84,707.8897,0
2026-09-01T20:35:00+00:00,707.9279,708.19,707.64,707.91,0
2026-09-01T20:40:00+00:00,707.9242,708.35,707.8058,708.1675,0
2026-09-01T20:45:00+00:00,708.1532,708.17,707.94,708.0382,0
2026-09-01T20:50:00+00:00,708.06,708.1479,707.9126,707.9126,0
2026-09-01T20:55:00+00:00,707.93,708,707.74,707.96,0
2026-09-01T21:00:00+00:00,707.96,707.96,707.67,707.7,0
2026-09-01T21:05:00+00:00,707.82,708,707.7004,707.9785,0
2026-09-01T21:10:00+00:00,707.97,708.14,707.64,707.99,0
2026-09-01T21:15:00+00:00,707.9807,707.9807,707.66,707.933,0
2026-09-01T21:20:00+00:00,707.8,707.93,707.67,707.84,0
2026-09-01T21:25:00+00:00,707.83,707.84,707.722,707.77,0
2026-09-01T21:30:00+00:00,707.77,707.8,707.6622,707.75,0
2026-09-01T21:35:00+00:00,707.66,707.75,707.64,707.689,0
2026-09-01T21:40:00+00:00,707.65,707.75,707.62,707.71,0
2026-09-01T21:45:00+00:00,707.72,707.85,707.7,707.8,0
2026-09-01T21:50:00+00:00,707.8087,707.83,707.7025,707.79,0
2026-09-01T21:55:00+00:00,707.77,707.8,707.7,707.8,0
2026-09-01T22:00:00+00:00,707.79,708.15,707.45,707.58,0
2026-09-01T22:05:00+00:00,707.5,707.53,707.3,707.3751,0
2026-09-01T22:10:00+00:00,707.36,707.36,707.22,707.2814,0
2026-09-01T22:15:00+00:00,707.24,707.3697,707.2,707.2397,0
2026-09-01T22:20:00+00:00,707.2046,707.3279,707.1,707.3279,0
2026-09-01T22:25:00+00:00,707.3097,707.5724,707.2,707.39,0
2026-09-01T22:30:00+00:00,707.3982,707.5,707.3386,707.4359,0
2026-09-01T22:35:00+00:00,707.4,707.49,707.2908,707.44,0
2026-09-01T22:40:00+00:00,707.4479,707.4797,707.321,707.3803,0
2026-09-01T22:45:00+00:00,707.4,707.8462,707.3322,707.8462,0
2026-09-01T22:50:00+00:00,707.79,707.929,707.7405,707.7769,0
2026-09-01T22:55:00+00:00,707.7997,707.89,707.6659,707.7492,0
2026-09-01T23:00:00+00:00,707.7185,707.8496,707.6897,707.7,0
2026-09-01T23:05:00+00:00,707.73,707.7959,707.7001,707.7197,0
2026-09-01T23:10:00+00:00,707.7187,707.8,707.7,707.74,0
2026-09-01T23:15:00+00:00,707.7297,707.7799,707.6801,707.7179,0
2026-09-01T23:20:00+00:00,707.69,707.91,707.5,707.8313,0
2026-09-01T23:25:00+00:00,707.8062,707.8889,707.73,707.851,0
2026-09-01T23:30:00+00:00,707.76,708,707.76,707.88,0
2026-09-01T23:35:00+00:00,707.862,707.97,707.86,707.8892,0
2026-09-01T23:40:00+00:00,707.86,708.01,707.83,707.98,0
2026-09-01T23:45:00+00:00,708.0585,708.1,707.87,707.9798,0
2026-09-01T23:50:00+00:00,707.9758,708.0592,707.85,707.9947,0
2026-09-01T23:55:00+00:00,707.94,707.94,707.7923,707.8299,0
2026-09-02T08:00:00+00:00,706.082,707.64,705.05,707,0
2026-09-02T08:05:00+00:00,707,707,705.95,706.48,0
2026-09-02T08:10:00+00:00,706.5,706.75,706.3687,706.5,0
2026-09-02T08:15:00+00:00,706.4287,706.8,706.045,706.045,0
2026-09-02T08:20:00+00:00,706.065,706.065,705.6549,705.81,0
2026-09-02T08:25:00+00:00,705.7859,706.1,705.7,705.9487,0
2026-09-02T08:30:00+00:00,705.9695,706.3,705.87,705.87,0
2026-09-02T08:35:00+00:00,705.6587,706.01,705.5982,705.86,0
2026-09-02T08:40:00+00:00,705.9387,705.9387,705.5,705.54,0
2026-09-02T08:45:00+00:00,705.56,705.599,705.21,705.2297,0
2026-09-02T08:50:00+00:00,705.21,705.2687,703.6395,703.6587,0
2026-09-02T08:55:00+00:00,703.82,704.1787,703.61,703.9959,0
2026-09-02T09:00:00+00:00,704.0917,705.04,704.0917,704.9482,0
2026-09-02T09:05:00+00:00,704.98,705.3,704.66,704.73,0
2026-09-02T09:10:00+00:00,704.7,704.8896,703.98,703.98,0
2026-09-02T09:15:00+00:00,703.96,704.56,703.96,704.5227,0
2026-09-02T09:20:00+00:00,704.36,704.36,703.64,703.92,0
2026-09-02T09:25:00+00:00,703.96,704.2,703.8,704.125,0
2026-09-02T09:30:00+00:00,704.1882,704.19,703.399,703.58,0
2026-09-02T09:35:00+00:00,703.55,703.63,703.28,703.45,0
2026-09-02T09:40:00+00:00,703.46,703.6596,703.38,703.4662,0
2026-09-02T09:45:00+00:00,703.6917,703.72,703.44,703.68,0
2026-09-02T09:50:00+00:00,703.67,703.78,703.61,703.71,0
2026-09-02T09:55:00+00:00,703.76,704.05,703.69,704.05,0
2026-09-02T10:00:00+00:00,703.9886,704.16,703.5,703.5,0
2026-09-02T10:05:00+00:00,703.5,703.68,703.41,703.5585,0
2026-09-02T10:10:00+00:00,703.54,704.1286,703.5015,704.1286,0
2026-09-02T10:15:00+00:00,704.16,704.23,703.94,704.1363,0
2026-09-02T10:20:00+00:00,704.19,704.24,703.98,704.1385,0
2026-09-02T10:25:00+00:00,704.15,704.6,704.13,704.38,0
2026-09-02T10:30:00+00:00,704.3764,704.3764,703.82,704.06,0
2026-09-02T10:35:00+00:00,704.16,704.1701,703.8,703.85,0
2026-09-02T10:40:00+00:00,703.8492,703.94,703.72,703.89,0
2026-09-02T10:45:00+00:00,703.81,704.1085,703.7682,704.1019,0
2026-09-02T10:50:00+00:00,704.06,704.15,703.68,704,0
2026-09-02T10:55:00+00:00,704.071,704.3521,703.9664,704.3521,0
2026-09-02T11:00:00+00:00,704.38,707.64,702.97,703.13,0
2026-09-02T11:05:00+00:00,703.06,704.431,702.9692,704.431,0
2026-09-02T11:10:00+00:00,704.09,705.18,703.94,705.02,0
2026-09-02T11:15:00+00:00,705,705.22,704.54,704.83,0
2026-09-02T11:20:00+00:00,704.89,705.0862,704.74,705.0401,0
2026-09-02T11:25:00+00:00,705.07,705.5387,705.0066,705.25,0
2026-09-02T11:30:00+00:00,705.2823,705.94,705.15,705.92,0
2026-09-02T11:35:00+00:00,705.977,706.12,705.8,705.881,0
2026-09-02T11:40:00+00:00,705.92,705.9316,705.3,705.4134,0
2026-09-02T11:45:00+00:00,705.4199,705.56,705.2987,705.36,0
2026-09-02T11:50:00+00:00,705.3,705.83,705.2512,705.64,0
2026-09-02T11:55:00+00:00,705.69,706.71,705.6407,706.71,0
2026-09-02T12:00:00+00:00,706.68,706.85,706.5,706.85,0
2026-09-02T12:05:00+00:00,706.83,707.31,706.83,706.9324,0
2026-09-02T12:10:00+00:00,706.905,707.66,706.7,707.56,0
2026-09-02T12:15:00+00:00,707.59,707.59,707.0037,707.1282,0
2026-09-02T12:20:00+00:00,707.1107,708.25,707,707.8,0
2026-09-02T12:25:00+00:00,707.7962,708.17,707.2331,707.3362,0
2026-09-02T12:30:00+00:00,707.24,707.348,706.68,706.82,0
2026-09-02T12:35:00+00:00,706.8207,706.9,706.3201,706.5992,0
2026-09-02T12:40:00+00:00,706.5686,706.7003,706.36,706.4338,0
2026-09-02T12:45:00+00:00,706.41,707.64,706.0313,706.0313,0
2026-09-02T12:50:00+00:00,706.1015,706.12,705.6792,705.7225,0
2026-09-02T12:55:00+00:00,705.7,705.75,705.5,705.6885,0
2026-09-02T13:00:00+00:00,705.6785,706.12,705.65,705.9934,0
2026-09-02T13:05:00+00:00,705.9893,706.36,705.9,706.19,0
2026-09-02T13:10:00+00:00,706.19,706.37,706.14,706.3553,0
2026-09-02T13:15:00+00:00,706.32,706.6,706.27,706.53,0
2026-09-02T13:20:00+00:00,706.5255,706.92,706.42,706.8631,0
2026-09-02T13:25:00+00:00,706.77,707.44,706.6,707.1039,0
2026-09-02T13:30:00+00:00,707.1099854,707.1099854,705.7700195,706.6900024,2053681
2026-09-02T13:35:00+00:00,706.7299805,706.8699951,705.5800171,706.7999878,534965
2026-09-02T13:40:00+00:00,706.8400269,707.539978,706.5200195,706.8699951,571167
2026-09-02T13:45:00+00:00,706.8900146,707.4000244,705.7199707,705.8699951,537311
2026-09-02T13:50:00+00:00,705.8599854,706.4400024,705.2999878,705.3800049,465019
2026-09-02T13:55:00+00:00,705.4099731,706.2890015,705.1099854,706.1799927,332208
2026-09-02T14:00:00+00:00,706.1900024,706.6799927,705.5014038,706.6799927,301322
2026-09-02T14:05:00+00:00,706.6799927,707.4500122,706.6400146,707.0302124,587488
2026-09-02T14:10:00+00:00,707.0200195,707.7700195,706.8308716,707.7600098,660192
2026-09-02T14:15:00+00:00,707.7600098,708.5997925,707.5800171,708.5599976,357327
2026-09-02T14:20:00+00:00,708.5599976,709.2299805,708.3068237,708.8599854,375402
2026-09-02T14:25:00+00:00,708.8499756,709.3359985,708.5700073,709.2000122,429086
2026-09-02T14:30:00+00:00,709.1599731,709.6599731,708.8599854,709.6199951,348077
2026-09-02T14:35:00+00:00,709.6500244,709.7988281,708.7700195,709.2070923,303015
2026-09-02T14:40:00+00:00,709.1799927,709.5999756,709.0305176,709.5700073,344428
2026-09-02T14:45:00+00:00,709.5900269,709.5999756,708.2999878,708.5900269,381098
2026-09-02T14:50:00+00:00,708.5800171,708.5800171,707.6500854,707.8699951,234297
2026-09-02T14:55:00+00:00,707.8499756,708.0999756,707.4299927,707.5999756,349379
2026-09-02T15:00:00+00:00,707.5900269,708.2399902,707.2974854,708.0499878,240215
2026-09-02T15:05:00+00:00,708.0700073,708.4400024,707.8079834,708.4199829,179459
2026-09-02T15:10:00+00:00,708.4099731,708.7700195,708.1099854,708.5200195,219563
2026-09-02T15:15:00+00:00,708.539978,709.2800293,708.3800049,709.1699829,234156
2026-09-02T15:20:00+00:00,709.1699829,709.2449951,708.7800293,709.0150146,284074
2026-09-02T15:25:00+00:00,709.0449829,709.7199707,709.0449829,709.6450195,178450
2026-09-02T15:30:00+00:00,709.6699829,709.7399292,709.289978,709.3599854,241022
2026-09-02T15:35:00+00:00,709.3400269,709.5800171,708.8599854,709,170465
2026-09-02T15:40:00+00:00,709.0336914,709.25,708.9199829,709.1450195,120269
2026-09-02T15:45:00+00:00,709.1199951,709.1199951,708.1199951,708.1400146,136282
2026-09-02T15:50:00+00:00,708.1400146,708.7000122,708,708.3499146,110619
2026-09-02T15:55:00+00:00,708.3544922,709.3115845,708.1199951,709.1950073,115178
2026-09-02T16:00:00+00:00,709.2000122,709.460022,708.9199829,709.4400024,334490
2026-09-02T16:05:00+00:00,709.4349976,709.4799805,709.1483765,709.2000122,76190
2026-09-02T16:10:00+00:00,709.25,709.4099731,709.0900269,709.2000122,138641
2026-09-02T16:15:00+00:00,709.1599731,709.1599731,708.5800171,708.8049927,112704
2026-09-02T16:20:00+00:00,708.8305054,708.960022,708.5300293,708.5900269,80371
2026-09-02T16:25:00+00:00,708.625,708.7399902,708.1699829,708.3850098,90197
2026-09-02T16:30:00+00:00,708.3895264,708.9199829,708.3400269,708.5999756,155056
2026-09-02T16:35:00+00:00,708.6400146,708.8875122,708.5,708.5,96930
2026-09-02T16:40:00+00:00,708.5300293,708.5402832,708.0499878,708.0599976,93556
2026-09-02T16:45:00+00:00,708.0499878,708.3300171,708.0499878,708.25,167361
2026-09-02T16:50:00+00:00,708.2700195,708.7150269,707.9799805,708.664978,178165
2026-09-02T16:55:00+00:00,708.6599731,708.7299805,708.2800293,708.4199829,113050
2026-09-02T17:00:00+00:00,708.4500122,709.0800171,708.4500122,708.8900146,139981
2026-09-02T17:05:00+00:00,708.8800049,708.9694824,707.7401123,707.8449707,208753
2026-09-02T17:10:00+00:00,707.835022,708.3599854,707.8049927,708.1799927,214622
2026-09-02T17:15:00+00:00,708.2000122,708.2214966,707.7199707,707.8599854,99011
2026-09-02T17:20:00+00:00,707.8549805,708.3499756,707.7520142,708.2249756,158139
2026-09-02T17:25:00+00:00,708.210083,708.4199829,708.0999756,708.3200073,119240
2026-09-02T17:30:00+00:00,708.335022,708.4400024,707.9000244,707.9000244,120180
2026-09-02T17:35:00+00:00,707.8950806,708.0701294,707.8400269,707.9400024,60155
2026-09-02T17:40:00+00:00,707.9299927,708.5,707.7600098,708.4934082,209317
2026-09-02T17:45:00+00:00,708.5,708.8800049,708.4899902,708.5300293,231845
2026-09-02T17:50:00+00:00,708.539978,708.6500244,708.3300171,708.5,144019
2026-09-02T17:55:00+00:00,708.4699707,708.7399902,708.1400146,708.539978,170945
2026-09-02T18:00:00+00:00,708.5499878,708.5599976,707.9699707,708.5200195,136683
2026-09-02T18:05:00+00:00,708.4699707,708.6799927,708.2249756,708.3300171,261214
2026-09-02T18:10:00+00:00,708.3031006,708.4000244,708.0300293,708.1901245,63824
2026-09-02T18:15:00+00:00,708.2299805,709.4899902,708.1600952,708.8499756,1047941
2026-09-02T18:20:00+00:00,708.8499756,708.9299927,708.5800171,708.7750244,96918
2026-09-02T18:25:00+00:00,708.7999878,708.9000244,708.4349976,708.5300293,54447
2026-09-02T18:30:00+00:00,708.5300293,708.8900146,708.5029297,708.5029297,84409
2026-09-02T18:35:00+00:00,708.5,708.6547852,708.0499878,708.119873,122003
2026-09-02T18:40:00+00:00,708.1063232,708.1400146,707.8850098,707.9899902,92139
2026-09-02T18:45:00+00:00,708.039978,708.3897705,707.8499756,708.3099976,109476
2026-09-02T18:50:00+00:00,708.3099976,708.4199829,707.9400024,708.0599976,118737
2026-09-02T18:55:00+00:00,708.1300049,708.3850098,708.039978,708.210022,154650
2026-09-02T19:00:00+00:00,708.2249756,708.4500122,708.0756836,708.2999878,148317
2026-09-02T19:05:00+00:00,708.3200073,708.7000122,708.289978,708.7000122,135197
2026-09-02T19:10:00+00:00,708.7199707,708.8250122,708.5800171,708.710022,397006
2026-09-02T19:15:00+00:00,708.7000122,708.7598877,708.5,708.7598877,835977
2026-09-02T19:20:00+00:00,708.7999878,708.7999878,708.3400269,708.4799805,445920
2026-09-02T19:25:00+00:00,708.4799805,708.789978,708.3300171,708.75,14715
2026-09-02T19:30:00+00:00,708.7299805,708.8699951,708.5599976,708.8200073,610219
2026-09-02T19:35:00+00:00,708.8250122,708.8300171,708.4329224,708.6199951,148598
2026-09-02T19:40:00+00:00,708.5599976,708.9400024,708.5004272,708.9099731,115456
2026-09-02T19:45:00+00:00,708.9000244,709.1939697,708.8549805,709.1199951,247686
2026-09-02T19:50:00+00:00,709.0999756,709.4249878,708.789978,709.3226929,417546
2026-09-02T19:55:00+00:00,709.3099976,709.3599854,708.8150024,709.25,1019198
2026-09-02T20:00:00+00:00,709.31,709.5,709.24,709.4584,0
2026-09-02T20:05:00+00:00,709.46,709.7707,709.4,709.47,0
2026-09-02T20:10:00+00:00,709.5042,709.6,709.24,709.32,0
2026-09-02T20:15:00+00:00,709.3,709.39,707.6,708.08,0
2026-09-02T20:20:00+00:00,709.24,709.24,708.23,708.53,0
2026-09-02T20:25:00+00:00,708.515,708.6882,708.41,708.44,0
2026-09-02T20:30:00+00:00,708.435,708.51,708.32,708.51,0
2026-09-02T20:35:00+00:00,708.51,708.5364,708.3577,708.39,0
2026-09-02T20:40:00+00:00,708.4,708.6,708.29,708.31,0
2026-09-02T20:45:00+00:00,708.3083,708.61,708.3083,708.5527,0
2026-09-02T20:50:00+00:00,708.55,708.625,708.462,708.6194,0
2026-09-02T20:55:00+00:00,708.62,708.62,708.08,708.16,0
2026-09-02T21:00:00+00:00,708.3928,708.6027,689.8829,708.311,0
2026-09-02T21:05:00+00:00,708.4,708.4,662.0274,708.2717,0
2026-09-02T21:10:00+00:00,708.27,708.35,662.0274,708.18,0
2026-09-02T21:15:00+00:00,708.2135,709.24,707.92,708.7826,0
2026-09-02T21:20:00+00:00,708.7566,709.33,708.35,709.13,0
2026-09-02T21:25:00+00:00,709.13,709.13,708.82,708.9516,0
2026-09-02T21:30:00+00:00,708.9516,709.24,708.9516,709.2275,0
2026-09-02T21:35:00+00:00,709.19,709.44,708.853,708.8688,0
2026-09-02T21:40:00+00:00,709,709.0365,708.8501,708.97,0
2026-09-02T21:45:00+00:00,709,709.28,708.94,709.28,0
2026-09-02T21:50:00+00:00,709.2975,709.2975,708.9866,709.1328,0
2026-09-02T21:55:00+00:00,709.16,709.28,708.9787,709.13,0
2026-09-02T22:00:00+00:00,708.91,708.9965,708.3,708.6,0
2026-09-02T22:05:00+00:00,708.6193,708.6193,708.35,708.4616,0
2026-09-02T22:10:00+00:00,708.53,709.2,708.5017,709.1386,0
2026-09-02T22:15:00+00:00,709.1167,709.24,709.0116,709.1777,0
2026-09-02T22:20:00+00:00,709.2388,709.6759,709.2112,709.6043,0
2026-09-02T22:25:00+00:00,709.6,709.6136,709.37,709.4525,0
2026-09-02T22:30:00+00:00,709.39,709.48,709.3715,709.4025,0
2026-09-02T22:35:00+00:00,709.369,709.4797,709.3201,709.4625,0
2026-09-02T22:40:00+00:00,709.4662,709.5898,709.4099,709.4479,0
2026-09-02T22:45:00+00:00,709.38,709.38,709.1007,709.11,0
2026-09-02T22:50:00+00:00,709.04,709.1023,709.0193,709.0575,0
2026-09-02T22:55:00+00:00,709.02,709.13,709.02,709.0697,0
2026-09-02T23:00:00+00:00,709.1,709.22,709.0577,709.1334,0
2026-09-02T23:05:00+00:00,709.11,709.17,709.05,709.059,0
2026-09-02T23:10:00+00:00,709.0351,709.07,708.8108,708.815,0
2026-09-02T23:15:00+00:00,708.855,708.869,708.7375,708.7984,0
2026-09-02T23:20:00+00:00,708.78,708.8819,708.77,708.8819,0
2026-09-02T23:25:00+00:00,708.8936,709.0046,708.865,708.995,0
2026-09-02T23:30:00+00:00,709,709.13,708.965,708.965,0
2026-09-02T23:35:00+00:00,708.96,709.14,708.95,709.14,0
2026-09-02T23:40:00+00:00,709.09,709.21,709.09,709.21,0
2026-09-02T23:45:00+00:00,709.2392,709.8,709.2392,709.64,0
2026-09-02T23:50:00+00:00,709.64,709.78,709.6187,709.6599,0
2026-09-02T23:55:00+00:00,709.63,709.72,709.55,709.55,0
2026-09-03T08:00:00+00:00,710.08,711.4,706.5884,711,0
2026-09-03T08:05:00+00:00,711.02,711.86,708.15,710.69,0
2026-09-03T08:10:00+00:00,710.75,711.0812,710.54,710.68,0
2026-09-03T08:15:00+00:00,710.68,710.78,710.39,710.66,0
2026-09-03T08:20:00+00:00,710.66,710.85,710.36,710.41,0
2026-09-03T08:25:00+00:00,710.58,711.1,710.5,710.91,0
2026-09-03T08:30:00+00:00,710.88,710.88,710.5,710.58,0
2026-09-03T08:35:00+00:00,710.68,710.75,710.2,710.24,0
2026-09-03T08:40:00+00:00,710.29,710.43,710.28,710.2987,0
2026-09-03T08:45:00+00:00,710.31,710.4,710.16,710.37,0
2026-09-03T08:50:00+00:00,710.321,710.321,709.97,710.22,0
2026-09-03T08:55:00+00:00,710.17,710.23,709.959,709.959,0
2026-09-03T09:00:00+00:00,710.0452,710.06,709.9,709.989,0
2026-09-03T09:05:00+00:00,710.0078,710.0992,709.8787,710.04,0
2026-09-03T09:10:00+00:00,710.0588,710.18,709.865,710.0535,0
2026-09-03T09:15:00+00:00,710.04,710.14,709.73,709.8,0
2026-09-03T09:20:00+00:00,709.8626,709.8626,709.45,709.6588,0
2026-09-03T09:25:00+00:00,709.51,709.59,709.3,709.3,0
2026-09-03T09:30:00+00:00,709.3,709.52,709.09,709.31,0
2026-09-03T09:35:00+00:00,709.3012,709.3012,708.98,709.05,0
2026-09-03T09:40:00+00:00,709.0215,709.04,708.82,708.92,0
2026-09-03T09:45:00+00:00,708.97,709.0087,708.39,708.42,0
2026-09-03T09:50:00+00:00,708.66,708.77,708.36,708.36,0
2026-09-03T09:55:00+00:00,708.365,708.39,707.83,708.08,0
2026-09-03T10:00:00+00:00,708.062,708.46,708.062,708.28,0
2026-09-03T10:05:00+00:00,708.5,708.52,708.161,708.23,0
2026-09-03T10:10:00+00:00,708.199,708.22,707.6312,707.81,0
2026-09-03T10:15:00+00:00,707.77,708.0193,707.7,707.87,0
2026-09-03T10:20:00+00:00,707.89,707.9187,707.7404,707.77,0
2026-09-03T10:25:00+00:00,707.77,707.9412,707.679,707.7512,0
2026-09-03T10:30:00+00:00,707.86,708.08,707.64,707.72,0
2026-09-03T10:35:00+00:00,707.71,707.78,707.34,707.63,0
2026-09-03T10:40:00+00:00,707.645,707.97,707.64,707.97,0
2026-09-03T10:45:00+00:00,707.8,707.86,707.4052,707.42,0
2026-09-03T10:50:00+00:00,707.44,707.87,707.41,707.7261,0
2026-09-03T10:55:00+00:00,707.79,707.88,707.575,707.79,0
2026-09-03T11:00:00+00:00,707.89,709.24,707.364,708.1,0
2026-09-03T11:05:00+00:00,708.1497,708.8702,708.1081,708.712,0
2026-09-03T11:10:00+00:00,708.7623,708.823,708.5,708.77,0
2026-09-03T11:15:00+00:00,708.7077,709.25,708.7,708.8582,0
2026-09-03T11:20:00+00:00,708.8296,708.9,708.5914,708.9,0
2026-09-03T11:25:00+00:00,708.91,709.08,708.655,708.84,0
2026-09-03T11:30:00+00:00,708.95,708.9616,707.4,708.8121,0
2026-09-03T11:35:00+00:00,708.8512,708.8512,708.3,708.3087,0
2026-09-03T11:40:00+00:00,708.239,708.36,708.08,708.24,0
2026-09-03T11:45:00+00:00,708.2579,708.2579,707.3195,707.32,0
2026-09-03T11:50:00+00:00,707.3468,707.5541,707.2908,707.368,0
2026-09-03T11:55:00+00:00,707.38,707.54,707.28,707.2937,0
2026-09-03T12:00:00+00:00,707.3985,707.97,707.3275,707.84,0
2026-09-03T12:05:00+00:00,707.8217,708,707.81,707.9944,0
2026-09-03T12:10:00+00:00,707.9838,708.3,707.7277,707.8565,0
2026-09-03T12:15:00+00:00,707.81,707.8941,707.5,707.52,0
2026-09-03T12:20:00+00:00,707.5,708.13,707.33,708.015,0
2026-09-03T12:25:00+00:00,708,709.771,707.88,708.299,0
2026-09-03T12:30:00+00:00,708.35,710.6899,708.35,709.8269,0
2026-09-03T12:35:00+00:00,709.78,709.88,709.1193,709.58,0
2026-09-03T12:40:00+00:00,709.552,709.72,709.21,709.31,0
2026-09-03T12:45:00+00:00,709.42,709.66,709.24,709.63,0
2026-09-03T12:50:00+00:00,709.66,710.67,709.6401,710.5393,0
2026-09-03T12:55:00+00:00,710.55,711.01,710.5317,710.7507,0
2026-09-03T13:00:00+00:00,710.7082,710.7082,709.7,709.9898,0
2026-09-03T13:05:00+00:00,710.0032,710.1785,709.54,709.82,0
2026-09-03T13:10:00+00:00,709.8696,710.7062,709.82,710.55,0
2026-09-03T13:15:00+00:00,710.5465,710.66,709.7138,709.78,0
2026-09-03T13:20:00+00:00,709.7994,710.1854,709.66,710.1854,0
2026-09-03T13:25:00+00:00,710.15,710.87,709.9792,710.83,0
2026-09-03T13:30:00+00:00,710.8499756,711.6599731,710.2000122,710.9699707,2441665
2026-09-03T13:35:00+00:00,710.9400024,712.9099731,709.6937866,712.7700195,855277
2026-09-03T13:40:00+00:00,712.7800293,713.4899902,712.3900146,713.1500244,522878
2026-09-03T13:45:00+00:00,713.1500244,713.6500244,712.5300293,713.4699707,425058
2026-09-03T13:50:00+00:00,713.5050049,713.8496704,712.6699829,713.25,516359
2026-09-03T13:55:00+00:00,713.2495728,713.3699951,711.9799805,712.8800049,591115
2026-09-03T14:00:00+00:00,712.8400269,712.8400879,710.8699951,711.2800293,941402
2026-09-03T14:05:00+00:00,711.2750244,711.6500244,710.6799927,711.2401123,374173
2026-09-03T14:10:00+00:00,711.2800293,712.1099854,710.8499756,712.0549927,355304
2026-09-03T14:15:00+00:00,712.039978,713.2150269,711.960022,713.0549927,563333
2026-09-03T14:20:00+00:00,713.0700073,713.5499878,712.7299805,713.25,439654
2026-09-03T14:25:00+00:00,713.2550049,713.5599976,712.7103271,713.0750122,267057
2026-09-03T14:30:00+00:00,713.0599976,713.4699707,711.6530762,711.6995239,303450
2026-09-03T14:35:00+00:00,711.7600098,712.5,711.5800171,711.6500244,201418
2026-09-03T14:40:00+00:00,711.6500244,712.3099976,711.4199829,711.6099854,217851
2026-09-03T14:45:00+00:00,711.6550293,712.3400269,711.4799805,712.2600098,192935
2026-09-03T14:50:00+00:00,712.2739258,712.375,711.6799927,712.375,130981
2026-09-03T14:55:00+00:00,712.3485718,713.6450195,710.8099976,713.5499878,647100
2026-09-03T15:00:00+00:00,713.5698853,715.3499756,713.5650024,715.3300171,873285
2026-09-03T15:05:00+00:00,715.3599854,715.5300293,714.9799805,715.1699829,504714
2026-09-03T15:10:00+00:00,715.1779785,716.0449829,715.0900269,716,501027
2026-09-03T15:15:00+00:00,716.0050049,716.3699951,715.9400024,716.25,444833
2026-09-03T15:20:00+00:00,716.2000122,716.7199707,715.7600098,716.4099731,406270
2026-09-03T15:25:00+00:00,716.4000244,717.8200073,716.3499756,717.7299805,718237
2026-09-03T15:30:00+00:00,717.7600098,717.8649902,717.289978,717.5549927,555330
2026-09-03T15:35:00+00:00,717.539978,717.75,717.0999756,717.2000122,253039
2026-09-03T15:40:00+00:00,717.2000122,717.4500122,716.9400024,717,220960
2026-09-03T15:45:00+00:00,717.0800171,717.3499756,716.9575806,717.1799927,131376
2026-09-03T15:50:00+00:00,717.1799927,717.6300049,717.0200195,717.5599976,197480
2026-09-03T15:55:00+00:00,717.5499878,717.8200073,717.3900146,717.8200073,143081
2026-09-03T16:00:00+00:00,717.8049927,717.8200073,717.1599731,717.1699829,376131
2026-09-03T16:05:00+00:00,717.1611938,717.3099976,716.9332275,717.1199951,753652
2026-09-03T16:10:00+00:00,717.0900269,717.4099731,716.9899902,717.3250122,244947
2026-09-03T16:15:00+00:00,717.3400269,717.5499878,717.1329956,717.460022,113757
2026-09-03T16:20:00+00:00,717.5100098,717.5100708,716.9000244,716.9000244,160153
2026-09-03T16:25:00+00:00,716.9099731,716.9349976,716.5999756,716.7800293,206584
2026-09-03T16:30:00+00:00,716.7940063,716.8699951,716.4899902,716.5999756,137230
2026-09-03T16:35:00+00:00,716.5949707,717.4780273,716.4400024,717.4000244,272000
2026-09-03T16:40:00+00:00,717.375,717.6998901,717.3449707,717.5499878,92234
2026-09-03T16:45:00+00:00,717.5700073,717.6696777,717.4099731,717.6049805,120899
2026-09-03T16:50:00+00:00,717.6199951,717.6699829,717.2949829,717.4099731,74941
2026-09-03T16:55:00+00:00,717.3950195,717.9299927,717.3800049,717.5549927,95214
2026-09-03T17:00:00+00:00,717.5700073,717.6799927,717.1049805,717.3449707,99432
2026-09-03T17:05:00+00:00,717.3200073,717.3499756,716.7000122,716.7000122,89350
2026-09-03T17:10:00+00:00,716.7084961,716.9099731,716.5800171,716.6500854,161391
2026-09-03T17:15:00+00:00,716.6699829,716.9000244,716.5200195,716.5750122,135298
2026-09-03T17:20:00+00:00,716.5700073,716.5900269,716.3400269,716.47052,148756
2026-09-03T17:25:00+00:00,716.489502,717.0800171,716.4699707,716.9699707,120319
2026-09-03T17:30:00+00:00,716.9580078,717.3250122,716.9580078,717.2299805,103641
2026-09-03T17:35:00+00:00,717.2399902,717.5855713,717.1799927,717.3699951,113414
2026-09-03T17:40:00+00:00,717.3870239,717.6199951,717.3599854,717.5800171,134913
2026-09-03T17:45:00+00:00,717.5549927,717.7050171,717.3900146,717.5800171,280997
2026-09-03T17:50:00+00:00,717.5999756,718.1500244,717.4799805,717.9899902,363604
2026-09-03T17:55:00+00:00,717.9799805,718.1300049,717.8499756,717.9199829,113667
2026-09-03T18:00:00+00:00,717.9199829,718.7600098,717.9199829,718.5800171,442002
2026-09-03T18:05:00+00:00,718.710022,718.8049927,718.4699707,718.539978,214697
2026-09-03T18:10:00+00:00,718.6699829,718.7863159,718.5800171,718.6500244,274186
2026-09-03T18:15:00+00:00,718.6575928,718.9099731,718.5499878,718.6199951,438836
2026-09-03T18:20:00+00:00,718.6450195,718.7000122,718.4429932,718.6099854,186628
2026-09-03T18:25:00+00:00,718.6099854,718.7698975,718.5,718.585022,202861
2026-09-03T18:30:00+00:00,718.5999756,718.7700195,718.4299927,718.7399902,93483
2026-09-03T18:35:00+00:00,718.75,718.7999878,718.5900269,718.7299805,150749
2026-09-03T18:40:00+00:00,718.7299805,718.7600098,718.335022,718.3400269,320334
2026-09-03T18:45:00+00:00,718.335022,718.75,718.335022,718.75,286397
2026-09-03T18:50:00+00:00,718.7399902,718.8400269,718.4500122,718.5800171,129934
2026-09-03T18:55:00+00:00,718.585022,718.585022,718.3499756,718.5100098,263341
2026-09-03T19:00:00+00:00,718.5250244,718.5599976,718.1550293,718.2490234,180220
2026-09-03T19:05:00+00:00,718.25,718.3400879,718.0300293,718.0750122,127118
2026-09-03T19:10:00+00:00,718.0599976,718.1300049,717.7000122,717.8300171,142854
2026-09-03T19:15:00+00:00,717.8200073,717.9550171,717.6300049,717.9550171,268016
2026-09-03T19:20:00+00:00,717.9500122,717.960022,717.5599976,717.6500244,313493
2026-09-03T19:25:00+00:00,717.6550293,717.7999878,717.5437012,717.7299805,235645
2026-09-03T19:30:00+00:00,717.7150269,717.869873,717.5,717.5499878,321285
2026-09-03T19:35:00+00:00,717.5499878,717.7800293,717.5499878,717.6968994,306784
2026-09-03T19:40:00+00:00,717.6799927,717.8800049,717.460022,717.5100098,192646
2026-09-03T19:45:00+00:00,717.5100098,717.7700195,717.2999878,717.4099731,454014
2026-09-03T19:50:00+00:00,717.4199829,717.5999756,717.1680298,717.5599976,535831
2026-09-03T19:55:00+00:00,717.5800171,717.7399902,717.1400146,717.6099854,1820633
2026-09-03T20:00:00+00:00,717.67,717.74,717.05,717.2423,0
2026-09-03T20:05:00+00:00,717.2669,717.44,717.16,717.3515,0
2026-09-03T20:10:00+00:00,717.35,717.67,717.24,717.42,0
2026-09-03T20:15:00+00:00,717.43,717.67,717.18,717.21,0
2026-09-03T20:20:00+00:00,717.21,717.22,717.04,717.059,0
2026-09-03T20:25:00+00:00,717.04,717.2652,717.04,717.1524,0
2026-09-03T20:30:00+00:00,717.1575,717.2892,717.1,717.27,0
2026-09-03T20:35:00+00:00,717.25,717.32,717.1914,717.1914,0
2026-09-03T20:40:00+00:00,717.1906,717.22,717.1618,717.1888,0
2026-09-03T20:45:00+00:00,717.1662,717.2,717.1,717.11,0
2026-09-03T20:50:00+00:00,717.1119,725.694,708.6973,716.9277,0
2026-09-03T20:55:00+00:00,716.985,717.02,708.6973,716.95,0
2026-09-03T21:00:00+00:00,717.0084,717.67,716.95,716.99,0
2026-09-03T21:05:00+00:00,716.963,717.1088,716.963,717.09,0
2026-09-03T21:10:00+00:00,717.1,717.1,716.9608,717.04,0
2026-09-03T21:15:00+00:00,717.0387,717.05,716.9883,717.04,0
2026-09-03T21:20:00+00:00,717.03,717.0481,716.9503,716.9625,0
2026-09-03T21:25:00+00:00,716.9985,717.08,716.9512,717,0
2026-09-03T21:30:00+00:00,717.0599,717.08,716.95,717.0767,0
2026-09-03T21:35:00+00:00,717.0769,717.12,717.02,717.12,0
2026-09-03T21:40:00+00:00,717.12,717.18,717.07,717.18,0
2026-09-03T21:45:00+00:00,717.1716,717.3,717.17,717.25,0
2026-09-03T21:50:00+00:00,717.25,717.28,717.08,717.0832,0
2026-09-03T21:55:00+00:00,717.0991,717.2635,717,717.0281,0
2026-09-03T22:00:00+00:00,717.03,717.1162,716.58,716.7536,0
2026-09-03T22:05:00+00:00,716.76,716.8214,716.6,716.6001,0
2026-09-03T22:10:00+00:00,716.6,716.67,716.52,716.6188,0
2026-09-03T22:15:00+00:00,716.5982,716.8187,716.58,716.725,0
2026-09-03T22:20:00+00:00,716.72,716.8036,716.66,716.7019,0
2026-09-03T22:25:00+00:00,716.7,716.7,716.59,716.7,0
2026-09-03T22:30:00+00:00,716.7,716.8378,716.6703,716.8378,0
2026-09-03T22:35:00+00:00,716.8399,716.85,716.74,716.7823,0
2026-09-03T22:40:00+00:00,716.8,716.8,716.6886,716.78,0
2026-09-03T22:45:00+00:00,716.8,716.8837,716.7818,716.81,0
2026-09-03T22:50:00+00:00,716.8082,716.96,716.8027,716.9,0
2026-09-03T22:55:00+00:00,716.91,717.1457,716.89,717.1457,0
2026-09-03T23:00:00+00:00,717.11,717.19,717.05,717.12,0
2026-09-03T23:05:00+00:00,717.11,717.16,716.97,717.1581,0
2026-09-03T23:10:00+00:00,717.14,717.1583,717.0023,717.025,0
2026-09-03T23:15:00+00:00,717.0213,717.0497,716.9,717.04,0
2026-09-03T23:20:00+00:00,717.0302,717.05,716.9602,717.0075,0
2026-09-03T23:25:00+00:00,717.02,717.12,717,717.08,0
2026-09-03T23:30:00+00:00,717.12,717.12,716.9815,717.0499,0
2026-09-03T23:35:00+00:00,716.98,717.055,716.98,717.045,0
2026-09-03T23:40:00+00:00,717.0512,717.1405,717.0403,717.1,0
2026-09-03T23:45:00+00:00,717.0785,717.28,717.0785,717.1726,0
2026-09-03T23:50:00+00:00,717.21,717.2585,717.01,717.0412,0
2026-09-03T23:55:00+00:00,717.22,717.2285,717.03,717.0492,0
2026-09-04T08:00:00+00:00,720.91,721.1585,717.67,720.7312,0
2026-09-04T08:05:00+00:00,720.85,721.32,719.52,721.17,0
2026-09-04T08:10:00+00:00,721.07,721.25,720.82,720.88,0
2026-09-04T08:15:00+00:00,720.87,721.0287,720.829,720.94,0
2026-09-04T08:20:00+00:00,720.95,721.2,720.7892,720.7892,0
2026-09-04T08:25:00+00:00,720.788,721.4022,720.76,721.38,0
2026-09-04T08:30:00+00:00,721.38,721.39,721.02,721.02,0
2026-09-04T08:35:00+00:00,721,721,720.7587,720.86,0
2026-09-04T08:40:00+00:00,720.83,721.1,720.78,721.1,0
2026-09-04T08:45:00+00:00,721.0287,721.15,720.9504,721.05,0
2026-09-04T08:50:00+00:00,720.87,721.16,720.8,721.16,0
2026-09-04T08:55:00+00:00,721.07,721.2229,720.9815,721.09,0
2026-09-04T09:00:00+00:00,721.0392,721.0392,720.8396,720.8396,0
2026-09-04T09:05:00+00:00,720.77,720.86,720.6315,720.67,0
2026-09-04T09:10:00+00:00,720.65,720.6712,720.3012,720.3687,0
2026-09-04T09:15:00+00:00,720.3624,720.67,720.305,720.65,0
2026-09-04T09:20:00+00:00,720.629,720.6385,720.08,720.1987,0
2026-09-04T09:25:00+00:00,720.1777,720.33,720.0815,720.24,0
2026-09-04T09:30:00+00:00,720.2985,720.49,720.1587,720.4128,0
2026-09-04T09:35:00+00:00,720.4215,720.58,720.42,720.53,0
2026-09-04T09:40:00+00:00,720.601,720.75,720.569,720.75,0
2026-09-04T09:45:00+00:00,720.7112,720.949,720.7112,720.87,0
2026-09-04T09:50:00+00:00,720.85,721.05,720.749,721,0
2026-09-04T09:55:00+00:00,721,721.12,720.91,721.0312,0
2026-09-04T10:00:00+00:00,721.0327,721.3,721.0312,721.2046,0
2026-09-04T10:05:00+00:00,721.2026,721.2026,720.98,721.11,0
2026-09-04T10:10:00+00:00,721.0987,721.26,721.01,721.18,0
2026-09-04T10:15:00+00:00,721.1203,721.28,721.07,721.2312,0
2026-09-04T10:20:00+00:00,721.27,721.3,721.12,721.3,0
2026-09-04T10:25:00+00:00,721.28,721.69,721.2715,721.59,0
2026-09-04T10:30:00+00:00,721.47,721.6,721.399,721.4885,0
2026-09-04T10:35:00+00:00,721.43,721.61,721.36,721.61,0
2026-09-04T10:40:00+00:00,721.54,721.6547,721.48,721.615,0
2026-09-04T10:45:00+00:00,721.5912,722.08,721.5912,721.73,0
2026-09-04T10:50:00+00:00,721.71,721.74,721.54,721.66,0
2026-09-04T10:55:00+00:00,721.66,721.68,721.5612,721.61,0
2026-09-04T11:00:00+00:00,721.59,721.7008,717.67,721.04,0
2026-09-04T11:05:00+00:00,721,721.175,720.92,720.92,0
2026-09-04T11:10:00+00:00,720.9071,721.16,720.9,721.1226,0
2026-09-04T11:15:00+00:00,721.12,721.2534,721.05,721.0562,0
2026-09-04T11:20:00+00:00,721.08,721.2672,721.05,721.2007,0
2026-09-04T11:25:00+00:00,721.2,721.48,721.11,721.1464,0
2026-09-04T11:30:00+00:00,721.17,721.4794,721.14,721.3297,0
2026-09-04T11:35:00+00:00,721.34,721.4707,721.3093,721.32,0
2026-09-04T11:40:00+00:00,721.31,721.4421,721.3,721.4,0
2026-09-04T11:45:00+00:00,721.35,721.55,721.29,721.4999,0
2026-09-04T11:50:00+00:00,721.486,721.6926,721.4787,721.6413,0
2026-09-04T11:55:00+00:00,721.6444,721.81,721.54,721.67,0
2026-09-04T12:00:00+00:00,721.6487,721.7362,721,721.02,0
2026-09-04T12:05:00+00:00,721.0208,721.2221,720.3012,721.0617,0
2026-09-04T12:10:00+00:00,721.0797,721.2,720.56,720.72,0
2026-09-04T12:15:00+00:00,720.64,721.03,717.132,721.03,0
2026-09-04T12:20:00+00:00,721.01,721.265,721.0005,721.26,0
2026-09-04T12:25:00+00:00,721.27,721.73,721,721,0
2026-09-04T12:30:00+00:00,721.4683,721.74,718,718.4784,0
2026-09-04T12:35:00+00:00,718.49,719.12,718.24,718.59,0
2026-09-04T12:40:00+00:00,718.5705,719.29,718.56,718.7,0
2026-09-04T12:45:00+00:00,718.6,718.62,717.25,717.62,0
2026-09-04T12:50:00+00:00,717.63,718.3307,717.61,717.96,0
2026-09-04T12:55:00+00:00,717.96,718.45,717.64,718.3437,0
2026-09-04T13:00:00+00:00,718.3782,718.44,717.76,718.23,0
2026-09-04T13:05:00+00:00,718.11,718.6,717.9997,717.9997,0
2026-09-04T13:10:00+00:00,718.0787,718.4201,717.92,718.36,0
2026-09-04T13:15:00+00:00,718.3393,718.755,718.3393,718.7474,0
2026-09-04T13:20:00+00:00,718.72,719.3016,718.7,719.2266,0
2026-09-04T13:25:00+00:00,719.22,719.39,718.9703,719.33,0
2026-09-04T13:30:00+00:00,719.3599854,720.4799805,718.5250244,720.460022,2435975
2026-09-04T13:35:00+00:00,720.4699707,720.6849976,719.9500122,720.3482056,499012
2026-09-04T13:40:00+00:00,720.3200073,720.710022,719.5991211,720.039978,722624
2026-09-04T13:45:00+00:00,720.0200195,720.8049927,719.1199951,720.4799805,470454
2026-09-04T13:50:00+00:00,720.4749756,721.210022,719.8850098,721.0900269,420699
2026-09-04T13:55:00+00:00,721.0800171,721.8599854,720.9299927,721.8380127,340443
2026-09-04T14:00:00+00:00,721.8200073,721.8400269,720.9500122,721.3099976,356694
2026-09-04T14:05:00+00:00,721.3099976,721.5,720.6699829,720.7600098,511801
2026-09-04T14:10:00+00:00,720.7199707,720.960022,719.539978,720.8499756,571243
2026-09-04T14:15:00+00:00,720.8599854,720.8900146,719.6904907,719.7050171,417553
2026-09-04T14:20:00+00:00,719.7199707,719.960022,719.1950073,719.5900269,674628
2026-09-04T14:25:00+00:00,719.539978,719.7399902,718.8499756,719.5900269,754922
2026-09-04T14:30:00+00:00,719.5999756,719.6400146,718.5999756,718.7199707,513992
2026-09-04T14:35:00+00:00,718.6900024,719.4000244,718.6900024,719.375,392408
2026-09-04T14:40:00+00:00,719.3300171,719.3599854,718.0377197,718.0715942,413378
2026-09-04T14:45:00+00:00,718.0700073,718.3295288,717.5100098,717.5100708,470877
2026-09-04T14:50:00+00:00,717.5100098,718.1149902,717.5,717.5999756,530475
2026-09-04T14:55:00+00:00,717.6599731,718,717.2600098,717.710022,546282
2026-09-04T15:00:00+00:00,717.7600098,718,717.2399902,717.6699219,397391
2026-09-04T15:05:00+00:00,717.6500244,718.039917,717.3699951,717.9400024,596819
2026-09-04T15:10:00+00:00,717.8900146,718.2800293,717.5700073,718.2800293,424627
2026-09-04T15:15:00+00:00,718.2595215,718.3200073,717.1599731,717.3303223,448920
2026-09-04T15:20:00+00:00,717.3300171,717.5499878,716.9299927,717.3499756,516889
2026-09-04T15:25:00+00:00,717.3400269,717.5800171,717.2000122,717.4400024,371077
2026-09-04T15:30:00+00:00,717.4299927,717.5300293,716.789978,717.0700073,318399
2026-09-04T15:35:00+00:00,717.0784302,717.4349976,717.0401001,717.335022,165272
2026-09-04T15:40:00+00:00,717.3800049,717.8699951,717.2399902,717.7600098,342609
2026-09-04T15:45:00+00:00,717.7427979,717.8098755,717,717.3400269,159427
2026-09-04T15:50:00+00:00,717.335022,717.6799927,717.1699829,717.3699951,158717
2026-09-04T15:55:00+00:00,717.3649902,717.7186279,717.2299805,717.630127,137711
2026-09-04T16:00:00+00:00,717.6500244,717.75,717.4299927,717.6300049,186040
2026-09-04T16:05:00+00:00,717.6298828,718.164978,717.5100098,718.0750122,242225
2026-09-04T16:10:00+00:00,718.0822754,718.5499878,717.9799805,718.4550171,236812
2026-09-04T16:15:00+00:00,718.4500122,718.4500122,718.1900024,718.3699951,294958
2026-09-04T16:20:00+00:00,718.3699951,718.8549805,718.3699951,718.6149902,270091
2026-09-04T16:25:00+00:00,718.5999756,718.7598877,718.4299927,718.6099854,282903
2026-09-04T16:30:00+00:00,718.6094971,719.0050049,718.4899902,719.0050049,241324
2026-09-04T16:35:00+00:00,719.0009766,719.0800171,718.710022,718.8099976,742514
2026-09-04T16:40:00+00:00,718.7949829,718.960022,718.7249756,718.9249878,300392
2026-09-04T16:45:00+00:00,718.9500122,719.4699707,718.8699951,719.4450073,316591
2026-09-04T16:50:00+00:00,719.460022,719.6049805,719.3599854,719.3599854,288282
2026-09-04T16:55:00+00:00,719.3599854,719.4099731,719.1420288,719.1599731,195309
2026-09-04T17:00:00+00:00,719.1599731,719.2199707,718.3950195,718.5349731,295941
2026-09-04T17:05:00+00:00,718.5300293,718.7800293,718.2349854,718.2399902,305343
2026-09-04T17:10:00+00:00,718.2399902,718.4083862,718.0650024,718.1400146,240260
2026-09-04T17:15:00+00:00,718.1400146,718.3300171,717.9699707,718.0499878,324474
2026-09-04T17:20:00+00:00,718.0599976,718.1599731,717.7299805,717.7399902,401758
2026-09-04T17:25:00+00:00,717.75,717.9349976,717.4199829,717.5050049,311303
2026-09-04T17:30:00+00:00,717.5,717.5,716.9799805,717.1690063,451145
2026-09-04T17:35:00+00:00,717.1500244,717.3300171,717.0599976,717.1950073,344768
2026-09-04T17:40:00+00:00,717.2000122,717.210022,716.7000122,716.8049927,340207
2026-09-04T17:45:00+00:00,716.7949829,717.1298828,716.5599976,716.9299927,304550
2026-09-04T17:50:00+00:00,716.9400024,717.2000122,716.8602295,716.9650269,314252
2026-09-04T17:55:00+00:00,716.960022,717.2659912,716.8499756,717.1199951,154517
2026-09-04T18:00:00+00:00,717.1099854,717.2634888,716.6599731,716.7496948,365522
2026-09-04T18:05:00+00:00,716.7600098,717.0900269,716.6400146,717.0900269,335259
2026-09-04T18:10:00+00:00,717.0599976,717.2449951,716.9899902,717.0100098,188625
2026-09-04T18:15:00+00:00,717.0349731,717.4550171,716.960022,717.4299927,235739
2026-09-04T18:20:00+00:00,717.4349976,717.6699829,717.3599854,717.4749756,326307
2026-09-04T18:25:00+00:00,717.4899902,717.6015015,717.3900146,717.5629272,500293
2026-09-04T18:30:00+00:00,717.5999756,717.7387695,717.5814819,717.7299805,294236
2026-09-04T18:35:00+00:00,717.7249756,717.7700195,717.4299927,717.5499878,186578
2026-09-04T18:40:00+00:00,717.5750122,717.875,717.4299927,717.8250122,186826
2026-09-04T18:45:00+00:00,717.8200073,718,717.8098755,717.9849854,147271
2026-09-04T18:50:00+00:00,717.9699707,718.0599976,717.835022,718,153849
2026-09-04T18:55:00+00:00,718.0100098,718.3200073,717.9400024,718.2299805,176323
2026-09-04T19:00:00+00:00,718.2349854,718.3599854,717.5599976,717.5900269,231381
2026-09-04T19:05:00+00:00,717.6199951,717.7399902,717.4799805,717.5499878,138236
2026-09-04T19:10:00+00:00,717.5300293,717.7700195,717.4799805,717.5599976,243724
2026-09-04T19:15:00+00:00,717.5900269,717.829895,717.5750122,717.6799927,120766
2026-09-04T19:20:00+00:00,717.6799927,717.8900146,717.6500244,717.8699951,102781
2026-09-04T19:25:00+00:00,717.9299927,718.0698853,717.8325195,717.9500122,148439
2026-09-04T19:30:00+00:00,717.9500122,718.289978,717.789978,718.2550049,221104
2026-09-04T19:35:00+00:00,718.2449951,718.460022,717.9699707,718.1500244,287299
2026-09-04T19:40:00+00:00,718.1300049,718.3300171,718.0499878,718.3099976,264778
2026-09-04T19:45:00+00:00,718.2999878,718.585022,718.2924805,718.5549927,1039823
2026-09-04T19:50:00+00:00,718.5800171,719.210022,718.5800171,719.1699829,879698
2026-09-04T19:55:00+00:00,719.1799927,719.4400024,718.789978,719.0599976,1735645
2026-09-04T20:00:00+00:00,719.03,719.03,718.41,718.41,0
2026-09-04T20:05:00+00:00,718.41,718.41,718.02,718.1507,0
2026-09-04T20:10:00+00:00,718.16,718.96,718.1535,718.3146,0
2026-09-04T20:15:00+00:00,718.32,718.96,718.21,718.24,0
2026-09-04T20:20:00+00:00,718.2508,718.2799,718.05,718.09,0
2026-09-04T20:25:00+00:00,718.0831,718.96,718.04,718.06,0
2026-09-04T20:30:00+00:00,718.04,718.1,717.66,717.76,0
2026-09-04T20:35:00+00:00,717.75,718.31,717.73,717.8943,0
2026-09-04T20:40:00+00:00,717.91,718.06,717.9,718.04,0
2026-09-04T20:45:00+00:00,718.02,718.0877,717.94,717.96,0
2026-09-04T20:50:00+00:00,717.9688,718.034,717.93,718.0001,0
2026-09-04T20:55:00+00:00,718,718,717.8102,717.94,0
2026-09-04T21:00:00+00:00,717.9088,718.96,717.9,718.04,0
2026-09-04T21:05:00+00:00,718.04,718.05,717.8995,717.9296,0
2026-09-04T21:10:00+00:00,717.96,718.1,717.92,718.0589,0
2026-09-04T21:15:00+00:00,718.0523,718.1002,718.02,718.03,0
2026-09-04T21:20:00+00:00,718.0985,718.1591,717.98,718.0985,0
2026-09-04T21:25:00+00:00,718.0435,718.22,717.9,718.12,0
2026-09-04T21:30:00+00:00,718.01,718.11,717.91,717.91,0
2026-09-04T21:35:00+00:00,718.03,718.04,717.75,717.7766,0
2026-09-04T21:40:00+00:00,717.89,718,717.73,717.9699,0
2026-09-04T21:45:00+00:00,717.86,717.97,717.86,717.95,0
2026-09-04T21:50:00+00:00,717.94,717.95,717.91,717.9124,0
2026-09-04T21:55:00+00:00,717.93,718.14,717.93,718,0
2026-09-04T22:00:00+00:00,718.1342,718.14,718.03,718.1,0
2026-09-04T22:05:00+00:00,718.09,718.14,717.8,718.04,0
2026-09-04T22:10:00+00:00,718.0213,718.07,717.81,718.07,0
2026-09-04T22:15:00+00:00,718,718,717.8235,717.96,0
2026-09-04T22:20:00+00:00,717.96,717.96,717.55,717.55,0
2026-09-04T22:25:00+00:00,717.59,718,717.5,717.93,0
2026-09-04T22:30:00+00:00,717.9549,717.97,717.86,717.92,0
2026-09-04T22:35:00+00:00,717.78,717.97,717.78,717.87,0
2026-09-04T22:40:00+00:00,717.81,717.9466,717.764,717.91,0
2026-09-04T22:45:00+00:00,717.93,717.97,717.81,717.97,0
2026-09-04T22:50:00+00:00,717.96,717.9999,717.88,717.99,0
2026-09-04T22:55:00+00:00,718,718.07,717.9075,717.9075,0
2026-09-04T23:00:00+00:00,718.0267,718.03,717.9,718,0
2026-09-04T23:05:00+00:00,717.9971,718,717.91,717.99,0
2026-09-04T23:10:00+00:00,717.9997,718,717.9,717.9861,0
2026-09-04T23:15:00+00:00,717.9942,717.9999,717.75,717.88,0
2026-09-04T23:20:00+00:00,717.93,717.93,717.75,717.77,0
2026-09-04T23:25:00+00:00,717.82,717.8799,717.66,717.66,0
2026-09-04T23:30:00+00:00,717.66,717.66,717.5,717.5996,0
2026-09-04T23:35:00+00:00,717.6,718.48,717.34,717.5812,0
2026-09-04T23:40:00+00:00,717.58,718.74,717.07,718.57,0
2026-09-04T23:45:00+00:00,717.6972,718.69,717,717.65,0
2026-09-04T23:50:00+00:00,718.65,718.86,717.06,717.5197,0
2026-09-04T23:55:00+00:00,717.5101,718.69,716.83,717.54,0
2026-09-08T08:00:00+00:00,718.21,723.76,717,717.0317,0
2026-09-08T08:05:00+00:00,717.09,723.25,717.01,717.26,0
2026-09-08T08:10:00+00:00,717.29,717.685,716.9,717.66,0
2026-09-08T08:15:00+00:00,717.72,718.1,717.6576,717.89,0
2026-09-08T08:20:00+00:00,717.78,717.78,717.3,717.6482,0
2026-09-08T08:25:00+00:00,717.6705,718.0188,717.355,717.6185,0
2026-09-08T08:30:00+00:00,717.1985,717.96,717.168,717.96,0
2026-09-08T08:35:00+00:00,717.94,717.94,717.25,717.48,0
2026-09-08T08:40:00+00:00,717.52,717.59,717.33,717.39,0
2026-09-08T08:45:00+00:00,717.38,718.12,717.17,717.4915,0
2026-09-08T08:50:00+00:00,717.64,717.64,717.17,717.3615,0
2026-09-08T08:55:00+00:00,717.3888,717.5428,717.265,717.37,0
2026-09-08T09:00:00+00:00,717.5285,717.72,717.05,717.6598,0
2026-09-08T09:05:00+00:00,717.6312,718.0729,717.57,718.06,0
2026-09-08T09:10:00+00:00,718.08,718.49,718.06,718.47,0
2026-09-08T09:15:00+00:00,718.4499,718.51,718.15,718.29,0
2026-09-08T09:20:00+00:00,718.16,718.46,718.1299,718.46,0
2026-09-08T09:25:00+00:00,718.5,718.56,718.27,718.56,0
2026-09-08T09:30:00+00:00,718.47,718.98,718.47,718.8815,0
2026-09-08T09:35:00+00:00,718.93,719.21,718.83,719.2,0
2026-09-08T09:40:00+00:00,719.18,719.5,718.95,718.9582,0
2026-09-08T09:45:00+00:00,719.0212,719.4445,719.0212,719.425,0
2026-09-08T09:50:00+00:00,719.4017,719.605,719.37,719.4482,0
2026-09-08T09:55:00+00:00,719.5015,719.79,719.4888,719.79,0
2026-09-08T10:00:00+00:00,719.74,719.79,719.4615,719.5312,0
2026-09-08T10:05:00+00:00,719.53,719.53,719.3939,719.3939,0
2026-09-08T10:10:00+00:00,719.37,719.441,719.15,719.441,0
2026-09-08T10:15:00+00:00,719.47,719.67,719.4115,719.67,0
2026-09-08T10:20:00+00:00,719.8,720.9412,719.8,719.98,0
2026-09-08T10:25:00+00:00,720,720.03,719.9,719.95,0
2026-09-08T10:30:00+00:00,719.98,719.98,719.4285,719.559,0
2026-09-08T10:35:00+00:00,719.52,719.73,719.52,719.659,0
2026-09-08T10:40:00+00:00,719.6885,719.69,719.5,719.605,0
2026-09-08T10:45:00+00:00,719.6,719.6,719.02,719.0381,0
2026-09-08T10:50:00+00:00,719.06,719.1,718.56,718.89,0
2026-09-08T10:55:00+00:00,718.8892,719.2585,718.8892,719.05,0
2026-09-08T11:00:00+00:00,719.06,719.3,718.8823,719.0924,0
2026-09-08T11:05:00+00:00,719.18,719.33,718.35,718.88,0
2026-09-08T11:10:00+00:00,718.8306,718.8306,718.26,718.3946,0
2026-09-08T11:15:00+00:00,718.51,719.1876,718.51,719.1876,0
2026-09-08T11:20:00+00:00,719.1607,719.23,718.72,719.01,0
2026-09-08T11:25:00+00:00,719.0044,719.1018,718.83,718.83,0
2026-09-08T11:30:00+00:00,718.96,719.22,718.8,719.22,0
2026-09-08T11:35:00+00:00,719.1,719.13,718.851,718.86,0
2026-09-08T11:40:00+00:00,718.85,718.8787,718.53,718.54,0
2026-09-08T11:45:00+00:00,718.6,718.68,718.39,718.53,0
2026-09-08T11:50:00+00:00,718.5921,719.1217,718.5921,719.0618,0
2026-09-08T11:55:00+00:00,719.17,719.85,719.1358,719.7993,0
2026-09-08T12:00:00+00:00,719.7879,719.8287,719.21,719.34,0
2026-09-08T12:05:00+00:00,719.3835,719.5093,719.1965,719.5093,0
2026-09-08T12:10:00+00:00,719.4815,719.4815,718.6995,718.71,0
2026-09-08T12:15:00+00:00,718.77,719.499,718.6,719.28,0
2026-09-08T12:20:00+00:00,719.39,719.48,719.0917,719.3453,0
2026-09-08T12:25:00+00:00,719.3465,719.6842,719.33,719.66,0
2026-09-08T12:30:00+00:00,719.71,720.421,719.6231,720.345,0
2026-09-08T12:35:00+00:00,720.31,720.46,720.0363,720.205,0
2026-09-08T12:40:00+00:00,720.23,720.28,719.9294,720.1415,0
2026-09-08T12:45:00+00:00,720.16,720.491,718.96,720.42,0
2026-09-08T12:50:00+00:00,720.4846,720.71,720.36,720.71,0
2026-09-08T12:55:00+00:00,720.6646,721.08,720.54,721.07,0
2026-09-08T13:00:00+00:00,721.0934,721.15,720.67,720.9101,0
2026-09-08T13:05:00+00:00,720.9443,721.1607,720.81,720.87,0
2026-09-08T13:10:00+00:00,720.939,721.28,720.8714,721.2291,0
2026-09-08T13:15:00+00:00,721.23,721.4,721.08,721.4,0
2026-09-08T13:20:00+00:00,721.4,721.47,721.11,721.1717,0
2026-09-08T13:25:00+00:00,721.13,721.32,720.67,720.9,0
2026-09-08T13:30:00+00:00,720.9699707,721.8859863,719.1500244,719.8400269,2021409
2026-09-08T13:35:00+00:00,719.8499756,720.0900269,718.8900146,719.039978,546576
2026-09-08T13:40:00+00:00,719.0100098,719.1300049,716.5599976,716.7199707,852758
2026-09-08T13:45:00+00:00,716.7399902,718,716.6400146,717.9899902,481197
2026-09-08T13:50:00+00:00,718,718,716.3300171,717.3699951,466321
2026-09-08T13:55:00+00:00,717.3699951,718.289978,717.1199951,717.4699707,424122
2026-09-08T14:00:00+00:00,717.460022,717.6950073,715.8699951,717.0421753,535556
2026-09-08T14:05:00+00:00,717.0100098,717.1400146,716.2650146,716.289978,307079
2026-09-08T14:10:00+00:00,716.1900024,716.9000244,715.5700073,716.5050049,299389
2026-09-08T14:15:00+00:00,716.5,717.2249756,716.3900146,716.9299927,252798
2026-09-08T14:20:00+00:00,716.9398804,717.9400024,716.8099976,717.9100952,314714
2026-09-08T14:25:00+00:00,717.8800049,717.9099731,717.0300293,717.7600098,244714
2026-09-08T14:30:00+00:00,717.8161011,717.9849854,717.1500244,717.9500122,200672
2026-09-08T14:35:00+00:00,717.9299927,717.9899902,717.3499756,717.5999756,132975
2026-09-08T14:40:00+00:00,717.585083,718.3049927,717.5050049,718.1500244,278042
2026-09-08T14:45:00+00:00,718.1500244,718.2150269,717.7000122,718.0499878,222424
2026-09-08T14:50:00+00:00,718.0700073,718.6599731,717.9799805,718.625,354958
2026-09-08T14:55:00+00:00,718.6300049,718.9387207,718.3900146,718.9299927,272743
2026-09-08T15:00:00+00:00,718.9500122,719.039978,718.6300049,718.8129883,242373
2026-09-08T15:05:00+00:00,718.8200073,719.0499878,718.5549927,718.7399902,370143
2026-09-08T15:10:00+00:00,718.8200073,720.0750122,718.789978,719.9199829,341809
2026-09-08T15:15:00+00:00,719.9199829,720.4450073,719.7008057,720.3200073,671623
2026-09-08T15:20:00+00:00,720.2999878,720.3200073,719.4000244,720.289917,282156
2026-09-08T15:25:00+00:00,720.2772217,720.7199707,720.0100098,720.085022,431926
2026-09-08T15:30:00+00:00,720.1248779,720.3599854,719.8900146,720.1129761,209780
2026-09-08T15:35:00+00:00,720.1099854,720.1500244,719.7600098,720.1300049,386642
2026-09-08T15:40:00+00:00,720.1400146,720.9299927,720.0300293,720.8499756,230404
2026-09-08T15:45:00+00:00,720.8900146,720.9099731,720.0449829,720.1550293,328069
2026-09-08T15:50:00+00:00,720.2000122,720.5,720.0700073,720.2050171,333646
2026-09-08T15:55:00+00:00,720.1799927,720.3599854,719.8649902,719.9699707,455176
2026-09-08T16:00:00+00:00,719.9899902,720.2800293,719.7999878,720.2800293,244133
2026-09-08T16:05:00+00:00,720.2800293,720.4000244,719.6212158,719.6400146,193300
2026-09-08T16:10:00+00:00,719.6300049,719.7249756,719.335022,719.5999756,244425
2026-09-08T16:15:00+00:00,719.5900269,719.5900269,719.1300049,719.130127,179430
2026-09-08T16:20:00+00:00,719.1400146,719.6671753,718.9799805,719.6671753,269424
2026-09-08T16:25:00+00:00,719.6500244,719.960022,719.0601196,719.0750122,266162
2026-09-08T16:30:00+00:00,719.0999756,719.4699707,718.9500122,719.2800293,454824
2026-09-08T16:35:00+00:00,719.2800293,719.4450073,719.1300049,719.2600098,169637
2026-09-08T16:40:00+00:00,719.2800293,719.4699707,719.0999756,719.2700195,220644
2026-09-08T16:45:00+00:00,719.2800293,719.7669067,719.1500244,719.6300049,138519
2026-09-08T16:50:00+00:00,719.6300049,720.0700073,719.4650269,719.7650146,314938
2026-09-08T16:55:00+00:00,719.789978,719.8400269,718.6699829,719.2299805,347499
2026-09-08T17:00:00+00:00,719.2399902,720.5900269,719.2199707,720.5900269,345494
2026-09-08T17:05:00+00:00,720.5999756,720.8499756,720.2800903,720.3950195,203841
2026-09-08T17:10:00+00:00,720.3900146,720.6599731,720.3499756,720.5599976,151141
2026-09-08T17:15:00+00:00,720.5900269,720.6699829,720.3900146,720.5200195,261649
2026-09-08T17:20:00+00:00,720.539978,720.5800171,720.1799927,720.4349976,236364
2026-09-08T17:25:00+00:00,720.4299927,720.4699707,720.039978,720.2600098,103400
2026-09-08T17:30:00+00:00,720.2800293,720.6699829,720.25,720.5800171,141535
2026-09-08T17:35:00+00:00,720.5549927,720.6500244,720.3800049,720.3800049,110767
2026-09-08T17:40:00+00:00,720.3900146,720.3900146,719.8400269,719.8800049,163950
2026-09-08T17:45:00+00:00,719.8900146,720.1655273,719.887207,720.0321045,214317
2026-09-08T17:50:00+00:00,720.0300293,720.1900024,719.789978,720.0700073,152074
2026-09-08T17:55:00+00:00,720.0800171,720.0800171,719.6599731,719.6599731,211559
2026-09-08T18:00:00+00:00,719.6699829,719.8696899,719.5700073,719.8049927,222051
2026-09-08T18:05:00+00:00,719.8499756,720.1500244,719.7904053,720.0300903,154500
2026-09-08T18:10:00+00:00,720.039978,720.2000122,719.9099731,720.0200195,119562
2026-09-08T18:15:00+00:00,720.0300293,720.2399902,719.9799805,720.1300049,97602
2026-09-08T18:20:00+00:00,720.1149902,720.2199707,719.6699829,719.6862183,98621
2026-09-08T18:25:00+00:00,719.6699829,719.8699951,719.6199951,719.8099976,115621
2026-09-08T18:30:00+00:00,719.8300171,719.8800049,719.6699829,719.6799927,698004
2026-09-08T18:35:00+00:00,719.6699829,719.789978,719.3800049,719.5,137749
2026-09-08T18:40:00+00:00,719.4949951,719.9500122,719.3699951,719.9299927,89550
2026-09-08T18:45:00+00:00,719.9299927,720.1199951,717.9099731,718.5,494197
2026-09-08T18:50:00+00:00,718.5200195,719.3599854,718.3200073,719.2858887,315953
2026-09-08T18:55:00+00:00,719.2800293,719.5200195,719.1464233,719.289978,164473
2026-09-08T19:00:00+00:00,719.3150024,719.5463257,718.9099731,719.1550293,180159
2026-09-08T19:05:00+00:00,719.1350098,719.4799805,719.0501099,719.0750122,216505
2026-09-08T19:10:00+00:00,719.0599976,719.3599854,719.039978,719.2399902,121315
2026-09-08T19:15:00+00:00,719.2199707,719.3099976,718.8699951,718.8914795,115376
2026-09-08T19:20:00+00:00,718.8900146,719.1199951,718.5501099,718.6199951,135708
2026-09-08T19:25:00+00:00,718.6799927,719.0789795,718.5100098,718.9650269,152654
2026-09-08T19:30:00+00:00,718.9650269,719.0100098,718.5700073,718.9299927,162778
2026-09-08T19:35:00+00:00,718.9470825,718.9598999,718.6199951,718.7000122,185211
2026-09-08T19:40:00+00:00,718.75,718.8549805,718.4500122,718.5700073,231152
2026-09-08T19:45:00+00:00,718.5800171,718.6699829,717.9899902,718.4699707,332994
2026-09-08T19:50:00+00:00,718.5,718.6199951,717.25,717.4949951,864001
2026-09-08T19:55:00+00:00,717.5800171,718.539978,717.3900146,718.3806152,1885510
2026-09-08T20:00:00+00:00,718.4,718.5886,717.59,717.8151,0
2026-09-08T20:05:00+00:00,717.8185,717.97,717.53,717.87,0
2026-09-08T20:10:00+00:00,717.9114,718.36,717.87,718,0
2026-09-08T20:15:00+00:00,718,718.36,717.79,717.881,0
2026-09-08T20:20:00+00:00,718.36,718.36,717.8548,717.969,0
2026-09-08T20:25:00+00:00,717.94,718.07,717.59,717.6097,0
2026-09-08T20:30:00+00:00,717.57,717.67,717.5,717.67,0
2026-09-08T20:35:00+00:00,717.67,717.8438,717.665,717.7588,0
2026-09-08T20:40:00+00:00,717.7502,717.97,717.7502,717.9447,0
2026-09-08T20:45:00+00:00,717.9,718,717.8819,717.94,0
2026-09-08T20:50:00+00:00,717.9112,752.9634,717.9112,718.02,0
2026-09-08T20:55:00+00:00,718.02,718.0731,717.9419,718.05,0
2026-09-08T21:00:00+00:00,718.06,718.36,717.9986,718.36,0
2026-09-08T21:05:00+00:00,718,752.9634,717.9986,718.039,0
2026-09-08T21:10:00+00:00,718.03,718.07,717.98,718.0346,0
2026-09-08T21:15:00+00:00,718.04,718.04,718,718.01,0
2026-09-08T21:20:00+00:00,718.01,718.2,717.98,717.9838,0
2026-09-08T21:25:00+00:00,717.9804,718.01,717.98,717.9987,0
2026-09-08T21:30:00+00:00,717.9986,718,669.7153,718,0
2026-09-08T21:35:00+00:00,717.9985,718.16,717.9487,718.13,0
2026-09-08T21:40:00+00:00,718.1302,718.18,717.9301,718.1,0
2026-09-08T21:45:00+00:00,718.14,718.15,717.93,718.1399,0
2026-09-08T21:50:00+00:00,718.13,718.14,718.06,718.1,0
2026-09-08T21:55:00+00:00,718.12,718.12,718,718.088,0
2026-09-08T22:00:00+00:00,718,718.36,717.46,718.1949,0
2026-09-08T22:05:00+00:00,718.1493,718.1997,717.9517,718.02,0
2026-09-08T22:10:00+00:00,718.04,718.04,717.881,717.9082,0
2026-09-08T22:15:00+00:00,717.841,718.029,717.83,717.8996,0
2026-09-08T22:20:00+00:00,717.91,717.9899,717.6197,717.75,0
2026-09-08T22:25:00+00:00,717.78,718.04,717.78,717.93,0
2026-09-08T22:30:00+00:00,717.9499,717.9725,717.8,717.8511,0
2026-09-08T22:35:00+00:00,717.94,718.0251,717.89,717.999,0
2026-09-08T22:40:00+00:00,718,718.14,718,718.082,0
2026-09-08T22:45:00+00:00,718.0746,718.22,718.0746,718.1846,0
2026-09-08T22:50:00+00:00,718.1792,718.3,718.15,718.2205,0
2026-09-08T22:55:00+00:00,718.24,718.52,718.2215,718.52,0
2026-09-08T23:00:00+00:00,718.4791,718.52,718.27,718.3218,0
2026-09-08T23:05:00+00:00,718.32,718.33,718.2125,718.2125,0
2026-09-08T23:10:00+00:00,718.2714,718.2714,718.15,718.175,0
2026-09-08T23:15:00+00:00,718.189,718.189,717.915,718.0388,0
2026-09-08T23:20:00+00:00,718,718.0857,717.9375,718.0386,0
2026-09-08T23:25:00+00:00,718.0362,718.0362,717.7393,717.8307,0
2026-09-08T23:30:00+00:00,717.7693,717.86,717.7301,717.77,0
2026-09-08T23:35:00+00:00,717.7501,717.7501,717.52,717.5997,0
2026-09-08T23:40:00+00:00,717.5723,717.6879,717.525,717.6023,0
2026-09-08T23:45:00+00:00,717.6089,717.72,717.3765,717.44,0
2026-09-08T23:50:00+00:00,717.47,717.5092,717.21,717.22,0
2026-09-08T23:55:00+00:00,717.21,717.49,717.21,717.42,0
2026-09-09T08:00:00+00:00,719.58,720.67,718.36,719.79,0
2026-09-09T08:05:00+00:00,719.8312,720.0787,719.5717,719.64,0
2026-09-09T08:10:00+00:00,719.7182,719.88,719.47,719.47,0
2026-09-09T08:15:00+00:00,719.47,719.695,719.4685,719.6223,0
2026-09-09T08:20:00+00:00,719.61,719.6117,719.1485,719.1485,0
2026-09-09T08:25:00+00:00,719.21,719.7,719.08,719.6685,0
2026-09-09T08:30:00+00:00,719.51,719.68,719.36,719.36,0
2026-09-09T08:35:00+00:00,719.3487,719.3487,718.72,718.72,0
2026-09-09T08:40:00+00:00,718.72,719.09,718.5,718.5,0
2026-09-09T08:45:00+00:00,718.5,718.72,718.43,718.59,0
2026-09-09T08:50:00+00:00,718.67,719.13,718.67,719.1182,0
2026-09-09T08:55:00+00:00,719.06,719.1215,718.9468,719.0272,0
2026-09-09T09:00:00+00:00,719.0582,719.27,718.76,718.9,0
2026-09-09T09:05:00+00:00,718.9785,718.9785,718.43,718.43,0
2026-09-09T09:10:00+00:00,718.4,718.7607,718.28,718.6657,0
2026-09-09T09:15:00+00:00,718.7206,718.7206,718.53,718.56,0
2026-09-09T09:20:00+00:00,718.4786,718.5327,717.85,717.9582,0
2026-09-09T09:25:00+00:00,717.98,718.1745,717.9,718.16,0
2026-09-09T09:30:00+00:00,718.15,718.38,717.5,717.5,0
2026-09-09T09:35:00+00:00,717.5,717.5037,717.18,717.29,0
2026-09-09T09:40:00+00:00,717.22,717.32,716.8,716.9,0
2026-09-09T09:45:00+00:00,716.8438,717.1,716.42,716.57,0
2026-09-09T09:50:00+00:00,716.55,716.64,715.48,715.5142,0
2026-09-09T09:55:00+00:00,715.51,715.59,714.8,715.0886,0
2026-09-09T10:00:00+00:00,715.1185,715.41,714.405,715.3164,0
2026-09-09T10:05:00+00:00,715.4,715.6,714.8,714.8,0
2026-09-09T10:10:00+00:00,714.81,715.3411,714.74,714.985,0
2026-09-09T10:15:00+00:00,714.96,715.56,714.66,715.55,0
2026-09-09T10:20:00+00:00,715.6,715.84,715.2787,715.4285,0
2026-09-09T10:25:00+00:00,715.37,715.5,715.2,715.5,0
2026-09-09T10:30:00+00:00,715.4285,715.74,715.38,715.5587,0
2026-09-09T10:35:00+00:00,715.57,715.8,715.48,715.48,0
2026-09-09T10:40:00+00:00,715.5,715.57,715,715,0
2026-09-09T10:45:00+00:00,715,715.05,714.6,715.0185,0
2026-09-09T10:50:00+00:00,714.93,714.98,714.365,714.83,0
2026-09-09T10:55:00+00:00,714.8,715.14,714.68,714.88,0
2026-09-09T11:00:00+00:00,714.83,718.36,714.56,715.01,0
2026-09-09T11:05:00+00:00,714.995,715.416,714.7687,715.416,0
2026-09-09T11:10:00+00:00,715.38,715.76,715.2,715.2487,0
2026-09-09T11:15:00+00:00,715.23,715.2976,714.53,714.8883,0
2026-09-09T11:20:00+00:00,714.865,715.7,714.6,715.6393,0
2026-09-09T11:25:00+00:00,715.61,715.8,715.4,715.5,0
2026-09-09T11:30:00+00:00,715.43,715.5,714.89,714.89,0
2026-09-09T11:35:00+00:00,714.91,715.05,714.76,715.05,0
2026-09-09T11:40:00+00:00,715.09,715.1238,714.51,714.52,0
2026-09-09T11:45:00+00:00,714.5596,716,714.51,715.9794,0
2026-09-09T11:50:00+00:00,715.85,716.27,715.41,715.57,0
2026-09-09T11:55:00+00:00,715.43,715.43,714.84,715.02,0
2026-09-09T12:00:00+00:00,715.02,715.08,714.3097,714.37,0
2026-09-09T12:05:00+00:00,714.42,714.56,714.08,714.26,0
2026-09-09T12:10:00+00:00,714.2368,718.898,713.52,713.5389,0
2026-09-09T12:15:00+00:00,713.63,713.899,713.45,713.7,0
2026-09-09T12:20:00+00:00,713.73,714.2399,713.7132,714.0607,0
2026-09-09T12:25:00+00:00,714.0433,714.22,713.9299,713.9299,0
2026-09-09T12:30:00+00:00,713.91,714.571,713.71,714.5323,0
2026-09-09T12:35:00+00:00,714.48,714.65,714.4,714.6051,0
2026-09-09T12:40:00+00:00,714.57,714.6724,714.3491,714.6475,0
2026-09-09T12:45:00+00:00,714.5997,718.36,714.5997,715.06,0
2026-09-09T12:50:00+00:00,715.06,715.12,714.67,714.67,0
2026-09-09T12:55:00+00:00,714.7907,715.03,714.68,714.8831,0
2026-09-09T13:00:00+00:00,714.7495,715.24,714.695,715.1,0
2026-09-09T13:05:00+00:00,715.1,715.1725,714.95,715.0428,0
2026-09-09T13:10:00+00:00,715,715.2282,714.94,715.1485,0
2026-09-09T13:15:00+00:00,715.12,715.45,715.03,715.4279,0
2026-09-09T13:20:00+00:00,715.4394,715.5107,715.31,715.4,0
2026-09-09T13:25:00+00:00,715.52,716.4,715.52,716.4,0
2026-09-09T13:30:00+00:00,716.289978,717.4074097,715.4899902,716.9547729,2293450
2026-09-09T13:35:00+00:00,716.9099731,717.4398804,716.6799927,717.0800171,382076
2026-09-09T13:40:00+00:00,717.0800171,717.539978,716.5510254,716.960022,414534
2026-09-09T13:45:00+00:00,716.9899902,717.789978,716.4099731,717.4500122,838021
2026-09-09T13:50:00+00:00,717.4500122,718,717.0800171,717.9000244,367069
2026-09-09T13:55:00+00:00,717.8900146,719.0599976,717.7999878,718.8800049,510852
2026-09-09T14:00:00+00:00,718.8699951,719.5493774,718.2061768,719.335022,479257
2026-09-09T14:05:00+00:00,719.3300171,719.7000122,718.9199829,719.1900024,390021
2026-09-09T14:10:00+00:00,719.1900024,719.3800049,718.5100098,718.9450073,383171
2026-09-09T14:15:00+00:00,718.8800049,718.9199829,717.1959229,717.4199829,540512
2026-09-09T14:20:00+00:00,717.4299927,717.6599731,716.5100098,716.5100098,491134
2026-09-09T14:25:00+00:00,716.5200195,718.3699951,716.4899902,718.289978,446999
2026-09-09T14:30:00+00:00,718.2800293,718.3200073,717.4699707,717.8400269,204127
2026-09-09T14:35:00+00:00,717.9000244,718.1799927,717.3300171,718.0380859,260926
2026-09-09T14:40:00+00:00,717.9899902,718.5092163,717.7399902,718.4000244,221639
2026-09-09T14:45:00+00:00,718.3499756,718.460022,717.9400024,718.3900146,168989
2026-09-09T14:50:00+00:00,718.4349976,718.460022,717.5700073,717.6199951,432405
2026-09-09T14:55:00+00:00,717.6099854,718.3795776,717.5800171,718.1699829,209066
2026-09-09T15:00:00+00:00,718.1851196,718.9299927,717.0499878,717.3099976,514065
2026-09-09T15:05:00+00:00,717.2700195,717.5900269,715.8800049,716.0050049,378638
2026-09-09T15:10:00+00:00,716.0449829,716.1749878,714.7329102,715.0150146,473894
2026-09-09T15:15:00+00:00,715.0100098,716.2700195,714.8400269,716.0900269,471728
2026-09-09T15:20:00+00:00,716.0900269,716.3599854,714.0200195,714.1599731,484069
2026-09-09T15:25:00+00:00,714.1550293,714.8878784,714.0700073,714.7999878,338779
2026-09-09T15:30:00+00:00,714.8200073,715.8557129,714.75,715.7385864,329803
2026-09-09T15:35:00+00:00,715.8400269,716.8300171,715.1599731,716.6799927,433231
2026-09-09T15:40:00+00:00,716.710022,716.9799805,715.4500122,715.9699707,325711
2026-09-09T15:45:00+00:00,715.9500122,716.0599976,715.6500244,715.9099731,127002
2026-09-09T15:50:00+00:00,715.9299927,716.6300049,715.9299927,716.6199951,317728
2026-09-09T15:55:00+00:00,716.5971069,716.5971069,715.6900024,716.1900024,388624
2026-09-09T16:00:00+00:00,716.1911011,716.4299927,716.0369873,716.3900146,162805
2026-09-09T16:05:00+00:00,716.3900146,716.5100098,715.3699951,715.3850098,292035
2026-09-09T16:10:00+00:00,715.3850098,715.8800049,715.2999878,715.3699951,169500
2026-09-09T16:15:00+00:00,715.3800049,715.4099731,714.9899902,715.1099854,186804
2026-09-09T16:20:00+00:00,715.0999756,715.3499756,714.911377,715.3300171,196308
2026-09-09T16:25:00+00:00,715.3400269,715.4199219,714.710022,714.960022,226497
2026-09-09T16:30:00+00:00,715.0100098,715.8900146,714.9799805,715.7650146,231146
2026-09-09T16:35:00+00:00,715.7600098,716.0700073,715.5750122,716.0463257,171715
2026-09-09T16:40:00+00:00,716.0549927,716.3300171,715.9000244,716.3300171,176965
2026-09-09T16:45:00+00:00,716.3599854,716.5100098,716.0200195,716.3200073,124983
2026-09-09T16:50:00+00:00,716.3209839,716.8699951,716.3209839,716.5100098,229226
2026-09-09T16:55:00+00:00,716.5300293,716.710022,716.3400269,716.4099731,198915
2026-09-09T17:00:00+00:00,716.4000244,716.9500122,716.1599731,716.1799927,322855
2026-09-09T17:05:00+00:00,716.210022,716.6500244,716.210022,716.4099731,122501
2026-09-09T17:10:00+00:00,716.4000244,716.960022,716.2999878,716.8900146,144485
2026-09-09T17:15:00+00:00,716.8900146,717.0499878,716.5,716.5,124071
2026-09-09T17:20:00+00:00,716.5100098,716.7000122,716.3599854,716.7000122,118960
2026-09-09T17:25:00+00:00,716.7299805,716.7299805,716.2399902,716.2399902,104046
2026-09-09T17:30:00+00:00,716.2600098,716.5200195,716.0410156,716.2999878,129620
2026-09-09T17:35:00+00:00,716.2550049,716.3999023,715.727478,715.789978,166285
2026-09-09T17:40:00+00:00,715.8200073,716.4099731,715.8099976,716.3699951,122002
2026-09-09T17:45:00+00:00,716.4000244,716.7969971,716.3699951,716.7150269,139429
2026-09-09T17:50:00+00:00,716.7299805,717.0300293,716.539978,716.9500122,144366
2026-09-09T17:55:00+00:00,716.960022,717.039978,716.6799927,716.7000122,133103
2026-09-09T18:00:00+00:00,716.6900024,716.7700195,716.5900269,716.6599731,195147
2026-09-09T18:05:00+00:00,716.6599731,716.6699829,716.2800293,716.3449707,115939
2026-09-09T18:10:00+00:00,716.3499756,716.4099121,716.0438843,716.0438843,149481
2026-09-09T18:15:00+00:00,716.0100098,716.2550049,715.9299927,716.090271,121798
2026-09-09T18:20:00+00:00,716.0999756,716.4799805,716.0750122,716.4450073,125352
2026-09-09T18:25:00+00:00,716.4451294,716.5202026,716.1500244,716.2999878,118026
2026-09-09T18:30:00+00:00,716.3121948,716.4898071,716.1400146,716.335022,152728
2026-09-09T18:35:00+00:00,716.3200073,716.52948,716.2999878,716.4700928,54117
2026-09-09T18:40:00+00:00,716.4799805,716.6900024,716.4799805,716.6300049,356416
2026-09-09T18:45:00+00:00,716.6224976,716.6950073,716.4099731,716.4685059,127323
2026-09-09T18:50:00+00:00,716.4699707,716.7999878,716.4500122,716.710022,102171
2026-09-09T18:55:00+00:00,716.7299805,716.7999878,716.1400146,716.1500244,104283
2026-09-09T19:00:00+00:00,716.1599731,716.2800293,715.7600098,715.8699951,250515
2026-09-09T19:05:00+00:00,715.8800049,716.3400269,715.838623,716.2600098,541383
2026-09-09T19:10:00+00:00,716.2750244,716.3400269,716.1599731,716.2249756,307028
2026-09-09T19:15:00+00:00,716.2249756,716.7199707,716.2109985,716.6400146,219150
2026-09-09T19:20:00+00:00,716.6599731,716.7449951,716.4400024,716.588623,298544
2026-09-09T19:25:00+00:00,716.5949707,716.6799927,716.2650146,716.276123,105571
2026-09-09T19:30:00+00:00,716.2800293,716.3900146,716.1400146,716.2299805,231624
2026-09-09T19:35:00+00:00,716.2349854,716.2800293,715.9799805,716.0499878,713310
2026-09-09T19:40:00+00:00,716.0200195,716.1500244,715.9099731,716.1300049,272018
2026-09-09T19:45:00+00:00,716.1300049,716.25,715.9400024,716.1900024,387632
2026-09-09T19:50:00+00:00,716.1500244,716.2299805,715.7800293,715.9949951,483832
2026-09-09T19:55:00+00:00,716.0100098,716.3699951,715.5300293,716.2800293,998170
2026-09-09T20:00:00+00:00,716.32,716.39,715.75,715.95,0
2026-09-09T20:05:00+00:00,715.9645,716.23,715.95,716.1819,0
2026-09-09T20:10:00+00:00,716.1992,716.3269,716.119,716.25,0
2026-09-09T20:15:00+00:00,716.27,716.35,716.18,716.25,0
2026-09-09T20:20:00+00:00,716.2842,716.3,716.2145,716.2923,0
2026-09-09T20:25:00+00:00,716.2987,716.31,716.1912,716.21,0
2026-09-09T20:30:00+00:00,716.23,716.2992,716.176,716.2992,0
2026-09-09T20:35:00+00:00,716.32,716.4,716.31,716.3786,0
2026-09-09T20:40:00+00:00,716.3723,716.42,716.28,716.3,0
2026-09-09T20:45:00+00:00,716.34,716.36,672.8238,716.36,0
2026-09-09T20:50:00+00:00,716.3173,716.32,716.1907,716.2992,0
2026-09-09T20:55:00+00:00,716.3,716.3622,716.27,716.3622,0
2026-09-09T21:00:00+00:00,716.357,716.45,716.2,716.311,0
2026-09-09T21:05:00+00:00,716.31,716.35,672.8238,716.2,0
2026-09-09T21:10:00+00:00,715.98,716.21,715.94,716.0495,0
2026-09-09T21:15:00+00:00,716.0482,716.05,716.03,716.031,0
2026-09-09T21:20:00+00:00,716.04,716.05,715.9993,716.0267,0
2026-09-09T21:25:00+00:00,716.03,716.2099,715.95,715.95,0
2026-09-09T21:30:00+00:00,716,716.12,715.95,716.01,0
2026-09-09T21:35:00+00:00,716.12,716.12,715.95,716.02,0
2026-09-09T21:40:00+00:00,716.0952,716.12,715.9609,716.12,0
2026-09-09T21:45:00+00:00,715.9907,716.12,715.75,715.98,0
2026-09-09T21:50:00+00:00,715.98,716.11,715.91,716.08,0
2026-09-09T21:55:00+00:00,715.98,716.1181,715.96,715.9721,0
2026-09-09T22:00:00+00:00,716,716.711,715.88,715.88,0
2026-09-09T22:05:00+00:00,715.85,715.92,715.5985,715.8697,0
2026-09-09T22:10:00+00:00,715.831,715.9453,715.6281,715.6281,0
2026-09-09T22:15:00+00:00,715.6756,715.7,715.5733,715.63,0
2026-09-09T22:20:00+00:00,715.61,715.77,715.6014,715.6823,0
2026-09-09T22:25:00+00:00,715.7,715.751,715.64,715.6914,0
2026-09-09T22:30:00+00:00,715.7114,715.85,715.6987,715.7823,0
2026-09-09T22:35:00+00:00,715.78,715.85,715.769,715.7914,0
2026-09-09T22:40:00+00:00,715.8423,715.8487,715.78,715.7881,0
2026-09-09T22:45:00+00:00,715.79,715.86,715.7584,715.7914,0
2026-09-09T22:50:00+00:00,715.8223,715.8223,715.6557,715.67,0
2026-09-09T22:55:00+00:00,715.67,715.7614,715.6392,715.76,0
2026-09-09T23:00:00+00:00,715.74,715.7423,715.6,715.665,0
2026-09-09T23:05:00+00:00,715.71,715.71,715.56,715.57,0
2026-09-09T23:10:00+00:00,715.51,715.5623,715.45,715.4997,0
2026-09-09T23:15:00+00:00,715.5,715.8,715.4242,715.71,0
2026-09-09T23:20:00+00:00,715.59,715.6923,715.59,715.602,0
2026-09-09T23:25:00+00:00,715.61,715.6587,715.507,715.6587,0
2026-09-09T23:30:00+00:00,715.69,715.7,715.6,715.63,0
2026-09-09T23:35:00+00:00,715.63,715.7,715.61,715.7,0
2026-09-09T23:40:00+00:00,715.6215,715.74,715.6015,715.74,0
2026-09-09T23:45:00+00:00,715.71,715.85,715.71,715.83,0
2026-09-09T23:50:00+00:00,715.8297,716.66,715.78,716.61,0
2026-09-09T23:55:00+00:00,716.5677,716.5677,716.3335,716.49,0
2026-09-10T08:00:00+00:00,716.1782,717.52,715.53,716.26,0
2026-09-10T08:05:00+00:00,716.25,717.17,715.85,716.1685,0
2026-09-10T08:10:00+00:00,716.3,716.33,715.8687,715.89,0
2026-09-10T08:15:00+00:00,715.88,715.9512,715.7,715.878,0
2026-09-10T08:20:00+00:00,715.93,716.301,715.93,716.19,0
2026-09-10T08:25:00+00:00,716.1512,716.2915,716.0415,716.2915,0
2026-09-10T08:30:00+00:00,716.34,716.44,715.7748,715.8,0
2026-09-10T08:35:00+00:00,715.78,716.19,715.78,716.045,0
2026-09-10T08:40:00+00:00,716.0675,716.0675,715.439,715.47,0
2026-09-10T08:45:00+00:00,715.6085,715.75,715.4,715.4,0
2026-09-10T08:50:00+00:00,715.4358,715.46,715.27,715.46,0
2026-09-10T08:55:00+00:00,715.42,715.42,715.28,715.4065,0
2026-09-10T09:00:00+00:00,715.4285,715.752,715.3,715.75,0
2026-09-10T09:05:00+00:00,715.775,715.775,715.32,715.335,0
2026-09-10T09:10:00+00:00,715.4217,715.6188,715.4,715.4712,0
2026-09-10T09:15:00+00:00,715.478,715.5,715.32,715.47,0
2026-09-10T09:20:00+00:00,715.56,715.56,715.27,715.31,0
2026-09-10T09:25:00+00:00,715.25,715.28,714.97,715.03,0
2026-09-10T09:30:00+00:00,714.94,714.96,714.4502,714.72,0
2026-09-10T09:35:00+00:00,714.74,714.78,714.44,714.48,0
2026-09-10T09:40:00+00:00,714.45,714.92,714.14,714.92,0
2026-09-10T09:45:00+00:00,714.9,715.2505,714.86,715.2505,0
2026-09-10T09:50:00+00:00,715.12,715.55,715.1181,715.3687,0
2026-09-10T09:55:00+00:00,715.33,715.3695,715.15,715.25,0
2026-09-10T10:00:00+00:00,715.2582,715.5,715,715.2985,0
2026-09-10T10:05:00+00:00,715.3582,715.3782,714.9274,715.01,0
2026-09-10T10:10:00+00:00,714.9665,715.15,714.85,715,0
2026-09-10T10:15:00+00:00,715.03,715.0382,714.9812,715,0
2026-09-10T10:20:00+00:00,714.9685,715.09,714.82,714.98,0
2026-09-10T10:25:00+00:00,715,715.3,714.8,714.9,0
2026-09-10T10:30:00+00:00,714.91,714.91,714.24,714.319,0
2026-09-10T10:35:00+00:00,714.3016,714.96,714.3016,714.89,0
2026-09-10T10:40:00+00:00,714.9588,715.1285,714.92,714.92,0
2026-09-10T10:45:00+00:00,714.92,714.92,714.7,714.821,0
2026-09-10T10:50:00+00:00,714.9026,714.9285,714.36,714.36,0
2026-09-10T10:55:00+00:00,714.3,715.59,714.25,714.54,0
2026-09-10T11:00:00+00:00,714.52,716.31,713.45,713.83,0
2026-09-10T11:05:00+00:00,713.93,713.9423,713.46,713.58,0
2026-09-10T11:10:00+00:00,713.5696,713.86,713.36,713.7625,0
2026-09-10T11:15:00+00:00,713.7222,713.8283,713.45,713.62,0
2026-09-10T11:20:00+00:00,713.62,713.787,713.44,713.69,0
2026-09-10T11:25:00+00:00,713.72,713.73,713.54,713.5822,0
2026-09-10T11:30:00+00:00,713.59,714.1546,713.5458,714.09,0
2026-09-10T11:35:00+00:00,714.0896,714.19,713.94,714.1,0
2026-09-10T11:40:00+00:00,714.04,714.0646,713.6385,713.7724,0
2026-09-10T11:45:00+00:00,713.7811,714.51,713.09,713.1,0
2026-09-10T11:50:00+00:00,713.07,713.1,712.4916,712.596,0
2026-09-10T11:55:00+00:00,712.57,716.847,711.83,711.84,0
2026-09-10T12:00:00+00:00,711.9285,712.12,711.2983,711.39,0
2026-09-10T12:05:00+00:00,711.414,711.5698,711.13,711.18,0
2026-09-10T12:10:00+00:00,711.12,711.79,711.07,711.7432,0
2026-09-10T12:15:00+00:00,711.6739,711.7805,710.975,711.1,0
2026-09-10T12:20:00+00:00,711.08,716.83,710.64,710.7555,0
2026-09-10T12:25:00+00:00,710.73,711.33,710.5,710.93,0
2026-09-10T12:30:00+00:00,710.84,711.46,708.05,708.0992,0
2026-09-10T12:35:00+00:00,708.13,708.785,707.8908,708.1376,0
2026-09-10T12:40:00+00:00,708.08,708.1409,707.41,707.94,0
2026-09-10T12:45:00+00:00,707.97,707.98,707.2503,707.8,0
2026-09-10T12:50:00+00:00,707.795,707.96,707.04,707.31,0
2026-09-10T12:55:00+00:00,707.33,707.39,706.5,706.76,0
2026-09-10T13:00:00+00:00,706.83,707.7653,706.76,707.67,0
2026-09-10T13:05:00+00:00,707.7,707.7299,706.8446,707.14,0
2026-09-10T13:10:00+00:00,707.17,707.6,707.069,707.11,0
2026-09-10T13:15:00+00:00,707.0832,707.36,706.7,707.0363,0
2026-09-10T13:20:00+00:00,707.1,707.2,706.74,706.8094,0
2026-09-10T13:25:00+00:00,706.87,707.5595,706.53,707.55,0
2026-09-10T13:30:00+00:00,707.5650024,708.4299927,706.8549805,707.7750244,3873291
2026-09-10T13:35:00+00:00,707.7800293,709.9000244,707.5800171,709.7210083,890961
2026-09-10T13:40:00+00:00,709.7462769,710.2700195,708.6699829,708.7700195,704917
2026-09-10T13:45:00+00:00,708.8200073,710.3599854,708.6254883,709.8887939,759089
2026-09-10T13:50:00+00:00,709.9099731,709.9500122,707.9307251,707.9500122,554274
2026-09-10T13:55:00+00:00,707.9550171,708.4071045,707.5800171,707.8300171,318692
2026-09-10T14:00:00+00:00,707.7600098,709.7150269,707.7600098,708.9799805,447192
2026-09-10T14:05:00+00:00,708.9849854,709.2000122,708.039978,708.6900024,355382
2026-09-10T14:10:00+00:00,708.7379761,709.5100098,708.3400269,708.789978,437159
2026-09-10T14:15:00+00:00,708.7700195,709.289978,708.1099854,709.2150269,433795
2026-09-10T14:20:00+00:00,709.2299805,711.7800293,709.1199951,710.9899902,634902
2026-09-10T14:25:00+00:00,710.9899902,711.5852051,710.1699829,710.4099731,638784
2026-09-10T14:30:00+00:00,710.4099731,711.25,710.3850098,710.7050171,382686
2026-09-10T14:35:00+00:00,710.710022,712.0599976,710.710022,711.7249756,444533
2026-09-10T14:40:00+00:00,711.7299805,711.9199829,710.8099976,711.1400146,334260
2026-09-10T14:45:00+00:00,711.0999756,711.4799805,710.5599976,710.9299927,236303
2026-09-10T14:50:00+00:00,710.9116211,711.3499756,710.5,711.335022,268143
2026-09-10T14:55:00+00:00,711.4199829,711.8049927,710.9799805,711.7999878,202535
2026-09-10T15:00:00+00:00,711.7700195,711.8300171,710.6099854,710.9174805,714454
2026-09-10T15:05:00+00:00,710.9299927,711.5700073,710.8029785,710.8800049,310907
2026-09-10T15:10:00+00:00,710.875,711.7199707,710.8549805,711.3599854,225727
2026-09-10T15:15:00+00:00,711.3300171,711.4500122,710.460022,710.8049927,311761
2026-09-10T15:20:00+00:00,710.8200073,711.0999756,710.210022,711.0300293,320132
2026-09-10T15:25:00+00:00,711.0300293,711.5999756,710.8400269,711.1300049,249206
2026-09-10T15:30:00+00:00,711.1300049,711.4249878,710.6799927,711.289978,246031
2026-09-10T15:35:00+00:00,711.2700195,711.9799805,710.9400024,711.2399902,299462
2026-09-10T15:40:00+00:00,711.210022,711.5750122,710.9500122,711.5100098,155483
2026-09-10T15:45:00+00:00,711.539978,711.6300049,710.6099854,711.0050049,206332
2026-09-10T15:50:00+00:00,710.9500122,711.210022,710.3850098,710.3850098,404633
2026-09-10T15:55:00+00:00,710.3850098,710.5551147,709.9199829,710.3950195,331828
2026-09-10T16:00:00+00:00,710.3800049,711,710.2000122,710.3499756,375570
2026-09-10T16:05:00+00:00,710.335022,710.539978,709.789978,709.8250122,373664
2026-09-10T16:10:00+00:00,709.8280029,710.0999756,709.4400024,709.7700195,228169
2026-09-10T16:15:00+00:00,709.8099976,710.2700195,709.5200195,709.6459961,365191
2026-09-10T16:20:00+00:00,709.6500244,710.0200195,709.6405029,709.7515869,105907
2026-09-10T16:25:00+00:00,709.7600098,709.8300171,709.3325195,709.6400146,201249
2026-09-10T16:30:00+00:00,709.6350098,710.0999756,708.9799805,709.0800171,399955
2026-09-10T16:35:00+00:00,709.039978,709.6099854,708.6300049,709.5050049,179959
2026-09-10T16:40:00+00:00,709.5162964,710.5700073,709.5100098,710.4249878,156416
2026-09-10T16:45:00+00:00,710.4230957,711.210022,710.3649902,710.460022,339901
2026-09-10T16:50:00+00:00,710.4450073,711.0800171,710.380127,711.0609741,201401
2026-09-10T16:55:00+00:00,711.0700073,711.25,710.8400269,711.0300293,165844
2026-09-10T17:00:00+00:00,711.0078735,711.8099976,710.5499878,710.8800049,394814
2026-09-10T17:05:00+00:00,710.8800049,711.1099854,710.6900024,710.9099731,118176
2026-09-10T17:10:00+00:00,710.8911743,711.3900146,710.8200073,710.8200073,137828
2026-09-10T17:15:00+00:00,710.8400269,711,710.6550293,710.8049927,89821
2026-09-10T17:20:00+00:00,710.8099976,710.8099976,710.4299927,710.5,92854
2026-09-10T17:25:00+00:00,710.5200195,710.5499878,710.2399902,710.4899902,138476
2026-09-10T17:30:00+00:00,710.4680176,710.5875244,710.2000122,710.3099976,169610
2026-09-10T17:35:00+00:00,710.3200073,710.5899048,709.6950073,709.7299805,228693
2026-09-10T17:40:00+00:00,709.7000732,710.3099976,709.6699829,710.289978,134115
2026-09-10T17:45:00+00:00,710.2999878,710.3499756,709.9299927,709.9699707,708325
2026-09-10T17:50:00+00:00,709.9849854,710.3099976,709.7999878,710.0875244,135321
2026-09-10T17:55:00+00:00,710.0700073,710.2000122,709.8300171,709.8994751,87717
2026-09-10T18:00:00+00:00,709.8800049,710.2299805,709.3300171,709.4699707,211759
2026-09-10T18:05:00+00:00,709.4500122,709.710022,709.1199951,709.210022,156756
2026-09-10T18:10:00+00:00,709.210022,709.4500122,708.9699707,709.2349854,165074
2026-09-10T18:15:00+00:00,709.2449951,709.2999878,708.9799805,709.2800293,237382
2026-09-10T18:20:00+00:00,709.2750244,709.7050171,709.2750244,709.4199219,164630
2026-09-10T18:25:00+00:00,709.414978,709.5200195,709.0800171,709.2098999,163976
2026-09-10T18:30:00+00:00,709.1699829,709.3599854,708.9213257,709.3400879,184921
2026-09-10T18:35:00+00:00,709.3400269,709.6199951,709.1699829,709.6049805,210128
2026-09-10T18:40:00+00:00,709.6099854,709.6149902,709.3850098,709.5499878,114390
2026-09-10T18:45:00+00:00,709.539978,709.8291016,709.0100708,709.460022,193792
2026-09-10T18:50:00+00:00,709.4000244,710.1799927,709.1400146,709.7700195,622471
2026-09-10T18:55:00+00:00,709.7700195,709.9663086,709.4199829,709.5750122,184061
2026-09-10T19:00:00+00:00,709.5700073,709.6062012,709.0300293,709.0325928,278993
2026-09-10T19:05:00+00:00,709.039978,709.401001,708.789978,709.3699951,265537
2026-09-10T19:10:00+00:00,709.3449707,709.4298706,708.7999878,709.1386108,173371
2026-09-10T19:15:00+00:00,709.1350098,709.3250122,708.6699829,708.8400269,174268
2026-09-10T19:20:00+00:00,708.8200073,709.1300049,708.7000122,709.0900269,211373
2026-09-10T19:25:00+00:00,709.085022,709.2700195,709.0200195,709.1799927,215688
2026-09-10T19:30:00+00:00,709.1599731,709.3499756,708.8300171,709.2825928,430020
2026-09-10T19:35:00+00:00,709.2700195,709.3099976,708.8300171,709.1599731,332156
2026-09-10T19:40:00+00:00,709.1749878,709.4299927,709.0900269,709.1350098,251840
2026-09-10T19:45:00+00:00,709.1350098,709.3499756,708.8900146,709.1799927,387706
2026-09-10T19:50:00+00:00,709.1699829,709.3900146,708.2800293,708.6099854,760496
2026-09-10T19:55:00+00:00,708.5800171,708.8499756,708.3499756,708.6599731,1131262
2026-09-10T20:00:00+00:00,708.62,708.8914,708.464,708.5886,0
2026-09-10T20:05:00+00:00,708.5799,708.84,708.33,708.74,0
2026-09-10T20:10:00+00:00,708.81,709.11,708.59,709.05,0
2026-09-10T20:15:00+00:00,709.01,709.0597,708.69,708.9528,0
2026-09-10T20:20:00+00:00,708.989,709.06,708.95,709.04,0
2026-09-10T20:25:00+00:00,709.03,709.04,708.78,708.85,0
2026-09-10T20:30:00+00:00,708.85,708.95,708.83,708.95,0
2026-09-10T20:35:00+00:00,708.92,709.04,708.69,709.02,0
2026-09-10T20:40:00+00:00,709.3863,735.6,708.92,708.9992,0
2026-09-10T20:45:00+00:00,708.9999,709.06,708.84,708.95,0
2026-09-10T20:50:00+00:00,708.94,709.01,708.84,708.9961,0
2026-09-10T20:55:00+00:00,708.9884,709.0584,708.4848,708.74,0
2026-09-10T21:00:00+00:00,708.85,709.15,708.636,708.96,0
2026-09-10T21:05:00+00:00,709.0934,709.2,691.07,709.2,0
2026-09-10T21:10:00+00:00,709.1799,709.3599,709.1302,709.3599,0
2026-09-10T21:15:00+00:00,709.36,709.36,681.274,709.08,0
2026-09-10T21:20:00+00:00,709.09,709.1,708.69,708.95,0
2026-09-10T21:25:00+00:00,709.01,709.02,708.9,708.9481,0
2026-09-10T21:30:00+00:00,709.07,709.2,708.83,708.94,0
2026-09-10T21:35:00+00:00,708.94,708.94,708.61,708.8396,0
2026-09-10T21:40:00+00:00,708.7655,708.8316,708.3232,708.45,0
2026-09-10T21:45:00+00:00,708.62,708.81,708.4129,708.8,0
2026-09-10T21:50:00+00:00,708.82,708.92,708.5701,708.76,0
2026-09-10T21:55:00+00:00,708.75,708.89,708.63,708.848,0
2026-09-10T22:00:00+00:00,708.8,709.05,708.77,708.972,0
2026-09-10T22:05:00+00:00,708.9485,708.9485,708.62,708.8292,0
2026-09-10T22:10:00+00:00,708.8,716.9759,708.7694,708.7694,0
2026-09-10T22:15:00+00:00,708.82,708.9467,708.74,708.93,0
2026-09-10T22:20:00+00:00,708.92,709.1,708.7015,708.74,0
2026-09-10T22:25:00+00:00,708.75,708.75,708.2,708.21,0
2026-09-10T22:30:00+00:00,708.28,708.29,708.1,708.15,0
2026-09-10T22:35:00+00:00,708.13,708.19,707.95,708,0
2026-09-10T22:40:00+00:00,707.9794,708.03,707.89,707.9,0
2026-09-10T22:45:00+00:00,707.8981,708.15,707.7992,708.08,0
2026-09-10T22:50:00+00:00,708.1325,708.1325,707.8218,707.859,0
2026-09-10T22:55:00+00:00,707.85,707.9985,707.85,707.95,0
2026-09-10T23:00:00+00:00,707.9175,708.1,707.79,707.8997,0
2026-09-10T23:05:00+00:00,707.9,708.0025,707.86,708,0
2026-09-10T23:10:00+00:00,707.9929,708.0084,707.875,707.9988,0
2026-09-10T23:15:00+00:00,707.9985,708,707.92,707.9625,0
2026-09-10T23:20:00+00:00,707.9625,707.98,707.7473,707.7473,0
2026-09-10T23:25:00+00:00,707.75,707.965,707.74,707.835,0
2026-09-10T23:30:00+00:00,707.8401,708.03,707.84,707.899,0
2026-09-10T23:35:00+00:00,707.88,707.9192,707.7997,707.8978,0
2026-09-10T23:40:00+00:00,707.83,707.91,707.738,707.8987,0
2026-09-10T23:45:00+00:00,707.8987,707.8987,707.7,707.72,0
2026-09-10T23:50:00+00:00,707.72,707.7425,707.3,707.3,0
2026-09-10T23:55:00+00:00,707.29,707.29,706.8497,706.8992,0
2026-09-11T08:00:00+00:00,711.06,712.015,706.56,711.51,0
2026-09-11T08:05:00+00:00,711.44,711.5,708.57,711.0598,0
2026-09-11T08:10:00+00:00,711.19,711.71,710.94,711.43,0
2026-09-11T08:15:00+00:00,711.45,711.98,711.3354,711.72,0
2026-09-11T08:20:00+00:00,711.76,713.19,711.63,712.44,0
2026-09-11T08:25:00+00:00,712.45,712.58,712,712.0782,0
2026-09-11T08:30:00+00:00,712.22,713.12,712.21,712.8996,0
2026-09-11T08:35:00+00:00,712.93,712.93,712.66,712.66,0
2026-09-11T08:40:00+00:00,712.68,712.79,712.54,712.54,0
2026-09-11T08:45:00+00:00,712.5,712.985,712.5,712.92,0
2026-09-11T08:50:00+00:00,712.92,713.25,712.859,713.0439,0
2026-09-11T08:55:00+00:00,713.05,713.38,713.02,713.38,0
2026-09-11T09:00:00+00:00,713.4,713.6,713.14,713.18,0
2026-09-11T09:05:00+00:00,713.18,713.27,712.91,712.91,0
2026-09-11T09:10:00+00:00,712.83,712.83,712.69,712.69,0
2026-09-11T09:15:00+00:00,712.6,713,712.5315,712.96,0
2026-09-11T09:20:00+00:00,712.9256,713.0012,712.9015,712.9015,0
2026-09-11T09:25:00+00:00,712.8487,712.94,712.7915,712.8759,0
2026-09-11T09:30:00+00:00,712.8851,713.0788,712.8566,712.96,0
2026-09-11T09:35:00+00:00,713,713.08,712.9419,713.08,0
2026-09-11T09:40:00+00:00,713,713.1493,712.922,712.9812,0
2026-09-11T09:45:00+00:00,712.96,713.035,712.95,713.0212,0
2026-09-11T09:50:00+00:00,712.96,713.07,712.96,713.0317,0
2026-09-11T09:55:00+00:00,713.0315,713.402,713.0015,713.3487,0
2026-09-11T10:00:00+00:00,713.1817,713.75,712.5,713.695,0
2026-09-11T10:05:00+00:00,713.645,713.645,713.41,713.5385,0
2026-09-11T10:10:00+00:00,713.5,713.59,713.3,713.392,0
2026-09-11T10:15:00+00:00,713.4,713.5,713.2959,713.4485,0
2026-09-11T10:20:00+00:00,713.4785,713.4785,713.17,713.29,0
2026-09-11T10:25:00+00:00,713.2892,713.3,713.0212,713.1329,0
2026-09-11T10:30:00+00:00,713.0831,713.3252,713.0831,713.3252,0
2026-09-11T10:35:00+00:00,713.37,713.44,713.19,713.25,0
2026-09-11T10:40:00+00:00,713.2004,713.31,713.16,713.166,0
2026-09-11T10:45:00+00:00,713.1449,713.2,712.94,713.01,0
2026-09-11T10:50:00+00:00,713.05,713.22,713.0238,713.0238,0
2026-09-11T10:55:00+00:00,713.1,713.1996,713.025,713.025,0
2026-09-11T11:00:00+00:00,713.04,713.1284,708.69,712.9375,0
2026-09-11T11:05:00+00:00,712.88,712.9,712.53,712.6287,0
2026-09-11T11:10:00+00:00,712.65,712.81,712.5883,712.65,0
2026-09-11T11:15:00+00:00,712.68,712.96,712.57,712.91,0
2026-09-11T11:20:00+00:00,712.96,712.99,712.68,712.9595,0
2026-09-11T11:25:00+00:00,712.98,713.38,712.98,713.12,0
2026-09-11T11:30:00+00:00,713.1388,713.339,712.9,712.9192,0
2026-09-11T11:35:00+00:00,712.916,713.14,712.7193,713.08,0
2026-09-11T11:40:00+00:00,713.0988,713.5718,713.0988,713.5293,0
2026-09-11T11:45:00+00:00,713.56,713.72,713.27,713.675,0
2026-09-11T11:50:00+00:00,713.67,713.7,713.43,713.4415,0
2026-09-11T11:55:00+00:00,713.43,713.5987,713.31,713.3491,0
2026-09-11T12:00:00+00:00,713.4182,713.4188,713,713.11,0
2026-09-11T12:05:00+00:00,713.0496,713.19,712.91,713.12,0
2026-09-11T12:10:00+00:00,713.1485,713.66,709.221,713.35,0
2026-09-11T12:15:00+00:00,713.3339,713.94,713.3261,713.7011,0
2026-09-11T12:20:00+00:00,713.72,713.83,713.45,713.5,0
2026-09-11T12:25:00+00:00,713.5,715.08,713.46,714.8,0
2026-09-11T12:30:00+00:00,714.89,715.08,710.49,713.75,0
2026-09-11T12:35:00+00:00,713.72,714.65,713.3203,714.38,0
2026-09-11T12:40:00+00:00,714.35,714.67,713.84,714.12,0
2026-09-11T12:45:00+00:00,714.08,715.27,708.69,715.1395,0
2026-09-11T12:50:00+00:00,715.12,716.33,715.08,716.1385,0
2026-09-11T12:55:00+00:00,716.1095,717.0661,716.02,716.88,0
2026-09-11T13:00:00+00:00,716.9115,717.69,716.85,716.91,0
2026-09-11T13:05:00+00:00,716.92,717.26,716.36,716.47,0
2026-09-11T13:10:00+00:00,716.47,716.5475,716.07,716.28,0
2026-09-11T13:15:00+00:00,716.27,716.37,715.88,715.9368,0
2026-09-11T13:20:00+00:00,715.99,716.1475,715.8,715.9661,0
2026-09-11T13:25:00+00:00,715.96,716.43,715.44,715.72,0
2026-09-11T13:30:00+00:00,715.4400024,715.8400269,713.9299927,715.7036743,3527907
2026-09-11T13:35:00+00:00,715.6799927,715.9699707,714.5700073,715.0999756,708389
2026-09-11T13:40:00+00:00,715.2537842,716.1799927,714.090271,716,665526
2026-09-11T13:45:00+00:00,715.9849854,716.9310303,715.1799927,716.0150146,675191
2026-09-11T13:50:00+00:00,716.0599976,716.2949829,714.7600098,715.8300171,402351
2026-09-11T13:55:00+00:00,715.8200073,717.039978,715.5700073,716.8649902,319135
2026-09-11T14:00:00+00:00,716.9299927,716.9299927,714.9151001,715,446776
2026-09-11T14:05:00+00:00,714.9799805,715.3748169,714.4099731,715.0499878,320944
2026-09-11T14:10:00+00:00,715.0599976,715.7600098,714.7050171,715.0700073,442098
2026-09-11T14:15:00+00:00,715.1099854,716.1699219,714.5700073,716.1199951,468211
2026-09-11T14:20:00+00:00,716.1199951,716.6699829,715.9899902,716.2000122,343260
2026-09-11T14:25:00+00:00,716.2650146,716.8300171,716.1300049,716.460022,266116
2026-09-11T14:30:00+00:00,716.5,716.5499878,715.4299927,715.539978,405437
2026-09-11T14:35:00+00:00,715.4400024,715.5214233,714.5,714.8900146,627857
2026-09-11T14:40:00+00:00,714.8950195,715.4598999,714.1099854,714.5599976,328339
2026-09-11T14:45:00+00:00,714.5599976,715.1898804,713.6500244,715.1699829,704989
2026-09-11T14:50:00+00:00,715.1699829,715.2199707,714.4099731,714.4799805,270960
2026-09-11T14:55:00+00:00,714.4899902,714.6500244,714,714.4899902,222659
2026-09-11T15:00:00+00:00,714.4492798,715.2800293,714.2700195,715.2700806,251638
2026-09-11T15:05:00+00:00,715.27771,715.9799805,715.2199707,715.6900024,354854
2026-09-11T15:10:00+00:00,715.7050171,715.7999878,714.5999756,715.0800171,210000
2026-09-11T15:15:00+00:00,715.0800171,716.289978,715.0800171,716.1199951,293792
2026-09-11T15:20:00+00:00,716.1400146,716.7299805,716.0800171,716.6799927,159148
2026-09-11T15:25:00+00:00,716.6801147,717.4500122,716.5999756,717.2750244,464977
2026-09-11T15:30:00+00:00,717.2700195,717.6199951,717.0900269,717.289978,258486
2026-09-11T15:35:00+00:00,717.2800293,717.3250122,716.7399902,717.0499878,146304
2026-09-11T15:40:00+00:00,717.0499878,717.2299805,716.8300781,717.1099854,105964
2026-09-11T15:45:00+00:00,717.0999756,717.0999756,716.7000122,716.9000244,112906
2026-09-11T15:50:00+00:00,716.9099731,717.0490112,716.2449951,716.3900146,156914
2026-09-11T15:55:00+00:00,716.3800049,716.7000122,716.2199707,716.460022,212160
2026-09-11T16:00:00+00:00,716.460022,717.2000122,716.4500122,717.1849976,131433
2026-09-11T16:05:00+00:00,717.210022,717.2600098,716.6699829,716.9000244,100106
2026-09-11T16:10:00+00:00,716.8900146,716.9699707,716.3200073,716.3898926,95533
2026-09-11T16:15:00+00:00,716.3499756,716.460022,716.0599976,716.125,122129
2026-09-11T16:20:00+00:00,716.1699829,716.25,715.7700195,715.8599854,197955
2026-09-11T16:25:00+00:00,715.875,716.0999756,715.1799927,715.25,355396
2026-09-11T16:30:00+00:00,715.2763062,716.2199707,715.1199951,715.960022,271741
2026-09-11T16:35:00+00:00,715.9099731,715.9199219,715.1699829,715.1903076,96258
2026-09-11T16:40:00+00:00,715.1849976,716.039978,715.0499878,716,102949
2026-09-11T16:45:00+00:00,715.9899902,716.0678101,715.5700073,715.6049805,61322
2026-09-11T16:50:00+00:00,715.5549927,715.9199829,715.5549927,715.9000244,66106
2026-09-11T16:55:00+00:00,715.9099731,716.1300049,715.8499756,716.085022,185384
2026-09-11T17:00:00+00:00,716.1099854,716.4099731,716.0999756,716.2000122,150250
2026-09-11T17:05:00+00:00,716.2006226,716.789978,716.2006226,716.4899902,144093
2026-09-11T17:10:00+00:00,716.4949951,716.6450195,716.0900269,716.1101074,123318
2026-09-11T17:15:00+00:00,716.1400146,716.7399902,716.1400146,716.625,117931
2026-09-11T17:20:00+00:00,716.6300049,717.0449829,716.6199951,717.039978,260351
2026-09-11T17:25:00+00:00,717.0300293,717.1300049,716.7650146,716.7650146,169483
2026-09-11T17:30:00+00:00,716.7199707,717.0900269,716.710022,716.75,69280
2026-09-11T17:35:00+00:00,716.7800293,716.8997192,716.6500244,716.6900024,102011
2026-09-11T17:40:00+00:00,716.6801147,716.9400024,716.6400757,716.7600098,182031
2026-09-11T17:45:00+00:00,716.75,716.8900146,716.5599976,716.8400269,273113
2026-09-11T17:50:00+00:00,716.8699951,716.8800049,716.7515259,716.7650146,182876
2026-09-11T17:55:00+00:00,716.789978,716.8200073,716.4400024,716.5100098,109556
2026-09-11T18:00:00+00:00,716.5300293,716.710022,716.460022,716.5700073,89778
2026-09-11T18:05:00+00:00,716.5499878,716.5549927,716.3099976,716.3599854,245915
2026-09-11T18:10:00+00:00,716.3850098,716.3900146,716.1798706,716.2401123,232304
2026-09-11T18:15:00+00:00,716.2700195,716.3699951,716.0900269,716.25,146443
2026-09-11T18:20:00+00:00,716.2589722,716.2700195,715.7199707,716,525707
2026-09-11T18:25:00+00:00,716.0100098,716.3599854,715.914978,716.2849731,141644
2026-09-11T18:30:00+00:00,716.2800293,716.6400146,716.039978,716.5700073,187995
2026-09-11T18:35:00+00:00,716.6199951,716.6699829,716.2999878,716.3900146,83137
2026-09-11T18:40:00+00:00,716.4000244,716.460022,716.1099854,716.1799927,96140
2026-09-11T18:45:00+00:00,716.1900024,716.3400269,715.9699707,716.0300293,136397
2026-09-11T18:50:00+00:00,716,716.0900269,715.9099731,715.9400024,111470
2026-09-11T18:55:00+00:00,715.9299927,716.1849976,715.8800049,715.9401245,195229
2026-09-11T19:00:00+00:00,715.9799805,716.0499878,715.789978,715.8610229,158522
2026-09-11T19:05:00+00:00,715.8900146,716,715.5601196,715.6199951,140598
2026-09-11T19:10:00+00:00,715.6060181,715.6937256,715.3922729,715.5999756,110654
2026-09-11T19:15:00+00:00,715.6550293,715.8599854,715.5700073,715.6900024,98752
2026-09-11T19:20:00+00:00,715.7050171,715.8300171,715.5700073,715.8200073,110231
2026-09-11T19:25:00+00:00,715.8099976,715.8800049,715.539978,715.6049805,104210
2026-09-11T19:30:00+00:00,715.5900269,715.7199097,715.5499878,715.710022,151565
2026-09-11T19:35:00+00:00,715.710022,715.7399902,715.5700073,715.6699829,266303
2026-09-11T19:40:00+00:00,715.6699829,715.8900146,715.6599731,715.789978,305787
2026-09-11T19:45:00+00:00,715.789978,715.9050293,715.5300293,715.5900269,1683134
2026-09-11T19:50:00+00:00,715.5800171,715.664978,715.1099854,715.4749756,494552
2026-09-11T19:55:00+00:00,715.4500122,715.4500122,714.7399902,714.8499756,1100694
2026-09-11T20:00:00+00:00,714.9,714.979,714.74,714.9,0
2026-09-11T20:05:00+00:00,714.9,715.03,714.76,715,0
2026-09-11T20:10:00+00:00,715,715.03,714.6412,714.7793,0
2026-09-11T20:15:00+00:00,714.8,714.88,714.67,714.6715,0
2026-09-11T20:20:00+00:00,714.68,716.66,714.68,714.8759,0
2026-09-11T20:25:00+00:00,714.8797,714.91,714.75,714.8447,0
2026-09-11T20:30:00+00:00,714.89,715.0519,714.8386,715.0078,0
2026-09-11T20:35:00+00:00,714.984,715.12,714.9583,715.08,0
2026-09-11T20:40:00+00:00,715.1,715.1,714.8824,714.95,0
2026-09-11T20:45:00+00:00,714.95,714.96,714.8164,714.9269,0
2026-09-11T20:50:00+00:00,714.9312,715.06,714.9312,715.06,0
2026-09-11T20:55:00+00:00,715.0478,715.1,714.98,715.0052,0
2026-09-11T21:00:00+00:00,715.06,715.0929,714.88,715.0464,0
2026-09-11T21:05:00+00:00,715.01,715.05,714.88,715.0352,0
2026-09-11T21:10:00+00:00,715.031,715.04,714.99,715.04,0
2026-09-11T21:15:00+00:00,715.0372,715.04,715.004,715.0372,0
2026-09-11T21:20:00+00:00,715.0372,715.1923,715.0004,715.0822,0
2026-09-11T21:25:00+00:00,715.09,715.09,667.3625,714.9984,0
2026-09-11T21:30:00+00:00,714.9943,715,714.8,714.95,0
2026-09-11T21:35:00+00:00,715.03,715.14,714.9,714.9,0
2026-09-11T21:40:00+00:00,714.9977,714.9977,714.8577,714.9914,0
2026-09-11T21:45:00+00:00,714.9914,715.04,714.86,714.9259,0
2026-09-11T21:50:00+00:00,714.93,715,714.89,714.99,0
2026-09-11T21:55:00+00:00,714.9933,714.9933,714.8961,714.9169,0
2026-09-11T22:00:00+00:00,714.92,715.05,714.92,715.0056,0
2026-09-11T22:05:00+00:00,715.05,715.28,715.0056,715.12,0
2026-09-11T22:10:00+00:00,715.0585,715.32,715.05,715.2208,0
2026-09-11T22:15:00+00:00,715.3002,715.4405,715.3,715.4405,0
2026-09-11T22:20:00+00:00,715.4402,715.4902,715.3,715.3001,0
2026-09-11T22:25:00+00:00,715.3,715.51,715.3,715.4462,0
2026-09-11T22:30:00+00:00,715.34,715.365,715.3,715.3083,0
2026-09-11T22:35:00+00:00,715.3015,715.31,715.3,715.3015,0
2026-09-11T22:40:00+00:00,715.3083,715.48,715.3,715.3,0
2026-09-11T22:45:00+00:00,715.31,715.3292,715.3005,715.31,0
2026-09-11T22:50:00+00:00,715.3169,715.32,715.3,715.3015,0
2026-09-11T22:55:00+00:00,715.3001,715.3097,715.2,715.26,0
2026-09-11T23:00:00+00:00,715.256,715.29,715.1,715.29,0
2026-09-11T23:05:00+00:00,715.1,715.2799,715.1,715.1601,0
2026-09-11T23:10:00+00:00,715.15,715.2652,715.0947,715.26,0
2026-09-11T23:15:00+00:00,715.2463,715.2555,715.0801,715.11,0
2026-09-11T23:20:00+00:00,715.09,715.37,715.09,715.2,0
2026-09-11T23:25:00+00:00,715.4,715.4,715.0822,715.0885,0
2026-09-11T23:30:00+00:00,715.1,715.1,715.08,715.0997,0
2026-09-11T23:35:00+00:00,715.1,715.2,715.06,715.0601,0
2026-09-11T23:40:00+00:00,715.1,715.2,715.06,715.07,0
2026-09-11T23:45:00+00:00,715.049,715.18,714.89,714.92,0
2026-09-11T23:50:00+00:00,714.92,714.9452,714.8817,714.94,0
2026-09-11T23:55:00+00:00,714.9514,715.05,714.8865,714.8865,0
2026-09-14T08:00:00+00:00,703.76,706.4677,703.27,703.63,0
2026-09-14T08:05:00+00:00,703.73,706.22,703.35,704.16,0
2026-09-14T08:10:00+00:00,704.1313,704.18,703.73,703.952,0
2026-09-14T08:15:00+00:00,703.959,703.96,703.3,703.38,0
2026-09-14T08:20:00+00:00,703.54,703.72,703.24,703.2945,0
2026-09-14T08:25:00+00:00,703.31,703.4187,702.61,702.61,0
2026-09-14T08:30:00+00:00,702.63,703.08,702.54,702.93,0
2026-09-14T08:35:00+00:00,702.95,703.42,702.9216,703.33,0
2026-09-14T08:40:00+00:00,703.5,703.6,703.04,703.09,0
2026-09-14T08:45:00+00:00,703.0985,703.24,702.22,702.4388,0
2026-09-14T08:50:00+00:00,702.48,702.73,702.22,702.25,0
2026-09-14T08:55:00+00:00,702.331,702.64,702,702.64,0
2026-09-14T09:00:00+00:00,702.668,702.9,702.5317,702.79,0
2026-09-14T09:05:00+00:00,702.79,702.95,702.68,702.68,0
2026-09-14T09:10:00+00:00,702.74,702.81,701.65,701.89,0
2026-09-14T09:15:00+00:00,701.9,701.9385,701.61,701.8815,0
2026-09-14T09:20:00+00:00,701.89,702.04,701.155,701.31,0
2026-09-14T09:25:00+00:00,701.3133,702.06,701.16,702.05,0
2026-09-14T09:30:00+00:00,702.2,702.3946,701.98,702.3,0
2026-09-14T09:35:00+00:00,702.2,702.305,701.8063,701.93,0
2026-09-14T09:40:00+00:00,701.95,702.4,701.8822,701.96,0
2026-09-14T09:45:00+00:00,702.02,702.1,701.86,701.92,0
2026-09-14T09:50:00+00:00,701.8217,702.2412,701.7414,702.219,0
2026-09-14T09:55:00+00:00,702.15,702.21,701.932,702.1065,0
2026-09-14T10:00:00+00:00,702.2,702.3131,702.08,702.1987,0
2026-09-14T10:05:00+00:00,702.2001,702.41,702.1015,702.27,0
2026-09-14T10:10:00+00:00,702.29,702.74,702.28,702.5515,0
2026-09-14T10:15:00+00:00,702.58,702.61,702.2626,702.44,0
2026-09-14T10:20:00+00:00,702.5,703.11,702.4817,702.9805,0
2026-09-14T10:25:00+00:00,702.96,703.4396,702.96,703.4396,0
2026-09-14T10:30:00+00:00,703.4195,703.6,703.3,703.6,0
2026-09-14T10:35:00+00:00,703.6,703.8583,703.5715,703.67,0
2026-09-14T10:40:00+00:00,703.67,704.15,703.5676,704.04,0
2026-09-14T10:45:00+00:00,704.01,704.16,703.8,704.08,0
2026-09-14T10:50:00+00:00,704.08,704.09,703.61,703.67,0
2026-09-14T10:55:00+00:00,703.66,704.0007,703.65,703.86,0
2026-09-14T11:00:00+00:00,703.86,704.24,703.5822,704.21,0
2026-09-14T11:05:00+00:00,704.16,704.32,704.05,704.2107,0
2026-09-14T11:10:00+00:00,704.18,704.36,703.8,704.12,0
2026-09-14T11:15:00+00:00,704.14,704.44,704.1151,704.3,0
2026-09-14T11:20:00+00:00,704.27,704.5788,704.2,704.55,0
2026-09-14T11:25:00+00:00,704.5812,705.07,704.52,704.955,0
2026-09-14T11:30:00+00:00,704.9409,704.98,704.47,704.47,0
2026-09-14T11:35:00+00:00,704.5261,704.5261,703.96,704.4093,0
2026-09-14T11:40:00+00:00,704.4169,704.58,704.14,704.39,0
2026-09-14T11:45:00+00:00,704.38,704.688,704.16,704.6177,0
2026-09-14T11:50:00+00:00,704.59,704.6,703.77,703.92,0
2026-09-14T11:55:00+00:00,703.92,704.156,703.7992,703.9007,0
2026-09-14T12:00:00+00:00,703.82,703.898,703.08,703.24,0
2026-09-14T12:05:00+00:00,703.2,703.45,702.95,703.3992,0
2026-09-14T12:10:00+00:00,703.3409,703.77,703.2291,703.519,0
2026-09-14T12:15:00+00:00,703.5092,704.284,703.4304,703.7325,0
2026-09-14T12:20:00+00:00,703.8163,703.9736,703.6,703.6601,0
2026-09-14T12:25:00+00:00,703.72,715.416,703.37,703.66,0
2026-09-14T12:30:00+00:00,703.58,703.93,703.3,703.3987,0
2026-09-14T12:35:00+00:00,703.36,703.4053,702.05,702.5835,0
2026-09-14T12:40:00+00:00,702.48,703.24,702.06,703.192,0
2026-09-14T12:45:00+00:00,703.24,714.88,702.66,702.89,0
2026-09-14T12:50:00+00:00,702.89,702.9954,702.27,702.33,0
2026-09-14T12:55:00+00:00,702.2915,702.7963,702.185,702.75,0
2026-09-14T13:00:00+00:00,702.76,702.76,701.66,701.7617,0
2026-09-14T13:05:00+00:00,701.8,701.93,701.5,701.6812,0
2026-09-14T13:10:00+00:00,701.6923,702.6918,701.6318,702.6785,0
2026-09-14T13:15:00+00:00,702.6992,703.3499,702.67,703.26,0
2026-09-14T13:20:00+00:00,703.22,703.5,703.1017,703.33,0
2026-09-14T13:25:00+00:00,703.29,703.7495,702.99,703.4,0
2026-09-14T13:30:00+00:00,703.289978,703.9899902,702.75,703.3400269,4014462
2026-09-14T13:35:00+00:00,703.3200073,703.6749878,702.7700195,702.9598999,1002926
2026-09-14T13:40:00+00:00,702.960022,704.5300293,702.8300171,704.4849854,700578
2026-09-14T13:45:00+00:00,704.4899902,706.7399902,704.4799805,706.4412842,1345613
2026-09-14T13:50:00+00:00,706.4400024,706.6500244,705.5999756,705.8150024,724018
2026-09-14T13:55:00+00:00,705.8099976,706.1099854,705.4199829,705.7849731,470468
2026-09-14T14:00:00+00:00,705.7401123,706.6049805,705.7000122,706.2349854,402409
2026-09-14T14:05:00+00:00,706.210022,707.4799805,706.1400146,707.2399902,468393
2026-09-14T14:10:00+00:00,707.2050171,707.7698975,707.2050171,707.4199829,606203
2026-09-14T14:15:00+00:00,707.4299927,707.6199951,706.3950195,706.7199707,542741
2026-09-14T14:20:00+00:00,706.710022,706.7399902,705.7600098,705.8099976,418695
2026-09-14T14:25:00+00:00,705.7698975,705.9099731,705.1099854,705.7800293,547972
2026-09-14T14:30:00+00:00,705.7924194,706.0999756,705.3900146,706.0549927,297753
2026-09-14T14:35:00+00:00,706.0250244,706.0250244,704.6500244,704.9500122,330120
2026-09-14T14:40:00+00:00,704.9099731,705.4400024,704.5900879,705.4400024,313102
2026-09-14T14:45:00+00:00,705.4500122,706.1099854,705.3400269,705.7634888,263976
2026-09-14T14:50:00+00:00,705.8200073,705.8300171,705.0300293,705.1900024,225634
2026-09-14T14:55:00+00:00,705.210022,705.9500122,704.9299927,705.9099731,169404
2026-09-14T15:00:00+00:00,705.9050293,706.0300293,705.2700195,705.3300171,268670
2026-09-14T15:05:00+00:00,705.2999878,707.5499878,705.2999878,706.559021,710354
2026-09-14T15:10:00+00:00,706.6149902,706.7399902,706.1500244,706.1599731,172405
2026-09-14T15:15:00+00:00,706.1599731,707.1199951,706.0499878,707,190288
2026-09-14T15:20:00+00:00,707.0100098,707.4500122,706.75,707.375,308309
2026-09-14T15:25:00+00:00,707.3300171,707.7600098,707.1599731,707.5499878,270371
2026-09-14T15:30:00+00:00,707.5300293,709.5900269,707.3800049,709.5761719,754854
2026-09-14T15:35:00+00:00,709.4899292,709.9699707,709.0599976,709.8300171,420065
2026-09-14T15:40:00+00:00,709.8400269,710.6466064,709.5599976,710.4349976,648459
2026-09-14T15:45:00+00:00,710.460022,710.5,709.7600098,709.7849731,554874
2026-09-14T15:50:00+00:00,709.7949829,710.1063232,709.5599976,710.0009766,287130
2026-09-14T15:55:00+00:00,710.0200195,710.1300049,709.710022,709.8375854,198165
2026-09-14T16:00:00+00:00,709.789978,709.8848877,709.0999756,709.0999756,232685
2026-09-14T16:05:00+00:00,709.0300293,709.3400269,708.8400269,708.9949951,419583
2026-09-14T16:10:00+00:00,709,709.5999146,708.960022,709.4899902,181965
2026-09-14T16:15:00+00:00,709.4799805,711.0390015,709.4799805,710.8150024,348087
2026-09-14T16:20:00+00:00,710.8150024,711.1199951,710.4299927,710.8950195,216698
2026-09-14T16:25:00+00:00,710.8850098,710.9400024,710.164978,710.2999878,121650
2026-09-14T16:30:00+00:00,710.1900024,710.6199951,710.1199951,710.2399902,234553
2026-09-14T16:35:00+00:00,710.2399902,710.5490723,710.0499878,710.4899902,120071
2026-09-14T16:40:00+00:00,710.4749756,710.9000244,710.335022,710.9000244,239090
2026-09-14T16:45:00+00:00,710.9400024,712.2999878,710.5900879,711.9650269,546857
2026-09-14T16:50:00+00:00,711.9699707,712.2199707,711.7199707,711.7600098,393419
2026-09-14T16:55:00+00:00,711.7600098,711.9199829,711.4000244,711.8599854,138616
2026-09-14T17:00:00+00:00,711.8599854,712.0200195,711.4899902,711.6699829,106315
2026-09-14T17:05:00+00:00,711.6500244,711.7999268,711.3900146,711.6699829,124368
2026-09-14T17:10:00+00:00,711.6900024,712.2861938,711.6199951,711.7550049,104870
2026-09-14T17:15:00+00:00,711.7550049,711.9349976,711.3599854,711.5999146,103295
2026-09-14T17:20:00+00:00,711.6099854,712.0200195,711.5405273,711.9299927,173784
2026-09-14T17:25:00+00:00,711.9699707,712.3499756,711.7999878,712.3480225,348864
2026-09-14T17:30:00+00:00,712.3499756,712.5,712.1099854,712.2800293,443346
2026-09-14T17:35:00+00:00,712.3049927,712.4899902,712.0900269,712.4849854,96600
2026-09-14T17:40:00+00:00,712.4700928,712.5,712.2199707,712.3809814,152654
2026-09-14T17:45:00+00:00,712.4000244,712.7000122,712.3900146,712.6149902,99133
2026-09-14T17:50:00+00:00,712.6300049,712.8400269,712.539978,712.7349854,134157
2026-09-14T17:55:00+00:00,712.7399902,712.9500122,712.4000244,712.4130249,164278
2026-09-14T18:00:00+00:00,712.4550171,712.8649902,712.2000122,712.2949829,181573
2026-09-14T18:05:00+00:00,712.2849731,712.5900269,712.1021729,712.5100098,134646
2026-09-14T18:10:00+00:00,712.5300293,712.5300293,712.2310181,712.4349976,87284
2026-09-14T18:15:00+00:00,712.4699707,712.6199951,712.1900024,712.2750244,133710
2026-09-14T18:20:00+00:00,712.2650146,712.2999878,711.9199829,711.9199829,139053
2026-09-14T18:25:00+00:00,711.9099731,712.0599976,711.8120117,711.9099731,200249
2026-09-14T18:30:00+00:00,711.9500122,712.2700195,711.8499756,712.130127,292811
2026-09-14T18:35:00+00:00,712.1300049,712.4099731,712.0449829,712.2589722,89270
2026-09-14T18:40:00+00:00,712.2125244,712.4199829,712.1300049,712.1300049,182568
2026-09-14T18:45:00+00:00,712.1500244,712.2299805,711.7999878,712.1799927,230788
2026-09-14T18:50:00+00:00,712.1749878,712.25,711.9799805,712.039978,79056
2026-09-14T18:55:00+00:00,711.9899902,712.0999756,711.7424927,711.8400269,97264
2026-09-14T19:00:00+00:00,711.8300171,711.8599854,711.4801025,711.6300049,200960
2026-09-14T19:05:00+00:00,711.6149902,711.6699829,711.1350098,711.3049927,195799
2026-09-14T19:10:00+00:00,711.3099976,711.4349976,711.1199951,711.2299805,209484
2026-09-14T19:15:00+00:00,711.2399902,711.2399902,710.9500732,711.1599731,179101
2026-09-14T19:20:00+00:00,711.1500244,711.210022,710.8549805,711.0419922,256802
2026-09-14T19:25:00+00:00,711.0650024,711.1799927,710.9899902,711.0349731,264892
2026-09-14T19:30:00+00:00,711.0300293,711.1799927,710.9699707,710.9799805,287166
2026-09-14T19:35:00+00:00,711,711.0150146,710.6799927,710.6900024,373221
2026-09-14T19:40:00+00:00,710.6987305,710.9299927,710.664978,710.7800293,440602
2026-09-14T19:45:00+00:00,710.7299805,711.0100098,710.7299805,710.9650269,920006
2026-09-14T19:50:00+00:00,710.9199829,711,710.0700073,710.2102051,1320514
2026-09-14T19:55:00+00:00,710.210022,710.210022,709.0900269,709.1599731,3246104
2026-09-14T20:00:00+00:00,709.24,709.5777,709.18,709.4695,0
2026-09-14T20:05:00+00:00,709.43,709.51,709.3,709.389,0
2026-09-14T20:10:00+00:00,709.18,709.618,709.18,709.5509,0
2026-09-14T20:15:00+00:00,709.55,709.5846,709.23,709.5,0
2026-09-14T20:20:00+00:00,709.18,709.98,709.18,709.98,0
2026-09-14T20:25:00+00:00,709.98,710.05,709.88,709.96,0
2026-09-14T20:30:00+00:00,709.9657,710.0316,709.8277,709.9948,0
2026-09-14T20:35:00+00:00,710,710.0237,709.91,710.007,0
2026-09-14T20:40:00+00:00,710,710.1,709.9577,709.99,0
2026-09-14T20:45:00+00:00,710.02,710.25,710.0101,710.2365,0
2026-09-14T20:50:00+00:00,710.2363,710.37,710.18,710.3599,0
2026-09-14T20:55:00+00:00,710.3562,710.3974,709.18,710.3,0
2026-09-14T21:00:00+00:00,710.3,710.3545,710.0052,710.21,0
2026-09-14T21:05:00+00:00,710.11,710.21,709.18,710.11,0
2026-09-14T21:10:00+00:00,710.15,710.2,669.7153,709.96,0
2026-09-14T21:15:00+00:00,709.98,710.29,665.2911,709.9901,0
2026-09-14T21:20:00+00:00,709.9985,710.0982,709.99,710.03,0
2026-09-14T21:25:00+00:00,710.0369,710.04,709.7118,709.79,0
2026-09-14T21:30:00+00:00,709.7105,709.81,709.63,709.7566,0
2026-09-14T21:35:00+00:00,709.74,709.76,709.65,709.73,0
2026-09-14T21:40:00+00:00,709.73,709.74,709.6288,709.7259,0
2026-09-14T21:45:00+00:00,709.7285,709.913,709.7216,709.913,0
2026-09-14T21:50:00+00:00,709.8615,709.9607,709.86,709.95,0
2026-09-14T21:55:00+00:00,709.95,709.97,709.9,709.96,0
2026-09-14T22:00:00+00:00,709.97,710.22,709.7,710.02,0
2026-09-14T22:05:00+00:00,710.0055,710.0055,709.5707,709.6358,0
2026-09-14T22:10:00+00:00,709.562,709.7055,709.562,709.6,0
2026-09-14T22:15:00+00:00,709.6002,709.7367,709.4576,709.57,0
2026-09-14T22:20:00+00:00,709.55,709.63,709.5,709.62,0
2026-09-14T22:25:00+00:00,709.62,709.62,709.368,709.5791,0
2026-09-14T22:30:00+00:00,709.5374,709.67,709.5374,709.62,0
2026-09-14T22:35:00+00:00,709.58,709.73,709.5313,709.56,0
2026-09-14T22:40:00+00:00,709.59,709.63,709.44,709.5499,0
2026-09-14T22:45:00+00:00,709.4912,709.7782,709.4912,709.7424,0
2026-09-14T22:50:00+00:00,709.75,709.89,709.7,709.74,0
2026-09-14T22:55:00+00:00,709.77,709.7887,709.61,709.61,0
2026-09-14T23:00:00+00:00,709.49,709.6,709.3424,709.56,0
2026-09-14T23:05:00+00:00,709.5788,709.65,709.46,709.65,0
2026-09-14T23:10:00+00:00,709.609,709.7613,709.56,709.6437,0
2026-09-14T23:15:00+00:00,709.6041,709.64,709.4108,709.46,0
2026-09-14T23:20:00+00:00,709.4028,709.6263,709.4,709.5401,0
2026-09-14T23:25:00+00:00,709.5312,709.634,709.49,709.5175,0
2026-09-14T23:30:00+00:00,709.49,709.55,709.49,709.4909,0
2026-09-14T23:35:00+00:00,709.58,709.6492,709.5,709.6,0
2026-09-14T23:40:00+00:00,709.64,709.65,709.53,709.6082,0
2026-09-14T23:45:00+00:00,709.5982,709.63,709.4062,709.4902,0
2026-09-14T23:50:00+00:00,709.46,709.4805,709.26,709.3502,0
2026-09-14T23:55:00+00:00,709.44,709.65,709.41,709.605,0
2026-09-15T08:00:00+00:00,706.25,709.18,705.277,705.39,0
2026-09-15T08:05:00+00:00,705.4,708.61,704.45,704.45,0
2026-09-15T08:10:00+00:00,704.4,705.2288,704.15,705.155,0
2026-09-15T08:15:00+00:00,705.23,705.72,705.2,705.72,0
2026-09-15T08:20:00+00:00,705.76,705.9959,705.7,705.75,0
2026-09-15T08:25:00+00:00,705.7082,705.82,705.16,705.5,0
2026-09-15T08:30:00+00:00,705.34,705.58,705.08,705.13,0
2026-09-15T08:35:00+00:00,705.15,705.5,705.05,705.2,0
2026-09-15T08:40:00+00:00,705.215,705.41,705.025,705.14,0
2026-09-15T08:45:00+00:00,705,705.17,704.94,705.1699,0
2026-09-15T08:50:00+00:00,705.2082,705.31,705.1015,705.1087,0
2026-09-15T08:55:00+00:00,705.12,705.38,704.9324,705.15,0
2026-09-15T09:00:00+00:00,705.1477,705.1585,704.65,704.951,0
2026-09-15T09:05:00+00:00,705.06,705.39,704.88,704.88,0
2026-09-15T09:10:00+00:00,704.84,705.05,704.6,704.825,0
2026-09-15T09:15:00+00:00,704.56,704.916,704.3,704.3685,0
2026-09-15T09:20:00+00:00,704.4185,705.1,704.4185,704.5,0
2026-09-15T09:25:00+00:00,704.7142,705.08,704.5315,705.0212,0
2026-09-15T09:30:00+00:00,705.07,705.17,704.8,705.1,0
2026-09-15T09:35:00+00:00,705.15,705.66,705.0985,705.6499,0
2026-09-15T09:40:00+00:00,705.63,705.7785,705.56,705.6715,0
2026-09-15T09:45:00+00:00,705.72,706.44,705.709,706.41,0
2026-09-15T09:50:00+00:00,706.37,706.93,706.37,706.8344,0
2026-09-15T09:55:00+00:00,706.85,706.9,706.55,706.71,0
2026-09-15T10:00:00+00:00,706.7853,706.96,706.58,706.58,0
2026-09-15T10:05:00+00:00,706.6512,706.8785,706.62,706.84,0
2026-09-15T10:10:00+00:00,706.81,707.35,706.81,706.8844,0
2026-09-15T10:15:00+00:00,706.8,706.8785,706.65,706.7979,0
2026-09-15T10:20:00+00:00,706.94,707.1387,706.8305,707.1012,0
2026-09-15T10:25:00+00:00,707.1485,707.28,707.0617,707.2601,0
2026-09-15T10:30:00+00:00,707.26,707.5,707.1254,707.42,0
2026-09-15T10:35:00+00:00,707.4387,707.6,707.3915,707.5702,0
2026-09-15T10:40:00+00:00,707.57,707.7,707.369,707.48,0
2026-09-15T10:45:00+00:00,707.4315,707.675,707.34,707.6687,0
2026-09-15T10:50:00+00:00,707.65,707.9,707.6312,707.9,0
2026-09-15T10:55:00+00:00,707.89,708.15,707.88,708.13,0
2026-09-15T11:00:00+00:00,708.07,709.18,708.05,708.32,0
2026-09-15T11:05:00+00:00,708.3887,708.6791,708.1396,708.6509,0
2026-09-15T11:10:00+00:00,708.68,708.85,708.56,708.6068,0
2026-09-15T11:15:00+00:00,708.6,708.88,708.48,708.7787,0
2026-09-15T11:20:00+00:00,708.7195,708.8195,708.37,708.43,0
2026-09-15T11:25:00+00:00,708.4589,708.56,708.27,708.3504,0
2026-09-15T11:30:00+00:00,708.31,708.33,708,708.22,0
2026-09-15T11:35:00+00:00,708.27,708.48,708.1206,708.1206,0
2026-09-15T11:40:00+00:00,708.19,708.45,708.04,708.4154,0
2026-09-15T11:45:00+00:00,708.3624,708.6383,708.32,708.361,0
2026-09-15T11:50:00+00:00,708.38,708.72,708.3482,708.38,0
2026-09-15T11:55:00+00:00,708.3999,708.7,708.3,708.65,0
2026-09-15T12:00:00+00:00,708.6477,708.8782,708.34,708.7,0
2026-09-15T12:05:00+00:00,708.7038,708.78,708.54,708.768,0
2026-09-15T12:10:00+00:00,708.7405,709.17,708.642,709.05,0
2026-09-15T12:15:00+00:00,709.1,709.2,708.8674,709.0785,0
2026-09-15T12:20:00+00:00,708.98,709.0326,708.2,708.4238,0
2026-09-15T12:25:00+00:00,708.4022,708.9354,708.38,708.78,0
2026-09-15T12:30:00+00:00,708.76,708.9,708.3,708.9,0
2026-09-15T12:35:00+00:00,708.93,708.959,708.661,708.88,0
2026-09-15T12:40:00+00:00,708.7687,708.98,708.4038,708.72,0
2026-09-15T12:45:00+00:00,708.7187,709.83,708.6592,709.68,0
2026-09-15T12:50:00+00:00,709.66,710,709.4,709.94,0
2026-09-15T12:55:00+00:00,709.9412,710.28,708.96,709.1,0
2026-09-15T13:00:00+00:00,709,709.27,708.86,709.2477,0
2026-09-15T13:05:00+00:00,709.29,709.318,709,709.1717,0
2026-09-15T13:10:00+00:00,709.16,709.31,708.9,708.96,0
2026-09-15T13:15:00+00:00,708.9704,709.05,708.5964,708.77,0
2026-09-15T13:20:00+00:00,708.75,708.86,708.5,708.71,0
2026-09-15T13:25:00+00:00,708.72,709.1896,708.65,708.7381,0
2026-09-15T13:30:00+00:00,708.7600098,708.8099976,707.5599976,707.8800049,1926258
2026-09-15T13:35:00+00:00,707.8850098,709.2280273,707.8850098,708.9799805,568991
2026-09-15T13:40:00+00:00,708.9799805,709.2299805,708.4000244,709.1450195,566298
2026-09-15T13:45:00+00:00,709.1300049,709.5299072,708.8250122,708.9799805,436919
2026-09-15T13:50:00+00:00,708.9650269,709.135376,708.4299927,708.9849854,359067
2026-09-15T13:55:00+00:00,708.9849854,709.1599731,708.6450195,708.9500122,203251
2026-09-15T14:00:00+00:00,708.9500122,709.0100098,708.1900024,708.1900024,454752
2026-09-15T14:05:00+00:00,708.1900024,708.3400269,707.5999756,707.789978,280776
2026-09-15T14:10:00+00:00,707.7800903,707.7999878,706.8200073,706.9249878,418493
2026-09-15T14:15:00+00:00,706.9299927,707.4299927,706.8649902,707.2399902,319437
2026-09-15T14:20:00+00:00,707.2349854,707.3900146,705.9500122,706.539978,390257
2026-09-15T14:25:00+00:00,706.5700073,706.7999878,706.291626,706.5549927,203609
2026-09-15T14:30:00+00:00,706.5499878,706.7299805,705.960022,706.1099854,424302
2026-09-15T14:35:00+00:00,706.1300049,706.3400269,705.5800171,705.7000122,298006
2026-09-15T14:40:00+00:00,705.6550293,705.6599121,705.2999878,705.585022,325934
2026-09-15T14:45:00+00:00,705.5949707,705.9199829,705.1300049,705.1300049,301179
2026-09-15T14:50:00+00:00,705.0999756,705.1950073,703.9060059,704.4749756,685619
2026-09-15T14:55:00+00:00,704.4749756,704.9099731,704.210022,704.4799805,333111
2026-09-15T15:00:00+00:00,704.4749756,705.539978,704.4749756,705.539978,357296
2026-09-15T15:05:00+00:00,705.539978,705.6599731,705.1599731,705.289978,219939
2026-09-15T15:10:00+00:00,705.2849731,705.4500122,704.9500122,705.2750244,400410
2026-09-15T15:15:00+00:00,705.2700195,705.7600098,705.0999756,705.5700073,202248
2026-09-15T15:20:00+00:00,705.5800171,705.7700195,705.1350098,705.5750122,182061
2026-09-15T15:25:00+00:00,705.5999756,705.8099976,705.4099731,705.6594849,164074
2026-09-15T15:30:00+00:00,705.6599731,705.710022,704.9625244,705.4199829,230979
2026-09-15T15:35:00+00:00,705.460022,705.6300049,705.2000122,705.210022,99681
2026-09-15T15:40:00+00:00,705.1901245,705.8048096,705.1901245,705.5999756,331672
2026-09-15T15:45:00+00:00,705.5800171,705.6500244,704.9799805,705.0999756,147761
2026-09-15T15:50:00+00:00,705.0999756,705.8699951,705.0800171,705.375,242205
2026-09-15T15:55:00+00:00,705.3900146,706.0200195,705.2550049,705.3200073,189846
2026-09-15T16:00:00+00:00,705.3499756,705.6099854,705.2199707,705.512085,164189
2026-09-15T16:05:00+00:00,705.4699707,705.5,704.5709839,704.6699829,167807
2026-09-15T16:10:00+00:00,704.6500244,704.7700195,704.4901123,704.5300293,142334
2026-09-15T16:15:00+00:00,704.5349731,705.0999756,704.460022,705.0900269,168366
2026-09-15T16:20:00+00:00,705.0700073,705.9199829,705.0700073,705.7886963,274400
2026-09-15T16:25:00+00:00,705.7800293,705.8804932,705.4500122,705.5100098,167980
2026-09-15T16:30:00+00:00,705.5050049,705.75,705.1104126,705.5900269,182576
2026-09-15T16:35:00+00:00,705.5999146,705.6199951,705.3300781,705.4749756,67494
2026-09-15T16:40:00+00:00,705.460022,705.5490112,705.25,705.3900146,97192
2026-09-15T16:45:00+00:00,705.3900146,705.539978,705.1204834,705.3344116,101196
2026-09-15T16:50:00+00:00,705.3099976,705.960022,705.289978,705.8950195,145161
2026-09-15T16:55:00+00:00,705.9000244,706,705.2700195,705.4400024,118321
2026-09-15T17:00:00+00:00,705.4400024,705.5200195,704.7800293,704.7800293,202330
2026-09-15T17:05:00+00:00,704.7600098,705.1699829,704.6306763,704.8800049,233409
2026-09-15T17:10:00+00:00,704.8950195,705.25,704.7999878,704.8250122,200166
2026-09-15T17:15:00+00:00,704.8400269,705.0100098,704.7620239,705,93937
2026-09-15T17:20:00+00:00,705,705.1199951,704.5599976,704.5717773,141109
2026-09-15T17:25:00+00:00,704.5700073,704.8699951,704.5499878,704.7999878,127226
2026-09-15T17:30:00+00:00,704.8099976,705.1300049,704.7249756,704.9000244,296848
2026-09-15T17:35:00+00:00,704.9099731,705.0499268,704.7199707,704.789978,94873
2026-09-15T17:40:00+00:00,704.789978,704.9500122,704.5300293,704.8499756,142796
2026-09-15T17:45:00+00:00,704.8250122,704.960022,704.5999756,704.6699829,174843
2026-09-15T17:50:00+00:00,704.6599731,705.0300293,704.625,705.0197144,287450
2026-09-15T17:55:00+00:00,705,705.1984863,704.8900146,705,244795
2026-09-15T18:00:00+00:00,705,705.25,704.8200073,705.2349854,229146
2026-09-15T18:05:00+00:00,705.2249756,705.3800049,705.1099854,705.3800049,278474
2026-09-15T18:10:00+00:00,705.3850098,705.5700073,705.2600098,705.3800049,472020
2026-09-15T18:15:00+00:00,705.4099731,705.460022,704.9849854,705.085022,143108
2026-09-15T18:20:00+00:00,705.0800171,705.2199707,705.0650024,705.1699219,191526
2026-09-15T18:25:00+00:00,705.1799927,705.4000244,705.0700073,705.3950195,160868
2026-09-15T18:30:00+00:00,705.3986816,705.3986816,704.8200073,704.8699951,161698
2026-09-15T18:35:00+00:00,704.8775024,704.9624023,704.7000122,704.8699951,243970
2026-09-15T18:40:00+00:00,704.875,705.1300049,704.6500244,704.6799927,229983
2026-09-15T18:45:00+00:00,704.6849976,704.7299805,704.1906128,704.3400269,272111
2026-09-15T18:50:00+00:00,704.3300171,704.5300293,704.2700195,704.5,256845
2026-09-15T18:55:00+00:00,704.5,704.7550049,704.440979,704.7304077,119357
2026-09-15T19:00:00+00:00,704.7299805,704.8800049,704.5,704.6799927,216793
2026-09-15T19:05:00+00:00,704.6799927,704.7800293,704.539978,704.7199707,154532
2026-09-15T19:10:00+00:00,704.7199707,704.7800293,704.4000244,704.4561157,366431
2026-09-15T19:15:00+00:00,704.4450073,704.5300293,704.2750244,704.4699707,350802
2026-09-15T19:20:00+00:00,704.460022,704.4799805,704.2890015,704.3300171,260599
2026-09-15T19:25:00+00:00,704.335022,704.5100098,704.2299805,704.3599854,264083
2026-09-15T19:30:00+00:00,704.3599854,704.4277954,704.2249756,704.2399902,202504
2026-09-15T19:35:00+00:00,704.2299805,704.2299805,703.7999878,703.9099121,453595
2026-09-15T19:40:00+00:00,703.9000244,704.1599731,703.8200073,704.085022,378281
2026-09-15T19:45:00+00:00,704.0800171,704.2299805,703.9458008,704.1950073,394461
2026-09-15T19:50:00+00:00,704.1699829,704.3400269,703.6350098,704.3400269,765020
2026-09-15T19:55:00+00:00,704.3099976,704.6450195,704.0800171,704.5900269,1989270
2026-09-15T20:00:00+00:00,704.59,705.3,704.54,705.23,0
2026-09-15T20:05:00+00:00,705.25,705.252,705.1112,705.19,0
2026-09-15T20:10:00+00:00,705.19,705.5648,704.54,705.5,0
2026-09-15T20:15:00+00:00,705.46,705.4944,704.54,705.3448,0
2026-09-15T20:20:00+00:00,705.3378,705.3648,705.2177,705.2218,0
2026-09-15T20:25:00+00:00,705.2548,705.26,705.1,705.1446,0
2026-09-15T20:30:00+00:00,705.1392,705.26,705.07,705.17,0
2026-09-15T20:35:00+00:00,705.18,705.3543,705.15,705.24,0
2026-09-15T20:40:00+00:00,705.28,705.4042,705.2234,705.3,0
2026-09-15T20:45:00+00:00,705.28,708.68,705.2677,705.4854,0
2026-09-15T20:50:00+00:00,705.4093,705.4507,705.35,705.37,0
2026-09-15T20:55:00+00:00,705.3769,705.5,705.36,705.3635,0
2026-09-15T21:00:00+00:00,705.187,705.4114,704.54,705.3748,0
2026-09-15T21:05:00+00:00,705.3667,705.4,705.15,705.2661,0
2026-09-15T21:10:00+00:00,705.2662,705.38,704.54,705.16,0
2026-09-15T21:15:00+00:00,705.16,705.2299,705.15,705.179,0
2026-09-15T21:20:00+00:00,705.1869,705.19,705.0327,705.0485,0
2026-09-15T21:25:00+00:00,705.0485,705.05,704.97,704.97,0
2026-09-15T21:30:00+00:00,704.9994,704.9995,704.82,704.87,0
2026-09-15T21:35:00+00:00,704.8668,704.8668,704.7142,704.775,0
2026-09-15T21:40:00+00:00,704.775,704.8,704.77,704.8,0
2026-09-15T21:45:00+00:00,704.7715,704.8,704.73,704.7776,0
2026-09-15T21:50:00+00:00,704.8,704.8,704.7703,704.7977,0
2026-09-15T21:55:00+00:00,704.8,704.8,704.6,704.7728,0
2026-09-15T22:00:00+00:00,704.78,705.13,704.76,705.06,0
2026-09-15T22:05:00+00:00,705.08,705.08,704.8,704.8495,0
2026-09-15T22:10:00+00:00,704.85,704.89,704.77,704.845,0
2026-09-15T22:15:00+00:00,704.8468,704.9985,704.8468,704.86,0
2026-09-15T22:20:00+00:00,704.86,705.1263,704.86,705.0436,0
2026-09-15T22:25:00+00:00,705.07,705.07,704.8768,704.9651,0
2026-09-15T22:30:00+00:00,704.9951,705.21,704.9832,705.19,0
2026-09-15T22:35:00+00:00,705.25,705.43,705.1993,705.43,0
2026-09-15T22:40:00+00:00,705.44,705.44,705.3031,705.3143,0
2026-09-15T22:45:00+00:00,705.3464,705.54,705.2801,705.39,0
2026-09-15T22:50:00+00:00,705.3869,705.45,705.3661,705.4292,0
2026-09-15T22:55:00+00:00,705.4277,705.4277,705.35,705.35,0
2026-09-15T23:00:00+00:00,705.3281,705.4099,705.2608,705.31,0
2026-09-15T23:05:00+00:00,705.316,705.36,705.31,705.3197,0
2026-09-15T23:10:00+00:00,705.3115,705.38,705.29,705.316,0
2026-09-15T23:15:00+00:00,705.3167,705.32,705.25,705.2671,0
2026-09-15T23:20:00+00:00,705.2614,705.278,705.2007,705.216,0
2026-09-15T23:25:00+00:00,705.2033,705.2292,705.01,705.0143,0
2026-09-15T23:30:00+00:00,705.07,705.1112,705.0208,705.1,0
2026-09-15T23:35:00+00:00,705.05,705.18,705,705.18,0
2026-09-15T23:40:00+00:00,705.18,705.44,705.14,705.302,0
2026-09-15T23:45:00+00:00,705.398,705.4185,705.27,705.3,0
2026-09-15T23:50:00+00:00,705.3882,705.44,705.2691,705.4082,0
2026-09-15T23:55:00+00:00,705.43,705.43,705.15,705.19,0
2026-09-16T08:00:00+00:00,706.2,708.21,704.54,707.0587,0
2026-09-16T08:05:00+00:00,707,708.04,705.73,706.98,0
2026-09-16T08:10:00+00:00,706.921,707.08,706.585,706.99,0
2026-09-16T08:15:00+00:00,707.12,707.73,706.9987,707.18,0
2026-09-16T08:20:00+00:00,707.33,707.5,706.825,706.8387,0
2026-09-16T08:25:00+00:00,706.818,707.07,706.7487,707.07,0
2026-09-16T08:30:00+00:00,707.1,707.45,707.02,707.0882,0
2026-09-16T08:35:00+00:00,707.1487,707.2185,706.64,706.64,0
2026-09-16T08:40:00+00:00,706.62,707.08,706.56,706.996,0
2026-09-16T08:45:00+00:00,707.0527,707.19,707.04,707.1115,0
2026-09-16T08:50:00+00:00,706.96,707.5,706.93,707.49,0
2026-09-16T08:55:00+00:00,707.45,707.67,707.43,707.66,0
2026-09-16T09:00:00+00:00,707.7085,707.79,707.479,707.7434,0
2026-09-16T09:05:00+00:00,707.8,707.8808,707.5115,707.6987,0
2026-09-16T09:10:00+00:00,707.6315,707.7285,707.3,707.3,0
2026-09-16T09:15:00+00:00,707.3,707.36,706.85,706.85,0
2026-09-16T09:20:00+00:00,706.85,707.1454,706.85,707.01,0
2026-09-16T09:25:00+00:00,707.04,707.6117,706.9915,707.3082,0
2026-09-16T09:30:00+00:00,707.2738,707.56,707.2149,707.501,0
2026-09-16T09:35:00+00:00,707.44,707.71,707.42,707.71,0
2026-09-16T09:40:00+00:00,707.66,708.13,707.66,707.9,0
2026-09-16T09:45:00+00:00,707.93,707.95,707.59,707.73,0
2026-09-16T09:50:00+00:00,707.79,708.0428,707.7882,708,0
2026-09-16T09:55:00+00:00,708.0185,708.13,707.9,707.9,0
2026-09-16T10:00:00+00:00,707.84,708,707.5,707.5,0
2026-09-16T10:05:00+00:00,707.5,707.73,707.35,707.7287,0
2026-09-16T10:10:00+00:00,707.7837,707.8085,707.35,707.6682,0
2026-09-16T10:15:00+00:00,707.6115,707.78,707.4712,707.7,0
2026-09-16T10:20:00+00:00,707.69,707.78,707.4915,707.605,0
2026-09-16T10:25:00+00:00,707.5615,707.7688,707.5212,707.7685,0
2026-09-16T10:30:00+00:00,707.7017,707.8094,707.6715,707.7285,0
2026-09-16T10:35:00+00:00,707.67,707.9187,707.67,707.9187,0
2026-09-16T10:40:00+00:00,707.8992,707.9687,707.8115,707.9387,0
2026-09-16T10:45:00+00:00,707.83,707.87,707.6907,707.7687,0
2026-09-16T10:50:00+00:00,707.77,707.77,707.62,707.65,0
2026-09-16T10:55:00+00:00,707.6387,708.3,707.6,708.3,0
2026-09-16T11:00:00+00:00,708.29,708.75,704.54,708.1691,0
2026-09-16T11:05:00+00:00,708.16,708.25,707.8,708.2091,0
2026-09-16T11:10:00+00:00,708.1286,708.165,707.65,707.67,0
2026-09-16T11:15:00+00:00,707.67,707.8,707.44,707.731,0
2026-09-16T11:20:00+00:00,707.72,707.8282,707.52,707.73,0
2026-09-16T11:25:00+00:00,707.73,707.9987,707.7,707.82,0
2026-09-16T11:30:00+00:00,707.82,708.165,707.7713,708.03,0
2026-09-16T11:35:00+00:00,708.03,708.23,707.95,708.17,0
2026-09-16T11:40:00+00:00,708.2368,708.67,707.9085,708.539,0
2026-09-16T11:45:00+00:00,708.5588,708.63,708.44,708.46,0
2026-09-16T11:50:00+00:00,708.4967,708.61,708.4387,708.54,0
2026-09-16T11:55:00+00:00,708.55,708.66,708.3811,708.66,0
2026-09-16T12:00:00+00:00,708.64,709,705.068,708.8095,0
2026-09-16T12:05:00+00:00,708.87,709.21,708.7271,709.1007,0
2026-09-16T12:10:00+00:00,709.12,709.12,708.82,708.85,0
2026-09-16T12:15:00+00:00,708.83,709.01,708.8,709.01,0
2026-09-16T12:20:00+00:00,709.08,709.12,708.89,708.89,0
2026-09-16T12:25:00+00:00,708.9468,709.12,708.81,709,0
2026-09-16T12:30:00+00:00,709,709.0633,708.4,708.5885,0
2026-09-16T12:35:00+00:00,708.55,708.61,707.7034,707.9001,0
2026-09-16T12:40:00+00:00,707.96,707.96,707.5116,707.56,0
2026-09-16T12:45:00+00:00,707.56,708.2,704.54,708.2,0
2026-09-16T12:50:00+00:00,708.19,708.4187,707.8,707.8,0
2026-09-16T12:55:00+00:00,707.77,708.43,707.71,708.372,0
2026-09-16T13:00:00+00:00,708.28,708.58,707.45,707.5,0
2026-09-16T13:05:00+00:00,707.5077,708.08,707.5,708.08,0
2026-09-16T13:10:00+00:00,708.08,708.4,707.94,708.3679,0
2026-09-16T13:15:00+00:00,708.36,708.36,707.9317,708.03,0
2026-09-16T13:20:00+00:00,707.98,708.66,707.9515,708.2001,0
2026-09-16T13:25:00+00:00,708.35,708.35,708,708,0
2026-09-16T13:30:00+00:00,708.0599976,708.789978,707.8850098,708.4500122,2069399
2026-09-16T13:35:00+00:00,708.3800049,708.5819702,707.6500244,708.1199951,681890
2026-09-16T13:40:00+00:00,708.1099854,708.8099976,708.0200195,708.3900146,339953
2026-09-16T13:45:00+00:00,708.4000244,709.8200073,708.3499756,709.7700195,660302
2026-09-16T13:50:00+00:00,709.7700195,710.1400146,709.5900269,709.7949829,415135
2026-09-16T13:55:00+00:00,709.8099976,710.25,709.6500244,710.210022,303640
2026-09-16T14:00:00+00:00,710.2199707,710.2700195,709.039978,709.1400146,275827
2026-09-16T14:05:00+00:00,709.1500244,709.9199829,708.9099731,709.6099243,252853
2026-09-16T14:10:00+00:00,709.5949707,709.7600098,708.75,709.5200195,223103
2026-09-16T14:15:00+00:00,709.4899902,710.1398926,709.3699951,709.9699707,203954
2026-09-16T14:20:00+00:00,709.9400024,710.0900269,709.6500244,709.8099976,147740
2026-09-16T14:25:00+00:00,709.8300171,709.8699951,709.3950195,709.5800781,133454
2026-09-16T14:30:00+00:00,709.5650024,709.7197266,709.2249756,709.4299927,198861
2026-09-16T14:35:00+00:00,709.4099731,709.4899902,708.9500122,709.2399902,190680
2026-09-16T14:40:00+00:00,709.2009888,709.8900146,709.2009888,709.8900146,241512
2026-09-16T14:45:00+00:00,709.8895874,710.0800171,709.539978,709.6900024,390383
2026-09-16T14:50:00+00:00,709.6900024,710.0349731,709.5200195,709.8399048,141935
2026-09-16T14:55:00+00:00,709.8499756,710.7299805,709.7600098,710.6578979,199271
2026-09-16T15:00:00+00:00,710.7199707,711.0300293,710.3499756,710.75,294823
2026-09-16T15:05:00+00:00,710.7399902,711.5499878,710.5200195,711.4199829,518541
2026-09-16T15:10:00+00:00,711.4099731,711.5,710.9199829,711.2800293,226102
2026-09-16T15:15:00+00:00,711.3109741,711.3109741,710.6199951,710.9099731,166238
2026-09-16T15:20:00+00:00,710.9000244,711.1400146,710.7199707,711.1080933,134811
2026-09-16T15:25:00+00:00,711.0800781,711.3099976,710.7620239,710.8699951,238497
2026-09-16T15:30:00+00:00,710.9000244,710.960022,710.2999878,710.460022,173171
2026-09-16T15:35:00+00:00,710.4899902,710.8300171,710.3300171,710.5599976,201799
2026-09-16T15:40:00+00:00,710.5698853,710.7368164,710.3449707,710.5999756,125048
2026-09-16T15:45:00+00:00,710.5900269,711.8499756,710.4404297,711.3400269,398791
2026-09-16T15:50:00+00:00,711.3800049,711.4500122,710.9500732,711.0300293,153852
2026-09-16T15:55:00+00:00,710.9650269,711.0789185,710.630127,710.630127,87506
2026-09-16T16:00:00+00:00,710.6699829,710.7299805,710.1300049,710.1500244,140762
2026-09-16T16:05:00+00:00,710.1300049,710.4400024,710.0999756,710.3300781,106932
2026-09-16T16:10:00+00:00,710.3400269,710.3800049,710.0100098,710.3098755,107955
2026-09-16T16:15:00+00:00,710.3300171,710.5994873,710.289978,710.4899902,94461
2026-09-16T16:20:00+00:00,710.4799805,710.4799805,709.9299927,709.9949951,113965
2026-09-16T16:25:00+00:00,710,710.3800049,709.9660034,710.3499756,92015
2026-09-16T16:30:00+00:00,710.3400269,710.4099731,709.8699951,709.8807983,152126
2026-09-16T16:35:00+00:00,709.8800049,710.0900269,709.8800049,710.0200195,131465
2026-09-16T16:40:00+00:00,710.0180054,710.1500244,709.9400024,710,116019
2026-09-16T16:45:00+00:00,710.0100098,710.5200195,710.0100098,710.3900146,88853
2026-09-16T16:50:00+00:00,710.3599854,710.4199829,709.9099731,710.0939941,92711
2026-09-16T16:55:00+00:00,710.09198,710.210022,709.960022,709.9650269,60870
2026-09-16T17:00:00+00:00,709.9799805,709.9799805,709.2800293,709.463501,174742
2026-09-16T17:05:00+00:00,709.4749756,709.5700073,709.3900146,709.5700073,86365
2026-09-16T17:10:00+00:00,709.5700073,709.8200073,709.4000244,709.75,75376
2026-09-16T17:15:00+00:00,709.7550049,709.8599854,709.5800171,709.6199951,75942
2026-09-16T17:20:00+00:00,709.6300049,709.8099976,709.3800049,709.4500122,75555
2026-09-16T17:25:00+00:00,709.460022,709.710022,709.460022,709.6849976,78830
2026-09-16T17:30:00+00:00,709.7000122,709.8300171,709.4699707,709.5601196,90818
2026-09-16T17:35:00+00:00,709.5800171,709.6500244,709.3099976,709.3099976,166597
2026-09-16T17:40:00+00:00,709.2999878,709.3099976,708.7719727,708.8790283,295217
2026-09-16T17:45:00+00:00,708.8900146,709.3699951,708.8800049,709.0900269,132214
2026-09-16T17:50:00+00:00,709.1199951,709.5300293,708.960022,709.4199829,168276
2026-09-16T17:55:00+00:00,709.4099731,710.210022,709.3709717,710.1900024,368312
2026-09-16T18:00:00+00:00,710.210022,711.0999756,708.5999756,710.9199829,1121847
2026-09-16T18:05:00+00:00,710.9400024,711.6500244,710.5795288,710.7698975,652972
2026-09-16T18:10:00+00:00,710.75,710.9500122,709.6900024,709.8900146,380678
2026-09-16T18:15:00+00:00,709.8850098,710.289978,709.5499878,709.9199829,308297
2026-09-16T18:20:00+00:00,709.8400269,710.2299805,709.4500122,709.6099854,258329
2026-09-16T18:25:00+00:00,709.6500244,709.75,708.4500122,709.6651001,377687
2026-09-16T18:30:00+00:00,709.5878296,709.9199829,707.5200195,707.6400146,619656
2026-09-16T18:35:00+00:00,707.6199951,708.3300171,705.8950195,708.0800171,872890
2026-09-16T18:40:00+00:00,707.9949951,710.6199951,707.9299927,709.3099976,728028
2026-09-16T18:45:00+00:00,709.289978,710.0700073,707.7661133,707.9199829,559424
2026-09-16T18:50:00+00:00,707.8800049,708.2249756,705.7249756,705.7700195,637651
2026-09-16T18:55:00+00:00,705.8300171,706.4799805,704.0200195,704.2800293,986480
2026-09-16T19:00:00+00:00,704.3099976,706.0200195,704.0750122,705.3800049,989346
2026-09-16T19:05:00+00:00,705.2999878,705.3800049,703.2399902,703.6663818,797904
2026-09-16T19:10:00+00:00,703.6599731,703.8300171,701.3499756,701.9099121,1259082
2026-09-16T19:15:00+00:00,701.8549805,702.6699829,700.7662964,701.3300171,941918
2026-09-16T19:20:00+00:00,701.3599854,701.8400269,700.6799927,701.3693848,766752
2026-09-16T19:25:00+00:00,701.4299927,701.9863892,700,701.8900146,843244
2026-09-16T19:30:00+00:00,701.875,703.4500122,701.6550293,703.4249878,937459
2026-09-16T19:35:00+00:00,703.4000244,703.5200195,702.1599731,703.2800293,947638
2026-09-16T19:40:00+00:00,703.2763062,703.6799927,702.3200073,702.8601074,991970
2026-09-16T19:45:00+00:00,702.8800049,704.3400269,702.8599854,704.0900269,563081
2026-09-16T19:50:00+00:00,704.0900269,704.7700195,703.8699951,704.4000244,780347
2026-09-16T19:55:00+00:00,704.4000244,705.0300293,703.9199829,704.75,1734812
2026-09-16T20:00:00+00:00,704.76,705.3832,704.54,705.1,0
2026-09-16T20:05:00+00:00,705.1,705.33,704.7,705.0741,0
2026-09-16T20:10:00+00:00,705.03,705.08,704.72,705.0486,0
2026-09-16T20:15:00+00:00,704.99,705.15,704.72,704.9399,0
2026-09-16T20:20:00+00:00,704.94,705.05,704.66,704.69,0
2026-09-16T20:25:00+00:00,704.6684,704.71,704.2469,704.48,0
2026-09-16T20:30:00+00:00,704.565,704.77,704.4254,704.7691,0
2026-09-16T20:35:00+00:00,704.71,705.15,704.52,704.9616,0
2026-09-16T20:40:00+00:00,704.96,705.12,704.72,704.92,0
2026-09-16T20:45:00+00:00,704.92,705.13,658.3537,705.13,0
2026-09-16T20:50:00+00:00,705.1487,705.24,704.9949,705.0677,0
2026-09-16T20:55:00+00:00,705.0753,705.1433,662.0274,705,0
2026-09-16T21:00:00+00:00,705.0585,705.1,662.0274,705.026,0
2026-09-16T21:05:00+00:00,705.026,705.649,662.0274,705.09,0
2026-09-16T21:10:00+00:00,705.0877,705.1983,705.01,705.0485,0
2026-09-16T21:15:00+00:00,705.0456,705.18,704.72,705.1133,0
2026-09-16T21:20:00+00:00,705.07,705.1599,704.99,705,0
2026-09-16T21:25:00+00:00,705,705.12,704.98,705,0
2026-09-16T21:30:00+00:00,705,705.2099,704.93,705.19,0
2026-09-16T21:35:00+00:00,705.19,705.25,705.15,705.2499,0
2026-09-16T21:40:00+00:00,705.28,705.75,705.24,705.7268,0
2026-09-16T21:45:00+00:00,705.61,705.74,705.4,705.505,0
2026-09-16T21:50:00+00:00,705.6,705.6,705.35,705.4318,0
2026-09-16T21:55:00+00:00,705.5621,705.5621,705.35,705.44,0
2026-09-16T22:00:00+00:00,705.41,705.44,704.71,704.7167,0
2026-09-16T22:05:00+00:00,704.95,705.55,704.95,705.486,0
2026-09-16T22:10:00+00:00,705.4875,705.55,705.3804,705.53,0
2026-09-16T22:15:00+00:00,705.54,705.6,705.43,705.58,0
2026-09-16T22:20:00+00:00,705.58,705.87,705.58,705.82,0
2026-09-16T22:25:00+00:00,705.83,706.53,705.7517,706.4,0
2026-09-16T22:30:00+00:00,706.41,706.7446,706.35,706.65,0
2026-09-16T22:35:00+00:00,706.65,707.12,706.6,707.07,0
2026-09-16T22:40:00+00:00,706.98,707.46,706.98,707.19,0
2026-09-16T22:45:00+00:00,707.21,707.3,706.8725,706.9,0
2026-09-16T22:50:00+00:00,706.9441,719.53,706.8704,706.9024,0
2026-09-16T22:55:00+00:00,706.94,707.1074,706.86,707,0
2026-09-16T23:00:00+00:00,707.035,707.308,707.03,707.15,0
2026-09-16T23:05:00+00:00,707.14,707.57,707.0966,707.56,0
2026-09-16T23:10:00+00:00,707.55,707.59,707.38,707.42,0
2026-09-16T23:15:00+00:00,707.52,708.06,707.52,707.8,0
2026-09-16T23:20:00+00:00,707.84,708.18,707.84,708.14,0
2026-09-16T23:25:00+00:00,708.16,708.6075,708.07,708.16,0
2026-09-16T23:30:00+00:00,708.239,708.54,708.22,708.54,0
2026-09-16T23:35:00+00:00,708.45,708.45,708.1608,708.2801,0
2026-09-16T23:40:00+00:00,708.32,709.28,708.2301,709.0313,0
2026-09-16T23:45:00+00:00,709.0692,709.542,709.014,709.33,0
2026-09-16T23:50:00+00:00,709.41,709.44,709.1707,709.24,0
2026-09-16T23:55:00+00:00,709.2749,709.46,709.0564,709.46,0
2026-09-17T08:00:00+00:00,708.4,712.24,704.72,711.3828,0
2026-09-17T08:05:00+00:00,711.3532,712,709.05,711.32,0
2026-09-17T08:10:00+00:00,711.3,711.42,710.5,710.6,0
2026-09-17T08:15:00+00:00,710.62,710.82,710.36,710.48,0
2026-09-17T08:20:00+00:00,710.46,710.75,710.4375,710.75,0
2026-09-17T08:25:00+00:00,710.79,711.11,710.77,711.11,0
2026-09-17T08:30:00+00:00,711.0987,711.275,710.84,711.25,0
2026-09-17T08:35:00+00:00,711.3012,711.56,711.2317,711.52,0
2026-09-17T08:40:00+00:00,711.54,711.59,711.28,711.42,0
2026-09-17T08:45:00+00:00,711.41,711.73,711.39,711.715,0
2026-09-17T08:50:00+00:00,711.71,712.11,711.55,712,0
2026-09-17T08:55:00+00:00,712,712.2,711.92,712.03,0
2026-09-17T09:00:00+00:00,712.1182,712.5807,712.1,712.41,0
2026-09-17T09:05:00+00:00,712.3917,712.675,712.36,712.54,0
2026-09-17T09:10:00+00:00,712.55,712.93,712.43,712.44,0
2026-09-17T09:15:00+00:00,712.4487,712.54,712.1,712.15,0
2026-09-17T09:20:00+00:00,712.08,712.23,712.08,712.11,0
2026-09-17T09:25:00+00:00,712.085,712.2,712,712.0095,0
2026-09-17T09:30:00+00:00,712.07,712.4,712,712.4,0
2026-09-17T09:35:00+00:00,712.43,712.44,712.25,712.2907,0
2026-09-17T09:40:00+00:00,712.29,712.3688,712.2526,712.3688,0
2026-09-17T09:45:00+00:00,712.315,712.3195,711.76,711.9,0
2026-09-17T09:50:00+00:00,711.93,712.37,711.93,712.32,0
2026-09-17T09:55:00+00:00,712.34,712.59,712.09,712.14,0
2026-09-17T10:00:00+00:00,712.15,712.32,712.08,712.25,0
2026-09-17T10:05:00+00:00,712.38,712.5257,712.27,712.4596,0
2026-09-17T10:10:00+00:00,712.45,712.63,712.44,712.448,0
2026-09-17T10:15:00+00:00,712.4385,712.5194,712.21,712.22,0
2026-09-17T10:20:00+00:00,712.29,712.729,712.27,712.72,0
2026-09-17T10:25:00+00:00,712.735,712.86,712.62,712.62,0
2026-09-17T10:30:00+00:00,712.67,712.9,712.47,712.48,0
2026-09-17T10:35:00+00:00,712.497,712.7,712.497,712.639,0
2026-09-17T10:40:00+00:00,712.6482,712.6482,712.2,712.356,0
2026-09-17T10:45:00+00:00,712.26,712.4,712.22,712.27,0
2026-09-17T10:50:00+00:00,712.34,712.6,712.34,712.4,0
2026-09-17T10:55:00+00:00,712.46,712.86,712.4274,712.76,0
2026-09-17T11:00:00+00:00,712.7106,713.36,704.72,712.9285,0
2026-09-17T11:05:00+00:00,712.9,713,712.69,712.8,0
2026-09-17T11:10:00+00:00,712.7,712.9,712.5,712.826,0
2026-09-17T11:15:00+00:00,712.85,712.9206,712.29,712.5266,0
2026-09-17T11:20:00+00:00,712.481,712.73,712.3609,712.3609,0
2026-09-17T11:25:00+00:00,712.3982,712.61,712.2815,712.545,0
2026-09-17T11:30:00+00:00,712.5667,712.62,712.44,712.47,0
2026-09-17T11:35:00+00:00,712.417,712.5566,712.3,712.5,0
2026-09-17T11:40:00+00:00,712.5,712.5,712.1845,712.1845,0
2026-09-17T11:45:00+00:00,712.15,712.3552,712.12,712.2898,0
2026-09-17T11:50:00+00:00,712.1669,712.6879,712.07,712.6879,0
2026-09-17T11:55:00+00:00,712.6352,713.64,712.48,713.6,0
2026-09-17T12:00:00+00:00,713.598,713.7487,704.192,713.6644,0
2026-09-17T12:05:00+00:00,713.57,714.76,713.5218,714.75,0
2026-09-17T12:10:00+00:00,714.76,715.07,714.39,714.7,0
2026-09-17T12:15:00+00:00,714.71,715.18,714.6542,715.18,0
2026-09-17T12:20:00+00:00,715.16,715.44,715.08,715.36,0
2026-09-17T12:25:00+00:00,715.4,716.13,715.08,716.11,0
2026-09-17T12:30:00+00:00,716.1,716.76,715.85,716.6602,0
2026-09-17T12:35:00+00:00,716.6662,716.7,716.0348,716.5501,0
2026-09-17T12:40:00+00:00,716.58,716.58,716,716.02,0
2026-09-17T12:45:00+00:00,716,716.04,704.72,715.87,0
2026-09-17T12:50:00+00:00,715.87,716.17,715.8,716.06,0
2026-09-17T12:55:00+00:00,716.05,716.26,715.84,716.1278,0
2026-09-17T13:00:00+00:00,716.09,716.75,715.95,716.2304,0
2026-09-17T13:05:00+00:00,716.25,716.4684,716.1,716.1601,0
2026-09-17T13:10:00+00:00,716.15,716.3977,715.9254,716.29,0
2026-09-17T13:15:00+00:00,716.2679,716.5,716.18,716.22,0
2026-09-17T13:20:00+00:00,716.22,716.3072,715.8614,715.9451,0
2026-09-17T13:25:00+00:00,715.95,716.41,715.75,715.93,0
2026-09-17T13:30:00+00:00,716.0499878,716.3699951,714.0599976,714.1099854,3227324
2026-09-17T13:35:00+00:00,714.1099854,714.7199707,713.3200073,713.6699829,859990
2026-09-17T13:40:00+00:00,713.6799927,714.3798828,713.5100098,714.210022,634015
2026-09-17T13:45:00+00:00,714.2299805,714.8499756,713.7999878,714.7399902,631535
2026-09-17T13:50:00+00:00,714.7600098,715.4949951,714.2800293,715.039978,583021
2026-09-17T13:55:00+00:00,715.0300293,715.3800049,714.75,715.3699951,353574
2026-09-17T14:00:00+00:00,715.4099731,715.4099731,714.4299927,714.9708862,410185
2026-09-17T14:05:00+00:00,715.039978,715.1849976,714.1599731,714.6071777,263229
2026-09-17T14:10:00+00:00,714.6149902,716.0200195,714.3449707,715.8499756,434776
2026-09-17T14:15:00+00:00,715.8499756,716.0999146,715.5650024,715.8800049,492499
2026-09-17T14:20:00+00:00,715.8740234,716.2199707,715.4605103,716.1400146,279932
2026-09-17T14:25:00+00:00,716.1599731,716.6099854,715.9450073,715.960022,360846
2026-09-17T14:30:00+00:00,715.9799805,716.5900269,715.9000244,716.4909058,578959
2026-09-17T14:35:00+00:00,716.5100098,716.6950073,716.2199707,716.25,342334
2026-09-17T14:40:00+00:00,716.2700195,716.7999878,716.0001221,716.039978,265276
2026-09-17T14:45:00+00:00,716.0499878,716.1199951,715.210022,715.5050049,277011
2026-09-17T14:50:00+00:00,715.5,715.6099854,714.9500122,715.0999756,766418
2026-09-17T14:55:00+00:00,715.0800171,715.5700073,714.9199829,715.1749878,379526
2026-09-17T15:00:00+00:00,715.2299805,715.3950195,714.9000244,715.0599976,816950
2026-09-17T15:05:00+00:00,715.0700073,715.4799805,714.5800171,715.2849731,257460
2026-09-17T15:10:00+00:00,715.2874756,715.3699951,715.0200195,715.289978,117392
2026-09-17T15:15:00+00:00,715.2999878,715.625,715.0300293,715.539978,122629
2026-09-17T15:20:00+00:00,715.5700073,715.5700073,715.2299805,715.5349731,218631
2026-09-17T15:25:00+00:00,715.5300293,716.0300293,715.5300293,715.8599854,267661
2026-09-17T15:30:00+00:00,715.8599854,715.9500122,715.6900024,715.8499146,117589
2026-09-17T15:35:00+00:00,715.8599854,716.1699829,715.7999878,716.1699829,201070
2026-09-17T15:40:00+00:00,716.1799927,716.6500244,716.1400146,716.5300293,233121
2026-09-17T15:45:00+00:00,716.5200195,716.711792,716.4199829,716.6300049,214342
2026-09-17T15:50:00+00:00,716.7000122,716.7399902,716.4199829,716.5599976,185064
2026-09-17T15:55:00+00:00,716.5599976,716.6900024,716.2700195,716.6699829,247744
2026-09-17T16:00:00+00:00,716.710022,716.7600098,716.3300171,716.3394775,118421
2026-09-17T16:05:00+00:00,716.335022,716.6799927,716.0750122,716.6400146,134247
2026-09-17T16:10:00+00:00,716.6599731,716.710022,716.4500732,716.6300049,118835
2026-09-17T16:15:00+00:00,716.6450195,716.6940918,716.460022,716.5800171,237984
2026-09-17T16:20:00+00:00,716.6099854,716.9385986,716.4000244,716.8150024,249885
2026-09-17T16:25:00+00:00,716.8099976,716.9000244,716.6900024,716.8150024,232360
2026-09-17T16:30:00+00:00,716.8099976,716.8839111,716.1049805,716.276001,312662
2026-09-17T16:35:00+00:00,716.289978,716.5,716.2199707,716.4099731,334777
2026-09-17T16:40:00+00:00,716.4050293,716.7901001,716.2800903,716.7901001,152025
2026-09-17T16:45:00+00:00,716.795105,716.8599854,716.6500854,716.7150269,35547
2026-09-17T16:50:00+00:00,716.710022,716.8400269,716.6599731,716.710022,113381
2026-09-17T16:55:00+00:00,716.7000122,716.7399902,715.7999878,716.6973877,425684
2026-09-17T17:00:00+00:00,716.6799927,717.0700073,716.6450195,716.9794922,335451
2026-09-17T17:05:00+00:00,716.9899902,717.1599731,716.789978,716.7999878,182914
2026-09-17T17:10:00+00:00,716.8400269,716.8400269,716.4299927,716.4500122,178147
2026-09-17T17:15:00+00:00,716.4857788,716.7199707,716.4450073,716.6199951,122347
2026-09-17T17:20:00+00:00,716.5900269,716.7199707,716.2399902,716.2612305,134143
2026-09-17T17:25:00+00:00,716.289978,716.5200195,716.2200928,716.3200073,98543
2026-09-17T17:30:00+00:00,716.3400269,716.4899902,716.1119995,716.4799805,138743
2026-09-17T17:35:00+00:00,716.4699707,716.5800171,716.2600098,716.2700195,285250
2026-09-17T17:40:00+00:00,716.2999878,716.6099854,716.2999878,716.5900269,169388
2026-09-17T17:45:00+00:00,716.5700073,716.7600098,716.539978,716.6199951,136213
2026-09-17T17:50:00+00:00,716.5999756,716.6099854,716.3499756,716.4400024,130330
2026-09-17T17:55:00+00:00,716.4500122,716.7199707,716.4099731,716.6799927,178861
2026-09-17T18:00:00+00:00,716.7000122,716.75,716.4899902,716.6900024,138778
2026-09-17T18:05:00+00:00,716.6900024,716.8250122,716.2750244,716.3200073,499163
2026-09-17T18:10:00+00:00,716.375,716.4899902,716.2800293,716.414978,374863
2026-09-17T18:15:00+00:00,716.4099731,716.6495972,716.1950073,716.5499878,292857
2026-09-17T18:20:00+00:00,716.5501099,716.6126709,716.25,716.289978,280516
2026-09-17T18:25:00+00:00,716.2849731,716.4299927,716.2800293,716.3300171,1527918
2026-09-17T18:30:00+00:00,716.3599854,716.5,716.2000122,716.2199707,747889
2026-09-17T18:35:00+00:00,716.2199707,716.2550049,715.9299927,715.9500122,414349
2026-09-17T18:40:00+00:00,715.9500122,716.1400146,715.8599854,716.1099243,260710
2026-09-17T18:45:00+00:00,716.1300049,716.3699951,716.0800171,716.2399902,150646
2026-09-17T18:50:00+00:00,716.2299805,716.3499756,716.1199951,716.2199707,169044
2026-09-17T18:55:00+00:00,716.2199707,716.3154907,716.0999756,716.2399902,259830
2026-09-17T19:00:00+00:00,716.2999878,716.6062012,716.2249756,716.5750122,403596
2026-09-17T19:05:00+00:00,716.579895,716.9500122,716.5706177,716.664978,447401
2026-09-17T19:10:00+00:00,716.6699829,716.8400269,716.5750122,716.7000122,491780
2026-09-17T19:15:00+00:00,716.710022,716.8599854,716.6245728,716.7999878,346602
2026-09-17T19:20:00+00:00,716.8099976,716.8599854,716.5800781,716.5949707,582367
2026-09-17T19:25:00+00:00,716.5999756,716.6900024,716.4400024,716.5300293,430958
2026-09-17T19:30:00+00:00,716.5250244,717.0499878,716.5050049,717.0100098,518229
2026-09-17T19:35:00+00:00,717.0250244,717.210022,717.0200195,717.1550293,546063
2026-09-17T19:40:00+00:00,717.1550293,717.3400269,716.9099731,717.289978,652540
2026-09-17T19:45:00+00:00,717.289978,717.3400269,716.9749756,717.0599976,1079550
2026-09-17T19:50:00+00:00,717.0700073,718.0401001,717.0700073,717.4689941,1248686
2026-09-17T19:55:00+00:00,717.3300171,717.6199951,716.5999756,716.8699951,2520434
2026-09-17T20:00:00+00:00,716.92,716.92,716.6415,716.7268,0
2026-09-17T20:05:00+00:00,716.75,716.92,716.66,716.8027,0
2026-09-17T20:10:00+00:00,716.81,716.92,716.3607,716.4,0
2026-09-17T20:15:00+00:00,716.39,716.92,716.2,716.25,0
2026-09-17T20:20:00+00:00,716.2,716.4,716.17,716.24,0
2026-09-17T20:25:00+00:00,716.23,716.25,716.1741,716.1741,0
2026-09-17T20:30:00+00:00,716.17,716.26,716.15,716.242,0
2026-09-17T20:35:00+00:00,716.24,716.35,716.2095,716.2742,0
2026-09-17T20:40:00+00:00,716.3,716.34,716.16,716.1708,0
2026-09-17T20:45:00+00:00,716.2031,716.31,716.1554,716.2078,0
2026-09-17T20:50:00+00:00,716.21,716.3619,716.13,716.3215,0
2026-09-17T20:55:00+00:00,716.32,725.694,708.6973,716.45,0
2026-09-17T21:00:00+00:00,716.4296,716.45,708.6973,716.37,0
2026-09-17T21:05:00+00:00,716.42,716.92,716.3944,716.4415,0
2026-09-17T21:10:00+00:00,716.45,716.5,716.44,716.461,0
2026-09-17T21:15:00+00:00,716.49,716.55,716.46,716.49,0
2026-09-17T21:20:00+00:00,716.48,716.5498,716.4507,716.5498,0
2026-09-17T21:25:00+00:00,716.5456,716.55,716.5,716.5,0
2026-09-17T21:30:00+00:00,716.51,716.55,716.5015,716.5466,0
2026-09-17T21:35:00+00:00,716.5469,716.57,716.5,716.56,0
2026-09-17T21:40:00+00:00,716.5656,716.6,716.54,716.6,0
2026-09-17T21:45:00+00:00,716.5935,716.92,716.563,716.61,0
2026-09-17T21:50:00+00:00,716.63,716.68,716.586,716.6602,0
2026-09-17T21:55:00+00:00,716.66,716.67,716.61,716.65,0
2026-09-17T22:00:00+00:00,716.58,716.58,716.08,716.0884,0
2026-09-17T22:05:00+00:00,716.0867,716.16,715.8,715.8856,0
2026-09-17T22:10:00+00:00,715.9,716.01,715.87,715.97,0
2026-09-17T22:15:00+00:00,715.97,715.9859,715.71,715.85,0
2026-09-17T22:20:00+00:00,715.8571,715.9,715.64,715.69,0
2026-09-17T22:25:00+00:00,715.7416,715.779,715.43,715.45,0
2026-09-17T22:30:00+00:00,715.46,715.48,715.2504,715.3,0
2026-09-17T22:35:00+00:00,715.3005,715.5107,715.2846,715.4,0
2026-09-17T22:40:00+00:00,715.4221,715.4456,715.29,715.38,0
2026-09-17T22:45:00+00:00,715.3985,715.4676,715.376,715.4568,0
2026-09-17T22:50:00+00:00,715.44,715.44,715.2897,715.2897,0
2026-09-17T22:55:00+00:00,715.2972,715.59,715.2715,715.59,0
2026-09-17T23:00:00+00:00,715.56,715.84,715.56,715.8123,0
2026-09-17T23:05:00+00:00,715.8369,716.01,715.8054,716.009,0
2026-09-17T23:10:00+00:00,716.0885,716.14,715.671,715.7,0
2026-09-17T23:15:00+00:00,715.71,715.77,715.5388,715.7348,0
2026-09-17T23:20:00+00:00,715.7007,715.88,715.7007,715.84,0
2026-09-17T23:25:00+00:00,715.7414,715.7588,715.6,715.6346,0
2026-09-17T23:30:00+00:00,715.6338,715.75,715.6,715.75,0
2026-09-17T23:35:00+00:00,715.77,715.8585,715.74,715.807,0
2026-09-17T23:40:00+00:00,715.81,715.9496,715.75,715.79,0
2026-09-17T23:45:00+00:00,715.8,715.8463,715.6487,715.8107,0
2026-09-17T23:50:00+00:00,715.77,715.9112,715.73,715.86,0
2026-09-17T23:55:00+00:00,715.85,715.874,715.75,715.7966,0
2026-09-18T08:00:00+00:00,721.52,722.39,716.92,721.5178,0
2026-09-18T08:05:00+00:00,721.54,721.54,718.35,721.01,0
2026-09-18T08:10:00+00:00,721.0015,721.29,720.99,721.1212,0
2026-09-18T08:15:00+00:00,721.1387,721.3485,721.08,721.3485,0
2026-09-18T08:20:00+00:00,721.33,721.56,721.1612,721.2385,0
2026-09-18T08:25:00+00:00,721.24,721.3451,720.76,720.79,0
2026-09-18T08:30:00+00:00,720.74,721.1443,720.7,721.1443,0
2026-09-18T08:35:00+00:00,721.23,721.23,720.91,720.9818,0
2026-09-18T08:40:00+00:00,720.9987,721.13,720.86,721.13,0
2026-09-18T08:45:00+00:00,721.21,721.28,720.97,721.0041,0
2026-09-18T08:50:00+00:00,721.056,721.18,720.75,720.75,0
2026-09-18T08:55:00+00:00,720.76,720.86,720.67,720.6996,0
2026-09-18T09:00:00+00:00,720.6987,720.6987,720.3995,720.535,0
2026-09-18T09:05:00+00:00,720.4434,720.7,720.42,720.625,0
2026-09-18T09:10:00+00:00,720.51,720.71,720.4,720.46,0
2026-09-18T09:15:00+00:00,720.4685,720.69,720.39,720.67,0
2026-09-18T09:20:00+00:00,720.7,720.81,720.57,720.57,0
2026-09-18T09:25:00+00:00,720.59,720.59,720.1829,720.24,0
2026-09-18T09:30:00+00:00,720.199,720.2,719.9312,719.98,0
2026-09-18T09:35:00+00:00,719.9836,720.14,719.6,719.61,0
2026-09-18T09:40:00+00:00,719.6,719.67,719.4,719.4,0
2026-09-18T09:45:00+00:00,719.41,719.66,719.39,719.51,0
2026-09-18T09:50:00+00:00,719.48,719.78,719.48,719.56,0
2026-09-18T09:55:00+00:00,719.6187,719.6733,719.4,719.4097,0
2026-09-18T10:00:00+00:00,719.445,719.63,719.4249,719.59,0
2026-09-18T10:05:00+00:00,719.56,719.7,719.4801,719.669,0
2026-09-18T10:10:00+00:00,719.67,719.71,719.56,719.71,0
2026-09-18T10:15:00+00:00,719.83,720.17,719.7898,719.989,0
2026-09-18T10:20:00+00:00,720.06,720.25,720.02,720.22,0
2026-09-18T10:25:00+00:00,720.16,720.3,720.06,720.3,0
2026-09-18T10:30:00+00:00,720.36,720.6,720.3425,720.56,0
2026-09-18T10:35:00+00:00,720.5264,720.9,720.5,720.76,0
2026-09-18T10:40:00+00:00,720.79,720.8,720.54,720.65,0
2026-09-18T10:45:00+00:00,720.6476,720.65,720.2912,720.349,0
2026-09-18T10:50:00+00:00,720.3505,720.3585,720.2037,720.3,0
2026-09-18T10:55:00+00:00,720.29,720.39,720.23,720.3692,0
2026-09-18T11:00:00+00:00,720.285,720.792,716.92,720.792,0
2026-09-18T11:05:00+00:00,720.7493,720.7493,719.5,720,0
2026-09-18T11:10:00+00:00,720,720.1658,719.52,719.79,0
2026-09-18T11:15:00+00:00,719.7167,719.7766,719.0924,719.245,0
2026-09-18T11:20:00+00:00,719.3008,719.55,719.0659,719.3388,0
2026-09-18T11:25:00+00:00,719.2604,719.33,719.1,719.18,0
2026-09-18T11:30:00+00:00,719.1686,719.7,719.14,719.53,0
2026-09-18T11:35:00+00:00,719.581,719.85,719.45,719.56,0
2026-09-18T11:40:00+00:00,719.52,719.53,719.15,719.1784,0
2026-09-18T11:45:00+00:00,719.17,719.3266,719.01,719.3087,0
2026-09-18T11:50:00+00:00,719.2302,719.4785,719.2,719.43,0
2026-09-18T11:55:00+00:00,719.4482,719.52,719.14,719.31,0
2026-09-18T12:00:00+00:00,719.4482,719.51,718.82,719.41,0
2026-09-18T12:05:00+00:00,719.58,719.66,718.39,718.41,0
2026-09-18T12:10:00+00:00,718.416,718.4602,716.383,718.15,0
2026-09-18T12:15:00+00:00,718.16,718.36,717.951,717.9546,0
2026-09-18T12:20:00+00:00,717.95,718.21,717.665,717.73,0
2026-09-18T12:25:00+00:00,717.74,718.0867,717.7,717.8403,0
2026-09-18T12:30:00+00:00,717.8408,718.3454,717.79,718.22,0
2026-09-18T12:35:00+00:00,718.25,718.302,717.86,718.11,0
2026-09-18T12:40:00+00:00,718.11,718.2774,717.97,718.22,0
2026-09-18T12:45:00+00:00,718.1884,718.3,716.92,718.1995,0
2026-09-18T12:50:00+00:00,718.0997,718.28,718.073,718.08,0
2026-09-18T12:55:00+00:00,718.05,718.1265,717.7,717.841,0
2026-09-18T13:00:00+00:00,717.84,718.02,717.57,717.76,0
2026-09-18T13:05:00+00:00,717.79,718.13,717.7104,718.06,0
2026-09-18T13:10:00+00:00,718.1,718.169,718.0049,718.09,0
2026-09-18T13:15:00+00:00,718.12,718.27,718.06,718.25,0
2026-09-18T13:20:00+00:00,718.23,718.26,717.6968,717.6968,0
2026-09-18T13:25:00+00:00,717.64,718.98,717.1,718.67,0
2026-09-18T13:30:00+00:00,718.8400269,719.4699707,718.5,718.7349854,3181489
2026-09-18T13:35:00+00:00,718.7299805,719.4099731,718.4500122,719.3400269,917791
2026-09-18T13:40:00+00:00,719.3400269,719.539978,718.5200195,718.8699951,639086
2026-09-18T13:45:00+00:00,718.875,719.3499756,718.2800293,718.3699951,774282
2026-09-18T13:50:00+00:00,718.3599854,718.5999756,717.960022,718.039978,426978
2026-09-18T13:55:00+00:00,718.0350952,718.1900024,717.6400146,717.9298706,438572
2026-09-18T14:00:00+00:00,717.9099731,718.0800171,716.6199951,716.6799927,699661
2026-09-18T14:05:00+00:00,716.7050171,717.2000122,716.4000244,717.0200195,617703
2026-09-18T14:10:00+00:00,717.0150146,717.3900146,716.4605103,716.4801025,623760
2026-09-18T14:15:00+00:00,716.4899902,716.6699829,715.8950195,716.6367798,832682
2026-09-18T14:20:00+00:00,716.6300049,717.1599731,716.4400024,716.7750244,303384
2026-09-18T14:25:00+00:00,716.7800293,717.0999756,716.6099854,716.7000122,303413
2026-09-18T14:30:00+00:00,716.7050171,716.9199829,716.3317871,716.6594849,273028
2026-09-18T14:35:00+00:00,716.6599731,717.253479,716.3010254,716.8499756,279050
2026-09-18T14:40:00+00:00,716.8449707,716.8699951,716.1300049,716.3800049,269731
2026-09-18T14:45:00+00:00,716.3800049,717.0700073,716.2200928,717.039978,248788
2026-09-18T14:50:00+00:00,717.0310059,717.6500244,716.8942261,717.5499878,1055520
2026-09-18T14:55:00+00:00,717.5599976,717.6199951,717.1760864,717.4299927,328504
2026-09-18T15:00:00+00:00,717.4299927,717.5800171,716.9400024,717.2800293,332420
2026-09-18T15:05:00+00:00,717.2700195,717.7299805,717.1900024,717.210022,347922
2026-09-18T15:10:00+00:00,717.2199707,717.3099976,716.6450195,716.7399902,302960
2026-09-18T15:15:00+00:00,716.75,716.8800049,716.5549927,716.7999878,3192856
2026-09-18T15:20:00+00:00,716.7999878,717.0900269,716.6849976,716.9899902,490240
2026-09-18T15:25:00+00:00,716.9799805,717.3599854,716.9799805,717.25,177838
2026-09-18T15:30:00+00:00,717.2399902,717.3800049,716.710022,716.9000244,372378
2026-09-18T15:35:00+00:00,716.8900146,717.0900269,716.5499878,716.6300049,267213
2026-09-18T15:40:00+00:00,716.6300049,716.6900024,716.3400269,716.6099854,199794
2026-09-18T15:45:00+00:00,716.6300049,716.6900024,716.3300171,716.539978,130693
2026-09-18T15:50:00+00:00,716.539978,716.7999878,716.2600098,716.3150024,435810
2026-09-18T15:55:00+00:00,716.3200073,716.5449829,716.1500244,716.289978,261331
2026-09-18T16:00:00+00:00,716.2750244,716.3200073,716.0501099,716.210083,413522
2026-09-18T16:05:00+00:00,716.2299805,716.6300049,716.2199707,716.4099731,529170
2026-09-18T16:10:00+00:00,716.4050293,716.5300293,716.289978,716.2949829,495818
2026-09-18T16:15:00+00:00,716.2750244,716.6049805,716.1799927,716.5549927,203367
2026-09-18T16:20:00+00:00,716.5700073,716.6049805,715.3400269,715.4099731,409141
2026-09-18T16:25:00+00:00,715.414978,716.1619263,715.0800171,716.0650024,579190
2026-09-18T16:30:00+00:00,716.0700073,716.5599976,715.8699951,716.3800049,305304
2026-09-18T16:35:00+00:00,716.3850098,716.5,716.0150146,716.2406006,178762
2026-09-18T16:40:00+00:00,716.2650146,716.5800171,716.1201172,716.4849854,271484
2026-09-18T16:45:00+00:00,716.460022,716.539978,716.1199951,716.4299927,135286
2026-09-18T16:50:00+00:00,716.4099121,716.7800293,716.4099121,716.7208862,185173
2026-09-18T16:55:00+00:00,716.75,716.8699951,716.5900269,716.7399902,110474
2026-09-18T17:00:00+00:00,716.7449951,716.8701172,716.5499878,716.8300171,154387
2026-09-18T17:05:00+00:00,716.7999878,717.0800171,716.7999878,716.9099731,156897
2026-09-18T17:10:00+00:00,716.9500122,717.0499878,716.6849976,717.0300293,896506
2026-09-18T17:15:00+00:00,717.039978,717.2199707,717.0150146,717.0900269,273602
2026-09-18T17:20:00+00:00,717.1699829,717.210022,717,717.2000122,296636
2026-09-18T17:25:00+00:00,717.1900024,717.289978,717.0499878,717.0700073,169150
2026-09-18T17:30:00+00:00,717.0599976,717.0700073,716.8510132,717.0599976,201552
2026-09-18T17:35:00+00:00,717.0499878,717.4099731,717.0499878,717.4050293,158447
2026-09-18T17:40:00+00:00,717.4061279,717.5599976,717.3400879,717.5499878,170623
2026-09-18T17:45:00+00:00,717.5499878,717.6300049,717.460022,717.5050049,200711
2026-09-18T17:50:00+00:00,717.4949951,717.6400146,717.4349976,717.5499878,167394
2026-09-18T17:55:00+00:00,717.5599976,717.6699829,717.5050049,717.5900269,133475
2026-09-18T18:00:00+00:00,717.5900269,717.7000122,717.4400024,717.5650024,145230
2026-09-18T18:05:00+00:00,717.5549927,717.5900269,717.4000244,717.4400024,158177
2026-09-18T18:10:00+00:00,717.4500122,717.4799805,717.2109985,717.3497925,564668
2026-09-18T18:15:00+00:00,717.3400269,717.5999756,717.3300171,717.5999756,417784
2026-09-18T18:20:00+00:00,717.5925903,718.1599731,717.5925903,717.8800049,480899
2026-09-18T18:25:00+00:00,717.8900146,718,717.75,717.9500122,125473
2026-09-18T18:30:00+00:00,717.9799194,718.0700073,717.8358765,718.0700073,163782
2026-09-18T18:35:00+00:00,718.0687256,718.0900269,717.8049927,717.9650269,97089
2026-09-18T18:40:00+00:00,717.960022,718.2109985,717.8800049,718.2041016,167836
2026-09-18T18:45:00+00:00,718.2000122,719,718.1950073,718.9000244,561279
2026-09-18T18:50:00+00:00,718.8809814,719.5999756,718.8723755,719.2999878,899509
2026-09-18T18:55:00+00:00,719.2999878,719.3250122,719.0499878,719.1300049,292719
2026-09-18T19:00:00+00:00,719.1900024,719.5477295,719.1199951,719.4799805,218133
2026-09-18T19:05:00+00:00,719.4799805,719.6400146,719.1199951,719.2993774,1576216
2026-09-18T19:10:00+00:00,719.2999878,719.4550171,719.119873,719.2399902,266768
2026-09-18T19:15:00+00:00,719.2349854,719.3599854,719.1599731,719.2999878,969107
2026-09-18T19:20:00+00:00,719.2999268,719.4699707,719.1699829,719.3499756,436861
2026-09-18T19:25:00+00:00,719.3499756,719.3900146,719.0750122,719.1199951,277373
2026-09-18T19:30:00+00:00,719.1199951,719.1699829,718.9299927,718.9699707,362937
2026-09-18T19:35:00+00:00,718.9699707,719.3699951,718.9349976,719.2800293,355847
2026-09-18T19:40:00+00:00,719.3049927,719.5999756,719.2299805,719.5900269,482958
2026-09-18T19:45:00+00:00,719.5900269,720.0900269,719.5549927,720.0599976,702617
2026-09-18T19:50:00+00:00,720.0900269,720.4401855,719.8449707,720.2349854,1138822
2026-09-18T19:55:00+00:00,720.2396851,721.7249756,720.2299805,721.3599854,4527590
2026-09-18T20:00:00+00:00,721.28,722.06,721.25,721.9707,0
2026-09-18T20:05:00+00:00,721.92,722.0343,721.76,721.9312,0
2026-09-18T20:10:00+00:00,721.9,723.001,721.45,722.44,0
2026-09-18T20:15:00+00:00,722.46,722.62,721.45,722.4002,0
2026-09-18T20:20:00+00:00,722.401,722.5,721.45,722.3999,0
2026-09-18T20:25:00+00:00,722.331,722.48,722.331,722.4,0
2026-09-18T20:30:00+00:00,722.449,722.63,722.32,722.41,0
2026-09-18T20:35:00+00:00,722.4033,722.66,722.18,722.3707,0
2026-09-18T20:40:00+00:00,722.411,722.6,722.4015,722.5712,0
2026-09-18T20:45:00+00:00,722.5712,722.879,721.45,722.631,0
2026-09-18T20:50:00+00:00,722.6405,722.73,722.21,722.24,0
2026-09-18T20:55:00+00:00,722.2707,722.2707,721.45,722.0477,0
2026-09-18T21:00:00+00:00,721.96,722.03,721.78,721.8374,0
2026-09-18T21:05:00+00:00,721.83,722.06,721.45,722,0
2026-09-18T21:10:00+00:00,722,722.0617,721.96,722.0617,0
2026-09-18T21:15:00+00:00,722.07,722.36,722.07,722.35,0
2026-09-18T21:20:00+00:00,722.3386,722.55,722.3245,722.45,0
2026-09-18T21:25:00+00:00,722.49,722.5195,721.45,722.5015,0
2026-09-18T21:30:00+00:00,722.48,722.685,722.48,722.6569,0
2026-09-18T21:35:00+00:00,722.6231,722.74,722.62,722.6477,0
2026-09-18T21:40:00+00:00,722.64,722.64,722.4052,722.5501,0
2026-09-18T21:45:00+00:00,722.6,722.6185,722.4342,722.5847,0
2026-09-18T21:50:00+00:00,722.54,722.6072,722.44,722.53,0
2026-09-18T21:55:00+00:00,722.61,722.65,722.47,722.5,0
2026-09-18T22:00:00+00:00,722.6365,722.67,722.5,722.65,0
2026-09-18T22:05:00+00:00,722.651,722.8378,722.56,722.7939,0
2026-09-18T22:10:00+00:00,722.7937,722.7937,722.44,722.51,0
2026-09-18T22:15:00+00:00,722.5045,722.7412,722.4001,722.56,0
2026-09-18T22:20:00+00:00,722.5501,722.64,722.45,722.52,0
2026-09-18T22:25:00+00:00,722.51,722.53,722.45,722.53,0
2026-09-18T22:30:00+00:00,722.46,722.583,722.3,722.32,0
2026-09-18T22:35:00+00:00,722.33,722.4899,722.2022,722.2022,0
2026-09-18T22:40:00+00:00,722.17,722.18,722.02,722.1,0
2026-09-18T22:45:00+00:00,722.13,722.2,718.42,722.11,0
2026-09-18T22:50:00+00:00,722.1799,722.1962,717.2,722.06,0
2026-09-18T22:55:00+00:00,722.1,722.3015,722.1,722.1877,0
2026-09-18T23:00:00+00:00,722.18,722.3932,722.12,722.25,0
2026-09-18T23:05:00+00:00,722.1745,722.28,722.13,722.2062,0
2026-09-18T23:10:00+00:00,722.2047,722.373,722.2,722.29,0
2026-09-18T23:15:00+00:00,722.2801,722.373,722.24,722.2969,0
2026-09-18T23:20:00+00:00,722.28,722.32,722.22,722.2541,0
2026-09-18T23:25:00+00:00,722.28,722.3918,722.23,722.3901,0
2026-09-18T23:30:00+00:00,722.39,722.4975,722,722.4812,0
2026-09-18T23:35:00+00:00,722.178,722.35,721.96,722,0
2026-09-18T23:40:00+00:00,722,722,721.89,721.99,0
2026-09-18T23:45:00+00:00,721.99,722,721.9492,721.98,0
2026-09-18T23:50:00+00:00,721.9946,722.2204,721.9122,722,0
2026-09-18T23:55:00+00:00,722.11,722.17,722,722.0999,0
