open_time,open,high,low,close,volume
2025-07-09T09:00:00+00:00,552.38,553.42,552.26,553.37,0
2025-07-09T10:00:00+00:00,553.31,553.52,552.9,553.06,0
2025-07-09T11:00:00+00:00,553.04,553.57,553.01,553.46,0
2025-07-09T12:00:00+00:00,553.49,553.8,551.7425,553.585,0
2025-07-09T13:00:00+00:00,553.6,554.5,550.95,554.44,0
2025-07-09T13:30:00+00:00,554.5200195,557.6300049,554.4700928,556.1350098,9872864
2025-07-09T14:30:00+00:00,556.1400146,556.1400146,553.0999756,554.5250854,9041238
2025-07-09T15:30:00+00:00,554.5300293,554.7399902,553.539978,554.3649902,4012820
2025-07-09T16:30:00+00:00,554.3699951,555.130127,554.1799927,554.5999756,4204952
2025-07-09T17:30:00+00:00,554.5800171,555.6199951,554.0900269,555.3049927,4431885
2025-07-09T18:30:00+00:00,555.2999878,556.1799927,555.2098999,555.8599854,4445684
2025-07-09T19:30:00+00:00,555.8499756,556.3699951,555.6500244,556.2600098,5204344
2025-07-09T20:00:00+00:00,556.25,574.7467,554.876,556.055,0
2025-07-09T21:00:00+00:00,555.9999,556.25,555.89,556,0
2025-07-09T22:00:00+00:00,556.02,556.5488,555.86,556.41,0
2025-07-09T23:00:00+00:00,556.3997,556.42,555.77,555.86,0
2025-07-10T08:00:00+00:00,555.56,556.08,555.46,555.9,0
2025-07-10T09:00:00+00:00,555.92,556.25,555.5,555.58,0
2025-07-10T10:00:00+00:00,555.61,556,555.4,555.83,0
2025-07-10T11:00:00+00:00,555.92,556.54,555.92,556.4,0
2025-07-10T12:00:00+00:00,556.38,556.93,554.78,556.51,0
2025-07-10T13:00:00+00:00,556.6,557.01,555.98,556.9,0
2025-07-10T13:30:00+00:00,556.8599854,557.2999878,552.75,553.5999756,10431008
2025-07-10T14:30:00+00:00,553.6500244,555.1599731,553.5499878,555.0593262,5291844
2025-07-10T15:30:00+00:00,555.0599976,555.6950073,554.2399902,555.3052979,4422740
2025-07-10T16:30:00+00:00,555.2999878,555.5,554.7098999,555.3950195,3333147
2025-07-10T17:30:00+00:00,555.3853149,556.289978,555.3853149,555.9050293,2825946
2025-07-10T18:30:00+00:00,555.914978,556.1599731,555.710022,555.8099976,2900103
2025-07-10T19:30:00+00:00,555.7999878,556.1400146,554.8900146,555.4699707,3915629
2025-07-10T20:00:00+00:00,555.47,566.518,529.1189,555.37,0
2025-07-10T21:00:00+00:00,555.4,555.49,555.31,555.42,0
2025-07-10T22:00:00+00:00,555.35,556.03,555.28,556.01,0
2025-07-10T23:00:00+00:00,555.995,556.23,555.82,556.13,0
2025-07-11T08:00:00+00:00,553.06,553.31,552.24,552.71,0
2025-07-11T09:00:00+00:00,552.69,553.2,552.4,552.59,0
2025-07-11T10:00:00+00:00,552.55,553.1,551.86,552.38,0
2025-07-11T11:00:00+00:00,552.46,553.04,552,553.04,0
2025-07-11T12:00:00+00:00,553.08,555.866,551.85,552.72,0
2025-07-11T13:00:00+00:00,552.69,555.45,552.545,553.33,0
2025-07-11T13:30:00+00:00,553.3300171,555.3900146,552.0499878,555.0900269,9249509
2025-07-11T14:30:00+00:00,555.0800171,555.4500122,553.1099854,554.0961914,5721198
2025-07-11T15:30:00+00:00,554.0900269,555.5100098,554.0499878,555.1000977,4544282
2025-07-11T16:30:00+00:00,555.1099854,555.789978,554.5700073,555.4400024,3406474
2025-07-11T17:30:00+00:00,555.4400024,555.6049805,554.3699951,555.289978,3621268
2025-07-11T18:30:00+00:00,555.2700195,555.7199707,553.4799805,554.7999878,5180172
2025-07-11T19:30:00+00:00,554.7600098,554.8551025,554.1900024,554.210022,4050507
2025-07-11T20:00:00+00:00,554.2,554.25,553.61,553.78,0
2025-07-11T21:00:00+00:00,553.76,554.3151,553.66,553.8462,0
2025-07-11T22:00:00+00:00,553.79,553.88,553.5,553.6,0
2025-07-11T23:00:00+00:00,553.7,553.79,553.365,553.455,0
2025-07-14T08:00:00+00:00,552.51,552.55,552.14,552.21,0
2025-07-14T09:00:00+00:00,552.21,552.93,552.16,552.83,0
2025-07-14T10:00:00+00:00,552.81,553.02,552.52,552.61,0
2025-07-14T11:00:00+00:00,552.58,552.8,552.16,552.34,0
2025-07-14T12:00:00+00:00,552.33,554.615,550.9977,553.175,0
2025-07-14T13:00:00+00:00,553.17,554.2,552.67,554.04,0
2025-07-14T13:30:00+00:00,553.9509888,555.0800171,551.6300049,553.9451294,11227506
2025-07-14T14:30:00+00:00,553.9199829,555.9199219,553.539978,555.6552124,5243868
2025-07-14T15:30:00+00:00,555.6599731,556.0598755,555.2000122,555.710022,3187616
2025-07-14T16:30:00+00:00,555.7199707,556.8500977,555.5,556.5499878,3863571
2025-07-14T17:30:00+00:00,556.5599976,556.9450073,556.2249756,556.5549927,3312265
2025-07-14T18:30:00+00:00,556.5499878,556.7886963,556.210022,556.3599854,3436809
2025-07-14T19:30:00+00:00,556.3499756,556.3800049,555.7487793,556.1699829,3718038
2025-07-14T20:00:00+00:00,556.18,556.3,555.9,556.19,0
2025-07-14T21:00:00+00:00,556.245,574.4041,492.3,556.29,0
2025-07-14T22:00:00+00:00,556.22,556.22,555.4,555.425,0
2025-07-14T23:00:00+00:00,555.46,555.73,555.34,555.68,0
2025-07-15T08:00:00+00:00,559.16,559.75,558.48,559.54,0
2025-07-15T09:00:00+00:00,559.53,559.69,559.1,559.61,0
2025-07-15T10:00:00+00:00,559.56,559.86,559.41,559.86,0
2025-07-15T11:00:00+00:00,559.82,560.07,559.3,559.65,0
2025-07-15T12:00:00+00:00,559.66,560.0015,555.793,559.06,0
2025-07-15T13:00:00+00:00,559,560.7199,553.995,560.3,0
2025-07-15T13:30:00+00:00,560.4299927,560.4799805,558.3900146,559.75,11226586
2025-07-15T14:30:00+00:00,559.7700195,559.9199829,557.7600098,559.5050049,6537943
2025-07-15T15:30:00+00:00,559.5100098,559.7800293,558.6799927,558.960022,4303671
2025-07-15T16:30:00+00:00,558.9650269,559.3099976,557.460022,558.3200073,4520680
2025-07-15T17:30:00+00:00,558.3200073,559.75,558.2849731,559.460022,3462130
2025-07-15T18:30:00+00:00,559.460022,559.6199951,557.3800049,557.5700073,5583330
2025-07-15T19:30:00+00:00,557.5800171,558.1699829,556.6599731,556.710022,4738713
2025-07-15T20:00:00+00:00,556.7,556.86,555.72,555.91,0
2025-07-15T21:00:00+00:00,555.91,556.72,555.75,555.85,0
2025-07-15T22:00:00+00:00,555.875,556.19,554.85,555.68,0
2025-07-15T23:00:00+00:00,555.69,555.8988,555.06,555.75,0
2025-07-16T08:00:00+00:00,555.18,555.44,554.85,555.29,0
2025-07-16T09:00:00+00:00,555.39,555.88,555.1,555.16,0
2025-07-16T10:00:00+00:00,555.11,555.6,555.06,555.52,0
2025-07-16T11:00:00+00:00,555.51,556.1,555.5,555.8,0
2025-07-16T12:00:00+00:00,555.75,556.72,553.89,556.12,0
2025-07-16T13:00:00+00:00,556.26,557.54,556.26,557.34,0
2025-07-16T13:30:00+00:00,557.1099854,557.1400146,554.3099976,555.6550293,9375773
2025-07-16T14:30:00+00:00,555.6600952,556.5800171,553.0700073,555.0447998,10183470
2025-07-16T15:30:00+00:00,555.039978,556.0800171,551.5599976,555.0999756,11020692
2025-07-16T16:30:00+00:00,555.1199951,557.1099854,554.5999756,556.4799805,5262259
2025-07-16T17:30:00+00:00,556.5,556.6749878,555.9199829,556.5800171,3618400
2025-07-16T18:30:00+00:00,556.5700073,557.4699707,556.5700073,557.2600098,4375974
2025-07-16T19:30:00+00:00,557.2449951,557.9400024,557.1099854,557.3400269,4427276
2025-07-16T20:00:00+00:00,557.34,557.35,524.1015,557.025,0
2025-07-16T21:00:00+00:00,556.96,557.42,556.94,557.27,0
2025-07-16T22:00:00+00:00,557.25,557.25,556.32,556.4205,0
2025-07-16T23:00:00+00:00,556.47,556.68,556.31,556.5101,0
2025-07-17T08:00:00+00:00,558.36,558.45,557.78,558.02,0
2025-07-17T09:00:00+00:00,558.01,558.66,557.9,558.47,0
2025-07-17T10:00:00+00:00,558.46,558.64,558.18,558.3,0
2025-07-17T11:00:00+00:00,558.3,558.37,557.41,557.87,0
2025-07-17T12:00:00+00:00,557.87,558.9972,556.5707,557.99,0
2025-07-17T13:00:00+00:00,557.99,559.4,557.205,557.98,0
2025-07-17T13:30:00+00:00,557.9849854,559.8099976,557.210022,559.3099976,8594667
2025-07-17T14:30:00+00:00,559.3200073,561.4400024,559.1550293,561.0848999,5647376
2025-07-17T15:30:00+00:00,561.0900269,562.210022,560.8099976,561.8250122,4966006
2025-07-17T16:30:00+00:00,561.8200073,561.960083,561.3900146,561.8150024,3493197
2025-07-17T17:30:00+00:00,561.8099976,562.3099976,561.2999878,561.7550049,4113840
2025-07-17T18:30:00+00:00,561.7550049,562.1400146,561.5250244,561.8900146,4763942
2025-07-17T19:30:00+00:00,561.8800049,562.2700195,561.4899902,561.7999878,5725103
2025-07-17T20:00:00+00:00,561.82,562.21,561.079,562,0
2025-07-17T21:00:00+00:00,561.945,562,529.1189,561.824,0
2025-07-17T22:00:00+00:00,561.82,561.8699,561.525,561.73,0
2025-07-17T23:00:00+00:00,561.79,562.52,561.79,562.42,0
2025-07-18T08:00:00+00:00,562.35,562.73,562.25,562.64,0
2025-07-18T09:00:00+00:00,562.62,562.8,562.45,562.73,0
2025-07-18T10:00:00+00:00,562.71,562.78,561.97,562.16,0
2025-07-18T11:00:00+00:00,562.14,562.4,561.94,562.17,0
2025-07-18T12:00:00+00:00,562.18,563.1775,561.379,562.18,0
2025-07-18T13:00:00+00:00,562.1787,563.69,557.975,563.12,0
2025-07-18T13:30:00+00:00,563.1099243,563.3200073,560.3300171,560.4801025,10082522
2025-07-18T14:30:00+00:00,560.5100098,561.375,560.3200073,561.0499878,8495918
2025-07-18T15:30:00+00:00,561.0499878,561.9199829,560.1300049,560.7199707,5292458
2025-07-18T16:30:00+00:00,560.7299805,561.1099854,560,560.9202271,7123060
2025-07-18T17:30:00+00:00,560.9199829,561.210022,560.3800049,561.0700073,6997297
2025-07-18T18:30:00+00:00,561.0549927,561.3800049,560.5900269,560.9500122,4115121
2025-07-18T19:30:00+00:00,560.9500122,561.3200073,560.6400146,561.25,4919836
2025-07-18T20:00:00+00:00,561.26,561.34,561.06,561.305,0
2025-07-18T21:00:00+00:00,561.3,561.6,485.9869,561.325,0
2025-07-18T22:00:00+00:00,561.325,561.55,561.27,561.46,0
2025-07-18T23:00:00+00:00,561.5,561.59,561.36,561.45,0
2025-07-21T08:00:00+00:00,563.02,563.33,562.8,562.98,0
2025-07-21T09:00:00+00:00,563.01,563.14,562.75,563.06,0
2025-07-21T10:00:00+00:00,563.06,563.27,562.81,563.09,0
2025-07-21T11:00:00+00:00,563.11,563.13,562.6,562.81,0
2025-07-21T12:00:00+00:00,562.79,563.324,561.26,562.59,0
2025-07-21T13:00:00+00:00,562.58,562.7,561.26,562.12,0
2025-07-21T13:30:00+00:00,562.1400146,565.9000244,562.0900269,565.878418,9286094
2025-07-21T14:30:00+00:00,565.8900146,566.0599976,565.0300293,565.4298706,4307688
2025-07-21T15:30:00+00:00,565.4299927,565.6298828,564.5349731,564.9799805,4021758
2025-07-21T16:30:00+00:00,564.9619751,566.039917,564.9400024,565.9299927,4154086
2025-07-21T17:30:00+00:00,565.9099731,566.0479736,565.5300293,565.789978,2741804
2025-07-21T18:30:00+00:00,565.7949829,565.8099976,564.539978,564.7498779,5494501
2025-07-21T19:30:00+00:00,564.7449951,564.9700928,563.7949829,564.1599731,5597136
2025-07-21T20:00:00+00:00,564.17,564.4,564.05,564.2,0
2025-07-21T21:00:00+00:00,564.24,564.28,561.214,563.94,0
2025-07-21T22:00:00+00:00,563.95,564.335,563.95,564.16,0
2025-07-21T23:00:00+00:00,564.14,564.33,564,564.26,0
2025-07-22T08:00:00+00:00,563.31,563.55,562.68,562.9,0
2025-07-22T09:00:00+00:00,562.85,563.05,562.44,562.66,0
2025-07-22T10:00:00+00:00,562.62,563.22,562.46,562.97,0
2025-07-22T11:00:00+00:00,563.1,563.83,562.7,563.39,0
2025-07-22T12:00:00+00:00,563.42,564.2425,562.51,564.15,0
2025-07-22T13:00:00+00:00,564.1407,564.29,562.175,564.269,0
2025-07-22T13:30:00+00:00,563.6748047,564.3400269,558.6099854,560.0100098,15315236
2025-07-22T14:30:00+00:00,560,561.4899902,559.960022,560.9799805,4969212
2025-07-22T15:30:00+00:00,560.9500122,561.6099854,559.9099731,560.0999756,3944284
2025-07-22T16:30:00+00:00,560.09198,561.9749756,559.7800293,561.8200073,3804445
2025-07-22T17:30:00+00:00,561.8200073,561.9199829,560.0800171,561.1500244,3255714
2025-07-22T18:30:00+00:00,561.1300049,562.1400146,561.1049805,561.7199707,3764542
2025-07-22T19:30:00+00:00,561.710022,562.1300049,561.210022,561.289978,5362338
2025-07-22T20:00:00+00:00,561.28,564.3,560.48,560.6901,0
2025-07-22T21:00:00+00:00,560.7084,561.25,521.7424,560.37,0
2025-07-22T22:00:00+00:00,560.5,560.845,560.08,560.31,0
2025-07-22T23:00:00+00:00,560.315,562.36,560.29,562.27,0
2025-07-23T08:00:00+00:00,562.35,562.76,562.2,562.7,0
2025-07-23T09:00:00+00:00,562.65,562.83,562.36,562.36,0
2025-07-23T10:00:00+00:00,562.32,562.75,562.3,562.65,0
2025-07-23T11:00:00+00:00,562.65,562.84,561.7,562.14,0
2025-07-23T12:00:00+00:00,562.03,562.84,560.83,562.09,0
2025-07-23T13:00:00+00:00,562.05,562.57,561.25,562.3209,0
2025-07-23T13:30:00+00:00,562.3400269,562.3500977,559.585022,560.6900024,9626754
2025-07-23T14:30:00+00:00,560.6799927,561.2700195,559.6799927,561.0449829,4409621
2025-07-23T15:30:00+00:00,561.0200195,563.0700073,560.710022,561.0999756,6930389
2025-07-23T16:30:00+00:00,561.0499878,561.7999878,560.9400024,561.6599731,2840157
2025-07-23T17:30:00+00:00,561.6599731,563.789978,561.4699707,563.125,4719650
2025-07-23T18:30:00+00:00,563.1199951,563.3798828,562.875,563.0949707,3189805
2025-07-23T19:30:00+00:00,563.0700073,563.8300171,562.5,563.8300171,4536914
2025-07-23T20:00:00+00:00,563.85,574.7467,561.7068,565.8906,0
2025-07-23T21:00:00+00:00,565.87,566.29,563.81,565.58,0
2025-07-23T22:00:00+00:00,565.57,565.65,565.24,565.31,0
2025-07-23T23:00:00+00:00,565.4,565.75,565.3005,565.67,0
2025-07-24T08:00:00+00:00,565.34,565.36,564.5,565.36,0
2025-07-24T09:00:00+00:00,565.3,565.56,565.28,565.43,0
2025-07-24T10:00:00+00:00,565.5,565.7,565.03,565.06,0
2025-07-24T11:00:00+00:00,565.1,565.62,564.87,565.56,0
2025-07-24T12:00:00+00:00,565.51,565.84,563.81,565.22,0
2025-07-24T13:00:00+00:00,565.22,565.26,560.995,565.12,0
2025-07-24T13:30:00+00:00,565.0200195,565.7474976,563.2999878,564.0999756,9941820
2025-07-24T14:30:00+00:00,564.1099854,565.6300049,564.0300293,565.2650146,4265979
2025-07-24T15:30:00+00:00,565.2800293,565.7199707,564.2799072,564.539978,4227017
2025-07-24T16:30:00+00:00,564.5300293,566.2199707,564.3947754,565.4550171,3711710
2025-07-24T17:30:00+00:00,565.460022,566.2299805,565.25,566.0700073,3932122
2025-07-24T18:30:00+00:00,566.0800171,566.2399902,565.1599731,566.0650024,6125220
2025-07-24T19:30:00+00:00,566.0599976,566.1779785,564.9799805,565.0900269,8118390
2025-07-24T20:00:00+00:00,565.09,566.518,529.1189,565.535,0
2025-07-24T21:00:00+00:00,565.43,565.57,565.01,565.455,0
2025-07-24T22:00:00+00:00,565.49,566.01,565.36,565.7,0
2025-07-24T23:00:00+00:00,565.7,565.91,565.42,565.8499,0
2025-07-25T08:00:00+00:00,565.21,565.29,564.7,565.2,0
2025-07-25T09:00:00+00:00,565.24,565.43,564.86,565.13,0
2025-07-25T10:00:00+00:00,565.2,565.38,565.08,565.28,0
2025-07-25T11:00:00+00:00,565.29,565.69,565.2,565.38,0
2025-07-25T12:00:00+00:00,565.29,566.64,564.587,565.34,0
2025-07-25T13:00:00+00:00,565.3699,565.59,564.6295,564.949,0
2025-07-25T13:30:00+00:00,565,566.2399902,564.2700195,566.0549927,7451230
2025-07-25T14:30:00+00:00,566.0548096,566.4285278,565.6599731,566.3699951,3834350
2025-07-25T15:30:00+00:00,566.3449707,567.5900269,565.9550171,567.414978,4549026
2025-07-25T16:30:00+00:00,567.4000244,567.6950073,566.6719971,566.9699707,2609703
2025-07-25T17:30:00+00:00,566.9699707,567.3200073,566.5499878,567.1300049,1936187
2025-07-25T18:30:00+00:00,567.1400146,567.3099976,566.7949829,566.8200073,3273857
2025-07-25T19:30:00+00:00,566.8049927,567.0852051,566.0599976,566.3900146,4379800
2025-07-25T20:00:00+00:00,566.38,566.991,566.02,566.96,0
2025-07-25T21:00:00+00:00,566.825,566.99,566.37,566.88,0
2025-07-25T22:00:00+00:00,566.84,567.05,566.7,566.91,0
2025-07-25T23:00:00+00:00,566.91,567.08,566.86,566.98,0
2025-07-28T08:00:00+00:00,569.5,569.56,569.18,569.3,0
2025-07-28T09:00:00+00:00,569.28,569.46,569,569.14,0
2025-07-28T10:00:00+00:00,569.12,569.27,568.75,568.83,0
2025-07-28T11:00:00+00:00,568.82,568.89,568.08,568.4,0
2025-07-28T12:00:00+00:00,568.37,570.378,565.946,568.59,0
2025-07-28T13:00:00+00:00,568.56,568.885,565.26,567.68,0
2025-07-28T13:30:00+00:00,567.7199707,569.039978,567.539978,568.4650269,8396604
2025-07-28T14:30:00+00:00,568.4400024,568.8300171,566.8800049,567.916687,4021035
2025-07-28T15:30:00+00:00,567.9249878,568.5700073,567.7700195,568.2550049,3354062
2025-07-28T16:30:00+00:00,568.2600098,568.2600098,567.3200073,567.5300903,2775832
2025-07-28T17:30:00+00:00,567.5300293,568.0452271,566.960022,567.4650269,2990389
2025-07-28T18:30:00+00:00,567.4699707,567.6599731,567.0894775,567.4699707,3243862
2025-07-28T19:30:00+00:00,567.460022,568.2800293,567.2999878,568.2000122,4175518
2025-07-28T20:00:00+00:00,568.205,568.71,456.9014,456.9014,0
2025-07-28T21:00:00+00:00,568.6,568.68,454.0418,568.45,0
2025-07-28T22:00:00+00:00,568.52,569.07,568.5,568.99,0
2025-07-28T23:00:00+00:00,569.04,569.08,568.79,569.06,0
2025-07-29T08:00:00+00:00,570.55,570.71,570.28,570.6,0
2025-07-29T09:00:00+00:00,570.58,570.7,570.4,570.51,0
2025-07-29T10:00:00+00:00,570.53,571.05,570.5,570.82,0
2025-07-29T11:00:00+00:00,570.85,571.06,570.65,570.81,0
2025-07-29T12:00:00+00:00,570.78,571.2,568.14,570.775,0
2025-07-29T13:00:00+00:00,570.76,570.91,524.79,570.76,0
2025-07-29T13:30:00+00:00,570.789978,572.1099854,569.4099731,569.8900146,10374415
2025-07-29T14:30:00+00:00,569.8800049,570.289978,567.4199829,567.5449829,6639083
2025-07-29T15:30:00+00:00,567.539978,568.8800049,566.9199829,567.8499756,7180583
2025-07-29T16:30:00+00:00,567.8400269,568.9799805,567.1799927,568.5698853,3537224
2025-07-29T17:30:00+00:00,568.5800171,568.7399902,567.4899902,567.8765259,3482778
2025-07-29T18:30:00+00:00,567.8699951,568.5599976,567.3900146,567.4000244,2933919
2025-07-29T19:30:00+00:00,567.4099731,567.5300293,566.5300293,567.3200073,8142748
2025-07-29T20:00:00+00:00,567.33,568.5853,567.1,567.22,0
2025-07-29T21:00:00+00:00,567.26,567.45,567.18,567.29,0
2025-07-29T22:00:00+00:00,567.275,567.79,567.2597,567.67,0
2025-07-29T23:00:00+00:00,567.75,567.95,567.5604,567.82,0
2025-07-30T08:00:00+00:00,568.51,568.77,567.96,567.99,0
2025-07-30T09:00:00+00:00,568.01,568.42,567.64,568.2,0
2025-07-30T10:00:00+00:00,568.14,568.61,567.9,568.41,0
2025-07-30T11:00:00+00:00,568.42,568.83,568.36,568.8,0
2025-07-30T12:00:00+00:00,568.82,569.0002,470.2499,568.08,0
2025-07-30T13:00:00+00:00,567.99,568.6,567.795,568.165,0
2025-07-30T13:30:00+00:00,568.1699829,569.1099854,567.2700195,568.5700073,6817561
2025-07-30T14:30:00+00:00,568.6049805,569.4680176,567.875,568.1699829,3379877
2025-07-30T15:30:00+00:00,568.1799927,569.5999756,567.9099731,569.3300171,2161614
2025-07-30T16:30:00+00:00,569.335022,569.4899902,568.9400024,569.1000977,1374060
2025-07-30T17:30:00+00:00,569.1199951,569.9000244,568.7700195,569.7947998,3448184
2025-07-30T18:30:00+00:00,569.7999878,570.6199951,565.0499878,565.9891968,15525560
2025-07-30T19:30:00+00:00,566,568.2600098,565.7000122,568.1400146,6206395
2025-07-30T20:00:00+00:00,568.1,573.05,567.8,572.55,0
2025-07-30T21:00:00+00:00,572.43,573.68,572.13,573.5217,0
2025-07-30T22:00:00+00:00,573.63,574.12,573.109,574.08,0
2025-07-30T23:00:00+00:00,574.12,574.29,573.91,573.95,0
2025-07-31T08:00:00+00:00,576.39,576.46,575.84,575.98,0
2025-07-31T09:00:00+00:00,575.99,576.32,575.57,575.82,0
2025-07-31T10:00:00+00:00,575.75,575.75,575.36,575.68,0
2025-07-31T11:00:00+00:00,575.69,575.9,575.05,575.12,0
2025-07-31T12:00:00+00:00,575.2,576.658,568.02,575.7,0
2025-07-31T13:00:00+00:00,575.65,576.06,568.02,574.56,0
2025-07-31T13:30:00+00:00,573.375,574.5800781,571.2000122,571.9301147,13703804
2025-07-31T14:30:00+00:00,571.9099731,572.3187866,568.1749878,569.4199829,8606201
2025-07-31T15:30:00+00:00,569.4299927,571.3499756,569.2999878,571.1300049,4781437
2025-07-31T16:30:00+00:00,571.1500244,571.4000244,567.0499878,567.4450073,5703519
2025-07-31T17:30:00+00:00,567.4799805,568.4699707,563.8699951,566.5900269,11347765
2025-07-31T18:30:00+00:00,566.5800171,567.7000122,565.4000244,565.56073,6801137
2025-07-31T19:30:00+00:00,565.6099854,566.4899902,564.0117798,565,8594336
2025-07-31T20:00:00+00:00,565.01,567.36,563.51,564.405,0
2025-07-31T21:00:00+00:00,564.4,565.17,529.1189,563.625,0
2025-07-31T22:00:00+00:00,563.71,564.74,562.36,563.3693,0
2025-07-31T23:00:00+00:00,563.24,563.8982,562.87,563.6,0
2025-08-01T08:00:00+00:00,560.89,560.89,558.38,558.59,0
2025-08-01T09:00:00+00:00,558.79,560.02,558.18,558.93,0
2025-08-01T10:00:00+00:00,558.9,559.85,558.7,559.13,0
2025-08-01T11:00:00+00:00,559.12,559.41,557.44,559.23,0
2025-08-01T12:00:00+00:00,559.21,565.01,557.47,559.82,0
2025-08-01T13:00:00+00:00,559.59,565.01,557.87,558.85,0
2025-08-01T13:30:00+00:00,558.8200073,559.0194092,551.8800049,556.3800049,24450011
2025-08-01T14:30:00+00:00,556.3800049,557.25,554.3200073,554.3781738,8502978
2025-08-01T15:30:00+00:00,554.3599854,557.8410034,554.2349854,556.9799805,6455860
2025-08-01T16:30:00+00:00,556.960022,557.2199707,552.8400269,553.1300049,6650572
2025-08-01T17:30:00+00:00,553.1099854,554.289978,551.7000122,554.1199951,5966567
2025-08-01T18:30:00+00:00,554.1199951,555.3583984,553.0847778,553.789978,5678246
2025-08-01T19:30:00+00:00,553.7800293,555.4299927,552.8099976,553.8499756,7351638
2025-08-01T20:00:00+00:00,553.86,554.19,553.5204,553.62,0
2025-08-01T21:00:00+00:00,553.6,554.29,532.8758,554.15,0
2025-08-01T22:00:00+00:00,554.15,554.18,553.5,553.88,0
2025-08-01T23:00:00+00:00,553.72,553.88,553,553.03,0
2025-08-04T08:00:00+00:00,557.08,558.08,556.99,557.73,0
2025-08-04T09:00:00+00:00,557.77,558.63,557.6,558.2,0
2025-08-04T10:00:00+00:00,558.3,558.74,558.12,558.49,0
2025-08-04T11:00:00+00:00,558.49,558.7,557.64,558.2,0
2025-08-04T12:00:00+00:00,558.26,558.69,554.295,558.5493,0
2025-08-04T13:00:00+00:00,558.541,559.14,554.205,559.06,0
2025-08-04T13:30:00+00:00,559.0800171,563.1279907,558.9500122,562.8200073,14056755
2025-08-04T14:30:00+00:00,562.8499756,562.9500122,561.3699951,561.9299927,5913478
2025-08-04T15:30:00+00:00,561.9099731,563.5100098,561.6300049,563.2199707,4809358
2025-08-04T16:30:00+00:00,563.2150269,563.7000122,562.9550171,563.6049805,4425439
2025-08-04T17:30:00+00:00,563.6099854,563.7349854,562.6900024,563.2750244,3752977
2025-08-04T18:30:00+00:00,563.2700195,564.1199951,563.0300293,563.2999878,3443739
2025-08-04T19:30:00+00:00,563.2999878,564.3150024,562.9799805,564.0999756,6592101
2025-08-04T20:00:00+00:00,564.1,565.42,562.8615,565.38,0
2025-08-04T21:00:00+00:00,565.34,565.5,561.214,565.425,0
2025-08-04T22:00:00+00:00,565.5,565.5387,564.595,564.86,0
2025-08-04T23:00:00+00:00,564.8713,565.37,564.575,564.97,0
2025-08-05T08:00:00+00:00,565.01,565.28,564.57,565.18,0
2025-08-05T09:00:00+00:00,565.15,565.24,564.9,565.04,0
2025-08-05T10:00:00+00:00,565.1,566.22,565.08,566.08,0
2025-08-05T11:00:00+00:00,566.06,566.51,565.86,566.06,0
2025-08-05T12:00:00+00:00,566,566.73,563.677,565.9,0
2025-08-05T13:00:00+00:00,565.93,566.21,564.1,565.39,0
2025-08-05T13:30:00+00:00,565.2949829,566.56073,563.2800293,563.9500122,11228360
2025-08-05T14:30:00+00:00,563.9500122,563.9899902,560.2999878,561.1149902,9535371
2025-08-05T15:30:00+00:00,561.0900269,562.0700073,559.7299805,561.7600098,5742588
2025-08-05T16:30:00+00:00,561.7299805,562.4099731,560.2999878,562.0512695,3772715
2025-08-05T17:30:00+00:00,562.0499878,563.0599976,561.2393188,561.3120117,4178987
2025-08-05T18:30:00+00:00,561.2999878,561.6798706,559.7849731,561.1199951,5719174
2025-08-05T19:30:00+00:00,561.1300049,561.2595215,559.9000244,560.1900024,5225258
2025-08-05T20:00:00+00:00,560.2,565.35,559,559.105,0
2025-08-05T21:00:00+00:00,559.2,560.27,559.07,559.149,0
2025-08-05T22:00:00+00:00,559.11,559.61,558.09,559.04,0
2025-08-05T23:00:00+00:00,559.04,559.28,558.23,558.23,0
2025-08-06T08:00:00+00:00,562.34,562.5,561.59,561.6,0
2025-08-06T09:00:00+00:00,561.55,561.6,560.59,560.66,0
2025-08-06T10:00:00+00:00,560.66,560.76,560,560.59,0
2025-08-06T11:00:00+00:00,560.57,561.26,559.63,561.25,0
2025-08-06T12:00:00+00:00,561.3,562.45,559.64,560.69,0
2025-08-06T13:00:00+00:00,560.65,561.68,554.34,561.09,0
2025-08-06T13:30:00+00:00,561.1199951,563.8900146,560.6300049,561.8300171,10252675
2025-08-06T14:30:00+00:00,561.8499756,565.0349731,561.3649902,564.8800049,6356892
2025-08-06T15:30:00+00:00,564.8599854,566.3400269,564.2600098,565.9199829,5030106
2025-08-06T16:30:00+00:00,565.914978,566.4199829,565.3800049,566.1400146,3806023
2025-08-06T17:30:00+00:00,566.1400146,567.2399902,565.8300171,567.1799927,3475007
2025-08-06T18:30:00+00:00,567.1699829,567.6699829,566.9500122,567.4199829,4371193
2025-08-06T19:30:00+00:00,567.4099731,567.7550049,566.8900146,567.319519,5037883
2025-08-06T20:00:00+00:00,567.33,567.33,565,567,0
2025-08-06T21:00:00+00:00,567.01,584.3514,564.75,567.6,0
2025-08-06T22:00:00+00:00,567.56,568.65,566.4,568.23,0
2025-08-06T23:00:00+00:00,568.23,568.55,567.84,568.01,0
2025-08-07T08:00:00+00:00,569.43,570.96,569.39,570.85,0
2025-08-07T09:00:00+00:00,570.8,571.05,570.13,571.05,0
2025-08-07T10:00:00+00:00,571,572.2,570.84,571.8,0
2025-08-07T11:00:00+00:00,571.77,572.4,571.52,571.86,0
2025-08-07T12:00:00+00:00,571.84,572.5,566.895,571.555,0
2025-08-07T13:00:00+00:00,571.45,572.05,562.715,571.63,0
2025-08-07T13:30:00+00:00,571.6799927,573.3200073,570.2600098,571.0250244,11820553
2025-08-07T14:30:00+00:00,570.6350098,571.460022,569.1599731,569.4450073,6142121
2025-08-07T15:30:00+00:00,569.4650269,569.9699707,568.2700195,569.0700073,4426010
2025-08-07T16:30:00+00:00,569.0300293,569.4000244,566.5750122,567.0100098,5327807
2025-08-07T17:30:00+00:00,566.9949951,567.6400146,565.1099854,566.052002,5148401
2025-08-07T18:30:00+00:00,566.0599976,567.3198853,565.5515747,566.7199707,4071395
2025-08-07T19:30:00+00:00,566.7399902,569.3099976,566.6699829,569.25,5186285
2025-08-07T20:00:00+00:00,569.26,570.02,566.518,569.77,0
2025-08-07T21:00:00+00:00,569.74,569.75,569.2,569.41,0
2025-08-07T22:00:00+00:00,569.46,570.79,569.46,570.5296,0
2025-08-07T23:00:00+00:00,570.51,570.53,570.1,570.19,0
2025-08-08T08:00:00+00:00,570.24,570.88,570.22,570.77,0
2025-08-08T09:00:00+00:00,570.77,571.32,570.58,571.11,0
2025-08-08T10:00:00+00:00,571.11,571.27,570.9,571,0
2025-08-08T11:00:00+00:00,570.97,571.4,570.97,571.2,0
2025-08-08T12:00:00+00:00,571.22,571.44,568.814,570.2,0
2025-08-08T13:00:00+00:00,570.11,570.57,566.955,570.43,0
2025-08-08T13:30:00+00:00,570.914978,573.7999878,570.1550293,573.6199951,8689295
2025-08-08T14:30:00+00:00,573.6099854,574.2600098,572.8599854,573.4099731,5893752
2025-08-08T15:30:00+00:00,573.3699951,574.3300171,572.1199951,574,4310828
2025-08-08T16:30:00+00:00,574,574.1900024,573.131897,573.2800293,2827278
2025-08-08T17:30:00+00:00,573.2750244,574.7700195,573.2399902,574.375,2864236
2025-08-08T18:30:00+00:00,574.375,574.710022,574.25,574.375,3035754
2025-08-08T19:30:00+00:00,574.3699951,574.6799927,573.6699829,574.5499878,4721747
2025-08-08T20:00:00+00:00,574.56,575.84,574.53,575.83,0
2025-08-08T21:00:00+00:00,575.81,575.92,574.55,575.75,0
2025-08-08T22:00:00+00:00,575.75,575.8,575.6,575.7,0
2025-08-08T23:00:00+00:00,575.695,575.98,575.64,575.98,0
2025-08-11T08:00:00+00:00,574.42,574.54,573.55,574.05,0
2025-08-11T09:00:00+00:00,574.06,574.86,574,574.84,0
2025-08-11T10:00:00+00:00,574.9,575.4,574.78,575.3,0
2025-08-11T11:00:00+00:00,575.3,575.3,574.57,574.88,0
2025-08-11T12:00:00+00:00,574.85,575.91,573.61,575.12,0
2025-08-11T13:00:00+00:00,575.15,575.1698,571.16,574.71,0
2025-08-11T13:30:00+00:00,574.7750244,575.9249878,573.8300171,575.5499878,7746936
2025-08-11T14:30:00+00:00,575.5599976,575.7650146,574.6500244,575.0949707,3122213
2025-08-11T15:30:00+00:00,575.0900269,576.7999878,574.6849976,576.3449707,4196639
2025-08-11T16:30:00+00:00,576.3549805,576.4420166,574.8850098,574.9949951,2822223
2025-08-11T17:30:00+00:00,574.9899902,575.1898804,573.710022,573.8800049,3133985
2025-08-11T18:30:00+00:00,573.8800049,574.2800293,573.1199951,573.3800049,2872621
2025-08-11T19:30:00+00:00,573.3850098,573.5280151,571.5700073,572.75,6046929
2025-08-11T20:00:00+00:00,572.75,573.02,572.24,572.545,0
2025-08-11T21:00:00+00:00,572.54,572.98,572.45,572.78,0
2025-08-11T22:00:00+00:00,572.76,573.05,572.24,572.82,0
2025-08-11T23:00:00+00:00,572.84,572.965,572.495,572.74,0
2025-08-12T08:00:00+00:00,573.66,573.71,573.12,573.18,0
2025-08-12T09:00:00+00:00,573.17,573.35,572.84,573.05,0
2025-08-12T10:00:00+00:00,573.03,573.2,572.59,572.76,0
2025-08-12T11:00:00+00:00,572.87,572.95,572.2,572.52,0
2025-08-12T12:00:00+00:00,572.51,573.81,571.9975,573.605,0
2025-08-12T13:00:00+00:00,573.42,577.26,572.85,575.1407,0
2025-08-12T13:30:00+00:00,575.1500244,576.9400024,572.4849854,575.6500244,13776364
2025-08-12T14:30:00+00:00,575.6599731,578.2150269,575.1500244,577.5800171,6240117
2025-08-12T15:30:00+00:00,577.5599976,578.7600098,577.2800293,578.6599731,3778348
2025-08-12T16:30:00+00:00,578.6400146,579.4099731,578.5720215,578.887085,3400339
2025-08-12T17:30:00+00:00,578.8800049,579.9500122,578.8300171,579.6199951,2877276
2025-08-12T18:30:00+00:00,579.6500244,579.772522,579.2399292,579.7449951,3512632
2025-08-12T19:30:00+00:00,579.7299805,580.3499756,579.3699951,580.0200195,6274725
2025-08-12T20:00:00+00:00,580.03,580.47,579.78,580.4,0
2025-08-12T21:00:00+00:00,580.4,580.4,579.86,580,0
2025-08-12T22:00:00+00:00,580,580.15,579.795,579.915,0
2025-08-12T23:00:00+00:00,579.92,580.8,579.88,580.64,0
2025-08-13T08:00:00+00:00,581.42,581.92,581.13,581.75,0
2025-08-13T09:00:00+00:00,581.76,582.08,581.36,581.43,0
2025-08-13T10:00:00+00:00,581.42,582,581.4,581.75,0
2025-08-13T11:00:00+00:00,581.75,581.84,581.44,581.55,0
2025-08-13T12:00:00+00:00,581.51,582.05,579.615,581.88,0
2025-08-13T13:00:00+00:00,581.85,582.79,574.945,582.76,0
2025-08-13T13:30:00+00:00,582.8200073,583.3198853,580.4099731,580.649292,9694987
2025-08-13T14:30:00+00:00,580.6300049,581.0300293,579.0698853,579.875,7819566
2025-08-13T15:30:00+00:00,579.9000244,580.6699829,579.460022,579.7750244,3466645
2025-08-13T16:30:00+00:00,579.7600098,580.3900146,578.9400024,580.3400879,4090206
2025-08-13T17:30:00+00:00,580.3599854,580.5949707,579.3200073,579.8900757,3211903
2025-08-13T18:30:00+00:00,579.914978,580.5800171,578.9899902,580.1550293,4874080
2025-08-13T19:30:00+00:00,580.1550293,580.6400146,579.5599976,580.3400269,4114439
2025-08-13T20:00:00+00:00,580.33,607.4732,475.47,579.89,0
2025-08-13T21:00:00+00:00,579.95,580.34,524.765,580.005,0
2025-08-13T22:00:00+00:00,580.04,580.4802,579.55,580.45,0
2025-08-13T23:00:00+00:00,580.425,580.81,580.21,580.41,0
2025-08-14T08:00:00+00:00,580.21,580.3,580.11,580.28,0
2025-08-14T09:00:00+00:00,580.27,580.4,579.8,580.19,0
2025-08-14T10:00:00+00:00,580.22,580.27,579.84,580.04,0
2025-08-14T11:00:00+00:00,580.04,580.57,580.01,580.52,0
2025-08-14T12:00:00+00:00,580.55,580.9,579.3695,580.67,0
2025-08-14T13:00:00+00:00,580.89,582.825,575.03,578.285,0
2025-08-14T13:30:00+00:00,578.3649902,580.7999878,577.9199829,580.5800171,12744343
2025-08-14T14:30:00+00:00,580.5800171,581.8798828,578.4500122,579.0300293,6047040
2025-08-14T15:30:00+00:00,579.0200195,580.3400269,578.460022,578.9500122,5891512
2025-08-14T16:30:00+00:00,578.9799805,581.2299805,578.9398804,581.1699829,4301531
2025-08-14T17:30:00+00:00,581.1699829,581.1801147,579.2650146,579.375,4190258
2025-08-14T18:30:00+00:00,579.3699951,580.4000244,579.1799927,579.9899902,4141497
2025-08-14T19:30:00+00:00,579.9899902,580.7449951,579.8200073,579.8699951,4922812
2025-08-14T20:00:00+00:00,579.865,580.0331,570.45,579.21,0
2025-08-14T21:00:00+00:00,579.22,579.89,578.95,579.015,0
2025-08-14T22:00:00+00:00,579.01,579.29,578.715,579.24,0
2025-08-14T23:00:00+00:00,579.2408,579.605,579.0497,579.05,0
2025-08-15T08:00:00+00:00,580.6,580.84,580.4,580.47,0
2025-08-15T09:00:00+00:00,580.33,580.42,579.05,579.4,0
2025-08-15T10:00:00+00:00,579.37,579.45,578.92,579.36,0
2025-08-15T11:00:00+00:00,579.44,580.2,579.44,580.09,0
2025-08-15T12:00:00+00:00,580.07,580.96,578.9295,579.53,0
2025-08-15T13:00:00+00:00,579.53,580.15,579.3,579.8792,0
2025-08-15T13:30:00+00:00,579.789978,579.789978,576.4199829,578.4899902,10723385
2025-08-15T14:30:00+00:00,578.4899902,578.6400146,576.8400269,577.3200073,9427942
2025-08-15T15:30:00+00:00,577.1199951,577.5999756,575.5742798,576.3099976,9732447
2025-08-15T16:30:00+00:00,576.3449707,577.7493896,576.2600098,577.2750244,4465488
2025-08-15T17:30:00+00:00,577.2600098,578.2700195,577.1699829,577.7199707,3900751
2025-08-15T18:30:00+00:00,577.7199707,577.8499756,576.5349731,577.335022,4361274
2025-08-15T19:30:00+00:00,577.3499756,577.7999878,576.9450073,577.2299805,4838867
2025-08-15T20:00:00+00:00,577.23,577.37,576.59,577.05,0
2025-08-15T21:00:00+00:00,577.05,577.34,576.9,577.15,0
2025-08-15T22:00:00+00:00,577.1994,577.5,577,577.47,0
2025-08-15T23:00:00+00:00,577.45,577.47,577,577.045,0
2025-08-18T08:00:00+00:00,577.32,577.5,575.9,576.4,0
2025-08-18T09:00:00+00:00,576.37,577.1,575.75,576.03,0
2025-08-18T10:00:00+00:00,576,576.6,576,576.39,0
2025-08-18T11:00:00+00:00,576.5,576.99,576.24,576.351,0
2025-08-18T12:00:00+00:00,576.33,578.5592,575.7992,576.48,0
2025-08-18T13:00:00+00:00,576.47,577.34,576.05,576.39,0
2025-08-18T13:30:00+00:00,577.2199707,577.7650146,575.6450195,576.5999756,8315814
2025-08-18T14:30:00+00:00,576.5900269,576.9000244,575.2412109,575.8496094,4736566
2025-08-18T15:30:00+00:00,575.8400269,576.6400146,575.4799805,576.460022,3072540
2025-08-18T16:30:00+00:00,576.460022,576.7080078,575.3400269,576.4450073,2820683
2025-08-18T17:30:00+00:00,576.4398804,577.1699829,575.9799805,576.4099121,3219203
2025-08-18T18:30:00+00:00,576.3900146,577.4799805,576.3800049,576.9799805,3267160
2025-08-18T19:30:00+00:00,576.9899902,577.5700073,576.8629761,577.0999756,2712232
2025-08-18T20:00:00+00:00,577.12,579.5035,576.82,576.96,0
2025-08-18T21:00:00+00:00,576.96,577.11,561.214,577.05,0
2025-08-18T22:00:00+00:00,577.0902,578.1,577.05,577.68,0
2025-08-18T23:00:00+00:00,577.73,577.7695,577.265,577.33,0
2025-08-19T08:00:00+00:00,576.6,576.92,576,576.55,0
2025-08-19T09:00:00+00:00,576.57,577.36,576.44,577.27,0
2025-08-19T10:00:00+00:00,577.3,577.37,576.64,576.79,0
2025-08-19T11:00:00+00:00,576.78,576.83,576.14,576.43,0
2025-08-19T12:00:00+00:00,576.41,577.36,575.6995,576.75,0
2025-08-19T13:00:00+00:00,576.79,576.85,575.74,576.37,0
2025-08-19T13:30:00+00:00,576.3699951,576.5599976,573.0200195,573.0949707,12888109
2025-08-19T14:30:00+00:00,573.1199951,573.8499756,570.4000244,571.9650269,9855482
2025-08-19T15:30:00+00:00,571.9400024,572.1749878,570.4099731,570.8599854,4930150
2025-08-19T16:30:00+00:00,570.8599854,571.0200195,568.710022,569.7012939,7498101
2025-08-19T17:30:00+00:00,569.7000122,570.4099731,569.1199951,569.4100952,4226574
2025-08-19T18:30:00+00:00,569.4099731,569.5300293,568.25,569.0499878,5031300
2025-08-19T19:30:00+00:00,569.039978,569.4400024,568.5,569.2800293,5911280
2025-08-19T20:00:00+00:00,569.29,569.69,569.16,569.39,0
2025-08-19T21:00:00+00:00,569.39,569.48,568.72,568.88,0
2025-08-19T22:00:00+00:00,568.86,569.6,568.8,568.96,0
2025-08-19T23:00:00+00:00,568.98,569.16,567.92,568.14,0
2025-08-20T08:00:00+00:00,567.75,567.9,567.04,567.22,0
2025-08-20T09:00:00+00:00,567.16,568.5,567.07,568.31,0
2025-08-20T10:00:00+00:00,568.31,568.69,568.27,568.43,0
2025-08-20T11:00:00+00:00,568.38,568.91,567.8,568.1,0
2025-08-20T12:00:00+00:00,568.07,569.28,566.14,567.99,0
2025-08-20T13:00:00+00:00,567.98,569.28,567.62,568.33,0
2025-08-20T13:30:00+00:00,568.2199707,568.4500122,559.5100098,560.2810059,23916140
2025-08-20T14:30:00+00:00,560.3099976,563.5,558.8400269,563.4400024,13198180
2025-08-20T15:30:00+00:00,563.4349976,565.3300171,561.6707153,565.2000122,10193369
2025-08-20T16:30:00+00:00,565.2000122,565.2280273,563.289978,563.9500122,6087476
2025-08-20T17:30:00+00:00,563.960022,565.6199951,562.5999756,563.0900269,7224950
2025-08-20T18:30:00+00:00,563.0499878,566.5100098,563.0300293,565.75,6359428
2025-08-20T19:30:00+00:00,565.75,566.8900146,565.5999756,565.8599854,6015990
2025-08-20T20:00:00+00:00,565.88,574.7467,542.3933,565.6992,0
2025-08-20T21:00:00+00:00,565.7,565.9,542.3933,565.59,0
2025-08-20T22:00:00+00:00,565.65,566.19,565.57,565.73,0
2025-08-20T23:00:00+00:00,565.765,565.98,565.39,565.71,0
2025-08-21T08:00:00+00:00,566.4,566.75,565.75,566.37,0
2025-08-21T09:00:00+00:00,566.44,566.55,565.15,565.77,0
2025-08-21T10:00:00+00:00,565.79,566,564.7,565.4,0
2025-08-21T11:00:00+00:00,565.38,566.11,565.16,565.4,0
2025-08-21T12:00:00+00:00,565.3,566.91,563.46,563.9,0
2025-08-21T13:00:00+00:00,563.77,565.9,563.1,564.35,0
2025-08-21T13:30:00+00:00,564.3200073,566.4799805,561.8499756,566.4099731,13572971
2025-08-21T14:30:00+00:00,566.4199829,566.4199829,563.0100708,564.3300171,7097116
2025-08-21T15:30:00+00:00,564.2800293,565.2199707,562.2700195,562.4849854,5211535
2025-08-21T16:30:00+00:00,562.4699707,563.2092896,560.9799805,561.625,5284151
2025-08-21T17:30:00+00:00,561.5999756,563.4749756,561.5,562.8850098,4393128
2025-08-21T18:30:00+00:00,562.8850098,564.210022,562.4299927,563.7799072,4576506
2025-08-21T19:30:00+00:00,563.7800293,563.8150024,562.9799805,563.2999878,4206150
2025-08-21T20:00:00+00:00,563.32,563.5,562.89,563.45,0
2025-08-21T21:00:00+00:00,563.45,566.518,529.1189,563.35,0
2025-08-21T22:00:00+00:00,563.35,564.035,563.35,563.9,0
2025-08-21T23:00:00+00:00,563.93,564.07,563.64,564.025,0
2025-08-22T08:00:00+00:00,563.03,564.29,562.9,563.93,0
2025-08-22T09:00:00+00:00,563.8,564.45,563.7,564.21,0
2025-08-22T10:00:00+00:00,564.18,564.9,563.85,564.76,0
2025-08-22T11:00:00+00:00,564.75,565.02,564.36,564.41,0
2025-08-22T12:00:00+00:00,564.43,565.03,560.4165,564.82,0
2025-08-22T13:00:00+00:00,564.83,564.85,563.28,564.68,0
2025-08-22T13:30:00+00:00,564.6699829,573.5800171,563.2800293,571.6799927,17828894
2025-08-22T14:30:00+00:00,571.710022,573.9899902,571.6950073,573.3200073,7999892
2025-08-22T15:30:00+00:00,573.289978,573.8900146,570.9699707,571.2202759,5203676
2025-08-22T16:30:00+00:00,571.2349854,573.2150269,570.5700073,573.2050171,4897978
2025-08-22T17:30:00+00:00,573.2050171,573.4099731,572.5,572.6599731,3162939
2025-08-22T18:30:00+00:00,572.6900024,573.1699829,572.0042114,572.2000122,3771395
2025-08-22T19:30:00+00:00,572.2000122,572.3699951,571.1400146,571.9799805,5245421
2025-08-22T20:00:00+00:00,571.99,572.5,564.66,572.385,0
2025-08-22T21:00:00+00:00,572.4,572.5,571.97,572.2,0
2025-08-22T22:00:00+00:00,572.35,572.49,572.16,572.49,0
2025-08-22T23:00:00+00:00,572.5,572.87,572.325,572.64,0
2025-08-25T08:00:00+00:00,571.17,571.4,570.76,571.13,0
2025-08-25T09:00:00+00:00,571.17,571.33,570.2,570.21,0
2025-08-25T10:00:00+00:00,570.25,570.6,569.84,569.96,0
2025-08-25T11:00:00+00:00,569.92,570.42,569.59,570.36,0
2025-08-25T12:00:00+00:00,570.36,571.9877,569.63,569.755,0
2025-08-25T13:00:00+00:00,569.75,571.97,569.6,570.3903,0
2025-08-25T13:30:00+00:00,570.4000244,571.9400024,569.1699829,571.4799805,10988770
2025-08-25T14:30:00+00:00,571.4500122,572.9650269,571.2650146,572.8599243,4445412
2025-08-25T15:30:00+00:00,572.8900146,573.2871094,572.4099731,572.866272,3316935
2025-08-25T16:30:00+00:00,572.8200073,573.1849976,572.2000122,572.505127,2595074
2025-08-25T17:30:00+00:00,572.4899902,572.6699829,571.8499756,572.0599976,2859533
2025-08-25T18:30:00+00:00,572.0499878,572.2600098,571.6350098,571.7600098,2923208
2025-08-25T19:30:00+00:00,571.7650146,571.8599854,570.1799927,570.3499756,4947566
2025-08-25T20:00:00+00:00,570.35,570.89,565.9,570.51,0
2025-08-25T21:00:00+00:00,570.52,570.65,570.2975,570.535,0
2025-08-25T22:00:00+00:00,570.58,570.925,570.32,570.68,0
2025-08-25T23:00:00+00:00,570.75,570.85,570.15,570.35,0
2025-08-26T08:00:00+00:00,569.17,569.91,569.11,569.6,0
2025-08-26T09:00:00+00:00,569.48,570.04,569.36,569.93,0
2025-08-26T10:00:00+00:00,569.95,570.46,569.69,570.46,0
2025-08-26T11:00:00+00:00,570.42,570.63,569.76,569.8,0
2025-08-26T12:00:00+00:00,569.79,570.609,568.599,569.699,0
2025-08-26T13:00:00+00:00,569.65,570.32,569.1,569.82,0
2025-08-26T13:30:00+00:00,569.8300171,571.7050171,568.7999878,571.5900269,9887487
2025-08-26T14:30:00+00:00,571.5886841,571.8099976,570.6799927,570.7402954,3515078
2025-08-26T15:30:00+00:00,570.7020264,571.8800049,570.3699951,571.5723267,2880978
2025-08-26T16:30:00+00:00,571.5700073,571.7299805,570.789978,571.4342041,2450731
2025-08-26T17:30:00+00:00,571.4500122,571.5050049,570.0499878,571.460022,3549891
2025-08-26T18:30:00+00:00,571.460022,572.4199829,571.3800049,572.1500244,4886213
2025-08-26T19:30:00+00:00,572.1300049,572.9199829,571.3400269,572.6599731,5125134
2025-08-26T20:00:00+00:00,572.64,573.21,552.34,573.12,0
2025-08-26T21:00:00+00:00,573.0983,573.2,572.61,573.115,0
2025-08-26T22:00:00+00:00,573.12,573.45,573.02,573.355,0
2025-08-26T23:00:00+00:00,573.32,573.5,573.2,573.31,0
2025-08-27T08:00:00+00:00,572.88,573.03,572.5,572.65,0
2025-08-27T09:00:00+00:00,572.63,573,572.27,572.93,0
2025-08-27T10:00:00+00:00,572.94,573.1,572.84,573.1,0
2025-08-27T11:00:00+00:00,573.12,573.31,572.95,573.19,0
2025-08-27T12:00:00+00:00,573.26,573.54,572.181,572.92,0
2025-08-27T13:00:00+00:00,572.91,572.98,570.7699,571.6,0
2025-08-27T13:30:00+00:00,571.6199951,573.1799927,570.3699951,572.9700928,10177016
2025-08-27T14:30:00+00:00,572.9899902,573.4000244,572.6500244,572.8098755,5314240
2025-08-27T15:30:00+00:00,572.789978,573.7700195,571.7399902,572.25,3999883
2025-08-27T16:30:00+00:00,572.2299805,573.3150024,571.6500244,573.0800781,3005409
2025-08-27T17:30:00+00:00,573.0900269,574.4050293,573.0900269,574.2150269,2867709
2025-08-27T18:30:00+00:00,574.2000122,574.25,571.9400024,572.9899902,4609739
2025-08-27T19:30:00+00:00,572.9899902,574.1450195,572.9799805,573.539978,3739086
2025-08-27T20:00:00+00:00,573.56,575,542.3933,571.62,0
2025-08-27T21:00:00+00:00,571.61,573.49,571.07,571.6,0
2025-08-27T22:00:00+00:00,571.78,571.78,570.61,571.021,0
2025-08-27T23:00:00+00:00,571.02,571.2001,570.66,570.76,0
2025-08-28T08:00:00+00:00,573.89,574.56,573.62,574.1,0
2025-08-28T09:00:00+00:00,574.17,574.17,573.46,573.68,0
2025-08-28T10:00:00+00:00,573.67,573.73,573.34,573.58,0
2025-08-28T11:00:00+00:00,573.5,573.7,572.68,572.92,0
2025-08-28T12:00:00+00:00,572.86,574.47,571.8,573.1865,0
2025-08-28T13:00:00+00:00,573.2,574.53,573.11,574.03,0
2025-08-28T13:30:00+00:00,574.0700073,576.5300293,572.460022,573.8118286,14880749
2025-08-28T14:30:00+00:00,573.8187866,576.7600098,573.802002,574.8599243,7219003
2025-08-28T15:30:00+00:00,574.8599854,577.0900269,574.8200073,576.8209839,4646949
2025-08-28T16:30:00+00:00,576.8099976,576.9799805,576.0499878,576.9699707,4576613
2025-08-28T17:30:00+00:00,576.9699707,577.3699951,576.8400879,577.335022,3440743
2025-08-28T18:30:00+00:00,577.3400269,577.8499756,577.2199707,577.378479,3685446
2025-08-28T19:30:00+00:00,577.3699951,577.9899902,577.039978,577.0700073,5399602
2025-08-28T20:00:00+00:00,577.07,577.26,576.72,576.99,0
2025-08-28T21:00:00+00:00,576.97,577.08,541.7672,576.92,0
2025-08-28T22:00:00+00:00,576.92,577,576.35,576.51,0
2025-08-28T23:00:00+00:00,576.54,576.77,576.435,576.68,0
2025-08-29T08:00:00+00:00,575.41,575.76,574.77,575.1,0
2025-08-29T09:00:00+00:00,575.05,575.32,573.74,574.72,0
2025-08-29T10:00:00+00:00,574.7,574.88,574.25,574.6,0
2025-08-29T11:00:00+00:00,574.58,574.75,574,574.52,0
2025-08-29T12:00:00+00:00,574.5,577.08,573.8392,574.25,0
2025-08-29T13:00:00+00:00,574.1,577.08,571.44,574.69,0
2025-08-29T13:30:00+00:00,574.6400146,575.0300293,569.25,570.947998,16883264
2025-08-29T14:30:00+00:00,570.9400024,571.3699951,568.960022,570.5401001,7978145
2025-08-29T15:30:00+00:00,570.539978,570.6450195,569.1749878,569.8599854,5188745
2025-08-29T16:30:00+00:00,569.8499756,570.7399902,568.539978,569.2199707,4648724
2025-08-29T17:30:00+00:00,569.2299805,570.3800049,568.9299927,569.5401001,4749274
2025-08-29T18:30:00+00:00,569.5499878,570.6300049,569.4799805,570.0999756,4617085
2025-08-29T19:30:00+00:00,570.0949707,570.8449707,569.1799927,570.3099976,8062558
2025-08-29T20:00:00+00:00,570.29,570.65,569.8099,569.89,0
2025-08-29T21:00:00+00:00,569.895,570.4,532.8758,569.7,0
2025-08-29T22:00:00+00:00,569.7,570,569.315,569.785,0
2025-08-29T23:00:00+00:00,569.785,569.87,569.5318,569.68,0
2025-09-02T08:00:00+00:00,569.32,569.32,565.4,566.41,0
2025-09-02T09:00:00+00:00,566.38,566.98,566.17,566.76,0
2025-09-02T10:00:00+00:00,566.8,566.88,564.9,565.06,0
2025-09-02T11:00:00+00:00,565.03,565.28,564.35,564.6,0
2025-09-02T12:00:00+00:00,564.51,570.827,562.725,562.92,0
2025-09-02T13:00:00+00:00,562.89,570.4,560.5,561.32,0
2025-09-02T13:30:00+00:00,561.3300171,565.7000122,559.5549927,565.2399902,21506650
2025-09-02T14:30:00+00:00,565.2000122,565.2199707,561.2399902,561.5700073,8674561
2025-09-02T15:30:00+00:00,561.5700073,561.5700073,559.5700073,560.5499878,7014899
2025-09-02T16:30:00+00:00,560.5449829,563,560.539978,562.8099976,5484743
2025-09-02T17:30:00+00:00,562.8300171,564.3400269,562.8200073,562.8900146,6228144
2025-09-02T18:30:00+00:00,562.9000244,564.7199707,562.7399902,564.5900269,5464820
2025-09-02T19:30:00+00:00,564.585022,565.9650269,564.5,565.6400146,6765457
2025-09-02T20:00:00+00:00,565.62,568.25,562.8292,568.13,0
2025-09-02T21:00:00+00:00,568.12,568.3146,561.214,568.15,0
2025-09-02T22:00:00+00:00,568.2,568.2928,567.06,567.22,0
2025-09-02T23:00:00+00:00,567.22,567.32,566.8702,567.06,0
2025-09-03T08:00:00+00:00,567.98,569.44,567.93,569.22,0
2025-09-03T09:00:00+00:00,569.14,569.4,568.7,569.33,0
2025-09-03T10:00:00+00:00,569.36,569.75,569.14,569.67,0
2025-09-03T11:00:00+00:00,569.68,570.08,569.28,569.28,0
2025-09-03T12:00:00+00:00,569.3,570.1,565.62,569.5899,0
2025-09-03T13:00:00+00:00,569.59,570.06,565.62,569.31,0
2025-09-03T13:30:00+00:00,569.25,570.4099731,567.9799805,569.5100098,14022403
2025-09-03T14:30:00+00:00,569.5100098,571.6950073,569.1900024,569.2800293,7524676
2025-09-03T15:30:00+00:00,569.2600098,570.2435303,568.75,569.5,6580318
2025-09-03T16:30:00+00:00,569.5200195,570.1799927,568.4899902,569.3649902,4259085
2025-09-03T17:30:00+00:00,569.3200073,569.5300293,567.0300293,567.4799805,6321137
2025-09-03T18:30:00+00:00,567.460022,567.7600098,566.7299805,567.5900269,5805953
2025-09-03T19:30:00+00:00,567.5900269,570.0700073,567.5650024,569.9899902,7139950
2025-09-03T20:00:00+00:00,569.99,570.4164,569.1382,570.02,0
2025-09-03T21:00:00+00:00,570.0599,574.7467,534.24,569.965,0
2025-09-03T22:00:00+00:00,570.01,570.07,569.55,569.55,0
2025-09-03T23:00:00+00:00,569.55,570.07,569.51,569.65,0
2025-09-04T08:00:00+00:00,571,571.35,570.7,571.35,0
2025-09-04T09:00:00+00:00,571.4,571.41,571.02,571.23,0
2025-09-04T10:00:00+00:00,571.2,572.03,571.2,571.29,0
2025-09-04T11:00:00+00:00,571.33,571.72,571.04,571.15,0
2025-09-04T12:00:00+00:00,571.15,571.9,570.07,571.1,0
2025-09-04T13:00:00+00:00,571.2,571.35,570.26,570.84,0
2025-09-04T13:30:00+00:00,570.7399902,572.3400269,569.0250244,570.7700195,12195419
2025-09-04T14:30:00+00:00,570.75,572.5300293,570.7299805,572.2999878,6935041
2025-09-04T15:30:00+00:00,572.3250122,572.5200195,571.5200195,571.6928101,3959670
2025-09-04T16:30:00+00:00,571.6799927,573.1199951,571.5999756,573.0300293,3921907
2025-09-04T17:30:00+00:00,573.0200195,573.7800293,572.8099976,573.5599976,3842267
2025-09-04T18:30:00+00:00,573.5650024,574.6607056,573.4799805,574.3300171,5359630
2025-09-04T19:30:00+00:00,574.3099976,575.5949707,574.1699829,575.2600098,6850583
2025-09-04T20:00:00+00:00,575.28,576.24,566.518,575.65,0
2025-09-04T21:00:00+00:00,575.63,576.3688,541.7672,576.1386,0
2025-09-04T22:00:00+00:00,576.3,576.34,575.85,576.225,0
2025-09-04T23:00:00+00:00,576.22,576.4299,576.14,576.2202,0
2025-09-05T08:00:00+00:00,577.63,578.2,577.5,578.18,0
2025-09-05T09:00:00+00:00,578.15,578.5,578,578.33,0
2025-09-05T10:00:00+00:00,578.3,578.46,578.06,578.32,0
2025-09-05T11:00:00+00:00,578.3,578.69,578.09,578.63,0
2025-09-05T12:00:00+00:00,578.57,578.71,574.799,578.2,0
2025-09-05T13:00:00+00:00,578.22,581.01,567.925,580.45,0
2025-09-05T13:30:00+00:00,580.5900269,581.1199951,574.5200195,575.1290283,23651306
2025-09-05T14:30:00+00:00,575.0999756,575.4099731,571.539978,574.6199951,14079388
2025-09-05T15:30:00+00:00,574.6099854,575.5,573.7199707,574.3200073,7461609
2025-09-05T16:30:00+00:00,574.3699951,575.3200073,573.75,574.6500244,5604855
2025-09-05T17:30:00+00:00,574.6599731,575.1799927,573.4899902,574.869873,4654869
2025-09-05T18:30:00+00:00,574.8599854,576.0700073,574.5949707,575.8449707,4766751
2025-09-05T19:30:00+00:00,575.8449707,576.1199951,574.9202271,576.0300293,5732942
2025-09-05T20:00:00+00:00,576.05,576.15,575.37,575.65,0
2025-09-05T21:00:00+00:00,575.54,576.06,575.07,575.18,0
2025-09-05T22:00:00+00:00,575.1799,575.1799,574.77,574.9593,0
2025-09-05T23:00:00+00:00,574.96,575.04,574.85,574.9,0
2025-09-08T08:00:00+00:00,577.64,577.9,577.4,577.74,0
2025-09-08T09:00:00+00:00,577.76,578.02,577.66,577.9,0
2025-09-08T10:00:00+00:00,577.84,578.45,577.82,578.33,0
2025-09-08T11:00:00+00:00,578.32,578.52,577.94,578.18,0
2025-09-08T12:00:00+00:00,578.24,578.52,575.628,577.6402,0
2025-09-08T13:00:00+00:00,577.6482,578.63,576.06,578.25,0
2025-09-08T13:30:00+00:00,578.5,580.5599976,578.0700073,580.25,14553913
2025-09-08T14:30:00+00:00,580.2399902,580.8400269,579.789978,580.5650024,6001256
2025-09-08T15:30:00+00:00,580.5599976,580.7399902,579.25,579.4899902,4723997
2025-09-08T16:30:00+00:00,579.4899902,579.6500244,578.3800049,578.852417,4659397
2025-09-08T17:30:00+00:00,578.875,579.210022,577.8400269,579.0449829,4182475
2025-09-08T18:30:00+00:00,579.0499878,579.1398926,577.7700195,578.0100098,3701595
2025-09-08T19:30:00+00:00,578.0200195,579.0200195,578.0200195,578.8200073,6232931
2025-09-08T20:00:00+00:00,578.84,578.98,578.55,578.66,0
2025-09-08T21:00:00+00:00,578.615,584.3514,573.3087,578.98,0
2025-09-08T22:00:00+00:00,578.97,579.43,578.71,579.33,0
2025-09-08T23:00:00+00:00,579.33,579.4292,578.835,578.98,0
2025-09-09T08:00:00+00:00,580.11,580.22,579.76,580,0
2025-09-09T09:00:00+00:00,580.04,580.18,579.66,579.97,0
2025-09-09T10:00:00+00:00,580.01,580.18,579.85,579.99,0
2025-09-09T11:00:00+00:00,580,580.26,579.13,579.34,0
2025-09-09T12:00:00+00:00,579.48,580.82,578.436,580.09,0
2025-09-09T13:00:00+00:00,580.05,580.08,578.8397,579.69,0
2025-09-09T13:30:00+00:00,579.6500244,580.2000122,578.3499756,579.1049805,10733806
2025-09-09T14:30:00+00:00,579.0700073,579.0999756,577.039978,578.4400024,7674939
2025-09-09T15:30:00+00:00,578.4199829,579.6300049,577.6849976,579.25,4816213
2025-09-09T16:30:00+00:00,579.2600098,580.1550293,578.9700928,579.8200073,3456904
2025-09-09T17:30:00+00:00,579.8300171,579.9799805,579.3800049,579.6199951,4599986
2025-09-09T18:30:00+00:00,579.6300049,580.289978,579.3800049,580.1799927,4033353
2025-09-09T19:30:00+00:00,580.1900024,580.9299927,579.6900024,580.4699707,4798483
2025-09-09T20:00:00+00:00,580.47,581.68,579.2866,581.06,0
2025-09-09T21:00:00+00:00,581.05,581.75,575.22,581.65,0
2025-09-09T22:00:00+00:00,581.65,581.65,581.08,581.21,0
2025-09-09T23:00:00+00:00,581.2,581.2001,580.65,580.9,0
2025-09-10T08:00:00+00:00,582.23,582.31,581.59,581.61,0
2025-09-10T09:00:00+00:00,581.59,581.59,580.92,581.11,0
2025-09-10T10:00:00+00:00,581.05,581.8,581.01,581.75,0
2025-09-10T11:00:00+00:00,581.85,582.16,581.72,581.99,0
2025-09-10T12:00:00+00:00,582.01,582.8699,580.51,582.32,0
2025-09-10T13:00:00+00:00,582.3,584.77,580.51,583.75,0
2025-09-10T13:30:00+00:00,583.6900024,583.6900024,581.3300171,582.8499756,15252783
2025-09-10T14:30:00+00:00,582.7999878,583.4500122,581.8499146,582.3300171,6852478
2025-09-10T15:30:00+00:00,582.3499756,582.9699097,581.4199829,581.7299805,4583484
2025-09-10T16:30:00+00:00,581.7349854,582.2800293,580.7299805,580.9500732,3898926
2025-09-10T17:30:00+00:00,580.9400024,581.539978,580,580.3099976,4525887
2025-09-10T18:30:00+00:00,580.2949829,580.8200073,578.5499878,579.1199951,5860182
2025-09-10T19:30:00+00:00,579.1550293,581.1400146,579.1099854,580.7000122,5987729
2025-09-10T20:00:00+00:00,580.7,580.95,580.2611,580.31,0
2025-09-10T21:00:00+00:00,580.345,607.4732,542.3933,580.28,0
2025-09-10T22:00:00+00:00,580.29,581.485,580.24,581.25,0
2025-09-10T23:00:00+00:00,581.25,581.6,581.1,581.3,0
2025-09-11T08:00:00+00:00,582.11,582.37,581.97,581.99,0
2025-09-11T09:00:00+00:00,581.99,582.12,581.79,582.03,0
2025-09-11T10:00:00+00:00,581.97,582.33,581.59,582.3,0
2025-09-11T11:00:00+00:00,582.32,582.58,582.24,582.41,0
2025-09-11T12:00:00+00:00,582.38,582.73,580.7,582.49,0
2025-09-11T13:00:00+00:00,582.4,583.26,530.1,583.24,0
2025-09-11T13:30:00+00:00,583.2299805,583.8499756,581.6199951,582.9500122,13812607
2025-09-11T14:30:00+00:00,582.9400024,584.8800049,582.8699951,584.6799927,0
2025-09-11T15:30:00+00:00,584.6799927,584.8601074,583.8699951,584.3599854,16038764
2025-09-11T16:30:00+00:00,584.4000244,584.5599976,583.6699829,584.1550293,3384296
2025-09-11T17:30:00+00:00,584.1300049,584.6599731,583.9000244,584.289978,3462937
2025-09-11T18:30:00+00:00,584.3099976,584.7999878,584.2199707,584.5900269,3561350
2025-09-11T19:30:00+00:00,584.5700073,584.8599854,584.0050049,584.0999756,5165597
2025-09-11T20:00:00+00:00,584.09,584.3799,583.9,584.01,0
2025-09-11T21:00:00+00:00,584.01,584.74,583.84,584.67,0
2025-09-11T22:00:00+00:00,584.6,584.6,583.89,584.165,0
2025-09-11T23:00:00+00:00,584.159,584.42,583.98,584.335,0
2025-09-12T08:00:00+00:00,584.27,584.5,583.34,583.87,0
2025-09-12T09:00:00+00:00,583.86,584.19,583.78,584.11,0
2025-09-12T10:00:00+00:00,584.2,584.52,583.98,584.44,0
2025-09-12T11:00:00+00:00,584.44,584.7,584.34,584.68,0
2025-09-12T12:00:00+00:00,584.69,585.21,583.4896,584.94,0
2025-09-12T13:00:00+00:00,584.94,585.29,584.42,585,0
2025-09-12T13:30:00+00:00,585.0200195,585.875,584.0999756,585.75,10741486
2025-09-12T14:30:00+00:00,585.7600098,586.8300171,585.5999756,586.1350098,6718340
2025-09-12T15:30:00+00:00,586.1500244,586.6199951,585.7700195,586.5800171,4552225
2025-09-12T16:30:00+00:00,586.5800171,586.9699707,586.3800049,586.4550171,6566732
2025-09-12T17:30:00+00:00,586.4550171,587.1099854,586.2349854,586.9849854,6933871
2025-09-12T18:30:00+00:00,586.9899902,587.8599854,586.8800049,587.0200195,5773738
2025-09-12T19:30:00+00:00,587.0200195,587.2288818,586.125,586.6599731,6736882
2025-09-12T20:00:00+00:00,586.66,586.9,586.36,586.7501,0
2025-09-12T21:00:00+00:00,586.83,586.83,586.5,586.7,0
2025-09-12T22:00:00+00:00,586.7,586.8,586.6,586.705,0
2025-09-12T23:00:00+00:00,586.7,586.77,586.55,586.65,0
2025-09-15T08:00:00+00:00,587.55,587.55,586,586.47,0
2025-09-15T09:00:00+00:00,586.5,586.91,586.05,586.35,0
2025-09-15T10:00:00+00:00,586.35,587.05,586.31,587.05,0
2025-09-15T11:00:00+00:00,587.1,587.6,586.96,587.41,0
2025-09-15T12:00:00+00:00,587.35,588.29,586.01,587.99,0
2025-09-15T13:00:00+00:00,587.92,588.56,582.37,588.39,0
2025-09-15T13:30:00+00:00,588.460022,590.5599976,588.2949829,590.2907104,11260507
2025-09-15T14:30:00+00:00,590.2800293,590.6500244,589.8900146,590.2780151,5329170
2025-09-15T15:30:00+00:00,590.2788086,591.1799927,590.2050171,590.6699829,4898856
2025-09-15T16:30:00+00:00,590.6707153,591.0900269,590.2700195,590.2999268,4110169
2025-09-15T17:30:00+00:00,590.2949829,591.1798706,590.210022,590.5200806,3846380
2025-09-15T18:30:00+00:00,590.5213013,590.8950195,590.0900269,590.7650146,4622100
2025-09-15T19:30:00+00:00,590.7449951,591.789978,590.5449829,591.6900024,6525651
2025-09-15T20:00:00+00:00,591.7,591.71,591.07,591.38,0
2025-09-15T21:00:00+00:00,591.435,591.68,561.214,591.25,0
2025-09-15T22:00:00+00:00,591.13,591.29,591.03,591.125,0
2025-09-15T23:00:00+00:00,591.14,591.2,591.07,591.165,0
2025-09-16T08:00:00+00:00,593.59,593.73,593.55,593.7,0
2025-09-16T09:00:00+00:00,593.72,593.98,593.52,593.77,0
2025-09-16T10:00:00+00:00,593.61,593.64,593.27,593.48,0
2025-09-16T11:00:00+00:00,593.52,593.59,592.88,593.12,0
2025-09-16T12:00:00+00:00,593.1,593.95,591.237,592.59,0
2025-09-16T13:00:00+00:00,592.7,593.095,591.68,592.565,0
2025-09-16T13:30:00+00:00,592.6099854,592.8599854,590.9899902,591.4050293,10733052
2025-09-16T14:30:00+00:00,591.4000244,591.8300171,590.75,590.9249878,4501986
2025-09-16T15:30:00+00:00,590.9099731,591.1799927,590.4899902,591.1500244,3528065
2025-09-16T16:30:00+00:00,591.1400146,591.6300049,590.710083,591.2999878,3720067
2025-09-16T17:30:00+00:00,591.3300171,591.4500122,591.0700073,591.2849731,3166712
2025-09-16T18:30:00+00:00,591.2849731,591.960022,591.210022,591.4799194,3761022
2025-09-16T19:30:00+00:00,591.4799805,592.0700073,591.0100098,591.1699829,5319583
2025-09-16T20:00:00+00:00,591.17,591.6,591.11,591.28,0
2025-09-16T21:00:00+00:00,591.32,591.55,591.18,591.355,0
2025-09-16T22:00:00+00:00,591.31,591.78,591.205,591.69,0
2025-09-16T23:00:00+00:00,591.7,591.74,591.46,591.605,0
2025-09-17T08:00:00+00:00,591.8,591.8,591.18,591.27,0
2025-09-17T09:00:00+00:00,591.29,591.34,589.63,591.12,0
2025-09-17T10:00:00+00:00,591.16,591.28,590.57,590.66,0
2025-09-17T11:00:00+00:00,590.7,590.97,590.3,590.75,0
2025-09-17T12:00:00+00:00,590.75,591.85,589.6696,590.9701,0
2025-09-17T13:00:00+00:00,591.01,591.33,590.76,591.11,0
2025-09-17T13:30:00+00:00,591.1300049,591.5599976,589,589.0806885,9917795
2025-09-17T14:30:00+00:00,589.0900269,589.5499878,588.2301025,588.4387817,4844695
2025-09-17T15:30:00+00:00,588.4400024,588.7050171,587.9899902,588.6157227,3278586
2025-09-17T16:30:00+00:00,588.5999756,588.5999756,587.5250244,588.3499756,3684291
2025-09-17T17:30:00+00:00,588.3599854,591.0900269,585.5200195,589.1599731,13150466
2025-09-17T18:30:00+00:00,589.1599731,591.75,584.3649902,591.2399902,21604327
2025-09-17T19:30:00+00:00,591.2000122,591.6699829,589.2700195,589.9299927,10198395
2025-09-17T20:00:00+00:00,589.93,591.05,588.8447,590.57,0
2025-09-17T21:00:00+00:00,590.455,590.7,574.7467,590.45,0
2025-09-17T22:00:00+00:00,590.44,592.25,590.38,592.12,0
2025-09-17T23:00:00+00:00,592.15,592.62,592.15,592.56,0
2025-09-18T08:00:00+00:00,594.54,595.34,593.73,595.29,0
2025-09-18T09:00:00+00:00,595.22,596.23,595.19,595.9,0
2025-09-18T10:00:00+00:00,595.93,596.21,595.6,595.68,0
2025-09-18T11:00:00+00:00,595.66,596.77,595.27,596.39,0
2025-09-18T12:00:00+00:00,596.44,596.95,590,596.7,0
2025-09-18T13:00:00+00:00,596.74,596.84,590,594.98,0
2025-09-18T13:30:00+00:00,594.9099731,597.4824829,593.0700073,597.4500122,18517034
2025-09-18T14:30:00+00:00,597.4400024,598.1300049,596.1599731,597.3400269,9918512
2025-09-18T15:30:00+00:00,597.3499756,597.9000244,595.9000244,597.0692749,6762573
2025-09-18T16:30:00+00:00,597.0700073,597.6849976,596.8599854,596.8699951,4544843
2025-09-18T17:30:00+00:00,596.8800049,596.9450073,595.9349976,596.2850952,5422620
2025-09-18T18:30:00+00:00,596.289978,596.9500122,595.7800293,595.8850098,4273396
2025-09-18T19:30:00+00:00,595.8800049,596.1199951,595.289978,595.3699951,7270667
2025-09-18T20:00:00+00:00,595.38,595.93,566.518,595.72,0
2025-09-18T21:00:00+00:00,595.68,596,595.32,595.86,0
2025-09-18T22:00:00+00:00,595.85,596.4,595.68,596.32,0
2025-09-18T23:00:00+00:00,596.3,596.53,596.16,596.3512,0
2025-09-19T08:00:00+00:00,595.21,595.91,595.19,595.91,0
2025-09-19T09:00:00+00:00,595.91,596.2,595.7,596.11,0
2025-09-19T10:00:00+00:00,596.15,596.35,595.68,596.24,0
2025-09-19T11:00:00+00:00,596.25,596.52,595.98,596.25,0
2025-09-19T12:00:00+00:00,596.21,596.95,594.874,596.86,0
2025-09-19T13:00:00+00:00,596.87,597.8,595.32,597.34,0
2025-09-19T13:30:00+00:00,597.289978,598.4199829,596.5549927,597.6298828,12235891
2025-09-19T14:30:00+00:00,597.6199951,597.7880249,596.1099854,596.3200073,10704460
2025-09-19T15:30:00+00:00,596.2800293,598.5100098,595.8599854,598.4299927,9444307
2025-09-19T16:30:00+00:00,598.4199829,598.8181152,597.9144287,598.125,3974332
2025-09-19T17:30:00+00:00,598.1149902,598.6799927,598.0750122,598.2299805,3127616
2025-09-19T18:30:00+00:00,598.2299805,599.25,598.1199951,599.0200195,5652580
2025-09-19T19:30:00+00:00,599.0200195,600.0499878,598.710022,599.460022,7695367
2025-09-19T20:00:00+00:00,599.43,599.92,597.9456,599.52,0
2025-09-19T21:00:00+00:00,599.59,599.65,598.9,599.15,0
2025-09-19T22:00:00+00:00,599.12,599.55,599.1,599.4501,0
2025-09-19T23:00:00+00:00,599.48,600,599.32,599.67,0
2025-09-22T08:00:00+00:00,596.71,597.93,596.71,597.6,0
2025-09-22T09:00:00+00:00,597.56,597.78,596.42,597.02,0
2025-09-22T10:00:00+00:00,597.01,597.54,596.7,597.44,0
2025-09-22T11:00:00+00:00,597.39,597.5,596.6,596.9,0
2025-09-22T12:00:00+00:00,596.83,599.191,596.337,596.625,0
2025-09-22T13:00:00+00:00,596.6,597.9,596.54,597.76,0
2025-09-22T13:30:00+00:00,597.7399902,599.9700928,597.7399902,599.9301147,12800375
2025-09-22T14:30:00+00:00,599.9299927,600.7199707,599.6115112,600.3200073,6762260
2025-09-22T15:30:00+00:00,600.3200073,601.6298828,599.7700195,601.5650024,11839575
2025-09-22T16:30:00+00:00,601.5780029,602.0700073,601.4901123,601.9349976,5585008
2025-09-22T17:30:00+00:00,601.9349976,602.5250244,601.6799927,602.4199829,4651616
2025-09-22T18:30:00+00:00,602.4199829,602.8699951,602.2700195,602.6350098,5453162
2025-09-22T19:30:00+00:00,602.6400146,602.6900024,602,602.2399902,6301691
2025-09-22T20:00:00+00:00,602.23,602.31,600.5,602.19,0
2025-09-22T21:00:00+00:00,602.108,602.4,602.04,602.35,0
2025-09-23T13:30:00+00:00,602.3499756,602.5650024,600.6199951,601.1900024,4806052
2025-09-23T14:30:00+00:00,601.210022,601.7000122,600.6749878,601.2999268,4097335
2025-09-23T15:30:00+00:00,601.2999878,601.3850098,600.2600098,600.6500854,2634298
2025-09-23T16:30:00+00:00,600.6500244,601.1450195,599.0599976,599.1350098,3400325
2025-09-23T17:30:00+00:00,599.0900269,599.3800049,596.9899902,597.75,5596761
2025-09-23T18:30:00+00:00,597.7299805,598.3400269,597.0999756,597.5109863,30007326
2025-09-23T19:30:00+00:00,597.539978,598.460022,597.5100098,598.1599731,7795633
2025-09-23T20:00:00+00:00,598.15,598.78,598.0299,598.28,0
2025-09-23T21:00:00+00:00,598.2,598.86,598.2,598.635,0
2025-09-23T22:00:00+00:00,598.55,598.92,598.42,598.7299,0
2025-09-23T23:00:00+00:00,598.7594,598.76,598.37,598.37,0
2025-09-24T08:00:00+00:00,599.79,600.04,599.55,599.55,0
2025-09-24T09:00:00+00:00,599.56,600.09,599.37,599.98,0
2025-09-24T10:00:00+00:00,600,600.16,599.57,599.6,0
2025-09-24T11:00:00+00:00,599.61,600.19,599.57,599.86,0
2025-09-24T12:00:00+00:00,599.92,600.19,598.2,599.44,0
2025-09-24T13:00:00+00:00,599.44,599.65,599.2,599.52,0
2025-09-24T13:30:00+00:00,599.5700073,599.9000244,597.1400146,597.9299927,5233043
2025-09-24T14:30:00+00:00,597.8900146,598.2050171,596.9401855,597.3549805,2339556
2025-09-24T15:30:00+00:00,597.3599854,597.3649902,593.3699951,595.0499878,6063201
2025-09-24T16:30:00+00:00,595.0599976,596.0999756,594.5999756,595.8601074,2488146
2025-09-24T17:30:00+00:00,595.8980103,596.4299927,594.6900024,595.1099854,2190566
2025-09-24T18:30:00+00:00,595.2056274,596.100708,595.0599976,595.6599731,1881238
2025-09-24T19:30:00+00:00,595.6699829,596.2999878,595.1099854,596.0599976,1928448
2025-09-24T20:00:00+00:00,596.06,596.43,596.06,596.255,0
2025-09-24T21:00:00+00:00,596.28,596.4,596.1,596.25,0
2025-09-24T22:00:00+00:00,596.24,596.41,596.1,596.315,0
2025-09-24T23:00:00+00:00,596.3,596.4801,596.09,596.461,0
2025-09-25T08:00:00+00:00,596.18,596.68,596.14,596.57,0
2025-09-25T09:00:00+00:00,596.56,596.63,595.51,595.9,0
2025-09-25T10:00:00+00:00,595.8,595.94,594.75,594.83,0
2025-09-25T11:00:00+00:00,594.82,595.37,593.4,593.66,0
2025-09-25T12:00:00+00:00,593.67,597.2882,592.46,593.08,0
2025-09-25T13:00:00+00:00,593,593.0157,591.34,592.22,0
2025-09-25T13:30:00+00:00,592.2000122,593.789978,588.5,593.2399902,9465041
2025-09-25T14:30:00+00:00,593.25,594.1389771,592.4000244,592.75,4215648
2025-09-25T15:30:00+00:00,592.7999878,595.1149902,592.789978,593.5700073,3095315
2025-09-25T16:30:00+00:00,593.5700073,594.5050049,591.9299927,592.6799927,2678836
2025-09-25T17:30:00+00:00,592.6699829,592.9199829,589.2700195,592.3499756,4393587
2025-09-25T18:30:00+00:00,592.3300171,593.7399902,592.0200195,592.960022,3475829
2025-09-25T19:30:00+00:00,592.9799805,593.8499756,592.585022,593.5499878,2198655
2025-09-25T20:00:00+00:00,593.55,593.91,593.04,593.6,0
2025-09-25T21:00:00+00:00,593.75,593.75,593.37,593.4601,0
2025-09-25T22:00:00+00:00,593.53,594.295,593.4757,593.6107,0
2025-09-25T23:00:00+00:00,593.665,593.73,593.1498,593.1498,0
2025-09-26T08:00:00+00:00,594.06,594.4,593.7,593.91,0
2025-09-26T09:00:00+00:00,593.86,593.93,592.24,592.8,0
2025-09-26T10:00:00+00:00,592.77,593.64,592.72,592.83,0
2025-09-26T11:00:00+00:00,592.85,593.66,592.62,593.17,0
2025-09-26T12:00:00+00:00,593.2,594.67,592.2995,594.09,0
2025-09-26T13:00:00+00:00,594.21,596.57,593.53,594.38,0
2025-09-26T13:30:00+00:00,594.3499756,596.2000122,591.0599976,592.210022,6334623
2025-09-26T14:30:00+00:00,592.25,594.0100098,591.5499878,593.7700195,3642256
2025-09-26T15:30:00+00:00,593.7700195,594.9450073,592.2800293,594.4899902,2664880
2025-09-26T16:30:00+00:00,594.4799805,595.8085938,594.0200195,595.6300049,2532922
2025-09-26T17:30:00+00:00,595.6300049,596.1099854,594.5700073,595.7600098,2182244
2025-09-26T18:30:00+00:00,595.7999878,596.2999878,595.5100098,596.0300293,1681084
2025-09-26T19:30:00+00:00,596.0300293,596.2700195,595.40448,596.0499878,2076500
2025-09-26T20:00:00+00:00,596.03,596.5399,595.95,596.115,0
2025-09-26T21:00:00+00:00,596.09,596.37,595.97,596.19,0
2025-09-26T22:00:00+00:00,596.18,596.36,596.01,596.2,0
2025-09-26T23:00:00+00:00,596.155,596.3,596.13,596.15,0
2025-09-29T08:00:00+00:00,599.23,599.77,599.18,599.66,0
2025-09-29T09:00:00+00:00,599.73,600.21,599.68,600.1,0
2025-09-29T10:00:00+00:00,600.1,600.37,599.53,600.29,0
2025-09-29T11:00:00+00:00,600.3,600.35,599.3,599.31,0
2025-09-29T12:00:00+00:00,599.33,600.33,595.524,599.94,0
2025-09-29T13:00:00+00:00,599.95,600.51,595.97,599.145,0
2025-09-29T13:30:00+00:00,599.1400146,602.039978,599.0499878,601.6049805,5708923
2025-09-29T14:30:00+00:00,601.6049805,601.7199707,599.3699951,599.4849854,2788045
2025-09-29T15:30:00+00:00,599.4799805,599.630127,598.5112915,599.0499878,2837830
2025-09-29T16:30:00+00:00,599.0599976,599.4699707,597.9199829,598.6799927,1709158
2025-09-29T17:30:00+00:00,598.6900024,599.5499878,598.2800293,599.3306885,1738080
2025-09-29T18:30:00+00:00,599.335022,599.4199829,597.4099731,598.0643921,2145965
2025-09-29T19:30:00+00:00,598.0599976,599.0599976,597.8850098,598.75,2617030
2025-09-29T20:00:00+00:00,598.76,598.95,598.01,598.16,0
2025-09-29T21:00:00+00:00,598.125,598.73,561.214,598.15,0
2025-09-29T22:00:00+00:00,598.17,598.734,598.0612,598.67,0
2025-09-29T23:00:00+00:00,598.675,598.84,598.3801,598.405,0
2025-09-30T08:00:00+00:00,597.61,597.9,597.09,597.69,0
2025-09-30T09:00:00+00:00,597.69,598.23,597.6,598.06,0
2025-09-30T10:00:00+00:00,598.1,598.44,597.46,597.71,0
2025-09-30T11:00:00+00:00,597.69,598.36,597.31,598.06,0
2025-09-30T12:00:00+00:00,598.06,599.2,596.9885,598.3,0
2025-09-30T13:00:00+00:00,598.31,599.005,598.2201,598.46,0
2025-09-30T13:30:00+00:00,598.4199829,598.6699829,596.0999756,597.5300293,4534773
2025-09-30T14:30:00+00:00,597.5100098,599.4099731,596.7999878,597.4349976,2914304
2025-09-30T15:30:00+00:00,597.4400024,598.960022,597.0300293,598.1348877,2228721
2025-09-30T16:30:00+00:00,598.2313232,598.4899902,596.3331299,596.7019043,2465564
2025-09-30T17:30:00+00:00,596.7000122,598.7598877,596.3300171,598.6099854,2192023
2025-09-30T18:30:00+00:00,598.5698853,599.5280151,598.3300171,599.420105,2175450
2025-09-30T19:30:00+00:00,599.4299927,600.710022,598.8449707,600.2999878,3027056
2025-09-30T20:00:00+00:00,600.32,600.4,598.67,598.94,0
2025-09-30T21:00:00+00:00,599,600.37,598.0319,599.18,0
2025-09-30T22:00:00+00:00,599.1,599.825,598.62,598.85,0
2025-09-30T23:00:00+00:00,598.97,599.14,598.51,598.75,0
2025-10-01T08:00:00+00:00,594.97,595.2,594.58,595.2,0
2025-10-01T09:00:00+00:00,595.19,597.28,595.19,597.09,0
2025-10-01T10:00:00+00:00,597.13,597.2,596.62,596.67,0
2025-10-01T11:00:00+00:00,596.69,597.62,596.2,597.6,0
2025-10-01T12:00:00+00:00,597.63,600.37,594.07,597.56,0
2025-10-01T13:00:00+00:00,597.56,600.37,597.1,597.23,0
2025-10-01T13:30:00+00:00,597.1699829,600.3499756,596.3400269,600.1199951,6093555
2025-10-01T14:30:00+00:00,600.1799927,601.0200195,599.9099731,600.3099976,3010897
2025-10-01T15:30:00+00:00,600.3300171,601.6900024,600.3200073,601.5750122,1887447
2025-10-01T16:30:00+00:00,601.6099854,602.6900024,601.2449951,602.5250244,1819191
2025-10-01T17:30:00+00:00,602.5579834,603.5,602.0800171,603.25,20172431
2025-10-01T18:30:00+00:00,603.2301025,603.7800293,603.1450195,603.5316162,4376992
2025-10-01T19:30:00+00:00,603.5300293,603.789978,603.039978,603.289978,6446642
2025-10-01T20:00:00+00:00,603.27,603.315,602.83,603.18,0
2025-10-01T21:00:00+00:00,603.19,603.3,574.7467,603.07,0
2025-10-01T22:00:00+00:00,603.07,603.4495,603,603.26,0
2025-10-01T23:00:00+00:00,603.25,603.6496,603.075,603.4404,0
2025-10-02T08:00:00+00:00,604.9,605.78,604.89,605.7,0
2025-10-02T09:00:00+00:00,605.74,605.87,605.38,605.39,0
2025-10-02T10:00:00+00:00,605.3,606.02,604.93,605.64,0
2025-10-02T11:00:00+00:00,605.66,606.31,605.6,606.3,0
2025-10-02T12:00:00+00:00,606.27,606.99,603.25,606.82,0
2025-10-02T13:00:00+00:00,606.78,607.39,603.25,607.04,0
2025-10-02T13:30:00+00:00,607.0599976,607.1149902,603.4500122,604.9550171,12377730
2025-10-02T14:30:00+00:00,604.9500122,605.2800293,602.9299927,604.1199951,6265143
2025-10-02T15:30:00+00:00,604.0900269,605.0800171,603.1400146,604.5900269,4295820
2025-10-02T16:30:00+00:00,604.5800171,605.4500122,603.9699707,605.2301025,3513525
2025-10-02T17:30:00+00:00,605.2307129,605.8800049,605.0499878,605.6900024,3196334
2025-10-02T18:30:00+00:00,605.6799927,606.1099854,605.4799805,606.0598755,2851405
2025-10-02T19:30:00+00:00,606.0349731,606.1500244,605.2949829,605.6900024,4890505
2025-10-02T20:00:00+00:00,605.72,606.1,512.122,512.122,0
2025-10-02T21:00:00+00:00,605.62,605.73,490.9142,605.4982,0
2025-10-02T22:00:00+00:00,605.46,605.65,604.88,605.58,0
2025-10-02T23:00:00+00:00,605.5803,606.06,605.42,606.0301,0
2025-10-03T08:00:00+00:00,607.66,607.79,607.5,607.68,0
2025-10-03T09:00:00+00:00,607.65,607.8,607.46,607.54,0
2025-10-03T10:00:00+00:00,607.57,608.04,607.54,607.62,0
2025-10-03T11:00:00+00:00,607.66,607.67,606.73,606.8,0
2025-10-03T12:00:00+00:00,606.84,608.0007,605.73,606.64,0
2025-10-03T13:00:00+00:00,606.64,606.795,605.73,606.52,0
2025-10-03T13:30:00+00:00,606.5750122,607.3200073,604.5200195,605.4799194,9549058
2025-10-03T14:30:00+00:00,605.4299927,606.7053223,605.1900024,606.4901123,4640793
2025-10-03T15:30:00+00:00,606.4699707,607.0150146,605.8800049,606.7199707,4398219
2025-10-03T16:30:00+00:00,606.7000122,606.7600098,603.7800293,603.9000244,6246549
2025-10-03T17:30:00+00:00,603.8499756,604.6500244,601.3850098,604.130127,9300418
2025-10-03T18:30:00+00:00,604.1599731,604.2299805,602.7449951,603.3400269,4810378
2025-10-03T19:30:00+00:00,603.3400269,603.8599854,602.7700195,603.1550293,4935942
2025-10-03T20:00:00+00:00,603.155,603.39,602.635,602.81,0
2025-10-03T21:00:00+00:00,602.82,603.15,602.58,603.095,0
2025-10-03T22:00:00+00:00,603.095,603.45,602.97,603.36,0
2025-10-03T23:00:00+00:00,603.3588,603.3588,602.88,603.13,0
2025-10-06T08:00:00+00:00,605.28,606.1,605.23,605.79,0
2025-10-06T09:00:00+00:00,605.76,606.38,605.59,606.38,0
2025-10-06T10:00:00+00:00,606.37,606.75,606.23,606.52,0
2025-10-06T11:00:00+00:00,606.6,607.76,606.39,606.97,0
2025-10-06T12:00:00+00:00,606.981,609.08,605.38,608.4,0
2025-10-06T13:00:00+00:00,608.41,608.5,607.6,608.42,0
2025-10-06T13:30:00+00:00,608.4400024,608.6099854,606.0999756,606.7449951,12380387
2025-10-06T14:30:00+00:00,606.7399902,607.5599976,605.9699707,607.1986084,4735780
2025-10-06T15:30:00+00:00,607.2000122,608.4949951,607.1343994,608.1699829,4334288
2025-10-06T16:30:00+00:00,608.1849976,608.8699951,607.710022,608.625,3581696
2025-10-06T17:30:00+00:00,608.625,609.0792847,608.3200073,608.9500122,3531846
2025-10-06T18:30:00+00:00,608.9550171,609.3599854,608.539978,608.6640015,3265962
2025-10-06T19:30:00+00:00,608.6599731,608.7999878,607.625,607.710022,7298431
2025-10-06T20:00:00+00:00,607.72,607.86,607.47,607.62,0
2025-10-06T21:00:00+00:00,607.645,607.99,607.55,607.815,0
2025-10-06T22:00:00+00:00,607.92,607.92,606.601,606.7,0
2025-10-06T23:00:00+00:00,606.7,607,606.5,606.7968,0
2025-10-07T08:00:00+00:00,607.26,607.38,606.67,606.71,0
2025-10-07T09:00:00+00:00,606.75,607.92,606.5,607.79,0
2025-10-07T10:00:00+00:00,607.77,608,607.55,607.88,0
2025-10-07T11:00:00+00:00,607.89,608.11,607.48,607.79,0
2025-10-07T12:00:00+00:00,607.81,608.56,606.5692,608.515,0
2025-10-07T13:00:00+00:00,608.5,609.9401,593.12,609.0707,0
2025-10-07T13:30:00+00:00,609.0150146,609.710022,608.3400269,608.4799805,11393157
2025-10-07T14:30:00+00:00,608.5,608.9000244,604.6699829,605.210022,11663983
2025-10-07T15:30:00+00:00,605.1699829,605.289978,603.0499878,604.3300171,12595151
2025-10-07T16:30:00+00:00,604.289978,605.6300049,603.7199707,604.625,5329988
2025-10-07T17:30:00+00:00,604.5900269,604.789978,603.210022,604.210022,4981274
2025-10-07T18:30:00+00:00,604.2299805,604.7999878,604.0700073,604.2260132,3432551
2025-10-07T19:30:00+00:00,604.210022,605.1199951,604.0599976,604.4699707,4223592
2025-10-07T20:00:00+00:00,604.47,605.1004,604.47,604.76,0
2025-10-07T21:00:00+00:00,604.825,604.9,604.51,604.72,0
2025-10-07T22:00:00+00:00,604.73,605.3671,604.7,605.2894,0
2025-10-07T23:00:00+00:00,605.28,605.28,604.13,604.18,0
2025-10-08T08:00:00+00:00,605.45,605.75,605.41,605.72,0
2025-10-08T09:00:00+00:00,605.75,606.14,605.16,605.46,0
2025-10-08T10:00:00+00:00,605.45,605.79,604.9,605.48,0
2025-10-08T11:00:00+00:00,605.47,606,604.9,604.9,0
2025-10-08T12:00:00+00:00,604.94,606.1,604.057,604.9708,0
2025-10-08T13:00:00+00:00,604.99,605.85,599.35,605.4005,0
2025-10-08T13:30:00+00:00,605.3049927,608.9401245,605.2849731,608.6300049,13624271
2025-10-08T14:30:00+00:00,608.6199951,609.3499756,607.585022,609.0999756,5892253
2025-10-08T15:30:00+00:00,609.0800171,610.0599976,608.9400024,609.4992065,4521323
2025-10-08T16:30:00+00:00,609.4899902,609.8499756,609.0300293,609.8436279,2949795
2025-10-08T17:30:00+00:00,609.8599854,610.5900269,609.7050171,610.25,6286073
2025-10-08T18:30:00+00:00,610.2600098,611.0499878,609.8400269,610.9492798,4614623
2025-10-08T19:30:00+00:00,610.9400024,611.75,610.7399902,611.4400024,8318985
2025-10-08T20:00:00+00:00,611.45,612.23,611.22,611.9501,0
2025-10-08T21:00:00+00:00,611.985,612.06,607.4732,611.78,0
2025-10-08T22:00:00+00:00,611.86,612.32,611.78,612.31,0
2025-10-08T23:00:00+00:00,612.3,612.93,612.23,612.6268,0
2025-10-09T08:00:00+00:00,611.69,611.83,611.1,611.48,0
2025-10-09T09:00:00+00:00,611.47,611.47,610.66,611.31,0
2025-10-09T10:00:00+00:00,611.3,611.74,610.99,610.99,0
2025-10-09T11:00:00+00:00,610.96,611.69,610.88,611.67,0
2025-10-09T12:00:00+00:00,611.67,612.34,610.7,611.4288,0
2025-10-09T13:00:00+00:00,611.395,611.66,611.15,611.4892,0
2025-10-09T13:30:00+00:00,611.4500122,611.6099854,609.4899902,609.6400146,11389771
2025-10-09T14:30:00+00:00,609.6199951,610.1749878,608.2299805,609.0599976,6041585
2025-10-09T15:30:00+00:00,609.0499878,610.1900024,608.3599854,609.710022,4402256
2025-10-09T16:30:00+00:00,609.7199707,609.875,607.6801147,607.8300171,6035168
2025-10-09T17:30:00+00:00,607.8250122,609.25,607.4799805,608.7399902,4785325
2025-10-09T18:30:00+00:00,608.7479858,610.1049805,608.539978,609.9708252,4032005
2025-10-09T19:30:00+00:00,609.960022,610.75,609.9299927,610.710022,6365227
2025-10-09T20:00:00+00:00,610.7,610.81,610.12,610.4701,0
2025-10-09T21:00:00+00:00,610.48,610.7,610.13,610.51,0
2025-10-09T22:00:00+00:00,610.56,611.3296,610.52,611.23,0
2025-10-09T23:00:00+00:00,611.22,611.63,611.02,611.5803,0
2025-10-10T08:00:00+00:00,611.53,611.96,611.45,611.82,0
2025-10-10T09:00:00+00:00,611.84,612.13,610.91,611.2,0
2025-10-10T10:00:00+00:00,611.19,611.32,609.99,610.79,0
2025-10-10T11:00:00+00:00,610.77,611.55,610.52,611.44,0
2025-10-10T12:00:00+00:00,611.43,612.26,609.9997,611.77,0
2025-10-10T13:00:00+00:00,611.72,624.2,610.7,611.48,0
2025-10-10T13:30:00+00:00,611.4099731,613.1799927,610.9799805,611.8950195,10675024
2025-10-10T14:30:00+00:00,611.9299927,612.4190063,599.1000977,599.5650024,19346205
2025-10-10T15:30:00+00:00,599.4699707,601.6699829,595.9299927,598.8099976,17827341
2025-10-10T16:30:00+00:00,598.7399902,599.9099731,594.3300171,597.0449829,10673093
2025-10-10T17:30:00+00:00,596.9400024,597.8804932,595.2711792,595.8699951,7402784
2025-10-10T18:30:00+00:00,595.8800049,596.3400269,592.1599731,592.6010132,8236593
2025-10-10T19:30:00+00:00,592.6599731,593.2399902,589.0499878,589.4799805,13112149
2025-10-10T20:00:00+00:00,589.48,600.2753,583.67,584.46,0
2025-10-10T21:00:00+00:00,584.47,589.5,582.04,583.09,0
2025-10-10T22:00:00+00:00,583.22,588.2,583.09,587.52,0
2025-10-10T23:00:00+00:00,587.5291,590.56,587.5,589.905,0
2025-10-13T08:00:00+00:00,599.61,601.6,598.91,600.32,0
2025-10-13T09:00:00+00:00,600.41,600.94,600.02,600.46,0
2025-10-13T10:00:00+00:00,600.44,600.57,599.69,600.44,0
2025-10-13T11:00:00+00:00,600.42,600.87,597.42,598.13,0
2025-10-13T12:00:00+00:00,598.17,602.31,589.5,599.4,0
2025-10-13T13:00:00+00:00,599.39,611.52,598.61,599.7,0
2025-10-13T13:30:00+00:00,599.6799927,601.7399902,597.2299805,599.6300049,24505863
2025-10-13T14:30:00+00:00,599.6500244,601.1500244,597.6842041,600.8956299,9240069
2025-10-13T15:30:00+00:00,600.9000244,602.1799927,600.2999878,601.6599731,5951054
2025-10-13T16:30:00+00:00,601.6699829,602.8300171,601.1500244,601.539978,6268258
2025-10-13T17:30:00+00:00,601.5800171,602.7299805,601.1600952,602.6599731,3468352
2025-10-13T18:30:00+00:00,602.6900024,602.9500122,601.0300293,601.809021,4845532
2025-10-13T19:30:00+00:00,601.789978,602.6699219,601.6500244,602.0449829,6699910
2025-10-13T20:00:00+00:00,602.04,602.15,574.4041,601.67,0
2025-10-13T21:00:00+00:00,601.78,602.01,487.1123,601.98,0
2025-10-13T22:00:00+00:00,601.85,602.2491,601.48,602.24,0
2025-10-13T23:00:00+00:00,602.2,602.25,601.5346,601.8,0
2025-10-14T08:00:00+00:00,595.38,595.85,594.08,595.76,0
2025-10-14T09:00:00+00:00,595.92,597.03,595.2,596.01,0
2025-10-14T10:00:00+00:00,595.99,596.28,593.72,593.84,0
2025-10-14T11:00:00+00:00,593.81,595.18,592,594.76,0
2025-10-14T12:00:00+00:00,594.65,602.01,589.5,595.62,0
2025-10-14T13:00:00+00:00,595.63,602.01,593.32,595.32,0
2025-10-14T13:30:00+00:00,595.1884766,597.375,590.1300049,597.2999878,19348805
2025-10-14T14:30:00+00:00,597.289978,598.3900146,596.039978,596.829895,8264651
2025-10-14T15:30:00+00:00,596.8800049,601.0200195,596.7999878,600.8699951,9120138
2025-10-14T16:30:00+00:00,600.867981,602.6900024,600.5349731,602.1699829,7243550
2025-10-14T17:30:00+00:00,602.2000122,602.3701172,601.0499878,601.8800049,5021109
2025-10-14T18:30:00+00:00,601.8800049,602.1599731,601.0800171,601.539978,4669301
2025-10-14T19:30:00+00:00,601.539978,601.5599976,596.3699951,598.0499878,10875463
2025-10-14T20:00:00+00:00,598.05,599.1238,596.65,598,0
2025-10-14T21:00:00+00:00,597.98,598.24,597.48,598.165,0
2025-10-14T22:00:00+00:00,598.1,599.44,597.94,598.61,0
2025-10-14T23:00:00+00:00,598.62,599.5,598.4,598.5485,0
2025-10-15T08:00:00+00:00,601.45,602.43,601.45,602.15,0
2025-10-15T09:00:00+00:00,602.21,603.76,601.78,602.73,0
2025-10-15T10:00:00+00:00,602.7,603.45,602.65,603.17,0
2025-10-15T11:00:00+00:00,603.18,603.51,602.57,602.75,0
2025-10-15T12:00:00+00:00,602.68,604.57,597.552,603.93,0
2025-10-15T13:00:00+00:00,603.85,604.8,598,604.0205,0
2025-10-15T13:30:00+00:00,604.0100098,606.6699829,601.5100098,606.3900146,16325002
2025-10-15T14:30:00+00:00,606.4400024,606.7000122,605.0999756,605.2155762,6464275
2025-10-15T15:30:00+00:00,605.1799927,605.3699951,601.0250244,603.0283813,9661848
2025-10-15T16:30:00+00:00,603.0300293,603.2050171,595.9400024,597.960022,10690128
2025-10-15T17:30:00+00:00,597.9550171,602.1099854,597.7249756,601.3699951,6702669
2025-10-15T18:30:00+00:00,601.3499756,602.9899902,601.2600098,602.5800781,4250964
2025-10-15T19:30:00+00:00,602.6199951,602.7399902,600.289978,602.1599731,5671060
2025-10-15T20:00:00+00:00,602.16,603.09,601.87,602.63,0
2025-10-15T21:00:00+00:00,602.635,602.7,574.7467,602.235,0
2025-10-15T22:00:00+00:00,602.26,603.7,602.26,603.38,0
2025-10-15T23:00:00+00:00,603.35,603.4,602.16,602.55,0
2025-10-16T08:00:00+00:00,605.01,605.43,604.31,604.38,0
2025-10-16T09:00:00+00:00,604.39,605,604.17,604.97,0
2025-10-16T10:00:00+00:00,604.97,605.71,604.2,605.64,0
2025-10-16T11:00:00+00:00,605.62,606.05,605.08,605.96,0
2025-10-16T12:00:00+00:00,605.91,606.0491,601.769,605.05,0
2025-10-16T13:00:00+00:00,605.11,606.38,597.99,605.08,0
2025-10-16T13:30:00+00:00,605.0900269,607.0200195,604.3699951,605.960022,13733817
2025-10-16T14:30:00+00:00,605.9799805,608.3099976,604.4899902,604.946228,8159593
2025-10-16T15:30:00+00:00,604.8599854,605.7700195,600.9000244,601.0750122,9887252
2025-10-16T16:30:00+00:00,601.0700073,603.1900024,597.6400146,602.420105,11730758
2025-10-16T17:30:00+00:00,602.3930054,603.039978,595.9500122,596.7999878,8110725
2025-10-16T18:30:00+00:00,596.7999878,599.6900024,595.5,597.7000122,8874635
2025-10-16T19:30:00+00:00,597.7000122,600.3300171,597.039978,599.9899902,6676171
2025-10-16T20:00:00+00:00,599.98,600.55,566.518,599.08,0
2025-10-16T21:00:00+00:00,599.1,599.99,598.6012,598.88,0
2025-10-16T22:00:00+00:00,599,600.6,597.77,597.85,0
2025-10-16T23:00:00+00:00,597.8594,598.47,597.34,598.27,0
2025-10-17T08:00:00+00:00,591.66,592.01,590.08,591.73,0
2025-10-17T09:00:00+00:00,591.75,593.76,591.45,593.1,0
2025-10-17T10:00:00+00:00,593.07,593.69,591.85,592.05,0
2025-10-17T11:00:00+00:00,592.11,597.65,592.11,597.2,0
2025-10-17T12:00:00+00:00,597.2,599.99,590.15,598.69,0
2025-10-17T13:00:00+00:00,598.805,599.99,597.575,597.92,0
2025-10-17T13:30:00+00:00,597.2199707,603.3200073,596.3699951,602.0700073,19483057
2025-10-17T14:30:00+00:00,602.0999756,602.1849976,597.0200195,597.8699951,13915395
2025-10-17T15:30:00+00:00,597.9000244,603.1793213,596.4240112,602.9998779,9856519
2025-10-17T16:30:00+00:00,602.9500122,603.5800171,600.1199951,600.8601074,6822241
2025-10-17T17:30:00+00:00,600.8800049,604.9400024,600.2399902,604.5999756,7655506
2025-10-17T18:30:00+00:00,604.6099854,605.5100098,603.6900024,604.8399048,4675503
2025-10-17T19:30:00+00:00,604.8200073,604.8300171,603.7199707,603.8800049,5946566
2025-10-17T20:00:00+00:00,603.93,605.22,603.66,605.02,0
2025-10-17T21:00:00+00:00,604.9207,605,603.9299,604.84,0
2025-10-17T22:00:00+00:00,604.725,604.9,604,604.2,0
2025-10-17T23:00:00+00:00,604.2,605.38,603.93,604.81,0
2025-10-20T08:00:00+00:00,607.26,607.54,606.55,606.78,0
2025-10-20T09:00:00+00:00,606.75,607.01,605.86,606.54,0
2025-10-20T10:00:00+00:00,606.58,606.69,605.86,606.06,0
2025-10-20T11:00:00+00:00,606.05,606.83,605.27,606.27,0
2025-10-20T12:00:00+00:00,606.22,607.85,603.478,606.42,0
2025-10-20T13:00:00+00:00,606.46,607.94,603.93,607.15,0
2025-10-20T13:30:00+00:00,607.1400146,611.1400146,607.0601196,611.0991211,13519255
2025-10-20T14:30:00+00:00,611.0999756,612.1699829,610.7000122,611.9899902,6842093
2025-10-20T15:30:00+00:00,612.0516968,612.5800171,611.4000244,611.7299805,5854081
2025-10-20T16:30:00+00:00,611.7700195,612.7199707,611.2700195,612.3699951,3940921
2025-10-20T17:30:00+00:00,612.3713989,612.7999878,612.2399902,612.3900146,3087700
2025-10-20T18:30:00+00:00,612.4000244,612.4349976,611.4429932,612.039978,4061352
2025-10-20T19:30:00+00:00,612.039978,612.3499756,611.5100098,611.539978,4659546
2025-10-20T20:00:00+00:00,611.54,612.14,611.295,612.14,0
2025-10-20T21:00:00+00:00,612.2,612.2,611.54,612.02,0
2025-10-20T22:00:00+00:00,612.0702,612.16,611.71,612.009,0
2025-10-20T23:00:00+00:00,612.0025,612.565,611.94,612.07,0
2025-10-21T08:00:00+00:00,611.02,611.26,610.56,610.72,0
2025-10-21T09:00:00+00:00,610.74,611.38,610.67,611.34,0
2025-10-21T10:00:00+00:00,611.31,611.52,610.65,611,0
2025-10-21T11:00:00+00:00,611.04,611.75,610.84,611.75,0
2025-10-21T12:00:00+00:00,611.74,612.25,610.6,611.85,0
2025-10-21T13:00:00+00:00,611.84,611.91,604.95,611.61,0
2025-10-21T13:30:00+00:00,611.6300049,611.7150269,609.3599854,609.7349854,12277423
2025-10-21T14:30:00+00:00,609.7399902,611.7199097,609.3300171,611.0386963,7201298
2025-10-21T15:30:00+00:00,611.0499878,612.6099854,610.6049805,612.4799805,4943769
2025-10-21T16:30:00+00:00,612.4918823,612.7213135,610.3800049,611.2000122,6253082
2025-10-21T17:30:00+00:00,611.210022,612.1900024,610.9299927,611.960022,3318416
2025-10-21T18:30:00+00:00,611.9658203,612.2000122,611.5250244,611.8150024,3329453
2025-10-21T19:30:00+00:00,611.8099976,612.4299927,611.2700195,611.4099731,4323077
2025-10-21T20:00:00+00:00,611.39,611.55,609.89,610.79,0
2025-10-21T21:00:00+00:00,610.79,611.38,610.28,610.87,0
2025-10-21T22:00:00+00:00,610.87,611.2,610.5897,610.88,0
2025-10-21T23:00:00+00:00,610.88,610.88,610.15,610.28,0
2025-10-22T08:00:00+00:00,611.6,611.62,610.62,610.89,0
2025-10-22T09:00:00+00:00,610.91,611.08,610.05,610.65,0
2025-10-22T10:00:00+00:00,610.63,611.4,610.39,611.29,0
2025-10-22T11:00:00+00:00,611.32,611.83,609.95,610.16,0
2025-10-22T12:00:00+00:00,610.17,612.48,609.47,610.57,0
2025-10-22T13:00:00+00:00,610.59,611.12,610.345,610.8,0
2025-10-22T13:30:00+00:00,610.8200073,611.4099731,607.25,607.4199829,12779526
2025-10-22T14:30:00+00:00,607.4299927,609.7999878,604.9799805,605.1099854,10536090
2025-10-22T15:30:00+00:00,605.1199951,607.5599976,604.4949951,605.1350098,7620604
2025-10-22T16:30:00+00:00,605.1500244,605.7000122,601.2999878,602.2700195,9183666
2025-10-22T17:30:00+00:00,602.2000122,603.0499878,599.7399902,602.4099731,7566904
2025-10-22T18:30:00+00:00,602.4000244,604.8800049,601.7800293,604.6793213,6066128
2025-10-22T19:30:00+00:00,604.6699829,605.8400269,604.6599731,605.4099731,4452661
2025-10-22T20:00:00+00:00,605.4,606.28,604.88,605.32,0
2025-10-22T21:00:00+00:00,605.3,605.49,604.1993,604.355,0
2025-10-22T22:00:00+00:00,604.4,605.83,604.4,605.485,0
2025-10-22T23:00:00+00:00,605.46,605.95,604.25,604.32,0
2025-10-23T08:00:00+00:00,606.77,607.26,606.64,606.72,0
2025-10-23T09:00:00+00:00,606.76,606.98,605.21,605.67,0
2025-10-23T10:00:00+00:00,605.69,606.14,605.17,605.82,0
2025-10-23T11:00:00+00:00,605.88,606.04,604.23,604.93,0
2025-10-23T12:00:00+00:00,604.89,607.5285,603.06,603.815,0
2025-10-23T13:00:00+00:00,603.85,605.49,603,604.9,0
2025-10-23T13:30:00+00:00,604.9000244,608.8300171,604.5499878,608.0200195,13297042
2025-10-23T14:30:00+00:00,608.039917,609.25,607.7600098,608.8099976,4635768
2025-10-23T15:30:00+00:00,608.8499756,609.9387817,607.4000244,609.3200073,4815579
2025-10-23T16:30:00+00:00,609.3099976,610.4099731,609.0700073,609.4799805,3949952
2025-10-23T17:30:00+00:00,609.4749756,611.2999878,609.4299927,611.1500244,4601726
2025-10-23T18:30:00+00:00,611.1550293,611.3699951,610.6149902,611.1450195,3205120
2025-10-23T19:30:00+00:00,611.1400146,611.1400146,610.0800171,610.6199951,3582107
2025-10-23T20:00:00+00:00,610.6,611.61,610.4925,611.15,0
2025-10-23T21:00:00+00:00,611.17,611.64,610.58,611.45,0
2025-10-23T22:00:00+00:00,611.46,611.83,610.58,611.52,0
2025-10-23T23:00:00+00:00,611.57,611.84,611.57,611.691,0
2025-10-24T08:00:00+00:00,612.17,613.13,612.17,613.1,0
2025-10-24T09:00:00+00:00,613.12,613.92,612.84,613.87,0
2025-10-24T10:00:00+00:00,613.9,614.24,613.66,613.78,0
2025-10-24T11:00:00+00:00,613.84,614.09,613.53,613.68,0
2025-10-24T12:00:00+00:00,613.67,614.21,610.123,613.8,0
2025-10-24T13:00:00+00:00,613.76,617.28,575.25,616,0
2025-10-24T13:30:00+00:00,615.9899902,617.9000244,615.1380005,616.7650146,14200332
2025-10-24T14:30:00+00:00,616.7299805,617.8300171,615.1799927,617.5800171,7003670
2025-10-24T15:30:00+00:00,617.6300049,618.2000122,616.8599854,617.6655884,4749402
2025-10-24T16:30:00+00:00,617.6699829,618.2700195,617.2800293,617.9199829,3770980
2025-10-24T17:30:00+00:00,617.9000244,618.4099731,617.6226807,617.8800049,3622452
2025-10-24T18:30:00+00:00,617.8950195,618.4050293,617.5,618.25,4888690
2025-10-24T19:30:00+00:00,618.2650146,618.289978,616.75,617,6683062
2025-10-24T20:00:00+00:00,617,617.42,616.7495,617.07,0
2025-10-24T21:00:00+00:00,617.03,617.44,617.03,617.31,0
2025-10-24T22:00:00+00:00,617.31,617.44,617.2,617.24,0
2025-10-24T23:00:00+00:00,617.24,617.52,617.23,617.43,0
2025-10-27T08:00:00+00:00,623.98,624.12,623.49,623.61,0
2025-10-27T09:00:00+00:00,623.6,624.34,623.42,623.99,0
2025-10-27T10:00:00+00:00,623.96,625.31,623.96,625.24,0
2025-10-27T11:00:00+00:00,625.22,625.41,624.81,624.99,0
2025-10-27T12:00:00+00:00,624.99,625.4,617.1,624.99,0
2025-10-27T13:00:00+00:00,625,625.12,617.1,624.55,0
2025-10-27T13:30:00+00:00,624.5,625.9400024,624.039978,625.7949829,13414817
2025-10-27T14:30:00+00:00,625.7800293,626.5800171,625.3900146,626.5100098,6960315
2025-10-27T15:30:00+00:00,626.5100098,626.8300171,626.289978,626.6400146,4945094
2025-10-27T16:30:00+00:00,626.6400146,626.9755859,626.3814697,626.5900269,4590096
2025-10-27T17:30:00+00:00,626.5999756,627.3900146,626.4799805,627.289978,4819196
2025-10-27T18:30:00+00:00,627.289978,627.6849976,627.0700073,627.2199707,5779143
2025-10-27T19:30:00+00:00,627.2199707,628.5499878,627.1600952,628.0800171,9452423
2025-10-27T20:00:00+00:00,628.08,629.29,626.21,629.06,0
2025-10-27T21:00:00+00:00,629.0501,629.15,628.09,629.06,0
2025-10-27T22:00:00+00:00,629.01,629.06,628.09,628.87,0
2025-10-27T23:00:00+00:00,628.9199,629.41,628.87,628.9396,0
2025-10-28T08:00:00+00:00,628.18,628.21,627.73,627.89,0
2025-10-28T09:00:00+00:00,627.91,628.56,627.83,628.37,0
2025-10-28T10:00:00+00:00,628.39,628.82,628.21,628.73,0
2025-10-28T11:00:00+00:00,628.74,629.17,628.42,629.009,0
2025-10-28T12:00:00+00:00,628.98,629.69,627.619,629.6,0
2025-10-28T13:00:00+00:00,629.56,630.58,628.09,630.33,0
2025-10-28T13:30:00+00:00,630.3200073,631.2800293,629.7700195,630.2000122,13927784
2025-10-28T14:30:00+00:00,630.1900024,630.3900146,629.2800293,630.1550293,4794536
2025-10-28T15:30:00+00:00,630.1550293,631.3599854,629.25,631.2949829,5012446
2025-10-28T16:30:00+00:00,631.2949829,632.5800171,630.9699707,632.125,10445676
2025-10-28T17:30:00+00:00,632.1400146,633.5599976,632.0650024,633.4500122,7867389
2025-10-28T18:30:00+00:00,633.4500122,634.6699829,633.3397827,634.5499878,5838904
2025-10-28T19:30:00+00:00,634.5599976,634.6799927,632.8599854,632.8900146,7743011
2025-10-28T20:00:00+00:00,632.91,633.37,632.67,633.27,0
2025-10-28T21:00:00+00:00,633.245,633.86,632.92,633.75,0
2025-10-28T22:00:00+00:00,633.55,633.64,633.16,633.26,0
2025-10-28T23:00:00+00:00,633.26,633.63,633.05,633.51,0
2025-10-29T08:00:00+00:00,636.2,636.65,636.08,636.16,0
2025-10-29T09:00:00+00:00,636.18,636.43,634.8,634.91,0
2025-10-29T10:00:00+00:00,634.92,635.53,634.65,635.46,0
2025-10-29T11:00:00+00:00,635.46,636.22,635.13,636.16,0
2025-10-29T12:00:00+00:00,636.15,636.65,632.446,635.53,0
2025-10-29T13:00:00+00:00,635.5498,635.84,635.04,635.54,0
2025-10-29T13:30:00+00:00,635.5900269,637.0100098,635.3099976,636.3200073,14952284
2025-10-29T14:30:00+00:00,636.3200073,636.5784912,634.8800049,635.2650146,6352052
2025-10-29T15:30:00+00:00,635.2650146,635.3900146,634.0393066,635.1400146,6317811
2025-10-29T16:30:00+00:00,635.1500244,635.5900269,634.4299927,634.6849976,5098641
2025-10-29T17:30:00+00:00,634.6300049,636.0499878,634.0599976,635.0700073,5950249
2025-10-29T18:30:00+00:00,635.1099854,635.9400024,630.25,633.7299805,17687960
2025-10-29T19:30:00+00:00,633.75,635.9699707,632.7000122,635.9000244,7122013
2025-10-29T20:00:00+00:00,635.865,638.18,632.91,634.46,0
2025-10-29T21:00:00+00:00,634.4881,635.77,632.45,632.895,0
2025-10-29T22:00:00+00:00,632.79,635.77,632.79,633.95,0
2025-10-29T23:00:00+00:00,633.93,634.99,633.05,634.66,0
2025-10-30T08:00:00+00:00,636.06,636.2,634.85,635.37,0
2025-10-30T09:00:00+00:00,635.32,636.19,634.48,635.03,0
2025-10-30T10:00:00+00:00,635.03,635.14,633.88,634.6,0
2025-10-30T11:00:00+00:00,634.6,635.92,634.46,635.77,0
2025-10-30T12:00:00+00:00,635.81,638.1777,632.88,633.035,0
2025-10-30T13:00:00+00:00,633.04,635.77,631.07,632.13,0
2025-10-30T13:30:00+00:00,632.1699829,633.5,627.7600098,629.6400146,11923388
2025-10-30T14:30:00+00:00,629.6199951,631.5200195,628.6699829,630.5598755,4695383
2025-10-30T15:30:00+00:00,630.5700073,631.5,628.3699951,631.1599731,3617307
2025-10-30T16:30:00+00:00,631.1699829,631.1843872,629.1799927,630.6500244,3064498
2025-10-30T17:30:00+00:00,630.6599731,631,628.8001099,629.1199951,2438353
2025-10-30T18:30:00+00:00,629.1900024,629.7556152,626.3302002,627.4000244,3759327
2025-10-30T19:30:00+00:00,627.4299927,628.2449951,626,626,4304099
2025-10-30T20:00:00+00:00,626.01,635.77,625.6,632.8,0
2025-10-30T21:00:00+00:00,632.75,633.51,626.05,632.8,0
2025-10-30T22:00:00+00:00,632.8,633.5,632.42,632.78,0
2025-10-30T23:00:00+00:00,632.75,633.38,632.2327,633.2512,0
2025-10-31T08:00:00+00:00,634.6,634.61,633.19,633.73,0
2025-10-31T09:00:00+00:00,633.72,634.48,633.41,634.05,0
2025-10-31T10:00:00+00:00,634.05,634.17,633.28,633.52,0
2025-10-31T11:00:00+00:00,633.45,634.37,633.41,634.37,0
2025-10-31T12:00:00+00:00,634.33,635.93,625.581,635.705,0
2025-10-31T13:00:00+00:00,635.73,635.93,626.05,634.14,0
2025-10-31T13:30:00+00:00,634.1699829,634.1699829,630.8499756,631.9100952,8988781
2025-10-31T14:30:00+00:00,631.9299927,633.75,631.7800293,632.6599731,4436577
2025-10-31T15:30:00+00:00,632.6500244,633.1400146,628.2800293,629.4793091,5446546
2025-10-31T16:30:00+00:00,629.4899902,630.2600098,626.7913818,627.1900024,5367720
2025-10-31T17:30:00+00:00,627.2000122,629.75,626.6900024,629.6099854,4351216
2025-10-31T18:30:00+00:00,629.6199951,631.6799927,628.6900024,631.4500122,25977970
2025-10-31T19:30:00+00:00,631.4550171,632.2399902,629.1900024,629.1900024,8726600
2025-10-31T20:00:00+00:00,629.19,629.4,626.05,628.995,0
2025-10-31T21:00:00+00:00,629.01,629.24,628.85,629.085,0
2025-10-31T22:00:00+00:00,629.09,629.25,629.08,629.19,0
2025-10-31T23:00:00+00:00,629.19,629.2,629,629.09,0
2025-11-03T09:00:00+00:00,631.53,633.05,631.42,633.05,0
2025-11-03T10:00:00+00:00,633.04,633.22,632.47,632.88,0
2025-11-03T11:00:00+00:00,632.88,633.75,632.67,633.36,0
2025-11-03T12:00:00+00:00,633.38,633.83,633.1,633.19,0
2025-11-03T13:00:00+00:00,633.17,633.83,629.07,632.89,0
2025-11-03T14:30:00+00:00,635.1199951,635.8200073,630.289978,630.5299072,6480473
2025-11-03T15:30:00+00:00,630.5200195,632.1799927,629.8499756,630.6950073,3392251
2025-11-03T16:30:00+00:00,630.6900024,632.9199829,630.5050049,631.9000244,2752050
2025-11-03T17:30:00+00:00,631.9099731,633.3099976,631.875,632.8151245,1726904
2025-11-03T18:30:00+00:00,632.8300171,633.4199829,631.5599976,631.75,1796636
2025-11-03T19:30:00+00:00,631.7399902,632.4755859,631.0355835,631.8400269,1756720
2025-11-03T20:30:00+00:00,631.8599854,632.1199951,631.1884766,632.0900269,2086422
2025-11-03T21:00:00+00:00,631.9991,633.7,629.07,632.095,0
2025-11-03T22:00:00+00:00,632.105,632.45,631.74,631.85,0
2025-11-03T23:00:00+00:00,631.79,631.83,630.995,631.08,0
2025-11-04T09:00:00+00:00,623.83,624.44,622.83,622.98,0
2025-11-04T10:00:00+00:00,623.09,623.57,620.97,622.66,0
2025-11-04T11:00:00+00:00,622.62,624,622.6,623.9,0
2025-11-04T12:00:00+00:00,623.91,624.5,622.92,624.29,0
2025-11-04T13:00:00+00:00,624.33,632.08,620.97,622.601,0
2025-11-04T14:00:00+00:00,622.6,632.08,621.9,623.3,0
2025-11-04T14:30:00+00:00,623.2800293,626.9500122,621.3687134,626.2299805,10214445
2025-11-04T15:30:00+00:00,626.2199707,626.8499756,623.1900024,623.9780273,4096303
2025-11-04T16:30:00+00:00,623.9899902,624.5800171,620.8898926,622.539917,4001783
2025-11-04T17:30:00+00:00,622.5349731,622.9500122,620.1500244,620.4827271,3318011
2025-11-04T18:30:00+00:00,620.4799805,621.9699707,619.9099731,621.2999878,3576445
2025-11-04T19:30:00+00:00,621.2600098,621.4199829,619.2399902,620.2999878,3717719
2025-11-04T20:30:00+00:00,620.3200073,620.8300171,618.4550171,619.2199707,6118589
2025-11-04T21:00:00+00:00,619.24,632.08,617.91,619.21,0
2025-11-04T22:00:00+00:00,619.14,619.4,618.12,618.172,0
2025-11-04T23:00:00+00:00,618.24,619.031,617.42,617.439,0
2025-11-05T09:00:00+00:00,617.9,618.73,617.53,617.84,0
2025-11-05T10:00:00+00:00,617.85,618.41,617.05,617.41,0
2025-11-05T11:00:00+00:00,617.28,617.41,615.2,616.34,0
2025-11-05T12:00:00+00:00,616.22,618.03,615.94,617.65,0
2025-11-05T13:00:00+00:00,617.62,619.25,615.24,619,0
2025-11-05T14:00:00+00:00,618.9882,634.97,618.2,618.535,0
2025-11-05T14:30:00+00:00,618.4899902,622.7399902,617.210022,622.039978,9119729
2025-11-05T15:30:00+00:00,622.039978,623.460022,621.3499146,623.3499756,3886544
2025-11-05T16:30:00+00:00,623.3499756,624.6400146,623,624.4500122,2446493
2025-11-05T17:30:00+00:00,624.4500122,625.5449829,624.3599854,625.4299927,1648444
2025-11-05T18:30:00+00:00,625.4199829,626.4799805,625.289978,626.0100098,2091280
2025-11-05T19:30:00+00:00,626.0050049,626.5999756,625.4099731,625.5447998,2224034
2025-11-05T20:30:00+00:00,625.5449829,625.5449829,623.0599976,623.3900146,3903151
2025-11-05T21:00:00+00:00,623.29,624.0656,619.25,622.9358,0
2025-11-05T22:00:00+00:00,622.91,623.3803,607.4732,623.28,0
2025-11-05T23:00:00+00:00,623.36,624.1,622.4,624.0601,0
2025-11-06T09:00:00+00:00,621.76,623.42,621.73,623.32,0
2025-11-06T10:00:00+00:00,623.31,624.19,622.82,624.15,0
2025-11-06T11:00:00+00:00,624.13,624.34,623.5,624.1,0
2025-11-06T12:00:00+00:00,624.14,624.6,623.61,624.19,0
2025-11-06T13:00:00+00:00,624.21,631.315,620.8,625.1798,0
2025-11-06T14:00:00+00:00,625.165,625.37,618.485,621.8,0
2025-11-06T14:30:00+00:00,621.7999878,622.039978,615.2999878,617.7199707,10641855
2025-11-06T15:30:00+00:00,617.7299805,617.9099731,612.210022,613.5700073,7707667
2025-11-06T16:30:00+00:00,613.539978,613.539978,610.3099976,611.4500122,6137753
2025-11-06T17:30:00+00:00,611.4199829,614.1500244,610.9899902,613.3449707,5490458
2025-11-06T18:30:00+00:00,613.3400269,616.0949707,612.9699707,615.9500732,4391199
2025-11-06T19:30:00+00:00,615.9500122,616.1300049,613.9699707,614.0599976,3173757
2025-11-06T20:30:00+00:00,614.0700073,614.4799805,610.9500122,611.7000122,4897681
2025-11-06T21:00:00+00:00,611.7,623.28,611.33,613.02,0
2025-11-06T22:00:00+00:00,613,613.1,611.67,612.78,0
2025-11-06T23:00:00+00:00,612.7,613.5897,612.09,613.1388,0
2025-11-07T09:00:00+00:00,613.24,613.68,612.32,612.43,0
2025-11-07T10:00:00+00:00,612.4,612.6,610.27,611.02,0
2025-11-07T11:00:00+00:00,611.06,611.65,608.18,608.72,0
2025-11-07T12:00:00+00:00,608.73,610.46,607.81,609.65,0
2025-11-07T13:00:00+00:00,609.6,614.28,607.27,607.63,0
2025-11-07T14:00:00+00:00,607.63,618.87,607.31,608.34,0
2025-11-07T14:30:00+00:00,608.3200073,608.3200073,602.8599854,604.9500122,11633298
2025-11-07T15:30:00+00:00,604.9299927,605.2355957,600.164978,600.75,6991286
2025-11-07T16:30:00+00:00,600.7299805,602.4099731,598.6699829,601.6599731,6020547
2025-11-07T17:30:00+00:00,601.6049805,603.8549805,599.8599854,603.7800293,4893957
2025-11-07T18:30:00+00:00,603.7999878,604.8800049,602.2700195,604.6099854,4466216
2025-11-07T19:30:00+00:00,604.5900269,608.8099976,604.5900269,607.0800171,7100335
2025-11-07T20:30:00+00:00,607.0949707,609.9400024,607.0700073,609.7600098,4901656
2025-11-07T21:00:00+00:00,609.75,611.67,603.9163,611.21,0
2025-11-07T22:00:00+00:00,611.2,611.32,609.74,611.09,0
2025-11-07T23:00:00+00:00,611.16,622.475,611.16,611.84,0
2025-11-10T09:00:00+00:00,618.74,619.62,618.47,618.99,0
2025-11-10T10:00:00+00:00,619.01,619.48,618.79,618.96,0
2025-11-10T11:00:00+00:00,618.93,619.41,618.24,618.37,0
2025-11-10T12:00:00+00:00,618.24,619.25,618.2,618.43,0
2025-11-10T13:00:00+00:00,618.46,619.61,609.74,619.18,0
2025-11-10T14:00:00+00:00,619.17,622.375,609.74,622.375,0
2025-11-10T14:30:00+00:00,618.8900146,622.039978,618.6099854,621.4650269,8454383
2025-11-10T15:30:00+00:00,621.4799805,621.9799805,617.3699951,617.6101074,5558495
2025-11-10T16:30:00+00:00,617.6099854,619.8699951,616.8950195,619.2407227,3266029
2025-11-10T17:30:00+00:00,619.2800293,621.8099976,619.2800293,621.1920166,3302984
2025-11-10T18:30:00+00:00,621.2399902,622.7600098,621.2199707,622.5200195,2305887
2025-11-10T19:30:00+00:00,622.5200195,623.5499878,622.289978,623.085022,3276998
2025-11-10T20:30:00+00:00,623.0800171,624.289978,622.8099976,623.1900024,3751161
2025-11-10T21:00:00+00:00,623.185,623.97,609.74,623.37,0
2025-11-10T22:00:00+00:00,623.31,623.74,623.23,623.6,0
2025-11-10T23:00:00+00:00,623.59,623.97,622.965,623.9,0
2025-11-11T09:00:00+00:00,621.43,621.7,621.07,621.24,0
2025-11-11T10:00:00+00:00,621.34,621.42,620.36,621.12,0
2025-11-11T11:00:00+00:00,621.21,621.47,620.71,621.19,0
2025-11-11T12:00:00+00:00,621.01,621.4,620.69,620.96,0
2025-11-11T13:00:00+00:00,620.95,623.697,619.81,620.03,0
2025-11-11T14:00:00+00:00,620,623.23,620,620.61,0
2025-11-11T14:30:00+00:00,620.5700073,621.5700073,618.8200073,619.1199951,6875393
2025-11-11T15:30:00+00:00,619.1400146,620.2299805,617.6900024,618.3099976,4090251
2025-11-11T16:30:00+00:00,618.3300171,620.3499756,617.5200195,619.5524902,3761211
2025-11-11T17:30:00+00:00,619.5800171,622.1599731,619.5098877,621.4498901,2864351
2025-11-11T18:30:00+00:00,621.4500122,622.7199707,620.6069946,621.9299927,3083055
2025-11-11T19:30:00+00:00,621.9450073,622.3897095,621.5200195,621.8400269,2056277
2025-11-11T20:30:00+00:00,621.8400269,622.5999756,620.8903198,621.5130005,3132995
2025-11-11T21:00:00+00:00,621.54,623.23,580.7,621.85,0
2025-11-11T22:00:00+00:00,621.895,622.26,621.57,622.09,0
2025-11-11T23:00:00+00:00,622.09,622.16,621.16,621.67,0
2025-11-12T09:00:00+00:00,625.14,625.5,624.67,625.27,0
2025-11-12T10:00:00+00:00,625.18,626.05,625.18,625.43,0
2025-11-12T11:00:00+00:00,625.48,625.52,624.1,624.1,0
2025-11-12T12:00:00+00:00,624,625.22,623.5,625.22,0
2025-11-12T13:00:00+00:00,625.18,626.02,621.104,625.17,0
2025-11-12T14:00:00+00:00,625.13,625.57,621.57,624.84,0
2025-11-12T14:30:00+00:00,624.8400269,624.8400269,619.5999756,620.8099976,7565016
2025-11-12T15:30:00+00:00,620.8200073,621.0200195,617.9799805,620.031311,4669341
2025-11-12T16:30:00+00:00,620.0300293,620.6599731,617.8099976,619.4299927,3217817
2025-11-12T17:30:00+00:00,619.4099731,621.1799927,619.3120117,620.7449951,2854769
2025-11-12T18:30:00+00:00,620.7301025,621.4050293,619.7199707,620.0200195,16949758
2025-11-12T19:30:00+00:00,620.0300293,620.6099854,619.1599731,620.539978,0
2025-11-12T20:30:00+00:00,620.5499878,621.7000122,620.289978,621.0800171,2577000
2025-11-12T21:00:00+00:00,621.08,621.77,620.5358,621.08,0
2025-11-12T22:00:00+00:00,621.2,621.44,620.965,620.9975,0
2025-11-12T23:00:00+00:00,621,621.24,618.17,618.9964,0
2025-11-13T09:00:00+00:00,622.67,622.67,619.5,619.52,0
2025-11-13T10:00:00+00:00,619.63,620.8,618.9,620.61,0
2025-11-13T11:00:00+00:00,620.62,621.25,619.87,619.92,0
2025-11-13T12:00:00+00:00,620.19,620.41,619.4,619.96,0
2025-11-13T13:00:00+00:00,619.94,623.48,618.88,619.83,0
2025-11-13T14:00:00+00:00,619.8988,621.08,616.56,617.55,0
2025-11-13T14:30:00+00:00,617.5650024,618.1199951,612.8400269,615.3099976,8429287
2025-11-13T15:30:00+00:00,615.3200073,615.3499756,610.4400024,611.4699707,6470373
2025-11-13T16:30:00+00:00,611.4000244,612.4099731,609.6799927,611.6699829,5833502
2025-11-13T17:30:00+00:00,611.6300049,612.1799927,607.5100098,607.8099976,4564345
2025-11-13T18:30:00+00:00,607.7999878,609.0700073,606.3200073,608.9799805,4978322
2025-11-13T19:30:00+00:00,608.9799805,609.25,606.0855103,607.789978,5117474
2025-11-13T20:30:00+00:00,607.7999878,609.5300293,606.8300171,608.2910156,5699092
2025-11-13T21:00:00+00:00,608.4,621.08,566.518,608.07,0
2025-11-13T22:00:00+00:00,608.01,608.4,607.91,608.1008,0
2025-11-13T23:00:00+00:00,608.15,609.62,608.15,608.605,0
2025-11-14T09:00:00+00:00,605.86,607.13,605.62,605.62,0
2025-11-14T10:00:00+00:00,605.62,605.87,604.5,605.58,0
2025-11-14T11:00:00+00:00,605.7,606.04,601.84,602.45,0
2025-11-14T12:00:00+00:00,602.38,602.55,599.77,600.779,0
2025-11-14T13:00:00+00:00,600.63,608.93,598.21,599.17,0
2025-11-14T14:00:00+00:00,599.14,621.57,597.96,599.48,0
2025-11-14T14:30:00+00:00,599.5499878,606.9299927,597.1699829,606.4799805,15481766
2025-11-14T15:30:00+00:00,606.5200195,612.7399902,605.7199707,612.0800171,7650116
2025-11-14T16:30:00+00:00,612.1199951,613.3499756,610.5499878,612.6300049,5190762
2025-11-14T17:30:00+00:00,612.6300049,613.1300049,609.1900024,610.2700195,4576313
2025-11-14T18:30:00+00:00,610.2299805,611.6049805,608.3800049,611.1749878,3720209
2025-11-14T19:30:00+00:00,611.1699829,612.3400269,609.25,609.6920166,3693531
2025-11-14T20:30:00+00:00,609.6699829,610.210022,607.9799805,608.8099976,4730003
2025-11-14T21:00:00+00:00,608.71,610.18,608.14,609.8,0
2025-11-14T22:00:00+00:00,609.82,611.48,608.86,610.33,0
2025-11-14T23:00:00+00:00,610.33,610.85,610.14,610.74,0
2025-11-17T09:00:00+00:00,615,615.07,613.64,613.93,0
2025-11-17T10:00:00+00:00,613.88,614.13,611.73,611.75,0
2025-11-17T11:00:00+00:00,611.87,612.35,610.52,611.62,0
2025-11-17T12:00:00+00:00,611.42,612.25,609.81,610,0
2025-11-17T13:00:00+00:00,609.93,615.06,607.7,608.7,0
2025-11-17T14:00:00+00:00,608.66,609.085,606.1,606.29,0
2025-11-17T14:30:00+00:00,606.2800293,612.4799805,605.2399902,609.6799927,8810686
2025-11-17T15:30:00+00:00,609.6500244,610.1099854,605.039978,608.0460205,5666970
2025-11-17T16:30:00+00:00,608.0599976,611.1699829,607.9299927,609.9500122,4154416
2025-11-17T17:30:00+00:00,609.960022,610.3099976,605.2600098,605.9400024,4009176
2025-11-17T18:30:00+00:00,605.8800049,607.5900269,602.1115112,603.1300049,4343930
2025-11-17T19:30:00+00:00,603.1300049,603.5549927,599.8699951,601.2399902,5201960
2025-11-17T20:30:00+00:00,601.2299805,603.7299805,600.5599976,603.6400146,4915795
2025-11-17T21:00:00+00:00,603.67,608.86,603.41,604.02,0
2025-11-17T22:00:00+00:00,604,604.1,603.57,603.615,0
2025-11-17T23:00:00+00:00,603.7,605.185,603.509,604.36,0
2025-11-18T09:00:00+00:00,601.78,602.94,601.1,601.64,0
2025-11-18T10:00:00+00:00,601.56,602.71,600.8,601.58,0
2025-11-18T11:00:00+00:00,601.64,602.45,601.11,601.59,0
2025-11-18T12:00:00+00:00,601.53,601.64,599.24,599.7,0
2025-11-18T13:00:00+00:00,599.7,604.112,596.9,599.53,0
2025-11-18T14:00:00+00:00,599.53,603.66,599.05,599.58,0
2025-11-18T14:30:00+00:00,599.6199951,602.3099976,592.5900269,595.3599854,17039896
2025-11-18T15:30:00+00:00,595.3800049,598.3250732,591.3400269,597.8699951,9815577
2025-11-18T16:30:00+00:00,597.8699951,599.0499878,594.9630127,595.1292114,5942777
2025-11-18T17:30:00+00:00,595.0800171,601.3499756,594.0999756,599.7999268,5448234
2025-11-18T18:30:00+00:00,599.7999878,601.6300049,598.9500122,599.4000244,3967332
2025-11-18T19:30:00+00:00,599.4299927,601.789978,597.8400269,598.9899902,4251791
2025-11-18T20:30:00+00:00,598.9500122,599.3499756,596.2000122,596.3099976,3956813
2025-11-18T21:00:00+00:00,596.35,603.66,554.4558,595.08,0
2025-11-18T22:00:00+00:00,595.04,596.37,554.4558,595.3,0
2025-11-18T23:00:00+00:00,595.36,597.35,595.32,596.46,0
2025-11-19T09:00:00+00:00,596.54,597.68,596.09,597.56,0
2025-11-19T10:00:00+00:00,597.49,599.35,597.2,599.17,0
2025-11-19T11:00:00+00:00,599.17,600,598.5,599.4,0
2025-11-19T12:00:00+00:00,599.37,599.89,598.6,599.23,0
2025-11-19T13:00:00+00:00,599.26,599.8792,593.16,598.86,0
2025-11-19T14:00:00+00:00,598.9191,604.565,592.095,597.04,0
2025-11-19T14:30:00+00:00,597.0700073,606.1599731,596.1500244,605.3599243,10301103
2025-11-19T15:30:00+00:00,605.3599854,605.7199707,598.2700195,599.4000244,7886741
2025-11-19T16:30:00+00:00,599.4099731,599.8099976,596.3499756,597.5700073,5219288
2025-11-19T17:30:00+00:00,597.5300293,598.9050293,594.5900269,596.75,4352911
2025-11-19T18:30:00+00:00,596.75,599.6099854,596.2600098,596.6400146,4272993
2025-11-19T19:30:00+00:00,596.6400146,601.7399902,596.0999756,600.9099731,4352247
2025-11-19T20:30:00+00:00,600.9349976,602.3399048,598.9000854,599.8099976,3406006
2025-11-19T21:00:00+00:00,599.8,605.87,596.31,605.56,0
2025-11-19T22:00:00+00:00,605.57,606.9,599.87,605.305,0
2025-11-19T23:00:00+00:00,605.47,609.0698,605.26,609.02,0
2025-11-20T09:00:00+00:00,609.84,610.05,608.37,608.37,0
2025-11-20T10:00:00+00:00,608.37,608.74,607.13,608.37,0
2025-11-20T11:00:00+00:00,608.4,609.58,607.71,608.15,0
2025-11-20T12:00:00+00:00,608.2,609.6,608.04,608.74,0
2025-11-20T13:00:00+00:00,608.81,611.53,599.87,610,0
2025-11-20T14:00:00+00:00,610,612.91,595.865,611.57,0
2025-11-20T14:30:00+00:00,611.6300049,613.789978,610.1099854,612.7800293,12745830
2025-11-20T15:30:00+00:00,612.7800293,614.0200195,603.8400269,604.289978,10359188
2025-11-20T16:30:00+00:00,604.2999878,604.8300171,590.9299927,593.2299805,14721991
2025-11-20T17:30:00+00:00,593.1900024,596.8900757,589.8300171,594.4899902,12723650
2025-11-20T18:30:00+00:00,594.460022,595.0300293,587.3400269,590.7800293,7908997
2025-11-20T19:30:00+00:00,590.7399902,592.0999756,588.2199707,589.4299927,6467009
2025-11-20T20:30:00+00:00,589.4400024,589.9000244,584.75,585.5599976,5471749
2025-11-20T21:00:00+00:00,585.69,599.87,584.13,584.21,0
2025-11-20T22:00:00+00:00,584.225,585.67,583.4,584.15,0
2025-11-20T23:00:00+00:00,584.28,586.3599,582.8,585.645,0
2025-11-21T09:00:00+00:00,587.53,587.82,585.18,585.76,0
2025-11-21T10:00:00+00:00,585.85,586.07,580.25,580.36,0
2025-11-21T11:00:00+00:00,580.57,586.25,580.57,584.57,0
2025-11-21T12:00:00+00:00,584.7,585.1,581.4,581.71,0
2025-11-21T13:00:00+00:00,581.75,589.63,580.29,587.29,0
2025-11-21T14:00:00+00:00,587.34,589.31,585.67,587.5,0
2025-11-21T14:30:00+00:00,587.5100098,589.7700195,583.1699829,583.5999756,30078084
2025-11-21T15:30:00+00:00,583.6099854,586.8449707,580.7399902,586.7800293,0
2025-11-21T16:30:00+00:00,586.7700195,592.0549927,585.9400024,591.2399902,9403428
2025-11-21T17:30:00+00:00,591.2299805,592.6099854,587.4699707,588.9400024,4533199
2025-11-21T18:30:00+00:00,588.9400024,596.9799805,588.5599976,596.5800171,6441753
2025-11-21T19:30:00+00:00,596.5900269,596.9000244,591.9500122,591.960022,4654642
2025-11-21T20:30:00+00:00,591.9299927,593.5250244,589.4400024,590.1500244,5481306
2025-11-21T21:00:00+00:00,590.13,591.2,585.67,590.9694,0
2025-11-21T22:00:00+00:00,590.96,591.1,551.1932,590.8495,0
2025-11-21T23:00:00+00:00,590.8484,591.4,590.53,591.32,0
2025-11-24T09:00:00+00:00,596,596.24,591.57,591.61,0
2025-11-24T10:00:00+00:00,591.55,593.4,591.5,592.27,0
2025-11-24T11:00:00+00:00,592.23,592.92,591.4,592.55,0
2025-11-24T12:00:00+00:00,592.79,594.5,592.19,594.23,0
2025-11-24T13:00:00+00:00,594.33,596.2,590.07,595.99,0
2025-11-24T14:00:00+00:00,595.96,596.48,590.07,595.25,0
2025-11-24T14:30:00+00:00,595.2399902,601.2600098,595.1599731,600.5200195,9893110
2025-11-24T15:30:00+00:00,600.4949951,603.9592896,599.8200073,603.5499878,5057162
2025-11-24T16:30:00+00:00,603.5200195,604.210022,602.6799927,604.0200195,3419792
2025-11-24T17:30:00+00:00,604.0100098,605.6998901,603.960022,605.1599731,3171111
2025-11-24T18:30:00+00:00,605.1500244,605.8900146,604.7399902,605.2050171,2565005
2025-11-24T19:30:00+00:00,605.2299805,605.9099731,604.2399902,605.2999878,3461712
2025-11-24T20:30:00+00:00,605.2700195,606.6799927,605.0599976,605.289978,4685378
2025-11-24T21:00:00+00:00,605.28,606.2692,590.07,606,0
2025-11-24T22:00:00+00:00,605.95,606.79,605.16,606.5657,0
2025-11-24T23:00:00+00:00,606.41,606.58,605.16,605.9594,0
2025-11-25T09:00:00+00:00,603.66,604.49,602.79,602.81,0
2025-11-25T10:00:00+00:00,602.79,603.92,602.65,603.61,0
2025-11-25T11:00:00+00:00,603.57,604.49,603,603.71,0
2025-11-25T12:00:00+00:00,603.72,605.37,603.2,605.36,0
2025-11-25T13:00:00+00:00,605.28,606.37,602.71,605.455,0
2025-11-25T14:00:00+00:00,605.4,605.9,603.15,603.55,0
2025-11-25T14:30:00+00:00,603.4949951,604,597.3300171,601.6605835,11701031
2025-11-25T15:30:00+00:00,601.6400146,604.0999756,601.210083,603.4199829,5025624
2025-11-25T16:30:00+00:00,603.4099731,607.3699951,603.0999756,606.75,3902458
2025-11-25T17:30:00+00:00,606.7399902,608.4199829,606.3800049,607.5150146,3526600
2025-11-25T18:30:00+00:00,607.5250244,608.1699829,605.8699951,606.5200806,2394186
2025-11-25T19:30:00+00:00,606.5599976,608.25,605.4699707,608.125,3140367
2025-11-25T20:30:00+00:00,608.1400146,610.2600708,608.1087036,608.9000244,3798258
2025-11-25T21:00:00+00:00,608.89,609.35,605.16,608.5796,0
2025-11-25T22:00:00+00:00,608.65,609,608.42,608.89,0
2025-11-25T23:00:00+00:00,608.84,609.22,608.53,609.05,0
2025-11-26T09:00:00+00:00,611.23,611.35,610.49,610.59,0
2025-11-26T10:00:00+00:00,610.71,611.68,610.5,611.31,0
2025-11-26T11:00:00+00:00,611.3,612.34,611.02,612.02,0
2025-11-26T12:00:00+00:00,612.07,612.16,610.039,610.55,0
2025-11-26T13:00:00+00:00,610.45,612.83,608.434,611.9,0
2025-11-26T14:00:00+00:00,611.8761,612.69,608.89,612.51,0
2025-11-26T14:30:00+00:00,612.5,613.8966064,610.4000244,611.7199707,6599431
2025-11-26T15:30:00+00:00,611.8200073,615.3098145,611.7800293,614.9301147,3602827
2025-11-26T16:30:00+00:00,615.0100098,616.1900024,614.5910034,615.3049927,2803753
2025-11-26T17:30:00+00:00,615.3099976,616.0599976,613.9500122,615.5200195,2675642
2025-11-26T18:30:00+00:00,615.5250244,615.5499878,614.0499878,615.4699707,1846827
2025-11-26T19:30:00+00:00,615.4799805,615.8499756,614.5900269,615.5100708,2088816
2025-11-26T20:30:00+00:00,615.5100098,615.6300049,614.2700195,614.3099976,3129325
2025-11-26T21:00:00+00:00,614.31,615.1401,608.89,614.81,0
2025-11-26T22:00:00+00:00,614.84,615,614.27,614.961,0
2025-11-26T23:00:00+00:00,614.83,615.28,614.75,614.9701,0
2025-11-28T09:00:00+00:00,616.73,617.03,616.21,616.73,0
2025-11-28T10:00:00+00:00,616.73,617.13,616.7,616.99,0
2025-11-28T11:00:00+00:00,616.96,617.1,616.82,616.9,0
2025-11-28T12:00:00+00:00,616.9,617.56,616.68,617.5,0
2025-11-28T13:00:00+00:00,617.53,617.5799,613.81,616.5,0
2025-11-28T14:00:00+00:00,616.54,616.93,614.27,616.125,0
2025-11-28T14:30:00+00:00,616.1099854,617.5800171,615.4174194,616.3099976,4418452
2025-11-28T15:30:00+00:00,616.3099976,617.9400024,616.085022,616.7800293,2616470
2025-11-28T16:30:00+00:00,616.7800293,618,616.4199829,617.5200195,2822927
2025-11-28T18:00:00+00:00,617.5200195,619.4899902,614.2700195,619.0064087,0
2025-11-28T19:00:00+00:00,619.06,619.27,618.761,619.06,0
2025-11-28T20:00:00+00:00,619,619.52,618.99,619.06,0
2025-11-28T21:00:00+00:00,619.06,619.25,618.8,619.11,0
2025-12-01T09:00:00+00:00,614.7,615.69,614.7,615.16,0
2025-12-01T10:00:00+00:00,615.13,615.28,614.06,615.04,0
2025-12-01T11:00:00+00:00,615.02,615.46,614.43,614.78,0
2025-12-01T12:00:00+00:00,614.75,614.87,613.4,613.55,0
2025-12-01T13:00:00+00:00,613.61,619.25,612.19,613.44,0
2025-12-01T14:00:00+00:00,613.4493,619.25,613.16,613.615,0
2025-12-01T14:30:00+00:00,613.6300049,616.8513184,612.5200195,615.289978,8081344
2025-12-01T15:30:00+00:00,615.3099976,617.6087036,613.9487305,616.6799927,3615659
2025-12-01T16:30:00+00:00,616.6799927,618.75,616.6599731,618.4232788,2339406
2025-12-01T17:30:00+00:00,618.4199829,619.4401245,618.1300049,618.6499023,1758817
2025-12-01T18:30:00+00:00,618.6900024,619.3599854,616.9197998,617.0200195,2207952
2025-12-01T19:30:00+00:00,617.0300293,617.5,616.0620117,617.1480713,2555938
2025-12-01T20:30:00+00:00,617.1699829,617.6599731,616.2999878,617.1900024,3179447
2025-12-01T21:00:00+00:00,617.13,619.25,616.77,617.14,0
2025-12-01T22:00:00+00:00,617.105,617.43,617.09,617.37,0
2025-12-01T23:00:00+00:00,617.43,617.6748,616.67,617.12,0
2025-12-02T09:00:00+00:00,617.75,618.44,617.72,618.3,0
2025-12-02T10:00:00+00:00,618.27,618.61,617.84,618.55,0
2025-12-02T11:00:00+00:00,618.6,619.68,618.54,619.68,0
2025-12-02T12:00:00+00:00,619.6,619.82,618.78,619.33,0
2025-12-02T13:00:00+00:00,619.25,619.83,615.5112,619.51,0
2025-12-02T14:00:00+00:00,619.555,620.18,617.17,619.42,0
2025-12-02T14:30:00+00:00,619.460022,623.3400269,618.9799805,621.3963013,8607562
2025-12-02T15:30:00+00:00,621.3900146,623.75,618.2700195,618.6799927,7217260
2025-12-02T16:30:00+00:00,618.6599731,622.4050293,617.5900269,622.1900024,5005602
2025-12-02T17:30:00+00:00,622.1900024,622.6199951,619.5750122,621.1799927,3319331
2025-12-02T18:30:00+00:00,621.1300049,622.3200073,620.3800049,621.7199707,2966698
2025-12-02T19:30:00+00:00,621.710022,623.1099854,621.5700073,622.8850098,2944037
2025-12-02T20:30:00+00:00,622.8850098,623.2199707,621.8599854,622.0700073,3555307
2025-12-02T21:00:00+00:00,622.04,622.21,617.17,622.19,0
2025-12-02T22:00:00+00:00,622.13,622.5,622,622.44,0
2025-12-02T23:00:00+00:00,622.5,622.85,622.35,622.6587,0
2025-12-03T09:00:00+00:00,623.6,623.6,622.57,622.66,0
2025-12-03T10:00:00+00:00,622.6,623.39,622.51,623.27,0
2025-12-03T11:00:00+00:00,623.25,623.25,622.33,623.12,0
2025-12-03T12:00:00+00:00,623.1,623.45,622.54,623.299,0
2025-12-03T13:00:00+00:00,623.36,624.0205,622,623.65,0
2025-12-03T14:00:00+00:00,623.63,623.82,617.8,619.63,0
2025-12-03T14:30:00+00:00,619.5999756,621.5300293,618.039978,620.4099731,7806591
2025-12-03T15:30:00+00:00,620.3900146,622.2800293,619.75,621.3400269,5507276
2025-12-03T16:30:00+00:00,621.3599854,622.9199829,620.4699707,622.6300049,4071067
2025-12-03T17:30:00+00:00,622.6300049,623.0800171,622.1099854,622.8099976,2242634
2025-12-03T18:30:00+00:00,622.8300171,623.539978,622.710022,623.3499756,2412204
2025-12-03T19:30:00+00:00,623.3400269,624.2199707,623.1599731,624.1528931,2602920
2025-12-03T20:30:00+00:00,624.1400146,624.1599731,623.1500244,623.5300293,3097795
2025-12-03T21:00:00+00:00,623.53,623.58,623,623.21,0
2025-12-03T22:00:00+00:00,623.23,623.52,607.4732,623.12,0
2025-12-03T23:00:00+00:00,623.22,623.52,623,623.2987,0
2025-12-04T09:00:00+00:00,623.09,623.45,622.58,623.29,0
2025-12-04T10:00:00+00:00,623.37,624.4,623.35,624.16,0
2025-12-04T11:00:00+00:00,624.05,624.05,622.92,623.19,0
2025-12-04T12:00:00+00:00,623.18,623.9,623.06,623.71,0
2025-12-04T13:00:00+00:00,623.75,624.45,622.4987,623.535,0
2025-12-04T14:00:00+00:00,623.7,625.43,622.65,624.8904,0
2025-12-04T14:30:00+00:00,624.7999878,624.7999878,620.3200073,622,8526009
2025-12-04T15:30:00+00:00,622.0200195,623.1900024,619.960022,621.8200073,4832741
2025-12-04T16:30:00+00:00,621.8099976,623.4699707,621.380188,622.2698975,3666928
2025-12-04T17:30:00+00:00,622.2700195,622.8800049,621.6300049,622.7650146,2581176
2025-12-04T18:30:00+00:00,622.7600098,623.0200195,619.539978,620.5941772,3524610
2025-12-04T19:30:00+00:00,620.5999756,622.4899902,620.4099731,621.3200073,3548969
2025-12-04T20:30:00+00:00,621.3397217,623,621.2700195,622.8599854,17297260
2025-12-04T21:00:00+00:00,622.88,623.52,622.63,622.9999,0
2025-12-04T22:00:00+00:00,622.9958,623,622.67,622.75,0
2025-12-04T23:00:00+00:00,622.78,623.34,622.435,622.691,0
2025-12-05T09:00:00+00:00,625.51,625.72,625.17,625.57,0
2025-12-05T10:00:00+00:00,625.59,625.68,625.06,625.51,0
2025-12-05T11:00:00+00:00,625.52,625.65,625.02,625.47,0
2025-12-05T12:00:00+00:00,625.3,625.67,624.65,625.08,0
2025-12-05T13:00:00+00:00,625.18,626.14,622.473,624.6,0
2025-12-05T14:00:00+00:00,624.53,624.61,621.99,624.37,0
2025-12-05T14:30:00+00:00,624.3699951,628.9199829,624.2399902,628.1799927,9146428
2025-12-05T15:30:00+00:00,628.1799927,628.7650146,624.5,624.8399048,6860244
2025-12-05T16:30:00+00:00,624.8400269,626.3599854,623.710022,624.7598877,4455632
2025-12-05T17:30:00+00:00,624.7700195,626.0200195,624.0200195,625.9500122,3301855
2025-12-05T18:30:00+00:00,625.9458008,626.2800293,625.0598755,625.4199829,2434676
2025-12-05T19:30:00+00:00,625.4299927,625.9400024,624.9500122,625.5,2268732
2025-12-05T20:30:00+00:00,625.4899902,625.835022,624.3200073,625.5300293,3116989
2025-12-05T21:00:00+00:00,625.48,625.92,622.94,625.74,0
2025-12-05T22:00:00+00:00,625.81,653.111,625.48,625.74,0
2025-12-05T23:00:00+00:00,625.7126,625.75,625.6112,625.645,0
2025-12-08T09:00:00+00:00,626.81,627.31,626.74,627.27,0
2025-12-08T10:00:00+00:00,627.26,627.33,626.5,627.11,0
2025-12-08T11:00:00+00:00,627.13,627.33,626.72,626.72,0
2025-12-08T12:00:00+00:00,626.79,627.18,626.56,627.08,0
2025-12-08T13:00:00+00:00,627.03,628.19,625.48,627.605,0
2025-12-08T14:00:00+00:00,627.63,627.97,625.48,627.22,0
2025-12-08T14:30:00+00:00,627.1500244,628.8400269,623.9400024,624.9899902,6766443
2025-12-08T15:30:00+00:00,624.9899902,625.5499878,623.210022,624.0700073,4527671
2025-12-08T16:30:00+00:00,624.0599976,624.25,622.3699951,622.9639893,9968387
2025-12-08T17:30:00+00:00,622.9650269,624.8699951,622.8381958,623.2700195,0
2025-12-08T18:30:00+00:00,623.2299805,623.539978,621.6900024,622.4857788,3187088
2025-12-08T19:30:00+00:00,622.4799805,623.0599976,622.0999756,622.8900146,2277512
2025-12-08T20:30:00+00:00,622.9000244,624.2700195,622.2800293,624.1799927,2619789
2025-12-08T21:00:00+00:00,624.21,625.48,622.9054,625.095,0
2025-12-08T22:00:00+00:00,625.07,625.2,624.28,625.12,0
2025-12-08T23:00:00+00:00,625.14,625.61,624.28,625.59,0
2025-12-09T09:00:00+00:00,624.8,624.83,624.04,624.21,0
2025-12-09T10:00:00+00:00,624.2,624.76,623.83,624.69,0
2025-12-09T11:00:00+00:00,624.7,624.82,622.68,624.24,0
2025-12-09T12:00:00+00:00,624.2,624.52,624,624.14,0
2025-12-09T13:00:00+00:00,624.18,625.272,622.86,623.82,0
2025-12-09T14:00:00+00:00,623.7899,624.28,622.3495,623.02,0
2025-12-09T14:30:00+00:00,624.2800293,624.2800293,621.6199951,623.9699707,9135070
2025-12-09T15:30:00+00:00,624,625.2600098,623.4799805,624.7700195,0
2025-12-09T16:30:00+00:00,624.7999878,625.8099976,624.2700195,625.2150269,2844181
2025-12-09T17:30:00+00:00,625.2150269,625.7800293,624.7800293,625.6500244,2061231
2025-12-09T18:30:00+00:00,625.6400146,625.8699951,624.8098755,625.2800293,2193478
2025-12-09T19:30:00+00:00,625.2800293,625.4199829,624.6300049,624.9799805,1972074
2025-12-09T20:30:00+00:00,624.960022,625.5499878,624.2800293,625.1099854,2468779
2025-12-09T21:00:00+00:00,625.12,625.14,624.28,624.475,0
2025-12-09T22:00:00+00:00,624.62,625.05,624.2,624.44,0
2025-12-09T23:00:00+00:00,624.46,624.74,624.29,624.37,0
2025-12-10T09:00:00+00:00,625.58,625.9,625.25,625.39,0
2025-12-10T10:00:00+00:00,625.5,625.9,623.5,623.5,0
2025-12-10T11:00:00+00:00,623.44,624.95,623.1,624.31,0
2025-12-10T12:00:00+00:00,624.26,624.45,623.49,623.86,0
2025-12-10T13:00:00+00:00,623.78,626.21,623.15,625.26,0
2025-12-10T14:00:00+00:00,625.27,625.52,623.6697,623.8005,0
2025-12-10T14:30:00+00:00,623.8400269,624.4400024,621.9199829,623.5599976,5445587
2025-12-10T15:30:00+00:00,623.5599976,623.9387817,620.9899902,623.8499756,4301634
2025-12-10T16:30:00+00:00,623.8200073,624.0897217,622.9400024,623.2800293,2296151
2025-12-10T17:30:00+00:00,623.25,624.6699829,622.6099854,622.8718872,1885058
2025-12-10T18:30:00+00:00,622.8599854,626.1099854,622.5900269,624.3400269,5300211
2025-12-10T19:30:00+00:00,624.3599854,629.2000122,623,628.4099731,8809027
2025-12-10T20:30:00+00:00,628.4199829,629.0599976,627.3549805,627.539978,22636148
2025-12-10T21:00:00+00:00,627.54,627.79,625.05,627.55,0
2025-12-10T22:00:00+00:00,627.53,627.62,626.39,626.68,0
2025-12-10T23:00:00+00:00,626.7,627.61,625.5273,625.8712,0
2025-12-11T09:00:00+00:00,621.16,622.64,621.04,622.44,0
2025-12-11T10:00:00+00:00,622.37,623.3,622.25,622.84,0
2025-12-11T11:00:00+00:00,622.94,623.08,622.57,622.89,0
2025-12-11T12:00:00+00:00,622.9,624.69,622.65,624.65,0
2025-12-11T13:00:00+00:00,624.63,628.08,619.71,624.57,0
2025-12-11T14:00:00+00:00,624.54,627.61,623.57,623.81,0
2025-12-11T14:30:00+00:00,623.8200073,623.9550171,617.7199707,622.7700195,10969207
2025-12-11T15:30:00+00:00,622.7700195,623.039978,619.3099976,619.5700073,6336198
2025-12-11T16:30:00+00:00,619.5700073,623.6801147,619.4899902,622.8900146,4863234
2025-12-11T17:30:00+00:00,622.8900146,623.9400024,622.3001709,623.3499756,2922460
2025-12-11T18:30:00+00:00,623.3400269,625.2700195,623.0800171,625.1799927,2908092
2025-12-11T19:30:00+00:00,625.1799927,625.7800293,624.6300049,624.7050171,2193183
2025-12-11T20:30:00+00:00,624.7000122,625.7199707,624.2600098,625.6199951,3095870
2025-12-11T21:00:00+00:00,625.61,629.15,625.44,628.55,0
2025-12-11T22:00:00+00:00,628.545,628.64,624,624.8,0
2025-12-11T23:00:00+00:00,625,625.94,624.0383,624.56,0
2025-12-12T09:00:00+00:00,624.52,624.7,622.84,622.84,0
2025-12-12T10:00:00+00:00,622.83,623.57,622.15,622.7,0
2025-12-12T11:00:00+00:00,622.7,622.87,622.2,622.35,0
2025-12-12T12:00:00+00:00,622.42,622.65,621.46,622.47,0
2025-12-12T13:00:00+00:00,622.44,626.049,621.4892,622.73,0
2025-12-12T14:00:00+00:00,622.761,625.58,622.01,622.05,0
2025-12-12T14:30:00+00:00,621.8690186,623.539978,616.1550293,616.2700195,11575455
2025-12-12T15:30:00+00:00,616.2600098,618.25,611.7399902,613.9400024,9521995
2025-12-12T16:30:00+00:00,613.930603,615.7800293,611.3599854,613.8900146,6817979
2025-12-12T17:30:00+00:00,613.8900146,617.4699707,613.1799927,616.7399902,4434091
2025-12-12T18:30:00+00:00,616.7199707,616.8300171,613.6900024,613.960022,3299065
2025-12-12T19:30:00+00:00,613.9799805,614.9199829,613.4500122,613.5800171,3400472
2025-12-12T20:30:00+00:00,613.5800171,613.8800049,612.0200195,613.5999756,6084891
2025-12-12T21:00:00+00:00,613.58,625.58,613.32,613.3867,0
2025-12-12T22:00:00+00:00,613.39,613.62,613.2987,613.3697,0
2025-12-12T23:00:00+00:00,613.38,613.44,612.85,612.8982,0
2025-12-15T09:00:00+00:00,615.38,616.34,615.22,616.32,0
2025-12-15T10:00:00+00:00,616.29,616.84,616.18,616.72,0
2025-12-15T11:00:00+00:00,616.69,617.02,616.39,616.9,0
2025-12-15T12:00:00+00:00,616.95,617.23,616.4,616.57,0
2025-12-15T13:00:00+00:00,616.58,617.27,613.16,617.03,0
2025-12-15T14:00:00+00:00,617.02,618.37,613.62,618.37,0
2025-12-15T14:30:00+00:00,617.75,618.1500244,609.3200073,610.1599731,9650459
2025-12-15T15:30:00+00:00,610.1400146,614.9000244,609.8200073,614.6199951,4555293
2025-12-15T16:30:00+00:00,614.6350098,614.7800293,611.3800049,612.0700073,3387389
2025-12-15T17:30:00+00:00,612.0999756,612.9799805,610.5100098,610.8499756,14652555
2025-12-15T18:30:00+00:00,610.8400269,612.8699951,610.4299927,611.75,0
2025-12-15T19:30:00+00:00,611.7399902,612.2299805,611.0200195,611.3499756,2188146
2025-12-15T20:30:00+00:00,611.3599854,611.5098877,610.4099731,610.4799805,2732630
2025-12-15T21:00:00+00:00,610.46,613.62,610.33,610.92,0
2025-12-15T22:00:00+00:00,610.8327,611,610.54,610.7,0
2025-12-15T23:00:00+00:00,610.77,611.41,609.39,609.84,0
2025-12-16T09:00:00+00:00,605.96,608.1,605.96,607.67,0
2025-12-16T10:00:00+00:00,607.67,608.3,606.63,608.22,0
2025-12-16T11:00:00+00:00,608.25,609.14,607.95,608.5,0
2025-12-16T12:00:00+00:00,608.56,610.27,608.27,610.01,0
2025-12-16T13:00:00+00:00,610.03,610.997,604.498,609.64,0
2025-12-16T14:00:00+00:00,609.71,611.83,608.0936,608.2903,0
2025-12-16T14:30:00+00:00,608.2739868,612.4799805,606.9699707,608.5,7763467
2025-12-16T15:30:00+00:00,608.4899902,610.9450073,607.3809814,608.2999878,4263980
2025-12-16T16:30:00+00:00,608.2999878,611.2000122,607.8800049,609.2800293,3399787
2025-12-16T17:30:00+00:00,609.2501221,610.4000244,606.9100952,607.644104,3013476
2025-12-16T18:30:00+00:00,607.6500244,611.1300049,607.5900269,609.5349731,3275726
2025-12-16T19:30:00+00:00,609.5300293,611.8699951,609.3400269,611.7999878,2870342
2025-12-16T20:30:00+00:00,611.789978,613.5100098,611.7565918,611.7999878,2987603
2025-12-16T21:00:00+00:00,611.82,613.04,610.28,610.59,0
2025-12-16T22:00:00+00:00,610.6881,611.75,610.5,610.9,0
2025-12-16T23:00:00+00:00,610.88,611.48,610,610.54,0
2025-12-17T09:00:00+00:00,612.78,613.55,612.59,613.29,0
2025-12-17T10:00:00+00:00,613.33,614.5,613.21,614.19,0
2025-12-17T11:00:00+00:00,614.28,614.88,614.05,614.36,0
2025-12-17T12:00:00+00:00,614.34,614.9,614.33,614.4,0
2025-12-17T13:00:00+00:00,614.38,615.1288,610,613.63,0
2025-12-17T14:00:00+00:00,613.55,614.75,611.75,613.06,0
2025-12-17T14:30:00+00:00,613.0900269,613.6500244,608.8900757,610.710022,8564983
2025-12-17T15:30:00+00:00,610.6699829,611.0297852,603.2700195,604.7399902,8475669
2025-12-17T16:30:00+00:00,604.7000122,604.9949951,602.7199707,604.1500244,5737522
2025-12-17T17:30:00+00:00,604.1500244,605.1500244,602.75,603.4099731,4047035
2025-12-17T18:30:00+00:00,603.414978,603.5650024,601.5700073,601.7700195,4131817
2025-12-17T19:30:00+00:00,601.75,602.8250122,601.2999878,602.039978,4396349
2025-12-17T20:30:00+00:00,602.0499878,602.4500122,600.2800293,600.3599854,4619597
2025-12-17T21:00:00+00:00,600.37,611.75,600.37,602.09,0
2025-12-17T22:00:00+00:00,602.14,602.85,600.41,602.8,0
2025-12-17T23:00:00+00:00,602.79,602.92,601.33,601.445,0
2025-12-18T09:00:00+00:00,604.46,604.67,603.94,604.38,0
2025-12-18T10:00:00+00:00,604.42,605.54,604.42,605.23,0
2025-12-18T11:00:00+00:00,605.21,605.61,604.93,605.33,0
2025-12-18T12:00:00+00:00,605.31,605.92,605.2,605.51,0
2025-12-18T13:00:00+00:00,605.5,605.99,600.41,605.65,0
2025-12-18T14:00:00+00:00,605.75,609.9,600.41,609.7989,0
2025-12-18T14:30:00+00:00,609.7600098,611.1599731,606.9199829,610.829895,13010791
2025-12-18T15:30:00+00:00,610.8200073,612.9299927,610.460022,611.539978,7042260
2025-12-18T16:30:00+00:00,611.5300293,612.9199829,607.5100098,608.5999756,7361216
2025-12-18T17:30:00+00:00,608.5900269,612.0549927,608.2700195,611.7399902,4171049
2025-12-18T18:30:00+00:00,611.75,612.7000122,609.210022,609.7800293,3869187
2025-12-18T19:30:00+00:00,609.7700195,610.6300049,607.7199707,610.4400024,4343318
2025-12-18T20:30:00+00:00,610.4400024,611.2730103,609.1400146,609.1500244,3535816
2025-12-18T21:00:00+00:00,609.15,611.17,600.41,608.26,0
2025-12-18T22:00:00+00:00,608.29,609.14,608.28,609.14,0
2025-12-18T23:00:00+00:00,609.04,609.25,608.17,609.23,0
2025-12-19T09:00:00+00:00,612.29,612.76,611.95,612.7,0
2025-12-19T10:00:00+00:00,612.65,612.81,611.92,612.43,0
2025-12-19T11:00:00+00:00,612.31,612.52,611,611.94,0
2025-12-19T12:00:00+00:00,611.9,612.12,610.93,611.37,0
2025-12-19T13:00:00+00:00,611.44,612.8092,609.11,610.8507,0
2025-12-19T14:00:00+00:00,610.84,612.47,609.11,612.13,0
2025-12-19T14:30:00+00:00,611.9500122,617.6199951,611.8850098,615.4000244,10056847
2025-12-19T15:30:00+00:00,615.4000244,616.6500244,614.2399902,616.2000122,8248943
2025-12-19T16:30:00+00:00,616.210022,617.0900269,615.0900269,616.960022,3834635
2025-12-19T17:30:00+00:00,616.9699707,617.5,616.5599976,616.9799805,2391214
2025-12-19T18:30:00+00:00,616.9899902,617.2399902,616.2800293,617.1300049,2510296
2025-12-19T19:30:00+00:00,617.1049805,617.3900146,616.8599854,617.2399902,2539119
2025-12-19T20:30:00+00:00,617.2199707,617.4799805,616.3499756,617.2399902,5195501
2025-12-19T21:00:00+00:00,617.24,618,609.11,617.57,0
2025-12-19T22:00:00+00:00,617.63,653.111,617.05,618.1,0
2025-12-19T23:00:00+00:00,618.075,618.49,618.05,618.42,0
2025-12-22T09:00:00+00:00,619.02,619.79,619.02,619.7,0
2025-12-22T10:00:00+00:00,619.66,619.99,619.58,619.74,0
2025-12-22T11:00:00+00:00,619.74,619.88,619.55,619.84,0
2025-12-22T12:00:00+00:00,619.8,620.18,619.39,620.14,0
2025-12-22T13:00:00+00:00,620.12,620.8,617.05,620.6,0
2025-12-22T14:00:00+00:00,620.6,621.45,616.2559,621.33,0
2025-12-22T14:30:00+00:00,621.3800049,621.6500244,618.7525024,619.1799927,6893887
2025-12-22T15:30:00+00:00,619.1900024,619.9400024,617.7700195,619.7399902,4410625
2025-12-22T16:30:00+00:00,619.7399902,619.9000244,619.210022,619.4299927,2360312
2025-12-22T17:30:00+00:00,619.4299927,620.0700073,618.8200073,619.1799927,2260596
2025-12-22T18:30:00+00:00,619.1799927,619.4400024,618.8623047,619.4000244,2229147
2025-12-22T19:30:00+00:00,619.3950195,619.710022,618.9299927,619.1300049,1878576
2025-12-22T20:30:00+00:00,619.1199951,619.4899902,618.960022,619.1500244,2568169
2025-12-22T21:00:00+00:00,619.16,619.59,617.05,619.4122,0
2025-12-22T22:00:00+00:00,619.44,619.71,619.21,619.56,0
2025-12-22T23:00:00+00:00,619.5,619.969,619.5,619.74,0
2025-12-23T09:00:00+00:00,619.32,619.96,619.3,619.95,0
2025-12-23T10:00:00+00:00,619.97,620.19,619.51,619.68,0
2025-12-23T11:00:00+00:00,619.64,619.75,619.2,619.46,0
2025-12-23T12:00:00+00:00,619.42,619.59,618.69,618.7,0
2025-12-23T13:00:00+00:00,618.71,620.1902,618.4595,618.8996,0
2025-12-23T14:00:00+00:00,618.92,619.21,617.35,618.2,0
2025-12-23T14:30:00+00:00,620,620.7150269,617.7800293,618.8988037,6382666
2025-12-23T15:30:00+00:00,618.8900146,620.75,618.8699951,620.5200195,2999901
2025-12-23T16:30:00+00:00,620.5200195,621.3300171,620.2399902,621.0700073,2523412
2025-12-23T17:30:00+00:00,621.0700073,621.4050293,620.6900024,621.1699829,2173834
2025-12-23T18:30:00+00:00,621.1799927,621.6699829,621.1099854,621.5499878,1710592
2025-12-23T19:30:00+00:00,621.5499878,622.0150146,621.4500122,621.8499756,1837126
2025-12-23T20:30:00+00:00,621.8400269,622.4000244,621.7600098,622.210022,2299848
2025-12-23T21:00:00+00:00,622.21,622.47,619.21,622.305,0
2025-12-23T22:00:00+00:00,622.3,622.3,622,622.065,0
2025-12-23T23:00:00+00:00,622.15,622.32,622,622.17,0
2025-12-24T09:00:00+00:00,621.87,622.24,621.7,622.16,0
2025-12-24T10:00:00+00:00,622.11,622.18,621.82,621.94,0
2025-12-24T11:00:00+00:00,621.94,622.12,621.86,621.89,0
2025-12-24T12:00:00+00:00,621.92,622.5,621.78,622.269,0
2025-12-24T13:00:00+00:00,622.27,622.576,621.5625,622.4,0
2025-12-24T14:00:00+00:00,622.37,622.8702,621.92,621.97,0
2025-12-24T14:30:00+00:00,622.25,623.0700073,621.7199707,622.4813232,3766900
2025-12-24T15:30:00+00:00,622.4812012,623.4299927,622.3200073,623.3599854,2009489
2025-12-24T16:30:00+00:00,623.3699951,624.0800171,623.289978,623.8699951,2024298
2025-12-24T18:00:00+00:00,623.8599854,624.2700195,622.1099854,623.1868896,0
2025-12-24T19:00:00+00:00,623.15,623.93,622.93,623.21,0
2025-12-24T20:00:00+00:00,623.248,623.93,623.05,623.225,0
2025-12-24T21:00:00+00:00,623.24,623.25,623,623.02,0
2025-12-26T09:00:00+00:00,623.06,623.98,623.06,623.75,0
2025-12-26T10:00:00+00:00,623.78,624.5,623.78,624.25,0
2025-12-26T11:00:00+00:00,624.29,624.43,624.2,624.25,0
2025-12-26T12:00:00+00:00,624.22,624.34,623.9,624.28,0
2025-12-26T13:00:00+00:00,624.3,624.73,623.3975,624.6,0
2025-12-26T14:00:00+00:00,624.55,625.23,623.93,624.68,0
2025-12-26T14:30:00+00:00,624.6799927,625.5150146,623.1400146,624.3400269,4414078
2025-12-26T15:30:00+00:00,624.3300171,624.9899902,623.7000122,624.2999878,2222671
2025-12-26T16:30:00+00:00,624.3099976,624.4949951,623.5100098,624.2399902,7617255
2025-12-26T17:30:00+00:00,624.2399902,624.2802734,623.6199951,623.9899902,0
2025-12-26T18:30:00+00:00,623.9899902,624.6699829,623.9699707,624.2600098,1178089
2025-12-26T19:30:00+00:00,624.2600098,624.5900269,623.9299927,624.0599976,1492855
2025-12-26T20:30:00+00:00,624.0599976,624.2150269,623.6699829,623.8400269,2441586
2025-12-26T21:00:00+00:00,623.86,624.05,623.58,623.6742,0
2025-12-26T22:00:00+00:00,623.605,623.89,623.5,623.53,0
2025-12-26T23:00:00+00:00,623.55,623.6965,623.455,623.64,0
2025-12-29T09:00:00+00:00,622.17,622.17,621,621.6,0
2025-12-29T10:00:00+00:00,621.48,621.59,620.75,621.32,0
2025-12-29T11:00:00+00:00,621.42,621.42,620.81,620.99,0
2025-12-29T12:00:00+00:00,621.03,621.79,621.03,621.56,0
2025-12-29T13:00:00+00:00,621.56,624.357,620.7595,621.1,0
2025-12-29T14:00:00+00:00,621.0714,623.89,618.92,620.17,0
2025-12-29T14:30:00+00:00,620.1099854,622.7750244,619.0300293,621.0300293,6221181
2025-12-29T15:30:00+00:00,621.0200195,621.6900024,619.3449707,620.0650024,2781947
2025-12-29T16:30:00+00:00,620.0300293,620.3800049,618.7299805,618.9760742,2045812
2025-12-29T17:30:00+00:00,618.9749756,620.210022,618.9000244,620.0200195,1697698
2025-12-29T18:30:00+00:00,620.0200195,620.6599731,619.5900269,620.2249756,1296367
2025-12-29T19:30:00+00:00,620.2199707,621.6950073,620.1799927,621.1099854,2120970
2025-12-29T20:30:00+00:00,621.1149902,621.3200073,620.6099854,620.8800049,1629283
2025-12-29T21:00:00+00:00,620.88,623.89,620.09,620.98,0
2025-12-29T22:00:00+00:00,621.01,621.01,620.75,620.805,0
2025-12-29T23:00:00+00:00,620.87,620.94,620.07,620.08,0
2025-12-30T09:00:00+00:00,620.91,621.22,620.74,621.22,0
2025-12-30T10:00:00+00:00,621.22,621.25,620.78,620.95,0
2025-12-30T11:00:00+00:00,620.94,621.03,620.13,620.21,0
2025-12-30T12:00:00+00:00,620.27,621,620.23,620.73,0
2025-12-30T13:00:00+00:00,620.7,621.26,619.67,620.8391,0
2025-12-30T14:00:00+00:00,620.8001,620.87,619.75,619.83,0
2025-12-30T14:30:00+00:00,620.3599854,621.75,619.3800049,619.960022,4445964
2025-12-30T15:30:00+00:00,619.9400024,622.1699829,619.5800171,621.710022,2708925
2025-12-30T16:30:00+00:00,621.710022,621.7700195,620.0100098,620.539978,2218429
2025-12-30T17:30:00+00:00,620.539978,620.9199829,620.1900024,620.8699951,1739264
2025-12-30T18:30:00+00:00,620.8699951,621.0300293,620.3300171,620.8150024,1549942
2025-12-30T19:30:00+00:00,620.8200073,620.9400024,619.5999756,620.125,2055001
2025-12-30T20:30:00+00:00,620.1199951,620.3549805,619.2150269,619.4199829,1937195
2025-12-30T21:00:00+00:00,619.42,620.87,619.24,619.41,0
2025-12-30T22:00:00+00:00,619.4,619.59,619.4,619.4503,0
2025-12-30T23:00:00+00:00,619.5,619.6981,618.659,618.9601,0
2025-12-31T09:00:00+00:00,616.73,617.43,616.73,617.04,0
2025-12-31T10:00:00+00:00,617.08,617.45,616.87,617.4,0
2025-12-31T11:00:00+00:00,617.5,617.73,617.22,617.64,0
2025-12-31T12:00:00+00:00,617.67,618.44,617.65,618.4,0
2025-12-31T13:00:00+00:00,618.33,619.43,616.7015,618.91,0
2025-12-31T14:00:00+00:00,618.86,620.57,618.771,619.68,0
2025-12-31T14:30:00+00:00,619.75,619.960022,617.0300293,617.8400269,5193488
2025-12-31T15:30:00+00:00,617.8300171,617.9899902,616.4500122,617.7199707,2831143
2025-12-31T16:30:00+00:00,617.7299805,617.9699707,617.039978,617.4849854,1919063
2025-12-31T17:30:00+00:00,617.4799805,617.9099731,617.1300049,617.8500977,1682055
2025-12-31T18:30:00+00:00,617.8599854,618.5999756,617.3079834,617.3400269,1814985
2025-12-31T19:30:00+00:00,617.3400269,617.4199829,614.75,614.87677,3557018
2025-12-31T20:30:00+00:00,614.8800049,615.7399902,614.0499878,614.2800293,4763742
2025-12-31T21:00:00+00:00,614.26,619.43,613.71,613.83,0
2025-12-31T22:00:00+00:00,613.79,614.31,607.4732,614.28,0
2025-12-31T23:00:00+00:00,614.28,614.36,614.23,614.33,0
2026-01-02T09:00:00+00:00,620.57,621.33,620.54,621.17,0
2026-01-02T10:00:00+00:00,621.2,621.3,620.72,620.82,0
2026-01-02T11:00:00+00:00,620.83,621.42,620.6,620.81,0
2026-01-02T12:00:00+00:00,620.87,621.12,619.98,620.33,0
2026-01-02T13:00:00+00:00,620.27,621.4118,614.31,620.33,0
2026-01-02T14:00:00+00:00,620.32,620.5461,614.31,620.07,0
2026-01-02T14:30:00+00:00,620.0700073,622.8499756,614.6099854,615.4099731,9852588
2026-01-02T15:30:00+00:00,615.4099731,618.1199951,610.75,612.7600098,9227443
2026-01-02T16:30:00+00:00,612.7299805,613.9249878,611,613.0098877,3779399
2026-01-02T17:30:00+00:00,613.0100098,613.3372192,611.1500244,611.7600098,2529260
2026-01-02T18:30:00+00:00,611.75,613.8099976,610.1500244,613.5900269,3392364
2026-01-02T19:30:00+00:00,613.5900269,614.6900024,613.0650024,614.1099854,3270693
2026-01-02T20:30:00+00:00,614.0999756,614.3200073,612.5,613.0900269,3941755
2026-01-02T21:00:00+00:00,613.09,614.31,612.91,613.25,0
2026-01-02T22:00:00+00:00,613.25,613.29,613,613.27,0
2026-01-02T23:00:00+00:00,613.28,653.111,613.07,613.4795,0
2026-01-05T09:00:00+00:00,616.01,616.66,615.8,615.88,0
2026-01-05T10:00:00+00:00,615.87,617.18,615.82,616.97,0
2026-01-05T11:00:00+00:00,616.93,617.51,616.73,617.08,0
2026-01-05T12:00:00+00:00,617.06,617.96,617.06,617.35,0
2026-01-05T13:00:00+00:00,617.34,617.94,612.661,616.815,0
2026-01-05T14:00:00+00:00,616.84,619.4,616.84,619.38,0
2026-01-05T14:30:00+00:00,619.6900024,620.2299805,616.7199707,619.9801025,8454332
2026-01-05T15:30:00+00:00,620,620.539978,619.1199951,620.2399902,3460224
2026-01-05T16:30:00+00:00,620.2299805,620.8099976,618.6190186,618.9199829,3220714
2026-01-05T17:30:00+00:00,618.9500122,619.0999756,617.25,618.3850098,2845291
2026-01-05T18:30:00+00:00,618.3900146,618.8599854,617.8599854,617.9000244,2337767
2026-01-05T19:30:00+00:00,617.9000244,618.3800049,617.039978,618.25,2603087
2026-01-05T20:30:00+00:00,618.25,618.5800171,617.4500122,617.9500122,2377188
2026-01-05T21:00:00+00:00,617.95,618.05,617.6301,617.7767,0
2026-01-05T22:00:00+00:00,617.95,618.6,617.6474,617.805,0
2026-01-05T23:00:00+00:00,617.9,618.15,617.35,617.45,0
2026-01-06T09:00:00+00:00,618.02,618.03,617.4,617.66,0
2026-01-06T10:00:00+00:00,617.62,618.54,617.57,617.9,0
2026-01-06T11:00:00+00:00,617.87,618.48,617.86,618.19,0
2026-01-06T12:00:00+00:00,618.23,618.76,618.17,618.74,0
2026-01-06T13:00:00+00:00,618.76,620.1,616.8,618.96,0
2026-01-06T14:00:00+00:00,618.98,619.27,618.1797,619.22,0
2026-01-06T14:30:00+00:00,619.2199707,622.5900269,618.5499878,622.4299927,6731922
2026-01-06T15:30:00+00:00,622.4199829,622.4500122,619.4050293,620.2000122,4947224
2026-01-06T16:30:00+00:00,620.210022,621.789978,620.0427856,621.5825195,2886797
2026-01-06T17:30:00+00:00,621.5900269,622.7800293,621.5700073,622.1400146,2281149
2026-01-06T18:30:00+00:00,622.2509766,623.4053955,621.9199829,623.3400879,2249118
2026-01-06T19:30:00+00:00,623.4066772,623.6400146,623.1550293,623.3599854,1888577
2026-01-06T20:30:00+00:00,623.3499756,623.9899902,623.2999878,623.7999878,1976703
2026-01-06T21:00:00+00:00,623.66,623.94,623.42,623.9,0
2026-01-06T22:00:00+00:00,623.95,624.0512,619.29,623.835,0
2026-01-06T23:00:00+00:00,623.85,624.21,623.565,623.73,0
2026-01-07T09:00:00+00:00,622.12,622.23,621.47,621.91,0
2026-01-07T10:00:00+00:00,621.9,622.3,621.66,621.68,0
2026-01-07T11:00:00+00:00,621.65,622.02,621.5,621.79,0
2026-01-07T12:00:00+00:00,621.82,622.83,621.81,622.69,0
2026-01-07T13:00:00+00:00,622.63,623.42,621.48,622.66,0
2026-01-07T14:00:00+00:00,622.69,623.42,619.53,623.04,0
2026-01-07T14:30:00+00:00,623.039978,625.1500244,622.5599976,624.8300171,6463394
2026-01-07T15:30:00+00:00,624.8300171,626.3099976,623.5200195,625.539978,3943700
2026-01-07T16:30:00+00:00,625.539917,627.7999878,625.4099731,627.6550293,3092681
2026-01-07T17:30:00+00:00,627.6599731,627.9400024,626.2800293,626.3699951,2268308
2026-01-07T18:30:00+00:00,626.3800049,627.539978,625.4400024,625.6450195,2696264
2026-01-07T19:30:00+00:00,625.6699219,626.1699219,624.5100098,624.7000122,2649016
2026-01-07T20:30:00+00:00,624.7000122,624.75,623.6199951,624.039978,3642996
2026-01-07T21:00:00+00:00,624.06,624.185,623.71,624.085,0
2026-01-07T22:00:00+00:00,624.095,624.19,624,624.03,0
2026-01-07T23:00:00+00:00,624.1,624.38,623.6801,623.78,0
2026-01-08T09:00:00+00:00,622.9,623.2,622.44,622.6,0
2026-01-08T10:00:00+00:00,622.5,622.66,621.99,622.05,0
2026-01-08T11:00:00+00:00,622.14,622.97,622.14,622.81,0
2026-01-08T12:00:00+00:00,622.8,622.99,621.9,622.75,0
2026-01-08T13:00:00+00:00,622.64,624.02,620.26,623.45,0
2026-01-08T14:00:00+00:00,623.49,623.78,592.61,623.02,0
2026-01-08T14:30:00+00:00,622.25,622.4949951,617.7999878,620.8699951,8688862
2026-01-08T15:30:00+00:00,620.8499756,621.0599976,618.7979736,619.1199951,4915742
2026-01-08T16:30:00+00:00,619.0700073,620.4199829,618.1199951,619.3630981,3306660
2026-01-08T17:30:00+00:00,619.3599854,620.9899902,618.960022,619.9000244,2918081
2026-01-08T18:30:00+00:00,619.9000244,620.3101196,618.4099731,619.1400146,2715270
2026-01-08T19:30:00+00:00,619.1300049,620.460022,618.789978,620.2700195,2382383
2026-01-08T20:30:00+00:00,620.289978,620.8499756,620.0599976,620.4099731,2370867
2026-01-08T21:00:00+00:00,620.45,621.835,620.42,621.09,0
2026-01-08T22:00:00+00:00,621.115,621.67,620.47,621.355,0
2026-01-08T23:00:00+00:00,621.33,621.5,620.21,620.31,0
2026-01-09T09:00:00+00:00,620.5,621.02,620.22,621.02,0
2026-01-09T10:00:00+00:00,621.05,622,621.05,621.85,0
2026-01-09T11:00:00+00:00,621.84,622.29,621.64,622.24,0
2026-01-09T12:00:00+00:00,622.3,622.7,621.62,621.74,0
2026-01-09T13:00:00+00:00,621.77,622.691,620,622.2,0
2026-01-09T14:00:00+00:00,622,624.085,620.47,621.38,0
2026-01-09T14:30:00+00:00,620.25,624.8950195,619.0599976,624.7399902,9018295
2026-01-09T15:30:00+00:00,624.75,625.8800049,622.5300293,624.9707031,4745028
2026-01-09T16:30:00+00:00,624.9699707,626.460022,624.5300293,626.1599731,2903200
2026-01-09T17:30:00+00:00,626.1599731,626.6900024,625.4400024,626.0700073,2547052
2026-01-09T18:30:00+00:00,626.0499878,627.460022,626.039978,627.2600098,2093574
2026-01-09T19:30:00+00:00,627.2600098,627.8900146,627.0300293,627.4500122,2162120
2026-01-09T20:30:00+00:00,627.460022,627.5900269,626.6350098,626.6599731,3207172
2026-01-09T21:00:00+00:00,626.67,626.9,626.45,626.64,0
2026-01-09T22:00:00+00:00,626.6834,626.84,626.58,626.6988,0
2026-01-09T23:00:00+00:00,626.69,627.0009,626.65,626.85,0
2026-01-12T09:00:00+00:00,620.63,621.15,620.25,620.65,0
2026-01-12T10:00:00+00:00,620.6,621.3,620.32,621.3,0
2026-01-12T11:00:00+00:00,621.33,621.96,621.2,621.61,0
2026-01-12T12:00:00+00:00,621.61,622.16,621.39,621.88,0
2026-01-12T13:00:00+00:00,621.94,626.65,619.62,622.4613,0
2026-01-12T14:00:00+00:00,622.48,626.65,621.67,622.31,0
2026-01-12T14:30:00+00:00,622.3099976,626.7600098,622.2600098,626.4799805,7729164
2026-01-12T15:30:00+00:00,626.4699707,627.3900146,625.0900269,626.9299927,3514688
2026-01-12T16:30:00+00:00,626.9349976,627.710022,626.4799805,627.449585,1863214
2026-01-12T17:30:00+00:00,627.4400024,628.2700195,626.8699951,628.1199951,1530716
2026-01-12T18:30:00+00:00,628.1300049,628.4199829,627.4400024,628.2600098,1361852
2026-01-12T19:30:00+00:00,628.2700195,628.8449707,628.0200195,628.1400146,1967232
2026-01-12T20:30:00+00:00,628.1400146,628.2600098,627.1699829,627.1900024,2321679
2026-01-12T21:00:00+00:00,627.21,627.71,626.75,626.94,0
2026-01-12T22:00:00+00:00,626.965,627.21,626.92,627.208,0
2026-01-12T23:00:00+00:00,627.0882,627.0882,625.8295,625.86,0
2026-01-13T09:00:00+00:00,626.16,626.93,626.16,626.66,0
2026-01-13T10:00:00+00:00,626.62,626.71,625.44,625.66,0
2026-01-13T11:00:00+00:00,625.66,625.98,625.52,625.82,0
2026-01-13T12:00:00+00:00,625.81,626.5,625.41,626.47,0
2026-01-13T13:00:00+00:00,626.45,627.17,625.4097,626.34,0
2026-01-13T14:00:00+00:00,626.38,629.529,626.35,627.245,0
2026-01-13T14:30:00+00:00,627.2399902,629.4699707,623.9400024,624.6691284,6815212
2026-01-13T15:30:00+00:00,624.6339722,626.6500244,623.8800049,626.1881714,3094388
2026-01-13T16:30:00+00:00,626.1300049,629.039978,625.9099731,627.6298828,3423735
2026-01-13T17:30:00+00:00,627.6300049,627.9099731,624.8599854,625.4199829,2649459
2026-01-13T18:30:00+00:00,625.4099731,626.1199951,624.1500244,625.2199707,2262981
2026-01-13T19:30:00+00:00,625.1901245,625.6900024,624.2299805,624.2849731,2039165
2026-01-13T20:30:00+00:00,624.2800293,626.289978,623.6950073,626.1300049,2470204
2026-01-13T21:00:00+00:00,626.11,626.64,625.9,626,0
2026-01-13T22:00:00+00:00,626.02,626.24,625.6,625.9142,0
2026-01-13T23:00:00+00:00,625.95,626.32,625.7,625.785,0
2026-01-14T09:00:00+00:00,625.11,625.59,625.04,625.27,0
2026-01-14T10:00:00+00:00,625.3,625.36,621.6,622.15,0
2026-01-14T14:30:00+00:00,621.9450073,623.4500122,617.25,619.1699829,11711871
2026-01-14T15:30:00+00:00,619.1199951,619.6599731,615.75,618.3099976,7210363
2026-01-14T16:30:00+00:00,618.3099976,618.6300049,614.9299927,616.289978,5566932
2026-01-14T17:30:00+00:00,616.2700195,616.6599121,614.8599854,616.375,3434034
2026-01-14T18:30:00+00:00,616.3599854,617.0499878,614.5599976,616.75,4344537
2026-01-14T19:30:00+00:00,616.7600098,618.6799927,615.5300293,617.9299927,4223944
2026-01-14T20:30:00+00:00,617.9400024,619.7999878,617.9199829,619.5999756,4974668
2026-01-14T21:00:00+00:00,619.61,620.15,617.6672,619.01,0
2026-01-14T22:00:00+00:00,618.99,619.55,618.225,618.3299,0
2026-01-15T09:00:00+00:00,622.14,623.88,622.09,623.76,0
2026-01-15T10:00:00+00:00,623.77,624.47,623.77,624.08,0
2026-01-15T14:30:00+00:00,626.7949829,627.2600098,624.6099854,625.1400146,9126751
2026-01-15T15:30:00+00:00,625.1500244,630,623.7600098,626.1900024,5369065
2026-01-15T16:30:00+00:00,626.1400146,626.960022,625.5100098,625.5900879,2450518
2026-01-15T17:30:00+00:00,625.6032715,626.0300293,624.8499756,626.0001221,2623836
2026-01-15T18:30:00+00:00,625.9799805,626.3200073,623.4799805,623.6799927,2520926
2026-01-15T19:30:00+00:00,623.6500244,623.7800293,621.0300293,621.710022,5223563
2026-01-15T20:30:00+00:00,621.6799927,621.8900146,620.789978,621.6599731,3185174
2026-01-15T21:00:00+00:00,621.68,621.88,621.09,621.435,0
2026-01-15T22:00:00+00:00,621.37,622.2,621.33,621.995,0
2026-01-15T23:00:00+00:00,622.055,622.4797,622.03,622.22,0
2026-01-16T09:00:00+00:00,624.48,624.9,624.22,624.9,0
2026-01-16T10:00:00+00:00,624.94,625.48,624.3,625.33,0
2026-01-16T14:30:00+00:00,625.2299805,626.0800171,620.6599731,620.75,9319867
2026-01-16T15:30:00+00:00,620.7399902,621.914978,618.8900146,621.8499146,8932564
2026-01-16T16:30:00+00:00,621.8599854,622.7000122,621.125,621.4400024,3192541
2026-01-16T17:30:00+00:00,621.4400024,622.1300049,620.3200073,621.8800049,2827500
2026-01-16T18:30:00+00:00,621.8800049,622.5599976,620.7600098,620.9799805,3026986
2026-01-16T19:30:00+00:00,620.9799805,622.1199951,620.9199829,621.6900024,2493011
2026-01-16T20:30:00+00:00,621.6799927,621.9598999,620.9699707,621.0499878,3426785
2026-01-16T21:00:00+00:00,621.045,625.3,620.7297,621.0256,0
2026-01-16T22:00:00+00:00,620.995,621.28,620.94,621.11,0
2026-01-20T09:00:00+00:00,609.81,611.6,607.85,608.1,0
2026-01-20T10:00:00+00:00,608,609.69,607.05,609.36,0
2026-01-20T11:00:00+00:00,609.48,610.18,608.75,609.45,0
2026-01-20T12:00:00+00:00,609.63,610.89,609,610.41,0
2026-01-20T13:00:00+00:00,610.38,621.725,607.05,610.6476,0
2026-01-20T14:00:00+00:00,610.6738,621.26,609.075,610.51,0
2026-01-20T14:30:00+00:00,610.5300293,613.5949707,610.3300171,613.4359741,15209890
2026-01-20T15:30:00+00:00,613.4299927,615.039978,612.5999756,614.4500122,8221596
2026-01-20T16:30:00+00:00,614.4500122,615.0499878,612.5900269,612.8806763,5794861
2026-01-20T17:30:00+00:00,612.8800049,612.8800049,610.6099854,610.6900024,4916990
2026-01-20T18:30:00+00:00,610.6599731,610.8699951,608.2999878,608.5900269,5617848
2026-01-20T19:30:00+00:00,608.5599976,609.0280151,607.4699707,607.7700195,6121529
2026-01-20T20:30:00+00:00,607.7999878,608.1300049,607.0599976,608.0900269,5958712
2026-01-20T21:00:00+00:00,608.1,611.551,607.6436,608.12,0
2026-01-20T22:00:00+00:00,608.08,608.2,607.9,608.135,0
2026-01-20T23:00:00+00:00,608.16,608.9,607.18,607.4204,0
2026-01-21T09:00:00+00:00,609.68,610.16,609.18,609.55,0
2026-01-21T10:00:00+00:00,609.46,609.5,607.77,609.02,0
2026-01-21T11:00:00+00:00,609.12,609.28,608.05,608.2,0
2026-01-21T12:00:00+00:00,608.3,608.57,605.46,606.53,0
2026-01-21T13:00:00+00:00,606.55,610.658,605.45,606.61,0
2026-01-21T14:00:00+00:00,606.58,610.95,605.7697,609.48,0
2026-01-21T14:30:00+00:00,609.4699707,614.0800171,607.8635254,613.90448,10471803
2026-01-21T15:30:00+00:00,613.9000244,616.619873,613.8699951,615.75,5316171
2026-01-21T16:30:00+00:00,615.75,615.789978,608.2199707,609.75,8406876
2026-01-21T17:30:00+00:00,609.75,611.0501099,608.4168701,610.4500122,4373714
2026-01-21T18:30:00+00:00,610.460022,615.7700195,609.7299805,615.0800171,4507916
2026-01-21T19:30:00+00:00,615.1049805,620.4199829,614.8699951,616.460083,10797717
2026-01-21T20:30:00+00:00,616.460022,617.1900024,615.5100098,616.0999756,4679167
2026-01-21T21:00:00+00:00,616.11,617.54,616.09,616.98,0
2026-01-21T22:00:00+00:00,617.02,617.38,616.28,617.36,0
2026-01-21T23:00:00+00:00,617.4,618.4802,616.28,618.05,0
2026-01-22T09:00:00+00:00,621.28,622.02,621,621.54,0
2026-01-22T10:00:00+00:00,621.54,621.96,621,621.37,0
2026-01-22T11:00:00+00:00,621.45,622.03,620.9,621.25,0
2026-01-22T12:00:00+00:00,621.2,621.72,620.75,621.3,0
2026-01-22T13:00:00+00:00,621.3,622.03,615.818,621.73,0
2026-01-22T14:00:00+00:00,621.64,622.62,607.825,622.35,0
2026-01-22T14:30:00+00:00,621.2199707,621.7799072,617.7800293,619.0999756,8457572
2026-01-22T15:30:00+00:00,619.1300049,621.329895,618.6300049,621.0499878,3803848
2026-01-22T16:30:00+00:00,621.0100098,621.6699829,620.5499878,621.1799927,2042765
2026-01-22T17:30:00+00:00,621.2199707,622.2399902,621.2000122,621.65448,1852162
2026-01-22T18:30:00+00:00,621.6500244,622.0300293,620.9000244,621.9099731,1524902
2026-01-22T19:30:00+00:00,621.9099731,622,619.4699707,619.5,2708164
2026-01-22T20:30:00+00:00,619.4799805,620.8200073,618.9099731,620.7849731,3243584
2026-01-22T21:00:00+00:00,620.75,621.1,619.52,620.01,0
2026-01-22T22:00:00+00:00,620,620.76,619.69,619.8,0
2026-01-22T23:00:00+00:00,619.74,620.76,618.82,619.6718,0
2026-01-23T09:00:00+00:00,619.54,620.21,619.37,619.6,0
2026-01-23T10:00:00+00:00,619.6,619.6,618.1,618.6,0
2026-01-23T11:00:00+00:00,618.56,620.62,618.36,620.6,0
2026-01-23T12:00:00+00:00,620.6,620.89,619.5,619.97,0
2026-01-23T13:00:00+00:00,619.91,622.67,618.1134,618.9,0
2026-01-23T14:00:00+00:00,618.86,620.76,618.495,619.69,0
2026-01-23T14:30:00+00:00,619.6900024,623.460022,618.6500244,623.0499878,7525572
2026-01-23T15:30:00+00:00,623.0700073,625.3999023,623.0299072,624.0900879,4149703
2026-01-23T16:30:00+00:00,624.0900269,624.960022,623.3800049,624.2600098,2922091
2026-01-23T17:30:00+00:00,624.2800293,624.3099976,621.5349731,623.2050171,3462575
2026-01-23T18:30:00+00:00,623.2199707,623.7399902,622.2800293,623.0349731,2319588
2026-01-23T19:30:00+00:00,623.0300293,623.3400269,621.7399292,622.2000122,2496343
2026-01-23T20:30:00+00:00,622.1950073,623.2600098,621.8599854,622.7700195,3178566
2026-01-23T21:00:00+00:00,622.79,622.85,621.3,621.56,0
2026-01-23T22:00:00+00:00,621.59,622.72,621.23,621.39,0
2026-01-23T23:00:00+00:00,621.4,621.75,621.36,621.56,0
2026-01-26T09:00:00+00:00,622.68,622.85,621.73,621.81,0
2026-01-26T10:00:00+00:00,621.72,621.74,619.25,620.88,0
2026-01-26T11:00:00+00:00,620.89,621.4,620.63,620.82,0
2026-01-26T12:00:00+00:00,620.9,622.34,620.8,621.81,0
2026-01-26T13:00:00+00:00,621.9,622.9775,619.2292,621.7892,0
2026-01-26T14:00:00+00:00,621.8,623.2,621.0297,623.2,0
2026-01-26T14:30:00+00:00,623.1900024,626.4500122,622.1199951,625.4899902,9923420
2026-01-26T15:30:00+00:00,625.4799805,627,625.2000122,626.9000244,0
2026-01-26T16:30:00+00:00,626.9299927,627.6099854,626.4899902,627.0900269,2330236
2026-01-26T17:30:00+00:00,627.0800171,627.1599731,626.170105,626.9799805,1805240
2026-01-26T18:30:00+00:00,626.9799805,627.5499878,626.460022,626.8200073,1571193
2026-01-26T19:30:00+00:00,626.7999878,627.1099854,626.0499878,626.3699951,1591212
2026-01-26T20:30:00+00:00,626.3800049,626.7199707,625.4000854,625.4799805,17562761
2026-01-26T21:00:00+00:00,625.49,626.1217,616.0579,625.865,0
2026-01-26T22:00:00+00:00,625.89,626.03,625.46,625.61,0
2026-01-26T23:00:00+00:00,625.68,626.71,625.4136,626.5401,0
2026-01-27T09:00:00+00:00,628.89,629.18,628.62,628.94,0
2026-01-27T10:00:00+00:00,628.96,629.31,628.62,629.29,0
2026-01-27T11:00:00+00:00,629.25,629.54,629.12,629.44,0
2026-01-27T12:00:00+00:00,629.45,630.35,629.22,629.26,0
2026-01-27T13:00:00+00:00,629.21,630.3311,624.991,629.38,0
2026-01-27T14:00:00+00:00,629.3729,629.53,625.46,628.8993,0
2026-01-27T14:30:00+00:00,628.9000244,631.0700073,627.3400269,630.3200073,6666333
2026-01-27T15:30:00+00:00,630.3300171,631.8300171,630.2399902,631.4349976,2833257
2026-01-27T16:30:00+00:00,631.4699707,631.6599731,630.5150146,631.2999878,2421416
2026-01-27T17:30:00+00:00,631.289978,631.4899902,630.2199707,631.1500244,1961709
2026-01-27T18:30:00+00:00,631.1500244,631.6199951,631.0700073,631.520813,1735811
2026-01-27T19:30:00+00:00,631.5300293,632.0427246,631.1799927,631.6176758,2218671
2026-01-27T20:30:00+00:00,631.5999756,631.7199707,630.9199829,631.0800171,3045456
2026-01-27T21:00:00+00:00,631.09,632.11,630.76,631.94,0
2026-01-27T22:00:00+00:00,631.98,632.22,511.0193,632.16,0
2026-01-27T23:00:00+00:00,632.13,632.82,632.05,632.625,0
2026-01-28T09:00:00+00:00,636.13,636.23,635.57,635.77,0
2026-01-28T10:00:00+00:00,635.78,636.54,635.5,636.48,0
2026-01-28T11:00:00+00:00,636.51,637.13,636.36,636.87,0
2026-01-28T12:00:00+00:00,636.9,637.3,635.82,636.12,0
2026-01-28T13:00:00+00:00,636.2,637.7,630.657,636.09,0
2026-01-28T14:00:00+00:00,636.0734,636.26,631.13,635.57,0
2026-01-28T14:30:00+00:00,635.460022,636.5900269,634.3699951,634.6900024,7728905
2026-01-28T15:30:00+00:00,634.6799927,635.0599976,632.9849854,633.789978,4203008
2026-01-28T16:30:00+00:00,633.7868042,633.7868042,631.8099976,632.4199829,3022097
2026-01-28T17:30:00+00:00,632.4400024,633.5150146,632.039978,633.25,1915281
2026-01-28T18:30:00+00:00,633.2700195,634.0900269,632.1799927,632.3499756,2747607
2026-01-28T19:30:00+00:00,632.3499756,634.4899902,632.0999756,633.5899048,4893625
2026-01-28T20:30:00+00:00,633.5900269,633.9199829,632.5900269,633.0100098,2989546
2026-01-28T21:00:00+00:00,633.01,636.3,629.05,635.704,0
2026-01-28T22:00:00+00:00,635.86,636.73,607.4732,636.26,0
2026-01-28T23:00:00+00:00,636.26,636.42,633.22,633.47,0
2026-01-29T09:00:00+00:00,635.42,636,635.4,635.52,0
2026-01-29T10:00:00+00:00,635.6,635.81,634.21,634.95,0
2026-01-29T11:00:00+00:00,634.95,634.97,633.71,634.1,0
2026-01-29T12:00:00+00:00,634,634.77,633.77,634.284,0
2026-01-29T13:00:00+00:00,634.22,636.15,632.746,633.7,0
2026-01-29T14:00:00+00:00,633.69,634.38,631.34,632.6795,0
2026-01-29T14:30:00+00:00,632.5800171,633.6699829,622.7000122,623.1099854,11967986
2026-01-29T15:30:00+00:00,623.1199951,623.5200195,618.2700195,621.8900146,10310379
2026-01-29T16:30:00+00:00,621.8800049,625.9299927,621.4699707,625.6199951,6685082
2026-01-29T17:30:00+00:00,625.5900269,626.5700073,623.460022,625.7999878,4672024
2026-01-29T18:30:00+00:00,625.7999878,627.0700073,625.1699829,626.5800171,3732882
2026-01-29T19:30:00+00:00,626.5700073,626.7700195,625.4899902,625.9550171,3314753
2026-01-29T20:30:00+00:00,625.9500122,629.9799805,625.7893066,629.3699951,4686305
2026-01-29T21:00:00+00:00,629.32,630.56,628.5,629.14,0
2026-01-29T22:00:00+00:00,629.3,630,628.92,629.6595,0
2026-01-29T23:00:00+00:00,629.48,629.905,626.75,628.8005,0
2026-01-30T09:00:00+00:00,624.4,624.49,622.16,622.56,0
2026-01-30T10:00:00+00:00,622.75,623.6,621.24,623.09,0
2026-01-30T11:00:00+00:00,623.5,625.3,623.35,625.27,0
2026-01-30T12:00:00+00:00,625.24,627.39,624.64,626.52,0
2026-01-30T13:00:00+00:00,626.52,629.43,621.23,626.01,0
2026-01-30T14:00:00+00:00,626.02,629.43,624.46,625.74,0
2026-01-30T14:30:00+00:00,625.7199707,628.2559814,624.6500244,624.7598877,8850271
2026-01-30T15:30:00+00:00,624.7299805,625.0999756,624.1900024,625.0200195,863780
2026-02-02T18:30:00+00:00,628.1599731,628.4000244,627.7805176,627.8499756,9684229
2026-02-02T19:30:00+00:00,627.835022,627.8549805,625.4224854,626.4749756,3468864
2026-02-02T20:30:00+00:00,626.4500122,626.5599976,625.6602783,626.2199707,3979000
2026-02-02T21:00:00+00:00,626.25,627.25,625.75,626.59,0
2026-02-02T22:00:00+00:00,626.67,627.38,626.14,627.32,0
2026-02-02T23:00:00+00:00,627.27,629.12,626.61,628.525,0
2026-02-03T09:00:00+00:00,629.28,630.1,628.93,629.02,0
2026-02-03T10:00:00+00:00,629.11,629.67,628.94,629.19,0
2026-02-03T11:00:00+00:00,629.14,629.14,628.46,628.64,0
2026-02-03T12:00:00+00:00,628.64,629.58,628.1,629.54,0
2026-02-03T13:00:00+00:00,629.53,630.51,626.14,629.6369,0
2026-02-03T14:00:00+00:00,629.66,629.79,621.35,628.219,0
2026-02-03T14:30:00+00:00,628.2349854,629.9799805,617.0800171,618.9199829,12782801
2026-02-03T15:30:00+00:00,618.9000244,620.9500122,617.3499756,617.6799927,6766964
2026-02-03T16:30:00+00:00,617.7000122,618.5999756,615.3699951,615.7199707,5915818
2026-02-03T17:30:00+00:00,615.6799927,616,613.2600098,613.710022,5668778
2026-02-03T18:30:00+00:00,613.6699829,614.3599854,610.960022,612.8400269,6537883
2026-02-03T19:30:00+00:00,612.789978,613.9899292,611.3499756,613.6849976,5025272
2026-02-03T20:30:00+00:00,613.6900024,616.7700195,613.6599731,616.4500122,5908452
2026-02-03T21:00:00+00:00,616.46,618.7758,614.8795,615.75,0
2026-02-03T22:00:00+00:00,615.8,616.52,614.91,615.01,0
2026-02-03T23:00:00+00:00,615,616.28,614.4585,615.9104,0
2026-02-04T09:00:00+00:00,616,616.6,614.42,615,0
2026-02-04T10:00:00+00:00,615.15,616.55,614.38,616.5,0
2026-02-04T11:00:00+00:00,616.56,617,616.3,616.6,0
2026-02-04T12:00:00+00:00,616.61,617.62,615.92,616.22,0
2026-02-04T13:00:00+00:00,616.16,618.1275,614.3675,615.2482,0
2026-02-04T14:00:00+00:00,615.26,616.52,613.58,615.0796,0
2026-02-04T14:30:00+00:00,614.7999878,615.0999756,608.289978,611.7199707,11538756
2026-02-04T15:30:00+00:00,611.7299805,612.2600098,606.7249756,608.8599854,7241073
2026-02-04T16:30:00+00:00,608.9099731,609.0100098,602.6799927,603,6004683
2026-02-04T17:30:00+00:00,603,604.5300293,600.4699707,604.3400269,5632885
2026-02-04T18:30:00+00:00,604.3400269,604.9199829,601.710022,604.8400269,4363222
2026-02-04T19:30:00+00:00,604.8200073,608.6300049,604.75,607.2000122,5617535
2026-02-04T20:30:00+00:00,607.1799927,608.1300049,605.210022,605.6199951,4289470
2026-02-04T21:00:00+00:00,605.68,610.08,602.7308,608.47,0
2026-02-04T22:00:00+00:00,608.33,608.75,605.75,607.0745,0
2026-02-04T23:00:00+00:00,607.21,608.62,606.778,607.315,0
2026-02-05T09:00:00+00:00,605.93,607.45,605.35,607.45,0
2026-02-05T10:00:00+00:00,607.52,608.09,606.08,607.88,0
2026-02-05T11:00:00+00:00,607.92,607.92,606.15,606.46,0
2026-02-05T12:00:00+00:00,606.41,607.15,602.99,603.54,0
2026-02-05T13:00:00+00:00,603.5,608.78,598.73,600.82,0
2026-02-05T14:00:00+00:00,600.85,605.75,599.1,600.249,0
2026-02-05T14:30:00+00:00,600.210022,604.8099976,594.9199829,595.5900269,15081122
2026-02-05T15:30:00+00:00,595.5800171,600.5499878,594.7700195,600.4500122,9858691
2026-02-05T16:30:00+00:00,600.460022,602.5,599.0709839,601.8599854,5511152
2026-02-05T17:30:00+00:00,601.8800049,603.0499878,598.7700195,599.3099976,4768839
2026-02-05T18:30:00+00:00,599.2700195,601.8599854,597.5900269,600.0700073,29907041
2026-02-05T19:30:00+00:00,600.0700073,601.1049805,596.8400269,597,0
2026-02-05T20:30:00+00:00,596.9799805,597.8900146,595.289978,597.0800171,5143623
2026-02-05T21:00:00+00:00,597.06,598.98,553.1942,591.99,0
2026-02-05T22:00:00+00:00,591.8506,597.03,553.1942,591.1,0
2026-02-05T23:00:00+00:00,591.15,592.912,588.75,589.7,0
2026-02-06T09:00:00+00:00,596,599.46,595.42,599.38,0
2026-02-06T10:00:00+00:00,599.37,600.82,599.16,599.2,0
2026-02-06T11:00:00+00:00,599.3,601.95,599.12,601.48,0
2026-02-06T12:00:00+00:00,601.43,602.92,600.77,601,0
2026-02-06T13:00:00+00:00,601.04,602.8802,592.3,601.61,0
2026-02-06T14:00:00+00:00,601.6396,602.4,597.03,600.21,0
2026-02-06T14:30:00+00:00,600.2000122,605.6099854,598.7700195,603.6400146,14496847
2026-02-06T15:30:00+00:00,603.6500244,606.8499756,602.5800171,606.1300049,7337064
2026-02-06T16:30:00+00:00,606.1199951,607.7886963,605.460022,607.6799927,21550978
2026-02-06T17:30:00+00:00,607.6900024,608.9899902,606.9099731,608.1849976,0
2026-02-06T18:30:00+00:00,608.1799927,608.6699829,607.6099854,608.5700073,3314034
2026-02-06T19:30:00+00:00,608.5599976,609.0900269,607.3599854,608.6900024,3765270
2026-02-06T20:30:00+00:00,608.6799927,611.4099731,608.460022,609.6300049,6613446
2026-02-06T21:00:00+00:00,609.61,610,601.82,608.68,0
2026-02-06T22:00:00+00:00,608.67,609.65,608.5515,608.795,0
2026-02-06T23:00:00+00:00,608.795,609.65,608.7512,609.1,0
2026-02-09T09:00:00+00:00,610.03,610.61,609.64,609.9,0
2026-02-09T10:00:00+00:00,609.93,610,606.99,607.01,0
2026-02-09T11:00:00+00:00,606.96,607.76,605.34,607.76,0
2026-02-09T12:00:00+00:00,607.61,608.53,606.5,608.36,0
2026-02-09T13:00:00+00:00,608.28,611.55,605.32,609.07,0
2026-02-09T14:00:00+00:00,609.0815,612.05,607.07,607.51,0
2026-02-09T14:30:00+00:00,607.539978,612.2399902,605.0700073,610.5100098,10356349
2026-02-09T15:30:00+00:00,610.5300293,614.75,610.4899902,614.710022,4675347
2026-02-09T16:30:00+00:00,614.7000122,616.1900024,614.3300171,615.3900146,3419099
2026-02-09T17:30:00+00:00,615.4050293,615.8099976,613.6799927,614.4000244,3540056
2026-02-09T18:30:00+00:00,614.4000244,616.3599854,614.1199951,616.2550049,3516224
2026-02-09T19:30:00+00:00,616.25,616.460022,614.710022,614.9299927,3096588
2026-02-09T20:30:00+00:00,614.9199829,615.619873,614.210022,614.3200073,4154907
2026-02-09T21:00:00+00:00,614.33,615.19,614.32,614.9192,0
2026-02-09T22:00:00+00:00,614.94,615.04,614.32,615,0
2026-02-09T23:00:00+00:00,615.04,615.6602,614.1292,614.48,0
2026-02-10T09:00:00+00:00,614.36,615.96,614.33,615.8,0
2026-02-10T10:00:00+00:00,615.7,615.82,614.57,614.97,0
2026-02-10T11:00:00+00:00,614.93,615.25,614.3,614.81,0
2026-02-10T12:00:00+00:00,614.79,616.25,614.79,616.25,0
2026-02-10T13:00:00+00:00,616.3,616.44,613.3,614.2518,0
2026-02-10T14:00:00+00:00,614.25,615.86,608.73,615.3195,0
2026-02-10T14:30:00+00:00,615.3049927,617.0200195,612.4000244,615.9299927,11397517
2026-02-10T15:30:00+00:00,615.9099731,616.7999878,614.2399902,614.6900024,5046548
2026-02-10T16:30:00+00:00,614.6500244,615.5300293,613.6099854,615.0900269,3661600
2026-02-10T17:30:00+00:00,615.0800171,615.8300171,613.210022,613.289978,2579342
2026-02-10T18:30:00+00:00,613.2800293,614.0300293,612.7999878,613.4699707,3455529
2026-02-10T19:30:00+00:00,613.4899902,613.789978,612.1300049,612.3649902,3295209
2026-02-10T20:30:00+00:00,612.3499756,612.710022,611.0100098,611.4899902,4347430
2026-02-10T21:00:00+00:00,611.46,612.4105,611.25,612.3614,0
2026-02-10T22:00:00+00:00,612.4,612.4365,611.47,611.94,0
2026-02-10T23:00:00+00:00,612.08,613.08,612.08,612.799,0
2026-02-11T09:00:00+00:00,612.24,613,612.05,612.43,0
2026-02-11T10:00:00+00:00,612.32,612.32,609.89,610.85,0
2026-02-11T11:00:00+00:00,610.89,612.25,610.31,612.25,0
2026-02-11T12:00:00+00:00,612.3,612.95,611.36,612.51,0
2026-02-11T13:00:00+00:00,612.47,614.05,609.9292,612.21,0
2026-02-11T14:00:00+00:00,612.12,617.17,611.47,616.44,0
2026-02-11T14:30:00+00:00,616.3980103,617.5200195,607.6900024,608.1099854,11419488
2026-02-11T15:30:00+00:00,608.1500244,612.9299927,607.9500122,610.960022,7414209
2026-02-11T16:30:00+00:00,610.960022,613.460022,609.7349854,613.2700195,16191693
2026-02-11T17:30:00+00:00,613.2800293,614.1099854,611.1599731,612.9749756,0
2026-02-11T18:30:00+00:00,612.9799805,614.9799805,612.4500122,614.6900024,3551584
2026-02-11T19:30:00+00:00,614.7000122,614.8800049,613.0900269,613.1500244,3115199
2026-02-11T20:30:00+00:00,613.1500244,614.0499878,612.8499756,612.9799805,3121736
2026-02-11T21:00:00+00:00,612.99,613.69,602.22,613,0
2026-02-11T22:00:00+00:00,613.03,613.45,612.97,613.295,0
2026-02-11T23:00:00+00:00,613.28,613.3496,611.32,611.99,0
2026-02-12T09:00:00+00:00,614.81,615.15,614.62,614.85,0
2026-02-12T10:00:00+00:00,614.8,615.4,614.4,614.64,0
2026-02-12T11:00:00+00:00,614.73,615.34,614.58,615.34,0
2026-02-12T12:00:00+00:00,615.25,615.35,614.65,615.23,0
2026-02-12T13:00:00+00:00,615.19,615.67,613.11,614.57,0
2026-02-12T14:00:00+00:00,614.62,616.5,613.11,614.759,0
2026-02-12T14:30:00+00:00,614.7030029,615.8099976,610.4699707,611.9799805,9570103
2026-02-12T15:30:00+00:00,611.9799805,612.4799805,601.7999878,601.9400024,10759935
2026-02-12T16:30:00+00:00,601.9450073,604.5200195,601.6500244,603.2800293,8804978
2026-02-12T17:30:00+00:00,603.210022,604.9199829,601.539978,602.5100098,4829567
2026-02-12T18:30:00+00:00,602.539978,604.6300049,602.1099854,603.25,4330889
2026-02-12T19:30:00+00:00,603.2000122,604.9628906,601.4099731,601.585022,5105158
2026-02-12T20:30:00+00:00,601.5800171,602.2949829,599.5698853,600.5599976,6344966
2026-02-12T21:00:00+00:00,600.6,602.42,600.17,602.1,0
2026-02-12T22:00:00+00:00,602.2,602.54,600.64,602.5,0
2026-02-12T23:00:00+00:00,602.52,602.761,600.21,602.095,0
2026-02-13T09:00:00+00:00,601.18,601.94,600.15,601.62,0
2026-02-13T10:00:00+00:00,601.6,601.95,600.87,601.46,0
2026-02-13T11:00:00+00:00,601.55,601.55,598.23,598.5,0
2026-02-13T12:00:00+00:00,598.44,600.41,597.61,599.57,0
2026-02-13T13:00:00+00:00,599.49,601.951,597.42,599.2,0
2026-02-13T14:00:00+00:00,599.5,602.3,599.5,600.4,0
2026-02-13T14:30:00+00:00,600.2249756,603.4699707,596.4199829,602.9500122,11390134
2026-02-13T15:30:00+00:00,602.9400024,604.9000244,599.8400269,603.0098877,5020931
2026-02-13T16:30:00+00:00,602.9799805,605.8400269,602,605.3599854,3987606
2026-02-13T17:30:00+00:00,605.3800049,606.4299927,604.1900024,605.4899902,3832911
2026-02-13T18:30:00+00:00,605.5100098,606.4699707,604.4611816,604.7600098,24872824
2026-02-13T19:30:00+00:00,604.75,605.3499756,600.6300049,600.8999023,0
2026-02-13T20:30:00+00:00,600.8900146,601.9949951,600.0900269,601.8200073,4608444
2026-02-13T21:00:00+00:00,601.82,602.3901,601.07,601.33,0
2026-02-13T22:00:00+00:00,601.2714,601.92,601.066,601.4,0
2026-02-13T23:00:00+00:00,601.31,601.49,600.9,601.05,0
2026-02-17T09:00:00+00:00,597.99,598.88,597.97,598.71,0
2026-02-17T10:00:00+00:00,598.64,599.34,598.11,598.45,0
2026-02-17T11:00:00+00:00,598.45,598.45,596.37,597.43,0
2026-02-17T12:00:00+00:00,597.47,598.6,597,597.45,0
2026-02-17T13:00:00+00:00,597.45,602.371,595.0492,597.1,0
2026-02-17T14:00:00+00:00,597.2,601.92,596.42,598.29,0
2026-02-17T14:30:00+00:00,598.3900146,602.1900024,593.7000122,595.2000122,10462831
2026-02-17T15:30:00+00:00,595.1699829,601.6901245,593.3400269,600.0599976,7870621
2026-02-17T16:30:00+00:00,600.0300293,601.4899902,598.6500244,600.710022,4967521
2026-02-17T17:30:00+00:00,600.7199707,601.4450073,597.1900024,601.0349731,5078983
2026-02-17T18:30:00+00:00,601.0599976,603.5700073,600.5999756,602.6900024,4447666
2026-02-17T19:30:00+00:00,602.6799927,603.9500122,600.9899902,601.1616211,4222970
2026-02-17T20:30:00+00:00,601.1599731,601.7000122,600.25,601.1900024,3950826
2026-02-17T21:00:00+00:00,601.29,602.25,560.8192,601,0
2026-02-17T22:00:00+00:00,601.3,601.3,561.3918,601.11,0
2026-02-17T23:00:00+00:00,601.11,601.3,560.8192,599.64,0
2026-02-18T09:00:00+00:00,604.35,604.9,604.31,604.84,0
2026-02-18T10:00:00+00:00,604.79,605.3,604.5,605.17,0
2026-02-18T11:00:00+00:00,605.14,605.27,604.23,604.45,0
2026-02-18T12:00:00+00:00,604.45,605.77,604.06,604.33,0
2026-02-18T13:00:00+00:00,604.31,605.77,601.3,604.12,0
2026-02-18T14:00:00+00:00,604.2,604.8,601.92,602.15,0
2026-02-18T14:30:00+00:00,602.1099854,608.460022,600.7199707,608.0700073,10840555
2026-02-18T15:30:00+00:00,608.0599976,609.4799805,607.2000122,608.9400024,4625752
2026-02-18T16:30:00+00:00,608.9400024,609.7709961,608.0900269,608.8699951,3709146
2026-02-18T17:30:00+00:00,608.8590698,609.7600098,607.9299927,608.2199707,2855777
2026-02-18T18:30:00+00:00,608.2299805,608.5200195,606.2600098,606.5100098,3981601
2026-02-18T19:30:00+00:00,606.5100098,606.7000122,603.25,603.7324829,5945724
2026-02-18T20:30:00+00:00,603.7299805,606.6749878,603.6199951,605.6699829,4078267
2026-02-18T21:00:00+00:00,605.69,605.89,604.9936,605.35,0
2026-02-18T22:00:00+00:00,605.275,605.79,563.6693,605.62,0
2026-02-18T23:00:00+00:00,605.48,606.6,605.4282,605.95,0
2026-02-19T09:00:00+00:00,605.79,606.17,605.13,605.25,0
2026-02-19T10:00:00+00:00,605.33,605.5,602.8,602.99,0
2026-02-19T11:00:00+00:00,603.08,603.99,602.6,603.72,0
2026-02-19T12:00:00+00:00,603.82,604.28,602.35,603.9,0
2026-02-19T13:00:00+00:00,603.77,608.02,602.2495,602.64,0
2026-02-19T14:00:00+00:00,602.8,605.79,597.63,602.82,0
2026-02-19T14:30:00+00:00,602.8099976,605.6199951,601.0999756,603.4099731,8561752
2026-02-19T15:30:00+00:00,603.3900146,605.8150024,603.1900024,603.75,4812394
2026-02-19T16:30:00+00:00,603.7600098,604.8699951,602.0250244,603.4299927,4431446
2026-02-19T17:30:00+00:00,603.4299927,603.6900024,600.7600098,601.7050171,9531318
2026-02-19T18:30:00+00:00,601.6900024,603.1500244,601.1599731,602.1900024,3265074
2026-02-19T19:30:00+00:00,602.1799927,602.5800171,600.8200073,601.6799927,3628014
2026-02-19T20:30:00+00:00,601.6599731,603.539978,601.5499878,603.4799805,3406062
2026-02-19T21:00:00+00:00,603.51,603.7,566.518,602.91,0
2026-02-19T22:00:00+00:00,602.86,603.47,602.605,602.85,0
2026-02-19T23:00:00+00:00,602.83,604.07,602.61,603.8153,0
2026-02-20T09:00:00+00:00,605.47,606.59,605.34,606.42,0
2026-02-20T10:00:00+00:00,606.37,606.49,605.08,605.32,0
2026-02-20T11:00:00+00:00,605.24,605.48,603.33,604.14,0
2026-02-20T12:00:00+00:00,604.13,604.34,602.23,602.39,0
2026-02-20T13:00:00+00:00,602.38,606.6102,602.0005,603.715,0
2026-02-20T14:00:00+00:00,603.5842,603.62,599.7,600.12,0
2026-02-20T14:30:00+00:00,600.1099854,608.960022,599.2299805,606.3499756,10009262
2026-02-20T15:30:00+00:00,606.3900146,610.3499756,604.789978,606.4799805,8548339
2026-02-20T16:30:00+00:00,606.4699707,610.1165161,604.0800171,605.2399902,5229538
2026-02-20T17:30:00+00:00,605.2600098,608.0800171,604.9000244,606.1099854,4879404
2026-02-20T18:30:00+00:00,606.1699829,609.9000244,605.3099976,608.2719727,4540342
2026-02-20T19:30:00+00:00,608.2800293,608.8400269,607.3200073,607.4699707,33032790
2026-02-20T20:30:00+00:00,607.4899902,608.8699951,607.4000244,608.8699951,0
2026-02-20T21:00:00+00:00,608.83,609.15,608.57,608.8,0
2026-02-20T22:00:00+00:00,608.85,608.9,608.46,608.69,0
2026-02-20T23:00:00+00:00,608.69,608.98,608.56,608.9775,0
2026-02-23T09:00:00+00:00,605.32,606.98,605.32,606.91,0
2026-02-23T10:00:00+00:00,606.9,607.15,605.79,606.33,0
2026-02-23T11:00:00+00:00,606.35,606.72,606.05,606.23,0
2026-02-23T12:00:00+00:00,606.25,606.27,604.7,604.78,0
2026-02-23T13:00:00+00:00,604.67,608.81,602.45,605.28,0
2026-02-23T14:00:00+00:00,605.29,608.81,604.915,606.6,0
2026-02-23T14:30:00+00:00,606.6270142,608.0100098,603.2249756,603.9799805,8664759
2026-02-23T15:30:00+00:00,603.9699707,604.664978,599.0499878,601.6699829,18473412
2026-02-23T16:30:00+00:00,601.6599731,601.9500122,600.4299927,600.8400269,0
2026-02-23T17:30:00+00:00,600.8400269,602.7000732,599.2800293,602.4550171,4382196
2026-02-23T18:30:00+00:00,602.4500122,602.6799927,600.039978,600.1699829,21490122
2026-02-23T19:30:00+00:00,600.1599731,600.539978,599.3098755,599.9699707,0
2026-02-23T20:30:00+00:00,599.9699707,601.531189,599.9299927,601.4199829,3920156
2026-02-23T21:00:00+00:00,601.41,602.1069,601.18,601.87,0
2026-02-23T22:00:00+00:00,601.815,602.1042,567.5391,601.99,0
2026-02-23T23:00:00+00:00,602,602.79,601.5,601.92,0
2026-02-24T09:00:00+00:00,602.07,603.28,602.06,602.82,0
2026-02-24T10:00:00+00:00,602.82,603.83,602.14,603.2,0
2026-02-24T11:00:00+00:00,603.33,603.56,602.7,602.8,0
2026-02-24T12:00:00+00:00,602.9,604.73,602.52,603.35,0
2026-02-24T13:00:00+00:00,603.24,604.6612,601.36,603.5901,0
2026-02-24T14:00:00+00:00,603.67,604.46,601.41,602.3,0
2026-02-24T14:30:00+00:00,602.0549927,607.4299927,599.7390747,607.3800049,9230616
2026-02-24T15:30:00+00:00,607.3599854,608.210022,606.3099976,607.4400024,4375178
2026-02-24T16:30:00+00:00,607.4199829,608.9099731,606.3499756,608.539978,3460175
2026-02-24T17:30:00+00:00,608.5300293,608.9899902,607.4564819,607.5596924,2548953
2026-02-24T18:30:00+00:00,607.5599976,608.3099976,606.8099976,607.1599731,2912897
2026-02-24T19:30:00+00:00,607.1500244,608.4000244,607,607.0700073,2861444
2026-02-24T20:30:00+00:00,607.0700073,608.8200073,606.9699707,607.8400269,2837072
2026-02-24T21:00:00+00:00,607.8,607.94,607.2101,607.51,0
2026-02-24T22:00:00+00:00,607.545,607.87,607.45,607.6528,0
2026-02-24T23:00:00+00:00,607.58,608.32,607.01,608.195,0
2026-02-25T09:00:00+00:00,608.91,609.27,608.58,608.87,0
2026-02-25T10:00:00+00:00,608.83,609.27,608.79,609.19,0
2026-02-25T11:00:00+00:00,609.13,609.47,608.86,609.16,0
2026-02-25T12:00:00+00:00,609.19,610.81,609.19,610.499,0
2026-02-25T13:00:00+00:00,610.33,610.86,607.415,610.65,0
2026-02-25T14:00:00+00:00,610.641,611.5,607.87,611.09,0
2026-02-25T14:30:00+00:00,611.0900269,615.8900146,611,615.2600098,8174727
2026-02-25T15:30:00+00:00,615.2600098,615.4400024,613.6099854,614.4699707,4510731
2026-02-25T16:30:00+00:00,614.460022,615.460022,614.3101196,614.9799805,2461841
2026-02-25T17:30:00+00:00,614.9650269,615.8300171,614.8300171,615.414978,2058336
2026-02-25T18:30:00+00:00,615.4199829,616.3549805,615.300293,616.1849976,2239030
2026-02-25T19:30:00+00:00,616.1799927,616.3599854,615.9349976,616.1049805,2543860
2026-02-25T20:30:00+00:00,616.1099854,616.8300171,615.7550049,616.5200195,4878727
2026-02-25T21:00:00+00:00,616.55,619.21,616.22,618.38,0
2026-02-25T22:00:00+00:00,618.32,618.4,607.4732,615.84,0
2026-02-25T23:00:00+00:00,616.06,617.3,613.85,614.84,0
2026-02-26T09:00:00+00:00,615.75,616.51,615.7,616.51,0
2026-02-26T10:00:00+00:00,616.45,617.02,616.12,616.15,0
2026-02-26T11:00:00+00:00,616.11,616.27,615.68,616.14,0
2026-02-26T12:00:00+00:00,616.16,616.69,615.84,616.69,0
2026-02-26T13:00:00+00:00,616.64,617.0487,614.1425,616.9687,0
2026-02-26T14:00:00+00:00,616.89,617.35,615.4,615.5697,0
2026-02-26T14:30:00+00:00,615.4899902,615.5300293,604.5499878,605.7000122,16997382
2026-02-26T15:30:00+00:00,605.710022,609.3549805,603.9799805,608.7199707,14218333
2026-02-26T16:30:00+00:00,608.7249756,608.9699707,606.1699829,606.5200195,6275769
2026-02-26T17:30:00+00:00,606.5100098,607.4799805,604.539978,605.3599854,4551639
2026-02-26T18:30:00+00:00,605.3699951,609.3599854,605.0700073,608.4492798,7237394
2026-02-26T19:30:00+00:00,608.4450073,609.6599731,607.8699951,607.9699707,4397875
2026-02-26T20:30:00+00:00,607.9650269,609.3400269,607.9299927,609.2600098,3032939
2026-02-26T21:00:00+00:00,609.27,609.43,607.85,607.95,0
2026-02-26T22:00:00+00:00,607.95,609.24,605.9987,607.25,0
2026-02-26T23:00:00+00:00,607.3,608.07,606.1997,607.09,0
2026-02-27T09:00:00+00:00,609.12,609.83,608.72,609.35,0
2026-02-27T10:00:00+00:00,609.29,609.32,606.69,607.69,0
2026-02-27T11:00:00+00:00,607.95,608.5,607.13,607.29,0
2026-02-27T12:00:00+00:00,607.21,607.41,605.57,606.82,0
2026-02-27T13:00:00+00:00,606.75,609.8402,604.41,604.61,0
2026-02-27T14:00:00+00:00,604.49,609.24,602.51,602.88,0
2026-02-27T14:30:00+00:00,602.9500122,607.4000244,602.1900024,606.7800293,12250055
2026-02-27T15:30:00+00:00,606.7700195,607.9699707,605.6300049,606.6950073,7105237
2026-02-27T16:30:00+00:00,606.7050171,608.3200073,605.039978,606.3150024,6242043
2026-02-27T17:30:00+00:00,606.3200073,607.289978,604.4500122,605.3300171,18594344
2026-02-27T18:30:00+00:00,605.3200073,606.4799805,604.7000122,605.2000122,0
2026-02-27T19:30:00+00:00,605.210022,607.539978,604.4199829,606.9249878,4242691
2026-02-27T20:30:00+00:00,606.9099731,608.0200195,605.5750122,607.3549805,27698302
2026-02-27T21:00:00+00:00,607.43,607.43,606,606.4101,0
2026-02-27T22:00:00+00:00,606.28,607.29,606.02,606.14,0
2026-02-27T23:00:00+00:00,606.14,606.14,605.21,605.395,0
2026-03-02T09:00:00+00:00,596.95,599.06,596.71,598.61,0
2026-03-02T10:00:00+00:00,598.79,599.84,598.09,599.13,0
2026-03-02T11:00:00+00:00,599.24,599.84,598.7,599.17,0
2026-03-02T12:00:00+00:00,599.15,600.93,598.58,598.67,0
2026-03-02T13:00:00+00:00,598.68,607.29,594.9555,600.2506,0
2026-03-02T14:00:00+00:00,600.2899,607.29,597.69,598.88,0
2026-03-02T14:30:00+00:00,598.9299927,606.2600098,597.9899902,604.6799927,12160572
2026-03-02T15:30:00+00:00,604.6300049,607.2700195,603.7199707,604.3200073,7951126
2026-03-02T16:30:00+00:00,604.2999878,609.3599854,604.1699829,608.6049805,6082326
2026-03-02T17:30:00+00:00,608.5900269,609.3200073,607.8499756,608.4000244,19884471
2026-03-02T18:30:00+00:00,608.4199829,609.6599731,606.7299805,609.4249878,0
2026-03-02T19:30:00+00:00,609.4249878,609.9199829,606.2600098,606.710022,29853233
2026-03-02T20:30:00+00:00,606.710022,609.0599976,606.6099854,608.0700073,8332070
2026-03-02T21:00:00+00:00,608.08,608.23,569.9966,607.49,0
2026-03-02T22:00:00+00:00,607.4962,608.09,567.5391,607.87,0
2026-03-02T23:00:00+00:00,607.64,607.78,606.239,606.83,0
2026-03-03T09:00:00+00:00,596.37,597.43,595.73,595.91,0
2026-03-03T10:00:00+00:00,596,596.5,593.6,593.95,0
2026-03-03T11:00:00+00:00,594.14,595.18,592.32,594.49,0
2026-03-03T12:00:00+00:00,594.39,597.95,594.39,597.26,0
2026-03-03T13:00:00+00:00,597.23,608.09,592.378,596.2052,0
2026-03-03T14:00:00+00:00,596.21,608.09,594.2,596.25,0
2026-03-03T14:30:00+00:00,596.3200073,599.3900146,591.8699951,592.0300293,27883874
2026-03-03T15:30:00+00:00,592.0300293,598.8900146,591.9699707,598.3499756,17429134
2026-03-03T16:30:00+00:00,598.3400269,600.8950195,596.9899902,600.3900146,12259602
2026-03-03T17:30:00+00:00,600.4000244,602.0300293,597.9299927,601.4400024,9154178
2026-03-03T18:30:00+00:00,601.4400024,603.4949951,601.039978,601.7299805,9350869
2026-03-03T19:30:00+00:00,601.7399902,603.9550171,600.539978,602.2999878,10458269
2026-03-03T20:30:00+00:00,602.2999878,602.9199219,600.7399902,601.6699829,6224517
2026-03-03T21:00:00+00:00,601.58,601.65,560.8192,600.57,0
2026-03-03T22:00:00+00:00,600.5225,601.58,560.8192,600.53,0
2026-03-03T23:00:00+00:00,600.43,601.69,599.639,600.34,0
2026-03-04T09:00:00+00:00,599.09,600.8,598.5,600.51,0
2026-03-04T10:00:00+00:00,600.51,604.4,600.29,603,0
2026-03-04T11:00:00+00:00,603.23,605.1,603,604.32,0
2026-03-04T12:00:00+00:00,604.4,604.58,601.12,601.21,0
2026-03-04T13:00:00+00:00,601.22,605.88,595.563,604.8386,0
2026-03-04T14:00:00+00:00,604.8112,605.78,601.58,604.07,0
2026-03-04T14:30:00+00:00,604.1500244,611.0700073,603.7299805,610.9799805,21661944
2026-03-04T15:30:00+00:00,610.9799805,611.4500122,608.539978,610.1699829,14216167
2026-03-04T16:30:00+00:00,610.1749878,611.8250122,609.9799805,610.8499756,8129264
2026-03-04T17:30:00+00:00,610.8499756,612.0499878,610.1900024,611.7816772,5374158
2026-03-04T18:30:00+00:00,611.789978,612.8800049,611.7600098,612.3400269,5002974
2026-03-04T19:30:00+00:00,612.335022,612.625,610.6599731,611.3300171,5365688
2026-03-04T20:30:00+00:00,611.3200073,611.7299805,610.4199829,610.6370239,6956776
2026-03-04T21:00:00+00:00,610.55,611.5999,609.95,611.035,0
2026-03-04T22:00:00+00:00,610.93,611.86,610.75,611.709,0
2026-03-04T23:00:00+00:00,611.43,612.22,611.14,611.7601,0
2026-03-05T09:00:00+00:00,608.98,612.7,608.79,610.89,0
2026-03-05T10:00:00+00:00,610.85,611.23,609.77,610.99,0
2026-03-05T11:00:00+00:00,611.05,611.31,609.8,611.04,0
2026-03-05T12:00:00+00:00,610.88,611.52,609.64,610.63,0
2026-03-05T13:00:00+00:00,610.55,612.6917,607.16,609.09,0
2026-03-05T14:00:00+00:00,609.09,610.75,606.82,607.3818,0
2026-03-05T14:30:00+00:00,607.4500122,612.7600098,607.3800049,608.0150146,19942130
2026-03-05T15:30:00+00:00,608.0200195,610.0800171,606.0700073,606.9500122,14193248
2026-03-05T16:30:00+00:00,606.960022,610.6799927,606,606,10307258
2026-03-05T17:30:00+00:00,606.0100098,606.3599854,602.460022,602.7399902,12746213
2026-03-05T18:30:00+00:00,602.7050171,604.8300171,602.2600098,603.835022,8711574
2026-03-05T19:30:00+00:00,603.8200073,607.5900269,602.7399902,606.6400146,11229825
2026-03-05T20:30:00+00:00,606.6400146,609.1199951,606.289978,608.9000244,9493053
2026-03-05T21:00:00+00:00,608.91,608.9505,607.765,608.02,0
2026-03-05T22:00:00+00:00,607.98,608.91,566.518,608.0973,0
2026-03-05T23:00:00+00:00,608.11,609.411,607.7912,609.1386,0
2026-03-06T09:00:00+00:00,609.83,609.88,606.94,607.02,0
2026-03-06T10:00:00+00:00,606.95,607.45,605.13,607.42,0
2026-03-06T11:00:00+00:00,607.28,607.28,605.28,606.66,0
2026-03-06T12:00:00+00:00,606.62,606.77,604.05,604.52,0
2026-03-06T13:00:00+00:00,604.52,611.3377,603.24,604.71,0
2026-03-06T14:00:00+00:00,604.87,608.91,598.58,600.3212,0
2026-03-06T14:30:00+00:00,600.335022,603.7999878,598.539978,603.6300049,23120571
2026-03-06T15:30:00+00:00,603.6099854,605.5,601.9299927,604.1599121,11781675
2026-03-06T16:30:00+00:00,604.1799927,605.9899902,602.9199829,603.4000244,8857333
2026-03-06T17:30:00+00:00,603.4000244,605.4500122,601.7299805,603.8200073,8578735
2026-03-06T18:30:00+00:00,603.8300171,604.5300293,602.6699829,603.5300293,8860321
2026-03-06T19:30:00+00:00,603.5200195,604.3499756,599.2999878,599.5300293,10776011
2026-03-06T20:30:00+00:00,599.5300293,600.8599854,598.3699951,599.8099976,11227301
2026-03-06T21:00:00+00:00,599.86,600.22,598.72,599.78,0
2026-03-06T22:00:00+00:00,599.87,600.1,599.44,599.53,0
2026-03-06T23:00:00+00:00,599.53,599.88,599.44,599.5,0
2026-03-09T08:00:00+00:00,590.62,591.36,589.46,590.51,0
2026-03-09T09:00:00+00:00,590.5,594.04,590.31,593.73,0
2026-03-09T10:00:00+00:00,593.74,595.74,592.74,592.93,0
2026-03-09T11:00:00+00:00,592.9,593.85,592.14,592.48,0
2026-03-09T12:00:00+00:00,592.61,599.75,585.8832,594.7329,0
2026-03-09T13:00:00+00:00,594.75,599.75,592.29,594.21,0
2026-03-09T13:30:00+00:00,594.2199707,596.460022,591.335022,593.4699707,22706163
2026-03-09T14:30:00+00:00,593.4400024,599.4799805,593.3699951,599.3200073,10910978
2026-03-09T15:30:00+00:00,599.3300171,601.3499756,598.0700073,600.4500122,8004767
2026-03-09T16:30:00+00:00,600.4500122,601.8499756,598.3800049,598.5300293,8103032
2026-03-09T17:30:00+00:00,598.5200195,600.25,597.6400146,599.4299927,7889181
2026-03-09T18:30:00+00:00,599.4299927,606.9500122,599.2299805,606.7800293,14019163
2026-03-09T19:30:00+00:00,606.7399902,609.25,605.3599854,607.7550049,15901108
2026-03-09T20:00:00+00:00,607.75,608.53,605.73,606.9983,0
2026-03-09T21:00:00+00:00,606.99,607.76,567.5391,606.8018,0
2026-03-09T22:00:00+00:00,606.82,607.76,604.86,605.6392,0
2026-03-09T23:00:00+00:00,605.66,606.2999,604.5201,605.05,0
2026-03-10T08:00:00+00:00,609.76,611.48,609.52,611.23,0
2026-03-10T09:00:00+00:00,611.01,611.55,609.94,610.64,0
2026-03-10T10:00:00+00:00,610.6,611.1,609.1,609.92,0
2026-03-10T11:00:00+00:00,609.99,610.58,607.88,608.57,0
2026-03-10T12:00:00+00:00,608.58,611.5341,604.653,606.0692,0
2026-03-10T13:00:00+00:00,606.059,608.2,605.4335,607.76,0
2026-03-10T13:30:00+00:00,607.789978,609.960022,605.4199829,608.1099854,14214172
2026-03-10T14:30:00+00:00,608.0999756,612.4000244,608.0900269,611.4699707,9307775
2026-03-10T15:30:00+00:00,611.5,612.1500854,609.9400024,611.1500244,6139167
2026-03-10T16:30:00+00:00,611.2000122,613.2800903,610.8699951,613.1668091,5458977
2026-03-10T17:30:00+00:00,613.1599731,613.1599731,607.7399902,609.6699829,10351771
2026-03-10T18:30:00+00:00,609.6500244,610.6262817,607.7000122,607.7299805,7985150
2026-03-10T19:30:00+00:00,607.7299805,608.8300171,606.5700073,607.6400146,7399701
2026-03-10T20:00:00+00:00,607.65,608.925,607.65,608.29,0
2026-03-10T21:00:00+00:00,608.3,608.7607,607.77,608.6413,0
2026-03-10T22:00:00+00:00,608.52,608.5497,606.9,607.3112,0
2026-03-10T23:00:00+00:00,607.3217,608.62,607.2346,608.455,0
2026-03-11T08:00:00+00:00,608.2,608.86,608.1,608.58,0
2026-03-11T09:00:00+00:00,608.38,609,606.22,606.28,0
2026-03-11T10:00:00+00:00,606.28,607.76,605.55,607.53,0
2026-03-11T11:00:00+00:00,607.68,609.15,607.43,607.61,0
2026-03-11T12:00:00+00:00,607.5,610.97,605.599,607.71,0
2026-03-11T13:00:00+00:00,607.68,609.32,605.9375,608.89,0
2026-03-11T13:30:00+00:00,608.9500122,612.4299927,607.5900269,608.75,15531844
2026-03-11T14:30:00+00:00,608.75,610.2592773,606.487793,606.539978,8567645
2026-03-11T15:30:00+00:00,606.539978,607.210022,605.5100098,606.9500122,9278167
2026-03-11T16:30:00+00:00,606.9299927,608.7000122,606.8800049,608.2700195,5652308
2026-03-11T17:30:00+00:00,608.2800293,608.4899902,605.0300293,606.8300171,8907724
2026-03-11T18:30:00+00:00,606.8300171,607.539978,606.0200195,606.5300293,5597013
2026-03-11T19:30:00+00:00,606.5499878,608.2399902,606.4000244,607.7299805,4581342
2026-03-11T20:00:00+00:00,607.72,607.8707,606.65,606.82,0
2026-03-11T21:00:00+00:00,606.66,607.69,606.66,607.69,0
2026-03-11T22:00:00+00:00,607.05,607.05,603.712,604.43,0
2026-03-11T23:00:00+00:00,604.4858,604.58,601.6807,602.975,0
2026-03-12T08:00:00+00:00,605.06,605.75,604.68,604.76,0
2026-03-12T09:00:00+00:00,604.65,605.46,603.66,604.59,0
2026-03-12T10:00:00+00:00,604.64,606.37,604.61,605.48,0
2026-03-12T11:00:00+00:00,605.48,606.37,604.5,605.2,0
2026-03-12T12:00:00+00:00,605.32,608.145,601.17,604.22,0
2026-03-12T13:00:00+00:00,604.265,608.29,602.1487,602.79,0
2026-03-12T13:30:00+00:00,602.7600098,604.1300049,598.9000244,598.9000244,17652736
2026-03-12T14:30:00+00:00,598.9099731,601.3699951,597.5300293,598.9400024,11478255
2026-03-12T15:30:00+00:00,598.9500122,601.7399902,597.960022,599.4699097,11545335
2026-03-12T16:30:00+00:00,599.460022,601.460022,599.0800171,599.6978149,7000667
2026-03-12T17:30:00+00:00,599.75,600.7000122,598.1199951,599.3499756,5933053
2026-03-12T18:30:00+00:00,599.3599243,599.5700073,597.7000122,598.8099976,6763456
2026-03-12T19:30:00+00:00,598.8200073,599.4799805,597.0499878,597.3400269,8001543
2026-03-12T20:00:00+00:00,597.35,597.8607,596.43,597.65,0
2026-03-12T21:00:00+00:00,597.62,597.77,559.0253,597.4685,0
2026-03-12T22:00:00+00:00,597.47,598.4,596.9735,598,0
2026-03-12T23:00:00+00:00,598.04,598.72,596.65,596.81,0
2026-03-13T08:00:00+00:00,594.94,595.25,593.79,594.2,0
2026-03-13T09:00:00+00:00,594.61,598,594.53,596.89,0
2026-03-13T10:00:00+00:00,596.94,598.93,596.5,598.28,0
2026-03-13T11:00:00+00:00,598.3,599.9,597.9,599.4,0
2026-03-13T12:00:00+00:00,599.29,600.45,593.75,600.06,0
2026-03-13T13:00:00+00:00,600.01,601.9,597.26,599.79,0
2026-03-13T13:30:00+00:00,599.7299805,603.5999146,598.9299927,600.4447021,15189370
2026-03-13T14:30:00+00:00,600.460022,601.7208862,595.2700195,595.4799805,10138139
2026-03-13T15:30:00+00:00,595.460022,596.1199951,593.5800171,594.8900146,8282790
2026-03-13T16:30:00+00:00,594.8400269,595.9199829,593.4299927,594.9799805,6497326
2026-03-13T17:30:00+00:00,594.9699707,595.1199951,592.6300049,594.0800171,6990966
2026-03-13T18:30:00+00:00,594.0449829,595.5,592.9819946,593.1799927,6839720
2026-03-13T19:30:00+00:00,593.1887207,593.8300171,592.5700073,593.6900024,6793714
2026-03-13T20:00:00+00:00,593.69,593.74,592.2008,592.3,0
2026-03-13T21:00:00+00:00,592.2,593.72,574.4041,592.8857,0
2026-03-13T22:00:00+00:00,592.8927,593.68,592.79,593.4,0
2026-03-13T23:00:00+00:00,593.374,593.7,593.005,593.45,0
2026-03-16T08:00:00+00:00,596.54,597.91,596.35,596.98,0
2026-03-16T09:00:00+00:00,597,597.21,595.91,596.57,0
2026-03-16T10:00:00+00:00,596.5,598.22,595.75,597.9,0
2026-03-16T11:00:00+00:00,597.96,598.99,597.59,598.11,0
2026-03-16T12:00:00+00:00,598.14,600.52,593.72,600.19,0
2026-03-16T13:00:00+00:00,600.1617,600.8,593.72,600.01,0
2026-03-16T13:30:00+00:00,600.039978,602.5999756,599.2299805,601.4799805,6447962
2026-03-16T14:30:00+00:00,601.4899902,601.9450073,599.1300049,601.4699707,4239411
2026-03-16T15:30:00+00:00,601.4500122,601.9899902,599.1599731,599.4799805,2792250
2026-03-16T16:30:00+00:00,599.460022,601.6400146,599.1199951,600.9899902,2407377
2026-03-16T17:30:00+00:00,601.0100098,601.7199707,599.9299927,601.5499878,2599199
2026-03-16T18:30:00+00:00,601.539978,603.8549805,600.0700073,600.6599731,4217752
2026-03-16T19:30:00+00:00,600.6799927,600.8900146,599.5300293,600.3099976,2913238
2026-03-16T20:00:00+00:00,600.33,600.7128,599.78,600.01,0
2026-03-16T21:00:00+00:00,600.06,600.38,558.561,599.95,0
2026-03-16T22:00:00+00:00,600.04,600.38,599.15,599.25,0
2026-03-16T23:00:00+00:00,599.255,600.242,599.2,600.2207,0
2026-03-17T08:00:00+00:00,597.73,598.61,597.37,597.41,0
2026-03-17T09:00:00+00:00,597.59,599.5,597,599.44,0
2026-03-17T10:00:00+00:00,599.35,599.6,598.25,598.59,0
2026-03-17T11:00:00+00:00,598.59,599.84,598.45,599.57,0
2026-03-17T12:00:00+00:00,599.37,601.15,596.8,601.02,0
2026-03-17T13:00:00+00:00,601.03,603.79,600.38,603.15,0
2026-03-17T13:30:00+00:00,603.1400146,605.8900146,602.289978,604.6199951,7453267
2026-03-17T14:30:00+00:00,604.6300049,605.3200073,603.3599854,603.3800049,4489031
2026-03-17T15:30:00+00:00,603.3900146,603.9199829,601.8699951,603.4199829,4371631
2026-03-17T16:30:00+00:00,603.4299927,604.0449829,602.8699951,603.5700073,2035686
2026-03-17T17:30:00+00:00,603.5300293,604.5300293,603.0549927,603.210022,2435550
2026-03-17T18:30:00+00:00,603.2000122,603.710022,602.6849976,603.3099976,3002203
2026-03-17T19:30:00+00:00,603.3200073,603.7600098,603.0200195,603.3800049,2380498
2026-03-17T20:00:00+00:00,603.39,603.8,603.2195,603.73,0
2026-03-17T21:00:00+00:00,603.6,603.72,603.31,603.4995,0
2026-03-17T22:00:00+00:00,603.51,603.645,602.895,603.2465,0
2026-03-17T23:00:00+00:00,603.2905,603.6515,603.01,603.17,0
2026-03-18T08:00:00+00:00,607.1,607.64,607.02,607.08,0
2026-03-18T09:00:00+00:00,607.08,607.75,606.92,607.67,0
2026-03-18T10:00:00+00:00,607.65,607.95,607.2,607.77,0
2026-03-18T11:00:00+00:00,607.72,607.93,605.74,605.74,0
2026-03-18T12:00:00+00:00,605.71,608.26,602.858,603.875,0
2026-03-18T13:00:00+00:00,603.76,603.9,599.97,601.49,0
2026-03-18T13:30:00+00:00,601.5,603.1500244,598.710022,598.9699707,7749297
2026-03-18T14:30:00+00:00,598.9500122,601.5499878,598.8400269,600.5300293,13514790
2026-03-18T15:30:00+00:00,600.5300293,601.2000122,599.9901123,600.5,0
2026-03-18T16:30:00+00:00,600.4699707,600.6699829,598.2999878,599.1500854,15807349
2026-03-18T17:30:00+00:00,599.1699829,601.1599731,598.6900024,599.7299805,0
2026-03-18T18:30:00+00:00,599.7199707,599.9199829,596.2199707,596.5200195,5082691
2026-03-18T19:30:00+00:00,596.5100098,597.0050049,594.5599976,594.7600098,4453407
2026-03-18T20:00:00+00:00,594.78,595.9,557.9415,593.7889,0
2026-03-18T21:00:00+00:00,593.85,595.06,557.9415,594.47,0
2026-03-18T22:00:00+00:00,594.4,594.427,592.75,593.51,0
2026-03-18T23:00:00+00:00,593.5,594.6312,593.3931,594.0426,0
2026-03-19T08:00:00+00:00,592.76,593.48,592.25,592.42,0
2026-03-19T09:00:00+00:00,592.46,593.6,591.3,591.71,0
2026-03-19T10:00:00+00:00,591.83,594.83,591.63,593.79,0
2026-03-19T11:00:00+00:00,593.93,594.09,592,592.38,0
2026-03-19T12:00:00+00:00,592.35,595.2687,590.2497,591,0
2026-03-19T13:00:00+00:00,591,663.41,589,589.48,0
2026-03-19T13:30:00+00:00,589.5250244,592.3699951,587.0800171,589.5300293,19862478
2026-03-19T14:30:00+00:00,589.5300293,593.1300049,589.4249878,590.3699951,0
2026-03-19T15:30:00+00:00,590.3599854,591.7999878,588.7999878,590.5599976,4136083
2026-03-19T16:30:00+00:00,590.5700073,591.3300171,588.3699951,590.0499878,3926027
2026-03-19T17:30:00+00:00,590.039978,591.7600098,589.1400146,590.5408936,3505310
2026-03-19T18:30:00+00:00,590.539978,595.7999878,589.3300171,593.539978,7412634
2026-03-19T19:30:00+00:00,593.5294189,593.9530029,592.289978,592.9799805,4019050
2026-03-19T20:00:00+00:00,592.98,594.4,553.1942,594,0
2026-03-19T21:00:00+00:00,594,594.6405,566.518,594.54,0
2026-03-19T22:00:00+00:00,594.42,594.951,589.51,594.5096,0
2026-03-19T23:00:00+00:00,594.47,595.0102,593.799,594.13,0
2026-03-20T08:00:00+00:00,593.67,594.19,593.05,593.05,0
2026-03-20T09:00:00+00:00,593.02,593.9,591.35,591.49,0
2026-03-20T10:00:00+00:00,591.42,591.89,587.06,588.02,0
2026-03-20T11:00:00+00:00,588.07,590.64,588.04,590.25,0
2026-03-20T12:00:00+00:00,590.25,594.32,587.0992,591.23,0
2026-03-20T13:00:00+00:00,591.2,593.02,589.96,591.2,0
2026-03-20T13:30:00+00:00,591.0700073,591.1500244,585.2349854,585.9450073,19338585
2026-03-20T14:30:00+00:00,585.9699707,587.6300049,584.9699707,585.75,15732164
2026-03-20T15:30:00+00:00,585.789978,587.9299927,585.539978,586.7399902,5714815
2026-03-20T16:30:00+00:00,586.75,586.75,584.8300171,585.039978,6956974
2026-03-20T17:30:00+00:00,585.0499878,585.2150269,582.1099854,582.8699951,8968571
2026-03-20T18:30:00+00:00,582.8599854,583.0549927,580.4699707,580.7000122,11195238
2026-03-20T19:30:00+00:00,580.7000122,582.1099854,578.539978,582.0700073,15676104
2026-03-20T20:00:00+00:00,582.11,591.5542,581.68,584.43,0
2026-03-20T21:00:00+00:00,584.43,588.4,551.6022,586.2775,0
2026-03-20T22:00:00+00:00,586.275,587.43,585.88,587.0675,0
2026-03-20T23:00:00+00:00,587.0588,587.61,586.6808,587.12,0
2026-03-23T08:00:00+00:00,575.09,576.92,575.03,576.3,0
2026-03-23T09:00:00+00:00,576.23,577.99,576.13,577.02,0
2026-03-23T10:00:00+00:00,577.03,577.1,574.97,575.23,0
2026-03-23T11:00:00+00:00,575.19,597,574.33,591.2,0
2026-03-23T12:00:00+00:00,591.11,597,573.3,590.71,0
2026-03-23T13:00:00+00:00,590.65,594.11,581.3272,590.47,0
2026-03-23T13:30:00+00:00,590.4699707,595.079895,589.0300293,593.8649902,25706461
2026-03-23T14:30:00+00:00,593.8599854,595.0800171,592.460022,593.2199707,10027447
2026-03-23T15:30:00+00:00,593.2399902,593.7000122,585.960022,586.2000122,16003982
2026-03-23T16:30:00+00:00,586.210022,588.789978,586.0599976,587.1500244,11157605
2026-03-23T17:30:00+00:00,587.1400146,590.3400269,587.125,589.3300171,7728685
2026-03-23T18:30:00+00:00,589.4400024,591.5100098,589.4400024,589.9899902,6908155
2026-03-23T19:30:00+00:00,589.9749756,590.9450073,588.1699829,588.1699829,6843970
2026-03-23T20:00:00+00:00,588.2,590.4,582.06,588.25,0
2026-03-23T21:00:00+00:00,588.26,588.8,553.0918,588.745,0
2026-03-23T22:00:00+00:00,588.72,590.36,587.72,590.15,0
2026-03-23T23:00:00+00:00,590.11,590.1191,588.9087,589.4835,0
2026-03-24T08:00:00+00:00,589.64,590.45,588.16,588.3,0
2026-03-24T09:00:00+00:00,588.15,588.83,586.02,587.4,0
2026-03-24T10:00:00+00:00,587.4,589.08,587,587.98,0
2026-03-24T11:00:00+00:00,587.9,588.98,587.53,588.18,0
2026-03-24T12:00:00+00:00,587.8,590.79,583.4,587.25,0
2026-03-24T13:00:00+00:00,587.27,588,583.66,584.82,0
2026-03-24T13:30:00+00:00,584.8200073,586.2800293,581.9400024,583.6300049,13473489
2026-03-24T14:30:00+00:00,583.6199951,587.9299927,583.1099854,586.8673706,9401807
2026-03-24T15:30:00+00:00,586.8599854,587.7399902,585.0900269,586.6300049,5292589
2026-03-24T16:30:00+00:00,586.6300049,586.789978,582.7000122,583.5100098,5730219
2026-03-24T17:30:00+00:00,583.4699707,585.2999878,582.5900269,584.9495239,6593341
2026-03-24T18:30:00+00:00,584.9400024,587.0380249,584.6500244,585.0900269,5402522
2026-03-24T19:30:00+00:00,585.0800171,585.4400024,583.25,583.9299927,4664778
2026-03-24T20:00:00+00:00,583.92,591.78,559.8111,588.23,0
2026-03-24T21:00:00+00:00,588.45,589.24,554.4558,588.9,0
2026-03-24T22:00:00+00:00,588.81,589.68,587.8682,588.94,0
2026-03-24T23:00:00+00:00,588.92,589.2902,588.3595,588.652,0
2026-03-25T08:00:00+00:00,588.63,591.59,588.61,590.91,0
2026-03-25T09:00:00+00:00,590.93,591.38,589,589.59,0
2026-03-25T10:00:00+00:00,589.67,590.5,588.75,589.45,0
2026-03-25T11:00:00+00:00,589.41,590.8,589.1,590.5,0
2026-03-25T12:00:00+00:00,590.51,591.74,583.98,589.15,0
2026-03-25T13:00:00+00:00,589.1412,590.43,583.98,589.11,0
2026-03-25T13:30:00+00:00,589.1099854,591.3699951,586.7000122,590.25,17817402
2026-03-25T14:30:00+00:00,590.2700195,591.2000122,585.6900024,588.9899902,11785548
2026-03-25T15:30:00+00:00,589,589.4299927,586.710022,588.6799927,8044511
2026-03-25T16:30:00+00:00,588.6500244,589.5599976,587.8499756,589.0949707,4925589
2026-03-25T17:30:00+00:00,589.0999756,590.5700073,588.4299927,588.6799927,5616984
2026-03-25T18:30:00+00:00,588.6849976,588.9000244,586.2650146,587.2509766,6644293
2026-03-25T19:30:00+00:00,587.2598877,588.1199951,586.5800171,587.7299805,3848398
2026-03-25T20:00:00+00:00,587.73,589.14,553.3891,587.7,0
2026-03-25T21:00:00+00:00,587.77,607.4732,553.3891,587.53,0
2026-03-25T22:00:00+00:00,587.53,587.82,586.2895,586.33,0
2026-03-25T23:00:00+00:00,586.3,586.8,585.65,586.595,0
2026-03-26T08:00:00+00:00,585.39,585.69,583.44,583.51,0
2026-03-26T09:00:00+00:00,583.47,584.04,582.39,582.55,0
2026-03-26T10:00:00+00:00,582.4,583.71,581.55,583.63,0
2026-03-26T11:00:00+00:00,583.51,583.73,581.95,582.34,0
2026-03-26T12:00:00+00:00,582.48,587.98,580.81,582.0094,0
2026-03-26T13:00:00+00:00,582.099,582.67,580.59,582.61,0
2026-03-26T13:30:00+00:00,582.5999756,584.6099854,580.460022,582.9699707,17675258
2026-03-26T14:30:00+00:00,582.960022,584.2625122,579.6500244,580.8800049,12785788
2026-03-26T15:30:00+00:00,580.8699951,581.9000244,578.9000244,579.039978,7641013
2026-03-26T16:30:00+00:00,579.0599976,579.289978,577.2750244,577.8049927,7796002
2026-03-26T17:30:00+00:00,577.7700195,578.2299805,575.1699829,575.2349854,8111746
2026-03-26T18:30:00+00:00,575.2349854,576.2598877,574.6099854,575.0999756,9570422
2026-03-26T19:30:00+00:00,575.1099854,575.1900024,573.4310303,573.710022,11012333
2026-03-26T20:00:00+00:00,573.75,579.6,559.0253,574.65,0
2026-03-26T21:00:00+00:00,574.61,576,559.0253,575.315,0
2026-03-26T22:00:00+00:00,575.29,576.19,574.8185,575.715,0
2026-03-26T23:00:00+00:00,575.67,576.221,575.0797,575.8014,0
2026-03-27T08:00:00+00:00,576,576.49,574.13,574.19,0
2026-03-27T09:00:00+00:00,574.29,574.81,572.16,574.08,0
2026-03-27T10:00:00+00:00,574.06,574.6,572.45,572.61,0
2026-03-27T11:00:00+00:00,572.57,572.87,569.78,570.75,0
2026-03-27T12:00:00+00:00,570.85,578.43,569.75,570.7,0
2026-03-27T13:00:00+00:00,570.6785,579.59,568.89,570.82,0
2026-03-27T13:30:00+00:00,570.8099976,571.0200195,566.1500244,566.5300293,20783142
2026-03-27T14:30:00+00:00,566.5200195,568.6898804,565.6599731,568.4500122,11002323
2026-03-27T15:30:00+00:00,568.460022,569.710022,566.4699707,566.6749878,10319001
2026-03-27T16:30:00+00:00,566.6699829,567.7600098,564.1500244,564.1900024,7950738
2026-03-27T17:30:00+00:00,564.1610107,564.914978,562.9199829,563.7550049,9180553
2026-03-27T18:30:00+00:00,563.7299805,564.5599976,562.5150146,563.0200195,8747273
2026-03-27T19:30:00+00:00,563.039978,563.4749756,561.5700073,562.5,10060825
2026-03-27T20:00:00+00:00,562.51,563.03,524.6001,561.27,0
2026-03-27T21:00:00+00:00,561.5363,562.58,524.6001,561.7,0
2026-03-27T22:00:00+00:00,561.78,561.78,560.35,560.56,0
2026-03-27T23:00:00+00:00,560.5522,560.56,560,560.24,0
2026-03-30T08:00:00+00:00,564.71,565.6,562.15,565.4007,0
2026-03-30T09:00:00+00:00,565.3515,565.97,564.66,564.9787,0
2026-03-30T10:00:00+00:00,565.05,565.271,564.53,564.91,0
2026-03-30T11:00:00+00:00,564.89,568.89,562.58,566.7903,0
2026-03-30T12:00:00+00:00,566.823,567.35,562.2,567.16,0
2026-03-30T13:00:00+00:00,567.16,567.67,562.58,567.35,0
2026-03-30T13:30:00+00:00,567.3449707,568.039978,562.1099854,562.9249878,16983556
2026-03-30T14:30:00+00:00,562.8800049,565.539978,561.3699951,563,10089858
2026-03-30T15:30:00+00:00,562.9799805,565.4799805,561.6300049,561.6624756,8058461
2026-03-30T16:30:00+00:00,561.6699829,562.6298218,559.6500244,559.7698975,7504233
2026-03-30T17:30:00+00:00,559.7700195,561.1400146,558.710022,558.7319946,7489238
2026-03-30T18:30:00+00:00,558.75,559.6900024,555.5999756,555.880127,9096221
2026-03-30T19:30:00+00:00,555.9099731,558.9799805,555.6199951,558.2703247,7508323
2026-03-30T20:00:00+00:00,558.29,558.47,557.25,558.28,0
2026-03-30T21:00:00+00:00,557.6317,558.28,557.4197,557.535,0
2026-03-30T22:00:00+00:00,557.59,587.82,557.42,557.46,0
2026-03-30T23:00:00+00:00,557.4097,586.68,555.44,556.0415,0
2026-03-31T08:00:00+00:00,563.96,564.43,558.28,563,0
2026-03-31T09:00:00+00:00,562.9692,563.5402,562.19,562.86,0
2026-03-31T10:00:00+00:00,562.929,563.181,562.19,562.7,0
2026-03-31T11:00:00+00:00,562.7132,564.65,558.28,563.48,0
2026-03-31T12:00:00+00:00,563.5,565.3487,557.862,564.79,0
2026-03-31T13:00:00+00:00,564.6975,565.6,558.28,564.2987,0
2026-03-31T13:30:00+00:00,564.289978,569.039978,564.2299805,568.7399902,19102702
2026-03-31T14:30:00+00:00,568.7299805,569.210022,564.210022,566.9525757,11412238
2026-03-31T15:30:00+00:00,566.9500122,568.7600098,565.6199951,568.3400269,6813905
2026-03-31T16:30:00+00:00,568.3400269,576.210022,567.9000244,574.4799805,17724910
2026-03-31T17:30:00+00:00,574.5100098,576.0900269,573.1140137,575.0599976,9443278
2026-03-31T18:30:00+00:00,575.0300293,577.0700073,574.5200195,576.4400024,12745530
2026-03-31T19:30:00+00:00,576.4500122,578.6400146,576.289978,577.1900024,12381169
2026-03-31T20:00:00+00:00,577.11,577.94,575.805,576.99,0
2026-03-31T21:00:00+00:00,577.04,577.18,576.71,577,0
2026-03-31T22:00:00+00:00,576.84,578.661,576.42,578.32,0
2026-03-31T23:00:00+00:00,578.344,580.37,577.989,580.22,0
2026-04-01T08:00:00+00:00,581.5672,583.6,577.18,581.24,0
2026-04-01T09:00:00+00:00,581.42,581.8012,579.4812,580,0
2026-04-01T10:00:00+00:00,580.1415,581.5407,580.11,581.0137,0
2026-04-01T11:00:00+00:00,581.06,583.35,577.18,583,0
2026-04-01T12:00:00+00:00,583.0198,584.3085,576.748,582.81,0
2026-04-01T13:00:00+00:00,582.87,585.24,577.18,581.55,0
2026-04-01T13:30:00+00:00,581.4799805,584.3599854,580.4199829,583.8300171,17687888
2026-04-01T14:30:00+00:00,583.8400269,586.2050171,582.5200195,585.3099976,11577862
2026-04-01T15:30:00+00:00,585.3200073,587.2600098,584.8599854,586.664978,8064312
2026-04-01T16:30:00+00:00,586.6799927,587.7390137,586.2700195,587.3400269,5410381
2026-04-01T17:30:00+00:00,587.3474731,587.5499878,582.7000122,583.0250244,11940195
2026-04-01T18:30:00+00:00,583.0300293,585.2999878,582.3264771,585.0300293,11095238
2026-04-01T19:30:00+00:00,585.039978,585.5100098,583.8200073,584.289978,9643834
2026-04-01T20:00:00+00:00,584.27,584.6,583.6695,583.91,0
2026-04-01T21:00:00+00:00,583.89,584.31,583.8,583.925,0
2026-04-01T22:00:00+00:00,583.8687,584.32,583.26,583.525,0
2026-04-01T23:00:00+00:00,583.56,584.31,583.3085,583.87,0
2026-04-02T08:00:00+00:00,576.8757,584.31,573.7802,575.7685,0
2026-04-02T09:00:00+00:00,575.7685,576.5,575.43,576.03,0
2026-04-02T10:00:00+00:00,576,576,574.3,574.41,0
2026-04-02T11:00:00+00:00,574.4,584.31,573.01,573.0782,0
2026-04-02T12:00:00+00:00,573.0602,584.748,571.64,572.97,0
2026-04-02T13:00:00+00:00,573.14,584.49,572.6282,573.95,0
2026-04-02T13:30:00+00:00,573.9699707,579.7000122,571.9199829,578.2299805,17621649
2026-04-02T14:30:00+00:00,578.25,585.9899292,577.9700928,583.960022,11204546
2026-04-02T15:30:00+00:00,584.039978,584.7000122,580.9699707,581.6998901,4649919
2026-04-02T16:30:00+00:00,581.6699829,583.960022,581.2700195,583.539917,4426206
2026-04-02T17:30:00+00:00,583.5599976,583.6599731,581.1400146,582.1799927,3279156
2026-04-02T18:30:00+00:00,582.1959839,583.960022,582.0499878,583.1290283,3579175
2026-04-02T19:30:00+00:00,583.1196289,585.0900269,582.9099731,584.960022,4166217
2026-04-02T20:00:00+00:00,585.01,587.22,573.3852,584.93,0
2026-04-02T21:00:00+00:00,584.825,584.98,584.56,584.605,0
2026-04-02T22:00:00+00:00,584.61,584.8902,584.0104,584.58,0
2026-04-02T23:00:00+00:00,584.565,584.86,584.2695,584.8,0
2026-04-06T08:00:00+00:00,586.888,588.3717,584.7,588.17,0
2026-04-06T09:00:00+00:00,588.21,589.33,588.023,588.98,0
2026-04-06T10:00:00+00:00,589.01,589.1307,587.64,588.14,0
2026-04-06T11:00:00+00:00,588.0117,588.361,584.98,587.12,0
2026-04-06T12:00:00+00:00,587.0691,587.4,584.542,587.255,0
2026-04-06T13:00:00+00:00,587.2115,587.92,584.98,586.1625,0
2026-04-06T13:30:00+00:00,586.2000122,590.6099854,585.7299805,588.5200195,11007351
2026-04-06T14:30:00+00:00,588.5100098,589.1300049,586.0800171,586.539978,5457838
2026-04-06T15:30:00+00:00,586.539978,587.75,585.8699951,587.2744751,3363881
2026-04-06T16:30:00+00:00,587.2800293,588.0999756,584.6900024,587.1500244,4225851
2026-04-06T17:30:00+00:00,587.1599731,588.4949951,585.710022,587.9799805,3973541
2026-04-06T18:30:00+00:00,587.9799805,588.3449707,587.539978,587.8549805,2301991
2026-04-06T19:30:00+00:00,587.8549805,588.8300171,587.6400146,588.5300293,2909033
2026-04-06T20:00:00+00:00,588.5,588.6505,587.82,588.15,0
2026-04-06T21:00:00+00:00,588.2291,588.58,588,588.22,0
2026-04-06T22:00:00+00:00,588.2718,588.9621,587.05,587.145,0
2026-04-06T23:00:00+00:00,587.105,587.81,587.01,587.04,0
2026-04-07T08:00:00+00:00,585.5282,588.6112,584.6785,587.94,0
2026-04-07T09:00:00+00:00,587.93,589.69,587.92,589.53,0
2026-04-07T10:00:00+00:00,589.44,589.9,586.9,588.13,0
2026-04-07T11:00:00+00:00,588.13,588.5,584.21,585.25,0
2026-04-07T12:00:00+00:00,585.1575,588.059,582.97,585.55,0
2026-04-07T13:00:00+00:00,585.5783,588.5,584.07,585.65,0
2026-04-07T13:30:00+00:00,585.6300049,587.0599976,579.6900024,582.3735962,11827036
2026-04-07T14:30:00+00:00,582.4299927,583.2399902,578.4000854,581.3900146,6152401
2026-04-07T15:30:00+00:00,581.3800049,585.539978,580.8300171,584.4000244,4783269
2026-04-07T16:30:00+00:00,584.3800049,585.6199951,583.9000244,584.3200073,3611023
2026-04-07T17:30:00+00:00,584.3400269,586.9799805,584.2108154,584.4699707,3487404
2026-04-07T18:30:00+00:00,584.4506836,586.9400024,581.6599731,585.0499878,7265014
2026-04-07T19:30:00+00:00,584.960022,588.9799805,584.4199829,588.7199707,5487804
2026-04-07T20:00:00+00:00,588.71,590.63,585.0734,589.33,0
2026-04-07T21:00:00+00:00,589.21,590.9902,588.59,590.99,0
2026-04-07T22:00:00+00:00,591,601.9291,588.61,601.76,0
2026-04-07T23:00:00+00:00,601.72,605.88,599.8147,605.1384,0
2026-04-08T08:00:00+00:00,607.16,608.75,588.59,608.18,0
2026-04-08T09:00:00+00:00,608.13,609.8207,607.52,609.1687,0
2026-04-08T10:00:00+00:00,609.2,609.26,608.4,609.24,0
2026-04-08T11:00:00+00:00,609.23,609.4957,588.59,609.37,0
2026-04-08T12:00:00+00:00,609.3835,610.07,607.62,608.44,0
2026-04-08T13:00:00+00:00,608.43,609.57,587.18,608.66,0
2026-04-08T13:30:00+00:00,608.710022,609.8800049,604.8599854,605.1500244,20530067
2026-04-08T14:30:00+00:00,605.2000122,605.4299927,602.1300049,604.1699829,8065754
2026-04-08T15:30:00+00:00,604.210022,606.7000122,604,606.2000122,5928101
2026-04-08T16:30:00+00:00,606.210022,607.7050171,605.6600952,605.8950195,4509498
2026-04-08T17:30:00+00:00,605.8800049,607.0999756,604.7299805,605.2399902,6409955
2026-04-08T18:30:00+00:00,605.2199707,605.6599731,602.5599976,602.9400024,6801552
2026-04-08T19:30:00+00:00,602.8850098,606.1300049,602.8850098,605.9199829,6088625
2026-04-08T20:00:00+00:00,605.87,606.2205,564.124,604.88,0
2026-04-08T21:00:00+00:00,604.8291,606.09,564.124,605,0
2026-04-08T22:00:00+00:00,604.86,606.09,604.27,604.7006,0
2026-04-08T23:00:00+00:00,604.7,605.2797,604.4578,604.52,0
2026-04-09T08:00:00+00:00,604.07,606.09,602.9,603.0785,0
2026-04-09T09:00:00+00:00,603.15,604.3707,603.15,604.3579,0
2026-04-09T10:00:00+00:00,604.23,604.6702,603.8685,604.57,0
2026-04-09T11:00:00+00:00,604.46,606.09,603.4695,603.63,0
2026-04-09T12:00:00+00:00,603.61,606.544,603.61,604.86,0
2026-04-09T13:00:00+00:00,604.87,606.09,604.4182,605.94,0
2026-04-09T13:30:00+00:00,606.039978,606.6699829,603.0900269,603.5349731,8772014
2026-04-09T14:30:00+00:00,603.5250244,606.5100098,603.0300293,605.3699951,4439391
2026-04-09T15:30:00+00:00,605.3300171,610.3599854,605.1508789,609.1900024,6601700
2026-04-09T16:30:00+00:00,609.2000122,610.0800171,607.9110107,609.3701172,3401757
2026-04-09T17:30:00+00:00,609.3699951,610.1599731,607.5599976,607.9237061,4176078
2026-04-09T18:30:00+00:00,607.9299927,609.5700073,607.5300293,609.3800049,3286025
2026-04-09T19:30:00+00:00,609.3900146,610.5,609.3499756,610.0800171,4294351
2026-04-09T20:00:00+00:00,610.04,613.11,607.211,609.99,0
2026-04-09T21:00:00+00:00,609.93,610.19,587.725,609.7,0
2026-04-09T22:00:00+00:00,609.76,610.1702,608.9792,609.035,0
2026-04-09T23:00:00+00:00,609.05,609.67,608.72,609.4,0
2026-04-10T08:00:00+00:00,610.0882,611.2887,609.06,609.67,0
2026-04-10T09:00:00+00:00,609.6299,610.742,609.0697,609.9012,0
2026-04-10T10:00:00+00:00,609.9112,610.9312,609.54,610.6973,0
2026-04-10T11:00:00+00:00,610.6715,611.38,610.19,611.25,0
2026-04-10T12:00:00+00:00,611.24,612.48,609.733,612,0
2026-04-10T13:00:00+00:00,612.38,613.02,610.19,611.7815,0
2026-04-10T13:30:00+00:00,611.8499756,613.1099854,610.6599731,612.4199829,8623222
2026-04-10T14:30:00+00:00,612.4299927,613.6699829,611.5903931,612.5999146,4810390
2026-04-10T15:30:00+00:00,612.6350098,612.8099976,610.1400146,610.8599243,5029921
2026-04-10T16:30:00+00:00,610.8500977,611.0499878,609.5800171,609.8599854,2447679
2026-04-10T17:30:00+00:00,609.8449707,610.9849854,609.6099854,610.6450195,2130311
2026-04-10T18:30:00+00:00,610.6500244,611.4799805,610,611.3200073,3358538
2026-04-10T19:30:00+00:00,611.3099976,611.3099976,610.460022,611.0200195,4931692
2026-04-10T20:00:00+00:00,611,612.25,587.82,612.19,0
2026-04-10T21:00:00+00:00,612.11,653.111,611.07,611.7,0
2026-04-10T22:00:00+00:00,611.79,611.8566,611.1,611.7435,0
2026-04-10T23:00:00+00:00,611.7,612.51,611.27,612.49,0
2026-04-13T08:00:00+00:00,606.69,607.4,605.48,607.15,0
2026-04-13T09:00:00+00:00,607.07,607.37,606.4682,607.23,0
2026-04-13T10:00:00+00:00,607.21,607.47,606.8887,607.1167,0
2026-04-13T11:00:00+00:00,607.192,611.07,606.98,607.63,0
2026-04-13T12:00:00+00:00,607.55,610.612,602.68,607.23,0
2026-04-13T13:00:00+00:00,607.24,611.07,607.14,609.461,0
2026-04-13T13:30:00+00:00,609.789978,612.25,608.1099854,611.3380127,8962496
2026-04-13T14:30:00+00:00,611.375,612.8800049,610.9400024,611.7999268,3271610
2026-04-13T15:30:00+00:00,611.7600098,613.7600098,611.0700073,613.4899902,2887391
2026-04-13T16:30:00+00:00,613.5,614.8251953,612.5700073,614.5999756,5401272
2026-04-13T17:30:00+00:00,614.5900269,614.7901001,613.8099976,613.8900146,2018409
2026-04-13T18:30:00+00:00,613.8800049,615.3900146,613.8300171,615.3449707,2433972
2026-04-13T19:30:00+00:00,615.3300171,617.960022,615.1591187,617.3200073,4999047
2026-04-13T20:00:00+00:00,617.3,618.47,617.16,618.4078,0
2026-04-13T21:00:00+00:00,618.4609,625.979,617.39,618.2,0
2026-04-13T22:00:00+00:00,618.149,618.7,617.94,618.61,0
2026-04-13T23:00:00+00:00,618.61,619.2,618.385,618.4526,0
2026-04-14T08:00:00+00:00,618.28,619.92,617.39,619.92,0
2026-04-14T09:00:00+00:00,619.91,620.65,619.7,620.09,0
2026-04-14T10:00:00+00:00,620.0885,620.2102,619.5151,619.9717,0
2026-04-14T11:00:00+00:00,620.01,620.3183,617.39,620.2005,0
2026-04-14T12:00:00+00:00,620.1657,621.19,616.927,621.15,0
2026-04-14T13:00:00+00:00,621.23,621.66,617.39,620.169,0
2026-04-14T13:30:00+00:00,620.2700195,623.7800293,620.0999756,623.710022,11898180
2026-04-14T14:30:00+00:00,623.7600098,624.7700195,622.7600098,624.460022,6908947
2026-04-14T15:30:00+00:00,624.4699707,626.8093872,624.4500122,626.7199707,6890452
2026-04-14T16:30:00+00:00,626.7199707,627.4650269,626.1599731,627.0599976,5020302
2026-04-14T17:30:00+00:00,627.0800171,627.7000122,625.6799927,626.2600098,5635012
2026-04-14T18:30:00+00:00,626.2600098,628.1799927,626.0599976,628.1199951,4712330
2026-04-14T19:30:00+00:00,628.0800171,628.5999756,627.3599854,628.539978,5747392
2026-04-14T20:00:00+00:00,628.53,628.6,587.2,628.2988,0
2026-04-14T21:00:00+00:00,628.315,628.6,587.82,628.203,0
2026-04-14T22:00:00+00:00,628.19,628.78,627.9982,628.43,0
2026-04-14T23:00:00+00:00,628.44,629.38,628.38,628.96,0
2026-04-15T08:00:00+00:00,628.64,629.775,627.7195,629.15,0
2026-04-15T09:00:00+00:00,629.09,629.5,628.17,628.3385,0
2026-04-15T10:00:00+00:00,628.3333,628.4941,627.13,627.2815,0
2026-04-15T11:00:00+00:00,627.336,628.6,626.9881,628.11,0
2026-04-15T12:00:00+00:00,628.099,629.6,627.6,627.96,0
2026-04-15T13:00:00+00:00,627.8909,629.199,627.879,629.08,0
2026-04-15T13:30:00+00:00,629.125,631.7299805,628.2000122,631.7249756,10102146
2026-04-15T14:30:00+00:00,631.7299805,633.4000244,631.1300049,633.1749878,5639089
2026-04-15T15:30:00+00:00,633.1799927,634.5701294,632.5599976,633.7050171,5090516
2026-04-15T16:30:00+00:00,633.7199707,633.7999878,630.9500122,633.0150146,7814867
2026-04-15T17:30:00+00:00,633.0079956,634.6900024,632.6799927,634.4793091,5150714
2026-04-15T18:30:00+00:00,634.4849854,636.6599731,634.4849854,636.6300049,5379255
2026-04-15T19:30:00+00:00,636.6199951,637.6500244,636.4799805,637.3649902,6731624
2026-04-15T20:00:00+00:00,637.365,637.54,633,637.1988,0
2026-04-15T21:00:00+00:00,637.15,637.4,636.9,637,0
2026-04-15T22:00:00+00:00,637.03,637.98,636.9,637.88,0
2026-04-15T23:00:00+00:00,637.9235,638.5,637.78,638.335,0
2026-04-16T08:00:00+00:00,639.67,640.3502,637.4,639,0
2026-04-16T09:00:00+00:00,638.9396,639.6802,638.59,639.46,0
2026-04-16T10:00:00+00:00,639.46,639.841,639.06,639.07,0
2026-04-16T11:00:00+00:00,639.0835,639.0835,637.4,638.2099,0
2026-04-16T12:00:00+00:00,638.2317,639.01,636.922,638.845,0
2026-04-16T13:00:00+00:00,638.87,639.47,637.4,639.22,0
2026-04-16T13:30:00+00:00,639.2150269,639.5800171,635.2550049,637.0999756,10080639
2026-04-16T14:30:00+00:00,637.0999756,640.75,637.039978,639.6500244,5941209
2026-04-16T15:30:00+00:00,639.6799927,642.1799927,639.5,641.1199951,4880222
2026-04-16T16:30:00+00:00,641.1300049,641.2199707,639.0189819,640.1300049,3965856
2026-04-16T17:30:00+00:00,640.1400146,640.9199829,637.2000122,637.6000977,4544301
2026-04-16T18:30:00+00:00,637.6099854,639.8400269,637.5900269,639.3499756,4803131
2026-04-16T19:30:00+00:00,639.3499756,640.7199707,639.2208862,640.4099731,4929662
2026-04-16T20:00:00+00:00,640.38,640.5,639.1364,639.95,0
2026-04-16T21:00:00+00:00,639.92,662.9285,639.31,639.57,0
2026-04-16T22:00:00+00:00,639.58,640.41,639.48,640.11,0
2026-04-16T23:00:00+00:00,640.12,640.4102,640.01,640.2313,0
2026-04-17T08:00:00+00:00,640.65,640.9,639.55,640.88,0
2026-04-17T09:00:00+00:00,640.88,641.6,640.6993,641.58,0
2026-04-17T10:00:00+00:00,641.5805,642.0205,641.14,641.5387,0
2026-04-17T11:00:00+00:00,641.479,642.08,640.47,641.97,0
2026-04-17T12:00:00+00:00,641.97,643.89,639.99,643.7912,0
2026-04-17T13:00:00+00:00,643.831,648.5,640.47,645.53,0
2026-04-17T13:30:00+00:00,645.5499878,647.5300293,644.0700073,646.6300049,14422022
2026-04-17T14:30:00+00:00,646.6400146,649.4199829,646.6350098,649.0598755,6812185
2026-04-17T15:30:00+00:00,649.0800171,649.9000244,647.8699951,649.3499756,9084304
2026-04-17T16:30:00+00:00,649.375,650,646.4899902,647.3798828,5142899
2026-04-17T17:30:00+00:00,647.3400269,648.7299805,646.9400024,647.6524048,5035817
2026-04-17T18:30:00+00:00,647.6599731,648.3599854,647.0200195,647.5200195,4342276
2026-04-17T19:30:00+00:00,647.5200195,648.8499756,647.5198975,648.7800293,4696462
2026-04-17T20:00:00+00:00,648.71,649.12,648.4395,649.03,0
2026-04-17T21:00:00+00:00,649.02,649.2205,648.84,649.07,0
2026-04-17T22:00:00+00:00,649.09,649.2,648.71,648.89,0
2026-04-17T23:00:00+00:00,648.805,649.24,648.6,648.85,0
2026-04-20T09:00:00+00:00,645.64,645.64,645.5695,645.5695,0
2026-04-20T10:00:00+00:00,645.68,646.45,645.4695,645.89,0
2026-04-20T11:00:00+00:00,645.9186,648.85,645.215,645.3887,0
2026-04-20T12:00:00+00:00,645.3785,649.336,645.28,646.0696,0
2026-04-20T13:00:00+00:00,646.19,648.85,645.959,648,0
2026-04-20T13:30:00+00:00,648.039978,648.75,646.0800171,646.4050293,7344205
2026-04-20T14:30:00+00:00,646.3800049,646.6594238,642.5200195,645.6500244,12601892
2026-04-20T15:30:00+00:00,645.6199951,645.6199951,644.0800171,645.0800171,3379451
2026-04-20T16:30:00+00:00,645.1099854,646.0900269,644.7550049,645.6099854,2257173
2026-04-20T17:30:00+00:00,645.5999756,646.710022,645.3099976,646.4899902,2270282
2026-04-20T18:30:00+00:00,646.5,646.8099976,645.9349976,646.3297729,2732413
2026-04-20T19:30:00+00:00,646.3099976,646.9299927,645.9199829,646.7700195,3356621
2026-04-20T20:00:00+00:00,646.79,648.85,646.4195,647.5,0
2026-04-20T21:00:00+00:00,647.435,671.1945,646.79,647.3207,0
2026-04-20T22:00:00+00:00,647.32,648.43,647.148,648.2913,0
2026-04-20T23:00:00+00:00,648.295,648.34,647.8993,647.9701,0
2026-04-21T08:00:00+00:00,648.41,649.528,646.79,648.9,0
2026-04-21T09:00:00+00:00,648.8195,649.451,648.3232,648.6288,0
2026-04-21T10:00:00+00:00,648.71,649.6012,648.69,649.3,0
2026-04-21T11:00:00+00:00,649.32,650.16,646.79,649.99,0
2026-04-21T12:00:00+00:00,649.9805,650.59,646.305,649.6,0
2026-04-21T13:00:00+00:00,649.6,649.95,646.79,648.34,0
2026-04-21T13:30:00+00:00,648.3900146,650.2000122,646.4500122,649.1682129,8435442
2026-04-21T14:30:00+00:00,649.1400146,649.5800171,644.8800049,646.3099976,5932089
2026-04-21T15:30:00+00:00,646.2999878,647.7299805,645.5900269,645.8950195,3266275
2026-04-21T16:30:00+00:00,645.8200073,646.8499756,643.3649902,644.1796265,4239334
2026-04-21T17:30:00+00:00,644.1799927,647.4199829,644.1199951,645.2199707,3640448
2026-04-21T18:30:00+00:00,645.210022,647.6900024,644.914978,647.6312256,3559715
2026-04-21T19:30:00+00:00,647.6599731,647.8300171,642.210022,644.2800293,7093566
2026-04-21T20:00:00+00:00,644.32,647.99,643.37,646.3,0
2026-04-21T21:00:00+00:00,646.29,646.6,644.33,646.49,0
2026-04-21T22:00:00+00:00,646.53,647.0915,646.46,646.665,0
2026-04-21T23:00:00+00:00,646.6696,647.56,646.5578,647.4766,0
2026-04-22T08:00:00+00:00,648.73,649.78,644.33,648.4554,0
2026-04-22T09:00:00+00:00,648.53,649.6512,647.7695,649.6,0
2026-04-22T10:00:00+00:00,649.55,649.7007,648.375,648.98,0
2026-04-22T11:00:00+00:00,649.01,649.39,644.33,648.6,0
2026-04-22T12:00:00+00:00,648.63,650.6135,648.36,649.839,0
2026-04-22T13:00:00+00:00,649.87,650.301,644.33,650.14,0
2026-04-22T13:30:00+00:00,650.2600098,652.789978,648.5200195,652.7600098,8791027
2026-04-22T14:30:00+00:00,652.75,653.2299805,651.6099854,652.7800293,5489795
2026-04-22T15:30:00+00:00,652.7700195,653.1400146,652.1400146,652.4299927,2844895
2026-04-22T16:30:00+00:00,652.4099731,654.25,652.0300293,653.710022,3173662
2026-04-22T17:30:00+00:00,653.7299805,654.2299805,652.8895264,653.0499878,3474599
2026-04-22T18:30:00+00:00,653.0549927,654.4290771,652.5300293,654.1400146,3162870
2026-04-22T19:30:00+00:00,654.1300049,655.3300171,653.960022,655.0800171,6159771
2026-04-22T20:00:00+00:00,655.06,656.34,572.1778,655.735,0
2026-04-22T21:00:00+00:00,655.7,655.99,654.8,655.08,0
2026-04-22T22:00:00+00:00,654.82,655.47,654.74,655.215,0
2026-04-22T23:00:00+00:00,655.225,655.55,655.1,655.475,0
2026-04-23T08:00:00+00:00,653.07,655.11,650.5992,652.58,0
2026-04-23T09:00:00+00:00,652.58,652.58,650.5195,651.75,0
2026-04-23T10:00:00+00:00,651.92,652.2012,651.149,651.77,0
2026-04-23T11:00:00+00:00,651.79,655.11,651.659,652.35,0
2026-04-23T12:00:00+00:00,652.46,655.601,651.77,654.03,0
2026-04-23T13:00:00+00:00,653.945,655.11,652.2,653.5,0
2026-04-23T13:30:00+00:00,653.539978,655.6199951,652.3099976,653.5200195,7528016
2026-04-23T14:30:00+00:00,653.5449829,656.7800293,653.2902222,656.3300171,3500544
2026-04-23T15:30:00+00:00,656.2999878,656.9199829,654.1199951,655.3099976,2787083
2026-04-23T16:30:00+00:00,655.3099976,656.0200195,649.7999878,650.0650024,5972286
2026-04-23T17:30:00+00:00,650.0800171,651.9699707,645.5250244,651.6749878,9361281
2026-04-23T18:30:00+00:00,651.6799927,652.7399902,649.3400269,651.1099854,3423558
2026-04-23T19:30:00+00:00,651.1099854,651.8499146,649.3499756,651.4099731,3641594
2026-04-23T20:00:00+00:00,651.39,652.8805,651.0395,651.69,0
2026-04-23T21:00:00+00:00,651.9427,681.274,651.42,653.46,0
2026-04-23T22:00:00+00:00,653.43,654.48,653.11,654.269,0
2026-04-23T23:00:00+00:00,654.29,655.2,647.42,655.2,0
2026-04-24T08:00:00+00:00,655.995,657.065,651.42,656.0985,0
2026-04-24T09:00:00+00:00,656.03,656.1,654.9885,655.79,0
2026-04-24T10:00:00+00:00,655.6852,657.97,655.6,657.8,0
2026-04-24T11:00:00+00:00,657.7965,661.9,651.42,661.87,0
2026-04-24T12:00:00+00:00,661.85,662.1324,651.908,660.47,0
2026-04-24T13:00:00+00:00,660.46,660.57,583.69,658.52,0
2026-04-24T13:30:00+00:00,658.4699707,659.8499756,656.5300903,658.1400146,11152297
2026-04-24T14:30:00+00:00,658.2399902,661.3699951,657.460022,661.2000122,6183311
2026-04-24T15:30:00+00:00,661.2299805,663.4349976,660.7700195,663,5925375
2026-04-24T16:30:00+00:00,663,663.7399292,662.2249756,662.6199951,2989687
2026-04-24T17:30:00+00:00,662.6049805,664.5100098,662.3200073,662.7600098,3393552
2026-04-24T18:30:00+00:00,662.789978,664.3800049,662.7000122,663.6300049,5014224
2026-04-24T19:30:00+00:00,663.6199951,664.2399902,663.2000122,663.9099731,6637284
2026-04-24T20:00:00+00:00,663.92,664.13,663.2,664.1099,0
2026-04-24T21:00:00+00:00,664.1072,667.3625,653.111,663.55,0
2026-04-24T22:00:00+00:00,663.55,663.63,663.43,663.53,0
2026-04-24T23:00:00+00:00,663.56,663.88,663.4,663.6523,0
2026-04-27T08:00:00+00:00,663.77,666.55,662.939,663.47,0
2026-04-27T09:00:00+00:00,663.5056,664.54,663.48,664.44,0
2026-04-27T10:00:00+00:00,664.47,664.81,664.2,664.5135,0
2026-04-27T11:00:00+00:00,664.47,665.5512,663.88,665.42,0
2026-04-27T12:00:00+00:00,665.4286,665.6,663.1787,663.655,0
2026-04-27T13:00:00+00:00,663.65,664.061,652.745,663.47,0
2026-04-27T13:30:00+00:00,663.3850098,663.8499756,660.6900024,662.1699829,9878956
2026-04-27T14:30:00+00:00,662.1859741,663.2800293,660.9500122,661.8200073,4578008
2026-04-27T15:30:00+00:00,661.8300171,662.9099731,661.6099854,662.5800171,2850422
2026-04-27T16:30:00+00:00,662.5800171,663.6500244,662.5800171,663.4699707,2678173
2026-04-27T17:30:00+00:00,663.4400024,664.1224976,663.4400024,663.8599854,4011496
2026-04-27T18:30:00+00:00,663.8400269,664.375,662.9299927,663.6901245,3552589
2026-04-27T19:30:00+00:00,663.710022,664.4199829,663.4299927,664.2700195,3253113
2026-04-27T20:00:00+00:00,664.24,664.24,662.012,663.69,0
2026-04-27T21:00:00+00:00,663.68,664.23,625.979,663.8892,0
2026-04-27T22:00:00+00:00,663.77,665.56,663.77,665.225,0
2026-04-27T23:00:00+00:00,665.2178,665.68,665.0025,665.3409,0
2026-04-28T08:00:00+00:00,661.78,664.23,660.91,662.2012,0
2026-04-28T09:00:00+00:00,662.15,662.27,661.0587,661.16,0
2026-04-28T10:00:00+00:00,661.12,661.14,659.66,660.07,0
2026-04-28T11:00:00+00:00,660.1,664.23,656.88,657.26,0
2026-04-28T12:00:00+00:00,657.26,664.728,654.67,654.9,0
2026-04-28T13:00:00+00:00,654.89,664.23,654.5,657.57,0
2026-04-28T13:30:00+00:00,657.4550171,659.6400146,655.2750244,657.6386108,10914906
2026-04-28T14:30:00+00:00,657.6572266,657.9299927,653.8609009,654.6849976,5782351
2026-04-28T15:30:00+00:00,654.585022,655.678894,653.8099976,655.2550049,4068703
2026-04-28T16:30:00+00:00,655.2700195,655.9199829,654.2501221,655.5800171,2007166
2026-04-28T17:30:00+00:00,655.5800171,657.960022,655.5620117,657.8200073,2538420
2026-04-28T18:30:00+00:00,657.8099976,658.9639893,656.3800049,658.0300293,3094495
2026-04-28T19:30:00+00:00,658.0299072,658.1500244,657.2700195,657.5700073,3761298
2026-04-28T20:00:00+00:00,657.58,658.4802,657.06,658.13,0
2026-04-28T21:00:00+00:00,658.145,658.36,657.55,658.235,0
2026-04-28T22:00:00+00:00,658.35,659.09,658.3412,658.9,0
2026-04-28T23:00:00+00:00,658.9,659.4902,658.6603,659.3842,0
2026-04-29T08:00:00+00:00,659.46,661.2217,657.55,659.5587,0
2026-04-29T09:00:00+00:00,659.6,660.13,658.579,659.67,0
2026-04-29T10:00:00+00:00,659.6,660.55,658.7292,660.45,0
2026-04-29T11:00:00+00:00,660.45,660.541,657.55,659.94,0
2026-04-29T12:00:00+00:00,659.871,660.4502,658.919,659.23,0
2026-04-29T13:00:00+00:00,659.185,663.98,657.55,658.67,0
2026-04-29T13:30:00+00:00,658.5800171,660.2800293,656.5899048,660.0599976,6147273
2026-04-29T14:30:00+00:00,660.0700073,661.2299805,658.9299927,660.2399902,3804193
2026-04-29T15:30:00+00:00,660.2498779,660.7399902,658.3800049,658.460022,3499793
2026-04-29T16:30:00+00:00,658.4099731,659.1199951,657.289978,658.7067871,2577105
2026-04-29T17:30:00+00:00,658.789978,659.75,657.3900146,658.6290894,2589973
2026-04-29T18:30:00+00:00,658.6300049,661.7199707,657.75,661.0549927,4503409
2026-04-29T19:30:00+00:00,661.0499878,661.5999756,659.8599854,661.5999756,3680083
2026-04-29T20:00:00+00:00,661.61,689.8829,655.76,657.16,0
2026-04-29T21:00:00+00:00,657.18,661.57,657.1,660.52,0
2026-04-29T22:00:00+00:00,660.32,665.6,658.6682,664.98,0
2026-04-29T23:00:00+00:00,664.91,666.9012,664.4895,666.82,0
2026-04-30T08:00:00+00:00,662.19,663.51,658.17,662.34,0
2026-04-30T09:00:00+00:00,662.3712,663.2,661.639,663.03,0
2026-04-30T10:00:00+00:00,663.12,664.28,662.24,663.68,0
2026-04-30T11:00:00+00:00,663.77,665.44,661.57,665.44,0
2026-04-30T12:00:00+00:00,665.4,666.6,661.074,666.5927,0
2026-04-30T13:00:00+00:00,666.61,666.745,661.57,665.59,0
2026-04-30T13:30:00+00:00,665.3099976,665.3120117,657.5599976,659.1298828,12183330
2026-04-30T14:30:00+00:00,659.5,663.6400146,657.7700195,663.375,5221667
2026-04-30T15:30:00+00:00,663.3900146,664.1900024,661.6400146,663.6500244,2780012
2026-04-30T16:30:00+00:00,663.6699829,664.789978,662.0300293,664.7800293,3912044
2026-04-30T17:30:00+00:00,664.7750244,667.710022,664.7600098,667.1796265,4193157
2026-04-30T18:30:00+00:00,667.1699829,668.2600098,666.6900024,667.8900146,4232738
2026-04-30T19:30:00+00:00,667.7199707,668.75,667.4000244,667.5700073,5135043
2026-04-30T20:00:00+00:00,667.61,668.5,663.7807,668,0
2026-04-30T21:00:00+00:00,668.2,708.6973,659.4139,668.755,0
2026-04-30T22:00:00+00:00,668.8,669.19,667.05,667.5607,0
2026-04-30T23:00:00+00:00,667.6465,668.602,667.525,667.8901,0
2026-05-01T08:00:00+00:00,667.91,669.3972,667.74,668.01,0
2026-05-01T09:00:00+00:00,667.96,667.96,667.06,667.48,0
2026-05-01T10:00:00+00:00,667.47,667.93,667.36,667.55,0
2026-05-01T11:00:00+00:00,667.513,667.7502,666.6,667.1292,0
2026-05-01T12:00:00+00:00,667.12,669,666.9,668.77,0
2026-05-01T13:00:00+00:00,668.69,669.2405,667.5782,669.095,0
2026-05-01T13:30:00+00:00,669.1599731,675.7600098,668.7999878,674.8649902,11736144
2026-05-01T14:30:00+00:00,674.9000244,674.9000244,672.0100098,674.7000122,5947353
2026-05-01T15:30:00+00:00,674.710022,675.9699707,673.6300049,674.0100098,5923565
2026-05-01T16:30:00+00:00,673.9699707,675.2849731,673.3300171,675.2399902,2609357
2026-05-01T17:30:00+00:00,675.25,675.5200195,674.0700073,674.8701172,2387010
2026-05-01T18:30:00+00:00,674.8370972,675.6400146,673.0900879,675.5499878,3581744
2026-05-01T19:30:00+00:00,675.5504761,675.6599731,673.8400269,674.1599731,3780084
2026-05-01T20:00:00+00:00,674.09,674.19,672.62,672.95,0
2026-05-01T21:00:00+00:00,672.99,674.15,672.935,673.86,0
2026-05-01T22:00:00+00:00,673.83,674.15,673.59,673.712,0
2026-05-01T23:00:00+00:00,673.665,673.89,673.5,673.5501,0
2026-05-04T08:00:00+00:00,676.0298,677.3272,674.9097,675.79,0
2026-05-04T09:00:00+00:00,675.92,676.1,675.3997,676.0622,0
2026-05-04T10:00:00+00:00,676,676.35,670.08,672.1429,0
2026-05-04T11:00:00+00:00,672.2,674.6217,672,673.8682,0
2026-05-04T12:00:00+00:00,673.8,675.27,672.8477,674.88,0
2026-05-04T13:00:00+00:00,674.86,675.24,673.069,674.62,0
2026-05-04T13:30:00+00:00,674.6400146,676.0599976,673.5599976,675.0300293,7095753
2026-05-04T14:30:00+00:00,675.0300293,676.7299805,671.3200073,672.7849731,6183611
2026-05-04T15:30:00+00:00,672.7800293,672.9699707,668.9000244,671.2700195,5638528
2026-05-04T16:30:00+00:00,671.2849731,673.4500122,670.6699829,673.2224121,3690852
2026-05-04T17:30:00+00:00,673.2399902,673.789917,671.7199707,672.6500244,2462185
2026-05-04T18:30:00+00:00,672.6400146,673.0800171,671.3900146,672.8300171,3624361
2026-05-04T19:30:00+00:00,672.835022,673.1950073,672.0700073,672.8800049,3082755
2026-05-04T20:00:00+00:00,672.83,672.88,671.86,671.97,0
2026-05-04T21:00:00+00:00,672,672.88,672,672.49,0
2026-05-04T22:00:00+00:00,672.2482,673,671.1945,672.19,0
2026-05-04T23:00:00+00:00,672.18,672.4399,671.7287,672.0195,0
2026-05-05T08:00:00+00:00,675.36,676.6605,672.88,676.3674,0
2026-05-05T09:00:00+00:00,676.3,676.78,676.0692,676.52,0
2026-05-05T10:00:00+00:00,676.55,677.14,676.3887,676.7594,0
2026-05-05T11:00:00+00:00,676.84,677.24,672.88,676.49,0
2026-05-05T12:00:00+00:00,676.52,678.36,676.4978,677.93,0
2026-05-05T13:00:00+00:00,677.98,678.35,672.88,677.98,0
2026-05-05T13:30:00+00:00,677.9500122,681.460022,677.5100098,681.1199951,9677563
2026-05-05T14:30:00+00:00,681.1300049,681.6099854,680.0300293,681.3400269,5598323
2026-05-05T15:30:00+00:00,681.4000244,681.9400024,680.4199829,681.0250244,3360491
2026-05-05T16:30:00+00:00,681.0300293,681.7600098,680.4799805,681.7449951,3916528
2026-05-05T17:30:00+00:00,681.75,682.7199707,681.5200195,682.539978,3399126
2026-05-05T18:30:00+00:00,682.5300293,682.7733765,681.9550171,682.2750244,4044988
2026-05-05T19:30:00+00:00,682.2600098,682.3499146,680.8682861,681.5100098,3390819
2026-05-05T20:00:00+00:00,681.51,684.17,680.9785,683.245,0
2026-05-05T21:00:00+00:00,683.25,684.4,681.61,684.25,0
2026-05-05T22:00:00+00:00,684.28,688.3,684.2192,687.315,0
2026-05-05T23:00:00+00:00,687.27,687.57,686.62,687.235,0
2026-05-06T08:00:00+00:00,686.7,687.22,681.61,686.5387,0
2026-05-06T09:00:00+00:00,686.5536,690.79,686.4871,689.6573,0
2026-05-06T10:00:00+00:00,689.62,691.84,689.44,691.73,0
2026-05-06T11:00:00+00:00,691.68,693.7,681.61,692.7933,0
2026-05-06T12:00:00+00:00,692.8199,693.04,688.76,690.355,0
2026-05-06T13:00:00+00:00,690.39,690.52,681.61,687.81,0
2026-05-06T13:30:00+00:00,687.8099976,690.5200195,686.4799805,688.4199829,11599098
2026-05-06T14:30:00+00:00,688.4400024,692.4000244,688.4400024,692.289978,4970780
2026-05-06T15:30:00+00:00,692.289978,692.8499756,691.1500244,692.1900024,3183941
2026-05-06T16:30:00+00:00,692.2249756,692.6282959,690.7435303,692.4199829,2480982
2026-05-06T17:30:00+00:00,692.4099731,693.7600098,692.3699951,693.6400146,2776136
2026-05-06T18:30:00+00:00,693.7399902,695.2122803,693.4199829,695.0501099,3871511
2026-05-06T19:30:00+00:00,695.0499878,695.9299927,694.4199829,695.5900269,6268228
2026-05-06T20:00:00+00:00,695.77,697.64,695.125,695.56,0
2026-05-06T21:00:00+00:00,695.5,696.35,693.54,693.7507,0
2026-05-06T22:00:00+00:00,693.75,695.77,693.75,694.615,0
2026-05-06T23:00:00+00:00,694.5418,695.06,694.189,694.51,0
2026-05-07T08:00:00+00:00,697.25,698.11,695.0195,696.478,0
2026-05-07T09:00:00+00:00,696.47,696.9087,695.6722,696.52,0
2026-05-07T10:00:00+00:00,696.4503,696.8785,695.22,695.89,0
2026-05-07T11:00:00+00:00,695.87,696.6,695.6,695.6897,0
2026-05-07T12:00:00+00:00,695.6504,696.46,695.249,696.34,0
2026-05-07T13:00:00+00:00,696.378,696.84,695.22,696.65,0
2026-05-07T13:30:00+00:00,696.2299805,700.0800171,695.539978,699.5200195,9316092
2026-05-07T14:30:00+00:00,699.539978,701.2299805,698.3499756,699.0499878,4372529
2026-05-07T15:30:00+00:00,699.1574707,700.0999756,693.789978,696.3150024,5499518
2026-05-07T16:30:00+00:00,696.3099976,697.1599731,691.7800293,693.0750122,5346537
2026-05-07T17:30:00+00:00,693.0900269,695.7800293,692.6489868,694.2000122,4820078
2026-05-07T18:30:00+00:00,694.2000122,695.0800171,692.4849854,693.1500244,4942343
2026-05-07T19:30:00+00:00,693.1900024,695.5499878,693.0800171,694.9199829,6056313
2026-05-07T20:00:00+00:00,694.74,696.9,693.74,693.91,0
2026-05-07T21:00:00+00:00,694.02,694.94,690.7312,691.33,0
2026-05-07T22:00:00+00:00,691.41,694.55,691.41,693.2382,0
2026-05-07T23:00:00+00:00,693.155,694.7809,693.08,694.7347,0
2026-05-08T08:00:00+00:00,698.53,699.6084,694.94,699.36,0
2026-05-08T09:00:00+00:00,699.3987,700.34,699.04,700.19,0
2026-05-08T10:00:00+00:00,700.1195,700.12,698.78,699.69,0
2026-05-08T11:00:00+00:00,699.67,700.24,694.94,700.195,0
2026-05-08T12:00:00+00:00,700.19,700.74,655.5299,700.3434,0
2026-05-08T13:00:00+00:00,700.5,702.24,694.94,699.805,0
2026-05-08T13:30:00+00:00,699.9199829,706.7791138,699.5300293,705.4699707,10065318
2026-05-08T14:30:00+00:00,705.4799805,707.2700195,704.5700073,707.1901245,5661846
2026-05-08T15:30:00+00:00,707.2299805,708.6799927,706.5100098,708.6149902,5516874
2026-05-08T16:30:00+00:00,708.6149902,710.460022,707.5100098,710.2000122,4830794
2026-05-08T17:30:00+00:00,710.210022,710.4998779,708.9799805,709.7476196,3840069
2026-05-08T18:30:00+00:00,709.7299805,710.1900024,708.5499878,709.125,4305647
2026-05-08T19:30:00+00:00,709.1400146,711.1300049,708.9899902,711.1099854,7425589
2026-05-08T20:00:00+00:00,711.19,712.12,667.3625,711,0
2026-05-08T21:00:00+00:00,710.94,711.5,710.92,711.3137,0
2026-05-08T22:00:00+00:00,711.345,712.63,711.3,711.78,0
2026-05-08T23:00:00+00:00,711.78,712.41,711.69,712.105,0
2026-05-11T08:00:00+00:00,710.79,711.5675,709.47,709.4867,0
2026-05-11T09:00:00+00:00,709.47,711.0707,709.36,710.71,0
2026-05-11T10:00:00+00:00,710.72,711.7515,710.12,710.5233,0
2026-05-11T11:00:00+00:00,710.51,712.08,709.96,711.9709,0
2026-05-11T12:00:00+00:00,711.99,712.33,709.69,710.4,0
2026-05-11T13:00:00+00:00,710.39,711.23,709.23,710.28,0
2026-05-11T13:30:00+00:00,710.3599854,713.5,709.6099854,709.8300171,9738057
2026-05-11T14:30:00+00:00,709.8599854,713.3099976,708.9099731,713.2700195,5284678
2026-05-11T15:30:00+00:00,713.3499756,714.5900269,712.7750244,714.1900024,3275622
2026-05-11T16:30:00+00:00,714.1900024,714.5,711.9110107,713.5499878,3127822
2026-05-11T17:30:00+00:00,713.8200073,714.460022,713.5100098,714.3690796,3002271
2026-05-11T18:30:00+00:00,714.3500977,714.3500977,711.9299927,712.1630859,4300533
2026-05-11T19:30:00+00:00,712.1400146,713.3900146,711.8699951,713.3499756,3558826
2026-05-11T20:00:00+00:00,713.35,713.37,710.78,712.57,0
2026-05-11T21:00:00+00:00,712.36,713.29,665.2911,712.5877,0
2026-05-11T22:00:00+00:00,712.68,713.9491,712.68,713.72,0
2026-05-11T23:00:00+00:00,713.7416,713.93,713.13,713.3,0
2026-05-12T08:00:00+00:00,708.86,713.29,706.9975,708.33,0
2026-05-12T09:00:00+00:00,708.3509,708.46,707.315,707.9224,0
2026-05-12T10:00:00+00:00,708.05,709.02,708.05,708.5,0
2026-05-12T11:00:00+00:00,708.5,713.29,706.28,707.005,0
2026-05-12T12:00:00+00:00,707,712.756,705.97,706.65,0
2026-05-12T13:00:00+00:00,706.79,713.29,705.78,708.16,0
2026-05-12T13:30:00+00:00,708.1749878,710.1799927,704.9400024,705.0401001,9752964
2026-05-12T14:30:00+00:00,705.0499878,706.0100098,699.4799805,699.9335938,8128800
2026-05-12T15:30:00+00:00,699.9000244,701.6209106,698.3800049,699.0549927,5474988
2026-05-12T16:30:00+00:00,699.039978,701.289978,696.6599731,700.2349854,5697721
2026-05-12T17:30:00+00:00,700.25,703.0200195,699.960022,702.75,3932217
2026-05-12T18:30:00+00:00,702.75,704.5,701.6900024,704.0791016,3967409
2026-05-12T19:30:00+00:00,704.0800171,707.5499878,704.0800171,707.2000122,5429606
2026-05-12T20:00:00+00:00,707.22,707.2541,705.45,706.2277,0
2026-05-12T21:00:00+00:00,706.19,707.24,700.58,706.525,0
2026-05-12T22:00:00+00:00,706.47,707.46,706.24,706.49,0
2026-05-12T23:00:00+00:00,706.4,706.745,704.84,704.9,0
2026-05-13T08:00:00+00:00,711.83,713.86,707.24,713.64,0
2026-05-13T09:00:00+00:00,713.63,713.9,711.98,712.49,0
2026-05-13T10:00:00+00:00,712.39,713.36,712.2,712.51,0
2026-05-13T11:00:00+00:00,712.499,712.6287,707.24,711.71,0
2026-05-13T12:00:00+00:00,711.71,712.7,706.71,711.74,0
2026-05-13T13:00:00+00:00,711.6,711.6825,707.24,710.01,0
2026-05-13T13:30:00+00:00,709.8200073,709.9500122,704.8300171,708.789978,10840433
2026-05-13T14:30:00+00:00,709.1199951,711.5300293,708.3599854,710.5700073,4917717
2026-05-13T15:30:00+00:00,710.1799927,713.7700195,709.9500122,713.6000977,4027528
2026-05-13T16:30:00+00:00,713.5900269,715.0200195,713.0300293,714.8049927,3463812
2026-05-13T17:30:00+00:00,714.789978,716.6500244,713.6749878,716.2800293,3466860
2026-05-13T18:30:00+00:00,716.2750244,716.414978,714.2700195,715.6799927,4279344
2026-05-13T19:30:00+00:00,715.6900024,716.0499878,713.8599854,714.4799805,5126093
2026-05-13T20:00:00+00:00,714.47,716.19,689.8829,715.92,0
2026-05-13T21:00:00+00:00,715.86,716.6,714.71,716.19,0
2026-05-13T22:00:00+00:00,716.15,717.6883,715.76,717.2503,0
2026-05-13T23:00:00+00:00,717.28,718.63,717.2604,718.29,0
2026-05-14T08:00:00+00:00,717.498,718.49,714.71,717.48,0
2026-05-14T09:00:00+00:00,717.44,717.9,715.89,716.04,0
2026-05-14T10:00:00+00:00,715.96,717.425,714.72,716.35,0
2026-05-14T11:00:00+00:00,716.35,717.0305,714.71,715.76,0
2026-05-14T12:00:00+00:00,715.7897,717,715.246,716.76,0
2026-05-14T13:00:00+00:00,716.76,716.76,713.97,714.61,0
2026-05-14T13:30:00+00:00,714.6199951,719.6900024,714.2199707,718.1900024,8915657
2026-05-14T14:30:00+00:00,718.1699829,721.8099976,717.8800049,721.375,5244807
2026-05-14T15:30:00+00:00,721.4099731,722.0300293,720.4199829,720.6799927,3189857
2026-05-14T16:30:00+00:00,720.7399902,721.3599854,717.5599976,718.789978,4228518
2026-05-14T17:30:00+00:00,718.8099976,721.3300171,718.5700073,719.4299927,3643345
2026-05-14T18:30:00+00:00,719.4699707,720.9000244,719,720.0200195,2324130
2026-05-14T19:30:00+00:00,720.0200195,720.9000244,719.5599976,719.7150269,3100181
2026-05-14T20:00:00+00:00,719.78,725.694,708.6973,719.73,0
2026-05-14T21:00:00+00:00,719.7,719.7988,719.5,719.665,0
2026-05-14T22:00:00+00:00,719.76,720.48,719.3535,720.215,0
2026-05-14T23:00:00+00:00,720.21,720.8,719.485,719.7596,0
2026-05-15T08:00:00+00:00,713.27,719.79,708.675,708.83,0
2026-05-15T09:00:00+00:00,708.82,710.55,707.82,709.43,0
2026-05-15T10:00:00+00:00,709.32,710.82,707.62,709.99,0
2026-05-15T11:00:00+00:00,709.98,719.79,709.33,710.7601,0
2026-05-15T12:00:00+00:00,710.7925,719.251,707.56,708.17,0
2026-05-15T13:00:00+00:00,708.2,719.79,706.83,710.15,0
2026-05-15T13:30:00+00:00,710.1049805,712.6599731,705.5499878,710.4349976,14735801
2026-05-15T14:30:00+00:00,710.460022,712.0999756,709.2399902,711.420105,5014213
2026-05-15T15:30:00+00:00,711.4500122,712.5800171,708.539978,711.3900146,6394329
2026-05-15T16:30:00+00:00,711.4299927,713.7299805,710.1500244,713.4699707,3758325
2026-05-15T17:30:00+00:00,713.6799927,715.119873,712.4699707,712.6599731,5731783
2026-05-15T18:30:00+00:00,712.6599731,713.2000122,710.2399902,710.4000244,4495491
2026-05-15T19:30:00+00:00,710.3900146,711.5800171,708.3800049,708.8800049,5566289
2026-05-15T20:00:00+00:00,708.87,708.93,706.05,707.63,0
2026-05-15T21:00:00+00:00,707.535,708.93,707,707.71,0
2026-05-15T22:00:00+00:00,707.735,708.19,707.11,707.11,0
2026-05-15T23:00:00+00:00,707.17,707.25,706.1,706.49,0
2026-05-18T08:00:00+00:00,706.29,708.88,703.2682,708.64,0
2026-05-18T09:00:00+00:00,708.84,709.44,707.88,708.36,0
2026-05-18T10:00:00+00:00,708.3682,708.5985,706.23,706.64,0
2026-05-18T11:00:00+00:00,706.68,708.93,704.7,705.53,0
2026-05-18T12:00:00+00:00,705.55,710,705.5465,708.265,0
2026-05-18T13:00:00+00:00,708.27,713.5,705.01,711.52,0
2026-05-18T13:30:00+00:00,711.4400024,712.0700073,706.5200195,707.1005859,11755565
2026-05-18T14:30:00+00:00,707.1099854,707.5999756,702.2960815,702.3400269,7959088
2026-05-18T15:30:00+00:00,702.3850098,705.1599731,700,700.4400024,7091464
2026-05-18T16:30:00+00:00,700.4500122,704.4550171,699.619873,703.6030273,4770641
2026-05-18T17:30:00+00:00,703.6199951,704.0800171,699.3400269,700.7600098,4402811
2026-05-18T18:30:00+00:00,700.7700195,705.039978,698.8699951,701.4674072,6321550
2026-05-18T19:30:00+00:00,701.4899902,706.1599731,701.2700195,705.7000122,4663746
2026-05-18T20:00:00+00:00,705.85,705.88,703.7797,705.23,0
2026-05-18T21:00:00+00:00,705.2001,705.88,671.1945,705.5019,0
2026-05-18T22:00:00+00:00,705.52,707.46,705.52,707.1,0
2026-05-18T23:00:00+00:00,707.1012,707.73,706.11,706.565,0
2026-05-19T08:00:00+00:00,705.94,706.36,700.7585,703.15,0
2026-05-19T09:00:00+00:00,703.08,704.2684,700.86,700.98,0
2026-05-19T10:00:00+00:00,700.95,701.7267,699.53,701.045,0
2026-05-19T11:00:00+00:00,701.0817,705.88,699.53,701.2617,0
2026-05-19T12:00:00+00:00,701.2819,702,699.43,700.3,0
2026-05-19T13:00:00+00:00,700.2,706.409,698.72,699.72,0
2026-05-19T13:30:00+00:00,701.3200073,705.1300049,695.2700195,696.4299927,13532625
2026-05-19T14:30:00+00:00,696.4400024,700.0200195,695.5800171,697.9000244,6421364
2026-05-19T15:30:00+00:00,697.8499756,701.5599976,697.5701294,701.2449951,4850305
2026-05-19T16:30:00+00:00,701.1900024,706.4899902,701.0599976,705.4450073,5498292
2026-05-19T17:30:00+00:00,705.4400024,706.3300171,703.6550293,704.0100098,4052934
2026-05-19T18:30:00+00:00,703.9901123,704.8950195,701.6199951,702.8699951,4200388
2026-05-19T19:30:00+00:00,702.8900146,703.5300293,700.2000122,701.5300293,5573213
2026-05-19T20:00:00+00:00,701.57,752.9634,700.71,700.965,0
2026-05-19T21:00:00+00:00,700.9,701.73,700.9,701.65,0
2026-05-19T22:00:00+00:00,701.69,702.3188,700.26,701.28,0
2026-05-19T23:00:00+00:00,701.27,703.94,701.13,702.26,0
2026-05-20T08:00:00+00:00,704.21,705.84,700.48,705.72,0
2026-05-20T09:00:00+00:00,705.83,706.855,705.2,705.6127,0
2026-05-20T10:00:00+00:00,705.6515,707.3,705.6515,706.62,0
2026-05-20T11:00:00+00:00,706.6482,707.32,701.53,706.4104,0
2026-05-20T12:00:00+00:00,706.44,707.38,701.004,707.08,0
2026-05-20T13:00:00+00:00,707.13,708.655,701.53,705.3489,0
2026-05-20T13:30:00+00:00,705.3200073,709.1550293,703.789978,708.6099854,9991595
2026-05-20T14:30:00+00:00,708.5999756,713.0999756,707.789978,710.6300049,4998097
2026-05-20T15:30:00+00:00,710.6298828,712.2199707,708.6099854,709.2700195,3872373
2026-05-20T16:30:00+00:00,709.3200073,710.9500122,708.9500122,710.6799927,3172379
2026-05-20T17:30:00+00:00,710.710022,711.4400024,710.1779785,710.9500122,3190323
2026-05-20T18:30:00+00:00,710.9500122,712.0200195,710.5599976,711.8099976,2838804
2026-05-20T19:30:00+00:00,711.8099976,713.1099854,711.4899902,713.0700073,4915014
2026-05-20T20:00:00+00:00,713.06,713.15,709.55,710.285,0
2026-05-20T21:00:00+00:00,710.355,713.15,709.8,710.34,0
2026-05-20T22:00:00+00:00,710.3,710.3999,706.45,708.29,0
2026-05-20T23:00:00+00:00,708.3,713.15,707.66,708.2643,0
2026-05-21T08:00:00+00:00,711.5977,714.92,708.74,713.71,0
2026-05-21T09:00:00+00:00,713.7046,714.08,712.27,713.89,0
2026-05-21T10:00:00+00:00,713.8885,714.06,709.61,710.25,0
2026-05-21T11:00:00+00:00,710.16,713.15,708.48,710.4,0
2026-05-21T12:00:00+00:00,710.3603,710.66,709.07,709.48,0
2026-05-21T13:00:00+00:00,709.55,713.15,708.1,708.8897,0
2026-05-21T13:30:00+00:00,709,711.8900146,706.7700195,708.2650146,9583624
2026-05-21T14:30:00+00:00,708.3099976,710.0100098,706.8499756,709.3599854,4812887
2026-05-21T15:30:00+00:00,709.4500122,711.2399902,707.9899902,709.710022,3327735
2026-05-21T16:30:00+00:00,709.7399902,715.210022,708.7700195,713.6699829,4186070
2026-05-21T17:30:00+00:00,713.7449951,717.1195068,713.5949707,714.8250122,4873589
2026-05-21T18:30:00+00:00,714.8300171,715.0599976,710.9099731,714.0449829,4231752
2026-05-21T19:30:00+00:00,714.0200195,714.9000244,713.4099731,714.4400024,3241006
2026-05-21T20:00:00+00:00,714.51,715.08,714.22,714.6,0
2026-05-21T21:00:00+00:00,714.59,715,681.274,714.54,0
2026-05-21T22:00:00+00:00,714.59,716.78,714.565,716.71,0
2026-05-21T23:00:00+00:00,716.73,717.52,716.6,716.9365,0
2026-05-22T08:00:00+00:00,718.135,720.12,714.51,719.4,0
2026-05-22T09:00:00+00:00,719.4,719.41,715.87,716.11,0
2026-05-22T10:00:00+00:00,716.0882,717.3297,714.96,715.09,0
2026-05-22T11:00:00+00:00,715.09,716.06,714.51,715.49,0
2026-05-22T12:00:00+00:00,715.448,718.2,713.975,717.355,0
2026-05-22T13:00:00+00:00,717.36,718.67,714.51,718.055,0
2026-05-22T13:30:00+00:00,718.0599976,721.3300171,715.9699707,717.7199707,8447007
2026-05-22T14:30:00+00:00,717.710022,721.1599731,717.4899902,721.1400146,3472787
2026-05-22T15:30:00+00:00,721.1699829,721.2800293,719.4899902,720.1600952,2821544
2026-05-22T16:30:00+00:00,720.2000122,721.8499756,719.4000244,721.8400269,3418905
2026-05-22T17:30:00+00:00,721.8699951,722.1199951,719.7199707,720.0900269,3177256
2026-05-22T18:30:00+00:00,720.0599976,720.3850098,717.210022,717.385376,3793331
2026-05-22T19:30:00+00:00,717.3850098,718.2727051,716.9249878,717.4299927,4723147
2026-05-22T20:00:00+00:00,717.45,718.1,667.3625,716.715,0
2026-05-22T21:00:00+00:00,716.85,717.57,716.72,717.23,0
2026-05-22T22:00:00+00:00,717.21,717.33,716.4,716.51,0
2026-05-22T23:00:00+00:00,716.52,716.6055,715.31,715.31,0
2026-05-26T08:00:00+00:00,722.95,724.617,722.18,723.31,0
2026-05-26T09:00:00+00:00,723.33,724.58,722.9,724.5,0
2026-05-26T10:00:00+00:00,724.5,726,724.24,725.8631,0
2026-05-26T11:00:00+00:00,725.87,726.3,717.54,724.97,0
2026-05-26T12:00:00+00:00,724.97,726.01,718.078,725.8478,0
2026-05-26T13:00:00+00:00,725.8503,726.71,725.6404,726.08,0
2026-05-26T13:30:00+00:00,726.0250244,730.3200073,724.1599731,729.920105,10601998
2026-05-26T14:30:00+00:00,729.9000244,731.1699829,728.1500244,728.3099976,5356898
2026-05-26T15:30:00+00:00,728.3220215,728.4899902,725.5700073,728.1201172,3969057
2026-05-26T16:30:00+00:00,728.1591797,728.6898804,727.039978,727.5999146,2333845
2026-05-26T17:30:00+00:00,727.5921021,729.6199951,727.3201294,729.43927,2535016
2026-05-26T18:30:00+00:00,729.4299927,729.7999878,728.4500122,729.5800171,2677148
2026-05-26T19:30:00+00:00,729.5700073,731.0200195,729.5499878,730.2150269,3964243
2026-05-26T20:00:00+00:00,730.225,730.28,729.12,729.44,0
2026-05-26T21:00:00+00:00,729.4585,730.28,729.33,729.85,0
2026-05-26T22:00:00+00:00,729.77,730.16,729.08,729.3196,0
2026-05-26T23:00:00+00:00,729.31,730.81,729.27,730.65,0
2026-05-27T08:00:00+00:00,731.7,733.65,729.83,733.5,0
2026-05-27T09:00:00+00:00,733.49,733.66,732.59,733.01,0
2026-05-27T10:00:00+00:00,732.94,734.4,732.8,734.0316,0
2026-05-27T11:00:00+00:00,734.027,735.45,730.28,734.985,0
2026-05-27T12:00:00+00:00,734.9652,737.6,729.733,736.99,0
2026-05-27T13:00:00+00:00,737.04,737.065,730.28,732.97,0
2026-05-27T13:30:00+00:00,732.9500122,733.3200073,725.6699829,726.3549805,12639037
2026-05-27T14:30:00+00:00,726.3200073,728.960022,725.4400024,727.1799927,4672849
2026-05-27T15:30:00+00:00,727.1799927,728.7750244,725.539978,728.1900024,3622134
2026-05-27T16:30:00+00:00,728.1599731,729.5599976,725.8549805,727.2999878,4127712
2026-05-27T17:30:00+00:00,727.3499756,729.6699829,726.9700928,729.6699829,2631647
2026-05-27T18:30:00+00:00,729.6599731,729.8499756,728.5900269,728.9899902,2214730
2026-05-27T19:30:00+00:00,728.9899902,730.0698853,728.9699707,729.4899902,3118323
2026-05-27T20:00:00+00:00,729.45,731.4,689.8829,731.38,0
2026-05-27T21:00:00+00:00,731.2,731.39,729.45,730.5856,0
2026-05-27T22:00:00+00:00,730.69,731.5,729,729.78,0
2026-05-27T23:00:00+00:00,729.72,730.18,727.52,727.817,0
2026-05-28T08:00:00+00:00,727.41,729.45,722.76,727.58,0
2026-05-28T09:00:00+00:00,727.53,728.3,727.39,727.66,0
2026-05-28T10:00:00+00:00,727.66,728.1612,726.31,726.91,0
2026-05-28T11:00:00+00:00,726.75,729.45,725.27,725.84,0
2026-05-28T12:00:00+00:00,725.822,728.903,725.5612,727.35,0
2026-05-28T13:00:00+00:00,727.35,730.72,717.06,729.735,0
2026-05-28T13:30:00+00:00,729.7399902,732.8499756,726.4099731,731.9298706,10367191
2026-05-28T14:30:00+00:00,731.9299927,734.9849854,730.9199829,734.6699829,4360895
2026-05-28T15:30:00+00:00,734.6900024,736,734.1000977,735.6400146,3803915
2026-05-28T16:30:00+00:00,735.6450195,736.4500122,735.0700073,735.5750122,2058759
2026-05-28T17:30:00+00:00,735.5800171,736.5999756,735.1599731,735.9699707,2948322
2026-05-28T18:30:00+00:00,735.9500122,735.9799805,734.9199829,735.6500244,3586019
2026-05-28T19:30:00+00:00,735.6500244,736.25,735.0800171,735.5700073,3493002
2026-05-28T20:00:00+00:00,735.45,736.42,708.6973,735.88,0
2026-05-28T21:00:00+00:00,735.8,736.42,735.6,736.174,0
2026-05-28T22:00:00+00:00,736.2,736.94,735.24,735.47,0
2026-05-28T23:00:00+00:00,735.47,736.17,735.43,735.5392,0
2026-05-29T08:00:00+00:00,735.92,737.05,734.87,736.12,0
2026-05-29T09:00:00+00:00,736.18,737.5,735.68,737.17,0
2026-05-29T10:00:00+00:00,737.0908,737.17,735.8812,736.61,0
2026-05-29T11:00:00+00:00,736.5,737.58,735.6,736.6,0
2026-05-29T12:00:00+00:00,736.68,737.1393,735.85,736.52,0
2026-05-29T13:00:00+00:00,736.55,737.81,701.3399,737.8,0
2026-05-29T13:30:00+00:00,737.710083,741.6099854,737.039978,738.5,9918696
2026-05-29T14:30:00+00:00,738.4899902,739.3499756,735.25,738.3200073,6785823
2026-05-29T15:30:00+00:00,738.3200073,739.5380249,737.2999878,738.4899902,2598937
2026-05-29T16:30:00+00:00,738.4949951,739.5300293,737.3200073,737.6300049,2299062
2026-05-29T17:30:00+00:00,737.6300049,738.0100098,735.7800293,737.8699951,3258810
2026-05-29T18:30:00+00:00,737.8599854,738.4099731,736.3099976,737.8599854,3587030
2026-05-29T19:30:00+00:00,737.8699951,739.4199829,737.8699951,738.2249756,4602785
2026-05-29T20:00:00+00:00,738.24,738.61,737.6195,738.08,0
2026-05-29T21:00:00+00:00,738.08,738.31,737.5,737.725,0
2026-05-29T22:00:00+00:00,737.725,738.26,737.7,738.005,0
2026-05-29T23:00:00+00:00,738.0188,738.25,737.66,737.98,0
2026-06-01T08:00:00+00:00,741.19,743.1,739.8,739.8,0
2026-06-01T09:00:00+00:00,739.79,741.2288,739.585,740.28,0
2026-06-01T10:00:00+00:00,740.3182,740.65,739.8,740.65,0
2026-06-01T11:00:00+00:00,740.59,741.03,738.31,740.03,0
2026-06-01T12:00:00+00:00,739.95,740.912,737.757,739.685,0
2026-06-01T13:00:00+00:00,739.72,740.8,725.355,737.12,0
2026-06-01T13:30:00+00:00,737.1300049,740.1300049,735.9899902,738.1300049,9213052
2026-06-01T14:30:00+00:00,738.0999756,740.7199707,737.8200073,740.5200195,4175459
2026-06-01T15:30:00+00:00,740.5100098,742.2800293,739.8400269,741.25,3675640
2026-06-01T16:30:00+00:00,741.2999878,743.4799805,741.1870117,743.4099731,2561966
2026-06-01T17:30:00+00:00,743.4899902,745.6400146,742.6699829,744.539978,4307738
2026-06-01T18:30:00+00:00,744.5300293,744.7075806,743.7199707,744,3439585
2026-06-01T19:30:00+00:00,744,744.0020142,742.3400269,742.6900024,3572414
2026-06-01T20:00:00+00:00,742.74,742.74,741.2,741.59,0
2026-06-01T21:00:00+00:00,741.612,742.74,741.4365,741.96,0
2026-06-01T22:00:00+00:00,741.99,742.05,739.4,740.0401,0
2026-06-01T23:00:00+00:00,740.05,740.48,739.69,740.2837,0
2026-06-02T08:00:00+00:00,741.9,742.74,737.7417,742.2582,0
2026-06-02T09:00:00+00:00,742.2503,742.695,741.75,741.96,0
2026-06-02T10:00:00+00:00,741.9812,743.15,741.9687,742.42,0
2026-06-02T11:00:00+00:00,742.4315,742.74,741.1665,742.25,0
2026-06-02T12:00:00+00:00,742.2078,742.9,741.63,742.289,0
2026-06-02T13:00:00+00:00,742.08,742.74,738.7245,742.44,0
2026-06-02T13:30:00+00:00,742.460022,744.6599731,739.2299805,742.5447998,8932017
2026-06-02T14:30:00+00:00,742.5300293,745.3699951,742.4400024,745.0999756,4406687
2026-06-02T15:30:00+00:00,745.0701294,746.2199707,744.7401123,744.9500122,2545408
2026-06-02T16:30:00+00:00,744.9608765,746.0200195,744.3099976,744.5549927,2841226
2026-06-02T17:30:00+00:00,744.5599976,745.0700073,743.7349854,744.4799805,2102528
2026-06-02T18:30:00+00:00,744.4799805,745.5999756,743.5,745.0300293,2850385
2026-06-02T19:30:00+00:00,745.0300293,746.4400024,744.9899902,746.1400146,4086945
2026-06-02T20:00:00+00:00,746.14,752.9634,745.89,747.04,0
2026-06-02T21:00:00+00:00,747.1,747.1,746.16,746.84,0
2026-06-02T22:00:00+00:00,746.84,747.25,745.885,745.99,0
2026-06-02T23:00:00+00:00,746,746.215,742.8,746.06,0
2026-06-03T08:00:00+00:00,746.43,747.25,745.3882,746.84,0
2026-06-03T09:00:00+00:00,746.9,747.71,746.23,747.65,0
2026-06-03T10:00:00+00:00,747.68,748,746.41,747.48,0
2026-06-03T11:00:00+00:00,747.53,748.12,746.16,747.85,0
2026-06-03T12:00:00+00:00,747.8712,748.3781,745.601,747.3501,0
2026-06-03T13:00:00+00:00,747.35,747.5,746.0616,747.305,0
2026-06-03T13:30:00+00:00,747.3449707,748.6300049,741.0200195,746.5499878,12758287
2026-06-03T14:30:00+00:00,746.5499878,746.9500122,743.9400024,745.2199707,4461660
2026-06-03T15:30:00+00:00,745.1900024,745.7999878,741.8800049,742.4199829,3717004
2026-06-03T16:30:00+00:00,742.3200073,743.7800293,741.2700195,742.9210205,2825203
2026-06-03T17:30:00+00:00,742.9199829,745.4699707,742.2199707,745.4099731,3498880
2026-06-03T18:30:00+00:00,745.4099731,745.5200195,743.7705078,744.3599854,4185849
2026-06-03T19:30:00+00:00,744.3449707,745.7550049,743.9400024,744.2542114,4989970
2026-06-03T20:00:00+00:00,744.16,787.9688,740.47,740.95,0
2026-06-03T21:00:00+00:00,741,744.21,737.64,739.4043,0
2026-06-03T22:00:00+00:00,739.5,740.9,737.86,739.8,0
2026-06-03T23:00:00+00:00,739.8,740.02,737.83,738.34,0
2026-06-04T08:00:00+00:00,741.04,744.21,737.28,738,0
2026-06-04T09:00:00+00:00,737.99,738.7,735.0097,736.4,0
2026-06-04T10:00:00+00:00,736.302,737.4288,735.54,735.629,0
2026-06-04T11:00:00+00:00,735.58,744.21,733.93,735.5748,0
2026-06-04T12:00:00+00:00,735.6,743.652,733.01,735.08,0
2026-06-04T13:00:00+00:00,735.055,744.21,735.01,735.5285,0
2026-06-04T13:30:00+00:00,735.4899902,737.7999878,732.6300049,737.1900024,13080534
2026-06-04T14:30:00+00:00,737.1500244,740.2700195,735.9887695,739.6104736,4477327
2026-06-04T15:30:00+00:00,739.6300049,740.6749878,737.7199707,740.5499878,3227007
2026-06-04T16:30:00+00:00,740.5549927,741.4500122,739.5401001,741.3900146,2837227
2026-06-04T17:30:00+00:00,741.3850098,743.4299927,741.3099976,743.1599731,3185907
2026-06-04T18:30:00+00:00,743.1350098,743.3099976,741.7449951,743.2814941,3915631
2026-06-04T19:30:00+00:00,743.2750244,744.210022,740.3900146,740.5,5683974
2026-06-04T20:00:00+00:00,740.49,740.77,738.55,738.76,0
2026-06-04T21:00:00+00:00,738.81,740.61,738.71,739.08,0
2026-06-04T22:00:00+00:00,739.08,739.1,736.6239,737.795,0
2026-06-04T23:00:00+00:00,737.7992,737.89,735.1508,735.3685,0
2026-06-05T08:00:00+00:00,732.88,740.61,730.7587,734.4,0
2026-06-05T09:00:00+00:00,734.28,735.4,732.8,733.56,0
2026-06-05T10:00:00+00:00,733.55,734.94,733.37,734.7706,0
2026-06-05T11:00:00+00:00,734.7762,740.61,732.5,733.6158,0
2026-06-05T12:00:00+00:00,733.565,740.055,731.4487,732,0
2026-06-05T13:00:00+00:00,732,740.61,729.54,730.08,0
2026-06-05T13:30:00+00:00,729.9260254,731.6799927,723.3400269,724.9598999,17247682
2026-06-05T14:30:00+00:00,724.9550171,727.4799805,721.7600098,722.3181763,7951200
2026-06-05T15:30:00+00:00,722.2202148,722.8499756,717.914978,718.079895,8221046
2026-06-05T16:30:00+00:00,718.0750122,718.210022,713.7000122,715.6500244,12720628
2026-06-05T17:30:00+00:00,715.6199951,717.210022,710.3099976,710.8099976,9929198
2026-06-05T18:30:00+00:00,710.8300171,711.1400146,704.3200073,708.7299805,16944559
2026-06-05T19:30:00+00:00,708.7299805,709.7399902,705.0499878,705.210022,16199789
2026-06-05T20:00:00+00:00,705.4,705.97,667.3625,701.03,0
2026-06-05T21:00:00+00:00,701.07,705.06,653.111,703.2,0
2026-06-05T22:00:00+00:00,703.08,704,701.965,703.585,0
2026-06-05T23:00:00+00:00,703.605,703.67,700.11,700.3,0
2026-06-08T08:00:00+00:00,711.15,711.72,704.51,710.4,0
2026-06-08T09:00:00+00:00,710.52,711.52,708.66,709.8688,0
2026-06-08T10:00:00+00:00,709.71,711.2,709.05,709.8,0
2026-06-08T11:00:00+00:00,709.7985,714.99,705.06,714.98,0
2026-06-08T12:00:00+00:00,714.99,716.21,713.91,716.19,0
2026-06-08T13:00:00+00:00,716.12,719.72,705.06,717.87,0
2026-06-08T13:30:00+00:00,717.8099976,719.210022,713.0999756,717.5599976,14321669
2026-06-08T14:30:00+00:00,717.4799805,723.0275879,717.25,720.2520142,7822270
2026-06-08T15:30:00+00:00,720.2990723,722.2700195,718.5800171,719.2700195,4292031
2026-06-08T16:30:00+00:00,719.2700195,720.3499146,716.7999878,719.6798706,3584593
2026-06-08T17:30:00+00:00,719.5900269,720.1400146,717.4199829,719.3400879,3934354
2026-06-08T18:30:00+00:00,719.3500977,720.0050049,714.2299805,715.6500244,5562166
2026-06-08T19:30:00+00:00,715.664978,717.0599976,715.210022,716.0999756,4500910
2026-06-08T20:00:00+00:00,716.07,716.45,714.84,715.635,0
2026-06-08T21:00:00+00:00,715.49,716.07,669.7153,715.84,0
2026-06-08T22:00:00+00:00,715.85,716.385,712.945,715.35,0
2026-06-08T23:00:00+00:00,715.32,716.6917,714.46,715.3972,0
2026-06-09T08:00:00+00:00,719.47,721.851,716.07,721.24,0
2026-06-09T09:00:00+00:00,721.24,722,720.62,721.84,0
2026-06-09T10:00:00+00:00,721.8,722.11,720.22,721.5,0
2026-06-09T11:00:00+00:00,721.5,722.24,716.07,721.885,0
2026-06-09T12:00:00+00:00,721.86,722.79,715.533,721.475,0
2026-06-09T13:00:00+00:00,721.365,723.25,716.07,722.99,0
2026-06-09T13:30:00+00:00,722.9699707,725.6599731,714.0100098,715.9500122,13389388
2026-06-09T14:30:00+00:00,715.9299927,716.9699707,701.5,701.7299805,11744452
2026-06-09T15:30:00+00:00,701.7600098,704.4050293,690.6400146,693.5750122,17262557
2026-06-09T16:30:00+00:00,693.5,700,686.3699951,698.9550171,17687362
2026-06-09T17:30:00+00:00,698.9299927,704.6149902,698.039978,704.4699707,9266462
2026-06-09T18:30:00+00:00,704.4699707,708.5999756,701.1799927,703.9699707,9534246
2026-06-09T19:30:00+00:00,703.9500122,708.2800293,701.4400024,707.960022,7402563
2026-06-09T20:00:00+00:00,707.94,709.84,707.15,708.3723,0
2026-06-09T21:00:00+00:00,708.48,708.63,705.57,706.1,0
2026-06-09T22:00:00+00:00,706.32,707.8,704.7,705.62,0
2026-06-09T23:00:00+00:00,705.69,707.48,704.6009,706.67,0
2026-06-10T08:00:00+00:00,704.38,707.83,701.39,701.76,0
2026-06-10T09:00:00+00:00,701.89,702.45,697.49,699.77,0
2026-06-10T10:00:00+00:00,699.8,700.95,697.91,699.46,0
2026-06-10T11:00:00+00:00,699.46,707.83,696.01,697.1045,0
2026-06-10T12:00:00+00:00,697.06,707.3,695.61,699.18,0
2026-06-10T13:00:00+00:00,699.1,707.83,698.72,701.72,0
2026-06-10T13:30:00+00:00,701.4949951,710.7700195,699.6199951,709.3499756,15993697
2026-06-10T14:30:00+00:00,709.3099976,711.2600098,697.0949707,700.0999756,9802416
2026-06-10T15:30:00+00:00,700.1400146,702.6400146,696.1900024,698.8499756,8518081
2026-06-10T16:30:00+00:00,698.7000122,701.5499878,696.1300049,697.5700073,5097314
2026-06-10T17:30:00+00:00,697.5499878,701.0700073,695.8699951,698.2125244,4855909
2026-06-10T18:30:00+00:00,698.1799927,698.2999878,692.9299927,694.2000122,6357406
2026-06-10T19:30:00+00:00,694.1599731,697,693.6799927,693.710022,8589425
2026-06-10T20:00:00+00:00,693.69,694.12,690.9,692.3,0
2026-06-10T21:00:00+00:00,692.27,693.69,654.8459,691.7,0
2026-06-10T22:00:00+00:00,691.88,692.24,688.92,689.25,0
2026-06-10T23:00:00+00:00,689.1532,691.62,687.41,689.73,0
2026-06-11T08:00:00+00:00,701.44,703.7,693.69,703.0696,0
2026-06-11T09:00:00+00:00,703.07,703.73,701.94,702.3,0
2026-06-11T10:00:00+00:00,702.24,703.29,701.85,702.33,0
2026-06-11T11:00:00+00:00,702.32,703.2,693.69,701.76,0
2026-06-11T12:00:00+00:00,701.685,703.19,694.21,699.46,0
2026-06-11T13:00:00+00:00,699.38,701.1,696.11,699.33,0
2026-06-11T13:30:00+00:00,699.289978,706.4099731,696.8200073,702.125,14568531
2026-06-11T14:30:00+00:00,702.1049805,703.8400269,695,699.3499756,7873566
2026-06-11T15:30:00+00:00,699.3499756,704.5900269,698.9699707,701.4749756,5524849
2026-06-11T16:30:00+00:00,701.4500122,707.4400024,697.460083,707.2700195,6578631
2026-06-11T17:30:00+00:00,707.2700195,712.539978,706.8549805,709.8099976,14432938
2026-06-11T18:30:00+00:00,709.8400269,716.0300293,709.4301147,715.5083008,7174555
2026-06-11T19:30:00+00:00,715.5900269,718.3720703,715.039978,716.5599976,10001013
2026-06-11T20:00:00+00:00,716.5,725.694,708.6973,715.93,0
2026-06-11T21:00:00+00:00,715.85,717.12,715.85,716.71,0
2026-06-11T22:00:00+00:00,716.55,719.56,716.23,718.865,0
2026-06-11T23:00:00+00:00,718.9,719.79,717.41,719.38,0
2026-06-12T08:00:00+00:00,716.2652,719.38,711.9132,718.44,0
2026-06-12T09:00:00+00:00,718.47,720.56,716.4304,720.45,0
2026-06-12T10:00:00+00:00,720.48,721.81,718.15,718.53,0
2026-06-12T11:00:00+00:00,718.5396,721.41,717.12,720.9225,0
2026-06-12T12:00:00+00:00,720.95,721.63,718.5,718.55,0
2026-06-12T13:00:00+00:00,718.549,718.9,714.2,717.63,0
2026-06-12T13:30:00+00:00,717.6099854,720.8150024,711.2800293,718.0650024,14519530
2026-06-12T14:30:00+00:00,718,724.0100098,714.1799927,723.6500244,7698404
2026-06-12T15:30:00+00:00,723.664978,723.748291,715.5700073,720.039978,9858170
2026-06-12T16:30:00+00:00,719.9899902,723.7999878,719.5499878,723.0650024,4440468
2026-06-12T17:30:00+00:00,723.0800171,723.2299805,720.3499756,721.6799927,4515048
2026-06-12T18:30:00+00:00,721.6801147,723.0200195,721.039978,721.5599976,3570233
2026-06-12T19:30:00+00:00,721.460022,722.0700073,719.5900269,721.3200073,3955912
2026-06-12T20:00:00+00:00,721.29,723.21,698.15,721.8652,0
2026-06-12T21:00:00+00:00,721.34,722.3,721.34,722.18,0
2026-06-12T22:00:00+00:00,722.2,722.53,722.0097,722.53,0
2026-06-12T23:00:00+00:00,722.565,723.29,722.36,722.98,0
2026-06-15T08:00:00+00:00,735.8535,737.43,734.14,737.2982,0
2026-06-15T09:00:00+00:00,737.26,737.91,735.6097,735.8,0
2026-06-15T10:00:00+00:00,735.7022,736.49,735.1,736.48,0
2026-06-15T11:00:00+00:00,736.4836,737.62,721.34,737.599,0
2026-06-15T12:00:00+00:00,737.565,737.76,720.799,736.49,0
2026-06-15T13:00:00+00:00,736.53,738.24,721.34,738.08,0
2026-06-15T13:30:00+00:00,738.0900269,742,737.3800049,740.9920044,12270724
2026-06-15T14:30:00+00:00,741.0700073,743.289917,739.6500244,743.1199951,4475333
2026-06-15T15:30:00+00:00,743.1599731,744.7199707,742.1550293,744.4749756,5156668
2026-06-15T16:30:00+00:00,744.46698,744.7598877,742.7700195,744.0100098,5924604
2026-06-15T17:30:00+00:00,744.0300293,744.2349854,742.7999878,743.039978,3503187
2026-06-15T18:30:00+00:00,743.0200195,744.2800293,742.6500244,742.8200073,4576467
2026-06-15T19:30:00+00:00,742.8099976,743.9400024,742.4299927,743.8099976,5172937
2026-06-15T20:00:00+00:00,743.9,744.24,742.7,742.915,0
2026-06-15T21:00:00+00:00,742.955,744,742.9,743.395,0
2026-06-15T22:00:00+00:00,743.39,743.601,741.1,742.265,0
2026-06-15T23:00:00+00:00,742.25,743.1496,716.59,742.88,0
2026-06-16T08:00:00+00:00,743.0512,744.6,741.94,744.575,0
2026-06-16T09:00:00+00:00,744.57,745.6,743.71,744.19,0
2026-06-16T10:00:00+00:00,744.15,744.89,743.66,744.7,0
2026-06-16T11:00:00+00:00,744.677,746.27,744,745.74,0
2026-06-16T12:00:00+00:00,745.6885,745.93,743,743.63,0
2026-06-16T13:00:00+00:00,743.62,744,741.65,742.33,0
2026-06-16T13:30:00+00:00,742.2800293,744.2199707,738.9000244,739.1099854,9250676
2026-06-16T14:30:00+00:00,739.0900269,739.960022,734.7399902,735.6099854,6327136
2026-06-16T15:30:00+00:00,735.710022,736.5800171,732.5100098,735.6749878,5877603
2026-06-16T16:30:00+00:00,735.6699829,735.7800293,732.9550171,733.6499023,3495758
2026-06-16T17:30:00+00:00,733.6199951,735.0599976,732.2700195,733.8599854,3092922
2026-06-16T18:30:00+00:00,733.8800049,734.0401001,730.6500244,733.1400146,5726186
2026-06-16T19:30:00+00:00,733.1350098,733.5200195,729.6400146,729.7800293,7056563
2026-06-16T20:00:00+00:00,729.85,752.9634,729.0207,729.79,0
2026-06-16T21:00:00+00:00,729.76,730.9228,729.76,730.57,0
2026-06-16T22:00:00+00:00,730.56,731.89,729.86,731.65,0
2026-06-16T23:00:00+00:00,731.68,731.68,730.06,730.44,0
2026-06-17T08:00:00+00:00,736.04,736.68,729.86,735.09,0
2026-06-17T09:00:00+00:00,735.11,735.25,733.8,734.85,0
2026-06-17T10:00:00+00:00,734.9,735.15,732.61,733.74,0
2026-06-17T11:00:00+00:00,733.77,734.63,729.86,733.895,0
2026-06-17T12:00:00+00:00,733.84,734.1493,731.99,733.6,0
2026-06-17T13:00:00+00:00,733.79,735.3797,729.86,735.24,0
2026-06-17T13:30:00+00:00,735.2199707,735.6779785,730.3101196,734.8300171,7812691
2026-06-17T14:30:00+00:00,734.8850098,734.9000244,729.5599976,732.6350098,4211290
2026-06-17T15:30:00+00:00,732.6199951,733.9799805,732.1893921,733.6500244,6402388
2026-06-17T16:30:00+00:00,733.6699829,733.9400024,730.5100098,732.7800903,2046414
2026-06-17T17:30:00+00:00,732.75,734.210022,724.5300293,728.6895142,7474427
2026-06-17T18:30:00+00:00,728.6799927,735.3800049,725.2000122,725.8499756,9890137
2026-06-17T19:30:00+00:00,725.8300171,726.6799927,720.8499756,722.4000244,7501882
2026-06-17T20:00:00+00:00,722.5,726.4,722.5,725.92,0
2026-06-17T21:00:00+00:00,725.96,726.49,722.51,726.2,0
2026-06-17T22:00:00+00:00,726.2,728.76,724.99,728.275,0
2026-06-17T23:00:00+00:00,728.29,729.99,728.0302,729.96,0
2026-06-18T08:00:00+00:00,733.51,734.91,722.51,733.33,0
2026-06-18T09:00:00+00:00,733.4,734.25,732.36,733.5015,0
2026-06-18T10:00:00+00:00,733.49,734.88,733.315,734.3559,0
2026-06-18T11:00:00+00:00,734.3841,734.7,722.51,732.71,0
2026-06-18T12:00:00+00:00,732.68,734.33,721.969,734.2,0
2026-06-18T13:00:00+00:00,734.16,742.755,693.73,737.24,0
2026-06-18T13:30:00+00:00,737.0999756,738.4196167,732.5300293,735.5200195,11838684
2026-06-18T14:30:00+00:00,735.4899902,739.1400146,734.2000122,736.9799194,5364349
2026-06-18T15:30:00+00:00,736.9799805,739.4699097,734.9500122,739.2600098,7743510
2026-06-18T16:30:00+00:00,739.2800293,740.5488892,738.539978,739.9995117,3223522
2026-06-18T17:30:00+00:00,739.9899902,740.6199951,739.3037109,739.5900269,2754563
2026-06-18T18:30:00+00:00,739.5999756,740.1400146,738.4299927,739.4799805,4390244
2026-06-18T19:30:00+00:00,739.4400024,741.789978,738.75,739.6900024,7609540
2026-06-18T20:00:00+00:00,739.67,744.3665,739.35,740.28,0
2026-06-18T21:00:00+00:00,740.33,741.31,740.17,741.155,0
2026-06-18T22:00:00+00:00,741.06,741.5,738.81,739.075,0
2026-06-18T23:00:00+00:00,739.1381,740,739,739.78,0
2026-06-22T08:00:00+00:00,735.59,741.0367,735.05,739.1,0
2026-06-22T09:00:00+00:00,739.13,740.44,738.9232,739.8321,0
2026-06-22T10:00:00+00:00,739.86,740.64,739.0569,740.09,0
2026-06-22T11:00:00+00:00,739.9987,742.035,739.14,740.04,0
2026-06-22T12:00:00+00:00,740.05,742.15,739.75,742.095,0
2026-06-22T13:00:00+00:00,742.085,743.22,739.8065,741.97,0
2026-06-22T13:30:00+00:00,742.0200195,745.4299927,740.1500244,740.4349976,8338515
2026-06-22T14:30:00+00:00,740.4899902,740.5549927,735.3499756,736.6286011,7607047
2026-06-22T15:30:00+00:00,736.630127,738.5050049,734.3900146,736.4000244,3809182
2026-06-22T16:30:00+00:00,736.4400024,737.0100098,734.8699951,736.6414795,2778102
2026-06-22T17:30:00+00:00,736.6599731,738.2700195,735.7650146,737.4299927,2353887
2026-06-22T18:30:00+00:00,737.4500122,737.9099121,735.1282959,735.4735718,3495264
2026-06-22T19:30:00+00:00,735.5200195,738.5,735.5200195,738.0499878,5113522
2026-06-22T20:00:00+00:00,737.97,740.62,737.69,738.18,0
2026-06-22T21:00:00+00:00,738.145,738.34,737.63,738.04,0
2026-06-22T22:00:00+00:00,738.04,739.16,735.99,736.25,0
2026-06-22T23:00:00+00:00,736.24,736.36,735.28,736.17,0
2026-06-23T08:00:00+00:00,720.11,737.95,717.07,717.64,0
2026-06-23T09:00:00+00:00,717.6507,720.92,717.1364,720.3276,0
2026-06-23T10:00:00+00:00,720.41,720.48,718.06,718.2,0
2026-06-23T11:00:00+00:00,718.21,737.95,716.56,718,0
2026-06-23T12:00:00+00:00,718,737.397,716.46,717.18,0
2026-06-23T13:00:00+00:00,717.15,737.95,714.76,715.77,0
2026-06-23T13:30:00+00:00,714.25,723.6099854,713.2800293,722.0150146,14272657
2026-06-23T14:30:00+00:00,722.0499878,722.3599854,715.3900146,715.7700195,6116205
2026-06-23T15:30:00+00:00,715.7000122,720.2999268,715.0900269,719.3900146,4587941
2026-06-23T16:30:00+00:00,719.4199829,720.0698853,717.289978,719.1149902,3677363
2026-06-23T17:30:00+00:00,719.0999756,719.789978,715.3400269,715.8800049,3509479
2026-06-23T18:30:00+00:00,715.8400269,716.3400269,712.1101074,715.2299805,7668370
2026-06-23T19:30:00+00:00,715.2399902,716,713.5200195,713.5200195,7709342
2026-06-23T20:00:00+00:00,713.65,739.6,713.3,716,0
2026-06-23T21:00:00+00:00,715.94,716.88,713.65,716.71,0
2026-06-23T22:00:00+00:00,716.64,717.37,713.35,714.45,0
2026-06-23T23:00:00+00:00,714.48,716.46,712.28,716.04,0
2026-06-24T08:00:00+00:00,716.934,719.49,713.65,718.48,0
2026-06-24T09:00:00+00:00,718.54,719.12,717.4,717.73,0
2026-06-24T10:00:00+00:00,717.76,718.08,716.48,717.9,0
2026-06-24T11:00:00+00:00,717.99,718.74,713.65,716.48,0
2026-06-24T12:00:00+00:00,716.495,719.28,716.43,718.73,0
2026-06-24T13:00:00+00:00,718.72,718.97,713.65,715.43,0
2026-06-24T13:30:00+00:00,714.7999878,718.4998779,710.8800049,715.1500244,9967443
2026-06-24T14:30:00+00:00,715.1900024,719.9299927,715.0999756,717.4199829,4919973
2026-06-24T15:30:00+00:00,717.4099731,718.0499878,714.960022,716.2700195,2701446
2026-06-24T16:30:00+00:00,716.2650146,716.2650146,707.8699951,708.0300293,4689099
2026-06-24T17:30:00+00:00,708.0599976,711.6428223,706.9661865,711.0900269,5259975
2026-06-24T18:30:00+00:00,711.1400146,711.4699707,704.4500122,707.3223267,6017958
2026-06-24T19:30:00+00:00,707.3400269,710.960022,706.75,710.6300049,5582780
2026-06-24T20:00:00+00:00,710.69,725.817,689.8829,724.44,0
2026-06-24T21:00:00+00:00,724.32,724.75,710.62,723.99,0
2026-06-24T22:00:00+00:00,724.01,725.99,723.28,723.3882,0
2026-06-24T23:00:00+00:00,723.4,725.3877,723.28,724.54,0
2026-06-25T08:00:00+00:00,726.4452,727.44,710.62,726.28,0
2026-06-25T09:00:00+00:00,726.267,726.5312,724.83,725.44,0
2026-06-25T10:00:00+00:00,725.53,726.24,725.2,726.1085,0
2026-06-25T11:00:00+00:00,726.12,726.8,710.62,724.91,0
2026-06-25T12:00:00+00:00,724.84,726.5,724.56,725.5,0
2026-06-25T13:00:00+00:00,725.2,728.42,710.62,725.92,0
2026-06-25T13:30:00+00:00,725.9099731,726.7600098,705.2999878,712.3099976,18721715
2026-06-25T14:30:00+00:00,712.289978,716.7700195,709.2399902,712.9199829,6884320
2026-06-25T15:30:00+00:00,713.0449829,719.1099854,712.7800293,716.5700073,4014071
2026-06-25T16:30:00+00:00,716.5650024,717.6799927,712.2999878,716.586792,4013739
2026-06-25T17:30:00+00:00,716.6799927,719.5900269,714.5800171,719.2700195,4234896
2026-06-25T18:30:00+00:00,719.2600098,719.2600098,713.210022,714.5800171,4039294
2026-06-25T19:30:00+00:00,714.5499878,716.3599854,712.960022,716.2600098,3929581
2026-06-25T20:00:00+00:00,716.42,720.3205,716.3,716.49,0
2026-06-25T21:00:00+00:00,716.32,716.73,715.54,715.8,0
2026-06-25T22:00:00+00:00,715.84,725.694,708.6973,714.48,0
2026-06-25T23:00:00+00:00,714.5309,719.62,714.25,715.1,0
2026-06-26T08:00:00+00:00,711.07,716.38,704.6277,710.6,0
2026-06-26T09:00:00+00:00,710.53,710.53,706.72,707.62,0
2026-06-26T10:00:00+00:00,707.45,709.08,706.08,707.5,0
2026-06-26T11:00:00+00:00,707.4199,716.38,706.64,707.405,0
2026-06-26T12:00:00+00:00,707.38,715.843,705.85,707.91,0
2026-06-26T13:00:00+00:00,707.89,708.42,703.6,707.21,0
2026-06-26T13:30:00+00:00,707.0900269,714.3300171,702.8099976,712.7199097,11551831
2026-06-26T14:30:00+00:00,712.6900024,713.25,708.2199707,712.5100098,4336135
2026-06-26T15:30:00+00:00,712.5200806,715.5499878,710.2700195,711.8499756,3938042
2026-06-26T16:30:00+00:00,711.9000244,715.1699219,711.8200073,713.6149902,2783472
2026-06-26T17:30:00+00:00,713.5700073,714.5900269,709.3400269,709.4899902,3814843
2026-06-26T18:30:00+00:00,709.4799805,710.6199951,707.710022,709.2399902,7109902
2026-06-26T19:30:00+00:00,709.2600098,712.0100098,705.210022,705.539978,5013639
2026-06-26T20:00:00+00:00,705.96,708.25,661.0411,705.415,0
2026-06-26T21:00:00+00:00,705.42,706.52,704.68,705.3626,0
2026-06-26T22:00:00+00:00,705.3609,706.51,705.31,706.395,0
2026-06-26T23:00:00+00:00,706.35,707,705.42,706.14,0
2026-06-29T08:00:00+00:00,714.46,716.04,710.376,715.21,0
2026-06-29T09:00:00+00:00,715.12,715.8,713.9941,714.87,0
2026-06-29T10:00:00+00:00,714.98,715.875,713.46,715.75,0
2026-06-29T11:00:00+00:00,715.76,716.7,706.52,715.58,0
2026-06-29T12:00:00+00:00,715.51,716.68,705.991,715.62,0
2026-06-29T13:00:00+00:00,715.68,716.05,706.52,713.98,0
2026-06-29T13:30:00+00:00,713.9899902,718.6599731,705.1719971,711.8400269,13031202
2026-06-29T14:30:00+00:00,711.8599854,717.3200073,710.6500244,717.2299805,5606469
2026-06-29T15:30:00+00:00,717.2399902,720.5300293,716.4099731,719.5985718,4749353
2026-06-29T16:30:00+00:00,719.6400146,723.0469971,718.9349976,723,3026058
2026-06-29T17:30:00+00:00,722.9899902,723.6300049,722.4099731,722.5336914,2528123
2026-06-29T18:30:00+00:00,722.5999756,724.4199829,722.4799805,723.4299927,4451646
2026-06-29T19:30:00+00:00,723.460022,724.5800171,722.2399902,724.0300293,6891629
2026-06-29T20:00:00+00:00,723.97,724.08,707.13,722.89,0
2026-06-29T21:00:00+00:00,722.95,724.08,722.7,723.16,0
2026-06-29T22:00:00+00:00,723.2,723.77,722.36,723.245,0
2026-06-29T23:00:00+00:00,723.26,724.2488,723.19,724.02,0
2026-06-30T08:00:00+00:00,725.03,728.3,724.7412,726.11,0
2026-06-30T09:00:00+00:00,726.16,726.3,723.54,724.56,0
2026-06-30T10:00:00+00:00,724.54,725.93,723.955,725.89,0
2026-06-30T11:00:00+00:00,725.83,727.15,724.08,726.28,0
2026-06-30T12:00:00+00:00,726.33,727.27,723.537,724,0
2026-06-30T13:00:00+00:00,723.98,724.47,714.67,724.12,0
2026-06-30T13:30:00+00:00,724.1699829,733.3099976,723.9199829,732.9884033,9817705
2026-06-30T14:30:00+00:00,733.0300293,733.7750244,729.9400024,733.0250244,4171583
2026-06-30T15:30:00+00:00,733.0599976,735.3897705,732.5900269,735.0349731,2935527
2026-06-30T16:30:00+00:00,735.0390015,736.6799927,734.6400146,735.8800049,2243014
2026-06-30T17:30:00+00:00,735.9400024,736.3599854,735.1749878,735.9799805,3108600
2026-06-30T18:30:00+00:00,736.0100098,737.6199951,735.7600098,737.0499878,4928333
2026-06-30T19:30:00+00:00,737.0499878,737.6199951,735.7600098,735.7600098,9832644
2026-06-30T20:00:00+00:00,735.77,752.9634,735.16,735.42,0
2026-06-30T21:00:00+00:00,735.5,736.43,735.33,735.466,0
2026-06-30T22:00:00+00:00,735.64,736.35,735.2987,735.7,0
2026-06-30T23:00:00+00:00,735.76,736.51,735.7291,736.29,0
2026-07-01T08:00:00+00:00,732.38,736.4,730.91,731.44,0
2026-07-01T09:00:00+00:00,731.56,732.57,731.1417,731.99,0
2026-07-01T10:00:00+00:00,731.96,733.03,731.82,733.0299,0
2026-07-01T11:00:00+00:00,733.0205,736.4,732.2,733.11,0
2026-07-01T12:00:00+00:00,733.12,736.952,731.52,732.415,0
2026-07-01T13:00:00+00:00,732.37,736.4,728.675,729.18,0
2026-07-01T13:30:00+00:00,729.1599731,731.289978,725.5200195,730.2800293,10790573
2026-07-01T14:30:00+00:00,730.2399902,731.75,726.6785278,731.621582,4879262
2026-07-01T15:30:00+00:00,731.6099854,731.9099731,728.5800171,729.2299805,4110781
2026-07-01T16:30:00+00:00,729.2249756,729.6500244,727,728.3300171,4049205
2026-07-01T17:30:00+00:00,728.3499756,728.6599731,726.6099854,727.1199951,1987480
2026-07-01T18:30:00+00:00,727.0900269,728.4899902,725.6525269,727.9091187,4292392
2026-07-01T19:30:00+00:00,727.9050293,728.9199829,724.5999756,725.1300049,6487281
2026-07-01T20:00:00+00:00,725.17,725.29,723.53,724.825,0
2026-07-01T21:00:00+00:00,724.85,725.74,724.45,725.62,0
2026-07-01T22:00:00+00:00,725.51,726.04,724.61,725.915,0
2026-07-01T23:00:00+00:00,725.9796,725.9982,723.63,724.36,0
2026-07-02T08:00:00+00:00,721.23,728.0372,719.46,721.84,0
2026-07-02T09:00:00+00:00,721.788,724.5,721.68,723.2188,0
2026-07-02T10:00:00+00:00,723.11,723.93,721.67,722.32,0
2026-07-02T11:00:00+00:00,722.43,725.17,722.3704,723.74,0
2026-07-02T12:00:00+00:00,723.7191,728,723.4504,727.83,0
2026-07-02T13:00:00+00:00,727.96,731.33,725.51,725.58,0
2026-07-02T13:30:00+00:00,725.5800171,730.8200073,721.5200195,722.1699829,10515007
2026-07-02T14:30:00+00:00,722.1799927,723.8300171,714.2827148,715.8099976,8681572
2026-07-02T15:30:00+00:00,715.7600098,719.2999878,712.7659302,713.0100098,6064534
2026-07-02T16:30:00+00:00,713.0200195,713.1199951,708.9899902,710.4000244,5643144
2026-07-02T17:30:00+00:00,710.3900146,711.8200073,707.5599976,711.4299927,4910945
2026-07-02T18:30:00+00:00,711.4400024,712.4050293,708.0700073,709.8499756,4366032
2026-07-02T19:30:00+00:00,709.8900146,713.7800293,709.539978,712.7399902,5734033
2026-07-02T20:00:00+00:00,712.6,713.28,712.092,712.905,0
2026-07-02T21:00:00+00:00,712.93,713.45,681.274,713.43,0
2026-07-02T22:00:00+00:00,713.45,714.67,713.22,714.6,0
2026-07-02T23:00:00+00:00,714.53,714.6082,713.0591,714.185,0
2026-07-06T08:00:00+00:00,718.61,721.15,716.85,719.88,0
2026-07-06T09:00:00+00:00,719.89,720.88,719.32,720.6115,0
2026-07-06T10:00:00+00:00,720.64,721.39,719.79,720.6335,0
2026-07-06T11:00:00+00:00,720.63,721.39,712.6,721.05,0
2026-07-06T12:00:00+00:00,720.96,722.38,713.134,721.28,0
2026-07-06T13:00:00+00:00,721.285,722.31,712.6,719.88,0
2026-07-06T13:30:00+00:00,719.7000122,724.835022,718.4799805,724.0999756,9201328
2026-07-06T14:30:00+00:00,724.1500244,725.418396,722.4400024,725.2999878,3527448
2026-07-06T15:30:00+00:00,725.25,726.0800171,724.4500122,724.5999756,2326951
2026-07-06T16:30:00+00:00,724.6400146,724.9000244,722.5800171,722.7600098,1984694
2026-07-06T17:30:00+00:00,722.7600098,723.8599854,721.0300293,723.1500244,3085582
2026-07-06T18:30:00+00:00,723.1599731,725.1900024,722.6300049,724.789978,3115031
2026-07-06T19:30:00+00:00,724.8099976,724.8400269,722.210022,722.6500244,3955705
2026-07-06T20:00:00+00:00,722.65,724,721.05,722.5072,0
2026-07-06T21:00:00+00:00,722.65,723.04,722.4597,722.975,0
2026-07-06T22:00:00+00:00,722.92,723.21,721.2,721.3575,0
2026-07-06T23:00:00+00:00,721.48,722.12,720.031,720.275,0
2026-07-07T08:00:00+00:00,715.61,722.82,713.46,716.56,0
2026-07-07T09:00:00+00:00,716.56,716.85,715.37,715.71,0
2026-07-07T10:00:00+00:00,715.7015,716.5,714.9,716.0909,0
2026-07-07T11:00:00+00:00,716.08,722.82,714.39,715.12,0
2026-07-07T12:00:00+00:00,715.1,722.278,714.18,716.47,0
2026-07-07T13:00:00+00:00,716.475,722.82,713.92,714.19,0
2026-07-07T13:30:00+00:00,714.1400146,716.3397217,706.0800171,707.2199707,12040673
2026-07-07T14:30:00+00:00,707.210022,708.5,704.9000244,707.4494019,6942926
2026-07-07T15:30:00+00:00,707.460022,713.0462036,705.8400269,712.7000122,4542949
2026-07-07T16:30:00+00:00,712.6599731,713.869873,711.5800171,712.7399902,3943446
2026-07-07T17:30:00+00:00,712.75,713.7399902,712.2399902,712.3549805,2416230
2026-07-07T18:30:00+00:00,712.3599854,712.710022,706.4299927,707.6799927,4968883
2026-07-07T19:30:00+00:00,707.5800171,709.6199951,707.2399902,709.3800049,4248709
2026-07-07T20:00:00+00:00,709.52,710.43,709.33,710.05,0
2026-07-07T21:00:00+00:00,710.05,710.1,707.88,708.32,0
2026-07-07T22:00:00+00:00,708.44,709.69,707.7,709.205,0
2026-07-07T23:00:00+00:00,709.16,709.7,706.95,707.0836,0
2026-07-08T08:00:00+00:00,709.17,711.3882,701.6,701.99,0
2026-07-08T09:00:00+00:00,702.01,702.52,697.86,699.09,0
2026-07-08T10:00:00+00:00,699.04,700.57,698.2,700.52,0
2026-07-08T11:00:00+00:00,700.42,709.43,699.46,699.64,0
2026-07-08T12:00:00+00:00,699.7065,708.898,699.46,704.28,0
2026-07-08T13:00:00+00:00,704.37,705.8,703.6,705.02,0
2026-07-08T13:30:00+00:00,704.9400024,709.7999878,704.9400024,707.2000122,10665098
2026-07-08T14:30:00+00:00,707.0999756,708.1900024,700.9099731,701.4500122,5508962
2026-07-08T15:30:00+00:00,701.4799805,707.3400269,700.9799805,706.7766113,3781788
2026-07-08T16:30:00+00:00,706.7399902,710.8198853,706.0499878,710.6801147,3842447
2026-07-08T17:30:00+00:00,710.7600098,711.1400146,707.8800049,709.0701294,3075235
2026-07-08T18:30:00+00:00,709,710.7299805,708.5,710.3900757,2322032
2026-07-08T19:30:00+00:00,710.4400024,712.2598877,709.4099731,711.2800293,2960069
2026-07-08T20:00:00+00:00,711.32,711.44,689.8829,709.6,0
2026-07-08T21:00:00+00:00,710,711.44,709.5,710.46,0
2026-07-08T22:00:00+00:00,710.36,711.03,710.05,710.57,0
2026-07-08T23:00:00+00:00,710.485,712.4,709.8785,712.32,0
2026-07-09T08:00:00+00:00,716.86,718.01,711.44,717.1891,0
2026-07-09T09:00:00+00:00,717.1482,717.3,715.48,716.01,0
2026-07-09T10:00:00+00:00,716.03,716.41,715.17,716.01,0
2026-07-09T11:00:00+00:00,715.94,716.22,711.44,715.795,0
2026-07-09T12:00:00+00:00,715.85,718.44,711.973,718,0
2026-07-09T13:00:00+00:00,718.33,719.2425,711.44,718.32,0
2026-07-09T13:30:00+00:00,718.289978,722.75,715.125,718.7700195,10234200
2026-07-09T14:30:00+00:00,718.7999878,721.6400146,717.1599731,721.3599854,4723806
2026-07-09T15:30:00+00:00,721.3800049,722.5599976,720.9500122,721.7600098,2886645
2026-07-09T16:30:00+00:00,721.7874756,724.1599731,721.1300049,724.1099854,3670716
2026-07-09T17:30:00+00:00,724.1499023,724.2299805,723.0449829,723.4299927,2790114
2026-07-09T18:30:00+00:00,723.4000244,723.6500244,722.1799927,722.7999878,2422303
2026-07-09T19:30:00+00:00,722.789978,723.3599854,721.9699707,723.1799927,2833046
2026-07-09T20:00:00+00:00,723.28,723.8296,722.77,722.8014,0
2026-07-09T21:00:00+00:00,722.85,725.694,708.6973,722.9,0
2026-07-09T22:00:00+00:00,723,723.52,722.23,722.625,0
2026-07-09T23:00:00+00:00,722.67,723.63,722.28,722.9205,0
2026-07-10T08:00:00+00:00,719.34,723.4022,718.569,719.1687,0
2026-07-10T09:00:00+00:00,719.1622,720.305,717.925,720.21,0
2026-07-10T10:00:00+00:00,720.2285,720.88,719.95,720.8094,0
2026-07-10T11:00:00+00:00,720.8757,723.28,720.76,721.2,0
2026-07-10T12:00:00+00:00,721.12,723.822,719.2591,721.15,0
2026-07-10T13:00:00+00:00,721.085,723.28,719.68,720.71,0
2026-07-10T13:30:00+00:00,720.7000122,724.039978,719.8300171,722.4541016,6824794
2026-07-10T14:30:00+00:00,722.5100098,724.289978,717,724.0509033,5101704
2026-07-10T15:30:00+00:00,724.0900269,725.2700195,720.5800171,724.8400269,3501687
2026-07-10T16:30:00+00:00,724.8900146,725.789978,724.5300293,725.7700195,1732918
2026-07-10T17:30:00+00:00,725.7681885,726.2600098,725.1599731,725.7000122,3349243
2026-07-10T18:30:00+00:00,725.710022,726.3900146,725.25,725.7199707,1411178
2026-07-10T19:30:00+00:00,725.6799927,726.1799927,725.2600098,725.5300293,3081669
2026-07-10T20:00:00+00:00,725.5835,726.32,720.05,726.22,0
2026-07-10T21:00:00+00:00,726.2488,726.25,725.51,725.8334,0
2026-07-10T22:00:00+00:00,725.9666,725.99,725.72,725.965,0
2026-07-10T23:00:00+00:00,725.97,726.45,725.7501,726.41,0
2026-07-13T08:00:00+00:00,715.35,718.47,713.96,718.15,0
2026-07-13T09:00:00+00:00,718.15,719.0885,717.61,718.9885,0
2026-07-13T10:00:00+00:00,719.0185,719.35,718.407,718.428,0
2026-07-13T11:00:00+00:00,718.54,725.51,718.35,719.27,0
2026-07-13T12:00:00+00:00,719.35,726.054,717.0848,717.17,0
2026-07-13T13:00:00+00:00,717.1696,725.51,716.48,717.83,0
2026-07-13T13:30:00+00:00,717.7199707,718.4299927,712.5599976,717.5,12566155
2026-07-13T14:30:00+00:00,717.6099854,718.7399902,715.1400757,717.6599731,3093912
2026-07-13T15:30:00+00:00,717.6500244,718.0300293,713.5200195,714.0599976,2441565
2026-07-13T16:30:00+00:00,713.9899902,714.5499878,711.7000122,713.0100098,3970806
2026-07-13T17:30:00+00:00,713.0200195,713.5100098,711.7999878,711.9799805,3147182
2026-07-13T18:30:00+00:00,711.960022,713.2288208,710.3099976,710.6300049,3911498
2026-07-13T19:30:00+00:00,710.6599731,712.6699829,710.0999756,711.7199707,4878688
2026-07-13T20:00:00+00:00,711.74,712.15,709.9,710.905,0
2026-07-13T21:00:00+00:00,710.92,717.75,669.7153,711.385,0
2026-07-13T22:00:00+00:00,711.38,712.08,710.11,710.215,0
2026-07-13T23:00:00+00:00,710.2,710.69,708.52,710.5811,0
2026-07-14T08:00:00+00:00,714.5385,716.2,709.6,715.53,0
2026-07-14T09:00:00+00:00,715.36,715.92,714.085,714.4,0
2026-07-14T10:00:00+00:00,714.478,715.5769,714.478,715,0
2026-07-14T11:00:00+00:00,715,716.71,711.74,716.01,0
2026-07-14T12:00:00+00:00,716.0673,717.17,711.207,717.17,0
2026-07-14T13:00:00+00:00,717.23,722.76,711.74,720.28,0
2026-07-14T13:30:00+00:00,720.1400146,720.2860107,714.3400269,717.1799927,9216195
2026-07-14T14:30:00+00:00,717.1300049,722.085022,716.5380249,722.0200195,5346757
2026-07-14T15:30:00+00:00,722.0499878,722.2800293,717.7199707,719.5100098,3263786
2026-07-14T16:30:00+00:00,719.5349731,721.5700073,718.8599854,721.1500244,2211036
2026-07-14T17:30:00+00:00,721.2199707,721.8549805,720.4099731,721.2600098,1883177
2026-07-14T18:30:00+00:00,721.2600098,721.6500244,719.5250244,719.9500122,2674122
2026-07-14T19:30:00+00:00,719.9799805,720.8394775,719.289978,719.6799927,2662308
2026-07-14T20:00:00+00:00,719.69,752.9634,719.24,719.8125,0
2026-07-14T21:00:00+00:00,719.88,720.14,719.69,719.77,0
2026-07-14T22:00:00+00:00,719.83,720.0962,718.68,719.3402,0
2026-07-14T23:00:00+00:00,719.32,722.33,719.01,722.061,0
2026-07-15T08:00:00+00:00,724.86,726.3225,719.69,722.7031,0
2026-07-15T09:00:00+00:00,722.8,723.96,722.5215,723.68,0
2026-07-15T10:00:00+00:00,723.708,723.8403,722.18,722.5,0
2026-07-15T11:00:00+00:00,722.478,723.75,719.69,722.95,0
2026-07-15T12:00:00+00:00,722.995,723.489,721.46,721.9597,0
2026-07-15T13:00:00+00:00,721.92,724.84,719.69,723.93,0
2026-07-15T13:30:00+00:00,723.9400024,724.3499756,716.2059937,718.2150269,7496193
2026-07-15T14:30:00+00:00,718.25,718.5300293,713.5839844,716.210022,4921821
2026-07-15T15:30:00+00:00,716.1699829,716.5499878,711.0800171,711.8449707,4717671
2026-07-15T16:30:00+00:00,711.8200073,715.3300171,710.2299805,715.2600098,4395674
2026-07-15T17:30:00+00:00,715.2800293,718.5900269,715.2600098,718.1694946,2845339
2026-07-15T18:30:00+00:00,718.1699829,718.4299927,714.9204712,716.2199707,2841636
2026-07-15T19:30:00+00:00,716.25,717.8400269,715.460022,717.6900024,2844717
2026-07-15T20:00:00+00:00,717.75,719.38,672.8238,717.85,0
2026-07-15T21:00:00+00:00,672.8238,717.99,672.8238,717.74,0
2026-07-15T22:00:00+00:00,717.71,718.75,717.1357,718.05,0
2026-07-15T23:00:00+00:00,717.98,718.4855,717.19,717.408,0
2026-07-16T08:00:00+00:00,714.42,719.83,712.39,713.68,0
2026-07-16T09:00:00+00:00,713.83,716.34,713.63,715.6,0
2026-07-16T10:00:00+00:00,715.6977,716.05,713.22,713.83,0
2026-07-16T11:00:00+00:00,713.795,717.74,711.6787,712.1917,0
2026-07-16T12:00:00+00:00,712.23,718.278,709.57,710.56,0
2026-07-16T13:00:00+00:00,710.77,717.74,709.6277,712.08,0
2026-07-16T13:30:00+00:00,712,713.5949707,707,712.4699707,8246116
2026-07-16T14:30:00+00:00,712.4749756,713.0700073,708.9199829,710.5949707,3505185
2026-07-16T15:30:00+00:00,710.585022,717.7399902,707.1199951,707.960022,4912662
2026-07-16T16:30:00+00:00,707.9699707,709.2000122,707.2750244,708.7399902,2953381
2026-07-16T17:30:00+00:00,708.789978,709.0100098,706,707.210022,4161579
2026-07-16T18:30:00+00:00,707.0999756,707.0999756,703.5900269,704.289978,4935634
2026-07-16T19:30:00+00:00,704.289978,706.460022,702.6099854,706.0200195,6635170
2026-07-16T20:00:00+00:00,705.97,714.94,704.69,705.15,0
2026-07-16T21:00:00+00:00,705.125,705.94,681.274,705.475,0
2026-07-16T22:00:00+00:00,705.45,706.08,703.56,704.07,0
2026-07-16T23:00:00+00:00,704.0607,704.2,702.22,702.94,0
2026-07-17T08:00:00+00:00,693.48,705.94,690.9,691.6,0
2026-07-17T09:00:00+00:00,691.6677,693.59,690.32,693.5899,0
2026-07-17T10:00:00+00:00,693.648,695.95,692.92,695.56,0
2026-07-17T11:00:00+00:00,695.68,705.94,694.51,695.2,0
2026-07-17T12:00:00+00:00,695.37,695.37,692.9,693.17,0
2026-07-17T13:00:00+00:00,693.25,705.94,691,691.44,0
2026-07-17T13:30:00+00:00,691.6300049,698.4199829,686.7600098,697.0299072,16805444
2026-07-17T14:30:00+00:00,697.0549927,698.5700073,693.1400146,695.0449829,7720477
2026-07-17T15:30:00+00:00,695.1350098,700.0499878,694.3099976,699,6816698
2026-07-17T16:30:00+00:00,698.9799805,702.2999878,698.3699951,702,5128227
2026-07-17T17:30:00+00:00,701.9899902,702.1500244,696.7700195,697.5200195,4360035
2026-07-17T18:30:00+00:00,697.5,698.4199829,694.2299805,696.0900269,4110061
2026-07-17T19:30:00+00:00,696.1199951,697.5,695.0800171,695.2999878,4263436
2026-07-17T20:00:00+00:00,695.33,695.7187,653.111,695.495,0
2026-07-17T21:00:00+00:00,695.45,695.65,694.6,694.61,0
2026-07-17T22:00:00+00:00,694.649,695.3,694.5,694.8,0
2026-07-17T23:00:00+00:00,694.765,694.86,693.53,693.76,0
2026-07-20T08:00:00+00:00,698.92,699.7172,695.55,698.78,0
2026-07-20T09:00:00+00:00,698.808,699.08,697.65,698.8985,0
2026-07-20T10:00:00+00:00,698.75,701.09,698.72,700.1487,0
2026-07-20T11:00:00+00:00,700.0982,701.75,695.33,701.12,0
2026-07-20T12:00:00+00:00,701.095,703.75,700.74,701.95,0
2026-07-20T13:00:00+00:00,702,702.54,695.33,702.02,0
2026-07-20T13:30:00+00:00,702.2600098,705.7999878,698.9099731,701.8950195,8713920
2026-07-20T14:30:00+00:00,701.8800049,702.3599854,698.0800171,701.539978,3232497
2026-07-20T15:30:00+00:00,701.5405273,704.0200195,700.539978,703.1873779,2929182
2026-07-20T16:30:00+00:00,703.2600098,703.539978,699.0300293,700.1530151,3334011
2026-07-20T17:30:00+00:00,700.1599731,701.3900146,698.7999878,699.9346924,2021928
2026-07-20T18:30:00+00:00,699.9500122,699.9598999,696.2600098,697.6799927,3411175
2026-07-20T19:30:00+00:00,697.710022,698.5991821,695.5100098,695.9899902,3943602
2026-07-20T20:00:00+00:00,695.99,697,653.509,695.82,0
2026-07-20T21:00:00+00:00,695.86,714.67,649.5915,696.1,0
2026-07-20T22:00:00+00:00,696.1,696.37,694.07,694.43,0
2026-07-20T23:00:00+00:00,694.41,697.02,694.28,695.86,0
2026-07-21T08:00:00+00:00,704.21,705.28,696.06,705.17,0
2026-07-21T09:00:00+00:00,705.2987,705.93,704.89,705.25,0
2026-07-21T10:00:00+00:00,705.27,706,704.88,705.435,0
2026-07-21T11:00:00+00:00,705.4782,706.12,696.06,704.4,0
2026-07-21T12:00:00+00:00,704.252,705.9,695.538,704.51,0
2026-07-21T13:00:00+00:00,704.49,706.59,696.06,706.5,0
2026-07-21T13:30:00+00:00,706.6799927,707.1300049,702.8099976,706.2299805,7543336
2026-07-21T14:30:00+00:00,706.2199707,708.9899902,705.2000122,708.6900024,3527319
2026-07-21T15:30:00+00:00,708.6599731,709.4099731,707.4299927,708.8300171,2992245
2026-07-21T16:30:00+00:00,708.8499756,709.8800049,708.6300049,709.3150024,3227271
2026-07-21T17:30:00+00:00,709.3300171,710.0499878,709.0300293,709.1599731,2755385
2026-07-21T18:30:00+00:00,709.1500244,709.8900146,708.3300171,708.3900146,2300871
2026-07-21T19:30:00+00:00,708.4199829,709.8599854,708.3300171,708.9500122,6703445
2026-07-21T20:00:00+00:00,708.93,709.19,701.7535,708.4,0
2026-07-21T21:00:00+00:00,708.405,709.4,708.37,709.125,0
2026-07-21T22:00:00+00:00,709.05,709.05,707.502,707.985,0
2026-07-21T23:00:00+00:00,707.96,708.7082,707.69,708.62,0
2026-07-22T08:00:00+00:00,702.83,708.97,702.12,703.89,0
2026-07-22T09:00:00+00:00,703.8882,705.01,703.38,704.5,0
2026-07-22T10:00:00+00:00,704.46,705.46,703.57,705.28,0
2026-07-22T11:00:00+00:00,705.388,708.97,703.85,703.96,0
2026-07-22T12:00:00+00:00,703.92,708.439,701.365,702.06,0
2026-07-22T13:00:00+00:00,702.1,708.97,700.51,703.52,0
2026-07-22T13:30:00+00:00,704.3499756,708.2399902,703.6400146,706.7098999,7808357
2026-07-22T14:30:00+00:00,706.6900024,709.6472778,705.5800171,709.2299805,3469678
2026-07-22T15:30:00+00:00,709.2399902,709.4876709,708.0136719,708.9025269,1923952
2026-07-22T16:30:00+00:00,708.9000244,709.3499756,708.0700073,708.7697754,1390156
2026-07-22T17:30:00+00:00,708.7150269,709.0900269,706.7399902,707.1300049,1463826
2026-07-22T18:30:00+00:00,707.1201172,707.6799927,706.4000244,707.5004272,1681142
2026-07-22T19:30:00+00:00,707.5,707.5300293,705.1900024,705.2700195,2698683
2026-07-22T20:00:00+00:00,705.27,707.63,658.3537,705.434,0
2026-07-22T21:00:00+00:00,705.515,706.51,662.1694,704.08,0
2026-07-22T22:00:00+00:00,704.2,704.71,702.343,703.12,0
2026-07-22T23:00:00+00:00,703.155,704.79,702.04,704.78,0
2026-07-23T08:00:00+00:00,701.228,705.7987,699.6225,702.63,0
2026-07-23T09:00:00+00:00,702.6782,704.755,702.23,703.6415,0
2026-07-23T10:00:00+00:00,703.6982,703.6982,702.3222,702.6815,0
2026-07-23T11:00:00+00:00,702.778,705.35,701.3,701.315,0
2026-07-23T12:00:00+00:00,701.23,704.821,697.97,698.4,0
2026-07-23T13:00:00+00:00,698.24,705.35,694.21,694.77,0
2026-07-23T13:30:00+00:00,694.6400146,698.6599731,693.210022,695.1400146,10898377
2026-07-23T14:30:00+00:00,695.0150146,695.9899902,688.1550293,688.6300049,7371596
2026-07-23T15:30:00+00:00,688.6300049,694.5900269,687.7999878,694.4199829,5335308
2026-07-23T16:30:00+00:00,694.3900146,695.1500244,691.4915771,693.1398926,3268953
2026-07-23T17:30:00+00:00,693,693.1300049,690.4038086,691.1699829,2950937
2026-07-23T18:30:00+00:00,691.1400146,691.8499756,689.3499756,691.2800293,3060585
2026-07-23T19:30:00+00:00,691.3300171,692.4299927,688.9299927,691.9199829,4713913
2026-07-23T20:00:00+00:00,692.05,725.694,691.96,691.96,0
2026-07-23T21:00:00+00:00,695.095,695.65,662.9285,693.85,0
2026-07-23T22:00:00+00:00,693.85,694.88,692.3115,694.8,0
2026-07-23T23:00:00+00:00,694.8,694.94,693.2,693.54,0
2026-07-24T08:00:00+00:00,692.3667,693.38,688.7792,692.49,0
2026-07-24T09:00:00+00:00,692.4177,693.91,692.1617,693.738,0
2026-07-24T10:00:00+00:00,693.7007,694.48,693.2693,693.67,0
2026-07-24T11:00:00+00:00,693.618,693.99,691.96,692.96,0
2026-07-24T12:00:00+00:00,692.985,694.32,692,694.04,0
2026-07-24T13:00:00+00:00,694.0477,694.05,690.4497,690.45,0
2026-07-24T13:30:00+00:00,690.25,692.4500122,684.8599854,686.8800049,10414681
2026-07-24T14:30:00+00:00,686.9063721,690.8499756,683.5460205,689.4974976,6146095
2026-07-24T15:30:00+00:00,689.5,692.6300049,689.1199951,691.1129761,3626486
2026-07-24T16:30:00+00:00,691.0300293,691.1099854,687.7000122,689.789978,3373554
2026-07-24T17:30:00+00:00,689.8099976,690.5062866,685.4500122,685.4849854,2955664
2026-07-24T18:30:00+00:00,685.5175171,685.7199707,682.4799805,683.4699707,6929053
2026-07-24T19:30:00+00:00,683.4799805,684.6599731,682.7600098,684.2199707,5696963
2026-07-24T20:00:00+00:00,684.23,685.28,649.2819,684.7603,0
2026-07-24T21:00:00+00:00,684.892,685.35,649.2819,684.72,0
2026-07-24T22:00:00+00:00,684.7195,684.92,684.1,684.228,0
2026-07-24T23:00:00+00:00,684.228,684.56,683.53,683.964,0
2026-07-27T08:00:00+00:00,693.49,695.001,691.9,694.9,0
2026-07-27T09:00:00+00:00,694.9082,695.52,694.45,695.04,0
2026-07-27T10:00:00+00:00,695,695.89,694.8596,695.24,0
2026-07-27T11:00:00+00:00,695.3185,695.72,684.23,693.14,0
2026-07-27T12:00:00+00:00,693.23,694.2805,683.717,693.18,0
2026-07-27T13:00:00+00:00,693.188,694.37,684.23,691.709,0
2026-07-27T13:30:00+00:00,691.7199707,692.2600098,679.2700195,679.460022,11064632
2026-07-27T14:30:00+00:00,679.460022,682.1503296,675.9450073,679.1199951,8025442
2026-07-27T15:30:00+00:00,679.2199707,682.3400269,676.9099731,681.0949707,4610679
2026-07-27T16:30:00+00:00,681.1099854,682.1300049,677.0800171,677.3900146,3981465
2026-07-27T17:30:00+00:00,677.3900146,680.2999878,677.3400269,679.3400269,3097307
2026-07-27T18:30:00+00:00,679.3599854,683.3699951,677.8499756,683.2800293,4467831
2026-07-27T19:30:00+00:00,683.3499146,683.5999756,681.164978,682.0599976,4549408
2026-07-27T20:00:00+00:00,682.11,682.99,681.55,682.36,0
2026-07-27T21:00:00+00:00,682.4408,683.09,669.7153,682.7654,0
2026-07-27T22:00:00+00:00,682.8,682.95,680.4577,680.68,0
2026-07-27T23:00:00+00:00,680.63,681.64,680,681.33,0
2026-07-28T08:00:00+00:00,676.007,682.12,673.72,677.6,0
2026-07-28T09:00:00+00:00,677.7,678.7,676.9799,677.88,0
2026-07-28T10:00:00+00:00,677.8694,677.8694,675.9232,676.75,0
2026-07-28T11:00:00+00:00,676.8385,682.12,674.28,674.76,0
2026-07-28T12:00:00+00:00,674.7,677.97,673.9723,677.82,0
2026-07-28T13:00:00+00:00,677.808,682.631,676.01,676.4,0
2026-07-28T13:30:00+00:00,676.1900024,677.2999878,667.8800049,670.3699951,16945019
2026-07-28T14:30:00+00:00,670.3900146,677.75,669.4500122,676.6400146,8006380
2026-07-28T15:30:00+00:00,676.6300049,679.1300049,676.2199707,677.3046875,5482410
2026-07-28T16:30:00+00:00,677.3590088,679.4000244,676.3300171,677.4000244,3811030
2026-07-28T17:30:00+00:00,677.375,678.4500122,675.3499756,675.6450195,3490333
2026-07-28T18:30:00+00:00,675.6799927,678.0100098,675.5599976,677.9099731,3068636
2026-07-28T19:30:00+00:00,677.9500122,678.0599976,675.2800293,675.5,5562702
2026-07-28T20:00:00+00:00,675.49,677.2338,647.4302,676.4247,0
2026-07-28T21:00:00+00:00,676.5,677.37,647.4302,677.35,0
2026-07-28T22:00:00+00:00,676.93,677.72,671.54,671.61,0
2026-07-28T23:00:00+00:00,671.57,679.8,671,679.8,0
2026-07-29T08:00:00+00:00,675.35,676.55,668.9967,673.67,0
2026-07-29T09:00:00+00:00,673.758,677.23,673.45,676.9522,0
2026-07-29T10:00:00+00:00,677.0477,678.89,676.52,677.95,0
2026-07-29T11:00:00+00:00,677.98,678.1201,675.49,677.6407,0
2026-07-29T12:00:00+00:00,677.5895,677.77,673.99,674.3635,0
2026-07-29T13:00:00+00:00,674.3697,676.1,673.8124,675.46,0
2026-07-29T13:30:00+00:00,675.460022,677.460022,666.4849854,667.2800293,10341293
2026-07-29T14:30:00+00:00,667.2700195,669.2999878,665.7700195,666.8300171,4484021
2026-07-29T15:30:00+00:00,666.8800049,667.8099976,663.2999878,666.7800293,5361782
2026-07-29T16:30:00+00:00,666.7000122,671.5100098,665.1500244,669.1099854,5669703
2026-07-29T17:30:00+00:00,669.2299805,674.9000244,668.5999756,672.1900024,6711623
2026-07-29T18:30:00+00:00,672.1699829,680.0499878,669.0900269,670.7700195,9061651
2026-07-29T19:30:00+00:00,670.7700195,671.5679932,661.1450195,661.6300049,8951148
2026-07-29T20:00:00+00:00,661.67,672.8238,637.833,659.91,0
2026-07-29T21:00:00+00:00,660.0873,672.8238,637.833,658.1274,0
2026-07-29T22:00:00+00:00,658.15,665.1799,658.15,664.2408,0
2026-07-29T23:00:00+00:00,664.4,666.93,664.272,666.07,0
2026-07-30T08:00:00+00:00,663,666.72,661.73,665.89,0
2026-07-30T09:00:00+00:00,665.8877,667.46,664.77,666.91,0
2026-07-30T10:00:00+00:00,666.94,668.72,665.47,668.46,0
2026-07-30T11:00:00+00:00,668.4595,671.14,661.73,670.821,0
2026-07-30T12:00:00+00:00,670.9,672.1,669.91,671.55,0
2026-07-30T13:00:00+00:00,671.7405,674.87,661.73,674.8,0
2026-07-30T13:30:00+00:00,674.6900024,683.6400146,673.2999878,683.2199707,15940089
2026-07-30T14:30:00+00:00,683.2600098,683.710022,677.75,678.1950073,7534082
2026-07-30T15:30:00+00:00,678.1599731,682.5499878,677.9000244,681.3499756,7908852
2026-07-30T16:30:00+00:00,681.3549805,682.8911133,679.25,681.9799805,7336422
2026-07-30T17:30:00+00:00,682,682.9199829,681.2700195,682.3300171,4234564
2026-07-30T18:30:00+00:00,682.3250122,685.1199951,681.5100098,683.8400269,6303349
2026-07-30T19:30:00+00:00,683.8200073,684.3499756,682.9000244,683.5999756,10064291
2026-07-30T20:00:00+00:00,683.56,687.65,638.2509,686,0
2026-07-30T21:00:00+00:00,686,687.25,683.55,686.2721,0
2026-07-30T22:00:00+00:00,685.76,687.89,685.36,687.54,0
2026-07-30T23:00:00+00:00,687.57,688.74,686.73,688.25,0
2026-07-31T08:00:00+00:00,691.95,692.93,683.55,692.61,0
2026-07-31T09:00:00+00:00,692.6282,693.62,691.755,692.39,0
2026-07-31T10:00:00+00:00,692.36,692.39,690.7695,691.94,0
2026-07-31T11:00:00+00:00,692.08,693.25,683.55,691.5684,0
2026-07-31T12:00:00+00:00,691.536,691.69,689.02,690.17,0
2026-07-31T13:00:00+00:00,690.1785,692.2,688.6,692.09,0
2026-07-31T13:30:00+00:00,692.1199951,695.7700195,680.0512085,684.2000122,18029467
2026-07-31T14:30:00+00:00,684.2399902,686.5100098,681.0700073,681.7700195,7209068
2026-07-31T15:30:00+00:00,681.7199707,686.9299927,680.9400024,686.9299927,3657729
2026-07-31T16:30:00+00:00,686.9500122,689.7199707,685.6300049,689.3599854,3527804
2026-07-31T17:30:00+00:00,689.3699951,690.3499756,687.7600098,688.3800049,3654902
2026-07-31T18:30:00+00:00,688.5800171,690.25,688.0300293,689.7000122,3737502
2026-07-31T19:30:00+00:00,689.6699829,690.8800049,687.4799805,688.0100098,4968185
2026-07-31T20:00:00+00:00,687.97,688.65,684.68,685.3,0
2026-07-31T21:00:00+00:00,685.0978,687.99,667.3625,684.49,0
2026-07-31T22:00:00+00:00,684.53,685.21,684.02,684.9718,0
2026-07-31T23:00:00+00:00,684.9937,685.32,684.34,684.47,0
2026-08-03T08:00:00+00:00,692.39,694.8077,689.71,690,0
2026-08-03T09:00:00+00:00,690.0582,692.71,689.6693,691.72,0
2026-08-03T10:00:00+00:00,691.64,692.16,690.1,690.49,0
2026-08-03T11:00:00+00:00,690.515,691.43,687.99,689.58,0
2026-08-03T12:00:00+00:00,689.559,690.6,687.475,689.0513,0
2026-08-03T13:00:00+00:00,689.158,694.54,687.84,688.39,0
2026-08-03T13:30:00+00:00,687,694.75,685.8200073,694.6199951,9631902
2026-08-03T14:30:00+00:00,694.6699829,697.6900024,694.2199707,695.9199829,7294989
2026-08-03T15:30:00+00:00,695.9500122,698.6923828,695.875,698.4899902,4085985
2026-08-03T16:30:00+00:00,698.4799805,699.7598267,697.8699951,699.6699829,3639411
2026-08-03T17:30:00+00:00,699.6699829,701.5900269,699.4000244,699.8001099,5489176
2026-08-03T18:30:00+00:00,699.8400269,701.1099854,699.6099854,700.3599854,4519964
2026-08-03T19:30:00+00:00,700.3800049,700.9400024,699.2700195,700.0800171,6710654
2026-08-03T20:00:00+00:00,700.07,701.05,699.5,700.7261,0
2026-08-03T21:00:00+00:00,700.7238,700.85,652.2303,700.69,0
2026-08-03T22:00:00+00:00,700.65,701.55,700.6,701.2309,0
2026-08-03T23:00:00+00:00,701.1885,701.8,700.84,701.8,0
2026-08-04T08:00:00+00:00,704.2982,705.7,700.07,705.22,0
2026-08-04T09:00:00+00:00,705.2192,705.2192,702.72,703.55,0
2026-08-04T10:00:00+00:00,703.6,705.3,703.59,704.8396,0
2026-08-04T11:00:00+00:00,704.82,706.67,700.07,706.64,0
2026-08-04T12:00:00+00:00,706.6624,708.41,699.545,707.92,0
2026-08-04T13:00:00+00:00,707.948,709.3,700.07,708.18,0
2026-08-04T13:30:00+00:00,708.2050171,716.2199707,707.5900269,716.0050049,12424997
2026-08-04T14:30:00+00:00,716.0800171,718.5700073,715.0700073,717.9899902,8714972
2026-08-04T15:30:00+00:00,717.9799805,719.9699707,717.5800171,719.6500244,7241595
2026-08-04T16:30:00+00:00,719.664978,722.5,719.4000244,722.3499756,7429820
2026-08-04T17:30:00+00:00,722.3200073,724.2800293,721.9849854,723.829895,6363976
2026-08-04T18:30:00+00:00,723.8400269,725.3800049,722.8699951,724.2943726,4635273
2026-08-04T19:30:00+00:00,724.2849731,725.6500244,723.0999756,723.6799927,6364445
2026-08-04T20:00:00+00:00,723.72,725.5,720.93,722.2741,0
2026-08-04T21:00:00+00:00,722.35,723.85,721.22,721.4167,0
2026-08-04T22:00:00+00:00,721.47,723.85,721.32,722.43,0
2026-08-04T23:00:00+00:00,722.4748,723.2077,721.96,722.77,0
2026-08-05T08:00:00+00:00,724.45,726.57,722.46,722.82,0
2026-08-05T09:00:00+00:00,722.838,723.46,721.92,723.4017,0
2026-08-05T10:00:00+00:00,723.39,724.15,722.79,723.33,0
2026-08-05T11:00:00+00:00,723.38,724.9,722.81,724.675,0
2026-08-05T12:00:00+00:00,724.36,725.41,724.12,725.17,0
2026-08-05T13:00:00+00:00,725.21,726.27,723.85,726.27,0
2026-08-05T13:30:00+00:00,726.2249756,728.539978,724.4000244,724.7199707,9066634
2026-08-05T14:30:00+00:00,724.6699829,724.7999268,721.0200195,722.085022,6904424
2026-08-05T15:30:00+00:00,722.0800171,723.3250122,719.4899902,722.664978,4125712
2026-08-05T16:30:00+00:00,722.6550293,722.8800049,720.4500122,720.7700195,2185639
2026-08-05T17:30:00+00:00,720.7999878,721.5599976,720.3200073,721.3099976,1982661
2026-08-05T18:30:00+00:00,721.3200073,721.4099731,719.9400024,720.8887939,2549025
2026-08-05T19:30:00+00:00,720.875,721.0300293,716.9299927,717.2199707,3469631
2026-08-05T20:00:00+00:00,717.22,720.688,715.46,716.92,0
2026-08-05T21:00:00+00:00,716.85,717.34,689.8829,715.95,0
2026-08-05T22:00:00+00:00,716.03,718.9509,715.99,717.66,0
2026-08-05T23:00:00+00:00,717.5889,718.2,716.29,716.5719,0
2026-08-06T08:00:00+00:00,715,717.3,713.47,714.98,0
2026-08-06T09:00:00+00:00,715.0082,715.548,713.35,714.3687,0
2026-08-06T10:00:00+00:00,714.35,715.59,714.22,715.195,0
2026-08-06T11:00:00+00:00,715.2,717.3,711.5,714.035,0
2026-08-06T12:00:00+00:00,714.04,716.763,712.09,713.2129,0
2026-08-06T13:00:00+00:00,713.2437,717.3,710.64,710.76,0
2026-08-06T13:30:00+00:00,710.7600098,718.8599854,708.5,716.8400269,10766505
2026-08-06T14:30:00+00:00,716.9500122,719.3200073,715.6149902,717.4199829,4242031
2026-08-06T15:30:00+00:00,717.4799805,717.8599243,713.5300293,714.0900269,3792227
2026-08-06T16:30:00+00:00,714.1099854,716.5800171,713.8599854,715.3900146,2497653
2026-08-06T17:30:00+00:00,715.3900146,716.5499878,714,716.1199951,2578142
2026-08-06T18:30:00+00:00,716.0999756,716.4050293,714.6599731,714.9000244,3079768
2026-08-06T19:30:00+00:00,714.9000244,715.8099976,714.1101074,714.6199951,3282341
2026-08-06T20:00:00+00:00,714.65,725.694,708.6973,714.8199,0
2026-08-06T21:00:00+00:00,714.82,715.22,714.65,715.1839,0
2026-08-06T22:00:00+00:00,715.2,716.63,714.74,716.3611,0
2026-08-06T23:00:00+00:00,716.33,717.21,716.1,717.02,0
2026-08-07T08:00:00+00:00,717.08,718.12,713.99,718.015,0
2026-08-07T09:00:00+00:00,718.038,718.59,717.65,718.29,0
2026-08-07T10:00:00+00:00,718.25,718.565,717.24,717.9327,0
2026-08-07T11:00:00+00:00,717.92,718.8993,714.65,718.7485,0
2026-08-07T12:00:00+00:00,718.7085,719.44,716.21,719.16,0
2026-08-07T13:00:00+00:00,719.32,723.83,714.65,720.19,0
2026-08-07T13:30:00+00:00,720,722.710022,716.5200195,721.25,9053853
2026-08-07T14:30:00+00:00,721.2680054,722.8599854,718.8300171,722.7999878,4421886
2026-08-07T15:30:00+00:00,722.7999878,723.4998779,719.5015869,720.0999756,3906401
2026-08-07T16:30:00+00:00,720.0999756,721.6799927,719.0499878,720.9199829,2419183
2026-08-07T17:30:00+00:00,720.9000244,721.2700195,719.8201294,719.8900146,1760356
2026-08-07T18:30:00+00:00,719.9000244,722.7199707,719.2349854,722.4199829,3564863
2026-08-07T19:30:00+00:00,722.4249878,723.6199951,721.5001831,723.0150146,3436222
2026-08-07T20:00:00+00:00,723.03,723.38,722.25,723.1692,0
2026-08-07T21:00:00+00:00,722.86,723.1258,722.61,722.94,0
2026-08-07T22:00:00+00:00,722.9465,722.97,722.71,722.77,0
2026-08-07T23:00:00+00:00,722.8772,723.3997,722.549,723.26,0
2026-08-10T08:00:00+00:00,725.998,726.6288,723.94,725.95,0
2026-08-10T09:00:00+00:00,726.0082,726.71,725.77,726.36,0
2026-08-10T10:00:00+00:00,726.2885,726.41,725.08,725.75,0
2026-08-10T11:00:00+00:00,725.78,725.81,723.03,724.9499,0
2026-08-10T12:00:00+00:00,724.93,725.06,722.488,722.7501,0
2026-08-10T13:00:00+00:00,722.78,723.03,721.61,722.37,0
2026-08-10T13:30:00+00:00,722.6500244,724.6699829,720.3400269,723.6699829,7336344
2026-08-10T14:30:00+00:00,723.7098999,724.5200195,721.1450195,721.6900024,3780419
2026-08-10T15:30:00+00:00,721.6500244,723.6450195,720.8300171,722.4799805,2486021
2026-08-10T16:30:00+00:00,722.4500122,722.6500244,720.5700073,721.9400024,2764821
2026-08-10T17:30:00+00:00,721.9400024,722.166626,720.8599854,720.9749756,1550559
2026-08-10T18:30:00+00:00,720.9699707,722.1398926,720.6900024,721.7999878,1551022
2026-08-10T19:30:00+00:00,721.8800049,722.0700073,720.3300171,720.8049927,4607352
2026-08-10T20:00:00+00:00,720.99,723.02,720.73,721.3805,0
2026-08-10T21:00:00+00:00,721.3,721.4937,671.1945,721.0142,0
2026-08-10T22:00:00+00:00,721.24,721.85,720.36,720.59,0
2026-08-10T23:00:00+00:00,720.55,720.62,719.3135,719.9628,0
2026-08-11T08:00:00+00:00,721.7967,723.7975,720.36,720.89,0
2026-08-11T09:00:00+00:00,720.698,721.46,720.36,721.3465,0
2026-08-11T10:00:00+00:00,721.3685,723.05,721.12,722.81,0
2026-08-11T11:00:00+00:00,722.89,724.4,720.87,723.12,0
2026-08-11T12:00:00+00:00,723.1503,724,722.6,723.04,0
2026-08-11T13:00:00+00:00,723,723.69,720.87,723.28,0
2026-08-11T13:30:00+00:00,723.2999878,723.2999878,718.401001,721.8300171,6850179
2026-08-11T14:30:00+00:00,721.7999878,722.4400024,719.8900146,719.9899902,3376357
2026-08-11T15:30:00+00:00,720.0349731,720.3649902,718.0349731,718.6300049,2435455
2026-08-11T16:30:00+00:00,718.6099854,719.0700073,716.8699951,717.6599731,3586496
2026-08-11T17:30:00+00:00,717.6680298,718.4699707,715.789978,716.1799927,2967053
2026-08-11T18:30:00+00:00,716.1799927,718.1364136,716.0999756,718.0650024,4007748
2026-08-11T19:30:00+00:00,718.0900269,718.9349976,717.6500244,718.3400269,3980521
2026-08-11T20:00:00+00:00,718.48,752.9634,717.88,718.6587,0
2026-08-11T21:00:00+00:00,718.7,718.98,718.45,718.8,0
2026-08-11T22:00:00+00:00,718.75,719,718.26,718.622,0
2026-08-11T23:00:00+00:00,718.7133,718.99,718.32,718.94,0
2026-08-12T08:00:00+00:00,721.19,722.24,718.45,722.08,0
2026-08-12T09:00:00+00:00,722.0985,723.57,721.53,722.9377,0
2026-08-12T10:00:00+00:00,723.0182,723.46,722.48,723.43,0
2026-08-12T11:00:00+00:00,723.37,723.44,718.45,722.6687,0
2026-08-12T12:00:00+00:00,722.62,725.41,717.912,725.05,0
2026-08-12T13:00:00+00:00,725.06,727.08,718.45,727.021,0
2026-08-12T13:30:00+00:00,726.9699707,727.25,723.6099854,725.2299805,9102226
2026-08-12T14:30:00+00:00,725.2399902,725.5999756,723.25,724.2299805,5301376
2026-08-12T15:30:00+00:00,724.25,724.5499878,722.9199829,724.2000122,2464512
2026-08-12T16:30:00+00:00,724.2294922,725.4299927,723.6699829,725.0800171,2185083
2026-08-12T17:30:00+00:00,725.0700073,725.414978,724.6599731,724.7399902,2211648
2026-08-12T18:30:00+00:00,724.7399902,725.5599976,723.8200073,724.0999756,1817401
2026-08-12T19:30:00+00:00,724.0900269,724.1099243,723.0349731,723.6699829,4175318
2026-08-12T20:00:00+00:00,723.7,724.96,672.8238,722.59,0
2026-08-12T21:00:00+00:00,722.5601,723.7,672.8238,723.32,0
2026-08-12T22:00:00+00:00,723.32,723.7,722.01,722.41,0
2026-08-12T23:00:00+00:00,722.3707,722.81,722.3478,722.58,0
2026-08-13T08:00:00+00:00,723.9305,725.4977,723.21,723.86,0
2026-08-13T09:00:00+00:00,723.9582,724.22,723.02,723.37,0
2026-08-13T10:00:00+00:00,723.4285,724.515,723.4285,724.2179,0
2026-08-13T11:00:00+00:00,724.2585,724.71,723.7,724.0002,0
2026-08-13T12:00:00+00:00,724.01,724.8,722.8,723.94,0
2026-08-13T13:00:00+00:00,723.8254,725.3929,723,725.1985,0
2026-08-13T13:30:00+00:00,725.125,733.039978,724.039978,732.960022,10430029
2026-08-13T14:30:00+00:00,732.9500122,733.7550049,731.7000122,731.9099731,5346685
2026-08-13T15:30:00+00:00,731.9199829,732.125,729.8599854,731.8300171,3394937
2026-08-13T16:30:00+00:00,731.8400269,733.3499756,731.4000854,733.0484009,1935657
2026-08-13T17:30:00+00:00,733.0499878,733.2263184,731.7650146,732,2352568
2026-08-13T18:30:00+00:00,732.0100098,733.960022,732.0100098,732.7700195,2616587
2026-08-13T19:30:00+00:00,732.7399902,732.8640137,731.5499878,732.0599976,2965033
2026-08-13T20:00:00+00:00,732.05,732.64,730.85,732.61,0
2026-08-13T21:00:00+00:00,732.6399,772.5808,732.07,732.71,0
2026-08-13T22:00:00+00:00,732.71,732.71,732,732.33,0
2026-08-13T23:00:00+00:00,732.33,732.83,732,732.2267,0
2026-08-14T08:00:00+00:00,732.2,733.27,730.76,732.9972,0
2026-08-14T09:00:00+00:00,733.108,733.4,732.7303,733.12,0
2026-08-14T10:00:00+00:00,733.1182,733.67,732.65,733.1,0
2026-08-14T11:00:00+00:00,733.1704,733.92,732.07,733.6013,0
2026-08-14T12:00:00+00:00,733.6,734.33,731.521,733.72,0
2026-08-14T13:00:00+00:00,733.765,734.41,732.07,733.52,0
2026-08-14T13:30:00+00:00,733.2600098,734.3900146,730.8400269,731.460083,5946582
2026-08-14T14:30:00+00:00,731.4721069,731.8400269,728.4199829,729.3201294,3069621
2026-08-14T15:30:00+00:00,729.3699951,730.2150269,728.3200073,730.0700073,2889901
2026-08-14T16:30:00+00:00,730.0750122,730.0999146,728.7600098,729.0131226,1942631
2026-08-14T17:30:00+00:00,729.0300293,729.7999878,728.7800293,729.1799927,1816304
2026-08-14T18:30:00+00:00,729.2299805,730.0800171,729.0900269,729.8599854,2632943
2026-08-14T19:30:00+00:00,729.8599854,731.1199951,729.7600098,731.0499878,3336093
2026-08-14T20:00:00+00:00,731.04,731.24,730.6356,731.16,0
2026-08-14T21:00:00+00:00,731.15,731.25,730.7987,731,0
2026-08-14T22:00:00+00:00,730.998,731.2,730.8635,731.07,0
2026-08-14T23:00:00+00:00,731.0657,731.1,730.8012,730.85,0
2026-08-17T08:00:00+00:00,734.96,735.6015,733.29,735.245,0
2026-08-17T09:00:00+00:00,735.2985,735.332,734.16,734.22,0
2026-08-17T10:00:00+00:00,734.289,735.86,734.12,735.77,0
2026-08-17T11:00:00+00:00,735.805,735.83,731.07,734.85,0
2026-08-17T12:00:00+00:00,734.85,735.1,730.522,733.3924,0
2026-08-17T13:00:00+00:00,733.28,733.65,731.07,732.93,0
2026-08-17T13:30:00+00:00,732.960022,734.0300293,731.5300293,732.4400024,6066528
2026-08-17T14:30:00+00:00,732.4500122,734.5800171,732.2000122,734.1799927,3721609
2026-08-17T15:30:00+00:00,734.2000122,734.2800293,732.3699951,732.7000122,2978387
2026-08-17T16:30:00+00:00,732.7000122,732.835022,729.9400024,730.0349731,3878631
2026-08-17T17:30:00+00:00,730.0200195,730.7700195,729.6450195,730.1900024,2614815
2026-08-17T18:30:00+00:00,730.1900024,731,729.7000122,729.9699707,2504386
2026-08-17T19:30:00+00:00,729.9400024,730.6149902,729.2700195,729.8599243,3236305
2026-08-17T20:00:00+00:00,729.83,729.9969,729.02,729.52,0
2026-08-17T21:00:00+00:00,729.43,729.87,729.3,729.5287,0
2026-08-17T22:00:00+00:00,729.54,729.8309,729.2,729.5414,0
2026-08-17T23:00:00+00:00,729.5727,730.1,729.34,729.98,0
2026-08-18T08:00:00+00:00,723.33,729.87,721.38,721.87,0
2026-08-18T09:00:00+00:00,721.898,722.6412,721.08,721.3,0
2026-08-18T10:00:00+00:00,721.29,721.46,720.165,721.1285,0
2026-08-18T11:00:00+00:00,721.1171,729.87,720.94,721.9032,0
2026-08-18T12:00:00+00:00,721.8978,729.323,720.81,720.8605,0
2026-08-18T13:00:00+00:00,720.8465,729.87,719.97,720.2912,0
2026-08-18T13:30:00+00:00,720.2199707,722.1300049,717.2399902,719.7316895,11529889
2026-08-18T14:30:00+00:00,719.5999756,720.2000122,715.9199829,717.7625732,8237973
2026-08-18T15:30:00+00:00,717.7000122,719.4899902,717.1500244,718.2299805,7356272
2026-08-18T16:30:00+00:00,718.2000122,719.6699829,717.7999878,718.3499756,4517225
2026-08-18T17:30:00+00:00,718.3400269,718.4699707,716.6900024,718.0100098,5615548
2026-08-18T18:30:00+00:00,718.0100098,718.2600098,717.0800171,717.9199829,3206663
2026-08-18T19:30:00+00:00,717.9199829,718.1699829,716.9199829,717.5900269,5513784
2026-08-18T20:00:00+00:00,717.51,717.86,716.79,717.0406,0
2026-08-18T21:00:00+00:00,717.0569,717.52,716.9,717.0387,0
2026-08-18T22:00:00+00:00,717.04,717.7516,715.99,716,0
2026-08-18T23:00:00+00:00,716,717.1487,715.94,716.18,0
2026-08-19T08:00:00+00:00,718.0815,719.0212,714,718.6,0
2026-08-19T09:00:00+00:00,718.6587,718.85,717.2893,717.31,0
2026-08-19T10:00:00+00:00,717.4185,717.7503,715.95,716.58,0
2026-08-19T11:00:00+00:00,716.61,717.57,715.95,716.62,0
2026-08-19T12:00:00+00:00,716.5636,717.65,715.85,717.46,0
2026-08-19T13:00:00+00:00,717.5011,721.8757,716.89,720.44,0
2026-08-19T13:30:00+00:00,720.4099731,721.4998779,712.6099854,715.1699829,12649547
2026-08-19T14:30:00+00:00,715.1400146,718.7369995,714.8200073,718.3200073,3935023
2026-08-19T15:30:00+00:00,718.3200073,719.7000122,716.7999878,718.2999878,3037338
2026-08-19T16:30:00+00:00,718.2600098,718.5200195,715.8300171,716.539978,2603234
2026-08-19T17:30:00+00:00,716.539978,717.789978,715.3800049,716.5,3225306
2026-08-19T18:30:00+00:00,716.5001221,717.5100098,716.25,716.930481,2649581
2026-08-19T19:30:00+00:00,716.960022,717.7600098,715.2399902,716.1099854,4913886
2026-08-19T20:00:00+00:00,716.2,717.02,715.93,717.02,0
2026-08-19T21:00:00+00:00,717.0965,717.25,689.8829,717.1085,0
2026-08-19T22:00:00+00:00,717.06,719.3,717.02,719.2,0
2026-08-19T23:00:00+00:00,719.2,720.12,718.6317,718.6924,0
2026-08-20T08:00:00+00:00,718.0372,720.13,715.6148,715.74,0
2026-08-20T09:00:00+00:00,715.7677,716.71,714.6,716.44,0
2026-08-20T10:00:00+00:00,716.4485,717.165,715.9,716.58,0
2026-08-20T11:00:00+00:00,716.57,717.6324,713.8,713.8471,0
2026-08-20T12:00:00+00:00,713.8,714.5198,709.96,710.301,0
2026-08-20T13:00:00+00:00,710.3876,716.08,709.4034,712.1,0
2026-08-20T13:30:00+00:00,712.2800293,714.9400024,711.0499878,712.0900269,8887959
2026-08-20T14:30:00+00:00,712.0599976,714.625,710.8900146,711.9536133,4747376
2026-08-20T15:30:00+00:00,711.9299927,712.2000122,710.133728,711.914978,3886104
2026-08-20T16:30:00+00:00,711.8499756,713,710.7349854,710.789978,2252213
2026-08-20T17:30:00+00:00,710.7550049,711.4868774,708.5200195,709.2199707,3050688
2026-08-20T18:30:00+00:00,709.2000122,710.9899902,708.7199707,710.9299927,3143916
2026-08-20T19:30:00+00:00,710.9310303,711.6500244,710.4738159,710.9500122,4731848
2026-08-20T20:00:00+00:00,711.05,711.33,709.99,711.2392,0
2026-08-20T21:00:00+00:00,711.2,725.694,662.9285,711.2,0
2026-08-20T22:00:00+00:00,711.28,711.98,710.28,711.37,0
2026-08-20T23:00:00+00:00,711.3985,711.49,710.62,710.7977,0
2026-08-21T08:00:00+00:00,714.6,715,710.93,714.01,0
2026-08-21T09:00:00+00:00,714.0587,715.13,713.84,714.3593,0
2026-08-21T10:00:00+00:00,714.4182,716.29,714.3,715.63,0
2026-08-21T11:00:00+00:00,715.74,716.5202,710.93,716.3024,0
2026-08-21T12:00:00+00:00,716.36,716.8515,710.397,716.3123,0
2026-08-21T13:00:00+00:00,716.3062,716.74,710.93,715.36,0
2026-08-21T13:30:00+00:00,715.2299805,715.3699951,709.2050171,710.5900269,8218251
2026-08-21T14:30:00+00:00,710.5999756,712.8499756,710.1635132,712.7399902,3947507
2026-08-21T15:30:00+00:00,712.7800293,715.6738281,712.6799927,713.7700195,5833125
2026-08-21T16:30:00+00:00,713.77948,714.1099854,712.9699707,713.414978,2864954
2026-08-21T17:30:00+00:00,713.4249878,713.7750244,712.6550293,712.6550293,2292490
2026-08-21T18:30:00+00:00,712.6550293,713.8900146,712.4299927,713.4199829,3363952
2026-08-21T19:30:00+00:00,713.4099731,714.3099976,712.9099731,713.4099731,3665308
2026-08-21T20:00:00+00:00,713.17,713.44,712.77,712.94,0
2026-08-21T21:00:00+00:00,713.018,713.55,712.93,713.43,0
2026-08-21T22:00:00+00:00,713.4352,714.2,713.25,714.1,0
2026-08-21T23:00:00+00:00,714.1975,714.44,713.96,714.35,0
2026-08-24T08:00:00+00:00,707.52,711.26,706.792,708.64,0
2026-08-24T09:00:00+00:00,708.608,709.92,708.385,709.04,0
2026-08-24T10:00:00+00:00,709.0485,709.96,708.9195,708.9987,0
2026-08-24T11:00:00+00:00,708.98,713.44,707.5,708.3746,0
2026-08-24T12:00:00+00:00,708.6,712.905,708.5,709.5317,0
2026-08-24T13:00:00+00:00,709.5385,713.44,708.19,709.64,0
2026-08-24T13:30:00+00:00,709.625,709.789978,702.7000122,704.2299805,8839791
2026-08-24T14:30:00+00:00,704.1599731,707.1900024,703.9500122,706.8300171,5169240
2026-08-24T15:30:00+00:00,706.7999878,709.3358765,706.5100098,708.8403931,4142778
2026-08-24T16:30:00+00:00,708.8494873,709.0250244,707.0911865,707.2349854,3488163
2026-08-24T17:30:00+00:00,707.25,709.2800293,706.7399902,709.1599731,3465071
2026-08-24T18:30:00+00:00,709.1699829,709.5300293,707.3300171,707.7150269,3333082
2026-08-24T19:30:00+00:00,707.7399902,708.0499878,706.210022,706.2399902,6239938
2026-08-24T20:00:00+00:00,706.36,707.1,705.88,706.97,0
2026-08-24T21:00:00+00:00,706.97,707.1,669.7153,707.07,0
2026-08-24T22:00:00+00:00,707.16,707.51,706.62,706.8,0
2026-08-24T23:00:00+00:00,706.8,706.9685,705.69,706.2588,0
2026-08-25T08:00:00+00:00,709.65,711.8,706.32,710.67,0
2026-08-25T09:00:00+00:00,710.73,712.08,710.27,711.675,0
2026-08-25T10:00:00+00:00,711.7382,714.22,711.6315,712.994,0
2026-08-25T11:00:00+00:00,713.0197,713.17,706.32,712.2323,0
2026-08-25T12:00:00+00:00,712.32,713.9,705.791,713.0601,0
2026-08-25T13:00:00+00:00,713.04,713.05,706.32,711.24,0
2026-08-25T13:30:00+00:00,711.2700195,714.039978,709.1400757,709.2999878,7494218
2026-08-25T14:30:00+00:00,709.2399902,710.8599854,707.4500122,710.789978,3794864
2026-08-25T15:30:00+00:00,710.7600098,711.5200195,709.4699707,711.1599731,2622799
2026-08-25T16:30:00+00:00,711.1795044,711.289978,709.2700195,709.4799805,1873484
2026-08-25T17:30:00+00:00,709.5,709.710022,706.3200073,709.335022,1451155
2026-08-25T18:30:00+00:00,709.3699951,710.6699829,709.210022,709.5300293,2142736
2026-08-25T19:30:00+00:00,709.5300293,711.0800171,709.1799927,710.6400146,2663502
2026-08-25T20:00:00+00:00,710.635,721.18,710.2,710.99,0
2026-08-25T21:00:00+00:00,710.9923,752.9634,710.72,711.206,0
2026-08-25T22:00:00+00:00,711.21,711.54,710.88,711,0
2026-08-25T23:00:00+00:00,711.01,711.045,709.12,709.16,0
2026-08-26T08:00:00+00:00,709.218,710.8782,708.67,709.8069,0
2026-08-26T09:00:00+00:00,709.7654,710.21,708.8115,708.89,0
2026-08-26T10:00:00+00:00,708.999,709.8985,708.8915,709.06,0
2026-08-26T11:00:00+00:00,709.0097,710.9,708.7517,710.2444,0
2026-08-26T12:00:00+00:00,710.2787,710.5,708.705,710.35,0
2026-08-26T13:00:00+00:00,710.43,710.47,707.42,708.3,0
2026-08-26T13:30:00+00:00,708.5,712.2000122,707.9699707,708.5250244,4994389
2026-08-26T14:30:00+00:00,708.4899902,711.039978,708.4699707,710.4000244,2173287
2026-08-26T15:30:00+00:00,710.3800049,711.2196045,708.7766724,709.2000122,1831761
2026-08-26T16:30:00+00:00,709.2050171,710.6799927,708.289978,710.6099854,1622970
2026-08-26T17:30:00+00:00,710.5999756,711.2926025,710.5100708,710.9000244,1765666
2026-08-26T18:30:00+00:00,710.9000244,713.0200195,710.8099976,712.3099976,2345381
2026-08-26T19:30:00+00:00,712.3099976,712.4500122,710.8850098,711.2999878,2174429
2026-08-26T20:00:00+00:00,711.35,714.56,711,714.4986,0
2026-08-26T21:00:00+00:00,714.4789,718,672.8238,717.02,0
2026-08-26T22:00:00+00:00,716.99,719.27,716,718.7291,0
2026-08-26T23:00:00+00:00,718.76,719.86,718.2315,719.7676,0
2026-08-27T08:00:00+00:00,717.3685,720.15,711.37,720.135,0
2026-08-27T09:00:00+00:00,720.1,720.18,717.95,718.695,0
2026-08-27T10:00:00+00:00,718.6982,719.5015,718.21,718.2185,0
2026-08-27T11:00:00+00:00,718.25,719.45,711.37,718.03,0
2026-08-27T12:00:00+00:00,718.02,718.49,716.71,718.22,0
2026-08-27T13:00:00+00:00,718.2292,718.25,711.37,716.94,0
2026-08-27T13:30:00+00:00,716.9799805,719.2692261,714.5250244,718.9349976,7917150
2026-08-27T14:30:00+00:00,718.9299927,719.5800171,717.1400146,718.2199707,3015511
2026-08-27T15:30:00+00:00,718.25,719.3200073,716.6699829,718.8499756,2789151
2026-08-27T16:30:00+00:00,718.8862915,720.6199951,718.789978,719.7650146,2504199
2026-08-27T17:30:00+00:00,719.756897,720.1599731,717.039978,717.3300171,3386290
2026-08-27T18:30:00+00:00,717.3099976,719.1199951,717.2999878,718.8649902,2589654
2026-08-27T19:30:00+00:00,718.8800049,721.3499756,718.710022,721.0599976,4182410
2026-08-27T20:00:00+00:00,721.06,721.42,719.36,719.6007,0
2026-08-27T21:00:00+00:00,719.7588,721.11,681.274,719.63,0
2026-08-27T22:00:00+00:00,719.5,719.8707,718.93,719.667,0
2026-08-27T23:00:00+00:00,719.6814,719.7199,718.63,718.7423,0
2026-08-28T08:00:00+00:00,719.2085,721.11,718.51,719.0188,0
2026-08-28T09:00:00+00:00,719.0688,719.84,719,719.42,0
2026-08-28T10:00:00+00:00,719.4195,719.56,718.9,719.3166,0
2026-08-28T11:00:00+00:00,719.3585,721.11,719.0456,719.85,0
2026-08-28T12:00:00+00:00,719.92,720.57,719.02,720.51,0
2026-08-28T13:00:00+00:00,720.54,721,719.41,719.9496,0
2026-08-28T13:30:00+00:00,719.75,721.6300049,716.789978,720.2999878,8127692
2026-08-28T14:30:00+00:00,720.3499756,724.125,719.8300171,723.4099731,4792205
2026-08-28T15:30:00+00:00,723.4550171,723.4899902,715.6900024,716.3099976,5326508
2026-08-28T16:30:00+00:00,716.289978,717.789978,715.085022,715.8900146,2768399
2026-08-28T17:30:00+00:00,715.8400269,717.289978,715.6699829,716.2050171,1808937
2026-08-28T18:30:00+00:00,716.2050171,716.7399902,715.1500244,716.5300293,3311536
2026-08-28T19:30:00+00:00,716.5349731,717.0800171,715.9349976,716.4500122,4485713
2026-08-28T20:00:00+00:00,716.44,717.0239,716.03,716.9,0
2026-08-28T21:00:00+00:00,716.8792,716.99,667.3625,716.4,0
2026-08-28T22:00:00+00:00,716.4272,716.49,716.0512,716.2999,0
2026-08-28T23:00:00+00:00,716.2975,734.41,716.06,716.2488,0
2026-08-31T08:00:00+00:00,716.85,717.5,712.7015,716.67,0
2026-08-31T09:00:00+00:00,716.679,716.8,715.96,716.45,0
2026-08-31T10:00:00+00:00,716.4787,716.49,715.24,715.69,0
2026-08-31T11:00:00+00:00,715.6485,716.43,715.11,715.77,0
2026-08-31T12:00:00+00:00,715.811,716.21,714.02,714.6419,0
2026-08-31T13:00:00+00:00,714.73,716.43,713.7,715.15,0
2026-08-31T13:30:00+00:00,715.1199951,717.0009766,713.1599731,713.6199951,5825284
2026-08-31T14:30:00+00:00,713.5501099,715.3099976,713.3699951,714.7174072,1950187
2026-08-31T15:30:00+00:00,714.7700195,715,713.3599854,714.8400269,7846468
2026-08-31T16:30:00+00:00,714.8499756,715.2800293,714.1199951,714.210022,2203579
2026-08-31T17:30:00+00:00,714.2000122,715.7399902,713.9899902,715.1749878,2427053
2026-08-31T18:30:00+00:00,715.1699829,715.5200195,713.8491821,715.3800049,2438068
2026-08-31T19:30:00+00:00,715.3900146,717.5750122,714.960022,716.8599854,5678055
2026-08-31T20:00:00+00:00,716.85,717.27,716.76,717.09,0
2026-08-31T21:00:00+00:00,717.0687,717.1169,669.7153,717,0
2026-08-31T22:00:00+00:00,716.9982,717.07,716.45,716.5214,0
2026-08-31T23:00:00+00:00,716.5,717.03,716.34,716.7,0
2026-09-01T08:00:00+00:00,715.11,718.38,711.42,711.468,0
2026-09-01T09:00:00+00:00,711.5,712.15,709.19,709.43,0
2026-09-01T10:00:00+00:00,709.4499,710.64,709.12,710.36,0
2026-09-01T11:00:00+00:00,710.4292,716.76,709,709.72,0
2026-09-01T12:00:00+00:00,709.7,716.76,707.9995,708.7618,0
2026-09-01T13:00:00+00:00,708.66,717.297,706.69,707.3125,0
2026-09-01T13:30:00+00:00,707.4299927,708.9699707,705.6199951,708.6099854,8697065
2026-09-01T14:30:00+00:00,708.5949707,711.0900269,708.5700073,710.2399902,4005060
2026-09-01T15:30:00+00:00,710.2399902,712.2999878,708.6099854,708.9899902,3836190
2026-09-01T16:30:00+00:00,708.9699707,709.4400024,707,708.0650024,3171869
2026-09-01T17:30:00+00:00,708.0800171,708.5200195,706.6900024,706.8800049,2068254
2026-09-01T18:30:00+00:00,706.8800049,707.7299805,704.6599731,707.6500244,4406630
2026-09-01T19:30:00+00:00,707.6599731,708.5499878,706.6699829,707.6550293,4547030
2026-09-01T20:00:00+00:00,707.69,710.8,707.3517,707.96,0
2026-09-01T21:00:00+00:00,707.96,708.14,707.62,707.8,0
2026-09-01T22:00:00+00:00,707.79,708.15,707.1,707.7492,0
2026-09-01T23:00:00+00:00,707.7185,708.1,707.5,707.8299,0
2026-09-02T08:00:00+00:00,706.082,707.64,705.05,705.9487,0
2026-09-02T09:00:00+00:00,705.9695,706.3,703.61,704.125,0
2026-09-02T10:00:00+00:00,704.1882,704.6,703.28,704.38,0
2026-09-02T11:00:00+00:00,704.3764,707.64,702.9692,705.25,0
2026-09-02T12:00:00+00:00,705.2823,708.25,705.15,707.3362,0
2026-09-02T13:00:00+00:00,707.24,707.64,705.5,707.1039,0
2026-09-02T13:30:00+00:00,707.1099854,709.3359985,705.1099854,709.2000122,7205168
2026-09-02T14:30:00+00:00,709.1599731,709.7988281,707.2974854,709.6450195,3296211
2026-09-02T15:30:00+00:00,709.6699829,709.7399292,708,708.3850098,1726428
2026-09-02T16:30:00+00:00,708.3895264,709.0800171,707.7199707,708.3200073,1743864
2026-09-02T17:30:00+00:00,708.335022,709.4899902,707.7600098,708.5300293,2597488
2026-09-02T18:30:00+00:00,708.5300293,708.8900146,707.8499756,708.75,2658546
2026-09-02T19:30:00+00:00,708.7299805,709.4249878,708.4329224,709.25,2558703
2026-09-02T20:00:00+00:00,709.31,709.7707,707.6,708.16,0
2026-09-02T21:00:00+00:00,708.3928,709.44,662.0274,709.13,0
2026-09-02T22:00:00+00:00,708.91,709.6759,708.3,709.0697,0
2026-09-02T23:00:00+00:00,709.1,709.8,708.7375,709.55,0
2026-09-03T08:00:00+00:00,710.08,711.86,706.5884,710.91,0
2026-09-03T09:00:00+00:00,710.88,710.88,709.3,709.3,0
2026-09-03T10:00:00+00:00,709.3,709.52,707.6312,707.7512,0
2026-09-03T11:00:00+00:00,707.86,709.25,707.34,708.84,0
2026-09-03T12:00:00+00:00,708.95,709.771,707.28,708.299,0
2026-09-03T13:00:00+00:00,708.35,711.01,708.35,710.83,0
2026-09-03T13:30:00+00:00,710.8499756,713.8496704,709.6937866,713.0750122,8293275
2026-09-03T14:30:00+00:00,713.0599976,717.8200073,710.8099976,717.7299805,5142101
2026-09-03T15:30:00+00:00,717.7600098,717.8649902,716.5999756,716.7800293,3356490
2026-09-03T16:30:00+00:00,716.7940063,717.9299927,716.3400269,716.9699707,1547064
2026-09-03T17:30:00+00:00,716.9580078,718.9099731,716.9580078,718.585022,2869446
2026-09-03T18:30:00+00:00,718.5999756,718.8400269,717.5437012,717.7299805,2511584
2026-09-03T19:30:00+00:00,717.7150269,717.8800049,717.1400146,717.6099854,3631193
2026-09-03T20:00:00+00:00,717.67,725.694,708.6973,716.95,0
2026-09-03T21:00:00+00:00,717.0084,717.67,716.95,717.0281,0
2026-09-03T22:00:00+00:00,717.03,717.1457,716.52,717.1457,0
2026-09-03T23:00:00+00:00,717.11,717.28,716.9,717.0492,0
2026-09-04T08:00:00+00:00,720.91,721.4022,717.67,721.38,0
2026-09-04T09:00:00+00:00,721.38,721.39,720.08,720.24,0
2026-09-04T10:00:00+00:00,720.2985,721.69,720.1587,721.59,0
2026-09-04T11:00:00+00:00,721.47,722.08,717.67,721.1464,0
2026-09-04T12:00:00+00:00,721.17,721.81,717.132,721,0
2026-09-04T13:00:00+00:00,721.4683,721.74,717.25,719.33,0
2026-09-04T13:30:00+00:00,719.3599854,721.8599854,718.5250244,719.5900269,8176048
2026-09-04T14:30:00+00:00,719.5999756,719.6400146,716.9299927,717.4400024,5623135
2026-09-04T15:30:00+00:00,717.4299927,718.8549805,716.789978,718.6099854,2795164
2026-09-04T16:30:00+00:00,718.6094971,719.6049805,717.4199829,717.5050049,3963491
2026-09-04T17:30:00+00:00,717.5,717.6699829,716.5599976,717.5629272,3861184
2026-09-04T18:30:00+00:00,717.5999756,718.3599854,717.4299927,717.9500122,2130410
2026-09-04T19:30:00+00:00,717.9500122,719.4400024,717.789978,719.0599976,4428347
2026-09-04T20:00:00+00:00,719.03,719.03,717.66,717.94,0
2026-09-04T21:00:00+00:00,717.9088,718.96,717.73,718,0
2026-09-04T22:00:00+00:00,718.1342,718.14,717.5,717.9075,0
2026-09-04T23:00:00+00:00,718.0267,718.86,716.83,717.54,0
2026-09-08T08:00:00+00:00,718.21,723.76,716.9,717.6185,0
2026-09-08T09:00:00+00:00,717.1985,718.56,717.05,718.56,0
2026-09-08T10:00:00+00:00,718.47,720.9412,718.47,719.95,0
2026-09-08T11:00:00+00:00,719.98,719.98,718.26,718.83,0
2026-09-08T12:00:00+00:00,718.96,719.85,718.39,719.66,0
2026-09-08T13:00:00+00:00,719.71,721.47,718.96,720.9,0
2026-09-08T13:30:00+00:00,720.9699707,721.8859863,715.5700073,717.7600098,6746633
2026-09-08T14:30:00+00:00,717.8161011,720.7199707,717.1500244,720.085022,3801844
2026-09-08T15:30:00+00:00,720.1248779,720.9299927,718.9799805,719.0750122,3340591
2026-09-08T16:30:00+00:00,719.0999756,720.8499756,718.6699829,720.2600098,2947950
2026-09-08T17:30:00+00:00,720.2800293,720.6699829,719.5700073,719.8099976,1802159
2026-09-08T18:30:00+00:00,719.8300171,720.1199951,717.9099731,718.9650269,2821643
2026-09-08T19:30:00+00:00,718.9650269,719.0100098,717.25,718.3806152,3661646
2026-09-08T20:00:00+00:00,718.4,752.9634,717.5,718.05,0
2026-09-08T21:00:00+00:00,718.06,752.9634,669.7153,718.088,0
2026-09-08T22:00:00+00:00,718,718.52,717.46,718.52,0
2026-09-08T23:00:00+00:00,718.4791,718.52,717.21,717.42,0
2026-09-09T08:00:00+00:00,719.58,720.67,718.36,719.6685,0
2026-09-09T09:00:00+00:00,719.51,719.68,717.85,718.16,0
2026-09-09T10:00:00+00:00,718.15,718.38,714.405,715.5,0
2026-09-09T11:00:00+00:00,715.4285,718.36,714.365,715.5,0
2026-09-09T12:00:00+00:00,715.43,718.898,713.45,713.9299,0
2026-09-09T13:00:00+00:00,713.91,718.36,713.71,716.4,0
2026-09-09T13:30:00+00:00,716.289978,719.7000122,715.4899902,718.289978,7537096
2026-09-09T14:30:00+00:00,718.2800293,718.9299927,714.0200195,714.7999878,4158325
2026-09-09T15:30:00+00:00,714.8200073,716.9799805,714.710022,714.960022,3156048
2026-09-09T16:30:00+00:00,715.0100098,717.0499878,714.9799805,716.2399902,2069868
2026-09-09T17:30:00+00:00,716.2600098,717.039978,715.727478,716.2999878,1660548
2026-09-09T18:30:00+00:00,716.3121948,716.7999878,715.7600098,716.276123,2619229
2026-09-09T19:30:00+00:00,716.2800293,716.3900146,715.5300293,716.2800293,3086586
2026-09-09T20:00:00+00:00,716.32,716.42,672.8238,716.3622,0
2026-09-09T21:00:00+00:00,716.357,716.45,672.8238,715.9721,0
2026-09-09T22:00:00+00:00,716,716.711,715.5733,715.76,0
2026-09-09T23:00:00+00:00,715.74,716.66,715.4242,716.49,0
2026-09-10T08:00:00+00:00,716.1782,717.52,715.53,716.2915,0
2026-09-10T09:00:00+00:00,716.34,716.44,714.97,715.03,0
2026-09-10T10:00:00+00:00,714.94,715.55,714.14,714.9,0
2026-09-10T11:00:00+00:00,714.91,716.31,713.36,713.5822,0
2026-09-10T12:00:00+00:00,713.59,716.847,710.5,710.93,0
2026-09-10T13:00:00+00:00,710.84,711.46,706.5,707.55,0
2026-09-10T13:30:00+00:00,707.5650024,711.7800293,706.8549805,710.4099731,10048438
2026-09-10T14:30:00+00:00,710.4099731,712.0599976,710.210022,711.1300049,4000647
2026-09-10T15:30:00+00:00,711.1300049,711.9799805,709.3325195,709.6400146,3293519
2026-09-10T16:30:00+00:00,709.6350098,711.8099976,708.6300049,710.4899902,2415445
2026-09-10T17:30:00+00:00,710.4680176,710.5899048,708.9699707,709.2098999,2563358
2026-09-10T18:30:00+00:00,709.1699829,710.1799927,708.6699829,709.1799927,2828993
2026-09-10T19:30:00+00:00,709.1599731,709.4299927,708.2800293,708.6599731,3293480
2026-09-10T20:00:00+00:00,708.62,735.6,708.33,708.74,0
2026-09-10T21:00:00+00:00,708.85,709.36,681.274,708.848,0
2026-09-10T22:00:00+00:00,708.8,716.9759,707.7992,707.95,0
2026-09-10T23:00:00+00:00,707.9175,708.1,706.8497,706.8992,0
2026-09-11T08:00:00+00:00,711.06,713.19,706.56,712.0782,0
2026-09-11T09:00:00+00:00,712.22,713.6,712.21,712.8759,0
2026-09-11T10:00:00+00:00,712.8851,713.75,712.5,713.1329,0
2026-09-11T11:00:00+00:00,713.0831,713.44,708.69,713.12,0
2026-09-11T12:00:00+00:00,713.1388,715.08,709.221,714.8,0
2026-09-11T13:00:00+00:00,714.89,717.69,708.69,715.72,0
2026-09-11T13:30:00+00:00,715.4400024,717.039978,713.9299927,716.460022,8585904
2026-09-11T14:30:00+00:00,716.5,717.4500122,713.6500244,717.2750244,4294650
2026-09-11T15:30:00+00:00,717.2700195,717.6199951,715.1799927,715.25,1995286
2026-09-11T16:30:00+00:00,715.2763062,717.1300049,715.0499878,716.7650146,1749186
2026-09-11T17:30:00+00:00,716.7199707,717.0900269,715.7199707,716.2849731,2300658
2026-09-11T18:30:00+00:00,716.2800293,716.6699829,715.3922729,715.6049805,1533335
2026-09-11T19:30:00+00:00,715.5900269,715.9050293,714.7399902,714.8499756,4002035
2026-09-11T20:00:00+00:00,714.9,716.66,714.6412,715.0052,0
2026-09-11T21:00:00+00:00,715.06,715.1923,667.3625,714.9169,0
2026-09-11T22:00:00+00:00,714.92,715.51,714.92,715.26,0
2026-09-11T23:00:00+00:00,715.256,715.4,714.8817,714.8865,0
2026-09-14T08:00:00+00:00,703.76,706.4677,702.61,702.61,0
2026-09-14T09:00:00+00:00,702.63,703.6,701.155,702.05,0
2026-09-14T10:00:00+00:00,702.2,703.4396,701.7414,703.4396,0
2026-09-14T11:00:00+00:00,703.4195,705.07,703.3,704.955,0
2026-09-14T12:00:00+00:00,704.9409,715.416,702.95,703.66,0
2026-09-14T13:00:00+00:00,703.58,714.88,701.5,703.4,0
2026-09-14T13:30:00+00:00,703.289978,707.7698975,702.75,705.7800293,11244478
2026-09-14T14:30:00+00:00,705.7924194,707.7600098,704.5900879,707.5499878,3520386
2026-09-14T15:30:00+00:00,707.5300293,711.1199951,707.3800049,710.2999878,4384215
2026-09-14T16:30:00+00:00,710.1900024,712.3499756,710.0499878,712.3480225,2634102
2026-09-14T17:30:00+00:00,712.3499756,712.9500122,711.8120117,711.9099731,1966683
2026-09-14T18:30:00+00:00,711.9500122,712.4199829,710.8549805,711.0349731,2278795
2026-09-14T19:30:00+00:00,711.0300293,711.1799927,709.0900269,709.1599731,6587613
2026-09-14T20:00:00+00:00,709.24,710.3974,709.18,710.3,0
2026-09-14T21:00:00+00:00,710.3,710.3545,665.2911,709.96,0
2026-09-14T22:00:00+00:00,709.97,710.22,709.368,709.61,0
2026-09-14T23:00:00+00:00,709.49,709.7613,709.26,709.605,0
2026-09-15T08:00:00+00:00,706.25,709.18,704.15,705.5,0
2026-09-15T09:00:00+00:00,705.34,705.58,704.3,705.0212,0
2026-09-15T10:00:00+00:00,705.07,707.35,704.8,707.2601,0
2026-09-15T11:00:00+00:00,707.26,709.18,707.1254,708.3504,0
2026-09-15T12:00:00+00:00,708.31,709.2,708,708.78,0
2026-09-15T13:00:00+00:00,708.76,710.28,708.3,708.7381,0
2026-09-15T13:30:00+00:00,708.7600098,709.5299072,705.9500122,706.5549927,6128108
2026-09-15T14:30:00+00:00,706.5499878,706.7299805,703.9060059,705.6594849,3894179
2026-09-15T15:30:00+00:00,705.6599731,706.0200195,704.460022,705.5100098,2327220
2026-09-15T16:30:00+00:00,705.5050049,706,704.5499878,704.7999878,1710117
2026-09-15T17:30:00+00:00,704.8099976,705.5700073,704.5300293,705.3950195,2716747
2026-09-15T18:30:00+00:00,705.3986816,705.3986816,704.1906128,704.3599854,2897204
2026-09-15T19:30:00+00:00,704.3599854,704.6450195,703.6350098,704.5900269,4183131
2026-09-15T20:00:00+00:00,704.59,708.68,704.54,705.3635,0
2026-09-15T21:00:00+00:00,705.187,705.4114,704.54,704.7728,0
2026-09-15T22:00:00+00:00,704.78,705.54,704.76,705.35,0
2026-09-15T23:00:00+00:00,705.3281,705.44,705,705.19,0
2026-09-16T08:00:00+00:00,706.2,708.21,704.54,707.07,0
2026-09-16T09:00:00+00:00,707.1,707.8808,706.56,707.3082,0
2026-09-16T10:00:00+00:00,707.2738,708.13,707.2149,707.7685,0
2026-09-16T11:00:00+00:00,707.7017,708.75,704.54,707.82,0
2026-09-16T12:00:00+00:00,707.82,709.21,705.068,709,0
2026-09-16T13:00:00+00:00,709,709.0633,704.54,708,0
2026-09-16T13:30:00+00:00,708.0599976,710.2700195,707.6500244,709.5800781,5707250
2026-09-16T14:30:00+00:00,709.5650024,711.5499878,708.9500122,710.8699951,2941654
2026-09-16T15:30:00+00:00,710.9000244,711.8499756,709.9299927,710.3499756,1796257
2026-09-16T16:30:00+00:00,710.3400269,710.5200195,709.2800293,709.6849976,1208854
2026-09-16T17:30:00+00:00,709.7000122,711.6500244,708.4500122,709.6651001,4321244
2026-09-16T18:30:00+00:00,709.5878296,710.6199951,700,701.8900146,10002375
2026-09-16T19:30:00+00:00,701.875,705.0300293,701.6550293,704.75,5955307
2026-09-16T20:00:00+00:00,704.76,705.3832,658.3537,705,0
2026-09-16T21:00:00+00:00,705.0585,705.75,662.0274,705.44,0
2026-09-16T22:00:00+00:00,705.41,719.53,704.71,707,0
2026-09-16T23:00:00+00:00,707.035,709.542,707.03,709.46,0
2026-09-17T08:00:00+00:00,708.4,712.24,704.72,711.11,0
2026-09-17T09:00:00+00:00,711.0987,712.93,710.84,712.0095,0
2026-09-17T10:00:00+00:00,712.07,712.86,711.76,712.62,0
2026-09-17T11:00:00+00:00,712.67,713.36,704.72,712.545,0
2026-09-17T12:00:00+00:00,712.5667,716.13,704.192,716.11,0
2026-09-17T13:00:00+00:00,716.1,716.76,704.72,715.93,0
2026-09-17T13:30:00+00:00,716.0499878,716.6099854,713.3200073,715.960022,8530926
2026-09-17T14:30:00+00:00,715.9799805,716.7999878,714.5800171,715.8599854,4410247
2026-09-17T15:30:00+00:00,715.8599854,716.9385986,715.6900024,716.8150024,2290662
2026-09-17T16:30:00+00:00,716.8099976,717.1599731,715.7999878,716.3200073,2425621
2026-09-17T17:30:00+00:00,716.3400269,716.8250122,716.1119995,716.3300171,4152880
2026-09-17T18:30:00+00:00,716.3599854,716.9500122,715.8599854,716.5300293,4705172
2026-09-17T19:30:00+00:00,716.5250244,718.0401001,716.5050049,716.8699951,6565502
2026-09-17T20:00:00+00:00,716.92,725.694,708.6973,716.45,0
2026-09-17T21:00:00+00:00,716.4296,716.92,708.6973,716.65,0
2026-09-17T22:00:00+00:00,716.58,716.58,715.2504,715.59,0
2026-09-17T23:00:00+00:00,715.56,716.14,715.5388,715.7966,0
2026-09-18T08:00:00+00:00,721.52,722.39,716.92,720.79,0
2026-09-18T09:00:00+00:00,720.74,721.28,720.1829,720.24,0
2026-09-18T10:00:00+00:00,720.199,720.3,719.39,720.3,0
2026-09-18T11:00:00+00:00,720.36,720.9,716.92,719.18,0
2026-09-18T12:00:00+00:00,719.1686,719.85,716.383,717.8403,0
2026-09-18T13:00:00+00:00,717.8408,718.98,716.92,718.67,0
2026-09-18T13:30:00+00:00,718.8400269,719.539978,715.8950195,716.7000122,9758801
2026-09-18T14:30:00+00:00,716.7050171,717.7299805,716.1300049,717.25,7298857
2026-09-18T15:30:00+00:00,717.2399902,717.3800049,715.0800171,716.0650024,4297427
2026-09-18T16:30:00+00:00,716.0700073,717.289978,715.8699951,717.0700073,3133661
2026-09-18T17:30:00+00:00,717.0599976,718.1599731,716.8510132,717.9500122,2924433
2026-09-18T18:30:00+00:00,717.9799194,719.6400146,717.8049927,719.1199951,5926672
2026-09-18T19:30:00+00:00,719.1199951,721.7249756,718.9299927,721.3599854,7570771
2026-09-18T20:00:00+00:00,721.28,723.001,721.25,722.0477,0
2026-09-18T21:00:00+00:00,721.96,722.74,721.45,722.5,0
2026-09-18T22:00:00+00:00,722.6365,722.8378,717.2,722.1877,0
2026-09-18T23:00:00+00:00,722.18,722.4975,721.89,722.0999,0
