open_time,open,high,low,close,volume
2025-07-10T12:00:00+00:00,624,624.49,617.829,623.8465,0
2025-07-10T13:00:00+00:00,623.89,624.13,623.4,623.44,0
2025-07-10T13:30:00+00:00,624.2600098,624.2800293,623.0100098,623.7348022,12432517
2025-07-10T14:30:00+00:00,623.7700195,625.5750122,623.744812,625.5200195,8535858
2025-07-10T15:30:00+00:00,625.5200195,625.7849731,625.0250244,625.5700073,5226207
2025-07-10T16:30:00+00:00,625.5700073,626.2299805,625.2399902,626.0999756,4585228
2025-07-10T17:30:00+00:00,626.0900269,626.8701172,626.0800171,626.5900269,5790984
2025-07-10T18:30:00+00:00,626.5900269,626.6699829,626.0900269,626.2050171,6646470
2025-07-10T19:30:00+00:00,626.2000122,626.6749878,625.210022,625.8300171,9553611
2025-07-10T20:00:00+00:00,625.82,627.0253,531.3096,625.5,0
2025-07-10T21:00:00+00:00,625.62,625.82,625.46,625.55,0
2025-07-10T22:00:00+00:00,625.53,626.145,625.49,626.12,0
2025-07-10T23:00:00+00:00,626.13,626.37,626.01,626.31,0
2025-07-11T08:00:00+00:00,622.74,624.7,622.2,622.72,0
2025-07-11T09:00:00+00:00,622.72,623,622.31,622.36,0
2025-07-11T10:00:00+00:00,622.31,622.72,621.39,621.93,0
2025-07-11T11:00:00+00:00,621.97,622.67,621.49,622.64,0
2025-07-11T12:00:00+00:00,622.65,625.82,621.419,622.33,0
2025-07-11T13:00:00+00:00,622.34,625.82,621.66376,622.46,0
2025-07-11T13:30:00+00:00,622.7399902,624.2600098,621.5300293,624.0050049,11912865
2025-07-11T14:30:00+00:00,624,624.3699951,622.710022,623.3900146,7390720
2025-07-11T15:30:00+00:00,623.4000244,624.6400146,623.1500244,623.9450073,8419054
2025-07-11T16:30:00+00:00,623.9500122,624.5800171,623.5599976,624.4500122,5136029
2025-07-11T17:30:00+00:00,624.4500122,624.7000122,623.75,624.2650146,6143243
2025-07-11T18:30:00+00:00,624.2750244,624.8599854,623.1300049,624.4450073,9627611
2025-07-11T19:30:00+00:00,624.4500122,624.5800171,623.4699707,623.6099854,10303202
2025-07-11T20:00:00+00:00,623.61,625.8987,620.8003,623.1,0
2025-07-11T21:00:00+00:00,623.09,623.62,623,623.16,0
2025-07-11T22:00:00+00:00,623.2,623.33,623.08,623.2,0
2025-07-11T23:00:00+00:00,623.195,623.25,622.87,623.04,0
2025-07-14T08:00:00+00:00,621.88,621.88,621.1,621.12,0
2025-07-14T09:00:00+00:00,621.13,622.08,621.11,622,0
2025-07-14T10:00:00+00:00,621.96,622.14,621.72,621.78,0
2025-07-14T11:00:00+00:00,621.79,622.1,621.46,621.58,0
2025-07-14T12:00:00+00:00,621.64,623.62,619.86,622.3,0
2025-07-14T13:00:00+00:00,622.3,623.62,621.74,622.11,0
2025-07-14T13:30:00+00:00,622.9400024,623.710022,621.7999268,622.6915283,12127867
2025-07-14T14:30:00+00:00,622.6799927,624.1400146,622.3699951,624.1300049,7416000
2025-07-14T15:30:00+00:00,624.1300049,624.3900146,623.7700195,623.8850098,5156203
2025-07-14T16:30:00+00:00,623.8699951,624.9699707,623.6300049,624.7000122,4813082
2025-07-14T17:30:00+00:00,624.710022,625,624.4249878,624.9500122,4168700
2025-07-14T18:30:00+00:00,624.960022,625.1580811,624.460022,624.7299805,6118559
2025-07-14T19:30:00+00:00,624.7299805,624.9899902,624.2999878,624.7199707,8076747
2025-07-14T20:00:00+00:00,624.81,624.87,624.38,624.63,0
2025-07-14T21:00:00+00:00,624.595,624.81,575.19,624.625,0
2025-07-14T22:00:00+00:00,624.57,624.6182,623.85,623.9,0
2025-07-14T23:00:00+00:00,623.9195,624.205,623.8004,624.14,0
2025-07-15T08:00:00+00:00,626.22,626.98,626.22,626.88,0
2025-07-15T09:00:00+00:00,626.86,627.06,626.53,626.99,0
2025-07-15T10:00:00+00:00,626.97,627.53,626.93,627.52,0
2025-07-15T11:00:00+00:00,627.48,627.9,625.91,627.26,0
2025-07-15T12:00:00+00:00,627.25,627.89,624.81,626.52,0
2025-07-15T13:00:00+00:00,626.6799,627.99,623.17,627.42,0
2025-07-15T13:30:00+00:00,627.5200195,627.8599854,625.2600098,625.4799805,13736533
2025-07-15T14:30:00+00:00,625.4899902,625.5800171,623.7999878,625.100708,11730373
2025-07-15T15:30:00+00:00,625.1199951,625.3900146,624.0100098,624.2747803,6900639
2025-07-15T16:30:00+00:00,624.2700195,624.5750122,622.9500122,623.8599854,8131280
2025-07-15T17:30:00+00:00,623.8499756,624.8699951,623.8499756,624.5999756,6158806
2025-07-15T18:30:00+00:00,624.5999756,624.8300171,623.0150146,623.289978,10091716
2025-07-15T19:30:00+00:00,623.3099976,623.7999878,622.0800171,622.1099854,11156036
2025-07-15T20:00:00+00:00,622.13,624.7697,621.11,621.26,0
2025-07-15T21:00:00+00:00,621.24,622.14,621.07,621.21,0
2025-07-15T22:00:00+00:00,621.23,621.55,620.33,620.88,0
2025-07-15T23:00:00+00:00,620.88,621.2005,620.4,621.04,0
2025-07-16T08:00:00+00:00,621.19,621.88,620.89,621.43,0
2025-07-16T09:00:00+00:00,621.39,622.01,621.37,621.53,0
2025-07-16T10:00:00+00:00,621.52,621.92,621.29,621.77,0
2025-07-16T11:00:00+00:00,621.76,622.22,621.64,622.05,0
2025-07-16T12:00:00+00:00,622.06,622.65,619.78,622.48,0
2025-07-16T13:00:00+00:00,622.49,623.9388,622.14,623.47,0
2025-07-16T13:30:00+00:00,623.7399902,624.1199951,621.6799927,622.4899902,11966558
2025-07-16T14:30:00+00:00,622.4899902,623.3699951,619.460022,621.3150024,22967144
2025-07-16T15:30:00+00:00,621.3499756,622.539978,618.0499878,621.6699829,22578860
2025-07-16T16:30:00+00:00,621.6749878,623.789978,621.1400146,623.0999756,6693618
2025-07-16T17:30:00+00:00,623.0999756,623.460083,622.7199707,623.3499756,4760317
2025-07-16T18:30:00+00:00,623.3449707,624.5200195,623.3449707,624.1400757,7135465
2025-07-16T19:30:00+00:00,624.1400146,624.7299805,623.8850098,624.1799927,8101270
2025-07-16T20:00:00+00:00,624.22,624.2933,583.351,623.81,0
2025-07-16T21:00:00+00:00,623.82,624.22,623.77,623.85,0
2025-07-16T22:00:00+00:00,623.9,623.92,622.81,623.19,0
2025-07-16T23:00:00+00:00,623.195,623.35,623.05,623.1812,0
2025-07-17T08:00:00+00:00,623.72,624.67,623.72,624.44,0
2025-07-17T09:00:00+00:00,624.45,625.07,624.23,624.88,0
2025-07-17T10:00:00+00:00,624.89,625.04,624.43,624.61,0
2025-07-17T11:00:00+00:00,624.67,624.75,623.9,624.24,0
2025-07-17T12:00:00+00:00,624.24,625.1465,623.06,624.15,0
2025-07-17T13:00:00+00:00,624.2,625.61,623.76,625.28,0
2025-07-17T13:30:00+00:00,624.4000244,626.2299805,624.1799927,625.460022,11472330
2025-07-17T14:30:00+00:00,625.460022,626.7199707,625.0100098,626.6699829,8427546
2025-07-17T15:30:00+00:00,626.6712036,627.5100098,626.5599976,626.8499756,6685673
2025-07-17T16:30:00+00:00,626.8400269,627.0980225,626.5250244,627.0250244,6103443
2025-07-17T17:30:00+00:00,627.0650024,627.8800049,627,627.8322144,6810284
2025-07-17T18:30:00+00:00,627.8934937,628.4047852,627.6450195,627.9799805,7216990
2025-07-17T19:30:00+00:00,627.9699707,628.3200073,627.6500244,627.9799805,14598908
2025-07-17T20:00:00+00:00,628.04,628.33,624.2876,628,0
2025-07-17T21:00:00+00:00,627.96,628.07,627.8,628,0
2025-07-17T22:00:00+00:00,628,628.19,627.77,628.07,0
2025-07-17T23:00:00+00:00,628.08,628.87,628.045,628.75,0
2025-07-18T08:00:00+00:00,629.18,629.51,628.68,629,0
2025-07-18T09:00:00+00:00,629,629.16,628.82,629.07,0
2025-07-18T10:00:00+00:00,629.09,629.16,628.3,628.41,0
2025-07-18T11:00:00+00:00,628.41,628.67,628.24,628.42,0
2025-07-18T12:00:00+00:00,628.42,629.8,628.04,628.7385,0
2025-07-18T13:00:00+00:00,628.74,629.38,628.04,629.27,0
2025-07-18T13:30:00+00:00,629.2999878,629.4699707,627.2399902,627.3699951,14355767
2025-07-18T14:30:00+00:00,627.3499756,627.9099731,626.9099731,627.6049805,11133429
2025-07-18T15:30:00+00:00,627.6199951,628.1699829,626.539978,626.960022,7045686
2025-07-18T16:30:00+00:00,626.9799805,627.3850098,626.460022,626.9400024,5704897
2025-07-18T17:30:00+00:00,626.9400024,627.5300293,626.6599731,627.1149902,4183073
2025-07-18T18:30:00+00:00,627.1099854,627.5999756,627.0200195,627.3900146,5054812
2025-07-18T19:30:00+00:00,627.375,627.7600098,627.0100098,627.5900269,7725900
2025-07-18T20:00:00+00:00,627.59,627.705,627.42,627.59,0
2025-07-18T21:00:00+00:00,627.55,627.9,564.5945,627.595,0
2025-07-18T22:00:00+00:00,627.6,627.87,627.58,627.75,0
2025-07-18T23:00:00+00:00,627.84,627.98,627.67,627.78,0
2025-07-21T08:00:00+00:00,629,629.58,628.64,629.46,0
2025-07-21T09:00:00+00:00,629.5,629.59,629.15,629.45,0
2025-07-21T10:00:00+00:00,629.45,629.53,629.19,629.38,0
2025-07-21T11:00:00+00:00,629.4,629.41,628.98,629.16,0
2025-07-21T12:00:00+00:00,629.15,629.57,627.58,629.03,0
2025-07-21T13:00:00+00:00,629.035,629.18,627.58,628.2407,0
2025-07-21T13:30:00+00:00,628.7700195,631.3300171,628.6799927,631.25,11940189
2025-07-21T14:30:00+00:00,631.25,631.3900146,630.6400146,631.2687988,6696004
2025-07-21T15:30:00+00:00,631.2700195,631.539978,630.5349731,630.7700195,5926978
2025-07-21T16:30:00+00:00,630.7752075,631.4899902,630.7249756,631.3950195,4180603
2025-07-21T17:30:00+00:00,631.3900146,631.5200195,631.039978,631.1917725,4545996
2025-07-21T18:30:00+00:00,631.2000122,631.2000122,629.1099854,629.4500122,10841234
2025-07-21T19:30:00+00:00,629.4500122,629.6799927,628.3400269,628.7299805,12654906
2025-07-21T20:00:00+00:00,628.77,630.7032,627.15,629.005,0
2025-07-21T21:00:00+00:00,629.005,629.05,467.9705,628.91,0
2025-07-21T22:00:00+00:00,628.91,629.15,628.77,628.92,0
2025-07-21T23:00:00+00:00,628.93,629.09,628.8297,629.06,0
2025-07-22T08:00:00+00:00,628.31,629.42,627.99,628.08,0
2025-07-22T09:00:00+00:00,628.07,628.28,627.89,628.01,0
2025-07-22T10:00:00+00:00,627.97,628.37,627.86,628.2,0
2025-07-22T11:00:00+00:00,628.21,628.69,628,628.33,0
2025-07-22T12:00:00+00:00,628.36,629.2,627.8695,629.15,0
2025-07-22T13:00:00+00:00,629.16,629.25,628.77,629.16,0
2025-07-22T13:30:00+00:00,629.0999756,629.1900024,626.1900024,627.0900269,14434422
2025-07-22T14:30:00+00:00,627.0800171,628.1149902,626.9721069,627.6400146,6721517
2025-07-22T15:30:00+00:00,627.6400146,628.125,627.039978,627.2399902,5933245
2025-07-22T16:30:00+00:00,627.25,629.2199707,627.0700073,629.0499878,5321387
2025-07-22T17:30:00+00:00,629.0499878,629.1799927,627.5200195,628.4249878,6421876
2025-07-22T18:30:00+00:00,628.4199829,629.5300293,628.3699951,629.2000122,7458920
2025-07-22T19:30:00+00:00,629.1900024,629.7299805,628.75,628.8300171,8957431
2025-07-22T20:00:00+00:00,628.83,628.99,627.69,628.97,0
2025-07-22T21:00:00+00:00,628.97,628.9902,628.84,628.91,0
2025-07-22T22:00:00+00:00,628.91,629.26,628.55,628.7,0
2025-07-22T23:00:00+00:00,628.73,630.63,628.7,630.51,0
2025-07-23T08:00:00+00:00,630.48,631.34,630.47,631.19,0
2025-07-23T09:00:00+00:00,631.21,631.65,631.04,631.2,0
2025-07-23T10:00:00+00:00,631.24,631.77,631.17,631.58,0
2025-07-23T11:00:00+00:00,631.59,631.74,630.75,631.07,0
2025-07-23T12:00:00+00:00,631.08,631.78,628.86,631.42,0
2025-07-23T13:00:00+00:00,631.41,631.43,628.86,631.2498,0
2025-07-23T13:30:00+00:00,630.9949951,631.4650269,629.7299805,630.7387695,11930032
2025-07-23T14:30:00+00:00,630.7352295,630.9249878,630.0900269,630.8250122,6193455
2025-07-23T15:30:00+00:00,630.8200073,632.789978,630.4699707,631.6900024,9429235
2025-07-23T16:30:00+00:00,631.6799927,632.1950073,631.3494873,632.0999756,8404152
2025-07-23T17:30:00+00:00,632.1099854,633.6500244,631.789978,633.2349854,9748596
2025-07-23T18:30:00+00:00,633.2349854,633.4799805,632.9550171,633.3599854,7431353
2025-07-23T19:30:00+00:00,633.3599854,634.1599731,632.9400024,634.1599731,10283392
2025-07-23T20:00:00+00:00,634.15,635.4,592.1626,634.77,0
2025-07-23T21:00:00+00:00,634.77,635,634.21,634.58,0
2025-07-23T22:00:00+00:00,634.59,634.81,634.29,634.34,0
2025-07-23T23:00:00+00:00,634.341,634.75,634.29,634.64,0
2025-07-24T08:00:00+00:00,634.44,634.48,633.8,634.46,0
2025-07-24T09:00:00+00:00,634.46,634.65,634.33,634.65,0
2025-07-24T10:00:00+00:00,634.59,634.84,634.13,634.13,0
2025-07-24T11:00:00+00:00,634.15,634.75,633.98,634.69,0
2025-07-24T12:00:00+00:00,634.66,635.03,633.8,634.51,0
2025-07-24T13:00:00+00:00,634.66,634.66,633.5201,634.04,0
2025-07-24T13:30:00+00:00,634.5999756,635.3900146,633.9899902,634.8200073,12862862
2025-07-24T14:30:00+00:00,634.8200073,635.8900146,634.7299805,635.5250244,7091351
2025-07-24T15:30:00+00:00,635.5250244,635.7299805,634.2800293,634.5650024,6659179
2025-07-24T16:30:00+00:00,634.5700073,635.9799805,634.4500122,635.3800049,6391273
2025-07-24T17:30:00+00:00,635.3800049,636.1500244,635.125,635.7800293,8024878
2025-07-24T18:30:00+00:00,635.7849731,635.9299927,634.6900024,635.4718018,8969049
2025-07-24T19:30:00+00:00,635.4749756,635.5750122,634.25,634.4500122,15010238
2025-07-24T20:00:00+00:00,634.44,635.2392,591.25,634.925,0
2025-07-24T21:00:00+00:00,634.94,635.09,634.42,634.965,0
2025-07-24T22:00:00+00:00,635,635.59,634.78,635.29,0
2025-07-24T23:00:00+00:00,635.25,635.5,635.05,635.44,0
2025-07-25T08:00:00+00:00,635.09,635.38,634.71,635.14,0
2025-07-25T09:00:00+00:00,635.16,635.39,634.92,635.22,0
2025-07-25T10:00:00+00:00,635.17,635.38,635.12,635.24,0
2025-07-25T11:00:00+00:00,635.22,635.57,635.21,635.37,0
2025-07-25T12:00:00+00:00,635.33,636.46,634.42,635.305,0
2025-07-25T13:00:00+00:00,635.32,635.58,634.42,634.9777,0
2025-07-25T13:30:00+00:00,635.0900269,635.6099854,634.8400269,635.4699707,9407069
2025-07-25T14:30:00+00:00,635.4699707,636.1300049,635.289978,636.0200195,5993959
2025-07-25T15:30:00+00:00,636.0200195,636.9299927,635.6099854,636.7600098,6686141
2025-07-25T16:30:00+00:00,636.7600098,637.1300049,636.5999756,637.0452271,6436824
2025-07-25T17:30:00+00:00,637.0499878,637.5300293,636.9699707,637.3300171,5122697
2025-07-25T18:30:00+00:00,637.3300171,637.579895,637.1749878,637.3400269,5294461
2025-07-25T19:30:00+00:00,637.3300171,637.4899902,636.625,637.0300293,11606754
2025-07-25T20:00:00+00:00,637.04,637.3846,620.8003,637.25,0
2025-07-25T21:00:00+00:00,637.28,637.3,620.8003,637.28,0
2025-07-25T22:00:00+00:00,637.3,637.35,637.12,637.35,0
2025-07-25T23:00:00+00:00,637.31,637.5,637.27,637.49,0
2025-07-28T08:00:00+00:00,638.54,639.88,638.54,639.13,0
2025-07-28T09:00:00+00:00,639.14,639.3,638.73,638.9,0
2025-07-28T10:00:00+00:00,638.92,639.02,638.46,638.58,0
2025-07-28T11:00:00+00:00,638.53,638.57,638.01,638.14,0
2025-07-28T12:00:00+00:00,638.12,640.28,637.1,638.31,0
2025-07-28T13:00:00+00:00,638.32,638.63,627.58,637.77,0
2025-07-28T13:30:00+00:00,637.4799805,638.039978,637.0800171,637.7349854,12608320
2025-07-28T14:30:00+00:00,637.7399902,637.8999023,636.3300171,637.0700073,7029218
2025-07-28T15:30:00+00:00,637.0700073,637.6500244,636.9799805,637.4000244,3958235
2025-07-28T16:30:00+00:00,637.3950195,637.4099731,636.1599731,636.3200073,4788861
2025-07-28T17:30:00+00:00,636.3099976,636.7600098,635.539978,636.0300293,6173527
2025-07-28T18:30:00+00:00,636.039978,636.289978,635.6900024,636.039978,6089625
2025-07-28T19:30:00+00:00,636.0499878,637.0200195,635.8200073,636.8900146,9077255
2025-07-28T20:00:00+00:00,636.89,637.15,636.79,637.01,0
2025-07-28T21:00:00+00:00,637,637.05,636.89,637.02,0
2025-07-28T22:00:00+00:00,637.01,637.4667,637,637.39,0
2025-07-28T23:00:00+00:00,637.42,637.47,637.2,637.4,0
2025-07-29T08:00:00+00:00,638.44,638.61,637.55,638.54,0
2025-07-29T09:00:00+00:00,638.53,638.65,638.25,638.39,0
2025-07-29T10:00:00+00:00,638.44,638.76,638.31,638.68,0
2025-07-29T11:00:00+00:00,638.68,638.89,638.43,638.49,0
2025-07-29T12:00:00+00:00,638.49,638.91,636.94,638.32,0
2025-07-29T13:00:00+00:00,638.29,638.47,636.94,638.14,0
2025-07-29T13:30:00+00:00,638.3499756,638.6699829,637.2399902,637.7600098,10175675
2025-07-29T14:30:00+00:00,637.7600098,637.8599854,635.1799927,635.289978,8973013
2025-07-29T15:30:00+00:00,635.289978,636.210022,634.6900024,635.6599731,7394149
2025-07-29T16:30:00+00:00,635.6619873,636.5599976,635.0999756,636.1799927,5465489
2025-07-29T17:30:00+00:00,636.1749878,636.3900146,634.9400024,635.3200073,6248279
2025-07-29T18:30:00+00:00,635.3150024,635.8599854,635.0300293,635.0599976,6204643
2025-07-29T19:30:00+00:00,635.0700073,635.4000244,634.335022,635.2199707,11693522
2025-07-29T20:00:00+00:00,635.26,636.9409,634.87,635.02,0
2025-07-29T21:00:00+00:00,635.02,635.26,634.73,635.13,0
2025-07-29T22:00:00+00:00,635.13,635.5,635.06,635.42,0
2025-07-29T23:00:00+00:00,635.42,635.6,635.23,635.44,0
2025-07-30T08:00:00+00:00,635.52,636.3,635.52,635.63,0
2025-07-30T09:00:00+00:00,635.59,636.04,635.29,635.79,0
2025-07-30T10:00:00+00:00,635.82,636.14,635.59,636,0
2025-07-30T11:00:00+00:00,635.99,636.29,635.93,636.2,0
2025-07-30T12:00:00+00:00,636.21,636.5,635.26,635.795,0
2025-07-30T13:00:00+00:00,635.87,636.37,635.5,635.74,0
2025-07-30T13:30:00+00:00,635.9199829,636.664978,635.289978,636.3300171,9553683
2025-07-30T14:30:00+00:00,636.3200073,636.8200073,635,635.3150024,6908666
2025-07-30T15:30:00+00:00,635.3200073,636.7199707,635.0900269,636.5700073,5028064
2025-07-30T16:30:00+00:00,636.5800171,636.6599731,636.1450195,636.210022,3361418
2025-07-30T17:30:00+00:00,636.2199707,637.1099854,636.0100098,636.7700195,6602865
2025-07-30T18:30:00+00:00,636.7700195,637.6799927,631.539978,632.0892944,23765491
2025-07-30T19:30:00+00:00,632.0900269,634.6350098,631.6099854,634.5,14767858
2025-07-30T20:00:00+00:00,634.46,652.8542,621.39,637.278,0
2025-07-30T21:00:00+00:00,637.241,638.6805,634.27,638.39,0
2025-07-30T22:00:00+00:00,638.36,639.18,634.46,638.93,0
2025-07-30T23:00:00+00:00,638.94,639.3,638.88,638.96,0
2025-07-31T08:00:00+00:00,640.64,641.34,640.22,641.11,0
2025-07-31T09:00:00+00:00,641.1,641.46,640.68,640.81,0
2025-07-31T10:00:00+00:00,640.76,640.83,640.39,640.71,0
2025-07-31T11:00:00+00:00,640.78,640.97,639.68,639.92,0
2025-07-31T12:00:00+00:00,639.92,641.57,634.46,640.3,0
2025-07-31T13:00:00+00:00,640.12,640.58,634.46,640.15,0
2025-07-31T13:30:00+00:00,639.4550171,639.8499756,637.6900024,638.8200073,18845004
2025-07-31T14:30:00+00:00,638.8099976,639.1400146,635.0599976,636.1900024,11944043
2025-07-31T15:30:00+00:00,636.1900024,638.2299805,636.1099854,638.0800171,6674444
2025-07-31T16:30:00+00:00,638.0852051,638.3099976,634.4099731,634.8400269,8104819
2025-07-31T17:30:00+00:00,634.8599854,635.6550293,631.4299927,634.210022,14674708
2025-07-31T18:30:00+00:00,634.2000122,635.125,632.6199951,632.7800293,10842862
2025-07-31T19:30:00+00:00,632.7949829,633.6799927,630.7650146,631.9699707,19680307
2025-07-31T20:00:00+00:00,632.08,634.3144,630.65,631.76,0
2025-07-31T21:00:00+00:00,631.76,632.47,631.2585,631.2585,0
2025-07-31T22:00:00+00:00,631.25,632.19,629.96,630.75,0
2025-07-31T23:00:00+00:00,630.74,631.22,630.36,631.09,0
2025-08-01T08:00:00+00:00,629.83,629.83,626.03,626.3,0
2025-08-01T09:00:00+00:00,626.25,627.17,625.66,626.24,0
2025-08-01T10:00:00+00:00,626.25,626.87,626,626.43,0
2025-08-01T11:00:00+00:00,626.4,626.53,624.82,626.32,0
2025-08-01T12:00:00+00:00,626.34,632.08,624.8297,626.87,0
2025-08-01T13:00:00+00:00,626.84,632.08,624.93,625.7,0
2025-08-01T13:30:00+00:00,626.2999878,626.3400269,619.6500244,623.2000122,30644019
2025-08-01T14:30:00+00:00,623.4299927,624.0700073,621.3900146,621.5100098,17357341
2025-08-01T15:30:00+00:00,621.5100098,624.9650269,621.3800049,624.210022,13619112
2025-08-01T16:30:00+00:00,624.210022,624.460022,620.335022,620.5700073,16693904
2025-08-01T17:30:00+00:00,620.5700073,621.8099976,619.289978,621.6248169,14851233
2025-08-01T18:30:00+00:00,621.6300049,623.1099854,620.9500122,621.789978,18461979
2025-08-01T19:30:00+00:00,621.7800293,623.2999878,620.8400269,621.710022,18083927
2025-08-01T20:00:00+00:00,621.72,623.7583,621.5,621.7,0
2025-08-01T21:00:00+00:00,621.71,622.17,582.1002,622.09,0
2025-08-01T22:00:00+00:00,622.1487,622.17,621.6,621.6,0
2025-08-01T23:00:00+00:00,621.62,621.62,621.03,621.22,0
2025-08-04T08:00:00+00:00,624.1,625.72,624.1,625.41,0
2025-08-04T09:00:00+00:00,625.45,626.31,625.3,625.89,0
2025-08-04T10:00:00+00:00,625.97,626.35,625.72,625.89,0
2025-08-04T11:00:00+00:00,625.95,626.03,624.8,625.34,0
2025-08-04T12:00:00+00:00,625.34,626.35,623.38,625.67,0
2025-08-04T13:00:00+00:00,625.63,631.57,621.505,625.37,0
2025-08-04T13:30:00+00:00,625.6699829,629.5300293,625.5800171,629.4000244,16466923
2025-08-04T14:30:00+00:00,629.4099731,629.7000122,628.460022,629,9646390
2025-08-04T15:30:00+00:00,628.9899902,630.1699829,628.5900269,629.7199707,7217114
2025-08-04T16:30:00+00:00,629.710022,630.5200195,629.6799927,630.289978,5339004
2025-08-04T17:30:00+00:00,630.2999878,630.4899902,629.3900146,629.9899902,8154850
2025-08-04T18:30:00+00:00,629.9899902,630.75,629.7399902,630.2650146,7614826
2025-08-04T19:30:00+00:00,630.2650146,631.2150269,629.9208984,631.0599976,10505323
2025-08-04T20:00:00+00:00,631.17,632.32,621.9217,632.27,0
2025-08-04T21:00:00+00:00,632.28,632.44,631.17,632.33,0
2025-08-04T22:00:00+00:00,632.34,632.5,631.68,631.87,0
2025-08-04T23:00:00+00:00,631.9,632.3,631.6,631.805,0
2025-08-05T08:00:00+00:00,631.62,637.05,631.3,631.93,0
2025-08-05T09:00:00+00:00,631.95,631.97,631.63,631.86,0
2025-08-05T10:00:00+00:00,631.87,632.85,631.8,632.64,0
2025-08-05T11:00:00+00:00,632.64,632.89,632.11,632.43,0
2025-08-05T12:00:00+00:00,632.42,633.15,631.17,632.19,0
2025-08-05T13:00:00+00:00,632.2,632.27,621.335,631.5497,0
2025-08-05T13:30:00+00:00,631.789978,632.6052246,629.1900024,629.8590088,14016837
2025-08-05T14:30:00+00:00,629.8649902,629.8649902,627.039978,628.0100098,13408969
2025-08-05T15:30:00+00:00,627.9799805,629.1851196,627.1599731,629.0499878,7261146
2025-08-05T16:30:00+00:00,629.0300293,629.8250122,627.7999878,629.6950073,5970871
2025-08-05T17:30:00+00:00,629.7047729,630.3200073,628.5999756,628.710022,7485879
2025-08-05T18:30:00+00:00,628.710022,629.1099854,627.8699951,628.9799194,7193278
2025-08-05T19:30:00+00:00,628.9799805,629.039978,627.8099976,628.0200195,7915493
2025-08-05T20:00:00+00:00,627.97,631.0852,627.57,627.87,0
2025-08-05T21:00:00+00:00,627.8,642.8257,575.19,627.88,0
2025-08-05T22:00:00+00:00,627.87,628.24,626.86,627.8,0
2025-08-05T23:00:00+00:00,627.79,628.075,627.12,627.16,0
2025-08-06T08:00:00+00:00,630.04,631.3,630.04,630.59,0
2025-08-06T09:00:00+00:00,630.55,630.64,629.76,629.81,0
2025-08-06T10:00:00+00:00,629.81,629.89,629.15,629.7,0
2025-08-06T11:00:00+00:00,629.7,629.86,628.75,629.54,0
2025-08-06T12:00:00+00:00,629.56,631.3188,627.97,628.93,0
2025-08-06T13:00:00+00:00,628.93,629.82,627.97,629.79,0
2025-08-06T13:30:00+00:00,628.6099854,630.6099854,628.1300049,628.7949829,12728488
2025-08-06T14:30:00+00:00,628.7949829,632.0499878,628.3800049,631.927002,9151768
2025-08-06T15:30:00+00:00,631.9099731,632.9104004,631.1599731,632.3699951,8711655
2025-08-06T16:30:00+00:00,632.3898926,632.9799194,631.8499756,632.289978,5420591
2025-08-06T17:30:00+00:00,632.3099976,633.1099854,632,632.9199829,6427914
2025-08-06T18:30:00+00:00,632.9199829,633.1900024,632.4899902,633.0200195,5869995
2025-08-06T19:30:00+00:00,633.0100098,633.4400024,632.3900146,632.6699829,10341224
2025-08-06T20:00:00+00:00,632.66,632.78,631.6215,632.56,0
2025-08-06T21:00:00+00:00,632.53,670.292,631.2603,632.6393,0
2025-08-06T22:00:00+00:00,632.64,634.17,631.97,633.76,0
2025-08-06T23:00:00+00:00,633.76,634.49,633.36,633.61,0
2025-08-07T08:00:00+00:00,634.14,636.53,634.14,636.43,0
2025-08-07T09:00:00+00:00,636.36,636.77,635.69,636.76,0
2025-08-07T10:00:00+00:00,636.78,638.18,636.61,637.28,0
2025-08-07T11:00:00+00:00,637.22,637.29,636.54,636.82,0
2025-08-07T12:00:00+00:00,636.74,638.1802,632.78,636.37,0
2025-08-07T13:00:00+00:00,636.29,636.89,632.78,636.53,0
2025-08-07T13:30:00+00:00,636.2399902,636.9799805,633.1199951,633.8200073,16380397
2025-08-07T14:30:00+00:00,633.8099976,634.2349854,631.7600098,631.9699097,10818281
2025-08-07T15:30:00+00:00,631.9699707,632.5999756,631.1315918,632.2449951,7663849
2025-08-07T16:30:00+00:00,632.25,632.6099854,630,630.0300293,8937240
2025-08-07T17:30:00+00:00,630,631.0800171,629.1099854,629.9199829,8176633
2025-08-07T18:30:00+00:00,629.9199829,630.8699951,629.460022,630.2700195,7002249
2025-08-07T19:30:00+00:00,630.2800293,632.3599854,630.2600098,632.289978,9156545
2025-08-07T20:00:00+00:00,632.3,633.25,632.0937,632.89,0
2025-08-07T21:00:00+00:00,632.865,632.99,627.0253,632.87,0
2025-08-07T22:00:00+00:00,632.85,633.84,632.8,633.49,0
2025-08-07T23:00:00+00:00,633.54,633.6207,633.1618,633.3,0
2025-08-08T08:00:00+00:00,633.56,634.09,633.51,633.98,0
2025-08-08T09:00:00+00:00,633.96,634.37,633.73,634.07,0
2025-08-08T10:00:00+00:00,634.05,634.48,634,634.26,0
2025-08-08T11:00:00+00:00,634.28,634.73,634.23,634.5,0
2025-08-08T12:00:00+00:00,634.511,634.74,632.25,633.841,0
2025-08-08T13:00:00+00:00,633.83,634.07,632.25,633.76,0
2025-08-08T13:30:00+00:00,634.0599976,636.7800293,633.7399902,636.4400024,13589880
2025-08-08T14:30:00+00:00,636.4299927,637.039978,635.5700073,636.0100098,8356893
2025-08-08T15:30:00+00:00,636,637.3599854,634.8599854,636.875,6940639
2025-08-08T16:30:00+00:00,636.8800049,637.1199951,636.125,636.3950195,5454296
2025-08-08T17:30:00+00:00,636.3912964,637.6450195,636.3800049,637.2199707,4767395
2025-08-08T18:30:00+00:00,637.2199707,637.625,637.039978,637.2600098,6916473
2025-08-08T19:30:00+00:00,637.25,637.2700195,636.0499878,637.1199951,10353519
2025-08-08T20:00:00+00:00,637.12,638.3102,620.8003,638.22,0
2025-08-08T21:00:00+00:00,638.22,638.28,620.8003,638.17,0
2025-08-08T22:00:00+00:00,638.1201,638.61,638.1201,638.49,0
2025-08-08T23:00:00+00:00,638.45,638.6,638.35,638.59,0
2025-08-11T08:00:00+00:00,637.98,638.58,636.78,637.11,0
2025-08-11T09:00:00+00:00,637.13,637.71,637.07,637.7,0
2025-08-11T10:00:00+00:00,637.75,638.16,637.68,638.09,0
2025-08-11T11:00:00+00:00,638.1,638.32,637.63,638.01,0
2025-08-11T12:00:00+00:00,638,638.69,636.7412,638.02,0
2025-08-11T13:00:00+00:00,638.03,638.07,632.715,637.69,0
2025-08-11T13:30:00+00:00,637.460022,637.9699707,636.8809814,637.2501221,10010287
2025-08-11T14:30:00+00:00,637.2418823,637.4299927,636.5300293,637.0900269,6845811
2025-08-11T15:30:00+00:00,637.0949707,638.9500122,636.789917,638.5499878,6962281
2025-08-11T16:30:00+00:00,638.539978,638.6099854,636.9099731,637.1849976,5191797
2025-08-11T17:30:00+00:00,637.1799927,637.4199829,636.2800293,636.4899902,6799051
2025-08-11T18:30:00+00:00,636.5,636.8798828,635.5599976,636.2620239,5281810
2025-08-11T19:30:00+00:00,636.25,636.3800049,634.6599731,635.8200073,12886949
2025-08-11T20:00:00+00:00,635.92,637.1325,635.32,635.461,0
2025-08-11T21:00:00+00:00,635.4992,635.92,635.3,635.575,0
2025-08-11T22:00:00+00:00,635.5,635.85,635.1592,635.78,0
2025-08-11T23:00:00+00:00,635.8,635.92,635.5003,635.75,0
2025-08-12T08:00:00+00:00,636.66,636.86,636.33,636.43,0
2025-08-12T09:00:00+00:00,636.4,636.54,636.06,636.23,0
2025-08-12T10:00:00+00:00,636.26,636.4,635.74,635.77,0
2025-08-12T11:00:00+00:00,635.84,636.02,635.21,635.53,0
2025-08-12T12:00:00+00:00,635.5,636.96,635.12,636.01,0
2025-08-12T13:00:00+00:00,636.5,640.1002,635.92,638.23,0
2025-08-12T13:30:00+00:00,638.289978,639.8701172,636.789978,639.289978,19075690
2025-08-12T14:30:00+00:00,639.289978,641.0300293,638.8599854,640.4799805,9176908
2025-08-12T15:30:00+00:00,640.4699707,641.5,640.3099976,641.3792725,5834719
2025-08-12T16:30:00+00:00,641.3900146,641.9899902,641.3699951,641.539978,4914317
2025-08-12T17:30:00+00:00,641.539978,642.6149902,641.4249878,642.2199707,4664604
2025-08-12T18:30:00+00:00,642.2299805,642.4299927,641.9749756,642.3200073,5331434
2025-08-12T19:30:00+00:00,642.3150024,642.8499756,641.9799805,642.6300049,9756619
2025-08-12T20:00:00+00:00,642.69,642.86,640.7843,642.74,0
2025-08-12T21:00:00+00:00,642.74,642.78,642.35,642.42,0
2025-08-12T22:00:00+00:00,642.43,642.69,642.3,642.375,0
2025-08-12T23:00:00+00:00,642.37,643.17,642.34,643.06,0
2025-08-13T08:00:00+00:00,642.6,644.18,642.6,644.08,0
2025-08-13T09:00:00+00:00,644.07,644.42,643.77,643.83,0
2025-08-13T10:00:00+00:00,643.82,644.43,643.8,644.08,0
2025-08-13T11:00:00+00:00,644.09,644.29,643.87,644.11,0
2025-08-13T12:00:00+00:00,644.09,644.411,642.4,644.21,0
2025-08-13T13:00:00+00:00,644.18,644.79,638.195,644.69,0
2025-08-13T13:30:00+00:00,644.9099731,646.1900024,643.9899902,644.2399902,13378184
2025-08-13T14:30:00+00:00,644.2449951,644.4050293,643.0700073,643.6699829,9260044
2025-08-13T15:30:00+00:00,643.6699829,644.2550049,643.2299805,643.2700195,7026688
2025-08-13T16:30:00+00:00,643.2600098,643.7000122,642.6799927,643.6408081,5106260
2025-08-13T17:30:00+00:00,643.6400146,644.2000122,642.7750244,643.8900146,4590614
2025-08-13T18:30:00+00:00,643.9099731,644.7299805,643.2399902,644.289978,6159836
2025-08-13T19:30:00+00:00,644.2949829,645.0999756,643.9099731,644.8800049,9296664
2025-08-13T20:00:00+00:00,644.87,652.8542,642.7789,644.4,0
2025-08-13T21:00:00+00:00,644.4,644.89,644.2,644.63,0
2025-08-13T22:00:00+00:00,644.6,644.85,643.9897,644.81,0
2025-08-13T23:00:00+00:00,644.8087,644.99,644.6,644.7192,0
2025-08-14T08:00:00+00:00,644.5,644.84,644.5,644.82,0
2025-08-14T09:00:00+00:00,644.8,644.89,644.45,644.87,0
2025-08-14T10:00:00+00:00,644.89,644.98,644.52,644.56,0
2025-08-14T11:00:00+00:00,644.55,644.85,644.44,644.85,0
2025-08-14T12:00:00+00:00,644.85,645.24,643.74,644.88,0
2025-08-14T13:00:00+00:00,644.92,645.02,641.36,642.57,0
2025-08-14T13:30:00+00:00,642.5800171,644.6149902,642.3400269,644.2399902,13825627
2025-08-14T14:30:00+00:00,644.25,645.5449829,642.960022,643.335022,7503723
2025-08-14T15:30:00+00:00,643.3400269,644.2199707,642.664978,643.0900269,5881748
2025-08-14T16:30:00+00:00,643.0900269,645.0499878,642.9849854,645.0006714,4114991
2025-08-14T17:30:00+00:00,645.0100098,645.0599976,643.9099731,644.085022,5216067
2025-08-14T18:30:00+00:00,644.0700073,645.4899902,643.9500122,645.0300293,7742378
2025-08-14T19:30:00+00:00,645.0300293,645.6199951,644.8400269,644.9400024,8472709
2025-08-14T20:00:00+00:00,644.93,645.3974,644.2306,645.06,0
2025-08-14T21:00:00+00:00,645.04,645.12,644.65,644.93,0
2025-08-14T22:00:00+00:00,644.92,645.345,644.77,645.29,0
2025-08-14T23:00:00+00:00,645.29,645.529,645.14,645.14,0
2025-08-15T08:00:00+00:00,645.26,647.02,645.26,646.74,0
2025-08-15T09:00:00+00:00,646.75,646.75,645.61,645.83,0
2025-08-15T10:00:00+00:00,645.78,645.86,645.34,645.79,0
2025-08-15T11:00:00+00:00,645.8,646.5,645.79,646.41,0
2025-08-15T12:00:00+00:00,646.41,647.138,644.95,645.9115,0
2025-08-15T13:00:00+00:00,645.9,646.35,644.95,645.97,0
2025-08-15T13:30:00+00:00,645.9899902,646.0900269,643.210022,644.210022,12162781
2025-08-15T14:30:00+00:00,644.2000122,644.3300171,643.2600098,643.4780273,9248270
2025-08-15T15:30:00+00:00,643.4699707,644.1400146,642.5200195,643.289978,7747193
2025-08-15T16:30:00+00:00,643.2949829,644.2957153,643.2949829,644.1654053,4942524
2025-08-15T17:30:00+00:00,644.1599731,644.8800049,643.9799805,644.5300293,8862040
2025-08-15T18:30:00+00:00,644.5200195,644.6400146,643.3200073,643.7999878,8106691
2025-08-15T19:30:00+00:00,643.7999878,644.1300049,643.1300049,643.460022,8532061
2025-08-15T20:00:00+00:00,643.45,645.2098,611.2827,643.09,0
2025-08-15T21:00:00+00:00,643.05,643.44,642.85,643.2,0
2025-08-15T22:00:00+00:00,643.2,643.6,643.15,643.52,0
2025-08-15T23:00:00+00:00,643.535,643.97,643.2294,643.37,0
2025-08-18T08:00:00+00:00,642.97,644.69,642.14,642.6,0
2025-08-18T09:00:00+00:00,642.6,643.19,642.08,642.33,0
2025-08-18T10:00:00+00:00,642.3,642.7,642.3,642.58,0
2025-08-18T11:00:00+00:00,642.6,643.1,642.6,642.83,0
2025-08-18T12:00:00+00:00,642.8,644.56,642.0792,642.97,0
2025-08-18T13:00:00+00:00,642.94,643.44,642.6,642.88,0
2025-08-18T13:30:00+00:00,642.8599854,643.9349976,642.5300293,643,9848536
2025-08-18T14:30:00+00:00,642.9899902,643.4400024,642.2999878,642.7299805,5856330
2025-08-18T15:30:00+00:00,642.7299805,643.2800293,642.5,643.1199951,3443159
2025-08-18T16:30:00+00:00,643.1234741,643.3599854,642.1799927,643.1690063,3400901
2025-08-18T17:30:00+00:00,643.164978,643.8150024,642.4400024,642.7600708,4506136
2025-08-18T18:30:00+00:00,642.7849731,643.5599976,642.7800293,643.2550049,5589096
2025-08-18T19:30:00+00:00,643.25,644,643.1450195,643.2800293,8151214
2025-08-18T20:00:00+00:00,643.28,643.4702,642.3446,643.13,0
2025-08-18T21:00:00+00:00,643.13,643.3,643.1,643.235,0
2025-08-18T22:00:00+00:00,643.25,644.16,643.2312,643.79,0
2025-08-18T23:00:00+00:00,643.81,643.9,643.38,643.545,0
2025-08-19T08:00:00+00:00,642.8,642.86,642.3,642.74,0
2025-08-19T09:00:00+00:00,642.74,643.36,642.57,643.32,0
2025-08-19T10:00:00+00:00,643.32,643.35,642.63,642.91,0
2025-08-19T11:00:00+00:00,642.89,642.96,642.47,642.79,0
2025-08-19T12:00:00+00:00,642.75,643.3687,642,643.22,0
2025-08-19T13:00:00+00:00,643.25,643.34,642.66,642.7205,0
2025-08-19T13:30:00+00:00,642.9899902,644.1049805,642.0300293,643.0300293,12478851
2025-08-19T14:30:00+00:00,643.039978,643.539978,640.4699707,641.6099854,10924405
2025-08-19T15:30:00+00:00,641.6099854,641.9099731,640.1699829,640.3499756,6187042
2025-08-19T16:30:00+00:00,640.3599854,640.625,638.8049927,639.7199707,7507554
2025-08-19T17:30:00+00:00,639.710022,640.1099854,638.8200073,639.0949707,5519143
2025-08-19T18:30:00+00:00,639.0949707,639.2800293,638.4799805,639.2050171,7754379
2025-08-19T19:30:00+00:00,639.210022,639.9099731,638.7150269,639.75,10468558
2025-08-19T20:00:00+00:00,639.75,643.3775,639.6047,640.01,0
2025-08-19T21:00:00+00:00,639.98,640.04,639.54,639.7,0
2025-08-19T22:00:00+00:00,639.72,640.24,639.5,639.74,0
2025-08-19T23:00:00+00:00,639.7407,639.92,638.92,639.2,0
2025-08-20T08:00:00+00:00,639.13,639.13,637.22,637.99,0
2025-08-20T09:00:00+00:00,637.99,639,637.89,638.87,0
2025-08-20T10:00:00+00:00,638.92,639.39,638.86,639.19,0
2025-08-20T11:00:00+00:00,639.23,639.55,638.7,638.85,0
2025-08-20T12:00:00+00:00,638.89,639.81,637.49,639.11,0
2025-08-20T13:00:00+00:00,639.1092,639.81,638.75,639,0
2025-08-20T13:30:00+00:00,639,639.1199951,633.6699829,633.9199829,24685560
2025-08-20T14:30:00+00:00,633.9400024,636.4299927,632.9500122,636.375,12562982
2025-08-20T15:30:00+00:00,636.3499756,637.4758301,634.7199707,637.4207153,8669208
2025-08-20T16:30:00+00:00,637.4249878,637.4500122,635.9299927,636.5599976,5940364
2025-08-20T17:30:00+00:00,636.5599976,637.960022,635.210022,635.8300171,7667251
2025-08-20T18:30:00+00:00,635.831604,638.869873,635.75,638.3300171,9126921
2025-08-20T19:30:00+00:00,638.3150024,639.0599976,637.8049927,638.039978,9710612
2025-08-20T20:00:00+00:00,638.04,670.292,636.4788,638.11,0
2025-08-20T21:00:00+00:00,638.08,638.14,637.89,638,0
2025-08-20T22:00:00+00:00,638.07,638.36,637.6,637.8,0
2025-08-20T23:00:00+00:00,637.81,638.0998,637.23,637.7727,0
2025-08-21T08:00:00+00:00,638,638.42,637.62,638.09,0
2025-08-21T09:00:00+00:00,638.04,638.19,636.91,637.4,0
2025-08-21T10:00:00+00:00,637.41,637.57,636.26,636.94,0
2025-08-21T11:00:00+00:00,636.91,637.79,636.64,637.08,0
2025-08-21T12:00:00+00:00,637.03,638.66,635.401,635.8,0
2025-08-21T13:00:00+00:00,635.66,638.11,635.1692,635.64,0
2025-08-21T13:30:00+00:00,636.2800293,637.9699707,634.3099976,637.8900146,12416961
2025-08-21T14:30:00+00:00,637.8900146,637.9000244,635.2999878,636.6900024,5577717
2025-08-21T15:30:00+00:00,636.7000122,637.5900269,634.960022,635.25,5937020
2025-08-21T16:30:00+00:00,635.25,636,633.8099976,634.4349976,5224065
2025-08-21T17:30:00+00:00,634.4299927,636.2000122,634.3399048,635.5,5364166
2025-08-21T18:30:00+00:00,635.5100098,636.5200195,635.0900269,635.9400024,5218516
2025-08-21T19:30:00+00:00,635.9500122,635.9799805,635.0800171,635.5900269,8004140
2025-08-21T20:00:00+00:00,635.58,636.0654,635.37,635.8,0
2025-08-21T21:00:00+00:00,635.8,636.14,627.0253,635.88,0
2025-08-21T22:00:00+00:00,635.89,636.5,635.87,636.4,0
2025-08-21T23:00:00+00:00,636.3987,636.88,636.18,636.57,0
2025-08-22T08:00:00+00:00,636.02,637,635.61,636.72,0
2025-08-22T09:00:00+00:00,636.7,637.42,636.51,637.16,0
2025-08-22T10:00:00+00:00,637.11,637.55,636.88,637.43,0
2025-08-22T11:00:00+00:00,637.43,637.6,637.09,637.13,0
2025-08-22T12:00:00+00:00,637.119,637.6,633.51,637.52,0
2025-08-22T13:00:00+00:00,637.52,637.57,635.55,637.235,0
2025-08-22T13:30:00+00:00,637.7600098,645.5499878,637.25,644.1099854,25591899
2025-08-22T14:30:00+00:00,644.1337891,646.2700195,644.1300049,646,12117378
2025-08-22T15:30:00+00:00,646.0100098,646.5,644.6950073,644.7800293,7643159
2025-08-22T16:30:00+00:00,644.7800293,646.2600098,644.2949829,646.1500244,5628178
2025-08-22T17:30:00+00:00,646.1500244,646.4000244,645.2849731,645.3850098,5609252
2025-08-22T18:30:00+00:00,645.4400024,645.8599854,645.052002,645.0800171,7527169
2025-08-22T19:30:00+00:00,645.0700073,645.4550171,644.2949829,645.2399902,13845518
2025-08-22T20:00:00+00:00,645.25,645.59,620.8003,645.41,0
2025-08-22T21:00:00+00:00,645.4,645.59,620.8003,645.28,0
2025-08-22T22:00:00+00:00,645.29,645.64,645.23,645.59,0
2025-08-22T23:00:00+00:00,645.5807,645.75,645.4001,645.48,0
2025-08-25T08:00:00+00:00,644.98,644.98,643.87,644.47,0
2025-08-25T09:00:00+00:00,644.46,644.6,643.83,643.89,0
2025-08-25T10:00:00+00:00,643.87,644.08,643.42,643.52,0
2025-08-25T11:00:00+00:00,643.47,644,643.35,643.96,0
2025-08-25T12:00:00+00:00,643.99,645.31,642.81,643.33,0
2025-08-25T13:00:00+00:00,643.31,645.31,642.81,643.5907,0
2025-08-25T13:30:00+00:00,644.0200195,644.6699829,643.4099731,644.1500244,11937754
2025-08-25T14:30:00+00:00,644.1500244,645.0499878,643.7399902,644.9099731,5727479
2025-08-25T15:30:00+00:00,644.9099731,645.1450195,644.5050049,644.9400024,4212366
2025-08-25T16:30:00+00:00,644.9400024,645.289978,644.4099731,644.6699829,3794881
2025-08-25T17:30:00+00:00,644.6599731,644.8200073,643.9400024,644.1699829,4950572
2025-08-25T18:30:00+00:00,644.164978,644.2800293,643.6199951,643.6900024,7546538
2025-08-25T19:30:00+00:00,643.6900024,643.8400269,642.3499756,642.4899902,8471951
2025-08-25T20:00:00+00:00,642.49,643.15,642.34,642.99,0
2025-08-25T21:00:00+00:00,642.93,642.98,642.47,642.98,0
2025-08-25T22:00:00+00:00,642.95,643.38,642.47,643.201,0
2025-08-25T23:00:00+00:00,643.2205,643.33,642.8319,643.01,0
2025-08-26T08:00:00+00:00,642.4,642.4,641.26,641.73,0
2025-08-26T09:00:00+00:00,641.67,642.17,641.5,642.05,0
2025-08-26T10:00:00+00:00,642.12,642.42,641.85,642.35,0
2025-08-26T11:00:00+00:00,642.31,642.45,641.91,641.94,0
2025-08-26T12:00:00+00:00,641.95,642.62,640.72,641.985,0
2025-08-26T13:00:00+00:00,641.935,642.47,641.82,642.28,0
2025-08-26T13:30:00+00:00,642.2000122,643.2700195,641.5700073,643.0800171,9832377
2025-08-26T14:30:00+00:00,643.0650024,643.1799927,642.2949829,642.4400024,4709146
2025-08-26T15:30:00+00:00,642.4099731,643.5499878,642.2913818,643.3300171,4191091
2025-08-26T16:30:00+00:00,643.3300171,643.5900269,642.8900146,643.5100098,2955455
2025-08-26T17:30:00+00:00,643.5,643.5809937,642.4349976,643.5100098,5431256
2025-08-26T18:30:00+00:00,643.5200195,644.710083,643.5100098,644.5599976,8137023
2025-08-26T19:30:00+00:00,644.5499878,645.5100098,643.9199829,645.1300049,10252303
2025-08-26T20:00:00+00:00,645.16,645.79,644.99,645.78,0
2025-08-26T21:00:00+00:00,645.73,645.78,645.16,645.725,0
2025-08-26T22:00:00+00:00,645.72,645.9,645.5995,645.735,0
2025-08-26T23:00:00+00:00,645.75,645.88,645.63,645.71,0
2025-08-27T08:00:00+00:00,645.66,645.66,645.1,645.2,0
2025-08-27T09:00:00+00:00,645.22,645.71,644.99,645.63,0
2025-08-27T10:00:00+00:00,645.69,645.78,645.56,645.74,0
2025-08-27T11:00:00+00:00,645.79,645.86,645.53,645.76,0
2025-08-27T12:00:00+00:00,645.76,646,645.011,645.6,0
2025-08-27T13:00:00+00:00,645.615,645.67,644.7497,645,0
2025-08-27T13:30:00+00:00,644.4899902,646.3400269,644.4199829,646.1171265,9908632
2025-08-27T14:30:00+00:00,646.1099854,646.539978,645.75,646.2999878,4474725
2025-08-27T15:30:00+00:00,646.2999878,646.6900024,645.4799805,645.960022,4510996
2025-08-27T16:30:00+00:00,645.960022,646.5499878,645.3800049,646.4450073,4911037
2025-08-27T17:30:00+00:00,646.4500122,647.3549805,646.4400024,647.2600098,4281351
2025-08-27T18:30:00+00:00,647.25,647.3099976,645.8200073,646.6550293,5967107
2025-08-27T19:30:00+00:00,646.6500244,647.3699951,646.5999756,646.5999756,6828910
2025-08-27T20:00:00+00:00,646.6,652.8542,643.12,645.65,0
2025-08-27T21:00:00+00:00,645.5,646.63,645.46,645.78,0
2025-08-27T22:00:00+00:00,645.7,645.7097,644.63,644.961,0
2025-08-27T23:00:00+00:00,644.9712,645.14,644.64,644.83,0
2025-08-28T08:00:00+00:00,647.61,647.91,646.14,647.56,0
2025-08-28T09:00:00+00:00,647.58,647.6,647.08,647.15,0
2025-08-28T10:00:00+00:00,647.07,647.22,646.87,647.04,0
2025-08-28T11:00:00+00:00,646.98,647.05,646.28,646.43,0
2025-08-28T12:00:00+00:00,646.44,647.89,645.8,646.52,0
2025-08-28T13:00:00+00:00,646.5483,647.59,646.5477,647.47,0
2025-08-28T13:30:00+00:00,647.2399902,648.0900269,645.3400269,645.9550171,15334704
2025-08-28T14:30:00+00:00,645.9799805,647.6558228,645.9400024,646.25,7218273
2025-08-28T15:30:00+00:00,646.2750244,648.4199829,646.2399902,648.1500244,5870785
2025-08-28T16:30:00+00:00,648.1500244,648.3649902,647.4500122,648.125,4583085
2025-08-28T17:30:00+00:00,648.1300049,648.6799927,648.0750122,648.6450195,5164886
2025-08-28T18:30:00+00:00,648.6500244,649.25,648.6300049,648.960022,6567008
2025-08-28T19:30:00+00:00,648.9500122,649.4799805,648.7299805,648.8599854,11559349
2025-08-28T20:00:00+00:00,648.87,649.79,646.7724,648.82,0
2025-08-28T21:00:00+00:00,648.85,649.035,648.7597,648.81,0
2025-08-28T22:00:00+00:00,648.78,648.96,648.37,648.5205,0
2025-08-28T23:00:00+00:00,648.5205,648.72,648.39,648.6108,0
2025-08-29T08:00:00+00:00,647.89,648.48,647.31,647.55,0
2025-08-29T09:00:00+00:00,647.5,647.66,646.52,647.2,0
2025-08-29T10:00:00+00:00,647.17,647.4,646.95,647.29,0
2025-08-29T11:00:00+00:00,647.28,647.43,646.87,647.33,0
2025-08-29T12:00:00+00:00,647.32,648.92,646.5195,647,0
2025-08-29T13:00:00+00:00,647.1077,648.92,647,647.651,0
2025-08-29T13:30:00+00:00,647.4899902,647.7581177,643.6300049,644.6688232,18056576
2025-08-29T14:30:00+00:00,644.6699829,645.1099854,643.1400146,644.4099731,8072315
2025-08-29T15:30:00+00:00,644.1599731,644.7600098,643.710022,644.1699829,4995959
2025-08-29T16:30:00+00:00,644.1799927,645.039917,643.460022,644,5000969
2025-08-29T17:30:00+00:00,644,645.0142212,643.8400269,644.2650146,5645077
2025-08-29T18:30:00+00:00,644.2650146,644.9899902,644.1721191,644.5800171,6544206
2025-08-29T19:30:00+00:00,644.5800171,645.1400146,643.7600098,644.9899902,16478161
2025-08-29T20:00:00+00:00,644.99,648.8597,644.5,644.95,0
2025-08-29T21:00:00+00:00,644.9,645.5,611.2827,645.23,0
2025-08-29T22:00:00+00:00,645.2999,645.32,644.83,645.045,0
2025-08-29T23:00:00+00:00,645.02,645.07,644.87,644.95,0
2025-09-02T08:00:00+00:00,640.74,644.97,640.55,641.6,0
2025-09-02T09:00:00+00:00,641.59,642.24,641.38,641.97,0
2025-09-02T10:00:00+00:00,641.98,642.08,640.4,640.5,0
2025-09-02T11:00:00+00:00,640.47,640.66,639.86,640.13,0
2025-09-02T12:00:00+00:00,640.11,645.05,638.5,638.6499,0
2025-09-02T13:00:00+00:00,638.64,645.05,636.44,637.85,0
2025-09-02T13:30:00+00:00,637.5,640.1400146,636.0499878,639.4699707,19841239
2025-09-02T14:30:00+00:00,639.4500122,639.6300049,636.1699829,636.5599976,8713902
2025-09-02T15:30:00+00:00,636.5499878,636.5679932,634.9199829,635.6099854,8002126
2025-09-02T16:30:00+00:00,635.6099854,637.8499756,635.6099854,637.6400146,6081795
2025-09-02T17:30:00+00:00,637.6300049,639.0349731,637.6300049,637.7265015,6123570
2025-09-02T18:30:00+00:00,637.7199707,639.3099976,637.3200073,639.1400146,6789582
2025-09-02T19:30:00+00:00,639.1300049,640.4899902,639.039978,640.3300171,13815065
2025-09-02T20:00:00+00:00,640.27,644.8455,640.165,642.4,0
2025-09-02T21:00:00+00:00,642.4,642.489,598.6618,642.4,0
2025-09-02T22:00:00+00:00,642.42,642.48,641.28,641.38,0
2025-09-02T23:00:00+00:00,641.4,641.4805,641.06,641.21,0
2025-09-03T08:00:00+00:00,642,643.2,641.4,643.07,0
2025-09-03T09:00:00+00:00,643.04,643.13,642.5,643.1,0
2025-09-03T10:00:00+00:00,643.14,643.51,642.94,643.37,0
2025-09-03T11:00:00+00:00,643.38,643.77,643.15,643.16,0
2025-09-03T12:00:00+00:00,643.17,643.75,640.27,642.98,0
2025-09-03T13:00:00+00:00,642.98,642.98,640.27,642.81,0
2025-09-03T13:30:00+00:00,642.6099854,643.2299805,641.5900269,642.3612061,15509152
2025-09-03T14:30:00+00:00,642.3599854,644.210022,642.289978,642.4299927,8968128
2025-09-03T15:30:00+00:00,642.460022,643.125,641.9949951,642.4299927,6244990
2025-09-03T16:30:00+00:00,642.4400024,642.8499756,641.4299927,642.2700195,6400908
2025-09-03T17:30:00+00:00,642.2600098,642.4299927,640.539978,641.1300049,7115928
2025-09-03T18:30:00+00:00,641.1099854,641.2800293,640.460022,641.0200195,6094783
2025-09-03T19:30:00+00:00,641.039978,643.7299805,641.0100098,643.6400146,13684347
2025-09-03T20:00:00+00:00,643.65,647.025,640.401,643.7895,0
2025-09-03T21:00:00+00:00,643.7892,670.292,559.2694,643.805,0
2025-09-03T22:00:00+00:00,643.74,643.75,643.3,643.315,0
2025-09-03T23:00:00+00:00,643.33,643.73,643.28,643.39,0
2025-09-04T08:00:00+00:00,644.44,644.75,644.23,644.72,0
2025-09-04T09:00:00+00:00,644.77,644.81,644.38,644.59,0
2025-09-04T10:00:00+00:00,644.56,645.24,644.48,644.58,0
2025-09-04T11:00:00+00:00,644.61,645.05,644.5,644.6,0
2025-09-04T12:00:00+00:00,644.58,645.2312,643.74,644.38,0
2025-09-04T13:00:00+00:00,644.4,644.64,643.74,644.115,0
2025-09-04T13:30:00+00:00,644.4199829,645.2999878,643.5100098,644.8800049,13047742
2025-09-04T14:30:00+00:00,644.8699951,646.4349976,644.8400269,646.2108154,8492829
2025-09-04T15:30:00+00:00,646.2199707,646.5900269,645.8200073,645.9500122,5301109
2025-09-04T16:30:00+00:00,645.9400024,646.9699707,645.8099976,646.859314,4754315
2025-09-04T17:30:00+00:00,646.8400269,647.6099854,646.5900269,647.2299805,5264094
2025-09-04T18:30:00+00:00,647.2299805,648.25,647.0800171,647.914978,6397166
2025-09-04T19:30:00+00:00,647.9099731,649.1500244,647.8099976,648.9899902,12484167
2025-09-04T20:00:00+00:00,648.99,649.541,643.7156,649.14,0
2025-09-04T21:00:00+00:00,649.17,649.79,627.0253,649.5,0
2025-09-04T22:00:00+00:00,649.34,649.61,649.12,649.5,0
2025-09-04T23:00:00+00:00,649.5,649.62,649.37,649.4385,0
2025-09-05T08:00:00+00:00,650.36,650.6,649.8,650.56,0
2025-09-05T09:00:00+00:00,650.59,650.81,650.46,650.53,0
2025-09-05T10:00:00+00:00,650.57,650.64,650.28,650.52,0
2025-09-05T11:00:00+00:00,650.54,650.71,650.35,650.57,0
2025-09-05T12:00:00+00:00,650.58,651.17,649.12,649.65,0
2025-09-05T13:00:00+00:00,649.735,652.16,648.41,651.8397,0
2025-09-05T13:30:00+00:00,651.6099854,652.210022,646.0499878,646.5599976,22495703
2025-09-05T14:30:00+00:00,646.5200195,646.6599731,643.3300171,646.2050171,15432029
2025-09-05T15:30:00+00:00,646.210022,646.9000244,645.289978,645.7249756,9218240
2025-09-05T16:30:00+00:00,645.7399902,646.5499878,645.3300171,645.8499756,6516124
2025-09-05T17:30:00+00:00,645.8699951,646.0599976,644.6099854,645.7098999,6841807
2025-09-05T18:30:00+00:00,645.6900024,647.4099731,645.6900024,647.1099854,7957841
2025-09-05T19:30:00+00:00,647.1199951,647.2700195,646.1500244,647.2199707,10760405
2025-09-05T20:00:00+00:00,647.22,649.161,620.8003,646.96,0
2025-09-05T21:00:00+00:00,646.91,647.24,614.9621,646.23,0
2025-09-05T22:00:00+00:00,646.23,646.27,645.87,646.055,0
2025-09-05T23:00:00+00:00,646.05,646.11,645.87,645.97,0
2025-09-08T08:00:00+00:00,648.25,649.12,647.62,648.52,0
2025-09-08T09:00:00+00:00,648.5,648.7,648.21,648.39,0
2025-09-08T10:00:00+00:00,648.36,648.92,648.28,648.75,0
2025-09-08T11:00:00+00:00,648.75,648.98,648.53,648.71,0
2025-09-08T12:00:00+00:00,648.72,648.9602,647.24,648.13,0
2025-09-08T13:00:00+00:00,648.125,648.74,647.24,648.71,0
2025-09-08T13:30:00+00:00,648.6199951,649.0599976,647.75,648.7700195,13481096
2025-09-08T14:30:00+00:00,648.7550049,649.8099976,648.6599731,649.7999878,7135597
2025-09-08T15:30:00+00:00,649.789978,649.8400269,648.3800049,648.6300049,6038479
2025-09-08T16:30:00+00:00,648.6300049,648.8049927,647.7800293,648.4799805,4756519
2025-09-08T17:30:00+00:00,648.4899292,648.6799927,647.2299805,648.3950195,5100378
2025-09-08T18:30:00+00:00,648.3900146,648.5800171,647.335022,647.5800171,6386745
2025-09-08T19:30:00+00:00,647.5800171,648.8800049,647.4699707,648.7999878,13039200
2025-09-08T20:00:00+00:00,648.8,648.99,647.1431,648.82,0
2025-09-08T21:00:00+00:00,648.8394,649.04,648.73,648.995,0
2025-09-08T22:00:00+00:00,648.98,649.48,648.62,649.46,0
2025-09-08T23:00:00+00:00,649.4502,649.57,649.09,649.15,0
2025-09-09T08:00:00+00:00,649.75,649.86,649.42,649.75,0
2025-09-09T09:00:00+00:00,649.75,650.1,649.35,649.6,0
2025-09-09T10:00:00+00:00,649.6,649.68,649.36,649.5,0
2025-09-09T11:00:00+00:00,649.5,649.66,648.96,649.13,0
2025-09-09T12:00:00+00:00,649.1,650.53,648.83,649.6,0
2025-09-09T13:00:00+00:00,649.6,649.6,648.45,648.96,0
2025-09-09T13:30:00+00:00,648.9500122,649.7299805,648.4299927,648.7550049,11801878
2025-09-09T14:30:00+00:00,648.7399902,648.835022,647.2199707,648.7700195,8956271
2025-09-09T15:30:00+00:00,648.7600098,649.0599976,648.039978,648.8599854,5762849
2025-09-09T16:30:00+00:00,648.8549805,649.7999878,648.7650146,649.5650024,5588037
2025-09-09T17:30:00+00:00,649.5650024,649.9899902,649.4799805,649.8300171,5078696
2025-09-09T18:30:00+00:00,649.8400269,650.1400146,649.5499878,650.0650024,5862620
2025-09-09T19:30:00+00:00,650.0650024,650.8599854,649.6950073,650.3200073,8924328
2025-09-09T20:00:00+00:00,650.34,651.83,648.83,651.31,0
2025-09-09T21:00:00+00:00,651.32,651.85,650.33,651.66,0
2025-09-09T22:00:00+00:00,651.65,651.9207,651.35,651.62,0
2025-09-09T23:00:00+00:00,651.6005,651.62,650.33,651.22,0
2025-09-10T08:00:00+00:00,652.12,652.45,651.67,651.91,0
2025-09-10T09:00:00+00:00,651.94,651.94,651.28,651.47,0
2025-09-10T10:00:00+00:00,651.42,652.13,651.37,652.09,0
2025-09-10T11:00:00+00:00,652.1,652.66,652.01,652.42,0
2025-09-10T12:00:00+00:00,652.45,652.99,650.33,652.5,0
2025-09-10T13:00:00+00:00,652.42,654.8,652.27,653.8595,0
2025-09-10T13:30:00+00:00,653.6199951,654.5499878,652.6799927,653.9400024,16823094
2025-09-10T14:30:00+00:00,653.9099731,654.0300293,652.460022,652.8200073,13613736
2025-09-10T15:30:00+00:00,652.8300171,653.6300049,652.3400879,652.6350098,6593820
2025-09-10T16:30:00+00:00,652.6400146,653.460022,652.1099854,652.289978,5272581
2025-09-10T17:30:00+00:00,652.289978,652.7199707,651.4000244,651.6900024,7186079
2025-09-10T18:30:00+00:00,651.6900024,652.1398926,650.6300049,650.8400269,8818529
2025-09-10T19:30:00+00:00,650.9299927,652.7000122,650.6900024,652.2249756,10906819
2025-09-10T20:00:00+00:00,652.21,652.8542,650.2767,652.04,0
2025-09-10T21:00:00+00:00,652.06,652.21,651.72,651.97,0
2025-09-10T22:00:00+00:00,651.9805,653.04,651.95,652.7492,0
2025-09-10T23:00:00+00:00,652.75,653.08,652.27,652.88,0
2025-09-11T08:00:00+00:00,653.22,653.94,653.2,653.28,0
2025-09-11T09:00:00+00:00,653.28,653.32,653.08,653.28,0
2025-09-11T10:00:00+00:00,653.25,653.65,653.05,653.52,0
2025-09-11T11:00:00+00:00,653.57,653.75,653.49,653.63,0
2025-09-11T12:00:00+00:00,653.62,654.09,652.21,653.9399,0
2025-09-11T13:00:00+00:00,653.87,654.6,651.91,653.7,0
2025-09-11T13:30:00+00:00,654.2199707,656.25,653.5900269,655.960022,16171940
2025-09-11T14:30:00+00:00,655.9550171,657.5900269,655.8549805,657.4199829,9213273
2025-09-11T15:30:00+00:00,657.4199829,657.7999878,656.6400146,657.3499756,7414883
2025-09-11T16:30:00+00:00,657.3599854,657.5549927,656.8549805,657.1199951,4417784
2025-09-11T17:30:00+00:00,657.1149902,657.6599731,657.0100098,657.3300171,6687601
2025-09-11T18:30:00+00:00,657.3300171,657.8300171,657.1599731,657.7600098,7191749
2025-09-11T19:30:00+00:00,657.75,658.3300171,657.4650269,657.5900269,11803102
2025-09-11T20:00:00+00:00,657.6,657.8814,551.9574,657.525,0
2025-09-11T21:00:00+00:00,657.5691,657.975,657.39,657.85,0
2025-09-11T22:00:00+00:00,657.88,657.9519,657.4,657.595,0
2025-09-11T23:00:00+00:00,657.58,657.8296,657.42,657.685,0
2025-09-12T08:00:00+00:00,657.17,657.49,656.26,656.81,0
2025-09-12T09:00:00+00:00,656.79,657.06,656.68,657.03,0
2025-09-12T10:00:00+00:00,657.03,657.17,656.84,657.06,0
2025-09-12T11:00:00+00:00,657.04,657.43,656.96,657.43,0
2025-09-12T12:00:00+00:00,657.41,658.13,656.2692,657.525,0
2025-09-12T13:00:00+00:00,657.52,657.94,575.46,657.87,0
2025-09-12T13:30:00+00:00,657.5999756,658.2000122,657.1450195,657.9699707,12826070
2025-09-12T14:30:00+00:00,657.960022,658.4799805,657.6199951,657.6400146,6657943
2025-09-12T15:30:00+00:00,657.6400146,658.0599976,657.210022,658.0499878,5222339
2025-09-12T16:30:00+00:00,658.0499878,658.2800293,657.6500244,658.0999756,4933029
2025-09-12T17:30:00+00:00,658.0999756,658.5650024,657.9000244,658.5050049,5524799
2025-09-12T18:30:00+00:00,658.5050049,659.1099854,658.0700073,658.1699829,10941027
2025-09-12T19:30:00+00:00,658.1699829,658.3300171,656.9000244,657.4000244,17151968
2025-09-12T20:00:00+00:00,657.4,657.7586,657.18,657.45,0
2025-09-12T21:00:00+00:00,657.46,657.69,657.05,657.42,0
2025-09-12T22:00:00+00:00,657.43,657.58,657.275,657.2799,0
2025-09-12T23:00:00+00:00,657.275,657.4,657.18,657.23,0
2025-09-15T08:00:00+00:00,658.5,658.64,657.35,658.02,0
2025-09-15T09:00:00+00:00,658.07,658.44,657.72,658.05,0
2025-09-15T10:00:00+00:00,658.09,658.46,657.97,658.46,0
2025-09-15T11:00:00+00:00,658.46,658.8,658.37,658.65,0
2025-09-15T12:00:00+00:00,658.61,659.52,657.3585,659.19,0
2025-09-15T13:00:00+00:00,659.19,659.65,657.41,659.53,0
2025-09-15T13:30:00+00:00,659.6400146,660.7349854,659.4799805,660.6799927,13649223
2025-09-15T14:30:00+00:00,660.6599731,661.039978,660.2299805,660.3594971,8066227
2025-09-15T15:30:00+00:00,660.3499756,660.8900757,660.2399902,660.6019897,5842420
2025-09-15T16:30:00+00:00,660.6049805,660.8798828,659.5300293,659.75,6631436
2025-09-15T17:30:00+00:00,659.7399902,660.6599731,659.7000122,659.9000244,6130503
2025-09-15T18:30:00+00:00,659.9000244,660.1599731,659.3400269,660.0700073,7749230
2025-09-15T19:30:00+00:00,660.0700073,660.9099731,659.7600098,660.8499756,10465177
2025-09-15T20:00:00+00:00,660.85,660.91,660.2895,660.41,0
2025-09-15T21:00:00+00:00,660.3,660.91,660.1,660.25,0
2025-09-15T22:00:00+00:00,660.29,660.44,660.07,660.131,0
2025-09-15T23:00:00+00:00,660.151,660.22,660.15,660.22,0
2025-09-16T09:00:00+00:00,662.35,662.36,662.33,662.33,0
2025-09-16T10:00:00+00:00,662.35,662.36,662.1,662.14,0
2025-09-16T11:00:00+00:00,662.14,662.22,661.73,662,0
2025-09-16T12:00:00+00:00,662,662.6496,657.96,661.645,0
2025-09-16T13:00:00+00:00,661.56,661.93,660.6742,661.33,0
2025-09-16T13:30:00+00:00,661.4699707,661.7800293,659.6300049,659.9450073,15146686
2025-09-16T14:30:00+00:00,659.9400024,660.2999878,659.3900146,659.6300049,7296988
2025-09-16T15:30:00+00:00,659.6199951,659.960022,659.210022,659.9050293,5532832
2025-09-16T16:30:00+00:00,659.9000244,660.4400024,659.4799805,660.2600098,4755497
2025-09-16T17:30:00+00:00,660.2700195,660.4050293,659.9266968,660.1900024,6623488
2025-09-16T18:30:00+00:00,660.2000122,660.7399902,660.0300293,660.1450195,5749803
2025-09-16T19:30:00+00:00,660.1400146,660.6599731,659.6799927,659.9299927,10301559
2025-09-16T20:00:00+00:00,659.93,660.4202,659.8173,660.085,0
2025-09-16T21:00:00+00:00,660.08,660.34,659.79,659.9388,0
2025-09-16T22:00:00+00:00,659.94,660.48,659.84,660.38,0
2025-09-16T23:00:00+00:00,660.39,660.45,660.11,660.3,0
2025-09-17T08:00:00+00:00,660.22,660.33,659.69,659.89,0
2025-09-17T09:00:00+00:00,659.91,660.05,658.56,659.96,0
2025-09-17T10:00:00+00:00,659.99,660.07,659.51,659.53,0
2025-09-17T11:00:00+00:00,659.53,659.72,659.1,659.55,0
2025-09-17T12:00:00+00:00,659.54,660.42,658.569,659.66,0
2025-09-17T13:00:00+00:00,659.64,660,659.5104,659.87,0
2025-09-17T13:30:00+00:00,660.0100098,660.6550293,659.0900269,659.1599731,12506869
2025-09-17T14:30:00+00:00,659.1699829,659.6699829,658.8649902,658.9400024,5950179
2025-09-17T15:30:00+00:00,658.9450073,659.3400269,658.7299805,658.9299927,4063655
2025-09-17T16:30:00+00:00,658.9299927,658.9849854,658.1300049,658.6450195,4722269
2025-09-17T17:30:00+00:00,658.6500244,661.7199707,657.1300049,660.3499756,15840689
2025-09-17T18:30:00+00:00,660.3599854,660.6799927,654.2999878,660.1849976,27740819
2025-09-17T19:30:00+00:00,660.2000122,660.5700073,658.5,659.1799927,12745726
2025-09-17T20:00:00+00:00,659.18,670.292,659.13,659.78,0
2025-09-17T21:00:00+00:00,659.66,659.8,659.18,659.64,0
2025-09-17T22:00:00+00:00,659.6,661.39,659.22,661.21,0
2025-09-17T23:00:00+00:00,661.24,661.77,661.2,661.47,0
2025-09-18T08:00:00+00:00,663.11,663.92,662.49,663.87,0
2025-09-18T09:00:00+00:00,663.85,665.08,663.81,664.77,0
2025-09-18T10:00:00+00:00,664.72,665.11,664.35,664.37,0
2025-09-18T11:00:00+00:00,664.36,664.8,663.85,664.5,0
2025-09-18T12:00:00+00:00,664.5,665.11,659.18,664.2,0
2025-09-18T13:00:00+00:00,664.2,664.33,658.5799,661.9781,0
2025-09-18T13:30:00+00:00,661.8900146,664.4899902,660.2700195,664.4000244,24244720
2025-09-18T14:30:00+00:00,664.3800049,664.8900146,662.5999756,663.3250122,12625429
2025-09-18T15:30:00+00:00,663.3099976,663.9400024,662.1751099,663.460022,7237612
2025-09-18T16:30:00+00:00,663.460022,664.2299805,663.2650146,663.3200073,8317397
2025-09-18T17:30:00+00:00,663.3200073,663.4500122,662.5200195,662.7750244,6144700
2025-09-18T18:30:00+00:00,662.7800293,663.5100098,662.3400269,662.710022,10496656
2025-09-18T19:30:00+00:00,662.7000122,663.039978,661.9550171,662.289978,14777202
2025-09-18T20:00:00+00:00,662.29,663.465,659.2254,662.99,0
2025-09-18T21:00:00+00:00,662.98,663.09,662.26,663.03,0
2025-09-18T22:00:00+00:00,663.03,663.58,627.0253,663.475,0
2025-09-18T23:00:00+00:00,663.4692,663.67,663.35,663.41,0
2025-09-19T08:00:00+00:00,660.5,661.38,660.38,661.08,0
2025-09-19T09:00:00+00:00,661.02,661.25,660.84,661.16,0
2025-09-19T10:00:00+00:00,661.19,661.4,660.79,661.19,0
2025-09-19T11:00:00+00:00,661.17,661.66,661.01,661.47,0
2025-09-19T12:00:00+00:00,661.47,662.26,659.62,662.07,0
2025-09-19T13:00:00+00:00,662.05,662.4,660.4289,662.32,0
2025-09-19T13:30:00+00:00,662.3300171,662.7000122,661.3200073,661.9199829,17300683
2025-09-19T14:30:00+00:00,661.9000244,662.210022,660.6300049,660.7600098,17767234
2025-09-19T15:30:00+00:00,660.7399902,662.6799927,660.3699951,662.4899902,7518824
2025-09-19T16:30:00+00:00,662.4799805,662.7600098,662.1300049,662.4799805,4839739
2025-09-19T17:30:00+00:00,662.4799805,662.8900146,662.3250122,662.5300293,6925276
2025-09-19T18:30:00+00:00,662.5200195,664.0499268,662.4199829,663.7999878,12608861
2025-09-19T19:30:00+00:00,663.789978,664.5499878,663.3850098,663.6199951,14869578
2025-09-19T20:00:00+00:00,663.61,663.96,660.5391,663.42,0
2025-09-19T21:00:00+00:00,663.42,663.7661,620.8003,663.27,0
2025-09-19T22:00:00+00:00,663.2,663.7,663.16,663.5891,0
2025-09-19T23:00:00+00:00,663.5885,663.6,663.2,663.421,0
2025-09-22T08:00:00+00:00,657.36,662.88,657.36,662.46,0
2025-09-22T09:00:00+00:00,662.46,662.64,661.53,661.89,0
2025-09-22T10:00:00+00:00,661.91,662.39,661.72,662.26,0
2025-09-22T11:00:00+00:00,662.29,662.38,661.52,661.7,0
2025-09-22T12:00:00+00:00,661.69,663.7,661.11,661.4692,0
2025-09-22T13:00:00+00:00,661.45,663.7,661.4,661.925,0
2025-09-22T13:30:00+00:00,662.2000122,664.1400146,662.1699829,664.0800171,13884703
2025-09-22T14:30:00+00:00,664.0700073,665.3200073,663.8950195,664.9400024,8130257
2025-09-22T15:30:00+00:00,664.9400024,665.9299927,664.4799805,665.8449707,9505466
2025-09-22T16:30:00+00:00,665.8449707,666.5300293,665.789978,666.5100098,6543543
2025-09-22T17:30:00+00:00,666.5050049,666.7800293,666.0300293,666.5650024,6971116
2025-09-22T18:30:00+00:00,666.5700073,667.2399902,666.460022,667.1420288,5743352
2025-09-22T19:30:00+00:00,667.1400146,667.289978,666.710022,666.7800293,11300614
2025-09-22T20:00:00+00:00,666.77,666.84,661.46,666.565,0
2025-09-22T21:00:00+00:00,666.455,666.84,666.35,666.655,0
2025-09-22T22:00:00+00:00,666.6,666.7099,660.19,666.45,0
2025-09-22T23:00:00+00:00,666.43,666.77,666.34,666.7097,0
2025-09-23T08:00:00+00:00,666.57,667.18,666,667.09,0
2025-09-23T09:00:00+00:00,667.09,667.13,666.64,666.81,0
2025-09-23T10:00:00+00:00,666.83,667.03,666.6,666.61,0
2025-09-23T11:00:00+00:00,666.6,666.67,666.14,666.46,0
2025-09-23T12:00:00+00:00,666.44,667.1507,666.1201,666.71,0
2025-09-23T13:00:00+00:00,666.7,666.94,666.5,666.74,0
2025-09-23T13:30:00+00:00,666.7199707,667.3400269,666.3599854,666.6199951,13063179
2025-09-23T14:30:00+00:00,666.6300049,666.7600098,666.0200195,666.1500244,6214358
2025-09-23T15:30:00+00:00,666.1500244,666.2399902,664.9699707,665.2399902,9082129
2025-09-23T16:30:00+00:00,665.2349854,665.8400269,663.6900024,663.7080078,8996590
2025-09-23T17:30:00+00:00,663.7000732,663.8499756,662.0349731,662.6749878,12461158
2025-09-23T18:30:00+00:00,662.6500244,663.3198853,661.9799805,662.369873,8850450
2025-09-23T19:30:00+00:00,662.3699951,663.539978,662.289978,663.25,11972191
2025-09-23T20:00:00+00:00,663.24,666.7449,662.6801,663.34,0
2025-09-23T21:00:00+00:00,663.44,663.9,663.17,663.59,0
2025-09-23T22:00:00+00:00,663.55,663.95,663.44,663.74,0
2025-09-23T23:00:00+00:00,663.73,663.78,663.52,663.54,0
2025-09-24T08:00:00+00:00,664.44,664.58,663,664.08,0
2025-09-24T09:00:00+00:00,664.08,664.52,664.07,664.44,0
2025-09-24T10:00:00+00:00,664.45,664.56,664.09,664.09,0
2025-09-24T11:00:00+00:00,664.09,664.64,664,664.45,0
2025-09-24T12:00:00+00:00,664.46,664.66,663.21,664.285,0
2025-09-24T13:00:00+00:00,664.31,664.59,661.645,664.149,0
2025-09-24T13:30:00+00:00,664.5100098,664.6099854,662.4199829,663.210022,13639550
2025-09-24T14:30:00+00:00,663.1900024,663.6550293,662.4000244,662.6599731,6498506
2025-09-24T15:30:00+00:00,662.6500244,662.6849976,659.6699829,660.9099731,12123896
2025-09-24T16:30:00+00:00,660.9199829,661.6799927,660.4000244,661.3699951,5690222
2025-09-24T17:30:00+00:00,661.3800049,661.7999878,659.960022,660.3850098,7757971
2025-09-24T18:30:00+00:00,660.3900146,661.1500244,660.2600098,660.7949829,5940362
2025-09-24T19:30:00+00:00,660.8099976,661.3800049,660.4849854,661.0300293,9069454
2025-09-24T20:00:00+00:00,661.04,663.0779,652.8542,661.48,0
2025-09-24T21:00:00+00:00,661.47,661.68,661.1,661.58,0
2025-09-24T22:00:00+00:00,661.53,661.64,661.1,661.495,0
2025-09-24T23:00:00+00:00,661.45,661.71,661.28,661.67,0
2025-09-25T08:00:00+00:00,662.37,662.37,661.18,661.57,0
2025-09-25T09:00:00+00:00,661.57,661.59,660.69,661,0
2025-09-25T10:00:00+00:00,660.99,661.12,660.18,660.25,0
2025-09-25T11:00:00+00:00,660.27,660.7,659.05,659.26,0
2025-09-25T12:00:00+00:00,659.23,662.38,658.22,658.7327,0
2025-09-25T13:00:00+00:00,658.74,663.21,657.3,657.6001,0
2025-09-25T13:30:00+00:00,657.9400024,659.1500244,655.0800171,658.4799805,23644624
2025-09-25T14:30:00+00:00,658.4799805,659.0999756,657.1900024,657.460022,9814871
2025-09-25T15:30:00+00:00,657.460022,659.4055786,657.460022,658.0100098,8274490
2025-09-25T16:30:00+00:00,658.0300293,658.9799805,656.5700073,657.2949829,10272939
2025-09-25T17:30:00+00:00,657.2800293,657.4650269,654.4050293,656.9899902,12371948
2025-09-25T18:30:00+00:00,656.9799805,658.1550293,656.6599731,657.4500122,8568172
2025-09-25T19:30:00+00:00,657.4500122,658.2600098,657.039978,657.9500122,8707290
2025-09-25T20:00:00+00:00,657.95,661.1969,657.7,658.08,0
2025-09-25T21:00:00+00:00,658.085,658.09,657.85,657.95,0
2025-09-25T22:00:00+00:00,657.94,658.7,657.9,658.09,0
2025-09-25T23:00:00+00:00,658.09,658.23,657.8,657.83,0
2025-09-26T08:00:00+00:00,657.36,659.41,657.36,659.03,0
2025-09-26T09:00:00+00:00,659.01,659.14,657.84,658.16,0
2025-09-26T10:00:00+00:00,658.16,658.81,658.08,658.08,0
2025-09-26T11:00:00+00:00,658.13,658.65,657.88,658.18,0
2025-09-26T12:00:00+00:00,658.18,659.62,657.5,659.13,0
2025-09-26T13:00:00+00:00,659.25,661.1,658.05,659.96,0
2025-09-26T13:30:00+00:00,659.5100098,662.3699951,657.8800049,658.7810059,20562031
2025-09-26T14:30:00+00:00,658.789978,659.960022,658.0499878,659.9299927,7551046
2025-09-26T15:30:00+00:00,659.914978,660.7600098,658.5,660.4534302,6363666
2025-09-26T16:30:00+00:00,660.4498901,661.7399902,660.0700073,661.625,5508795
2025-09-26T17:30:00+00:00,661.6300049,662.0200195,660.7600098,661.7249756,6617197
2025-09-26T18:30:00+00:00,661.7399902,662.1400146,661.2999878,661.5999756,5979841
2025-09-26T19:30:00+00:00,661.6019897,661.9500122,661.1500244,661.7299805,7834233
2025-09-26T20:00:00+00:00,661.75,662.3705,657.8965,661.91,0
2025-09-26T21:00:00+00:00,661.87,662,661.5,661.6999,0
2025-09-26T22:00:00+00:00,661.7,662.2,661.45,662.08,0
2025-09-26T23:00:00+00:00,662.2,662.2,661.94,662.1,0
2025-09-29T08:00:00+00:00,664.57,667.16,662,664.91,0
2025-09-29T09:00:00+00:00,664.91,665.35,664.84,665.24,0
2025-09-29T10:00:00+00:00,665.21,665.73,664.95,665.7,0
2025-09-29T11:00:00+00:00,665.71,665.8,664.56,664.62,0
2025-09-29T12:00:00+00:00,664.61,665.739,661.82,665.04,0
2025-09-29T13:00:00+00:00,665.04,665.69,661.82,665.195,0
2025-09-29T13:30:00+00:00,664.3599854,665.2800293,663.7249756,664.7600098,15104673
2025-09-29T14:30:00+00:00,664.7600098,665.1699829,663.210022,663.5300293,8385751
2025-09-29T15:30:00+00:00,663.539978,663.7999878,662.8400269,663.4699707,8758148
2025-09-29T16:30:00+00:00,663.4799805,663.7000122,662.4000244,662.5599976,6030863
2025-09-29T17:30:00+00:00,662.5700073,663.5949707,662.1900024,663.460022,6650786
2025-09-29T18:30:00+00:00,663.4699707,663.5800171,661.8599854,662.6450195,10539508
2025-09-29T19:30:00+00:00,662.6400146,663.7600098,662.6099854,663.5999756,11788604
2025-09-29T20:00:00+00:00,663.61,663.7602,661.7831,663.05,0
2025-09-29T21:00:00+00:00,663.08,663.68,467.9705,663.02,0
2025-09-29T22:00:00+00:00,663.02,663.55,662.94,663.5293,0
2025-09-29T23:00:00+00:00,663.53,663.66,663.27,663.33,0
2025-09-30T08:00:00+00:00,662.6,662.7,661.91,662.4,0
2025-09-30T09:00:00+00:00,662.41,662.82,662.29,662.63,0
2025-09-30T10:00:00+00:00,662.63,662.85,661.93,662.19,0
2025-09-30T11:00:00+00:00,662.16,662.74,661.89,662.54,0
2025-09-30T12:00:00+00:00,662.51,663.73,661.77,662.7,0
2025-09-30T13:00:00+00:00,662.7,663.68,662.6,662.85,0
2025-09-30T13:30:00+00:00,662.9299927,663.5512085,661.9692993,662.8571167,13066169
2025-09-30T14:30:00+00:00,662.8499756,663.6300049,661.6099854,662.2299805,8070430
2025-09-30T15:30:00+00:00,662.2249756,664.0526733,661.8900146,663.4050293,6960740
2025-09-30T16:30:00+00:00,663.4099731,663.664978,661.7800293,662.1300049,5151325
2025-09-30T17:30:00+00:00,662.1199951,664.0300293,661.8120117,663.8800049,7590620
2025-09-30T18:30:00+00:00,663.8699951,665.5100098,663.5999756,665.3699951,9881494
2025-09-30T19:30:00+00:00,665.3800049,666.6500244,664.8499756,666.0900269,18846226
2025-09-30T20:00:00+00:00,666.1,666.3154,663.5913,664.79,0
2025-09-30T21:00:00+00:00,664.91,666.18,664.67,664.88,0
2025-09-30T22:00:00+00:00,664.87,665.595,664.4665,664.76,0
2025-09-30T23:00:00+00:00,664.75,665,664.38,664.68,0
2025-10-01T08:00:00+00:00,661.23,666.18,660.9,661.22,0
2025-10-01T09:00:00+00:00,661.29,663.07,661.26,662.93,0
2025-10-01T10:00:00+00:00,662.99,663.07,662.58,662.6,0
2025-10-01T11:00:00+00:00,662.55,663.35,662.3,663.35,0
2025-10-01T12:00:00+00:00,663.36,666.18,660.51,663.46,0
2025-10-01T13:00:00+00:00,663.48,666.18,663.25,663.56,0
2025-10-01T13:30:00+00:00,663.1699829,665.710022,663.0599976,665.5300293,18154671
2025-10-01T14:30:00+00:00,665.5300293,666.4400024,665.2600098,666.3099976,8646721
2025-10-01T15:30:00+00:00,666.3099976,667.1799927,666.3099976,666.9199829,7262678
2025-10-01T16:30:00+00:00,666.9199829,668.0900269,666.4299927,667.9699707,6252656
2025-10-01T17:30:00+00:00,667.9799805,668.9349976,667.6049805,668.7700195,6268760
2025-10-01T18:30:00+00:00,668.7750244,669.3699951,668.7249756,669.125,6834344
2025-10-01T19:30:00+00:00,669.1199951,669.2600098,668.4899902,668.5,10307010
2025-10-01T20:00:00+00:00,668.51,670.292,666.3401,668.14,0
2025-10-01T21:00:00+00:00,668.15,668.45,667.945,668.09,0
2025-10-01T22:00:00+00:00,668.01,668.48,668.01,668.25,0
2025-10-01T23:00:00+00:00,668.25,668.55,668,668.3512,0
2025-10-02T08:00:00+00:00,669.26,670.01,669.08,669.83,0
2025-10-02T09:00:00+00:00,669.85,669.96,669.52,669.52,0
2025-10-02T10:00:00+00:00,669.51,670.06,669.12,669.81,0
2025-10-02T11:00:00+00:00,669.78,670.17,669.69,670.13,0
2025-10-02T12:00:00+00:00,670.13,670.62,668.45,670.44,0
2025-10-02T13:00:00+00:00,670.431,670.75,670.24,670.525,0
2025-10-02T13:30:00+00:00,670.4500122,670.5650024,668.289978,668.7113037,13815065
2025-10-02T14:30:00+00:00,668.7199707,669.0200195,667.0200195,667.6699829,7791031
2025-10-02T15:30:00+00:00,667.6488037,668.4199829,666.7800293,668.138916,4921293
2025-10-02T16:30:00+00:00,668.1300049,668.710022,667.5499878,668.5098877,4611526
2025-10-02T17:30:00+00:00,668.5100098,669.6699829,668.3319092,669.5800171,5242120
2025-10-02T18:30:00+00:00,669.5800171,669.7299805,669.2199707,669.4749756,5449532
2025-10-02T19:30:00+00:00,669.4799805,669.4899902,668.8200073,669.1500244,10026555
2025-10-02T20:00:00+00:00,669.16,669.41,668.6117,669.07,0
2025-10-02T21:00:00+00:00,669.07,669.25,627.0253,669.085,0
2025-10-02T22:00:00+00:00,669.0985,669.18,668.4592,669.095,0
2025-10-02T23:00:00+00:00,669.081,669.51,668.92,669.49,0
2025-10-03T08:00:00+00:00,671.08,671.24,670.51,671.16,0
2025-10-03T09:00:00+00:00,671.13,671.28,671.03,671.12,0
2025-10-03T10:00:00+00:00,671.13,671.5,671.09,671.14,0
2025-10-03T11:00:00+00:00,671.14,671.19,670.3,670.36,0
2025-10-03T12:00:00+00:00,670.32,671.471,669.22,670.18,0
2025-10-03T13:00:00+00:00,670.18,670.39,669.22,669.66,0
2025-10-03T13:30:00+00:00,669.9899902,671.5700073,669.9299927,671.3831787,11865676
2025-10-03T14:30:00+00:00,671.3950195,672.2800293,671.3200073,671.7713013,6954102
2025-10-03T15:30:00+00:00,671.7700195,672.6749878,671.3499756,672.460022,5755756
2025-10-03T16:30:00+00:00,672.4500122,672.5449829,670.3200073,670.3300171,8819600
2025-10-03T17:30:00+00:00,670.3300171,670.9500122,668.1599731,670.5200195,14522789
2025-10-03T18:30:00+00:00,670.5369873,670.6849976,669.2800293,669.6199951,7959881
2025-10-03T19:30:00+00:00,669.6099854,670.2399902,668.7800293,669.2000122,8300782
2025-10-03T20:00:00+00:00,669.2,669.34,668.6,669.04,0
2025-10-03T21:00:00+00:00,669.07,669.5,668.78,669.28,0
2025-10-03T22:00:00+00:00,669.33,669.99,669.26,669.65,0
2025-10-03T23:00:00+00:00,669.695,669.8,669.4,669.54,0
2025-10-06T08:00:00+00:00,670.66,671.27,669.65,670.97,0
2025-10-06T09:00:00+00:00,670.91,671.44,670.79,671.43,0
2025-10-06T10:00:00+00:00,671.4,671.72,671.3,671.63,0
2025-10-06T11:00:00+00:00,671.6,672.57,670.99,671.25,0
2025-10-06T12:00:00+00:00,671.24,672.15,669.21,671.72,0
2025-10-06T13:00:00+00:00,671.74,671.74,663.4453,671.35,0
2025-10-06T13:30:00+00:00,671.6199951,671.6500244,669.4550171,670.5150146,15655077
2025-10-06T14:30:00+00:00,670.5150146,671.375,670.1450195,671.1500244,6383341
2025-10-06T15:30:00+00:00,671.1500244,671.9249878,671.0449829,671.8206787,5241048
2025-10-06T16:30:00+00:00,671.8300171,672.3200073,671.3300171,672.0599976,4672135
2025-10-06T17:30:00+00:00,672.0800171,672.4699707,671.789978,672.2399902,5141450
2025-10-06T18:30:00+00:00,672.2484131,672.5100098,671.6500244,671.7550049,5150909
2025-10-06T19:30:00+00:00,671.75,672.0900269,671.539978,671.5800171,7648168
2025-10-06T20:00:00+00:00,671.59,671.86,669.1802,671.73,0
2025-10-06T21:00:00+00:00,671.79,671.85,642.8257,671.8,0
2025-10-06T22:00:00+00:00,671.9295,671.96,670.51,670.66,0
2025-10-06T23:00:00+00:00,670.64,670.96,670.42,670.67,0
2025-10-07T08:00:00+00:00,670.85,670.99,670.45,670.5,0
2025-10-07T09:00:00+00:00,670.55,671.49,670.34,671.44,0
2025-10-07T10:00:00+00:00,671.42,671.68,671.32,671.59,0
2025-10-07T11:00:00+00:00,671.61,671.85,671.37,671.48,0
2025-10-07T12:00:00+00:00,671.49,672.07,670.33,672,0
2025-10-07T13:00:00+00:00,671.98,673.11,657.65,672.6,0
2025-10-07T13:30:00+00:00,672.539978,672.9899902,671.2600098,671.2700195,11873049
2025-10-07T14:30:00+00:00,671.2750244,671.6900024,668.8099976,669.289978,16047849
2025-10-07T15:30:00+00:00,669.2800293,669.4000244,667.6699829,668.4000244,14096923
2025-10-07T16:30:00+00:00,668.4000244,669.539978,668.1300049,668.9899902,6479381
2025-10-07T17:30:00+00:00,668.9199829,669.1900024,667.8099976,668.6295776,5017731
2025-10-07T18:30:00+00:00,668.625,669.1400146,668.5300293,668.5700073,4651374
2025-10-07T19:30:00+00:00,668.5700073,669.4000244,668.5499878,669.1300049,7511055
2025-10-07T20:00:00+00:00,669.14,671.6232,669.0622,669.405,0
2025-10-07T21:00:00+00:00,669.42,669.48,669.12,669.32,0
2025-10-07T22:00:00+00:00,669.32,669.8982,669.32,669.8,0
2025-10-07T23:00:00+00:00,669.795,669.82,668.7897,668.855,0
2025-10-08T08:00:00+00:00,669.86,670.28,669.35,670.13,0
2025-10-08T09:00:00+00:00,670.15,670.44,669.64,669.97,0
2025-10-08T10:00:00+00:00,669.94,670.23,669.42,670.02,0
2025-10-08T11:00:00+00:00,670,670.56,669.71,669.72,0
2025-10-08T12:00:00+00:00,669.76,670.55,668.93,669.92,0
2025-10-08T13:00:00+00:00,669.96,670.201,669.62,670.1566,0
2025-10-08T13:30:00+00:00,670.25,671.960022,669.4199829,671.8900146,14327924
2025-10-08T14:30:00+00:00,671.8850098,672.7299805,671.3400269,672.5449829,8297307
2025-10-08T15:30:00+00:00,672.539978,673.0985107,672.3599854,672.6400146,5306939
2025-10-08T16:30:00+00:00,672.6400146,673.0300293,672.2299805,672.8950195,3676009
2025-10-08T17:30:00+00:00,672.8950195,673.1400146,672.4699707,672.7999878,6051176
2025-10-08T18:30:00+00:00,672.8099976,673.0100098,672.1500244,672.8950195,6435076
2025-10-08T19:30:00+00:00,672.8900146,673.2056274,672.6599731,673.039978,8920441
2025-10-08T20:00:00+00:00,673.04,673.63,652.8542,673.15,0
2025-10-08T21:00:00+00:00,673.15,673.44,672.95,673.075,0
2025-10-08T22:00:00+00:00,673.08,673.6,673.08,673.53,0
2025-10-08T23:00:00+00:00,673.56,674.07,673.41,673.78,0
2025-10-09T08:00:00+00:00,673.15,673.44,672.81,673.02,0
2025-10-09T09:00:00+00:00,673.02,673.14,672.59,673.06,0
2025-10-09T10:00:00+00:00,673.09,673.35,672.8,672.8,0
2025-10-09T11:00:00+00:00,672.82,673.5,672.72,673.49,0
2025-10-09T12:00:00+00:00,673.46,673.75,672.608,673.32,0
2025-10-09T13:00:00+00:00,673.2,673.49,672.9487,673.2213,0
2025-10-09T13:30:00+00:00,673.5300293,673.9400024,671.1199951,671.2249756,15147011
2025-10-09T14:30:00+00:00,671.2299805,671.8510132,669.9699707,670.75,9564888
2025-10-09T15:30:00+00:00,670.75,671.5800171,669.9899902,670.9650269,5923568
2025-10-09T16:30:00+00:00,670.9699707,671.125,669.3400269,669.468811,6897227
2025-10-09T17:30:00+00:00,669.460022,670.3800049,669.210022,669.8200073,5446757
2025-10-09T18:30:00+00:00,669.8099976,670.6699829,669.5184937,670.5100098,6268770
2025-10-09T19:30:00+00:00,670.5100098,671.2600098,670.4400024,671.1900024,10149816
2025-10-09T20:00:00+00:00,671.18,672.9807,670.6297,671.02,0
2025-10-09T21:00:00+00:00,671.09,671.21,670.94,671.175,0
2025-10-09T22:00:00+00:00,671.11,671.78,671.02,671.595,0
2025-10-09T23:00:00+00:00,671.59,672,671.43,671.97,0
2025-10-10T08:00:00+00:00,671.98,672.33,671.89,672.15,0
2025-10-10T09:00:00+00:00,672.12,672.42,671.47,671.66,0
2025-10-10T10:00:00+00:00,671.64,671.67,670.67,671.31,0
2025-10-10T11:00:00+00:00,671.3,671.95,671.03,671.91,0
2025-10-10T12:00:00+00:00,671.91,672.56,670.66,672.13,0
2025-10-10T13:00:00+00:00,672.11,672.23,671.16,671.94,0
2025-10-10T13:30:00+00:00,672.1300049,673.9500122,671.7999878,672.5700073,13260158
2025-10-10T14:30:00+00:00,672.5900269,673.0650024,661.9299927,662.4400024,36483123
2025-10-10T15:30:00+00:00,662.4400024,664.0900269,659.4699707,661.5700073,29203197
2025-10-10T16:30:00+00:00,661.5800171,662.7556152,657.7399902,659.7800293,14381583
2025-10-10T17:30:00+00:00,659.7700195,660.9299927,658.6400146,659.0999756,10836324
2025-10-10T18:30:00+00:00,659.0999756,659.5100098,655.5100098,655.9899902,15751204
2025-10-10T19:30:00+00:00,656.0100098,656.8099976,652.8400269,653.1099854,21676584
2025-10-10T20:00:00+00:00,653.09,671.2084,647.76,648.96,0
2025-10-10T21:00:00+00:00,648.97,653.02,606.8517,646.9,0
2025-10-10T22:00:00+00:00,646.9,651,646.2,649.795,0
2025-10-10T23:00:00+00:00,649.795,653.3,649.49,652.14,0
2025-10-13T08:00:00+00:00,660.17,663.31,658.17,661.91,0
2025-10-13T09:00:00+00:00,662.02,662.5,661.57,661.98,0
2025-10-13T10:00:00+00:00,661.99,662.06,661.2,661.8,0
2025-10-13T11:00:00+00:00,661.75,662.22,658.9,659.9,0
2025-10-13T12:00:00+00:00,659.93,663.97,653.02,660.4487,0
2025-10-13T13:00:00+00:00,660.42,661.7,653.02,661.4159,0
2025-10-13T13:30:00+00:00,660.6500244,663.2299805,659.7999878,660.8499756,24424144
2025-10-13T14:30:00+00:00,660.8800049,662.8499756,659.7678833,662.7199707,10043849
2025-10-13T15:30:00+00:00,662.7199707,665.1300049,662.2299805,663.4899902,8366147
2025-10-13T16:30:00+00:00,663.4849854,664.6099854,662.914978,663.1199951,6822830
2025-10-13T17:30:00+00:00,663.1300049,664.0499878,662.3699951,663.9400024,4946834
2025-10-13T18:30:00+00:00,663.9349976,664.2700195,661.6799927,662.8192749,8823369
2025-10-13T19:30:00+00:00,662.7999878,663.6500244,662.6300049,663.0499878,9545246
2025-10-13T20:00:00+00:00,663.07,663.22,625.6116,662.6,0
2025-10-13T21:00:00+00:00,662.79,663.04,662.54,662.855,0
2025-10-13T22:00:00+00:00,662.74,663.26,662.61,663.16,0
2025-10-13T23:00:00+00:00,663.15,663.17,662.41,662.77,0
2025-10-14T08:00:00+00:00,659.83,659.83,656.39,657.98,0
2025-10-14T09:00:00+00:00,658.02,658.9,657.27,658.08,0
2025-10-14T10:00:00+00:00,658.06,658.3,656.09,656.09,0
2025-10-14T11:00:00+00:00,656.08,657.52,654.49,657.02,0
2025-10-14T12:00:00+00:00,656.97,663.04,653.02,657.4592,0
2025-10-14T13:00:00+00:00,657.43,663.04,655.41,657.52,0
2025-10-14T13:30:00+00:00,657.1699829,659.9099731,653.1699829,659.789978,23138635
2025-10-14T14:30:00+00:00,659.7800293,661.1099854,659.0407715,659.6749878,9588837
2025-10-14T15:30:00+00:00,659.6799927,663.960022,659.6400146,663.6350098,9877089
2025-10-14T16:30:00+00:00,663.6400146,665.6400146,663.5700073,665.3499756,8813731
2025-10-14T17:30:00+00:00,665.3400269,665.8300171,664.3900146,665.1199951,5560954
2025-10-14T18:30:00+00:00,665.1099854,665.3599854,664.4520264,664.789978,5388867
2025-10-14T19:30:00+00:00,664.789978,664.7999878,660.2800293,662.2000122,19606185
2025-10-14T20:00:00+00:00,662.2,663.2072,660.85,662.0417,0
2025-10-14T21:00:00+00:00,662.03,662.29,661.86,662.155,0
2025-10-14T22:00:00+00:00,662.14,663.37,662.11,662.705,0
2025-10-14T23:00:00+00:00,662.69,663.53,662.4901,662.595,0
2025-10-15T08:00:00+00:00,665.71,665.77,664.17,665.5,0
2025-10-15T09:00:00+00:00,665.54,666.75,665.09,665.9,0
2025-10-15T10:00:00+00:00,665.88,666.56,665.81,666.31,0
2025-10-15T11:00:00+00:00,666.31,666.79,666.01,666.38,0
2025-10-15T12:00:00+00:00,666.36,667.7,662.23,667.18,0
2025-10-15T13:00:00+00:00,667.105,667.58,662.2196,666.97,0
2025-10-15T13:30:00+00:00,666.8200073,670.2299805,666.0499878,669.6099854,17433368
2025-10-15T14:30:00+00:00,669.6300049,669.8950195,667.6500244,667.710022,5999554
2025-10-15T15:30:00+00:00,667.6900024,667.8400269,663.914978,665.5900269,11444331
2025-10-15T16:30:00+00:00,665.5800171,665.7600098,658.9299927,660.8599854,12909879
2025-10-15T17:30:00+00:00,660.8900146,664.9099731,660.7000122,664.3109741,7507498
2025-10-15T18:30:00+00:00,664.3200073,665.8364868,664.1900024,665.3599854,6421466
2025-10-15T19:30:00+00:00,665.3699951,665.460022,663.25,665.0800171,13960458
2025-10-15T20:00:00+00:00,665.08,670.292,662.2196,665.01,0
2025-10-15T21:00:00+00:00,665.0256,665.19,664.88,665.075,0
2025-10-15T22:00:00+00:00,665.0525,666.2,665.0525,665.861,0
2025-10-15T23:00:00+00:00,665.8896,665.8996,664.71,665.15,0
2025-10-16T08:00:00+00:00,666.89,667.37,664.7,666.41,0
2025-10-16T09:00:00+00:00,666.54,667.1,666.35,667.03,0
2025-10-16T10:00:00+00:00,667.04,667.89,666.5,667.85,0
2025-10-16T11:00:00+00:00,667.84,668.13,667.44,668.06,0
2025-10-16T12:00:00+00:00,668.07,668.17,664.64,667.2735,0
2025-10-16T13:00:00+00:00,667.41,668.33,665.17,667.8763,0
2025-10-16T13:30:00+00:00,666.8200073,668.0800171,665.4199829,666.9299927,16329797
2025-10-16T14:30:00+00:00,666.9500122,668.710022,665.4699707,665.8150024,10033189
2025-10-16T15:30:00+00:00,665.8099976,666.7800293,662.289978,662.4699707,12944749
2025-10-16T16:30:00+00:00,662.4799805,664.2600098,659.3300171,663.5040283,19064371
2025-10-16T17:30:00+00:00,663.5100098,664,657.4500122,658.3850098,13512845
2025-10-16T18:30:00+00:00,658.3900146,660.9298706,657.1099854,658.9099731,14584616
2025-10-16T19:30:00+00:00,658.9199829,661.25,658.1400146,660.6699829,14019337
2025-10-16T20:00:00+00:00,660.67,664.8839,658.92,659.74,0
2025-10-16T21:00:00+00:00,659.63,660.64,627.0253,659.5,0
2025-10-16T22:00:00+00:00,659.61,660.77,658.31,658.35,0
2025-10-16T23:00:00+00:00,658.3097,658.99,658.045,658.92,0
2025-10-17T08:00:00+00:00,658.75,659.95,651.39,652.85,0
2025-10-17T09:00:00+00:00,652.85,654.96,652.56,654.44,0
2025-10-17T10:00:00+00:00,654.47,654.96,653.28,653.44,0
2025-10-17T11:00:00+00:00,653.48,659.68,653.48,658.73,0
2025-10-17T12:00:00+00:00,658.71,661.22,651.4085,660.61,0
2025-10-17T13:00:00+00:00,660.625,661.26,659.66,659.94,0
2025-10-17T13:30:00+00:00,659.5,663.7150269,658.2299805,662.3099976,25472776
2025-10-17T14:30:00+00:00,662.3099976,662.4000244,658.5100098,659.4199829,14665976
2025-10-17T15:30:00+00:00,659.4400024,663.3599854,658.1400146,663.1099854,10154976
2025-10-17T16:30:00+00:00,663.1300049,663.6350098,660.5499878,661.1900024,6951317
2025-10-17T17:30:00+00:00,661.1599731,665.039978,660.710022,664.6300049,8819016
2025-10-17T18:30:00+00:00,664.6500244,665.7550049,664.0300293,665.1300049,8491669
2025-10-17T19:30:00+00:00,665.1300049,665.1300049,664.0300293,664.3200073,10296849
2025-10-17T20:00:00+00:00,664.32,665.24,620.8003,665.0699,0
2025-10-17T21:00:00+00:00,665.02,665.3499,620.8003,665.205,0
2025-10-17T22:00:00+00:00,665.205,665.31,664.7,664.81,0
2025-10-17T23:00:00+00:00,664.7238,665.35,664.5,665.2817,0
2025-10-20T08:00:00+00:00,667.15,667.25,666,666.62,0
2025-10-20T09:00:00+00:00,666.58,666.81,665.79,666.47,0
2025-10-20T10:00:00+00:00,666.49,666.53,665.89,666.05,0
2025-10-20T11:00:00+00:00,666.09,666.73,665.21,666.13,0
2025-10-20T12:00:00+00:00,666.13,667.68,664.39,666.37,0
2025-10-20T13:00:00+00:00,666.38,667.65,664.39,667.315,0
2025-10-20T13:30:00+00:00,667.3200073,670.3900146,667.2700195,670.2650146,13682235
2025-10-20T14:30:00+00:00,670.2600098,671.460022,669.8099976,670.9199829,8249861
2025-10-20T15:30:00+00:00,670.9299927,671.3099976,670.1599731,670.8099976,7691863
2025-10-20T16:30:00+00:00,670.8049927,672.0100098,670.2999878,671.6099243,4774133
2025-10-20T17:30:00+00:00,671.6099854,672.210022,671.5449829,671.8413696,4078188
2025-10-20T18:30:00+00:00,671.8499756,672.0300293,671.1749878,671.710022,5444832
2025-10-20T19:30:00+00:00,671.7199707,672.0999756,671.2000122,671.2600098,8971962
2025-10-20T20:00:00+00:00,671.27,671.93,664.1977,671.9,0
2025-10-20T21:00:00+00:00,671.9,672.2317,671.3,671.98,0
2025-10-20T22:00:00+00:00,671.96,672.03,671.3,671.67,0
2025-10-20T23:00:00+00:00,671.7307,672.13,671.58,671.7497,0
2025-10-21T08:00:00+00:00,670.74,671.78,670.4,670.61,0
2025-10-21T09:00:00+00:00,670.63,670.93,670.47,670.9,0
2025-10-21T10:00:00+00:00,670.88,671.16,670.57,670.89,0
2025-10-21T11:00:00+00:00,670.93,671.7,670.83,671.68,0
2025-10-21T12:00:00+00:00,671.68,671.87,670.399,671.72,0
2025-10-21T13:00:00+00:00,671.69,671.76,660.495,671.15,0
2025-10-21T13:30:00+00:00,671.4400024,671.9000244,669.9810181,670.5999756,11806908
2025-10-21T14:30:00+00:00,670.5900269,672.7313232,670.2600098,671.9000244,9463513
2025-10-21T15:30:00+00:00,671.9000244,672.6900024,671.4000244,672.6300049,5766149
2025-10-21T16:30:00+00:00,672.6500244,672.9899902,670.7600098,671.6099854,7703827
2025-10-21T17:30:00+00:00,671.625,672.5200195,671.25,672.2800293,4486077
2025-10-21T18:30:00+00:00,672.2800293,672.4299927,671.6900024,671.9050293,4864153
2025-10-21T19:30:00+00:00,671.9000244,672.4000244,671.1599731,671.25,6694212
2025-10-21T20:00:00+00:00,671.25,672,670.5,671.155,0
2025-10-21T21:00:00+00:00,671.25,671.48,670.88,671.27,0
2025-10-21T22:00:00+00:00,671.28,671.7,671.185,671.5165,0
2025-10-21T23:00:00+00:00,671.5,671.54,670.95,670.98,0
2025-10-22T08:00:00+00:00,671.72,672.35,671.34,671.61,0
2025-10-22T09:00:00+00:00,671.61,671.82,671,671.59,0
2025-10-22T10:00:00+00:00,671.57,672.24,671.42,672.24,0
2025-10-22T11:00:00+00:00,672.24,672.38,670.82,671.15,0
2025-10-22T12:00:00+00:00,671.2,672.8975,670.66,671.75,0
2025-10-22T13:00:00+00:00,671.77,672.22,671.29,672.14,0
2025-10-22T13:30:00+00:00,672,672,669.3250122,669.4299927,10333100
2025-10-22T14:30:00+00:00,669.4500122,670.4099731,667.5999756,667.8499756,11308219
2025-10-22T15:30:00+00:00,667.8599854,669.7650146,667.1500244,667.6199951,6656966
2025-10-22T16:30:00+00:00,667.5900269,668.2199707,664.0100098,665.4199829,15215927
2025-10-22T17:30:00+00:00,665.4099731,666.2000122,663.2999878,665.6730957,9837181
2025-10-22T18:30:00+00:00,665.6599731,667.6400146,665.0499878,667.4299927,10281771
2025-10-22T19:30:00+00:00,667.420105,668.3599854,667.2999878,667.8099976,10558184
2025-10-22T20:00:00+00:00,667.8,671.3135,652.8542,667.805,0
2025-10-22T21:00:00+00:00,667.79,667.845,652.8542,667.502,0
2025-10-22T22:00:00+00:00,667.49,668,667.0797,667.82,0
2025-10-22T23:00:00+00:00,667.8,668.15,666.76,666.76,0
2025-10-23T08:00:00+00:00,668,669.18,668,668.82,0
2025-10-23T09:00:00+00:00,668.85,669.05,667.58,667.96,0
2025-10-23T10:00:00+00:00,667.96,668.46,667.5,668.22,0
2025-10-23T11:00:00+00:00,668.29,668.43,667.08,667.79,0
2025-10-23T12:00:00+00:00,667.8,669.35,666.28,666.969,0
2025-10-23T13:00:00+00:00,667.01,667.91,666.02,667.31,0
2025-10-23T13:30:00+00:00,668.1199951,670.7399902,667.7999878,669.4000244,13386251
2025-10-23T14:30:00+00:00,669.4000244,670.3900146,668.9899902,670.039978,6176978
2025-10-23T15:30:00+00:00,670.0300293,671.0800171,668.7299805,670.539978,5485990
2025-10-23T16:30:00+00:00,670.539978,671.6500244,670.4000244,671.0100098,6176660
2025-10-23T17:30:00+00:00,671.0150146,672.5499878,670.9902954,672.4899902,6679689
2025-10-23T18:30:00+00:00,672.4849854,672.710083,672.2700195,672.4509888,7558689
2025-10-23T19:30:00+00:00,672.4500122,672.4500122,671.2999878,671.6099854,11964817
2025-10-23T20:00:00+00:00,671.6,672,667.7403,671.94,0
2025-10-23T21:00:00+00:00,672.03,672.2,671.76,672.0001,0
2025-10-23T22:00:00+00:00,672.04,672.37,671.9,672.1188,0
2025-10-23T23:00:00+00:00,672.18,672.37,672.16,672.3,0
2025-10-24T08:00:00+00:00,673.21,673.29,672.62,673.26,0
2025-10-24T09:00:00+00:00,673.28,674.045,673.16,674.01,0
2025-10-24T10:00:00+00:00,674.04,674.34,673.74,673.91,0
2025-10-24T11:00:00+00:00,673.92,674.135,673.7,673.84,0
2025-10-24T12:00:00+00:00,673.87,674.4,671.76,673.8,0
2025-10-24T13:00:00+00:00,673.8,678,671.76,676.1,0
2025-10-24T13:30:00+00:00,676.460022,677.9400024,675.6500244,676.7800293,15088350
2025-10-24T14:30:00+00:00,676.7600098,678.3800049,675.9099731,678.1500244,9123041
2025-10-24T15:30:00+00:00,678.1900024,678.460022,677.4699707,677.8850098,6316492
2025-10-24T16:30:00+00:00,677.8900146,678.2451782,677.210022,678.0599976,4618665
2025-10-24T17:30:00+00:00,678.052002,678.4299927,677.8699951,678.1699829,3849094
2025-10-24T18:30:00+00:00,678.1599731,678.4699707,677.75,678.2420044,5141529
2025-10-24T19:30:00+00:00,678.2399902,678.2700195,676.7650146,677.1099854,14980081
2025-10-24T20:00:00+00:00,677.11,677.34,671.6534,676.98,0
2025-10-24T21:00:00+00:00,676.952,677.3,676.95,677.245,0
2025-10-24T22:00:00+00:00,677.245,677.29,677.03,677.23,0
2025-10-24T23:00:00+00:00,677.23,677.31,677.12,677.275,0
2025-10-27T08:00:00+00:00,682.15,682.9,682.15,682.26,0
2025-10-27T09:00:00+00:00,682.28,682.68,682.12,682.39,0
2025-10-27T10:00:00+00:00,682.4,683.165,682.35,683.11,0
2025-10-27T11:00:00+00:00,683.1,683.24,682.76,682.86,0
2025-10-27T12:00:00+00:00,682.83,683.25,677.25,682.63,0
2025-10-27T13:00:00+00:00,682.65,682.95,677.25,682.715,0
2025-10-27T13:30:00+00:00,682.7299805,683.6099854,682.1149902,683.0300293,14388923
2025-10-27T14:30:00+00:00,683.0300293,683.3699951,682.5499878,683.3599854,6305695
2025-10-27T15:30:00+00:00,683.3599854,683.7800293,683.2000122,683.5,5122235
2025-10-27T16:30:00+00:00,683.5100098,683.8800049,683.1699829,683.4398804,4548864
2025-10-27T17:30:00+00:00,683.4400024,683.9899902,683.3150024,683.8499756,5052167
2025-10-27T18:30:00+00:00,683.8549805,684.289978,683.8549805,684.2299805,6131972
2025-10-27T19:30:00+00:00,684.2299805,685.539978,684.1849976,685.1900024,13299437
2025-10-27T20:00:00+00:00,685.17,686.03,668.04,685.75,0
2025-10-27T21:00:00+00:00,685.785,685.84,685.24,685.69,0
2025-10-27T22:00:00+00:00,685.73,685.79,685.47,685.5992,0
2025-10-27T23:00:00+00:00,685.59,686.14,685.51,685.52,0
2025-10-28T08:00:00+00:00,684.9,685.34,684.68,684.85,0
2025-10-28T09:00:00+00:00,684.88,685.3,684.68,685.02,0
2025-10-28T10:00:00+00:00,685.02,685.55,684.91,685.43,0
2025-10-28T11:00:00+00:00,685.44,685.72,685.12,685.6,0
2025-10-28T12:00:00+00:00,685.61,686.33,684.67,686.26,0
2025-10-28T13:00:00+00:00,686.26,687.21,685.24,687.1207,0
2025-10-28T13:30:00+00:00,687.0499878,687.2249756,685.1199951,686.1300049,11751742
2025-10-28T14:30:00+00:00,686.1199951,686.3699951,685.3699951,685.5300293,6552327
2025-10-28T15:30:00+00:00,685.5200195,686.2244873,684.8300171,686.1820068,4795708
2025-10-28T16:30:00+00:00,686.1799927,688.3200073,686.0599976,687.0100098,6949015
2025-10-28T17:30:00+00:00,687.0200195,688.4000244,686.875,688.0510254,5511839
2025-10-28T18:30:00+00:00,688.0549927,688.9050293,687.7800293,688.6900024,7446727
2025-10-28T19:30:00+00:00,688.7000122,688.710022,686.9050293,686.9799805,11437551
2025-10-28T20:00:00+00:00,686.97,687.21,685.2751,687.2,0
2025-10-28T21:00:00+00:00,687.19,687.34,686.97,687.27,0
2025-10-28T22:00:00+00:00,687.3,687.54,686.96,686.99,0
2025-10-28T23:00:00+00:00,687.02,687.37,686.88,687.25,0
2025-10-29T08:00:00+00:00,688.99,689.48,688.27,688.88,0
2025-10-29T09:00:00+00:00,688.89,689.12,687.77,687.84,0
2025-10-29T10:00:00+00:00,687.8,688.61,687.68,688.53,0
2025-10-29T11:00:00+00:00,688.53,689.24,688.26,689.19,0
2025-10-29T12:00:00+00:00,689.16,689.46,687.06,688.61,0
2025-10-29T13:00:00+00:00,688.63,689,687.06,688.9,0
2025-10-29T13:30:00+00:00,688.7199707,689.7000122,688.1500244,688.9799805,13854605
2025-10-29T14:30:00+00:00,688.9799805,689.1101074,687.8099976,688.3099976,11165854
2025-10-29T15:30:00+00:00,688.3200073,688.5300293,687.5900269,688.4699707,7199840
2025-10-29T16:30:00+00:00,688.4699707,688.8099976,687.7399902,687.9299927,3626569
2025-10-29T17:30:00+00:00,687.8900146,688.9400024,687.3300171,688.0100098,6768542
2025-10-29T18:30:00+00:00,688,688.7199707,682.8699951,685.4299927,23454876
2025-10-29T19:30:00+00:00,685.3900146,687.3599854,684.0499878,687.2999878,11501712
2025-10-29T20:00:00+00:00,687.29,689,670.292,686.33,0
2025-10-29T21:00:00+00:00,686.4,687.39,685.07,685.13,0
2025-10-29T22:00:00+00:00,685.11,687.39,684.81,685.8285,0
2025-10-29T23:00:00+00:00,685.81,686.97,685.4,686.695,0
2025-10-30T08:00:00+00:00,687.14,687.57,686.23,686.75,0
2025-10-30T09:00:00+00:00,686.72,687.21,685.87,686.24,0
2025-10-30T10:00:00+00:00,686.25,686.36,685.19,685.84,0
2025-10-30T11:00:00+00:00,685.87,687.45,685.73,687.34,0
2025-10-30T12:00:00+00:00,687.375,689.4,684.47,684.66,0
2025-10-30T13:00:00+00:00,684.66,685.3,683.4092,684.175,0
2025-10-30T13:30:00+00:00,683.9000244,685.9400024,681.3900146,683.4699707,18837297
2025-10-30T14:30:00+00:00,683.460022,685.7199707,683.4099731,684.7999878,6813187
2025-10-30T15:30:00+00:00,684.7999878,685.1500244,683.0100098,684.9299927,6261673
2025-10-30T16:30:00+00:00,684.9500122,684.9500122,683.0700073,684.4000244,5035455
2025-10-30T17:30:00+00:00,684.4000244,684.6400146,682.539978,682.9400024,6153682
2025-10-30T18:30:00+00:00,682.9299927,683.4899902,680.3400269,681.2800293,9536437
2025-10-30T19:30:00+00:00,681.289978,681.9849854,679.8599854,679.9699707,13490572
2025-10-30T20:00:00+00:00,679.96,687.39,679.71,683.98,0
2025-10-30T21:00:00+00:00,684,684.21,679.83,684.12,0
2025-10-30T22:00:00+00:00,684.11,684.47,683.7,683.9207,0
2025-10-30T23:00:00+00:00,683.93,684.505,683.4304,684.4507,0
2025-10-31T08:00:00+00:00,684.67,685.5,684.5,684.81,0
2025-10-31T09:00:00+00:00,684.81,685.42,684.55,685.05,0
2025-10-31T10:00:00+00:00,685.05,685.13,684.18,684.43,0
2025-10-31T11:00:00+00:00,684.4,685.32,684.32,685.27,0
2025-10-31T12:00:00+00:00,685.27,686.61,679.83,686.36,0
2025-10-31T13:00:00+00:00,686.36,686.43,679.83,685.33,0
2025-10-31T13:30:00+00:00,685.039978,685.0800171,682.210022,683.25,14350210
2025-10-31T14:30:00+00:00,683.2399902,684.75,683.0900269,683.7399902,6749024
2025-10-31T15:30:00+00:00,683.75,684.1799927,680.5100098,681.7700195,11407525
2025-10-31T16:30:00+00:00,681.7600098,682.4500122,679.2399902,679.789978,7940723
2025-10-31T17:30:00+00:00,679.7999878,682.4400024,679.4299927,682.3099976,7245133
2025-10-31T18:30:00+00:00,682.3200073,684.2800293,681.7299805,684.1099854,8229578
2025-10-31T19:30:00+00:00,684.0900269,684.7999878,681.9299927,681.9749756,19675444
2025-10-31T20:00:00+00:00,681.97,685.07,679.83,682.02,0
2025-10-31T21:00:00+00:00,682,682.18,681.61,682.08,0
2025-10-31T22:00:00+00:00,682.13,682.19,681.91,682.008,0
2025-10-31T23:00:00+00:00,682.01,682.19,681.6669,681.8,0
2025-11-03T09:00:00+00:00,683.61,685,683.6,684.99,0
2025-11-03T10:00:00+00:00,684.995,685.12,684.25,684.55,0
2025-11-03T11:00:00+00:00,684.57,685.2,684.36,684.78,0
2025-11-03T12:00:00+00:00,684.77,684.95,684.15,684.15,0
2025-11-03T13:00:00+00:00,684.21,685.191,682.06,683.76,0
2025-11-03T14:30:00+00:00,685.6699829,685.7999878,680.2399902,680.460022,15033447
2025-11-03T15:30:00+00:00,680.4500122,682.8599854,679.9400024,682.0501099,6734250
2025-11-03T16:30:00+00:00,682.0599976,683.9000244,681.9500122,682.7479858,4962814
2025-11-03T17:30:00+00:00,682.75,684.210022,682.7299805,683.6300049,3456101
2025-11-03T18:30:00+00:00,683.6400146,684.2299805,683.0800171,683.2600098,4071677
2025-11-03T19:30:00+00:00,683.25,683.6550293,682.5800171,683.1300049,6422260
2025-11-03T20:30:00+00:00,683.1400146,683.3800049,682.4500122,683.3499756,9788794
2025-11-03T21:00:00+00:00,683.36,684.05,681.8848,683.35,0
2025-11-03T22:00:00+00:00,683.45,683.45,682.74,683.22,0
2025-11-03T23:00:00+00:00,683.11,683.28,682.3997,682.5312,0
2025-11-04T09:00:00+00:00,676.52,678.63,675.5,675.65,0
2025-11-04T10:00:00+00:00,675.68,676.34,673.75,675.34,0
2025-11-04T11:00:00+00:00,675.33,676.65,675.29,676.59,0
2025-11-04T12:00:00+00:00,676.57,677.02,675.61,676.99,0
2025-11-04T13:00:00+00:00,676.99,683.34,673.779,675.785,0
2025-11-04T14:00:00+00:00,675.76,683.34,675.24,675.81,0
2025-11-04T14:30:00+00:00,676.1099854,679.6450195,674.6699829,679.3200073,17674626
2025-11-04T15:30:00+00:00,679.3200073,679.960022,677.5599976,678.2000122,7140950
2025-11-04T16:30:00+00:00,678.210022,678.6300049,675.6799927,676.9299927,7361680
2025-11-04T17:30:00+00:00,676.9299927,677.25,674.9799805,675.25,6018757
2025-11-04T18:30:00+00:00,675.25,676.6799927,674.710022,676.2949829,8127022
2025-11-04T19:30:00+00:00,676.289978,676.375,674.5800171,675.960022,9265368
2025-11-04T20:30:00+00:00,675.9699707,676.5349731,674.6149902,675.3400269,14041781
2025-11-04T21:00:00+00:00,675.35,683.34,674.55,675.62,0
2025-11-04T22:00:00+00:00,675.56,675.77,675.12,675.13,0
2025-11-04T23:00:00+00:00,675.22,675.62,674.34,674.38,0
2025-11-05T09:00:00+00:00,674.37,675.27,673.87,674.62,0
2025-11-05T10:00:00+00:00,674.56,675.04,673.98,674.19,0
2025-11-05T11:00:00+00:00,674.13,674.28,672.4,673.46,0
2025-11-05T12:00:00+00:00,673.42,674.55,673.15,674.21,0
2025-11-05T13:00:00+00:00,674.21,675.35,672.4185,675.31,0
2025-11-05T14:00:00+00:00,675.3185,675.92,674.9,675.4899,0
2025-11-05T14:30:00+00:00,674.9799805,678.0900269,674.1699829,677.4400024,16529139
2025-11-05T15:30:00+00:00,677.4349976,678.3984985,676.7600098,678.289978,7754225
2025-11-05T16:30:00+00:00,678.2700195,680.0999756,678.085022,680.0458984,6475145
2025-11-05T17:30:00+00:00,680.0499878,680.8599243,679.9400024,680.4099731,6079943
2025-11-05T18:30:00+00:00,680.4000244,680.8599854,679.7399902,680.210022,4969954
2025-11-05T19:30:00+00:00,680.210022,680.5200195,679.6699829,679.7600098,6145774
2025-11-05T20:30:00+00:00,679.7600098,679.8649902,677.4000244,677.5,13994312
2025-11-05T21:00:00+00:00,677.51,678.18,652.8542,677.83,0
2025-11-05T22:00:00+00:00,677.83,678.07,633.3871,678.07,0
2025-11-05T23:00:00+00:00,678.06,678.6,677.22,678.6,0
2025-11-06T09:00:00+00:00,677.28,677.86,676.5,677.76,0
2025-11-06T10:00:00+00:00,677.75,678.42,677.46,678.38,0
2025-11-06T11:00:00+00:00,678.37,678.58,677.96,678.37,0
2025-11-06T12:00:00+00:00,678.39,679.02,677.98,678.62,0
2025-11-06T13:00:00+00:00,678.63,684.75,675.65,679.3669,0
2025-11-06T14:00:00+00:00,679.3403,679.57,676.9997,677.51,0
2025-11-06T14:30:00+00:00,676.4699707,677.3800049,672.5200195,674.539917,16428944
2025-11-06T15:30:00+00:00,674.539978,674.6699829,670.2199707,671.4099731,13018591
2025-11-06T16:30:00+00:00,671.4099731,671.4099731,668.7199707,669.585022,8873590
2025-11-06T17:30:00+00:00,669.5800171,671.5800171,669.1300049,670.960022,7639737
2025-11-06T18:30:00+00:00,670.9400024,673.5250244,670.9099731,673.4000244,6920127
2025-11-06T19:30:00+00:00,673.3900146,673.7000122,672.0300293,672.3200073,7663822
2025-11-06T20:30:00+00:00,672.3099976,672.7199707,669.5300293,670.2399902,14641776
2025-11-06T21:00:00+00:00,670.24,677.58,669.9397,671.72,0
2025-11-06T22:00:00+00:00,671.61,672.06,670.31,671.615,0
2025-11-06T23:00:00+00:00,671.6377,672.19,670.92,671.84,0
2025-11-07T09:00:00+00:00,672,672.19,669.96,671.24,0
2025-11-07T10:00:00+00:00,671.19,671.34,669.31,669.87,0
2025-11-07T11:00:00+00:00,669.9,670.45,667.51,667.93,0
2025-11-07T12:00:00+00:00,667.9,669.5,667.2,668.61,0
2025-11-07T13:00:00+00:00,668.6,672.6,666.79,667.34,0
2025-11-07T14:00:00+00:00,667.3785,670.31,667.14,667.66,0
2025-11-07T14:30:00+00:00,667.9099731,667.9799805,663.9699707,665.9299927,21982631
2025-11-07T15:30:00+00:00,665.914978,666.3099976,662.25,662.8250122,14548847
2025-11-07T16:30:00+00:00,662.8200073,664.2750244,661.2050171,663.5750122,10693271
2025-11-07T17:30:00+00:00,663.5200195,665.5750122,662.0100098,665.3099976,7717916
2025-11-07T18:30:00+00:00,665.2999878,666.6799927,664.2199707,666.4500122,8683895
2025-11-07T19:30:00+00:00,666.4799805,670.0300293,666.4799805,668.664978,16350929
2025-11-07T20:30:00+00:00,668.6599731,671.0800171,668.6599731,670.9199829,11413721
2025-11-07T21:00:00+00:00,670.93,672.08,670.0138,671.98,0
2025-11-07T22:00:00+00:00,671.95,672.1,670.97,672.0497,0
2025-11-07T23:00:00+00:00,672.05,672.1207,671.749,672.02,0
2025-11-10T09:00:00+00:00,675.62,677.94,675.62,677.34,0
2025-11-10T10:00:00+00:00,677.34,677.73,677.18,677.46,0
2025-11-10T11:00:00+00:00,677.47,677.8,676.76,676.87,0
2025-11-10T12:00:00+00:00,676.84,677.76,676.8,676.95,0
2025-11-10T13:00:00+00:00,676.95,677.872,670.97,677.3795,0
2025-11-10T14:00:00+00:00,677.385,677.7,670.97,677.01,0
2025-11-10T14:30:00+00:00,677.2349854,679.2199707,677.0300293,678.8599854,17208872
2025-11-10T15:30:00+00:00,678.8699951,678.9899902,675.2399902,675.5549927,10399188
2025-11-10T16:30:00+00:00,675.5499878,677.8499756,675.0300293,677.4650269,6587134
2025-11-10T17:30:00+00:00,677.4650269,680.0499878,677.4650269,679.4749756,6811816
2025-11-10T18:30:00+00:00,679.5,680.9555054,679.4949951,680.7814941,5329387
2025-11-10T19:30:00+00:00,680.7800293,682.0800171,680.539978,681.3099976,8583825
2025-11-10T20:30:00+00:00,681.2999878,682.1799927,681.0300293,681.3200073,11349351
2025-11-10T21:00:00+00:00,681.33,682.01,670.9423,681.45,0
2025-11-10T22:00:00+00:00,681.42,682.09,635.6794,681.53,0
2025-11-10T23:00:00+00:00,681.49,681.93,681.11,681.875,0
2025-11-11T09:00:00+00:00,681.45,681.45,679.9,680.11,0
2025-11-11T10:00:00+00:00,680.14,680.25,679.61,680.15,0
2025-11-11T11:00:00+00:00,680.17,680.41,679.84,680.19,0
2025-11-11T12:00:00+00:00,680.17,680.39,679.87,680.05,0
2025-11-11T13:00:00+00:00,680.065,681.36,679.28,679.4907,0
2025-11-11T14:00:00+00:00,679.49,681.62,679.49,679.96,0
2025-11-11T14:30:00+00:00,679.9500122,680.8449707,678.8200073,679.4550171,9949914
2025-11-11T15:30:00+00:00,679.4500122,680.7399902,678.7299805,679.3200073,5909568
2025-11-11T16:30:00+00:00,679.3599854,681.3900146,678.7600098,681.0305786,5143141
2025-11-11T17:30:00+00:00,681.0499878,683.2399902,680.9500122,682.9099731,5550886
2025-11-11T18:30:00+00:00,682.9099731,683.3200073,682.1599731,683.1300049,6015353
2025-11-11T19:30:00+00:00,683.1400146,683.5499878,682.710022,682.9000244,8298060
2025-11-11T20:30:00+00:00,682.9000244,683.5700073,682.2949829,682.8699951,10392745
2025-11-11T21:00:00+00:00,682.88,683.59,681.2621,683,0
2025-11-11T22:00:00+00:00,683.01,683.14,682.9,683.05,0
2025-11-11T23:00:00+00:00,683.04,683.185,682.4297,682.7395,0
2025-11-12T09:00:00+00:00,684.62,685.88,684.62,685.2,0
2025-11-12T10:00:00+00:00,685.21,685.75,685.19,685.19,0
2025-11-12T11:00:00+00:00,685.25,685.31,684.25,684.25,0
2025-11-12T12:00:00+00:00,684.26,685.37,684,685.32,0
2025-11-12T13:00:00+00:00,685.32,685.73,681.44,685.16,0
2025-11-12T14:00:00+00:00,685.16,685.4,683,685.03,0
2025-11-12T14:30:00+00:00,684.789978,684.960022,682.8099976,683.1950073,12108358
2025-11-12T15:30:00+00:00,683.2000122,683.2598877,681.1400146,682.4099731,7131687
2025-11-12T16:30:00+00:00,682.4000244,683.0100098,680.9450073,682.4699707,6594287
2025-11-12T17:30:00+00:00,682.4699707,683.9299927,682.3800049,683.4949951,5314215
2025-11-12T18:30:00+00:00,683.5,684.1499023,682.4799805,682.7299805,5227355
2025-11-12T19:30:00+00:00,682.7399902,683.4099121,682.09198,683.3400269,7436572
2025-11-12T20:30:00+00:00,683.3400269,684.0700073,682.6616211,683.2849731,10875825
2025-11-12T21:00:00+00:00,683.29,684,637.7825,683,0
2025-11-12T22:00:00+00:00,683.0007,683.6599,637.7825,683.06,0
2025-11-12T23:00:00+00:00,683.06,683.16,680.9,681.511,0
2025-11-13T09:00:00+00:00,683,684.51,682.05,682.13,0
2025-11-13T10:00:00+00:00,682.15,683.15,681.71,682.9,0
2025-11-13T11:00:00+00:00,682.91,683.41,682.16,682.26,0
2025-11-13T12:00:00+00:00,682.35,682.61,681.7,682.32,0
2025-11-13T13:00:00+00:00,682.32,684.95,681.465,681.98,0
2025-11-13T14:00:00+00:00,682,684.11,679.9395,680.4417,0
2025-11-13T14:30:00+00:00,680.5,680.8599854,677.5300293,678.9400024,15197774
2025-11-13T15:30:00+00:00,678.9500122,679.0300293,674.960022,675.7299805,13069959
2025-11-13T16:30:00+00:00,675.7199707,676.6199951,674.2199707,675.9199829,10409918
2025-11-13T17:30:00+00:00,675.9000244,676.5,672.5949707,672.8300171,9175823
2025-11-13T18:30:00+00:00,672.8200073,673.5499878,671.5200195,673.539978,12030527
2025-11-13T19:30:00+00:00,673.5100098,673.6300049,670.5200195,671.6300049,12889539
2025-11-13T20:30:00+00:00,671.6199951,673.0200195,670.7600098,672.0499878,15287085
2025-11-13T21:00:00+00:00,672.06,683.38,670.975,672.11,0
2025-11-13T22:00:00+00:00,672.1,672.4,627.0253,672.3,0
2025-11-13T23:00:00+00:00,672.23,673.39,672.23,672.58,0
2025-11-14T09:00:00+00:00,671.38,671.57,669.6,670.59,0
2025-11-14T10:00:00+00:00,670.58,670.93,669.68,670.61,0
2025-11-14T11:00:00+00:00,670.59,670.99,667.57,667.975,0
2025-11-14T12:00:00+00:00,667.95,668.11,665.75,666.59,0
2025-11-14T13:00:00+00:00,666.61,672.78,664.26,664.94,0
2025-11-14T14:00:00+00:00,665,672.04,663.97,665.535,0
2025-11-14T14:30:00+00:00,665.3800049,669.960022,663.2650146,669.789978,25943449
2025-11-14T15:30:00+00:00,669.7800293,674.8699951,669.1599731,674.3950195,16892603
2025-11-14T16:30:00+00:00,674.4000244,675.6400146,672.7600098,675.0499878,8106653
2025-11-14T17:30:00+00:00,675.0549927,675.6599731,672.1400146,673.1300049,9745100
2025-11-14T18:30:00+00:00,673.1099854,674.4400024,671.4899902,674.0198975,9663134
2025-11-14T19:30:00+00:00,674.0200195,675.1199951,672.210022,672.6450195,9331407
2025-11-14T20:30:00+00:00,672.6400146,673.1099854,671.1699829,671.9500122,10575754
2025-11-14T21:00:00+00:00,671.95,673.07,671.2297,672.64,0
2025-11-14T22:00:00+00:00,672.64,672.98,634.8682,672.785,0
2025-11-14T23:00:00+00:00,672.764,673,672.72,672.89,0
2025-11-17T09:00:00+00:00,675.12,676.24,675.04,675.43,0
2025-11-17T10:00:00+00:00,675.4,675.64,673.595,673.64,0
2025-11-17T11:00:00+00:00,673.73,674.1,672.64,673.55,0
2025-11-17T12:00:00+00:00,673.5,674.16,672.24,672.57,0
2025-11-17T13:00:00+00:00,672.54,676.34,670.7788,671.46,0
2025-11-17T14:00:00+00:00,671.42,672.765,669.71,670.02,0
2025-11-17T14:30:00+00:00,669,673.710022,668.9500122,672.0599976,14885512
2025-11-17T15:30:00+00:00,672.039978,672.3699951,667.7700195,670.4749756,11859278
2025-11-17T16:30:00+00:00,670.4799805,673,670.3720093,672.3101196,6729432
2025-11-17T17:30:00+00:00,672.3300171,672.5900269,668.2199707,668.710022,7123778
2025-11-17T18:30:00+00:00,668.7000122,669.9099731,664.9699707,665.8394775,10600848
2025-11-17T19:30:00+00:00,665.8300171,666.1414795,662.1699829,663.7399902,15165730
2025-11-17T20:30:00+00:00,663.7600098,665.7800293,663.0949707,665.6900024,14471246
2025-11-17T21:00:00+00:00,665.68,671.93,665.51,666.03,0
2025-11-17T22:00:00+00:00,665.98,666.03,665.57,665.815,0
2025-11-17T23:00:00+00:00,665.76,666.8495,665.6,666.4112,0
2025-11-18T09:00:00+00:00,665.67,665.67,663,663.8,0
2025-11-18T10:00:00+00:00,663.74,664.68,663.2,663.66,0
2025-11-18T11:00:00+00:00,663.72,664.63,663.35,663.86,0
2025-11-18T12:00:00+00:00,663.76,663.94,661.83,662.16,0
2025-11-18T13:00:00+00:00,662.19,665.67,660.03,662.159,0
2025-11-18T14:00:00+00:00,662.16,665.67,661.9814,662.48,0
2025-11-18T14:30:00+00:00,662.0949707,664.2600098,656.7999878,659.085022,30082907
2025-11-18T15:30:00+00:00,659.0800171,661.8699951,655.8599854,661.5750122,17955093
2025-11-18T16:30:00+00:00,661.5599976,662.3699951,658.5599976,658.6199951,10239073
2025-11-18T17:30:00+00:00,658.6099854,664.460022,657.9099731,663.3300171,11883583
2025-11-18T18:30:00+00:00,663.3499756,665.1199951,662.5700073,662.9299927,9178711
2025-11-18T19:30:00+00:00,662.9299927,664.960022,661.5,662.4199829,11299181
2025-11-18T20:30:00+00:00,662.4199829,662.7800293,660,660.1400146,16397145
2025-11-18T21:00:00+00:00,660.15,665.67,658.9195,659.18,0
2025-11-18T22:00:00+00:00,659.2,660.08,659.07,659.265,0
2025-11-18T23:00:00+00:00,659.28,661.1,659.28,660.5612,0
2025-11-19T09:00:00+00:00,660.09,661.4,659.98,661.35,0
2025-11-19T10:00:00+00:00,661.31,662.81,661.1,662.72,0
2025-11-19T11:00:00+00:00,662.64,663.35,662.27,662.93,0
2025-11-19T12:00:00+00:00,662.93,664,662.2,662.63,0
2025-11-19T13:00:00+00:00,662.66,663.3337,657.93,662.3315,0
2025-11-19T14:00:00+00:00,662.31,683.38,660.81,660.87,0
2025-11-19T14:30:00+00:00,660.7800293,667.3400269,660.1099854,666.25,18990342
2025-11-19T15:30:00+00:00,666.2700195,666.5545044,661.2800293,662.0100098,12743869
2025-11-19T16:30:00+00:00,662.0200195,662.9799805,660.2299805,661.1699829,9632018
2025-11-19T17:30:00+00:00,661.1799927,662.6199951,658.7449951,661.0200806,11136653
2025-11-19T18:30:00+00:00,661.0100098,663.3300171,659.4799805,659.7999878,9746101
2025-11-19T19:30:00+00:00,659.789978,664.4000244,659.3300171,663.5,10552435
2025-11-19T20:30:00+00:00,663.5,664.7600098,661.7399902,662.6500244,10568754
2025-11-19T21:00:00+00:00,662.65,666.8,627.1194,666.01,0
2025-11-19T22:00:00+00:00,666,666.75,652.8542,665.9,0
2025-11-19T23:00:00+00:00,665.89,669.53,662.62,669.53,0
2025-11-20T09:00:00+00:00,670.98,671.06,669.48,669.5,0
2025-11-20T10:00:00+00:00,669.43,670.225,668.885,670.11,0
2025-11-20T11:00:00+00:00,670.125,671.085,669.39,669.61,0
2025-11-20T12:00:00+00:00,669.615,670.58,669,669.78,0
2025-11-20T13:00:00+00:00,669.79,672.07,657.2385,670.565,0
2025-11-20T14:00:00+00:00,670.68,673.68,662.63,672.86,0
2025-11-20T14:30:00+00:00,672.9099731,675.4099731,672.4699707,674.8300171,22654072
2025-11-20T15:30:00+00:00,674.8300171,675.5599976,667.4199829,667.9000244,18452670
2025-11-20T16:30:00+00:00,667.8900146,668.1699829,656.5999756,658.5700073,35358991
2025-11-20T17:30:00+00:00,658.5499878,661.9699707,655.4500122,659.5800171,23036996
2025-11-20T18:30:00+00:00,659.5499878,660,653.8599854,657.0100098,15966030
2025-11-20T19:30:00+00:00,656.9799805,658.25,655.210022,656.2000122,16777503
2025-11-20T20:30:00+00:00,656.2000122,656.5599976,651.8900146,652.5300293,20340933
2025-11-20T21:00:00+00:00,652.53,662.7111,651.69,651.915,0
2025-11-20T22:00:00+00:00,651.91,652.53,651.7,652.26,0
2025-11-20T23:00:00+00:00,652.24,653.72,650.67,653.1815,0
2025-11-21T09:00:00+00:00,655.3,655.77,653.21,653.69,0
2025-11-21T10:00:00+00:00,653.57,653.93,649.43,649.52,0
2025-11-21T11:00:00+00:00,649.56,654.11,649.56,652.69,0
2025-11-21T12:00:00+00:00,652.77,653.13,650.01,650.27,0
2025-11-21T13:00:00+00:00,650.23,656.75,649.4485,654.9617,0
2025-11-21T14:00:00+00:00,655.07,656.6,652.53,655.7892,0
2025-11-21T14:30:00+00:00,655.0499878,656.4699707,652.3400269,653.0800171,27153970
2025-11-21T15:30:00+00:00,653.0900269,655.9699707,650.8499756,655.9299927,15869531
2025-11-21T16:30:00+00:00,655.9299927,661.1900024,655.2199707,660.3800049,17590697
2025-11-21T17:30:00+00:00,660.3825073,661.5117798,656.8800049,658.3599854,10519402
2025-11-21T18:30:00+00:00,658.3499756,664.5499878,658,664.2299805,13617205
2025-11-21T19:30:00+00:00,664.210022,664.5200195,659.6199951,659.6300049,13077513
2025-11-21T20:30:00+00:00,659.5999756,661.25,658.2299805,659.0599976,15592909
2025-11-21T21:00:00+00:00,659.06,660.055,652.4582,659.882,0
2025-11-21T22:00:00+00:00,659.76,660.07,619.1682,659.59,0
2025-11-21T23:00:00+00:00,659.555,659.8392,659.27,659.4,0
2025-11-24T09:00:00+00:00,662.5,663.75,659.5,659.55,0
2025-11-24T10:00:00+00:00,659.515,661.18,659.46,660.115,0
2025-11-24T11:00:00+00:00,660.07,660.79,659.48,660.21,0
2025-11-24T12:00:00+00:00,660.25,662.3,660.04,662.14,0
2025-11-24T13:00:00+00:00,662.1,663.74,659.03,663.36,0
2025-11-24T14:00:00+00:00,663.36,663.88,659.03,663.75,0
2025-11-24T14:30:00+00:00,662.6900024,665.7800293,661.5900269,665.5449829,16982668
2025-11-24T15:30:00+00:00,665.5100098,668.3900146,664.9500122,667.9699707,9552325
2025-11-24T16:30:00+00:00,667.960022,668.4896851,666.9000244,668.1856079,5776808
2025-11-24T17:30:00+00:00,668.1799927,669.75,667.9400024,669.1900024,5577341
2025-11-24T18:30:00+00:00,669.1799927,669.8099976,668.6900024,668.8999023,4862184
2025-11-24T19:30:00+00:00,668.9000244,669.4899902,667.8699951,668.9400024,7710472
2025-11-24T20:30:00+00:00,668.9299927,670.0599976,668.6099854,668.8099976,14162369
2025-11-24T21:00:00+00:00,668.81,669.6202,637.3442,669.39,0
2025-11-24T22:00:00+00:00,669.4,669.49,635.6794,669.32,0
2025-11-24T23:00:00+00:00,669.3355,669.64,668.73,669.0895,0
2025-11-25T09:00:00+00:00,668,668.55,667.35,667.35,0
2025-11-25T10:00:00+00:00,667.34,668.09,667.15,667.78,0
2025-11-25T11:00:00+00:00,667.72,668.51,667.3,667.915,0
2025-11-25T12:00:00+00:00,667.91,669.16,667.65,668.99,0
2025-11-25T13:00:00+00:00,668.995,670.24,667.179,669.45,0
2025-11-25T14:00:00+00:00,669.72,670.01,668.11,668.49,0
2025-11-25T14:30:00+00:00,668.6300049,669.9799805,664.4799805,668.5800171,19859510
2025-11-25T15:30:00+00:00,668.539978,671.0700073,668.4400024,670.4199829,10317324
2025-11-25T16:30:00+00:00,670.4099731,673.8800049,670.2199707,673.3200073,8602231
2025-11-25T17:30:00+00:00,673.3099976,674.375,673.1500244,674.0250244,8248616
2025-11-25T18:30:00+00:00,674.0300293,674.4000244,672.7000122,673.3200073,6288333
2025-11-25T19:30:00+00:00,673.3200073,674.789978,672.4400024,674.5,8435426
2025-11-25T20:30:00+00:00,674.5100098,676.210022,674.4550171,675,10722148
2025-11-25T21:00:00+00:00,675,675.39,630.2557,675,0
2025-11-25T22:00:00+00:00,675,675.27,630.2557,675.17,0
2025-11-25T23:00:00+00:00,675.13,675.47,674.83,675.32,0
2025-11-26T09:00:00+00:00,677.1,677.5,676.44,676.53,0
2025-11-26T10:00:00+00:00,676.63,677.4,676.51,677.04,0
2025-11-26T11:00:00+00:00,677.07,677.59,676.8,677.44,0
2025-11-26T12:00:00+00:00,677.44,677.6,675.86,676.3,0
2025-11-26T13:00:00+00:00,676.25,678.15,675.02,677.24,0
2025-11-26T14:00:00+00:00,677.2,677.58,675.02,677.18,0
2025-11-26T14:30:00+00:00,677.6300049,679.4799805,676.7199707,678.1300049,14605661
2025-11-26T15:30:00+00:00,678.1500244,680.8699951,678.0606079,680.5300293,7740362
2025-11-26T16:30:00+00:00,680.5300293,681.6900024,680.289978,680.9400024,6971969
2025-11-26T17:30:00+00:00,680.9400024,681.7000122,679.75,681.1099854,6534291
2025-11-26T18:30:00+00:00,681.1149902,681.289978,679.5900269,681.2399902,7179405
2025-11-26T19:30:00+00:00,681.25,681.5900269,680.4899902,681.2000122,8892712
2025-11-26T20:30:00+00:00,681.2000122,681.4000244,679.6199951,679.6300049,12247255
2025-11-26T21:00:00+00:00,679.63,680.4,633.3871,680.09,0
2025-11-26T22:00:00+00:00,637.7825,680.22,637.7825,680.13,0
2025-11-26T23:00:00+00:00,680.17,680.43,679.8895,680.0787,0
2025-11-28T09:00:00+00:00,681.55,682.1,681.14,681.72,0
2025-11-28T10:00:00+00:00,681.7,681.74,681.4,681.65,0
2025-11-28T11:00:00+00:00,681.69,681.71,681.23,681.56,0
2025-11-28T12:00:00+00:00,681.55,682.27,681.35,682.04,0
2025-11-28T13:00:00+00:00,682.05,683.5,679.68,681.71,0
2025-11-28T14:00:00+00:00,681.69,681.78,673.765,681.12,0
2025-11-28T14:30:00+00:00,680.8599854,682.3200073,680.5,681.6900024,9771492
2025-11-28T15:30:00+00:00,681.6900024,682.9400024,681.6099854,682.1500244,8375543
2025-11-28T16:30:00+00:00,682.1599731,683,681.7999878,682.3150024,9614422
2025-11-28T18:00:00+00:00,682.3150024,683.4500122,674.7150269,683.1099854,0
2025-11-28T19:00:00+00:00,683.11,683.45,673.15,683.285,0
2025-11-28T20:00:00+00:00,683.3,683.96,683.2,683.62,0
2025-11-28T21:00:00+00:00,683.63,683.8,683.2,683.58,0
2025-12-01T09:00:00+00:00,680,680.55,678.97,679.97,0
2025-12-01T10:00:00+00:00,679.95,679.99,678.94,679.71,0
2025-12-01T11:00:00+00:00,679.66,679.99,679.04,679.27,0
2025-12-01T12:00:00+00:00,679.25,679.57,678.49,678.66,0
2025-12-01T13:00:00+00:00,678.6,680.38,677.71,678.86,0
2025-12-01T14:00:00+00:00,678.85,683.39,678.61,679.74,0
2025-12-01T14:30:00+00:00,678.8099976,681.8599854,678.7399902,679.8300171,13905746
2025-12-01T15:30:00+00:00,679.8400269,681.8300171,678.8400269,681.079895,6028113
2025-12-01T16:30:00+00:00,681.0800171,682.5100098,681.0700073,682.0100098,3969382
2025-12-01T17:30:00+00:00,682,682.789978,681.7299805,682.4799805,3158793
2025-12-01T18:30:00+00:00,682.5,682.9899902,680.4799805,680.5999756,6003075
2025-12-01T19:30:00+00:00,680.6049805,681.0949707,679.8200073,680.7299805,6447261
2025-12-01T20:30:00+00:00,680.7199707,681.0700073,679.375,680.2700195,15182014
2025-12-01T21:00:00+00:00,680.28,683.5256,679.8943,680.05,0
2025-12-01T22:00:00+00:00,680.15,680.555,643.2925,680.305,0
2025-12-01T23:00:00+00:00,680.34,680.54,679.64,679.96,0
2025-12-02T09:00:00+00:00,681,681.2,680.44,681.04,0
2025-12-02T10:00:00+00:00,681.05,681.33,680.57,681.31,0
2025-12-02T11:00:00+00:00,681.21,682.26,681.2,682.26,0
2025-12-02T12:00:00+00:00,682.24,682.42,681.5,681.95,0
2025-12-02T13:00:00+00:00,681.9,682.3985,678.82,682,0
2025-12-02T14:00:00+00:00,682.02,682.62,680.27,682.41,0
2025-12-02T14:30:00+00:00,681.9199829,683.2800293,681.4199829,681.5800171,10356591
2025-12-02T15:30:00+00:00,681.5900269,683.8200073,679.6699829,680.0100098,10830478
2025-12-02T16:30:00+00:00,679.9699707,682.6500244,679.3275146,682.4400024,6538218
2025-12-02T17:30:00+00:00,682.4400024,682.8400269,679.9299927,681.039978,5105694
2025-12-02T18:30:00+00:00,681.0300293,681.9400024,680.2199707,681.3900146,5297198
2025-12-02T19:30:00+00:00,681.3699951,682.7000122,681.2999878,682.5050049,7600401
2025-12-02T20:30:00+00:00,682.5,682.8800049,681.3699951,681.4799805,9477732
2025-12-02T21:00:00+00:00,681.49,681.8492,679.9117,681.795,0
2025-12-02T22:00:00+00:00,681.7913,681.94,681.53,681.88,0
2025-12-02T23:00:00+00:00,681.88,682.3,681.53,682.095,0
2025-12-03T09:00:00+00:00,683.08,683.19,682.39,682.49,0
2025-12-03T10:00:00+00:00,682.45,683.09,682.35,683.01,0
2025-12-03T11:00:00+00:00,682.99,682.99,682.26,682.94,0
2025-12-03T12:00:00+00:00,682.89,683.26,682.32,683.21,0
2025-12-03T13:00:00+00:00,683.21,683.86,681.53,683.48,0
2025-12-03T14:00:00+00:00,683.5,683.68,679.2,679.65,0
2025-12-03T14:30:00+00:00,680.5700073,682.3400269,679.6900024,681.6799927,12869639
2025-12-03T15:30:00+00:00,681.6500244,682.9899902,681.329895,682.3850098,6854134
2025-12-03T16:30:00+00:00,682.3850098,683.7000122,681.6099854,683.5599976,5419356
2025-12-03T17:30:00+00:00,683.5499878,684.1849976,683.25,683.9099731,6141586
2025-12-03T18:30:00+00:00,683.9299927,684.5,683.7866211,684.3300171,3990140
2025-12-03T19:30:00+00:00,684.3300171,684.9099731,684.164978,684.5227051,5891735
2025-12-03T20:30:00+00:00,684.5250244,684.6199951,683.5499878,683.8099976,10644210
2025-12-03T21:00:00+00:00,683.82,684.1,652.8542,684.04,0
2025-12-03T22:00:00+00:00,684.01,684.07,652.8542,684.02,0
2025-12-03T23:00:00+00:00,684.02,684.14,683.7,683.91,0
2025-12-04T09:00:00+00:00,683.78,683.97,683.28,683.95,0
2025-12-04T10:00:00+00:00,683.96,684.68,683.94,684.47,0
2025-12-04T11:00:00+00:00,684.42,684.42,683.74,683.87,0
2025-12-04T12:00:00+00:00,683.89,684.64,683.78,684.5,0
2025-12-04T13:00:00+00:00,684.52,684.802,683.19,684.48,0
2025-12-04T14:00:00+00:00,684.46,685.65,683.86,685.62,0
2025-12-04T14:30:00+00:00,685.2999878,685.3499756,682.1699829,683.5949707,11590647
2025-12-04T15:30:00+00:00,683.5900269,684.5599976,682.210022,683.3513184,8154207
2025-12-04T16:30:00+00:00,683.3099976,684.5800171,682.8599854,684.0200195,7353310
2025-12-04T17:30:00+00:00,684.0300293,684.7700195,683.4650269,684.6774292,4336100
2025-12-04T18:30:00+00:00,684.6699829,684.75,681.3400269,682.1799927,8069626
2025-12-04T19:30:00+00:00,682.1900024,683.960022,681.9899902,682.7501221,8650057
2025-12-04T20:30:00+00:00,682.7600098,684.5800171,682.7000122,684.4000244,8206285
2025-12-04T21:00:00+00:00,684.42,684.54,682.45,684.33,0
2025-12-04T22:00:00+00:00,684.37,684.39,684.05,684.11,0
2025-12-04T23:00:00+00:00,684.18,684.66,683.86,684.081,0
2025-12-05T09:00:00+00:00,685.15,686.06,685.15,686.03,0
2025-12-05T10:00:00+00:00,686.02,686.07,685.6,685.92,0
2025-12-05T11:00:00+00:00,685.91,686.06,685.53,686.02,0
2025-12-05T12:00:00+00:00,686.02,686.16,685.57,685.87,0
2025-12-05T13:00:00+00:00,685.88,686.5,684.39,685.6,0
2025-12-05T14:00:00+00:00,685.55,685.62,683.6395,684.9152,0
2025-12-05T14:30:00+00:00,685.4699707,688.2999878,685.3200073,687.8850098,13837995
2025-12-05T15:30:00+00:00,687.8800049,688.3900146,685.7000122,685.9561768,8794470
2025-12-05T16:30:00+00:00,685.9500122,686.6400146,685.0200195,685.3900146,6340974
2025-12-05T17:30:00+00:00,685.4099731,686.7050171,684.5800171,686.5499878,5634666
2025-12-05T18:30:00+00:00,686.5599976,686.9699707,685.6398926,685.9299927,4635876
2025-12-05T19:30:00+00:00,685.9400024,686.3800049,685.5700073,686.0050049,6056846
2025-12-05T20:30:00+00:00,686,686.0300293,684.5999756,685.6500244,10465385
2025-12-05T21:00:00+00:00,685.65,686.1005,684.39,685.89,0
2025-12-05T22:00:00+00:00,685.9499,686.06,642.8257,685.85,0
2025-12-05T23:00:00+00:00,685.8988,686.03,685.7,685.845,0
2025-12-08T09:00:00+00:00,687.3,687.3,686.19,686.9,0
2025-12-08T10:00:00+00:00,686.9,686.98,686.28,686.74,0
2025-12-08T11:00:00+00:00,686.71,686.86,686.2,686.21,0
2025-12-08T12:00:00+00:00,686.25,686.68,686.09,686.58,0
2025-12-08T13:00:00+00:00,686.55,687.32,685.69,686.9405,0
2025-12-08T14:00:00+00:00,686.94,687.2,685.69,687.1301,0
2025-12-08T14:30:00+00:00,686.5900269,686.6400146,683.8723755,684.5549927,10541207
2025-12-08T15:30:00+00:00,684.539978,685.0499878,682.9099731,684.0900269,6963326
2025-12-08T16:30:00+00:00,684.0800171,684.1199951,682.1900024,682.6900024,4548960
2025-12-08T17:30:00+00:00,682.6900024,684.4000244,682.5999756,682.8300171,5260514
2025-12-08T18:30:00+00:00,682.8300171,683.1450195,681.5700073,682.2449951,6499904
2025-12-08T19:30:00+00:00,682.2299805,682.8200073,682.1500244,682.6400146,5556456
2025-12-08T20:30:00+00:00,682.6400146,683.7600098,682.0599976,683.6500244,9644429
2025-12-08T21:00:00+00:00,683.635,685.8853,637.3442,684.44,0
2025-12-08T22:00:00+00:00,684.41,684.66,683.63,684.62,0
2025-12-08T23:00:00+00:00,684.52,684.87,683.63,684.8207,0
2025-12-09T09:00:00+00:00,684.4,684.76,683.91,684.07,0
2025-12-09T10:00:00+00:00,684.05,684.37,683.73,684.36,0
2025-12-09T11:00:00+00:00,684.34,684.39,682.67,684.13,0
2025-12-09T12:00:00+00:00,684.1,684.31,683.99,684.08,0
2025-12-09T13:00:00+00:00,684.1,684.86,682.7362,683.78,0
2025-12-09T14:00:00+00:00,683.78,683.83,682.78,682.86,0
2025-12-09T14:30:00+00:00,683.1500244,684.9400024,682.8200073,684.2150269,10831407
2025-12-09T15:30:00+00:00,684.2000122,685.3400269,683.585022,684.8099976,5885774
2025-12-09T16:30:00+00:00,684.8099976,685.3850098,684.2700195,684.6500244,5114825
2025-12-09T17:30:00+00:00,684.6500244,684.8599243,683.6199951,684.2399902,5488085
2025-12-09T18:30:00+00:00,684.2399902,684.3449707,683.3499756,683.7299805,4540893
2025-12-09T19:30:00+00:00,683.7299805,683.8526001,683.2000122,683.3250122,5717928
2025-12-09T20:30:00+00:00,683.3200073,683.6099854,682.5900269,683.0499878,10786428
2025-12-09T21:00:00+00:00,683.05,683.63,682.51,682.8,0
2025-12-09T22:00:00+00:00,682.78,683.04,682.68,682.933,0
2025-12-09T23:00:00+00:00,682.8206,683.0302,682.76,682.8,0
2025-12-10T09:00:00+00:00,683.49,683.91,683.25,683.48,0
2025-12-10T10:00:00+00:00,683.49,683.91,682,682,0
2025-12-10T11:00:00+00:00,681.97,683.2,681.67,682.7,0
2025-12-10T12:00:00+00:00,682.64,682.8,682.15,682.43,0
2025-12-10T13:00:00+00:00,682.38,684.1,681.6992,683.4982,0
2025-12-10T14:00:00+00:00,683.61,683.77,682.47,682.6,0
2025-12-10T14:30:00+00:00,682.5599976,683.460022,681.3099976,682.9899902,11127344
2025-12-10T15:30:00+00:00,682.9899902,683.8699951,681.4500122,683.7199707,7777586
2025-12-10T16:30:00+00:00,683.7199707,683.8400269,682.9500122,683.1400146,4298104
2025-12-10T17:30:00+00:00,683.1199951,684.2199707,682.7000122,682.8900146,4107732
2025-12-10T18:30:00+00:00,682.8800049,685.7399902,682.4450073,684.210022,11729116
2025-12-10T19:30:00+00:00,684.210022,688.8300171,683.3599854,688.1199951,21784541
2025-12-10T20:30:00+00:00,688.0999756,688.9699707,687.2199707,687.460022,13911490
2025-12-10T21:00:00+00:00,687.45,687.82,682.9321,687.55,0
2025-12-10T22:00:00+00:00,687.52,687.73,670.292,687.07,0
2025-12-10T23:00:00+00:00,687.04,687.57,686.29,686.5392,0
2025-12-11T09:00:00+00:00,683.35,683.51,682.4,683.15,0
2025-12-11T10:00:00+00:00,683.14,684.13,683.09,683.84,0
2025-12-11T11:00:00+00:00,683.93,684,683.5,683.88,0
2025-12-11T12:00:00+00:00,683.91,685.75,683.69,685.66,0
2025-12-11T13:00:00+00:00,685.67,687.57,681.26,685.3,0
2025-12-11T14:00:00+00:00,685.27,686.8,684.57,685.2,0
2025-12-11T14:30:00+00:00,685.1400146,686.7994995,682.164978,686.2600098,19263281
2025-12-11T15:30:00+00:00,686.2700195,686.4500122,684.0700073,684.6049805,8977768
2025-12-11T16:30:00+00:00,684.6099854,687.9099731,684.539978,687.3549805,9752576
2025-12-11T17:30:00+00:00,687.3499756,688.1900024,686.9799805,687.625,6497988
2025-12-11T18:30:00+00:00,687.6199951,688.789978,687.2999878,688.6799927,6957164
2025-12-11T19:30:00+00:00,688.6799927,689.25,688.4099731,688.4349976,8089376
2025-12-11T20:30:00+00:00,688.4400024,689.1799927,687.9899902,689.1500244,12663361
2025-12-11T21:00:00+00:00,689.14,691.24,687.5367,690.84,0
2025-12-11T22:00:00+00:00,690.87,691.04,688.76,689.215,0
2025-12-11T23:00:00+00:00,689.2,690,688.6687,688.78,0
2025-12-12T09:00:00+00:00,690.46,690.87,686.55,688.36,0
2025-12-12T10:00:00+00:00,688.37,688.83,687.82,688.23,0
2025-12-12T11:00:00+00:00,688.25,688.67,687.81,688.32,0
2025-12-12T12:00:00+00:00,688.29,688.7,687.55,688.35,0
2025-12-12T13:00:00+00:00,688.3,689.8872,687.575,688.79,0
2025-12-12T14:00:00+00:00,688.8,689.48,688.5695,688.99,0
2025-12-12T14:30:00+00:00,688.1699829,688.8800049,683.6300049,683.75,19275633
2025-12-12T15:30:00+00:00,683.75,685.6099854,679.7000122,681.2700195,22746495
2025-12-12T16:30:00+00:00,681.2700195,683.0200195,679.1743774,681.460022,11918381
2025-12-12T17:30:00+00:00,681.4400024,684.3400269,680.9450073,683.8800049,8285257
2025-12-12T18:30:00+00:00,683.8800049,683.9000244,681.210022,681.4749756,9756825
2025-12-12T19:30:00+00:00,681.4899902,682.5150146,681.0999756,681.3599854,10408461
2025-12-12T20:30:00+00:00,681.369873,681.8699951,680.0700073,681.7299805,15730297
2025-12-12T21:00:00+00:00,681.72,689.17,634.8682,681.97,0
2025-12-12T22:00:00+00:00,682,682.2,681.58,682,0
2025-12-12T23:00:00+00:00,682,682.18,681.58,681.95,0
2025-12-15T09:00:00+00:00,684.15,684.67,683.85,684.56,0
2025-12-15T10:00:00+00:00,684.56,685.18,684.48,685,0
2025-12-15T11:00:00+00:00,684.96,685.15,684.71,685,0
2025-12-15T12:00:00+00:00,684.99,685.26,684.45,684.6,0
2025-12-15T13:00:00+00:00,684.56,685.26,681.76,684.9907,0
2025-12-15T14:00:00+00:00,685.04,686.185,681.73,685.62,0
2025-12-15T14:30:00+00:00,685.7399902,685.7600098,679.25,679.8200073,22304440
2025-12-15T15:30:00+00:00,679.8200073,683.0599976,679.5900269,682.789978,12484020
2025-12-15T16:30:00+00:00,682.789978,682.9199829,680.1400146,680.6500244,10154049
2025-12-15T17:30:00+00:00,680.6500244,681.4500122,679.4199829,679.9799805,7961392
2025-12-15T18:30:00+00:00,679.9799805,681.5496826,679.6199951,680.8355103,7210052
2025-12-15T19:30:00+00:00,680.835022,681.7800293,680.4400024,681.0700073,9337382
2025-12-15T20:30:00+00:00,681.0900269,681.5999756,680.5499878,680.710022,13514049
2025-12-15T21:00:00+00:00,680.71,681.7809,680.55,681.05,0
2025-12-15T22:00:00+00:00,680.9711,681.25,680.7,681.0122,0
2025-12-15T23:00:00+00:00,681.09,681.4,679.91,680.4,0
2025-12-16T09:00:00+00:00,678.47,679.09,677.48,678.84,0
2025-12-16T10:00:00+00:00,678.86,679.19,677.72,679.13,0
2025-12-16T11:00:00+00:00,679.12,679.88,678.9,679.33,0
2025-12-16T12:00:00+00:00,679.47,680.85,679.22,680.54,0
2025-12-16T13:00:00+00:00,680.51,680.91,676.37,680.17,0
2025-12-16T14:00:00+00:00,680.35,682.22,679.23,679.89,0
2025-12-16T14:30:00+00:00,679.2299805,681.0800171,676.4400024,677.6900024,19976735
2025-12-16T15:30:00+00:00,677.710022,679.414978,676.8099976,677.1350098,11523369
2025-12-16T16:30:00+00:00,677.1400146,678.9400024,676.6099854,677.3800049,7290923
2025-12-16T17:30:00+00:00,677.3748169,678.2800293,674.9799805,675.5900269,9623314
2025-12-16T18:30:00+00:00,675.5900269,678.6099854,675.5599976,677.0499878,12513356
2025-12-16T19:30:00+00:00,677.039978,679.2600098,676.9299927,679.2000122,12746516
2025-12-16T20:30:00+00:00,679.1950073,680.5599976,678.8200073,678.8599854,17100812
2025-12-16T21:00:00+00:00,678.86,680.73,677.8295,678.14,0
2025-12-16T22:00:00+00:00,678.1922,678.87,678.0997,678.72,0
2025-12-16T23:00:00+00:00,678.3907,678.87,677.61,677.8987,0
2025-12-17T09:00:00+00:00,679,680.48,679,680.3,0
2025-12-17T10:00:00+00:00,680.32,681.34,680.19,681.14,0
2025-12-17T11:00:00+00:00,681.16,681.5,680.89,681.1,0
2025-12-17T12:00:00+00:00,681.07,681.5,681,681.05,0
2025-12-17T13:00:00+00:00,681.05,681.5,677.71,680.611,0
2025-12-17T14:00:00+00:00,680.61,681.34,678.87,680.28,0
2025-12-17T14:30:00+00:00,679.8900146,680.4349976,677.5999756,678.9299927,16424565
2025-12-17T15:30:00+00:00,678.9199829,679.1699829,673.4299927,674.6350098,16945959
2025-12-17T16:30:00+00:00,674.6300049,675.0499878,673.0700073,674.1500244,10352006
2025-12-17T17:30:00+00:00,674.1599731,675.0700073,673,673.3699951,7383565
2025-12-17T18:30:00+00:00,673.3599854,673.6199951,672.0549927,672.4699707,12013119
2025-12-17T19:30:00+00:00,672.460022,673.3200073,672.2199707,672.5200195,11349722
2025-12-17T20:30:00+00:00,672.5300293,673,671.1950073,671.2999878,17338523
2025-12-17T21:00:00+00:00,671.31,679.1137,627.1194,672.3,0
2025-12-17T22:00:00+00:00,672.37,672.66,652.8542,672.66,0
2025-12-17T23:00:00+00:00,672.66,672.87,671.4,671.8315,0
2025-12-18T09:00:00+00:00,673.05,673.76,673.05,673.61,0
2025-12-18T10:00:00+00:00,673.62,674.44,673.62,674.22,0
2025-12-18T11:00:00+00:00,674.2,674.67,674.01,674.52,0
2025-12-18T12:00:00+00:00,674.5,674.89,674.31,674.33,0
2025-12-18T13:00:00+00:00,674.32,674.8705,671.4,674.56,0
2025-12-18T14:00:00+00:00,674.67,677.58,671.4,677.16,0
2025-12-18T14:30:00+00:00,677.5999756,679.1099854,675.6900024,679.0100098,21870852
2025-12-18T15:30:00+00:00,679.0100098,680.7399902,678.6799927,679.7449951,11747647
2025-12-18T16:30:00+00:00,679.7399902,680.710022,674.9000244,675.7800293,15704315
2025-12-18T17:30:00+00:00,675.789978,679.0900269,675.4799805,678.8250122,10765981
2025-12-18T18:30:00+00:00,678.8300171,679.7000122,676.5900269,677.1500244,10761217
2025-12-18T19:30:00+00:00,677.1599731,677.8499756,675.3200073,677.6300049,12943641
2025-12-18T20:30:00+00:00,677.6199951,678.5499878,676.4099731,676.4799805,15842550
2025-12-18T21:00:00+00:00,676.48,677.71,671.4,675.95,0
2025-12-18T22:00:00+00:00,675.95,676.47,675.71,676.21,0
2025-12-18T23:00:00+00:00,676.17,676.59,675.61,676.57,0
2025-12-19T09:00:00+00:00,676.05,677.16,676.05,677.1,0
2025-12-19T10:00:00+00:00,677.12,677.27,676.45,676.99,0
2025-12-19T11:00:00+00:00,676.98,677.09,675.67,676.44,0
2025-12-19T12:00:00+00:00,676.45,676.67,675.54,676.06,0
2025-12-19T13:00:00+00:00,676.04,677.2807,674,675.43,0
2025-12-19T14:00:00+00:00,675.4,676.47,674.4766,675.93,0
2025-12-19T14:30:00+00:00,677,680.5200195,677,679.1900024,22687233
2025-12-19T15:30:00+00:00,679.1900024,680.2750244,678.5599976,680.1699829,16047353
2025-12-19T16:30:00+00:00,680.1900024,680.835022,679.3400269,680.6799927,7874450
2025-12-19T17:30:00+00:00,680.6900024,681.0900269,680.3099976,680.75,5717215
2025-12-19T18:30:00+00:00,680.7700195,680.8599854,680.1699829,680.6400146,5548129
2025-12-19T19:30:00+00:00,680.6400146,681,680.3400269,680.4849854,8902108
2025-12-19T20:30:00+00:00,680.4899902,680.7199707,679.6099854,680.5900269,19060706
2025-12-19T21:00:00+00:00,680.59,681.2,674.4766,681.03,0
2025-12-19T22:00:00+00:00,681.02,681.14,680.59,681.12,0
2025-12-19T23:00:00+00:00,681.1144,681.4,680.59,681.3,0
2025-12-22T09:00:00+00:00,681.5,682.95,681.5,682.88,0
2025-12-22T10:00:00+00:00,682.87,683.03,682.8,682.95,0
2025-12-22T11:00:00+00:00,682.95,683.18,682.85,683.08,0
2025-12-22T12:00:00+00:00,683.08,683.2,682.74,683.19,0
2025-12-22T13:00:00+00:00,683.15,683.71,680.59,683.61,0
2025-12-22T14:00:00+00:00,683.6102,684.01,680.59,683.83,0
2025-12-22T14:30:00+00:00,683.9400024,684.5300293,682.8900146,683.7700195,13029845
2025-12-22T15:30:00+00:00,683.7700195,684.9749756,682.6799927,684.6699829,8262077
2025-12-22T16:30:00+00:00,684.6699829,685.0800171,684.3599854,684.6500244,5587126
2025-12-22T17:30:00+00:00,684.6500244,685.3599854,684.3499756,684.7150269,5624705
2025-12-22T18:30:00+00:00,684.710022,684.9099731,684.2050171,684.7199707,4674469
2025-12-22T19:30:00+00:00,684.7299805,685.039978,684.664978,684.9249878,7868605
2025-12-22T20:30:00+00:00,684.9249878,685.1499023,684.6099854,684.789978,10787606
2025-12-22T21:00:00+00:00,684.8,686.04,680.5868,684.92,0
2025-12-22T22:00:00+00:00,684.92,684.97,637.3442,684.8,0
2025-12-22T23:00:00+00:00,684.83,685.16,684.7597,684.9385,0
2025-12-23T09:00:00+00:00,685.14,685.37,684.84,685.32,0
2025-12-23T10:00:00+00:00,685.3,685.57,685.1,685.28,0
2025-12-23T11:00:00+00:00,685.27,685.28,684.9,685.05,0
2025-12-23T12:00:00+00:00,685.04,685.17,684.49,684.54,0
2025-12-23T13:00:00+00:00,684.5,685.5702,684.17,684.61,0
2025-12-23T14:00:00+00:00,684.67,684.83,681.115,683.63,0
2025-12-23T14:30:00+00:00,683.9199829,686.25,683.8699951,685.2399902,12187789
2025-12-23T15:30:00+00:00,685.2399902,686.7399902,685.2302856,686.4920044,7944935
2025-12-23T16:30:00+00:00,686.4949951,687.2199707,686.3599854,687.0700073,6122132
2025-12-23T17:30:00+00:00,687.0599976,687.7299194,686.789978,687.5449829,7740008
2025-12-23T18:30:00+00:00,687.5499878,687.9199829,687.4949951,687.875,5558688
2025-12-23T19:30:00+00:00,687.8699951,688.0300293,687.710022,687.8499756,6907632
2025-12-23T20:30:00+00:00,687.8400269,688.2000122,687.6400146,687.9099731,9723868
2025-12-23T21:00:00+00:00,687.92,688.0965,684.83,687.7,0
2025-12-23T22:00:00+00:00,687.67,687.96,687.54,687.68,0
2025-12-23T23:00:00+00:00,687.68,687.96,687.43,687.56,0
2025-12-24T09:00:00+00:00,687.56,687.9,687.45,687.8,0
2025-12-24T10:00:00+00:00,687.8,687.825,687.53,687.67,0
2025-12-24T11:00:00+00:00,687.67,687.84,687.63,687.73,0
2025-12-24T12:00:00+00:00,687.73,688.14,687.63,687.94,0
2025-12-24T13:00:00+00:00,687.91,688.14,687.34,687.993,0
2025-12-24T14:00:00+00:00,687.96,688.34,687.96,688.2,0
2025-12-24T14:30:00+00:00,687.9699707,689.2150269,687.8900146,689.164978,8677272
2025-12-24T15:30:00+00:00,689.1599731,689.9799805,689.0125122,689.9650269,8460311
2025-12-24T16:30:00+00:00,689.9650269,690.6400146,689.8892212,690.5349731,9221080
2025-12-24T18:00:00+00:00,690.5349731,690.8300171,687.960022,690.0999756,0
2025-12-24T19:00:00+00:00,690.0701,690.2,670.292,690.0597,0
2025-12-24T20:00:00+00:00,690.0597,690.38,689.75,689.885,0
2025-12-24T21:00:00+00:00,689.885,689.9045,689.545,689.56,0
2025-12-26T09:00:00+00:00,690.34,690.39,689.82,690.19,0
2025-12-26T10:00:00+00:00,690.16,690.54,690.1,690.39,0
2025-12-26T11:00:00+00:00,690.39,690.49,690.18,690.18,0
2025-12-26T12:00:00+00:00,690.18,690.4,689.89,690.33,0
2025-12-26T13:00:00+00:00,690.34,690.58,689.83,690.3992,0
2025-12-26T14:00:00+00:00,690.38,690.83,690.37,690.65,0
2025-12-26T14:30:00+00:00,690.6400146,691.6599731,689.6500244,690.7349854,10246012
2025-12-26T15:30:00+00:00,690.7299805,691.0001221,689.800415,690.2640991,4972002
2025-12-26T16:30:00+00:00,690.2700195,690.3300171,689.3900146,690.1400146,4563206
2025-12-26T17:30:00+00:00,690.1300049,690.2000122,689.2700195,689.6970825,3437156
2025-12-26T18:30:00+00:00,689.6900024,690.460022,689.6500244,690.0418091,3251625
2025-12-26T19:30:00+00:00,690.039978,690.3400269,690.0374756,690.2000122,3663077
2025-12-26T20:30:00+00:00,690.2000122,690.5,690.0050049,690.2449951,7795770
2025-12-26T21:00:00+00:00,690.25,690.38,689.93,689.98,0
2025-12-26T22:00:00+00:00,689.99,690.31,689.9601,690.055,0
2025-12-26T23:00:00+00:00,690.1,690.31,690.01,690.1,0
2025-12-29T09:00:00+00:00,690.32,690.32,687.47,688.94,0
2025-12-29T10:00:00+00:00,688.9,689.11,688.37,688.88,0
2025-12-29T11:00:00+00:00,688.85,688.92,688.43,688.6,0
2025-12-29T12:00:00+00:00,688.56,689.09,688.56,688.75,0
2025-12-29T13:00:00+00:00,688.74,690.31,688.04,688.36,0
2025-12-29T14:00:00+00:00,688.37,690.31,687.01,687.435,0
2025-12-29T14:30:00+00:00,687.539978,689.2000122,686.8200073,687.9500122,12114641
2025-12-29T15:30:00+00:00,687.9400024,688.4000244,686.8900146,687.1699219,6092188
2025-12-29T16:30:00+00:00,687.1599731,687.4899902,686.0700073,686.2700195,4581457
2025-12-29T17:30:00+00:00,686.2700195,687.5449829,686.1799927,687.3300171,4433719
2025-12-29T18:30:00+00:00,687.3300171,687.8900146,686.8699951,687.460022,6619852
2025-12-29T19:30:00+00:00,687.4500122,688.6199951,687.4299927,688.1799927,8718647
2025-12-29T20:30:00+00:00,688.1799927,688.4050293,687.4000244,687.8400269,10933805
2025-12-29T21:00:00+00:00,687.84,690.31,687.54,687.97,0
2025-12-29T22:00:00+00:00,687.9734,688.05,643.2925,687.955,0
2025-12-29T23:00:00+00:00,687.96,688,687.4,687.445,0
2025-12-30T09:00:00+00:00,687.74,688.12,687.52,688.1,0
2025-12-30T10:00:00+00:00,688.11,688.14,687.77,687.94,0
2025-12-30T11:00:00+00:00,687.91,687.98,687.18,687.27,0
2025-12-30T12:00:00+00:00,687.31,688.13,687.24,687.81,0
2025-12-30T13:00:00+00:00,687.79,688.16,686.9,687.82,0
2025-12-30T14:00:00+00:00,687.81,687.85,687.32,687.735,0
2025-12-30T14:30:00+00:00,687.4450073,688.5300293,686.75,686.9400024,8605653
2025-12-30T15:30:00+00:00,686.9400024,688.5549927,686.5800171,688.2471924,5508735
2025-12-30T16:30:00+00:00,688.2399902,688.2700195,686.8699951,687.3800049,4807723
2025-12-30T17:30:00+00:00,687.3800049,687.789978,687.1950073,687.7692261,3040908
2025-12-30T18:30:00+00:00,687.7600098,687.9299927,687.4199829,687.8099976,3828776
2025-12-30T19:30:00+00:00,687.8099976,687.9400024,687.039978,687.5100098,5273226
2025-12-30T20:30:00+00:00,687.5100098,687.8150024,686.7000122,686.9400024,9624890
2025-12-30T21:00:00+00:00,686.95,687.85,686.77,686.99,0
2025-12-30T22:00:00+00:00,686.99,687.03,686.9007,686.98,0
2025-12-30T23:00:00+00:00,687,687.2241,686.3892,686.69,0
2025-12-31T09:00:00+00:00,686.78,687.01,685,685.28,0
2025-12-31T10:00:00+00:00,685.26,685.45,685.01,685.43,0
2025-12-31T11:00:00+00:00,685.42,685.71,685.28,685.67,0
2025-12-31T12:00:00+00:00,685.67,686.29,685.63,686.22,0
2025-12-31T13:00:00+00:00,686.25,687.01,685,686.62,0
2025-12-31T14:00:00+00:00,686.56,687.77,686.4,687.445,0
2025-12-31T14:30:00+00:00,687.1400146,687.3599854,684.914978,685.5499878,12803603
2025-12-31T15:30:00+00:00,685.539978,685.6550293,684.1799927,685.1199951,8652906
2025-12-31T16:30:00+00:00,685.125,685.4299927,684.6099854,685,4271595
2025-12-31T17:30:00+00:00,684.9899902,685.3900146,684.6500244,685.369812,3510160
2025-12-31T18:30:00+00:00,685.3687744,686.2399902,685.0100098,685.0349731,5504462
2025-12-31T19:30:00+00:00,685.039978,685.1400146,682.5449829,682.7199707,11346649
2025-12-31T20:30:00+00:00,682.7199707,683.7199707,681.710022,681.8400269,15154711
2025-12-31T21:00:00+00:00,681.85,687.01,652.8542,682.1015,0
2025-12-31T22:00:00+00:00,682.11,682.69,652.8542,682.67,0
2025-12-31T23:00:00+00:00,682.67,682.9,682.65,682.69,0
2026-01-02T09:00:00+00:00,685.32,686.64,683.82,686.57,0
2026-01-02T10:00:00+00:00,686.57,686.72,686.2,686.24,0
2026-01-02T11:00:00+00:00,686.21,686.69,686.01,686.18,0
2026-01-02T12:00:00+00:00,686.15,686.39,685.69,685.95,0
2026-01-02T13:00:00+00:00,685.99,686.7205,681.92,685.77,0
2026-01-02T14:00:00+00:00,685.7604,686.06,681.92,685.62,0
2026-01-02T14:30:00+00:00,685.710022,686.8699951,681.5800171,682.4500122,22024812
2026-01-02T15:30:00+00:00,682.4500122,684.5900269,680.4199829,681.8099976,15081293
2026-01-02T16:30:00+00:00,681.8099976,682.6500244,680.2800293,682.4500122,9496215
2026-01-02T17:30:00+00:00,682.4500122,682.8009033,680.6400146,680.9799805,5768502
2026-01-02T18:30:00+00:00,680.9799805,683.1199951,679.8200073,682.9500122,8908894
2026-01-02T19:30:00+00:00,682.9400024,683.9500122,682.8499756,683.2399902,10091724
2026-01-02T20:30:00+00:00,683.2399902,683.4199829,682.0700073,683.1699829,10922434
2026-01-02T21:00:00+00:00,683.17,683.6512,681.92,683.15,0
2026-01-02T22:00:00+00:00,683.134,683.23,682.58,682.6725,0
2026-01-02T23:00:00+00:00,682.78,682.9,682.575,682.699,0
2026-01-05T09:00:00+00:00,684.25,685.17,684.25,684.42,0
2026-01-05T10:00:00+00:00,684.33,685.3,684.33,685.07,0
2026-01-05T11:00:00+00:00,685.04,685.39,684.9,685.07,0
2026-01-05T12:00:00+00:00,685.06,685.7,685.05,685.14,0
2026-01-05T13:00:00+00:00,685.15,685.7016,683.17,684.56,0
2026-01-05T14:00:00+00:00,684.55,686.2,683.17,686.021,0
2026-01-05T14:30:00+00:00,686.539978,688.6099854,686.375,688.5255737,17690747
2026-01-05T15:30:00+00:00,688.5200195,688.8699951,687.960022,688.6400146,8881663
2026-01-05T16:30:00+00:00,688.6300049,689.4299927,688.210022,688.3499756,9198931
2026-01-05T17:30:00+00:00,688.3599243,688.789978,687.6500244,688.3800049,5357998
2026-01-05T18:30:00+00:00,688.3599854,688.7750244,688.1300049,688.1849976,4605157
2026-01-05T19:30:00+00:00,688.1900024,688.2999268,687.289978,687.9660034,7410427
2026-01-05T20:30:00+00:00,687.9650269,688.1199951,687.1599731,687.7299805,11627152
2026-01-05T21:00:00+00:00,687.74,687.9764,683.2547,687.49,0
2026-01-05T22:00:00+00:00,687.5,688.1,642.8257,687.8302,0
2026-01-05T23:00:00+00:00,687.83,687.9482,687.32,687.35,0
2026-01-06T09:00:00+00:00,686.95,687.38,686.89,687.04,0
2026-01-06T10:00:00+00:00,687.01,687.72,686.88,687.22,0
2026-01-06T11:00:00+00:00,687.27,687.58,687.21,687.36,0
2026-01-06T12:00:00+00:00,687.38,687.7,687.19,687.67,0
2026-01-06T13:00:00+00:00,687.67,689.08,686.44,687.755,0
2026-01-06T14:00:00+00:00,687.76,687.98,682.74,687.5,0
2026-01-06T14:30:00+00:00,688.4000244,690.7999268,687.7800293,690.5349731,15428086
2026-01-06T15:30:00+00:00,690.5549927,690.5549927,688.4299927,689.0449829,11035064
2026-01-06T16:30:00+00:00,689.0499878,690.5700073,688.7366943,690.4699707,7558938
2026-01-06T17:30:00+00:00,690.6300049,691.2000122,690.539978,690.8701782,6040112
2026-01-06T18:30:00+00:00,690.8800049,692.1199951,690.6771851,691.9400024,6055939
2026-01-06T19:30:00+00:00,691.947998,692.2399902,691.8200073,692.0200195,6275086
2026-01-06T20:30:00+00:00,691.9500122,692.3150024,691.9450073,692.0499878,6950872
2026-01-06T21:00:00+00:00,691.98,692.13,687.6458,692.03,0
2026-01-06T22:00:00+00:00,692.059,692.1,687.86,692.049,0
2026-01-06T23:00:00+00:00,692.05,692.32,691.84,691.84,0
2026-01-07T09:00:00+00:00,691.85,691.85,690,691.13,0
2026-01-07T10:00:00+00:00,691.15,691.44,690.91,690.91,0
2026-01-07T11:00:00+00:00,690.92,691.34,690.83,691.18,0
2026-01-07T12:00:00+00:00,691.2,691.76,691.12,691.68,0
2026-01-07T13:00:00+00:00,691.68,691.95,690.8628,691.935,0
2026-01-07T14:00:00+00:00,691.945,692.29,691.79,691.94,0
2026-01-07T14:30:00+00:00,692.1900024,693.0900269,691.0999756,691.6719971,13653189
2026-01-07T15:30:00+00:00,691.6699829,692.8250122,690.960022,692.25,8989617
2026-01-07T16:30:00+00:00,692.25,693.960022,692.1682739,693.6596069,7032465
2026-01-07T17:30:00+00:00,693.6599731,693.789978,692.039978,692.1300049,7415072
2026-01-07T18:30:00+00:00,692.1300049,693.1450195,691.4500122,691.6799927,8556842
2026-01-07T19:30:00+00:00,691.6799927,692.1599731,690.1174927,690.3599854,11097844
2026-01-07T20:30:00+00:00,690.3599854,690.3699951,689.3200073,689.5900269,13656213
2026-01-07T21:00:00+00:00,689.59,691.9068,676.47,690.03,0
2026-01-07T22:00:00+00:00,690.02,692.17,670.292,689.95,0
2026-01-07T23:00:00+00:00,689.93,690.24,689.7,689.755,0
2026-01-08T09:00:00+00:00,689.35,689.35,688.35,688.5,0
2026-01-08T10:00:00+00:00,688.45,688.52,687.9,687.97,0
2026-01-08T11:00:00+00:00,687.93,688.78,687.92,688.6,0
2026-01-08T12:00:00+00:00,688.55,688.73,687.83,688.53,0
2026-01-08T13:00:00+00:00,688.51,689.58,686.96,689.17,0
2026-01-08T14:00:00+00:00,689.095,689.58,688.71,688.98,0
2026-01-08T14:30:00+00:00,688.6099854,690.0200195,687.4899902,689.6300049,17217806
2026-01-08T15:30:00+00:00,689.6500244,689.9749756,688.5100098,689.0800171,9738248
2026-01-08T16:30:00+00:00,689.0800171,690.085022,688.4400024,689.3499756,6230622
2026-01-08T17:30:00+00:00,689.3499756,690.6149902,688.789978,689.5,6161020
2026-01-08T18:30:00+00:00,689.5,689.8049927,688.2800293,688.9199829,5132226
2026-01-08T19:30:00+00:00,688.9299927,689.6500244,688.5700073,689.5750122,5882136
2026-01-08T20:30:00+00:00,689.5700073,690.0549927,689.2550049,689.4400024,8616130
2026-01-08T21:00:00+00:00,689.45,691.09,689.45,690.435,0
2026-01-08T22:00:00+00:00,690.4699,690.84,689.51,690.64,0
2026-01-08T23:00:00+00:00,690.61,690.7007,689.63,689.79,0
2026-01-09T09:00:00+00:00,689.69,689.99,689.36,689.97,0
2026-01-09T10:00:00+00:00,690,690.54,689.99,690.42,0
2026-01-09T11:00:00+00:00,690.46,690.69,690.2,690.66,0
2026-01-09T12:00:00+00:00,690.65,690.94,690.23,690.31,0
2026-01-09T13:00:00+00:00,690.32,691.28,689.2637,691.15,0
2026-01-09T14:00:00+00:00,691.2,692.51,689.51,691.579,0
2026-01-09T14:30:00+00:00,690.6300049,693.3400269,689.1799927,693.125,19427672
2026-01-09T15:30:00+00:00,693.1300049,693.6500244,691.2800293,692.8599243,11466967
2026-01-09T16:30:00+00:00,692.8499756,694.3800049,692.5449829,694.2199707,6532700
2026-01-09T17:30:00+00:00,694.2299805,694.5,693.3599854,693.8699951,5096515
2026-01-09T18:30:00+00:00,693.8699951,694.8898926,693.8549805,694.8099976,5156678
2026-01-09T19:30:00+00:00,694.8049927,695.3099976,694.710022,695.0250244,6801736
2026-01-09T20:30:00+00:00,695.0200195,695.1199951,693.9000244,693.9899902,11622656
2026-01-09T21:00:00+00:00,694.03,694.13,689.6022,693.9812,0
2026-01-09T22:00:00+00:00,694.015,694.15,693.8,694.11,0
2026-01-09T23:00:00+00:00,694.13,694.56,694.055,694.325,0
2026-01-12T09:00:00+00:00,689.02,689.54,688.97,689.06,0
2026-01-12T10:00:00+00:00,689.07,689.63,688.88,689.59,0
2026-01-12T11:00:00+00:00,689.57,690.2,689.45,689.97,0
2026-01-12T12:00:00+00:00,689.94,690.52,689.74,690.36,0
2026-01-12T13:00:00+00:00,690.34,694.07,688.7395,690.645,0
2026-01-12T14:00:00+00:00,690.66,694.07,690.27,690.58,0
2026-01-12T14:30:00+00:00,690.6799927,693.9000244,690.6300049,693.5700073,16933046
2026-01-12T15:30:00+00:00,693.5650024,694.6799927,692.960022,694.2299805,8829257
2026-01-12T16:30:00+00:00,694.2399902,694.8599854,694.0700073,694.5349731,5580694
2026-01-12T17:30:00+00:00,694.5300293,695.2000122,694.1699829,695.125,4640824
2026-01-12T18:30:00+00:00,695.125,695.460022,694.9299927,695.3200073,5526132
2026-01-12T19:30:00+00:00,695.3200073,696.0900269,695.1799927,695.3200073,8009495
2026-01-12T20:30:00+00:00,695.3200073,695.7399902,695.1400146,695.1599731,9235078
2026-01-12T21:00:00+00:00,695.155,695.465,694.1236,694.75,0
2026-01-12T22:00:00+00:00,694.734,695.2,694.73,695.095,0
2026-01-12T23:00:00+00:00,695.095,695.095,694.21,694.22,0
2026-01-13T09:00:00+00:00,694.78,695.08,694.31,694.8,0
2026-01-13T10:00:00+00:00,694.8,694.83,694,694.2,0
2026-01-13T11:00:00+00:00,694.21,694.49,694.16,694.39,0
2026-01-13T12:00:00+00:00,694.38,694.83,694.15,694.79,0
2026-01-13T13:00:00+00:00,694.76,695.16,694.0195,694.418,0
2026-01-13T14:00:00+00:00,694.45,697.3,694.25,696.055,0
2026-01-13T14:30:00+00:00,695.4899902,696.0900269,692.0900269,692.7299805,18683093
2026-01-13T15:30:00+00:00,692.7199707,694.2800903,692.4099731,693.5,8468025
2026-01-13T16:30:00+00:00,693.4801025,695.2000122,693.25,694.5599976,7317037
2026-01-13T17:30:00+00:00,694.5499878,694.7150269,692.4199829,692.9199829,7905172
2026-01-13T18:30:00+00:00,692.9099731,693.6500244,692.2299805,693.0100098,6934521
2026-01-13T19:30:00+00:00,693.0050049,693.2050171,691.9400024,692,8109469
2026-01-13T20:30:00+00:00,692,693.960022,691.3499756,693.75,13007191
2026-01-13T21:00:00+00:00,693.75,695.2283,691.81,693.6,0
2026-01-13T22:00:00+00:00,693.52,693.78,693.1,693.53,0
2026-01-13T23:00:00+00:00,693.52,693.76,693.29,693.3792,0
2026-01-14T09:00:00+00:00,693.05,693.19,692.5,692.95,0
2026-01-14T10:00:00+00:00,693,693.04,691.3,691.51,0
2026-01-14T11:00:00+00:00,691.53,691.58,690.48,691.4,0
2026-01-14T12:00:00+00:00,691.42,691.79,690.23,691.65,0
2026-01-14T13:00:00+00:00,691.64,693.77,690.259,691.59,0
2026-01-14T14:00:00+00:00,691.72,693.65,660.08,691.03,0
2026-01-14T14:30:00+00:00,691,691.7199707,687.6799927,688.7600098,20382132
2026-01-14T15:30:00+00:00,688.75,689.3300171,686.5100098,689.1500244,11915345
2026-01-14T16:30:00+00:00,689.1599731,689.4699707,686.039978,687.0999146,9202634
2026-01-14T17:30:00+00:00,687.0900269,687.6500244,686.1900024,687.5999756,6027883
2026-01-14T18:30:00+00:00,687.5900269,688.3150024,686.2600098,688.125,7396495
2026-01-14T19:30:00+00:00,688.1300049,689.6900024,687.3200073,689.1500244,12640312
2026-01-14T20:30:00+00:00,689.1500244,690.6400146,688.6199951,690.4400024,17846095
2026-01-14T21:00:00+00:00,690.43,693.8932,652.8542,689.69,0
2026-01-14T22:00:00+00:00,689.64,690.36,652.8542,689.52,0
2026-01-14T23:00:00+00:00,689.51,689.7512,688.639,689.61,0
2026-01-15T09:00:00+00:00,689.97,692.67,689.97,692.59,0
2026-01-15T10:00:00+00:00,692.6,693.02,692.46,692.59,0
2026-01-15T11:00:00+00:00,692.58,693.13,692.56,692.88,0
2026-01-15T12:00:00+00:00,692.84,693.2,692.5,692.74,0
2026-01-15T13:00:00+00:00,692.77,693.47,689.5,693.31,0
2026-01-15T14:00:00+00:00,693.27,694.13,690.36,693.76,0
2026-01-15T14:30:00+00:00,694.5700073,694.7199707,693.1799927,693.9400024,16604969
2026-01-15T15:30:00+00:00,693.9400024,695.1599731,692.9899902,694.8150024,11678206
2026-01-15T16:30:00+00:00,694.8099976,695.4500122,694.3900146,694.4500122,5724898
2026-01-15T17:30:00+00:00,694.4500122,695.0198975,693.8800049,694.8850098,5880426
2026-01-15T18:30:00+00:00,694.8800049,695.25,693.5200195,693.6099854,5756852
2026-01-15T19:30:00+00:00,693.6099854,693.7376099,691.2907104,691.8300171,11933094
2026-01-15T20:30:00+00:00,691.835022,692.25,691.25,692.1699829,11896527
2026-01-15T21:00:00+00:00,692.18,692.29,690.2107,692.1095,0
2026-01-15T22:00:00+00:00,692.1,692.45,692.05,692.28,0
2026-01-15T23:00:00+00:00,692.24,692.8,692.01,692.68,0
2026-01-16T09:00:00+00:00,692.98,694.49,692.98,694.49,0
2026-01-16T10:00:00+00:00,694.46,694.49,693.79,694.2,0
2026-01-16T11:00:00+00:00,694.21,694.45,694.05,694.4,0
2026-01-16T12:00:00+00:00,694.44,694.45,693,693.38,0
2026-01-16T13:00:00+00:00,693.39,694.7,692.24,693.33,0
2026-01-16T14:00:00+00:00,693.35,694.31,692.24,693.2807,0
2026-01-16T14:30:00+00:00,693.6599731,694.25,691.5,691.6500244,16270008
2026-01-16T15:30:00+00:00,691.6500244,692.8200073,690.0999756,692.7150269,17699419
2026-01-16T16:30:00+00:00,692.7199707,693.4699707,692.1300049,692.5200195,6174487
2026-01-16T17:30:00+00:00,692.5200195,693.2000122,691.8200073,693,4286971
2026-01-16T18:30:00+00:00,693,693.710022,691.960022,692.039978,6259041
2026-01-16T19:30:00+00:00,692.0499878,693,692.0100098,692.1550293,6434439
2026-01-16T20:30:00+00:00,692.1500244,692.4885254,691.4699707,691.5800171,11404537
2026-01-16T21:00:00+00:00,691.6,693.65,691.33,691.735,0
2026-01-16T22:00:00+00:00,691.74,693.6164,691.3,691.6589,0
2026-01-16T23:00:00+00:00,691.66,692,691.3304,691.8006,0
2026-01-20T09:00:00+00:00,680.68,685.86,679.66,679.76,0
2026-01-20T10:00:00+00:00,679.76,681.11,679.05,680.95,0
2026-01-20T11:00:00+00:00,680.97,681.71,680.38,681.13,0
2026-01-20T12:00:00+00:00,681.15,682.25,680.76,681.85,0
2026-01-20T13:00:00+00:00,681.83,691.66,679.0595,682.03,0
2026-01-20T14:00:00+00:00,682.005,691.66,680.35,681.16,0
2026-01-20T14:30:00+00:00,681.4899902,684.0100098,680.9099731,683.8787842,28889272
2026-01-20T15:30:00+00:00,683.8499756,684.5599976,682.5800171,683.8400269,13556006
2026-01-20T16:30:00+00:00,683.8300171,684.3449707,682.1199951,682.3950195,8575558
2026-01-20T17:30:00+00:00,682.3900146,682.3900146,680.2249756,680.289978,8949295
2026-01-20T18:30:00+00:00,680.2800293,680.4199829,677.6900024,678.039978,11395012
2026-01-20T19:30:00+00:00,678.039978,678.4799805,676.9299927,677.3900146,13591563
2026-01-20T20:30:00+00:00,677.4000244,677.7399902,676.5700073,677.6099854,17216868
2026-01-20T21:00:00+00:00,677.63,691.6085,676.855,677.98,0
2026-01-20T22:00:00+00:00,677.9702,678.3,635.6794,678.14,0
2026-01-20T23:00:00+00:00,678.149,678.67,677.21,677.5307,0
2026-01-21T09:00:00+00:00,679.61,680,679.17,679.37,0
2026-01-21T10:00:00+00:00,679.31,679.36,677.92,679,0
2026-01-21T11:00:00+00:00,679.03,679.27,678.26,678.33,0
2026-01-21T12:00:00+00:00,678.31,678.51,676.05,676.89,0
2026-01-21T13:00:00+00:00,676.89,680.0975,675.88,676.56,0
2026-01-21T14:00:00+00:00,676.559,680.18,676,679.77,0
2026-01-21T14:30:00+00:00,679.6500244,683.4199829,678.9699707,683.0200195,24100585
2026-01-21T15:30:00+00:00,683.0200195,685.1300049,682.9400024,684.2299805,10931682
2026-01-21T16:30:00+00:00,684.25,684.2999878,678.1300049,679.8499756,17657036
2026-01-21T17:30:00+00:00,679.8649902,680.9699707,678.6300049,679.5999146,9215598
2026-01-21T18:30:00+00:00,680.7800293,685.0200195,679.7199707,684.4099731,12041018
2026-01-21T19:30:00+00:00,684.4099731,688.7349854,684.3300171,685.3549805,26279102
2026-01-21T20:30:00+00:00,685.3499756,686.1599731,684.6300049,685.3300171,16023085
2026-01-21T21:00:00+00:00,685.32,686.18,677.3643,685.78,0
2026-01-21T22:00:00+00:00,685.675,686.22,685.2117,686.16,0
2026-01-21T23:00:00+00:00,686.12,687.08,670.292,686.66,0
2026-01-22T09:00:00+00:00,687.22,689.85,687.22,689.4,0
2026-01-22T10:00:00+00:00,689.4,689.86,688.89,689.28,0
2026-01-22T11:00:00+00:00,689.3,689.74,688.74,689.16,0
2026-01-22T12:00:00+00:00,689.13,689.56,688.45,688.87,0
2026-01-22T13:00:00+00:00,688.83,689.8773,685.4,689.24,0
2026-01-22T14:00:00+00:00,689.24,690.07,685.4,689.73,0
2026-01-22T14:30:00+00:00,689.8300171,690.6699829,686.9199829,688.4400024,20543983
2026-01-22T15:30:00+00:00,688.460022,690.046875,688.0499878,689.7999878,7734971
2026-01-22T16:30:00+00:00,689.7999878,690.5579834,689.4050293,690.2299805,5491471
2026-01-22T17:30:00+00:00,690.2399902,691.125,690.2399902,690.4500122,4945048
2026-01-22T18:30:00+00:00,690.4400024,690.960022,689.8300171,690.6599731,6287961
2026-01-22T19:30:00+00:00,690.6599731,690.7349854,688.1300049,688.1599731,10201841
2026-01-22T20:30:00+00:00,688.1599731,689.0449829,687.5949707,688.9299927,10384480
2026-01-22T21:00:00+00:00,688.93,689.18,685.2159,688.31,0
2026-01-22T22:00:00+00:00,688.16,688.98,688.16,688.35,0
2026-01-22T23:00:00+00:00,688.2825,688.98,687.7502,688.5198,0
2026-01-23T09:00:00+00:00,690.39,690.39,688.3,688.52,0
2026-01-23T10:00:00+00:00,688.53,688.54,687.22,687.48,0
2026-01-23T11:00:00+00:00,687.5,688.85,687.24,688.85,0
2026-01-23T12:00:00+00:00,688.82,689.02,687.84,688.39,0
2026-01-23T13:00:00+00:00,688.35,690.9367,687.2292,687.46,0
2026-01-23T14:00:00+00:00,687.46,688.98,687.121,687.39,0
2026-01-23T14:30:00+00:00,688.1500244,689.8500977,687.1599731,689.3250122,13731061
2026-01-23T15:30:00+00:00,689.3200073,690.960022,689.210022,690.0700073,7187182
2026-01-23T16:30:00+00:00,690.0599976,690.6149902,689.3499756,690.1900024,5777942
2026-01-23T17:30:00+00:00,690.197998,690.2800293,687.7299805,688.9199829,7547017
2026-01-23T18:30:00+00:00,688.9400024,690.1995239,688.3699951,689.5479126,5739657
2026-01-23T19:30:00+00:00,689.5499878,689.8599854,688.5100098,688.8449707,7065877
2026-01-23T20:30:00+00:00,688.8400269,689.6099854,688.5499878,689.1799927,8774460
2026-01-23T21:00:00+00:00,689.18,689.2552,687.9,688.045,0
2026-01-23T22:00:00+00:00,688.05,689.23,687.85,688.15,0
2026-01-23T23:00:00+00:00,688.175,688.4,688.15,688.3,0
2026-01-26T09:00:00+00:00,688.62,689.74,687.91,689.08,0
2026-01-26T10:00:00+00:00,689.08,689.11,686.97,688.14,0
2026-01-26T11:00:00+00:00,688.13,688.58,687.98,688.12,0
2026-01-26T12:00:00+00:00,688.12,689.2,687.99,688.81,0
2026-01-26T13:00:00+00:00,688.821,689.7182,686.948,689.09,0
2026-01-26T14:00:00+00:00,689.14,690.24,688.5,689.9628,0
2026-01-26T14:30:00+00:00,690.4899902,693.4000244,689.9199829,692.5499878,14084682
2026-01-26T15:30:00+00:00,692.539978,693.3388062,692.2299805,693.1099854,6812668
2026-01-26T16:30:00+00:00,693.1099854,693.7098999,692.7750244,693.5068359,4272281
2026-01-26T17:30:00+00:00,693.5,693.8699951,692.9000244,693.789978,4213354
2026-01-26T18:30:00+00:00,693.7800293,694.1300049,693.3300171,693.8200073,4543032
2026-01-26T19:30:00+00:00,693.8250122,694,693.4199829,693.5700073,6435837
2026-01-26T20:30:00+00:00,693.5750122,693.8699951,692.6199951,692.710022,12200951
2026-01-26T21:00:00+00:00,692.71,692.95,689.2534,692.4005,0
2026-01-26T22:00:00+00:00,692.4282,692.73,692.2,692.31,0
2026-01-26T23:00:00+00:00,692.32,692.99,691.8797,692.72,0
2026-01-27T09:00:00+00:00,694,694.68,694,694.44,0
2026-01-27T10:00:00+00:00,694.41,694.65,694.19,694.62,0
2026-01-27T11:00:00+00:00,694.6,694.72,694.42,694.56,0
2026-01-27T12:00:00+00:00,694.58,695.08,694.23,694.25,0
2026-01-27T13:00:00+00:00,694.32,695.3,692.73,694.42,0
2026-01-27T14:00:00+00:00,694.38,694.62,692.73,694.19,0
2026-01-27T14:30:00+00:00,694.1799927,695.4799805,693.5700073,694.7800293,11203436
2026-01-27T15:30:00+00:00,694.7700195,696.4799805,694.7150269,696.1900024,6980211
2026-01-27T16:30:00+00:00,696.1900024,696.5300293,695.3800049,695.9732056,6581409
2026-01-27T17:30:00+00:00,695.9849854,696.0800171,694.9099731,695.7949829,4603971
2026-01-27T18:30:00+00:00,695.7999878,696.210022,695.710022,696.1699829,3684240
2026-01-27T19:30:00+00:00,696.1699829,696.4000244,695.9400024,695.9998779,4962000
2026-01-27T20:30:00+00:00,695.9899902,696.1799927,695.4000244,695.539978,8812154
2026-01-27T21:00:00+00:00,695.55,695.8502,653.0054,695.63,0
2026-01-27T22:00:00+00:00,695.61,695.85,653.0054,695.775,0
2026-01-27T23:00:00+00:00,695.72,696.1605,695.62,695.93,0
2026-01-28T09:00:00+00:00,697.74,697.88,697,697.57,0
2026-01-28T10:00:00+00:00,697.55,698.1,697.44,697.88,0
2026-01-28T11:00:00+00:00,697.92,698.35,697.65,698.1,0
2026-01-28T12:00:00+00:00,698.09,698.24,697,697.27,0
2026-01-28T13:00:00+00:00,697.29,698.96,695.49,696.85,0
2026-01-28T14:00:00+00:00,696.84,697.1,696.56,696.6902,0
2026-01-28T14:30:00+00:00,697.0499878,697.8400269,696.0300293,696.513916,13475520
2026-01-28T15:30:00+00:00,696.5200195,696.789978,695.4500122,696.1242065,5688315
2026-01-28T16:30:00+00:00,696.1199951,696.1199951,694.4949951,694.8549805,6106672
2026-01-28T17:30:00+00:00,694.835022,695.4349976,694.5200195,695.1500244,3896462
2026-01-28T18:30:00+00:00,695.1599731,695.6499023,694.0460205,694.1799927,5280997
2026-01-28T19:30:00+00:00,694.1799927,696.2849731,693.9400024,695.4500122,9796888
2026-01-28T20:30:00+00:00,695.4400024,696.1350098,694.75,695.4299927,10699648
2026-01-28T21:00:00+00:00,695.42,697.05,692.4,696.4,0
2026-01-28T22:00:00+00:00,696.39,696.87,652.8542,696.6857,0
2026-01-28T23:00:00+00:00,696.75,696.9,694.216,694.3887,0
2026-01-29T09:00:00+00:00,696.75,697.75,696.75,697.35,0
2026-01-29T10:00:00+00:00,697.46,697.7,696.61,697.03,0
2026-01-29T11:00:00+00:00,696.99,697.1,695.91,696.62,0
2026-01-29T12:00:00+00:00,696.62,697.21,696.52,697.09,0
2026-01-29T13:00:00+00:00,697.09,697.76,695.42,696.855,0
2026-01-29T14:00:00+00:00,696.81,697.49,695.42,696.24,0
2026-01-29T14:30:00+00:00,696.3900146,697.0599976,688.8599854,688.9699707,22893046
2026-01-29T15:30:00+00:00,688.9699707,689.3099976,684.8300171,687.9099731,19319526
2026-01-29T16:30:00+00:00,687.9099731,691.3599854,687.8200073,691.0300903,9854698
2026-01-29T17:30:00+00:00,691.0200195,691.6749878,688.710022,690.9699707,8639779
2026-01-29T18:30:00+00:00,690.9799805,692.210022,690.1900024,692.0700073,8207290
2026-01-29T19:30:00+00:00,692.0700073,692.2249756,691.0449829,691.5700073,7986423
2026-01-29T20:30:00+00:00,691.5800171,694.789978,691.3900146,693.9699707,13376707
2026-01-29T21:00:00+00:00,693.97,695.483,693.43,693.91,0
2026-01-29T22:00:00+00:00,693.95,694.5,693.87,694.17,0
2026-01-29T23:00:00+00:00,694.14,694.39,691.61,693.5987,0
2026-01-30T09:00:00+00:00,690.79,691.79,688.2,688.45,0
2026-01-30T10:00:00+00:00,688.53,688.82,687.04,688.48,0
2026-01-30T11:00:00+00:00,688.64,690.51,688.64,690.5,0
2026-01-30T12:00:00+00:00,690.5,692.77,690.25,691.75,0
2026-01-30T13:00:00+00:00,691.74,694.04,687.06,691.63,0
2026-01-30T14:00:00+00:00,691.45,696.6,690.01,691.57,0
2026-01-30T14:30:00+00:00,691.789978,694.0499878,691.2219849,693.4500122,13695706
2026-02-02T18:30:00+00:00,696.539978,696.8800049,696.3599854,696.789978,33356180
2026-02-02T19:30:00+00:00,696.7849731,696.789978,695.0103149,695.8085938,12164060
2026-02-02T20:30:00+00:00,695.8099976,695.960022,695.0800171,695.460022,13121586
2026-02-02T21:00:00+00:00,695.47,695.91,694.94,695.52,0
2026-02-02T22:00:00+00:00,695.57,695.9,695.38,695.755,0
2026-02-02T23:00:00+00:00,695.8,697.38,695.41,696.7912,0
2026-02-03T09:00:00+00:00,697.25,697.64,696.77,696.79,0
2026-02-03T10:00:00+00:00,696.73,697.15,696.54,696.8,0
2026-02-03T11:00:00+00:00,696.77,696.78,696.19,696.39,0
2026-02-03T12:00:00+00:00,696.37,697.35,696.05,697.28,0
2026-02-03T13:00:00+00:00,697.29,697.96,695.41,697.27,0
2026-02-03T14:00:00+00:00,697.2526,697.43,691.41,696.48,0
2026-02-03T14:30:00+00:00,696.210022,696.960022,690.7999878,692.2050171,22706244
2026-02-03T15:30:00+00:00,692.1900024,693.4299927,690.6699829,690.7999878,11004974
2026-02-03T16:30:00+00:00,690.8099976,691.4498901,688.6099854,688.8300171,12025865
2026-02-03T17:30:00+00:00,688.8200073,688.9400024,686.2399902,686.3599854,12570237
2026-02-03T18:30:00+00:00,686.3649902,687.2199707,684.0300293,686.213501,14153552
2026-02-03T19:30:00+00:00,686.210022,687.8049927,685.1300049,687.5300293,12507175
2026-02-03T20:30:00+00:00,687.5300293,689.75,687.4899902,689.460022,12789390
2026-02-03T21:00:00+00:00,689.46,695.4002,653.0054,689.17,0
2026-02-03T22:00:00+00:00,689.2494,689.53,653.0054,688.7938,0
2026-02-03T23:00:00+00:00,688.8,689.79,688.5097,689.5712,0
2026-02-04T09:00:00+00:00,690,690.45,688.81,689.2,0
2026-02-04T10:00:00+00:00,689.26,690.36,688.73,690.36,0
2026-02-04T11:00:00+00:00,690.29,690.8,690.15,690.47,0
2026-02-04T12:00:00+00:00,690.52,691.9,690.39,690.92,0
2026-02-04T13:00:00+00:00,690.92,691.88,688.699,690.57,0
2026-02-04T14:00:00+00:00,690.59,691.3,689.5,689.97,0
2026-02-04T14:30:00+00:00,690.3499756,691.4500122,686.5100098,689.9000244,20676503
2026-02-04T15:30:00+00:00,689.9000244,690.2700195,686.3900146,688.3499146,15328331
2026-02-04T16:30:00+00:00,688.3499756,688.4799805,683.2199707,683.7000122,12211098
2026-02-04T17:30:00+00:00,683.7000122,685.0100098,681.7600098,684.7999878,14609400
2026-02-04T18:30:00+00:00,684.8099976,685.5100098,683.1099854,685.3400269,10448412
2026-02-04T19:30:00+00:00,685.3400269,688.4899902,685.2999878,687.539978,13360783
2026-02-04T20:30:00+00:00,687.5300293,688.4400024,685.6409912,686.1199951,10951574
2026-02-04T21:00:00+00:00,686.12,689.75,684.275,688.37,0
2026-02-04T22:00:00+00:00,688.31,688.71,670.292,686.92,0
2026-02-04T23:00:00+00:00,687.044,688.28,686.75,687.24,0
2026-02-05T09:00:00+00:00,686.19,687.74,685.07,686.9,0
2026-02-05T10:00:00+00:00,686.87,687.37,685.66,687.22,0
2026-02-05T11:00:00+00:00,687.27,687.31,685.99,686.46,0
2026-02-05T12:00:00+00:00,686.51,687.56,683.78,684.26,0
2026-02-05T13:00:00+00:00,684.36,687.82,681.25,682.08,0
2026-02-05T14:00:00+00:00,682.37,686.19,680.6,681.13,0
2026-02-05T14:30:00+00:00,680.9400024,683.6900024,676.1749878,676.6400146,27401090
2026-02-05T15:30:00+00:00,676.6500244,679.789978,675.789978,679.6599731,17670806
2026-02-05T16:30:00+00:00,679.6599731,681.9400024,678.9500122,681.5,11900080
2026-02-05T17:30:00+00:00,681.5200195,682.6149902,678.8499756,679.1500244,7798767
2026-02-05T18:30:00+00:00,679.1599731,681.4699707,677.6849976,680.2449951,10370563
2026-02-05T19:30:00+00:00,680.2399902,680.8950195,677.6400146,677.7700195,11271477
2026-02-05T20:30:00+00:00,677.789978,678.3499146,676.1854858,677.4400024,14065824
2026-02-05T21:00:00+00:00,677.45,686.0727,639.1136,674.62,0
2026-02-05T22:00:00+00:00,674.67,695.77,627.0253,673.89,0
2026-02-05T23:00:00+00:00,673.89,675.05,672.06,672.83,0
2026-02-06T09:00:00+00:00,677.45,679.72,676.96,679.62,0
2026-02-06T10:00:00+00:00,679.66,680.74,679.42,679.49,0
2026-02-06T11:00:00+00:00,679.54,681.95,679.36,681.48,0
2026-02-06T12:00:00+00:00,681.47,682.81,681.21,681.35,0
2026-02-06T13:00:00+00:00,681.35,682.76,674.07,681.64,0
2026-02-06T14:00:00+00:00,681.67,682.25,677.62,681.6512,0
2026-02-06T14:30:00+00:00,681.0900269,686.5100098,680.8499756,685.4699707,25257973
2026-02-06T15:30:00+00:00,686.2299805,687.7199707,684.9699707,687.1049805,13620107
2026-02-06T16:30:00+00:00,687.1049805,688.5100098,686.9400024,688.4799805,7490712
2026-02-06T17:30:00+00:00,688.5,689.539978,687.852417,688.9450073,6863898
2026-02-06T18:30:00+00:00,688.9500122,689.6599731,688.7399902,689.4780273,5748120
2026-02-06T19:30:00+00:00,689.4799805,690.1400146,688.9299927,689.7750244,7713732
2026-02-06T20:30:00+00:00,689.7700195,692.3099976,689.5999756,690.5999756,14828433
2026-02-06T21:00:00+00:00,690.66,691.0371,677.6987,690.4,0
2026-02-06T22:00:00+00:00,690.375,691.51,689.5916,689.71,0
2026-02-06T23:00:00+00:00,689.69,690.62,689.51,690.23,0
2026-02-09T09:00:00+00:00,690.45,692,690.45,691.43,0
2026-02-09T10:00:00+00:00,691.39,691.55,689.19,689.23,0
2026-02-09T11:00:00+00:00,689.25,689.8,688,689.73,0
2026-02-09T12:00:00+00:00,689.71,690.28,688.73,690.18,0
2026-02-09T13:00:00+00:00,690.18,692.49,688,690.61,0
2026-02-09T14:00:00+00:00,690.64,690.7,689.19,689.49,0
2026-02-09T14:30:00+00:00,689.4199829,692.9299927,688.3400269,691.9400024,18050055
2026-02-09T15:30:00+00:00,691.960022,694.7600098,691.9387207,694.6896973,10279739
2026-02-09T16:30:00+00:00,694.6799927,695.6599731,694.2700195,695.1400146,6352525
2026-02-09T17:30:00+00:00,695.1500244,695.5100098,693.5499878,694.2299805,5765657
2026-02-09T18:30:00+00:00,694.2299805,695.8699951,694,695.7399902,5804165
2026-02-09T19:30:00+00:00,695.7399902,695.8499756,694.3300171,694.5750122,7071771
2026-02-09T20:30:00+00:00,694.5700073,695.0200195,693.8800049,693.9099731,11568140
2026-02-09T21:00:00+00:00,693.91,694.85,691.0959,694.205,0
2026-02-09T22:00:00+00:00,694.2203,694.56,693.84,694.45,0
2026-02-09T23:00:00+00:00,694.42,694.82,693.47,693.77,0
2026-02-10T09:00:00+00:00,696,696.5,693.8,695.52,0
2026-02-10T10:00:00+00:00,695.5,695.52,694.48,694.83,0
2026-02-10T11:00:00+00:00,694.76,695.19,694.44,694.82,0
2026-02-10T12:00:00+00:00,694.84,695.49,694.76,695.44,0
2026-02-10T13:00:00+00:00,695.45,695.6607,693.01,693.83,0
2026-02-10T14:00:00+00:00,693.79,694.69,693.25,694.63,0
2026-02-10T14:30:00+00:00,694.9500122,696.4349976,693.4550171,695.9199829,15051695
2026-02-10T15:30:00+00:00,695.9050293,696.539978,694.0900269,694.7800293,7253368
2026-02-10T16:30:00+00:00,694.7700195,695.670105,694.2000122,695.25,5719106
2026-02-10T17:30:00+00:00,695.25,695.7999878,693.3699951,693.4400024,4954429
2026-02-10T18:30:00+00:00,693.4299927,693.9050293,692.8499756,693.8699951,7091282
2026-02-10T19:30:00+00:00,693.8699951,694.1300049,693.1099854,693.2974854,5482566
2026-02-10T20:30:00+00:00,693.2999878,693.539978,691.6599731,692.0900269,13770362
2026-02-10T21:00:00+00:00,692.07,694.3716,657.3874,692.92,0
2026-02-10T22:00:00+00:00,692.96,693.05,653.0054,692.795,0
2026-02-10T23:00:00+00:00,692.84,693.5,692.84,693.3815,0
2026-02-11T09:00:00+00:00,693.63,693.78,693.13,693.55,0
2026-02-11T10:00:00+00:00,693.55,693.57,691.35,692.16,0
2026-02-11T11:00:00+00:00,692.11,693.32,691.78,693.3,0
2026-02-11T12:00:00+00:00,693.2,693.24,692.36,692.86,0
2026-02-11T13:00:00+00:00,692.87,694.298,691.3782,693.14,0
2026-02-11T14:00:00+00:00,693.27,696.67,692.9,696.18,0
2026-02-11T14:30:00+00:00,696.3900146,697.1300049,689.1799927,689.7199707,21414691
2026-02-11T15:30:00+00:00,689.7199707,693.4500122,689.5599976,691.8400269,11511710
2026-02-11T16:30:00+00:00,691.8200073,693.8400269,691.3900146,693.5969849,7979524
2026-02-11T17:30:00+00:00,693.5999756,693.9899902,691.4099731,692.789978,6455586
2026-02-11T18:30:00+00:00,692.7896729,693.9550171,692.0300293,693.7399902,6825416
2026-02-11T19:30:00+00:00,693.75,693.8599854,692.2299805,692.2550049,8320582
2026-02-11T20:30:00+00:00,692.25,692.9899902,691.7700195,691.9199829,9384677
2026-02-11T21:00:00+00:00,691.92,692.8,652.8542,692.4,0
2026-02-11T22:00:00+00:00,692.35,692.694,652.8542,692.57,0
2026-02-11T23:00:00+00:00,692.5,692.8602,691.3118,691.8297,0
2026-02-12T09:00:00+00:00,693.8,694.6,693.8,694.32,0
2026-02-12T10:00:00+00:00,694.36,694.73,693.76,693.93,0
2026-02-12T11:00:00+00:00,693.95,694.52,693.89,694.47,0
2026-02-12T12:00:00+00:00,694.45,694.53,693.99,694.45,0
2026-02-12T13:00:00+00:00,694.42,694.799,691.96,693.91,0
2026-02-12T14:00:00+00:00,693.88,695.45,691.96,694.26,0
2026-02-12T14:30:00+00:00,694.2399902,695.3499756,692.1599731,693.0650024,15645729
2026-02-12T15:30:00+00:00,693.0800171,693.4799805,683.5750122,683.5999756,22863606
2026-02-12T16:30:00+00:00,683.5949707,685.8400269,683.3800049,684.1199951,16958570
2026-02-12T17:30:00+00:00,684.0999756,685.5750122,682.2199707,683.1699829,10426266
2026-02-12T18:30:00+00:00,683.164978,685.4199829,682.7999878,684.1500244,10704524
2026-02-12T19:30:00+00:00,684.1300049,685.9650269,683.1099854,683.2199707,11771990
2026-02-12T20:30:00+00:00,683.2000122,683.4000244,680.3699951,681.2199707,19241913
2026-02-12T21:00:00+00:00,681.23,692.24,680.74,682.38,0
2026-02-12T22:00:00+00:00,682.37,682.8,645.8232,682.53,0
2026-02-12T23:00:00+00:00,682.5122,682.89,680.91,682.21,0
2026-02-13T09:00:00+00:00,681.06,681.98,680.27,681.69,0
2026-02-13T10:00:00+00:00,681.66,681.98,681.02,681.6,0
2026-02-13T11:00:00+00:00,681.69,681.69,678.92,679.22,0
2026-02-13T12:00:00+00:00,679.36,680.77,678.53,680.16,0
2026-02-13T13:00:00+00:00,680.11,681.9807,678.569,680.52,0
2026-02-13T14:00:00+00:00,680.5,683.02,680.33,681.4785,0
2026-02-13T14:30:00+00:00,681.7199707,683.3699951,677.5200195,682.9400024,24768855
2026-02-13T15:30:00+00:00,682.9400024,684.5700073,680.789978,683.8200073,12236042
2026-02-13T16:30:00+00:00,683.8099976,686.0499878,682.8699951,685.3649902,8299958
2026-02-13T17:30:00+00:00,685.3800049,686.2800293,684.0900269,685.3900146,7946751
2026-02-13T18:30:00+00:00,685.3900146,686.0599976,684.0999756,684.3400269,7013351
2026-02-13T19:30:00+00:00,684.3499756,684.9299927,680.3400269,680.6300049,10363860
2026-02-13T20:30:00+00:00,680.6400146,681.8400269,679.8099976,681.5999756,13671717
2026-02-13T21:00:00+00:00,681.6,682.74,681.09,681.1592,0
2026-02-13T22:00:00+00:00,681.18,681.75,636.4531,681.7488,0
2026-02-13T23:00:00+00:00,681.67,681.82,680.61,680.8,0
2026-02-17T09:00:00+00:00,680.65,680.65,679.63,680.29,0
2026-02-17T10:00:00+00:00,680.36,680.95,680.02,680.27,0
2026-02-17T11:00:00+00:00,680.21,680.22,678.72,679.65,0
2026-02-17T12:00:00+00:00,679.68,680.53,679.33,679.38,0
2026-02-17T13:00:00+00:00,679.4,681.75,677.22,679.09,0
2026-02-17T14:00:00+00:00,679.105,681.75,678.64,679.82,0
2026-02-17T14:30:00+00:00,680.1400146,682.7999878,676.2700195,677.3400269,20908871
2026-02-17T15:30:00+00:00,677.3300171,683.2399902,675.7800293,681.5999756,15279531
2026-02-17T16:30:00+00:00,681.5750122,683.0300293,680.4312744,682.2000122,8223944
2026-02-17T17:30:00+00:00,682.210022,682.539978,679.1500244,682.3900146,7052521
2026-02-17T18:30:00+00:00,682.4000244,684.7150269,682.0300293,683.9899902,7434404
2026-02-17T19:30:00+00:00,683.9699707,684.9400024,682.6699829,682.8699951,6973847
2026-02-17T20:30:00+00:00,682.8800049,683.289978,681.9299927,682.75,9895361
2026-02-17T21:00:00+00:00,682.76,683.5,681.8124,682.81,0
2026-02-17T22:00:00+00:00,682.78,682.95,635.6794,682.57,0
2026-02-17T23:00:00+00:00,682.72,682.96,635.6794,681.5994,0
2026-02-18T09:00:00+00:00,682.12,686.53,682.12,686.38,0
2026-02-18T10:00:00+00:00,686.42,686.97,686.15,686.8,0
2026-02-18T11:00:00+00:00,686.8,686.86,685.89,685.94,0
2026-02-18T12:00:00+00:00,685.94,686.5,685.31,685.31,0
2026-02-18T13:00:00+00:00,685.33,686.9605,682.85,685.475,0
2026-02-18T14:00:00+00:00,685.51,685.97,682.85,684.19,0
2026-02-18T14:30:00+00:00,684.0200195,688.4650269,682.8300171,687.8400269,18453305
2026-02-18T15:30:00+00:00,687.8400269,688.960022,687.289978,688.2199707,6691883
2026-02-18T16:30:00+00:00,688.2199707,688.8900146,687.3800049,688.2000122,5400275
2026-02-18T17:30:00+00:00,688.1900024,689.1500244,687.4749756,687.8049927,4391499
2026-02-18T18:30:00+00:00,687.8099976,688.0200195,686.039978,686.4199829,8388821
2026-02-18T19:30:00+00:00,686.4299927,686.6300049,683.9199829,684.210022,10136265
2026-02-18T20:30:00+00:00,684.210022,687.1799927,684.1199951,686.1900024,13217594
2026-02-18T21:00:00+00:00,686.2,686.39,670.292,685.92,0
2026-02-18T22:00:00+00:00,685.92,686.29,637.7825,685.96,0
2026-02-18T23:00:00+00:00,685.94,686.86,685.92,686.141,0
2026-02-19T09:00:00+00:00,686.29,687,685.43,685.57,0
2026-02-19T10:00:00+00:00,685.61,685.81,683.48,683.69,0
2026-02-19T11:00:00+00:00,683.71,684.64,683.43,684.46,0
2026-02-19T12:00:00+00:00,684.49,685.38,683.6,685.06,0
2026-02-19T13:00:00+00:00,685.04,687.895,683.4585,683.87,0
2026-02-19T14:00:00+00:00,683.92,686.29,682.58,683.74,0
2026-02-19T14:30:00+00:00,683.8400269,686.1799927,682.4699707,683.9000244,15294343
2026-02-19T15:30:00+00:00,683.8900146,685.8599854,683.710022,684.1450195,5914609
2026-02-19T16:30:00+00:00,684.1500244,685.2700195,682.7000122,683.9299927,6601246
2026-02-19T17:30:00+00:00,683.914978,684.2600098,681.5474854,682.4000244,6134654
2026-02-19T18:30:00+00:00,682.3400269,684.0598755,682.0100098,683.2750244,5199633
2026-02-19T19:30:00+00:00,683.25,683.5650024,681.8800049,682.9000244,7894247
2026-02-19T20:30:00+00:00,682.8900146,684.5900269,682.8001099,684.5100098,7648304
2026-02-19T21:00:00+00:00,684.53,686.4246,640.1342,684.01,0
2026-02-19T22:00:00+00:00,684.0076,684.49,640.1342,684.11,0
2026-02-19T23:00:00+00:00,684.1317,685.01,683.9492,684.79,0
2026-02-20T09:00:00+00:00,686,687.4,686,687.12,0
2026-02-20T10:00:00+00:00,687.11,687.15,685.9,686.06,0
2026-02-20T11:00:00+00:00,686.04,686.18,684.02,684.81,0
2026-02-20T12:00:00+00:00,684.81,685.05,683.28,683.48,0
2026-02-20T13:00:00+00:00,683.48,687.4,683.09,684.585,0
2026-02-20T14:00:00+00:00,684.65,684.65,682.12,682.56,0
2026-02-20T14:30:00+00:00,682.3200073,689.4000244,681.7399902,686.7999878,20480094
2026-02-20T15:30:00+00:00,686.7999878,689.2399902,685.5100098,686.1495972,16947753
2026-02-20T16:30:00+00:00,686.1300049,689.1500244,684.0800171,685.229187,12244330
2026-02-20T17:30:00+00:00,685.2349854,687.7999878,684.9700928,686.5599976,9145890
2026-02-20T18:30:00+00:00,686.539978,690.0599976,685.7600098,688.5800171,13196896
2026-02-20T19:30:00+00:00,688.5800171,689.3200073,687.8099976,688.3599854,8027018
2026-02-20T20:30:00+00:00,688.3599854,689.5,688.2700195,689.3499756,10691604
2026-02-20T21:00:00+00:00,689.35,689.79,684.5076,689.35,0
2026-02-20T22:00:00+00:00,689.3,689.445,688.96,689.42,0
2026-02-20T23:00:00+00:00,689.34,689.63,689.26,689.57,0
2026-02-23T09:00:00+00:00,686.62,687.47,685.8,687.46,0
2026-02-23T10:00:00+00:00,687.48,688.21,687.01,687.57,0
2026-02-23T11:00:00+00:00,687.63,688.12,687.47,687.59,0
2026-02-23T12:00:00+00:00,687.59,687.62,686.03,686.17,0
2026-02-23T13:00:00+00:00,686.2,689.43,683.83,686.57,0
2026-02-23T14:00:00+00:00,686.57,689.43,686.27,687.54,0
2026-02-23T14:30:00+00:00,687.8300171,690,684.2799072,684.5100098,20052422
2026-02-23T15:30:00+00:00,684.5,685.0050049,680.3709717,682.8699951,15403510
2026-02-23T16:30:00+00:00,682.8800049,683.085022,681.5900269,681.6900024,7082700
2026-02-23T17:30:00+00:00,681.7000122,683.9500122,680.5900269,683.8098755,7674168
2026-02-23T18:30:00+00:00,683.8099976,683.9099731,681.1699829,681.2700195,7488180
2026-02-23T19:30:00+00:00,681.2550049,681.6599731,680.539978,681.3499756,8354274
2026-02-23T20:30:00+00:00,681.3400269,682.4699707,680.9000244,682.4099731,15739631
2026-02-23T21:00:00+00:00,682.41,689.2673,682.0981,682.865,0
2026-02-23T22:00:00+00:00,682.865,682.95,640.8886,682.76,0
2026-02-23T23:00:00+00:00,682.8,683.41,682.5,682.74,0
2026-02-24T09:00:00+00:00,683.3,683.84,682.7,683.4,0
2026-02-24T10:00:00+00:00,683.43,684.21,682.89,683.64,0
2026-02-24T11:00:00+00:00,683.72,684,683.28,683.41,0
2026-02-24T12:00:00+00:00,683.39,684.21,682.98,683.02,0
2026-02-24T13:00:00+00:00,683.02,689.05,681.67,682.8701,0
2026-02-24T14:00:00+00:00,682.875,684.38,682.39,682.7512,0
2026-02-24T14:30:00+00:00,681.9000244,686.3900146,680,686.335022,19215932
2026-02-24T15:30:00+00:00,686.3200073,686.8699951,685.1799927,686.0900269,8915432
2026-02-24T16:30:00+00:00,686.0999756,687.7999878,685.1500244,687.5300903,6769913
2026-02-24T17:30:00+00:00,687.5300293,688.0999756,686.9400024,687.0300293,4420143
2026-02-24T18:30:00+00:00,687.039978,687.875,686.6500244,686.8900146,6247419
2026-02-24T19:30:00+00:00,686.8900146,687.6900024,686.460022,686.539978,6142765
2026-02-24T20:30:00+00:00,686.5300293,688.3499756,686.5100708,687.375,12579342
2026-02-24T21:00:00+00:00,687.39,687.54,657.3874,687.09,0
2026-02-24T22:00:00+00:00,687.0101,687.35,653.0054,687.28,0
2026-02-24T23:00:00+00:00,687.25,687.6402,686.67,687.5,0
2026-02-25T09:00:00+00:00,687.83,688.6,687.83,688.36,0
2026-02-25T10:00:00+00:00,688.34,688.71,688.25,688.54,0
2026-02-25T11:00:00+00:00,688.51,688.88,688.27,688.6,0
2026-02-25T12:00:00+00:00,688.61,689.96,688.61,689.61,0
2026-02-25T13:00:00+00:00,689.6,689.99,687.35,689.73,0
2026-02-25T14:00:00+00:00,689.72,690.76,687.35,690.3099,0
2026-02-25T14:30:00+00:00,690.9699707,691.9899902,690.25,691.1500244,11847751
2026-02-25T15:30:00+00:00,691.1450195,691.5800171,690.170105,691.4699707,5193274
2026-02-25T16:30:00+00:00,691.4799805,692.3900146,691.4000244,691.9699707,5478125
2026-02-25T17:30:00+00:00,691.9699707,692.6900024,691.8400269,692.3099976,4913647
2026-02-25T18:30:00+00:00,692.3099976,693.0800171,692.210022,692.8699951,5214228
2026-02-25T19:30:00+00:00,692.8599854,693.3300171,692.8099976,692.9199829,6560771
2026-02-25T20:30:00+00:00,692.9199829,693.6799927,692.7399902,693.0999756,10495870
2026-02-25T21:00:00+00:00,693.07,695.33,652.8542,694.66,0
2026-02-25T22:00:00+00:00,694.69,694.69,652.8542,693.03,0
2026-02-25T23:00:00+00:00,693.15,694.0302,691.37,692.005,0
2026-02-26T09:00:00+00:00,692.38,693.02,692.38,692.98,0
2026-02-26T10:00:00+00:00,692.97,693.54,692.72,692.81,0
2026-02-26T11:00:00+00:00,692.72,692.97,692.39,692.9,0
2026-02-26T12:00:00+00:00,692.87,693.6,692.6,693.57,0
2026-02-26T13:00:00+00:00,693.589,693.87,691.63,693.86,0
2026-02-26T14:00:00+00:00,693.87,694.22,693.15,693.68,0
2026-02-26T14:30:00+00:00,693.2800293,693.2999878,684.7399902,685.6900024,19859314
2026-02-26T15:30:00+00:00,685.6699829,689.0999756,684.3499756,688.7399902,11175598
2026-02-26T16:30:00+00:00,688.7399902,688.9199829,686.0300293,686.2849731,6518707
2026-02-26T17:30:00+00:00,686.25,687.0900269,684.7399902,685.6699829,5516506
2026-02-26T18:30:00+00:00,685.6599731,689.3200073,685.4099731,688.6099854,8415967
2026-02-26T19:30:00+00:00,688.6199951,689.8099976,688.4699707,688.664978,7050938
2026-02-26T20:30:00+00:00,688.664978,689.5167236,688.6199951,689.3200073,8572144
2026-02-26T21:00:00+00:00,689.32,692.9745,687.5,687.59,0
2026-02-26T22:00:00+00:00,687.61,689.3,685.33,686.25,0
2026-02-26T23:00:00+00:00,686.26,687.2305,685.5538,686.41,0
2026-02-27T09:00:00+00:00,687.51,688.97,687.51,688.47,0
2026-02-27T10:00:00+00:00,688.53,688.53,686.16,687.17,0
2026-02-27T11:00:00+00:00,687.26,687.66,686.36,686.66,0
2026-02-27T12:00:00+00:00,686.6,686.81,685.36,686.47,0
2026-02-27T13:00:00+00:00,686.46,689.3,684,684.1975,0
2026-02-27T14:00:00+00:00,684.1,689.3,682.01,683.765,0
2026-02-27T14:30:00+00:00,683.0900269,685.4899902,681.6400146,684.5294189,17772433
2026-02-27T15:30:00+00:00,684.5100098,686.0499878,683.7399902,685.3850098,7040899
2026-02-27T16:30:00+00:00,685.3900146,686.289917,683.289978,684.1400146,7500648
2026-02-27T17:30:00+00:00,684.1300049,685.1199951,683.0599976,683.7999878,7414482
2026-02-27T18:30:00+00:00,683.7999878,684.9799805,683.2999878,683.5999756,5673987
2026-02-27T19:30:00+00:00,683.5999756,686.0999756,682.9899902,685.5900879,10090599
2026-02-27T20:30:00+00:00,685.5800171,686.8499756,684.4899902,686.2800293,15978632
2026-02-27T21:00:00+00:00,686.23,689.3244,684.75,685.08,0
2026-02-27T22:00:00+00:00,685.08,685.99,642.0205,684.5,0
2026-02-27T23:00:00+00:00,684.5,685.99,683.84,684.2,0
2026-03-02T09:00:00+00:00,678.04,679.32,676.54,678.8,0
2026-03-02T10:00:00+00:00,678.98,680.24,678.36,679.59,0
2026-03-02T11:00:00+00:00,679.71,680.19,678.88,679.28,0
2026-03-02T12:00:00+00:00,679.35,680.78,678.51,678.65,0
2026-03-02T13:00:00+00:00,678.65,685.99,674.6,679.84,0
2026-03-02T14:00:00+00:00,679.855,686,678.04,678.5005,0
2026-03-02T14:30:00+00:00,678.7000122,685.3599854,678.0200195,683.4299927,22117273
2026-03-02T15:30:00+00:00,683.4199829,685.6699829,682.4199829,683.2199707,10823943
2026-03-02T16:30:00+00:00,683.2199707,687.1900024,682.9199829,686.4837036,8833887
2026-03-02T17:30:00+00:00,686.4799805,687.4199829,686.0800171,686.7199707,4549090
2026-03-02T18:30:00+00:00,686.75,688.2800293,685.1900024,688.2000122,7030502
2026-03-02T19:30:00+00:00,688.210022,688.6199951,684.8900146,685.3499756,13163361
2026-03-02T20:30:00+00:00,685.3499756,687.3099976,685.2000122,686.3699951,12691271
2026-03-02T21:00:00+00:00,686.35,686.668,685.4792,686.015,0
2026-03-02T22:00:00+00:00,685.98,686.38,643.2925,686.145,0
2026-03-02T23:00:00+00:00,686.05,686.38,684.6897,685.2707,0
2026-03-03T09:00:00+00:00,677.74,679.72,675.55,676.1,0
2026-03-03T10:00:00+00:00,676.11,676.59,673.69,673.9,0
2026-03-03T11:00:00+00:00,673.85,675.13,672.19,674.31,0
2026-03-03T12:00:00+00:00,674.31,677.88,674.31,677,0
2026-03-03T13:00:00+00:00,677,686.38,672.248,676.03,0
2026-03-03T14:00:00+00:00,675.9752,686.38,673.6897,674.0692,0
2026-03-03T14:30:00+00:00,675.0599976,677.0999756,669.6599731,669.8499756,33122931
2026-03-03T15:30:00+00:00,669.8499756,676.5800171,669.7800293,676.0200195,17224450
2026-03-03T16:30:00+00:00,676,678.4899902,674.6599731,678.3200073,10581256
2026-03-03T17:30:00+00:00,678.3200073,680.4299927,676.0800171,679.8200073,7605785
2026-03-03T18:30:00+00:00,679.8200073,681.9099731,679.664978,680.5,9358641
2026-03-03T19:30:00+00:00,680.5,682.6099854,679.2750244,681.0499878,11491316
2026-03-03T20:30:00+00:00,681.039978,681.5100098,679.210022,680.2800293,9232895
2026-03-03T21:00:00+00:00,680.27,680.33,653.0054,679.04,0
2026-03-03T22:00:00+00:00,679.04,680.33,653.0054,679.11,0
2026-03-03T23:00:00+00:00,679.05,680.2,678.2217,678.6995,0
2026-03-04T09:00:00+00:00,678.87,679.38,677.51,679.14,0
2026-03-04T10:00:00+00:00,679.09,682.55,678.88,681.23,0
2026-03-04T11:00:00+00:00,681.33,683.23,681.26,682.41,0
2026-03-04T12:00:00+00:00,682.46,682.59,679.17,679.22,0
2026-03-04T13:00:00+00:00,679.27,683.37,675.18,682.4785,0
2026-03-04T14:00:00+00:00,682.47,683.22,680.33,682.8095,0
2026-03-04T14:30:00+00:00,681.6300049,686.2700195,679.6199951,686.1400146,17092226
2026-03-04T15:30:00+00:00,686.1500244,686.6400146,683.8800049,685.1900024,12741399
2026-03-04T16:30:00+00:00,685.1799927,686.4000244,684.8499756,685.3250122,7706769
2026-03-04T17:30:00+00:00,685.3499756,686.4899902,684.5800171,686.1049805,6915063
2026-03-04T18:30:00+00:00,686.1099854,686.960022,686.0999756,686.5999756,5152602
2026-03-04T19:30:00+00:00,686.6099854,687.0900269,685.4749756,686.2299805,6913501
2026-03-04T20:30:00+00:00,686.2399902,686.6300049,685.1599731,685.1599731,11184082
2026-03-04T21:00:00+00:00,685.16,692,680.2285,685.715,0
2026-03-04T22:00:00+00:00,685.61,686.03,637.7825,685.95,0
2026-03-04T23:00:00+00:00,685.95,686.621,685.5597,686.2987,0
2026-03-05T09:00:00+00:00,685.77,687.17,683.53,685.27,0
2026-03-05T10:00:00+00:00,685.42,685.6,684.2,685.49,0
2026-03-05T11:00:00+00:00,685.49,685.86,684.4,685.55,0
2026-03-05T12:00:00+00:00,685.38,685.88,684.16,685.08,0
2026-03-05T13:00:00+00:00,685.09,687.1212,681.9,683.7462,0
2026-03-05T14:00:00+00:00,683.9,685.13,681.76,681.86,0
2026-03-05T14:30:00+00:00,682.0800171,685.5300293,680.3300171,680.8200073,19715347
2026-03-05T15:30:00+00:00,680.8300171,682.5800171,679.0100098,679.5349731,16013402
2026-03-05T16:30:00+00:00,679.5300293,682.4199829,678.4899902,678.5100098,10963199
2026-03-05T17:30:00+00:00,678.5100098,678.8049927,675.9000244,676.2999878,12809378
2026-03-05T18:30:00+00:00,676.2800293,677.960022,675.8200073,676.6699829,8129423
2026-03-05T19:30:00+00:00,676.6699829,680.460022,675.6099854,679.460022,12703497
2026-03-05T20:30:00+00:00,679.4699707,681.75,679.1699829,681.4400024,17275805
2026-03-05T21:00:00+00:00,681.42,685.5177,639.1136,680.453,0
2026-03-05T22:00:00+00:00,680.4888,681.31,639.1136,680.335,0
2026-03-05T23:00:00+00:00,680.36,682.23,680.1688,681.99,0
2026-03-06T09:00:00+00:00,682.44,682.99,679.42,679.52,0
2026-03-06T10:00:00+00:00,679.5,680.29,678,680.18,0
2026-03-06T11:00:00+00:00,680.12,680.12,678.23,679.66,0
2026-03-06T12:00:00+00:00,679.69,679.7,677.04,677.73,0
2026-03-06T13:00:00+00:00,677.69,683.43,676.51,677.98,0
2026-03-06T14:00:00+00:00,678.03,681.31,671.93,672.53,0
2026-03-06T14:30:00+00:00,673.4099731,674.3599854,669.7600098,674.1699829,26046349
2026-03-06T15:30:00+00:00,674.1300049,676.0100098,672.460022,674.4199829,12054888
2026-03-06T16:30:00+00:00,674.4299927,676,673.3499756,673.8099976,7864935
2026-03-06T17:30:00+00:00,673.7999878,676.1099854,672.0300293,674.6400146,9387540
2026-03-06T18:30:00+00:00,674.6699829,675.4299927,673.6900024,674.9199829,7620924
2026-03-06T19:30:00+00:00,674.9099731,675.9699707,671.9799805,672.2299805,12122952
2026-03-06T20:30:00+00:00,672.2299805,673.4000244,671.1400146,672.4749756,16549298
2026-03-06T21:00:00+00:00,672.47,681.7436,671.14,672.1,0
2026-03-06T22:00:00+00:00,672.2057,672.54,634.8682,671.88,0
2026-03-06T23:00:00+00:00,671.8,672.3,671.31,671.65,0
2026-03-09T08:00:00+00:00,663.41,665.57,661.72,663.02,0
2026-03-09T09:00:00+00:00,663.08,666.62,662.75,666.44,0
2026-03-09T10:00:00+00:00,666.39,668.44,665.08,665.15,0
2026-03-09T11:00:00+00:00,665.16,666.07,664.36,664.59,0
2026-03-09T12:00:00+00:00,664.61,672.38,659.2,667.1274,0
2026-03-09T13:00:00+00:00,667.12,672.38,664.4792,666.5285,0
2026-03-09T13:30:00+00:00,666.3900146,667.6300049,662.3900146,664.0599976,21505293
2026-03-09T14:30:00+00:00,664.0300293,669.9199829,663.9799805,669.7700195,11546091
2026-03-09T15:30:00+00:00,669.7700195,671.5999756,668.3699951,670.8699951,8868302
2026-03-09T16:30:00+00:00,670.8699951,672.25,668.710022,668.8449707,8907547
2026-03-09T17:30:00+00:00,668.8400269,670.8699951,668.0900269,670.0599976,8192624
2026-03-09T18:30:00+00:00,670.0599976,677.5150146,669.9000244,677.3900146,16903174
2026-03-09T19:30:00+00:00,677.3699951,679.9199829,675.8800049,678.315979,16099780
2026-03-09T20:00:00+00:00,678.3,679,670.0859,677.52,0
2026-03-09T21:00:00+00:00,677.57,678.27,640.8886,677.562,0
2026-03-09T22:00:00+00:00,677.64,678.0002,672.7753,675.92,0
2026-03-09T23:00:00+00:00,675.9097,676.4182,674.72,675.31,0
2026-03-10T08:00:00+00:00,678.59,681.26,678.48,681,0
2026-03-10T09:00:00+00:00,681.06,681.5,680.05,680.8,0
2026-03-10T10:00:00+00:00,680.76,681.15,679,679.82,0
2026-03-10T11:00:00+00:00,679.83,680.56,678.02,678.5,0
2026-03-10T12:00:00+00:00,678.51,681.501,675.02,675.739,0
2026-03-10T13:00:00+00:00,675.74,677.45,675.1,677.05,0
2026-03-10T13:30:00+00:00,677.7199707,678.7849731,674.7600098,677.6199951,14084370
2026-03-10T14:30:00+00:00,677.6400146,681.6849976,677.6300049,681.1099854,9403537
2026-03-10T15:30:00+00:00,681.0999756,681.9498901,679.6799927,680.5999756,7262968
2026-03-10T16:30:00+00:00,680.6099854,683.3599854,680.6099854,683.2650146,9090930
2026-03-10T17:30:00+00:00,683.25,683.25,677.3800049,679.3499756,15209801
2026-03-10T18:30:00+00:00,679.3150024,680.3699951,677.4099731,677.4099731,9507897
2026-03-10T19:30:00+00:00,677.4199829,678.3200073,676.2299805,677.0499878,10409992
2026-03-10T20:00:00+00:00,677.07,679.84,657.3874,677.98,0
2026-03-10T21:00:00+00:00,677.92,678.18,626.0798,678.03,0
2026-03-10T22:00:00+00:00,678.03,678.03,676.525,676.9125,0
2026-03-10T23:00:00+00:00,676.9105,678.13,676.8392,677.9685,0
2026-03-11T08:00:00+00:00,677.8,678.3,677.19,677.96,0
2026-03-11T09:00:00+00:00,677.85,678.23,675.52,675.52,0
2026-03-11T10:00:00+00:00,675.55,677.27,675.19,677.1,0
2026-03-11T11:00:00+00:00,677.11,678.89,677.02,677.28,0
2026-03-11T12:00:00+00:00,677.24,680.47,675.2,677.34,0
2026-03-11T13:00:00+00:00,677.14,678.25,674.75,675.81,0
2026-03-11T13:30:00+00:00,677.5800171,680.0800171,675.1950073,676.1500244,14729721
2026-03-11T14:30:00+00:00,676.1400146,678.6400146,674.5900269,674.6699829,8480186
2026-03-11T15:30:00+00:00,674.6799927,675.289978,673.5100098,674.7050171,7579835
2026-03-11T16:30:00+00:00,674.7000122,676.7700195,674.6500244,676.460022,5597839
2026-03-11T17:30:00+00:00,676.4699707,676.6398926,673.3400269,675.2700195,8581233
2026-03-11T18:30:00+00:00,675.2700195,675.789978,674.3200073,674.9749756,8042124
2026-03-11T19:30:00+00:00,674.9899902,676.5999756,674.75,676.3300171,7671647
2026-03-11T20:00:00+00:00,676.35,677.18,630.7875,675.33,0
2026-03-11T21:00:00+00:00,675.3232,676.33,630.7875,675.42,0
2026-03-11T22:00:00+00:00,675.42,675.4242,671.9395,672.58,0
2026-03-11T23:00:00+00:00,672.55,672.66,669.9304,671.2702,0
2026-03-12T08:00:00+00:00,672.21,674.07,672,673,0
2026-03-12T09:00:00+00:00,672.98,673.79,671.88,672.79,0
2026-03-12T10:00:00+00:00,672.89,674.39,672.74,673.53,0
2026-03-12T11:00:00+00:00,673.51,674.44,672.5,673.15,0
2026-03-12T12:00:00+00:00,673.3,676.33,669.4,672.36,0
2026-03-12T13:00:00+00:00,672.4,676.33,671.37,671.449,0
2026-03-12T13:30:00+00:00,671.1599731,671.6500244,668.0499878,668.0599976,20460497
2026-03-12T14:30:00+00:00,668.0599976,670.5499878,666.9199829,668.1699829,13622450
2026-03-12T15:30:00+00:00,668.1699829,671.3099976,667.2399902,668.8400269,14853739
2026-03-12T16:30:00+00:00,668.7700195,670.3098755,667.9899902,668.5599976,8622337
2026-03-12T17:30:00+00:00,668.5599976,669.75,667.2700806,668.1900024,9816196
2026-03-12T18:30:00+00:00,668.1799927,668.4799805,666.8699951,667.9799805,13026038
2026-03-12T19:30:00+00:00,667.9899902,668.6500244,665.9050293,666.039978,12771977
2026-03-12T20:00:00+00:00,666.05,676.4592,630.117,666.95,0
2026-03-12T21:00:00+00:00,666.96,667.02,630.117,666.64,0
2026-03-12T22:00:00+00:00,666.65,667.69,666.16,667.4652,0
2026-03-12T23:00:00+00:00,667.49,668,666.3716,666.44,0
2026-03-13T08:00:00+00:00,666.18,666.18,662.7,663.16,0
2026-03-13T09:00:00+00:00,663.21,667.01,663.21,666.08,0
2026-03-13T10:00:00+00:00,666.13,668.03,665.77,667.21,0
2026-03-13T11:00:00+00:00,667.32,668.95,666.93,668.47,0
2026-03-13T12:00:00+00:00,668.43,669.9,662.739,669.1199,0
2026-03-13T13:00:00+00:00,669.1,671.12,666.06,669.45,0
2026-03-13T13:30:00+00:00,670.0949707,672.335022,667.7299805,668.8400879,18217959
2026-03-13T14:30:00+00:00,668.8699951,670.2299805,664.4299927,664.5900269,13817201
2026-03-13T15:30:00+00:00,664.5700073,665.3300171,663.0999756,664.3300171,10913129
2026-03-13T16:30:00+00:00,664.3200073,665.2299805,663.1300049,664.3699951,8757536
2026-03-13T17:30:00+00:00,664.3499756,664.5200195,662.0800171,663.3400269,9439940
2026-03-13T18:30:00+00:00,663.3300171,664.8099976,662.1599731,662.3699951,9503155
2026-03-13T19:30:00+00:00,662.3699951,663,661.3599854,662.2999878,11375885
2026-03-13T20:00:00+00:00,662.3,687.2942,619.1682,661.2,0
2026-03-13T21:00:00+00:00,661.21,662.29,594.4177,662.24,0
2026-03-13T22:00:00+00:00,662.2301,662.88,662,662.3865,0
2026-03-13T23:00:00+00:00,662.3222,663.1657,662.15,663.05,0
2026-03-16T08:00:00+00:00,663.05,666.58,663.05,665.6,0
2026-03-16T09:00:00+00:00,665.7,665.95,664.2,664.9,0
2026-03-16T10:00:00+00:00,664.81,666.51,663.9,666.14,0
2026-03-16T11:00:00+00:00,666.23,667.3,665.69,666.42,0
2026-03-16T12:00:00+00:00,666.39,668.8,662.29,668.25,0
2026-03-16T13:00:00+00:00,668.265,669.0692,662.29,668.18,0
2026-03-16T13:30:00+00:00,668.3800049,671.4000244,667.7000122,670.2700195,17734385
2026-03-16T14:30:00+00:00,670.2700195,670.3499756,667.5750122,670.0599976,10466731
2026-03-16T15:30:00+00:00,670.039978,670.6400146,667.1500244,667.4500122,11521957
2026-03-16T16:30:00+00:00,667.4199829,669.75,667.1199951,669.2000122,6033547
2026-03-16T17:30:00+00:00,669.2000122,670.0800171,667.9799805,669.7999878,8459797
2026-03-16T18:30:00+00:00,669.7999878,672.0700073,668.6900024,669.2700195,11603066
2026-03-16T19:30:00+00:00,669.2700195,669.4299927,668.4199829,668.960022,10497369
2026-03-16T20:00:00+00:00,668.96,669.38,662.3037,668.61,0
2026-03-16T21:00:00+00:00,668.63,669.03,630.1184,668.67,0
2026-03-16T22:00:00+00:00,668.7091,669.03,667.93,667.99,0
2026-03-16T23:00:00+00:00,668.04,668.8,667.99,668.8,0
2026-03-17T08:00:00+00:00,666.82,667.13,666.04,666.04,0
2026-03-17T09:00:00+00:00,666.19,668.43,665.7,668.35,0
2026-03-17T10:00:00+00:00,668.21,668.49,667.24,667.58,0
2026-03-17T11:00:00+00:00,667.55,668.83,667.48,668.53,0
2026-03-17T12:00:00+00:00,668.51,670.3135,665.33,670.2033,0
2026-03-17T13:00:00+00:00,670.24,671.71,669.03,671.66,0
2026-03-17T13:30:00+00:00,672.3900146,674.4299927,671.5599976,672.5599976,15290363
2026-03-17T14:30:00+00:00,672.5700073,673.4699707,671.5999756,671.6350098,7855289
2026-03-17T15:30:00+00:00,671.6300049,672.1900024,669.7000122,671.210022,9865005
2026-03-17T16:30:00+00:00,671.2000122,671.9400024,670.7199707,671.5300293,5135082
2026-03-17T17:30:00+00:00,671.5300293,672.2999878,670.8599854,670.9000244,8245727
2026-03-17T18:30:00+00:00,670.9000244,671.6049805,670.5900269,671.039978,8331594
2026-03-17T19:30:00+00:00,671.039978,671.2800293,670.4699707,670.7299805,10144142
2026-03-17T20:00:00+00:00,670.73,671.19,630.2557,670.9404,0
2026-03-17T21:00:00+00:00,670.97,671.04,624.0053,671,0
2026-03-17T22:00:00+00:00,671,671,670.09,670.4199,0
2026-03-17T23:00:00+00:00,670.42,670.68,670.1,670.22,0
2026-03-18T08:00:00+00:00,673.53,674.65,673.5,674,0
2026-03-18T09:00:00+00:00,674.02,674.54,673.8,674.34,0
2026-03-18T10:00:00+00:00,674.4,674.72,673.99,674.52,0
2026-03-18T11:00:00+00:00,674.44,674.67,672.5,672.5,0
2026-03-18T12:00:00+00:00,672.53,674.94,670.38,671.1082,0
2026-03-18T13:00:00+00:00,671.04,671.3,666.9,667.65,0
2026-03-18T13:30:00+00:00,668.3599854,669.7199707,665.7199707,665.960022,16416985
2026-03-18T14:30:00+00:00,665.9699707,668,665.6599731,666.9342041,7674368
2026-03-18T15:30:00+00:00,666.9099731,667.6199951,666.4918213,667.0700073,4712970
2026-03-18T16:30:00+00:00,667.0700073,667.2960205,665.4299927,665.8400269,5482247
2026-03-18T17:30:00+00:00,665.8400269,667.4400024,665.289978,666.1199951,7202639
2026-03-18T18:30:00+00:00,666.1099854,666.2999878,662.6799927,662.9099731,14723450
2026-03-18T19:30:00+00:00,662.9000244,663.2191772,661.1900024,661.5700073,14238601
2026-03-18T20:00:00+00:00,661.53,670.6851,659.37,660.27,0
2026-03-18T21:00:00+00:00,660.25,670.292,615.8069,661.265,0
2026-03-18T22:00:00+00:00,661.2,661.2,659.61,660.27,0
2026-03-18T23:00:00+00:00,660.24,661.4,660.19,660.909,0
2026-03-19T08:00:00+00:00,660.45,660.7,659.31,659.59,0
2026-03-19T09:00:00+00:00,659.53,660.9,658.58,658.91,0
2026-03-19T10:00:00+00:00,658.89,662.1,658.89,661.15,0
2026-03-19T11:00:00+00:00,661.21,661.42,659.35,659.82,0
2026-03-19T12:00:00+00:00,659.82,662.178,657.33,657.68,0
2026-03-19T13:00:00+00:00,657.75,661.43,656.1,656.21,0
2026-03-19T13:30:00+00:00,656.9699707,659.4699707,655.1699829,656.3300171,23610365
2026-03-19T14:30:00+00:00,656.3400269,659.710022,656.2600098,657.7199707,12175917
2026-03-19T15:30:00+00:00,657.7199707,659.039978,656.1799927,657.9500122,11880224
2026-03-19T16:30:00+00:00,657.9799805,658.710022,655.6099854,657.1199951,9393933
2026-03-19T17:30:00+00:00,657.0999756,658.6199951,656.1599731,657.1749878,9141237
2026-03-19T18:30:00+00:00,657.1799927,662.9799805,656.3200073,660.25,21924565
2026-03-19T19:30:00+00:00,660.2399902,660.7399902,658.9799805,659.7199707,11501098
2026-03-19T20:00:00+00:00,659.72,661.6181,627.0253,660.8,0
2026-03-19T21:00:00+00:00,660.79,661.14,640.1342,661.12,0
2026-03-19T22:00:00+00:00,661.15,661.78,656.97,661.465,0
2026-03-19T23:00:00+00:00,661.47,661.97,660.88,661.121,0
2026-03-20T08:00:00+00:00,659.83,659.83,658.63,658.66,0
2026-03-20T09:00:00+00:00,658.59,659.5,657.04,657.14,0
2026-03-20T10:00:00+00:00,657.15,657.71,653.19,653.85,0
2026-03-20T11:00:00+00:00,654,656.31,653.98,655.82,0
2026-03-20T12:00:00+00:00,655.88,659.8,653.219,656.6,0
2026-03-20T13:00:00+00:00,656.6,659.8,655.4292,655.98,0
2026-03-20T13:30:00+00:00,656.5100098,656.6900024,651.4799805,651.8599854,21713873
2026-03-20T14:30:00+00:00,651.8599854,654.1599731,651.2000122,651.9199829,24293455
2026-03-20T15:30:00+00:00,651.9400024,653.9899902,651.7299805,653.0999756,15357499
2026-03-20T16:30:00+00:00,653.0999756,653.4000244,651.75,652.1599731,9184604
2026-03-20T17:30:00+00:00,652.1900024,652.3699951,648.6599731,649.4299927,15136238
2026-03-20T18:30:00+00:00,649.4299927,649.6550293,646.7800293,647.1199951,21363532
2026-03-20T19:30:00+00:00,647.1300049,648.5200195,644.7199707,648.5100098,27843185
2026-03-20T20:00:00+00:00,648.52,658.0206,610.8826,650.96,0
2026-03-20T21:00:00+00:00,651.005,658.0206,610.8826,654.35,0
2026-03-20T22:00:00+00:00,654.35,655.46,653,654.26,0
2026-03-20T23:00:00+00:00,654.27,654.33,653.25,653.28,0
2026-03-23T08:00:00+00:00,642.84,644.13,642.25,643.39,0
2026-03-23T09:00:00+00:00,643.39,645.2,643.33,644.34,0
2026-03-23T10:00:00+00:00,644.35,644.37,642.29,642.44,0
2026-03-23T11:00:00+00:00,642.43,666.85,641.61,659.82,0
2026-03-23T12:00:00+00:00,659.67,666.8,641,658.86,0
2026-03-23T13:00:00+00:00,658.7882,661.9,648.57,659.64,0
2026-03-23T13:30:00+00:00,658.0700073,662.2700195,656.0700073,660.9899902,38763106
2026-03-23T14:30:00+00:00,660.9799805,662.6149902,659.9500122,660.8900146,12821509
2026-03-23T15:30:00+00:00,660.9000244,661.3300171,653.9400024,654.0900269,19720491
2026-03-23T16:30:00+00:00,654.1088257,656.7399902,653.9899902,655.2800293,9105169
2026-03-23T17:30:00+00:00,655.2800293,658.3099976,655.2600098,657.3900146,10860723
2026-03-23T18:30:00+00:00,657.4099731,659.6500244,657.0300293,657.3300171,11685736
2026-03-23T19:30:00+00:00,657.3200073,658.3499756,655.3699951,655.3699951,13898637
2026-03-23T20:00:00+00:00,655.375,656.1505,622.0223,655.545,0
2026-03-23T21:00:00+00:00,655.51,656.0305,613.8261,655.81,0
2026-03-23T22:00:00+00:00,655.9,657.4422,654.8,657.3031,0
2026-03-23T23:00:00+00:00,657.26,657.26,656.1,656.75,0
2026-03-24T08:00:00+00:00,655.17,657.47,654.95,655.1,0
2026-03-24T09:00:00+00:00,654.92,655.76,652.84,654.28,0
2026-03-24T10:00:00+00:00,654.17,655.84,653.95,654.85,0
2026-03-24T11:00:00+00:00,654.71,655.81,654.4,654.86,0
2026-03-24T12:00:00+00:00,654.8,657.64,650.71,654.2878,0
2026-03-24T13:00:00+00:00,654.302,655.38,650.46,651.95,0
2026-03-24T13:30:00+00:00,651.3200073,653.5856934,649.8800049,652.4899902,17157140
2026-03-24T14:30:00+00:00,652.5100098,656.8300171,651.2199707,656.039978,16069386
2026-03-24T15:30:00+00:00,656.0599976,657.0300293,654.2999878,655.960022,8078359
2026-03-24T16:30:00+00:00,655.9699707,656.1199951,652.5499878,653.4050293,8311009
2026-03-24T17:30:00+00:00,653.4000244,654.9799805,652.3800049,654.5900269,10047322
2026-03-24T18:30:00+00:00,654.5900269,656.5900269,654.2800293,654.4500122,9961652
2026-03-24T19:30:00+00:00,654.4500122,654.7750244,652.5599976,653.2000122,10043583
2026-03-24T20:00:00+00:00,653.21,660.41,618.0375,657.18,0
2026-03-24T21:00:00+00:00,657.14,658.31,617.3215,657.465,0
2026-03-24T22:00:00+00:00,657.39,658.47,656.65,658,0
2026-03-24T23:00:00+00:00,658,658.38,657.39,657.61,0
2026-03-25T08:00:00+00:00,658.01,660.56,657.67,659.99,0
2026-03-25T09:00:00+00:00,659.92,660.48,657.82,658.27,0
2026-03-25T10:00:00+00:00,658.34,659.25,657.47,658.11,0
2026-03-25T11:00:00+00:00,658.12,659.53,657.9,659.16,0
2026-03-25T12:00:00+00:00,659.28,660.5615,653.18,657.85,0
2026-03-25T13:00:00+00:00,657.7631,659.42,656.47,658.55,0
2026-03-25T13:30:00+00:00,658.6699829,660.8900146,655.6699829,658.1400146,22876212
2026-03-25T14:30:00+00:00,658.1599731,659.25,654.2399902,657.8400269,14577535
2026-03-25T15:30:00+00:00,657.8499756,658.2399902,656.0100098,657.5,9552650
2026-03-25T16:30:00+00:00,657.460022,658.3200073,656.914978,658.0200195,8735929
2026-03-25T17:30:00+00:00,658.039978,659.3800049,657.3300171,657.5150146,8862246
2026-03-25T18:30:00+00:00,657.5100098,657.8099976,655.5800171,656.5100098,11503640
2026-03-25T19:30:00+00:00,656.5100098,657.0599976,655.7550049,656.7399902,9045207
2026-03-25T20:00:00+00:00,656.73,657.23,613.4849,656.5511,0
2026-03-25T21:00:00+00:00,656.5935,656.82,613.4849,656.3564,0
2026-03-25T22:00:00+00:00,656.35,656.55,655.4,655.505,0
2026-03-25T23:00:00+00:00,655.54,655.81,654.709,655.41,0
2026-03-26T08:00:00+00:00,654.5,654.85,652.8,652.92,0
2026-03-26T09:00:00+00:00,652.77,653.31,651.63,651.83,0
2026-03-26T10:00:00+00:00,651.75,652.83,650.84,652.75,0
2026-03-26T11:00:00+00:00,652.72,652.88,651.29,651.63,0
2026-03-26T12:00:00+00:00,651.63,656.82,650.16,651.61,0
2026-03-26T13:00:00+00:00,651.55,656.82,650.28,651.73,0
2026-03-26T13:30:00+00:00,652.0599976,654.8400269,650.7299805,653.6199951,19212415
2026-03-26T14:30:00+00:00,653.6199951,654.8499756,650.8200073,651.710022,14863677
2026-03-26T15:30:00+00:00,651.710022,652.3499756,649.289978,649.4699707,9677804
2026-03-26T16:30:00+00:00,649.491272,650.0999756,647.9799805,648.6199951,7002375
2026-03-26T17:30:00+00:00,648.6199951,649.0599976,646.4400024,646.5999756,10319756
2026-03-26T18:30:00+00:00,646.6099854,647.6500244,645.8499756,646.210022,12002274
2026-03-26T19:30:00+00:00,646.210022,646.2700195,644.8200073,645.1049805,13326642
2026-03-26T20:00:00+00:00,645.09,656.6311,630.117,646.42,0
2026-03-26T21:00:00+00:00,646.4202,647.01,630.117,646.52,0
2026-03-26T22:00:00+00:00,646.63,647.83,646.3997,647.48,0
2026-03-26T23:00:00+00:00,647.47,648.11,647.01,647.8494,0
2026-03-27T08:00:00+00:00,648.06,648.12,645.77,645.92,0
2026-03-27T09:00:00+00:00,645.92,646.44,643.9,645.67,0
2026-03-27T10:00:00+00:00,645.61,646.17,644,644.37,0
2026-03-27T11:00:00+00:00,644.37,644.57,641.99,642.95,0
2026-03-27T12:00:00+00:00,642.94,649.79,642,642.84,0
2026-03-27T13:00:00+00:00,642.86,645.09,641,641.35,0
2026-03-27T13:30:00+00:00,642.5,642.6599731,638.5939941,639.0999756,19514414
2026-03-27T14:30:00+00:00,639.0999756,641.4899902,638.2999878,640.960022,11109483
2026-03-27T15:30:00+00:00,640.960022,642.1400146,638.5800171,638.8900146,9032070
2026-03-27T16:30:00+00:00,638.8800049,639.9299927,636.5900269,636.6199951,10693459
2026-03-27T17:30:00+00:00,636.6199951,637.25,635.1300049,635.7700195,10641379
2026-03-27T18:30:00+00:00,635.7650146,636.7249756,634.5200195,634.8590088,13489943
2026-03-27T19:30:00+00:00,634.8599854,635.3499756,633.1049805,634.0800171,16949297
2026-03-27T20:00:00+00:00,634.09,645.2206,594.4177,633.16,0
2026-03-27T21:00:00+00:00,633.2095,642.0205,598.6306,633.3,0
2026-03-27T22:00:00+00:00,633.265,656.82,632.8,632.95,0
2026-03-27T23:00:00+00:00,632.8525,634.09,632.61,632.98,0
2026-03-30T08:00:00+00:00,636.88,637.68,634.03,637.5505,0
2026-03-30T09:00:00+00:00,637.5,638.02,636.72,636.98,0
2026-03-30T10:00:00+00:00,636.99,637.43,636.54,637.26,0
2026-03-30T11:00:00+00:00,637.2088,641.46,634.09,639.0185,0
2026-03-30T12:00:00+00:00,639.08,639.6,634.16,639.37,0
2026-03-30T13:00:00+00:00,639.375,640.19,634.09,639.5805,0
2026-03-30T13:30:00+00:00,640.1099854,640.3699951,634.6799927,635.8599854,19019082
2026-03-30T14:30:00+00:00,635.8499756,638.7999878,634.7299805,636.460022,14707830
2026-03-30T15:30:00+00:00,636.4500122,638.4749756,635.164978,635.2600098,8520361
2026-03-30T16:30:00+00:00,635.2700195,636.0100098,633.2399902,633.4000244,8684535
2026-03-30T17:30:00+00:00,633.4000244,634.6300049,632.2600098,632.2800293,11276966
2026-03-30T18:30:00+00:00,632.289978,633.1699829,629.2800293,629.5800171,15080335
2026-03-30T19:30:00+00:00,629.585022,632.6401978,629.3499756,632,14017529
2026-03-30T20:00:00+00:00,632.01,634.4395,631.0197,631.65,0
2026-03-30T21:00:00+00:00,631.625,631.97,631.19,631.61,0
2026-03-30T22:00:00+00:00,631.66,656.82,631.6578,631.715,0
2026-03-30T23:00:00+00:00,631.68,631.71,629.97,630.54,0
2026-03-31T08:00:00+00:00,638.81,638.88,631.97,637.61,0
2026-03-31T09:00:00+00:00,637.579,638.2036,636.8,637.45,0
2026-03-31T10:00:00+00:00,637.45,638.35,636.8,637.3952,0
2026-03-31T11:00:00+00:00,637.3952,639.99,631.97,638.2405,0
2026-03-31T12:00:00+00:00,638.241,640.17,637,639.21,0
2026-03-31T13:00:00+00:00,639.235,640.0694,631.97,638.8887,0
2026-03-31T13:30:00+00:00,638.9400024,642.9500122,638.3099976,642.5,23437177
2026-03-31T14:30:00+00:00,642.4799805,642.6500244,637.9799805,640.6799927,18510738
2026-03-31T15:30:00+00:00,640.6799927,642.6300049,639.5200195,642.1199951,9782227
2026-03-31T16:30:00+00:00,642.1099854,649.460022,641.6500244,647,25329736
2026-03-31T17:30:00+00:00,647.0300293,648.4099731,646.1400146,647.7050171,13700937
2026-03-31T18:30:00+00:00,647.7000122,649.9099731,647.2000122,649.4019775,14280568
2026-03-31T19:30:00+00:00,649.4199829,651.539978,649.3200073,650.2399902,24947292
2026-03-31T20:00:00+00:00,650.23,650.89,631.995,650.02,0
2026-03-31T21:00:00+00:00,650.01,650.34,649.51,649.8,0
2026-03-31T22:00:00+00:00,649.8,650.94,649.46,650.5307,0
2026-03-31T23:00:00+00:00,650.548,652.4,650.2,652.24,0
2026-04-01T08:00:00+00:00,653,655.55,650.34,653.4912,0
2026-04-01T09:00:00+00:00,653.541,654.0747,651.9106,652.481,0
2026-04-01T10:00:00+00:00,652.52,654.04,652.52,653.53,0
2026-04-01T11:00:00+00:00,653.58,655.64,650.34,655.32,0
2026-04-01T12:00:00+00:00,655.36,656.2707,650.34,654.735,0
2026-04-01T13:00:00+00:00,654.735,657.5,650.34,652.9499,0
2026-04-01T13:30:00+00:00,653.9000244,656.0499878,653,655.0300293,24697054
2026-04-01T14:30:00+00:00,655.0300293,657.0700073,653.5800171,656.3300171,12040039
2026-04-01T15:30:00+00:00,656.3300171,658.0949707,655.9299927,657.1749878,8304190
2026-04-01T16:30:00+00:00,657.1849976,658.5200195,656.8400269,658.2999878,6730728
2026-04-01T17:30:00+00:00,658.3099976,658.4400024,653.8300171,654.2299805,11314270
2026-04-01T18:30:00+00:00,654.2249756,656.3400879,653.6669922,656.0999756,12258144
2026-04-01T19:30:00+00:00,656.0999756,656.75,654.7199707,655.1799927,13412288
2026-04-01T20:00:00+00:00,655.17,655.72,650.4197,655.0003,0
2026-04-01T21:00:00+00:00,655.05,657.92,654.72,655,0
2026-04-01T22:00:00+00:00,654.96,655.46,654.3015,654.56,0
2026-04-01T23:00:00+00:00,654.6,655.17,654.3185,654.75,0
2026-04-02T08:00:00+00:00,648.51,655.24,645.75,647.88,0
2026-04-02T09:00:00+00:00,647.9092,648.73,647.57,648.19,0
2026-04-02T10:00:00+00:00,648.1627,648.1996,646.5,646.6097,0
2026-04-02T11:00:00+00:00,646.5695,655.24,645.43,645.51,0
2026-04-02T12:00:00+00:00,645.49,655.24,644.14,645.4,0
2026-04-02T13:00:00+00:00,645.35,655.24,639.265,645.485,0
2026-04-02T13:30:00+00:00,646.4199829,651.0999756,645.1099854,650.3400269,16496040
2026-04-02T14:30:00+00:00,650.3499756,658.2000122,650.0999756,655.289978,14908705
2026-04-02T15:30:00+00:00,655.3200073,655.8894043,652.1699829,652.7199707,6207493
2026-04-02T16:30:00+00:00,652.710022,655.039978,652.5200195,654.6300049,4452903
2026-04-02T17:30:00+00:00,654.6500244,654.75,652.5499878,653.5100098,4432041
2026-04-02T18:30:00+00:00,653.5,655.2700195,653.3900146,654.3798828,7421724
2026-04-02T19:30:00+00:00,654.3699951,656.0999756,654.0900269,655.8800049,7964160
2026-04-02T20:00:00+00:00,655.89,656.41,654.6,655.91,0
2026-04-02T21:00:00+00:00,655.85,656.08,655.58,655.74,0
2026-04-02T22:00:00+00:00,655.76,656.1,655.4992,655.9,0
2026-04-02T23:00:00+00:00,655.85,656.08,655.6197,655.92,0
2026-04-06T08:00:00+00:00,656.07,657.95,654.87,657.87,0
2026-04-06T09:00:00+00:00,657.82,658.73,657.7547,658.3107,0
2026-04-06T10:00:00+00:00,658.31,658.44,657.0323,657.3,0
2026-04-06T11:00:00+00:00,657.3,657.671,655.62,656.4202,0
2026-04-06T12:00:00+00:00,656.39,656.68,655.95,656.3,0
2026-04-06T13:00:00+00:00,656.315,657.2,653.215,656.43,0
2026-04-06T13:30:00+00:00,655.8599854,659.7199707,655.5200195,658.3699951,9310316
2026-04-06T14:30:00+00:00,658.4299927,659.0599976,656.6199951,656.9249878,4867271
2026-04-06T15:30:00+00:00,656.9299927,658.039978,656.3400269,657.7932129,2702785
2026-04-06T16:30:00+00:00,657.7800293,658.5100098,655.5200195,657.3900757,4071149
2026-04-06T17:30:00+00:00,657.4099731,658.6500244,656.2199707,658.2399902,4910662
2026-04-06T18:30:00+00:00,658.2299805,658.5223999,657.7299805,657.880127,3529235
2026-04-06T19:30:00+00:00,657.8800049,658.9199829,657.8099976,658.8699951,5262864
2026-04-06T20:00:00+00:00,658.9,659,655.9033,658.67,0
2026-04-06T21:00:00+00:00,658.68,659.09,658.55,658.68,0
2026-04-06T22:00:00+00:00,658.65,659.5104,657.9,657.94,0
2026-04-06T23:00:00+00:00,658,658.6,657.82,658.05,0
2026-04-07T08:00:00+00:00,657,659.11,655.4,658.48,0
2026-04-07T09:00:00+00:00,658.48,660.34,658.4,660.1912,0
2026-04-07T10:00:00+00:00,660.07,660.37,657.76,658.8217,0
2026-04-07T11:00:00+00:00,658.8717,659.01,655.11,656.02,0
2026-04-07T12:00:00+00:00,655.9685,656.59,653.91,656.462,0
2026-04-07T13:00:00+00:00,656.4,658.93,655.3012,656.375,0
2026-04-07T13:30:00+00:00,656.6500244,657.5800171,651.9199829,654.4000244,12903016
2026-04-07T14:30:00+00:00,654.4500122,655.3400269,651.0599976,653.2550049,9263074
2026-04-07T15:30:00+00:00,653.2600098,657,652.5700073,655.9199829,7056077
2026-04-07T16:30:00+00:00,655.8900146,656.8800049,655.3400269,655.8200073,3161446
2026-04-07T17:30:00+00:00,655.8300171,658.3599854,655.5700073,656.1500244,4696504
2026-04-07T18:30:00+00:00,656.1300049,658.1699829,653.4121704,656.6599731,9777607
2026-04-07T19:30:00+00:00,656.6500244,659.5999756,655.8900146,659.2600098,11768017
2026-04-07T20:00:00+00:00,659.24,660.99,658.6,660,0
2026-04-07T21:00:00+00:00,659.92,661.19,659.22,661.18,0
2026-04-07T22:00:00+00:00,661.19,672.72,656,672.5025,0
2026-04-07T23:00:00+00:00,672.5,675.15,670.28,673.6406,0
2026-04-08T08:00:00+00:00,674.68,677.17,659.22,675.96,0
2026-04-08T09:00:00+00:00,675.88,677.4507,675.19,676.969,0
2026-04-08T10:00:00+00:00,676.97,677.1637,676.14,676.86,0
2026-04-08T11:00:00+00:00,676.85,678.09,659.22,677.9203,0
2026-04-08T12:00:00+00:00,677.9,678.15,675.5,676.55,0
2026-04-08T13:00:00+00:00,676.51,677.0502,659.22,676.801,0
2026-04-08T13:30:00+00:00,676.3900146,677.0800171,673.9699707,674.1300049,24535784
2026-04-08T14:30:00+00:00,674.1300049,674.3499756,671.460022,673.0300293,11175952
2026-04-08T15:30:00+00:00,673.0900269,675.6749878,673.0050049,675.0200195,6915347
2026-04-08T16:30:00+00:00,675.0300293,676.4349976,674.7700195,675.0100098,5331894
2026-04-08T17:30:00+00:00,675.0100708,676.6049805,674.3400269,674.8800049,10193057
2026-04-08T18:30:00+00:00,674.9000244,675.3200073,672.7800293,673.539978,12163131
2026-04-08T19:30:00+00:00,673.539978,676.0499878,673.4899902,675.8800049,14811289
2026-04-08T20:00:00+00:00,675.9,676.2,628.4629,675.07,0
2026-04-08T21:00:00+00:00,675.075,676.01,628.4629,674.95,0
2026-04-08T22:00:00+00:00,675,676.01,674.56,675.07,0
2026-04-08T23:00:00+00:00,675.07,675.55,674.7,674.75,0
2026-04-09T08:00:00+00:00,673.97,676.01,672.8797,672.93,0
2026-04-09T09:00:00+00:00,672.9615,673.801,672.87,673.79,0
2026-04-09T10:00:00+00:00,673.7292,673.96,673.4195,673.84,0
2026-04-09T11:00:00+00:00,673.76,676.01,673.01,673.17,0
2026-04-09T12:00:00+00:00,673.2,674.4707,673.18,674.2312,0
2026-04-09T13:00:00+00:00,674.28,674.88,673.64,674.29,0
2026-04-09T13:30:00+00:00,674.8400269,675.789917,673.9299927,674.2949829,10163311
2026-04-09T14:30:00+00:00,674.289978,676.5499878,673.7700195,675.9299927,8389172
2026-04-09T15:30:00+00:00,675.9199829,680.75,675.7299805,679.9000244,9318282
2026-04-09T16:30:00+00:00,679.9199829,681.0159912,678.9699707,680.2901001,5844054
2026-04-09T17:30:00+00:00,680.2999268,681.1599731,678.5800171,678.8499756,5611614
2026-04-09T18:30:00+00:00,678.8599854,680.2399902,678.4400024,679.9199829,4999397
2026-04-09T19:30:00+00:00,679.9099731,680.6699829,679.8300171,679.8699951,6981221
2026-04-09T20:00:00+00:00,679.87,680.1,658.93,679.64,0
2026-04-09T21:00:00+00:00,679.68,679.91,678.1988,679.29,0
2026-04-09T22:00:00+00:00,679.39,679.8596,678.9,679.0222,0
2026-04-09T23:00:00+00:00,679.02,679.48,678.6997,679.2504,0
2026-04-10T08:00:00+00:00,679.47,680.5,679.15,679.62,0
2026-04-10T09:00:00+00:00,679.57,680.5,678.91,679.7,0
2026-04-10T10:00:00+00:00,679.75,680.49,679.349,680.31,0
2026-04-10T11:00:00+00:00,680.25,680.88,679.91,680.7,0
2026-04-10T12:00:00+00:00,680.73,681.6,680.1,681.26,0
2026-04-10T13:00:00+00:00,681.31,682.46,679.91,681.1997,0
2026-04-10T13:30:00+00:00,681.3200073,681.9299927,680.0280151,681.5200195,8575459
2026-04-10T14:30:00+00:00,681.539978,682.0300293,680.4199829,681.2399902,4957079
2026-04-10T15:30:00+00:00,681.2299805,681.4500122,679.1099854,679.5200195,5196622
2026-04-10T16:30:00+00:00,679.5200195,679.710022,678.5,678.670105,3541906
2026-04-10T17:30:00+00:00,678.6500244,679.7000122,678.4500122,679.4000244,3537143
2026-04-10T18:30:00+00:00,679.414978,679.9899902,678.8699951,679.6400757,4555722
2026-04-10T19:30:00+00:00,679.6500244,679.6500244,678.6599731,679.3400269,6623264
2026-04-10T20:00:00+00:00,679.32,680.149,656.82,680.08,0
2026-04-10T21:00:00+00:00,680.08,680.17,634.9679,680,0
2026-04-10T22:00:00+00:00,680.01,680.25,642.0205,680.24,0
2026-04-10T23:00:00+00:00,680.25,680.73,680.1,680.65,0
2026-04-13T08:00:00+00:00,675.62,675.98,673.98,675.81,0
2026-04-13T09:00:00+00:00,675.8,675.98,675.0392,675.68,0
2026-04-13T10:00:00+00:00,675.68,675.9,675.12,675.31,0
2026-04-13T11:00:00+00:00,675.361,679.46,675.13,675.52,0
2026-04-13T12:00:00+00:00,675.55,675.6,670.53,675.18,0
2026-04-13T13:00:00+00:00,675.18,679.46,675.1,676.63,0
2026-04-13T13:30:00+00:00,677.4099731,680.0200195,676.5800171,679.5687866,10735839
2026-04-13T14:30:00+00:00,679.5700073,680.6599731,679.3099976,679.5100098,4289558
2026-04-13T15:30:00+00:00,679.5300293,681.6199951,679.0150146,681.3900146,3779252
2026-04-13T16:30:00+00:00,681.3800049,682.8300171,680.7000122,682.4799805,5670548
2026-04-13T17:30:00+00:00,682.4899902,682.7000122,681.8699951,682.375,3428545
2026-04-13T18:30:00+00:00,682.3699951,683.8400269,682.2700195,683.8049927,5019951
2026-04-13T19:30:00+00:00,683.7999878,686.2999878,683.6599731,686.0100098,11623331
2026-04-13T20:00:00+00:00,686,686.7,679.3344,686.58,0
2026-04-13T21:00:00+00:00,686.59,686.69,645.8232,686.403,0
2026-04-13T22:00:00+00:00,686.31,686.79,686.28,686.5488,0
2026-04-13T23:00:00+00:00,686.57,686.97,686.39,686.44,0
2026-04-14T08:00:00+00:00,670,687.686,670,687.57,0
2026-04-14T09:00:00+00:00,687.56,688.14,687.36,687.64,0
2026-04-14T10:00:00+00:00,687.62,687.65,687.05,687.48,0
2026-04-14T11:00:00+00:00,687.46,687.65,686.1,687.57,0
2026-04-14T12:00:00+00:00,687.55,688.55,687.37,688.29,0
2026-04-14T13:00:00+00:00,688.29,688.88,686.1,687.9205,0
2026-04-14T13:30:00+00:00,687.6900024,691.0499878,687.6599731,690.9799805,12938663
2026-04-14T14:30:00+00:00,690.9899902,692.4699707,690.6099854,692.25,7755017
2026-04-14T15:30:00+00:00,692.25,693.7199707,692.2399902,693.5949707,7040757
2026-04-14T16:30:00+00:00,693.5900269,694.0599976,692.8300171,693.7399902,6253879
2026-04-14T17:30:00+00:00,693.7399902,694.0999756,692.1300049,692.5999756,7021335
2026-04-14T18:30:00+00:00,692.5999756,694.2698975,692.3200073,694.2399902,6928111
2026-04-14T19:30:00+00:00,694.2299805,694.5800171,693.4099731,694.3950195,6538533
2026-04-14T20:00:00+00:00,694.39,696.8186,653.0054,694.17,0
2026-04-14T21:00:00+00:00,694.17,694.46,653.0054,694.1682,0
2026-04-14T22:00:00+00:00,694.16,724.4953,693.9817,694.34,0
2026-04-14T23:00:00+00:00,694.3402,695.12,694.2859,694.6,0
2026-04-15T08:00:00+00:00,694.46,695.42,693.83,694.59,0
2026-04-15T09:00:00+00:00,694.58,694.9141,693.85,694.0554,0
2026-04-15T10:00:00+00:00,693.9756,694.321,693.11,693.29,0
2026-04-15T11:00:00+00:00,693.3,694.46,693.05,694.1977,0
2026-04-15T12:00:00+00:00,694.1865,695.6,694.09,694.31,0
2026-04-15T13:00:00+00:00,694.3,695,694.26,694.855,0
2026-04-15T13:30:00+00:00,695.2600098,696.9400024,694.2000122,696.9199829,10267598
2026-04-15T14:30:00+00:00,696.9199829,697.5599976,695.9299927,697.3699951,7405563
2026-04-15T15:30:00+00:00,697.3699951,697.7999878,696.7999878,697.3599243,5371261
2026-04-15T16:30:00+00:00,697.3599854,697.6199951,695.7000122,697.4199829,5207902
2026-04-15T17:30:00+00:00,697.4199829,698.6500244,697.1900024,698.5,5867040
2026-04-15T18:30:00+00:00,698.4899902,700.0300293,698.4799805,700,8407944
2026-04-15T19:30:00+00:00,699.9949951,700.2800293,699.2600098,699.8400269,8213240
2026-04-15T20:00:00+00:00,699.84,700.09,694.3918,699.6,0
2026-04-15T21:00:00+00:00,699.65,699.94,699.22,699.6,0
2026-04-15T22:00:00+00:00,699.61,700.34,670.292,700.28,0
2026-04-15T23:00:00+00:00,700.29,700.7487,700.155,700.65,0
2026-04-16T08:00:00+00:00,700.92,701.99,699.94,700.4,0
2026-04-16T09:00:00+00:00,700.38,700.95,700.1,700.66,0
2026-04-16T10:00:00+00:00,700.63,700.97,700.43,700.56,0
2026-04-16T11:00:00+00:00,700.57,700.7105,699.81,700.41,0
2026-04-16T12:00:00+00:00,700.42,701,700.41,700.93,0
2026-04-16T13:00:00+00:00,700.88,701.24,699.94,701.02,0
2026-04-16T13:30:00+00:00,700.8599854,701.1400146,698.5300293,699.1400146,9928184
2026-04-16T14:30:00+00:00,699.1499023,702.0300293,698.8699951,700.7800293,6196195
2026-04-16T15:30:00+00:00,700.7700195,702.7800293,700.6599731,702.0100098,5434817
2026-04-16T16:30:00+00:00,702.0150146,702.0698853,699.8300171,700.7000122,7356865
2026-04-16T17:30:00+00:00,700.7199707,701.5300293,699.4736938,699.789978,4006740
2026-04-16T18:30:00+00:00,699.7999878,701.1950073,699.7750244,700.9100952,4238107
2026-04-16T19:30:00+00:00,700.9099731,701.9400024,700.8300171,701.5499878,6272569
2026-04-16T20:00:00+00:00,701.55,701.9,699.9315,701.75,0
2026-04-16T21:00:00+00:00,701.7595,701.76,699.048,701.69,0
2026-04-16T22:00:00+00:00,701.69,702.22,701.443,702.07,0
2026-04-16T23:00:00+00:00,702.07,702.4,702.05,702.26,0
2026-04-17T08:00:00+00:00,702.36,702.91,701.66,702.91,0
2026-04-17T09:00:00+00:00,702.85,703.36,702.72,703.24,0
2026-04-17T10:00:00+00:00,703.3,703.64,703.01,703.25,0
2026-04-17T11:00:00+00:00,703.2,703.75,701.66,703.6205,0
2026-04-17T12:00:00+00:00,703.63,705.4307,703.63,705.41,0
2026-04-17T13:00:00+00:00,705.45,708.79,701.66,708.6,0
2026-04-17T13:30:00+00:00,706.1400146,709.460022,705.7600098,709.2249756,15058646
2026-04-17T14:30:00+00:00,709.2399902,711.335022,709.2299805,710.6199951,9776320
2026-04-17T15:30:00+00:00,710.6300049,711.6400146,710.4193115,711.5100098,11165135
2026-04-17T16:30:00+00:00,711.5150146,712.3900146,709.0300293,709.8800049,6981774
2026-04-17T17:30:00+00:00,709.8800049,710.7000122,709.1400146,709.8099976,6282793
2026-04-17T18:30:00+00:00,709.8099976,710.3900146,708.9899902,709.2600098,5720487
2026-04-17T19:30:00+00:00,709.2700195,710.4000244,709.2600098,710.0499878,7560000
2026-04-17T20:00:00+00:00,710.05,710.49,701.7532,710.3,0
2026-04-17T21:00:00+00:00,710.3,711,710.14,710.96,0
2026-04-17T22:00:00+00:00,710.91,711.03,710.6512,710.6512,0
2026-04-17T23:00:00+00:00,710.725,710.94,710.66,710.9224,0
2026-04-20T09:00:00+00:00,706.82,706.96,706.71,706.84,0
2026-04-20T10:00:00+00:00,706.89,707.68,706.72,707.0834,0
2026-04-20T11:00:00+00:00,707.1259,710.14,706.14,706.28,0
2026-04-20T12:00:00+00:00,706.3,707.34,706.2,706.9995,0
2026-04-20T13:00:00+00:00,707.04,710.14,706.9706,708.0493,0
2026-04-20T13:30:00+00:00,708.7800293,709.9099731,708.2299805,708.9500122,8835720
2026-04-20T14:30:00+00:00,708.9299927,709,706.1400146,708.3300171,7945202
2026-04-20T15:30:00+00:00,708.3099976,708.3099976,707.0200195,707.6500244,3081050
2026-04-20T16:30:00+00:00,707.6599731,708.3900146,707.2600098,707.9799805,3286946
2026-04-20T17:30:00+00:00,707.9882202,708.6099854,707.4810181,708.3200073,3162016
2026-04-20T18:30:00+00:00,708.3200073,708.6099854,707.8599854,708.0200195,4138072
2026-04-20T19:30:00+00:00,708.0200195,708.7999878,707.5999756,708.6900024,7039976
2026-04-20T20:00:00+00:00,708.71,724.228,708.45,709.145,0
2026-04-20T21:00:00+00:00,709.13,709.35,708.72,709.18,0
2026-04-20T22:00:00+00:00,709.18,710,709,709.775,0
2026-04-20T23:00:00+00:00,709.71,709.7998,709.4,709.49,0
2026-04-21T08:00:00+00:00,710.12,710.58,709.46,710.24,0
2026-04-21T09:00:00+00:00,710.2,710.701,709.89,710.1007,0
2026-04-21T10:00:00+00:00,710.129,711.19,710.129,710.94,0
2026-04-21T11:00:00+00:00,710.92,711.85,710.14,711.85,0
2026-04-21T12:00:00+00:00,711.82,712.28,710.66,711.36,0
2026-04-21T13:00:00+00:00,711.4314,711.63,708.72,710.16,0
2026-04-21T13:30:00+00:00,709.5499878,711.2750244,708.75,710.5700073,7105727
2026-04-21T14:30:00+00:00,710.5599976,710.7800293,706.1500244,706.6900024,7342275
2026-04-21T15:30:00+00:00,706.6599731,707.8850098,706.039978,706.3599854,4336562
2026-04-21T16:30:00+00:00,706.3314209,707.1400146,703.8400269,704.6900024,6331182
2026-04-21T17:30:00+00:00,704.6799927,707.4099731,704.6400146,705.098999,6881048
2026-04-21T18:30:00+00:00,705.0949707,707.7800293,705.0203247,707.7249756,6468209
2026-04-21T19:30:00+00:00,707.7199707,707.8699951,702.6400146,704.1400146,12123097
2026-04-21T20:00:00+00:00,704.15,708.5279,657.3874,706.3,0
2026-04-21T21:00:00+00:00,706.3,706.71,657.3874,706.55,0
2026-04-21T22:00:00+00:00,706.59,707.01,706.3397,706.465,0
2026-04-21T23:00:00+00:00,706.45,707.08,706.365,706.98,0
2026-04-22T08:00:00+00:00,708,708.8,704.08,707.68,0
2026-04-22T09:00:00+00:00,707.69,708.76,707.14,708.6892,0
2026-04-22T10:00:00+00:00,708.6592,708.75,707.45,708.14,0
2026-04-22T11:00:00+00:00,708.06,708.47,704.08,707.8,0
2026-04-22T12:00:00+00:00,707.85,709.74,704.08,708.99,0
2026-04-22T13:00:00+00:00,708.93,709.17,707.8797,708.3097,0
2026-04-22T13:30:00+00:00,709.1500244,710.7000122,708.2199707,710.5200195,8006905
2026-04-22T14:30:00+00:00,710.5100098,710.6500244,709.2901001,710.2000122,4452727
2026-04-22T15:30:00+00:00,710.1900024,710.4400024,709.0800171,709.1550293,3253829
2026-04-22T16:30:00+00:00,709.1500244,710.4199829,708.7999878,710.039978,3451202
2026-04-22T17:30:00+00:00,710.0499878,710.4199829,709.2000122,709.4500122,3567461
2026-04-22T18:30:00+00:00,709.460022,710.5800171,709.1900024,710.4500122,4604734
2026-04-22T19:30:00+00:00,710.4550171,711.4500122,710.1300049,711.210022,6989198
2026-04-22T20:00:00+00:00,711.21,711.4125,704.0421,710.56,0
2026-04-22T21:00:00+00:00,710.62,711.21,710.22,710.29,0
2026-04-22T22:00:00+00:00,710.3,710.528,710,710.278,0
2026-04-22T23:00:00+00:00,710.2091,710.48,710.1075,710.47,0
2026-04-23T08:00:00+00:00,709.55,711.21,706.49,708.42,0
2026-04-23T09:00:00+00:00,708.419,708.419,706.83,707.77,0
2026-04-23T10:00:00+00:00,707.821,708.2412,707.1897,707.72,0
2026-04-23T11:00:00+00:00,707.76,711.21,707.61,708.13,0
2026-04-23T12:00:00+00:00,708.165,711.2,707.74,710.145,0
2026-04-23T13:00:00+00:00,710.15,711.21,707.82,709.12,0
2026-04-23T13:30:00+00:00,709.5,711.2849731,709.1300049,710.5300293,8865824
2026-04-23T14:30:00+00:00,710.5100098,712.2800293,710.4000244,711.9899902,4277457
2026-04-23T15:30:00+00:00,711.9899902,712.3598022,710.3049927,710.7299805,3884471
2026-04-23T16:30:00+00:00,710.7489014,711.2700195,705.8800049,706.0499878,8053760
2026-04-23T17:30:00+00:00,706.0405884,708.5900269,702.2802734,708.5100708,14427074
2026-04-23T18:30:00+00:00,708.5100098,709.4799805,706.7399902,708.4050293,5210950
2026-04-23T19:30:00+00:00,708.4199829,708.9099731,706.4699707,708.4400024,6291893
2026-04-23T20:00:00+00:00,708.36,711.4101,707.11,707.5,0
2026-04-23T21:00:00+00:00,707.48,708.69,707.32,708.4,0
2026-04-23T22:00:00+00:00,708.35,709.04,708.27,708.8607,0
2026-04-23T23:00:00+00:00,708.87,709.56,705.78,709.54,0
2026-04-24T08:00:00+00:00,708.51,710.4012,708.24,709.4185,0
2026-04-24T09:00:00+00:00,709.3885,709.44,708.0887,708.8,0
2026-04-24T10:00:00+00:00,708.76,709.61,708.62,709.5543,0
2026-04-24T11:00:00+00:00,709.52,713.17,708.45,713.14,0
2026-04-24T12:00:00+00:00,713.18,713.38,708.58,711.85,0
2026-04-24T13:00:00+00:00,711.825,711.8495,655.34,711.05,0
2026-04-24T13:30:00+00:00,710.75,711.1599731,709.0100098,709.8599854,9143812
2026-04-24T14:30:00+00:00,709.8900146,712.1500244,709.4500122,711.8499756,5226833
2026-04-24T15:30:00+00:00,711.8699951,714.1400146,711.539978,713.3012085,5867584
2026-04-24T16:30:00+00:00,713.3209839,713.8912964,712.7199707,713.0200195,3705121
2026-04-24T17:30:00+00:00,713,714.460022,712.7299805,713.0200195,3968273
2026-04-24T18:30:00+00:00,713.0300293,714.4699707,713,713.7399902,3926316
2026-04-24T19:30:00+00:00,713.75,714.4299927,713.4400024,713.9799805,7238972
2026-04-24T20:00:00+00:00,713.95,714.17,708.4942,714.05,0
2026-04-24T21:00:00+00:00,714.048,714.23,674.7629,713.92,0
2026-04-24T22:00:00+00:00,713.925,714.36,713.86,714.15,0
2026-04-24T23:00:00+00:00,714.156,714.43,714.01,714.01,0
2026-04-27T08:00:00+00:00,713.87,715.06,712.5,713.21,0
2026-04-27T09:00:00+00:00,713.19,713.67,713.17,713.47,0
2026-04-27T10:00:00+00:00,713.4392,713.7,713.26,713.471,0
2026-04-27T11:00:00+00:00,713.5,714.4,713.4531,714.2795,0
2026-04-27T12:00:00+00:00,714.28,714.43,713.14,713.437,0
2026-04-27T13:00:00+00:00,713.4668,713.94,712.9,713.2482,0
2026-04-27T13:30:00+00:00,713.1699829,714.4093018,712.5999756,713.4450073,7962185
2026-04-27T14:30:00+00:00,713.4592285,714.4500122,712.2949829,713,3815390
2026-04-27T15:30:00+00:00,712.9899902,714.1199951,712.7600098,713.8599854,2819606
2026-04-27T16:30:00+00:00,713.8699951,714.7550049,713.8599854,714.5999756,3364308
2026-04-27T17:30:00+00:00,714.5999756,715.2399902,714.5800171,715.0999756,3255714
2026-04-27T18:30:00+00:00,715.0900269,715.2199707,714.710022,715.1400146,2918625
2026-04-27T19:30:00+00:00,715.1300049,715.6300049,714.8800049,715.1599731,5875867
2026-04-27T20:00:00+00:00,715.16,715.25,709.72,715.03,0
2026-04-27T21:00:00+00:00,715.01,715.1955,714.9,714.91,0
2026-04-27T22:00:00+00:00,715,716.55,715,716.1547,0
2026-04-27T23:00:00+00:00,716.13,716.47,716,716.26,0
2026-04-28T08:00:00+00:00,714.85,715.92,713.499,714.78,0
2026-04-28T09:00:00+00:00,714.77,714.7702,714.05,714.1924,0
2026-04-28T10:00:00+00:00,714.21,714.24,713.23,713.5232,0
2026-04-28T11:00:00+00:00,713.54,715.17,711.3,711.57,0
2026-04-28T12:00:00+00:00,711.5695,711.59,709.6,709.845,0
2026-04-28T13:00:00+00:00,709.8,715.17,709.41,710.97,0
2026-04-28T13:30:00+00:00,711.8150024,712.8800049,710.789978,711.25,9095112
2026-04-28T14:30:00+00:00,711.2600098,711.5800171,709.25,709.9000244,5121982
2026-04-28T15:30:00+00:00,709.9050293,710.5900269,709.3800049,710.3200073,2911373
2026-04-28T16:30:00+00:00,710.3201294,710.4400024,709.3599854,710.1199951,2694169
2026-04-28T17:30:00+00:00,710.1199951,711.6500244,710.1149902,711.3499756,4779246
2026-04-28T18:30:00+00:00,711.3599854,712.1900024,710.8300171,711.5900269,3513295
2026-04-28T19:30:00+00:00,711.5900269,711.9899902,711.2000122,711.6799927,8209178
2026-04-28T20:00:00+00:00,711.69,715.0241,696.8186,711.8,0
2026-04-28T21:00:00+00:00,711.765,711.85,711.63,711.805,0
2026-04-28T22:00:00+00:00,711.8205,724.4953,711.8205,712.135,0
2026-04-28T23:00:00+00:00,712.1312,712.5,711.96,712.4512,0
2026-04-29T08:00:00+00:00,712.84,715.76,711.35,712.2295,0
2026-04-29T09:00:00+00:00,712.22,712.36,711.35,712.1187,0
2026-04-29T10:00:00+00:00,712.039,712.7107,711.34,712.55,0
2026-04-29T11:00:00+00:00,712.6307,712.75,711.69,712.1394,0
2026-04-29T12:00:00+00:00,712.09,713,711.38,711.76,0
2026-04-29T13:00:00+00:00,711.74,712,710.786,711.7074,0
2026-04-29T13:30:00+00:00,711,711.6500244,709.6599731,711.4799805,6719706
2026-04-29T14:30:00+00:00,711.4799805,712.1099854,710.1049805,710.8670044,3524212
2026-04-29T15:30:00+00:00,710.8800049,711.0999756,709.2199707,709.75,3710077
2026-04-29T16:30:00+00:00,709.7449951,710.1900024,708.9099731,709.9099731,3450053
2026-04-29T17:30:00+00:00,709.9199829,710.7399902,708.460022,709.2199707,4645427
2026-04-29T18:30:00+00:00,709.2299805,711.5,708.3699951,710.8699951,5559520
2026-04-29T19:30:00+00:00,710.8599854,711.6199951,710.0800171,711.5800171,6668850
2026-04-29T20:00:00+00:00,711.59,713.67,663.0643,708.77,0
2026-04-29T21:00:00+00:00,708.83,713.79,670.292,710.39,0
2026-04-29T22:00:00+00:00,710.24,714.19,709.5,713.07,0
2026-04-29T23:00:00+00:00,713.1,713.86,712.56,713.725,0
2026-04-30T08:00:00+00:00,712,712,708.2,711.26,0
2026-04-30T09:00:00+00:00,711.3,712.0207,710.61,711.9,0
2026-04-30T10:00:00+00:00,712,713.14,711.66,712.9,0
2026-04-30T11:00:00+00:00,712.9,714.66,711.58,714.6,0
2026-04-30T12:00:00+00:00,714.6085,715.8,711.58,715.6,0
2026-04-30T13:00:00+00:00,715.63,715.6605,714.37,714.84,0
2026-04-30T13:30:00+00:00,714.6300049,714.7299805,710.4450073,712.0100098,11913605
2026-04-30T14:30:00+00:00,712.0100098,714.5900269,711.1799927,714.4299927,5945326
2026-04-30T15:30:00+00:00,714.4099731,715.3900146,713.4699707,715.1799927,3889701
2026-04-30T16:30:00+00:00,715.1799927,715.8900146,713.9000244,715.8099976,3036045
2026-04-30T17:30:00+00:00,715.8200073,718.1099854,715.8200073,717.8800049,5140135
2026-04-30T18:30:00+00:00,718.0999756,719.4299927,717.8699951,719.1199951,9397872
2026-04-30T19:30:00+00:00,719.1099854,719.789978,718.3499756,718.3900146,14690801
2026-04-30T20:00:00+00:00,718.42,719.86,711.2695,719.2,0
2026-04-30T21:00:00+00:00,719.195,720.3,699.048,720.05,0
2026-04-30T22:00:00+00:00,720.01,720.83,719.2397,719.55,0
2026-04-30T23:00:00+00:00,719.57,720.265,719.5,719.87,0
2026-05-01T08:00:00+00:00,720.24,720.94,718.66,720.049,0
2026-05-01T09:00:00+00:00,720.04,720.1005,719.5,719.9749,0
2026-05-01T10:00:00+00:00,719.9597,720.29,719.9,720.14,0
2026-05-01T11:00:00+00:00,720.1687,720.33,719.71,720.16,0
2026-05-01T12:00:00+00:00,720.139,721.99,719.97,721.42,0
2026-05-01T13:00:00+00:00,721.4,721.42,718.66,721.0587,0
2026-05-01T13:30:00+00:00,721.25,724.8699951,720.7399902,724.2587891,8946599
2026-05-01T14:30:00+00:00,724.2700195,724.2700195,722.039978,723.289978,4763258
2026-05-01T15:30:00+00:00,723.3400269,724.3800049,721.8699951,722.1400146,5460013
2026-05-01T16:30:00+00:00,722.1201172,722.9799805,721.4899902,722.9799805,3849822
2026-05-01T17:30:00+00:00,722.960022,723.2199707,721.5,722.1799927,3544604
2026-05-01T18:30:00+00:00,722.1400146,722.5900269,720.7800293,722.4199829,4367001
2026-05-01T19:30:00+00:00,722.4299927,722.5,720.4699707,720.6699829,5673742
2026-05-01T20:00:00+00:00,720.67,722.2337,702.6712,719.72,0
2026-05-01T21:00:00+00:00,719.7205,759.3482,674.7629,720.24,0
2026-05-01T22:00:00+00:00,720.24,720.65,719.99,720.19,0
2026-05-01T23:00:00+00:00,720.2,720.22,719.99,720,0
2026-05-04T08:00:00+00:00,721.08,722.41,720.34,721.3005,0
2026-05-04T09:00:00+00:00,721.3207,721.69,721.081,721.53,0
2026-05-04T10:00:00+00:00,721.55,721.7707,716.44,718.3,0
2026-05-04T11:00:00+00:00,718.34,720.79,718.1382,719.639,0
2026-05-04T12:00:00+00:00,719.6,720.58,718.67,720.17,0
2026-05-04T13:00:00+00:00,720.13,720.65,718.83,719.905,0
2026-05-04T13:30:00+00:00,719.7199707,721.7189941,719.25,721.2399902,8887426
2026-05-04T14:30:00+00:00,721.2199707,722.1199951,717.4500122,718.4400024,8566235
2026-05-04T15:30:00+00:00,718.4500122,718.7399902,715,717,9000465
2026-05-04T16:30:00+00:00,716.9899902,718.6400146,716.2999878,718.5700073,3799740
2026-05-04T17:30:00+00:00,718.5599976,718.9949951,717.1699829,717.7600098,3700911
2026-05-04T18:30:00+00:00,717.7600098,718.2199707,716.8300171,717.7399902,5888031
2026-05-04T19:30:00+00:00,717.75,718.2600098,717.3499756,718.0700073,7103245
2026-05-04T20:00:00+00:00,718.07,720.7023,717.28,717.57,0
2026-05-04T21:00:00+00:00,717.59,718.01,717.33,717.8,0
2026-05-04T22:00:00+00:00,717.95,724.228,673.9701,717.7792,0
2026-05-04T23:00:00+00:00,717.7597,717.955,717.5081,717.7485,0
2026-05-05T08:00:00+00:00,719.4,720.7871,718.01,720.519,0
2026-05-05T09:00:00+00:00,720.4792,720.77,720.1,720.409,0
2026-05-05T10:00:00+00:00,720.431,720.8602,720.37,720.6312,0
2026-05-05T11:00:00+00:00,720.68,721.2,718.01,720.5982,0
2026-05-05T12:00:00+00:00,720.5807,721.97,720.525,721.5602,0
2026-05-05T13:00:00+00:00,721.5805,721.93,718.01,721.645,0
2026-05-05T13:30:00+00:00,721.7700195,723.6699829,721.4949951,723.289978,8255148
2026-05-05T14:30:00+00:00,723.2979736,723.6500244,722.3800049,723.4799805,4765199
2026-05-05T15:30:00+00:00,723.4799805,723.8699951,722.9099731,723.5800171,2317269
2026-05-05T16:30:00+00:00,723.5599976,723.8599854,723.1199951,723.8549805,2082805
2026-05-05T17:30:00+00:00,723.8599854,724.7000122,723.7199707,724.4749756,2991133
2026-05-05T18:30:00+00:00,724.4749756,725.039978,724.0999756,724.7199707,3368327
2026-05-05T19:30:00+00:00,724.7199707,724.8699951,723.2700195,723.7399902,6966437
2026-05-05T20:00:00+00:00,723.74,725.3902,717.7955,724.5646,0
2026-05-05T21:00:00+00:00,724.6,725.04,700,724.84,0
2026-05-05T22:00:00+00:00,724.92,727.07,724.4,726.6522,0
2026-05-05T23:00:00+00:00,726.6791,726.93,726.265,726.42,0
2026-05-06T08:00:00+00:00,726,726.58,723.77,725.82,0
2026-05-06T09:00:00+00:00,725.82,729.33,725.749,728.4285,0
2026-05-06T10:00:00+00:00,728.37,730.23,728.259,730.16,0
2026-05-06T11:00:00+00:00,730.1395,731.7,723.77,730.7798,0
2026-05-06T12:00:00+00:00,730.75,731.1284,727.7,729.41,0
2026-05-06T13:00:00+00:00,729.47,729.5212,723.77,728.5587,0
2026-05-06T13:30:00+00:00,728.1599731,730.6799927,727.8200073,730.0200195,9452082
2026-05-06T14:30:00+00:00,730.039978,732.5599976,730.0100098,732.0599976,5578291
2026-05-06T15:30:00+00:00,732.0549927,732.1414795,730.9400024,731.7700195,3343304
2026-05-06T16:30:00+00:00,731.7700806,731.8400269,730.5288696,731.6799927,2929425
2026-05-06T17:30:00+00:00,731.6799927,733.1799927,731.5449829,733.0449829,3719450
2026-05-06T18:30:00+00:00,733.039978,733.9899902,732.7199707,733.8599854,8118340
2026-05-06T19:30:00+00:00,733.8499756,734.5900269,733.5499878,733.7700195,9450549
2026-05-06T20:00:00+00:00,733.76,734.57,723.6195,733.72,0
2026-05-06T21:00:00+00:00,733.8857,733.9937,732.97,733.12,0
2026-05-06T22:00:00+00:00,733.07,733.83,732.7139,732.86,0
2026-05-06T23:00:00+00:00,732.83,733.24,732.8097,732.98,0
2026-05-07T08:00:00+00:00,734.64,737.91,733.83,734.9,0
2026-05-07T09:00:00+00:00,734.9115,735.1,734.33,734.78,0
2026-05-07T10:00:00+00:00,734.73,735.03,734.08,734.58,0
2026-05-07T11:00:00+00:00,734.59,735,733.83,734.47,0
2026-05-07T12:00:00+00:00,734.49,735.4,734.4,735.115,0
2026-05-07T13:00:00+00:00,735.15,735.4,734.71,734.85,0
2026-05-07T13:30:00+00:00,735.0499878,735.1199951,733.5499878,734.5499878,7732691
2026-05-07T14:30:00+00:00,734.6300049,736.1300049,734.2999878,734.9088135,6731542
2026-05-07T15:30:00+00:00,734.9099731,735.6199951,731.7299805,733.3649902,6027202
2026-05-07T16:30:00+00:00,733.3599854,733.8200073,729.7600098,730.625,5346205
2026-05-07T17:30:00+00:00,730.6300049,732.2000122,730.1500244,731.289978,5155011
2026-05-07T18:30:00+00:00,731.289978,731.9400024,729.75,730.5,5360993
2026-05-07T19:30:00+00:00,730.5,731.9000244,730.4000244,731.5599976,7366651
2026-05-07T20:00:00+00:00,731.56,734.1668,730.26,730.44,0
2026-05-07T21:00:00+00:00,730.5,731.58,728.5,728.85,0
2026-05-07T22:00:00+00:00,728.97,731.04,728.83,730.1,0
2026-05-07T23:00:00+00:00,730.1,731.5,730.035,731.43,0
2026-05-08T08:00:00+00:00,733.49,734.74,731.58,734.61,0
2026-05-08T09:00:00+00:00,734.64,735.55,734.43,735.3492,0
2026-05-08T10:00:00+00:00,735.34,735.52,734.42,734.94,0
2026-05-08T11:00:00+00:00,734.9492,735.35,731.58,735.33,0
2026-05-08T12:00:00+00:00,735.3376,735.53,735.0394,735.2377,0
2026-05-08T13:00:00+00:00,735.5,736.57,731.58,734.66,0
2026-05-08T13:30:00+00:00,734.9299927,737.5498047,734.5800171,736.7999878,8523810
2026-05-08T14:30:00+00:00,736.8198853,737.4500122,736.0490723,736.9099731,4231288
2026-05-08T15:30:00+00:00,736.8900146,737.75,736.3099976,737.5499878,4070549
2026-05-08T16:30:00+00:00,737.5599976,737.8300171,736.8099976,737.6900024,4316548
2026-05-08T17:30:00+00:00,737.6799927,738.0800171,737.0700073,737.7299805,3669810
2026-05-08T18:30:00+00:00,737.7299805,737.9500122,736.1049805,736.6400146,5369253
2026-05-08T19:30:00+00:00,736.6400146,737.5900269,736.5200195,737.5300293,9587509
2026-05-08T20:00:00+00:00,737.53,737.84,731.4843,737.4,0
2026-05-08T21:00:00+00:00,737.4,737.62,737.2,737.38,0
2026-05-08T22:00:00+00:00,737.365,737.9,736.93,737.585,0
2026-05-08T23:00:00+00:00,737.59,737.9966,737.55,737.735,0
2026-05-11T08:00:00+00:00,737,737.65,736.08,736.6787,0
2026-05-11T09:00:00+00:00,736.73,737.3,736.62,737.11,0
2026-05-11T10:00:00+00:00,737.1405,737.49,736.88,736.95,0
2026-05-11T11:00:00+00:00,736.92,737.62,736.56,737.17,0
2026-05-11T12:00:00+00:00,737.19,737.46,736.29,736.6735,0
2026-05-11T13:00:00+00:00,736.655,737.62,735.75,736.65,0
2026-05-11T13:30:00+00:00,736.4500122,739.5900269,736.4500122,738.4674072,8311324
2026-05-11T14:30:00+00:00,738.460022,740.1072998,737.5900269,740.0706787,5916531
2026-05-11T15:30:00+00:00,740.0750122,740.439209,739.6699829,740.335022,3950528
2026-05-11T16:30:00+00:00,740.3200073,740.4299927,738.8400269,739.8099976,4659912
2026-05-11T17:30:00+00:00,739.789978,740.789978,739.7800293,740.3400269,4230292
2026-05-11T18:30:00+00:00,740.3400269,740.3499756,738.1599731,738.4899902,6104298
2026-05-11T19:30:00+00:00,738.4849854,739.210022,738.1300049,739.2000122,6297987
2026-05-11T20:00:00+00:00,739.2,739.36,737.7018,738.82,0
2026-05-11T21:00:00+00:00,738.9,739.3,738.54,738.87,0
2026-05-11T22:00:00+00:00,738.91,739.74,738.91,739.47,0
2026-05-11T23:00:00+00:00,739.47,739.5785,739.1,739.28,0
2026-05-12T08:00:00+00:00,737.64,739.3,735.7682,736.56,0
2026-05-12T09:00:00+00:00,736.5707,736.64,735.87,736.4417,0
2026-05-12T10:00:00+00:00,736.4612,737.14,736.45,736.7787,0
2026-05-12T11:00:00+00:00,736.751,739.3,735.75,736.17,0
2026-05-12T12:00:00+00:00,736.15,736.72,704.08,736.19,0
2026-05-12T13:00:00+00:00,736.16,739.3,735.38,737.32,0
2026-05-12T13:30:00+00:00,736.8900146,737.2199707,734.5700073,734.9199829,8151275
2026-05-12T14:30:00+00:00,734.2999878,735.1900024,731.8400269,732.3200073,7755683
2026-05-12T15:30:00+00:00,732.3400269,733.7299805,732.1099854,732.7399902,5303685
2026-05-12T16:30:00+00:00,732.7299805,735.0100098,731.8300171,734.3499756,5773385
2026-05-12T17:30:00+00:00,734.4400024,736.4799805,734.1300049,736.1849976,5685811
2026-05-12T18:30:00+00:00,736.1900024,737.4199829,735.7700195,737.0800171,4642846
2026-05-12T19:30:00+00:00,737.0800171,738.8400269,737.0700073,738.2000122,8122982
2026-05-12T20:00:00+00:00,738.2,739.111,696.8186,737.47,0
2026-05-12T21:00:00+00:00,737.435,738.18,736.93,737.375,0
2026-05-12T22:00:00+00:00,737.36,738.17,737.36,737.6495,0
2026-05-12T23:00:00+00:00,737.67,737.7981,736.65,736.66,0
2026-05-13T08:00:00+00:00,739.56,740.8687,738.18,740.78,0
2026-05-13T09:00:00+00:00,740.8,740.92,739.5504,739.68,0
2026-05-13T10:00:00+00:00,739.6695,740.411,739.49,739.75,0
2026-05-13T11:00:00+00:00,739.8,740.05,738.18,739.58,0
2026-05-13T12:00:00+00:00,739.56,740.2,738.74,739.32,0
2026-05-13T13:00:00+00:00,739.4,739.43,737.15,738.63,0
2026-05-13T13:30:00+00:00,738.4699707,738.75,735.4699707,738.3049927,7457160
2026-05-13T14:30:00+00:00,738.2999878,739.3800049,737.7700195,739.289978,4636052
2026-05-13T15:30:00+00:00,739.2700195,741.9799805,738.9400024,741.7249756,4231974
2026-05-13T16:30:00+00:00,741.7299805,742.8950195,741.3699951,742.6199951,3988610
2026-05-13T17:30:00+00:00,742.6199951,743.9099731,742.0910034,743.5300293,3508934
2026-05-13T18:30:00+00:00,743.539978,743.710022,742.5499878,743.4899902,4994471
2026-05-13T19:30:00+00:00,743.4899902,743.6099854,742.2199707,742.3049927,8682212
2026-05-13T20:00:00+00:00,742.29,743.25,737.9713,743.08,0
2026-05-13T21:00:00+00:00,743.0461,743.17,742.31,743.075,0
2026-05-13T22:00:00+00:00,743.09,743.64,742.72,743.385,0
2026-05-13T23:00:00+00:00,743.4287,743.8405,743.21,743.56,0
2026-05-14T08:00:00+00:00,744.1922,744.701,742.31,744.3982,0
2026-05-14T09:00:00+00:00,744.431,744.67,743.7697,743.86,0
2026-05-14T10:00:00+00:00,743.839,745.15,743.08,744.5085,0
2026-05-14T11:00:00+00:00,744.5315,745.03,742.31,744.2,0
2026-05-14T12:00:00+00:00,744.2107,745.47,744.2107,745.16,0
2026-05-14T13:00:00+00:00,745.25,745.25,743.75,744.03,0
2026-05-14T13:30:00+00:00,743.6500244,746.3699951,743.5599976,745.960022,7467056
2026-05-14T14:30:00+00:00,745.9500122,748.8099976,745.7600098,748.510498,4420568
2026-05-14T15:30:00+00:00,748.5100098,749.5300293,747.8499756,748,4206931
2026-05-14T16:30:00+00:00,748.0100098,748.3400269,746.3070068,746.9099731,4812089
2026-05-14T17:30:00+00:00,746.9199829,748.2999878,746.6500244,747.5599976,5597829
2026-05-14T18:30:00+00:00,747.5499878,748.6900024,747.3599854,748.085022,4493950
2026-05-14T19:30:00+00:00,748.0800171,748.6799927,747.7800293,748.0800171,6826597
2026-05-14T20:00:00+00:00,748.09,748.55,699.048,747.77,0
2026-05-14T21:00:00+00:00,747.8,748.17,747.17,747.6865,0
2026-05-14T22:00:00+00:00,747.78,748.135,747.5742,747.925,0
2026-05-14T23:00:00+00:00,747.925,748.33,747.48,747.68,0
2026-05-15T08:00:00+00:00,743.76,748.17,739.93,740.07,0
2026-05-15T09:00:00+00:00,740.07,741.6415,739.41,740.76,0
2026-05-15T10:00:00+00:00,740.7815,741.97,739.5,741.21,0
2026-05-15T11:00:00+00:00,741.18,748.17,740.79,741.78,0
2026-05-15T12:00:00+00:00,741.7697,741.9307,739.01,739.68,0
2026-05-15T13:00:00+00:00,739.685,748.17,738.88,739.78,0
2026-05-15T13:30:00+00:00,741.789978,742.6799927,737.960022,741.1300049,13207054
2026-05-15T14:30:00+00:00,741.1500244,742.2800293,740.1400146,741.2199707,5213246
2026-05-15T15:30:00+00:00,741.2600098,741.9500122,739.1099854,741.3099976,7998569
2026-05-15T16:30:00+00:00,741.3200073,742.9500122,740.2650146,742.5228271,2925798
2026-05-15T17:30:00+00:00,742.539978,743.460022,741.5100098,741.710022,4383676
2026-05-15T18:30:00+00:00,741.7199707,741.8699951,740.0599976,740.1599731,6195185
2026-05-15T19:30:00+00:00,740.1400146,740.8200073,738.539978,739.0800171,10738993
2026-05-15T20:00:00+00:00,739.12,759.3482,736.86,737.78,0
2026-05-15T21:00:00+00:00,737.85,739.17,737.18,738.105,0
2026-05-15T22:00:00+00:00,738.1,739.17,737.68,737.805,0
2026-05-15T23:00:00+00:00,737.805,737.93,737.25,737.34,0
2026-05-18T08:00:00+00:00,736.35,737.4,733.69,737.2929,0
2026-05-18T09:00:00+00:00,737.4,737.76,736.56,736.89,0
2026-05-18T10:00:00+00:00,736.89,737.2285,735.79,736.2387,0
2026-05-18T11:00:00+00:00,736.27,739.17,734.73,735.8135,0
2026-05-18T12:00:00+00:00,735.75,740,735.75,738.1,0
2026-05-18T13:00:00+00:00,738.04,741.51,737.79,740.3,0
2026-05-18T13:30:00+00:00,739.8300171,741.414978,737.5599976,739.5,8463842
2026-05-18T14:30:00+00:00,739.4899902,739.8400269,735.5200195,735.6199951,5901422
2026-05-18T15:30:00+00:00,735.6199951,737.9299927,734.4699707,734.8300171,3791456
2026-05-18T16:30:00+00:00,734.8200073,737.4199829,734.2249756,737.3599854,3841538
2026-05-18T17:30:00+00:00,737.3499756,737.4199829,733.710022,734.710022,4612177
2026-05-18T18:30:00+00:00,734.7349854,738.0200195,733.3900146,735.5200195,7900625
2026-05-18T19:30:00+00:00,735.5300293,738.75,735.2800293,738.5599976,6420788
2026-05-18T20:00:00+00:00,738.52,739.01,724.228,737.975,0
2026-05-18T21:00:00+00:00,738.03,738.65,724.228,738.08,0
2026-05-18T22:00:00+00:00,738.09,739.7007,738.09,739.33,0
2026-05-18T23:00:00+00:00,739.34,739.77,738.6,738.89,0
2026-05-19T08:00:00+00:00,738.48,739.35,735.3,737.14,0
2026-05-19T09:00:00+00:00,737.08,737.84,735.56,735.6635,0
2026-05-19T10:00:00+00:00,735.64,736.14,734.55,735.67,0
2026-05-19T11:00:00+00:00,735.74,738.65,734.55,735.82,0
2026-05-19T12:00:00+00:00,735.9,737.65,734.63,735.595,0
2026-05-19T13:00:00+00:00,735.54,738.65,734.71,735.5,0
2026-05-19T13:30:00+00:00,734.7800293,736.2999878,731.7399902,732.4199829,10927043
2026-05-19T14:30:00+00:00,732.4199829,733.960022,731.5300293,732.2299805,5406052
2026-05-19T15:30:00+00:00,732.2249756,734.7399902,732.039978,734.4899902,3793405
2026-05-19T16:30:00+00:00,734.4949951,737.6500244,734.3482056,736.9799805,5452140
2026-05-19T17:30:00+00:00,736.9699707,737.5700073,735.8200073,735.8800049,5546621
2026-05-19T18:30:00+00:00,735.8900146,736.3699951,733.9000244,734.7700195,5380138
2026-05-19T19:30:00+00:00,734.789978,735.0100098,732.5750122,733.789978,11357265
2026-05-19T20:00:00+00:00,733.79,738.4177,733.025,733.39,0
2026-05-19T21:00:00+00:00,733.3,733.73,733.1,733.6,0
2026-05-19T22:00:00+00:00,733.59,734.05,732.85,733.5288,0
2026-05-19T23:00:00+00:00,733.53,735.35,733.465,734.25,0
2026-05-20T08:00:00+00:00,734.16,735.8,732.46,735.8,0
2026-05-20T09:00:00+00:00,735.82,736.5,735.41,735.85,0
2026-05-20T10:00:00+00:00,735.85,736.95,735.83,736.7,0
2026-05-20T11:00:00+00:00,736.6785,737.32,733.73,736.68,0
2026-05-20T12:00:00+00:00,736.69,737.54,735.75,737.36,0
2026-05-20T13:00:00+00:00,737.4,737.75,733.73,736.35,0
2026-05-20T13:30:00+00:00,735.710022,738.539978,733.8900146,737.8900146,9509663
2026-05-20T14:30:00+00:00,737.9000244,741.8699951,737.4400024,739.2949829,7312742
2026-05-20T15:30:00+00:00,739.2949829,740.9199829,738.5499878,738.9299927,3617964
2026-05-20T16:30:00+00:00,738.9500122,740.3499756,738.5112305,740.1550293,3744166
2026-05-20T17:30:00+00:00,740.1599731,740.7199707,739.2999878,740.0800171,3736704
2026-05-20T18:30:00+00:00,740.1300049,740.960022,739.6799927,740.8200073,4012145
2026-05-20T19:30:00+00:00,740.8300171,741.6099854,740.5499878,741.25,6699649
2026-05-20T20:00:00+00:00,741.3,744.79,733.51,739.52,0
2026-05-20T21:00:00+00:00,739.67,741.25,738.9,739.94,0
2026-05-20T22:00:00+00:00,739.72,739.82,737.0495,738.115,0
2026-05-20T23:00:00+00:00,738.14,738.84,737.8,738.305,0
2026-05-21T08:00:00+00:00,740.6,743.2505,738.99,742.24,0
2026-05-21T09:00:00+00:00,742.28,742.6,741.27,742.48,0
2026-05-21T10:00:00+00:00,742.44,742.63,739,739.6,0
2026-05-21T11:00:00+00:00,739.49,741.25,737.85,739.6,0
2026-05-21T12:00:00+00:00,739.5882,740.63,738.56,738.9,0
2026-05-21T13:00:00+00:00,738.975,741.25,738.07,738.51,0
2026-05-21T13:30:00+00:00,738.6400146,740.6149902,737.4146729,738.5050049,8507271
2026-05-21T14:30:00+00:00,738.5,739.3699951,737.0300293,738.7999878,4102790
2026-05-21T15:30:00+00:00,738.8099976,739.960022,737.8200073,738.7999878,3279493
2026-05-21T16:30:00+00:00,738.8099976,743.0499878,738.0900269,742.1500244,5732492
2026-05-21T17:30:00+00:00,742.1599731,744.8699951,741.9699707,743.3400269,5607523
2026-05-21T18:30:00+00:00,743.3499756,743.7199707,740.0800171,742.6799927,5845897
2026-05-21T19:30:00+00:00,742.6599731,743.1599731,741.9199829,742.75,6120549
2026-05-21T20:00:00+00:00,742.75,743.22,734.38,742.965,0
2026-05-21T21:00:00+00:00,743,743.17,742.72,742.97,0
2026-05-21T22:00:00+00:00,742.99,744.12,742.97,744.025,0
2026-05-21T23:00:00+00:00,744.0043,744.56,743.82,744.1311,0
2026-05-22T08:00:00+00:00,744.78,746.63,742.72,745.92,0
2026-05-22T09:00:00+00:00,746,746,744.1,744.11,0
2026-05-22T10:00:00+00:00,744.21,745.15,743.81,743.89,0
2026-05-22T11:00:00+00:00,743.89,744.46,743.54,744.1,0
2026-05-22T12:00:00+00:00,744.1,746.5,743.88,745.651,0
2026-05-22T13:00:00+00:00,745.7,747.32,742.72,746.815,0
2026-05-22T13:30:00+00:00,746.2399902,748.1599731,744.4799805,745.6900024,7387453
2026-05-22T14:30:00+00:00,745.7000122,747.8800049,745.460022,747.8800049,2817223
2026-05-22T15:30:00+00:00,747.8900146,748.039978,746.8499756,747.3800049,2711868
2026-05-22T16:30:00+00:00,747.3800049,748.7700195,746.6300049,748.7349854,3141071
2026-05-22T17:30:00+00:00,748.7800293,748.9400024,746.8300171,747.3099976,4062455
2026-05-22T18:30:00+00:00,747.2999878,747.4699707,745.5,745.5800171,4164830
2026-05-22T19:30:00+00:00,745.5750122,746.210022,744.9550171,745.5900269,6896388
2026-05-22T20:00:00+00:00,745.59,787.5169,742.8083,745.03,0
2026-05-22T21:00:00+00:00,745.075,745.64,744.81,745.025,0
2026-05-22T22:00:00+00:00,745.025,745.17,744.38,744.5,0
2026-05-22T23:00:00+00:00,744.595,744.69,743.73,743.74,0
2026-05-26T08:00:00+00:00,751.3,751.3,748.68,749.82,0
2026-05-26T09:00:00+00:00,749.73,750.39,749.51,750.36,0
2026-05-26T10:00:00+00:00,750.391,751.34,750.23,751.2,0
2026-05-26T11:00:00+00:00,751.27,751.69,745.64,750.73,0
2026-05-26T12:00:00+00:00,750.7592,751.25,749.82,751.135,0
2026-05-26T13:00:00+00:00,751.15,751.44,745.64,750.87,0
2026-05-26T13:30:00+00:00,750.0100098,751.8690796,749.1309814,751.539978,7110809
2026-05-26T14:30:00+00:00,751.5449829,752.1300049,749.7299805,749.8499756,4771058
2026-05-26T15:30:00+00:00,749.8499756,750,748.3699951,749.7399902,5365721
2026-05-26T16:30:00+00:00,749.7399902,750.0300293,748.5200195,748.6500244,3364825
2026-05-26T17:30:00+00:00,748.6500244,750,748.5,749.6550293,3738968
2026-05-26T18:30:00+00:00,749.6400146,750,748.8499756,749.5100098,4750425
2026-05-26T19:30:00+00:00,749.5,750.8699951,749.4949951,750.4699707,6870630
2026-05-26T20:00:00+00:00,750.49,750.68,745.6156,749.95,0
2026-05-26T21:00:00+00:00,749.97,750.59,724.4953,750.1107,0
2026-05-26T22:00:00+00:00,750.069,750.361,749.5785,749.9,0
2026-05-26T23:00:00+00:00,749.915,751.0305,749.9,750.89,0
2026-05-27T08:00:00+00:00,752.85,753.56,750.24,752.3992,0
2026-05-27T09:00:00+00:00,752.3895,752.619,752.1985,752.38,0
2026-05-27T10:00:00+00:00,752.39,753.15,752.2995,752.83,0
2026-05-27T11:00:00+00:00,752.83,753.327,750.59,752.6595,0
2026-05-27T12:00:00+00:00,752.66,754,751.235,753.322,0
2026-05-27T13:00:00+00:00,753.32,753.49,751.17,751.43,0
2026-05-27T13:30:00+00:00,750.8800049,751.3800049,749.2299805,750.0449829,9861834
2026-05-27T14:30:00+00:00,750.039978,751.0200195,748.9099731,749.5250244,3621351
2026-05-27T15:30:00+00:00,749.539978,750.2000122,748.3699951,749.670105,4242523
2026-05-27T16:30:00+00:00,749.6500244,750.6149902,748.2199707,749.1599731,3314126
2026-05-27T17:30:00+00:00,749.1599731,750.8099976,749.1450195,750.7199707,3124839
2026-05-27T18:30:00+00:00,750.710022,751.1300049,750.3099976,750.5601196,3432745
2026-05-27T19:30:00+00:00,750.5599976,750.8800049,750.0999756,750.4699707,7409462
2026-05-27T20:00:00+00:00,750.49,752.18,750.169,752.01,0
2026-05-27T21:00:00+00:00,751.93,752,750.46,751.84,0
2026-05-27T22:00:00+00:00,751.86,752.25,750.46,751.195,0
2026-05-27T23:00:00+00:00,751.179,751.47,749.77,750.05,0
2026-05-28T08:00:00+00:00,748.67,750.46,747.27,749.6597,0
2026-05-28T09:00:00+00:00,749.73,750.23,749.599,749.8,0
2026-05-28T10:00:00+00:00,749.81,750,749.0854,749.4039,0
2026-05-28T11:00:00+00:00,749.349,750.46,748.17,748.5,0
2026-05-28T12:00:00+00:00,748.49,749.25,748.37,749.15,0
2026-05-28T13:00:00+00:00,749.2,751.1,692.73,750.25,0
2026-05-28T13:30:00+00:00,750.25,754.0700073,749.2299805,752.7199707,9157032
2026-05-28T14:30:00+00:00,752.7399902,754.1400146,751.7299805,753.9400024,5081954
2026-05-28T15:30:00+00:00,753.9500122,754.8500977,753.6900024,754.3800049,2807963
2026-05-28T16:30:00+00:00,754.3999023,754.8699951,754.0700073,754.2650146,2434928
2026-05-28T17:30:00+00:00,754.2700195,754.9299927,754.0999756,754.7800293,4398507
2026-05-28T18:30:00+00:00,754.7600098,754.7800293,754.1099854,754.7600098,4777629
2026-05-28T19:30:00+00:00,754.7600098,755.1500244,754.4500122,754.6400146,6683809
2026-05-28T20:00:00+00:00,754.61,756,750.2956,755.25,0
2026-05-28T21:00:00+00:00,755.2217,755.5,754.6,755.205,0
2026-05-28T22:00:00+00:00,755.3,755.68,754.96,755.0687,0
2026-05-28T23:00:00+00:00,755.035,755.5,754.92,755.0547,0
2026-05-29T08:00:00+00:00,754.98,756.09,754.6,755.58,0
2026-05-29T09:00:00+00:00,755.59,756.34,755.05,756.0407,0
2026-05-29T10:00:00+00:00,756.0297,756.15,755.32,755.7087,0
2026-05-29T11:00:00+00:00,755.6887,756.39,754.6,755.8295,0
2026-05-29T12:00:00+00:00,755.84,756.3002,755.25,756,0
2026-05-29T13:00:00+00:00,756.02,756.1,754.6,755.7207,0
2026-05-29T13:30:00+00:00,755.9000244,758.0800171,755.5,756.5999756,9997949
2026-05-29T14:30:00+00:00,756.5999756,757.4199829,754.6900024,756.7800293,7046757
2026-05-29T15:30:00+00:00,756.8099976,757.4650269,756.2999878,756.75,3106974
2026-05-29T16:30:00+00:00,756.7600098,757.8200073,756.2199707,756.6099854,3024110
2026-05-29T17:30:00+00:00,756.5999756,756.6799927,755.1300049,756.289978,4179205
2026-05-29T18:30:00+00:00,756.289978,756.8800049,755.3599854,756.8599854,5158451
2026-05-29T19:30:00+00:00,756.8599854,757.6300049,756.1699829,756.4000244,10239410
2026-05-29T20:00:00+00:00,756.44,756.9086,755.87,755.99,0
2026-05-29T21:00:00+00:00,755.995,759.3482,755.2,755.47,0
2026-05-29T22:00:00+00:00,755.455,755.81,755.35,755.7,0
2026-05-29T23:00:00+00:00,755.66,755.8,755.28,755.76,0
2026-06-01T08:00:00+00:00,757.17,759.09,757.17,757.87,0
2026-06-01T09:00:00+00:00,757.88,758.69,757.68,758.34,0
2026-06-01T10:00:00+00:00,758.26,758.57,757.97,758.51,0
2026-06-01T11:00:00+00:00,758.511,758.84,756.48,758.73,0
2026-06-01T12:00:00+00:00,758.6797,759.28,757.66,758.09,0
2026-06-01T13:00:00+00:00,758.11,758.59,755.21,755.9681,0
2026-06-01T13:30:00+00:00,755.3599854,756.7700195,754.6900024,755.8549805,9846467
2026-06-01T14:30:00+00:00,755.8400269,756.4050293,755.2800293,756.1599731,4485379
2026-06-01T15:30:00+00:00,756.1400146,757.4199829,755.8709717,756.7800293,4751368
2026-06-01T16:30:00+00:00,756.7800293,758.5499878,756.7800293,758.5100098,3945292
2026-06-01T17:30:00+00:00,758.539978,760.2700195,757.7299805,759.8204956,5777300
2026-06-01T18:30:00+00:00,759.8200073,759.8699951,759.3699951,759.6799927,3333036
2026-06-01T19:30:00+00:00,759.6699829,759.6791992,758.039978,758.4400024,6294748
2026-06-01T20:00:00+00:00,758.43,758.84,724.228,758.01,0
2026-06-01T21:00:00+00:00,757.88,758.54,724.228,758.07,0
2026-06-01T22:00:00+00:00,758.1,758.21,756.21,756.5902,0
2026-06-01T23:00:00+00:00,756.6,756.93,756.305,756.7,0
2026-06-02T08:00:00+00:00,756.72,758.54,755.32,757.5595,0
2026-06-02T09:00:00+00:00,757.579,757.92,757.09,757.18,0
2026-06-02T10:00:00+00:00,757.19,757.7502,757.01,757.36,0
2026-06-02T11:00:00+00:00,757.4112,758.54,756.7487,757.031,0
2026-06-02T12:00:00+00:00,757.0539,757.5,756.69,757.3332,0
2026-06-02T13:00:00+00:00,757.36,758.54,755.41,756.32,0
2026-06-02T13:30:00+00:00,757.0300293,758.4699707,756.75,757.7349854,6399062
2026-06-02T14:30:00+00:00,757.7399902,760.4000244,757.7199707,759.8900146,4629833
2026-06-02T15:30:00+00:00,759.8699951,760.039978,759.2299805,759.3499756,2292200
2026-06-02T16:30:00+00:00,759.3590088,759.9699707,758.9249878,759.0250244,2326195
2026-06-02T17:30:00+00:00,759.0112305,759.3499756,758.7800293,758.9564209,2590862
2026-06-02T18:30:00+00:00,758.9553223,759.5750122,758.625,759.3300171,4064345
2026-06-02T19:30:00+00:00,759.3300171,759.6900024,759.1199951,759.4699707,4631392
2026-06-02T20:00:00+00:00,759.45,760.1405,758.3419,759.93,0
2026-06-02T21:00:00+00:00,759.95,760.0155,759.57,759.71,0
2026-06-02T22:00:00+00:00,759.92,759.95,759.2,759.2733,0
2026-06-02T23:00:00+00:00,759.2915,759.76,757.37,759.6277,0
2026-06-03T08:00:00+00:00,759.63,759.808,758.81,759.371,0
2026-06-03T09:00:00+00:00,759.37,759.44,758.9895,759.15,0
2026-06-03T10:00:00+00:00,759.15,759.47,758.34,758.8702,0
2026-06-03T11:00:00+00:00,758.83,759.57,758.38,759.025,0
2026-06-03T12:00:00+00:00,759.01,759.33,758.44,758.455,0
2026-06-03T13:00:00+00:00,758.46,759.57,757.696,758.069,0
2026-06-03T13:30:00+00:00,758.1500244,758.7999878,754.7399902,756.8099976,8761155
2026-06-03T14:30:00+00:00,756.7999878,757.0100098,755.3300171,756.1199951,3495290
2026-06-03T15:30:00+00:00,756.125,756.289978,753.8800049,754.3099976,3796249
2026-06-03T16:30:00+00:00,754.3099976,755.1799927,753.5700073,754.6325073,4522733
2026-06-03T17:30:00+00:00,754.6325073,756.039978,754.2000122,755.9799805,4086294
2026-06-03T18:30:00+00:00,755.9799805,756.0499878,754.6099854,754.8300171,6175427
2026-06-03T19:30:00+00:00,754.8300171,755.4799805,753.9000244,754.1900024,11697075
2026-06-03T20:00:00+00:00,754.2,759.3292,751.29,751.83,0
2026-06-03T21:00:00+00:00,751.89,754.24,749.85,750.65,0
2026-06-03T22:00:00+00:00,750.7,751.63,750.13,751.4,0
2026-06-03T23:00:00+00:00,751.44,751.522,750.02,750.47,0
2026-06-04T08:00:00+00:00,752,754.24,751,751.5823,0
2026-06-04T09:00:00+00:00,751.66,752.24,750.54,751.31,0
2026-06-04T10:00:00+00:00,751.28,752.25,751.04,751.05,0
2026-06-04T11:00:00+00:00,751.118,754.24,750.12,751.3661,0
2026-06-04T12:00:00+00:00,751.37,752.03,749.8,751.44,0
2026-06-04T13:00:00+00:00,751.56,754.24,751.45,752.21,0
2026-06-04T13:30:00+00:00,752.0999756,754.289978,751.4699707,754.0200195,9226817
2026-06-04T14:30:00+00:00,754.0200195,755.9699707,753.3800049,755.8649902,6914754
2026-06-04T15:30:00+00:00,755.8599854,756.6699829,754.7999878,756.5,4126933
2026-06-04T16:30:00+00:00,756.5200195,757.1799927,756.0499878,757.1099854,3334279
2026-06-04T17:30:00+00:00,757.1099854,757.9299927,757.0200195,757.8099976,4265241
2026-06-04T18:30:00+00:00,757.7999878,758.2999878,757.5,758.289978,5269760
2026-06-04T19:30:00+00:00,758.289978,758.3099976,756.7999878,757.0499878,10503046
2026-06-04T20:00:00+00:00,757.03,757.31,753.8681,755.9882,0
2026-06-04T21:00:00+00:00,756,757.09,755.55,756.0104,0
2026-06-04T22:00:00+00:00,756.08,756.26,755.07,755.84,0
2026-06-04T23:00:00+00:00,755.8,755.87,754.5597,754.5597,0
2026-06-05T08:00:00+00:00,753.27,757.09,752.2892,754.11,0
2026-06-05T09:00:00+00:00,754.12,755.39,753.42,754.0776,0
2026-06-05T10:00:00+00:00,754.1785,754.91,753.88,754.83,0
2026-06-05T11:00:00+00:00,754.79,757.09,753.45,754.37,0
2026-06-05T12:00:00+00:00,754.35,754.63,753.25,753.56,0
2026-06-05T13:00:00+00:00,753.61,757.09,751.97,752.12,0
2026-06-05T13:30:00+00:00,752.3099976,752.8200073,748.2249756,749.2199707,12324478
2026-06-05T14:30:00+00:00,749.210022,750.7399292,747.539978,748.1480103,5219735
2026-06-05T15:30:00+00:00,748.1099854,748.4199829,744.6199951,744.7401123,7222216
2026-06-05T16:30:00+00:00,744.7399902,744.8099976,742.460022,744.0300293,10431221
2026-06-05T17:30:00+00:00,744.0200195,745.2949829,740.5,740.9000244,10285858
2026-06-05T18:30:00+00:00,740.9000244,741.1400146,735.5250244,738.4500122,16033105
2026-06-05T19:30:00+00:00,738.4500122,739.7999878,736.960022,737.4000244,14934583
2026-06-05T20:00:00+00:00,737.42,757.0198,733.47,734.45,0
2026-06-05T21:00:00+00:00,734.36,737.55,733.81,735.0649,0
2026-06-05T22:00:00+00:00,735.1,737.24,734.8201,736.95,0
2026-06-05T23:00:00+00:00,736.72,737.5,734.61,735.0097,0
2026-06-08T08:00:00+00:00,739.17,740.71,736.32,739.34,0
2026-06-08T09:00:00+00:00,739.33,739.77,738.449,739.38,0
2026-06-08T10:00:00+00:00,739.2685,740.71,738.92,739.65,0
2026-06-08T11:00:00+00:00,739.65,743,737.55,742.85,0
2026-06-08T12:00:00+00:00,742.88,743.47,742.14,743.39,0
2026-06-08T13:00:00+00:00,743.405,744.42,737.55,743.86,0
2026-06-08T13:30:00+00:00,743.3599854,744.5100098,740.5999756,742.4799805,11167759
2026-06-08T14:30:00+00:00,742.4400024,745.3400269,741.9699707,743.2299805,5679999
2026-06-08T15:30:00+00:00,743.25,744.3499756,741.8699951,742.1400146,4298546
2026-06-08T16:30:00+00:00,742.1599731,742.9699707,740.0800171,742.0300293,4943512
2026-06-08T17:30:00+00:00,742.0100098,742.3900146,740.4000244,741.960022,4297783
2026-06-08T18:30:00+00:00,741.9699707,742.4500122,738.1900024,739.2000122,5547239
2026-06-08T19:30:00+00:00,739.210022,740.1799927,738.7700195,739.3099976,5881438
2026-06-08T20:00:00+00:00,739.3,739.58,738.47,739.0475,0
2026-06-08T21:00:00+00:00,739.0412,739.22,738.85,739.075,0
2026-06-08T22:00:00+00:00,739.02,739.4,736.88,738.905,0
2026-06-08T23:00:00+00:00,738.9,739.63,738.088,738.74,0
2026-06-09T08:00:00+00:00,740,742.48,739,742.1,0
2026-06-09T09:00:00+00:00,742.151,742.83,741.88,742.77,0
2026-06-09T10:00:00+00:00,742.7,742.99,741.21,742.705,0
2026-06-09T11:00:00+00:00,742.6904,743.39,739.22,742.455,0
2026-06-09T12:00:00+00:00,742.43,742.89,741.95,742.175,0
2026-06-09T13:00:00+00:00,742.2,743.69,739.22,742.9313,0
2026-06-09T13:30:00+00:00,743.6300049,746.9000244,739.4199829,741.210022,11226356
2026-06-09T14:30:00+00:00,741.1699829,741.710022,730.7700195,731,10019337
2026-06-09T15:30:00+00:00,731,732.75,725.2999878,727.3599854,12808370
2026-06-09T16:30:00+00:00,727.3400269,731.2800293,722.5900269,730.7600098,14021041
2026-06-09T17:30:00+00:00,730.7800293,735.1799927,730.210022,735.0999756,7955274
2026-06-09T18:30:00+00:00,735.1199951,737.6900024,733.2000122,734.5999756,7763086
2026-06-09T19:30:00+00:00,734.5800171,737.4699707,732.5300293,737.0599976,10798149
2026-06-09T20:00:00+00:00,737.06,739.2846,696.8186,736.75,0
2026-06-09T21:00:00+00:00,736.75,737.05,724.4953,735.55,0
2026-06-09T22:00:00+00:00,735.62,736.49,734.19,734.785,0
2026-06-09T23:00:00+00:00,734.86,735.76,734.31,735.6983,0
2026-06-10T08:00:00+00:00,735.73,737.05,733.05,733.22,0
2026-06-10T09:00:00+00:00,733.36,733.66,729.82,731.56,0
2026-06-10T10:00:00+00:00,731.601,732.19,730.47,731.69,0
2026-06-10T11:00:00+00:00,731.57,737.05,728.5,729.6368,0
2026-06-10T12:00:00+00:00,729.6,731.9206,728.31,731.56,0
2026-06-10T13:00:00+00:00,731.685,737.05,730.25,733.1082,0
2026-06-10T13:30:00+00:00,733.3900146,738.3800049,731.5,737.25,11650589
2026-06-10T14:30:00+00:00,737.2199707,737.9500122,729.5100098,731.4299927,6846653
2026-06-10T15:30:00+00:00,731.4899902,732.7700195,728.4899902,730.6799927,5780521
2026-06-10T16:30:00+00:00,730.6799927,732.3099976,728.6699829,729.5900269,3889305
2026-06-10T17:30:00+00:00,729.5900269,731.7700195,727.8599854,729.5499878,4778001
2026-06-10T18:30:00+00:00,729.5750122,729.5800781,725.4799805,725.9899902,8266393
2026-06-10T19:30:00+00:00,725.9899902,727.8900146,725.3300171,725.4299927,10533472
2026-06-10T20:00:00+00:00,725.43,737.4025,686.9754,724.64,0
2026-06-10T21:00:00+00:00,724.59,727.66,724.21,724.45,0
2026-06-10T22:00:00+00:00,724.31,724.8,722.27,722.41,0
2026-06-10T23:00:00+00:00,722.32,724.24,721.23,722.8604,0
2026-06-11T08:00:00+00:00,730.03,731.73,725.43,731.21,0
2026-06-11T09:00:00+00:00,731.25,731.73,731.13,731.2925,0
2026-06-11T10:00:00+00:00,731.2713,731.85,730.82,730.82,0
2026-06-11T11:00:00+00:00,730.87,731.36,725.43,730.23,0
2026-06-11T12:00:00+00:00,730.2585,731.6,727.5,728.96,0
2026-06-11T13:00:00+00:00,728.68,729.8914,725.5573,728.88,0
2026-06-11T13:30:00+00:00,728.7600098,731.5750122,726.3499756,728.8150024,13356726
2026-06-11T14:30:00+00:00,728.8449707,730.0700073,724.4050293,727.1799927,6811564
2026-06-11T15:30:00+00:00,727.1799927,730.3099976,726.7299805,727.8800049,5809538
2026-06-11T16:30:00+00:00,727.8800049,732.6799927,725.2600098,732.5200195,8766795
2026-06-11T17:30:00+00:00,732.539978,736.6199951,732.2249756,734.5200195,13607043
2026-06-11T18:30:00+00:00,734.5499878,738.2399902,734.0499878,737.9199829,8609578
2026-06-11T19:30:00+00:00,737.9299927,740,737.3200073,737.6400146,16282891
2026-06-11T20:00:00+00:00,737.65,739,699.048,737.9956,0
2026-06-11T21:00:00+00:00,737.97,738.24,737.61,737.8477,0
2026-06-11T22:00:00+00:00,737.86,739.625,737.85,739.16,0
2026-06-11T23:00:00+00:00,739.15,739.72,738.37,739.48,0
2026-06-12T08:00:00+00:00,738.92,741.15,735.9,740.46,0
2026-06-12T09:00:00+00:00,740.55,742.11,739.1677,742,0
2026-06-12T10:00:00+00:00,742,743.37,740.37,740.54,0
2026-06-12T11:00:00+00:00,740.54,742.35,737.76,742.14,0
2026-06-12T12:00:00+00:00,742.18,743.11,740.85,740.89,0
2026-06-12T13:00:00+00:00,740.92,741.11,737.76,739.895,0
2026-06-12T13:30:00+00:00,740.710022,741.1149902,735.0300293,739.5900269,11180276
2026-06-12T14:30:00+00:00,739.5900269,744.4400024,737.1699829,744.1500244,6714507
2026-06-12T15:30:00+00:00,744.1599731,744.1900024,738.1699829,740.6099854,8575107
2026-06-12T16:30:00+00:00,740.6199951,743,740.2600098,742.0900269,3739079
2026-06-12T17:30:00+00:00,742.1199951,742.2399902,740.4199829,741.2600098,4506230
2026-06-12T18:30:00+00:00,741.25,742.335022,740.9500122,741.4199829,5456681
2026-06-12T19:30:00+00:00,741.4099731,742,740.0700073,741.6599731,6401646
2026-06-12T20:00:00+00:00,741.65,742.74,738.2003,741.9596,0
2026-06-12T21:00:00+00:00,741.98,759.3482,741.42,742.1,0
2026-06-12T22:00:00+00:00,742.1,742.4,741.94,742.32,0
2026-06-12T23:00:00+00:00,742.32,742.49,742.18,742.36,0
2026-06-15T08:00:00+00:00,750.12,751.55,748,751.23,0
2026-06-15T09:00:00+00:00,751.27,751.53,750.44,750.4988,0
2026-06-15T10:00:00+00:00,750.48,751.06,750.2,751.04,0
2026-06-15T11:00:00+00:00,751.02,752,741.75,751.86,0
2026-06-15T12:00:00+00:00,751.9,752.1,750.71,750.86,0
2026-06-15T13:00:00+00:00,750.87,751.64,741.75,751.575,0
2026-06-15T13:30:00+00:00,751.8499756,754.0900269,751.7600098,753.6500244,9503307
2026-06-15T14:30:00+00:00,753.6500244,755.2299805,752.9500122,755.1400146,4760946
2026-06-15T15:30:00+00:00,755.1199951,756.6799927,754.5,756.5,4867047
2026-06-15T16:30:00+00:00,756.4799805,756.6199951,755.0900269,756.1300049,3993748
2026-06-15T17:30:00+00:00,756.1199951,756.2999878,754.6500244,754.7199707,3578888
2026-06-15T18:30:00+00:00,754.7199707,755.4699707,754.3599854,754.3699951,6693824
2026-06-15T19:30:00+00:00,754.3699951,754.9400024,753.4000244,754.6599731,11698649
2026-06-15T20:00:00+00:00,754.64,754.9,724.228,754.32,0
2026-06-15T21:00:00+00:00,754.34,754.83,724.228,754.53,0
2026-06-15T22:00:00+00:00,754.52,754.71,753.06,753.6,0
2026-06-15T23:00:00+00:00,753.52,753.99,753.3,753.92,0
2026-06-16T08:00:00+00:00,753.63,754.91,753.42,754.46,0
2026-06-16T09:00:00+00:00,754.53,754.76,753.93,754.08,0
2026-06-16T10:00:00+00:00,754.11,754.5885,753.7792,754.49,0
2026-06-16T11:00:00+00:00,754.5,755.3502,754.3287,755.085,0
2026-06-16T12:00:00+00:00,755.0607,755.36,754.03,754.39,0
2026-06-16T13:00:00+00:00,754.46,754.83,753.9,754.25,0
2026-06-16T13:30:00+00:00,754.5499878,755.4400024,753.0599976,753.0599976,6980002
2026-06-16T14:30:00+00:00,753.0650024,753.960022,752.2700195,752.6499023,5567027
2026-06-16T15:30:00+00:00,752.6599731,753.9699707,751.710022,753.3599854,6496244
2026-06-16T16:30:00+00:00,753.3499756,753.4199829,751.8900146,752.1900024,4392504
2026-06-16T17:30:00+00:00,752.1799927,752.6799927,751.4500122,752.1350098,4079127
2026-06-16T18:30:00+00:00,752.1400146,752.25,750.0800171,751.2199707,6586043
2026-06-16T19:30:00+00:00,751.2199707,751.3200073,749.8800049,750.3499756,11860081
2026-06-16T20:00:00+00:00,750.39,754.3339,749,749.88,0
2026-06-16T21:00:00+00:00,750,750.43,697.8151,750.075,0
2026-06-16T22:00:00+00:00,750,751.36,750,751.25,0
2026-06-16T23:00:00+00:00,751.24,751.29,750.53,750.78,0
2026-06-17T08:00:00+00:00,752.28,752.97,750.33,751.6312,0
2026-06-17T09:00:00+00:00,751.71,751.83,750.89,751.75,0
2026-06-17T10:00:00+00:00,751.77,751.9,750.24,750.94,0
2026-06-17T11:00:00+00:00,750.93,751.57,750.33,751.195,0
2026-06-17T12:00:00+00:00,751.2,751.2,750.1,750.8,0
2026-06-17T13:00:00+00:00,750.815,751.385,750.33,751.15,0
2026-06-17T13:30:00+00:00,751.289978,752.1500244,749.6099854,751.6900024,8522283
2026-06-17T14:30:00+00:00,751.6887817,751.7299805,747.8699951,750,7106751
2026-06-17T15:30:00+00:00,750.0100098,751.0300293,749.7600098,750.7600098,3035787
2026-06-17T16:30:00+00:00,750.7600098,750.8610229,748.4199829,749.6599731,3810026
2026-06-17T17:30:00+00:00,749.6599731,750.9099731,743.4661865,746.2249756,10111770
2026-06-17T18:30:00+00:00,746.210022,750.3400269,741.7800293,742.0599976,17837778
2026-06-17T19:30:00+00:00,742.0599976,742.3599854,739.2299805,740.9299927,19088162
2026-06-17T20:00:00+00:00,741.02,750.0655,740.7,742.82,0
2026-06-17T21:00:00+00:00,742.8,743.03,740.96,742.88,0
2026-06-17T22:00:00+00:00,742.88,744.4309,742.23,744.2,0
2026-06-17T23:00:00+00:00,744.2485,745.67,744.1,745.64,0
2026-06-18T08:00:00+00:00,746.05,747.0002,740.96,745.9,0
2026-06-18T09:00:00+00:00,745.86,746.25,744.9054,745.59,0
2026-06-18T10:00:00+00:00,745.49,746.67,745.49,746.29,0
2026-06-18T11:00:00+00:00,746.28,746.49,740.96,744.335,0
2026-06-18T12:00:00+00:00,744.36,745.69,743.35,745.56,0
2026-06-18T13:00:00+00:00,745.65,746.59,739.05646,746.24,0
2026-06-18T13:30:00+00:00,747.7600098,748.2000122,743.8599854,745.3699951,14763380
2026-06-18T14:30:00+00:00,745.3300171,747.3099976,744.4299927,745.3800049,4894836
2026-06-18T15:30:00+00:00,745.3800049,746.8800049,744.3309937,746.6500244,20896046
2026-06-18T16:30:00+00:00,746.6500244,748.1300049,746.210022,747.5499878,5414417
2026-06-18T17:30:00+00:00,747.5700073,747.960022,746.4199829,746.5,5209733
2026-06-18T18:30:00+00:00,746.5100098,746.9699707,745.2000122,746.0100098,5147450
2026-06-18T19:30:00+00:00,746.0100098,748.2299805,745.6099854,746.5900269,11540450
2026-06-18T20:00:00+00:00,746.56,748.5,739.0742,747.7,0
2026-06-18T21:00:00+00:00,747.675,748.17,746.74,747.92,0
2026-06-18T22:00:00+00:00,747.95,748.18,746.33,746.51,0
2026-06-18T23:00:00+00:00,746.53,747.18,746.41,746.94,0
2026-06-22T08:00:00+00:00,746.95,747.0367,742.02,745.81,0
2026-06-22T09:00:00+00:00,745.75,746.76,745.67,746.37,0
2026-06-22T10:00:00+00:00,746.42,746.83,745.8,746.63,0
2026-06-22T11:00:00+00:00,746.56,748.1,746.03,746.51,0
2026-06-22T12:00:00+00:00,746.54,747.8,744.06,747.798,0
2026-06-22T13:00:00+00:00,747.775,748.13,746.74,747.98,0
2026-06-22T13:30:00+00:00,747.7000122,750.1799927,746.4400024,746.5100098,7659258
2026-06-22T14:30:00+00:00,746.5100098,746.6099854,743.1500244,744.3900146,5574433
2026-06-22T15:30:00+00:00,744.3800049,746.2800293,743.5900269,744.7849731,4421455
2026-06-22T16:30:00+00:00,744.789978,745.3099976,743.960022,744.7000122,3058874
2026-06-22T17:30:00+00:00,744.7299805,745.7399902,743.9799805,745.1298828,4778323
2026-06-22T18:30:00+00:00,745.1300049,745.5300903,743.2800903,743.4050293,5919565
2026-06-22T19:30:00+00:00,743.4050293,744.8699951,743.1300049,744.3800049,9181588
2026-06-22T20:00:00+00:00,744.36,745.06,695.0064,744.48,0
2026-06-22T21:00:00+00:00,744.48,787.5169,694.7129,744.585,0
2026-06-22T22:00:00+00:00,744.59,745.15,743.44,743.735,0
2026-06-22T23:00:00+00:00,743.75,743.86,743.13,743.68,0
2026-06-23T08:00:00+00:00,733.97,744.39,732.88,733.2,0
2026-06-23T09:00:00+00:00,733.2,735.32,733.05,735.18,0
2026-06-23T10:00:00+00:00,735.16,735.66,734.52,734.68,0
2026-06-23T11:00:00+00:00,734.6715,744.39,733.47,734.77,0
2026-06-23T12:00:00+00:00,734.71,736.25,734.12,734.55,0
2026-06-23T13:00:00+00:00,734.55,744.39,733.63,734.22,0
2026-06-23T13:30:00+00:00,733.8099976,739.6300049,732.2999878,738.9000244,12468425
2026-06-23T14:30:00+00:00,738.9000244,739.1099854,734.2600098,734.5900269,5074499
2026-06-23T15:30:00+00:00,734.5999756,737.6699219,734.210022,737.3800049,4503403
2026-06-23T16:30:00+00:00,737.3800049,738.0999756,736.5100098,737.5300293,3212828
2026-06-23T17:30:00+00:00,737.5599976,738.0300293,735.2199707,735.4000244,4109325
2026-06-23T18:30:00+00:00,735.3900146,735.5999756,733.3200073,735.0100098,10213893
2026-06-23T19:30:00+00:00,735.0200195,735.5599976,733.5,733.6699829,15864367
2026-06-23T20:00:00+00:00,733.69,744.3669,685.1364,734.87,0
2026-06-23T21:00:00+00:00,734.815,735.07,733.58,734.96,0
2026-06-23T22:00:00+00:00,734.95,735.4239,733.2482,733.85,0
2026-06-23T23:00:00+00:00,733.9077,735.41,732.4,735.02,0
2026-06-24T08:00:00+00:00,736.18,736.34,733.58,735.29,0
2026-06-24T09:00:00+00:00,735.28,735.75,734.8,735.06,0
2026-06-24T10:00:00+00:00,735.13,735.4787,734.43,735.4787,0
2026-06-24T11:00:00+00:00,735.48,736.29,733.58,735.22,0
2026-06-24T12:00:00+00:00,735.215,737.12,735.215,736.92,0
2026-06-24T13:00:00+00:00,736.88,737.1,734.65,734.7401,0
2026-06-24T13:30:00+00:00,735.1699829,737.7000122,734.1099854,736.4899902,9730442
2026-06-24T14:30:00+00:00,736.460022,739.9450073,736.1599731,739.6400146,4994675
2026-06-24T15:30:00+00:00,739.6300049,739.9299927,737.8099976,738.0800171,2706556
2026-06-24T16:30:00+00:00,738.0900269,738.0999756,732.0599976,732.1599731,4762186
2026-06-24T17:30:00+00:00,732.1599731,734.6599731,731.2800293,734.3400269,6045603
2026-06-24T18:30:00+00:00,734.3519897,734.5700073,730.8400269,731.9799805,7264289
2026-06-24T19:30:00+00:00,731.9699707,733.3499756,730.9299927,733.0800171,8698107
2026-06-24T20:00:00+00:00,733.04,738.35,686.9754,737.8335,0
2026-06-24T21:00:00+00:00,737.83,738.04,733.24,737.89,0
2026-06-24T22:00:00+00:00,737.8,738.7972,736.69,736.7,0
2026-06-24T23:00:00+00:00,736.7,737.75,736.44,737.22,0
2026-06-25T08:00:00+00:00,737.72,739.48,733.24,738.78,0
2026-06-25T09:00:00+00:00,738.74,738.87,737.9,738.2285,0
2026-06-25T10:00:00+00:00,738.25,738.97,738.1762,738.89,0
2026-06-25T11:00:00+00:00,738.97,739,733.24,737.72,0
2026-06-25T12:00:00+00:00,737.715,738.61,737.54,737.795,0
2026-06-25T13:00:00+00:00,737.65,739.92,733.24,738.66,0
2026-06-25T13:30:00+00:00,738.9099731,739.3699951,729.5999756,735.4749756,12864340
2026-06-25T14:30:00+00:00,735.4400024,737.8200073,731.8499756,734.289978,6625052
2026-06-25T15:30:00+00:00,734.289978,736.2700195,733.6699829,734.1900024,3730861
2026-06-25T16:30:00+00:00,734.2249756,734.25,731.5,733.2600098,3234443
2026-06-25T17:30:00+00:00,733.2700195,736.0599976,731.3800049,735.8400269,5410617
2026-06-25T18:30:00+00:00,735.8300171,735.8499756,731.8699951,732.392395,5843823
2026-06-25T19:30:00+00:00,732.3900146,733.3800049,731.3300171,733.2700195,7748399
2026-06-25T20:00:00+00:00,733.27,735.86,732.8989,733.74,0
2026-06-25T21:00:00+00:00,733.92,734.3,733.36,733.46,0
2026-06-25T22:00:00+00:00,733.5,734,699.048,733.07,0
2026-06-25T23:00:00+00:00,733.0975,735.88,732.25,732.89,0
2026-06-26T08:00:00+00:00,732,734.3,727.34,731.59,0
2026-06-26T09:00:00+00:00,731.47,731.52,728.8,729.26,0
2026-06-26T10:00:00+00:00,729.14,730.4,728.48,729.3917,0
2026-06-26T11:00:00+00:00,729.35,734.3,729.15,729.44,0
2026-06-26T12:00:00+00:00,729.475,731.22,727.75,730.32,0
2026-06-26T13:00:00+00:00,730.31,734.3,728.22,728.575,0
2026-06-26T13:30:00+00:00,728.9450073,734.2424927,726.8599854,733.4899902,9853564
2026-06-26T14:30:00+00:00,733.4899902,734.6699829,731.6005249,734.6699829,4997069
2026-06-26T15:30:00+00:00,734.6699829,736.5300293,732.7399902,733.4199829,5834572
2026-06-26T16:30:00+00:00,733.4000244,735.8599854,733.4000244,734.7199707,4887310
2026-06-26T17:30:00+00:00,734.7199707,735.3900146,732.7399902,732.8300171,4669134
2026-06-26T18:30:00+00:00,732.8300171,733.6699829,731.2800293,732.1900024,8225074
2026-06-26T19:30:00+00:00,732.2000122,733.8599854,716.5800171,729.0800171,11940112
2026-06-26T20:00:00+00:00,729.08,732.931,716.58,730.57,0
2026-06-26T21:00:00+00:00,730.7566,759.3482,728.99,731.2692,0
2026-06-26T22:00:00+00:00,731.08,731.7755,731.01,731.25,0
2026-06-26T23:00:00+00:00,731.255,731.41,730.8,731.2006,0
2026-06-29T08:00:00+00:00,736.02,737.08,734.52,736.48,0
2026-06-29T09:00:00+00:00,736.39,736.93,735.85,736.54,0
2026-06-29T10:00:00+00:00,736.58,736.88,735.57,736.76,0
2026-06-29T11:00:00+00:00,736.85,737.85,728.99,737.04,0
2026-06-29T12:00:00+00:00,736.98,738.1,736.83,737.33,0
2026-06-29T13:00:00+00:00,737.33,737.61,728.99,737.54,0
2026-06-29T13:30:00+00:00,736.5250244,739.8950195,732.0900269,736.0700073,12165267
2026-06-29T14:30:00+00:00,736.0800171,738.3200073,735.8800049,737.7700195,5804066
2026-06-29T15:30:00+00:00,737.7600098,739.1300049,737.210022,738.3300171,5679488
2026-06-29T16:30:00+00:00,738.3400269,740.375,737.9699707,740.1400146,3772300
2026-06-29T17:30:00+00:00,740.1350098,740.8200073,739.9799805,740.2150269,3753772
2026-06-29T18:30:00+00:00,740.2150269,741.1900024,740.1500244,740.8699951,6234009
2026-06-29T19:30:00+00:00,740.8699951,741.5599976,740.2299805,740.8499756,9675059
2026-06-29T20:00:00+00:00,740.84,741.2041,695.5197,740.57,0
2026-06-29T21:00:00+00:00,740.64,741,694.508,740.75,0
2026-06-29T22:00:00+00:00,740.65,740.91,740.24,740.67,0
2026-06-29T23:00:00+00:00,740.585,741.02,740.42,740.76,0
2026-06-30T08:00:00+00:00,742,742.75,740.82,742.2,0
2026-06-30T09:00:00+00:00,742.14,742.31,740.72,741.55,0
2026-06-30T10:00:00+00:00,741.54,742.12,741.13,742.03,0
2026-06-30T11:00:00+00:00,742.14,742.99,741,742.37,0
2026-06-30T12:00:00+00:00,742.44,743,740.9,740.9,0
2026-06-30T13:00:00+00:00,740.91,741.5,740.46,740.95,0
2026-06-30T13:30:00+00:00,741.289978,744.5750122,740.8900146,744.4799805,10350814
2026-06-30T14:30:00+00:00,744.4699707,745.3800049,742.9299927,745.2600098,4226880
2026-06-30T15:30:00+00:00,745.2750244,746.6199951,744.7940063,746.289978,3672181
2026-06-30T16:30:00+00:00,746.289978,747.1400146,746.1199951,746.4899902,3158981
2026-06-30T17:30:00+00:00,746.5100098,747.0800171,746.1500244,746.7999878,3189009
2026-06-30T18:30:00+00:00,746.7700195,748.0200195,746.5599976,747.4199829,5917429
2026-06-30T19:30:00+00:00,747.4299927,747.8599854,746.3699951,746.4799805,12901546
2026-06-30T20:00:00+00:00,746.41,747.144,696.5619,745.88,0
2026-06-30T21:00:00+00:00,745.9,746.77,696.5619,746,0
2026-06-30T22:00:00+00:00,746,746.68,745.8,746,0
2026-06-30T23:00:00+00:00,746,746.41,745.89,746.3,0
2026-07-01T08:00:00+00:00,744.78,746.77,742.97,744.19,0
2026-07-01T09:00:00+00:00,744.2,744.71,744.0344,744.34,0
2026-07-01T10:00:00+00:00,744.34,745.3,744.25,745.2111,0
2026-07-01T11:00:00+00:00,745.24,746.77,744.87,745.3,0
2026-07-01T12:00:00+00:00,745.33,745.55,744.4,745.3,0
2026-07-01T13:00:00+00:00,745.29,746.77,744.17,744.47,0
2026-07-01T13:30:00+00:00,745,747.0200195,742.375,746.8200073,10203327
2026-07-01T14:30:00+00:00,746.8200073,749.3200073,745.6900024,749.289978,6121590
2026-07-01T15:30:00+00:00,749.2800293,749.4349976,748.3400269,748.9700928,3165300
2026-07-01T16:30:00+00:00,748.9799805,749.210022,747.039978,747.9299927,3257489
2026-07-01T17:30:00+00:00,747.9400024,748.1799927,746.710022,747.1400146,2875250
2026-07-01T18:30:00+00:00,747.1300049,747.6900024,746.4500122,746.9400024,4148716
2026-07-01T19:30:00+00:00,746.9400024,747.3099976,745.1599731,745.7000122,8202050
2026-07-01T20:00:00+00:00,745.67,747.1557,744.2,744.88,0
2026-07-01T21:00:00+00:00,744.8999,745.76,744.74,745.11,0
2026-07-01T22:00:00+00:00,745.16,745.76,744.76,745.5899,0
2026-07-01T23:00:00+00:00,745.6,745.6,744.5,744.97,0
2026-07-02T08:00:00+00:00,745.26,747.494,744.01,745.57,0
2026-07-02T09:00:00+00:00,745.57,746.41,745.4,745.6817,0
2026-07-02T10:00:00+00:00,745.76,746.18,745.15,745.6882,0
2026-07-02T11:00:00+00:00,745.67,746.3484,745.67,746.22,0
2026-07-02T12:00:00+00:00,746.19,747.6,746.01,747.47,0
2026-07-02T13:00:00+00:00,747.59,749.54,745.76,747.3678,0
2026-07-02T13:30:00+00:00,747.4000244,751.3099976,747.0999756,747.9400024,8848490
2026-07-02T14:30:00+00:00,747.9500122,749.3800049,744.2000122,744.9099731,6196242
2026-07-02T15:30:00+00:00,744.8800049,746.710022,743.3699951,743.539978,3966804
2026-07-02T16:30:00+00:00,743.5599976,743.5700073,740.3699951,741.5300293,6493451
2026-07-02T17:30:00+00:00,741.539978,742.9000244,740.0300293,742.7199707,4147807
2026-07-02T18:30:00+00:00,742.710022,743.5100098,741.2700195,742.3099976,4678564
2026-07-02T19:30:00+00:00,742.3400269,745.5800171,742.1699829,744.8400269,10800864
2026-07-02T20:00:00+00:00,744.8,745.5757,694.1241,744.385,0
2026-07-02T21:00:00+00:00,744.53,744.78,693.9749,744.7,0
2026-07-02T22:00:00+00:00,744.64,745.68,744.58,745.65,0
2026-07-02T23:00:00+00:00,745.63,745.88,745.04,745.7383,0
2026-07-06T08:00:00+00:00,747.02,748.88,746.25,748.4,0
2026-07-06T09:00:00+00:00,748.41,748.65,748.03,748.4415,0
2026-07-06T10:00:00+00:00,748.48,748.85,747.999,748.5,0
2026-07-06T11:00:00+00:00,748.51,748.76,744.78,748.185,0
2026-07-06T12:00:00+00:00,748.15,748.68,747.67,748.02,0
2026-07-06T13:00:00+00:00,748.01,748.52,744.78,747.75,0
2026-07-06T13:30:00+00:00,748.7399902,749.9799805,747.4099731,749.9400024,9502673
2026-07-06T14:30:00+00:00,749.9299927,750.8099976,749.0999756,750.7600098,5007184
2026-07-06T15:30:00+00:00,750.7800293,751.1199951,750.3499756,750.6500244,3857791
2026-07-06T16:30:00+00:00,750.6500244,751.5300293,750.3699951,750.7000122,4006847
2026-07-06T17:30:00+00:00,750.7000122,751.6063843,749.6300049,751.3300171,3570667
2026-07-06T18:30:00+00:00,751.3300171,752.4099731,751.0100098,752.289978,5760478
2026-07-06T19:30:00+00:00,752.2800293,752.289978,750.7700195,751.3099976,10857183
2026-07-06T20:00:00+00:00,751.32,752.22,751.0363,751.65,0
2026-07-06T21:00:00+00:00,751.55,787.5169,751.28,751.82,0
2026-07-06T22:00:00+00:00,751.8,752.16,751.28,751.45,0
2026-07-06T23:00:00+00:00,751.5,751.85,750.52,750.66,0
2026-07-07T08:00:00+00:00,749.39,751.28,748.5,750.29,0
2026-07-07T09:00:00+00:00,750.37,750.48,749.8,750.18,0
2026-07-07T10:00:00+00:00,750.1807,750.58,749.95,750.31,0
2026-07-07T11:00:00+00:00,750.32,751.28,749.4308,749.8,0
2026-07-07T12:00:00+00:00,749.78,750.73,749.46,750.54,0
2026-07-07T13:00:00+00:00,750.55,751.28,749.78,750.29,0
2026-07-07T13:30:00+00:00,750.2199707,750.960022,746.0900269,746.7000122,8890149
2026-07-07T14:30:00+00:00,746.6799927,747.0100098,745.210022,746.3690186,5436793
2026-07-07T15:30:00+00:00,746.3599854,748.9899902,745.4299927,748.7700195,4078018
2026-07-07T16:30:00+00:00,748.7650146,749.3400269,748.2399902,748.8400269,3691978
2026-07-07T17:30:00+00:00,748.8499756,749.2999878,748.6500244,748.9899902,2974819
2026-07-07T18:30:00+00:00,749,749.0700073,746,746.7000122,6988089
2026-07-07T19:30:00+00:00,746.6699829,747.9699707,746.3800049,747.7000122,7041325
2026-07-07T20:00:00+00:00,747.66,751.0504,747.03,747.54,0
2026-07-07T21:00:00+00:00,747.54,747.71,696.8186,746.47,0
2026-07-07T22:00:00+00:00,746.47,747.71,746.1,746.985,0
2026-07-07T23:00:00+00:00,746.935,747.5,746.11,746.155,0
2026-07-08T08:00:00+00:00,747.5,747.97,742.12,742.19,0
2026-07-08T09:00:00+00:00,742.1682,742.27,739.34,740.07,0
2026-07-08T10:00:00+00:00,739.94,740.84,739.4,740.58,0
2026-07-08T11:00:00+00:00,740.55,747.71,740.25,740.78,0
2026-07-08T12:00:00+00:00,740.745,743.72,740.6,743.62,0
2026-07-08T13:00:00+00:00,743.66,744.3,742.92,743.85,0
2026-07-08T13:30:00+00:00,743.1599731,744.9249878,742.6400146,743.1099854,10234656
2026-07-08T14:30:00+00:00,743.0900269,743.6900024,739.5499878,739.9400024,6071240
2026-07-08T15:30:00+00:00,739.960022,743.4699707,739.5100098,743.0999756,4562954
2026-07-08T16:30:00+00:00,743.0900269,745.7800293,742.4500122,745.7199707,4222351
2026-07-08T17:30:00+00:00,745.7299805,746.0900269,743.9500122,744.6699829,3657543
2026-07-08T18:30:00+00:00,744.6699829,745.7249756,744.2600098,745.1900024,3204464
2026-07-08T19:30:00+00:00,745.2000122,746.1500244,744.4099731,745.289978,5785310
2026-07-08T20:00:00+00:00,745.29,747.7052,743.45,744.13,0
2026-07-08T21:00:00+00:00,744.065,745.4,743.73,744.42,0
2026-07-08T22:00:00+00:00,744.38,745.4,744.25,744.475,0
2026-07-08T23:00:00+00:00,744.498,745.37,744.25,745.34,0
2026-07-09T08:00:00+00:00,747.51,748.43,745.4,747.9228,0
2026-07-09T09:00:00+00:00,747.89,747.9755,746.7,746.87,0
2026-07-09T10:00:00+00:00,746.77,747.07,746.03,746.6915,0
2026-07-09T11:00:00+00:00,746.67,746.81,745.4,746.57,0
2026-07-09T12:00:00+00:00,746.56,747.84,745.98,747.7566,0
2026-07-09T13:00:00+00:00,747.45,748.08,745.4,747.39,0
2026-07-09T13:30:00+00:00,747.3499756,749.2299805,745.5900269,747.8798828,10117150
2026-07-09T14:30:00+00:00,747.8599854,749.9799805,747.0999756,749.7999878,3400546
2026-07-09T15:30:00+00:00,749.7800293,750.8200073,749.4849854,750.6400146,3846118
2026-07-09T16:30:00+00:00,750.6400146,751.789978,750.2399902,751.7550049,3163238
2026-07-09T17:30:00+00:00,751.7600098,751.9699707,751.1799927,751.4505005,3195501
2026-07-09T18:30:00+00:00,751.4500122,751.5894775,750.6600952,751.0999756,4391438
2026-07-09T19:30:00+00:00,751.0900269,751.6699829,750.8300171,751.6500244,6207463
2026-07-09T20:00:00+00:00,751.67,751.77,745.6231,751.195,0
2026-07-09T21:00:00+00:00,751.69,751.71,699.048,751.16,0
2026-07-09T22:00:00+00:00,751.25,751.45,750.9,751.225,0
2026-07-09T23:00:00+00:00,751.25,751.69,751.0552,751.4386,0
2026-07-10T08:00:00+00:00,750.92,751.71,749.83,750.41,0
2026-07-10T09:00:00+00:00,750.4099,751.09,749.64,750.99,0
2026-07-10T10:00:00+00:00,750.96,751.52,750.8326,751.49,0
2026-07-10T11:00:00+00:00,751.5141,752.05,751.5141,751.5292,0
2026-07-10T12:00:00+00:00,751.53,752.33,750.56,751.6,0
2026-07-10T13:00:00+00:00,751.6,752.1,743.985,751.87,0
2026-07-10T13:30:00+00:00,752.0499878,753.3499756,751.7999878,752.5861816,5555228
2026-07-10T14:30:00+00:00,752.5858765,753.4199829,748.0999756,753.25,6378487
2026-07-10T15:30:00+00:00,753.25,753.6900024,751.3800049,753.210022,3179216
2026-07-10T16:30:00+00:00,753.210022,754.1400146,753.0300293,754.0100098,4675829
2026-07-10T17:30:00+00:00,754.0200195,754.7199707,753.875,754.4299927,3163801
2026-07-10T18:30:00+00:00,754.4199829,755.1799927,754.3099976,754.960022,4724208
2026-07-10T19:30:00+00:00,754.960022,755.4199829,754.5700073,754.9000244,7855821
2026-07-10T20:00:00+00:00,754.87,755.6607,751.762,755.45,0
2026-07-10T21:00:00+00:00,755.41,759.3482,754.88,754.98,0
2026-07-10T22:00:00+00:00,755.15,755.2,754.56,755,0
2026-07-10T23:00:00+00:00,755.04,755.3,754.81,754.89,0
2026-07-13T08:00:00+00:00,752.5,752.79,749.6,752.51,0
2026-07-13T09:00:00+00:00,752.55,753.215,752.26,753.2085,0
2026-07-13T10:00:00+00:00,753.1492,753.28,752.64,752.65,0
2026-07-13T11:00:00+00:00,752.66,754.95,752.4302,752.9,0
2026-07-13T12:00:00+00:00,752.8995,753.13,751.66,751.91,0
2026-07-13T13:00:00+00:00,751.9,754.95,751.55,752.55,0
2026-07-13T13:30:00+00:00,752.4699707,753.9105225,750.2999878,753.0900269,8606011
2026-07-13T14:30:00+00:00,753.0900269,753.2999878,751,752.3800049,3363761
2026-07-13T15:30:00+00:00,752.3900146,752.5250244,749.9299927,750.289978,3266766
2026-07-13T16:30:00+00:00,750.2700195,750.6599731,748.9299927,749.8099976,4296059
2026-07-13T17:30:00+00:00,749.8099976,750.2600098,749.039978,749.2399902,3602167
2026-07-13T18:30:00+00:00,749.2399902,750.0700073,748.1699829,748.3800049,6714464
2026-07-13T19:30:00+00:00,748.3900146,749.6099854,748,749.0999756,9398292
2026-07-13T20:00:00+00:00,749.13,754.9269,724.228,748.32,0
2026-07-13T21:00:00+00:00,748.365,751.83,724.228,748.41,0
2026-07-13T22:00:00+00:00,748.41,749.08,747.94,748.0292,0
2026-07-13T23:00:00+00:00,748.01,748.26,747.07,748.13,0
2026-07-14T08:00:00+00:00,747.89,750.47,746.9,749.2882,0
2026-07-14T09:00:00+00:00,749.02,749.35,748.16,748.41,0
2026-07-14T10:00:00+00:00,748.4,749.08,748.4,748.7712,0
2026-07-14T11:00:00+00:00,748.83,749.5412,747.37,748.86,0
2026-07-14T12:00:00+00:00,748.92,749.2199,747.51,749.06,0
2026-07-14T13:00:00+00:00,749.19,754.24,749,750.871,0
2026-07-14T13:30:00+00:00,750.9099731,751.789978,748.6599731,750.710022,8234196
2026-07-14T14:30:00+00:00,750.710022,753.3099976,750.4699707,752.6599731,4855728
2026-07-14T15:30:00+00:00,752.6400146,752.9000244,750,750.7800293,3827217
2026-07-14T16:30:00+00:00,750.7800293,752.6099854,750.6199951,752.2999878,2404455
2026-07-14T17:30:00+00:00,752.3200073,752.7700195,751.7600098,752.5,2000351
2026-07-14T18:30:00+00:00,752.4849854,752.5999756,751.6599731,752.1500244,4908551
2026-07-14T19:30:00+00:00,752.1599731,752.5200195,751.710022,751.8699951,5518752
2026-07-14T20:00:00+00:00,751.87,752.23,748.9439,752.02,0
2026-07-14T21:00:00+00:00,752.04,752.1,751.74,752.0555,0
2026-07-14T22:00:00+00:00,751.92,752.13,751.26,751.8677,0
2026-07-14T23:00:00+00:00,751.84,753.3,751.71,753.1,0
2026-07-15T08:00:00+00:00,753.5,754.36,751.83,753.15,0
2026-07-15T09:00:00+00:00,753.17,754.0987,753.01,753.86,0
2026-07-15T10:00:00+00:00,753.811,754.03,752.69,752.84,0
2026-07-15T11:00:00+00:00,752.84,753.38,751.83,753.05,0
2026-07-15T12:00:00+00:00,753.06,753.345,752.29,752.6057,0
2026-07-15T13:00:00+00:00,752.46,754.5,752.2,753.69,0
2026-07-15T13:30:00+00:00,754.2399902,755.5800171,753.1799927,754.6199951,8400817
2026-07-15T14:30:00+00:00,754.6400146,754.8699951,752.2000122,753.6049805,4580268
2026-07-15T15:30:00+00:00,753.5999756,753.8400269,750.4400024,750.8300171,4030525
2026-07-15T16:30:00+00:00,750.8099976,752.8499756,750.2000122,752.8099976,4393950
2026-07-15T17:30:00+00:00,752.8099976,754.8400269,752.8099976,754.6350098,4361663
2026-07-15T18:30:00+00:00,754.6350098,754.9199829,753.0499878,753.6300049,4333663
2026-07-15T19:30:00+00:00,753.6300049,754.7999878,753.0900269,754.7299805,6612755
2026-07-15T20:00:00+00:00,754.71,754.96,751.8085,754.58,0
2026-07-15T21:00:00+00:00,754.575,754.9572,754.47,754.635,0
2026-07-15T22:00:00+00:00,754.65,755.1931,754.4495,754.85,0
2026-07-15T23:00:00+00:00,754.8395,755.2,754.5701,754.68,0
2026-07-16T08:00:00+00:00,754.11,756.23,752.51,753.28,0
2026-07-16T09:00:00+00:00,753.3,754.65,753.25,754.2285,0
2026-07-16T10:00:00+00:00,754.1587,754.39,753.25,753.49,0
2026-07-16T11:00:00+00:00,753.55,754.81,752.57,753.0912,0
2026-07-16T12:00:00+00:00,753.05,753.0587,751.24,751.88,0
2026-07-16T13:00:00+00:00,751.78,754.81,751.2,752.665,0
2026-07-16T13:30:00+00:00,752.7600098,754.3880005,750.6699829,754.3499756,7814635
2026-07-16T14:30:00+00:00,754.3400269,754.5700073,752.9799805,753.8001099,3992418
2026-07-16T15:30:00+00:00,753.8200073,754.4050293,751.4500122,751.9299927,3778459
2026-07-16T16:30:00+00:00,751.9400024,752.9699707,751.5900269,752.7050171,3553977
2026-07-16T17:30:00+00:00,752.710022,752.8099976,750.460022,750.9099731,4317091
2026-07-16T18:30:00+00:00,750.9199829,750.9299927,748.8599854,749.0999756,5428755
2026-07-16T19:30:00+00:00,749.0800171,751.039978,747.8800049,750.7600098,11103382
2026-07-16T20:00:00+00:00,750.79,754.676,749.72,750.11,0
2026-07-16T21:00:00+00:00,750.11,750.72,701.6846,750.3155,0
2026-07-16T22:00:00+00:00,750.37,750.53,749.45,749.64,0
2026-07-16T23:00:00+00:00,749.73,749.79,748.77,749.1675,0
2026-07-17T08:00:00+00:00,744.3,750.72,742.99,743.5,0
2026-07-17T09:00:00+00:00,743.49,744.51,742.56,744.49,0
2026-07-17T10:00:00+00:00,744.4587,745.27,743.7755,745.06,0
2026-07-17T11:00:00+00:00,745.06,750.72,744.46,745.17,0
2026-07-17T12:00:00+00:00,745.26,750.72,744.25,744.49,0
2026-07-17T13:00:00+00:00,744.45,750.72,742.82,742.83,0
2026-07-17T13:30:00+00:00,742.0800171,747.289978,740.7999878,746.335022,15570728
2026-07-17T14:30:00+00:00,746.3400269,746.789978,743.960022,745.4450073,5938755
2026-07-17T15:30:00+00:00,745.4400024,747.0999756,744.4401245,745.9400024,7361998
2026-07-17T16:30:00+00:00,745.9500122,747.2700195,745.539978,746.8699951,4656864
2026-07-17T17:30:00+00:00,746.8800049,746.9899902,743.2399902,743.710022,5091949
2026-07-17T18:30:00+00:00,743.6900024,744.6599731,742.1300049,743.1599731,5529061
2026-07-17T19:30:00+00:00,743.1699829,744.4000244,742.5999756,743.1550293,8770712
2026-07-17T20:00:00+00:00,743.2,750.8307,742,743.035,0
2026-07-17T21:00:00+00:00,743.169,787.5169,742.75,743.145,0
2026-07-17T22:00:00+00:00,743.19,743.79,743.02,743.3522,0
2026-07-17T23:00:00+00:00,743.435,743.55,742.42,742.4861,0
2026-07-20T08:00:00+00:00,743.34,747.5,742.702,745.3115,0
2026-07-20T09:00:00+00:00,745.34,745.35,744.6,745.269,0
2026-07-20T10:00:00+00:00,745.239,746.24,745.13,745.5987,0
2026-07-20T11:00:00+00:00,745.51,746.47,743.29,745.88,0
2026-07-20T12:00:00+00:00,745.9,748.01,745.66,746.575,0
2026-07-20T13:00:00+00:00,746.62,746.72,743.29,746.28,0
2026-07-20T13:30:00+00:00,747.0599976,748.7299805,744.2600098,745.6799927,8300157
2026-07-20T14:30:00+00:00,745.6900024,745.9699707,743.6900024,745.8699951,4622877
2026-07-20T15:30:00+00:00,745.8900146,747.0050049,745.0999756,746.5,3747077
2026-07-20T16:30:00+00:00,746.4899902,746.7800293,743.5599976,744.1199951,4593274
2026-07-20T17:30:00+00:00,744.1300049,745.3800049,743.5900269,744.4699707,3862720
2026-07-20T18:30:00+00:00,744.4699707,744.4899902,741.5103149,742.7299805,6658814
2026-07-20T19:30:00+00:00,742.7399902,743.3400269,741.6099854,742.1400146,9175383
2026-07-20T20:00:00+00:00,742.14,743.9288,695.0064,742,0
2026-07-20T21:00:00+00:00,742.01,742.09,694.7129,742.05,0
2026-07-20T22:00:00+00:00,742.05,742.17,740.96,741.15,0
2026-07-20T23:00:00+00:00,741.18,742.69,741.1387,742.155,0
2026-07-21T08:00:00+00:00,745.07,746.46,742.09,746.04,0
2026-07-21T09:00:00+00:00,745.99,746.47,745.87,746,0
2026-07-21T10:00:00+00:00,746,746.45,745.73,746.11,0
2026-07-21T11:00:00+00:00,746.12,746.72,742.09,745.165,0
2026-07-21T12:00:00+00:00,745.19,745.87,744.79,744.8399,0
2026-07-21T13:00:00+00:00,744.84,745.44,742.09,745.12,0
2026-07-21T13:30:00+00:00,746.289978,746.9899902,744.1799927,746.8699951,6299761
2026-07-21T14:30:00+00:00,746.8499756,748.0100098,745.7700195,748,3471078
2026-07-21T15:30:00+00:00,747.9799805,748.75,747.4099731,748.6599731,2817872
2026-07-21T16:30:00+00:00,748.6400146,749.039978,748.2399902,748.3599854,3080036
2026-07-21T17:30:00+00:00,748.3599854,748.9299927,748.0650024,748.210022,2756608
2026-07-21T18:30:00+00:00,748.2199707,748.6400146,747.9400024,748.2600098,2883218
2026-07-21T19:30:00+00:00,748.25,748.7000122,748.0900269,748.3300171,5062511
2026-07-21T20:00:00+00:00,748.32,748.4103,696.8186,748.04,0
2026-07-21T21:00:00+00:00,747.96,748.3,700.4258,748.08,0
2026-07-21T22:00:00+00:00,748.19,748.25,747.57,747.775,0
2026-07-21T23:00:00+00:00,747.75,748.13,747.7,748.059,0
2026-07-22T08:00:00+00:00,746.5,748.28,745.09,746.1691,0
2026-07-22T09:00:00+00:00,746.21,747.01,746,746.61,0
2026-07-22T10:00:00+00:00,746.54,747.13,745.8825,747,0
2026-07-22T11:00:00+00:00,746.96,748.28,746.11,746.13,0
2026-07-22T12:00:00+00:00,746.1506,746.52,745.05,745.47,0
2026-07-22T13:00:00+00:00,745.52,746.145,744.26,745.81,0
2026-07-22T13:30:00+00:00,746.6199951,749.3800049,746.3699951,747.2999878,5913859
2026-07-22T14:30:00+00:00,747.289978,749.6799927,746.6799927,749.4099731,3701126
2026-07-22T15:30:00+00:00,749.4199829,750.0200195,748.7506714,749.8499756,2425276
2026-07-22T16:30:00+00:00,749.8599854,750.0048218,748.9500122,749.0444946,3201541
2026-07-22T17:30:00+00:00,749.0499878,749.4099731,748.0100098,748.4899902,3025282
2026-07-22T18:30:00+00:00,748.4899902,748.5999756,747.6500244,748,2827628
2026-07-22T19:30:00+00:00,748,748.2999878,747.2949829,747.3300171,6408942
2026-07-22T20:00:00+00:00,747.36,749.07,746.89,747.8,0
2026-07-22T21:00:00+00:00,747.81,748.26,746.3,746.84,0
2026-07-22T22:00:00+00:00,746.98,747.25,745.3,745.97,0
2026-07-22T23:00:00+00:00,745.955,746.68,745.44,746.68,0
2026-07-23T08:00:00+00:00,744.92,747.41,743.419,745.13,0
2026-07-23T09:00:00+00:00,745.16,746.41,744.62,745.2,0
2026-07-23T10:00:00+00:00,745.06,745.34,744.6859,745.08,0
2026-07-23T11:00:00+00:00,745.1,747.41,744.17,744.309,0
2026-07-23T12:00:00+00:00,744.25,744.4082,741.73,742.02,0
2026-07-23T13:00:00+00:00,742.02,747.41,739.39,739.81,0
2026-07-23T13:30:00+00:00,739.3699951,742.5599976,738.4699707,739.7999878,11117515
2026-07-23T14:30:00+00:00,739.7399902,740.6400146,735.8099976,735.9298706,7756709
2026-07-23T15:30:00+00:00,735.9099731,739.6599731,735.210022,739.4500122,6386734
2026-07-23T16:30:00+00:00,739.4500122,739.7199707,737.75,738.75,5211824
2026-07-23T17:30:00+00:00,738.7399902,738.7999878,736.8001099,737.4199829,3159603
2026-07-23T18:30:00+00:00,737.414978,737.9000244,736.4699707,737.4799805,4477325
2026-07-23T19:30:00+00:00,737.4899902,738.6400146,735.7199707,738.1699829,11577394
2026-07-23T20:00:00+00:00,738.24,747.4103,699.048,739.37,0
2026-07-23T21:00:00+00:00,739.3721,739.58,738.18,738.6938,0
2026-07-23T22:00:00+00:00,738.7,739.27,738.22,739.24,0
2026-07-23T23:00:00+00:00,739.27,739.27,738.35,738.7404,0
2026-07-24T08:00:00+00:00,739.08,740.48,737.6227,739.98,0
2026-07-24T09:00:00+00:00,739.98,740.68,739.7517,740.5012,0
2026-07-24T10:00:00+00:00,740.549,740.87,740.095,740.36,0
2026-07-24T11:00:00+00:00,740.35,740.59,738.18,740.085,0
2026-07-24T12:00:00+00:00,740.0715,740.975,739.5,740.72,0
2026-07-24T13:00:00+00:00,740.7012,741.02,738.18,739.16,0
2026-07-24T13:30:00+00:00,738.5100098,739.9500122,737.4299927,739.1799927,7995566
2026-07-24T14:30:00+00:00,739.1900024,743.1300049,737.4299927,742.6099854,6333285
2026-07-24T15:30:00+00:00,742.5999756,743.7199707,742,743.1900024,3809137
2026-07-24T16:30:00+00:00,743.1699829,743.1900024,740.2301025,741.710022,3254557
2026-07-24T17:30:00+00:00,741.75,742.1691895,739,739.0349731,3260407
2026-07-24T18:30:00+00:00,739.0499878,739.1599731,737.289978,737.6500244,7421123
2026-07-24T19:30:00+00:00,737.7199707,739.0999756,737.6400146,738.8599854,8647889
2026-07-24T20:00:00+00:00,738.86,739.0792,738.01,738.524,0
2026-07-24T21:00:00+00:00,738.55,759.3482,737.7,738.89,0
2026-07-24T22:00:00+00:00,738.9,739.06,738.55,738.6,0
2026-07-24T23:00:00+00:00,738.6,738.93,738.19,738.66,0
2026-07-27T08:00:00+00:00,744.23,746.06,744.07,745.5985,0
2026-07-27T09:00:00+00:00,745.67,746.13,745.4685,745.9,0
2026-07-27T10:00:00+00:00,745.94,746.53,745.8,746.25,0
2026-07-27T11:00:00+00:00,746.23,746.54,738.93,744.989,0
2026-07-27T12:00:00+00:00,744.95,745.65,744.59,744.9929,0
2026-07-27T13:00:00+00:00,744.96,745.63,738.93,745.3532,0
2026-07-27T13:30:00+00:00,744.9099731,745.5300293,738.2000122,738.3150024,9238383
2026-07-27T14:30:00+00:00,738.3300171,740.3099976,736.539978,738.289978,6741479
2026-07-27T15:30:00+00:00,738.2700195,739.6799927,736.335022,738.7199707,3758801
2026-07-27T16:30:00+00:00,738.7199707,739.3499756,735.8699951,736.2000122,2630089
2026-07-27T17:30:00+00:00,736.2199707,737.9699707,736.1799927,737.6199951,2354984
2026-07-27T18:30:00+00:00,737.6400146,739.7700195,736.6199951,739.6500244,4217296
2026-07-27T19:30:00+00:00,739.6500244,739.8499756,738.5,739.0200195,8369856
2026-07-27T20:00:00+00:00,739.02,739.82,724.228,739.4,0
2026-07-27T21:00:00+00:00,739.2931,739.6,694.508,739.34,0
2026-07-27T22:00:00+00:00,739.49,739.745,738.58,738.65,0
2026-07-27T23:00:00+00:00,738.6463,739.13,738.17,738.9277,0
2026-07-28T08:00:00+00:00,737.79,739.09,736.15,738.52,0
2026-07-28T09:00:00+00:00,738.49,739.17,738.17,738.85,0
2026-07-28T10:00:00+00:00,738.85,738.85,737.965,738.5,0
2026-07-28T11:00:00+00:00,738.51,739.16,737.56,738.1389,0
2026-07-28T12:00:00+00:00,738.1,740.06,737.51,739.95,0
2026-07-28T13:00:00+00:00,739.99,741,739.09,739.886,0
2026-07-28T13:30:00+00:00,739.1900024,739.4799805,735.9799805,737.7000122,9959478
2026-07-28T14:30:00+00:00,737.7199707,741.9000244,737.1500244,741.2000122,6788635
2026-07-28T15:30:00+00:00,741.1699829,742.4500122,740.9910278,741.210022,3277020
2026-07-28T16:30:00+00:00,741.2299805,742.7901001,740.9199829,741.3099976,3094566
2026-07-28T17:30:00+00:00,741.2999878,741.9199829,740.4199829,740.5900269,2867599
2026-07-28T18:30:00+00:00,740.5900269,741.960022,740.5,741.7000122,5296747
2026-07-28T19:30:00+00:00,741.710022,741.7299805,740.4299927,740.7600098,8721310
2026-07-28T20:00:00+00:00,740.82,741.6088,695.5197,741.028,0
2026-07-28T21:00:00+00:00,741.03,741.28,695.5197,740.78,0
2026-07-28T22:00:00+00:00,740.8,741.6,739.3,739.371,0
2026-07-28T23:00:00+00:00,739.375,743.63,739.13,743.62,0
2026-07-29T08:00:00+00:00,742.4,743.48,738.2,741.3512,0
2026-07-29T09:00:00+00:00,741.37,742.83,741.27,742.3,0
2026-07-29T10:00:00+00:00,742.33,743.44,742.0487,742.75,0
2026-07-29T11:00:00+00:00,742.76,742.85,740.86,742.49,0
2026-07-29T12:00:00+00:00,742.4463,742.56,740,740.25,0
2026-07-29T13:00:00+00:00,740.24,740.99,739.74,739.81,0
2026-07-29T13:30:00+00:00,739.9699707,740.3900146,734.2600098,734.9199829,8965662
2026-07-29T14:30:00+00:00,734.9099731,735.8400269,733.789978,734.4403076,4396283
2026-07-29T15:30:00+00:00,734.4199829,734.9899902,731.7299805,733.8499756,4102128
2026-07-29T16:30:00+00:00,733.8400269,737.2399902,732.8800049,735.7399902,4397315
2026-07-29T17:30:00+00:00,735.75,739.5499878,735.2700195,737.3099976,6285162
2026-07-29T18:30:00+00:00,737.3599854,742.6799927,734.2805786,735.1500244,10605425
2026-07-29T19:30:00+00:00,735.210022,735.7399902,729.0999756,729.539978,19745974
2026-07-29T20:00:00+00:00,729.53,740.4873,686.9754,728.11,0
2026-07-29T21:00:00+00:00,728.55,737.2756,677.1335,727.8478,0
2026-07-29T22:00:00+00:00,727.92,732.0687,727.75,731.385,0
2026-07-29T23:00:00+00:00,731.5,733,731.5,732.39,0
2026-07-30T08:00:00+00:00,731.16,732.7952,729.46,732.24,0
2026-07-30T09:00:00+00:00,732.3,733.11,731.5,732.96,0
2026-07-30T10:00:00+00:00,732.9,733.46,731.7987,733.25,0
2026-07-30T11:00:00+00:00,733.23,734.33,729.46,734.2612,0
2026-07-30T12:00:00+00:00,734.3059,735.05,733.99,734.4079,0
2026-07-30T13:00:00+00:00,734.4601,735.56,729.46,734.8,0
2026-07-30T13:30:00+00:00,736.0499878,739.2999878,734.6300049,738.5797729,13463030
2026-07-30T14:30:00+00:00,738.6400146,739.1099854,734.5900269,734.7999878,8040164
2026-07-30T15:30:00+00:00,734.8400269,739.2199707,734.6799927,738.7600098,5859727
2026-07-30T16:30:00+00:00,738.7700195,740.2399902,737.7550049,739.7600098,4078961
2026-07-30T17:30:00+00:00,739.7650146,740.4400024,739.1900024,740.3800049,4210045
2026-07-30T18:30:00+00:00,740.4000244,742.4500122,740.0300293,741.7800293,5744626
2026-07-30T19:30:00+00:00,741.7700195,742.0999756,741,741.7299805,12583754
2026-07-30T20:00:00+00:00,741.76,744.25,693.9749,742.04,0
2026-07-30T21:00:00+00:00,741.91,742.4,701.2078,742.03,0
2026-07-30T22:00:00+00:00,742.14,743.0366,741.31,742.98,0
2026-07-30T23:00:00+00:00,742.99,743.69,742.5807,743.33,0
2026-07-31T08:00:00+00:00,746.04,746.08,741.69,746,0
2026-07-31T09:00:00+00:00,745.87,746.5455,745.5,746.0187,0
2026-07-31T10:00:00+00:00,745.95,746,745.025,745.7267,0
2026-07-31T11:00:00+00:00,745.77,745.9,741.69,744.8,0
2026-07-31T12:00:00+00:00,744.8,744.84,743.4,744.02,0
2026-07-31T13:00:00+00:00,743.95,744.89,742.78,743.81,0
2026-07-31T13:30:00+00:00,744.6799927,746.3010254,737.6799927,740.4899902,13848594
2026-07-31T14:30:00+00:00,740.4799805,743.0999756,740.0900269,740.2999878,5629468
2026-07-31T15:30:00+00:00,740.289978,744.4299927,739.8099976,744.4199829,4585483
2026-07-31T16:30:00+00:00,744.4299927,746.4000244,743.9899902,746.289978,4072705
2026-07-31T17:30:00+00:00,746.2999878,746.5,745.1900024,746.0100098,5316189
2026-07-31T18:30:00+00:00,746.039978,747.9199829,745.6699829,747.4899902,7842744
2026-07-31T19:30:00+00:00,747.4899902,748.8950195,746.3400269,746.8099976,10315583
2026-07-31T20:00:00+00:00,746.79,747.55,741.4108,745.12,0
2026-07-31T21:00:00+00:00,745.29,787.5169,729.0772,744.7999,0
2026-07-31T22:00:00+00:00,744.74,744.8,744,744.55,0
2026-07-31T23:00:00+00:00,744.3,744.68,744.18,744.21,0
2026-08-03T08:00:00+00:00,750.07,751.511,749.65,749.81,0
2026-08-03T09:00:00+00:00,749.91,750.87,749.6746,750.45,0
2026-08-03T10:00:00+00:00,750.47,750.89,750.25,750.851,0
2026-08-03T11:00:00+00:00,750.89,751.23,747.03,751.01,0
2026-08-03T12:00:00+00:00,751.01,751.599,750.18,750.6898,0
2026-08-03T13:00:00+00:00,750.7,751.45,747.03,751.051,0
2026-08-03T13:30:00+00:00,749.4400024,754.7800293,749.0999756,754.5,12174130
2026-08-03T14:30:00+00:00,754.5,755.7000122,754.3099976,755.1099854,7536912
2026-08-03T15:30:00+00:00,755.1199951,756.5999756,755.0750122,756.5700073,6550543
2026-08-03T16:30:00+00:00,756.5700073,757.1550293,755.9799805,757.085022,4930786
2026-08-03T17:30:00+00:00,757.0839844,758.3300171,757.0100098,757.5700073,6903025
2026-08-03T18:30:00+00:00,757.5800171,758.5800171,757.3400269,758.3400269,5423773
2026-08-03T19:30:00+00:00,758.3499756,758.5100098,757.4400024,757.6699829,8420290
2026-08-03T20:00:00+00:00,757.65,758.5002,706.4303,757.913,0
2026-08-03T21:00:00+00:00,758.0952,758.17,706.4303,757.95,0
2026-08-03T22:00:00+00:00,757.92,758.49,757.8,758.32,0
2026-08-03T23:00:00+00:00,758.321,758.45,758.07,758.3615,0
2026-08-04T08:00:00+00:00,759.21,759.9275,757.67,759.2433,0
2026-08-04T09:00:00+00:00,759.2292,759.2292,758.11,758.3,0
2026-08-04T10:00:00+00:00,758.37,758.85,758.35,758.6,0
2026-08-04T11:00:00+00:00,758.54,759.78,757.67,759.7077,0
2026-08-04T12:00:00+00:00,759.77,761,759.4495,760.33,0
2026-08-04T13:00:00+00:00,760.339,760.46,757.67,760.26,0
2026-08-04T13:30:00+00:00,760.6300049,765.3828125,760.5200195,764.4899902,10893632
2026-08-04T14:30:00+00:00,764.4899902,767.8699951,764.0999756,767.3499756,7753002
2026-08-04T15:30:00+00:00,767.3400269,769.3400269,767.1599731,769.2399902,7527408
2026-08-04T16:30:00+00:00,769.2199707,771.6049805,769,771.2800293,6792384
2026-08-04T17:30:00+00:00,771.289978,773.085022,770.9650269,772.3699951,7058214
2026-08-04T18:30:00+00:00,772.3798828,773.1199951,771.4099731,772.3200073,7605202
2026-08-04T19:30:00+00:00,772.3099976,773.4099731,770.960022,771.2800293,11014737
2026-08-04T20:00:00+00:00,771.24,773.7,757.6797,772.2866,0
2026-08-04T21:00:00+00:00,772.245,772.2861,724.4953,772.12,0
2026-08-04T22:00:00+00:00,772.12,773.04,771.9197,772.83,0
2026-08-04T23:00:00+00:00,772.81,773.0385,772.38,772.57,0
2026-08-05T08:00:00+00:00,774.11,774.87,771.33,773.4,0
2026-08-05T09:00:00+00:00,773.46,773.75,772.9195,773.75,0
2026-08-05T10:00:00+00:00,773.77,774.2,773.6,774.195,0
2026-08-05T11:00:00+00:00,774.17,774.8,771.33,774.2997,0
2026-08-05T12:00:00+00:00,774.2995,775.42,774,775.2093,0
2026-08-05T13:00:00+00:00,775.2598,775.7,771.33,775.5,0
2026-08-05T13:30:00+00:00,775.8499756,776.8499756,774.3900146,774.7808838,10088617
2026-08-05T14:30:00+00:00,774.7800293,775.0200806,771,771.710022,6645150
2026-08-05T15:30:00+00:00,771.7000122,772.5200195,769.9099731,772.0999756,5430021
2026-08-05T16:30:00+00:00,772.0900269,772.2199707,771.0100098,771.3400269,3694109
2026-08-05T17:30:00+00:00,771.3300171,772.25,771.0700073,771.9400024,3195580
2026-08-05T18:30:00+00:00,771.9299927,771.9890137,771.2000122,771.7999268,4321976
2026-08-05T19:30:00+00:00,771.7800293,771.8900146,769.5100098,769.7399902,5981520
2026-08-05T20:00:00+00:00,769.75,771.2275,769.61,770.83,0
2026-08-05T21:00:00+00:00,770.88,771,769.79,770.5,0
2026-08-05T22:00:00+00:00,770.52,771.99,770.5,771.33,0
2026-08-05T23:00:00+00:00,771.3648,771.71,770.9592,771.1,0
2026-08-06T08:00:00+00:00,771.29,771.5017,769.79,771.03,0
2026-08-06T09:00:00+00:00,771.0177,771.55,770.52,771.039,0
2026-08-06T10:00:00+00:00,771.04,771.705,770.8797,771.51,0
2026-08-06T11:00:00+00:00,771.5112,771.77,769.79,771.1992,0
2026-08-06T12:00:00+00:00,771.2318,771.5692,770.21,770.69,0
2026-08-06T13:00:00+00:00,770.784,771.14,769.79,769.9354,0
2026-08-06T13:30:00+00:00,770.210022,771.8200073,769.0576172,770.4500122,5639188
2026-08-06T14:30:00+00:00,770.4500122,771.210022,768.6199951,769.2399902,4867441
2026-08-06T15:30:00+00:00,769.2399902,769.7800293,767.460022,768.2600098,5594627
2026-08-06T16:30:00+00:00,768.2700195,769.1799927,767.8099976,767.8300171,2870057
2026-08-06T17:30:00+00:00,767.8300171,769.7299805,767.7199707,769.4299927,3787464
2026-08-06T18:30:00+00:00,769.4299927,769.789978,768.5150146,768.6599731,3870359
2026-08-06T19:30:00+00:00,768.6550293,769,767.7000122,768.5300293,6407328
2026-08-06T20:00:00+00:00,768.57,769.9361,767.81,768.2305,0
2026-08-06T21:00:00+00:00,768.1987,768.56,767.74,768.39,0
2026-08-06T22:00:00+00:00,768.35,769.08,768,768.791,0
2026-08-06T23:00:00+00:00,768.785,769.12,768.64,768.9997,0
2026-08-07T08:00:00+00:00,769.24,769.93,767.81,769.65,0
2026-08-07T09:00:00+00:00,769.69,770.16,769.29,769.9697,0
2026-08-07T10:00:00+00:00,769.97,770.1397,769.68,769.9707,0
2026-08-07T11:00:00+00:00,769.98,770.75,768.56,770.639,0
2026-08-07T12:00:00+00:00,770.639,771.17,768.35,771.01,0
2026-08-07T13:00:00+00:00,770.9,773.11,768.56,771.3727,0
2026-08-07T13:30:00+00:00,771.0200195,773.289978,769.6199951,773.1900024,8172482
2026-08-07T14:30:00+00:00,773.1599731,773.8900146,771.710022,773.6500244,4737507
2026-08-07T15:30:00+00:00,773.6599731,773.914978,771.3339844,771.7249756,3896661
2026-08-07T16:30:00+00:00,771.7349854,772.8599854,771.0615234,772.0900269,4035384
2026-08-07T17:30:00+00:00,772.1099854,772.460022,771.4500122,771.4799805,2849368
2026-08-07T18:30:00+00:00,771.4749756,773.4500122,770.8900146,773.0750122,4911310
2026-08-07T19:30:00+00:00,773.0800171,773.8300171,772.5200195,773.1199951,6476842
2026-08-07T20:00:00+00:00,773.16,773.4,772.55,773.11,0
2026-08-07T21:00:00+00:00,773.075,773.26,759.3482,772.9832,0
2026-08-07T22:00:00+00:00,772.97,773.23,772.8097,772.8097,0
2026-08-07T23:00:00+00:00,772.995,773.4,772.799,773.3975,0
2026-08-10T08:00:00+00:00,774.02,774.9012,773.56,774.41,0
2026-08-10T09:00:00+00:00,774.41,774.65,774.3,774.5548,0
2026-08-10T10:00:00+00:00,774.5692,774.67,774,774.3785,0
2026-08-10T11:00:00+00:00,774.37,774.37,773.175,773.8896,0
2026-08-10T12:00:00+00:00,773.89,774.02,772.96,773.1797,0
2026-08-10T13:00:00+00:00,773.1882,773.26,771.62,772.93,0
2026-08-10T13:30:00+00:00,772.5999756,774.460022,772.5,774.3549805,7385084
2026-08-10T14:30:00+00:00,774.3549805,775.0499878,773.3099976,773.7399902,5129386
2026-08-10T15:30:00+00:00,773.7600098,774.4349976,773.1599731,773.3699951,2918625
2026-08-10T16:30:00+00:00,773.3699951,773.4879761,771.6199951,773.1094971,3738808
2026-08-10T17:30:00+00:00,773.1099854,773.2600098,772.4899902,772.5300293,2938133
2026-08-10T18:30:00+00:00,772.5200195,773.4400024,772.3200073,772.9299927,4277589
2026-08-10T19:30:00+00:00,772.9450073,773.289978,772.3150024,773.0700073,5564997
2026-08-10T20:00:00+00:00,773.06,773.4361,724.228,773.05,0
2026-08-10T21:00:00+00:00,773.0292,773.19,724.228,773.131,0
2026-08-10T22:00:00+00:00,773.1,773.4,772.45,772.6715,0
2026-08-10T23:00:00+00:00,772.6765,772.7285,772.02,772.45,0
2026-08-11T08:00:00+00:00,772.89,774.31,772.39,772.6892,0
2026-08-11T09:00:00+00:00,772.78,773.1707,772.51,773.09,0
2026-08-11T10:00:00+00:00,773.081,774.121,772.93,773.955,0
2026-08-11T11:00:00+00:00,773.95,774.955,773.03,774.2283,0
2026-08-11T12:00:00+00:00,774.2418,774.85,773.5,774.16,0
2026-08-11T13:00:00+00:00,774.12,774.535,773.9891,774.14,0
2026-08-11T13:30:00+00:00,774.5300293,774.539978,772.5800171,773.8699951,5282688
2026-08-11T14:30:00+00:00,773.8800049,774.0349731,772.2000122,772.401001,3830283
2026-08-11T15:30:00+00:00,772.4099731,772.5599976,771.3800049,771.8189697,4880946
2026-08-11T16:30:00+00:00,771.8175049,772.0100098,770.2600098,770.8499756,3393060
2026-08-11T17:30:00+00:00,770.8499756,771.3549805,769.2000122,769.5,2782360
2026-08-11T18:30:00+00:00,769.5200195,770.6900024,769.5150146,770.6300049,3974168
2026-08-11T19:30:00+00:00,770.6300049,771.0949707,769.789978,770.4799805,5268913
2026-08-11T20:00:00+00:00,770.42,773.0041,770.17,770.79,0
2026-08-11T21:00:00+00:00,770.76,771,770.42,770.8,0
2026-08-11T22:00:00+00:00,770.71,770.99,770.5,770.7092,0
2026-08-11T23:00:00+00:00,770.7,771,770.62,770.9805,0
2026-08-12T08:00:00+00:00,771.5,771.8007,770.56,771.75,0
2026-08-12T09:00:00+00:00,771.7387,772.85,771.3597,772.32,0
2026-08-12T10:00:00+00:00,772.3215,772.6,772.02,772.3392,0
2026-08-12T11:00:00+00:00,772.33,772.53,770.56,772.15,0
2026-08-12T12:00:00+00:00,772.1194,773.92,770.85,773.5,0
2026-08-12T13:00:00+00:00,773.62,774.38,771.62,774.1,0
2026-08-12T13:30:00+00:00,774.710022,774.9000244,771.8800049,772.7949829,7495206
2026-08-12T14:30:00+00:00,772.789978,773.2000122,771.289978,772.3699951,3987082
2026-08-12T15:30:00+00:00,772.4000244,772.6699829,771.5599976,772.4500122,2831092
2026-08-12T16:30:00+00:00,772.4500122,773.289978,772.1799927,772.7800293,2563103
2026-08-12T17:30:00+00:00,772.8300171,773.3099976,772.6414185,773.0900269,2417715
2026-08-12T18:30:00+00:00,773.0900269,773.6300049,772.7999878,772.9799805,3292306
2026-08-12T19:30:00+00:00,772.9799805,773.0200195,772,772.5200195,3814325
2026-08-12T20:00:00+00:00,772.52,773.32,722.5662,772.25,0
2026-08-12T21:00:00+00:00,772.2587,772.61,771.91,772.56,0
2026-08-12T22:00:00+00:00,772.51,772.669,772.18,772.3401,0
2026-08-12T23:00:00+00:00,772.33,772.6629,772.25,772.3,0
2026-08-13T08:00:00+00:00,772.85,773.78,772.49,773.74,0
2026-08-13T09:00:00+00:00,773.6915,773.86,773.359,773.6,0
2026-08-13T10:00:00+00:00,773.61,774.0387,773.57,773.9,0
2026-08-13T11:00:00+00:00,773.9,774.14,772.49,773.95,0
2026-08-13T12:00:00+00:00,773.9543,774.4363,773.42,773.79,0
2026-08-13T13:00:00+00:00,773.9,774.69,772.49,774.61,0
2026-08-13T13:30:00+00:00,774.8699951,779.25,774.1199951,779.1900024,6564966
2026-08-13T14:30:00+00:00,779.1900024,779.3699951,775.9199829,776.1699829,5091661
2026-08-13T15:30:00+00:00,776.1799927,776.5200195,775.3800049,776.5200195,3764610
2026-08-13T16:30:00+00:00,776.5250244,777.4799805,776.2050171,777.1099854,2006579
2026-08-13T17:30:00+00:00,777.0999756,777.2399902,776.6199951,776.9799805,2391794
2026-08-13T18:30:00+00:00,776.9899902,778.4299927,776.9899902,778.0300903,3430434
2026-08-13T19:30:00+00:00,778.0300293,778.2399902,777.3499756,777.7800293,7004942
2026-08-13T20:00:00+00:00,777.79,778.03,772.5792,777.9948,0
2026-08-13T21:00:00+00:00,777.9948,778.04,777.72,777.99,0
2026-08-13T22:00:00+00:00,777.99,778.18,777.84,777.94,0
2026-08-13T23:00:00+00:00,777.95,778.27,777.915,778.12,0
2026-08-14T08:00:00+00:00,778.18,778.378,777.7625,778.37,0
2026-08-14T09:00:00+00:00,778.37,778.64,778.2492,778.41,0
2026-08-14T10:00:00+00:00,778.4,778.72,778.181,778.46,0
2026-08-14T11:00:00+00:00,778.4952,778.72,777.88,778.4763,0
2026-08-14T12:00:00+00:00,778.48,778.84,777.91,778.5929,0
2026-08-14T13:00:00+00:00,778.6,778.92,777.88,778.38,0
2026-08-14T13:30:00+00:00,778.539978,778.7999878,777.1300049,777.4099731,4960423
2026-08-14T14:30:00+00:00,777.4000244,777.4799805,775.8599854,776.2999878,3552973
2026-08-14T15:30:00+00:00,776.289978,776.8200073,775.8099976,776.710022,3796855
2026-08-14T16:30:00+00:00,776.7000122,776.7349854,775.6300049,775.7700195,2305780
2026-08-14T17:30:00+00:00,775.7800293,776.3300171,775.4301147,775.9249878,2784576
2026-08-14T18:30:00+00:00,775.9299927,776.4918823,775.8200073,776.1550293,3082814
2026-08-14T19:30:00+00:00,776.1550293,776.4199829,775.9199829,776.2999878,3780375
2026-08-14T20:00:00+00:00,776.3,777.6979,775.76,776.03,0
2026-08-14T21:00:00+00:00,776.04,787.5169,775.93,776.1,0
2026-08-14T22:00:00+00:00,776.0962,776.2,775.73,776.1728,0
2026-08-14T23:00:00+00:00,776.17,776.27,775.98,775.98,0
2026-08-17T08:00:00+00:00,777.27,777.92,777,777.47,0
2026-08-17T09:00:00+00:00,777.47,777.63,777.21,777.389,0
2026-08-17T10:00:00+00:00,777.389,778.25,777.1092,778.2207,0
2026-08-17T11:00:00+00:00,778.17,778.23,776.34,777.34,0
2026-08-17T12:00:00+00:00,777.34,777.5088,776.39,776.6707,0
2026-08-17T13:00:00+00:00,776.62,776.8181,776,776.46,0
2026-08-17T13:30:00+00:00,776.1799927,776.7750244,775,775.460022,4990638
2026-08-17T14:30:00+00:00,775.4500122,775.8599854,774.8900146,775.7150269,3043220
2026-08-17T15:30:00+00:00,775.7150269,775.8200073,774.710022,775.289978,2480472
2026-08-17T16:30:00+00:00,775.2999878,775.4099731,773.4699707,773.5800171,2932105
2026-08-17T17:30:00+00:00,773.5700073,773.8599854,773.0999756,773.5900269,3486505
2026-08-17T18:30:00+00:00,773.5800171,773.8200073,773.1199951,773.1199951,3522124
2026-08-17T19:30:00+00:00,773.1300049,773.3599854,772.5100098,772.6799927,8585280
2026-08-17T20:00:00+00:00,772.68,776.4777,772.22,772.395,0
2026-08-17T21:00:00+00:00,772.4074,776.43,772.14,772.5365,0
2026-08-17T22:00:00+00:00,772.5,772.71,772.17,772.4497,0
2026-08-17T23:00:00+00:00,772.4368,772.7,772.24,772.65,0
2026-08-18T08:00:00+00:00,769.08,772.67,767.8,768.6634,0
2026-08-18T09:00:00+00:00,768.65,769.19,768.3801,768.67,0
2026-08-18T10:00:00+00:00,768.64,769.22,768.285,769.07,0
2026-08-18T11:00:00+00:00,769.0792,772.67,768.24994,769.55,0
2026-08-18T12:00:00+00:00,769.55,769.89,769.22,769.31,0
2026-08-18T13:00:00+00:00,769.3,772.67,768.9,769.1114,0
2026-08-18T13:30:00+00:00,768.7000122,769.5,767.6300049,768.6599731,8792803
2026-08-18T14:30:00+00:00,768.6400146,769.25,767.3300171,767.8400269,4725596
2026-08-18T15:30:00+00:00,767.8549805,768.8699951,767.5999756,768.210022,2955402
2026-08-18T16:30:00+00:00,768.1900024,768.8699951,768.0700073,768.2999878,2213139
2026-08-18T17:30:00+00:00,768.289978,768.5650024,767.4500122,768.3599854,3706687
2026-08-18T18:30:00+00:00,768.3549805,768.4299927,767.5599976,768.0200195,3197219
2026-08-18T19:30:00+00:00,768.0150146,768.2199707,766.9249878,767.3900146,9875618
2026-08-18T20:00:00+00:00,767.44,772.4348,767.1,767.285,0
2026-08-18T21:00:00+00:00,767.37,767.5,724.4953,767.37,0
2026-08-18T22:00:00+00:00,767.34,767.73,766.73,766.75,0
2026-08-18T23:00:00+00:00,766.7903,767.4,766.68,767.08,0
2026-08-19T08:00:00+00:00,767.45,768.24,765.86,768.18,0
2026-08-19T09:00:00+00:00,768.16,768.16,767.48,767.48,0
2026-08-19T10:00:00+00:00,767.53,767.67,767.0212,767.32,0
2026-08-19T11:00:00+00:00,767.3701,768,767.25,767.79,0
2026-08-19T12:00:00+00:00,767.79,768.12,766.99,767.7425,0
2026-08-19T13:00:00+00:00,767.79,771.8324,767.45,770.9,0
2026-08-19T13:30:00+00:00,770.3599854,770.6300049,768.0999756,770.0300293,7718112
2026-08-19T14:30:00+00:00,769.9799805,772.4699707,769.8101807,771.1087036,3916155
2026-08-19T15:30:00+00:00,771.1300049,771.9899902,770.0700073,770.6699829,3117626
2026-08-19T16:30:00+00:00,770.6799927,770.7550049,769.0200195,769.5700073,3446573
2026-08-19T17:30:00+00:00,769.5800171,770.5499878,768.960022,769.5800171,2804514
2026-08-19T18:30:00+00:00,769.5800171,770.0900269,769.4299927,769.6300049,3816869
2026-08-19T19:30:00+00:00,769.6500244,770.3800049,768.2000122,769.0900269,7792943
2026-08-19T20:00:00+00:00,769.07,769.235,766.875,769.05,0
2026-08-19T21:00:00+00:00,769.03,769.199,732.0496,769.18,0
2026-08-19T22:00:00+00:00,769.18,770.29,769.15,770.2488,0
2026-08-19T23:00:00+00:00,770.1976,770.59,770.01,770.0114,0
2026-08-20T08:00:00+00:00,770.1,770.64,768.33,768.41,0
2026-08-20T09:00:00+00:00,768.43,768.84,767.7,768.589,0
2026-08-20T10:00:00+00:00,768.58,769.02,768.29,768.88,0
2026-08-20T11:00:00+00:00,768.85,769.46,767.5504,767.57,0
2026-08-20T12:00:00+00:00,767.6,768.484,764.6187,764.84,0
2026-08-20T13:00:00+00:00,764.93,769.94,764.15,765.57,0
2026-08-20T13:30:00+00:00,765.960022,767.75,765.3599854,766.2199707,7243617
2026-08-20T14:30:00+00:00,766.2050171,768.1500244,765.9299927,766.75,5454696
2026-08-20T15:30:00+00:00,766.7399902,766.8699951,765.2299805,765.7449951,3494078
2026-08-20T16:30:00+00:00,765.7399902,766.6400146,764.710022,764.7800293,3195100
2026-08-20T17:30:00+00:00,764.7800293,765.0100098,763.1500244,763.5599976,4007630
2026-08-20T18:30:00+00:00,763.5650024,763.8499756,763.1699829,763.4899902,4737117
2026-08-20T19:30:00+00:00,763.4799805,763.6500244,762.039978,762.6400146,10764600
2026-08-20T20:00:00+00:00,762.65,768.8923,761.99,762.984,0
2026-08-20T21:00:00+00:00,762.95,763.23,710.8529,763.14,0
2026-08-20T22:00:00+00:00,763.16,763.54,762.57,763.1304,0
2026-08-20T23:00:00+00:00,763.1297,763.15,762.6565,762.86,0
2026-08-21T08:00:00+00:00,764.69,766.6,762.6,764.82,0
2026-08-21T09:00:00+00:00,764.84,765.31,764.67,764.99,0
2026-08-21T10:00:00+00:00,765,765.64,764.87,765.295,0
2026-08-21T11:00:00+00:00,765.31,766.24,762.6,766.061,0
2026-08-21T12:00:00+00:00,766.07,766.48,765.7377,766.48,0
2026-08-21T13:00:00+00:00,766.48,766.85,765.51,765.6161,0
2026-08-21T13:30:00+00:00,766.0499878,766.1400146,764.1699829,764.6500244,8196500
2026-08-21T14:30:00+00:00,764.6500244,766.4099731,764.2150269,765.9550171,3933001
2026-08-21T15:30:00+00:00,765.960022,767.8499756,765.8200073,766.5150146,7924032
2026-08-21T16:30:00+00:00,766.5100098,766.5700073,765.7050171,765.7999878,2942505
2026-08-21T17:30:00+00:00,765.8200073,765.9000244,765.2600098,765.2849731,1961484
2026-08-21T18:30:00+00:00,765.2700195,766.3649902,765.0599976,766.0499878,3759870
2026-08-21T19:30:00+00:00,766.0499878,766.7999878,765.3400269,765.6500244,5960378
2026-08-21T20:00:00+00:00,765.66,765.72,765.2,765.27,0
2026-08-21T21:00:00+00:00,765.23,766.51,759.3482,766.38,0
2026-08-21T22:00:00+00:00,766.3807,767.4068,766.33,767.2459,0
2026-08-21T23:00:00+00:00,767.13,767.2329,766.66,767,0
2026-08-24T08:00:00+00:00,764.14,767.19,763.48,764.33,0
2026-08-24T09:00:00+00:00,764.31,764.99,764.26,764.4288,0
2026-08-24T10:00:00+00:00,764.4292,764.8387,763.62,764.15,0
2026-08-24T11:00:00+00:00,764.1885,765.72,763.0112,763.58,0
2026-08-24T12:00:00+00:00,763.6,765.22,763.6,764.6766,0
2026-08-24T13:00:00+00:00,764.6655,765.72,763.53,764.3,0
2026-08-24T13:30:00+00:00,764.7800293,764.8099976,762.0800171,762.9199829,7717838
2026-08-24T14:30:00+00:00,762.9199829,764.1099854,762.3699951,763.7401123,5579935
2026-08-24T15:30:00+00:00,763.7399902,765.2199707,763.4000244,764.8900146,2992867
2026-08-24T16:30:00+00:00,764.9099731,765,763.335022,763.4000244,2448660
2026-08-24T17:30:00+00:00,763.3800049,764.8400269,763.0499878,764.7999878,2635341
2026-08-24T18:30:00+00:00,764.7999878,765.1099854,763.8099976,763.960022,2375469
2026-08-24T19:30:00+00:00,763.960022,764.2399902,763.3499756,763.4799805,4502031
2026-08-24T20:00:00+00:00,763.45,765.5914,763.25,764.02,0
2026-08-24T21:00:00+00:00,764,764.1,724.228,764,0
2026-08-24T22:00:00+00:00,764,764.29,763.47,764.0183,0
2026-08-24T23:00:00+00:00,764.0014,764.1097,763.35,763.6496,0
2026-08-25T08:00:00+00:00,764.4,766.615,763.47,765.829,0
2026-08-25T09:00:00+00:00,765.81,766.73,765.571,766.569,0
2026-08-25T10:00:00+00:00,766.57,768.4,766.52,767.0161,0
2026-08-25T11:00:00+00:00,767,767.08,763.47,766.58,0
2026-08-25T12:00:00+00:00,766.58,767.56,766.5,767.19,0
2026-08-25T13:00:00+00:00,767.19,767.19,763.47,766.52,0
2026-08-25T13:30:00+00:00,766.1599731,766.7800293,764.6799927,764.7000122,5513713
2026-08-25T14:30:00+00:00,764.7000122,765.3900146,763.0501099,765.3099976,3872356
2026-08-25T15:30:00+00:00,765.3200073,765.8499756,764.5999756,765.7600098,2818368
2026-08-25T16:30:00+00:00,765.75,765.9500122,764.6300049,764.8200073,1879373
2026-08-25T17:30:00+00:00,764.8200073,765.1599731,764.7199707,764.9699707,2815280
2026-08-25T18:30:00+00:00,764.9699707,765.8699951,764.8699951,765.1500244,3501430
2026-08-25T19:30:00+00:00,765.1699829,766.2199707,765.0100098,765.835022,4402843
2026-08-25T20:00:00+00:00,765.82,766.28,765.26,765.85,0
2026-08-25T21:00:00+00:00,765.82,766.125,765.62,766.0054,0
2026-08-25T22:00:00+00:00,765.99,766.1,765.7963,765.9626,0
2026-08-25T23:00:00+00:00,765.9822,765.993,764.81,764.94,0
2026-08-26T08:00:00+00:00,765.63,765.9477,764.8415,765.651,0
2026-08-26T09:00:00+00:00,765.6585,765.8512,765.11,765.24,0
2026-08-26T10:00:00+00:00,765.42,765.7115,765.1832,765.19,0
2026-08-26T11:00:00+00:00,765.0992,766.18,765,765.763,0
2026-08-26T12:00:00+00:00,765.8,766.5,765.08,766.423,0
2026-08-26T13:00:00+00:00,766.15,766.43,764.44,764.9512,0
2026-08-26T13:30:00+00:00,764.7299805,766.960022,764.6799927,765.0800171,4481235
2026-08-26T14:30:00+00:00,765.0700073,766.4699707,764.9199829,765.8499756,2619262
2026-08-26T15:30:00+00:00,765.8400269,766.3099976,764.7299805,764.7999878,2611433
2026-08-26T16:30:00+00:00,764.7949829,765.7199707,763.9299927,765.6500244,2779033
2026-08-26T17:30:00+00:00,765.6500244,765.9799805,765.3499756,765.6099854,2266568
2026-08-26T18:30:00+00:00,765.6099854,767.3499756,765.5200195,766.8900146,3674064
2026-08-26T19:30:00+00:00,766.9000244,767.210022,765.4899902,766.0100098,5080542
2026-08-26T20:00:00+00:00,765.95,767.7168,764.65,767.69,0
2026-08-26T21:00:00+00:00,767.72,770.4,766.08,769.99,0
2026-08-26T22:00:00+00:00,769.99,770.8702,768.81,770.4132,0
2026-08-26T23:00:00+00:00,770.4115,770.69,770.11,770.6255,0
2026-08-27T08:00:00+00:00,769.1,770.29,766.08,770.29,0
2026-08-27T09:00:00+00:00,770.25,770.25,768.7587,769.29,0
2026-08-27T10:00:00+00:00,769.37,769.68,768.8,768.82,0
2026-08-27T11:00:00+00:00,768.85,769.8,766.08,769.0899,0
2026-08-27T12:00:00+00:00,769.06,769.4685,768.3432,769.1171,0
2026-08-27T13:00:00+00:00,769.1188,769.13,766.08,768.21,0
2026-08-27T13:30:00+00:00,768.5,769.8800049,767.1599731,769.6749878,8247943
2026-08-27T14:30:00+00:00,769.6998901,771.0999756,769.0599976,770.3150024,2911786
2026-08-27T15:30:00+00:00,770.3099976,770.9699707,769.3900146,770.9099731,2969743
2026-08-27T16:30:00+00:00,770.9099731,772.3549805,770.8200073,771.75,2858782
2026-08-27T17:30:00+00:00,771.75,772.0599976,769.2600098,769.460022,3207478
2026-08-27T18:30:00+00:00,769.4699707,770.2800293,769.1599731,769.9400024,4031698
2026-08-27T19:30:00+00:00,769.9450073,771.3599854,769.8699951,771.039978,5493749
2026-08-27T20:00:00+00:00,771.035,771.2752,770,770.22,0
2026-08-27T21:00:00+00:00,770.15,771.1,719.8657,770.3,0
2026-08-27T22:00:00+00:00,770.29,770.3782,769.65,770.1269,0
2026-08-27T23:00:00+00:00,770.1212,770.19,769.62,769.79,0
2026-08-28T08:00:00+00:00,771.5,771.55,770.2585,771.039,0
2026-08-28T09:00:00+00:00,771.04,771.62,770.7692,771.0432,0
2026-08-28T10:00:00+00:00,771.02,771.1786,770.85,771.06,0
2026-08-28T11:00:00+00:00,771.07,771.4,770.77,771.31,0
2026-08-28T12:00:00+00:00,771.33,772.149,771,772.07,0
2026-08-28T13:00:00+00:00,772.08,772.555,771.4682,772.0905,0
2026-08-28T13:30:00+00:00,771.7600098,773.1300049,769.7700195,771.2999878,6970685
2026-08-28T14:30:00+00:00,771.2999878,775.2999878,770.9000244,774.9500122,5087132
2026-08-28T15:30:00+00:00,774.9699707,775,769.1400146,769.5999756,5024393
2026-08-28T16:30:00+00:00,769.5999756,770.7000122,768.3076172,768.8200073,3734084
2026-08-28T17:30:00+00:00,768.8400269,769.7999878,768.5999756,769.0599976,2077832
2026-08-28T18:30:00+00:00,769.0499878,769.5900269,768.3099976,769.5150146,3311775
2026-08-28T19:30:00+00:00,769.5100098,769.8800049,769.0200195,769.3800049,6017243
2026-08-28T20:00:00+00:00,769.35,771.2915,769.0192,769.4925,0
2026-08-28T21:00:00+00:00,769.48,787.5169,769.05,769.3,0
2026-08-28T22:00:00+00:00,769.4099,769.41,769.05,769.3414,0
2026-08-28T23:00:00+00:00,769.3482,775.53,769.25,769.35,0
2026-08-31T08:00:00+00:00,768.78,768.88,766.29,768.43,0
2026-08-31T09:00:00+00:00,768.43,768.7487,768.2,768.58,0
2026-08-31T10:00:00+00:00,768.529,768.529,767.7215,768.1087,0
2026-08-31T11:00:00+00:00,768.05,769.35,767.8651,768.24,0
2026-08-31T12:00:00+00:00,768.18,768.19,766.45,767.01,0
2026-08-31T13:00:00+00:00,767,769.35,766.34,767.03,0
2026-08-31T13:30:00+00:00,767.3300171,767.6199951,764.7150269,764.9299927,6259813
2026-08-31T14:30:00+00:00,764.8850098,766.460022,764.7999878,765.9400024,2886292
2026-08-31T15:30:00+00:00,765.9500122,766.3400269,764.9799805,765.9000244,2406276
2026-08-31T16:30:00+00:00,765.8948975,766.0599976,765.1900024,765.4199829,1973206
2026-08-31T17:30:00+00:00,765.4249878,766.8400269,765.1699829,766.2999878,2261205
2026-08-31T18:30:00+00:00,766.2999878,766.75,765.0499878,766.6350098,3819417
2026-08-31T19:30:00+00:00,766.6199951,767.9949951,766.1799927,766.9500122,10900072
2026-08-31T20:00:00+00:00,766.94,769.4122,766.7056,767.31,0
2026-08-31T21:00:00+00:00,767.3165,767.45,767.05,767.3673,0
2026-08-31T22:00:00+00:00,767.36,767.4685,767.21,767.3162,0
2026-08-31T23:00:00+00:00,767.3,767.6831,767.251,767.5499,0
2026-09-01T08:00:00+00:00,766.36,767.86,763.755,763.8191,0
2026-09-01T09:00:00+00:00,763.83,764.15,762.19,762.3807,0
2026-09-01T10:00:00+00:00,762.48,764,762.28,763.3487,0
2026-09-01T11:00:00+00:00,763.38,767.05,762.56,763.0488,0
2026-09-01T12:00:00+00:00,763.0489,767.05,762.15,762.594,0
2026-09-01T13:00:00+00:00,762.55,767.05,761.41,761.6973,0
2026-09-01T13:30:00+00:00,762.0100098,764,761.1799927,763.7694702,6979748
2026-09-01T14:30:00+00:00,763.7600098,764.5499878,762.6699829,763.5900269,3818319
2026-09-01T15:30:00+00:00,763.5900269,764.6699829,762.289978,762.539917,3818413
2026-09-01T16:30:00+00:00,762.539978,762.6300049,760.7299805,761.6799927,3533088
2026-09-01T17:30:00+00:00,761.6799927,762.2299805,761.0700073,761.210022,3338785
2026-09-01T18:30:00+00:00,761.2199097,761.6099854,759.4799805,761.3599854,5374347
2026-09-01T19:30:00+00:00,761.3999023,761.75,760.5800171,761.7000122,6577184
2026-09-01T20:00:00+00:00,761.64,766.926,761.33,761.927,0
2026-09-01T21:00:00+00:00,761.9599,762.15,716.8094,761.7751,0
2026-09-01T22:00:00+00:00,761.77,762.07,761.44,761.8187,0
2026-09-01T23:00:00+00:00,761.77,762,761.67,761.91,0
2026-09-02T08:00:00+00:00,761.52,762.07,760.502,761.05,0
2026-09-02T09:00:00+00:00,761.04,761.28,759.71,759.93,0
2026-09-02T10:00:00+00:00,759.95,760.23,759.52,760.05,0
2026-09-02T11:00:00+00:00,760.06,761.78,759.26,760.99,0
2026-09-02T12:00:00+00:00,761.03,763.26,760.91,762.38,0
2026-09-02T13:00:00+00:00,762.33,762.43,761.35,761.7485,0
2026-09-02T13:30:00+00:00,762.4500122,765.585022,761.7299805,765.2700195,6180443
2026-09-02T14:30:00+00:00,765.2750244,766.4000244,764.9299927,766.2949829,3099611
2026-09-02T15:30:00+00:00,766.3250122,766.4299927,764.6900024,764.8499756,1997486
2026-09-02T16:30:00+00:00,764.8499756,765.4799805,764.460022,764.710022,1605764
2026-09-02T17:30:00+00:00,764.75,766.0899048,764.3499756,765.3200073,2589773
2026-09-02T18:30:00+00:00,765.3400269,765.5252075,764.5900269,765.4799805,3799607
2026-09-02T19:30:00+00:00,765.4699707,765.4849854,764.75,765.1500244,3858580
2026-09-02T20:00:00+00:00,765.19,765.58,711.4601,764.29,0
2026-09-02T21:00:00+00:00,764.35,765.23,711.4601,764.8999,0
2026-09-02T22:00:00+00:00,764.75,765.29,764.51,764.94,0
2026-09-02T23:00:00+00:00,764.94,765.45,764.8,765.37,0
2026-09-03T08:00:00+00:00,765.75,766.86,763.59,766.39,0
2026-09-03T09:00:00+00:00,766.36,766.36,765.6992,765.6992,0
2026-09-03T10:00:00+00:00,765.6895,765.78,764.44,764.53,0
2026-09-03T11:00:00+00:00,764.56,765.95,764.36,765.69,0
2026-09-03T12:00:00+00:00,765.69,765.8,764.21,765.47,0
2026-09-03T13:00:00+00:00,765.55,767.7819,765.16,767.63,0
2026-09-03T13:30:00+00:00,768.4299927,770.0449829,767.5300293,768.6699829,9104363
2026-09-03T14:30:00+00:00,768.6699829,772.9500122,767.4699707,772.9400024,5999619
2026-09-03T15:30:00+00:00,772.9400024,773.3200073,772.210022,772.4349976,4057792
2026-09-03T16:30:00+00:00,772.4500122,773.2299805,772.1199951,772.6687012,2306017
2026-09-03T17:30:00+00:00,772.6500244,774.0300293,772.647522,773.7299805,2980553
2026-09-03T18:30:00+00:00,773.7589722,773.9000244,773.1300049,773.4099731,4266194
2026-09-03T19:30:00+00:00,773.414978,773.5499878,772.7000122,773.1099854,7413346
2026-09-03T20:00:00+00:00,773.15,773.17,719.8657,772.41,0
2026-09-03T21:00:00+00:00,772.41,773.17,772.3248,772.52,0
2026-09-03T22:00:00+00:00,772.56,773.17,772.3,772.7062,0
2026-09-03T23:00:00+00:00,772.6771,772.84,772.5776,772.75,0
2026-09-04T08:00:00+00:00,774.02,774.27,773.17,773.9,0
2026-09-04T09:00:00+00:00,773.901,774.06,773.3,773.41,0
2026-09-04T10:00:00+00:00,773.4187,774.06,773.3315,773.91,0
2026-09-04T11:00:00+00:00,773.8892,774.1287,773.17,773.63,0
2026-09-04T12:00:00+00:00,773.6688,774.15,772.66,773.56,0
2026-09-04T13:00:00+00:00,774.01,774.1,770.5,771.66,0
2026-09-04T13:30:00+00:00,772.0100098,772.8699951,770.7600098,771.210022,7129843
2026-09-04T14:30:00+00:00,771.2050171,771.289978,769.0499878,769.4299927,4134177
2026-09-04T15:30:00+00:00,769.4799805,771.1500244,769,770.6599731,2571703
2026-09-04T16:30:00+00:00,770.6599731,771.3200073,769.7999878,769.8519897,2037262
2026-09-04T17:30:00+00:00,769.8499756,769.9899902,769.1300049,769.8800049,2723039
2026-09-04T18:30:00+00:00,769.8900146,770.3800049,769.5900269,770.0100098,3724303
2026-09-04T19:30:00+00:00,770,770.4799805,769.6300049,770.2399902,5883724
2026-09-04T20:00:00+00:00,770.25,770.3316,769.2237,769.45,0
2026-09-04T21:00:00+00:00,769.45,770.19,759.3482,769.85,0
2026-09-04T22:00:00+00:00,769.8467,769.9,769.07,769.8237,0
2026-09-04T23:00:00+00:00,769.82,774,768.27,769.55,0
2026-09-08T08:00:00+00:00,767.65,770.48,766.73,767.18,0
2026-09-08T09:00:00+00:00,766.9,767.92,766.8,767.83,0
2026-09-08T10:00:00+00:00,767.93,769.7,767.91,768.6,0
2026-09-08T11:00:00+00:00,768.66,768.66,767.29,767.75,0
2026-09-08T12:00:00+00:00,767.68,768.54,767.53,768.46,0
2026-09-08T13:00:00+00:00,768.47,769.4,768.45,769.28,0
2026-09-08T13:30:00+00:00,769.0700073,769.6900024,765.9899902,766.7000122,8113703
2026-09-08T14:30:00+00:00,766.7000122,768.3699951,766.4400024,767.8049927,3790656
2026-09-08T15:30:00+00:00,767.7999878,768.0800171,766.8099976,767.0999756,3409412
2026-09-08T16:30:00+00:00,767.0999756,768.1199951,766.5499878,767.4749756,2879595
2026-09-08T17:30:00+00:00,767.4899902,767.8900146,767.3150024,767.7650146,2380970
2026-09-08T18:30:00+00:00,767.7700195,767.789978,765.6699829,766.9799805,4521811
2026-09-08T19:30:00+00:00,766.9699707,767.1500244,765.1400146,765.9899902,8039756
2026-09-08T20:00:00+00:00,765.96,770.3516,765.33,765.8085,0
2026-09-08T21:00:00+00:00,765.76,770.0999,765.7,765.87,0
2026-09-08T22:00:00+00:00,765.88,766.18,765.61,766.18,0
2026-09-08T23:00:00+00:00,766.15,766.15,765.25,765.41,0
2026-09-09T08:00:00+00:00,766.82,767.13,766.06,766.53,0
2026-09-09T09:00:00+00:00,766.47,766.55,765.55,765.77,0
2026-09-09T10:00:00+00:00,765.73,765.84,763.605,764.2,0
2026-09-09T11:00:00+00:00,764.03,764.12,762.88,763.5677,0
2026-09-09T12:00:00+00:00,763.65,764.34,762.49,762.75,0
2026-09-09T13:00:00+00:00,762.66,763.95,762.64,763.641,0
2026-09-09T13:30:00+00:00,764.0800171,764.3800049,762.4899902,763.9799805,5721475
2026-09-09T14:30:00+00:00,763.9699707,764.4699707,760.9400024,761.539978,4021412
2026-09-09T15:30:00+00:00,761.5401001,763.0957031,761.3200073,761.6300049,3137562
2026-09-09T16:30:00+00:00,761.6149902,763.289978,761.5800171,762.9199829,2464606
2026-09-09T17:30:00+00:00,762.9299927,763.3200073,762.2800293,762.8400269,2394831
2026-09-09T18:30:00+00:00,762.8449707,763.409729,762.5900269,763.0999756,3096545
2026-09-09T19:30:00+00:00,763.0999756,763.210022,762.0999756,762.3900146,7380266
2026-09-09T20:00:00+00:00,762.35,765.8875,762.1759,762.76,0
2026-09-09T21:00:00+00:00,762.78,762.93,762.19,762.61,0
2026-09-09T22:00:00+00:00,762.61,763.02,762.6,762.67,0
2026-09-09T23:00:00+00:00,762.63,763.25,762.55,763.14,0
2026-09-10T08:00:00+00:00,764.06,764.6,763.59,763.92,0
2026-09-10T09:00:00+00:00,764.02,764.05,763.1,763.1,0
2026-09-10T10:00:00+00:00,763.05,763.5,762.715,763.18,0
2026-09-10T11:00:00+00:00,763.12,763.7,762.3546,762.43,0
2026-09-10T12:00:00+00:00,762.42,762.9,760.48,760.55,0
2026-09-10T13:00:00+00:00,760.44,761.12,757.9,758.19,0
2026-09-10T13:30:00+00:00,758.0300293,760.1099854,756.6400146,758.710022,13089113
2026-09-10T14:30:00+00:00,758.7150269,759.5999756,758.430481,759.1849976,5581235
2026-09-10T15:30:00+00:00,759.1900024,759.9699707,757.789978,758.085022,3338298
2026-09-10T16:30:00+00:00,758.0800171,759.8499756,757.2600098,758.5900269,3300685
2026-09-10T17:30:00+00:00,758.5800171,758.7700195,757.4699707,757.6900024,2667868
2026-09-10T18:30:00+00:00,757.6699829,758.3900146,757.2598877,757.6149902,4170025
2026-09-10T19:30:00+00:00,757.6099854,758.289978,757.4400024,757.8800049,6478162
2026-09-10T20:00:00+00:00,757.83,762.2675,757.58,758.12,0
2026-09-10T21:00:00+00:00,758.17,758.49,757.6,758.44,0
2026-09-10T22:00:00+00:00,758.32,758.7438,757.84,757.98,0
2026-09-10T23:00:00+00:00,758.07,758.2,757.47,757.5286,0
2026-09-11T08:00:00+00:00,759.96,762.6,758.17,761.41,0
2026-09-11T09:00:00+00:00,761.42,762.94,761.42,762.16,0
2026-09-11T10:00:00+00:00,762.19,762.74,761.89,762.3,0
2026-09-11T11:00:00+00:00,762.35,762.56,761.82,762.19,0
2026-09-11T12:00:00+00:00,762.19,763.78,761.78,763.5,0
2026-09-11T13:00:00+00:00,763.24,766.53,760.39,764.9501,0
2026-09-11T13:30:00+00:00,764.7199707,766.3800049,764.2249756,765.7299805,9896504
2026-09-11T14:30:00+00:00,765.75,766.2399902,763.5999756,766,4650897
2026-09-11T15:30:00+00:00,765.9799805,766.2700195,764.8699951,764.9199829,4555860
2026-09-11T16:30:00+00:00,764.9400024,766.3300171,764.8099976,765.9949951,4493751
2026-09-11T17:30:00+00:00,765.9949951,766.2600098,765.1400146,765.4099731,3715871
2026-09-11T18:30:00+00:00,765.4199829,765.5800171,764.5499878,765.0200195,4066345
2026-09-11T19:30:00+00:00,765.0250244,765.1300049,764.039978,764.1799927,8516463
2026-09-11T20:00:00+00:00,764.18,765.1261,757.8492,764.38,0
2026-09-11T21:00:00+00:00,764.29,764.63,764,764.41,0
2026-09-11T22:00:00+00:00,764.42,764.8515,764.3,764.53,0
2026-09-11T23:00:00+00:00,764.53,764.687,764.35,764.48,0
2026-09-14T08:00:00+00:00,759.72,760.8,758.77,758.9,0
2026-09-14T09:00:00+00:00,758.78,759.39,757.77,758.37,0
2026-09-14T10:00:00+00:00,758.26,758.84,757.82,758.75,0
2026-09-14T11:00:00+00:00,758.77,760.05,758.73,760.05,0
2026-09-14T12:00:00+00:00,760.0036,760.11,759,759.33,0
2026-09-14T13:00:00+00:00,759.32,764.29,758.04,759,0
2026-09-14T13:30:00+00:00,759,761.1149902,758.2299805,758.8400269,7891252
2026-09-14T14:30:00+00:00,758.8250122,759.8952026,757.9299927,759.5949707,4936022
2026-09-14T15:30:00+00:00,759.5499878,762.5999756,759.4500122,762.0200195,4618465
2026-09-14T16:30:00+00:00,762.0100098,763.5200195,761.8300171,762.6799927,2920398
2026-09-14T17:30:00+00:00,762.7150269,762.8699951,761.9174805,762.0108032,3422750
2026-09-14T18:30:00+00:00,762.039978,762.7000122,761.6099854,761.7249756,9034005
2026-09-14T19:30:00+00:00,761.7249756,761.9299927,760.6599731,760.7700195,6762840
2026-09-14T20:00:00+00:00,760.78,764.3778,727.9723,761.49,0
2026-09-14T21:00:00+00:00,761.4164,761.4164,727.9723,761.2,0
2026-09-14T22:00:00+00:00,761.29,761.44,761.05,761.171,0
2026-09-14T23:00:00+00:00,761.171,761.25,760.9501,761.13,0
2026-09-15T08:00:00+00:00,759,760.08,756.22,757.1,0
2026-09-15T09:00:00+00:00,757.05,757.13,756.3,756.86,0
2026-09-15T10:00:00+00:00,756.96,758.765,756.845,758.48,0
2026-09-15T11:00:00+00:00,758.49,760,758.49,759.51,0
2026-09-15T12:00:00+00:00,759.4873,760.11,759.35,759.88,0
2026-09-15T13:00:00+00:00,759.95,761.4,759.69,760.55,0
2026-09-15T13:30:00+00:00,760.1170044,760.3400269,757.1799927,757.4799805,6897799
2026-09-15T14:30:00+00:00,757.4699707,757.6500244,756.1500244,757.4799805,5350633
2026-09-15T15:30:00+00:00,757.4799805,757.8699951,756.6300049,757.5750122,3156098
2026-09-15T16:30:00+00:00,757.5800171,758.0599976,756.5999756,756.8800049,2972004
2026-09-15T17:30:00+00:00,756.8599854,757.9349976,756.8150024,757.6699829,2083828
2026-09-15T18:30:00+00:00,757.6599731,757.6599731,756.7399902,756.9849854,9538179
2026-09-15T19:30:00+00:00,756.9799805,757.460022,756.5100098,757.4199829,6632344
2026-09-15T20:00:00+00:00,757.36,760.16,757.36,758.05,0
2026-09-15T21:00:00+00:00,758.05,758.07,757.39,757.89,0
2026-09-15T22:00:00+00:00,757.96,758.37,757.86,758.36,0
2026-09-15T23:00:00+00:00,758.3019,758.35,757.99,758.23,0
2026-09-16T08:00:00+00:00,758.95,759.54,758.16,758.42,0
2026-09-16T09:00:00+00:00,758.75,759.15,758.41,758.6,0
2026-09-16T10:00:00+00:00,758.59,759.31,758.59,759.08,0
2026-09-16T11:00:00+00:00,759.08,759.96,759,759.45,0
2026-09-16T12:00:00+00:00,759.38,760.51,759.35,760.165,0
2026-09-16T13:00:00+00:00,760.14,760.21,758.87,759.89,0
2026-09-16T13:30:00+00:00,759.539978,760.4299927,758.7230225,758.960022,5888196
2026-09-16T14:30:00+00:00,758.9738159,761.0300293,758.7999878,760.3400879,4203191
2026-09-16T15:30:00+00:00,760.3699951,761.6699829,759.8599854,760.1400146,3050881
2026-09-16T16:30:00+00:00,760.1300049,760.2199707,759.2600098,759.9299927,2179494
2026-09-16T17:30:00+00:00,759.9349976,761.2249756,758.7700195,759.6799927,5298056
2026-09-16T18:30:00+00:00,759.6400146,760.210022,749.5999756,751.2600098,16431381
2026-09-16T19:30:00+00:00,751.2399902,754.3699951,751.1099854,754.0700073,12943928
2026-09-16T20:00:00+00:00,754.07,759.87,753.68,754.09,0
2026-09-16T21:00:00+00:00,754.1,754.44,753.9801,754.3223,0
2026-09-16T22:00:00+00:00,754.34,755.84,753.7,755.4806,0
2026-09-16T23:00:00+00:00,755.5,757.47,755.4248,757.4662,0
2026-09-17T08:00:00+00:00,759.36,760.69,754.05,759.625,0
2026-09-17T09:00:00+00:00,759.62,760.72,759.47,760.19,0
2026-09-17T10:00:00+00:00,760.1995,760.75,759.95,760.6,0
2026-09-17T11:00:00+00:00,760.56,760.87,754.05,760.47,0
2026-09-17T12:00:00+00:00,760.4,763.45,660.65,763.43,0
2026-09-17T13:00:00+00:00,763.41,764,763.13,763.43,0
2026-09-17T13:30:00+00:00,763.1500244,763.4099731,759.960022,761.6749878,10332799
2026-09-17T14:30:00+00:00,761.6699829,762.2199707,760.3599854,761.5700073,4601509
2026-09-17T15:30:00+00:00,761.5700073,762.6300049,761.4849854,762.5300293,3172677
2026-09-17T16:30:00+00:00,762.5100098,762.7999268,761.6099854,762.0349731,2785967
2026-09-17T17:30:00+00:00,762.0599976,762.9500122,761.9000244,762.7299805,2699034
2026-09-17T18:30:00+00:00,762.7299805,763.0599976,762.1400146,762.6099243,4189085
2026-09-17T19:30:00+00:00,762.5999756,763.5700073,762.4299927,762.6799927,8823848
2026-09-17T20:00:00+00:00,762.63,763.33,710.8529,762.21,0
2026-09-17T21:00:00+00:00,762.2249,762.6,725.9677,762.315,0
2026-09-17T22:00:00+00:00,762.31,762.315,761.64,761.85,0
2026-09-17T23:00:00+00:00,761.88,762.18,761.88,762.0785,0
2026-09-18T08:00:00+00:00,763.2,764.16,761.602,762.86,0
2026-09-18T09:00:00+00:00,762.82,763.25,762.6292,762.69,0
2026-09-18T10:00:00+00:00,762.66,762.66,761.9407,762.21,0
2026-09-18T11:00:00+00:00,762.2514,762.8775,761.48,761.6056,0
2026-09-18T12:00:00+00:00,761.6026,762.1,760,760.2,0
2026-09-18T13:00:00+00:00,760.23,760.7112,760.08,760.45,0
2026-09-18T13:30:00+00:00,761.3099976,761.7600098,758.75,759.3399048,13609453
2026-09-18T14:30:00+00:00,759.3200073,760.0598755,758.8499756,759.9799805,16233569
2026-09-18T15:30:00+00:00,759.9699707,760.0700073,757.9710083,758.7800293,3859480
2026-09-18T16:30:00+00:00,758.7600098,759.579895,758.5700073,759.4000244,6497274
2026-09-18T17:30:00+00:00,759.4050293,760.6099854,759.2299805,760.4699707,2989342
2026-09-18T18:30:00+00:00,760.4799805,761.8300171,760.2338257,760.8599854,3677404
2026-09-18T19:30:00+00:00,760.8699951,762,760.6799927,761.6300049,8483020
2026-09-18T20:00:00+00:00,761.6,763.1702,760.7421,762.74,0
2026-09-18T21:00:00+00:00,762.7486,763.22,759.3482,762.9,0
2026-09-18T22:00:00+00:00,762.784,773.87,762.7001,762.8005,0
2026-09-18T23:00:00+00:00,762.8647,762.99,762.77,762.94,0
